date,cash,hold_cash,shares,receivable,hold_receivable,tax_reserve,fee,tax,payment,hold_payment,deposit,external,equity,hold_equity,relative,pool_ex_external,relative_cash_pool
2020-01-02,18337.8911476,0.0,0,0,0,0.0,23.7288524,0.0,0.0,0.0,0.0,0.0,18337.8911476,18380.0,-42.108852400000615,18337.8911476,18337.8911476
2020-01-03,0.0,175.96902219999902,1000,0,0,0.0,5.3701698,0.0,0.0,0.0,175.96902219999902,175.96902219999902,18220.0,18395.9690222,-175.96902219999902,-175.96902219999902,-175.96902219999902
2020-01-06,17858.860257999997,175.96902219999902,0,0,0,0.0,23.239742,0.0,0.0,0.0,0.0,175.96902219999902,17858.860257999997,18075.9690222,-217.10876420000204,17682.891235799998,17682.891235799998
2020-01-07,0.0,260.38752260000183,1000,0,0,0.0,5.3587584,0.0,0.0,0.0,84.41850040000281,260.38752260000183,17860.0,18120.387522600002,-260.38752260000183,-260.38752260000183,-260.38752260000183
2020-01-08,17479.6274704,260.38752260000183,0,0,0,0.0,22.8525296,0.0,0.0,0.0,0.0,260.38752260000183,17479.6274704,17780.387522600002,-300.760052200003,17219.239947799997,17219.239947799997
2020-01-09,0.0,453.7634051999994,1000,0,0,0.0,5.353353,0.0,0.0,0.0,193.37588259999757,453.7634051999994,18300.0,18753.7634052,-453.7634051999994,-453.7634051999994,-453.7634051999994
2020-01-10,17988.5977906,453.7634051999994,0,0,0,0.0,23.372209400000003,0.0,0.0,0.0,0.0,453.7634051999994,17988.5977906,18483.7634052,-495.16561459999866,17534.8343854,17534.8343854
2020-01-13,0.0,508.54637499999444,1000,0,0,0.0,5.3607604,0.0,0.0,0.0,54.782969799995044,508.54637499999444,18610.0,19118.546374999994,-508.54637499999444,-508.54637499999444,-508.54637499999444
2020-01-14,18347.8709578,508.54637499999444,0,0,0,0.0,23.739042200000004,0.0,0.0,0.0,0.0,508.54637499999444,18347.8709578,18898.546374999994,-550.6754171999928,17839.324582800007,17839.324582800007
2020-01-15,0.0,534.3927841999903,1000,0,0,0.0,5.367367,0.0,0.0,0.0,25.846409199995833,534.3927841999903,18700.0,19234.39278419999,-534.3927841999903,-534.3927841999903,-534.3927841999903
2020-01-16,18367.8305782,534.3927841999903,0,0,0,0.0,23.759421800000002,0.0,0.0,0.0,0.0,534.3927841999903,18367.8305782,18944.39278419999,-576.5622059999914,17833.43779400001,17833.43779400001
2020-01-17,0.0,600.3407741999872,1000,0,0,0.0,5.3685682,0.0,0.0,0.0,65.94798999999693,600.3407741999872,18990.0,19590.340774199987,-600.3407741999872,-600.3407741999872,-600.3407741999872
2020-01-20,19295.9529268,600.3407741999872,0,0,0,0.0,24.7070732,0.0,0.0,0.0,0.0,600.3407741999872,19295.9529268,19940.340774199987,-644.3878473999866,18695.612152600013,18695.612152600013
2020-01-21,71.36854280000261,600.3407741999872,1000,0,0,0.0,5.384384,0.0,0.0,0.0,0.0,600.3407741999872,19161.368542800003,19690.340774199987,-528.9722313999846,-528.9722313999846,-528.9722313999846
2020-01-22,20874.272809800004,600.3407741999872,0,0,0,0.0,26.245733,0.0,0.0,0.0,0.0,600.3407741999872,20874.272809800004,21450.340774199987,-576.0679643999829,20273.932035600017,20273.932035600017
2020-01-23,348.36239980000755,600.3407741999872,1000,0,0,0.0,5.41041,0.0,0.0,0.0,0.0,600.3407741999872,20348.362399800008,20600.340774199987,-251.97837439997966,-251.97837439997966,-251.97837439997966
2020-02-03,348.36239980000755,600.3407741999872,1000,0,0,0.0,0.0,0.0,0.0,0.0,0.0,600.3407741999872,18348.362399800008,18600.340774199987,-251.97837439997966,-251.97837439997966,-251.97837439997966
2020-02-04,18326.980380200006,600.3407741999872,0,0,0,0.0,23.3620196,0.0,0.0,0.0,0.0,600.3407741999872,18326.980380200006,18620.340774199987,-293.36039399998117,17726.63960600002,17726.63960600002
2020-02-05,143.45681700000932,600.3407741999872,1000,0,0,0.0,5.3635632,0.0,0.0,0.0,0.0,600.3407741999872,18833.45681700001,19290.340774199987,-456.8839571999779,-456.8839571999779,-456.8839571999779
2020-02-06,19020.25771540001,600.3407741999872,0,0,0,0.0,24.279101600000004,0.0,0.0,0.0,0.0,600.3407741999872,19020.25771540001,19520.340774199987,-500.08305879997715,18419.916941200023,18419.916941200023
2020-02-07,0.0,1505.3814567999761,1000,0,0,0.0,5.398398,0.0,0.0,0.0,905.0406825999889,1505.3814567999761,19300.0,20805.381456799976,-1505.3814567999761,-1505.3814567999761,-1505.3814567999761
2020-02-10,18866.8210882,1505.3814567999761,0,0,0,0.0,24.2689118,0.0,0.0,0.0,0.0,1505.3814567999761,18866.8210882,20415.381456799976,-1548.5603685999777,17361.439631400022,17361.439631400022
2020-02-11,32.63451200000054,1505.3814567999761,1000,0,0,0.0,5.3765762,0.0,0.0,0.0,0.0,1505.3814567999761,19262.634512,20735.381456799976,-1472.7469447999756,-1472.7469447999756,-1472.7469447999756
2020-02-12,19138.971045,1505.3814567999761,0,0,0,0.0,24.513467,0.0,0.0,0.0,0.0,1505.3814567999761,19138.971045,20655.381456799976,-1516.4104117999777,17633.589588200022,17633.589588200022
2020-02-13,4.47846280000158,1505.3814567999761,1000,0,0,0.0,5.3825822,0.0,0.0,0.0,0.0,1505.3814567999761,18424.4784628,19925.381456799976,-1500.9029939999746,-1500.9029939999746,-1500.9029939999746
2020-02-14,18312.4301798,1505.3814567999761,0,0,0,0.0,23.698283000000004,0.0,0.0,0.0,0.0,1505.3814567999761,18312.4301798,19855.381456799976,-1542.9512769999747,16807.048723000025,16807.048723000025
2020-02-17,0.0,1656.7604457999732,1000,0,0,0.0,5.3691688,0.0,0.0,0.0,151.3789889999971,1656.7604457999732,19190.0,20846.760445799973,-1656.7604457999732,-1656.7604457999732,-1656.7604457999732
2020-02-18,18806.942227000003,1656.7604457999732,0,0,0,0.0,24.207773000000003,0.0,0.0,0.0,0.0,1656.7604457999732,18806.942227000003,20506.760445799973,-1699.81821879997,17150.18178120003,17150.18178120003
2020-02-19,132.91885400000683,1656.7604457999732,1000,0,0,0.0,5.373373,0.0,0.0,0.0,0.0,1656.7604457999732,18622.918854000007,20146.760445799973,-1523.8415917999664,-1523.8415917999664,-1523.8415917999664
2020-02-20,18899.941840200005,1656.7604457999732,0,0,0,0.0,24.1670138,0.0,0.0,0.0,0.0,1656.7604457999732,18899.941840200005,20466.760445799973,-1566.8186055999686,17243.18139440003,17243.18139440003
2020-02-21,205.89806680000765,1656.7604457999732,1000,0,0,0.0,5.3737734,0.0,0.0,0.0,0.0,1656.7604457999732,19805.898066800008,21256.760445799973,-1450.8623789999656,-1450.8623789999656,-1450.8623789999656
2020-02-24,20300.23580960001,1656.7604457999732,0,0,0,0.0,25.522257200000002,0.0,0.0,0.0,0.0,1656.7604457999732,20300.23580960001,21796.760445799973,-1496.5246361999634,18643.475363800037,18643.475363800037
2020-02-25,625.1924166000135,1656.7604457999732,1000,0,0,0.0,5.393393,0.0,0.0,0.0,0.0,1656.7604457999732,20585.192416600014,21616.760445799973,-1031.5680291999597,-1031.5680291999597,-1031.5680291999597
2020-02-26,19292.417300800014,1656.7604457999732,0,0,0,0.0,24.0651158,0.0,0.0,0.0,0.0,1656.7604457999732,19292.417300800014,20366.760445799973,-1074.343144999959,17635.65685500004,17635.65685500004
2020-02-27,628.4041280000165,1656.7604457999732,1000,0,0,0.0,5.3731728,0.0,0.0,0.0,0.0,1656.7604457999732,19528.404128000016,20556.760445799973,-1028.3563177999567,-1028.3563177999567,-1028.3563177999567
2020-02-28,17668.919949600015,1656.7604457999732,0,0,0,0.0,22.4041784,0.0,0.0,0.0,0.0,1656.7604457999732,17668.919949600015,18736.760445799973,-1067.8404961999586,16012.159503800041,16012.159503800041
2020-03-02,346.27360360001694,1656.7604457999732,1000,0,0,0.0,5.346346,0.0,0.0,0.0,0.0,1656.7604457999732,17786.273603600017,19096.760445799973,-1310.4868421999563,-1310.4868421999563,-1310.4868421999563
2020-03-03,17746.06259240002,1656.7604457999732,0,0,0,0.0,22.771011200000004,0.0,0.0,0.0,0.0,1656.7604457999732,17746.06259240002,19096.760445799973,-1350.6978533999536,16089.302146600046,16089.302146600046
2020-03-04,493.48764780001875,1656.7604457999732,1000,0,0,0.0,5.3449446,0.0,0.0,0.0,0.0,1656.7604457999732,17253.48764780002,18416.760445799973,-1163.2727979999545,-1163.2727979999545,-1163.2727979999545
2020-03-05,17613.84195100002,1656.7604457999732,0,0,0,0.0,22.485696800000003,0.0,0.0,0.0,0.0,1656.7604457999732,17613.84195100002,18816.760445799973,-1202.918494799953,15957.081505200047,15957.081505200047
2020-03-06,761.6750144000216,1656.7604457999732,1000,0,0,0.0,5.3369366,0.0,0.0,0.0,0.0,1656.7604457999732,17751.67501440002,18646.760445799973,-895.0854313999516,-895.0854313999516,-895.0854313999516
2020-03-09,16904.00791800002,1656.7604457999732,0,0,0,0.0,21.487096400000002,0.0,0.0,0.0,0.0,1656.7604457999732,16904.00791800002,17836.760445799973,-932.7525277999521,15247.247472200048,15247.247472200048
2020-03-10,902.7079984000229,1656.7604457999732,1000,0,0,0.0,5.3199196,0.0,0.0,0.0,0.0,1656.7604457999732,17492.707998400023,18246.760445799973,-754.0524473999503,-754.0524473999503,-754.0524473999503
2020-03-11,17404.314069200023,1656.7604457999732,0,0,0,0.0,21.8539292,0.0,0.0,0.0,0.0,1656.7604457999732,17404.314069200023,18196.760445799973,-792.4463765999499,15747.55362340005,15747.55362340005
2020-03-12,1132.7387442000254,1656.7604457999732,1000,0,0,0.0,5.325325,0.0,0.0,0.0,0.0,1656.7604457999732,17232.738744200025,17756.760445799977,-524.0217015999515,-524.0217015999478,-524.0217015999478
2020-03-13,16746.141707200026,1656.7604457999732,0,0,0,0.0,20.947037,0.0,0.0,0.0,0.0,1656.7604457999732,16746.141707200026,17306.760445799973,-560.6187385999474,15089.381261400053,15089.381261400053
2020-03-16,1045.1477936000265,1656.7604457999732,1000,0,0,0.0,5.3139136,0.0,0.0,0.0,0.0,1656.7604457999732,15345.147793600026,15956.760445799973,-611.6126521999468,-611.6126521999468,-611.6126521999468
2020-03-17,14922.063781800027,1656.7604457999732,0,0,0,0.0,19.174011800000002,0.0,0.0,0.0,0.0,1656.7604457999732,14922.063781800027,15566.760445799973,-644.6966639999464,13265.303336000054,13265.303336000054
2020-03-18,852.732500800028,1656.7604457999732,1000,0,0,0.0,5.281281,0.0,0.0,0.0,0.0,1656.7604457999732,14412.732500800028,15216.760445799973,-804.0279449999452,-804.0279449999452,-804.0279449999452
2020-03-19,14330.456081000028,1656.7604457999732,0,0,0,0.0,18.7664198,0.0,0.0,0.0,0.0,1656.7604457999732,14330.456081000028,15166.760445799973,-836.3043647999457,12673.695635200054,12673.695635200054
2020-03-20,631.5022074000299,1656.7604457999732,1000,0,0,0.0,5.2738736,0.0,0.0,0.0,0.0,1656.7604457999732,14201.50220740003,15226.760445799973,-1025.2582383999434,-1025.2582383999434,-1025.2582383999434
2020-03-23,13121.224577800029,1656.7604457999732,0,0,0,0.0,17.7576296,0.0,0.0,0.0,0.0,1656.7604457999732,13121.224577800029,14176.760445799973,-1055.5358679999445,11464.464132000056,11464.464132000056
2020-03-24,353.21932280003057,1656.7604457999732,1000,0,0,0.0,5.255255,0.0,0.0,0.0,0.0,1656.7604457999732,13373.21932280003,14676.760445799973,-1303.5411229999427,-1303.5411229999427,-1303.5411229999427
2020-03-25,13870.862143800032,1656.7604457999732,0,0,0,0.0,18.807179,0.0,0.0,0.0,0.0,1656.7604457999732,13870.862143800032,15206.760445799973,-1335.8983019999414,12214.101698000059,12214.101698000059
2020-03-26,442.1836756000339,1656.7604457999732,1000,0,0,0.0,5.2684682,0.0,0.0,0.0,0.0,1656.7604457999732,13732.183675600034,14946.760445799973,-1214.5767701999393,-1214.5767701999393,-1214.5767701999393
2020-03-27,13480.795607000035,1656.7604457999732,0,0,0,0.0,18.318068600000004,0.0,0.0,0.0,0.0,1656.7604457999732,13480.795607000035,14726.760445799973,-1245.9648387999387,11824.035161200061,11824.035161200061
2020-03-30,622.6985502000371,1656.7604457999732,1000,0,0,0.0,5.2570568,0.0,0.0,0.0,0.0,1656.7604457999732,13442.698550200037,14476.760445799973,-1034.0618955999362,-1034.0618955999362,-1034.0618955999362
2020-03-31,13801.027824400038,1656.7604457999732,0,0,0,0.0,18.460725800000002,0.0,0.0,0.0,0.0,1656.7604457999732,13801.027824400038,14866.760445799973,-1065.732621399935,12144.267378600065,12144.267378600065
2020-04-01,652.6349618000386,1656.7604457999732,1000,0,0,0.0,5.2628626,0.0,0.0,0.0,0.0,1656.7604457999732,14062.634961800039,15066.760445799973,-1004.1254839999347,-1004.1254839999347,-1004.1254839999347
2020-04-02,14599.409621400038,1656.7604457999732,0,0,0,0.0,19.245340400000003,0.0,0.0,0.0,0.0,1656.7604457999732,14599.409621400038,15636.760445799973,-1037.350824399935,12942.649175600065,12942.649175600065
2020-04-03,680.2313434000407,1656.7604457999732,1000,0,0,0.0,5.278278,0.0,0.0,0.0,0.0,1656.7604457999732,14640.23134340004,15616.760445799973,-976.5291023999325,-976.5291023999325,-976.5291023999325
2020-04-07,14796.66277640004,1656.7604457999732,0,0,0,0.0,19.418567000000003,0.0,0.0,0.0,0.0,1656.7604457999732,14796.66277640004,15806.760445799973,-1010.0976693999328,13139.902330600067,13139.902330600067
2020-04-08,727.3314954000416,1656.7604457999732,1000,0,0,0.0,5.281281,0.0,0.0,0.0,0.0,1656.7604457999732,14867.331495400042,15796.760445799973,-929.4289503999316,-929.4289503999316,-929.4289503999316
2020-04-09,14644.16672440004,1656.7604457999732,0,0,0,0.0,19.214771,0.0,0.0,0.0,0.0,1656.7604457999732,14644.16672440004,15606.760445799973,-962.5937213999332,12987.406278600067,12987.406278600067
2020-04-10,684.9476456000411,1656.7604457999732,1000,0,0,0.0,5.2790788,0.0,0.0,0.0,0.0,1656.7604457999732,14304.947645600041,15276.760445799973,-971.8128001999321,-971.8128001999321,-971.8128001999321
2020-04-13,13803.398058600042,1656.7604457999732,0,0,0,0.0,18.399587000000004,0.0,0.0,0.0,0.0,1656.7604457999732,13803.398058600042,14806.760445799973,-1003.3623871999316,12146.637612800068,12146.637612800068
2020-04-14,504.85219300004246,1656.7604457999732,1000,0,0,0.0,5.2658656,0.0,0.0,0.0,0.0,1656.7604457999732,14314.852193000042,15466.760445799973,-1151.9082527999308,-1151.9082527999308,-1151.9082527999308
2020-04-15,14341.848940400041,1656.7604457999732,0,0,0,0.0,19.1332526,0.0,0.0,0.0,0.0,1656.7604457999732,14341.848940400041,15526.760445799973,-1184.9115053999321,12685.088494600068,12685.088494600068
2020-04-16,572.823665400043,1656.7604457999732,1000,0,0,0.0,5.275275,0.0,0.0,0.0,0.0,1656.7604457999732,14622.823665400043,15706.760445799973,-1083.9367803999303,-1083.9367803999303,-1083.9367803999303
2020-04-17,14529.578135200043,1656.7604457999732,0,0,0,0.0,19.255530200000003,0.0,0.0,0.0,0.0,1656.7604457999732,14529.578135200043,15646.760445799973,-1117.1823105999301,12872.81768940007,12872.81768940007
2020-04-20,450.23665400004575,1656.7604457999732,1000,0,0,0.0,5.2814812,0.0,0.0,0.0,0.0,1656.7604457999732,14920.236654000046,16126.760445799973,-1206.5237917999275,-1206.5237917999275,-1206.5237917999275
2020-04-21,14576.647897200046,1656.7604457999732,0,0,0,0.0,19.428756800000002,0.0,0.0,0.0,0.0,1656.7604457999732,14576.647897200046,15816.760445799973,-1240.1125485999273,12919.887451400073,12919.887451400073
2020-04-22,497.30641600004856,1656.7604457999732,1000,0,0,0.0,5.2814812,0.0,0.0,0.0,0.0,1656.7604457999732,14557.306416000049,15716.760445799973,-1159.4540297999247,-1159.4540297999247,-1159.4540297999247
2020-04-23,14424.12145520005,1656.7604457999732,0,0,0,0.0,19.2249608,0.0,0.0,0.0,0.0,1656.7604457999732,14424.12145520005,15616.760445799973,-1192.638990599924,12767.361009400076,12767.361009400076
2020-04-24,444.8819760000497,1656.7604457999732,1000,0,0,0.0,5.2794792,0.0,0.0,0.0,0.0,1656.7604457999732,14394.88197600005,15606.760445799973,-1211.8784697999236,-1211.8784697999236,-1211.8784697999236
2020-04-27,14361.717205000048,1656.7604457999732,0,0,0,0.0,19.214771,0.0,0.0,0.0,0.0,1656.7604457999732,14361.717205000048,15606.760445799973,-1245.0432407999251,12704.956759200075,12704.956759200075
2020-04-28,332.4267248000506,1656.7604457999732,1000,0,0,0.0,5.2804802,0.0,0.0,0.0,0.0,1656.7604457999732,14542.42672480005,15866.760445799973,-1324.3337209999227,-1324.3337209999227,-1324.3337209999227
2020-04-29,14538.67644960005,1656.7604457999732,0,0,0,0.0,19.510275200000002,0.0,0.0,0.0,0.0,1656.7604457999732,14538.67644960005,15896.760445799973,-1358.0839961999227,12881.916003800077,12881.916003800077
2020-04-30,209.0799634000523,1656.7604457999732,1000,0,0,0.0,5.2864862,0.0,0.0,0.0,0.0,1656.7604457999732,14899.079963400052,16346.760445799973,-1447.680482399921,-1447.680482399921,-1447.680482399921
2020-05-06,14934.279818600053,1656.7604457999732,0,0,0,0.0,20.0401448,0.0,0.0,0.0,0.0,1656.7604457999732,14934.279818600053,16416.760445799973,-1482.4806271999205,13277.51937280008,13277.51937280008
2020-05-07,164.23452360005467,1656.7604457999732,1000,0,0,0.0,5.295295,0.0,0.0,0.0,0.0,1656.7604457999732,14544.234523600055,16036.760445799973,-1492.5259221999186,-1492.5259221999186,-1492.5259221999186
2020-05-08,14570.080452400054,1656.7604457999732,0,0,0,0.0,19.7140712,0.0,0.0,0.0,0.0,1656.7604457999732,14570.080452400054,16096.760445799973,-1526.679993399919,12913.32000660008,12913.32000660008
2020-05-11,50.290162400055124,1656.7604457999732,1000,0,0,0.0,5.29029,0.0,0.0,0.0,0.0,1656.7604457999732,14570.290162400055,16176.760445799973,-1606.4702833999181,-1606.4702833999181,-1606.4702833999181
2020-05-12,14246.560077000055,1656.7604457999732,0,0,0,0.0,19.500085400000003,0.0,0.0,0.0,0.0,1656.7604457999732,14246.560077000055,15886.760445799973,-1640.2003687999186,12589.799631200081,12589.799631200081
2020-05-13,127.177795000056,1656.7604457999732,1000,0,0,0.0,5.282282,0.0,0.0,0.0,0.0,1656.7604457999732,14307.177795000056,15836.760445799973,-1529.5826507999172,-1529.5826507999172,-1529.5826507999172
2020-05-14,13784.537958800056,1656.7604457999732,0,0,0,0.0,18.9498362,0.0,0.0,0.0,0.0,1656.7604457999732,13784.537958800056,15346.760445799973,-1562.2224869999172,12127.777513000083,12127.777513000083
2020-05-15,25.522884000058184,1656.7604457999732,1000,0,0,0.0,5.2750748,0.0,0.0,0.0,0.0,1656.7604457999732,13815.522884000058,15446.760445799973,-1631.237561799915,-1631.237561799915,-1631.237561799915
2020-05-18,13483.286843800059,1656.7604457999732,0,0,0,0.0,18.746040200000003,0.0,0.0,0.0,0.0,1656.7604457999732,13483.286843800059,15146.760445799973,-1663.4736019999145,11826.526398000085,11826.526398000085
2020-05-19,0.0,1732.284672799913,1000,0,0,0.0,5.2710708,0.0,0.0,0.0,75.52422699993986,1732.284672799913,13780.0,15512.284672799913,-1732.284672799913,-1732.284672799913,-1732.284672799913
2020-05-20,13817.037127,1732.284672799913,0,0,0,0.0,19.112873,0.0,0.0,0.0,0.0,1732.284672799913,13817.037127,15582.284672799913,-1765.2475457999135,12084.752454200087,12084.752454200087
2020-05-21,0.0,1814.4054233999123,1000,0,0,0.0,5.2778776,0.0,0.0,0.0,82.12075059999916,1814.4054233999123,13600.0,15414.405423399912,-1814.4054233999123,-1814.4054233999123,-1814.4054233999123
2020-05-22,13228.2283252,1814.4054233999123,0,0,0,0.0,18.5116748,0.0,0.0,0.0,0.0,1814.4054233999123,13228.2283252,15074.405423399912,-1846.1770981999125,11413.822901800087,11413.822901800087
2020-05-25,0.0,1854.6923631999107,1000,0,0,0.0,5.265265,0.0,0.0,0.0,40.286939799998436,1854.6923631999107,13120.0,14974.69236319991,-1854.6923631999107,-1854.6923631999107,-1854.6923631999107
2020-05-26,13467.74377,1854.6923631999107,0,0,0,0.0,18.756230000000002,0.0,0.0,0.0,0.0,1854.6923631999107,13467.74377,15354.69236319991,-1886.9485931999116,11613.051406800088,11613.051406800088
2020-05-27,0.0,1965.780064399909,1000,0,0,0.0,5.2714712,0.0,0.0,0.0,111.08770119999826,1965.780064399909,13480.0,15445.780064399909,-1965.780064399909,-1965.780064399909,-1965.780064399909
2020-05-28,13427.824529200001,1965.780064399909,0,0,0,0.0,18.715470800000002,0.0,0.0,0.0,0.0,1965.780064399909,13427.824529200001,15425.780064399909,-1997.955535199908,11462.044464800092,11462.044464800092
2020-05-29,9.156261200003428,1965.780064399909,1000,0,0,0.0,5.268268,0.0,0.0,0.0,0.0,1965.780064399909,13419.156261200003,15375.780064399909,-1956.6238031999055,-1956.6238031999055,-1956.6238031999055
2020-06-01,13856.132818800004,1965.780064399909,0,0,0,0.0,19.1434424,0.0,0.0,0.0,0.0,1965.780064399909,13856.132818800004,15845.780064399909,-1989.6472455999046,11890.352754400095,11890.352754400095
2020-06-02,0.0,2028.8255235999022,1000,0,0,0.0,5.278278,0.0,0.0,0.0,63.045459199993275,2028.8255235999022,14160.0,16188.825523599902,-2028.8255235999022,-2028.8255235999022,-2028.8255235999022
2020-06-03,14186.290104400001,2028.8255235999022,0,0,0,0.0,19.489895600000004,0.0,0.0,0.0,0.0,2028.8255235999022,14186.290104400001,16248.825523599902,-2062.5354191999013,12157.464580800099,12157.464580800099
2020-06-04,0.0,2112.0707041998994,1000,0,0,0.0,5.285285,0.0,0.0,0.0,83.24518059999718,2112.0707041998994,14160.0,16272.0707041999,-2112.0707041998994,-2112.0707041998994,-2112.0707041998994
2020-06-05,14046.5727616,2112.0707041998994,0,0,0,0.0,19.347238400000002,0.0,0.0,0.0,0.0,2112.0707041998994,14046.5727616,16192.0707041999,-2145.497942599899,11934.502057400101,11934.502057400101
2020-06-08,0.0,2335.033227599897,1000,0,0,0.0,5.285285,0.0,0.0,0.0,222.96252339999774,2335.033227599897,14260.0,16595.033227599895,-2335.0332275998953,-2335.033227599897,-2335.033227599897
2020-06-09,14515.623841,2335.033227599897,0,0,0,0.0,19.826159000000004,0.0,0.0,0.0,0.0,2335.033227599897,14515.623841,16885.033227599895,-2369.409386599895,12180.590613400103,12180.590613400103
2020-06-10,0.0,2399.260877799894,1000,0,0,0.0,5.2914912,0.0,0.0,0.0,64.22765019999679,2399.260877799894,14280.0,16679.260877799894,-2399.260877799894,-2399.260877799894,-2399.260877799894
2020-06-11,13986.6939004,2399.260877799894,0,0,0,0.0,19.2860996,0.0,0.0,0.0,0.0,2399.260877799894,13986.6939004,16419.260877799894,-2432.5669773998943,11587.433022600106,11587.433022600106
2020-06-12,267.7196264000013,2399.260877799894,1000,0,0,0.0,5.274274,0.0,0.0,0.0,0.0,2399.260877799894,14077.719626400001,16209.260877799894,-2131.5412513998926,-2131.5412513998926,-2131.5412513998926
2020-06-15,13905.1201698,2399.260877799894,0,0,0,0.0,18.9294566,0.0,0.0,0.0,0.0,2399.260877799894,13905.1201698,16069.260877799894,-2164.1407079998935,11505.859292000107,11505.859292000107
2020-06-16,146.10509500000262,2399.260877799894,1000,0,0,0.0,5.2750748,0.0,0.0,0.0,0.0,2399.260877799894,14176.105095000003,16429.260877799894,-2253.1557827998913,-2253.1557827998913,-2253.1557827998913
2020-06-17,14362.334630000003,2399.260877799894,0,0,0,0.0,19.520465,0.0,0.0,0.0,0.0,2399.260877799894,14362.334630000003,16649.260877799894,-2286.926247799891,11963.073752200109,11963.073752200109
2020-06-18,92.7993450000049,2399.260877799894,1000,0,0,0.0,5.285285,0.0,0.0,0.0,0.0,2399.260877799894,14492.799345000005,16799.260877799894,-2306.461532799889,-2306.461532799889,-2306.461532799889
2020-06-19,14408.826982000004,2399.260877799894,0,0,0,0.0,19.622363,0.0,0.0,0.0,0.0,2399.260877799894,14408.826982000004,16749.260877799894,-2340.43389579989,12009.56610420011,12009.56610420011
2020-06-22,29.17949480000607,2399.260877799894,1000,0,0,0.0,5.2874872,0.0,0.0,0.0,0.0,2399.260877799894,14429.179494800006,16799.260877799894,-2370.081382999888,-2370.081382999888,-2370.081382999888
2020-06-23,14105.691687000006,2399.260877799894,0,0,0,0.0,19.3778078,0.0,0.0,0.0,0.0,2399.260877799894,14105.691687000006,16509.260877799894,-2403.569190799888,11706.430809200112,11706.430809200112
2020-06-24,0.0,2463.0024737998865,1000,0,0,0.0,5.283283,0.0,0.0,0.0,63.74159599999257,2463.0024737998865,15520.0,17983.002473799887,-2463.0024737998865,-2463.0024737998865,-2463.0024737998865
2020-06-29,15184.2711244,2463.0024737998865,0,0,0,0.0,20.508875600000003,0.0,0.0,0.0,0.0,2463.0024737998865,15184.2711244,17683.002473799887,-2498.7313493998863,12721.268650600114,12721.268650600114
2020-06-30,0.0,2689.225453199884,1000,0,0,0.0,5.3041038,0.0,0.0,200.0,26.222979399997712,2489.225453199884,15150.0,17839.225453199884,-2689.225453199884,-2489.225453199884,-2689.225453199884
2020-07-01,15383.8673284,2689.225453199884,0,0,0,0.0,20.7126716,0.0,0.0,0.0,0.0,2489.225453199884,15383.8673284,18109.225453199884,-2725.3581247998845,12894.641875200115,12694.641875200115
2020-07-02,23.220221600000514,2689.225453199884,1000,0,0,0.0,5.3071068,0.0,0.0,0.0,0.0,2489.225453199884,15633.2202216,18299.225453199884,-2666.0052315998837,-2466.0052315998837,-2666.0052315998837
2020-07-03,15896.098249800001,2689.225453199884,0,0,0,0.0,21.2119718,0.0,0.0,0.0,0.0,2489.225453199884,15896.098249800001,18599.225453199884,-2703.127203399883,13406.872796600117,13206.872796600117
2020-07-06,0.0,3024.6617275998797,1000,0,0,0.0,5.3245242,0.0,0.0,0.0,335.43627439999545,2824.6617275998797,16490.0,19514.66172759988,-3024.6617275998797,-2824.6617275998797,-3024.6617275998797
2020-07-07,16341.929107599999,3024.6617275998797,0,0,0,0.0,21.6908924,0.0,0.0,0.0,0.0,2824.6617275998797,16341.929107599999,19404.66172759988,-3062.7326199998806,13517.26738000012,13317.26738000012
2020-07-08,20.302781600001254,3024.6617275998797,1000,0,0,0.0,5.326326,0.0,0.0,0.0,0.0,2824.6617275998797,16420.302781600003,19424.66172759988,-3004.3589459998766,-2804.3589459998784,-3004.3589459998784
2020-07-09,16701.545436,3024.6617275998797,0,0,0,0.0,22.0373456,0.0,0.0,0.0,0.0,2824.6617275998797,16701.545436,19744.66172759988,-3043.1162915998793,13876.88370840012,13676.88370840012
2020-07-10,0.0,3025.130225199875,1000,0,0,0.0,5.3339336,0.0,0.0,0.0,0.4684975999953167,2825.130225199875,16030.000000000002,19055.13022519988,-3025.130225199877,-2825.130225199875,-3025.130225199875
2020-07-13,16461.68683,3025.130225199875,0,0,0,0.0,21.81317,0.0,0.0,0.0,0.0,2825.130225199875,16461.68683,19525.130225199875,-3063.4433951998762,13636.556604800124,13436.556604800124
2020-07-14,0.0,3115.304325799876,1000,0,0,0.0,5.3309306,0.0,0.0,0.0,90.17410060000111,2915.304325799876,16590.0,19705.304325799876,-3115.304325799876,-2915.304325799876,-3115.304325799876
2020-07-15,16162.292523999999,3115.304325799876,0,0,0,0.0,21.507476,0.0,0.0,0.0,0.0,2915.304325799876,16162.292523999999,19315.304325799876,-3153.0118017998775,13246.988198200122,13046.988198200122
2020-07-16,10.83960140000272,3115.304325799876,1000,0,0,0.0,5.3229226,0.0,0.0,0.0,0.0,2915.304325799876,14880.839601400003,17985.304325799876,-3104.4647243998734,-2904.4647243998734,-3104.4647243998734
2020-07-17,14765.978887200003,3115.304325799876,0,0,0,0.0,20.070714199999998,0.0,0.0,0.0,0.0,2915.304325799876,14765.978887200003,17905.304325799876,-3139.3254385998735,11850.674561400127,11650.674561400127
2020-07-20,0.0,3249.503336199872,1000,0,0,0.0,5.2978976,0.0,0.0,0.0,134.19901039999604,3049.503336199872,15290.0,18539.503336199872,-3249.503336199872,-3049.503336199872,-3249.503336199872
2020-07-21,15393.8471386,3249.503336199872,0,0,0,0.0,20.7228614,0.0,0.0,0.0,0.0,3049.503336199872,15393.8471386,18679.503336199872,-3285.656197599872,12344.343802400128,12144.343802400128
2020-07-22,0.0,3316.405306399871,1000,0,0,0.0,5.3091088,0.0,0.0,0.0,66.90197019999869,3116.405306399871,15360.0,18676.405306399873,-3316.4053063998726,-3116.405306399871,-3316.405306399871
2020-07-23,14944.7556796,3316.405306399871,0,0,0,0.0,20.264320400000003,0.0,0.0,0.0,0.0,3116.405306399871,14944.7556796,18296.405306399873,-3351.649626799872,11828.35037320013,11628.35037320013
2020-07-24,4.536981200002629,3316.405306399871,1000,0,0,0.0,5.2986984,0.0,0.0,0.0,0.0,3116.405306399871,14164.536981200003,17476.405306399873,-3311.86832519987,-3111.868325199868,-3311.868325199868
2020-07-27,13981.251071400002,3316.405306399871,0,0,0,0.0,19.2759098,0.0,0.0,0.0,0.0,3116.405306399871,13981.251071400002,17326.405306399873,-3345.154234999871,10864.845765000131,10664.845765000131
2020-07-28,0.0,3504.5875179998675,1000,0,0,0.0,5.283283,0.0,0.0,0.0,188.18221159999666,3304.5875179998675,14210.0,17714.58751799987,-3504.5875179998693,-3304.5875179998675,-3504.5875179998675
2020-07-29,14475.7046002,3504.5875179998675,0,0,0,0.0,19.7853998,0.0,0.0,0.0,0.0,3304.5875179998675,14475.7046002,18014.58751799987,-3538.8829177998687,11171.117082200133,10971.117082200133
2020-07-30,0.0,3558.6834079998644,1000,0,0,0.0,5.2904902,0.0,0.0,0.0,54.09588999999687,3358.6834079998644,14290.0,17848.683407999866,-3558.683407999866,-3358.6834079998644,-3558.6834079998644
2020-07-31,14555.5430818,3558.6834079998644,0,0,0,0.0,19.8669182,0.0,0.0,0.0,0.0,3358.6834079998644,14555.5430818,18148.683407999866,-3593.1403261998657,11196.859673800136,10996.859673800136
2020-08-03,0.0,3703.1142197998615,1000,0,0,0.0,5.2938936,0.0,0.0,0.0,144.43081179999717,3503.1142197998615,14890.0,18593.114219799863,-3703.1142197998633,-3503.1142197998615,-3703.1142197998615
2020-08-04,14645.361373599999,3703.1142197998615,0,0,0,0.0,19.9586264,0.0,0.0,0.0,0.0,3503.1142197998615,14645.361373599999,18383.114219799863,-3737.7528461998645,11142.247153800137,10942.247153800137
2020-08-05,0.0,3907.8797427998616,1000,0,0,0.0,5.2968966,0.0,0.0,0.0,204.76552300000003,3707.8797427998616,14610.0,18517.87974279986,-3907.8797427998616,-3707.8797427998616,-3907.8797427998616
2020-08-06,14465.72479,3907.8797427998616,0,0,0,0.0,19.77521,0.0,0.0,0.0,0.0,3707.8797427998616,14465.72479,18407.87974279986,-3942.1549527998613,10757.845047200139,10557.845047200139
2020-08-07,0.0,3941.9248423998597,1000,0,0,0.0,5.2898896,0.0,0.0,0.0,34.04509959999814,3741.9248423998597,14300.0,18241.924842399858,-3941.924842399858,-3741.9248423998597,-3941.9248423998597
2020-08-10,14375.9064982,3941.9248423998597,0,0,0,0.0,19.683501800000002,0.0,0.0,0.0,0.0,3741.9248423998597,14375.9064982,18351.924842399858,-3976.018344199858,10633.98165580014,10433.98165580014
2020-08-11,0.0,3985.7066321998573,1000,0,0,0.0,5.288288,0.0,0.0,0.0,43.78178979999757,3785.7066321998573,14160.0,18145.706632199857,-3985.7066321998573,-3785.7066321998573,-3985.7066321998573
2020-08-12,15104.4326428,3985.7066321998573,0,0,0,0.0,20.427357200000003,0.0,0.0,0.0,0.0,3785.7066321998573,15104.4326428,19125.706632199857,-4021.273989399857,11318.726010600143,11118.726010600143
2020-08-13,0.0,4171.849694799856,1000,0,0,0.0,5.3057054,0.0,0.0,0.0,186.1430625999983,3971.8496947998556,15170.0,19341.849694799857,-4171.849694799857,-3971.8496947998556,-4171.849694799856
2020-08-14,14994.6547306,4171.849694799856,0,0,0,0.0,20.3152694,0.0,0.0,0.0,0.0,3971.8496947998556,14994.6547306,19201.849694799857,-4207.194964199858,11022.805035800144,10822.805035800144
2020-08-17,0.0,4287.5870659998545,1000,0,0,0.0,5.3021018,0.0,0.0,0.0,115.73737119999896,4087.5870659998545,15280.0,19567.587065999855,-4287.5870659998545,-4087.5870659998545,-4287.5870659998545
2020-08-18,15144.3518836,4287.5870659998545,0,0,0,0.0,20.4681164,0.0,0.0,0.0,0.0,4087.5870659998545,15144.3518836,19467.587065999855,-4323.235182399854,11056.764817600146,10856.764817600146
2020-08-19,0.0,4343.719085999852,1000,0,0,0.0,5.3039036,0.0,0.0,0.0,56.13201999999728,4143.719085999852,14850.0,19193.71908599985,-4343.719085999852,-4143.719085999852,-4343.719085999852
2020-08-20,14795.0585266,4343.719085999852,0,0,0,0.0,20.1114734,0.0,0.0,0.0,0.0,4143.719085999852,14795.0585266,19173.71908599985,-4378.660559399852,10651.339440600148,10451.339440600148
2020-08-21,0.0,4568.960859399851,1000,0,0,0.0,5.3003,0.0,0.0,0.0,225.24177339999915,4368.960859399851,14800.0,19368.96085939985,-4568.960859399849,-4368.960859399851,-4568.960859399851
2020-08-24,14954.7354898,4568.960859399851,0,0,0,0.0,20.2745102,0.0,0.0,0.0,0.0,4368.960859399851,14954.7354898,19558.96085939985,-4604.22536959985,10585.774630400148,10385.774630400148
2020-08-25,0.0,4674.56647039985,1000,0,0,0.0,5.3011008,0.0,0.0,0.0,105.60561099999904,4474.56647039985,15090.0,19764.56647039985,-4674.566470399848,-4474.56647039985,-4674.56647039985
2020-08-26,14505.644030799998,4674.56647039985,0,0,0,0.0,19.815969199999998,0.0,0.0,0.0,0.0,4474.56647039985,14505.644030799998,19214.56647039985,-4708.92243959985,10031.077560400148,9831.077560400148
2020-08-27,0.0,4788.81473159985,1000,0,0,0.0,5.292292,0.0,0.0,0.0,114.24826120000034,4588.81473159985,14650.0,19438.81473159985,-4788.81473159985,-4588.81473159985,-4788.81473159985
2020-08-28,14715.220045,4788.81473159985,0,0,0,0.0,20.029955,0.0,0.0,0.0,0.0,4588.81473159985,14715.220045,19538.81473159985,-4823.59468659985,10126.40531340015,9926.40531340015
2020-08-31,0.0,4933.7317833998495,1000,0,0,0.0,5.2970968,0.0,0.0,0.0,144.91705179999917,4733.7317833998495,14740.0,19673.73178339985,-4933.7317833998495,-4733.7317833998495,-4933.7317833998495
2020-09-01,14695.260424600001,4933.7317833998495,0,0,0,0.0,20.009575400000003,0.0,0.0,0.0,0.0,4733.7317833998495,14695.260424600001,19663.73178339985,-4968.4713587998485,9961.528641200151,9761.528641200151
2020-09-02,0.0,4978.486053199846,1000,0,0,0.0,5.2946944,0.0,0.0,0.0,44.75426979999611,4778.486053199846,14770.0,19748.486053199846,-4978.486053199846,-4778.486053199846,-4978.486053199846
2020-09-03,14475.7046002,4978.486053199846,0,0,0,0.0,19.7853998,0.0,0.0,0.0,0.0,4778.486053199846,14475.7046002,19488.486053199846,-5012.781452999845,9697.218547000155,9497.218547000155
2020-09-04,166.12851440000122,4978.486053199846,1000,0,0,0.0,5.2860858,0.0,0.0,0.0,0.0,4778.486053199846,14336.128514400001,19148.486053199846,-4812.357538799844,-4612.357538799844,-4812.357538799844
2020-09-07,14072.983933200001,4978.486053199846,0,0,0,0.0,19.2045812,0.0,0.0,0.0,0.0,4778.486053199846,14072.983933200001,18918.486053199846,-4845.502119999845,9294.497880000155,9094.497880000155
2020-09-08,113.76485440000215,4978.486053199846,1000,0,0,0.0,5.2790788,0.0,0.0,0.0,0.0,4778.486053199846,14323.764854400002,19188.486053199846,-4864.7211987998435,-4664.7211987998435,-4864.7211987998435
2020-09-09,13990.680842600003,4978.486053199846,0,0,0,0.0,19.174011800000002,0.0,0.0,0.0,0.0,4778.486053199846,13990.680842600003,18888.486053199846,-4897.805210599843,9212.194789400157,9012.194789400157
2020-09-10,0.0,5007.085490599842,1000,0,0,0.0,5.28028,0.0,0.0,0.0,28.599437399996532,4807.085490599842,13560.0,18567.085490599842,-5007.085490599842,-4807.085490599842,-5007.085490599842
2020-09-11,13587.501492399999,5007.085490599842,0,0,0,0.0,18.8785076,0.0,0.0,0.0,0.0,4807.085490599842,13587.501492399999,18627.085490599842,-5039.583998199843,8780.416001800157,8580.416001800157
2020-09-14,0.0,5058.476670599843,1000,0,0,0.0,5.2726724,0.0,0.0,0.0,51.39118000000053,4858.476670599843,13850.0,18908.47667059984,-5058.476670599841,-4858.476670599843,-5058.476670599843
2020-09-15,13697.2794046,5058.476670599843,0,0,0,0.0,18.990595400000004,0.0,0.0,0.0,0.0,4858.476670599843,13697.2794046,18788.47667059984,-5091.197265999841,8838.802734000157,8638.802734000157
2020-09-16,0.0,5070.161339799841,1000,0,0,0.0,5.2740738,0.0,0.0,0.0,11.684669199998098,4870.161339799841,13600.0,18670.16133979984,-5070.161339799841,-4870.161339799841,-5070.161339799841
2020-09-17,13527.6226312,5070.161339799841,0,0,0,0.0,18.817368800000004,0.0,0.0,0.0,0.0,4870.161339799841,13527.6226312,18630.16133979984,-5102.538708599841,8657.46129140016,8457.46129140016
2020-09-18,0.0,5131.380379999839,1000,0,0,0.0,5.2716714,0.0,0.0,0.0,61.219040199997835,4931.380379999839,13820.0,18951.38037999984,-5131.380379999839,-4931.380379999839,-5131.380379999839
2020-09-21,13707.2592148,5131.380379999839,0,0,0,0.0,19.000785200000003,0.0,0.0,0.0,0.0,4931.380379999839,13707.2592148,18871.38037999984,-5164.121165199838,8775.878834800162,8575.878834800162
2020-09-22,38.33594180000182,5131.380379999839,1000,0,0,0.0,5.273273,0.0,0.0,0.0,0.0,4931.380379999839,13598.335941800002,18691.38037999984,-5093.044438199837,-4893.044438199837,-5093.044438199837
2020-09-23,13575.938383200002,5131.380379999839,0,0,0,0.0,18.827558600000003,0.0,0.0,0.0,0.0,4931.380379999839,13575.938383200002,18701.38037999984,-5125.4419967998365,8644.558003200164,8444.558003200164
2020-09-24,107.21911420000288,5131.380379999839,1000,0,0,0.0,5.2692689999999995,0.0,0.0,0.0,0.0,4931.380379999839,13337.219114200003,18361.38037999984,-5024.161265799836,-4824.161265799836,-5024.161265799836
2020-09-25,13245.629147600002,5131.380379999839,0,0,0,0.0,18.419966600000002,0.0,0.0,0.0,0.0,4931.380379999839,13245.629147600002,18301.38037999984,-5055.751232399836,8314.248767600164,8114.248767600164
2020-09-28,27.164883600004032,5131.380379999839,1000,0,0,0.0,5.264264,0.0,0.0,0.0,0.0,4931.380379999839,13307.164883600004,18411.38037999984,-5104.215496399835,-4904.215496399835,-5104.215496399835
2020-09-29,13554.787514800004,5131.380379999839,0,0,0,0.0,18.817368800000004,0.0,0.0,0.0,0.0,4931.380379999839,13554.787514800004,18691.38037999984,-5136.592865199835,8623.407134800165,8423.407134800165
2020-09-30,0.0,5195.465137199833,1000,0,0,0.0,5.272272,0.0,0.0,0.0,64.08475719999478,4995.465137199833,13590.0,18785.465137199833,-5195.465137199833,-4995.465137199833,-5195.465137199833
2020-10-09,13817.037127,5195.465137199833,0,0,0,0.0,19.112873,0.0,0.0,0.0,0.0,4995.465137199833,13817.037127,19045.465137199833,-5228.428010199834,8821.571989800166,8621.571989800166
2020-10-12,0.0,5297.606288199831,1000,0,0,0.0,5.278278,0.0,0.0,0.0,102.14115099999799,5097.606288199831,14020.0,19317.60628819983,-5297.60628819983,-5097.606288199831,-5297.606288199831
2020-10-13,13896.8756086,5297.606288199831,0,0,0,0.0,19.1943914,0.0,0.0,0.0,0.0,5097.606288199831,13896.8756086,19227.60628819983,-5330.73067959983,8799.269320400168,8599.269320400168
2020-10-14,77.79933259999962,5297.606288199831,1000,0,0,0.0,5.276276,0.0,0.0,0.0,0.0,5097.606288199831,13807.7993326,19027.60628819983,-5219.80695559983,-5019.806955599832,-5219.806955599832
2020-10-15,13795.0383576,5297.606288199831,0,0,0,0.0,19.010975000000002,0.0,0.0,0.0,0.0,5097.606288199831,13795.0383576,19047.60628819983,-5252.567930599829,8697.432069400169,8497.432069400169
2020-10-16,0.0,5401.72580819983,1000,0,0,0.0,5.2778776,0.0,0.0,0.0,104.11951999999837,5201.72580819983,13780.0,19181.72580819983,-5401.72580819983,-5201.72580819983,-5401.72580819983
2020-10-19,13827.0169372,5401.72580819983,0,0,0,0.0,19.1230628,0.0,0.0,0.0,0.0,5201.72580819983,13827.0169372,19261.72580819983,-5434.70887099983,8625.29112900017,8425.29112900017
2020-10-20,0.0,5413.805547399828,1000,0,0,0.0,5.2766764,0.0,0.0,0.0,12.079739199998585,5213.805547399828,13850.0,19263.80554739983,-5413.805547399828,-5213.805547399828,-5413.805547399828
2020-10-21,13607.4611128,5413.805547399828,0,0,0,0.0,18.8988872,0.0,0.0,0.0,0.0,5213.805547399828,13607.4611128,19053.80554739983,-5446.344434599829,8393.655565400171,8193.655565400171
2020-10-22,8.609241200001634,5413.805547399828,1000,0,0,0.0,5.2718716,0.0,0.0,0.0,0.0,5213.805547399828,13668.609241200002,19073.80554739983,-5405.196306199827,-5205.196306199827,-5405.196306199827
2020-10-23,13566.171303000001,5413.805547399828,0,0,0,0.0,18.8479382,0.0,0.0,0.0,0.0,5213.805547399828,13566.171303000001,19003.80554739983,-5437.634244399827,8352.365755600173,8152.365755600173
2020-10-26,0.0,5436.475915799825,1000,0,0,0.0,5.2716714,0.0,0.0,0.0,22.670368399996732,5236.475915799825,13680.0,19116.475915799827,-5436.475915799827,-5236.475915799825,-5436.475915799825
2020-10-27,13836.996747399999,5436.475915799825,0,0,0,0.0,19.1332526,0.0,0.0,0.0,0.0,5236.475915799825,13836.996747399999,19306.475915799827,-5469.479168399828,8600.520831600174,8400.520831600174
2020-10-28,0.0,5548.688046999825,1000,0,0,0.0,5.2788786,0.0,0.0,0.0,112.21213119999993,5348.688046999825,13940.0,19488.688046999825,-5548.688046999825,-5348.688046999825,-5548.688046999825
2020-10-29,13926.8150392,5548.688046999825,0,0,0,0.0,19.2249608,0.0,0.0,0.0,0.0,5348.688046999825,13926.8150392,19508.688046999825,-5581.873007799824,8578.126992200176,8378.126992200176
2020-10-30,7.636761200003093,5548.688046999825,1000,0,0,0.0,5.278278,0.0,0.0,0.0,0.0,5348.688046999825,13657.636761200003,19198.688046999825,-5541.051285799822,-5341.051285799822,-5541.051285799822
2020-11-02,13136.066984400004,5548.688046999825,0,0,0,0.0,18.409776800000003,0.0,0.0,0.0,0.0,5348.688046999825,13136.066984400004,18708.688046999825,-5572.621062599821,7787.378937400179,7587.378937400179
2020-11-03,0.0,5611.064926199819,1000,0,0,0.0,5.2638636,0.0,0.0,0.0,62.37687919999371,5411.064926199819,13380.0,18991.06492619982,-5611.064926199819,-5411.064926199819,-5611.064926199819
2020-11-04,13437.804339400001,5611.064926199819,0,0,0,0.0,18.7256606,0.0,0.0,0.0,0.0,5411.064926199819,13437.804339400001,19081.06492619982,-5643.260586799817,8026.739413200183,7826.739413200183
2020-11-05,0.0,5872.214460399815,1000,0,0,0.0,5.2738736,0.0,0.0,0.0,261.1495341999962,5672.214460399815,13810.0,19682.214460399817,-5872.214460399817,-5672.214460399815,-5872.214460399815
2020-11-06,13966.73428,5872.214460399815,0,0,0,0.0,19.26572,0.0,0.0,0.0,0.0,5672.214460399815,13966.73428,19872.214460399817,-5905.480180399816,8294.519819600186,8094.519819600186
2020-11-09,0.0,6195.035865799813,1000,0,0,0.0,5.2856854,0.0,0.0,0.0,322.8214053999982,5995.035865799813,14400.0,20595.035865799815,-6195.035865799815,-5995.035865799813,-6195.035865799813
2020-11-10,15024.5941612,6195.035865799813,0,0,0,0.0,20.345838800000003,0.0,0.0,0.0,0.0,5995.035865799813,15024.5941612,21255.035865799815,-6230.441704599814,9029.558295400187,8829.558295400187
2020-11-11,64.35506240000177,6195.035865799813,1000,0,0,0.0,5.2990988,0.0,0.0,0.0,0.0,5995.035865799813,14604.355062400002,20735.035865799815,-6130.680803399813,-5930.680803399811,-6130.680803399811
2020-11-12,14510.120232000003,6195.035865799813,0,0,0,0.0,19.754830400000003,0.0,0.0,0.0,0.0,5995.035865799813,14510.120232000003,20675.035865799815,-6164.915633799812,8515.08436620019,8315.08436620019
2020-11-13,180.5237458000047,6195.035865799813,1000,0,0,0.0,5.2864862,0.0,0.0,0.0,0.0,5995.035865799813,14530.523745800005,20545.035865799815,-6014.51211999981,-5814.512119999808,-6014.512119999808
2020-11-16,14426.692711400005,6195.035865799813,0,0,0,0.0,19.5510344,0.0,0.0,0.0,0.0,5995.035865799813,14426.692711400005,20475.035865799815,-6048.34315439981,8431.656845600191,8231.656845600191
2020-11-17,147.14722620000612,6195.035865799813,1000,0,0,0.0,5.2854852,0.0,0.0,0.0,0.0,5995.035865799813,14287.147226200006,20335.035865799815,-6047.888639599809,-5847.888639599807,-6047.888639599807
2020-11-18,14513.073914200006,6195.035865799813,0,0,0,0.0,19.673312000000003,0.0,0.0,0.0,0.0,5995.035865799813,14513.073914200006,20595.035865799815,-6081.961951599809,8518.038048400193,8318.038048400193
2020-11-19,203.49782840000626,6195.035865799813,1000,0,0,0.0,5.2860858,0.0,0.0,0.0,0.0,5995.035865799813,14543.497828400006,20535.035865799815,-5991.538037399809,-5791.538037399807,-5991.538037399807
2020-11-20,14419.727363400007,6195.035865799813,0,0,0,0.0,19.520465,0.0,0.0,0.0,0.0,5995.035865799813,14419.727363400007,20445.035865799815,-6025.308502399808,8424.691497600194,8224.691497600194
2020-11-23,140.1818782000082,6195.035865799813,1000,0,0,0.0,5.2854852,0.0,0.0,0.0,0.0,5995.035865799813,14310.181878200008,20365.035865799815,-6054.853987599807,-5854.853987599805,-6054.853987599805
2020-11-24,14276.572931600009,6195.035865799813,0,0,0,0.0,19.4389466,0.0,0.0,0.0,0.0,5995.035865799813,14276.572931600009,20365.035865799815,-6088.462934199806,8281.537065800196,8081.537065800196
2020-11-25,57.08864760001052,6195.035865799813,1000,0,0,0.0,5.2842839999999995,0.0,0.0,0.0,0.0,5995.035865799813,14147.08864760001,20285.035865799815,-6137.947218199804,-5937.947218199803,-6137.947218199803
2020-11-26,14023.822927600011,6195.035865799813,0,0,0,0.0,19.26572,0.0,0.0,0.0,0.0,5995.035865799813,14023.822927600011,20195.035865799815,-6171.212938199804,8028.787061800198,7828.787061800198
2020-11-27,44.58344840001155,6195.035865799813,1000,0,0,0.0,5.2794792,0.0,0.0,0.0,0.0,5995.035865799813,13874.583448400012,20025.035865799815,-6150.452417399803,-5950.452417399802,-6150.452417399802
2020-11-30,13821.701334600011,6195.035865799813,0,0,0,0.0,19.072113800000004,0.0,0.0,0.0,0.0,5995.035865799813,13821.701334600011,20005.035865799815,-6183.334531199804,7826.665468800198,7626.665468800198
2020-12-01,42.66585940001278,6195.035865799813,1000,0,0,0.0,5.2754752,0.0,0.0,0.0,0.0,5995.035865799813,14122.665859400013,20275.035865799815,-6152.370006399802,-5952.3700063998,-6152.3700063998
2020-12-02,14059.299190400014,6195.035865799813,0,0,0,0.0,19.316669,0.0,0.0,0.0,0.0,5995.035865799813,14059.299190400014,20245.035865799815,-6185.736675399801,8064.263324600201,7864.263324600201
2020-12-03,40.01891040001465,6195.035865799813,1000,0,0,0.0,5.28028,0.0,0.0,0.0,0.0,5995.035865799813,13910.018910400015,20065.035865799815,-6155.0169553998,-5955.0169553997985,-6155.0169553997985
2020-12-04,13847.076227200014,6195.035865799813,0,0,0,0.0,19.1026832,0.0,0.0,0.0,0.0,5995.035865799813,13847.076227200014,20035.035865799815,-6187.959638599801,7852.040361400201,7652.040361400201
2020-12-07,7.979550800015204,6195.035865799813,1000,0,0,0.0,5.2766764,0.0,0.0,0.0,0.0,5995.035865799813,13717.979550800015,19905.035865799815,-6187.0563149998,-5987.056314999798,-6187.056314999798
2020-12-08,14114.431173600016,6195.035865799813,0,0,0,0.0,19.408377200000004,0.0,0.0,0.0,0.0,5995.035865799813,14114.431173600016,20335.035865799815,-6220.604692199799,8119.395307800203,7919.395307800203
2020-12-09,0.0,6270.058375599796,1000,0,0,0.0,5.2836834,0.0,0.0,0.0,75.0225097999828,6070.058375599796,13820.0,20090.058375599794,-6270.058375599794,-6070.058375599796,-6270.058375599796
2020-12-10,13397.8850986,6270.058375599796,0,0,0,0.0,18.6849014,0.0,0.0,0.0,0.0,6070.058375599796,13397.8850986,19700.058375599794,-6302.173276999794,7327.826723000204,7127.826723000204
2020-12-11,0.0,6270.821144599795,1000,0,0,0.0,5.2678676,0.0,0.0,0.0,0.7627689999990253,6070.821144599795,13470.0,19740.821144599795,-6270.821144599795,-6070.821144599795,-6270.821144599795
2020-12-14,13507.663010799999,6270.821144599795,0,0,0,0.0,18.7969892,0.0,0.0,0.0,0.0,6070.821144599795,13507.663010799999,19810.821144599795,-6303.158133799796,7436.841866200204,7236.841866200204
2020-12-15,129.0355436000009,6270.821144599795,1000,0,0,0.0,5.2674672000000005,0.0,0.0,0.0,0.0,6070.821144599795,13689.0355436,19830.821144599795,-6141.785600999794,-5941.785600999794,-6141.785600999794
2020-12-16,13626.7187442,6270.821144599795,0,0,0,0.0,18.7867994,0.0,0.0,0.0,0.0,6070.821144599795,13626.7187442,19800.821144599795,-6174.102400399795,7555.897599600205,7355.897599600205
2020-12-17,77.91787360000126,6270.821144599795,1000,0,0,0.0,5.2708706,0.0,0.0,0.0,0.0,6070.821144599795,13657.917873600001,19850.821144599795,-6192.903270999794,-5992.903270999794,-6192.903270999794
2020-12-18,13695.358796600001,6270.821144599795,0,0,0,0.0,18.909077000000003,0.0,0.0,0.0,0.0,6070.821144599795,13695.358796600001,19920.821144599795,-6225.462347999794,7624.537652000206,7424.537652000206
2020-12-21,76.48652460000267,6270.821144599795,1000,0,0,0.0,5.272272,0.0,0.0,0.0,0.0,6070.821144599795,13726.486524600003,19920.821144599795,-6194.334619999792,-5994.334619999792,-6194.334619999792
2020-12-22,13314.694660000003,6270.821144599795,0,0,0,0.0,18.5218646,0.0,0.0,0.0,0.0,6070.821144599795,13314.694660000003,19540.821144599795,-6226.126484599792,7243.873515400208,7043.873515400208
2020-12-23,0.0,6284.70295079979,1000,0,0,0.0,5.2664662,0.0,0.0,0.0,13.88180619999548,6084.70295079979,13580.0,19864.70295079979,-6284.70295079979,-6084.70295079979,-6284.70295079979
2020-12-24,13347.986047600001,6284.70295079979,0,0,0,0.0,18.633952400000002,0.0,0.0,0.0,0.0,6084.70295079979,13347.986047600001,19664.70295079979,-6316.716903199789,7263.283096800211,7063.283096800211
2020-12-25,0.0,6305.334170199787,1000,0,0,0.0,5.267267,0.0,0.0,0.0,20.631219399996553,6105.334170199787,13400.0,19705.334170199785,-6305.334170199785,-6105.334170199787,-6305.334170199787
2020-12-28,13238.2081354,6305.334170199787,0,0,0,0.0,18.5218646,0.0,0.0,0.0,0.0,6105.334170199787,13238.2081354,19575.334170199785,-6337.126034799785,7132.873965200213,6932.873965200213
2020-12-29,0.0,6405.712701199785,1000,0,0,0.0,5.2666664,0.0,0.0,0.0,100.37853099999847,6205.712701199785,13510.0,19915.712701199787,-6405.712701199787,-6205.712701199785,-6405.712701199785
2020-12-30,13637.4005434,6405.712701199785,0,0,0,0.0,18.9294566,0.0,0.0,0.0,0.0,6205.712701199785,13637.4005434,20075.712701199787,-6438.312157799788,7431.687842200214,7231.687842200214
2020-12-31,0.0,6457.255831199784,1000,0,0,0.0,5.2736734,0.0,0.0,0.0,51.5431299999982,6257.255831199784,13690.0,20147.255831199785,-6457.2558311997855,-6257.255831199784,-6457.255831199784
2021-01-04,13767.138076000001,6457.255831199784,0,0,0,0.0,19.061924,0.0,0.0,0.0,0.0,6257.255831199784,13767.138076000001,20257.255831199785,-6490.117755199784,7509.882244800217,7309.882244800217
2021-01-05,0.0,6509.194031199782,1000,0,0,0.0,5.276276,0.0,0.0,0.0,51.93819999999869,6309.194031199782,13950.0,20459.194031199782,-6509.194031199782,-6309.194031199782,-6509.194031199782
2021-01-06,13836.996747399999,6509.194031199782,0,0,0,0.0,19.1332526,0.0,0.0,0.0,0.0,6309.194031199782,13836.996747399999,20379.194031199782,-6542.197283799784,7527.802716200216,7327.802716200216
2021-01-07,27.930671599999187,6509.194031199782,1000,0,0,0.0,5.2760758,0.0,0.0,0.0,0.0,6309.194031199782,13757.9306716,20239.194031199782,-6481.263359599783,-6281.263359599783,-6481.263359599783
2021-01-08,14234.1803964,6509.194031199782,0,0,0,0.0,19.510275200000002,0.0,0.0,0.0,0.0,6309.194031199782,14234.1803964,20749.194031199782,-6515.013634799783,7924.986365200217,7724.986365200217
2021-01-11,114.79811440000049,6509.194031199782,1000,0,0,0.0,5.282282,0.0,0.0,0.0,0.0,6309.194031199782,14474.7981144,20869.194031199782,-6394.395916799782,-6194.395916799782,-6394.395916799782
2021-01-12,14650.3815758,6509.194031199782,0,0,0,0.0,19.846538600000002,0.0,0.0,0.0,0.0,6309.194031199782,14650.3815758,21079.194031199782,-6428.812455399782,8341.187544600218,8141.187544600218
2021-01-13,150.6116862000017,6509.194031199782,1000,0,0,0.0,5.2898896,0.0,0.0,0.0,0.0,6309.194031199782,15330.611686200002,21689.194031199782,-6358.582344999781,-6158.582344999781,-6358.582344999781
2021-01-14,15783.974269600001,6509.194031199782,0,0,0,0.0,20.9674166,0.0,0.0,0.0,0.0,6309.194031199782,15783.974269600001,22179.194031199782,-6395.219761599781,9474.780238400219,9274.780238400219
2021-01-15,193.09255820000362,6509.194031199782,1000,0,0,0.0,5.3117114,0.0,0.0,0.0,0.0,6309.194031199782,15443.092558200004,21759.194031199782,-6316.101472999779,-6116.101472999779,-6316.101472999779
2021-01-18,16036.031155800005,6509.194031199782,0,0,0,0.0,21.181402400000003,0.0,0.0,0.0,0.0,6309.194031199782,16036.031155800005,22389.194031199782,-6353.1628753997775,9726.837124600223,9526.837124600223
2021-01-19,154.8536386000069,6509.194031199782,1000,0,0,0.0,5.3175172,0.0,0.0,0.0,0.0,6309.194031199782,15254.853638600007,21609.194031199782,-6354.340392599775,-6154.340392599775,-6354.340392599775
2021-01-20,15259.286281400007,6509.194031199782,0,0,0,0.0,20.427357200000003,0.0,0.0,0.0,0.0,6309.194031199782,15259.286281400007,21649.194031199782,-6389.907749799775,8950.092250200225,8750.092250200225
2021-01-21,88.83297840000887,6509.194031199782,1000,0,0,0.0,5.303303,0.0,0.0,0.0,0.0,6309.194031199782,15278.832978400009,21699.194031199782,-6420.3610527997735,-6220.3610527997735,-6420.3610527997735
2021-01-22,14804.053023400009,6509.194031199782,0,0,0,0.0,20.029955,0.0,0.0,0.0,0.0,6309.194031199782,14804.053023400009,21259.194031199782,-6455.141007799773,8494.858992200227,8294.858992200227
2021-01-25,94.06892960001096,6509.194031199782,1000,0,0,0.0,5.2940938,0.0,0.0,0.0,0.0,6309.194031199782,15294.068929600011,21709.194031199782,-6415.125101599771,-6215.125101599771,-6415.125101599771
2021-01-26,14879.14764600001,6509.194031199782,0,0,0,0.0,20.101283600000002,0.0,0.0,0.0,0.0,6309.194031199782,14879.14764600001,21329.194031199782,-6450.046385199772,8569.953614800228,8369.953614800228
2021-01-27,0.0,6600.295684199771,1000,0,0,0.0,5.2992989999999995,0.0,0.0,0.0,91.1016529999888,6400.295684199771,14860.0,21460.295684199773,-6600.295684199773,-6400.295684199771,-6600.295684199771
2021-01-28,14176.3102942,6600.295684199771,0,0,0,0.0,19.4797058,0.0,0.0,0.0,0.0,6400.295684199771,14176.3102942,20810.295684199773,-6633.985389999772,7776.014610000229,7576.014610000229
2021-01-29,0.0,6843.673677999768,1000,0,0,0.0,5.288288,0.0,0.0,0.0,243.37799379999706,6643.673677999768,14290.0,21133.673677999766,-6843.673677999766,-6643.673677999768,-6843.673677999768
2021-02-01,13866.936178,6843.673677999768,0,0,0,0.0,19.163822000000003,0.0,0.0,0.0,0.0,6643.673677999768,13866.936178,20743.673677999766,-6876.737499999766,7223.262500000232,7023.262500000232
2021-02-02,0.0,6925.946378599767,1000,0,0,0.0,5.2788786,0.0,0.0,0.0,82.27270059999864,6725.946378599767,13700.0,20625.946378599765,-6925.946378599765,-6725.946378599767,-6925.946378599767
2021-02-03,13238.2081354,6925.946378599767,0,0,0,0.0,18.5218646,0.0,0.0,0.0,0.0,6725.946378599767,13238.2081354,20195.946378599765,-6957.738243199765,6512.261756800233,6312.261756800233
2021-02-04,19.743871400001808,6925.946378599767,1000,0,0,0.0,5.264264,0.0,0.0,0.0,0.0,6725.946378599767,13539.743871400002,20445.946378599765,-6906.202507199763,-6706.202507199765,-6906.202507199765
2021-02-05,13198.073145600003,6925.946378599767,0,0,0,0.0,18.460725800000002,0.0,0.0,0.0,0.0,6725.946378599767,13198.073145600003,20135.946378599765,-6937.873232999762,6472.126767000236,6272.126767000236
2021-02-08,29.659882600004494,6925.946378599767,1000,0,0,0.0,5.263263,0.0,0.0,0.0,0.0,6725.946378599767,13279.659882600004,20175.946378599765,-6896.2864959997605,-6696.286495999762,-6896.286495999762
2021-02-09,13617.161375000003,6925.946378599767,0,0,0,0.0,18.8785076,0.0,0.0,0.0,0.0,6725.946378599767,13617.161375000003,20545.946378599765,-6928.785003599762,6891.2149964002365,6691.2149964002365
2021-02-10,88.38090480000574,6925.946378599767,1000,0,0,0.0,5.2704702,0.0,0.0,0.0,0.0,6725.946378599767,14128.380904800006,20965.946378599765,-6837.565473799759,-6637.565473799761,-6837.565473799761
2021-02-18,14015.195944000006,6925.946378599767,0,0,0,0.0,19.2249608,0.0,0.0,0.0,0.0,6725.946378599767,14015.195944000006,20885.946378599765,-6870.750434599759,7289.24956540024,7089.24956540024
2021-02-19,106.02786620000916,6925.946378599767,1000,0,0,0.0,5.2780778,0.0,0.0,0.0,0.0,6725.946378599767,14296.02786620001,21115.946378599765,-6819.918512399756,-6619.918512399758,-6819.918512399758
2021-02-22,14042.82271560001,6925.946378599767,0,0,0,0.0,19.235150600000004,0.0,0.0,0.0,0.0,6725.946378599767,14042.82271560001,20895.946378599765,-6853.123662999755,7316.876337000243,7116.876337000243
2021-02-23,173.6954386000125,6925.946378599767,1000,0,0,0.0,5.277277,0.0,0.0,0.0,0.0,6725.946378599767,13963.695438600012,20715.946378599765,-6752.2509399997525,-6552.250939999754,-6752.250939999754
2021-02-24,14190.328769600013,6925.946378599767,0,0,0,0.0,19.316669,0.0,0.0,0.0,0.0,6725.946378599767,14190.328769600013,20975.946378599765,-6785.617608999752,7464.382391000247,7264.382391000247
2021-02-25,120.99748860001455,6925.946378599767,1000,0,0,0.0,5.281281,0.0,0.0,0.0,0.0,6725.946378599767,14040.997488600015,20845.946378599765,-6804.9488899997505,-6604.948889999752,-6804.948889999752
2021-02-26,13898.115374800014,6925.946378599767,0,0,0,0.0,19.072113800000004,0.0,0.0,0.0,0.0,6725.946378599767,13898.115374800014,20735.946378599765,-6837.831003799751,7172.168996200247,6972.168996200247
2021-03-01,38.9982980000168,6925.946378599767,1000,0,0,0.0,5.2770768,0.0,0.0,0.0,0.0,6725.946378599767,13888.998298000017,20775.946378599765,-6886.948080599748,-6686.94808059975,-6886.94808059975
2021-03-02,13586.580549600018,6925.946378599767,0,0,0,0.0,18.837748400000002,0.0,0.0,0.0,0.0,6725.946378599767,13586.580549600018,20505.946378599765,-6919.3658289997475,6860.634171000251,6660.634171000251
2021-03-03,7.749078400020153,6925.946378599767,1000,0,0,0.0,5.2714712,0.0,0.0,0.0,0.0,6725.946378599767,13907.74907840002,20825.946378599765,-6918.197300199745,-6718.197300199747,-6918.197300199747
2021-03-04,13605.230381000021,6925.946378599767,0,0,0,0.0,18.8886974,0.0,0.0,0.0,0.0,6725.946378599767,13605.230381000021,20555.946378599765,-6950.715997599744,6879.284002400254,6679.284002400254
2021-03-05,86.46011100002215,6925.946378599767,1000,0,0,0.0,5.27027,0.0,0.0,0.0,0.0,6725.946378599767,13836.460111000022,20675.946378599765,-6839.486267599743,-6639.486267599745,-6839.486267599745
2021-03-08,13753.80008500002,6925.946378599767,0,0,0,0.0,18.960026,0.0,0.0,0.0,0.0,6725.946378599767,13753.80008500002,20625.946378599765,-6872.146293599744,7027.853706400254,6827.853706400254
2021-03-09,54.846211400023094,6925.946378599767,1000,0,0,0.0,5.2738736,0.0,0.0,0.0,0.0,6725.946378599767,13954.846211400023,20825.946378599765,-6871.100167199742,-6671.100167199744,-6871.100167199744
2021-03-10,13752.125616000023,6925.946378599767,0,0,0,0.0,18.990595400000004,0.0,0.0,0.0,0.0,6725.946378599767,13752.125616000023,20655.946378599765,-6903.820762599742,7026.179237400256,6826.179237400256
2021-03-11,13.130941600024016,6925.946378599767,1000,0,0,0.0,5.2746744,0.0,0.0,0.0,0.0,6725.946378599767,13683.130941600024,20595.946378599765,-6912.815436999741,-6712.815436999743,-6912.815436999743
2021-03-12,13510.814142200023,6925.946378599767,0,0,0,0.0,18.7867994,0.0,0.0,0.0,0.0,6725.946378599767,13510.814142200023,20455.946378599765,-6945.132236399742,6784.867763600256,6584.867763600256
2021-03-15,12.064272600024196,6925.946378599767,1000,0,0,0.0,5.2698696,0.0,0.0,0.0,0.0,6725.946378599767,13332.064272600024,20245.946378599765,-6913.882105999741,-6713.882105999743,-6913.882105999743
2021-03-16,13449.868612000026,6925.946378599767,0,0,0,0.0,18.7256606,0.0,0.0,0.0,0.0,6725.946378599767,13449.868612000026,20395.946378599765,-6946.077766599739,6723.922233400259,6523.922233400259
2021-03-17,0.0,6944.79703559974,1000,0,0,0.0,5.2692689999999995,0.0,0.0,0.0,18.85065699997358,6744.79703559974,13550.0,20494.79703559974,-6944.797035599739,-6744.79703559974,-6944.79703559974
2021-03-18,13487.7033904,6944.79703559974,0,0,0,0.0,18.7766096,0.0,0.0,0.0,0.0,6744.79703559974,13487.7033904,20464.79703559974,-6977.093645199739,6742.90635480026,6542.90635480026
2021-03-19,0.0,6995.884315599738,1000,0,0,0.0,5.2706704,0.0,0.0,0.0,51.08727999999792,6795.884315599738,13500.0,20495.88431559974,-6995.884315599738,-6795.884315599738,-6995.884315599738
2021-03-22,13517.642821000001,6995.884315599738,0,0,0,0.0,18.807179,0.0,0.0,0.0,0.0,6795.884315599738,13517.642821000001,20545.88431559974,-7028.241494599737,6721.758505400263,6521.758505400263
2021-03-23,0.0,7057.072965799734,1000,0,0,0.0,5.2714712,0.0,0.0,0.0,61.18865019999612,6857.072965799734,13650.0,20707.072965799736,-7057.072965799736,-6857.072965799734,-7057.072965799734
2021-03-24,13827.0169372,7057.072965799734,0,0,0,0.0,19.1230628,0.0,0.0,0.0,0.0,6857.072965799734,13827.0169372,20917.072965799736,-7090.056028599736,6969.943971400266,6769.943971400266
2021-03-25,0.0,7149.234306599732,1000,0,0,0.0,5.278278,0.0,0.0,0.0,92.16134079999756,6949.234306599732,13820.0,20969.234306599734,-7149.234306599734,-6949.234306599732,-7149.234306599732
2021-03-26,14006.653520799999,7149.234306599732,0,0,0,0.0,19.3064792,0.0,0.0,0.0,0.0,6949.234306599732,14006.653520799999,21189.234306599734,-7182.580785799735,7057.419214200267,6857.419214200267
2021-03-29,0.0,7231.932467199731,1000,0,0,0.0,5.2816814,0.0,0.0,0.0,82.69816059999903,7031.932467199731,13650.0,20881.93246719973,-7231.932467199731,-7031.932467199731,-7231.932467199731
2021-03-30,14326.0074472,7231.932467199731,0,0,0,0.0,19.6325528,0.0,0.0,0.0,0.0,7031.932467199731,14326.0074472,21591.93246719973,-7265.925019999731,7294.074980000269,7094.074980000269
2021-03-31,6.421161199999915,7231.932467199731,1000,0,0,0.0,5.286286,0.0,0.0,0.0,0.0,7031.932467199731,14376.4211612,21601.93246719973,-7225.511305999731,-7025.511305999731,-7225.511305999731
2021-04-01,14392.3074696,7231.932467199731,0,0,0,0.0,19.6936916,0.0,0.0,0.0,0.0,7031.932467199731,14392.3074696,21651.93246719973,-7259.624997599731,7360.375002400269,7160.375002400269
2021-04-02,2.649782200001937,7231.932467199731,1000,0,0,0.0,5.2876874,0.0,0.0,0.0,0.0,7031.932467199731,14152.649782200002,21381.93246719973,-7229.282684999729,-7029.282684999729,-7229.282684999729
2021-04-06,14129.061025400002,7231.932467199731,0,0,0,0.0,19.428756800000002,0.0,0.0,0.0,0.0,7031.932467199731,14129.061025400002,21391.93246719973,-7262.871441799729,7097.128558200271,6897.128558200271
2021-04-07,0.0,7312.345525599727,1000,0,0,0.0,5.2840838,0.0,0.0,0.0,80.41305839999586,7112.345525599727,14380.0,21692.345525599725,-7312.345525599725,-7112.345525599727,-7312.345525599727
2021-04-08,14326.0074472,7312.345525599727,0,0,0,0.0,19.6325528,0.0,0.0,0.0,0.0,7112.345525599727,14326.0074472,21672.345525599725,-7346.338078399725,7213.661921600273,7013.661921600273
2021-04-09,16.43136140000024,7312.345525599727,1000,0,0,0.0,5.2860858,0.0,0.0,0.0,0.0,7112.345525599727,14076.4313614,21372.345525599725,-7295.914164199725,-7095.914164199727,-7295.914164199727
2021-04-12,14043.044502600002,7312.345525599727,0,0,0,0.0,19.326858800000004,0.0,0.0,0.0,0.0,7112.345525599727,14043.044502600002,21372.345525599725,-7329.3010229997235,6930.698977000275,6730.698977000275
2021-04-13,0.0,7348.642504199723,1000,0,0,0.0,5.2814812,0.0,0.0,0.0,36.29697859999578,7148.642504199723,14490.0,21838.64250419972,-7348.642504199721,-7148.642504199723,-7348.642504199723
2021-04-14,14465.72479,7348.642504199723,0,0,0,0.0,19.77521,0.0,0.0,0.0,0.0,7148.642504199723,14465.72479,21848.64250419972,-7382.917714199721,7317.0822858002775,7117.0822858002775
2021-04-15,0.0,7442.748804999721,1000,0,0,0.0,5.2910908,0.0,0.0,0.0,94.10630079999828,7242.748804999721,14380.0,21822.74880499972,-7442.748804999719,-7242.748804999721,-7442.748804999721
2021-04-16,14365.926688,7442.748804999721,0,0,0,0.0,19.673312000000003,0.0,0.0,0.0,0.0,7242.748804999721,14365.926688,21842.74880499972,-7476.82211699972,7123.177883000279,6923.177883000279
2021-04-19,0.0,7446.459403999719,1000,0,0,0.0,5.287287,0.0,0.0,0.0,3.710598999998183,7246.459403999719,14710.0,22156.459403999717,-7446.459403999717,-7246.459403999719,-7446.459403999719
2021-04-20,14345.9670676,7446.459403999719,0,0,0,0.0,19.652932400000005,0.0,0.0,0.0,0.0,7246.459403999719,14345.9670676,21826.459403999717,-7480.492336399717,7099.507663600281,6899.507663600281
2021-04-21,0.0,7450.1092229997175,1000,0,0,0.0,5.2868866,0.0,0.0,0.0,3.649818999998388,7250.1092229997175,14420.0,21870.109222999716,-7450.109222999716,-7250.1092229997175,-7450.1092229997175
2021-04-22,14146.3708636,7450.1092229997175,0,0,0,0.0,19.4491364,0.0,0.0,0.0,0.0,7250.1092229997175,14146.3708636,21630.109222999716,-7483.7383593997165,6896.261640600282,6696.261640600282
2021-04-23,0.0,7473.171642399717,1000,0,0,0.0,5.283283,0.0,0.0,0.0,23.06241939999927,7273.171642399717,14180.0,21653.171642399717,-7473.171642399717,-7273.171642399717,-7473.171642399717
2021-04-26,14316.027637,7473.171642399717,0,0,0,0.0,19.622363,0.0,0.0,0.0,0.0,7273.171642399717,14316.027637,21823.171642399717,-7507.144005399718,7042.855994600282,6842.855994600282
2021-04-27,0.0,7516.771092199717,1000,0,0,0.0,5.2870868,0.0,0.0,0.0,43.5994498,7316.771092199717,14420.0,21936.771092199717,-7516.771092199717,-7316.771092199717,-7516.771092199717
2021-04-28,14515.623841,7516.771092199717,0,0,0,0.0,19.826159000000004,0.0,0.0,0.0,0.0,7316.771092199717,14515.623841,22066.771092199717,-7551.147251199716,7198.852748800284,6998.852748800284
2021-04-29,0.0,7671.090544199715,1000,0,0,0.0,5.293293,0.0,0.0,0.0,154.3194519999979,7471.090544199715,14700.0,22371.090544199717,-7671.0905441997165,-7471.090544199715,-7671.090544199715
2021-04-30,13727.2188352,7671.090544199715,0,0,0,0.0,19.0211648,0.0,0.0,0.0,0.0,7471.090544199715,13727.2188352,21431.090544199717,-7703.871708999717,6256.128291000285,6056.128291000285
2021-05-06,98.33636300000035,7671.090544199715,1000,0,0,0.0,5.2724722,0.0,0.0,0.0,0.0,7471.090544199715,13768.336363,21341.090544199717,-7572.754181199716,-7372.754181199714,-7572.754181199714
2021-05-07,13516.181082,7671.090544199715,0,0,0,0.0,18.705281,0.0,0.0,0.0,0.0,7471.090544199715,13516.181082,21121.090544199717,-7604.909462199717,6045.090537800284,5845.090537800284
2021-05-10,0.0,7673.679732199715,1000,0,0,0.0,5.27027,0.0,0.0,0.0,2.589187999999922,7473.679732199715,13520.0,21193.679732199715,-7673.679732199715,-7473.679732199715,-7673.679732199715
2021-05-11,13457.7639598,7673.679732199715,0,0,0,0.0,18.746040200000003,0.0,0.0,0.0,0.0,7473.679732199715,13457.7639598,21163.679732199715,-7705.915772399714,5984.084227600286,5784.084227600286
2021-05-12,19.075291400002243,7673.679732199715,1000,0,0,0.0,5.2686684,0.0,0.0,0.0,0.0,7473.679732199715,13539.075291400002,21193.679732199715,-7654.604440799712,-7454.604440799712,-7654.604440799712
2021-05-13,13367.061339000003,7673.679732199715,0,0,0,0.0,18.633952400000002,0.0,0.0,0.0,0.0,7473.679732199715,13367.061339000003,21053.679732199715,-7686.618393199711,5893.381606800289,5693.381606800289
2021-05-14,0.0,7725.286661199709,1000,0,0,0.0,5.268268,0.0,0.0,0.0,51.606928999994125,7525.286661199709,13480.0,21205.28666119971,-7725.286661199709,-7525.286661199709,-7725.286661199709
2021-05-17,13268.147566000001,7725.286661199709,0,0,0,0.0,18.552434,0.0,0.0,0.0,0.0,7525.286661199709,13268.147566000001,21025.28666119971,-7757.139095199707,5742.860904800293,5542.860904800293
2021-05-18,0.0,7785.715561399706,1000,0,0,0.0,5.2664662,0.0,0.0,0.0,60.42890019999686,7585.715561399706,13350.0,21135.715561399706,-7785.715561399706,-7585.715561399706,-7785.715561399706
2021-05-19,13178.329274200001,7785.715561399706,0,0,0,0.0,18.460725800000002,0.0,0.0,0.0,0.0,7585.715561399706,13178.329274200001,20995.715561399706,-7817.386287199704,5592.613712800296,5392.613712800296
2021-05-20,0.0,7825.850551199703,1000,0,0,0.0,5.264264,0.0,0.0,0.0,40.13498979999713,7625.850551199703,13220.0,21045.850551199703,-7825.850551199703,-7625.850551199703,-7825.850551199703
2021-05-21,13078.531172199999,7825.850551199703,0,0,0,0.0,18.3588278,0.0,0.0,0.0,0.0,7625.850551199703,13078.531172199999,20935.850551199703,-7857.319378999704,5452.680621000296,5252.680621000296
2021-05-24,0.0,7875.691841199703,1000,0,0,0.0,5.2624622,0.0,0.0,0.0,49.8412900000003,7675.691841199703,12550.0,20425.691841199703,-7875.691841199703,-7675.691841199703,-7875.691841199703
2021-05-25,12609.4800928,7875.691841199703,0,0,0,0.0,17.8799072,0.0,0.0,0.0,0.0,7675.691841199703,12609.4800928,20515.691841199703,-7906.211748399703,4933.788251600297,4733.788251600297
2021-05-26,31.668641600001138,7875.691841199703,1000,0,0,0.0,5.2514512,0.0,0.0,0.0,0.0,7675.691841199703,12591.668641600001,20435.691841199703,-7844.023199599702,-7644.023199599702,-7844.023199599702
2021-05-27,12621.189114,7875.691841199703,0,0,0,0.0,17.8595276,0.0,0.0,0.0,0.0,7675.691841199703,12621.189114,20495.691841199703,-7874.502727199702,4945.497272800298,4745.497272800298
2021-05-28,43.37766280000142,7875.691841199703,1000,0,0,0.0,5.2514512,0.0,0.0,0.0,0.0,7675.691841199703,12393.377662800001,20225.691841199703,-7832.314178399702,-7632.314178399702,-7832.314178399702
2021-05-31,12433.301931200001,7875.691841199703,0,0,0,0.0,17.655731600000003,0.0,0.0,0.0,0.0,7675.691841199703,12433.301931200001,20295.691841199703,-7862.389909999702,4757.610090000298,4557.610090000298
2021-06-01,0.0,7880.0585583997,1000,0,0,0.0,5.2486484,0.0,0.0,0.0,4.366717199996856,7680.0585583997,12430.0,20310.0585583997,-7880.058558399702,-7680.0585583997,-7880.0585583997
2021-06-02,12190.3280644,7880.0585583997,0,0,0,0.0,17.451935600000002,0.0,0.0,0.0,0.0,7680.0585583997,12190.3280644,20100.0585583997,-7909.730493999701,4510.269506000301,4310.269506000301
2021-06-03,0.0,7927.195138399698,1000,0,0,0.0,5.2446444,0.0,0.0,0.0,47.1365799999985,7727.195138399698,12260.0,20187.1951383997,-7927.1951383997,-7727.195138399698,-7927.195138399698
2021-06-04,12190.3280644,7927.195138399698,0,0,0,0.0,17.451935600000002,0.0,0.0,0.0,0.0,7727.195138399698,12190.3280644,20147.1951383997,-7956.8670739997,4463.132926000302,4263.132926000302
2021-06-07,0.0,7984.341918599695,1000,0,0,0.0,5.2448446,0.0,0.0,0.0,57.14678019999701,7784.341918599695,12490.0,20474.341918599697,-7984.341918599697,-7784.341918599695,-7984.341918599695
2021-06-08,12479.7425602,7984.341918599695,0,0,0,0.0,17.747439800000002,0.0,0.0,0.0,0.0,7784.341918599695,12479.7425602,20494.341918599697,-8014.599358399697,4695.400641600305,4495.400641600305
2021-06-09,0.0,7992.319007799695,1000,0,0,0.0,5.2496494,0.0,0.0,0.0,7.977089199999682,7792.319007799695,12540.0,20532.319007799695,-7992.319007799695,-7792.319007799695,-7992.319007799695
2021-06-10,12529.6416112,7992.319007799695,0,0,0,0.0,17.7983888,0.0,0.0,0.0,0.0,7792.319007799695,12529.6416112,20552.319007799695,-8022.6773965996945,4737.3226034003055,4537.3226034003055
2021-06-11,0.0,8040.488847799694,1000,0,0,0.0,5.2514512,0.0,0.0,0.0,48.16983999999866,7840.488847799694,12500.0,20540.488847799694,-8040.488847799694,-7840.488847799694,-8040.488847799694
2021-06-15,12519.661801,8040.488847799694,0,0,0,0.0,17.788199000000002,0.0,0.0,0.0,0.0,7840.488847799694,12519.661801,20590.488847799694,-8070.827046799694,4679.172953200306,4479.172953200306
2021-06-16,1.9115510000028735,8040.488847799694,1000,0,0,0.0,5.25025,0.0,0.0,0.0,0.0,7840.488847799694,12321.911551000003,20360.488847799694,-8038.577296799691,-7838.577296799691,-8038.577296799691
2021-06-17,12421.775250000002,8040.488847799694,0,0,0,0.0,17.686301,0.0,0.0,0.0,0.0,7840.488847799694,12421.775250000002,20490.488847799694,-8068.713597799691,4581.286402200309,4381.286402200309
2021-06-18,0.0,8116.44344739969,1000,0,0,0.0,5.2498496,0.0,0.0,0.0,75.95459959999607,7916.44344739969,12490.0,20606.443447399688,-8116.443447399688,-7916.44344739969,-8116.44344739969
2021-06-21,12350.0050276,8116.44344739969,0,0,0,0.0,17.6149724,0.0,0.0,0.0,0.0,7916.44344739969,12350.0050276,20496.443447399688,-8146.438419799688,4433.56158020031,4233.56158020031
2021-06-22,0.0,8154.056067199688,1000,0,0,0.0,5.2476474,0.0,0.0,0.0,37.612619799998356,7954.056067199688,12310.0,20464.056067199686,-8154.056067199686,-7954.056067199688,-8154.056067199688
2021-06-23,12529.6416112,8154.056067199688,0,0,0,0.0,17.7983888,0.0,0.0,0.0,0.0,7954.056067199688,12529.6416112,20714.056067199686,-8184.414455999686,4575.585544000312,4375.585544000312
2021-06-24,0.0,8252.276908199687,1000,0,0,0.0,5.2524522000000005,0.0,0.0,0.0,98.22084099999847,8052.276908199687,12670.0,20922.27690819969,-8252.276908199688,-8052.276908199687,-8252.276908199687
2021-06-25,12579.5406622,8252.276908199687,0,0,0,0.0,17.8493378,0.0,0.0,0.0,0.0,8052.276908199687,12579.5406622,20862.27690819969,-8282.73624599969,4527.2637540003125,4327.2637540003125
2021-06-28,0.0,8350.649699199686,1000,0,0,0.0,5.2534532,0.0,0.0,0.0,98.37279099999978,8150.649699199686,12580.0,20930.649699199686,-8350.649699199686,-8150.649699199686,-8350.649699199686
2021-06-29,12379.9444582,8350.649699199686,0,0,0,0.0,17.645541800000004,0.0,0.0,0.0,0.0,8150.649699199686,12379.9444582,20760.649699199686,-8380.705240999687,4229.294759000313,4029.294759000313
2021-06-30,0.0,8438.404489999686,1000,0,0,0.0,5.249249,0.0,0.0,0.0,87.75479079999968,8238.404489999686,12410.0,20848.404489999688,-8438.404489999688,-8238.404489999686,-8438.404489999686
2021-07-01,12270.166546,8438.404489999686,0,0,0,0.0,17.533454,0.0,0.0,0.0,0.0,8238.404489999686,12270.166546,20738.404489999688,-8468.237943999688,4031.7620560003143,3831.7620560003143
2021-07-02,0.0,8475.773989799685,1000,0,0,0.0,5.2460458,0.0,0.0,0.0,37.369499799999176,8275.773989799685,11970.0,20445.773989799687,-8475.773989799687,-8275.773989799685,-8475.773989799685
2021-07-05,12160.3886338,8475.773989799685,0,0,0,0.0,17.4213662,0.0,0.0,0.0,0.0,8275.773989799685,12160.3886338,20665.773989799687,-8505.385355999688,3884.614644000314,3684.614644000314
2021-07-06,0.0,8522.819399799684,1000,0,0,0.0,5.2440438,0.0,0.0,0.0,47.04540999999881,8322.819399799684,12230.0,20752.819399799686,-8522.819399799686,-8322.819399799684,-8522.819399799684
2021-07-07,12120.469393000001,8522.819399799684,0,0,0,0.0,17.380607,0.0,0.0,0.0,0.0,8322.819399799684,12120.469393000001,20672.819399799686,-8552.350006799685,3797.649993200317,3597.649993200317
2021-07-08,0.0,8579.75344999968,1000,0,0,0.0,5.2434432,0.0,0.0,0.0,56.93405019999591,8379.75344999968,12030.0,20609.75344999968,-8579.75344999968,-8379.75344999968,-8579.75344999968
2021-07-09,11920.873189,8579.75344999968,0,0,0,0.0,17.176811,0.0,0.0,0.0,0.0,8379.75344999968,11920.873189,20529.75344999968,-8608.88026099968,3541.11973900032,3341.11973900032
2021-07-12,0.0,8676.120500999677,1000,0,0,0.0,5.24024,0.0,0.0,0.0,96.36705099999745,8476.120500999677,12000.0,20676.120500999677,-8676.120500999677,-8476.120500999677,-8676.120500999677
2021-07-13,12010.691480799998,8676.120500999677,0,0,0,0.0,17.2685192,0.0,0.0,0.0,0.0,8476.120500999677,12010.691480799998,20716.120500999677,-8705.42902019968,3534.570979800321,3334.570979800321
2021-07-14,0.0,8692.679460399677,1000,0,0,0.0,5.2404402,0.0,0.0,0.0,16.558959399999367,8492.679460399677,11640.0,20332.679460399675,-8692.679460399675,-8492.679460399677,-8692.679460399677
2021-07-15,11721.276985,8692.679460399677,0,0,0,0.0,16.973015,0.0,0.0,0.0,0.0,8492.679460399677,11721.276985,20442.679460399675,-8721.402475399675,3228.5975246003236,3028.5975246003236
2021-07-16,0.0,8708.357109799676,1000,0,0,0.0,5.2346344,0.0,0.0,0.0,15.6776493999987,8508.357109799676,11490.0,20198.357109799676,-8708.357109799676,-8508.357109799676,-8708.357109799676
2021-07-19,11531.660591200001,8708.357109799676,0,0,0,0.0,16.7794088,0.0,0.0,0.0,0.0,8508.357109799676,11531.660591200001,20268.357109799676,-8736.696518599674,3023.303481400326,2823.303481400326
2021-07-20,4.920161000003645,8708.357109799676,1000,0,0,0.0,5.2304302,0.0,0.0,0.0,0.0,8508.357109799676,11724.920161000004,20428.357109799676,-8703.436948799672,-8503.436948799672,-8703.436948799672
2021-07-21,11746.156766400003,8708.357109799676,0,0,0,0.0,16.993394600000002,0.0,0.0,0.0,0.0,8508.357109799676,11746.156766400003,20478.357109799676,-8732.200343399672,3237.7996566003276,3037.7996566003276
2021-07-22,0.0,8739.195778599671,1000,0,0,0.0,5.2354352,0.0,0.0,0.0,30.838668799995503,8539.195778599671,11710.0,20449.19577859967,-8739.195778599671,-8539.195778599671,-8739.195778599671
2021-07-23,11731.256795199999,8739.195778599671,0,0,0,0.0,16.983204800000003,0.0,0.0,0.0,0.0,8539.195778599671,11731.256795199999,20499.19577859967,-8767.938983399672,3192.061016600328,2992.061016600328
2021-07-26,0.0,8814.965019199672,1000,0,0,0.0,5.2360358,0.0,0.0,0.0,75.76924060000056,8614.965019199672,11620.0,20434.96501919967,-8814.96501919967,-8614.965019199672,-8814.965019199672
2021-07-27,11452.225905599998,9064.965019199672,0,0,0,0.0,16.4940944,50.0,250.0,250.0,0.0,8614.965019199672,11452.225905599998,20344.96501919967,-8892.739113599671,2837.260886400327,2387.260886400327
2021-07-28,155.72007999999914,9064.965019199672,1000,0,0,0.0,5.2258256,0.0,0.0,0.0,0.0,8614.965019199672,11155.72008,20064.96501919967,-8909.24493919967,-8459.244939199672,-8909.244939199672
2021-07-29,11118.5314898,9064.965019199672,0,0,0,0.0,16.1985902,0.0,0.0,0.0,0.0,8614.965019199672,11118.5314898,20054.96501919967,-8936.43352939967,2503.566470600328,2053.566470600328
2021-07-30,142.35207059999993,9064.965019199672,1000,0,0,0.0,5.2194192,0.0,0.0,0.0,0.0,8614.965019199672,11362.3520706,20284.96501919967,-8922.61294859967,-8472.612948599672,-8922.612948599672
2021-08-02,11923.507916800001,9064.965019199672,0,0,0,0.0,17.034153800000002,0.0,0.0,0.0,0.0,8614.965019199672,11923.507916800001,20874.96501919967,-8951.457102399669,3308.5428976003295,2858.5428976003295
2021-08-03,56.4206798000032,9064.965019199672,1000,0,0,0.0,5.237237,0.0,0.0,0.0,0.0,8614.965019199672,11886.420679800003,20894.96501919967,-9008.544339399667,-8558.544339399668,-9008.544339399668
2021-08-04,11937.374628000003,9064.965019199672,0,0,0,0.0,17.1360518,0.0,0.0,0.0,0.0,8614.965019199672,11937.374628000003,20974.96501919967,-9037.590391199667,3322.4096088003316,2872.4096088003316
2021-08-05,0.0,9124.810230799669,1000,0,0,0.0,5.2398396,0.0,0.0,0.0,59.84521159999713,8674.810230799669,11850.0,20974.810230799667,-9124.810230799667,-8674.810230799669,-9124.810230799669
2021-08-06,11801.1154666,9124.810230799669,0,0,0,0.0,17.0545334,0.0,0.0,0.0,0.0,8674.810230799669,11801.1154666,20954.810230799667,-9153.694764199667,3126.3052358003315,2676.3052358003315
2021-08-09,0.0,9140.731000199668,1000,0,0,0.0,5.236236,0.0,0.0,0.0,15.920769399999699,8690.731000199668,12030.0,21170.731000199667,-9140.731000199667,-8690.731000199668,-9140.731000199668
2021-08-10,12110.4895828,9140.731000199668,0,0,0,0.0,17.370417200000002,0.0,0.0,0.0,0.0,8690.731000199668,12110.4895828,21280.731000199667,-9170.241417399666,3419.7585826003324,2969.7585826003324
2021-08-11,0.0,9287.726462199666,1000,0,0,0.0,5.2450448,0.0,0.0,0.0,146.99546199999713,8837.726462199666,11780.0,21067.726462199666,-9287.726462199666,-8837.726462199666,-9287.726462199666
2021-08-12,11721.276985,9287.726462199666,0,0,0,0.0,16.973015,0.0,0.0,0.0,0.0,8837.726462199666,11721.276985,21037.726462199666,-9316.449477199665,2883.550522800335,2433.550522800335
2021-08-13,0.0,9323.424511999663,1000,0,0,0.0,5.2350348,0.0,0.0,0.0,35.698049799997534,8873.424511999663,11840.0,21163.424511999663,-9323.424511999663,-8873.424511999663,-9323.424511999663
2021-08-16,12240.2271154,9323.424511999663,0,0,0,0.0,17.5028846,0.0,0.0,0.0,0.0,8873.424511999663,12240.2271154,21593.424511999663,-9353.197396599664,3366.802603400336,2916.802603400336
2021-08-17,0.0,9370.713041999663,1000,0,0,0.0,5.2456454,0.0,0.0,0.0,47.28852999999981,8920.713041999663,12020.0,21390.71304199966,-9370.713041999661,-8920.713041999663,-9370.713041999663
2021-08-18,12220.267495,9370.713041999663,0,0,0,0.0,17.482505000000003,0.0,0.0,0.0,0.0,8920.713041999663,12220.267495,21620.71304199966,-9400.445546999661,3299.554453000337,2849.554453000337
2021-08-19,2.823251000001619,9370.713041999663,1000,0,0,0.0,5.244244,0.0,0.0,0.0,0.0,8920.713041999663,11852.823251000002,21220.71304199966,-9367.88979099966,-8917.889790999661,-9367.889790999661
2021-08-20,11853.837768600002,9370.713041999663,0,0,0,0.0,17.1054824,0.0,0.0,0.0,0.0,8920.713041999663,11853.837768600002,21250.71304199966,-9396.875273399659,2933.1247266003393,2483.1247266003393
2021-08-23,0.0,9494.07471259966,1000,0,0,0.0,5.2394392,0.0,0.0,0.0,123.36167059999752,9044.07471259966,12040.0,21534.07471259966,-9494.07471259966,-9044.07471259966,-9494.07471259966
2021-08-24,12020.671291,9494.07471259966,0,0,0,0.0,17.278709,0.0,0.0,0.0,0.0,9044.07471259966,12020.671291,21544.07471259966,-9523.40342159966,2976.59657840034,2526.59657840034
2021-08-25,0.0,9520.674262199658,1000,0,0,0.0,5.2408406,0.0,0.0,0.0,26.599549599997772,9070.674262199658,11980.0,21500.67426219966,-9520.67426219966,-9070.674262199658,-9520.674262199658
2021-08-26,11661.3981238,9520.674262199658,0,0,0,0.0,16.911876200000002,0.0,0.0,0.0,0.0,9070.674262199658,11661.3981238,21210.67426219966,-9549.27613839966,2590.7238616003415,2140.7238616003415
2021-08-27,0.0,9566.200172199657,1000,0,0,0.0,5.2340338,0.0,0.0,0.0,45.525909999998476,9116.200172199657,11710.0,21276.200172199657,-9566.200172199657,-9116.200172199657,-9566.200172199657
2021-08-30,11481.7615402,9566.200172199657,0,0,0,0.0,16.728459800000003,0.0,0.0,0.0,0.0,9116.200172199657,11481.7615402,21076.200172199657,-9594.438631999657,2365.5613680003426,1915.5613680003426
2021-08-31,0.0,9631.199462599656,1000,0,0,0.0,5.2308306,0.0,0.0,0.0,64.99929039999915,9181.199462599656,11480.0,21111.199462599656,-9631.199462599656,-9181.199462599656,-9631.199462599656
2021-09-01,11681.3577442,9631.199462599656,0,0,0,0.0,16.9322558,0.0,0.0,0.0,0.0,9181.199462599656,11681.3577442,21341.199462599656,-9659.841718399655,2500.1582816003447,2050.1582816003447
2021-09-02,0.0,9676.786152599654,1000,0,0,0.0,5.2344342,0.0,0.0,0.0,45.58668999999827,9226.786152599654,11750.0,21426.786152599656,-9676.786152599656,-9226.786152599654,-9676.786152599654
2021-09-03,11970.77224,9676.786152599654,0,0,0,0.0,17.227760000000004,0.0,0.0,0.0,0.0,9226.786152599654,11970.77224,21676.786152599656,-9706.013912599656,2743.986087400346,2293.986087400346
2021-09-06,0.0,9733.264352799652,1000,0,0,0.0,5.2404402,0.0,0.0,0.0,56.478200199997445,9283.264352799652,12050.0,21783.26435279965,-9733.264352799652,-9283.264352799652,-9733.264352799652
2021-09-07,12140.4290134,9733.264352799652,0,0,0,0.0,17.400986600000003,0.0,0.0,0.0,0.0,9283.264352799652,12140.4290134,21903.26435279965,-9762.835339399651,2857.1646606003487,2407.1646606003487
2021-09-08,0.0,9780.248982799649,1000,0,0,0.0,5.2436434,0.0,0.0,0.0,46.984629999997196,9330.248982799649,12190.0,21970.248982799647,-9780.248982799647,-9330.248982799649,-9780.248982799649
2021-09-09,12150.408823599999,9780.248982799649,0,0,0,0.0,17.411176400000002,0.0,0.0,0.0,0.0,9330.248982799649,12150.408823599999,21960.248982799647,-9809.840159199648,2820.15984080035,2370.15984080035
2021-09-10,0.0,9817.253802599647,1000,0,0,0.0,5.2436434,0.0,0.0,0.0,37.004819799998586,9367.253802599647,12200.0,22017.253802599647,-9817.253802599647,-9367.253802599647,-9817.253802599647
2021-09-13,12140.4290134,9817.253802599647,0,0,0,0.0,17.400986600000003,0.0,0.0,0.0,0.0,9367.253802599647,12140.4290134,21987.253802599647,-9846.824789199647,2773.175210800353,2323.175210800353
2021-09-14,3.0663710000007995,9817.253802599647,1000,0,0,0.0,5.2426424,0.0,0.0,0.0,0.0,9367.253802599647,11943.066371,21757.253802599647,-9814.187431599647,-9364.187431599647,-9814.187431599647
2021-09-15,11774.242407000002,9817.253802599647,0,0,0,0.0,17.023964,0.0,0.0,0.0,0.0,9367.253802599647,11774.242407000002,21617.253802599647,-9843.011395599646,2406.9886044003542,1956.9886044003542
2021-09-16,0.0,9860.047631599646,1000,0,0,0.0,5.236236,0.0,0.0,0.0,42.79382899999837,9410.047631599646,11750.0,21610.047631599646,-9860.047631599646,-9410.047631599646,-9860.047631599646
2021-09-17,11721.276985,9860.047631599646,0,0,0,0.0,16.973015,0.0,0.0,0.0,0.0,9410.047631599646,11721.276985,21610.047631599646,-9888.770646599645,2311.2293534003547,1861.2293534003547
2021-09-22,24.363151400002607,9860.047631599646,1000,0,0,0.0,5.2338336,0.0,0.0,0.0,0.0,9410.047631599646,11714.363151400003,21550.047631599646,-9835.684480199643,-9385.684480199643,-9835.684480199643
2021-09-23,12074.973873000003,9860.047631599646,0,0,0,0.0,17.3092784,0.0,0.0,0.0,0.0,9410.047631599646,12074.973873000003,21940.047631599646,-9865.073758599643,2664.926241400357,2214.926241400357
2021-09-24,57.733633000005284,9860.047631599646,1000,0,0,0.0,5.24024,0.0,0.0,0.0,0.0,9410.047631599646,11917.733633000005,21720.047631599646,-9802.31399859964,-9352.31399859964,-9802.31399859964
2021-09-27,11898.768340400004,9860.047631599646,0,0,0,0.0,17.0952926,0.0,0.0,0.0,0.0,9410.047631599646,11898.768340400004,21730.047631599646,-9831.279291199642,2488.720708800358,2038.720708800358
2021-09-28,71.72190420000334,9860.047631599646,1000,0,0,0.0,5.2364362,0.0,0.0,0.0,0.0,9410.047631599646,11871.721904200003,21660.047631599646,-9788.325727399642,-9338.325727399642,-9788.325727399642
2021-09-29,11882.817181000004,9860.047631599646,0,0,0,0.0,17.064723200000003,0.0,0.0,0.0,0.0,9410.047631599646,11882.817181000004,21700.047631599646,-9817.230450599642,2472.7695494003583,2022.7695494003583
2021-09-30,25.740144200006398,9860.047631599646,1000,0,0,0.0,5.2370368,0.0,0.0,0.0,0.0,9410.047631599646,11645.740144200006,21480.047631599646,-9834.30748739964,-9384.30748739964,-9834.30748739964
2021-10-08,12116.270106600006,9860.047631599646,0,0,0,0.0,17.3500376,0.0,0.0,0.0,0.0,9410.047631599646,12116.270106600006,21980.047631599646,-9863.77752499964,2706.2224750003606,2256.2224750003606
2021-10-11,0.0,9881.140167399639,1000,0,0,0.0,5.2426424,0.0,0.0,0.0,21.09253579999313,9431.140167399639,12130.0,22011.140167399637,-9881.140167399637,-9431.140167399639,-9881.140167399639
2021-10-12,11851.0145176,9881.140167399639,0,0,0,0.0,17.1054824,0.0,0.0,0.0,0.0,9431.140167399639,11851.0145176,21761.140167399637,-9910.125649799636,2419.8743502003617,1969.8743502003617
2021-10-13,0.0,9927.243487399637,1000,0,0,0.0,5.2378376,0.0,0.0,0.0,46.10331999999835,9477.243487399637,11890.0,21817.24348739964,-9927.243487399639,-9477.243487399637,-9927.243487399637
2021-10-14,11831.0548972,9927.243487399637,0,0,0,0.0,17.0851028,0.0,0.0,0.0,0.0,9477.243487399637,11831.0548972,21787.24348739964,-9956.18859019964,2353.8114098003625,1903.8114098003625
2021-10-15,0.0,9973.286027399636,1000,0,0,0.0,5.2374372,0.0,0.0,0.0,46.04253999999855,9523.286027399636,11730.0,21703.286027399634,-9973.286027399634,-9523.286027399636,-9973.286027399636
2021-10-18,11551.6202116,9973.286027399636,0,0,0,0.0,16.7997884,0.0,0.0,0.0,0.0,9523.286027399636,11551.6202116,21553.286027399634,-10001.665815799633,2028.3341842003647,1578.3341842003647
2021-10-19,0.0,10058.518448199635,1000,0,0,0.0,5.2326324,0.0,0.0,0.0,85.23242079999909,9608.518448199635,11640.0,21698.518448199633,-10058.518448199633,-9608.518448199635,-10058.518448199635
2021-10-20,11561.600021799999,10058.518448199635,0,0,0,0.0,16.809978200000003,0.0,0.0,0.0,0.0,9608.518448199635,11561.600021799999,21648.518448199633,-10086.918426399634,1953.0815736003642,1503.0815736003642
2021-10-21,0.0,10113.750658399635,1000,0,0,0.0,5.232232,0.0,0.0,0.0,55.23221019999983,9663.750658399635,11490.0,21603.750658399636,-10113.750658399636,-9663.750658399635,-10113.750658399635
2021-10-22,11511.700970799999,10113.750658399635,0,0,0,0.0,16.7590292,0.0,0.0,0.0,0.0,9663.750658399635,11511.700970799999,21653.750658399636,-10142.049687599638,1847.950312400364,1397.950312400364
2021-10-25,14.99114119999831,10113.750658399635,1000,0,0,0.0,5.2298296,0.0,0.0,0.0,0.0,9663.750658399635,11394.991141199998,21493.750658399636,-10098.759517199638,-9648.759517199636,-10098.759517199636
2021-10-26,11416.914199799998,10113.750658399635,0,0,0,0.0,16.646941400000003,0.0,0.0,0.0,0.0,9663.750658399635,11416.914199799998,21543.750658399636,-10126.836458599639,1753.163541400363,1303.163541400363
2021-10-27,0.0,10173.525887799637,1000,0,0,0.0,5.2294292,0.0,0.0,0.0,59.77522940000199,9723.525887799637,11280.0,21453.52588779964,-10173.525887799638,-9723.525887799637,-10173.525887799637
2021-10-28,11132.4681832,10173.525887799637,0,0,0,0.0,16.3718168,0.0,0.0,0.0,0.0,9723.525887799637,11132.4681832,21333.52588779964,-10201.057704599638,1408.942295400364,958.942295400364
2021-10-29,0.0,10267.492128799635,1000,0,0,0.0,5.2244242,0.0,0.0,0.0,93.96624099999826,9817.492128799635,11350.0,21617.492128799633,-10267.492128799633,-9817.492128799635,-10267.492128799635
2021-11-01,11411.9028688,10267.492128799635,0,0,0,0.0,16.657131200000002,0.0,0.0,0.0,0.0,9817.492128799635,11411.9028688,21707.492128799633,-10295.589259999633,1594.410740000365,1144.410740000365
2021-11-02,0.0,10372.319489999632,1000,0,0,0.0,5.23023,0.0,0.0,0.0,104.82736119999754,9922.319489999632,11430.0,21802.31948999963,-10372.31948999963,-9922.319489999632,-10372.319489999632
2021-11-03,11441.842299400001,10372.319489999632,0,0,0,0.0,16.6877006,0.0,0.0,0.0,0.0,9922.319489999632,11441.842299400001,21842.31948999963,-10400.47719059963,1519.5228094003687,1069.5228094003687
2021-11-04,0.0,10467.22782099963,1000,0,0,0.0,5.2306304,0.0,0.0,0.0,94.9083309999969,10017.22782099963,11620.0,22087.22782099963,-10467.22782099963,-10017.22782099963,-10467.22782099963
2021-11-05,11661.3981238,10467.22782099963,0,0,0,0.0,16.911876200000002,0.0,0.0,0.0,0.0,10017.22782099963,11661.3981238,22157.22782099963,-10495.82969719963,1644.1703028003703,1194.1703028003703
2021-11-08,0.0,10502.743530799627,1000,0,0,0.0,5.2338336,0.0,0.0,0.0,35.51570979999815,10052.743530799627,11650.0,22152.743530799627,-10502.743530799627,-10052.743530799627,-10502.743530799627
2021-11-09,11561.600021799999,10502.743530799627,0,0,0,0.0,16.809978200000003,0.0,0.0,0.0,0.0,10052.743530799627,11561.600021799999,22092.743530799627,-10531.143508999628,1508.8564910003715,1058.8564910003715
2021-11-10,0.0,10577.996141399628,1000,0,0,0.0,5.2326324,0.0,0.0,0.0,75.25261060000048,10127.996141399628,11540.0,22117.996141399628,-10577.996141399628,-10127.996141399628,-10577.996141399628
2021-11-11,11701.3173646,10577.996141399628,0,0,0,0.0,16.952635400000002,0.0,0.0,0.0,0.0,10127.996141399628,11701.3173646,22307.996141399628,-10606.678776799628,1573.3212232003716,1123.3212232003716
2021-11-12,0.0,10633.653811599626,1000,0,0,0.0,5.2350348,0.0,0.0,0.0,55.65767019999839,10183.653811599626,11720.0,22353.653811599626,-10633.653811599626,-10183.653811599626,-10633.653811599626
2021-11-15,11841.034707399998,10633.653811599626,0,0,0,0.0,17.0952926,0.0,0.0,0.0,0.0,10183.653811599626,11841.034707399998,22503.653811599626,-10662.619104199628,1657.380895800372,1207.380895800372
2021-11-16,0.0,10679.726741599627,1000,0,0,0.0,5.2376374,0.0,0.0,0.0,46.07293000000027,10229.726741599627,11810.0,22489.726741599625,-10679.726741599625,-10229.726741599627,-10679.726741599627
2021-11-17,11711.2971748,10679.726741599627,0,0,0,0.0,16.9628252,0.0,0.0,0.0,0.0,10229.726741599627,11711.2971748,22419.726741599625,-10708.429566799625,1481.5704332003734,1031.5704332003734
2021-11-18,0.0,10725.404601599625,1000,0,0,0.0,5.2350348,0.0,0.0,0.0,45.67785999999796,10275.404601599625,11620.0,22345.404601599625,-10725.404601599625,-10275.404601599625,-10725.404601599625
2021-11-19,11880.9539482,10725.404601599625,0,0,0,0.0,17.1360518,0.0,0.0,0.0,0.0,10275.404601599625,11880.9539482,22635.404601599625,-10754.450653399625,1605.5493466003754,1155.5493466003754
2021-11-22,0.0,10781.609291799623,1000,0,0,0.0,5.2386384,0.0,0.0,0.0,56.20469019999837,10331.609291799623,11860.0,22641.60929179962,-10781.609291799621,-10331.609291799623,-10781.609291799623
2021-11-23,11701.3173646,10781.609291799623,0,0,0,0.0,16.952635400000002,0.0,0.0,0.0,0.0,10331.609291799623,11701.3173646,22511.60929179962,-10810.291927199622,1369.7080728003766,919.7080728003766
2021-11-24,0.0,10837.266961999621,1000,0,0,0.0,5.2350348,0.0,0.0,0.0,55.65767019999839,10387.266961999621,11710.0,22547.266961999623,-10837.266961999623,-10387.266961999621,-10837.266961999621
2021-11-25,11601.5192626,10837.266961999621,0,0,0,0.0,16.8507374,0.0,0.0,0.0,0.0,10387.266961999621,11601.5192626,22467.266961999623,-10865.747699399622,1214.2523006003794,764.2523006003794
2021-11-26,0.0,10882.61053199962,1000,0,0,0.0,5.2328326,0.0,0.0,0.0,45.34356999999909,10432.61053199962,11170.0,22052.61053199962,-10882.61053199962,-10432.61053199962,-10882.61053199962
2021-11-29,10952.8315996,10882.61053199962,0,0,0,0.0,16.1884004,0.0,0.0,0.0,0.0,10432.61053199962,10952.8315996,21862.61053199962,-10909.77893239962,520.2210676003797,70.22106760037968
2021-11-30,0.0,10956.009352599618,1000,0,0,0.0,5.2204202,0.0,0.0,0.0,73.39882059999763,10506.009352599618,11170.0,22126.00935259962,-10956.00935259962,-10506.009352599618,-10956.009352599618
2021-12-01,11232.2662852,10956.009352599618,0,0,0,0.0,16.4737148,0.0,0.0,0.0,0.0,10506.009352599618,11232.2662852,22216.00935259962,-10983.74306739962,726.2569326003813,276.25693260038133
2021-12-02,5.831861000000572,10956.009352599618,1000,0,0,0.0,5.2244242,0.0,0.0,0.0,0.0,10506.009352599618,11205.831861,22156.00935259962,-10950.17749159962,-10500.177491599617,-10950.177491599617
2021-12-03,11228.118336000001,10956.009352599618,0,0,0,0.0,16.463525,0.0,0.0,0.0,0.0,10506.009352599618,11228.118336000001,22206.00935259962,-10977.891016599619,722.1089834003833,272.1089834003833
2021-12-06,0.0,10964.335640999616,1000,0,0,0.0,5.2246244,0.0,0.0,0.0,8.326288399997793,10514.335640999616,11280.0,22244.335640999616,-10964.335640999616,-10514.335640999616,-10964.335640999616
2021-12-07,11322.084577,10964.335640999616,0,0,0,0.0,16.565423000000003,0.0,0.0,0.0,0.0,10514.335640999616,11322.084577,22314.335640999616,-10992.251063999616,807.7489360003838,357.74893600038376
2021-12-08,0.0,11028.848691399615,1000,0,0,0.0,5.2276274,0.0,0.0,0.0,64.51305039999897,10578.848691399615,11560.0,22588.848691399617,-11028.848691399617,-10578.848691399615,-11028.848691399615
2021-12-09,11741.2366054,11028.848691399615,0,0,0,0.0,16.993394600000002,0.0,0.0,0.0,0.0,10578.848691399615,11741.2366054,22798.848691399617,-11057.612085999617,1162.3879140003846,712.3879140003846
2021-12-10,0.0,11054.597320999614,1000,0,0,0.0,5.235235,0.0,0.0,0.0,25.74862959999882,10604.597320999614,11890.0,22944.597320999615,-11054.597320999615,-10604.597320999614,-11054.597320999614
2021-12-13,11950.812619600001,11054.597320999614,0,0,0,0.0,17.2073804,0.0,0.0,0.0,0.0,10604.597320999614,11950.812619600001,23034.597320999615,-11083.784701399614,1346.2152986003875,896.2152986003875
2021-12-14,0.0,11080.984140599612,1000,0,0,0.0,5.2394392,0.0,0.0,0.0,26.38681959999849,10630.984140599612,11970.0,23050.984140599612,-11080.984140599612,-10630.984140599612,-11080.984140599612
2021-12-15,11841.034707399998,11080.984140599612,0,0,0,0.0,17.0952926,0.0,0.0,0.0,0.0,10630.984140599612,11841.034707399998,22950.984140599612,-11109.949433199614,1210.0505668003862,760.0505668003862
2021-12-16,0.0,11177.108071599612,1000,0,0,0.0,5.2386384,0.0,0.0,0.0,96.12393100000008,10727.108071599612,12050.0,23227.108071599614,-11177.108071599614,-10727.108071599612,-11177.108071599612
2021-12-17,12110.4895828,11177.108071599612,0,0,0,0.0,17.370417200000002,0.0,0.0,0.0,0.0,10727.108071599612,12110.4895828,23317.108071599614,-11206.618488799613,1383.3815112003886,933.3815112003886
2021-12-20,0.0,11224.001531599612,1000,0,0,0.0,5.2430428,0.0,0.0,0.0,46.89345999999932,10774.001531599612,12100.0,23324.001531599613,-11224.001531599613,-10774.001531599612,-11224.001531599612
2021-12-21,12120.469393000001,11224.001531599612,0,0,0,0.0,17.380607,0.0,0.0,0.0,0.0,10774.001531599612,12120.469393000001,23374.001531599613,-11253.532138599612,1346.4678614003897,896.4678614003897
2021-12-22,103.22915300000386,11224.001531599612,1000,0,0,0.0,5.24024,0.0,0.0,0.0,0.0,10774.001531599612,12013.229153000004,23134.001531599613,-11120.77237859961,-10670.772378599608,-11120.772378599608
2021-12-23,12103.940823600004,11224.001531599612,0,0,0,0.0,17.2583294,0.0,0.0,0.0,0.0,10774.001531599612,12103.940823600004,23254.001531599613,-11150.06070799961,1329.939292000392,879.939292000392
2021-12-24,86.70058360000621,11224.001531599612,1000,0,0,0.0,5.24024,0.0,0.0,0.0,0.0,10774.001531599612,12066.700583600006,23204.001531599613,-11137.300947999607,-10687.300947999605,-11137.300947999605
2021-12-27,12137.311305200006,11224.001531599612,0,0,0,0.0,17.3092784,0.0,0.0,0.0,0.0,10774.001531599612,12137.311305200006,23304.001531599613,-11166.690226399607,1363.3097736003947,913.3097736003947
2021-12-28,39.989463600008094,11224.001531599612,1000,0,0,0.0,5.2418416,0.0,0.0,0.0,0.0,10774.001531599612,12089.989463600008,23274.001531599613,-11184.012067999605,-10734.012067999603,-11184.012067999603
2021-12-29,11910.963601600008,11224.001531599612,0,0,0,0.0,17.125862,0.0,0.0,0.0,0.0,10774.001531599612,11910.963601600008,23124.001531599613,-11213.037929999606,1136.9620700003961,686.9620700003961
2021-12-30,0.0,11240.186368199602,1000,0,0,0.0,5.2384382,0.0,0.0,0.0,16.184836599990376,10790.186368199602,11900.0,23140.186368199604,-11240.186368199604,-10790.186368199602,-11240.186368199602
2021-12-31,11890.9337584,11240.186368199602,0,0,0,0.0,17.146241600000003,0.0,0.0,0.0,0.0,10790.186368199602,11890.9337584,23160.186368199604,-11269.252609799603,1100.7473902003985,650.7473902003985
2022-01-04,0.0,11296.4214483996,1000,0,0,0.0,5.2388386,0.0,0.0,0.0,56.235080199998265,10846.4214483996,12040.0,23336.4214483996,-11296.4214483996,-10846.4214483996,-11296.4214483996
2022-01-05,12080.5501522,11296.4214483996,0,0,0,0.0,17.3398478,0.0,0.0,0.0,0.0,10846.4214483996,12080.5501522,23406.4214483996,-11325.8712961996,1234.1287038003993,784.1287038003993
2022-01-06,0.0,11363.2441387996,1000,0,0,0.0,5.2428426,0.0,0.0,0.0,66.82269040000028,10913.2441387996,11890.0,23253.2441387996,-11363.2441387996,-10913.2441387996,-11363.2441387996
2022-01-07,11801.1154666,11363.2441387996,0,0,0,0.0,17.0545334,0.0,0.0,0.0,0.0,10913.2441387996,11801.1154666,23193.2441387996,-11392.1286721996,887.8713278003997,437.87132780039974
2022-01-10,0.0,11389.1751083996,1000,0,0,0.0,5.2364362,0.0,0.0,0.0,25.930969600000026,10939.1751083996,11960.0,23349.1751083996,-11389.175108399599,-10939.1751083996,-11389.1751083996
2022-01-11,11821.075087,11389.1751083996,0,0,0,0.0,17.074913000000002,0.0,0.0,0.0,0.0,10939.1751083996,11821.075087,23239.1751083996,-11418.1000213996,881.8999786003988,431.89997860039875
2022-01-12,0.0,11435.1872583996,1000,0,0,0.0,5.237237,0.0,0.0,0.0,46.012149999998655,10985.1872583996,11820.0,23255.1872583996,-11435.187258399601,-10985.1872583996,-11435.1872583996
2022-01-13,11521.680781000001,11435.1872583996,0,0,0,0.0,16.769219,0.0,0.0,0.0,0.0,10985.1872583996,11521.680781000001,22985.1872583996,-11463.5064773996,536.4935226004018,86.49352260040177
2022-01-14,34.981151600000885,11435.1872583996,1000,0,0,0.0,5.2296294,0.0,0.0,0.0,0.0,10985.1872583996,11374.9811516,22775.1872583996,-11400.2061067996,-10950.206106799598,-11400.206106799598
2022-01-17,11426.924400000002,11435.1872583996,0,0,0,0.0,16.6367516,0.0,0.0,0.0,0.0,10985.1872583996,11426.924400000002,22855.1872583996,-11428.2628583996,441.73714160040254,-8.262858399597462
2022-01-18,0.0,11474.942087399597,1000,0,0,0.0,5.229229,0.0,0.0,0.0,39.7548289999977,11024.942087399597,11720.0,23194.9420873996,-11474.942087399599,-11024.942087399597,-11474.942087399597
2022-01-19,11611.499072800001,11474.942087399597,0,0,0,0.0,16.8609272,0.0,0.0,0.0,0.0,11024.942087399597,11611.499072800001,23114.9420873996,-11503.443014599598,586.5569854004043,136.5569854004043
2022-01-20,0.0,11570.367048399594,1000,0,0,0.0,5.2340338,0.0,0.0,0.0,95.42496099999698,11120.367048399594,11770.0,23340.367048399596,-11570.367048399596,-11120.367048399594,-11570.367048399594
2022-01-21,11581.5596422,11570.367048399594,0,0,0,0.0,16.8303578,0.0,0.0,0.0,0.0,11120.367048399594,11581.5596422,23180.367048399596,-11598.807406199596,461.19259380040603,11.19259380040603
2022-01-24,14.778411200000846,11570.367048399594,1000,0,0,0.0,5.231231,0.0,0.0,0.0,0.0,11120.367048399594,11504.7784112,23060.367048399596,-11555.588637199595,-11105.588637199593,-11555.588637199593
2022-01-25,11296.9437474,11570.367048399594,0,0,0,0.0,16.5246638,0.0,0.0,0.0,0.0,11120.367048399594,11296.9437474,22880.367048399596,-11583.423300999595,176.57669900040673,-273.42330099959327
2022-01-26,0.0,11599.959727199594,1000,0,0,0.0,5.2264262,0.0,0.0,0.0,29.592678799999703,11149.959727199594,11250.0,22849.959727199595,-11599.959727199595,-11149.959727199594,-11599.959727199594
2022-01-27,11102.528752600001,11599.959727199594,0,0,0,0.0,16.3412474,0.0,0.0,0.0,0.0,11149.959727199594,11102.528752600001,22729.959727199595,-11627.430974599594,-47.430974599592446,-497.43097459959245
2022-01-28,0.0,11653.793997399593,1000,0,0,0.0,5.2230228,0.0,0.0,0.0,53.83427019999908,11203.793997399593,11110.0,22763.793997399593,-11653.793997399593,-11203.793997399593,-11653.793997399593
2022-02-07,11132.4681832,11653.793997399593,0,0,0,0.0,16.3718168,0.0,0.0,0.0,0.0,11203.793997399593,11132.4681832,22813.793997399593,-11681.325814199592,-71.32581419959206,-521.3258141995921
2022-02-08,0.0,11687.699037199593,1000,0,0,0.0,5.223223,0.0,0.0,0.0,33.90503979999994,11237.699037199593,11290.0,22977.699037199593,-11687.699037199593,-11237.699037199593,-11687.699037199593
2022-02-09,11322.084577,11687.699037199593,0,0,0,0.0,16.565423000000003,0.0,0.0,0.0,0.0,11237.699037199593,11322.084577,23037.699037199593,-11715.614460199593,84.38553980040706,-365.61446019959294
2022-02-10,0.0,11752.212087599592,1000,0,0,0.0,5.2276274,0.0,0.0,0.0,64.51305039999897,11302.212087599592,11410.0,23162.21208759959,-11752.21208759959,-11302.212087599592,-11752.212087599592
2022-02-11,11302.1249566,11752.212087599592,0,0,0,0.0,16.5450434,0.0,0.0,0.0,0.0,11302.212087599592,11302.1249566,23082.21208759959,-11780.08713099959,-0.08713099959095416,-450.08713099959095
2022-02-14,15.629331200001616,11752.212087599592,1000,0,0,0.0,5.2256254,0.0,0.0,0.0,0.0,11302.212087599592,11275.629331200002,23012.21208759959,-11736.582756399588,-11286.58275639959,-11736.58275639959
2022-02-15,11227.935996000002,11752.212087599592,0,0,0,0.0,16.4533352,0.0,0.0,0.0,0.0,11302.212087599592,11227.935996000002,22992.21208759959,-11764.276091599588,-74.27609159958956,-524.2760915995896
2022-02-16,0.0,11840.80231759959,1000,0,0,0.0,5.226226,0.0,0.0,0.0,88.59022999999797,11390.80231759959,11270.0,23110.80231759959,-11840.802317599591,-11390.80231759959,-11840.80231759959
2022-02-17,11222.286475,11840.80231759959,0,0,0,0.0,16.463525,0.0,0.0,0.0,0.0,11390.80231759959,11222.286475,23090.80231759959,-11868.51584259959,-168.51584259958872,-618.5158425995887
2022-02-18,0.0,11874.980867399587,1000,0,0,0.0,5.2250248,0.0,0.0,0.0,34.1785497999972,11424.980867399587,11290.0,23164.980867399587,-11874.980867399587,-11424.980867399587,-11874.980867399587
2022-02-21,11371.983628,11874.980867399587,0,0,0,0.0,16.616372000000002,0.0,0.0,0.0,0.0,11424.980867399587,11371.983628,23274.980867399587,-11902.997239399587,-52.99723939958676,-502.99723939958676
2022-02-22,15.416601200002333,11874.980867399587,1000,0,0,0.0,5.2270268,0.0,0.0,0.0,0.0,11424.980867399587,11285.416601200002,23144.980867399587,-11859.564266199584,-11409.564266199584,-11859.564266199584
2022-02-23,11327.521368000002,11874.980867399587,0,0,0,0.0,16.5552332,0.0,0.0,0.0,0.0,11424.980867399587,11327.521368000002,23214.980867399587,-11887.459499399585,-97.45949939958518,-547.4594993995852
2022-02-24,0.984941800001252,11874.980867399587,1000,0,0,0.0,5.2264262,0.0,0.0,0.0,0.0,11424.980867399587,11200.984941800001,23074.980867399587,-11873.995925599585,-11423.995925599585,-11873.995925599585
2022-02-25,11173.3723658,11874.980867399587,0,0,0,0.0,16.412576,0.0,0.0,0.0,0.0,11424.980867399587,11173.3723658,23074.980867399587,-11901.608501599587,-251.60850159958682,-701.6085015995868
2022-02-28,0.0,11898.012325199585,1000,0,0,0.0,5.2238236,0.0,0.0,0.0,23.031457799997952,11448.012325199585,11170.0,23068.012325199583,-11898.012325199583,-11448.012325199585,-11898.012325199585
2022-03-01,11142.4479934,11898.012325199585,0,0,0,0.0,16.3820066,0.0,0.0,0.0,0.0,11448.012325199585,11142.4479934,23068.012325199583,-11925.564331799584,-305.5643317995855,-755.5643317995855
2022-03-02,0.0,11921.937554799586,1000,0,0,0.0,5.223223,0.0,0.0,0.0,23.92522960000133,11471.937554799586,11210.0,23131.937554799588,-11921.937554799588,-11471.937554799586,-11921.937554799586
2022-03-03,11172.387423999999,11921.937554799586,0,0,0,0.0,16.412576,0.0,0.0,0.0,0.0,11471.937554799586,11172.387423999999,23121.937554799588,-11949.55013079959,-299.55013079958735,-749.5501307995874
2022-03-04,26.03460139999879,11921.937554799586,1000,0,0,0.0,5.2228226,0.0,0.0,0.0,0.0,11471.937554799586,11166.034601399999,23061.937554799588,-11895.902953399589,-11445.902953399587,-11895.902953399587
2022-03-07,10819.1892378,11921.937554799586,0,0,0,0.0,16.0253636,0.0,0.0,0.0,0.0,11471.937554799586,10819.1892378,22741.937554799588,-11922.748316999588,-652.7483169995867,-1102.7483169995867
2022-03-08,33.20362240000031,11921.937554799586,1000,0,0,0.0,5.2156154,0.0,0.0,0.0,0.0,11471.937554799586,10633.2036224,22521.937554799588,-11888.733932399588,-11438.733932399586,-11888.733932399586
2022-03-09,10407.206230400001,11921.937554799586,0,0,0,0.0,15.597392000000001,0.0,0.0,0.0,0.0,11471.937554799586,10407.206230400001,22321.937554799588,-11914.731324399587,-1064.731324399585,-1514.731324399585
2022-03-10,0.0,12080.492535399584,1000,0,0,0.0,5.211211,0.0,0.0,0.0,158.5549805999981,11630.492535399584,10350.0,22430.492535399586,-12080.492535399586,-11630.492535399584,-12080.492535399584
2022-03-11,10254.2448856,12080.492535399584,0,0,0,0.0,15.4751144,0.0,0.0,0.0,0.0,11630.492535399584,10254.2448856,22360.492535399586,-12106.247649799587,-1376.247649799585,-1826.247649799585
2022-03-14,88.89168260000042,12080.492535399584,1000,0,0,0.0,5.203203,0.0,0.0,0.0,0.0,11630.492535399584,10268.8916826,22260.492535399586,-11991.600852799585,-11541.600852799584,-11991.600852799584
2022-03-15,9814.2066276,12080.492535399584,0,0,0,0.0,14.935055,0.0,0.0,0.0,0.0,11630.492535399584,9814.2066276,21830.492535399586,-12016.285907799585,-1816.2859077995836,-2266.2859077995836
2022-03-16,0.0,12131.333104799582,1000,0,0,0.0,5.197197,0.0,0.0,0.0,50.84056939999755,11681.333104799582,9890.0,22021.33310479958,-12131.333104799582,-11681.333104799582,-12131.333104799582
2022-03-17,10084.5881122,12131.333104799582,0,0,0,0.0,15.3018878,0.0,0.0,0.0,0.0,11681.333104799582,10084.5881122,22241.33310479958,-12156.744992599582,-1596.7449925995825,-2046.7449925995825
2022-03-18,0.0,12162.047194599581,1000,0,0,0.0,5.202202,0.0,0.0,0.0,30.714089799999783,11712.047194599581,10200.0,22362.04719459958,-12162.047194599581,-11712.047194599581,-12162.047194599581
2022-03-21,10074.608301999999,12162.047194599581,0,0,0,0.0,15.291698,0.0,0.0,0.0,0.0,11712.047194599581,10074.608301999999,22262.04719459958,-12187.438892599583,-1637.4388925995827,-2087.4388925995827
2022-03-22,0.0,12232.771695199583,1000,0,0,0.0,5.2028026,0.0,0.0,0.0,70.72450060000119,11782.771695199583,10190.0,22422.771695199583,-12232.771695199583,-11782.771695199583,-12232.771695199583
2022-03-23,10364.0227978,12232.771695199583,0,0,0,0.0,15.587202200000002,0.0,0.0,0.0,0.0,11782.771695199583,10364.0227978,22622.771695199583,-12258.748897399582,-1418.7488973995823,-1868.7488973995823
2022-03-24,0.0,12304.37750579958,1000,0,0,0.0,5.2086084,0.0,0.0,0.0,71.60581059999822,11854.37750579958,10390.0,22694.37750579958,-12304.37750579958,-11854.37750579958,-12304.37750579958
2022-03-25,10194.3660244,12304.37750579958,0,0,0,0.0,15.4139756,0.0,0.0,0.0,0.0,11854.37750579958,10194.3660244,22524.37750579958,-12330.01148139958,-1660.0114813995806,-2110.0114813995806
2022-03-28,89.07402260000163,12304.37750579958,1000,0,0,0.0,5.2020018,0.0,0.0,0.0,0.0,11854.37750579958,10329.074022600002,22544.37750579958,-12215.30348319958,-11765.30348319958,-12215.30348319958
2022-03-29,10143.722704200001,12304.37750579958,0,0,0,0.0,15.2713184,0.0,0.0,0.0,0.0,11854.37750579958,10143.722704200001,22384.37750579958,-12240.65480159958,-1710.6548015995795,-2160.6548015995795
2022-03-30,8.400101800001721,12304.37750579958,1000,0,0,0.0,5.2026024,0.0,0.0,0.0,0.0,11854.37750579958,10208.400101800002,22504.37750579958,-12295.97740399958,-11845.97740399958,-12295.97740399958
2022-03-31,10132.907454800003,12304.37750579958,0,0,0,0.0,15.342647000000001,0.0,0.0,0.0,0.0,11854.37750579958,10132.907454800003,22454.37750579958,-12321.470050999578,-1721.4700509995782,-2171.4700509995782
2022-04-01,47.635853400002816,12304.37750579958,1000,0,0,0.0,5.2016014,0.0,0.0,0.0,0.0,11854.37750579958,10227.635853400003,22484.37750579958,-12256.741652399578,-11806.741652399578,-12256.741652399578
2022-04-06,10222.042257400002,12304.37750579958,0,0,0,0.0,15.393596,0.0,0.0,0.0,0.0,11854.37750579958,10222.042257400002,22504.37750579958,-12282.335248399579,-1632.3352483995786,-2082.3352483995786
2022-04-07,36.66865400000461,12304.37750579958,1000,0,0,0.0,5.2036034,0.0,0.0,0.0,0.0,11854.37750579958,10096.668654000005,22364.37750579958,-12267.708851799576,-11817.708851799576,-12267.708851799576
2022-04-08,10161.176007000005,12304.37750579958,0,0,0,0.0,15.342647000000001,0.0,0.0,0.0,0.0,11854.37750579958,10161.176007000005,22454.37750579958,-12293.201498799575,-1693.2014987995753,-2143.2014987995753
2022-04-11,35.863604800006215,12304.37750579958,1000,0,0,0.0,5.2024022,0.0,0.0,0.0,0.0,11854.37750579958,9965.863604800006,22234.37750579958,-12268.513900999575,-11818.513900999575,-12268.513900999575
2022-04-12,10050.593045600006,12304.37750579958,0,0,0,0.0,15.2305592,0.0,0.0,0.0,0.0,11854.37750579958,10050.593045600006,22344.37750579958,-12293.784460199575,-1803.7844601995748,-2253.784460199575
2022-04-13,35.39284560000851,12304.37750579958,1000,0,0,0.0,5.2002,0.0,0.0,0.0,0.0,11854.37750579958,10035.392845600009,22304.37750579958,-12268.984660199572,-11818.984660199572,-12268.984660199572
2022-04-14,10110.001147600007,12304.37750579958,0,0,0,0.0,15.291698,0.0,0.0,0.0,0.0,11854.37750579958,10110.001147600007,22404.37750579958,-12294.376358199574,-1744.3763581995736,-2194.3763581995736
2022-04-15,54.76014680000844,12304.37750579958,1000,0,0,0.0,5.2010008,0.0,0.0,0.0,0.0,11854.37750579958,10094.760146800008,22344.37750579958,-12249.617358999572,-11799.617358999572,-12249.617358999572
2022-04-18,10009.61072640001,12304.37750579958,0,0,0,0.0,15.169420400000002,0.0,0.0,0.0,0.0,11854.37750579958,10009.61072640001,22284.37750579958,-12274.766779399572,-1844.7667793995715,-2294.7667793995715
2022-04-19,14.430926800010639,12304.37750579958,1000,0,0,0.0,5.1997996,0.0,0.0,0.0,0.0,11854.37750579958,9904.43092680001,22194.37750579958,-12289.94657899957,-11839.94657899957,-12289.94657899957
2022-04-20,9839.54397380001,12304.37750579958,0,0,0,0.0,15.036953,0.0,0.0,0.0,0.0,11854.37750579958,9839.54397380001,22154.37750579958,-12314.833531999571,-2014.8335319995713,-2464.8335319995713
2022-04-21,0.0,12349.90112939957,1000,0,0,0.0,5.1975974,0.0,0.0,0.0,45.52362359998915,11899.90112939957,9780.0,22129.90112939957,-12349.901129399572,-11899.90112939957,-12349.90112939957
2022-04-22,9695.3755144,12349.90112939957,0,0,0,0.0,14.904485600000001,0.0,0.0,0.0,0.0,11899.90112939957,9695.3755144,22069.90112939957,-12374.525614999571,-2204.5256149995694,-2654.5256149995694
2022-04-25,80.58332240000163,12349.90112939957,1000,0,0,0.0,5.192192,0.0,0.0,0.0,0.0,11899.90112939957,9190.583322400002,21459.90112939957,-12269.31780699957,-11819.317806999568,-12269.317806999568
2022-04-26,9247.028896200001,12349.90112939957,0,0,0,0.0,14.3644262,0.0,0.0,0.0,0.0,11899.90112939957,9247.028896200001,21539.90112939957,-12292.87223319957,-2652.8722331995687,-3102.8722331995687
2022-04-27,142.75691440000264,12349.90112939957,1000,0,0,0.0,5.1819818,0.0,0.0,0.0,0.0,11899.90112939957,9512.756914400003,21719.90112939957,-12207.14421499957,-11757.144214999567,-12207.144214999567
2022-04-28,9538.738122800003,12349.90112939957,0,0,0,0.0,14.5987916,0.0,0.0,0.0,0.0,11899.90112939957,9538.738122800003,21769.90112939957,-12231.163006599569,-2361.163006599567,-2811.163006599567
2022-04-29,64.18342820000362,12349.90112939957,1000,0,0,0.0,5.0946946,0.0,0.0,0.0,0.0,11899.90112939957,9584.183428200004,21869.90112939957,-12285.717701199568,-11835.717701199566,-12285.717701199566
2022-05-05,9639.897124200003,12349.90112939957,0,0,0,0.0,14.686304,0.0,0.0,0.0,0.0,11899.90112939957,9639.897124200003,21949.90112939957,-12310.00400519957,-2260.0040051995675,-2710.0040051995675
2022-05-06,195.37272990000383,12349.90112939957,1000,0,0,0.0,5.0943943,0.0,0.0,0.0,0.0,11899.90112939957,9385.372729900004,21539.90112939957,-12154.528399499568,-11704.528399499566,-12154.528399499566
2022-05-09,9381.869932000005,12349.90112939957,0,0,0,0.0,14.292797900000002,0.0,0.0,0.0,0.0,11899.90112939957,9381.869932000005,21559.90112939957,-12178.031197399567,-2518.031197399565,-2968.031197399565
2022-05-10,257.668740900006,12349.90112939957,1000,0,0,0.0,5.0911911,0.0,0.0,0.0,0.0,11899.90112939957,9597.668740900006,21689.90112939957,-12092.232388499566,-11642.232388499564,-12092.232388499564
2022-05-11,9623.804324800007,12349.90112939957,0,0,0,0.0,14.474416100000001,0.0,0.0,0.0,0.0,11899.90112939957,9623.804324800007,21739.90112939957,-12116.096804599565,-2276.0968045995633,-2726.0968045995633
2022-05-12,259.3607313000084,12349.90112939957,1000,0,0,0.0,5.0935935,0.0,0.0,0.0,0.0,11899.90112939957,9639.360731300008,21729.90112939957,-12090.540398099563,-11640.540398099562,-12090.540398099562
2022-05-13,9615.516405100008,12349.90112939957,0,0,0,0.0,14.464326200000002,0.0,0.0,0.0,0.0,11899.90112939957,9615.516405100008,21729.90112939957,-12114.384724299563,-2284.3847242995616,-2734.3847242995616
2022-05-16,160.9819107000094,12349.90112939957,1000,0,0,0.0,5.0944944,0.0,0.0,0.0,0.0,11899.90112939957,9460.98191070001,21649.90112939957,-12188.919218699562,-11738.91921869956,-12188.91921869956
2022-05-17,9527.11749460001,12349.90112939957,0,0,0,0.0,14.474416100000001,0.0,0.0,0.0,0.0,11899.90112939957,9527.11749460001,21739.90112939957,-12212.783634799562,-2372.78363479956,-2822.78363479956
2022-05-18,112.62340060001043,12349.90112939957,1000,0,0,0.0,5.094094,0.0,0.0,0.0,0.0,11899.90112939957,9532.62340060001,21769.90112939957,-12237.277728799561,-11787.27772879956,-12237.27772879956
2022-05-19,9438.83934410001,12349.90112939957,0,0,0,0.0,14.4340565,0.0,0.0,0.0,0.0,11899.90112939957,9438.83934410001,21699.90112939957,-12261.061785299562,-2461.06178529956,-2911.06178529956
2022-05-20,24.345250100010162,12349.90112939957,1000,0,0,0.0,5.094094,0.0,0.0,0.0,0.0,11899.90112939957,9484.34525010001,21809.90112939957,-12325.555879299562,-11875.55587929956,-12325.55587929956
2022-05-23,9430.40047440001,12349.90112939957,0,0,0,0.0,14.5147757,0.0,0.0,0.0,0.0,11899.90112939957,9430.40047440001,21779.90112939957,-12349.500654999561,-2469.5006549995596,-2919.5006549995596
2022-05-24,5.896280300010403,12349.90112939957,1000,0,0,0.0,5.0941941,0.0,0.0,0.0,0.0,11899.90112939957,9105.89628030001,21449.90112939957,-12344.004849099561,-11894.00484909956,-12344.00484909956
2022-05-25,9122.534111700012,12349.90112939957,0,0,0,0.0,14.222168600000002,0.0,0.0,0.0,0.0,11899.90112939957,9122.534111700012,21489.90112939957,-12367.36701769956,-2777.3670176995583,-3227.3670176995583
2022-05-26,0.0,12371.588408999558,1000,0,0,0.0,5.0913913,0.0,0.0,0.0,21.68727959998796,11921.588408999558,9220.0,21591.58840899956,-12371.58840899956,-11921.588408999558,-12371.588408999558
2022-05-27,9216.4369324,12371.588408999558,0,0,0,0.0,14.3230676,0.0,0.0,0.0,0.0,11921.588408999558,9216.4369324,21611.58840899956,-12395.15147659956,-2705.151476599558,-3155.151476599558
2022-05-30,0.0,12409.483968999557,1000,0,0,0.0,5.0924924,0.0,0.0,0.0,37.89555999999902,11959.483968999557,9170.0,21579.483968999557,-12409.483968999557,-11959.483968999557,-12409.483968999557
2022-05-31,9386.0954041,12409.483968999557,0,0,0,0.0,14.4945959,0.0,0.0,0.0,0.0,11959.483968999557,9386.0954041,21819.483968999557,-12433.388564899557,-2573.3885648995565,-3023.3885648995565
2022-06-01,21.651810600002136,12409.483968999557,1000,0,0,0.0,5.0935935,0.0,0.0,0.0,0.0,11959.483968999557,9391.651810600002,21779.483968999557,-12387.832158399555,-11937.832158399555,-12387.832158399555
2022-06-02,9397.767304600002,12409.483968999557,0,0,0,0.0,14.484506000000001,0.0,0.0,0.0,0.0,11959.483968999557,9397.767304600002,21809.483968999557,-12411.716664399555,-2561.716664399555,-3011.716664399555
2022-06-06,0.0,12416.200658299555,1000,0,0,0.0,5.0939939,0.0,0.0,0.0,6.716689299997597,11966.200658299555,9430.0,21846.200658299553,-12416.200658299553,-11966.200658299555,-12416.200658299555
2022-06-07,9406.0552243,12416.200658299555,0,0,0,0.0,14.5147757,0.0,0.0,0.0,0.0,11966.200658299555,9406.0552243,21846.200658299553,-12440.145433999553,-2560.1454339995544,-3010.1454339995544
2022-06-08,0.0,12474.690028499554,1000,0,0,0.0,5.0945945,0.0,0.0,0.0,58.48937019999903,12024.690028499554,9420.0,21894.690028499554,-12474.690028499554,-12024.690028499554,-12474.690028499554
2022-06-09,9306.2561233,12474.690028499554,0,0,0,0.0,14.413876700000001,0.0,0.0,0.0,0.0,12024.690028499554,9306.2561233,21804.690028499554,-12498.433905199554,-2718.433905199554,-3168.433905199554
2022-06-10,21.89333060000172,12474.690028499554,1000,0,0,0.0,5.0927927,0.0,0.0,0.0,0.0,12024.690028499554,9621.893330600002,22074.690028499554,-12452.796697899552,-12002.796697899552,-12452.796697899552
2022-06-13,9388.028914500002,12474.690028499554,0,0,0,0.0,14.474416100000001,0.0,0.0,0.0,0.0,12024.690028499554,9388.028914500002,21864.690028499554,-12476.661113999551,-2636.661113999551,-3086.661113999551
2022-06-14,63.625721400003385,12474.690028499554,1000,0,0,0.0,5.0931931,0.0,0.0,0.0,0.0,12024.690028499554,9443.625721400003,21854.690028499554,-12411.06430709955,-11961.06430709955,-12411.06430709955
2022-06-15,9679.259057800004,12474.690028499554,0,0,0,0.0,14.7266636,0.0,0.0,0.0,0.0,12024.690028499554,9679.259057800004,22114.690028499554,-12435.43097069955,-2345.43097069955,-2795.43097069955
2022-06-16,0.0,12490.207867499548,1000,0,0,0.0,5.0968968,0.0,0.0,0.0,15.517838999994638,12040.207867499548,9580.0,22070.20786749955,-12490.20786749955,-12040.207867499548,-12490.207867499548
2022-06-17,9665.532886899999,12490.207867499548,0,0,0,0.0,14.7771131,0.0,0.0,0.0,0.0,12040.207867499548,9665.532886899999,22180.20786749955,-12514.674980599551,-2374.6749805995496,-2824.6749805995496
2022-06-20,0.0,12579.51247799955,1000,0,0,0.0,5.0974974,0.0,0.0,0.0,89.30461050000122,12129.51247799955,9690.0,22269.51247799955,-12579.51247799955,-12129.51247799955,-12579.51247799955
2022-06-21,9695.472617200001,12579.51247799955,0,0,0,0.0,14.807382800000001,0.0,0.0,0.0,0.0,12129.51247799955,9695.472617200001,22299.51247799955,-12604.039860799548,-2434.0398607995485,-2884.0398607995485
2022-06-22,0.0,12608.847057899548,1000,0,0,0.0,5.0971971,0.0,0.0,0.0,29.33457989999806,12158.847057899548,9550.0,22158.847057899548,-12608.847057899548,-12158.847057899548,-12608.847057899548
2022-06-23,9645.5730667,12608.847057899548,0,0,0,0.0,14.7569333,0.0,0.0,0.0,0.0,12158.847057899548,9645.5730667,22278.847057899548,-12633.273991199547,-2513.273991199547,-2963.273991199547
2022-06-24,0.0,12678.071088199546,1000,0,0,0.0,5.097097,0.0,0.0,0.0,69.22403029999805,12228.071088199546,9750.0,22428.071088199547,-12678.071088199547,-12228.071088199546,-12678.071088199546
2022-06-27,9745.3721677,12678.071088199546,0,0,0,0.0,14.8578323,0.0,0.0,0.0,0.0,12228.071088199546,9745.3721677,22448.071088199547,-12702.698920499548,-2482.698920499546,-2932.698920499546
2022-06-28,0.0,12707.556618099545,1000,0,0,0.0,5.0976976,0.0,0.0,0.0,29.485529899999165,12257.556618099545,9900.0,22607.556618099545,-12707.556618099545,-12257.556618099545,-12707.556618099545
2022-06-29,9815.2315384,12707.556618099545,0,0,0,0.0,14.9284616,0.0,0.0,0.0,0.0,12257.556618099545,9815.2315384,22547.556618099545,-12732.325079699545,-2442.3250796995453,-2892.3250796995453
2022-06-30,0.0,12737.253477999544,1000,0,0,0.0,5.0983983,0.0,0.0,0.0,29.696859899999254,12287.253477999544,9840.0,22577.253477999544,-12737.253477999544,-12287.253477999544,-12737.253477999544
2022-07-01,9755.3520778,12737.253477999544,0,0,0,0.0,14.8679222,0.0,0.0,0.0,0.0,12287.253477999544,9755.3520778,22517.253477999544,-12761.901400199544,-2531.901400199544,-2981.901400199544
2022-07-04,0.0,12766.769197899543,1000,0,0,0.0,5.0977977,0.0,0.0,0.0,29.515719899998658,12316.769197899543,9760.0,22526.769197899543,-12766.769197899543,-12316.769197899543,-12766.769197899543
2022-07-05,9665.532886899999,12766.769197899543,0,0,0,0.0,14.7771131,0.0,0.0,0.0,0.0,12316.769197899543,9665.532886899999,22456.769197899543,-12791.236310999544,-2651.236310999544,-3101.236310999544
2022-07-06,0.0,12796.013207799542,1000,0,0,0.0,5.0968968,0.0,0.0,0.0,29.244009899999583,12346.013207799542,9610.0,22406.013207799544,-12796.013207799544,-12346.013207799542,-12796.013207799542
2022-07-07,9565.7337859,12796.013207799542,0,0,0,0.0,14.676214100000001,0.0,0.0,0.0,0.0,12346.013207799542,9565.7337859,22386.013207799544,-12820.279421899544,-2780.2794218995423,-3230.2794218995423
2022-07-08,0.0,12864.99571809954,1000,0,0,0.0,5.0962962,0.0,0.0,0.0,68.98251029999847,12414.99571809954,9740.0,22604.99571809954,-12864.99571809954,-12414.99571809954,-12864.99571809954
2022-07-11,9615.6333364,12864.99571809954,0,0,0,0.0,14.7266636,0.0,0.0,0.0,0.0,12414.99571809954,9615.6333364,22504.99571809954,-12889.36238169954,-2799.3623816995405,-3249.3623816995405
2022-07-12,0.937240400002338,12864.99571809954,1000,0,0,0.0,5.096096,0.0,0.0,0.0,0.0,12414.99571809954,9630.937240400002,22494.99571809954,-12864.058477699538,-12414.058477699538,-12864.058477699538
2022-07-13,9616.570576800003,12864.99571809954,0,0,0,0.0,14.7266636,0.0,0.0,0.0,0.0,12414.99571809954,9616.570576800003,22504.99571809954,-12888.425141299538,-2798.425141299538,-3248.425141299538
2022-07-14,0.0,12923.181837899536,1000,0,0,0.0,5.0966966,0.0,0.0,0.0,58.18611979999514,12473.181837899536,9550.0,22473.181837899538,-12923.181837899538,-12473.181837899536,-12923.181837899536
2022-07-15,9326.2159435,12923.181837899536,0,0,0,0.0,14.4340565,0.0,0.0,0.0,0.0,12473.181837899536,9326.2159435,22273.181837899538,-12946.965894399538,-3146.9658943995364,-3596.9658943995364
2022-07-18,0.0,12971.419587999535,1000,0,0,0.0,5.0936936,0.0,0.0,0.0,48.237750099999175,12521.419587999535,9670.0,22641.419587999535,-12971.419587999535,-12521.419587999535,-12971.419587999535
2022-07-19,9775.311898,12971.419587999535,0,0,0,0.0,14.888102000000002,0.0,0.0,0.0,0.0,12521.419587999535,9775.311898,22771.419587999535,-12996.107689999535,-2746.107689999535,-3196.107689999535
2022-07-20,0.0,13081.076488699535,1000,0,0,0.0,5.0987987,0.0,0.0,0.0,109.65690069999982,12631.076488699535,9940.0,23021.076488699535,-13081.076488699535,-12631.076488699535,-13081.076488699535
2022-07-21,10044.769470700001,13081.076488699535,0,0,0,0.0,15.1605293,0.0,0.0,0.0,0.0,12631.076488699535,10044.769470700001,23151.076488699535,-13106.307017999534,-2586.307017999534,-3036.307017999534
2022-07-22,0.0,13091.447518399533,1000,0,0,0.0,5.1005004,0.0,0.0,0.0,10.371029699997962,12641.447518399533,10000.0,23091.44751839953,-13091.447518399531,-12641.447518399533,-13091.447518399533
2022-07-25,9925.010549499999,13091.447518399533,0,0,0,0.0,15.0394505,0.0,0.0,0.0,0.0,12641.447518399533,9925.010549499999,23041.44751839953,-13116.436968899532,-2716.436968899534,-3166.436968899534
2022-07-26,0.0,13161.516868699533,1000,0,0,0.0,5.0998998,0.0,0.0,0.0,70.06935030000022,12711.516868699533,10000.0,23161.51686869953,-13161.516868699531,-12711.516868699533,-13161.516868699533
2022-07-27,9915.0306394,13161.516868699533,0,0,0,0.0,15.0293606,0.0,0.0,0.0,0.0,12711.516868699533,9915.0306394,23101.51686869953,-13186.486229299531,-2796.486229299533,-3246.486229299533
2022-07-28,0.0,13251.576229199532,1000,0,0,0.0,5.0999999,0.0,0.0,0.0,90.05936049999946,12801.576229199532,10110.0,23361.576229199534,-13251.576229199534,-12801.576229199532,-13251.576229199532
2022-07-29,10024.809650500001,13251.576229199532,0,0,0,0.0,15.140349500000001,0.0,0.0,0.0,0.0,12801.576229199532,10024.809650500001,23301.576229199534,-13276.766578699533,-2776.7665786995312,-3226.7665786995312
2022-08-01,0.0,13271.89697899953,1000,0,0,0.0,5.1004003,0.0,0.0,0.0,20.32074979999743,12821.89697899953,10060.0,23331.89697899953,-13271.896978999532,-12821.89697899953,-13271.89697899953
2022-08-02,9885.0909091,13271.89697899953,0,0,0,0.0,14.9990909,0.0,0.0,0.0,0.0,12821.89697899953,9885.0909091,23181.89697899953,-13296.806069899532,-2936.8060698995305,-3386.8060698995305
2022-08-03,0.0,13311.815268999528,1000,0,0,0.0,5.0991991,0.0,0.0,0.0,39.918289999997796,12861.815268999528,9720.0,23031.815268999526,-13311.815268999526,-12861.815268999528,-13311.815268999528
2022-08-04,9865.131088900001,13311.815268999528,0,0,0,0.0,14.978911100000001,0.0,0.0,0.0,0.0,12861.815268999528,9865.131088900001,23201.815268999526,-13336.684180099524,-2996.684180099526,-3446.684180099526
2022-08-05,440.62689480000154,13811.815268999528,1000,0,0,0.0,5.0941941,0.0,0.0,500.0,0.0,12861.815268999528,10030.626894800002,23401.815268999526,-13371.188374199524,-12421.188374199526,-13371.188374199526
2022-08-08,10036.300411,13811.815268999528,0,0,0,0.0,14.706483799999999,0.0,0.0,0.0,0.0,12861.815268999528,10036.300411,23431.815268999526,-13395.514857999526,-2825.5148579995275,-3775.5148579995275
2022-08-09,421.6043150000023,13811.815268999528,1000,0,0,0.0,5.096096,0.0,0.0,0.0,0.0,12861.815268999528,10111.604315000002,23501.815268999526,-13390.210953999524,-12440.210953999525,-13390.210953999525
2022-08-10,9967.378280700003,13811.815268999528,0,0,0,0.0,14.6560343,0.0,0.0,0.0,0.0,12861.815268999528,9967.378280700003,23381.815268999526,-13414.436988299523,-2894.436988299525,-3844.436988299525
2022-08-11,352.68218470000465,13811.815268999528,1000,0,0,0.0,5.096096,0.0,0.0,0.0,0.0,12861.815268999528,10162.682184700005,23621.815268999526,-13459.133084299521,-12509.133084299523,-13459.133084299523
2022-08-12,9998.255251400005,13811.815268999528,0,0,0,0.0,14.7569333,0.0,0.0,0.0,0.0,12861.815268999528,9998.255251400005,23481.815268999526,-13483.56001759952,-2863.5600175995223,-3813.5600175995223
2022-08-15,323.4985548000077,13811.815268999528,1000,0,0,0.0,5.0966966,0.0,0.0,0.0,0.0,12861.815268999528,9883.498554800008,23371.815268999526,-13488.316714199518,-12538.31671419952,-13488.31671419952
2022-08-16,9779.453329600008,13811.815268999528,0,0,0,0.0,14.5652252,0.0,0.0,0.0,0.0,12861.815268999528,9779.453329600008,23291.815268999526,-13512.361939399518,-3082.3619393995195,-4032.3619393995195
2022-08-17,304.89863500000865,13811.815268999528,1000,0,0,0.0,5.0946946,0.0,0.0,0.0,0.0,12861.815268999528,9954.898635000009,23461.815268999526,-13506.916633999517,-12556.916633999519,-13506.916633999519
2022-08-18,9890.592241100008,13811.815268999528,0,0,0,0.0,14.6963939,0.0,0.0,0.0,0.0,12861.815268999528,9890.592241100008,23421.815268999526,-13531.223027899518,-2971.2230278995194,-3921.2230278995194
2022-08-19,355.976945900009,13811.815268999528,1000,0,0,0.0,5.0952952,0.0,0.0,0.0,0.0,12861.815268999528,9875.976945900009,23331.815268999526,-13455.838323099517,-12505.838323099519,-13455.838323099519
2022-08-22,9851.851361100009,13811.815268999528,0,0,0,0.0,14.6055848,0.0,0.0,0.0,0.0,12861.815268999528,9851.851361100009,23331.815268999526,-13479.963907899517,-3009.9639078995187,-3959.9639078995187
2022-08-23,357.2764663000089,13811.815268999528,1000,0,0,0.0,5.0948948,0.0,0.0,0.0,0.0,12861.815268999528,9797.276466300009,23251.815268999526,-13454.538802699517,-12504.538802699519,-13454.538802699519
2022-08-24,9703.452230000008,13811.815268999528,0,0,0,0.0,14.4542363,0.0,0.0,0.0,0.0,12861.815268999528,9703.452230000008,23181.815268999526,-13478.363038999518,-3158.3630389995196,-4108.36303899952
2022-08-25,369.03893680000874,13811.815268999528,1000,0,0,0.0,5.0932932,0.0,0.0,0.0,0.0,12861.815268999528,9679.038936800009,23121.815268999526,-13442.776332199517,-12492.776332199519,-13442.776332199519
2022-08-26,9705.234790400009,13811.815268999528,0,0,0,0.0,14.4441464,0.0,0.0,0.0,0.0,12861.815268999528,9705.234790400009,23171.815268999526,-13466.580478599517,-3156.5804785995188,-4106.580478599519
2022-08-29,430.88209780001125,13811.815268999528,1000,0,0,0.0,5.0926926,0.0,0.0,0.0,0.0,12861.815268999528,9670.882097800011,23051.815268999526,-13380.933171199515,-12430.933171199516,-13380.933171199516
2022-08-30,9607.39938980001,13811.815268999528,0,0,0,0.0,14.282708,0.0,0.0,0.0,0.0,12861.815268999528,9607.39938980001,23011.815268999526,-13404.415879199516,-3254.415879199518,-4204.415879199518
2022-08-31,413.12749800001075,13811.815268999528,1000,0,0,0.0,5.0918918,0.0,0.0,0.0,0.0,12861.815268999528,9703.12749800001,23101.815268999526,-13398.687770999515,-12448.687770999517,-13398.687770999517
2022-09-01,9609.604610200011,13811.815268999528,0,0,0,0.0,14.3028878,0.0,0.0,0.0,0.0,12861.815268999528,9609.604610200011,23031.815268999526,-13422.210658799515,-3252.2106587995168,-4202.210658799517
2022-09-02,375.2923180000107,13811.815268999528,1000,0,0,0.0,5.0922922,0.0,0.0,0.0,0.0,12861.815268999528,9685.29231800001,23121.815268999526,-13436.522950999515,-12486.522950999517,-13436.522950999517
2022-09-05,9681.54844130001,13811.815268999528,0,0,0,0.0,14.413876700000001,0.0,0.0,0.0,0.0,12861.815268999528,9681.54844130001,23141.815268999526,-13460.266827699515,-3180.2668276995173,-4130.266827699517
2022-09-06,357.14524820001134,13811.815268999528,1000,0,0,0.0,5.0931931,0.0,0.0,0.0,0.0,12861.815268999528,9797.145248200011,23251.815268999526,-13454.670020799515,-12504.670020799516,-13454.670020799516
2022-09-07,9723.280832100012,13811.815268999528,0,0,0,0.0,14.474416100000001,0.0,0.0,0.0,0.0,12861.815268999528,9723.280832100012,23201.815268999526,-13478.534436899514,-3138.5344368995156,-4088.5344368995156
2022-09-08,278.7564378000134,13811.815268999528,1000,0,0,0.0,5.0943943,0.0,0.0,0.0,0.0,12861.815268999528,9718.756437800013,23251.815268999526,-13533.058831199512,-12583.058831199514,-13533.058831199514
2022-09-09,9724.731302500015,13811.815268999528,0,0,0,0.0,14.555135300000002,0.0,0.0,0.0,0.0,12861.815268999528,9724.731302500015,23281.815268999526,-13557.083966499511,-3137.083966499513,-4087.083966499513
2022-09-13,200.12610740001583,13811.815268999528,1000,0,0,0.0,5.0951951,0.0,0.0,0.0,0.0,12861.815268999528,9690.126107400016,23301.815268999526,-13611.68916159951,-12661.689161599512,-13611.689161599512
2022-09-14,9556.281781200016,13811.815268999528,0,0,0,0.0,14.464326200000002,0.0,0.0,0.0,0.0,12861.815268999528,9556.281781200016,23191.815268999526,-13635.53348779951,-3305.533487799512,-4255.533487799512
2022-09-15,151.79778730001635,13811.815268999528,1000,0,0,0.0,5.0939939,0.0,0.0,0.0,0.0,12861.815268999528,9531.797787300016,23191.815268999526,-13660.01748169951,-12710.017481699511,-13660.017481699511
2022-09-16,9248.475798500016,13811.815268999528,0,0,0,0.0,14.201988799999999,0.0,0.0,0.0,0.0,12861.815268999528,9248.475798500016,22931.815268999526,-13683.33947049951,-3613.3394704995117,-4563.339470499512
2022-09-19,114.2645073000167,13811.815268999528,1000,0,0,0.0,5.0912912,0.0,0.0,0.0,0.0,12861.815268999528,9004.264507300017,22701.815268999526,-13697.55076169951,-12747.550761699511,-13697.550761699511
2022-09-20,8831.705934700018,13811.815268999528,0,0,0,0.0,13.818572600000001,0.0,0.0,0.0,0.0,12861.815268999528,8831.705934700018,22551.815268999526,-13720.109334299508,-4030.10933429951,-4980.10933429951
2022-09-21,87.88854740001807,13811.815268999528,1000,0,0,0.0,5.0873873,0.0,0.0,0.0,0.0,12861.815268999528,8837.888547400018,22561.815268999526,-13723.926721599508,-12773.92672159951,-13723.92672159951
2022-09-22,8745.450514200018,13811.815268999528,0,0,0,0.0,13.7580332,0.0,0.0,0.0,0.0,12861.815268999528,8745.450514200018,22491.815268999526,-13746.364754799508,-4116.36475479951,-5066.36475479951
2022-09-23,31.663427200019214,13811.815268999528,1000,0,0,0.0,5.087087,0.0,0.0,0.0,0.0,12861.815268999528,8721.66342720002,22501.815268999526,-13780.151841799507,-12830.151841799508,-13780.151841799508
2022-09-26,8559.48656270002,13811.815268999528,0,0,0,0.0,13.626864500000002,0.0,0.0,0.0,0.0,12861.815268999528,8559.48656270002,22361.815268999526,-13802.328706299506,-4302.328706299508,-5252.328706299508
2022-09-27,5.8610773000200425,13811.815268999528,1000,0,0,0.0,5.0854854,0.0,0.0,0.0,0.0,12861.815268999528,8655.86107730002,22461.815268999526,-13805.954191699506,-12855.954191699508,-13805.954191699508
2022-09-28,8543.66412290002,13811.815268999528,0,0,0,0.0,13.6369544,0.0,0.0,0.0,0.0,12861.815268999528,8543.66412290002,22371.815268999526,-13828.151146099506,-4318.151146099508,-5268.151146099508
2022-09-29,0.0,13951.907932799506,1000,0,0,0.0,5.0867867,0.0,0.0,0.0,140.09266379997825,13001.907932799506,8380.0,22331.907932799506,-13951.907932799506,-13001.907932799506,-13951.907932799506
2022-09-30,8497.8834052,13951.907932799506,0,0,0,0.0,13.5965948,0.0,0.0,0.0,0.0,13001.907932799506,8497.8834052,22471.907932799506,-13974.024527599506,-4504.024527599506,-5454.024527599506
2022-10-10,0.0,14067.710613599504,1000,0,0,0.0,5.086086,0.0,0.0,0.0,115.80268079999769,13117.710613599504,8160.0,22227.710613599505,-14067.710613599505,-13117.710613599504,-14067.710613599504
2022-10-11,8158.5664618,14067.710613599504,0,0,0,0.0,13.2535382,0.0,0.0,0.0,0.0,13117.710613599504,8158.5664618,22247.710613599505,-14089.144151799504,-4959.144151799504,-5909.144151799504
2022-10-12,0.0,14082.385833399501,1000,0,0,0.0,5.0816816,0.0,0.0,0.0,14.675219799998558,13132.385833399501,8310.0,22392.3858333995,-14082.385833399501,-13132.385833399501,-14082.385833399501
2022-10-13,8328.2249335,14082.385833399501,0,0,0,0.0,13.4250665,0.0,0.0,0.0,0.0,13132.385833399501,8328.2249335,22432.3858333995,-14104.160899899502,-4804.160899899502,-5754.160899899502
2022-10-14,0.0,14177.655083999502,1000,0,0,0.0,5.0841841,0.0,0.0,0.0,95.2692506000003,13227.655083999502,8440.0,22617.655083999503,-14177.655083999503,-13227.655083999502,-14177.655083999502
2022-10-17,8497.8834052,14177.655083999502,0,0,0,0.0,13.5965948,0.0,0.0,0.0,0.0,13227.655083999502,8497.8834052,22697.655083999503,-14199.771678799503,-4729.771678799501,-5679.771678799501
2022-10-18,0.0,14233.397164199501,1000,0,0,0.0,5.0854854,0.0,0.0,0.0,55.74208019999969,13283.397164199501,8500.0,22733.3971641995,-14233.397164199501,-13283.397164199501,-14233.397164199501
2022-10-19,8378.124484,14233.397164199501,0,0,0,0.0,13.475516,0.0,0.0,0.0,0.0,13283.397164199501,8378.124484,22633.3971641995,-14255.272680199501,-4905.272680199501,-5855.272680199501
2022-10-20,0.0,14248.7365639995,1000,0,0,0.0,5.0838838,0.0,0.0,0.0,15.339399799999228,13298.7365639995,8500.0,22748.7365639995,-14248.7365639995,-13298.7365639995,-14248.7365639995
2022-10-21,8447.9838547,14248.7365639995,0,0,0,0.0,13.546145300000001,0.0,0.0,0.0,0.0,13298.7365639995,8447.9838547,22718.7365639995,-14270.7527092995,-4850.752709299501,-5800.752709299501
2022-10-24,34.49977070000023,14248.7365639995,1000,0,0,0.0,5.084084,0.0,0.0,0.0,0.0,13298.7365639995,8324.4997707,22538.7365639995,-14214.2367932995,-13264.2367932995,-14214.2367932995
2022-10-25,8392.6644345,14248.7365639995,0,0,0,0.0,13.455336200000001,0.0,0.0,0.0,0.0,13298.7365639995,8392.6644345,22628.7365639995,-14236.0721294995,-4906.0721294995,-5856.0721294995
2022-10-26,39.24095110000235,14248.7365639995,1000,0,0,0.0,5.0834834,0.0,0.0,0.0,0.0,13298.7365639995,8339.240951100002,22548.7365639995,-14209.495612899498,-13259.495612899498,-14209.495612899498
2022-10-27,8407.385525000003,14248.7365639995,0,0,0,0.0,13.4654261,0.0,0.0,0.0,0.0,13298.7365639995,8407.385525000003,22638.7365639995,-14231.351038999497,-4891.351038999497,-5841.351038999497
2022-10-28,0.0,14284.865423299496,1000,0,0,0.0,5.0843843,0.0,0.0,0.0,36.12885929999538,13334.865423299496,8280.0,22564.865423299496,-14284.865423299496,-13334.865423299496,-14284.865423299496
2022-10-31,8178.526282,14284.865423299496,0,0,0,0.0,13.273718,0.0,0.0,0.0,0.0,13334.865423299496,8178.526282,22484.865423299496,-14306.339141299497,-5156.339141299496,-6106.339141299496
2022-11-01,0.0,14409.712124199494,1000,0,0,0.0,5.0829829,0.0,0.0,0.0,124.84670089999872,13459.712124199494,8560.0,22969.712124199494,-14409.712124199494,-13459.712124199494,-14409.712124199494
2022-11-02,8637.6021466,14409.712124199494,0,0,0,0.0,13.7378534,0.0,0.0,0.0,0.0,13459.712124199494,8637.6021466,23069.712124199494,-14432.109977599494,-4822.1099775994935,-5772.1099775994935
2022-11-03,0.0,14465.876864399492,1000,0,0,0.0,5.0868868,0.0,0.0,0.0,56.16474019999805,13515.876864399492,8630.0,23095.87686439949,-14465.876864399492,-13515.876864399492,-14465.876864399492
2022-11-04,8667.541876899999,14465.876864399492,0,0,0,0.0,13.7681231,0.0,0.0,0.0,0.0,13515.876864399492,8667.541876899999,23155.87686439949,-14488.334987499493,-4848.334987499493,-5798.334987499493
2022-11-07,0.0,14502.111974399491,1000,0,0,0.0,5.0869869,0.0,0.0,0.0,36.23510999999962,13552.111974399491,8690.0,23192.111974399493,-14502.111974399493,-13552.111974399491,-14502.111974399491
2022-11-08,8697.481607200001,14502.111974399491,0,0,0,0.0,13.7983928,0.0,0.0,0.0,0.0,13552.111974399491,8697.481607200001,23222.111974399493,-14524.630367199492,-4854.63036719949,-5804.63036719949
2022-11-09,0.0,14508.407354099489,1000,0,0,0.0,5.0869869,0.0,0.0,0.0,6.295379699997284,13558.407354099489,8640.0,23148.407354099487,-14508.407354099487,-13558.407354099489,-14508.407354099489
2022-11-10,8597.682506199999,14508.407354099489,0,0,0,0.0,13.6974938,0.0,0.0,0.0,0.0,13558.407354099489,8597.682506199999,23128.407354099487,-14530.724847899488,-4960.72484789949,-5910.72484789949
2022-11-11,0.0,14674.562435399488,1000,0,0,0.0,5.0875875,0.0,0.0,0.0,166.15508129999944,13724.562435399488,8840.0,23514.562435399486,-14674.562435399486,-13724.562435399488,-14674.562435399488
2022-11-14,8927.0195395,14674.562435399488,0,0,0,0.0,14.0304605,0.0,0.0,0.0,0.0,13724.562435399488,8927.0195395,23624.562435399486,-14697.542895899487,-4797.542895899489,-5747.542895899489
2022-11-15,0.0,14721.592585499488,1000,0,0,0.0,5.0896896,0.0,0.0,0.0,47.030150099999446,13771.592585499488,9050.0,23771.592585499486,-14721.592585499486,-13771.592585499488,-14721.592585499488
2022-11-16,8966.9391799,14721.592585499488,0,0,0,0.0,14.0708201,0.0,0.0,0.0,0.0,13771.592585499488,8966.9391799,23711.592585499486,-14744.653405599485,-4804.653405599487,-5754.653405599487
2022-11-17,0.0,14728.703095199486,1000,0,0,0.0,5.0896896,0.0,0.0,0.0,7.110509699998147,13778.703095199486,9010.0,23738.703095199486,-14728.703095199486,-13778.703095199486,-14728.703095199486
2022-11-18,8927.0195395,14728.703095199486,0,0,0,0.0,14.0304605,0.0,0.0,0.0,0.0,13778.703095199486,8927.0195395,23678.703095199486,-14751.683555699487,-4851.6835556994865,-5801.6835556994865
2022-11-21,13.03045050000037,14728.703095199486,1000,0,0,0.0,5.089089,0.0,0.0,0.0,0.0,13778.703095199486,9013.0304505,23728.703095199486,-14715.672644699485,-13765.672644699485,-14715.672644699485
2022-11-22,9089.7486415,14728.703095199486,0,0,0,0.0,14.181809,0.0,0.0,0.0,0.0,13778.703095199486,9089.7486415,23828.703095199486,-14738.954453699485,-4688.954453699485,-5638.954453699485
2022-11-23,0.0,14763.155644799484,1000,0,0,0.0,5.0911911,0.0,0.0,0.0,34.45254959999875,13813.155644799484,9050.0,23813.155644799484,-14763.155644799484,-13813.155644799484,-14763.155644799484
2022-11-24,8936.999449600002,14763.155644799484,0,0,0,0.0,14.0405504,0.0,0.0,0.0,0.0,13813.155644799484,8936.999449600002,23723.155644799484,-14786.156195199483,-4876.156195199483,-5826.156195199483
2022-11-25,0.0,14790.195784699481,1000,0,0,0.0,5.0895895,0.0,0.0,0.0,27.040139899996575,13840.195784699481,9050.0,23840.19578469948,-14790.195784699481,-13840.195784699481,-14790.195784699481
2022-11-28,8737.401247599999,14790.195784699481,0,0,0,0.0,13.8387524,0.0,0.0,0.0,0.0,13840.195784699481,8737.401247599999,23550.19578469948,-14812.794537099482,-5102.794537099482,-6052.794537099482
2022-11-29,0.0,14896.712925399483,1000,0,0,0.0,5.0883883,0.0,0.0,0.0,106.51714070000162,13946.712925399483,9110.0,24006.712925399483,-14896.712925399483,-13946.712925399483,-14896.712925399483
2022-11-30,9126.6177415,14896.712925399483,0,0,0,0.0,14.2322585,0.0,0.0,0.0,0.0,13946.712925399483,9126.6177415,24046.712925399483,-14920.095183899482,-4820.095183899482,-5770.095183899482
2022-12-01,0.0,14994.397375999482,1000,0,0,0.0,5.0921921,0.0,0.0,0.0,97.68445059999976,14044.397375999482,9190.0,24184.397375999484,-14994.397375999484,-14044.397375999482,-14994.397375999482
2022-12-02,9116.637831400001,14994.397375999482,0,0,0,0.0,14.222168600000002,0.0,0.0,0.0,0.0,14044.397375999482,9116.637831400001,24134.397375999484,-15017.759544599483,-4927.759544599481,-5877.759544599481
2022-12-05,0.0,15182.14253749948,1000,0,0,0.0,5.0929929,0.0,0.0,0.0,187.74516149999727,14232.14253749948,9280.0,24462.14253749948,-15182.14253749948,-14232.14253749948,-15182.14253749948
2022-12-06,9416.0351344,15182.14253749948,0,0,0,0.0,14.5248656,0.0,0.0,0.0,0.0,14232.14253749948,9416.0351344,24622.14253749948,-15206.10740309948,-4816.1074030994805,-5766.1074030994805
2022-12-07,0.0,15240.66209769948,1000,0,0,0.0,5.0946946,0.0,0.0,0.0,58.51956020000034,14290.66209769948,9420.0,24660.662097699482,-15240.662097699482,-14290.66209769948,-15240.66209769948
2022-12-08,9396.0753142,15240.66209769948,0,0,0,0.0,14.5046858,0.0,0.0,0.0,0.0,14290.66209769948,9396.0753142,24660.662097699482,-15264.586783499482,-4894.586783499481,-5844.586783499481
2022-12-09,0.0,15259.08087749948,1000,0,0,0.0,5.094094,0.0,0.0,0.0,18.418779800000266,14309.08087749948,9460.0,24719.08087749948,-15259.08087749948,-14309.08087749948,-15259.08087749948
2022-12-12,9435.9949546,15259.08087749948,0,0,0,0.0,14.545045400000001,0.0,0.0,0.0,0.0,14309.08087749948,9435.9949546,24719.08087749948,-15283.08592289948,-4873.08592289948,-5823.08592289948
2022-12-13,0.0,15317.66081769948,1000,0,0,0.0,5.0948948,0.0,0.0,0.0,58.57994019999933,14367.66081769948,9450.0,24767.660817699478,-15317.660817699478,-14367.66081769948,-15317.66081769948
2022-12-14,9396.0753142,15317.66081769948,0,0,0,0.0,14.5046858,0.0,0.0,0.0,0.0,14367.66081769948,9396.0753142,24737.660817699478,-15341.585503499478,-4971.58550349948,-5921.58550349948
2022-12-15,0.0,15356.099797699479,1000,0,0,0.0,5.0942942,0.0,0.0,0.0,38.43897999999899,14406.099797699479,9460.0,24816.099797699477,-15356.099797699477,-14406.099797699479,-15356.099797699479
2022-12-16,9475.914595,15356.099797699479,0,0,0,0.0,14.585405,0.0,0.0,0.0,0.0,14406.099797699479,9475.914595,24856.099797699477,-15380.185202699477,-4930.185202699478,-5880.185202699478
2022-12-19,0.0,15414.800497899478,1000,0,0,0.0,5.0952952,0.0,0.0,0.0,58.70070019999912,14464.800497899478,9370.0,24784.80049789948,-15414.80049789948,-14464.800497899478,-15414.800497899478
2022-12-20,9266.336482899998,15414.800497899478,0,0,0,0.0,14.373517099999999,0.0,0.0,0.0,0.0,14464.800497899478,9266.336482899998,24704.80049789948,-15438.464014999481,-5198.464014999479,-6148.464014999479
2022-12-21,0.0,15452.847007899478,1000,0,0,0.0,5.0929929,0.0,0.0,0.0,38.046510000000126,14502.847007899478,9350.0,24802.84700789948,-15452.84700789948,-14502.847007899478,-15452.847007899478
2022-12-22,9266.336482899998,15452.847007899478,0,0,0,0.0,14.373517099999999,0.0,0.0,0.0,0.0,14502.847007899478,9266.336482899998,24742.84700789948,-15476.510524999481,-5236.5105249994795,-6186.5105249994795
2022-12-23,0.0,15460.863217599477,1000,0,0,0.0,5.0926926,0.0,0.0,0.0,8.016209699999308,14510.863217599477,9180.0,24640.86321759948,-15460.863217599479,-14510.863217599477,-15460.863217599477
2022-12-26,9136.597651600001,15460.863217599477,0,0,0,0.0,14.242348400000001,0.0,0.0,0.0,0.0,14510.863217599477,9136.597651600001,24620.86321759948,-15484.265565999478,-5374.265565999476,-6324.265565999476
2022-12-27,0.0,15558.577858199476,1000,0,0,0.0,5.0922922,0.0,0.0,0.0,97.71464059999926,14608.577858199476,9210.0,24768.577858199475,-15558.577858199475,-14608.577858199476,-15558.577858199476
2022-12-28,9146.5775617,15558.577858199476,0,0,0,0.0,14.2524383,0.0,0.0,0.0,0.0,14608.577858199476,9146.5775617,24728.577858199475,-15582.000296499475,-5462.0002964994765,-6412.0002964994765
2022-12-29,0.0,15606.272188299476,1000,0,0,0.0,5.0918918,0.0,0.0,0.0,47.694330099999206,14656.272188299476,9070.0,24676.272188299474,-15606.272188299474,-14656.272188299476,-15606.272188299476
2022-12-30,9156.557471799999,15606.272188299476,0,0,0,0.0,14.2625282,0.0,0.0,0.0,0.0,14656.272188299476,9156.557471799999,24786.272188299474,-15629.714716499475,-5499.714716499477,-6449.714716499477
2023-01-03,2.3259803999990254,15606.272188299476,1000,0,0,0.0,5.0914914,0.0,0.0,0.0,0.0,14656.272188299476,9312.325980399999,24916.272188299474,-15603.946207899475,-14653.946207899477,-15603.946207899477
2023-01-04,9328.541923899998,15606.272188299476,0,0,0,0.0,14.4340565,0.0,0.0,0.0,0.0,14656.272188299476,9328.541923899998,24956.272188299474,-15627.730264399475,-5327.730264399477,-6277.730264399477
2023-01-05,0.0,15742.274858899476,1000,0,0,0.0,5.0945945,0.0,0.0,0.0,136.00267060000078,14792.274858899476,9490.0,25232.274858899476,-15742.274858899476,-14792.274858899476,-15742.274858899476
2023-01-06,9356.1556738,15742.274858899476,0,0,0,0.0,14.464326200000002,0.0,0.0,0.0,0.0,14792.274858899476,9356.1556738,25122.274858899476,-15766.119185099476,-5436.119185099476,-6386.119185099476
2023-01-09,0.0,15880.694079899476,1000,0,0,0.0,5.0948948,0.0,0.0,0.0,138.4192210000001,14930.694079899476,9510.0,25390.694079899476,-15880.694079899476,-14930.694079899476,-15880.694079899476
2023-01-10,9376.115494,15880.694079899476,0,0,0,0.0,14.484506000000001,0.0,0.0,0.0,0.0,14930.694079899476,9376.115494,25280.694079899476,-15904.578585899477,-5554.578585899477,-6504.578585899477
2023-01-11,0.0,15969.123180399476,1000,0,0,0.0,5.0945945,0.0,0.0,0.0,88.42910049999955,15019.123180399476,9360.0,25329.123180399474,-15969.123180399474,-15019.123180399476,-15969.123180399476
2023-01-12,9296.2762132,15969.123180399476,0,0,0,0.0,14.4037868,0.0,0.0,0.0,0.0,15019.123180399476,9296.2762132,25289.123180399474,-15992.846967199474,-5722.846967199475,-6672.846967199475
2023-01-13,0.0,16037.290560699474,1000,0,0,0.0,5.0935935,0.0,0.0,0.0,68.1673802999976,15087.290560699474,9430.0,25467.290560699475,-16037.290560699475,-15087.290560699474,-16037.290560699474
2023-01-16,9475.914595,16037.290560699474,0,0,0,0.0,14.585405,0.0,0.0,0.0,0.0,15087.290560699474,9475.914595,25537.290560699475,-16061.375965699475,-5611.375965699473,-6561.375965699473
2023-01-17,0.0,16095.991260899473,1000,0,0,0.0,5.0952952,0.0,0.0,0.0,58.70070019999912,15145.991260899473,9520.0,25615.99126089947,-16095.991260899471,-15145.991260899473,-16095.991260899473
2023-01-18,9505.854325299999,16095.991260899473,0,0,0,0.0,14.6156747,0.0,0.0,0.0,0.0,15145.991260899473,9505.854325299999,25625.99126089947,-16120.136935599472,-5640.136935599474,-6590.136935599474
2023-01-19,1.26933039999858,16095.991260899473,1000,0,0,0.0,5.0949949,0.0,0.0,0.0,0.0,15145.991260899473,9531.269330399999,25625.99126089947,-16094.721930499472,-15144.721930499474,-16094.721930499474
2023-01-20,9507.123655699997,16095.991260899473,0,0,0,0.0,14.6156747,0.0,0.0,0.0,0.0,15145.991260899473,9507.123655699997,25625.99126089947,-16118.867605199473,-5638.867605199475,-6588.867605199475
2023-01-30,0.0,16273.634401899473,1000,0,0,0.0,5.0967967,0.0,0.0,0.0,177.64314100000047,15323.634401899473,9640.0,25913.63440189947,-16273.634401899471,-15323.634401899473,-16273.634401899473
2023-01-31,9485.8945051,16273.634401899473,0,0,0,0.0,14.5954949,0.0,0.0,0.0,0.0,15323.634401899473,9485.8945051,25783.63440189947,-16297.739896799472,-5837.739896799474,-6787.739896799474
2023-02-01,0.0,16342.375392199474,1000,0,0,0.0,5.0954954,0.0,0.0,0.0,68.7409903000007,15392.375392199474,9580.0,25922.375392199472,-16342.375392199472,-15392.375392199474,-16342.375392199474
2023-02-02,9525.8141455,16342.375392199474,0,0,0,0.0,14.6358545,0.0,0.0,0.0,0.0,15392.375392199474,9525.8141455,25892.375392199472,-16366.561246699472,-5866.5612466994735,-6816.5612466994735
2023-02-03,11.219050500001686,16342.375392199474,1000,0,0,0.0,5.095095,0.0,0.0,0.0,0.0,15392.375392199474,9371.219050500002,25702.375392199472,-16331.15634169947,-15381.156341699472,-16331.156341699472
2023-02-06,9317.475173800001,16342.375392199474,0,0,0,0.0,14.413876700000001,0.0,0.0,0.0,0.0,15392.375392199474,9317.475173800001,25672.375392199472,-16354.90021839947,-6074.900218399473,-7024.900218399473
2023-02-07,0.0,16419.37411219947,1000,0,0,0.0,5.0938938,0.0,0.0,0.0,76.99871999999777,15469.374112199472,9270.0,25689.37411219947,-16419.37411219947,-15469.374112199472,-16419.37411219947
2023-02-08,9236.3967526,16419.37411219947,0,0,0,0.0,14.343247400000001,0.0,0.0,0.0,0.0,15469.374112199472,9236.3967526,25679.37411219947,-16442.97735959947,-6232.977359599472,-7182.977359599472
2023-02-09,0.0,16437.30985199947,1000,0,0,0.0,5.0924924,0.0,0.0,0.0,17.935739799999283,15487.309851999471,9450.0,25887.30985199947,-16437.30985199947,-15487.309851999471,-16437.30985199947
2023-02-10,9755.3520778,16437.30985199947,0,0,0,0.0,14.8679222,0.0,0.0,0.0,0.0,15487.309851999471,9755.3520778,26217.30985199947,-16461.957774199473,-5731.957774199471,-6681.957774199471
2023-02-13,20.534780600000886,16437.30985199947,1000,0,0,0.0,5.0972972,0.0,0.0,0.0,0.0,15487.309851999471,9680.5347806,26097.30985199947,-16416.77507139947,-15466.77507139947,-16416.77507139947
2023-02-14,9696.0475776,16437.30985199947,0,0,0,0.0,14.787203,0.0,0.0,0.0,0.0,15487.309851999471,9696.0475776,26137.30985199947,-16441.262274399473,-5791.262274399471,-6741.262274399471
2023-02-15,0.0,16466.069471499468,1000,0,0,0.0,5.0971971,0.0,0.0,0.0,28.759619499998735,15516.06947149947,10050.0,26516.069471499468,-16466.069471499468,-15516.06947149947,-16466.069471499468
2023-02-16,9865.131088900001,16466.069471499468,0,0,0,0.0,14.978911100000001,0.0,0.0,0.0,0.0,15516.06947149947,9865.131088900001,26356.069471499468,-16490.938382599466,-5650.938382599468,-6600.938382599466
2023-02-17,0.0,16485.907181299466,1000,0,0,0.0,5.0987987,0.0,0.0,0.0,19.837709799998265,15535.907181299468,9710.0,26195.907181299466,-16485.907181299466,-15535.907181299468,-16485.907181299466
2023-02-20,9885.0909091,16485.907181299466,0,0,0,0.0,14.9990909,0.0,0.0,0.0,0.0,15535.907181299468,9885.0909091,26395.907181299466,-16510.816272199467,-5650.816272199469,-6600.816272199467
2023-02-21,0.0,16495.795170999467,1000,0,0,0.0,5.0988988,0.0,0.0,0.0,9.887989700000617,15545.795170999469,9880.0,26375.795170999467,-16495.795170999467,-15545.795170999469,-16495.795170999467
2023-02-22,9725.4123475,16495.795170999467,0,0,0,0.0,14.8376525,0.0,0.0,0.0,0.0,15545.795170999469,9725.4123475,26245.795170999467,-16520.382823499465,-5820.382823499469,-6770.382823499467
2023-02-23,0.0,16615.311221799464,1000,0,0,0.0,5.0983983,0.0,0.0,0.0,119.516050799999,15665.311221799468,9700.0,26315.311221799464,-16615.311221799464,-15665.311221799468,-16615.311221799464
2023-02-24,9595.673516199999,16615.311221799464,0,0,0,0.0,14.706483799999999,0.0,0.0,0.0,0.0,15665.311221799468,9595.673516199999,26235.311221799464,-16639.637705599467,-6069.637705599469,-7019.637705599465
2023-02-27,0.997620400001324,16615.311221799464,1000,0,0,0.0,5.0958958,0.0,0.0,0.0,0.0,15665.311221799468,9520.997620400001,26135.311221799464,-16614.313601399463,-15664.313601399466,-16614.313601399463
2023-02-28,9576.7113164,16615.311221799464,0,0,0,0.0,14.686304,0.0,0.0,0.0,0.0,15665.311221799468,9576.7113164,26215.311221799464,-16638.599905399464,-6088.599905399467,-7038.599905399464
2023-03-01,0.0,16663.30610149946,1000,0,0,0.0,5.0961961,0.0,0.0,0.0,47.99487969999791,15713.306101499466,9960.0,26623.30610149946,-16663.30610149946,-15713.306101499466,-16663.30610149946
2023-03-02,10314.2270434,16663.30610149946,0,0,0,0.0,15.4329566,0.0,0.0,0.0,0.0,15713.306101499466,10314.2270434,27003.30610149946,-16689.079058099458,-5399.079058099465,-6349.07905809946
2023-03-03,18.844140600001992,16663.30610149946,1000,0,0,0.0,5.1029028,0.0,0.0,0.0,0.0,15713.306101499466,11388.844140600002,28033.30610149946,-16644.461960899458,-15694.461960899464,-16644.461960899458
2023-03-06,11051.624711200002,16663.30610149946,0,0,0,0.0,16.1594294,0.0,0.0,0.0,0.0,15713.306101499466,11051.624711200002,27723.30610149946,-16671.681390299458,-4661.681390299464,-5611.681390299458
2023-03-07,0.0,16687.852100899458,1000,0,0,0.0,5.1107106,0.0,0.0,0.0,24.545999399997527,15737.852100899463,10510.0,27197.852100899458,-16687.852100899458,-15737.852100899463,-16687.852100899458
2023-03-08,10543.7649757,16687.852100899458,0,0,0,0.0,15.6650243,0.0,0.0,0.0,0.0,15737.852100899463,10543.7649757,27257.852100899458,-16714.087125199458,-5194.087125199463,-6144.087125199458
2023-03-09,0.0,16859.894232199455,1000,0,0,0.0,5.107107,0.0,0.0,0.0,172.0421312999988,15909.894232199462,11150.0,28009.894232199455,-16859.894232199455,-15909.894232199462,-16859.894232199455
2023-03-10,10823.2024585,16859.894232199455,0,0,0,0.0,15.9475415,0.0,0.0,0.0,0.0,15909.894232199462,10823.2024585,27709.894232199455,-16886.691773699455,-5086.691773699462,-6036.691773699455
2023-03-13,0.0,16932.680682499456,1000,0,0,0.0,5.1089088,0.0,0.0,0.0,72.78645030000007,15982.680682499462,11610.0,28542.680682499456,-16932.680682499456,-15982.680682499462,-16932.680682499456
2023-03-14,11731.3742776,16932.680682499456,0,0,0,0.0,16.865722400000003,0.0,0.0,0.0,0.0,15982.680682499462,11731.3742776,28692.680682499456,-16961.306404899457,-4251.306404899462,-5201.3064048994565
2023-03-15,0.0,17178.386124499455,1000,0,0,0.0,5.1197196,0.0,0.0,0.0,245.70544199999858,16228.38612449946,12070.0,29248.386124499455,-17178.386124499455,-16228.38612449946,-17178.386124499455
2023-03-16,12320.1889735,17178.386124499455,0,0,0,0.0,17.461026500000003,0.0,0.0,0.0,0.0,16228.38612449946,12320.1889735,29528.386124499455,-17208.197150999455,-3908.19715099946,-4858.197150999455
2023-03-17,0.0,17425.872776499455,1000,0,0,0.0,5.1256255,0.0,0.0,0.0,247.4866519999996,16475.872776499462,13590.0,31015.872776499455,-17425.872776499455,-16475.872776499462,-17425.872776499455
2023-03-20,14845.106228800001,17425.872776499455,0,0,0,0.0,20.0137712,0.0,0.0,0.0,0.0,16475.872776499462,14845.106228800001,32305.872776499455,-17460.76654769945,-1630.7665476994607,-2580.7665476994534
2023-03-21,0.0,17490.80559659945,1000,0,0,0.0,5.1490489,0.0,0.0,0.0,64.93282009999712,16540.805596599457,14600.0,32090.80559659945,-17490.80559659945,-16540.805596599457,-17490.80559659945
2023-03-22,16022.735620599999,17490.80559659945,0,0,0,0.0,21.2043794,0.0,0.0,0.0,0.0,16540.805596599457,16022.735620599999,33550.80559659945,-17528.069975999453,-518.0699759994586,-1468.0699759994513
2023-03-23,0.0,18179.92704289945,1000,0,0,0.0,5.1670669,0.0,0.0,0.0,689.1214463000015,17229.927042899457,16990.0,35169.92704289945,-18179.92704289945,-17229.927042899457,-18179.92704289945
2023-03-24,17619.5212366,18179.92704289945,0,0,0,0.0,22.8187634,0.0,0.0,0.0,0.0,17229.927042899457,17619.5212366,35839.92704289945,-18220.405806299448,389.59419370054457,-560.4058062994482
2023-03-27,517.2702658000017,18179.92704289945,1000,0,0,0.0,5.1709708,0.0,0.0,0.0,0.0,17229.927042899457,18147.2702658,35809.92704289945,-17662.656777099448,-16712.656777099455,-17662.656777099448
2023-03-28,16929.2223803,18179.92704289945,0,0,0,0.0,21.5978855,0.0,0.0,0.0,0.0,17229.927042899457,16929.2223803,34629.92704289945,-17700.704662599448,-300.70466259945533,-1250.704662599448
2023-03-29,207.35521330000483,18179.92704289945,1000,0,0,0.0,5.167167,0.0,0.0,0.0,0.0,17229.927042899457,16367.355213300005,34339.92704289945,-17972.571829599445,-17022.571829599452,-17972.571829599445
2023-03-30,17048.443462100004,18179.92704289945,0,0,0,0.0,22.0317512,0.0,0.0,0.0,0.0,17229.927042899457,17048.443462100004,35059.92704289945,-18011.483580799446,-181.4835807994532,-1131.483580799446
2023-03-31,326.576295100007,18179.92704289945,1000,0,0,0.0,5.167167,0.0,0.0,0.0,0.0,17229.927042899457,17546.576295100007,35399.92704289945,-17853.350747799443,-16903.35074779945,-17853.350747799443
2023-04-03,18045.89663270001,18179.92704289945,0,0,0,0.0,22.919662400000004,0.0,0.0,0.0,0.0,17229.927042899457,18045.89663270001,35939.92704289945,-17894.03041019944,815.9695898005521,-134.03041019944067
2023-04-04,783.4840603000121,18179.92704289945,1000,0,0,0.0,5.1725724,0.0,0.0,0.0,0.0,17229.927042899457,18193.484060300012,35589.92704289945,-17396.442982599438,-16446.442982599445,-17396.442982599438
2023-04-06,19740.313250300012,18179.92704289945,0,0,0,0.0,24.17081,0.0,0.0,0.0,0.0,17229.927042899457,19740.313250300012,37179.92704289945,-17439.613792599437,2510.3862074005556,1560.3862074005629
2023-04-07,936.3452625000136,18179.92704289945,1000,0,0,0.0,5.1879878,0.0,0.0,0.0,0.0,17229.927042899457,19306.345262500014,36549.92704289945,-17243.581780399436,-16293.581780399443,-17243.581780399436
2023-04-10,18366.248207200013,18179.92704289945,0,0,0,0.0,22.6270553,0.0,0.0,0.0,0.0,17229.927042899457,18366.248207200013,35649.92704289945,-17283.678835699437,1136.3211643005561,186.3211643005634
2023-04-11,703.4316308000125,18179.92704289945,1000,0,0,0.0,5.1765764,0.0,0.0,0.0,0.0,17229.927042899457,18053.431630800012,35529.92704289945,-17476.495412099437,-16526.495412099444,-17476.495412099437
2023-04-12,19081.426035000015,18179.92704289945,0,0,0,0.0,23.585595800000004,0.0,0.0,0.0,0.0,17229.927042899457,19081.426035000015,36599.92704289945,-17518.501007899435,1851.498992100558,901.4989921005654
2023-04-13,807.9933525000197,18179.92704289945,1000,0,0,0.0,5.1826825,0.0,0.0,0.0,0.0,17229.927042899457,18467.99335250002,35839.92704289945,-17371.93369039943,-16421.933690399437,-17371.93369039943
2023-04-14,18836.69090320002,18179.92704289945,0,0,0,0.0,23.232449300000003,0.0,0.0,0.0,0.0,17229.927042899457,18836.69090320002,36249.92704289945,-17413.23613969943,1606.7638603005616,656.7638603005689
2023-04-17,823.5208233000194,18179.92704289945,1000,0,0,0.0,5.1800799,0.0,0.0,0.0,0.0,17229.927042899457,18753.52082330002,36109.92704289945,-17356.40621959943,-16406.406219599437,-17356.40621959943
2023-04-18,19969.968305200022,18179.92704289945,0,0,0,0.0,24.362518100000003,0.0,0.0,0.0,0.0,17229.927042899457,19969.968305200022,37369.92704289945,-17399.958737699428,2740.041262300565,1790.0412623005723
2023-04-19,865.6973144000222,18179.92704289945,1000,0,0,0.0,5.1909908,0.0,0.0,0.0,0.0,17229.927042899457,18135.697314400022,35449.92704289945,-17314.229728499427,-16364.229728499435,-17314.229728499427
2023-04-20,19822.526504400023,18179.92704289945,0,0,0,0.0,24.17081,0.0,0.0,0.0,0.0,17229.927042899457,19822.526504400023,37179.92704289945,-17357.400538499427,2592.5994615005657,1642.599461500573
2023-04-21,297.83130940002593,18179.92704289945,1000,0,0,0.0,5.195195,0.0,0.0,0.0,0.0,17229.927042899457,19087.831309400026,36969.92704289945,-17882.095733499424,-16932.09573349943,-17882.095733499424
2023-04-24,18586.006522700023,18179.92704289945,0,0,0,0.0,23.4947867,0.0,0.0,0.0,0.0,17229.927042899457,18586.006522700023,36509.92704289945,-17923.920520199426,1356.0794798005663,406.0794798005736
2023-04-25,502.7657421000258,18179.92704289945,1000,0,0,0.0,5.1807806,0.0,0.0,0.0,0.0,17229.927042899457,19002.765742100026,36679.92704289945,-17677.161300799424,-16727.16130079943,-17677.161300799424
2023-04-26,502.7657421000258,18179.92704289945,1000,0,0,0.0,0.0,0.0,0.0,0.0,0.0,17229.927042899457,17152.765742100026,34829.92704289945,-17677.161300799424,-16727.16130079943,-17677.161300799424
2023-04-27,16565.421003100026,18179.92704289945,0,0,0,0.0,21.244739000000003,0.0,0.0,0.0,0.0,17229.927042899457,16565.421003100026,34279.92704289945,-17714.506039799424,-664.5060397994312,-1614.506039799424
2023-04-28,414.12954180003,18179.92704289945,1000,0,0,0.0,5.1614613,0.0,0.0,0.0,0.0,17229.927042899457,16534.12954180003,34299.92704289945,-17765.79750109942,-16815.797501099427,-17765.79750109942
2023-05-04,15758.23127560003,18179.92704289945,0,0,0,0.0,20.5182662,0.0,0.0,0.0,0.0,17229.927042899457,15758.23127560003,33559.92704289945,-17801.695767299418,-1471.6957672994267,-2421.6957672994195
2023-05-05,407.74782230003257,18179.92704289945,1000,0,0,0.0,5.1534533,0.0,0.0,0.0,0.0,17229.927042899457,15177.747822300033,32949.92704289945,-17772.179220599417,-16822.179220599424,-17772.179220599417
2023-05-08,15053.255849100033,18179.92704289945,0,0,0,0.0,19.8119732,0.0,0.0,0.0,0.0,17229.927042899457,15053.255849100033,32859.92704289945,-17806.67119379942,-2176.671193799424,-3126.671193799417
2023-05-09,353.4289023000347,18179.92704289945,1000,0,0,0.0,5.1469468,0.0,0.0,0.0,0.0,17229.927042899457,15053.428902300035,32879.92704289945,-17826.498140599415,-16876.498140599422,-17826.498140599415
2023-05-10,14919.097648300034,18179.92704289945,0,0,0,0.0,19.731254,0.0,0.0,0.0,0.0,17229.927042899457,14919.097648300034,32779.92704289945,-17860.829394599416,-2310.829394599423,-3260.8293945994155
2023-05-11,389.4424032000352,18179.92704289945,1000,0,0,0.0,5.1452451,0.0,0.0,0.0,0.0,17229.927042899457,14849.442403200035,32639.92704289945,-17790.484639699414,-16840.48463969942,-17790.484639699414
2023-05-12,14715.593306800034,18179.92704289945,0,0,0,0.0,19.4890964,0.0,0.0,0.0,0.0,17229.927042899457,14715.593306800034,32539.92704289945,-17824.333736099416,-2514.333736099423,-3464.3337360994155
2023-05-15,75.82696060003582,18179.92704289945,1000,0,0,0.0,5.1463462,0.0,0.0,0.0,0.0,17229.927042899457,15195.826960600036,33299.92704289945,-18104.100082299414,-17154.10008229942,-18104.100082299414
2023-05-16,14821.134088400035,18179.92704289945,0,0,0,0.0,19.912872200000002,0.0,0.0,0.0,0.0,17229.927042899457,14821.134088400035,32959.92704289945,-18138.792954499415,-2408.792954499422,-3358.792954499415
2023-05-17,0.0,18228.791602999416,1000,0,0,0.0,5.1486485,0.0,0.0,0.0,48.864560099964365,17278.791602999423,15550.0,33778.791602999416,-18228.791602999416,-17278.791602999423,-18228.791602999416
2023-05-18,16312.153013500001,18228.791602999416,0,0,0,0.0,21.496986500000002,0.0,0.0,0.0,0.0,17278.791602999423,16312.153013500001,34578.791602999416,-18266.638589499416,-966.6385894994219,-1916.6385894994146
2023-05-19,0.0,18438.303754499415,1000,0,0,0.0,5.165165,0.0,0.0,0.0,209.51215149999734,17488.303754499422,16160.0,34598.303754499415,-18438.303754499415,-17488.303754499422,-18438.303754499415
2023-05-22,15374.0414641,18438.303754499415,0,0,0,0.0,20.5485359,0.0,0.0,0.0,0.0,17488.303754499422,15374.0414641,33848.303754499415,-18474.262290399412,-2114.2622903994215,-3064.2622903994143
2023-05-23,0.0,18464.796244199413,1000,0,0,0.0,5.1539538,0.0,0.0,0.0,26.49248969999826,17514.79624419942,15230.0,33694.79624419942,-18464.796244199417,-17514.79624419942,-18464.796244199413
2023-05-24,14785.2267682,18464.796244199413,0,0,0,0.0,19.9532318,0.0,0.0,0.0,0.0,17514.79624419942,14785.2267682,33284.79624419942,-18499.569475999415,-2729.5694759994203,-3679.569475999413
2023-05-25,0.0,19700.72963599941,1000,0,0,0.0,5.16016,0.0,0.0,0.0,1235.9333917999975,18750.729635999418,16300.0,36000.72963599941,-19700.729635999407,-18750.729635999418,-19700.72963599941
2023-05-26,16751.2690579,19700.72963599941,0,0,0,0.0,21.9409421,0.0,0.0,0.0,0.0,18750.729635999418,16751.2690579,36490.72963599941,-19739.460578099406,-1999.460578099417,-2949.4605780994098
2023-05-29,0.0,20261.923650999408,1000,0,0,0.0,5.1730729,0.0,0.0,0.0,561.1940149999973,19311.923650999415,17900.0,38161.92365099941,-20261.923650999408,-19311.923650999415,-20261.923650999408
2023-05-30,17988.7779103,20261.923650999408,0,0,0,0.0,23.1920897,0.0,0.0,0.0,0.0,19311.923650999415,17988.7779103,38291.92365099941,-20303.14574069941,-1323.145740699416,-2273.1457406994086
2023-05-31,0.0,20406.437021799407,1000,0,0,0.0,5.1812811,0.0,0.0,0.0,144.5133707999994,19456.437021799415,18050.0,38456.43702179941,-20406.437021799407,-19456.437021799415,-20406.437021799407
2023-06-01,17878.998899200004,20406.437021799407,0,0,0,0.0,23.0811008,0.0,0.0,0.0,0.0,19456.437021799415,17878.998899200004,38326.43702179941,-20447.438122599404,-1577.4381225994111,-2527.438122599404
2023-06-02,0.0,20750.8203045994,1000,0,0,0.0,5.182182,0.0,0.0,0.0,344.38328279999405,19800.82030459941,17830.0,38580.8203045994,-20750.8203045994,-19800.82030459941,-20750.8203045994
2023-06-05,18886.9698193,20750.8203045994,0,0,0,0.0,24.1001807,0.0,0.0,0.0,0.0,19800.82030459941,18886.9698193,39680.8203045994,-20793.8504852994,-913.8504852994083,-1863.850485299401
2023-06-06,263.18363330000284,20750.8203045994,1000,0,0,0.0,5.186186,0.0,0.0,0.0,0.0,19800.82030459941,18483.183633300003,38970.8203045994,-20487.6366712994,-19537.636671299406,-20487.6366712994
2023-06-07,18251.961543600002,20750.8203045994,0,0,0,0.0,23.1920897,0.0,0.0,0.0,0.0,19800.82030459941,18251.961543600002,38780.8203045994,-20528.8587609994,-1548.8587609994065,-2498.8587609993992
2023-06-08,328.88236460000553,20750.8203045994,1000,0,0,0.0,5.179179,0.0,0.0,0.0,0.0,19800.82030459941,18178.882364600006,38600.8203045994,-20421.937939999396,-19471.937939999403,-20421.937939999396
2023-06-09,19924.425801000005,20750.8203045994,0,0,0,0.0,24.816563600000002,0.0,0.0,0.0,0.0,19800.82030459941,19924.425801000005,40390.8203045994,-20466.394503599397,123.60549640059617,-826.3945035993966
2023-06-12,0.0,21161.907806699393,1000,0,0,0.0,5.2033031,0.0,0.0,0.0,411.087502099992,20211.9078066994,21350.0,42511.9078066994,-21161.907806699397,-20211.9078066994,-21161.907806699393
2023-06-13,21970.7620402,21161.907806699393,0,0,0,0.0,27.2179598,0.0,0.0,0.0,0.0,20211.9078066994,21970.7620402,43181.9078066994,-21211.145766499398,1758.8542335005986,808.8542335006059
2023-06-14,193.79432270000325,21161.907806699393,1000,0,0,0.0,5.2177175,0.0,0.0,0.0,0.0,20211.9078066994,22983.794322700003,43951.9078066994,-20968.113483999394,-20018.113483999397,-20968.11348399939
2023-06-15,22783.310789100004,21161.907806699393,0,0,0,0.0,27.8435336,0.0,0.0,0.0,0.0,20211.9078066994,22783.310789100004,43801.9078066994,-21018.597017599393,2571.402982400603,1621.4029824006102
2023-06-16,115.44416270000875,21161.907806699393,1000,0,0,0.0,5.2266264,0.0,0.0,0.0,0.0,20211.9078066994,24175.44416270001,45221.9078066994,-21046.46364399939,-20096.463643999392,-21046.463643999385
2023-06-19,26517.28628730001,21161.907806699393,0,0,0,0.0,31.6978754,0.0,0.0,0.0,0.0,20211.9078066994,26517.28628730001,47621.9078066994,-21104.62151939939,6305.378480600608,5355.378480600615
2023-06-20,616.157328600013,21161.907806699393,1000,0,0,0.0,5.2589587,0.0,0.0,0.0,0.0,20211.9078066994,26646.157328600013,47191.9078066994,-20545.750478099384,-19595.750478099388,-20545.75047809938
2023-06-21,25061.937073600013,21161.907806699393,0,0,0,0.0,29.720255,0.0,0.0,0.0,0.0,20211.9078066994,25061.937073600013,45661.9078066994,-20599.970733099384,4850.029266900612,3900.0292669006194
2023-06-26,1132.7978346000164,21161.907806699393,1000,0,0,0.0,5.239239,0.0,0.0,0.0,0.0,20211.9078066994,24222.797834600016,44251.9078066994,-20029.10997209938,-19079.109972099384,-20029.109972099377
2023-06-27,24091.57097470002,21161.907806699393,0,0,0,0.0,28.216859900000003,0.0,0.0,0.0,0.0,20211.9078066994,24091.57097470002,44171.9078066994,-20080.33683199938,3879.6631680006176,2929.663168000625
2023-06-28,2074.3608548000193,21161.907806699393,1000,0,0,0.0,5.2201199,0.0,0.0,0.0,0.0,20211.9078066994,25054.36085480002,44141.9078066994,-19087.546951899378,-18137.54695189938,-19087.546951899374
2023-06-29,25821.54689280002,21161.907806699393,0,0,0,0.0,29.013962000000003,0.0,0.0,0.0,0.0,20211.9078066994,25821.54689280002,44961.9078066994,-19140.360913899378,5609.639086100618,4659.639086100626
2023-06-30,2242.761157300025,21161.907806699393,1000,0,0,0.0,5.2357355,0.0,0.0,0.0,0.0,20211.9078066994,27442.761157300025,46361.9078066994,-18919.146649399372,-17969.146649399376,-18919.14664939937
2023-07-03,26558.802071000027,21161.907806699393,0,0,0,0.0,29.5890863,0.0,0.0,0.0,0.0,20211.9078066994,26558.802071000027,45531.9078066994,-18973.10573569937,6346.894264300627,5396.894264300634
2023-07-04,2529.561831000032,21161.907806699393,1000,0,0,0.0,5.24024,0.0,0.0,0.0,0.0,20211.9078066994,27109.56183100003,45741.9078066994,-18632.345975699365,-17682.34597569937,-18632.34597569936
2023-07-05,26336.627329600033,21161.907806699393,0,0,0,0.0,29.0745014,0.0,0.0,0.0,0.0,20211.9078066994,26336.627329600033,45021.9078066994,-18685.280477099364,6124.719522900632,5174.719522900639
2023-07-06,2707.7910936000335,21161.907806699393,1000,0,0,0.0,5.236236,0.0,0.0,0.0,0.0,20211.9078066994,26587.791093600033,45041.9078066994,-18454.116713099364,-17504.116713099367,-18454.11671309936
2023-07-07,26315.258390200033,21161.907806699393,0,0,0,0.0,28.872703400000002,0.0,0.0,0.0,0.0,20211.9078066994,26315.258390200033,44821.9078066994,-18506.649416499364,6103.350583500633,5153.35058350064
2023-07-10,2286.018150200038,21161.907806699393,1000,0,0,0.0,5.24024,0.0,0.0,0.0,0.0,20211.9078066994,26086.018150200038,44961.9078066994,-18875.88965649936,-17925.889656499363,-18875.889656499356
2023-07-11,26472.320232600036,21161.907806699393,0,0,0,0.0,29.4579176,0.0,0.0,0.0,0.0,20211.9078066994,26472.320232600036,45401.9078066994,-18929.58757409936,6260.412425900635,5310.412425900642
2023-07-12,2443.07999260004,21161.907806699393,1000,0,0,0.0,5.24024,0.0,0.0,0.0,0.0,20211.9078066994,24973.07999260004,43691.9078066994,-18718.827814099357,-17768.82781409936,-18718.827814099353
2023-07-13,27168.29722040004,21161.907806699393,0,0,0,0.0,30.002772200000003,0.0,0.0,0.0,0.0,20211.9078066994,27168.29722040004,45941.9078066994,-18773.610586299357,6956.389413700639,6006.389413700646
2023-07-14,1427.329863300045,21161.907806699393,1000,0,0,0.0,5.2573571,0.0,0.0,0.0,0.0,20211.9078066994,28687.329863300045,48421.9078066994,-19734.577943399352,-18784.577943399356,-19734.57794339935
2023-07-17,27479.875134400045,21161.907806699393,0,0,0,0.0,31.3447289,0.0,0.0,0.0,0.0,20211.9078066994,27479.875134400045,47271.9078066994,-19792.032672299352,7267.967327700644,6317.967327700651
2023-07-18,1368.5340736000471,21161.907806699393,1000,0,0,0.0,5.2610608,0.0,0.0,0.0,0.0,20211.9078066994,26898.534073600047,46691.9078066994,-19793.37373309935,-18843.373733099354,-19793.373733099346
2023-07-19,26403.128514500047,21161.907806699393,0,0,0,0.0,30.3155591,0.0,0.0,0.0,0.0,20211.9078066994,26403.128514500047,46251.9078066994,-19848.77929219935,6191.220707800647,5241.220707800654
2023-07-20,1472.9792655000492,21161.907806699393,1000,0,0,0.0,5.249249,0.0,0.0,0.0,0.0,20211.9078066994,24722.97926550005,44411.9078066994,-19688.928541199348,-18738.92854119935,-19688.928541199344
2023-07-21,24461.692135900048,21161.907806699393,0,0,0,0.0,28.2471296,0.0,0.0,0.0,0.0,20211.9078066994,24461.692135900048,44201.9078066994,-19740.21567079935,4249.784329200647,3299.7843292006546
2023-07-24,1643.674008000049,21161.907806699393,1000,0,0,0.0,5.2281279,0.0,0.0,0.0,0.0,20211.9078066994,25303.67400800005,44821.9078066994,-19518.233798699348,-18568.23379869935,-19518.233798699344
2023-07-25,25590.45824800005,21161.907806699393,0,0,0,0.0,29.21576,0.0,0.0,0.0,0.0,20211.9078066994,25590.45824800005,45161.9078066994,-19571.449558699347,5378.550441300649,4428.5504413006565
2023-07-26,2061.7230130000535,21161.907806699393,1000,0,0,0.0,5.235235,0.0,0.0,0.0,0.0,20211.9078066994,25311.723013000053,44411.9078066994,-19100.184793699344,-18150.184793699347,-19100.18479369934
2023-07-27,24691.159119800053,21161.907806699393,0,0,0,0.0,27.8838932,0.0,0.0,0.0,0.0,20211.9078066994,24691.159119800053,43841.9078066994,-19150.748686899344,4479.251313100653,3529.25131310066
2023-07-28,2363.635896800053,21711.907806699393,1000,0,0,0.0,5.223223,0.0,0.0,550.0,0.0,20211.9078066994,24623.635896800053,43971.9078066994,-19348.271909899344,-17848.271909899348,-19348.27190989934
2023-07-31,24643.775150100053,21711.907806699393,0,0,0,0.0,27.530746699999998,0.0,0.0,0.0,0.0,20211.9078066994,24643.775150100053,44041.9078066994,-19398.132656599344,4431.867343400652,2931.8673434006596
2023-08-01,2416.3529281000556,21711.907806699393,1000,0,0,0.0,5.222222,0.0,0.0,0.0,0.0,20211.9078066994,25086.352928100056,44381.9078066994,-19295.55487859934,-17795.554878599345,-19295.554878599338
2023-08-02,24686.512271300056,21711.907806699393,0,0,0,0.0,27.5206568,0.0,0.0,0.0,0.0,20211.9078066994,24686.512271300056,44031.9078066994,-19345.39553539934,4474.604464600656,2974.604464600663
2023-08-03,2799.433452700061,21711.907806699393,1000,0,0,0.0,5.2188186,0.0,0.0,0.0,0.0,20211.9078066994,25299.43345270006,44211.9078066994,-18912.474353999336,-17412.47435399934,-18912.474353999332
2023-08-04,26516.67976040006,21711.907806699393,0,0,0,0.0,28.9836923,0.0,0.0,0.0,0.0,20211.9078066994,26516.67976040006,45481.9078066994,-18965.228046299337,6304.77195370066,4804.771953700667
2023-08-07,2787.742523400062,21711.907806699393,1000,0,0,0.0,5.237237,0.0,0.0,0.0,0.0,20211.9078066994,27767.742523400062,46691.9078066994,-18924.165283299335,-17424.16528329934,-18924.16528329933
2023-08-08,26914.165145200062,21711.907806699393,0,0,0,0.0,29.397378200000002,0.0,0.0,0.0,0.0,20211.9078066994,26914.165145200062,45891.9078066994,-18977.742661499335,6702.257338500662,5202.257338500669
2023-08-09,3585.6319122000677,21711.907806699393,1000,0,0,0.0,5.233233,0.0,0.0,0.0,0.0,20211.9078066994,25835.631912200068,43961.9078066994,-18126.27589449933,-16626.275894499333,-18126.275894499326
2023-08-10,25037.438627200067,21711.907806699393,0,0,0,0.0,26.693285,0.0,0.0,0.0,0.0,20211.9078066994,25037.438627200067,43211.9078066994,-18174.46917949933,4825.530820500666,3325.530820500673
2023-08-11,3290.5012100000677,21711.907806699393,1000,0,0,0.0,5.2174172,0.0,0.0,0.0,0.0,20211.9078066994,24790.501210000068,43211.9078066994,-18421.40659669933,-16921.406596699333,-18421.406596699326
2023-08-14,24642.508824000066,21711.907806699393,0,0,0,0.0,26.592386,0.0,0.0,0.0,0.0,20211.9078066994,24642.508824000066,43111.9078066994,-18469.39898269933,4430.601017300665,2930.6010173006725
2023-08-15,2575.2482036000692,21711.907806699393,1000,0,0,0.0,5.2206204,0.0,0.0,0.0,0.0,20211.9078066994,23965.24820360007,43101.9078066994,-19136.659603099328,-17636.65960309933,-19136.659603099324
2023-08-16,23418.28040250007,21711.907806699393,0,0,0,0.0,26.077801100000002,0.0,0.0,0.0,0.0,20211.9078066994,23418.28040250007,42601.9078066994,-19183.627404199327,3206.372595800669,1706.3725958006762
2023-08-17,3062.746899200072,21711.907806699393,1000,0,0,0.0,5.2035033,0.0,0.0,0.0,0.0,20211.9078066994,23972.746899200072,42621.9078066994,-18649.160907499325,-17149.16090749933,-18649.16090749932
2023-08-18,23117.366200200075,21711.907806699393,0,0,0,0.0,25.280699000000002,0.0,0.0,0.0,0.0,20211.9078066994,23117.366200200075,41811.9078066994,-18694.541606499322,2905.458393500674,1405.4583935006813
2023-08-21,2942.0144987000785,21711.907806699393,1000,0,0,0.0,5.2017015,0.0,0.0,0.0,0.0,20211.9078066994,23352.01449870008,42121.9078066994,-18769.89330799932,-17269.893307999322,-18769.893307999315
2023-08-22,25341.912673200077,21711.907806699393,0,0,0,0.0,27.6518255,0.0,0.0,0.0,0.0,20211.9078066994,25341.912673200077,44161.9078066994,-18819.99513349932,5130.004866500676,3630.0048665006834
2023-08-23,3144.52075150008,21711.907806699393,1000,0,0,0.0,5.2219217,0.0,0.0,0.0,0.0,20211.9078066994,24484.52075150008,43051.9078066994,-18567.387055199317,-17067.38705519932,-18567.387055199313
2023-08-24,25524.45910580008,21711.907806699393,0,0,0,0.0,27.6316457,0.0,0.0,0.0,0.0,20211.9078066994,25524.45910580008,44141.9078066994,-18617.448700899316,5312.55129910068,3812.551299100687
2023-08-25,4298.046893800085,21711.907806699393,1000,0,0,0.0,5.212212,0.0,0.0,0.0,0.0,20211.9078066994,24618.046893800085,42031.9078066994,-17413.860912899312,-15913.860912899316,-17413.86091289931
2023-08-28,24941.830640600085,21711.907806699393,0,0,0,0.0,15.5362532,0.0,0.0,0.0,0.0,20211.9078066994,24941.830640600085,42391.9078066994,-17450.077166099312,4729.922833900684,3229.9228339006913
2023-08-29,4366.074935100085,21711.907806699393,1000,0,0,0.0,5.2057055,0.0,0.0,0.0,0.0,20211.9078066994,25956.074935100085,43301.9078066994,-17345.832871599312,-15845.832871599316,-17345.83287159931
2023-08-30,26128.168053100086,21711.907806699393,0,0,0,0.0,16.106882,0.0,0.0,0.0,0.0,20211.9078066994,26128.168053100086,43511.9078066994,-17383.73975359931,5916.260246400685,4416.260246400692
2023-08-31,4541.3922375000875,21711.907806699393,1000,0,0,0.0,5.2158156,0.0,0.0,0.0,0.0,20211.9078066994,26451.392237500088,43621.9078066994,-17170.51556919931,-15670.515569199313,-17170.515569199306
2023-09-01,25754.315575000088,21711.907806699393,0,0,0,0.0,15.826662500000001,0.0,0.0,0.0,0.0,20211.9078066994,25754.315575000088,42961.9078066994,-17207.59223169931,5542.407768300687,4042.4077683006944
2023-09-04,4327.70136100009,21711.907806699393,1000,0,0,0.0,5.214214,0.0,0.0,0.0,0.0,20211.9078066994,25317.70136100009,42701.9078066994,-17384.206445699307,-15884.20644569931,-17384.206445699303
2023-09-05,24602.043619100088,21711.907806699393,0,0,0,0.0,15.3477419,0.0,0.0,0.0,0.0,20211.9078066994,24602.043619100088,42021.9078066994,-17419.86418759931,4390.135812400687,2890.1358124006947
2023-09-06,4496.76261830009,21711.907806699393,1000,0,0,0.0,5.2010008,0.0,0.0,0.0,0.0,20211.9078066994,24716.76261830009,41931.9078066994,-17215.145188399307,-15715.14518839931,-17215.145188399303
2023-09-07,23662.78041030009,21711.907806699393,0,0,0,0.0,14.782208,0.0,0.0,0.0,0.0,20211.9078066994,23662.78041030009,40911.9078066994,-17249.127396399308,3450.8726036006883,1950.8726036006956
2023-09-08,4628.580120200091,21711.907806699393,1000,0,0,0.0,5.1902901,0.0,0.0,0.0,0.0,20211.9078066994,23708.58012020009,40791.9078066994,-17083.327686499306,-15583.32768649931,-17083.327686499302
2023-09-11,24054.205444800093,21711.907806699393,0,0,0,0.0,14.914675400000002,0.0,0.0,0.0,0.0,20211.9078066994,24054.205444800093,41171.9078066994,-17117.702361899304,3842.297638100692,2342.2976381006993
2023-09-12,4839.823352900094,21711.907806699393,1000,0,0,0.0,5.1920919,0.0,0.0,0.0,0.0,20211.9078066994,24119.823352900094,40991.9078066994,-16872.084453799303,-15372.084453799307,-16872.0844537993
2023-09-13,23666.354371500092,21711.907806699393,0,0,0,0.0,14.608981400000001,0.0,0.0,0.0,0.0,20211.9078066994,23666.354371500092,40571.9078066994,-16905.553435199305,3454.4465648006917,1954.446564800699
2023-09-14,4662.184381700092,21711.907806699393,1000,0,0,0.0,5.1899898,0.0,0.0,0.0,0.0,20211.9078066994,23252.18438170009,40301.9078066994,-17049.723424999305,-15549.723424999309,-17049.7234249993
2023-09-15,22759.817328000092,21711.907806699393,0,0,0,0.0,14.2370537,0.0,0.0,0.0,0.0,20211.9078066994,22759.817328000092,39841.9078066994,-17082.090478699305,2547.9095213006913,1047.9095213006985
2023-09-18,4656.556347200094,21711.907806699393,1000,0,0,0.0,5.1809808,0.0,0.0,0.0,0.0,20211.9078066994,22956.556347200094,40011.9078066994,-17055.351459499303,-15555.351459499307,-17055.3514594993
2023-09-19,23103.660972000096,21711.907806699393,0,0,0,0.0,14.415375200000001,0.0,0.0,0.0,0.0,20211.9078066994,23103.660972000096,40191.9078066994,-17088.2468346993,2891.7531653006954,1391.7531653007027
2023-09-20,4589.985887100098,21711.907806699393,1000,0,0,0.0,5.1850849,0.0,0.0,0.0,0.0,20211.9078066994,22989.985887100098,40111.9078066994,-17121.9219195993,-15621.921919599303,-17121.921919599296
2023-09-21,22867.347125200096,21711.907806699393,0,0,0,0.0,14.3287619,0.0,0.0,0.0,0.0,20211.9078066994,22867.347125200096,40021.9078066994,-17154.5606814993,2655.4393185006957,1155.439318500703
2023-09-22,4543.863942200096,21711.907806699393,1000,0,0,0.0,5.183183,0.0,0.0,0.0,0.0,20211.9078066994,24483.863942200096,41651.9078066994,-17168.0438644993,-15668.043864499305,-17168.043864499297
2023-09-25,23799.745880100094,21711.907806699393,0,0,0,0.0,14.8280621,0.0,0.0,0.0,0.0,20211.9078066994,23799.745880100094,41001.9078066994,-17202.161926599303,3587.8380734006932,2087.8380734007005
2023-09-26,4285.060785200098,21711.907806699393,1000,0,0,0.0,5.1950949,0.0,0.0,0.0,0.0,20211.9078066994,24015.060785200098,41441.9078066994,-17426.8470214993,-15926.847021499303,-17426.847021499296
2023-09-27,24050.1728832001,21711.907806699393,0,0,0,0.0,15.087902000000001,0.0,0.0,0.0,0.0,20211.9078066994,24050.1728832001,41511.9078066994,-17461.734923499298,3838.2650765006983,2338.2650765007056
2023-09-28,3994.942382900099,21711.907806699393,1000,0,0,0.0,5.2005003,0.0,0.0,0.0,0.0,20211.9078066994,23694.9423829001,41411.9078066994,-17716.965423799298,-16216.965423799302,-17716.965423799295
2023-10-09,23220.869605500102,21711.907806699393,0,0,0,0.0,14.812777400000002,0.0,0.0,0.0,0.0,20211.9078066994,23220.869605500102,40971.9078066994,-17751.038201199295,3008.961798800701,1508.9617988007085
2023-10-10,3966.4471132001017,21711.907806699393,1000,0,0,0.0,5.1924923,0.0,0.0,0.0,0.0,20211.9078066994,22826.4471132001,40571.9078066994,-17745.460693499295,-16245.460693499299,-17745.46069349929
2023-10-11,23102.510189900102,21711.907806699393,0,0,0,0.0,14.766923300000002,0.0,0.0,0.0,0.0,20211.9078066994,23102.510189900102,40881.9078066994,-17779.397616799295,2890.6023832007013,1390.6023832007086
2023-10-12,3677.9159959001045,21711.907806699393,1000,0,0,0.0,5.194194,0.0,0.0,0.0,0.0,20211.9078066994,22427.915995900104,40461.9078066994,-18033.991810799293,-16533.991810799296,-18033.99181079929
2023-10-13,21525.926314700104,21711.907806699393,0,0,0,0.0,14.1096812,0.0,0.0,0.0,0.0,20211.9078066994,21525.926314700104,39591.9078066994,-18065.981491999293,1314.0185080007032,-185.98149199928957
2023-10-16,3612.857235800104,21711.907806699393,1000,0,0,0.0,5.1790789,0.0,0.0,0.0,0.0,20211.9078066994,21032.857235800104,39131.9078066994,-18099.050570899293,-16599.050570899297,-18099.05057089929
2023-10-17,20861.773248600104,21711.907806699393,0,0,0,0.0,13.803987200000002,0.0,0.0,0.0,0.0,20211.9078066994,20861.773248600104,38991.9078066994,-18130.134558099293,649.8654419007034,-850.1345580992893
2023-10-18,4240.0070826001065,21711.907806699393,1000,0,0,0.0,5.166166,0.0,0.0,0.0,0.0,20211.9078066994,21160.007082600107,38631.9078066994,-17471.90072409929,-15971.900724099294,-17471.900724099287
2023-10-19,20740.055212900108,21711.907806699393,0,0,0,0.0,13.421869700000002,0.0,0.0,0.0,0.0,20211.9078066994,20740.055212900108,38241.9078066994,-17501.85259379929,528.1474062007073,-971.8525937992854
2023-10-20,4158.3294473001115,21711.907806699393,1000,0,0,0.0,5.1657656,0.0,0.0,0.0,0.0,20211.9078066994,20328.329447300115,37881.9078066994,-17553.578359399282,-16053.57835939929,-17553.578359399282
2023-10-23,4158.3294473001115,21711.907806699393,1000,0,0,0.0,0.0,0.0,0.0,0.0,0.0,20211.9078066994,18708.32944730011,36261.9078066994,-17553.578359399286,-16053.57835939929,-17553.578359399282
2023-10-24,17892.55886490011,21711.907806699393,0,0,0,0.0,12.0105824,0.0,0.0,0.0,0.0,20211.9078066994,17892.55886490011,35471.9078066994,-17579.348941799286,-2319.3489417992896,-3819.3489417992823
2023-10-25,4053.600526700113,21711.907806699393,1000,0,0,0.0,5.1383382,0.0,0.0,0.0,0.0,20211.9078066994,17593.600526700113,35251.9078066994,-17658.307279999284,-16158.307279999288,-17658.30727999928
2023-10-26,17857.72428000011,21711.907806699393,0,0,0,0.0,12.046246700000001,0.0,0.0,0.0,0.0,20211.9078066994,17857.72428000011,35541.9078066994,-17684.183526699286,-2354.1835266992894,-3854.183526699282
2023-10-27,4008.755841700113,21711.907806699393,1000,0,0,0.0,5.1384383,0.0,0.0,0.0,0.0,20211.9078066994,18078.755841700113,35781.9078066994,-17703.151964999284,-16203.151964999288,-17703.15196499928
2023-10-30,18581.717287700114,21711.907806699393,0,0,0,0.0,12.438554,0.0,0.0,0.0,0.0,20211.9078066994,18581.717287700114,36311.9078066994,-17730.190518999283,-1630.1905189992867,-3130.1905189992794
2023-10-31,3741.7489395001157,21711.907806699393,1000,0,0,0.0,5.1483482,0.0,0.0,0.0,0.0,20211.9078066994,18461.748939500118,36431.9078066994,-17970.15886719928,-16470.158867199287,-17970.15886719928
2023-11-01,18244.816049800116,21711.907806699393,0,0,0,0.0,12.4028897,0.0,0.0,0.0,0.0,20211.9078066994,18244.816049800116,36241.9078066994,-17997.09175689928,-1967.0917568992845,-3467.0917568992772
2023-11-02,3344.7871010001163,21711.907806699393,1000,0,0,0.0,5.1489488,0.0,0.0,0.0,0.0,20211.9078066994,17944.787101000118,36311.9078066994,-18367.12070569928,-16867.120705699286,-18367.12070569928
2023-11-03,18067.522123500115,21711.907806699393,0,0,0,0.0,12.5149775,0.0,0.0,0.0,0.0,20211.9078066994,18067.522123500115,36461.9078066994,-18394.38568319928,-2144.3856831992853,-3644.385683199278
2023-11-06,3127.4527743001163,21711.907806699393,1000,0,0,0.0,5.1493492,0.0,0.0,0.0,0.0,20211.9078066994,18097.452774300116,36681.9078066994,-18584.45503239928,-17084.455032399284,-18584.455032399277
2023-11-07,18489.221723200117,21711.907806699393,0,0,0,0.0,12.841051100000001,0.0,0.0,0.0,0.0,20211.9078066994,18489.221723200117,37101.9078066994,-18612.68608349928,-1722.686083499284,-3222.6860834992767
2023-11-08,3118.7180697001186,21711.907806699393,1000,0,0,0.0,5.1536535,0.0,0.0,0.0,0.0,20211.9078066994,18418.718069700117,37011.9078066994,-18593.18973699928,-17093.18973699928,-18593.189736999273
2023-11-09,18680.18512060012,21711.907806699393,0,0,0,0.0,12.9429491,0.0,0.0,0.0,0.0,20211.9078066994,18680.18512060012,37301.9078066994,-18621.722686099278,-1531.7226860992814,-3031.722686099274
2023-11-10,3259.6309666001216,21711.907806699393,1000,0,0,0.0,5.154154,0.0,0.0,0.0,0.0,20211.9078066994,18669.63096660012,37121.9078066994,-18452.276840099275,-16952.27684009928,-18452.27684009927
2023-11-13,19340.313082700122,21711.907806699393,0,0,0,0.0,13.2078839,0.0,0.0,0.0,0.0,20211.9078066994,19340.313082700122,37821.9078066994,-18481.594723999275,-871.5947239992784,-2371.594723999271
2023-11-14,3169.001421200126,21711.907806699393,1000,0,0,0.0,5.1616615,0.0,0.0,0.0,0.0,20211.9078066994,19539.001421200126,38081.9078066994,-18542.90638549927,-17042.906385499275,-18542.906385499267
2023-11-15,19549.230690300126,21711.907806699393,0,0,0,0.0,13.3607309,0.0,0.0,0.0,0.0,20211.9078066994,19549.230690300126,38121.9078066994,-18572.67711639927,-662.6771163992744,-2162.677116399267
2023-11-16,3327.868528300127,21711.907806699393,1000,0,0,0.0,5.162162,0.0,0.0,0.0,0.0,20211.9078066994,19267.868528300125,37651.9078066994,-18384.039278399272,-16884.039278399272,-18384.039278399265
2023-11-17,19648.18836680013,21711.907806699393,0,0,0,0.0,13.3301615,0.0,0.0,0.0,0.0,20211.9078066994,19648.18836680013,38061.9078066994,-18413.71943989927,-563.7194398992724,-2063.719439899265
2023-11-20,3336.73530390013,21711.907806699393,1000,0,0,0.0,5.1630629,0.0,0.0,0.0,0.0,20211.9078066994,19456.735303900132,37831.9078066994,-18375.172502799265,-16875.172502799272,-18375.172502799265
2023-11-21,19267.643843500133,21711.907806699393,0,0,0,0.0,13.131460400000002,0.0,0.0,0.0,0.0,20211.9078066994,19267.643843500133,37671.9078066994,-18404.263963199264,-944.2639631992679,-2444.2639631992606
2023-11-22,3346.5846845001342,21711.907806699393,1000,0,0,0.0,5.159159,0.0,0.0,0.0,0.0,20211.9078066994,18916.584684500136,37281.9078066994,-18365.32312219926,-16865.32312219927,-18365.32312219926
2023-11-23,19037.855501700134,21711.907806699393,0,0,0,0.0,13.009182800000001,0.0,0.0,0.0,0.0,20211.9078066994,19037.855501700134,37431.9078066994,-18394.052304999263,-1174.0523049992662,-2674.052304999259
2023-11-24,3216.897343700137,21711.907806699393,1000,0,0,0.0,5.158158,0.0,0.0,0.0,0.0,20211.9078066994,18616.897343700137,37111.9078066994,-18495.01046299926,-16995.010462999264,-18495.010462999257
2023-11-27,18079.421037600136,21711.907806699393,0,0,0,0.0,12.586306100000002,0.0,0.0,0.0,0.0,20211.9078066994,18079.421037600136,36601.9078066994,-18522.48676909926,-2132.486769099265,-3632.486769099258
2023-11-28,3289.503189900137,21711.907806699393,1000,0,0,0.0,5.1478477,0.0,0.0,0.0,0.0,20211.9078066994,18439.503189900137,36861.9078066994,-18422.40461679926,-16922.404616799264,-18422.404616799256
2023-11-29,18211.936314400136,21711.907806699393,0,0,0,0.0,12.616875499999999,0.0,0.0,0.0,0.0,20211.9078066994,18211.936314400136,36661.9078066994,-18449.97149229926,-1999.9714922992644,-3499.971492299257
2023-11-30,3111.7053636001383,21711.907806699393,1000,0,0,0.0,5.1509508,0.0,0.0,0.0,0.0,20211.9078066994,18211.705363600136,36811.9078066994,-18600.20244309926,-17100.20244309926,-18600.202443099253
2023-12-01,18233.836590100138,21711.907806699393,0,0,0,0.0,12.718773500000001,0.0,0.0,0.0,0.0,20211.9078066994,18233.836590100138,36861.9078066994,-18628.07121659926,-1978.0712165992627,-3478.0712165992554
2023-12-04,3003.4743380001382,21711.907806699393,1000,0,0,0.0,5.1522521,0.0,0.0,0.0,0.0,20211.9078066994,17783.47433800014,36491.9078066994,-18708.43346869926,-17208.433468699262,-18708.433468699255
2023-12-05,17127.115054500136,21711.907806699393,0,0,0,0.0,12.209283500000002,0.0,0.0,0.0,0.0,20211.9078066994,17127.115054500136,35861.9078066994,-18734.79275219926,-3084.792752199264,-4584.792752199257
2023-12-06,2967.8335131001386,21711.907806699393,1000,0,0,0.0,5.1415414,0.0,0.0,0.0,0.0,20211.9078066994,17217.833513100137,35961.9078066994,-18744.07429359926,-17244.07429359926,-18744.074293599253
2023-12-07,17271.20252140014,21711.907806699393,0,0,0,0.0,12.3009917,0.0,0.0,0.0,0.0,20211.9078066994,17271.20252140014,36041.9078066994,-18770.705285299257,-2940.70528529926,-4440.705285299253
2023-12-08,2891.698777800142,21711.907806699393,1000,0,0,0.0,5.1437436,0.0,0.0,0.0,0.0,20211.9078066994,18651.698777800142,37471.9078066994,-18820.209028899255,-17320.20902889926,-18820.20902889925
2023-12-11,18453.16582870014,21711.907806699393,0,0,0,0.0,12.9429491,0.0,0.0,0.0,0.0,20211.9078066994,18453.16582870014,37301.9078066994,-18848.741977999256,-1758.7419779992597,-3258.7419779992524
2023-12-12,2822.399572600143,21711.907806699393,1000,0,0,0.0,5.1562561,0.0,0.0,0.0,0.0,20211.9078066994,18082.399572600145,36971.9078066994,-18889.508234099252,-17389.50823409926,-18889.508234099252
2023-12-13,17874.636463400144,21711.907806699393,0,0,0,0.0,12.6831092,0.0,0.0,0.0,0.0,20211.9078066994,17874.636463400144,36791.9078066994,-18917.271343299253,-2337.271343299257,-3837.2713432992496
2023-12-14,2674.304511600145,21711.907806699393,1000,0,0,0.0,5.1519518,0.0,0.0,0.0,0.0,20211.9078066994,17674.304511600145,36711.9078066994,-19037.603295099252,-17537.603295099256,-19037.60329509925
2023-12-15,17426.994249400144,21711.907806699393,0,0,0,0.0,12.5302622,0.0,0.0,0.0,0.0,20211.9078066994,17426.994249400144,36491.9078066994,-19064.913557299253,-2784.9135572992564,-4284.913557299249
2023-12-18,2627.0663016001454,21711.907806699393,1000,0,0,0.0,5.1479478,0.0,0.0,0.0,0.0,20211.9078066994,17657.066301600145,36741.9078066994,-19084.84150509925,-17584.841505099255,-19084.841505099248
2023-12-19,17769.167338300147,21711.907806699393,0,0,0,0.0,12.7289633,0.0,0.0,0.0,0.0,20211.9078066994,17769.167338300147,36881.9078066994,-19112.74046839925,-2442.7404683992536,-3942.7404683992463
2023-12-20,2578.8454866001484,21711.907806699393,1000,0,0,0.0,5.1518517,0.0,0.0,0.0,0.0,20211.9078066994,17128.84548660015,36261.9078066994,-19133.06232009925,-17633.062320099252,-19133.062320099245
2023-12-21,17121.852217300147,21711.907806699393,0,0,0,0.0,12.423269300000001,0.0,0.0,0.0,0.0,20211.9078066994,17121.852217300147,36281.9078066994,-19160.05558939925,-3090.055589399253,-4590.055589399246
2023-12-22,2592.1969722001486,21711.907806699393,1000,0,0,0.0,5.1452451,0.0,0.0,0.0,0.0,20211.9078066994,16912.19697220015,36031.9078066994,-19119.71083449925,-17619.710834499252,-19119.710834499245
2023-12-25,16775.747119300147,21711.907806699393,0,0,0,0.0,12.2398529,0.0,0.0,0.0,0.0,20211.9078066994,16775.747119300147,35921.9078066994,-19146.16068739925,-3436.160687399253,-4936.160687399246
2023-12-26,2636.4857781001483,21711.907806699393,1000,0,0,0.0,5.1413412,0.0,0.0,0.0,0.0,20211.9078066994,16506.48577810015,35581.9078066994,-19075.42202859925,-17575.422028599252,-19075.422028599245
2023-12-27,16540.458582400148,21711.907806699393,0,0,0,0.0,12.0971957,0.0,0.0,0.0,0.0,20211.9078066994,16540.458582400148,35641.9078066994,-19101.44922429925,-3671.449224299253,-5171.4492242992455
2023-12-28,2331.1265405001486,21711.907806699393,1000,0,0,0.0,5.1420419,0.0,0.0,0.0,0.0,20211.9078066994,17131.126540500147,36511.9078066994,-19380.78126619925,-17880.78126619925,-19380.781266199243
2023-12-29,17423.303051700146,21711.907806699393,0,0,0,0.0,12.7034888,0.0,0.0,0.0,0.0,20211.9078066994,17423.303051700146,36831.9078066994,-19408.60475499925,-2788.6047549992545,-4288.604754999247
2024-01-02,2403.1529017001485,21711.907806699393,1000,0,0,0.0,5.15015,0.0,0.0,0.0,0.0,20211.9078066994,16603.15290170015,35911.9078066994,-19308.75490499925,-17808.754904999252,-19308.754904999245
2024-01-03,16257.20118050015,21711.907806699393,0,0,0,0.0,12.0717212,0.0,0.0,0.0,0.0,20211.9078066994,16257.20118050015,35591.9078066994,-19334.706626199248,-3954.7066261992513,-5454.706626199244
2024-01-04,2458.2832427001504,21711.907806699393,1000,0,0,0.0,5.1379377999999996,0.0,0.0,0.0,0.0,20211.9078066994,15928.28324270015,35181.9078066994,-19253.62456399925,-17753.62456399925,-19253.62456399924
2024-01-05,15733.20702570015,21711.907806699393,0,0,0,0.0,11.776217,0.0,0.0,0.0,0.0,20211.9078066994,15733.20702570015,35011.9078066994,-19278.700780999246,-4478.70078099925,-5978.700780999243
2024-01-08,2474.8344933001517,21711.907806699393,1000,0,0,0.0,5.1325324,0.0,0.0,0.0,0.0,20211.9078066994,15554.834493300152,34791.9078066994,-19237.073313399247,-17737.073313399247,-19237.07331339924
2024-01-09,15639.92432020015,21711.907806699393,0,0,0,0.0,11.7201731,0.0,0.0,0.0,0.0,20211.9078066994,15639.92432020015,34901.9078066994,-19261.983486499244,-4571.98348649925,-6071.983486499243
2024-01-10,2541.7133894001527,21711.907806699393,1000,0,0,0.0,5.1309308,0.0,0.0,0.0,0.0,20211.9078066994,15451.713389400153,34621.9078066994,-19170.194417299244,-17670.194417299248,-19170.19441729924
2024-01-11,15666.863595900153,21711.907806699393,0,0,0,0.0,11.699793500000002,0.0,0.0,0.0,0.0,20211.9078066994,15666.863595900153,34861.9078066994,-19195.044210799242,-4545.044210799248,-6045.04421079924
2024-01-12,2648.7334659001554,21711.907806699393,1000,0,0,0.0,5.13013,0.0,0.0,0.0,0.0,20211.9078066994,15508.733465900155,34571.9078066994,-19063.17434079924,-17563.174340799247,-19063.17434079924
2024-01-15,15344.532753100157,21711.907806699393,0,0,0,0.0,11.480712800000001,0.0,0.0,0.0,0.0,20211.9078066994,15344.532753100157,34431.9078066994,-19087.37505359924,-4867.375053599244,-6367.375053599237
2024-01-16,2686.766226700158,21711.907806699393,1000,0,0,0.0,5.1265264,0.0,0.0,0.0,0.0,20211.9078066994,15596.766226700158,34621.9078066994,-19025.14157999924,-17525.141579999243,-19025.141579999236
2024-01-17,15342.625893500157,21711.907806699393,0,0,0,0.0,11.4603332,0.0,0.0,0.0,0.0,20211.9078066994,15342.625893500157,34391.9078066994,-19049.28191319924,-4869.281913199244,-6369.281913199236
2024-01-18,2644.818966700159,21711.907806699393,1000,0,0,0.0,5.1269268,0.0,0.0,0.0,0.0,20211.9078066994,16354.818966700159,35421.9078066994,-19067.08883999924,-17567.08883999924,-19067.088839999233
2024-01-19,16818.384208700158,21711.907806699393,0,0,0,0.0,12.234758,0.0,0.0,0.0,0.0,20211.9078066994,16818.384208700158,35911.9078066994,-19093.52359799924,-3393.523597999243,-4893.523597999236
2024-01-22,2088.5269616001588,21711.907806699393,1000,0,0,0.0,5.1472471,0.0,0.0,0.0,0.0,20211.9078066994,16488.52696160016,36111.9078066994,-19623.380845099236,-18123.380845099244,-19623.380845099236
2024-01-23,16561.639356600157,21711.907806699393,0,0,0,0.0,12.387605,0.0,0.0,0.0,0.0,20211.9078066994,16561.639356600157,36211.9078066994,-19650.26845009924,-3650.2684500992436,-5150.268450099236
2024-01-24,1921.8730104001588,21711.907806699393,1000,0,0,0.0,5.1463462,0.0,0.0,0.0,0.0,20211.9078066994,16421.87301040016,36211.9078066994,-19790.03479629924,-18290.034796299242,-19790.034796299235
2024-01-25,16974.109901200158,21711.907806699393,0,0,0,0.0,12.6831092,0.0,0.0,0.0,0.0,20211.9078066994,16974.109901200158,36791.9078066994,-19817.79790549924,-3237.797905499243,-4737.797905499236
2024-01-26,2124.1314529001593,21711.907806699393,1000,0,0,0.0,5.1484483,0.0,0.0,0.0,0.0,20211.9078066994,16534.13145290016,36121.9078066994,-19587.776353799236,-18087.776353799243,-19587.776353799236
2024-01-29,15688.617483800159,21711.907806699393,0,0,0,0.0,11.9239691,0.0,0.0,0.0,0.0,20211.9078066994,15688.617483800159,35301.9078066994,-19613.290322899236,-4523.290322899242,-6023.2903228992345
2024-01-30,2119.931848300159,21711.907806699393,1000,0,0,0.0,5.1356355,0.0,0.0,0.0,0.0,20211.9078066994,15619.931848300159,35211.9078066994,-19591.975958399238,-18091.97595839924,-19591.975958399235
2024-01-31,15404.84053640016,21711.907806699393,0,0,0,0.0,11.7813119,0.0,0.0,0.0,0.0,20211.9078066994,15404.84053640016,35021.9078066994,-19617.067270299238,-4807.0672702992415,-6307.067270299234
2024-02-01,2256.5791051001597,21711.907806699393,1000,0,0,0.0,5.1314313,0.0,0.0,0.0,0.0,20211.9078066994,16816.579105100158,36271.9078066994,-19455.32870159924,-17955.32870159924,-19455.328701599232
2024-02-02,16150.56700430016,21711.907806699393,0,0,0,0.0,12.0921008,0.0,0.0,0.0,0.0,20211.9078066994,16150.56700430016,35631.9078066994,-19481.340802399238,-4061.3408023992415,-5561.340802399234
2024-02-05,2251.5480655001593,21711.907806699393,1000,0,0,0.0,5.1389388,0.0,0.0,0.0,0.0,20211.9078066994,17021.54806550016,36481.9078066994,-19460.359741199238,-17960.35974119924,-19460.359741199234
2024-02-06,17753.10568580016,21711.907806699393,0,0,0,0.0,12.912379699999999,0.0,0.0,0.0,0.0,20211.9078066994,17753.10568580016,37241.9078066994,-19488.802120899236,-2458.8021208992395,-3958.8021208992322
2024-02-07,2462.6828331001634,21711.907806699393,1000,0,0,0.0,5.1528527,0.0,0.0,0.0,0.0,20211.9078066994,17762.682833100163,37011.9078066994,-19249.224973599234,-17749.224973599237,-19249.22497359923
2024-02-08,18133.98384010016,21711.907806699393,0,0,0,0.0,12.998993,0.0,0.0,0.0,0.0,20211.9078066994,18133.98384010016,37411.9078066994,-19277.923966599235,-2077.923966599239,-3577.923966599232
2024-02-19,1412.116673100165,21711.907806699393,1000,0,0,0.0,5.167167,0.0,0.0,0.0,0.0,20211.9078066994,18682.116673100165,38981.9078066994,-20299.791133599232,-18799.791133599236,-20299.79113359923
2024-02-20,19869.20620300016,21711.907806699393,0,0,0,0.0,14.4204701,0.0,0.0,0.0,0.0,20211.9078066994,19869.20620300016,40201.9078066994,-20332.701603699235,-342.70160369923906,-1842.7016036992318
2024-02-21,2116.2987257001623,21711.907806699393,1000,0,0,0.0,5.1774773,0.0,0.0,0.0,0.0,20211.9078066994,19666.298725700162,39261.9078066994,-19595.609080999235,-18095.60908099924,-19595.60908099923
2024-02-22,20273.841102600163,21711.907806699393,0,0,0,0.0,14.267623100000002,0.0,0.0,0.0,0.0,20211.9078066994,20273.841102600163,39901.9078066994,-19628.066704099234,61.93329590076246,-1438.0667040992303
2024-02-23,1429.8327144001632,21711.907806699393,1000,0,0,0.0,5.1883882,0.0,0.0,0.0,0.0,20211.9078066994,19599.832714400163,39881.9078066994,-20282.075092299234,-18782.075092299237,-20282.07509229923
2024-02-26,19068.160026100166,21711.907806699393,0,0,0,0.0,14.0026883,0.0,0.0,0.0,0.0,20211.9078066994,19068.160026100166,39381.9078066994,-20313.74778059923,-1143.7477805992348,-2643.7477805992276
2024-02-27,1455.3939502001704,21711.907806699393,1000,0,0,0.0,5.1760759,0.0,0.0,0.0,0.0,20211.9078066994,20785.39395020017,41041.9078066994,-20256.513856499227,-18756.51385649923,-20256.513856499223
2024-02-28,19622.92123220017,21711.907806699393,0,0,0,0.0,14.272718000000001,0.0,0.0,0.0,0.0,20211.9078066994,19622.92123220017,39911.9078066994,-20288.986574499228,-588.9865744992312,-2088.986574499224
2024-02-29,1439.579450600173,21711.907806699393,1000,0,0,0.0,5.1817816,0.0,0.0,0.0,0.0,20211.9078066994,20129.579450600173,40401.9078066994,-20272.328356099224,-18772.328356099228,-20272.32835609922
2024-03-01,21424.359460800173,21711.907806699393,0,0,0,0.0,15.1999898,0.0,0.0,0.0,0.0,20211.9078066994,21424.359460800173,41731.9078066994,-20307.548345899224,1212.4516541007724,-287.5483458992203
2024-03-04,598.3512528001738,21711.907806699393,1000,0,0,0.0,5.208208,0.0,0.0,0.0,0.0,20211.9078066994,22618.351252800174,43731.9078066994,-21113.556553899223,-19613.556553899227,-21113.55655389922
2024-03-05,23309.010355300175,21711.907806699393,0,0,0,0.0,16.5908975,0.0,0.0,0.0,0.0,20211.9078066994,23309.010355300175,44461.9078066994,-21152.89745139922,3097.1025486007748,1597.102548600782
2024-03-06,1211.719434600178,21711.907806699393,1000,0,0,0.0,5.2209207,0.0,0.0,0.0,0.0,20211.9078066994,23221.719434600178,43721.9078066994,-20500.18837209922,-19000.188372099223,-20500.188372099215
2024-03-07,23782.589865700178,21711.907806699393,0,0,0,0.0,16.519568900000003,0.0,0.0,0.0,0.0,20211.9078066994,23782.589865700178,44321.9078066994,-20539.31794099922,3570.6820590007774,2070.6820590007846
2024-03-08,654.2586347001779,21711.907806699393,1000,0,0,0.0,5.231231,0.0,0.0,0.0,0.0,20211.9078066994,25524.258634700178,46581.9078066994,-21057.64917199922,-19557.649171999223,-21057.649171999215
2024-03-11,26430.283602900177,21711.907806699393,0,0,0,0.0,18.155031800000003,0.0,0.0,0.0,0.0,20211.9078066994,26430.283602900177,47531.9078066994,-21101.62420379922,6218.375796200777,4718.375796200784
2024-03-12,1139.7707503001802,21711.907806699393,1000,0,0,0.0,5.2528526,0.0,0.0,0.0,0.0,20211.9078066994,25939.77075030018,46511.9078066994,-20572.137056399217,-19072.13705639922,-20572.137056399213
2024-03-13,25448.01466880018,21711.907806699393,0,0,0,0.0,17.4060815,0.0,0.0,0.0,0.0,20211.9078066994,25448.01466880018,46061.9078066994,-20613.893137899217,5236.10686210078,3736.106862100787
2024-03-14,2650.016741100182,21711.907806699393,1000,0,0,0.0,5.2279277,0.0,0.0,0.0,0.0,20211.9078066994,25500.016741100182,44561.9078066994,-19061.891065599215,-17561.89106559922,-19061.89106559921
2024-03-15,25690.17771190018,21711.907806699393,0,0,0,0.0,16.7590292,0.0,0.0,0.0,0.0,20211.9078066994,25690.17771190018,44791.9078066994,-19101.730094799215,5478.269905200781,3978.2699052007883
2024-03-18,2211.492977400183,21711.907806699393,1000,0,0,0.0,5.2347345,0.0,0.0,0.0,0.0,20211.9078066994,27221.492977400183,46721.9078066994,-19500.414829299214,-18000.414829299218,-19500.41482929921
2024-03-19,27677.985887500185,21711.907806699393,0,0,0,0.0,17.997089900000002,0.0,0.0,0.0,0.0,20211.9078066994,27677.985887500185,47221.9078066994,-19543.921919199212,7466.078080800784,5966.078080800791
2024-03-20,2347.43263450019,21711.907806699393,1000,0,0,0.0,5.253253,0.0,0.0,0.0,0.0,20211.9078066994,27427.43263450019,46791.9078066994,-19364.475172199207,-17864.47517219921,-19364.475172199203
2024-03-21,27294.71047940019,21711.907806699393,0,0,0,0.0,17.7321551,0.0,0.0,0.0,0.0,20211.9078066994,27294.71047940019,46701.9078066994,-19407.197327299207,7082.802672700789,5582.802672700796
2024-03-22,2444.6420312001937,21711.907806699393,1000,0,0,0.0,5.2484482,0.0,0.0,0.0,0.0,20211.9078066994,26874.642031200194,46141.9078066994,-19267.265775499203,-17767.265775499207,-19267.2657754992
2024-03-25,26313.550125300193,21711.907806699393,0,0,0,0.0,17.1819059,0.0,0.0,0.0,0.0,20211.9078066994,26313.550125300193,45621.9078066994,-19308.357681399204,6101.642318600792,4601.6423186008
2024-03-26,2284.3098853001975,21711.907806699393,1000,0,0,0.0,5.24024,0.0,0.0,0.0,0.0,20211.9078066994,26014.309885300197,45441.9078066994,-19427.5979213992,-17927.597921399203,-19427.597921399196
2024-03-27,24655.4822144002,21711.907806699393,0,0,0,0.0,16.4176709,0.0,0.0,0.0,0.0,20211.9078066994,24655.4822144002,44121.9078066994,-19466.425592299198,4443.5744077007985,2943.5744077008058
2024-03-28,2207.8377902001994,21711.907806699393,1000,0,0,0.0,5.2244242,0.0,0.0,0.0,0.0,20211.9078066994,25657.8377902002,45161.9078066994,-19504.070016499198,-18004.0700164992,-19504.070016499194
2024-03-29,24938.466702900198,21711.907806699393,0,0,0,0.0,16.601087300000003,0.0,0.0,0.0,0.0,20211.9078066994,24938.466702900198,44481.9078066994,-19543.4411037992,4726.558896200797,3226.558896200804
2024-04-01,2010.3374739001993,21711.907806699393,1000,0,0,0.0,5.229229,0.0,0.0,0.0,0.0,20211.9078066994,25320.3374739002,45021.9078066994,-19701.570332799198,-18201.5703327992,-19701.570332799194
2024-04-02,24870.770152900197,21711.907806699393,0,0,0,0.0,16.667321,0.0,0.0,0.0,0.0,20211.9078066994,24870.770152900197,44611.9078066994,-19741.1376537992,4658.862346200796,3158.8623462008036
2024-04-03,2142.8429259002005,21711.907806699393,1000,0,0,0.0,5.227227,0.0,0.0,0.0,0.0,20211.9078066994,24062.8429259002,43631.9078066994,-19569.064880799197,-18069.0648807992,-19569.064880799193
2024-04-08,24104.6341459002,21711.907806699393,0,0,0,0.0,16.20878,0.0,0.0,0.0,0.0,20211.9078066994,24104.6341459002,43711.9078066994,-19607.273660799197,3892.726339200799,2392.7263392008063
2024-04-09,1927.2624244002036,21711.907806699393,1000,0,0,0.0,5.2217215,0.0,0.0,0.0,0.0,20211.9078066994,23817.262424400204,43601.9078066994,-19784.645382299193,-18284.645382299197,-19784.64538229919
2024-04-10,22990.412185400204,21711.907806699393,0,0,0,0.0,15.750239000000002,0.0,0.0,0.0,0.0,20211.9078066994,22990.412185400204,42811.9078066994,-19821.495621299193,2778.5043787008035,1278.5043787008108
2024-04-11,1733.9696731002077,21711.907806699393,1000,0,0,0.0,5.2125123,0.0,0.0,0.0,0.0,20211.9078066994,22983.969673100208,42961.9078066994,-19977.93813359919,-18477.938133599193,-19977.938133599186
2024-04-12,23955.36842570021,21711.907806699393,0,0,0,0.0,16.3412474,0.0,0.0,0.0,0.0,20211.9078066994,23955.36842570021,43971.9078066994,-20016.539380999187,3743.460619000809,2243.460619000816
2024-04-15,2048.2694069002137,21711.907806699393,1000,0,0,0.0,5.2190188,0.0,0.0,0.0,0.0,20211.9078066994,24288.269406900214,43951.9078066994,-19663.638399799183,-18163.638399799187,-19663.63839979918
2024-04-16,23820.347430000213,21711.907806699393,0,0,0,0.0,16.111976900000002,0.0,0.0,0.0,0.0,20211.9078066994,23820.347430000213,43521.9078066994,-19701.560376699184,3608.439623300812,2108.439623300819
2024-04-17,1292.622205000218,21711.907806699393,1000,0,0,0.0,5.225225,0.0,0.0,0.0,0.0,20211.9078066994,23792.622205000218,44211.9078066994,-20419.28560169918,-18919.285601699183,-20419.285601699175
2024-04-18,24153.054884000216,21711.907806699393,0,0,0,0.0,16.667321,0.0,0.0,0.0,0.0,20211.9078066994,24153.054884000216,44611.9078066994,-20458.85292269918,3941.147077300815,2441.1470773008223
2024-04-19,1715.4205599002198,21711.907806699393,1000,0,0,0.0,5.2243241,0.0,0.0,0.0,0.0,20211.9078066994,23765.42055990022,43761.9078066994,-19996.487246799177,-18496.48724679918,-19996.487246799174
2024-04-22,22518.96278830022,21711.907806699393,0,0,0,0.0,15.617771600000001,0.0,0.0,0.0,0.0,20211.9078066994,22518.96278830022,42551.9078066994,-20032.945018399176,2307.0549816008206,807.0549816008279
2024-04-23,1442.7020778002225,21711.907806699393,1000,0,0,0.0,5.2107105,0.0,0.0,0.0,0.0,20211.9078066994,22032.702077800222,42301.9078066994,-20269.205728899175,-18769.20572889918,-20269.20572889917
2024-04-24,23644.13102020022,21711.907806699393,0,0,0,0.0,16.3310576,0.0,0.0,0.0,0.0,20211.9078066994,23644.13102020022,43951.9078066994,-20307.776786499177,3432.22321350082,1932.2232135008271
2024-04-25,1957.2542036002233,21711.907806699393,1000,0,0,0.0,5.2168166,0.0,0.0,0.0,0.0,20211.9078066994,24147.254203600223,43901.9078066994,-19754.653603099174,-18254.653603099177,-19754.65360309917
2024-04-26,26325.407552700224,21711.907806699393,0,0,0,0.0,17.436650900000004,0.0,0.0,0.0,0.0,20211.9078066994,26325.407552700224,46121.9078066994,-19796.500253999173,6113.4997460008235,4613.499746000831
2024-04-29,1535.3997051002261,21711.907806699393,1000,0,0,0.0,5.2478476,0.0,0.0,0.0,0.0,20211.9078066994,26055.399705100226,46231.9078066994,-20176.50810159917,-18676.508101599175,-20176.508101599167
2024-04-30,25993.417200100226,21711.907806699393,0,0,0,0.0,17.482505000000003,0.0,0.0,0.0,0.0,20211.9078066994,25993.417200100226,46211.9078066994,-20218.49060659917,5781.5093934008255,4281.509393400833
2024-05-06,963.1669501002289,21711.907806699393,1000,0,0,0.0,5.25025,0.0,0.0,0.0,0.0,20211.9078066994,25783.16695010023,46531.9078066994,-20748.74085659917,-19248.740856599172,-20748.740856599165
2024-05-07,26299.856093900227,21711.907806699393,0,0,0,0.0,17.9308562,0.0,0.0,0.0,0.0,20211.9078066994,26299.856093900227,47091.9078066994,-20792.05171279917,6087.948287200827,4587.948287200834
2024-05-08,1529.8684465002298,21711.907806699393,1000,0,0,0.0,5.2476474,0.0,0.0,0.0,0.0,20211.9078066994,25989.86844650023,46171.9078066994,-20182.039360199167,-18682.03936019917,-20182.039360199164
2024-05-09,25708.308598700227,21711.907806699393,0,0,0,0.0,17.3398478,0.0,0.0,0.0,0.0,20211.9078066994,25708.308598700227,45931.9078066994,-20223.59920799917,5496.400792000826,3996.4007920008335
2024-05-10,1679.0683587002313,21711.907806699393,1000,0,0,0.0,5.24024,0.0,0.0,0.0,0.0,20211.9078066994,25599.06835870023,45631.9078066994,-20032.839447999166,-18532.83944799917,-20032.839447999162
2024-05-13,25637.84059870023,21711.907806699393,0,0,0,0.0,17.227760000000004,0.0,0.0,0.0,0.0,20211.9078066994,25637.84059870023,45711.9078066994,-20074.067207999167,5425.932792000829,3925.9327920008363
2024-05-14,1208.1963547002306,21711.907806699393,1000,0,0,0.0,5.244244,0.0,0.0,0.0,0.0,20211.9078066994,25008.19635470023,45511.9078066994,-20503.711451999166,-19003.71145199917,-20503.711451999163
2024-05-15,25466.515747700232,21711.907806699393,0,0,0,0.0,17.380607,0.0,0.0,0.0,0.0,20211.9078066994,25466.515747700232,46011.9078066994,-20545.392058999165,5254.6079410008315,3754.6079410008388
2024-05-16,0.0,22006.379616299157,1000,0,0,0.0,5.2575573,0.0,0.0,0.0,294.4718095997632,20506.379616299164,25580.0,47586.37961629916,-22006.379616299157,-20506.379616299164,-22006.379616299157
2024-05-17,25656.206106999998,22006.379616299157,0,0,0,0.0,18.093893,0.0,0.0,0.0,0.0,20506.379616299164,25656.206106999998,47706.37961629916,-22050.17350929916,5149.826490700834,3649.8264907008415
2024-05-20,325.6528540000036,22006.379616299157,1000,0,0,0.0,5.253253,0.0,0.0,0.0,0.0,20506.379616299164,26545.652854000004,48226.37961629916,-21680.726762299153,-20180.72676229916,-21680.726762299153
2024-05-21,26001.828771200002,22006.379616299157,0,0,0,0.0,18.1040828,0.0,0.0,0.0,0.0,20506.379616299164,26001.828771200002,47726.37961629916,-21724.550845099155,5495.449154900838,3995.4491549008453
2024-05-22,280.881614300004,22006.379616299157,1000,0,0,0.0,5.2571569,0.0,0.0,0.0,0.0,20506.379616299164,25710.881614300004,47436.37961629916,-21725.498001999153,-20225.49800199916,-21725.498001999153
2024-05-23,25857.208480500005,22006.379616299157,0,0,0,0.0,18.0531338,0.0,0.0,0.0,0.0,20506.379616299164,25857.208480500005,47626.37961629916,-21769.17113579915,5350.828864200841,3850.8288642008483
2024-05-24,626.7562285000095,22006.379616299157,1000,0,0,0.0,5.252252,0.0,0.0,0.0,0.0,20506.379616299164,24776.75622850001,46156.37961629916,-21379.623387799147,-19879.623387799154,-21379.623387799147
2024-05-27,25444.23030710001,22006.379616299157,0,0,0,0.0,17.665921400000002,0.0,0.0,0.0,0.0,20506.379616299164,25444.23030710001,46866.37961629916,-21422.149309199147,4937.850690800846,3437.850690800853
2024-05-28,764.333560600011,22006.379616299157,1000,0,0,0.0,5.2467465,0.0,0.0,0.0,0.0,20506.379616299164,24884.33356060001,46126.37961629916,-21242.046055699146,-19742.046055699153,-21242.046055699146
2024-05-29,24932.788807700013,22006.379616299157,0,0,0,0.0,17.3347529,0.0,0.0,0.0,0.0,20506.379616299164,24932.788807700013,46216.37961629916,-21283.590808599143,4426.4091914008495,2926.409191400857
2024-05-30,903.5485677000179,22006.379616299157,1000,0,0,0.0,5.24024,0.0,0.0,0.0,0.0,20506.379616299164,24843.548567700018,45946.37961629916,-21102.83104859914,-19602.831048599146,-21102.83104859914
2024-05-31,23773.966151800018,22006.379616299157,0,0,0,0.0,16.6724159,0.0,0.0,0.0,0.0,20506.379616299164,23773.966151800018,44916.37961629916,-21142.41346449914,3267.5865355008536,1767.586535500861
2024-06-03,835.8268227000226,22006.379616299157,1000,0,0,0.0,5.2293291,0.0,0.0,0.0,0.0,20506.379616299164,24705.826822700023,45876.37961629916,-21170.552793599134,-19670.55279359914,-21170.552793599134
2024-06-04,24584.91605560002,22006.379616299157,0,0,0,0.0,17.120767100000002,0.0,0.0,0.0,0.0,20506.379616299164,24584.91605560002,45796.37961629916,-21211.463560699136,4078.5364393008567,2578.536439300864
2024-06-05,886.0091189000232,22006.379616299157,1000,0,0,0.0,5.2369367,0.0,0.0,0.0,0.0,20506.379616299164,24586.009118900023,45706.37961629916,-21120.370497399133,-19620.37049739914,-21120.370497399133
2024-06-06,26911.656714600023,22006.379616299157,0,0,0,0.0,18.282404300000003,0.0,0.0,0.0,0.0,20506.379616299164,26911.656714600023,48076.37961629916,-21164.722901699133,6405.2770983008595,4905.277098300867
2024-06-07,1030.5479561000247,22006.379616299157,1000,0,0,0.0,5.2587585,0.0,0.0,0.0,0.0,20506.379616299164,25560.547956100025,46536.37961629916,-20975.831660199132,-19475.83166019914,-20975.831660199132
2024-06-11,25199.003203200027,22006.379616299157,0,0,0,0.0,17.3347529,0.0,0.0,0.0,0.0,20506.379616299164,25199.003203200027,46216.37961629916,-21017.37641309913,4692.623586900863,3192.6235869008706
2024-06-12,619.2074577000312,22006.379616299157,1000,0,0,0.0,5.2457455,0.0,0.0,0.0,0.0,20506.379616299164,24989.20745770003,46376.37961629916,-21387.172158599125,-19887.172158599133,-21387.172158599125
2024-06-13,26475.11166670003,22006.379616299157,0,0,0,0.0,18.195791,0.0,0.0,0.0,0.0,20506.379616299164,26475.11166670003,47906.37961629916,-21431.267949599125,5968.732050400868,4468.732050400875
2024-06-14,393.80090620003466,22006.379616299157,1000,0,0,0.0,5.2607605,0.0,0.0,0.0,0.0,20506.379616299164,27623.800906200035,49236.37961629916,-21612.578710099122,-20112.57871009913,-21612.578710099122
2024-06-17,27857.274836300036,22006.379616299157,0,0,0,0.0,19.0160699,0.0,0.0,0.0,0.0,20506.379616299164,27857.274836300036,49516.37961629916,-21659.10477999912,7350.895220000872,5850.895220000879
2024-06-18,294.469261000042,22006.379616299157,1000,0,0,0.0,5.2755753,0.0,0.0,0.0,0.0,20506.379616299164,28914.469261000042,50626.37961629916,-21711.910355299115,-20211.910355299122,-21711.910355299115
2024-06-19,28716.494080700042,22006.379616299157,0,0,0,0.0,19.5051803,0.0,0.0,0.0,0.0,20506.379616299164,28716.494080700042,50476.37961629916,-21759.885535599115,8210.114464400878,6710.1144644008855
2024-06-20,212.7390960000448,22006.379616299157,1000,0,0,0.0,5.2849847,0.0,0.0,0.0,0.0,20506.379616299164,28822.739096000045,50616.37961629916,-21793.64052029911,-20293.64052029912,-21793.64052029911
2024-06-21,28634.763915700045,22006.379616299157,0,0,0,0.0,19.5051803,0.0,0.0,0.0,0.0,20506.379616299164,28634.763915700045,50476.37961629916,-21841.61570059911,8128.384299400881,6628.384299400888
2024-06-24,801.6856377000477,22006.379616299157,1000,0,0,0.0,5.278278,0.0,0.0,0.0,0.0,20506.379616299164,28351.685637700048,49556.37961629916,-21204.69397859911,-19704.693978599116,-21204.69397859911
2024-06-25,27196.77472210005,22006.379616299157,0,0,0,0.0,18.4709156,0.0,0.0,0.0,0.0,20506.379616299164,27196.77472210005,48446.37961629916,-21249.604894199107,6690.395105800886,5190.395105800893
2024-06-26,44.3832509000531,22006.379616299157,1000,0,0,0.0,5.2714712,0.0,0.0,0.0,0.0,20506.379616299164,27214.383250900053,49176.37961629916,-21961.996365399104,-20461.99636539911,-21961.996365399104
2024-06-27,26808.91382400005,22006.379616299157,0,0,0,0.0,18.6594269,0.0,0.0,0.0,0.0,20506.379616299164,26808.91382400005,48816.37961629916,-22007.465792299106,6302.534207700886,4802.534207700894
2024-06-28,76.94655700005387,22006.379616299157,1000,0,0,0.0,5.267267,0.0,0.0,0.0,0.0,20506.379616299164,27476.946557000054,49406.37961629916,-21929.433059299103,-20429.43305929911,-21929.433059299103
2024-07-01,28029.680837000054,22006.379616299157,0,0,0,0.0,19.26572,0.0,0.0,0.0,0.0,20506.379616299164,28029.680837000054,50006.37961629916,-21976.698779299102,7523.301220700891,6023.301220700898
2024-07-02,246.6530595000586,22006.379616299157,1000,0,0,0.0,5.2777775,0.0,0.0,0.0,0.0,20506.379616299164,27606.65305950006,49366.37961629916,-21759.726556799098,-20259.726556799105,-21759.726556799098
2024-07-03,27580.323223300056,22006.379616299157,0,0,0,0.0,18.9498362,0.0,0.0,0.0,0.0,20506.379616299164,27580.323223300056,49386.37961629916,-21806.0563929991,7073.943607000892,5573.9436070009
2024-07-04,0.0,22209.084170499096,1000,0,0,0.0,5.2777775,0.0,0.0,0.0,202.7045541999396,20709.084170499103,27270.0,49479.084170499096,-22209.084170499096,-20709.084170499103,-22209.084170499096
2024-07-05,27034.123010799998,22209.084170499096,0,0,0,0.0,18.7969892,0.0,0.0,0.0,0.0,20709.084170499103,27034.123010799998,49289.084170499096,-22254.961159699098,6325.038840300895,4825.038840300902
2024-07-08,131.98404210000444,22209.084170499096,1000,0,0,0.0,5.2689687,0.0,0.0,0.0,0.0,20709.084170499103,27091.984042100004,49169.084170499096,-22077.10012839909,-20577.1001283991,-22077.10012839909
2024-07-09,29083.208832100005,22209.084170499096,0,0,0,0.0,19.77521,0.0,0.0,0.0,0.0,20709.084170499103,29083.208832100005,51209.084170499096,-22125.87533839909,8374.124661600901,6874.124661600908
2024-07-10,48.91854210000747,22209.084170499096,1000,0,0,0.0,5.29029,0.0,0.0,0.0,0.0,20709.084170499103,28998.918542100007,51159.084170499096,-22160.16562839909,-20660.165628399096,-22160.16562839909
2024-07-11,28760.50560970001,22209.084170499096,0,0,0,0.0,19.652932400000005,0.0,0.0,0.0,0.0,20709.084170499103,28760.50560970001,50969.084170499096,-22208.578560799087,8051.421439200905,6551.421439200913
2024-07-12,1077.578833200012,22209.084170499096,1000,0,0,0.0,5.2767765,0.0,0.0,0.0,0.0,20709.084170499103,28337.578833200012,49469.084170499096,-21131.505337299084,-19631.50533729909,-21131.505337299084
2024-07-15,27991.882982800013,22209.084170499096,0,0,0,0.0,18.735850400000004,0.0,0.0,0.0,0.0,20709.084170499103,27991.882982800013,49169.084170499096,-21177.201187699084,7282.798812300909,5782.798812300916
2024-07-16,999.6531132000164,22209.084170499096,1000,0,0,0.0,5.2698696,0.0,0.0,0.0,0.0,20709.084170499103,28459.653113200016,49669.084170499096,-21209.43105729908,-19709.431057299087,-21209.43105729908
2024-07-17,26905.481847700015,22209.084170499096,0,0,0,0.0,18.2212655,0.0,0.0,0.0,0.0,20709.084170499103,26905.481847700015,48159.084170499096,-21253.60232279908,6196.397677200912,4696.397677200919
2024-07-18,2055.4133995000193,22209.084170499096,1000,0,0,0.0,5.2484482,0.0,0.0,0.0,0.0,20709.084170499103,27465.41339950002,47619.084170499096,-20153.670770999077,-18653.670770999084,-20153.670770999077
2024-07-19,26673.18937610002,22209.084170499096,0,0,0,0.0,17.564023400000004,0.0,0.0,0.0,0.0,20709.084170499103,26673.18937610002,46869.084170499096,-20195.894794399075,5964.1052056009175,4464.105205600925
2024-07-22,2153.454231200023,22209.084170499096,1000,0,0,0.0,5.2451449,0.0,0.0,0.0,0.0,20709.084170499103,27063.454231200023,47119.084170499096,-20055.629939299073,-18555.62993929908,-20055.629939299073
2024-07-23,26651.411346600024,22209.084170499096,0,0,0,0.0,17.5028846,0.0,0.0,0.0,0.0,20709.084170499103,26651.411346600024,46749.084170499096,-20097.672823899073,5942.32717610092,4442.327176100927
2024-07-24,2221.7671026000244,22209.084170499096,1000,0,0,0.0,5.244244,0.0,0.0,0.0,0.0,20709.084170499103,26521.767102600024,46509.084170499096,-19987.317067899072,-18487.31706789908,-19987.317067899072
2024-07-25,25381.746934600025,22209.084170499096,0,0,0,0.0,16.820168000000002,0.0,0.0,0.0,0.0,20709.084170499103,25381.746934600025,45409.084170499096,-20027.33723589907,4672.662764100922,3172.662764100929
2024-07-26,2153.3147026000297,22209.084170499096,1000,0,0,0.0,5.232232,0.0,0.0,0.0,0.0,20709.084170499103,25653.31470260003,45709.084170499096,-20055.769467899067,-18555.769467899074,-20055.769467899067
2024-07-29,25912.38884060003,22209.084170499096,0,0,0,0.0,17.125862,0.0,0.0,0.0,0.0,20709.084170499103,25912.38884060003,46009.084170499096,-20096.695329899067,5203.304670100926,3703.3046701009334
2024-07-30,2393.6637057000335,22209.084170499096,1000,0,0,0.0,5.2351349,0.0,0.0,0.0,0.0,20709.084170499103,25243.663705700033,45059.084170499096,-19815.420464799063,-18315.42046479907,-19815.420464799063
2024-07-31,26192.677464100034,22209.084170499096,0,0,0,0.0,17.146241600000003,0.0,0.0,0.0,0.0,20709.084170499103,26192.677464100034,46049.084170499096,-19856.406706399062,5483.59329360093,3983.5932936009376
2024-08-01,1562.8312181000365,22209.084170499096,1000,0,0,0.0,5.246246,0.0,0.0,0.0,0.0,20709.084170499103,25532.831218100036,46179.084170499096,-20646.25295239906,-19146.252952399067,-20646.25295239906
2024-08-02,23854.124306400034,22209.084170499096,0,0,0,0.0,16.3769117,0.0,0.0,0.0,0.0,20709.084170499103,23854.124306400034,44539.084170499096,-20684.959864099063,3145.04013590093,1645.0401359009375
2024-08-05,2727.8130954000335,22209.084170499096,1000,0,0,0.0,5.211211,0.0,0.0,0.0,0.0,20709.084170499103,23147.813095400033,42629.084170499096,-19481.271075099063,-17981.27107509907,-19481.271075099063
2024-08-06,23501.400608500033,22209.084170499096,0,0,0,0.0,15.6024869,0.0,0.0,0.0,0.0,20709.084170499103,23501.400608500033,43019.084170499096,-19517.683561999063,2792.3164380009293,1292.3164380009366
2024-08-07,2875.5944025000354,22209.084170499096,1000,0,0,0.0,5.206206,0.0,0.0,0.0,0.0,20709.084170499103,23275.594402500035,42609.084170499096,-19333.48976799906,-17833.489767999068,-19333.48976799906
2024-08-08,23319.680047300037,22209.084170499096,0,0,0,0.0,15.4343552,0.0,0.0,0.0,0.0,20709.084170499103,23319.680047300037,42689.084170499096,-19369.40412319906,2610.595876800933,1110.5958768009405
2024-08-09,2493.6718393000374,22209.084170499096,1000,0,0,0.0,5.208208,0.0,0.0,0.0,0.0,20709.084170499103,23283.671839300037,42999.084170499096,-19715.41233119906,-18215.412331199066,-19715.41233119906
2024-08-12,23097.515965700037,22209.084170499096,0,0,0,0.0,15.5158736,0.0,0.0,0.0,0.0,20709.084170499103,23097.515965700037,42849.084170499096,-19751.56820479906,2388.4317952009333,888.4317952009405
2024-08-13,2221.4572572000397,22209.084170499096,1000,0,0,0.0,5.2087085,0.0,0.0,0.0,0.0,20709.084170499103,23001.45725720004,42989.084170499096,-19987.626913299056,-18487.626913299064,-19987.626913299056
2024-08-14,23564.18436100004,22209.084170499096,0,0,0,0.0,15.892896200000001,0.0,0.0,0.0,0.0,20709.084170499103,23564.18436100004,43589.084170499096,-20024.899809499057,2855.100190500936,1355.1001905009434
2024-08-15,2798.236753600042,22789.084170499096,1000,0,0,0.0,5.2076074,0.0,0.0,580.0,0.0,20709.084170499103,23458.236753600042,43449.084170499096,-19990.847416899054,-17910.84741689906,-19990.847416899054
2024-08-16,23821.446894200042,22789.084170499096,0,0,0,0.0,15.7298594,0.0,0.0,0.0,0.0,20709.084170499103,23821.446894200042,43849.084170499096,-20027.637276299054,3112.3627237009387,1032.362723700946
2024-08-19,2795.2366842000447,22789.084170499096,1000,0,0,0.0,5.21021,0.0,0.0,0.0,0.0,20709.084170499103,23575.236684200045,43569.084170499096,-19993.84748629905,-17913.84748629906,-19993.84748629905
2024-08-20,23409.065715700042,22789.084170499096,0,0,0,0.0,15.5209685,0.0,0.0,0.0,0.0,20709.084170499103,23409.065715700042,43439.084170499096,-20030.018454799054,2699.981545200939,619.9815452009461
2024-08-21,3083.562512700042,22789.084170499096,1000,0,0,0.0,5.203203,0.0,0.0,0.0,0.0,20709.084170499103,23853.562512700042,43559.084170499096,-19705.521657799054,-17625.52165779906,-19705.521657799054
2024-08-22,23437.784011600044,22789.084170499096,0,0,0,0.0,15.388501100000001,0.0,0.0,0.0,0.0,20709.084170499103,23437.784011600044,43179.084170499096,-19741.300158899052,2728.699841100941,648.6998411009481
2024-08-23,3212.381809600047,22789.084170499096,1000,0,0,0.0,5.202202,0.0,0.0,0.0,0.0,20709.084170499103,23672.381809600047,43249.084170499096,-19576.70236089905,-17496.702360899057,-19576.70236089905
2024-08-26,23297.010870800048,22789.084170499096,0,0,0,0.0,15.250938800000002,0.0,0.0,0.0,0.0,20709.084170499103,23297.010870800048,42909.084170499096,-19612.07329969905,2587.9267003009445,507.9267003009518
2024-08-27,3271.8106708000523,22789.084170499096,1000,0,0,0.0,5.2002,0.0,0.0,0.0,0.0,20709.084170499103,23021.810670800052,42539.084170499096,-19517.273499699044,-17437.27349969905,-19517.273499699044
2024-08-28,23006.96805350005,22789.084170499096,0,0,0,0.0,15.072617300000001,0.0,0.0,0.0,0.0,20709.084170499103,23006.96805350005,42559.084170499096,-19552.116116999045,2297.883883000948,217.8838830009554
2024-08-29,3982.777863500054,22789.084170499096,1000,0,0,0.0,5.19019,0.0,0.0,0.0,0.0,20709.084170499103,23202.777863500054,42009.084170499096,-18806.306306999042,-16726.30630699905,-18806.306306999042
2024-08-30,24416.878603200053,22789.084170499096,0,0,0,0.0,15.429260300000001,0.0,0.0,0.0,0.0,20709.084170499103,24416.878603200053,43259.084170499096,-18842.205567299043,3707.79443270095,1627.7944327009573
2024-09-02,4021.304699500055,22789.084170499096,1000,0,0,0.0,5.2039037,0.0,0.0,0.0,0.0,20709.084170499103,23471.304699500055,42239.084170499096,-18767.77947099904,-16687.77947099905,-18767.77947099904
2024-09-03,23426.960213900056,22789.084170499096,0,0,0,0.0,14.904485600000001,0.0,0.0,0.0,0.0,20709.084170499103,23426.960213900056,42229.084170499096,-18802.12395659904,2717.8760434009528,637.87604340096
2024-09-04,4903.275028900061,22789.084170499096,1000,0,0,0.0,5.185185,0.0,0.0,0.0,0.0,20709.084170499103,23823.27502890006,41709.084170499096,-17885.809141599035,-15805.809141599042,-17885.809141599035
2024-09-05,23749.77585770006,22789.084170499096,0,0,0,0.0,14.6191712,0.0,0.0,0.0,0.0,20709.084170499103,23749.77585770006,41669.084170499096,-17919.308312799036,3040.691687200957,960.6916872009642
2024-09-06,4855.716969000063,22789.084170499096,1000,0,0,0.0,5.1888887,0.0,0.0,0.0,0.0,20709.084170499103,23215.716969000063,41149.084170499096,-17933.367201499033,-15853.36720149904,-17933.367201499033
2024-09-09,23422.640455000063,22789.084170499096,0,0,0,0.0,14.476514000000002,0.0,0.0,0.0,0.0,20709.084170499103,23422.640455000063,41389.084170499096,-17966.443715499034,2713.556284500959,633.5562845009663
2024-09-10,4798.854269000065,22789.084170499096,1000,0,0,0.0,5.186186,0.0,0.0,0.0,0.0,20709.084170499103,23618.854269000065,41609.084170499096,-17990.22990149903,-15910.229901499039,-17990.22990149903
2024-09-11,23545.506046800067,22789.084170499096,0,0,0,0.0,14.568222200000001,0.0,0.0,0.0,0.0,20709.084170499103,23545.506046800067,41569.084170499096,-18023.57812369903,2836.421876300963,756.4218763009703
2024-09-12,4130.921952900066,22789.084170499096,1000,0,0,0.0,5.1940939,0.0,0.0,0.0,0.0,20709.084170499103,22970.921952900066,41629.084170499096,-18658.16221759903,-16578.162217599038,-18658.16221759903
2024-09-13,23346.864270400067,22789.084170499096,0,0,0,0.0,14.8076825,0.0,0.0,0.0,0.0,20709.084170499103,23346.864270400067,42039.084170499096,-18692.21990009903,2637.7800999009633,557.7800999009705
2024-09-18,4322.674080400069,22789.084170499096,1000,0,0,0.0,5.19019,0.0,0.0,0.0,0.0,20709.084170499103,23072.67408040007,41539.084170499096,-18466.410090099027,-16386.410090099034,-18466.410090099027
2024-09-19,23139.22019390007,22789.084170499096,0,0,0,0.0,14.603886500000002,0.0,0.0,0.0,0.0,20709.084170499103,23139.22019390007,41639.084170499096,-18499.863976599027,2430.136023400966,350.1360234009735
2024-09-20,4115.030003900072,22789.084170499096,1000,0,0,0.0,5.19019,0.0,0.0,0.0,0.0,20709.084170499103,22975.030003900072,41649.084170499096,-18674.054166599024,-16594.05416659903,-18674.054166599024
2024-09-23,22791.787446000075,22789.084170499096,0,0,0,0.0,14.5325579,0.0,0.0,0.0,0.0,20709.084170499103,22791.787446000075,41499.084170499096,-18707.29672449902,2082.7032755009714,2.7032755009786342
2024-09-24,3867.6982570000764,22789.084170499096,1000,0,0,0.0,5.189189,0.0,0.0,0.0,0.0,20709.084170499103,24447.698257000076,43369.084170499096,-18921.38591349902,-16841.385913499027,-18921.38591349902
2024-09-25,24900.89330270008,22789.084170499096,0,0,0,0.0,15.7349543,0.0,0.0,0.0,0.0,20709.084170499103,24900.89330270008,43859.084170499096,-18958.190867799018,4191.809132200975,2111.8091322009823
2024-09-26,3764.5719916000817,22789.084170499096,1000,0,0,0.0,5.2113111,0.0,0.0,0.0,0.0,20709.084170499103,25424.57199160008,44449.084170499096,-19024.512178899015,-16944.512178899022,-19024.512178899015
2024-09-27,26724.85372160008,22789.084170499096,0,0,0,0.0,16.71827,0.0,0.0,0.0,0.0,20709.084170499103,26724.85372160008,45789.084170499096,-19064.230448899016,6015.769551100977,3935.7695511009842
2024-09-30,2395.310478600084,22789.084170499096,1000,0,0,0.0,5.243243,0.0,0.0,0.0,0.0,20709.084170499103,27585.310478600084,47979.084170499096,-20393.773691899012,-18313.77369189902,-20393.773691899012
2024-10-08,30058.482510700083,22789.084170499096,0,0,0,0.0,19.117967900000004,0.0,0.0,0.0,0.0,20709.084170499103,30058.482510700083,50499.084170499096,-20440.601659799013,9349.39834020098,7269.398340200987
2024-10-09,2325.5052337000852,22789.084170499096,1000,0,0,0.0,5.277277,0.0,0.0,0.0,0.0,20709.084170499103,28325.505233700085,48789.084170499096,-20463.57893679901,-18383.57893679902,-20463.57893679901
2024-10-10,28081.560391700084,22789.084170499096,0,0,0,0.0,18.144842,0.0,0.0,0.0,0.0,20709.084170499103,28081.560391700084,48589.084170499096,-20507.52377879901,7372.476221200981,5292.476221200988
2024-10-11,2650.906137700087,22789.084170499096,1000,0,0,0.0,5.2542539999999995,0.0,0.0,0.0,0.0,20709.084170499103,27240.906137700087,47379.084170499096,-20138.17803279901,-18058.178032799016,-20138.17803279901
2024-10-14,27767.927369300087,22789.084170499096,0,0,0,0.0,17.818768400000003,0.0,0.0,0.0,0.0,20709.084170499103,27767.927369300087,47949.084170499096,-20181.15680119901,7058.843198800983,4978.843198800991
2024-10-15,2547.485217400088,22789.084170499096,1000,0,0,0.0,5.2521519,0.0,0.0,0.0,0.0,20709.084170499103,27147.485217400088,47389.084170499096,-20241.59895309901,-18161.598953099015,-20241.59895309901
2024-10-16,26036.96691770009,22789.084170499096,0,0,0,0.0,16.9882997,0.0,0.0,0.0,0.0,20709.084170499103,26036.96691770009,46319.084170499096,-20282.117252799006,5327.882747200987,3247.8827472009943
2024-10-17,2237.958980000094,22789.084170499096,1000,0,0,0.0,5.2379377,0.0,0.0,0.0,0.0,20709.084170499103,25947.958980000094,46499.084170499096,-20551.125190499002,-18471.12519049901,-20551.125190499002
2024-10-18,28273.591480800093,22789.084170499096,0,0,0,0.0,18.2874992,0.0,0.0,0.0,0.0,20709.084170499103,28273.591480800093,48869.084170499096,-20595.492689699004,7564.507310300989,5484.507310300996
2024-10-21,1431.5131127000932,22789.084170499096,1000,0,0,0.0,5.2683681,0.0,0.0,0.0,0.0,20709.084170499103,27631.513112700093,48989.084170499096,-21357.571057799003,-19277.57105779901,-21357.571057799003
2024-10-22,27646.873905300094,22789.084170499096,0,0,0,0.0,18.379207400000002,0.0,0.0,0.0,0.0,20709.084170499103,27646.873905300094,49049.084170499096,-21402.210265199003,6937.78973480099,4857.789734800997
2024-10-23,1825.8257474000966,22789.084170499096,1000,0,0,0.0,5.2581579,0.0,0.0,0.0,0.0,20709.084170499103,27435.825747400097,48399.084170499096,-20963.258423099,-18883.258423099007,-20963.258423099
2024-10-24,27132.560175900097,22789.084170499096,0,0,0,0.0,17.915571500000002,0.0,0.0,0.0,0.0,20709.084170499103,27132.560175900097,48139.084170499096,-21006.523994599,6423.476005400993,4343.476005401
2024-10-25,1711.9160220000995,22789.084170499096,1000,0,0,0.0,5.2541539,0.0,0.0,0.0,0.0,20709.084170499103,27371.9160220001,48449.084170499096,-21077.168148498997,-18997.168148499004,-21077.168148498997
2024-10-28,26928.7863046001,22789.084170499096,0,0,0,0.0,17.869717400000003,0.0,0.0,0.0,0.0,20709.084170499103,26928.7863046001,48049.084170499096,-21120.297865898996,6219.702134100997,4139.702134101004
2024-10-29,1698.3340526001048,22789.084170499096,1000,0,0,0.0,5.252252,0.0,0.0,0.0,0.0,20709.084170499103,26748.334052600105,47839.084170499096,-21090.75011789899,-19010.750117899,-21090.75011789899
2024-10-30,26495.838321000105,22789.084170499096,0,0,0,0.0,17.655731600000003,0.0,0.0,0.0,0.0,20709.084170499103,26495.838321000105,47629.084170499096,-21133.24584949899,5786.754150501001,3706.7541505010086
2024-10-31,1966.0930760001102,22789.084170499096,1000,0,0,0.0,5.245245,0.0,0.0,0.0,0.0,20709.084170499103,26216.09307600011,47039.084170499096,-20822.991094498986,-18742.991094498993,-20822.991094498986
2024-11-01,25605.34835280011,22789.084170499096,0,0,0,0.0,17.064723200000003,0.0,0.0,0.0,0.0,20709.084170499103,25605.34835280011,46469.084170499096,-20863.735817698987,4896.264182301005,2816.2641823010126
2024-11-04,1796.3303150001084,22789.084170499096,1000,0,0,0.0,5.2380378,0.0,0.0,0.0,0.0,20709.084170499103,26126.33031500011,47119.084170499096,-20992.753855498988,-18912.753855498995,-20992.753855498988
2024-11-05,26503.97043750011,22789.084170499096,0,0,0,0.0,17.609877500000003,0.0,0.0,0.0,0.0,20709.084170499103,26503.97043750011,47539.084170499096,-21035.113732998987,5794.886267001006,3714.886267001013
2024-11-06,1473.720187500112,22789.084170499096,1000,0,0,0.0,5.25025,0.0,0.0,0.0,0.0,20709.084170499103,25653.720187500112,46969.084170499096,-21315.363982998984,-19235.36398299899,-21315.363982998984
2024-11-07,26071.526353900113,22789.084170499096,0,0,0,0.0,17.5538336,0.0,0.0,0.0,0.0,20709.084170499103,26071.526353900113,47429.084170499096,-21357.557816598983,5362.44218340101,3282.4421834010172
2024-11-08,1141.3771049001152,22789.084170499096,1000,0,0,0.0,5.249249,0.0,0.0,0.0,0.0,20709.084170499103,27121.377104900115,48769.084170499096,-21647.70706559898,-19567.70706559899,-21647.70706559898
2024-11-11,28105.605780000118,22789.084170499096,0,0,0,0.0,18.7613249,0.0,0.0,0.0,0.0,20709.084170499103,28105.605780000118,49799.084170499096,-21693.478390498978,7396.521609501015,5316.521609501022
2024-11-12,1063.3254099001206,22789.084170499096,1000,0,0,0.0,5.2703701,0.0,0.0,0.0,0.0,20709.084170499103,26783.32540990012,48509.084170499096,-21725.758760598976,-19645.758760598983,-21725.758760598976
2024-11-13,27488.369209600118,22789.084170499096,0,0,0,0.0,18.4862003,0.0,0.0,0.0,0.0,20709.084170499103,27488.369209600118,49259.084170499096,-21770.71496089898,6779.285039101014,4699.2850391010215
2024-11-14,876.523143800121,22789.084170499096,1000,0,0,0.0,5.2660658,0.0,0.0,0.0,0.0,20709.084170499103,25746.52314380012,47659.084170499096,-21912.561026698975,-19832.561026698982,-21912.561026698975
2024-11-15,24755.416143000122,22789.084170499096,0,0,0,0.0,17.1870008,0.0,0.0,0.0,0.0,20709.084170499103,24755.416143000122,46709.084170499096,-21953.668027498974,4046.3319725010188,1966.331972501026
2024-11-18,806.2567038001253,22789.084170499096,1000,0,0,0.0,5.2394392,0.0,0.0,0.0,0.0,20709.084170499103,24046.256703800125,46029.084170499096,-21982.82746669897,-19902.82746669898,-21982.82746669897
2024-11-19,24485.451601000124,22789.084170499096,0,0,0,0.0,17.0851028,0.0,0.0,0.0,0.0,20709.084170499103,24485.451601000124,46509.084170499096,-22023.632569498972,3776.367430501021,1696.3674305010281
2024-11-20,756.5143640001261,22789.084170499096,1000,0,0,0.0,5.237237,0.0,0.0,0.0,0.0,20709.084170499103,24756.514364000126,46789.084170499096,-22032.56980649897,-19952.569806498977,-22032.56980649897
2024-11-21,24146.147013300128,22789.084170499096,0,0,0,0.0,16.937350700000003,0.0,0.0,0.0,0.0,20709.084170499103,24146.147013300128,46219.084170499096,-22072.93715719897,3437.062842801024,1357.0628428010314
2024-11-22,627.4218784001314,22789.084170499096,1000,0,0,0.0,5.2351349,0.0,0.0,0.0,0.0,20709.084170499103,23467.42187840013,45629.084170499096,-22161.662292098965,-20081.662292098972,-22161.662292098965
2024-11-25,22699.04705450013,22789.084170499096,0,0,0,0.0,16.2648239,0.0,0.0,0.0,0.0,20709.084170499103,22699.04705450013,44899.084170499096,-22200.037115998966,1989.9628840010264,-90.03711599896633
2024-11-26,781.9379356001336,22789.084170499096,1000,0,0,0.0,5.2191189,0.0,0.0,0.0,0.0,20709.084170499103,22871.937935600134,44879.084170499096,-22007.146234898963,-19927.14623489897,-22007.146234898963
2024-11-27,23063.246118800133,22789.084170499096,0,0,0,0.0,16.3718168,0.0,0.0,0.0,0.0,20709.084170499103,23063.246118800133,45109.084170499096,-22045.838051698964,2354.161948301029,274.1619483010363
2024-11-28,715.7026956001355,22789.084170499096,1000,0,0,0.0,5.2234232,0.0,0.0,0.0,0.0,20709.084170499103,22565.702695600135,44639.084170499096,-22073.38147489896,-19993.381474898968,-22073.38147489896
2024-11-29,22867.20711250014,22789.084170499096,0,0,0,0.0,16.3055831,0.0,0.0,0.0,0.0,20709.084170499103,22867.20711250014,44979.084170499096,-22111.877057998958,2158.122942001035,78.12294200104225
2024-12-02,769.916191800141,22789.084170499096,1000,0,0,0.0,5.2209207,0.0,0.0,0.0,0.0,20709.084170499103,23329.91619180014,45349.084170499096,-22019.167978698955,-19939.167978698963,-22019.167978698955
2024-12-03,22971.34513420014,22789.084170499096,0,0,0,0.0,16.3310576,0.0,0.0,0.0,0.0,20709.084170499103,22971.34513420014,45029.084170499096,-22057.739036298957,2262.2609637010355,182.26096370104278
2024-12-04,693.8724117001439,22789.084170499096,1000,0,0,0.0,5.2227225,0.0,0.0,0.0,0.0,20709.084170499103,22573.872411700144,44669.084170499096,-22095.211758798952,-20015.21175879896,-22095.211758798952
2024-12-05,23194.84850710014,22789.084170499096,0,0,0,0.0,16.483904600000002,0.0,0.0,0.0,0.0,20709.084170499103,23194.84850710014,45329.084170499096,-22134.235663398955,2485.764336601038,405.7643366010452
2024-12-06,627.0828817001457,22789.084170499096,1000,0,0,0.0,5.2256254,0.0,0.0,0.0,0.0,20709.084170499103,23227.082881700146,45389.084170499096,-22162.00128879895,-20082.001288798958,-22162.00128879895
2024-12-09,22718.677868000144,22789.084170499096,0,0,0,0.0,16.275013700000002,0.0,0.0,0.0,0.0,20709.084170499103,22718.677868000144,44919.084170499096,-22200.406302498952,2009.5936975010409,-70.40630249895185
2024-12-10,80.8415419001467,22789.084170499096,1000,0,0,0.0,5.2263261,0.0,0.0,0.0,0.0,20709.084170499103,22220.841541900147,44929.084170499096,-22708.24262859895,-20628.242628598957,-22708.24262859895
2024-12-11,22372.134630200144,22789.084170499096,0,0,0,0.0,16.3769117,0.0,0.0,0.0,0.0,20709.084170499103,22372.134630200144,45119.084170499096,-22746.949540298952,1663.0504597010404,-416.94954029895234
2024-12-12,0.0,22814.54346399895,1000,0,0,0.0,5.2239237,0.0,0.0,0.0,25.45929349985454,20734.543463998958,22340.0,45154.543463998954,-22814.543463998954,-20734.543463998958,-22814.54346399895
2024-12-13,21312.7723885,22814.54346399895,0,0,0,0.0,15.877611500000002,0.0,0.0,0.0,0.0,20734.543463998958,21312.7723885,44164.543463998954,-22851.771075498953,578.2289245010434,-1501.7710754989494
2024-12-16,86.36017650000576,22814.54346399895,1000,0,0,0.0,5.212212,0.0,0.0,0.0,0.0,20734.543463998958,21146.360176500006,43874.543463998954,-22728.18328749895,-20648.183287498952,-22728.183287498945
2024-12-17,21648.755192500008,22814.54346399895,0,0,0,0.0,16.004984,0.0,0.0,0.0,0.0,20734.543463998958,21648.755192500008,44414.543463998954,-22765.788271498946,914.21172850105,-1165.7882714989428
2024-12-18,1.918776300008176,22814.54346399895,1000,0,0,0.0,5.2164162,0.0,0.0,0.0,0.0,20734.543463998958,21411.918776300008,44224.543463998954,-22812.624687698946,-20732.62468769895,-22812.624687698943
2024-12-19,22153.42319320001,22814.54346399895,0,0,0,0.0,16.3055831,0.0,0.0,0.0,0.0,20734.543463998958,22153.42319320001,45004.543463998954,-22851.120270798943,1418.8797292010531,-661.1202707989396
2024-12-20,96.1726729000111,22814.54346399895,1000,0,0,0.0,5.2205203000000004,0.0,0.0,0.0,0.0,20734.543463998958,22116.17267290001,44834.543463998954,-22718.370791098943,-20638.370791098947,-22718.37079109894
2024-12-23,22107.888418400013,22814.54346399895,0,0,0,0.0,16.2342545,0.0,0.0,0.0,0.0,20734.543463998958,22107.888418400013,44864.543463998954,-22756.65504559894,1373.3449544010546,-706.6550455989382
2024-12-24,0.0,22843.986366698937,1000,0,0,0.0,5.2213211,0.0,0.0,0.0,29.442902699986007,20763.986366698944,23000.0,45843.98636669894,-22843.98636669894,-20763.986366698944,-22843.986366698937
2024-12-25,22680.7043872,22843.986366698937,0,0,0,0.0,16.575612800000002,0.0,0.0,0.0,0.0,20763.986366698944,22680.7043872,45563.98636669894,-22883.28197949894,1916.7180205010554,-163.2819794989373
2024-12-26,12.837760800004617,22843.986366698937,1000,0,0,0.0,5.2266264,0.0,0.0,0.0,0.0,20763.986366698944,23342.837760800005,46173.98636669894,-22831.148605898936,-20751.14860589894,-22831.148605898932
2024-12-27,22583.708191900005,22843.986366698937,0,0,0,0.0,16.519568900000003,0.0,0.0,0.0,0.0,20763.986366698944,22583.708191900005,45453.98636669894,-22870.278174798936,1819.7218252010607,-260.278174798932
2024-12-30,5.932466400005069,22843.986366698937,1000,0,0,0.0,5.2257255,0.0,0.0,0.0,0.0,20763.986366698944,22455.932466400005,45293.98636669894,-22838.053900298935,-20758.05390029894,-22838.05390029893
2024-12-31,21468.478431400006,22843.986366698937,0,0,0,0.0,15.954035000000001,0.0,0.0,0.0,0.0,20763.986366698944,21468.478431400006,44343.98636669894,-22875.507935298934,704.4920647010622,-1375.5079352989305
2025-01-02,41.86421740000878,22843.986366698937,1000,0,0,0.0,5.214214,0.0,0.0,0.0,0.0,20763.986366698944,20751.86421740001,43553.98636669894,-22802.12214929893,-20722.122149298935,-22802.122149298928
2025-01-03,20555.84419790001,22843.986366698937,0,0,0,0.0,15.470019500000001,0.0,0.0,0.0,0.0,20763.986366698944,20555.84419790001,43393.98636669894,-22838.14216879893,-208.14216879893502,-2288.1421687989277
2025-01-06,0.0,23104.140276698927,1000,0,0,0.0,5.2081079,0.0,0.0,0.0,260.15390999999,21024.140276698934,20670.0,43774.14027669893,-23104.140276698927,-21024.140276698934,-23104.140276698927
2025-01-07,21212.9233375,23104.140276698927,0,0,0,0.0,15.826662500000001,0.0,0.0,0.0,0.0,21024.140276698934,21212.9233375,44354.14027669893,-23141.216939198926,188.7830608010663,-1891.2169391989264
2025-01-08,286.81412850000197,23104.140276698927,1000,0,0,0.0,5.209209,0.0,0.0,0.0,0.0,21024.140276698934,20916.814128500002,43734.14027669893,-22817.326148198925,-20737.326148198932,-22817.326148198925
2025-01-09,20790.8092039,23104.140276698927,0,0,0,0.0,15.4649246,0.0,0.0,0.0,0.0,21024.140276698934,20790.8092039,43644.14027669893,-22853.331072798926,-233.33107279893375,-2313.3310727989265
2025-01-10,275.11409900000217,23104.140276698927,1000,0,0,0.0,5.2051049,0.0,0.0,0.0,0.0,21024.140276698934,20025.114099000002,42854.14027669893,-22829.026177698925,-20749.026177698932,-22829.026177698925
2025-01-13,19960.346956200003,23104.140276698927,0,0,0,0.0,15.0471428,0.0,0.0,0.0,0.0,21024.140276698934,19960.346956200003,42824.14027669893,-22863.793320498924,-1063.7933204989313,-3143.793320498924
2025-01-14,185.3992587000066,23104.140276698927,1000,0,0,0.0,5.1976975,0.0,0.0,0.0,0.0,21024.140276698934,20755.399258700007,43674.14027669893,-22918.74101799892,-20838.741017998927,-22918.74101799892
2025-01-15,20289.998130100008,23104.140276698927,0,0,0,0.0,15.261128600000001,0.0,0.0,0.0,0.0,21024.140276698934,20289.998130100008,43244.14027669893,-22954.14214659892,-734.142146598926,-2814.1421465989188
2025-01-16,0.0,23189.695850098917,1000,0,0,0.0,5.2037035,0.0,0.0,0.0,85.55557339998995,21109.695850098924,20840.0,44029.69585009891,-23189.695850098913,-21109.695850098924,-23189.695850098917
2025-01-17,20623.8139366,23189.695850098917,0,0,0,0.0,15.5260634,0.0,0.0,0.0,0.0,21109.695850098924,20623.8139366,43849.69585009891,-23225.881913498913,-485.8819134989244,-2565.881913498917
2025-01-20,0.0,23502.001222598912,1000,0,0,0.0,5.2093091,0.0,0.0,0.0,312.3053724999954,21422.00122259892,20770.0,44272.00122259891,-23502.001222598912,-21422.00122259892,-23502.001222598912
2025-01-21,21172.9837171,23502.001222598912,0,0,0,0.0,15.806282900000001,0.0,0.0,0.0,0.0,21422.00122259892,21172.9837171,44712.00122259891,-23539.017505498912,-249.0175054989195,-2329.017505498912
2025-01-22,0.0,23775.65191969891,1000,0,0,0.0,5.2144142,0.0,0.0,0.0,273.65069709999807,21695.651919698917,23330.0,47105.65191969891,-23775.65191969891,-21695.651919698917,-23775.65191969891
2025-01-23,22960.28173,23775.65191969891,0,0,0,0.0,16.71827,0.0,0.0,0.0,0.0,21695.651919698917,22960.28173,46775.65191969891,-23815.37018969891,1264.6298103010813,-815.3701896989114
2025-01-24,222.34440289999839,23775.65191969891,1000,0,0,0.0,5.2273271,0.0,0.0,0.0,0.0,21695.651919698917,23572.3444029,47125.65191969891,-23553.307516798912,-21473.30751679892,-23553.307516798912
2025-01-27,21634.965842399997,23775.65191969891,0,0,0,0.0,15.9285605,0.0,0.0,0.0,0.0,21695.651919698917,21634.965842399997,45225.65191969891,-23590.686077298913,-60.68607729892028,-2140.686077298913
2025-02-05,1049.2000368000008,23775.65191969891,1000,0,0,0.0,5.2058056,0.0,0.0,0.0,0.0,21695.651919698917,21049.2000368,43775.65191969891,-22726.45188289891,-20646.451882898917,-22726.45188289891
2025-02-06,21493.285681600002,23775.65191969891,0,0,0,0.0,15.4343552,0.0,0.0,0.0,0.0,21695.651919698917,21493.285681600002,44255.65191969891,-22762.366238098908,-202.36623809891535,-2282.366238098908
2025-02-07,797.4087749000028,23775.65191969891,1000,0,0,0.0,5.2069067,0.0,0.0,0.0,0.0,21695.651919698917,22347.408774900003,45325.65191969891,-22978.243144798907,-20898.243144798915,-22978.243144798907
2025-02-10,22479.622652100003,23775.65191969891,0,0,0,0.0,16.066122800000002,0.0,0.0,0.0,0.0,21695.651919698917,22479.622652100003,45495.65191969891,-23016.029267598908,783.9707324010851,-1296.0292675989076
2025-02-11,652.6044341000015,23775.65191969891,1000,0,0,0.0,5.218218,0.0,0.0,0.0,0.0,21695.651919698917,22422.6044341,45545.65191969891,-23123.04748559891,-21043.047485598916,-23123.04748559891
2025-02-12,22764.1692306,23775.65191969891,0,0,0,0.0,16.2852035,0.0,0.0,0.0,0.0,21695.651919698917,22764.1692306,45925.65191969891,-23161.48268909891,1068.517310901083,-1011.4826890989098
2025-02-13,686.8985100999998,23775.65191969891,1000,0,0,0.0,5.2207205,0.0,0.0,0.0,0.0,21695.651919698917,22476.8985101,45565.65191969891,-23088.75340959891,-21008.753409598918,-23088.75340959891
2025-02-14,22748.5387811,23775.65191969891,0,0,0,0.0,16.259729,0.0,0.0,0.0,0.0,21695.651919698917,22748.5387811,45875.65191969891,-23127.11313859891,1052.8868614010826,-1027.1131385989102
2025-02-17,260.8539564999992,23775.65191969891,1000,0,0,0.0,5.2248246,0.0,0.0,0.0,0.0,21695.651919698917,23160.8539565,46675.65191969891,-23514.79796319891,-21434.79796319892,-23514.79796319891
2025-02-18,22901.6187233,23775.65191969891,0,0,0,0.0,16.5552332,0.0,0.0,0.0,0.0,21695.651919698917,22901.6187233,46455.65191969891,-23554.033196398912,1205.9668036010808,-874.033196398912
2025-02-19,273.79249730000083,23775.65191969891,1000,0,0,0.0,5.226226,0.0,0.0,0.0,0.0,21695.651919698917,23513.7924973,47015.65191969891,-23501.85942239891,-21421.859422398917,-23501.85942239891
2025-02-20,22854.647833500003,23775.65191969891,0,0,0,0.0,16.5246638,0.0,0.0,0.0,0.0,21695.651919698917,22854.647833500003,46395.65191969891,-23541.004086198907,1158.9959138010854,-921.0040861989073
2025-02-21,0.0,23819.103014898905,1000,0,0,0.0,5.2289287,0.0,0.0,0.0,43.4510951999946,21739.103014898912,23200.0,47019.10301489891,-23819.10301489891,-21739.103014898912,-23819.103014898905
2025-02-24,23169.9647371,23819.103014898905,0,0,0,0.0,16.825262900000002,0.0,0.0,0.0,0.0,21739.103014898912,23169.9647371,47029.10301489891,-23859.13827779891,1430.861722201087,-649.1382777989056
2025-02-25,341.93650909999997,23819.103014898905,1000,0,0,0.0,5.228228,0.0,0.0,0.0,0.0,21739.103014898912,23421.9365091,46899.10301489891,-23477.16650579891,-21397.166505798912,-23477.166505798905
2025-02-26,23072.565421799998,23819.103014898905,0,0,0,0.0,16.601087300000003,0.0,0.0,0.0,0.0,21739.103014898912,23072.565421799998,46589.10301489891,-23516.53759309891,1333.462406901086,-746.5375930989067
2025-02-27,144.43619279999984,23819.103014898905,1000,0,0,0.0,5.229229,0.0,0.0,0.0,0.0,21739.103014898912,22104.4361928,45779.10301489891,-23674.66682209891,-21594.666822098912,-23674.666822098905
2025-02-28,21297.4500997,23819.103014898905,0,0,0,0.0,15.796093100000002,0.0,0.0,0.0,0.0,21739.103014898912,21297.4500997,45009.10301489891,-23711.65291519891,-441.6529151989125,-2521.6529151989052
2025-03-03,0.0,23918.236828898906,1000,0,0,0.0,5.2139137,0.0,0.0,0.0,99.13381400000071,21838.236828898913,21070.0,44988.23682889891,-23918.23682889891,-21838.236828898913,-23918.236828898906
2025-03-04,21003.2403304,23918.236828898906,0,0,0,0.0,15.7196696,0.0,0.0,0.0,0.0,21838.236828898913,21003.2403304,44958.23682889891,-23954.99649849891,-834.9964984989128,-2914.9964984989056
2025-03-05,0.0,23981.247108898904,1000,0,0,0.0,5.2106104,0.0,0.0,0.0,63.0102799999986,21901.24710889891,21040.0,45021.247108898904,-23981.247108898904,-21901.24710889891,-23981.247108898904
2025-03-06,21282.8176732,23981.247108898904,0,0,0,0.0,15.862326800000002,0.0,0.0,0.0,0.0,21901.24710889891,21282.8176732,45301.247108898904,-24018.429435698905,-618.4294356989121,-2698.429435698905
2025-03-07,126.4761619000019,23981.247108898904,1000,0,0,0.0,5.2115113,0.0,0.0,0.0,0.0,21901.24710889891,20996.476161900002,44851.247108898904,-23854.770946998902,-21774.77094699891,-23854.770946998902
2025-03-10,21119.731587200004,23981.247108898904,0,0,0,0.0,15.714574700000002,0.0,0.0,0.0,0.0,21901.24710889891,21119.731587200004,45011.247108898904,-23891.5155216989,-781.5155216989078,-2861.5155216989006
2025-03-11,483.9152811000058,23981.247108898904,1000,0,0,0.0,5.2063061,0.0,0.0,0.0,0.0,21901.24710889891,21303.915281100006,44801.247108898904,-23497.3318277989,-21417.331827798906,-23497.3318277989
2025-03-12,21357.351845200006,23981.247108898904,0,0,0,0.0,15.653435900000002,0.0,0.0,0.0,0.0,21901.24710889891,21357.351845200006,44891.247108898904,-23533.895263698898,-543.8952636989052,-2623.895263698898
2025-03-13,301.11133490000793,23981.247108898904,1000,0,0,0.0,5.2105103,0.0,0.0,0.0,0.0,21901.24710889891,20971.111334900008,44651.247108898904,-23680.135773998896,-21600.135773998903,-23680.135773998896
2025-03-14,21524.01957750001,23981.247108898904,0,0,0,0.0,15.8317574,0.0,0.0,0.0,0.0,21901.24710889891,21524.01957750001,45241.247108898904,-23717.227531398894,-377.2275313989012,-2457.227531398894
2025-03-17,0.0,24084.043747398893,1000,0,0,0.0,5.216216,0.0,0.0,0.0,102.79663849998906,22004.0437473989,21520.0,45604.04374739889,-24084.043747398893,-22004.0437473989,-24084.043747398893
2025-03-18,21502.485585399998,24084.043747398893,0,0,0,0.0,15.974414600000001,0.0,0.0,0.0,0.0,22004.0437473989,21502.485585399998,45624.04374739889,-24121.558161998895,-501.5581619989025,-2581.5581619988952
2025-03-19,75.8713714000005,24084.043747398893,1000,0,0,0.0,5.214214,0.0,0.0,0.0,0.0,22004.0437473989,21095.8713714,45104.04374739889,-24008.172375998893,-21928.1723759989,-24008.172375998893
2025-03-20,20889.3985049,24084.043747398893,0,0,0,0.0,15.6228665,0.0,0.0,0.0,0.0,22004.0437473989,20889.3985049,44934.04374739889,-24044.645242498893,-1114.6452424989002,-3194.645242498893
2025-03-21,83.41049710000152,24084.043747398893,1000,0,0,0.0,5.2080078,0.0,0.0,0.0,0.0,22004.0437473989,20713.4104971,44714.04374739889,-24000.63325029889,-21920.6332502989,-24000.63325029889
2025-03-24,20886.952725500003,24084.043747398893,0,0,0,0.0,15.617771600000001,0.0,0.0,0.0,0.0,22004.0437473989,20886.952725500003,44924.04374739889,-24037.09102189889,-1117.0910218988975,-3197.09102189889
2025-03-25,70.95461760000398,24084.043747398893,1000,0,0,0.0,5.2081079,0.0,0.0,0.0,0.0,22004.0437473989,20580.954617600004,44594.04374739889,-24013.08912979889,-21933.089129798896,-24013.08912979889
2025-03-26,20415.191211400004,24084.043747398893,0,0,0,0.0,15.3834062,0.0,0.0,0.0,0.0,22004.0437473989,20415.191211400004,44464.04374739889,-24048.85253599889,-1588.8525359988962,-3668.852535998889
2025-03-27,179.7789093000065,24084.043747398893,1000,0,0,0.0,5.2023021,0.0,0.0,0.0,0.0,22004.0437473989,20399.778909300006,44304.04374739889,-23904.264838098887,-21824.264838098894,-23904.264838098887
2025-03-28,20124.619299100006,24084.043747398893,0,0,0,0.0,15.1796102,0.0,0.0,0.0,0.0,22004.0437473989,20124.619299100006,44064.04374739889,-23939.424448298887,-1879.4244482988943,-3959.424448298887
2025-03-31,299.6211011000087,24084.043747398893,1000,0,0,0.0,5.198198,0.0,0.0,0.0,0.0,22004.0437473989,20159.62110110001,43944.04374739889,-23784.422646298885,-21704.42264629889,-23784.422646298885
2025-04-01,20284.40111130001,24084.043747398893,0,0,0,0.0,15.1999898,0.0,0.0,0.0,0.0,22004.0437473989,20284.40111130001,44104.04374739889,-23819.642636098884,-1719.6426360988917,-3799.6426360988844
2025-04-02,309.2514118000108,24084.043747398893,1000,0,0,0.0,5.1996995,0.0,0.0,0.0,0.0,22004.0437473989,20309.25141180001,44084.04374739889,-23774.792335598882,-21694.79233559889,-23774.792335598882
2025-04-03,19325.49562730001,24084.043747398893,0,0,0,0.0,14.705784500000002,0.0,0.0,0.0,0.0,22004.0437473989,19325.49562730001,43134.04374739889,-23808.548120098883,-2678.5481200988906,-4758.548120098883
2025-04-07,2153.1739558000118,24084.043747398893,1000,0,0,0.0,5.1716715,0.0,0.0,0.0,0.0,22004.0437473989,19303.17395580001,41234.04374739889,-21930.86979159888,-19850.86979159889,-21930.86979159888
2025-04-08,2153.1739558000118,24084.043747398893,1000,0,0,0.0,0.0,0.0,0.0,0.0,0.0,22004.0437473989,17593.17395580001,39524.04374739889,-21930.86979159888,-19850.86979159889,-21930.86979159888
2025-04-09,18453.523984100008,24084.043747398893,0,0,0,0.0,13.3199717,0.0,0.0,0.0,0.0,22004.0437473989,18453.523984100008,40414.04374739889,-21960.519763298886,-3550.519763298893,-5630.519763298886
2025-04-10,530.4448051000109,24084.043747398893,1000,0,0,0.0,5.179179,0.0,0.0,0.0,0.0,22004.0437473989,18490.44480510001,42044.04374739889,-23553.598942298882,-21473.59894229889,-23553.598942298882
2025-04-11,18298.575883100013,24084.043747398893,0,0,0,0.0,14.068922,0.0,0.0,0.0,0.0,22004.0437473989,18298.575883100013,41884.04374739889,-23585.46786429888,-3705.4678642988874,-5785.46786429888
2025-04-14,0.0,24209.05204829888,1000,0,0,0.0,5.184184,0.0,0.0,0.0,125.00830089998635,22129.052048298887,17920.0,42129.05204829888,-24209.05204829888,-22129.052048298887,-24209.05204829888
2025-04-15,18067.678231,24209.05204829888,0,0,0,0.0,14.221769000000002,0.0,0.0,0.0,0.0,22129.052048298887,18067.678231,42309.05204829888,-24241.373817298878,-4061.373817298885,-6141.373817298878
2025-04-16,44.498051000005944,24209.05204829888,1000,0,0,0.0,5.18018,0.0,0.0,0.0,0.0,22129.052048298887,17544.498051000006,41709.05204829888,-24164.553997298874,-22084.55399729888,-24164.553997298874
2025-04-17,17413.232925000004,24209.05204829888,0,0,0,0.0,13.865126,0.0,0.0,0.0,0.0,22129.052048298887,17413.232925000004,41609.05204829888,-24195.819123298876,-4715.819123298883,-6795.819123298876
2025-04-18,0.0,24218.393297298873,1000,0,0,0.0,5.174174,0.0,0.0,0.0,9.341248999993695,22138.39329729888,17560.0,41778.39329729887,-24218.39329729887,-22138.39329729888,-24218.393297298873
2025-04-21,17778.1159831,24218.393297298873,0,0,0,0.0,14.0740169,0.0,0.0,0.0,0.0,22138.39329729888,17778.1159831,42028.39329729887,-24250.27731419887,-4360.27731419888,-6440.277314198873
2025-04-22,55.238806100001966,24218.393297298873,1000,0,0,0.0,5.177177,0.0,0.0,0.0,0.0,22138.39329729888,17835.238806100002,41998.39329729887,-24163.154491198868,-22083.15449119888,-24163.15449119887
2025-04-23,18262.7057085,24218.393297298873,0,0,0,0.0,14.2930976,0.0,0.0,0.0,0.0,22138.39329729888,18262.7057085,42458.39329729887,-24195.687588798868,-3875.687588798879,-5955.687588798872
2025-04-24,0.0,24239.13037139887,1000,0,0,0.0,5.1827826,0.0,0.0,0.0,20.7370740999977,22159.13037139888,17920.0,42159.130371398875,-24239.130371398875,-22159.13037139888,-24239.13037139887
2025-04-25,18207.4669024,24239.13037139887,0,0,0,0.0,14.2930976,0.0,0.0,0.0,0.0,22159.13037139888,18207.4669024,42479.130371398875,-24271.663468998875,-3951.6634689988787,-6031.663468998871
2025-04-28,0.0,24315.10625159887,1000,0,0,0.0,5.1827826,0.0,0.0,0.0,75.97588019999966,22235.106251598878,18000.0,42315.106251598874,-24315.106251598874,-22235.106251598878,-24315.10625159887
2025-04-29,18057.6933259,24315.10625159887,0,0,0,0.0,14.2166741,0.0,0.0,0.0,0.0,22235.106251598878,18057.6933259,42405.106251598874,-24347.412925698874,-4177.412925698878,-6257.412925698871
2025-04-30,0.0,24530.845608198866,1000,0,0,0.0,5.1826825,0.0,0.0,0.0,215.73935659999552,22450.845608198873,18060.0,42590.84560819887,-24530.84560819887,-22450.845608198873,-24530.845608198866
2025-05-06,18776.6064931,24530.845608198866,0,0,0,0.0,14.5835069,0.0,0.0,0.0,0.0,22450.845608198873,18776.6064931,43340.84560819887,-24564.23911509887,-3674.2391150988733,-5754.239115098866
2025-05-07,0.0,24868.520205998862,1000,0,0,0.0,5.1910909,0.0,0.0,0.0,337.67459779999626,22788.52020599887,18630.0,43498.520205998866,-24868.520205998866,-22788.52020599887,-24868.520205998862
2025-05-08,18996.274405300002,24868.520205998862,0,0,0,0.0,14.695594700000001,0.0,0.0,0.0,0.0,22788.52020599887,18996.274405300002,43898.520205998866,-24902.245800698864,-3792.2458006988672,-5872.24580069886
2025-05-09,62.175116200007324,24868.520205998862,1000,0,0,0.0,5.1892891,0.0,0.0,0.0,0.0,22788.52020599887,18752.175116200007,43558.520205998866,-24806.34508979886,-22726.345089798862,-24806.345089798855
2025-05-12,19298.08724390001,24868.520205998862,0,0,0,0.0,14.817872300000001,0.0,0.0,0.0,0.0,22788.52020599887,19298.08724390001,44138.520205998866,-24840.432962098857,-3490.432962098861,-5570.432962098854
2025-05-13,0.0,25395.43116009885,1000,0,0,0.0,5.198198,0.0,0.0,0.0,526.9109540999889,23315.43116009886,19090.0,44485.43116009885,-25395.43116009885,-23315.43116009886,-25395.43116009885
2025-05-14,19515.4894705,25395.43116009885,0,0,0,0.0,14.960529500000002,0.0,0.0,0.0,0.0,23315.43116009886,19515.4894705,44945.43116009885,-25429.94168959885,-3799.941689598858,-5879.941689598851
2025-05-15,0.0,25464.69748519885,1000,0,0,0.0,5.1957956,0.0,0.0,0.0,69.26632509999763,23384.697485198856,19100.0,44564.69748519885,-25464.69748519885,-23384.697485198856,-25464.69748519885
2025-05-16,19185.9876022,25464.69748519885,0,0,0,0.0,14.7923978,0.0,0.0,0.0,0.0,23384.697485198856,19185.9876022,44684.69748519885,-25498.70988299885,-4198.709882998857,-6278.70988299885
2025-05-19,101.73681159999978,25464.69748519885,1000,0,0,0.0,5.1907906,0.0,0.0,0.0,0.0,23384.697485198856,19151.7368116,44514.69748519885,-25362.96067359885,-23282.960673598856,-25362.96067359885
2025-05-20,19127.965932199997,25464.69748519885,0,0,0,0.0,14.7108794,0.0,0.0,0.0,0.0,23384.697485198856,19127.965932199997,44524.69748519885,-25396.731552998852,-4256.731552998859,-6336.731552998852
2025-05-21,43.71514159999788,25464.69748519885,1000,0,0,0.0,5.1907906,0.0,0.0,0.0,0.0,23384.697485198856,19013.715141599998,44434.69748519885,-25420.98234359885,-23340.98234359886,-25420.98234359885
2025-05-22,19059.959357099997,25464.69748519885,0,0,0,0.0,14.705784500000002,0.0,0.0,0.0,0.0,23384.697485198856,19059.959357099997,44514.69748519885,-25454.738128098852,-4324.738128098859,-6404.738128098852
2025-05-23,0.0,25509.00911889885,1000,0,0,0.0,5.1909908,0.0,0.0,0.0,44.31163370000286,23429.00911889886,18790.0,44299.00911889885,-25509.00911889885,-23429.00911889886,-25509.00911889885
2025-05-26,18726.6819676,25509.00911889885,0,0,0,0.0,14.558032400000002,0.0,0.0,0.0,0.0,23429.00911889886,18726.6819676,44269.00911889885,-25542.32715129885,-4702.327151298858,-6782.32715129885
2025-05-27,0.0,25566.27493889885,1000,0,0,0.0,5.1877876,0.0,0.0,0.0,57.26581999999689,23486.274938898856,18470.0,44036.274938898845,-25566.274938898845,-23486.274938898856,-25566.27493889885
2025-05-28,18546.9536758,25566.27493889885,0,0,0,0.0,14.466324199999999,0.0,0.0,0.0,0.0,23486.274938898856,18546.9536758,44146.274938898845,-25599.321263098846,-4939.321263098856,-7019.321263098849
2025-05-29,0.0,25853.319551198845,1000,0,0,0.0,5.1882881,0.0,0.0,0.0,287.0446122999965,23773.319551198852,19700.0,45553.319551198845,-25853.319551198845,-23773.319551198852,-25853.319551198845
2025-05-30,18896.4253543,25853.319551198845,0,0,0,0.0,14.6446457,0.0,0.0,0.0,0.0,23773.319551198852,18896.4253543,44783.319551198845,-25886.894196898844,-4876.894196898851,-6956.894196898844
2025-06-03,52.416966100001446,25853.319551198845,1000,0,0,0.0,5.1883882,0.0,0.0,0.0,0.0,23773.319551198852,18842.4169661,44643.319551198845,-25800.902585098844,-23720.90258509885,-25800.902585098844
2025-06-04,19448.0875754,25853.319551198845,0,0,0,0.0,14.899390700000001,0.0,0.0,0.0,0.0,23773.319551198852,19448.0875754,45283.319551198845,-25835.231975798844,-4325.231975798852,-6405.231975798844
2025-06-05,43.51358160000382,25853.319551198845,1000,0,0,0.0,5.1939938,0.0,0.0,0.0,0.0,23773.319551198852,20603.513581600004,46413.319551198845,-25809.80596959884,-23729.80596959885,-25809.80596959884
2025-06-06,20317.8558397,25853.319551198845,0,0,0,0.0,15.3477419,0.0,0.0,0.0,0.0,23773.319551198852,20317.8558397,46163.319551198845,-25845.463711498844,-3455.463711498851,-5535.463711498844
2025-06-09,0.0,26081.18911669884,1000,0,0,0.0,5.2054052,0.0,0.0,0.0,227.86956549999377,24001.189116698846,20430.0,46511.189116698835,-26081.189116698835,-24001.189116698846,-26081.18911669884
2025-06-10,20124.5686816,26081.18911669884,0,0,0,0.0,15.2713184,0.0,0.0,0.0,0.0,24001.189116698846,20124.5686816,46241.189116698835,-26116.620435098834,-3876.6204350988446,-5956.620435098837
2025-06-11,0.0,26232.073137598833,1000,0,0,0.0,5.2027025,0.0,0.0,0.0,150.88402089999363,24152.07313759884,20400.0,46632.07313759883,-26232.073137598833,-24152.07313759884,-26232.073137598833
2025-06-12,20623.8139366,26232.073137598833,0,0,0,0.0,15.5260634,0.0,0.0,0.0,0.0,24152.07313759884,20623.8139366,46892.07313759883,-26268.259200998833,-3528.2592009988402,-5608.259200998833
2025-06-13,0.0,26234.06540699883,1000,0,0,0.0,5.206206,0.0,0.0,0.0,1.9922693999978947,24154.065406998838,20900.0,47134.06540699883,-26234.06540699883,-24154.065406998838,-26234.06540699883
2025-06-16,21182.9686222,26234.06540699883,0,0,0,0.0,15.8113778,0.0,0.0,0.0,0.0,24154.065406998838,21182.9686222,47454.06540699883,-26271.096784798832,-2971.0967847988395,-5051.096784798832
2025-06-17,0.0,26387.62009789883,1000,0,0,0.0,5.2133131,0.0,0.0,0.0,153.55469090000042,24307.620097898838,20600.0,46987.620097898835,-26387.620097898835,-24307.620097898838,-26387.62009789883
2025-06-18,21123.0591916,26387.62009789883,0,0,0,0.0,15.780808400000002,0.0,0.0,0.0,0.0,24307.620097898838,21123.0591916,47547.620097898835,-26424.560906298833,-3184.560906298837,-5264.56090629883
2025-06-19,0.0,26390.87211729883,1000,0,0,0.0,5.211211,0.0,0.0,0.0,3.2520193999989715,24310.872117298837,20810.0,47200.87211729883,-26390.87211729883,-24310.872117298837,-26390.87211729883
2025-06-20,20553.9196009,26390.87211729883,0,0,0,0.0,15.490399100000001,0.0,0.0,0.0,0.0,24310.872117298837,20553.9196009,46980.87211729883,-26426.95251639883,-3756.9525163988365,-5836.952516398829
2025-06-23,98.28509660000418,26390.87211729883,1000,0,0,0.0,5.2045043,0.0,0.0,0.0,0.0,24310.872117298837,20298.285096600004,46590.87211729883,-26292.587020698826,-24212.587020698833,-26292.587020698826
2025-06-24,20352.6575445,26390.87211729883,0,0,0,0.0,15.3375521,0.0,0.0,0.0,0.0,24310.872117298837,20352.6575445,46680.87211729883,-26328.214572798828,-3958.2145727988354,-6038.214572798828
2025-06-25,0.0,26553.909677698826,1000,0,0,0.0,5.2051049,0.0,0.0,0.0,163.03756039999644,24473.909677698834,20980.0,47533.90967769883,-26553.90967769883,-24473.909677698834,-26553.909677698826
2025-06-26,21003.2403304,26553.909677698826,0,0,0,0.0,15.7196696,0.0,0.0,0.0,0.0,24473.909677698834,21003.2403304,47593.90967769883,-26590.66934729883,-3470.6693472988336,-5550.669347298826
2025-06-27,0.0,26616.919957698825,1000,0,0,0.0,5.2106104,0.0,0.0,0.0,63.0102799999986,24536.919957698832,21350.0,47966.919957698825,-26616.919957698825,-24536.919957698832,-26616.919957698825
2025-06-30,21342.7271038,26616.919957698825,0,0,0,0.0,15.892896200000001,0.0,0.0,0.0,0.0,24536.919957698832,21342.7271038,47996.919957698825,-26654.192853898825,-3194.1928538988323,-5274.192853898825
2025-07-01,56.254291200002626,26616.919957698825,1000,0,0,0.0,5.2128126,0.0,0.0,0.0,0.0,24536.919957698832,21456.254291200003,48016.919957698825,-26560.665666498822,-24480.66566649883,-26560.665666498822
2025-07-02,21179.313482800004,26616.919957698825,0,0,0,0.0,15.780808400000002,0.0,0.0,0.0,0.0,24536.919957698832,21179.313482800004,47776.919957698825,-26597.60647489882,-3357.6064748988283,-5437.606474898821
2025-07-03,0.0,26724.07928749882,1000,0,0,0.0,5.2128126,0.0,0.0,0.0,107.15932979999343,24644.079287498826,23280.0,50004.07928749882,-26724.07928749882,-24644.079287498826,-26724.07928749882
2025-07-04,23769.0590431,26724.07928749882,0,0,0,0.0,17.1309569,0.0,0.0,0.0,0.0,24644.079287498826,23769.0590431,50534.07928749882,-26765.02024439882,-875.0202443988273,-2955.02024439882
2025-07-07,0.0,26784.058482398817,1000,0,0,0.0,5.238238,0.0,0.0,0.0,59.97919489999913,24704.058482398825,23980.0,50764.05848239882,-26784.058482398817,-24704.058482398825,-26784.058482398817
2025-07-08,26335.179653799998,26784.058482398817,0,0,0,0.0,18.4403462,0.0,0.0,0.0,0.0,24704.058482398825,26335.179653799998,53164.05848239882,-26828.87882859882,1631.1211714011733,-448.8788285988194
2025-07-09,0.0,27481.149098598817,1000,0,0,0.0,5.27027,0.0,0.0,0.0,697.0906161999992,25401.149098598824,26600.0,54081.14909859882,-27481.14909859882,-25401.149098598824,-27481.149098598817
2025-07-10,26115.5117416,27481.149098598817,0,0,0,0.0,18.328258400000003,0.0,0.0,0.0,0.0,25401.149098598824,26115.5117416,53641.14909859882,-27525.63735699882,714.3626430011755,-1365.6373569988173
2025-07-11,0.0,27496.998617998815,1000,0,0,0.0,5.261261,0.0,0.0,0.0,15.849519399998826,25416.998617998823,26000.0,53496.99861799882,-27496.99861799882,-25416.998617998823,-27496.998617998815
2025-07-14,25875.8740192,27496.998617998815,0,0,0,0.0,18.205980800000003,0.0,0.0,0.0,0.0,25416.998617998823,25875.8740192,53416.99861799882,-27541.12459879882,458.87540120117774,-1621.124598798815
2025-07-15,0.0,27952.68786179881,1000,0,0,0.0,5.263263,0.0,0.0,0.0,455.6892437999959,25872.68786179882,27250.0,55202.68786179881,-27952.68786179881,-25872.68786179882,-27952.68786179881
2025-07-16,26684.6513323,27952.68786179881,0,0,0,0.0,18.618667700000003,0.0,0.0,0.0,0.0,25872.68786179882,26684.6513323,54682.68786179881,-27998.03652949881,811.9634705011813,-1268.0365294988114
2025-07-17,22.754766000001837,27952.68786179881,1000,0,0,0.0,5.2665663,0.0,0.0,0.0,0.0,25872.68786179882,27522.754766000002,55452.68786179881,-27929.93309579881,-25849.933095798817,-27929.93309579881
2025-07-18,27086.832492100002,27952.68786179881,0,0,0,0.0,18.8122739,0.0,0.0,0.0,0.0,25872.68786179882,27086.832492100002,55062.68786179881,-27975.85536969881,1214.1446303011835,-865.8553696988092
2025-07-21,54.562222100004874,27952.68786179881,1000,0,0,0.0,5.27027,0.0,0.0,0.0,0.0,25872.68786179882,27074.562222100005,54972.68786179881,-27898.125639698806,-25818.125639698814,-27898.125639698806
2025-07-22,26968.866371700005,27952.68786179881,0,0,0,0.0,18.735850400000004,0.0,0.0,0.0,0.0,25872.68786179882,26968.866371700005,54912.68786179881,-27943.821490098806,1096.1785099011868,-983.821490098806
2025-07-23,437.1011067000072,27952.68786179881,1000,0,0,0.0,5.265265,0.0,0.0,0.0,0.0,25872.68786179882,27017.101106700007,54532.68786179881,-27515.586755098804,-25435.58675509881,-27515.586755098804
2025-07-24,28839.156116200007,27952.68786179881,0,0,0,0.0,19.4949905,0.0,0.0,0.0,0.0,25872.68786179882,28839.156116200007,56402.68786179881,-27563.531745598804,2966.4682544011885,886.4682544011957
2025-07-25,355.42133170001034,27952.68786179881,1000,0,0,0.0,5.2847845,0.0,0.0,0.0,0.0,25872.68786179882,29015.42133170001,56612.68786179881,-27597.2665300988,-25517.26653009881,-27597.2665300988
2025-07-28,29875.78571240001,27952.68786179881,0,0,0,0.0,20.0656193,0.0,0.0,0.0,0.0,25872.68786179882,29875.78571240001,57522.68786179881,-27646.9021493988,4003.0978506011925,1923.0978506011998
2025-07-29,280.9298168000132,27952.68786179881,1000,0,0,0.0,5.2958956,0.0,0.0,0.0,0.0,25872.68786179882,31470.929816800013,59142.68786179881,-27671.758044998798,-25591.758044998805,-27671.758044998798
2025-07-30,33505.69398960001,27952.68786179881,0,0,0,0.0,21.9558272,0.0,0.0,0.0,0.0,25872.68786179882,33505.69398960001,61232.68786179881,-27726.9938721988,7633.006127801193,5553.0061278012
2025-07-31,207.1010570000144,28592.68786179881,1000,0,0,0.0,5.3329326,0.0,0.0,640.0,0.0,25872.68786179882,34817.101057000014,63202.68786179881,-28385.586804798797,-25665.586804798804,-28385.586804798797
2025-08-01,33152.28788700001,28592.68786179881,0,0,0,0.0,21.81317,0.0,0.0,0.0,0.0,25872.68786179882,33152.28788700001,61592.68786179881,-28440.3999747988,7279.6000252011945,4559.600025201202
2025-08-04,714.5635630000143,28592.68786179881,1000,0,0,0.0,5.324324,0.0,0.0,0.0,0.0,25872.68786179882,33684.56356300002,61562.68786179881,-27878.124298798793,-25158.124298798804,-27878.124298798797
2025-08-05,35706.655938500015,28592.68786179881,0,0,0,0.0,22.8576245,0.0,0.0,0.0,0.0,25872.68786179882,35706.655938500015,63642.68786179881,-27936.031923298797,9833.968076701196,7113.968076701203
2025-08-06,1567.2145975000167,28592.68786179881,1000,0,0,0.0,5.341341,0.0,0.0,0.0,0.0,25872.68786179882,35867.21459750002,62892.68786179881,-27025.473264298795,-24305.473264298802,-27025.473264298795
2025-08-07,37158.40127900001,28592.68786179881,0,0,0,0.0,23.1633185,0.0,0.0,0.0,0.0,25872.68786179882,37158.40127900001,64242.68786179881,-27084.2865827988,11285.713417201194,8565.713417201201
2025-08-08,1387.3136217000138,28592.68786179881,1000,0,0,0.0,5.3576573,0.0,0.0,0.0,0.0,25872.68786179882,37977.313621700014,65182.68786179881,-27205.374240098798,-24485.374240098805,-27205.374240098798
2025-08-11,37677.44366020001,28592.68786179881,0,0,0,0.0,23.5199615,0.0,0.0,0.0,0.0,25872.68786179882,37677.44366020001,64942.68786179881,-27265.244201598798,11804.755798401195,9084.755798401202
2025-08-12,1165.6085955000162,28592.68786179881,1000,0,0,0.0,5.3650647,0.0,0.0,0.0,0.0,25872.68786179882,40875.608595500016,68302.68786179881,-27427.079266298795,-24707.079266298802,-27427.079266298795
2025-08-13,44773.765714572015,28592.68786179881,0,0,0,0.0,28.162880928,0.0,0.0,0.0,0.0,25872.68786179882,44773.765714572015,72272.68786179881,-27498.922147226796,18901.077852773196,16181.077852773204
2025-08-14,763.4075387880221,28592.68786179881,1000,0,0,0.0,6.398175783999999,0.0,0.0,0.0,0.0,25872.68786179882,43983.40753878802,71812.68786179881,-27829.28032301079,-25109.280323010797,-27829.28032301079
2025-08-15,45549.62384743202,28592.68786179881,0,0,0,0.0,28.923691356,0.0,0.0,0.0,0.0,25872.68786179882,45549.62384743202,73452.68786179881,-27903.06401436679,19676.9359856332,16956.93598563321
2025-08-18,698.3034135120251,28592.68786179881,1000,0,0,0.0,6.520433919999999,0.0,0.0,0.0,0.0,25872.68786179882,45158.303413512025,73052.68786179881,-27894.384448286786,-25174.384448286793,-27894.384448286786
2025-08-19,49527.858466026024,28592.68786179881,0,0,0,0.0,31.534947486,0.0,0.0,0.0,0.0,25872.68786179882,49527.858466026024,77502.68786179881,-27974.829395772787,23655.170604227205,20935.170604227213
2025-08-20,2974.59060492603,28592.68786179881,1000,0,0,0.0,6.767861099999999,0.0,0.0,0.0,0.0,25872.68786179882,50884.59060492603,76502.68786179881,-25618.09725687278,-22898.09725687279,-25618.09725687278
2025-08-21,48190.09966909203,28592.68786179881,0,0,0,0.0,29.200935834000003,0.0,0.0,0.0,0.0,25872.68786179882,48190.09966909203,73882.68786179881,-25692.588192706782,22317.41180729321,19597.411807293218
2025-08-22,3639.122898792033,28592.68786179881,1000,0,0,0.0,6.4767703,0.0,0.0,0.0,0.0,25872.68786179882,49469.12289879203,74422.68786179881,-24953.56496300678,-22233.564963006786,-24953.56496300678
2025-08-25,51560.174677992036,28592.68786179881,0,0,0,0.0,30.948220800000005,0.0,0.0,0.0,0.0,25872.68786179882,51560.174677992036,76592.68786179881,-25032.513183806775,25687.486816193217,22967.486816193225
2025-08-26,4626.47150964004,28592.68786179881,1000,0,0,0.0,6.823168352000001,0.0,0.0,0.0,0.0,25872.68786179882,50106.47150964004,74072.68786179881,-23966.21635215877,-21246.21635215878,-23966.21635215877
2025-08-27,50271.27332932804,28592.68786179881,0,0,0,0.0,29.478180312000003,0.0,0.0,0.0,0.0,25872.68786179882,50271.27332932804,74312.68786179881,-24041.41453247077,24398.58546752922,21678.58546752923
2025-08-28,5620.182004488044,28592.68786179881,1000,0,0,0.0,6.49132484,0.0,0.0,0.0,0.0,25872.68786179882,54560.182004488044,77532.68786179881,-22972.505857310767,-20252.505857310774,-22972.505857310767
2025-08-29,59361.64486437004,28592.68786179881,0,0,0,0.0,34.707140118,0.0,0.0,0.0,0.0,25872.68786179882,59361.64486437004,82422.68786179881,-23061.04299742877,33488.957002571224,30768.95700257123
2025-09-01,5309.7968682240535,28592.68786179881,1000,0,0,0.0,7.857996146,0.0,0.0,0.0,0.0,25872.68786179882,60929.79686822405,84212.68786179881,-23282.890993574758,-20562.890993574765,-23282.890993574758
2025-09-02,59101.17749037606,28592.68786179881,0,0,0,0.0,34.739377848000004,0.0,0.0,0.0,0.0,25872.68786179882,59101.17749037606,82472.68786179881,-23371.51037142275,33228.48962857724,30508.48962857725
2025-09-03,5159.455504224061,28592.68786179881,1000,0,0,0.0,7.8419861520000005,0.0,0.0,0.0,0.0,25872.68786179882,59399.45550422406,82832.68786179881,-23433.23235757475,-20713.232357574758,-23433.23235757475
2025-09-04,58202.06969232606,28592.68786179881,0,0,0,0.0,34.255811898000005,0.0,0.0,0.0,0.0,25872.68786179882,58202.06969232606,81722.68786179881,-23520.61816947275,32329.381830527243,29609.38183052725
2025-09-05,4841.012122506065,28592.68786179881,1000,0,0,0.0,7.7575698200000005,0.0,0.0,0.0,0.0,25872.68786179882,60671.012122506065,84422.68786179881,-23751.675739292747,-21031.675739292754,-23751.675739292747
2025-09-08,56156.471736066065,28592.68786179881,0,0,0,0.0,33.14038644,0.0,0.0,0.0,0.0,25872.68786179882,56156.471736066065,79992.68786179881,-23836.216125732746,30283.783874267247,27563.783874267254
2025-09-09,5698.7362479060685,28592.68786179881,1000,0,0,0.0,7.33548816,0.0,0.0,0.0,0.0,25872.68786179882,54488.73624790607,77382.68786179881,-22893.951613892743,-20173.95161389275,-22893.951613892743
2025-09-10,59280.46226852407,28592.68786179881,0,0,0,0.0,34.603979382000006,0.0,0.0,0.0,0.0,25872.68786179882,59280.46226852407,82262.68786179881,-22982.225593274743,33407.77440672525,30687.774406725257
2025-09-11,3416.540835204076,28592.68786179881,1000,0,0,0.0,8.12143332,0.0,0.0,0.0,0.0,25872.68786179882,62456.540835204076,87632.68786179881,-25176.147026594736,-22456.147026594743,-25176.147026594736
2025-09-12,65214.730525464074,28592.68786179881,0,0,0,0.0,39.91030974,0.0,0.0,0.0,0.0,25872.68786179882,65214.730525464074,90492.68786179881,-25277.957336334737,39342.042663665256,36622.04266366526
2025-09-15,5145.99780146408,28592.68786179881,1000,0,0,0.0,8.732724,0.0,0.0,0.0,0.0,25872.68786179882,65045.99780146408,88492.68786179881,-23446.69006033473,-20726.69006033474,-23446.69006033473
2025-09-16,64777.75660920607,28592.68786179881,0,0,0,0.0,38.511192258,0.0,0.0,0.0,0.0,25872.68786179882,64777.75660920607,88322.68786179881,-23544.931252592738,38905.068747407255,36185.06874740726
2025-09-17,5810.283985146081,28592.68786179881,1000,0,0,0.0,8.572624059999999,0.0,0.0,0.0,0.0,25872.68786179882,66930.28398514609,89712.68786179881,-22782.403876652723,-20062.403876652737,-22782.40387665273
2025-09-18,70064.42757909009,28592.68786179881,0,0,0,0.0,41.496406056,0.0,0.0,0.0,0.0,25872.68786179882,70064.42757909009,92952.68786179881,-22888.260282708725,44191.73971729127,41471.739717291275
2025-09-19,4349.233979034092,28592.68786179881,1000,0,0,0.0,9.553600056,0.0,0.0,0.0,0.0,25872.68786179882,70449.23397903409,94692.68786179881,-24243.45388276472,-21523.453882764727,-24243.45388276472
2025-09-22,74733.27877973409,28592.68786179881,0,0,0,0.0,45.455199300000004,0.0,0.0,0.0,0.0,25872.68786179882,74733.27877973409,99092.68786179881,-24359.409082064725,48860.59091793527,46140.590917935275
2025-09-23,0.0,28665.004234352717,1000,0,0,0.0,10.875152287999999,0.0,0.0,0.0,72.31637255390524,25945.004234352724,70870.0,99535.00423435272,-28665.004234352717,-25945.004234352724,-28665.004234352717
2025-09-24,68517.120491802,28665.004234352717,0,0,0,0.0,44.249508198,0.0,0.0,0.0,0.0,25945.004234352724,68517.120491802,97295.00423435272,-28777.883742550723,42572.11625744927,39852.11625744928
2025-09-25,559.3608700500045,28665.004234352717,1000,0,0,0.0,9.879621752,0.0,0.0,0.0,0.0,25945.004234352724,69019.36087005,97125.00423435272,-28105.643364302712,-25385.64336430272,-28105.643364302712
2025-09-26,65322.66563914801,28665.004234352717,0,0,0,0.0,41.825230902,0.0,0.0,0.0,0.0,25945.004234352724,65322.66563914801,93535.00423435273,-28212.338595204725,39377.66140479528,36657.66140479529
2025-09-29,398.3770199580249,28665.004234352717,1000,0,0,0.0,9.438619189999997,0.0,0.0,0.0,0.0,25945.004234352724,66978.37701995802,95245.00423435272,-28266.6272143947,-25546.6272143947,-28266.62721439469
2025-09-30,66299.80676881204,28665.004234352717,0,0,0,0.0,42.560251146000006,0.0,0.0,0.0,0.0,25945.004234352724,66299.80676881204,94675.00423435272,-28375.19746554068,40354.80253445931,37634.80253445932
2025-10-09,0.0,29552.07501733466,1000,0,0,0.0,9.767551794,0.0,0.0,0.0,887.0707829819439,26832.075017334668,68450.0,98002.07501733466,-29552.07501733466,-26832.075017334668,-29552.07501733466
2025-10-10,66300.771847014,29552.07501733466,0,0,0,0.0,42.818152986,0.0,0.0,0.0,0.0,26832.075017334668,66300.771847014,95962.07501733466,-29661.303170320665,39468.69682967933,36748.696829679335
2025-10-13,5230.893577614006,29552.07501733466,1000,0,0,0.0,8.878269399999999,0.0,0.0,0.0,0.0,26832.075017334668,68710.89357761401,93032.07501733466,-24321.181439720647,-21601.18143972066,-24321.181439720654
2025-10-14,64852.668832902,29552.07501733466,0,0,0,0.0,38.504744712000004,0.0,0.0,0.0,0.0,26832.075017334668,64852.668832902,89272.07501733466,-24419.406184432657,38020.593815567336,35300.59381556734
2025-10-15,5064.256861614012,29552.07501733466,1000,0,0,0.0,8.691971288,0.0,0.0,0.0,0.0,26832.075017334668,68444.256861614,92932.07501733466,-24487.818155720655,-21767.818155720655,-24487.818155720648
2025-10-16,68549.66691660002,29552.07501733466,0,0,0,0.0,40.999945014000005,0.0,0.0,0.0,0.0,26832.075017334668,68549.66691660002,93142.07501733466,-24592.40810073464,41717.59189926535,38997.59189926536
2025-10-17,5477.497556400027,29552.07501733466,1000,0,0,0.0,9.1693602,0.0,0.0,0.0,0.0,26832.075017334668,65487.49755640003,89562.07501733466,-24074.577460934634,-21354.57746093464,-24074.577460934634
2025-10-20,67435.42408592402,29552.07501733466,0,0,0,0.0,40.013470476,0.0,0.0,0.0,0.0,26832.075017334668,67435.42408592402,91612.07501733466,-24176.650931410637,40603.349068589356,37883.34906858936
2025-10-21,4423.323458448031,29552.07501733466,1000,0,0,0.0,9.160627476,0.0,0.0,0.0,0.0,26832.075017334668,72423.32345844802,97552.07501733466,-25128.751558886637,-22408.751558886637,-25128.75155888663
2025-10-22,69775.65782233202,29552.07501733466,0,0,0,0.0,42.205636116,0.0,0.0,0.0,0.0,26832.075017334668,69775.65782233202,95012.07501733466,-25236.417195002636,42943.58280499736,40223.582804997364
2025-10-23,4901.426480412032,29552.07501733466,1000,0,0,0.0,9.43134192,0.0,0.0,0.0,0.0,26832.075017334668,68891.42648041203,93542.07501733466,-24650.64853692263,-21930.648536922636,-24650.64853692263
2025-10-24,72040.81673356204,29552.07501733466,0,0,0,0.0,43.35974685000001,0.0,0.0,0.0,0.0,26832.075017334668,72040.81673356204,96802.07501733466,-24761.258283772622,45208.74171622737,42488.74171622738
2025-10-27,2701.4762591580366,29552.07501733466,1000,0,0,0.0,10.080474404,0.0,0.0,0.0,0.0,26832.075017334668,75461.47625915804,102312.07501733466,-26850.598758176624,-24130.59875817663,-26850.598758176624
2025-10-28,76569.78086630403,29552.07501733466,0,0,0,0.0,47.705392853999996,0.0,0.0,0.0,0.0,26832.075017334668,76569.78086630403,103542.07501733466,-26972.294151030626,49737.705848969366,47017.70584896937
2025-10-29,0.0,31191.784157678616,1000,0,0,0.0,11.370006648,0.0,0.0,0.0,1639.7091403439554,28471.784157678623,80800.0,111991.78415767862,-31191.784157678616,-28471.784157678623,-31191.784157678616
2025-10-30,77841.758483838,31191.784157678616,0,0,0,0.0,50.271516162000005,0.0,0.0,0.0,0.0,28471.784157678623,77841.758483838,109161.78415767862,-31320.025673840617,49369.974326159376,46649.97432615938
2025-10-31,0.0,31389.320937770608,1000,0,0,0.0,11.345263930000002,0.0,0.0,0.0,197.5367800919921,28669.320937770615,72000.0,103389.32093777061,-31389.320937770608,-28669.320937770615,-31389.320937770608
2025-11-03,74766.824328006,31389.320937770608,0,0,0,0.0,48.285671994000005,0.0,0.0,0.0,0.0,28669.320937770615,74766.824328006,106279.32093777061,-31512.49660976461,46097.50339023538,43377.50339023539
2025-11-04,0.0,31478.149039322598,1000,0,0,0.0,10.882429558,0.0,0.0,0.0,88.82810155198968,28758.149039322605,73490.0,104968.1490393226,-31478.149039322598,-28758.149039322605,-31478.149039322598
2025-11-05,75116.248663896,31478.149039322598,0,0,0,0.0,48.511336104,0.0,0.0,0.0,0.0,28758.149039322605,75116.248663896,106718.1490393226,-31601.9003754266,46358.09962457339,43638.0996245734
2025-11-06,0.0,31688.091211322593,1000,0,0,0.0,10.950835896,0.0,0.0,0.0,209.94217199999548,28968.0912113226,76220.0,107908.0912113226,-31688.091211322593,-28968.0912113226,-31688.091211322593
2025-11-07,72580.42634058,31688.091211322593,0,0,0,0.0,46.87365942,0.0,0.0,0.0,0.0,28968.0912113226,72580.42634058,104388.0912113226,-31807.664870742592,43612.3351292574,40892.33512925741
2025-11-10,497.9470717800141,31688.091211322593,1000,0,0,0.0,10.479268799999998,0.0,0.0,0.0,0.0,28968.0912113226,71997.94707178001,103188.0912113226,-31190.14413954258,-28470.144139542586,-31190.14413954258
2025-11-11,68416.05441634201,31688.091211322593,0,0,0,0.0,43.862655438000004,0.0,0.0,0.0,0.0,28968.0912113226,68416.05441634201,99718.0912113226,-31302.03679498058,39447.96320501941,36727.96320501942
2025-11-12,1889.932924512017,31688.091211322593,1000,0,0,0.0,9.671491829999999,0.0,0.0,0.0,0.0,28968.0912113226,70489.93292451202,100288.0912113226,-29798.158286810576,-27078.158286810583,-29798.158286810576
2025-11-13,69768.10605925802,31688.091211322593,0,0,0,0.0,43.836865254,0.0,0.0,0.0,0.0,28968.0912113226,69768.10605925802,99678.0912113226,-29909.985152064575,40800.01484793542,38080.014847935425
2025-11-14,3892.72917193803,31688.091211322593,1000,0,0,0.0,9.57688732,0.0,0.0,0.0,0.0,28968.0912113226,68162.72917193803,95958.09121132258,-27795.36203938455,-25075.36203938457,-27795.362039384563
2025-11-17,68725.91880821402,31688.091211322593,0,0,0,0.0,41.870363724,0.0,0.0,0.0,0.0,28968.0912113226,68725.91880821402,96628.0912113226,-27902.172403108576,39757.82759689142,37037.827596891424
2025-11-18,5003.004843504023,31688.091211322593,1000,0,0,0.0,9.26396471,0.0,0.0,0.0,0.0,28968.0912113226,69723.00484350402,96408.0912113226,-26685.08636781857,-23965.086367818578,-26685.08636781857
2025-11-19,69955.99710922802,31688.091211322593,0,0,0,0.0,41.947734276000006,0.0,0.0,0.0,0.0,28968.0912113226,69955.99710922802,96748.0912113226,-26792.094102094576,40987.90589790542,38267.905897905424
2025-11-20,1818.0312893040245,31688.091211322593,1000,0,0,0.0,9.905819924,0.0,0.0,0.0,0.0,28968.0912113226,67758.03128930402,97628.0912113226,-29870.05992201857,-27150.059922018576,-29870.05992201857
2025-11-21,62388.24402772202,31688.091211322593,0,0,0,0.0,39.117261582000005,0.0,0.0,0.0,0.0,28968.0912113226,62388.24402772202,92358.0912113226,-29969.84718360057,33420.15281639942,30700.15281639943
2025-11-24,1318.3657583220338,31688.091211322593,1000,0,0,0.0,8.878269399999999,0.0,0.0,0.0,0.0,28968.0912113226,57258.365758322034,87628.0912113226,-30369.72545300056,-27649.725453000567,-30369.72545300056
2025-11-25,57835.256200416035,31688.091211322593,0,0,0,0.0,36.499557906,0.0,0.0,0.0,0.0,28968.0912113226,57835.256200416035,88298.0912113226,-30462.835010906558,28867.164989093435,26147.164989093442
2025-11-26,2461.8960843420427,31688.091211322593,1000,0,0,0.0,8.050116073999998,0.0,0.0,0.0,0.0,28968.0912113226,61391.89608434204,90618.0912113226,-29226.19512698055,-26506.195126980558,-29226.19512698055
2025-11-27,62632.76672460005,31688.091211322593,0,0,0,0.0,38.85935974200001,0.0,0.0,0.0,0.0,28968.0912113226,62632.76672460005,91958.0912113226,-29325.324486722544,33664.67551327745,30944.675513277456
2025-11-28,2323.7590697040578,31688.091211322593,1000,0,0,0.0,8.767654895999998,0.0,0.0,0.0,0.0,28968.0912113226,63043.75906970406,92408.0912113226,-29364.332141618535,-26644.332141618543,-29364.332141618535
2025-12-01,62035.38629707806,31688.091211322593,0,0,0,0.0,38.562772626000005,0.0,0.0,0.0,0.0,28968.0912113226,62035.38629707806,91498.0912113226,-29462.704914244532,33067.29508575546,30347.295085755468
2025-12-02,2136.8483157960654,31688.091211322593,1000,0,0,0.0,8.707981282,0.0,0.0,0.0,0.0,28968.0912113226,63096.848315796065,92648.0912113226,-29551.242895526528,-26831.242895526535,-29551.242895526528
2025-12-03,63715.39985206806,31688.091211322593,0,0,0,0.0,39.768463728,0.0,0.0,0.0,0.0,28968.0912113226,63715.39985206806,93368.0912113226,-29652.69135925453,34747.30864074546,32027.30864074547
2025-12-04,2765.6590481160747,31688.091211322593,1000,0,0,0.0,8.860803952,0.0,0.0,0.0,0.0,28968.0912113226,64165.659048116075,93088.0912113226,-28922.43216320652,-26202.432163206526,-28922.43216320652
2025-12-05,63785.13164696407,31688.091211322593,0,0,0,0.0,39.407401152,0.0,0.0,0.0,0.0,28968.0912113226,63785.13164696407,92808.0912113226,-29022.95956435852,34817.04043564147,32097.04043564148
2025-12-08,2965.5397639140792,31688.091211322593,1000,0,0,0.0,8.84188305,0.0,0.0,0.0,0.0,28968.0912113226,66375.53976391407,95098.0912113226,-28722.55144740852,-26002.55144740852,-28722.551447408514
2025-12-09,70843.71289866007,31688.091211322593,0,0,0,0.0,43.836865254,0.0,0.0,0.0,0.0,28968.0912113226,70843.71289866007,99678.0912113226,-28834.37831266252,41875.62168733747,39155.62168733748
2025-12-10,3927.1446441240696,31688.091211322593,1000,0,0,0.0,9.728254536000001,0.0,0.0,0.0,0.0,28968.0912113226,69137.14464412406,96898.09121132258,-27760.946567198524,-25040.94656719853,-27760.946567198524
2025-12-11,66124.67643254407,31688.091211322593,0,0,0,0.0,40.168211580000005,0.0,0.0,0.0,0.0,28968.0912113226,66124.67643254407,93988.0912113226,-27863.41477877852,37156.585221221474,34436.58522122148
2025-12-12,5054.798163144085,31688.091211322593,1000,0,0,0.0,8.878269399999999,0.0,0.0,0.0,0.0,28968.0912113226,66804.79816314409,93438.0912113226,-26633.2930481785,-23913.293048178515,-26633.293048178508
2025-12-15,64097.527376100086,31688.091211322593,0,0,0,0.0,38.130787044,0.0,0.0,0.0,0.0,28968.0912113226,64097.527376100086,90828.0912113226,-26730.563835222507,35129.436164777486,32409.436164777493
2025-12-16,5079.997474770091,31688.091211322593,1000,0,0,0.0,8.57990133,0.0,0.0,0.0,0.0,28968.0912113226,64029.99747477009,90638.0912113226,-26608.093736552502,-23888.09373655251,-26608.093736552502
2025-12-17,66478.8450668701,31688.091211322593,0,0,0,0.0,39.6524079,0.0,0.0,0.0,0.0,28968.0912113226,66478.8450668701,93188.0912113226,-26709.246144452496,37510.7538555475,34790.753855547504
2025-12-18,6850.616382846107,31688.091211322593,1000,0,0,0.0,8.668684024,0.0,0.0,0.0,0.0,28968.0912113226,65130.61638284611,89968.0912113226,-24837.474828476486,-22117.474828476494,-24837.474828476486
2025-12-19,65054.727189666104,31688.091211322593,0,0,0,0.0,37.58919318,0.0,0.0,0.0,0.0,28968.0912113226,65054.727189666104,89988.0912113226,-24933.36402165649,36086.635978343504,33366.63597834351
2025-12-22,5516.601604728108,31688.091211322593,1000,0,0,0.0,8.655584938,0.0,0.0,0.0,0.0,28968.0912113226,66136.60160472812,92308.0912113226,-26171.489606594478,-23451.489606594492,-26171.489606594485
2025-12-23,68273.2123305721,31688.091211322593,0,0,0,0.0,40.529274156,0.0,0.0,0.0,0.0,28968.0912113226,68273.2123305721,94548.0912113226,-26274.87888075049,39305.1211192495,36585.12111924951
2025-12-24,4019.6912268001033,31688.091211322593,1000,0,0,0.0,9.341103772,0.0,0.0,0.0,0.0,28968.0912113226,69159.6912268001,96828.0912113226,-27668.39998452249,-24948.399984522497,-27668.39998452249
2025-12-25,70629.9531998881,31688.091211322593,0,0,0,0.0,43.018026912,0.0,0.0,0.0,0.0,28968.0912113226,70629.9531998881,98408.0912113226,-27778.138011434494,41661.8619885655,38941.861988565506
2025-12-26,4053.7744307881076,31688.091211322593,1000,0,0,0.0,9.6787691,0.0,0.0,0.0,0.0,28968.0912113226,67893.77443078811,95528.0912113226,-27634.316780534486,-24914.316780534493,-27634.316780534486
2025-12-29,69186.4706406841,31688.091211322593,0,0,0,0.0,42.063790104,0.0,0.0,0.0,0.0,28968.0912113226,69186.4706406841,96928.09121132258,-27741.62057063848,40218.3794293615,37498.37942936151
2025-12-30,5313.384844164102,31688.091211322593,1000,0,0,0.0,9.28579652,0.0,0.0,0.0,0.0,28968.0912113226,69543.3848441641,95918.09121132261,-26374.706367158506,-23654.7063671585,-26374.70636715849
2025-12-31,67261.3278212341,31688.091211322593,0,0,0,0.0,40.007022930000005,0.0,0.0,0.0,0.0,28968.0912113226,67261.3278212341,93738.0912113226,-26476.763390088498,38293.236609911495,35573.2366099115
2026-01-05,3898.8262528681007,31688.091211322593,1000,0,0,0.0,9.211568366,0.0,0.0,0.0,0.0,28968.0912113226,67568.82625286811,95358.0912113226,-27789.264958454485,-25069.2649584545,-27789.264958454492
2026-01-06,67843.4797207381,31688.091211322593,0,0,0,0.0,41.29653213,0.0,0.0,0.0,0.0,28968.0912113226,67843.4797207381,95738.0912113226,-27894.611490584488,38875.388509415505,36155.38850941551
2026-01-07,4360.840686924108,31688.091211322593,1000,0,0,0.0,9.229033814,0.0,0.0,0.0,0.0,28968.0912113226,67510.84068692412,94838.0912113226,-27327.250524398478,-24607.250524398492,-27327.250524398485
2026-01-08,65589.9678873061,31688.091211322593,0,0,0,0.0,39.542799618000004,0.0,0.0,0.0,0.0,28968.0912113226,65589.9678873061,93018.0912113226,-27428.123324016487,36621.876675983505,33901.87667598351
2026-01-09,5020.662390606114,31688.091211322593,1000,0,0,0.0,8.8054967,0.0,0.0,0.0,0.0,28968.0912113226,66500.66239060611,93168.0912113226,-26667.42882071648,-23947.428820716486,-26667.42882071648
2026-01-12,65850.44749282811,31688.091211322593,0,0,0,0.0,39.284897778,0.0,0.0,0.0,0.0,28968.0912113226,65850.44749282811,92618.0912113226,-26767.64371849448,36882.35628150551,34162.35628150552
2026-01-13,5000.821243416118,31688.091211322593,1000,0,0,0.0,8.846249412,0.0,0.0,0.0,0.0,28968.0912113226,64430.82124341612,91118.0912113226,-26687.269967906475,-23967.269967906483,-26687.269967906475
2026-01-14,64902.13596741612,31688.091211322593,0,0,0,0.0,38.685276,0.0,0.0,0.0,0.0,28968.0912113226,64902.13596741612,91688.0912113226,-26785.955243906472,35934.04475609352,33214.04475609353
2026-01-15,5534.205125196124,31688.091211322593,1000,0,0,0.0,8.63084222,0.0,0.0,0.0,0.0,28968.0912113226,66324.20512519612,92478.0912113226,-26153.88608612647,-23433.886086126477,-26153.88608612647
2026-01-16,68694.58558539613,32018.091211322593,0,0,0,0.0,40.6195398,66.0,330.0,330.0,0.0,28968.0912113226,68694.58558539613,95018.0912113226,-26323.505625926467,39726.494374073525,36676.49437407353
2026-01-19,6513.435760602129,32018.091211322593,1000,0,0,0.0,9.039824794,0.0,0.0,0.0,0.0,28968.0912113226,67413.43576060212,92918.0912113226,-25504.65545072047,-22454.65545072047,-25504.655450720464
2026-01-20,66085.29325362013,32018.091211322593,0,0,0,0.0,38.472506982,0.0,0.0,0.0,0.0,28968.0912113226,66085.29325362013,91688.0912113226,-25602.797957702467,37117.202042297526,34067.20204229753
2026-01-21,7308.038283186135,32018.091211322593,1000,0,0,0.0,8.544970434,0.0,0.0,0.0,0.0,28968.0912113226,68868.03828318614,93578.0912113226,-24710.052928136458,-21660.052928136465,-24710.052928136458
2026-01-22,69954.82993203614,32018.091211322593,0,0,0,0.0,40.458351150000006,0.0,0.0,0.0,0.0,28968.0912113226,69954.82993203614,94768.0912113226,-24813.261279286453,40986.73872071354,37936.73872071355
2026-01-23,7883.806117236149,32018.091211322593,1000,0,0,0.0,9.0238148,0.0,0.0,0.0,0.0,28968.0912113226,67993.80611723615,92128.0912113226,-24134.285094086445,-21084.285094086452,-24134.285094086445
2026-01-26,67046.33795964015,32018.091211322593,0,0,0,0.0,38.208157596,0.0,0.0,0.0,0.0,28968.0912113226,67046.33795964015,91278.0912113226,-24231.753251682443,38078.24674831755,35028.24674831756
2026-01-27,7468.166552886156,32018.091211322593,1000,0,0,0.0,8.661406754,0.0,0.0,0.0,0.0,28968.0912113226,68438.16655288616,92988.0912113226,-24549.92465843643,-21499.924658436445,-24549.924658436437
2026-01-28,68058.34639621215,32018.091211322593,0,0,0,0.0,39.130156674,0.0,0.0,0.0,0.0,28968.0912113226,68058.34639621215,92708.0912113226,-24649.744815110447,39090.255184889545,36040.25518488955
2026-01-29,7308.834701340151,32018.091211322593,1000,0,0,0.0,8.831694872,0.0,0.0,0.0,0.0,28968.0912113226,64908.83470134015,89618.0912113226,-24709.256509982442,-21659.25650998245,-24709.256509982442
2026-01-30,64913.93236092015,32018.091211322593,0,0,0,0.0,37.202340420000006,0.0,0.0,0.0,0.0,28968.0912113226,64913.93236092015,89718.0912113226,-24804.15885040244,35945.84114959755,32895.84114959756
2026-02-02,8048.865382200158,32018.091211322593,1000,0,0,0.0,8.266978720000001,0.0,0.0,0.0,0.0,28968.0912113226,63728.86538220016,87698.0912113226,-23969.225829122435,-20919.225829122443,-23969.225829122435
2026-02-03,63707.17031325016,32018.091211322593,0,0,0,0.0,35.94506895000001,0.0,0.0,0.0,0.0,28968.0912113226,63707.17031325016,87768.0912113226,-24060.920898072436,34739.07910192756,31689.079101927564
2026-02-04,8954.520435324164,32018.091211322593,1000,0,0,0.0,7.959877926,0.0,0.0,0.0,0.0,28968.0912113226,62364.520435324164,85428.0912113226,-23063.57077599843,-20013.570775998436,-23063.57077599843
2026-02-05,62745.90105747617,32018.091211322593,0,0,0,0.0,34.739377848000004,0.0,0.0,0.0,0.0,28968.0912113226,62745.90105747617,85898.0912113226,-23152.190153846423,33777.80984615357,30727.809846153577
2026-02-06,9685.187151276179,32018.091211322593,1000,0,0,0.0,7.713906199999999,0.0,0.0,0.0,0.0,28968.0912113226,64085.18715127618,86418.0912113226,-22332.904060046414,-19282.90406004642,-22332.904060046414
2026-02-09,65113.87037588418,32018.091211322593,0,0,0,0.0,35.796775392,0.0,0.0,0.0,0.0,28968.0912113226,65113.87037588418,87538.0912113226,-22424.220835438413,36145.77916456158,33095.77916456159
2026-02-10,9320.029130742187,32018.091211322593,1000,0,0,0.0,8.111245142,0.0,0.0,0.0,0.0,28968.0912113226,65390.02913074219,88088.0912113226,-22698.062080580406,-19648.062080580414,-22698.062080580406
2026-02-11,64429.23867682219,32018.091211322593,0,0,0,0.0,35.59045392,0.0,0.0,0.0,0.0,28968.0912113226,64429.23867682219,87218.0912113226,-22788.8525345004,35461.14746549959,32411.1474654996
2026-02-12,9015.8327389322,32018.091211322593,1000,0,0,0.0,8.05593789,0.0,0.0,0.0,0.0,28968.0912113226,64345.8327389322,87348.0912113226,-23002.258472390393,-19952.2584723904,-23002.258472390393
2026-02-13,63675.7824245822,32018.091211322593,0,0,0,0.0,35.30031435,0.0,0.0,0.0,0.0,28968.0912113226,63675.7824245822,86768.0912113226,-23092.308786740396,34707.6912132596,31657.691213259604
2026-02-24,8202.307753968198,32018.091211322593,1000,0,0,0.0,8.064670614,0.0,0.0,0.0,0.0,28968.0912113226,63582.3077539682,87398.0912113226,-23815.783457354395,-20765.783457354402,-23815.783457354395
2026-02-25,65497.9152874742,32018.091211322593,0,0,0,0.0,37.002466494000004,0.0,0.0,0.0,0.0,28968.0912113226,65497.9152874742,89408.0912113226,-23910.175923848394,36529.8240761516,33479.824076151606
2026-02-26,8032.160981514207,32018.091211322593,1000,0,0,0.0,8.35430596,0.0,0.0,0.0,0.0,28968.0912113226,65982.1609815142,89968.0912113226,-23985.930229808393,-20935.930229808393,-23985.930229808386
2026-02-27,63640.54815029421,32018.091211322593,0,0,0,0.0,35.91283122,0.0,0.0,0.0,0.0,28968.0912113226,63640.54815029421,87718.0912113226,-24077.54306102838,34672.45693897161,31622.45693897162
2026-03-02,9578.688698694219,32018.091211322593,1000,0,0,0.0,7.8594516,0.0,0.0,0.0,0.0,28968.0912113226,65108.68869869422,87548.0912113226,-22439.402512628374,-19389.40251262838,-22439.402512628374
2026-03-03,64368.42456624622,32018.091211322593,0,0,0,0.0,35.384132448,0.0,0.0,0.0,0.0,28968.0912113226,64368.42456624622,86898.0912113226,-22529.666645076373,35400.33335492362,32350.333354923627
2026-03-04,10326.588025554222,32018.091211322593,1000,0,0,0.0,7.856540692,0.0,0.0,0.0,0.0,28968.0912113226,64086.58802555422,85778.0912113226,-21691.50318576837,-18641.50318576838,-21691.50318576837
2026-03-05,65335.962047094225,32018.091211322593,0,0,0,0.0,35.525978460000005,0.0,0.0,0.0,0.0,28968.0912113226,65335.962047094225,87118.0912113226,-21782.12916422837,36367.870835771624,33317.87083577163
2026-03-06,10473.186159174227,32018.091211322593,1000,0,0,0.0,7.97588792,0.0,0.0,0.0,0.0,28968.0912113226,64803.18615917423,86348.0912113226,-21544.905052148366,-18494.905052148373,-21544.905052148366
2026-03-09,63176.359563840226,32018.091211322593,0,0,0,0.0,34.036595334000005,0.0,0.0,0.0,0.0,28968.0912113226,63176.359563840226,84808.0912113226,-21631.731647482367,34208.268352517625,31158.268352517633
2026-03-10,9484.92396403823,32018.091211322593,1000,0,0,0.0,7.805599802000001,0.0,0.0,0.0,0.0,28968.0912113226,63844.92396403823,86378.0912113226,-22533.167247284364,-19483.16724728437,-22533.167247284364
2026-03-11,63286.28813864423,32018.091211322593,0,0,0,0.0,34.745825394,0.0,0.0,0.0,0.0,28968.0912113226,63286.28813864423,85908.0912113226,-22621.80307267836,34318.19692732163,31268.19692732164
2026-03-12,9324.543241584237,32018.091211322593,1000,0,0,0.0,7.844897059999999,0.0,0.0,0.0,0.0,28968.0912113226,61864.54324158424,84558.0912113226,-22693.547969738356,-19643.547969738363,-22693.547969738356
2026-03-13,61728.21007263024,32018.091211322593,0,0,0,0.0,33.84316895400001,0.0,0.0,0.0,0.0,28968.0912113226,61728.21007263024,84508.0912113226,-22779.881138692355,32760.118861307637,29710.118861307645
2026-03-16,9488.435513658245,32018.091211322593,1000,0,0,0.0,7.594558972,0.0,0.0,0.0,0.0,28968.0912113226,62188.435513658245,84718.0912113226,-22529.655697664348,-19479.655697664355,-22529.655697664348
2026-03-17,60304.717504518245,32018.091211322593,0,0,0,0.0,32.81800914,0.0,0.0,0.0,0.0,28968.0912113226,60304.717504518245,82918.0912113226,-22613.37370680435,31336.626293195644,28286.62629319565
2026-03-18,8945.951025498252,32018.091211322593,1000,0,0,0.0,7.4664790199999995,0.0,0.0,0.0,0.0,28968.0912113226,61005.95102549825,84078.0912113226,-23072.14018582434,-20022.140185824348,-23072.14018582434
2026-03-19,59322.956708382255,32018.091211322593,0,0,0,0.0,32.534317116000004,0.0,0.0,0.0,0.0,28968.0912113226,59322.956708382255,82478.0912113226,-23155.13450294034,30354.865497059654,27304.86549705966
2026-03-20,8284.556803890257,32018.091211322593,1000,0,0,0.0,7.419904492,0.0,0.0,0.0,0.0,28968.0912113226,58584.55680389026,82318.0912113226,-23733.534407432337,-20683.534407432344,-23733.534407432337
2026-03-23,55806.26648493026,32018.091211322593,0,0,0,0.0,30.690318960000003,0.0,0.0,0.0,0.0,28968.0912113226,55806.26648493026,79618.0912113226,-23811.824726392333,26838.17527360766,23788.175273607667
2026-03-24,7180.62734485227,32018.091211322593,1000,0,0,0.0,7.069140077999999,0.0,0.0,0.0,0.0,28968.0912113226,56020.62734485227,80858.0912113226,-24837.463866470323,-21787.46386647033,-24837.463866470323
2026-03-25,57407.87974092627,32018.091211322593,0,0,0,0.0,32.437603926,0.0,0.0,0.0,0.0,28968.0912113226,57407.87974092627,82328.0912113226,-24920.211470396323,28439.78852960367,25389.788529603677
2026-03-26,7350.602470926278,32018.091211322593,1000,0,0,0.0,7.27727,0.0,0.0,0.0,0.0,28968.0912113226,57090.60247092628,81758.0912113226,-24667.488740396315,-21617.488740396322,-24667.488740396315
2026-03-27,56799.13777558828,32018.091211322593,0,0,0,0.0,31.934695338,0.0,0.0,0.0,0.0,28968.0912113226,56799.13777558828,81548.0912113226,-24748.953435734315,27831.046564265678,24781.046564265685
2026-03-30,8283.624645504286,32018.091211322593,1000,0,0,0.0,7.053130083999999,0.0,0.0,0.0,0.0,28968.0912113226,57553.624645504286,81288.0912113226,-23734.466565818308,-20684.466565818315,-23734.466565818308
2026-03-31,59658.98557378829,32018.091211322593,0,0,0,0.0,33.179071716,0.0,0.0,0.0,0.0,28968.0912113226,59658.98557378829,83478.0912113226,-23819.105637534303,30690.89436246569,27640.894362465697
2026-04-01,6598.271667588298,32018.091211322593,1000,0,0,0.0,7.713906199999999,0.0,0.0,0.0,0.0,28968.0912113226,59918.2716675883,85338.0912113226,-25419.819543734295,-22369.819543734302,-25419.819543734295
2026-04-02,58512.7444283883,32018.091211322593,0,0,0,0.0,33.527239200000004,0.0,0.0,0.0,0.0,28968.0912113226,58512.7444283883,84018.0912113226,-25505.34678293429,29544.6532170657,26494.65321706571
2026-04-03,5852.488740348308,32018.091211322593,1000,0,0,0.0,7.655688039999999,0.0,0.0,0.0,0.0,28968.0912113226,58032.48874034831,84198.0912113226,-26165.602470974285,-23115.602470974292,-26165.602470974285
2026-04-07,58346.00754348031,32018.091211322593,0,0,0,0.0,33.901196868,0.0,0.0,0.0,0.0,28968.0912113226,58346.00754348031,84598.0912113226,-26252.083667842286,29377.916332157707,26327.916332157714
2026-04-08,4123.964804616313,32018.091211322593,1000,0,0,0.0,7.882738864,0.0,0.0,0.0,0.0,28968.0912113226,60733.96480461631,88628.0912113226,-27894.12640670628,-24844.126406706288,-27894.12640670628
2026-04-09,59053.47040652431,32018.091211322593,0,0,0,0.0,35.474398092,0.0,0.0,0.0,0.0,28968.0912113226,59053.47040652431,87038.0912113226,-27984.62080479828,30085.379195201713,27035.37919520172
2026-04-10,3389.7780822843197,32018.091211322593,1000,0,0,0.0,8.09232424,0.0,0.0,0.0,0.0,28968.0912113226,59909.77808228432,88538.0912113226,-28628.313129038273,-25578.31312903828,-28628.313129038273
2026-04-13,58998.165251064325,32018.091211322593,0,0,0,0.0,35.91283122,0.0,0.0,0.0,0.0,28968.0912113226,58998.165251064325,87718.0912113226,-28719.925960258268,30030.074039741725,26980.074039741732
2026-04-14,2463.4763023263295,32018.091211322593,1000,0,0,0.0,8.218948738,0.0,0.0,0.0,0.0,28968.0912113226,61383.47630232633,90938.0912113226,-29554.614908996264,-26504.61490899627,-29554.614908996264
2026-04-15,60188.37659135433,32018.091211322593,0,0,0,0.0,37.279710972000004,0.0,0.0,0.0,0.0,28968.0912113226,60188.37659135433,89838.0912113226,-29649.71461996826,31220.28538003173,28170.28538003174
2026-04-16,2131.9464136083407,32018.091211322593,1000,0,0,0.0,8.440177746,0.0,0.0,0.0,0.0,28968.0912113226,61451.94641360834,91338.0912113226,-29886.144797714252,-26836.14479771426,-29886.144797714252
2026-04-17,63001.66572564634,32018.091211322593,0,0,0,0.0,39.310687962,0.0,0.0,0.0,0.0,28968.0912113226,63001.66572564634,92988.0912113226,-29986.425485676256,34033.57451432374,30983.574514323744
2026-04-20,1040.7679208403424,32018.091211322593,1000,0,0,0.0,9.007804806,0.0,0.0,0.0,0.0,28968.0912113226,62550.76792084034,93528.0912113226,-30977.32329048225,-27927.323290482258,-30977.32329048225
2026-04-21,62349.763540854336,32018.091211322593,0,0,0,0.0,39.594379986,0.0,0.0,0.0,0.0,28968.0912113226,62349.763540854336,93428.0912113226,-31078.327670468258,33381.672329531735,30331.672329531742
2026-04-22,1089.6676178283378,32018.091211322593,1000,0,0,0.0,8.905923026,0.0,0.0,0.0,0.0,28968.0912113226,67979.66761782834,98908.0912113226,-30928.423593494255,-27878.423593494263,-30928.423593494255
2026-04-23,68897.95588539634,32018.091211322593,0,0,0,0.0,43.791732432,0.0,0.0,0.0,0.0,28968.0912113226,68897.95588539634,99938.0912113226,-31040.135325926254,39929.86467407374,36879.864674073746
2026-04-24,2251.696928118341,32018.091211322593,1000,0,0,0.0,9.688957278,0.0,0.0,0.0,0.0,28968.0912113226,67261.69692811836,97028.09121132261,-29766.394283204252,-26716.39428320426,-29766.394283204252
2026-04-27,69391.08718126835,32018.091211322593,0,0,0,0.0,43.35974685000001,0.0,0.0,0.0,0.0,28968.0912113226,69391.08718126835,99268.0912113226,-29877.004030054246,40422.99596994575,37372.995969945754
2026-04-28,2064.0492531183554,32018.091211322593,1000,0,0,0.0,9.787928149999999,0.0,0.0,0.0,0.0,28968.0912113226,70264.04925311836,100218.0912113226,-29954.041958204238,-26904.041958204245,-29954.041958204238
2026-04-29,68215.06781332236,32018.091211322593,0,0,0,0.0,42.721439796000006,0.0,0.0,0.0,0.0,28968.0912113226,68215.06781332236,98278.0912113226,-30063.023398000238,39246.976601999755,36196.97660199976
2026-04-30,2239.576371462361,32018.091211322593,1000,0,0,0.0,9.59144186,0.0,0.0,0.0,0.0,28968.0912113226,65119.57637146236,94898.0912113226,-29778.514839860232,-26728.51483986024,-29778.514839860232
2026-05-06,65215.82525129436,32018.091211322593,0,0,0,0.0,40.671120168,0.0,0.0,0.0,0.0,28968.0912113226,65215.82525129436,95098.0912113226,-29882.265960028235,36247.73403997176,33197.734039971765
2026-05-07,1052.4072466083599,32018.091211322593,1000,0,0,0.0,9.328004686000002,0.0,0.0,0.0,0.0,28968.0912113226,65232.40724660837,96198.09121132261,-30965.68396471424,-27915.68396471424,-30965.683964714233
2026-05-08,64228.32717552036,32018.091211322593,0,0,0,0.0,40.800071088,0.0,0.0,0.0,0.0,28968.0912113226,64228.32717552036,95298.0912113226,-31069.764035802233,35260.23596419776,32210.235964197767
2026-05-11,0.0,32063.30805048222,1000,0,0,0.0,9.344014679999999,0.0,0.0,0.0,45.21683915962785,29013.30805048223,65850.0,97913.30805048221,-32063.308050482214,-29013.30805048223,-32063.30805048222
2026-05-12,64294.07780376,32063.30805048222,0,0,0,0.0,41.52219624000001,0.0,0.0,0.0,0.0,29013.30805048223,64294.07780376,96463.30805048223,-32169.230246722225,35280.769753277775,32230.769753277782
2026-05-13,120.64834362002148,32063.30805048222,1000,0,0,0.0,9.329460139999998,0.0,0.0,0.0,0.0,29013.30805048223,70960.64834362002,102903.30805048221,-31942.659706862192,-28892.659706862207,-31942.6597068622
2026-05-14,68607.81817806001,32063.30805048222,0,0,0,0.0,44.23016556,0.0,0.0,0.0,0.0,29013.30805048223,68607.81817806001,100663.30805048221,-32055.4898724222,39594.510127577785,36544.51012757779
2026-05-15,0.0,33035.1052777222,1000,0,0,0.0,10.115405299999999,0.0,0.0,0.0,971.7972272399784,29985.105277722207,67620.0,100655.1052777222,-33035.10527772221,-29985.105277722207,-33035.1052777222
2026-05-18,68866.544827692,33035.1052777222,0,0,0,0.0,44.475172308000005,0.0,0.0,0.0,0.0,29985.105277722207,68866.544827692,102015.1052777222,-33148.5604500302,38881.4395499698,35831.43954996981
2026-05-19,488.30407687202387,33035.1052777222,1000,0,0,0.0,9.94075082,0.0,0.0,0.0,0.0,29985.105277722207,69048.30407687202,101595.1052777222,-32546.801200850183,-29496.801200850183,-32546.801200850176
2026-05-20,68526.21405088203,33035.1052777222,0,0,0,0.0,43.94002599,0.0,0.0,0.0,0.0,29985.105277722207,68526.21405088203,101185.1052777222,-32658.891226840176,38541.10877315982,35491.10877315983
2026-05-21,0.0,33788.16296852017,1000,0,0,0.0,10.071741679999999,0.0,0.0,0.0,753.0576907979703,30738.162968520177,65500.0,99288.16296852016,-33788.16296852016,-30738.162968520177,-33788.16296852017
2026-05-22,67049.538281064,33788.16296852017,0,0,0,0.0,43.301718936,0.0,0.0,0.0,0.0,30738.162968520177,67049.538281064,100948.16296852016,-33898.62468745616,36311.37531254382,33261.37531254383
2026-05-25,0.0,34816.52177465616,1000,0,0,0.0,9.8970872,0.0,0.0,0.0,1028.3588061359915,31766.52177465617,70300.0,105116.52177465617,-34816.52177465617,-31766.52177465617,-34816.52177465616
2026-05-26,69864.90007309201,34816.52177465616,0,0,0,0.0,45.11992690800001,0.0,0.0,0.0,0.0,31766.52177465617,69864.90007309201,104796.52177465617,-34931.62170156416,38098.37829843584,35048.37829843585
2026-05-27,0.0,34931.69532502414,1000,0,0,0.0,10.17362346,0.0,0.0,0.0,115.17355036798108,31881.69532502415,70080.0,105011.69532502413,-34931.695325024135,-31881.69532502415,-34931.69532502414
2026-05-28,74876.643405,34931.69532502414,0,0,0,0.0,48.356595,0.0,0.0,0.0,0.0,31881.69532502415,74876.643405,109931.69532502413,-35055.05192002414,42994.948079975846,39944.94807997585
2026-05-29,0.0,38895.263620274134,1000,0,0,0.0,11.461700249999998,0.0,0.0,0.0,3963.568295249992,35845.26362027414,73400.0,112295.26362027414,-38895.26362027414,-35845.26362027414,-38895.263620274134
2026-06-01,73628.69934825,38895.263620274134,0,0,0,0.0,47.55065175,0.0,0.0,0.0,0.0,35845.26362027414,73628.69934825,112645.26362027414,-39016.564272024145,37783.435727975855,34733.43572797586
2026-06-02,0.0,40352.480177024125,1000,0,0,0.0,10.915904999999999,0.0,0.0,0.0,1457.2165567499906,37302.48017702413,80010.0,120362.48017702412,-40352.48017702412,-37302.48017702413,-40352.480177024125
2026-06-03,80916.69263967,40352.480177024125,0,0,0,0.0,52.25736033,0.0,0.0,0.0,0.0,37302.48017702413,80916.69263967,121402.48017702412,-40485.78753735412,43614.21246264587,40564.212462645875
2026-06-04,825.049007670008,40352.480177024125,1000,0,0,0.0,11.643632,0.0,0.0,0.0,0.0,37302.48017702413,79375.04900767001,118902.48017702412,-39527.43116935411,-36477.431169354124,-39527.43116935412
2026-06-05,74763.238481994,40352.480177024125,0,0,0,0.0,47.75052567600001,0.0,0.0,0.0,0.0,37302.48017702413,74763.238481994,114412.48017702412,-39649.24169503011,37460.75830496987,34410.75830496988
2026-06-08,4693.061759448014,40352.480177024125,1000,0,0,0.0,10.186722546,0.0,0.0,0.0,0.0,37302.48017702413,75173.06175944801,110832.48017702412,-35659.418417576104,-32609.41841757612,-35659.41841757611
2026-06-09,79310.132800644,40352.480177024125,0,0,0,0.0,48.188958803999995,0.0,0.0,0.0,0.0,37302.48017702413,79310.132800644,115092.48017702412,-35782.347376380116,42007.65262361987,38957.65262361988
2026-06-10,6326.622540984012,40352.480177024125,1000,0,0,0.0,10.61025966,0.0,0.0,0.0,0.0,37302.48017702413,77456.62254098401,111482.48017702412,-34025.857636040106,-30975.85763604012,-34025.85763604011
2026-06-11,75732.27920119201,40352.480177024125,0,0,0,0.0,44.823339792000006,0.0,0.0,0.0,0.0,37302.48017702413,75732.27920119201,109872.48017702412,-34140.20097583211,38429.79902416788,35379.799024167885
2026-06-12,3709.868665116024,40352.480177024125,1000,0,0,0.0,10.470536075999998,0.0,0.0,0.0,0.0,37302.48017702413,73839.86866511602,110482.48017702412,-36642.61151190809,-33592.61151190811,-36642.6115119081
2026-06-15,76989.14367747604,40352.480177024125,0,0,0,0.0,47.32498764000001,0.0,0.0,0.0,0.0,37302.48017702413,76989.14367747604,113752.48017702412,-36763.33649954808,39686.663500451905,36636.66350045191
2026-06-16,3505.060645116042,40352.480177024125,1000,0,0,0.0,10.68303236,0.0,0.0,0.0,0.0,37302.48017702413,76405.06064511604,113252.48017702412,-36847.419531908075,-33797.41953190809,-36847.41953190808
2026-06-17,76025.58567097204,40352.480177024125,0,0,0,0.0,46.83497414400001,0.0,0.0,0.0,0.0,37302.48017702413,76025.58567097204,112992.48017702412,-36966.89450605208,38723.10549394791,35673.105493947915
2026-06-18,3943.106402172052,40352.480177024125,1000,0,0,0.0,10.479268799999998,0.0,0.0,0.0,0.0,37302.48017702413,82023.10640217205,118432.48017702412,-36409.373774852065,-33359.37377485208,-36409.37377485207
2026-06-22,82693.36815932405,40352.480177024125,0,0,0,0.0,50.858242847999996,0.0,0.0,0.0,0.0,37302.48017702413,82693.36815932405,119232.48017702412,-36539.11201770007,45390.887982299915,42340.88798229992
2026-06-23,3723.0075381720526,40352.480177024125,1000,0,0,0.0,11.480621152,0.0,0.0,0.0,0.0,37302.48017702413,77823.00753817205,114452.48017702412,-36629.472638852065,-33579.47263885208,-36629.47263885207
2026-06-24,80376.72327998406,40352.480177024125,0,0,0,0.0,49.50425818800001,0.0,0.0,0.0,0.0,37302.48017702413,80376.72327998406,117132.48017702412,-36755.75689704006,43074.243102959925,40024.24310295993
2026-06-25,2697.840412398058,40352.480177024125,1000,0,0,0.0,11.292867586000002,0.0,0.0,0.0,0.0,37302.48017702413,79687.84041239806,117342.48017702412,-37654.63976462606,-34604.639764626074,-37654.63976462607
2026-06-26,72802.34574438605,40352.480177024125,0,0,0,0.0,45.27466801200001,0.0,0.0,0.0,0.0,37302.48017702413,72802.34574438605,110572.48017702412,-37770.134432638064,35499.86556736192,32449.86556736193
2026-06-29,3422.9594481660606,40352.480177024125,1000,0,0,0.0,10.08629622,0.0,0.0,0.0,0.0,37302.48017702413,73032.95944816606,109962.48017702412,-36929.52072885806,-33879.52072885807,-36929.520728858064
2026-06-30,75454.29040377606,40352.480177024125,0,0,0,0.0,46.51904439000001,0.0,0.0,0.0,0.0,37302.48017702413,75454.29040377606,112502.48017702412,-37048.18977324806,38151.81022675193,35101.810226751935
2026-07-01,2370.6655895760778,40352.480177024125,1000,0,0,0.0,10.624814199999998,0.0,0.0,0.0,0.0,37302.48017702413,72370.66558957608,110352.48017702412,-37981.81458744804,-34931.814587448054,-37981.81458744805
2026-07-02,66285.36840008407,40352.480177024125,0,0,0,0.0,41.277189492,0.0,0.0,0.0,0.0,37302.48017702413,66285.36840008407,104372.48017702412,-38087.111776940044,28982.88822305994,25932.88822305995
2026-07-03,2712.6262671840814,40352.480177024125,1000,0,0,0.0,9.2421329,0.0,0.0,0.0,0.0,37302.48017702413,67432.62626718408,105072.48017702412,-37639.853909840036,-34589.85390984005,-37639.85390984004
2026-07-06,66198.03632217008,40352.480177024125,0,0,0,0.0,40.999945014000005,0.0,0.0,0.0,0.0,37302.48017702413,66198.03632217008,103942.48017702412,-37744.443854854035,28895.55614514595,25845.556145145958
2026-07-07,2955.67221925209,40352.480177024125,1000,0,0,0.0,9.194102917999999,0.0,0.0,0.0,0.0,37302.48017702413,66735.6722192521,104132.48017702412,-37396.80795777202,-34346.80795777204,-37396.807957772035
2026-07-08,68857.10196810609,40352.480177024125,0,0,0,0.0,42.560251146000006,0.0,0.0,0.0,0.0,37302.48017702413,68857.10196810609,106362.48017702412,-37505.37820891803,31554.621791081954,28504.62179108196
2026-07-09,2170.797189012097,40352.480177024125,1000,0,0,0.0,9.694779094,0.0,0.0,0.0,0.0,37302.48017702413,71700.7971890121,109882.48017702412,-38181.68298801202,-35131.682988012035,-38181.68298801203
2026-07-10,68331.7993016701,40352.480177024125,0,0,0,0.0,42.727887342,0.0,0.0,0.0,0.0,37302.48017702413,68331.7993016701,106622.48017702412,-38290.680875354024,31029.31912464596,27979.31912464597
2026-07-13,2956.9951870500954,40352.480177024125,1000,0,0,0.0,9.504114620000001,0.0,0.0,0.0,0.0,37302.48017702413,66036.9951870501,103432.48017702412,-37395.48498997402,-34345.48498997404,-37395.48498997403
2026-07-14,68449.0992852901,40352.480177024125,0,0,0,0.0,42.29590176000001,0.0,0.0,0.0,0.0,37302.48017702413,68449.0992852901,105952.48017702412,-37503.38089173402,31146.619108265964,28096.61910826597
2026-07-15,2493.6307543381117,40352.480177024125,1000,0,0,0.0,9.588530952,0.0,0.0,0.0,0.0,37302.48017702413,66113.63075433811,103972.48017702412,-37858.849422686006,-34808.84942268602,-37858.84942268601
2026-07-16,65409.97831944611,40352.480177024125,0,0,0,0.0,40.632434892000006,0.0,0.0,0.0,0.0,37302.48017702413,65409.97831944611,103372.48017702412,-37962.501857578005,28107.49814242198,25057.498142421988
2026-07-17,3318.931593738118,40352.480177024125,1000,0,0,0.0,9.026725708,0.0,0.0,0.0,0.0,37302.48017702413,60908.93159373812,97942.48017702412,-37033.548583286,-33983.548583286014,-37033.54858328601
2026-07-20,59726.002958838115,40352.480177024125,0,0,0,0.0,36.428634900000006,0.0,0.0,0.0,0.0,37302.48017702413,59726.002958838115,96852.48017702412,-37126.477218186,22423.522781813983,19373.52278181399
2026-07-21,2160.1340983381233,40352.480177024125,1000,0,0,0.0,8.3688605,0.0,0.0,0.0,0.0,37302.48017702413,63140.13409833812,101332.48017702412,-38192.346078685994,-35142.34607868601,-38192.346078686
2026-07-22,62770.28104657213,40352.480177024125,0,0,0,0.0,39.143051766000006,0.0,0.0,0.0,0.0,37302.48017702413,62770.28104657213,101062.48017702412,-38292.19913045199,25467.800869547995,22417.800869548002
2026-07-23,709.2686872261329,40352.480177024125,1000,0,0,0.0,9.022359346,0.0,0.0,0.0,0.0,37302.48017702413,63589.26868722613,103232.48017702412,-39643.211489797985,-36593.211489798,-39643.21148979799
2026-07-24,60860.17222257613,40352.480177024125,0,0,0,0.0,38.84646465,0.0,0.0,0.0,0.0,37302.48017702413,60860.17222257613,100602.48017702412,-39742.307954447984,23557.692045552,20507.69204555201
2026-07-27,911.5769640241415,40352.480177024125,1000,0,0,0.0,8.715258551999998,0.0,0.0,0.0,0.0,37302.48017702413,62461.57696402414,101902.48017702412,-39440.903212999976,-36390.90321299999,-39440.90321299998
2026-07-28,58896.04961685614,40352.480177024125,0,0,0,0.0,37.447347168,0.0,0.0,0.0,0.0,37302.48017702413,58896.04961685614,98432.48017702412,-39536.43056016798,21593.569439832005,18543.569439832012
2026-07-29,749.5163400241436,40352.480177024125,1000,0,0,0.0,8.453276832,0.0,0.0,0.0,0.0,37302.48017702413,58499.51634002414,98102.48017702412,-39602.963836999974,-36552.96383699999,-39602.96383699998
2026-07-30,54461.02854254414,40352.480177024125,0,0,0,0.0,34.68779748,0.0,0.0,0.0,0.0,37302.48017702413,54461.02854254414,94152.48017702412,-39691.45163447998,17158.548365520008,14108.548365520015
2026-07-31,0.0,43096.90809863598,1000,0,0,0.0,8.316464156,0.0,0.0,0.0,2744.427921611852,40046.908098635984,56700.0,99796.90809863598,-43096.90809863598,-40046.908098635984,-43096.90809863598
2026-08-03,56328.05821786,43746.90809863598,0,0,0,0.0,36.04178214,130.0,650.0,650.0,0.0,40046.908098635984,56328.05821786,99646.90809863598,-43318.849880775975,16281.150119224018,12581.150119224025
2026-08-04,0.0,44293.92831494997,1000,0,0,0.0,8.268434174,0.0,0.0,0.0,547.0202163139911,40593.928314949975,59930.0,104223.92831494997,-44293.92831494997,-40593.928314949975,-44293.92831494997
2026-08-05,65811.577776768,44293.92831494997,0,0,0,0.0,42.502223232000006,0.0,0.0,0.0,0.0,40593.928314949975,65811.577776768,110213.92831494997,-44402.35053818197,25217.649461818022,21517.64946181803
2026-08-06,186.4872757980047,44293.92831494997,1000,0,0,0.0,9.54050097,0.0,0.0,0.0,0.0,40593.928314949975,68456.487275798,112563.92831494997,-44107.44103915196,-40407.44103915197,-44107.44103915196
2026-08-07,68254.34790717001,44293.92831494997,0,0,0,0.0,43.95936862800001,0.0,0.0,0.0,0.0,40593.928314949975,68254.34790717001,112473.92831494997,-44219.580407779955,27660.419592220038,23960.419592220045
2026-08-10,0.0,45118.62304037994,1000,0,0,0.0,10.0426326,0.0,0.0,0.0,824.6947254299739,41418.62304037995,69180.0,114298.62304037994,-45118.62304037994,-41418.62304037995,-45118.62304037994
2026-08-11,65901.429748854,45118.62304037994,0,0,0,0.0,42.560251146000006,0.0,0.0,0.0,0.0,41418.62304037995,65901.429748854,111128.62304037994,-45227.19329152594,24482.806708474054,20782.80670847406
2026-08-12,0.0,45753.326238809925,1000,0,0,0.0,9.672947284,0.0,0.0,0.0,634.7031984299829,42053.32623880993,65600.0,111353.32623880992,-45753.326238809925,-42053.32623880993,-45753.326238809925
2026-08-13,65122.712657442,45753.326238809925,0,0,0,0.0,42.05734255800001,0.0,0.0,0.0,0.0,42053.32623880993,65122.712657442,110983.32623880994,-45860.613581367936,23069.38641863207,19369.38641863208
2026-08-14,0.0,46305.76135960791,1000,0,0,0.0,9.54777824,0.0,0.0,0.0,552.4351207979853,42605.76135960792,66190.0,112495.76135960792,-46305.76135960792,-42605.76135960792,-46305.76135960791
2026-08-17,68117.778393642,46305.76135960791,0,0,0,0.0,43.991606358000006,0.0,0.0,0.0,0.0,42605.76135960792,68117.778393642,114535.76135960792,-46417.982965965915,25512.017034034085,21812.017034034092
2026-08-18,340.2249700620014,46305.76135960791,1000,0,0,0.0,9.85342358,0.0,0.0,0.0,0.0,42605.76135960792,66540.224970062,112505.76135960792,-45965.536389545916,-42265.536389545916,-45965.53638954591
2026-08-19,62068.529793144,46305.76135960791,0,0,0,0.0,39.865176918,0.0,0.0,0.0,0.0,42605.76135960792,62068.529793144,108135.76135960792,-46067.23156646392,19462.768433536083,15762.76843353609
2026-08-20,0.0,46808.8281539639,1000,0,0,0.0,9.0965875,0.0,0.0,0.0,503.06679435598926,43108.82815396391,62130.0,108938.8281539639,-46808.8281539639,-43108.82815396391,-46808.8281539639
2026-08-21,62736.643620936,46808.8281539639,0,0,0,0.0,40.516379064000006,0.0,0.0,0.0,0.0,43108.82815396391,62736.643620936,109648.8281539639,-46912.184533027896,19627.815466972097,15927.815466972104
2026-08-24,0.0,46844.010229607884,1000,0,0,0.0,9.12569658,0.0,0.0,0.0,35.18207564398472,43144.01022960789,60400.0,107244.01022960788,-46844.010229607884,-43144.01022960789,-46844.010229607884
2026-08-25,60051.06801081,46844.010229607884,0,0,0,0.0,38.781989190000004,0.0,0.0,0.0,0.0,43144.01022960789,60051.06801081,106994.01022960788,-46942.942218797885,16907.057781202107,13207.057781202115
2026-08-26,0.0,47061.90405187788,1000,0,0,0.0,8.761833079999999,0.0,0.0,0.0,217.89382226999442,43361.904051877886,60570.0,107631.90405187788,-47061.90405187788,-43361.904051877886,-47061.90405187788
2026-08-27,63754.965971244,47061.90405187788,0,0,0,0.0,41.174028756,0.0,0.0,0.0,0.0,43361.904051877886,63754.965971244,110921.90405187788,-47166.93808063388,20393.06191936611,16693.06191936612
2026-08-28,0.0,47420.29880804988,1000,0,0,0.0,9.320727416,0.0,0.0,0.0,358.39475617200515,43720.29880804989,64040.00000000001,111460.29880804989,-47420.29880804988,-43720.29880804989,-47420.29880804988
2026-08-31,64733.354111736,47420.29880804988,0,0,0,0.0,41.805888264000004,0.0,0.0,0.0,0.0,43720.29880804989,64733.354111736,112260.29880804988,-47526.944696313876,21013.05530368611,17313.055303686117
2026-09-01,309.6382652460161,47420.29880804988,1000,0,0,0.0,9.36584649,0.0,0.0,0.0,0.0,43720.29880804989,63249.638265246016,110360.29880804988,-47110.66054280386,-43410.660542803875,-47110.66054280387
2026-09-02,62007.99243096601,47420.29880804988,0,0,0,0.0,39.845834280000005,0.0,0.0,0.0,0.0,43720.29880804989,62007.99243096601,109220.29880804988,-47212.30637708386,18287.693622916122,14587.69362291613
2026-09-03,0.0,48484.475737283865,1000,0,0,0.0,9.1693602,0.0,0.0,0.0,1064.1769292339814,44784.47573728387,63200.0,111684.47573728386,-48484.475737283865,-44784.47573728387,-48484.475737283865
2026-09-04,63585.245579525996,48484.475737283865,0,0,0,0.0,41.064420474,0.0,0.0,0.0,0.0,44784.47573728387,63585.245579525996,112174.47573728386,-48589.23015775787,18800.769842242124,15100.76984224213
2026-09-07,0.0,49573.232390597856,1000,0,0,0.0,9.40223284,0.0,0.0,0.0,1088.7566533139907,45873.23239059786,66570.0,116143.23239059786,-49573.232390597856,-45873.23239059786,-49573.232390597856
2026-09-08,64643.50213965,49573.232390597856,0,0,0,0.0,41.747860349999996,0.0,0.0,0.0,0.0,45873.23239059786,64643.50213965,114323.23239059786,-49679.730250947854,18770.26974905214,15070.269749052146
2026-09-09,0.0,49904.07614740785,1000,0,0,0.0,9.445896460000002,0.0,0.0,0.0,330.843756809998,46204.07614740786,65239.99999999999,115144.07614740785,-49904.07614740785,-46204.07614740786,-49904.07614740785
2026-09-10,63804.883733514,49904.07614740785,0,0,0,0.0,41.206266486000004,0.0,0.0,0.0,0.0,46204.07614740786,63804.883733514,113814.07614740785,-50009.19241389385,17600.807586106137,13900.807586106144
2026-09-11,1073.1038587500007,49904.07614740785,1000,0,0,0.0,9.119874764,0.0,0.0,0.0,0.0,46204.07614740786,65143.10385874999,113974.07614740785,-48830.97228865785,-45130.97228865786,-48830.97228865785
