date,clock,side,quantity,reference,value,fee,tax,deposit,cash,shares,entry
2020-01-02,15:00,SELL,1000,18.38,18361.62,23.7288524,0.0,0.0,18337.8911476,2000,2020-01-02
2020-01-03,09:25,BUY,1000,18.49,18508.489999999998,5.3701698,0.0,175.96902219999902,0.0,3000,2020-01-02
2020-01-03,15:00,SELL,1000,18.22,18201.78,23.5658156,0.0,0.0,18178.2141844,2000,2020-01-03
2020-01-06,09:25,BUY,1000,18.01,18028.01,5.3605602,0.0,0.0,144.84362420000252,3000,2020-01-03
2020-01-06,15:00,SELL,1000,17.9,17882.1,23.239742,0.0,0.0,18003.7038822,2000,2020-01-06
2020-01-07,09:25,BUY,1000,17.92,17937.92,5.3587584,0.0,0.0,60.42512379999971,3000,2020-01-06
2020-01-07,15:00,SELL,1000,17.86,17842.14,23.1989828,0.0,0.0,17879.366141,2000,2020-01-07
2020-01-08,09:25,BUY,1000,17.62,17637.62,5.3527524,0.0,0.0,236.39338860000134,3000,2020-01-07
2020-01-08,15:00,SELL,1000,17.52,17502.48,22.8525296,0.0,0.0,17716.020859,2000,2020-01-08
2020-01-09,09:25,BUY,1000,17.65,17667.649999999998,5.353353,0.0,0.0,43.01750600000378,3000,2020-01-08
2020-01-09,15:00,SELL,1000,18.3,18281.7,23.647334,0.0,0.0,18301.070172000003,2000,2020-01-09
2020-01-10,09:25,BUY,1000,18.41,18428.409999999996,5.3685682,0.0,132.70839619999242,0.0,3000,2020-01-09
2020-01-10,15:00,SELL,1000,18.03,18011.97,23.372209400000003,0.0,0.0,17988.5977906,2000,2020-01-10
2020-01-13,09:25,BUY,1000,18.02,18038.019999999997,5.3607604,0.0,54.782969799995044,0.0,3000,2020-01-10
2020-01-13,15:00,SELL,1000,18.61,18591.39,23.963217800000002,0.0,0.0,18567.4267822,2000,2020-01-13
2020-01-14,09:25,BUY,1000,18.65,18668.649999999998,5.373373,0.0,106.59659079999619,0.0,3000,2020-01-13
2020-01-14,15:00,SELL,1000,18.39,18371.61,23.739042200000004,0.0,0.0,18347.8709578,2000,2020-01-14
2020-01-15,09:25,BUY,1000,18.35,18368.35,5.367367,0.0,25.846409199995833,0.0,3000,2020-01-14
2020-01-15,15:00,SELL,1000,18.7,18681.3,24.054926000000002,0.0,0.0,18657.245074,2000,2020-01-15
2020-01-16,09:25,BUY,1000,18.65,18668.649999999998,5.373373,0.0,16.778298999997787,0.0,3000,2020-01-15
2020-01-16,15:00,SELL,1000,18.41,18391.59,23.759421800000002,0.0,0.0,18367.8305782,2000,2020-01-16
2020-01-17,09:25,BUY,1000,18.41,18428.409999999996,5.3685682,0.0,65.94798999999693,0.0,3000,2020-01-16
2020-01-17,15:00,SELL,1000,18.99,18971.01,24.350430199999998,0.0,0.0,18946.6595698,2000,2020-01-17
2020-01-20,09:25,BUY,1000,18.88,18898.879999999997,5.3779776,0.0,0.0,42.40159219999987,3000,2020-01-17
2020-01-20,15:00,SELL,1000,19.34,19320.66,24.7070732,0.0,0.0,19338.354519,2000,2020-01-20
2020-01-21,09:25,BUY,1000,19.2,19219.199999999997,5.384384,0.0,0.0,113.77013500000248,3000,2020-01-20
2020-01-21,15:00,SELL,1000,19.09,19070.91,24.4523282,0.0,0.0,19160.2278068,2000,2020-01-21
2020-01-22,09:25,BUY,1000,18.9,18918.899999999998,5.378378,0.0,0.0,235.94942880000235,3000,2020-01-21
2020-01-22,15:00,SELL,1000,20.85,20829.15,26.245733,0.0,0.0,21038.853695800004,2000,2020-01-22
2020-01-23,09:25,BUY,1000,20.5,20520.499999999996,5.41041,0.0,0.0,512.9432858000073,3000,2020-01-22
2020-01-23,15:00,SELL,1000,20.0,19980.0,25.3796,0.0,0.0,20467.563685800007,2000,2020-01-23
2020-02-03,09:25,BUY,1000,18.0,18017.999999999996,5.36036,0.0,0.0,2444.203325800012,3000,2020-01-23
2020-02-04,15:00,SELL,1000,18.02,18001.98,23.3620196,0.0,0.0,20422.82130620001,2000,2020-02-04
2020-02-05,09:25,BUY,1000,18.16,18178.159999999996,5.3635632,0.0,0.0,2239.2977430000137,3000,2020-02-04
2020-02-05,15:00,SELL,1000,18.69,18671.31,24.044736200000003,0.0,0.0,20886.563006800014,2000,2020-02-05
2020-02-06,09:25,BUY,1000,18.54,18558.539999999997,5.3711708,0.0,0.0,2322.6518360000155,3000,2020-02-05
2020-02-06,15:00,SELL,1000,18.92,18901.08,24.279101600000004,0.0,0.0,21199.452734400016,2000,2020-02-06
2020-02-07,09:25,BUY,1000,19.9,19919.899999999998,5.398398,0.0,0.0,1274.1543364000172,3000,2020-02-06
2020-02-07,15:00,SELL,1000,19.3,19280.7,24.666314000000003,0.0,0.0,20530.18802240002,2000,2020-02-07
2020-02-10,09:25,BUY,1000,18.9,18918.899999999998,5.378378,0.0,0.0,1605.9096444000206,3000,2020-02-07
2020-02-10,15:00,SELL,1000,18.91,18891.09,24.2689118,0.0,0.0,20472.73073260002,2000,2020-02-10
2020-02-11,09:25,BUY,1000,18.81,18828.809999999998,5.3765762,0.0,0.0,1638.5441564000212,3000,2020-02-10
2020-02-11,15:00,SELL,1000,19.23,19210.77,24.594985400000002,0.0,0.0,20824.719171000022,2000,2020-02-11
2020-02-12,09:25,BUY,1000,19.08,19099.079999999998,5.3819816,0.0,0.0,1720.2571894000248,3000,2020-02-11
2020-02-12,15:00,SELL,1000,19.15,19130.85,24.513467,0.0,0.0,20826.593722400023,2000,2020-02-12
2020-02-13,09:25,BUY,1000,19.11,19129.109999999997,5.3825822,0.0,0.0,1692.1011402000258,3000,2020-02-12
2020-02-13,15:00,SELL,1000,18.42,18401.58,23.769611600000005,0.0,0.0,20069.911528600027,2000,2020-02-13
2020-02-14,09:25,BUY,1000,18.26,18278.26,5.3655652,0.0,0.0,1786.285963400027,3000,2020-02-13
2020-02-14,15:00,SELL,1000,18.35,18331.65,23.698283000000004,0.0,0.0,20094.237680400027,2000,2020-02-14
2020-02-17,09:25,BUY,1000,18.44,18458.44,5.3691688,0.0,0.0,1630.4285116000283,3000,2020-02-14
2020-02-17,15:00,SELL,1000,19.19,19170.81,24.554226200000002,0.0,0.0,20776.684285400028,2000,2020-02-17
2020-02-18,09:25,BUY,1000,19.2,19219.199999999997,5.384384,0.0,0.0,1552.09990140003,3000,2020-02-17
2020-02-18,15:00,SELL,1000,18.85,18831.15,24.207773000000003,0.0,0.0,20359.042128400033,2000,2020-02-18
2020-02-19,09:25,BUY,1000,18.65,18668.649999999998,5.373373,0.0,0.0,1685.0187554000368,3000,2020-02-18
2020-02-19,15:00,SELL,1000,18.49,18471.51,23.8409402,0.0,0.0,20132.687815200035,2000,2020-02-19
2020-02-20,09:25,BUY,1000,18.59,18608.589999999997,5.3721718,0.0,0.0,1518.7256434000374,3000,2020-02-19
2020-02-20,15:00,SELL,1000,18.81,18791.19,24.1670138,0.0,0.0,20285.748629600035,2000,2020-02-20
2020-02-21,09:25,BUY,1000,18.67,18688.67,5.3737734,0.0,0.0,1591.7048562000382,3000,2020-02-20
2020-02-21,15:00,SELL,1000,19.6,19580.4,24.972008000000002,0.0,0.0,21147.13284820004,2000,2020-02-21
2020-02-24,09:25,BUY,1000,19.75,19769.749999999996,5.395395,0.0,0.0,1371.987453200043,3000,2020-02-21
2020-02-24,15:00,SELL,1000,20.14,20119.86,25.522257200000002,0.0,0.0,21466.325196000045,2000,2020-02-24
2020-02-25,09:25,BUY,1000,19.65,19669.649999999998,5.393393,0.0,0.0,1791.281803000049,3000,2020-02-24
2020-02-25,15:00,SELL,1000,19.96,19940.04,25.338840800000003,0.0,0.0,21705.98296220005,2000,2020-02-25
2020-02-26,09:25,BUY,1000,19.55,19569.55,5.3913910000000005,0.0,0.0,2131.0415712000504,3000,2020-02-25
2020-02-26,15:00,SELL,1000,18.71,18691.29,24.0651158,0.0,0.0,20798.26645540005,2000,2020-02-26
2020-02-27,09:25,BUY,1000,18.64,18658.64,5.3731728,0.0,0.0,2134.2532826000534,3000,2020-02-26
2020-02-27,15:00,SELL,1000,18.9,18881.1,24.258722,0.0,0.0,20991.094560600053,2000,2020-02-27
2020-02-28,09:25,BUY,1000,18.08,18098.079999999998,5.3619616,0.0,0.0,2887.6525990000555,3000,2020-02-27
2020-02-28,15:00,SELL,1000,17.08,17062.92,22.4041784,0.0,0.0,19928.168420600054,2000,2020-02-28
2020-03-02,09:25,BUY,1000,17.3,17317.3,5.346346,0.0,0.0,2605.522074600056,3000,2020-02-28
2020-03-02,15:00,SELL,1000,17.44,17422.56,22.771011200000004,0.0,0.0,20005.31106340006,2000,2020-03-02
2020-03-03,09:25,BUY,1000,17.83,17847.829999999998,5.3569566,0.0,0.0,2152.12410680006,3000,2020-03-02
2020-03-03,15:00,SELL,1000,17.44,17422.56,22.771011200000004,0.0,0.0,19551.913095600063,2000,2020-03-03
2020-03-04,09:25,BUY,1000,17.23,17247.23,5.3449446,0.0,0.0,2299.3381510000618,3000,2020-03-03
2020-03-04,15:00,SELL,1000,16.76,16743.24,22.078104800000002,0.0,0.0,19020.500046200064,2000,2020-03-04
2020-03-05,09:25,BUY,1000,17.1,17117.1,5.342342,0.0,0.0,1898.057704200066,3000,2020-03-04
2020-03-05,15:00,SELL,1000,17.16,17142.84,22.485696800000003,0.0,0.0,19018.412007400068,2000,2020-03-05
2020-03-06,09:25,BUY,1000,16.83,16846.829999999998,5.3369366,0.0,0.0,2166.245070800069,3000,2020-03-05
2020-03-06,15:00,SELL,1000,16.99,16973.01,22.3124702,0.0,0.0,19116.94260060007,2000,2020-03-06
2020-03-09,09:25,BUY,1000,16.68,16696.679999999997,5.3339336,0.0,0.0,2414.928667000073,3000,2020-03-06
2020-03-09,15:00,SELL,1000,16.18,16163.82,21.487096400000002,0.0,0.0,18557.261570600072,2000,2020-03-09
2020-03-10,09:25,BUY,1000,15.98,15995.979999999998,5.3199196,0.0,0.0,2555.961651000074,3000,2020-03-09
2020-03-10,15:00,SELL,1000,16.59,16573.41,21.904878200000002,0.0,0.0,19107.466772800075,2000,2020-03-10
2020-03-11,09:25,BUY,1000,16.67,16686.67,5.3337334,0.0,0.0,2415.463039400078,3000,2020-03-10
2020-03-11,15:00,SELL,1000,16.54,16523.46,21.8539292,0.0,0.0,18917.06911020008,2000,2020-03-11
2020-03-12,09:25,BUY,1000,16.25,16266.249999999998,5.325325,0.0,0.0,2645.4937852000803,3000,2020-03-11
2020-03-12,15:00,SELL,1000,16.1,16083.900000000001,21.405578000000002,0.0,0.0,18707.988207200084,2000,2020-03-12
2020-03-13,09:25,BUY,1000,15.18,15195.179999999998,5.3039036,0.0,0.0,3507.504303600086,3000,2020-03-12
2020-03-13,15:00,SELL,1000,15.65,15634.35,20.947037,0.0,0.0,19120.907266600087,2000,2020-03-13
2020-03-16,09:25,BUY,1000,15.68,15695.679999999998,5.3139136,0.0,0.0,3419.913353000087,3000,2020-03-13
2020-03-16,15:00,SELL,1000,14.3,14285.7,19.571414000000004,0.0,0.0,17686.04193900009,2000,2020-03-16
2020-03-17,09:25,BUY,1000,14.39,14404.389999999998,5.2880878,0.0,0.0,3276.3638512000925,3000,2020-03-16
2020-03-17,15:00,SELL,1000,13.91,13896.09,19.174011800000002,0.0,0.0,17153.279839400093,2000,2020-03-17
2020-03-18,09:25,BUY,1000,14.05,14064.05,5.281281,0.0,0.0,3083.948558400094,3000,2020-03-17
2020-03-18,15:00,SELL,1000,13.56,13546.44,18.817368800000004,0.0,0.0,16611.571189600094,2000,2020-03-18
2020-03-19,09:25,BUY,1000,13.55,13563.55,5.271271,0.0,0.0,3042.749918600095,3000,2020-03-18
2020-03-19,15:00,SELL,1000,13.51,13496.49,18.7664198,0.0,0.0,16520.473498800093,2000,2020-03-19
2020-03-20,09:25,BUY,1000,13.68,13693.679999999998,5.2738736,0.0,0.0,2821.519625200095,3000,2020-03-19
2020-03-20,15:00,SELL,1000,13.57,13556.43,18.827558600000003,0.0,0.0,16359.122066600095,2000,2020-03-20
2020-03-23,09:25,BUY,1000,13.1,13113.099999999999,5.262262,0.0,0.0,3240.7598046000967,3000,2020-03-20
2020-03-23,15:00,SELL,1000,12.52,12507.48,17.7576296,0.0,0.0,15730.482175000096,2000,2020-03-23
2020-03-24,09:25,BUY,1000,12.75,12762.749999999998,5.255255,0.0,0.0,2962.4769200000974,3000,2020-03-23
2020-03-24,15:00,SELL,1000,13.02,13006.98,18.2671196,0.0,0.0,15951.189800400098,2000,2020-03-24
2020-03-25,09:25,BUY,1000,13.4,13413.399999999998,5.268268,0.0,0.0,2532.5215324001,3000,2020-03-24
2020-03-25,15:00,SELL,1000,13.55,13536.45,18.807179,0.0,0.0,16050.164353400101,2000,2020-03-25
2020-03-26,09:25,BUY,1000,13.41,13423.409999999998,5.2684682,0.0,0.0,2621.4858852001034,3000,2020-03-25
2020-03-26,15:00,SELL,1000,13.29,13276.71,18.5422442,0.0,0.0,15879.653641000103,2000,2020-03-26
2020-03-27,09:25,BUY,1000,13.5,13513.499999999998,5.27027,0.0,0.0,2360.8833710001036,3000,2020-03-26
2020-03-27,15:00,SELL,1000,13.07,13056.93,18.318068600000004,0.0,0.0,15399.495302400104,2000,2020-03-27
2020-03-30,09:25,BUY,1000,12.84,12852.839999999998,5.2570568,0.0,0.0,2541.3982456001067,3000,2020-03-27
2020-03-30,15:00,SELL,1000,12.82,12807.18,18.0633236,0.0,0.0,15330.514922000108,2000,2020-03-30
2020-03-31,09:25,BUY,1000,13.29,13303.289999999999,5.2660658,0.0,0.0,2021.9588562001081,3000,2020-03-30
2020-03-31,15:00,SELL,1000,13.21,13196.79,18.460725800000002,0.0,0.0,15200.28813040011,2000,2020-03-31
2020-04-01,09:25,BUY,1000,13.13,13143.13,5.2628626,0.0,0.0,2051.8952678001097,3000,2020-03-31
2020-04-01,15:00,SELL,1000,13.41,13396.59,18.664521800000003,0.0,0.0,15429.82074600011,2000,2020-04-01
2020-04-02,09:25,BUY,1000,13.34,13353.339999999998,5.2670668,0.0,0.0,2071.213679200113,3000,2020-04-01
2020-04-02,15:00,SELL,1000,13.98,13966.02,19.245340400000003,0.0,0.0,16017.988338800113,2000,2020-04-02
2020-04-03,09:25,BUY,1000,13.9,13913.899999999998,5.278278,0.0,0.0,2098.810060800115,3000,2020-04-02
2020-04-03,15:00,SELL,1000,13.96,13946.04,19.2249608,0.0,0.0,16025.625100000116,2000,2020-04-03
2020-04-07,09:25,BUY,1000,14.35,14364.349999999999,5.287287,0.0,0.0,1655.987813000118,3000,2020-04-03
2020-04-07,15:00,SELL,1000,14.15,14135.85,19.418567000000003,0.0,0.0,15772.419246000118,2000,2020-04-07
2020-04-08,09:25,BUY,1000,14.05,14064.05,5.281281,0.0,0.0,1703.0879650001189,3000,2020-04-07
2020-04-08,15:00,SELL,1000,14.14,14125.86,19.408377200000004,0.0,0.0,15809.53958780012,2000,2020-04-08
2020-04-09,09:25,BUY,1000,14.17,14184.169999999998,5.2836834,0.0,0.0,1620.0859044001209,3000,2020-04-08
2020-04-09,15:00,SELL,1000,13.95,13936.05,19.214771,0.0,0.0,15536.92113340012,2000,2020-04-09
2020-04-10,09:25,BUY,1000,13.94,13953.939999999999,5.2790788,0.0,0.0,1577.7020546001204,3000,2020-04-09
2020-04-10,15:00,SELL,1000,13.62,13606.38,18.8785076,0.0,0.0,15165.20354700012,2000,2020-04-10
2020-04-13,09:25,BUY,1000,13.44,13453.439999999999,5.2690688,0.0,0.0,1706.4944782001203,3000,2020-04-10
2020-04-13,15:00,SELL,1000,13.15,13136.85,18.399587000000004,0.0,0.0,14824.94489120012,2000,2020-04-13
2020-04-14,09:25,BUY,1000,13.28,13293.279999999999,5.2658656,0.0,0.0,1526.3990256001216,3000,2020-04-13
2020-04-14,15:00,SELL,1000,13.81,13796.19,19.072113800000004,0.0,0.0,15303.516911800121,2000,2020-04-14
2020-04-15,09:25,BUY,1000,13.81,13823.809999999998,5.2764762,0.0,0.0,1474.430435600123,3000,2020-04-14
2020-04-15,15:00,SELL,1000,13.87,13856.13,19.1332526,0.0,0.0,15311.427183000122,2000,2020-04-15
2020-04-16,09:25,BUY,1000,13.75,13763.749999999998,5.275275,0.0,0.0,1542.4019080001235,3000,2020-04-15
2020-04-16,15:00,SELL,1000,14.05,14035.95,19.316669,0.0,0.0,15559.035239000124,2000,2020-04-16
2020-04-17,09:25,BUY,1000,14.22,14234.219999999998,5.2846844,0.0,0.0,1319.5305546001273,3000,2020-04-16
2020-04-17,15:00,SELL,1000,13.99,13976.01,19.255530200000003,0.0,0.0,15276.285024400127,2000,2020-04-17
2020-04-20,09:25,BUY,1000,14.06,14074.059999999998,5.2814812,0.0,0.0,1196.94354320013,3000,2020-04-17
2020-04-20,15:00,SELL,1000,14.47,14455.53,19.744640600000004,0.0,0.0,15632.72890260013,2000,2020-04-20
2020-04-21,09:25,BUY,1000,14.3,14314.3,5.286286,0.0,0.0,1313.142616600131,3000,2020-04-20
2020-04-21,15:00,SELL,1000,14.16,14145.84,19.428756800000002,0.0,0.0,15439.553859800131,2000,2020-04-21
2020-04-22,09:25,BUY,1000,14.06,14074.059999999998,5.2814812,0.0,0.0,1360.212378600134,3000,2020-04-21
2020-04-22,15:00,SELL,1000,14.06,14045.94,19.326858800000004,0.0,0.0,15386.825519800135,2000,2020-04-22
2020-04-23,09:25,BUY,1000,14.25,14264.249999999998,5.285285,0.0,0.0,1117.2902348001371,3000,2020-04-22
2020-04-23,15:00,SELL,1000,13.96,13946.04,19.2249608,0.0,0.0,15044.105274000138,2000,2020-04-23
2020-04-24,09:25,BUY,1000,13.96,13973.96,5.2794792,0.0,0.0,1064.8657948001382,3000,2020-04-23
2020-04-24,15:00,SELL,1000,13.95,13936.05,19.214771,0.0,0.0,14981.701023800137,2000,2020-04-24
2020-04-27,09:25,BUY,1000,14.0,14013.999999999998,5.28028,0.0,0.0,962.4207438001376,3000,2020-04-24
2020-04-27,15:00,SELL,1000,13.95,13936.05,19.214771,0.0,0.0,14879.255972800136,2000,2020-04-27
2020-04-28,09:25,BUY,1000,14.01,14024.009999999998,5.2804802,0.0,0.0,849.9654926001385,3000,2020-04-27
2020-04-28,15:00,SELL,1000,14.21,14195.79,19.4797058,0.0,0.0,15026.275786800139,2000,2020-04-28
2020-04-29,09:25,BUY,1000,14.16,14174.159999999998,5.2834832,0.0,0.0,846.8323036001402,3000,2020-04-28
2020-04-29,15:00,SELL,1000,14.24,14225.76,19.510275200000002,0.0,0.0,15053.08202840014,2000,2020-04-29
2020-04-30,09:25,BUY,1000,14.31,14324.309999999998,5.2864862,0.0,0.0,723.4855422001419,3000,2020-04-29
2020-04-30,15:00,SELL,1000,14.69,14675.31,19.9688162,0.0,0.0,15378.826726000141,2000,2020-04-30
2020-05-06,09:25,BUY,1000,14.43,14444.429999999998,5.2888886,0.0,0.0,929.1078374001427,3000,2020-04-30
2020-05-06,15:00,SELL,1000,14.76,14745.24,20.0401448,0.0,0.0,15654.307692600143,2000,2020-05-06
2020-05-07,09:25,BUY,1000,14.75,14764.749999999998,5.295295,0.0,0.0,884.262397600145,3000,2020-05-06
2020-05-07,15:00,SELL,1000,14.38,14365.62,19.652932400000005,0.0,0.0,15230.229465200146,2000,2020-05-07
2020-05-08,09:25,BUY,1000,14.48,14494.479999999998,5.2898896,0.0,0.0,730.4595756001472,3000,2020-05-07
2020-05-08,15:00,SELL,1000,14.44,14425.56,19.7140712,0.0,0.0,15136.305504400147,2000,2020-05-08
2020-05-11,09:25,BUY,1000,14.5,14514.499999999998,5.29029,0.0,0.0,616.5152144001477,3000,2020-05-08
2020-05-11,15:00,SELL,1000,14.52,14505.48,19.7955896,0.0,0.0,15102.199624800147,2000,2020-05-11
2020-05-12,09:25,BUY,1000,14.45,14464.449999999999,5.289289,0.0,0.0,632.4603358001477,3000,2020-05-11
2020-05-12,15:00,SELL,1000,14.23,14215.77,19.500085400000003,0.0,0.0,14828.730250400147,2000,2020-05-12
2020-05-13,09:25,BUY,1000,14.1,14114.099999999999,5.282282,0.0,0.0,709.3479684001486,3000,2020-05-12
2020-05-13,15:00,SELL,1000,14.18,14165.82,19.4491364,0.0,0.0,14855.718832000148,2000,2020-05-13
2020-05-14,09:25,BUY,1000,14.07,14084.069999999998,5.2816814,0.0,0.0,766.3671506001501,3000,2020-05-13
2020-05-14,15:00,SELL,1000,13.69,13676.31,18.9498362,0.0,0.0,14423.72731440015,2000,2020-05-14
2020-05-15,09:25,BUY,1000,13.74,13753.739999999998,5.2750748,0.0,0.0,664.7122396001523,3000,2020-05-14
2020-05-15,15:00,SELL,1000,13.79,13776.21,19.0517342,0.0,0.0,14421.870505400151,2000,2020-05-15
2020-05-18,09:25,BUY,1000,13.63,13643.63,5.2728726,0.0,0.0,772.9676328001515,3000,2020-05-15
2020-05-18,15:00,SELL,1000,13.49,13476.51,18.746040200000003,0.0,0.0,14230.731592600152,2000,2020-05-18
2020-05-19,09:25,BUY,1000,13.54,13553.539999999999,5.2710708,0.0,0.0,671.9205218001534,3000,2020-05-18
2020-05-19,15:00,SELL,1000,13.78,13766.22,19.0415444,0.0,0.0,14419.098977400154,2000,2020-05-19
2020-05-20,09:25,BUY,1000,13.79,13803.789999999999,5.2760758,0.0,0.0,610.0329016001542,3000,2020-05-19
2020-05-20,15:00,SELL,1000,13.85,13836.15,19.112873,0.0,0.0,14427.070028600154,2000,2020-05-20
2020-05-21,09:25,BUY,1000,13.88,13893.88,5.2778776,0.0,0.0,527.9121510001551,3000,2020-05-20
2020-05-21,15:00,SELL,1000,13.6,13586.4,18.858128,0.0,0.0,14095.454023000155,2000,2020-05-21
2020-05-22,09:25,BUY,1000,13.58,13593.579999999998,5.2718716,0.0,0.0,496.6021514001568,3000,2020-05-21
2020-05-22,15:00,SELL,1000,13.26,13246.74,18.5116748,0.0,0.0,13724.830476600157,2000,2020-05-22
2020-05-25,09:25,BUY,1000,13.25,13263.249999999998,5.265265,0.0,0.0,456.31521160015836,3000,2020-05-22
2020-05-25,15:00,SELL,1000,13.12,13106.88,18.3690176,0.0,0.0,13544.826194000158,2000,2020-05-25
2020-05-26,09:25,BUY,1000,13.18,13193.179999999998,5.2638636,0.0,0.0,346.38233040015984,3000,2020-05-25
2020-05-26,15:00,SELL,1000,13.5,13486.5,18.756230000000002,0.0,0.0,13814.126100400159,2000,2020-05-26
2020-05-27,09:25,BUY,1000,13.56,13573.559999999998,5.2714712,0.0,0.0,235.29462920016158,3000,2020-05-26
2020-05-27,15:00,SELL,1000,13.48,13466.52,18.735850400000004,0.0,0.0,13683.078778800162,2000,2020-05-27
2020-05-28,09:25,BUY,1000,13.5,13513.499999999998,5.27027,0.0,0.0,164.3085088001626,3000,2020-05-27
2020-05-28,15:00,SELL,1000,13.46,13446.54,18.715470800000002,0.0,0.0,13592.133038000164,2000,2020-05-28
2020-05-29,09:25,BUY,1000,13.4,13413.399999999998,5.268268,0.0,0.0,173.46477000016603,3000,2020-05-28
2020-05-29,15:00,SELL,1000,13.41,13396.59,18.664521800000003,0.0,0.0,13551.390248200167,2000,2020-05-29
2020-06-01,09:25,BUY,1000,13.46,13473.46,5.2694692,0.0,0.0,72.66077900016717,3000,2020-05-29
2020-06-01,15:00,SELL,1000,13.88,13866.12,19.1434424,0.0,0.0,13919.637336600168,2000,2020-06-01
2020-06-02,09:25,BUY,1000,13.9,13913.899999999998,5.278278,0.0,0.0,0.45905860017046507,3000,2020-06-01
2020-06-02,15:00,SELL,1000,14.16,14145.84,19.428756800000002,0.0,0.0,14126.87030180017,2000,2020-06-02
2020-06-03,09:25,BUY,1000,14.27,14284.269999999999,5.2856854,0.0,162.68538359982813,0.0,3000,2020-06-02
2020-06-03,15:00,SELL,1000,14.22,14205.78,19.489895600000004,0.0,0.0,14186.290104400001,2000,2020-06-03
2020-06-04,09:25,BUY,1000,14.25,14264.249999999998,5.285285,0.0,83.24518059999718,0.0,3000,2020-06-03
2020-06-04,15:00,SELL,1000,14.16,14145.84,19.428756800000002,0.0,0.0,14126.4112432,2000,2020-06-04
2020-06-05,09:25,BUY,1000,14.16,14174.159999999998,5.2834832,0.0,53.03223999999864,0.0,3000,2020-06-04
2020-06-05,15:00,SELL,1000,14.08,14065.92,19.347238400000002,0.0,0.0,14046.5727616,2000,2020-06-05
2020-06-08,09:25,BUY,1000,14.25,14264.249999999998,5.285285,0.0,222.96252339999774,0.0,3000,2020-06-05
2020-06-08,15:00,SELL,1000,14.26,14245.74,19.5306548,0.0,0.0,14226.209345199999,2000,2020-06-08
2020-06-09,09:25,BUY,1000,14.4,14414.399999999998,5.288288,0.0,193.47894279999855,0.0,3000,2020-06-08
2020-06-09,15:00,SELL,1000,14.55,14535.45,19.826159000000004,0.0,0.0,14515.623841,2000,2020-06-09
2020-06-10,09:25,BUY,1000,14.56,14574.559999999998,5.2914912,0.0,64.22765019999679,0.0,3000,2020-06-09
2020-06-10,15:00,SELL,1000,14.28,14265.72,19.5510344,0.0,0.0,14246.1689656,2000,2020-06-10
2020-06-11,09:25,BUY,1000,14.25,14264.249999999998,5.285285,0.0,23.366319399998247,0.0,3000,2020-06-10
2020-06-11,15:00,SELL,1000,14.02,14005.98,19.2860996,0.0,0.0,13986.6939004,2000,2020-06-11
2020-06-12,09:25,BUY,1000,13.7,13713.699999999999,5.274274,0.0,0.0,267.7196264000013,3000,2020-06-11
2020-06-12,15:00,SELL,1000,13.81,13796.19,19.072113800000004,0.0,0.0,14044.837512600001,2000,2020-06-12
2020-06-15,09:25,BUY,1000,13.68,13693.679999999998,5.2738736,0.0,0.0,345.8836390000033,3000,2020-06-12
2020-06-15,15:00,SELL,1000,13.67,13656.33,18.9294566,0.0,0.0,13983.284182400002,2000,2020-06-15
2020-06-16,09:25,BUY,1000,13.74,13753.739999999998,5.2750748,0.0,0.0,224.26910760000465,3000,2020-06-15
2020-06-16,15:00,SELL,1000,14.03,14015.97,19.2962894,0.0,0.0,14220.942818200005,2000,2020-06-16
2020-06-17,09:25,BUY,1000,13.97,13983.97,5.2796794,0.0,0.0,231.69313880000482,3000,2020-06-16
2020-06-17,15:00,SELL,1000,14.25,14235.75,19.520465,0.0,0.0,14447.922673800005,2000,2020-06-17
2020-06-18,09:25,BUY,1000,14.25,14264.249999999998,5.285285,0.0,0.0,178.3873888000071,3000,2020-06-17
2020-06-18,15:00,SELL,1000,14.4,14385.6,19.673312000000003,0.0,0.0,14544.314076800007,2000,2020-06-18
2020-06-19,09:25,BUY,1000,14.43,14444.429999999998,5.2888886,0.0,0.0,94.59518820000812,3000,2020-06-18
2020-06-19,15:00,SELL,1000,14.35,14335.65,19.622363,0.0,0.0,14410.622825200007,2000,2020-06-19
2020-06-22,09:25,BUY,1000,14.36,14374.359999999999,5.2874872,0.0,0.0,30.975338000009287,3000,2020-06-19
2020-06-22,15:00,SELL,1000,14.4,14385.6,19.673312000000003,0.0,0.0,14396.902026000009,2000,2020-06-22
2020-06-23,09:25,BUY,1000,14.36,14374.359999999999,5.2874872,0.0,0.0,17.254538800010778,3000,2020-06-22
2020-06-23,15:00,SELL,1000,14.11,14095.89,19.3778078,0.0,0.0,14093.76673100001,2000,2020-06-23
2020-06-24,09:25,BUY,1000,14.15,14164.149999999998,5.283283,0.0,75.66655199998786,0.0,3000,2020-06-23
2020-06-24,15:00,SELL,1000,15.52,15504.48,20.8145696,0.0,0.0,15483.6654304,2000,2020-06-24
2020-06-29,09:25,BUY,1000,15.49,15505.489999999998,5.3101098,0.0,27.134679399998276,0.0,3000,2020-06-24
2020-06-29,15:00,SELL,1000,15.22,15204.78,20.508875600000003,0.0,0.0,15184.2711244,2000,2020-06-29
2020-06-30,09:25,BUY,1000,15.19,15205.189999999999,5.3041038,0.0,106.22297939999771,80.0,3000,2020-06-29
2020-06-30,15:00,SELL,1000,15.15,15134.85,20.437547000000002,40.0,0.0,15554.412453,2000,2020-06-30
2020-07-01,09:25,BUY,1000,15.2,15215.199999999999,5.304304,0.0,0.0,333.9081490000026,3000,2020-06-30
2020-07-01,15:00,SELL,1000,15.42,15404.58,20.7126716,40.0,0.0,15677.775477400002,2000,2020-07-01
2020-07-02,09:25,BUY,1000,15.34,15355.339999999998,5.3071068,0.0,0.0,317.1283706000031,3000,2020-07-01
2020-07-02,15:00,SELL,1000,15.61,15594.39,20.906277799999998,0.0,0.0,15890.612092800002,2000,2020-07-02
2020-07-03,09:25,BUY,1000,15.65,15665.649999999998,5.313313,0.0,0.0,219.64877980000347,3000,2020-07-02
2020-07-03,15:00,SELL,1000,15.91,15894.09,21.2119718,0.0,0.0,16092.526808000004,2000,2020-07-03
2020-07-06,09:25,BUY,1000,16.21,16226.209999999997,5.3245242,0.0,139.0077161999925,0.0,3000,2020-07-03
2020-07-06,15:00,SELL,1000,16.49,16473.51,21.8029802,0.0,0.0,16451.7070198,2000,2020-07-06
2020-07-07,09:25,BUY,1000,16.5,16516.5,5.33033,0.0,70.12331020000056,0.0,3000,2020-07-06
2020-07-07,15:00,SELL,1000,16.38,16363.619999999999,21.6908924,0.0,0.0,16341.929107599999,2000,2020-07-07
2020-07-08,09:25,BUY,1000,16.3,16316.299999999997,5.326326,0.0,0.0,20.302781600001254,3000,2020-07-07
2020-07-08,15:00,SELL,1000,16.4,16383.6,21.711272,0.0,0.0,16382.191509600001,2000,2020-07-08
2020-07-09,09:25,BUY,1000,16.38,16396.379999999997,5.3279276,0.0,19.51641799999561,0.0,3000,2020-07-08
2020-07-09,15:00,SELL,1000,16.72,16703.28,22.0373456,0.0,0.0,16681.242654399997,2000,2020-07-09
2020-07-10,09:25,BUY,1000,16.68,16696.679999999997,5.3339336,0.0,20.77127919999839,0.0,3000,2020-07-09
2020-07-10,15:00,SELL,1000,16.03,16013.970000000001,21.3342494,0.0,0.0,15992.6357506,2000,2020-07-10
2020-07-13,09:25,BUY,1000,15.96,15975.96,5.3195192,0.0,0.0,11.35623140000098,3000,2020-07-10
2020-07-13,15:00,SELL,1000,16.5,16483.5,21.81317,0.0,0.0,16473.0430614,2000,2020-07-13
2020-07-14,09:25,BUY,1000,16.53,16546.53,5.3309306,0.0,78.81786920000013,0.0,3000,2020-07-13
2020-07-14,15:00,SELL,1000,16.59,16573.41,21.904878200000002,0.0,0.0,16551.5051218,2000,2020-07-14
2020-07-15,09:25,BUY,1000,16.83,16846.829999999998,5.3369366,0.0,300.66181479999796,0.0,3000,2020-07-14
2020-07-15,15:00,SELL,1000,16.2,16183.8,21.507476,0.0,0.0,16162.292523999999,2000,2020-07-15
2020-07-16,09:25,BUY,1000,16.13,16146.129999999996,5.3229226,0.0,0.0,10.83960140000272,3000,2020-07-15
2020-07-16,15:00,SELL,1000,14.87,14855.13,20.152232599999998,0.0,0.0,14845.817368800002,2000,2020-07-16
2020-07-17,09:25,BUY,1000,15.08,15095.079999999998,5.3019016,0.0,254.5645327999955,0.0,3000,2020-07-16
2020-07-17,15:00,SELL,1000,14.79,14775.21,20.070714199999998,0.0,0.0,14755.1392858,2000,2020-07-17
2020-07-20,09:25,BUY,1000,14.88,14894.88,5.2978976,0.0,145.03861179999876,0.0,3000,2020-07-17
2020-07-20,15:00,SELL,1000,15.29,15274.71,20.5802042,0.0,0.0,15254.1297958,2000,2020-07-20
2020-07-21,09:25,BUY,1000,15.4,15415.399999999998,5.308308,0.0,166.57851219999793,0.0,3000,2020-07-20
2020-07-21,15:00,SELL,1000,15.43,15414.57,20.7228614,0.0,0.0,15393.8471386,2000,2020-07-21
2020-07-22,09:25,BUY,1000,15.44,15455.439999999999,5.3091088,0.0,66.90197019999869,0.0,3000,2020-07-21
2020-07-22,15:00,SELL,1000,15.36,15344.64,20.6515328,0.0,0.0,15323.988467199999,2000,2020-07-22
2020-07-23,09:25,BUY,1000,15.17,15185.169999999998,5.3037034,0.0,0.0,133.51476379999986,3000,2020-07-22
2020-07-23,15:00,SELL,1000,14.98,14965.02,20.264320400000003,0.0,0.0,15078.2704434,2000,2020-07-23
2020-07-24,09:25,BUY,1000,14.92,14934.919999999998,5.2986984,0.0,0.0,138.05174500000248,3000,2020-07-23
2020-07-24,15:00,SELL,1000,14.16,14145.84,19.428756800000002,0.0,0.0,14264.462988200003,2000,2020-07-24
2020-07-27,09:25,BUY,1000,14.23,14244.229999999998,5.2848846,0.0,0.0,14.948103600005197,3000,2020-07-24
2020-07-27,15:00,SELL,1000,14.01,13995.99,19.2759098,0.0,0.0,13991.662193800004,2000,2020-07-27
2020-07-28,09:25,BUY,1000,14.15,14164.149999999998,5.283283,0.0,177.7710891999941,0.0,3000,2020-07-27
2020-07-28,15:00,SELL,1000,14.21,14195.79,19.4797058,0.0,0.0,14176.3102942,2000,2020-07-28
2020-07-29,09:25,BUY,1000,14.22,14234.219999999998,5.2846844,0.0,63.19439019999663,0.0,3000,2020-07-28
2020-07-29,15:00,SELL,1000,14.51,14495.49,19.7853998,0.0,0.0,14475.7046002,2000,2020-07-29
2020-07-30,09:25,BUY,1000,14.51,14524.509999999998,5.2904902,0.0,54.09588999999687,0.0,3000,2020-07-29
2020-07-30,15:00,SELL,1000,14.29,14275.71,19.561224199999998,0.0,0.0,14256.148775799998,2000,2020-07-30
2020-07-31,09:25,BUY,1000,14.28,14294.279999999999,5.2858856,0.0,43.41710980000062,0.0,3000,2020-07-30
2020-07-31,15:00,SELL,1000,14.59,14575.41,19.8669182,0.0,0.0,14555.5430818,2000,2020-07-31
2020-08-03,09:25,BUY,1000,14.68,14694.679999999998,5.2938936,0.0,144.43081179999717,0.0,3000,2020-07-31
2020-08-03,15:00,SELL,1000,14.89,14875.11,20.172612200000003,0.0,0.0,14854.9373878,2000,2020-08-03
2020-08-04,09:25,BUY,1000,14.9,14914.899999999998,5.298298,0.0,65.26091019999694,0.0,3000,2020-08-03
2020-08-04,15:00,SELL,1000,14.68,14665.32,19.9586264,0.0,0.0,14645.361373599999,2000,2020-08-04
2020-08-05,09:25,BUY,1000,14.83,14844.829999999998,5.2968966,0.0,204.76552300000003,0.0,3000,2020-08-04
2020-08-05,15:00,SELL,1000,14.61,14595.39,19.8872978,0.0,0.0,14575.5027022,2000,2020-08-05
2020-08-06,09:25,BUY,1000,14.65,14664.649999999998,5.293293,0.0,94.44059079999897,0.0,3000,2020-08-05
2020-08-06,15:00,SELL,1000,14.5,14485.5,19.77521,0.0,0.0,14465.72479,2000,2020-08-06
2020-08-07,09:25,BUY,1000,14.48,14494.479999999998,5.2898896,0.0,34.04509959999814,0.0,3000,2020-08-06
2020-08-07,15:00,SELL,1000,14.3,14285.7,19.571414000000004,0.0,0.0,14266.128586,2000,2020-08-07
2020-08-10,09:25,BUY,1000,14.19,14204.189999999999,5.2840838,0.0,0.0,56.65450220000275,3000,2020-08-07
2020-08-10,15:00,SELL,1000,14.41,14395.59,19.683501800000002,0.0,0.0,14432.561000400003,2000,2020-08-10
2020-08-11,09:25,BUY,1000,14.4,14414.399999999998,5.288288,0.0,0.0,12.872712400005184,3000,2020-08-10
2020-08-11,15:00,SELL,1000,14.16,14145.84,19.428756800000002,0.0,0.0,14139.283955600005,2000,2020-08-11
2020-08-12,09:25,BUY,1000,14.38,14394.38,5.2878876,0.0,260.38393199999337,0.0,3000,2020-08-11
2020-08-12,15:00,SELL,1000,15.14,15124.86,20.427357200000003,0.0,0.0,15104.4326428,2000,2020-08-12
2020-08-13,09:25,BUY,1000,15.27,15285.269999999999,5.3057054,0.0,186.1430625999983,0.0,3000,2020-08-12
2020-08-13,15:00,SELL,1000,15.17,15154.83,20.4579266,0.0,0.0,15134.3720734,2000,2020-08-13
2020-08-14,09:25,BUY,1000,15.01,15025.009999999998,5.3005002,0.0,0.0,104.06157320000057,3000,2020-08-13
2020-08-14,15:00,SELL,1000,15.03,15014.97,20.3152694,0.0,0.0,15098.7163038,2000,2020-08-14
2020-08-17,09:25,BUY,1000,15.09,15105.089999999998,5.3021018,0.0,11.675797999998395,0.0,3000,2020-08-14
2020-08-17,15:00,SELL,1000,15.28,15264.72,20.570014399999998,0.0,0.0,15244.1499856,2000,2020-08-17
2020-08-18,09:25,BUY,1000,15.3,15315.299999999997,5.306306,0.0,76.45632039999873,0.0,3000,2020-08-17
2020-08-18,15:00,SELL,1000,15.18,15164.82,20.4681164,0.0,0.0,15144.3518836,2000,2020-08-18
2020-08-19,09:25,BUY,1000,15.18,15195.179999999998,5.3039036,0.0,56.13201999999728,0.0,3000,2020-08-18
2020-08-19,15:00,SELL,1000,14.85,14835.15,20.131853,0.0,0.0,14815.018146999999,2000,2020-08-19
2020-08-20,09:25,BUY,1000,14.75,14764.749999999998,5.295295,0.0,0.0,44.972852000000785,3000,2020-08-19
2020-08-20,15:00,SELL,1000,14.83,14815.17,20.1114734,0.0,0.0,14840.0313786,2000,2020-08-20
2020-08-21,09:25,BUY,1000,15.0,15014.999999999998,5.3003,0.0,180.26892139999836,0.0,3000,2020-08-20
2020-08-21,15:00,SELL,1000,14.8,14785.2,20.080904000000004,0.0,0.0,14765.119096,2000,2020-08-21
2020-08-24,09:25,BUY,1000,14.86,14874.859999999999,5.2974972000000005,0.0,115.03840119999768,0.0,3000,2020-08-21
2020-08-24,15:00,SELL,1000,14.99,14975.01,20.2745102,0.0,0.0,14954.7354898,2000,2020-08-24
2020-08-25,09:25,BUY,1000,15.04,15055.039999999999,5.3011008,0.0,105.60561099999904,0.0,3000,2020-08-24
2020-08-25,15:00,SELL,1000,15.09,15074.91,20.3764082,0.0,0.0,15054.5335918,2000,2020-08-25
2020-08-26,09:25,BUY,1000,15.08,15095.079999999998,5.3019016,0.0,45.84830979999788,0.0,3000,2020-08-25
2020-08-26,15:00,SELL,1000,14.54,14525.46,19.815969199999998,0.0,0.0,14505.644030799998,2000,2020-08-26
2020-08-27,09:25,BUY,1000,14.6,14614.599999999999,5.292292,0.0,114.24826120000034,0.0,3000,2020-08-26
2020-08-27,15:00,SELL,1000,14.65,14635.35,19.928057000000003,0.0,0.0,14615.421943000001,2000,2020-08-27
2020-08-28,09:25,BUY,1000,14.56,14574.559999999998,5.2914912,0.0,0.0,35.570451800003866,3000,2020-08-27
2020-08-28,15:00,SELL,1000,14.75,14735.25,20.029955,0.0,0.0,14750.790496800004,2000,2020-08-28
2020-08-31,09:25,BUY,1000,14.84,14854.839999999998,5.2970968,0.0,109.3465999999953,0.0,3000,2020-08-28
2020-08-31,15:00,SELL,1000,14.74,14725.26,20.019765200000002,0.0,0.0,14705.2402348,2000,2020-08-31
2020-09-01,09:25,BUY,1000,14.67,14684.669999999998,5.2936934,0.0,0.0,15.276541400000497,3000,2020-08-31
2020-09-01,15:00,SELL,1000,14.73,14715.27,20.009575400000003,0.0,0.0,14710.536966000001,2000,2020-09-01
2020-09-02,09:25,BUY,1000,14.72,14734.719999999998,5.2946944,0.0,29.477728399995613,0.0,3000,2020-09-01
2020-09-02,15:00,SELL,1000,14.77,14755.23,20.0503346,0.0,0.0,14735.179665399999,2000,2020-09-02
2020-09-03,09:25,BUY,1000,14.84,14854.839999999998,5.2970968,0.0,124.95743140000013,0.0,3000,2020-09-02
2020-09-03,15:00,SELL,1000,14.51,14495.49,19.7853998,0.0,0.0,14475.7046002,2000,2020-09-03
2020-09-04,09:25,BUY,1000,14.29,14304.289999999999,5.2860858,0.0,0.0,166.12851440000122,3000,2020-09-03
2020-09-04,15:00,SELL,1000,14.17,14155.83,19.4389466,0.0,0.0,14302.519567800002,2000,2020-09-04
2020-09-07,09:25,BUY,1000,14.01,14024.009999999998,5.2804802,0.0,0.0,273.2290876000043,3000,2020-09-04
2020-09-07,15:00,SELL,1000,13.94,13926.06,19.2045812,0.0,0.0,14180.084506400004,2000,2020-09-07
2020-09-08,09:25,BUY,1000,13.94,13953.939999999999,5.2790788,0.0,0.0,220.8654276000052,3000,2020-09-07
2020-09-08,15:00,SELL,1000,14.21,14195.79,19.4797058,0.0,0.0,14397.175721800006,2000,2020-09-08
2020-09-09,09:25,BUY,1000,14.06,14074.059999999998,5.2814812,0.0,0.0,317.83424060000834,3000,2020-09-08
2020-09-09,15:00,SELL,1000,13.91,13896.09,19.174011800000002,0.0,0.0,14194.750228800009,2000,2020-09-09
2020-09-10,09:25,BUY,1000,14.0,14013.999999999998,5.28028,0.0,0.0,175.46994880000966,3000,2020-09-09
2020-09-10,15:00,SELL,1000,13.56,13546.44,18.817368800000004,0.0,0.0,13703.09258000001,2000,2020-09-10
2020-09-11,09:25,BUY,1000,13.47,13483.47,5.2696694,0.0,0.0,214.35291060000964,3000,2020-09-10
2020-09-11,15:00,SELL,1000,13.62,13606.38,18.8785076,0.0,0.0,13801.854403000008,2000,2020-09-11
2020-09-14,09:25,BUY,1000,13.62,13633.619999999999,5.2726724,0.0,0.0,162.9617306000091,3000,2020-09-11
2020-09-14,15:00,SELL,1000,13.85,13836.15,19.112873,0.0,0.0,13979.998857600009,2000,2020-09-14
2020-09-15,09:25,BUY,1000,13.83,13843.829999999998,5.2768766,0.0,0.0,130.89198100000976,3000,2020-09-14
2020-09-15,15:00,SELL,1000,13.73,13716.27,18.990595400000004,0.0,0.0,13828.17138560001,2000,2020-09-15
2020-09-16,09:25,BUY,1000,13.69,13703.689999999999,5.2740738,0.0,0.0,119.20731180001167,3000,2020-09-15
2020-09-16,15:00,SELL,1000,13.6,13586.4,18.858128,0.0,0.0,13686.749183800011,2000,2020-09-16
2020-09-17,09:25,BUY,1000,13.56,13573.559999999998,5.2714712,0.0,0.0,107.91771260001406,3000,2020-09-16
2020-09-17,15:00,SELL,1000,13.56,13546.44,18.817368800000004,0.0,0.0,13635.540343800014,2000,2020-09-17
2020-09-18,09:25,BUY,1000,13.57,13583.569999999998,5.2716714,0.0,0.0,46.69867240001622,3000,2020-09-17
2020-09-18,15:00,SELL,1000,13.82,13806.18,19.082303600000003,0.0,0.0,13833.796368800016,2000,2020-09-18
2020-09-21,09:25,BUY,1000,13.81,13823.809999999998,5.2764762,0.0,0.0,4.709892600018065,3000,2020-09-18
2020-09-21,15:00,SELL,1000,13.74,13726.26,19.000785200000003,0.0,0.0,13711.969107400018,2000,2020-09-21
2020-09-22,09:25,BUY,1000,13.65,13663.649999999998,5.273273,0.0,0.0,43.045834400019885,3000,2020-09-21
2020-09-22,15:00,SELL,1000,13.56,13546.44,18.817368800000004,0.0,0.0,13570.66846560002,2000,2020-09-22
2020-09-23,09:25,BUY,1000,13.63,13643.63,5.2728726,0.0,78.23440699997991,0.0,3000,2020-09-22
2020-09-23,15:00,SELL,1000,13.57,13556.43,18.827558600000003,0.0,0.0,13537.6024414,2000,2020-09-23
2020-09-24,09:25,BUY,1000,13.45,13463.449999999999,5.2692689999999995,0.0,0.0,68.88317240000106,3000,2020-09-23
2020-09-24,15:00,SELL,1000,13.23,13216.77,18.4811054,0.0,0.0,13267.172067000001,2000,2020-09-24
2020-09-25,09:25,BUY,1000,13.31,13323.309999999998,5.2664662,0.0,61.40439919999699,0.0,3000,2020-09-24
2020-09-25,15:00,SELL,1000,13.17,13156.83,18.419966600000002,0.0,0.0,13138.4100334,2000,2020-09-25
2020-09-28,09:25,BUY,1000,13.2,13213.199999999999,5.264264,0.0,80.05423059999885,0.0,3000,2020-09-25
2020-09-28,15:00,SELL,1000,13.28,13266.72,18.5320544,0.0,0.0,13248.187945599999,2000,2020-09-28
2020-09-29,09:25,BUY,1000,13.32,13333.319999999998,5.2666664,0.0,90.39872079999986,0.0,3000,2020-09-28
2020-09-29,15:00,SELL,1000,13.56,13546.44,18.817368800000004,0.0,0.0,13527.6226312,2000,2020-09-29
2020-09-30,09:25,BUY,1000,13.6,13613.599999999999,5.272272,0.0,91.24964079999882,0.0,3000,2020-09-29
2020-09-30,15:00,SELL,1000,13.59,13576.41,18.8479382,0.0,0.0,13557.5620618,2000,2020-09-30
2020-10-09,09:25,BUY,1000,13.81,13823.809999999998,5.2764762,0.0,271.52441439999893,0.0,3000,2020-09-30
2020-10-09,15:00,SELL,1000,13.85,13836.15,19.112873,0.0,0.0,13817.037127,2000,2020-10-09
2020-10-12,09:25,BUY,1000,13.9,13913.899999999998,5.278278,0.0,102.14115099999799,0.0,3000,2020-10-09
2020-10-12,15:00,SELL,1000,14.02,14005.98,19.2860996,0.0,0.0,13986.6939004,2000,2020-10-12
2020-10-13,09:25,BUY,1000,14.0,14013.999999999998,5.28028,0.0,32.58637959999942,0.0,3000,2020-10-12
2020-10-13,15:00,SELL,1000,13.93,13916.07,19.1943914,0.0,0.0,13896.8756086,2000,2020-10-13
2020-10-14,09:25,BUY,1000,13.8,13813.8,5.276276,0.0,0.0,77.79933259999962,3000,2020-10-13
2020-10-14,15:00,SELL,1000,13.73,13716.27,18.990595400000004,0.0,0.0,13775.0787372,2000,2020-10-14
2020-10-15,09:25,BUY,1000,13.75,13763.749999999998,5.275275,0.0,0.0,6.053462200001377,3000,2020-10-14
2020-10-15,15:00,SELL,1000,13.75,13736.25,19.010975000000002,0.0,0.0,13723.292487200002,2000,2020-10-15
2020-10-16,09:25,BUY,1000,13.88,13893.88,5.2778776,0.0,175.8653903999966,0.0,3000,2020-10-15
2020-10-16,15:00,SELL,1000,13.78,13766.22,19.0415444,0.0,0.0,13747.1784556,2000,2020-10-16
2020-10-19,09:25,BUY,1000,13.9,13913.899999999998,5.278278,0.0,171.99982239999736,0.0,3000,2020-10-16
2020-10-19,15:00,SELL,1000,13.86,13846.14,19.1230628,0.0,0.0,13827.0169372,2000,2020-10-19
2020-10-20,09:25,BUY,1000,13.82,13833.819999999998,5.2766764,0.0,12.079739199998585,0.0,3000,2020-10-19
2020-10-20,15:00,SELL,1000,13.85,13836.15,19.112873,0.0,0.0,13817.037127,2000,2020-10-20
2020-10-21,09:25,BUY,1000,13.82,13833.819999999998,5.2766764,0.0,22.059549399999014,0.0,3000,2020-10-20
2020-10-21,15:00,SELL,1000,13.64,13626.36,18.8988872,0.0,0.0,13607.4611128,2000,2020-10-21
2020-10-22,09:25,BUY,1000,13.58,13593.579999999998,5.2718716,0.0,0.0,8.609241200001634,3000,2020-10-21
2020-10-22,15:00,SELL,1000,13.66,13646.34,18.919266800000003,0.0,0.0,13636.029974400002,2000,2020-10-22
2020-10-23,09:25,BUY,1000,13.67,13683.669999999998,5.2736734,0.0,52.91369899999518,0.0,3000,2020-10-22
2020-10-23,15:00,SELL,1000,13.59,13576.41,18.8479382,0.0,0.0,13557.5620618,2000,2020-10-23
2020-10-26,09:25,BUY,1000,13.57,13583.569999999998,5.2716714,0.0,31.279609599998366,0.0,3000,2020-10-23
2020-10-26,15:00,SELL,1000,13.68,13666.32,18.9396464,0.0,0.0,13647.3803536,2000,2020-10-26
2020-10-27,09:25,BUY,1000,13.59,13603.589999999998,5.2720718,0.0,0.0,38.518281800001205,3000,2020-10-26
2020-10-27,15:00,SELL,1000,13.87,13856.13,19.1332526,0.0,0.0,13875.5150292,2000,2020-10-27
2020-10-28,09:25,BUY,1000,13.93,13943.929999999998,5.2788786,0.0,73.69384939999873,0.0,3000,2020-10-27
2020-10-28,15:00,SELL,1000,13.94,13926.06,19.2045812,0.0,0.0,13906.8554188,2000,2020-10-28
2020-10-29,09:25,BUY,1000,13.76,13773.759999999998,5.2754752,0.0,0.0,127.81994360000135,3000,2020-10-28
2020-10-29,15:00,SELL,1000,13.96,13946.04,19.2249608,0.0,0.0,14054.634982800002,2000,2020-10-29
2020-10-30,09:25,BUY,1000,13.9,13913.899999999998,5.278278,0.0,0.0,135.45670480000445,3000,2020-10-29
2020-10-30,15:00,SELL,1000,13.65,13636.35,18.909077000000003,0.0,0.0,13752.897627800005,2000,2020-10-30
2020-11-02,09:25,BUY,1000,13.4,13413.399999999998,5.268268,0.0,0.0,334.22935980000693,3000,2020-10-30
2020-11-02,15:00,SELL,1000,13.16,13146.84,18.409776800000003,0.0,0.0,13462.659583000008,2000,2020-11-02
2020-11-03,09:25,BUY,1000,13.18,13193.179999999998,5.2638636,0.0,0.0,264.21571940001013,3000,2020-11-02
2020-11-03,15:00,SELL,1000,13.38,13366.62,18.633952400000002,0.0,0.0,13612.201767000011,2000,2020-11-03
2020-11-04,09:25,BUY,1000,13.4,13413.399999999998,5.268268,0.0,0.0,193.53349900001376,3000,2020-11-03
2020-11-04,15:00,SELL,1000,13.47,13456.53,18.7256606,0.0,0.0,13631.337838400015,2000,2020-11-04
2020-11-05,09:25,BUY,1000,13.68,13693.679999999998,5.2738736,0.0,67.61603519998243,0.0,3000,2020-11-04
2020-11-05,15:00,SELL,1000,13.81,13796.19,19.072113800000004,0.0,0.0,13777.1178862,2000,2020-11-05
2020-11-06,09:25,BUY,1000,13.85,13863.849999999999,5.277277,0.0,92.00939079999807,0.0,3000,2020-11-05
2020-11-06,15:00,SELL,1000,14.0,13986.0,19.26572,0.0,0.0,13966.73428,2000,2020-11-06
2020-11-09,09:25,BUY,1000,14.27,14284.269999999999,5.2856854,0.0,322.8214053999982,0.0,3000,2020-11-06
2020-11-09,15:00,SELL,1000,14.4,14385.6,19.673312000000003,0.0,0.0,14365.926688,2000,2020-11-09
2020-11-10,09:25,BUY,1000,14.35,14364.349999999999,5.287287,0.0,3.710598999998183,0.0,3000,2020-11-09
2020-11-10,15:00,SELL,1000,15.06,15044.94,20.345838800000003,0.0,0.0,15024.5941612,2000,2020-11-10
2020-11-11,09:25,BUY,1000,14.94,14954.939999999999,5.2990988,0.0,0.0,64.35506240000177,3000,2020-11-10
2020-11-11,15:00,SELL,1000,14.54,14525.46,19.815969199999998,0.0,0.0,14569.9990932,2000,2020-11-11
2020-11-12,09:25,BUY,1000,14.51,14524.509999999998,5.2904902,0.0,0.0,40.19860300000255,3000,2020-11-11
2020-11-12,15:00,SELL,1000,14.48,14465.52,19.754830400000003,0.0,0.0,14485.963772600004,2000,2020-11-12
2020-11-13,09:25,BUY,1000,14.31,14324.309999999998,5.2864862,0.0,0.0,156.36728640000547,3000,2020-11-12
2020-11-13,15:00,SELL,1000,14.35,14335.65,19.622363,0.0,0.0,14472.394923400005,2000,2020-11-13
2020-11-16,09:25,BUY,1000,14.45,14464.449999999999,5.289289,0.0,0.0,2.6556344000055105,3000,2020-11-13
2020-11-16,15:00,SELL,1000,14.28,14265.72,19.5510344,0.0,0.0,14248.824600000005,2000,2020-11-16
2020-11-17,09:25,BUY,1000,14.26,14274.259999999998,5.2854852,0.0,30.720885199993063,0.0,3000,2020-11-16
2020-11-17,15:00,SELL,1000,14.14,14125.86,19.408377200000004,0.0,0.0,14106.451622800001,2000,2020-11-17
2020-11-18,09:25,BUY,1000,14.14,14154.139999999998,5.2830828,0.0,52.97145999999702,0.0,3000,2020-11-17
2020-11-18,15:00,SELL,1000,14.4,14385.6,19.673312000000003,0.0,0.0,14365.926688,2000,2020-11-18
2020-11-19,09:25,BUY,1000,14.29,14304.289999999999,5.2860858,0.0,0.0,56.35060220000014,3000,2020-11-18
2020-11-19,15:00,SELL,1000,14.34,14325.66,19.6121732,0.0,0.0,14362.398429,2000,2020-11-19
2020-11-20,09:25,BUY,1000,14.35,14364.349999999999,5.287287,0.0,7.238857999996981,0.0,3000,2020-11-19
2020-11-20,15:00,SELL,1000,14.25,14235.75,19.520465,0.0,0.0,14216.229535,2000,2020-11-20
2020-11-23,09:25,BUY,1000,14.26,14274.259999999998,5.2854852,0.0,63.31595019999804,0.0,3000,2020-11-20
2020-11-23,15:00,SELL,1000,14.17,14155.83,19.4389466,0.0,0.0,14136.3910534,2000,2020-11-23
2020-11-24,09:25,BUY,1000,14.15,14164.149999999998,5.283283,0.0,33.04222959999788,0.0,3000,2020-11-23
2020-11-24,15:00,SELL,1000,14.17,14155.83,19.4389466,0.0,0.0,14136.3910534,2000,2020-11-24
2020-11-25,09:25,BUY,1000,14.2,14214.199999999999,5.2842839999999995,0.0,83.0932305999977,0.0,3000,2020-11-24
2020-11-25,15:00,SELL,1000,14.09,14075.91,19.3574282,0.0,0.0,14056.552571799999,2000,2020-11-25
2020-11-26,09:25,BUY,1000,14.06,14074.059999999998,5.2814812,0.0,22.788909399998374,0.0,3000,2020-11-25
2020-11-26,15:00,SELL,1000,14.0,13986.0,19.26572,0.0,0.0,13966.73428,2000,2020-11-26
2020-11-27,09:25,BUY,1000,13.96,13973.96,5.2794792,0.0,12.50519919999897,0.0,3000,2020-11-26
2020-11-27,15:00,SELL,1000,13.83,13816.17,19.092493400000002,0.0,0.0,13797.0775066,2000,2020-11-27
2020-11-30,09:25,BUY,1000,13.77,13783.769999999999,5.2756754,0.0,0.0,8.031831200001761,3000,2020-11-27
2020-11-30,15:00,SELL,1000,13.81,13796.19,19.072113800000004,0.0,0.0,13785.149717400001,2000,2020-11-30
2020-12-01,09:25,BUY,1000,13.76,13773.759999999998,5.2754752,0.0,0.0,6.114242200002991,3000,2020-11-30
2020-12-01,15:00,SELL,1000,14.08,14065.92,19.347238400000002,0.0,0.0,14052.687003800003,2000,2020-12-01
2020-12-02,09:25,BUY,1000,14.1,14114.099999999999,5.282282,0.0,66.6952781999953,0.0,3000,2020-12-01
2020-12-02,15:00,SELL,1000,14.05,14035.95,19.316669,0.0,0.0,14016.633331,2000,2020-12-02
2020-12-03,09:25,BUY,1000,14.0,14013.999999999998,5.28028,0.0,2.6469489999981306,0.0,3000,2020-12-02
2020-12-03,15:00,SELL,1000,13.87,13856.13,19.1332526,0.0,0.0,13836.996747399999,2000,2020-12-03
2020-12-04,09:25,BUY,1000,13.8,13813.8,5.276276,0.0,0.0,17.92047139999886,3000,2020-12-03
2020-12-04,15:00,SELL,1000,13.84,13826.16,19.1026832,0.0,0.0,13824.977788199998,2000,2020-12-04
2020-12-07,09:25,BUY,1000,13.82,13833.819999999998,5.2766764,0.0,14.118888200000583,0.0,3000,2020-12-04
2020-12-07,15:00,SELL,1000,13.71,13696.29,18.970215800000002,0.0,0.0,13677.3197842,2000,2020-12-07
2020-12-08,09:25,BUY,1000,13.85,13863.849999999999,5.277277,0.0,191.8074927999969,0.0,3000,2020-12-07
2020-12-08,15:00,SELL,1000,14.14,14125.86,19.408377200000004,0.0,0.0,14106.451622800001,2000,2020-12-08
2020-12-09,09:25,BUY,1000,14.17,14184.169999999998,5.2836834,0.0,83.002060599998,0.0,3000,2020-12-08
2020-12-09,15:00,SELL,1000,13.82,13806.18,19.082303600000003,0.0,0.0,13787.0976964,2000,2020-12-09
2020-12-10,09:25,BUY,1000,13.76,13773.759999999998,5.2754752,0.0,0.0,8.062221200001659,3000,2020-12-09
2020-12-10,15:00,SELL,1000,13.43,13416.57,18.6849014,0.0,0.0,13405.947319800001,2000,2020-12-10
2020-12-11,09:25,BUY,1000,13.38,13393.38,5.2678676,0.0,0.0,7.299452200002634,3000,2020-12-10
2020-12-11,15:00,SELL,1000,13.47,13456.53,18.7256606,0.0,0.0,13445.103791600004,2000,2020-12-11
2020-12-14,09:25,BUY,1000,13.52,13533.519999999999,5.2706704,0.0,93.68687879999379,0.0,3000,2020-12-11
2020-12-14,15:00,SELL,1000,13.54,13526.46,18.7969892,0.0,0.0,13507.663010799999,2000,2020-12-14
2020-12-15,09:25,BUY,1000,13.36,13373.359999999999,5.2674672000000005,0.0,0.0,129.0355436000009,3000,2020-12-14
2020-12-15,15:00,SELL,1000,13.56,13546.44,18.817368800000004,0.0,0.0,13656.6581748,2000,2020-12-15
2020-12-16,09:25,BUY,1000,13.56,13573.559999999998,5.2714712,0.0,0.0,77.82670360000338,3000,2020-12-15
2020-12-16,15:00,SELL,1000,13.53,13516.47,18.7867994,0.0,0.0,13575.509904200002,2000,2020-12-16
2020-12-17,09:25,BUY,1000,13.53,13543.529999999999,5.2708706,0.0,0.0,26.70903360000375,3000,2020-12-16
2020-12-17,15:00,SELL,1000,13.58,13566.42,18.837748400000002,0.0,0.0,13574.291285200004,2000,2020-12-17
2020-12-18,09:25,BUY,1000,13.63,13643.63,5.2728726,0.0,74.61158739999519,0.0,3000,2020-12-17
2020-12-18,15:00,SELL,1000,13.65,13636.35,18.909077000000003,0.0,0.0,13617.440923,2000,2020-12-18
2020-12-21,09:25,BUY,1000,13.6,13613.599999999999,5.272272,0.0,1.4313489999985904,0.0,3000,2020-12-18
2020-12-21,15:00,SELL,1000,13.65,13636.35,18.909077000000003,0.0,0.0,13617.440923,2000,2020-12-21
2020-12-22,09:25,BUY,1000,13.58,13593.579999999998,5.2718716,0.0,0.0,18.589051400002063,3000,2020-12-21
2020-12-22,15:00,SELL,1000,13.27,13256.73,18.5218646,0.0,0.0,13256.797186800002,2000,2020-12-22
2020-12-23,09:25,BUY,1000,13.31,13323.309999999998,5.2664662,0.0,71.77927939999608,0.0,3000,2020-12-22
2020-12-23,15:00,SELL,1000,13.58,13566.42,18.837748400000002,0.0,0.0,13547.5822516,2000,2020-12-23
2020-12-24,09:25,BUY,1000,13.63,13643.63,5.2728726,0.0,101.32062099999894,0.0,3000,2020-12-23
2020-12-24,15:00,SELL,1000,13.38,13366.62,18.633952400000002,0.0,0.0,13347.986047600001,2000,2020-12-24
2020-12-25,09:25,BUY,1000,13.35,13363.349999999999,5.267267,0.0,20.631219399996553,0.0,3000,2020-12-24
2020-12-25,15:00,SELL,1000,13.4,13386.6,18.654332000000004,0.0,0.0,13367.945668,2000,2020-12-25
2020-12-28,09:25,BUY,1000,13.42,13433.419999999998,5.2686684,0.0,70.74300039999798,0.0,3000,2020-12-25
2020-12-28,15:00,SELL,1000,13.27,13256.73,18.5218646,0.0,0.0,13238.2081354,2000,2020-12-28
2020-12-29,09:25,BUY,1000,13.32,13333.319999999998,5.2666664,0.0,100.37853099999847,0.0,3000,2020-12-28
2020-12-29,15:00,SELL,1000,13.51,13496.49,18.7664198,0.0,0.0,13477.7235802,2000,2020-12-29
2020-12-30,09:25,BUY,1000,13.49,13503.489999999998,5.2700698,0.0,31.036489599999186,0.0,3000,2020-12-29
2020-12-30,15:00,SELL,1000,13.67,13656.33,18.9294566,0.0,0.0,13637.4005434,2000,2020-12-30
2020-12-31,09:25,BUY,1000,13.67,13683.669999999998,5.2736734,0.0,51.5431299999982,0.0,3000,2020-12-30
2020-12-31,15:00,SELL,1000,13.69,13676.31,18.9498362,0.0,0.0,13657.3601638,2000,2020-12-31
2021-01-04,09:25,BUY,1000,13.7,13713.699999999999,5.274274,0.0,61.61411019999832,0.0,3000,2020-12-31
2021-01-04,15:00,SELL,1000,13.8,13786.2,19.061924,0.0,0.0,13767.138076000001,2000,2021-01-04
2021-01-05,09:25,BUY,1000,13.8,13813.8,5.276276,0.0,51.93819999999869,0.0,3000,2021-01-04
2021-01-05,15:00,SELL,1000,13.95,13936.05,19.214771,0.0,0.0,13916.835228999998,2000,2021-01-05
2021-01-06,09:25,BUY,1000,13.96,13973.96,5.2794792,0.0,62.404250200001115,0.0,3000,2021-01-05
2021-01-06,15:00,SELL,1000,13.87,13856.13,19.1332526,0.0,0.0,13836.996747399999,2000,2021-01-06
2021-01-07,09:25,BUY,1000,13.79,13803.789999999999,5.2760758,0.0,0.0,27.930671599999187,3000,2021-01-06
2021-01-07,15:00,SELL,1000,13.73,13716.27,18.990595400000004,0.0,0.0,13725.2100762,2000,2021-01-07
2021-01-08,09:25,BUY,1000,13.86,13873.859999999999,5.2774772,0.0,153.927400999999,0.0,3000,2021-01-07
2021-01-08,15:00,SELL,1000,14.24,14225.76,19.510275200000002,0.0,0.0,14206.2497248,2000,2021-01-08
2021-01-11,09:25,BUY,1000,14.1,14114.099999999999,5.282282,0.0,0.0,86.8674428000013,3000,2021-01-08
2021-01-11,15:00,SELL,1000,14.36,14345.64,19.6325528,0.0,0.0,14412.874890000001,2000,2021-01-11
2021-01-12,09:25,BUY,1000,14.3,14314.3,5.286286,0.0,0.0,93.28860400000121,3000,2021-01-11
2021-01-12,15:00,SELL,1000,14.57,14555.43,19.846538600000002,0.0,0.0,14628.8720654,2000,2021-01-12
2021-01-13,09:25,BUY,1000,14.48,14494.479999999998,5.2898896,0.0,0.0,129.10217580000244,3000,2021-01-12
2021-01-13,15:00,SELL,1000,15.18,15164.82,20.4681164,0.0,0.0,15273.454059400003,2000,2021-01-13
2021-01-14,09:25,BUY,1000,15.15,15165.149999999998,5.303303,0.0,0.0,103.00075640000432,3000,2021-01-13
2021-01-14,15:00,SELL,1000,15.67,15654.33,20.9674166,0.0,0.0,15736.363339800004,2000,2021-01-14
2021-01-15,09:25,BUY,1000,15.57,15585.569999999998,5.3117114,0.0,0.0,145.48162840000623,3000,2021-01-14
2021-01-15,15:00,SELL,1000,15.25,15234.75,20.539445,0.0,0.0,15359.692183400006,2000,2021-01-15
2021-01-18,09:25,BUY,1000,15.26,15275.259999999998,5.3055052,0.0,0.0,79.12667820000752,3000,2021-01-15
2021-01-18,15:00,SELL,1000,15.88,15864.12,21.181402400000003,0.0,0.0,15922.065275800009,2000,2021-01-18
2021-01-19,09:25,BUY,1000,15.86,15875.859999999999,5.3175172,0.0,0.0,40.887758600010784,3000,2021-01-18
2021-01-19,15:00,SELL,1000,15.1,15084.9,20.386598,0.0,0.0,15105.401160600011,2000,2021-01-19
2021-01-20,09:25,BUY,1000,15.35,15365.349999999999,5.307307,0.0,265.2561463999864,0.0,3000,2021-01-19
2021-01-20,15:00,SELL,1000,15.14,15124.86,20.427357200000003,0.0,0.0,15104.4326428,2000,2021-01-20
2021-01-21,09:25,BUY,1000,15.15,15165.149999999998,5.303303,0.0,66.02066019999802,0.0,3000,2021-01-20
2021-01-21,15:00,SELL,1000,15.19,15174.81,20.4783062,0.0,0.0,15154.331693799999,2000,2021-01-21
2021-01-22,09:25,BUY,1000,15.09,15105.089999999998,5.3021018,0.0,0.0,43.93959200000063,3000,2021-01-21
2021-01-22,15:00,SELL,1000,14.75,14735.25,20.029955,0.0,0.0,14759.159637,2000,2021-01-22
2021-01-25,09:25,BUY,1000,14.69,14704.689999999999,5.2940938,0.0,0.0,49.17554320000272,3000,2021-01-22
2021-01-25,15:00,SELL,1000,15.2,15184.8,20.488495999999998,0.0,0.0,15213.487047200002,2000,2021-01-25
2021-01-26,09:25,BUY,1000,15.02,15035.019999999999,5.3007004,0.0,0.0,173.16634680000425,3000,2021-01-25
2021-01-26,15:00,SELL,1000,14.82,14805.18,20.101283600000002,0.0,0.0,14958.245063200004,2000,2021-01-26
2021-01-27,09:25,BUY,1000,14.95,14964.949999999999,5.2992989999999995,0.0,12.004235799995513,0.0,3000,2021-01-26
2021-01-27,15:00,SELL,1000,14.86,14845.14,20.1420428,0.0,0.0,14824.9979572,2000,2021-01-27
2021-01-28,09:25,BUY,1000,14.61,14624.609999999999,5.2924922,0.0,0.0,195.09546500000033,3000,2021-01-27
2021-01-28,15:00,SELL,1000,14.21,14195.79,19.4797058,0.0,0.0,14371.4057592,2000,2021-01-28
2021-01-29,09:25,BUY,1000,14.4,14414.399999999998,5.288288,0.0,48.282528799996726,0.0,3000,2021-01-28
2021-01-29,15:00,SELL,1000,14.29,14275.71,19.561224199999998,0.0,0.0,14256.148775799998,2000,2021-01-29
2021-02-01,09:25,BUY,1000,14.05,14064.05,5.281281,0.0,0.0,186.81749479999962,3000,2021-01-29
2021-02-01,15:00,SELL,1000,13.9,13886.1,19.163822000000003,0.0,0.0,14053.7536728,2000,2021-02-01
2021-02-02,09:25,BUY,1000,13.93,13943.929999999998,5.2788786,0.0,0.0,104.54479420000098,3000,2021-02-01
2021-02-02,15:00,SELL,1000,13.7,13686.3,18.960026,0.0,0.0,13771.8847682,2000,2021-02-02
2021-02-03,09:25,BUY,1000,13.67,13683.669999999998,5.2736734,0.0,0.0,82.94109480000225,3000,2021-02-02
2021-02-03,15:00,SELL,1000,13.27,13256.73,18.5218646,0.0,0.0,13321.149230200002,2000,2021-02-03
2021-02-04,09:25,BUY,1000,13.2,13213.199999999999,5.264264,0.0,0.0,102.68496620000406,3000,2021-02-03
2021-02-04,15:00,SELL,1000,13.52,13506.48,18.7766096,0.0,0.0,13590.388356600004,2000,2021-02-04
2021-02-05,09:25,BUY,1000,13.51,13523.509999999998,5.2704702,0.0,0.0,61.607886400006464,3000,2021-02-04
2021-02-05,15:00,SELL,1000,13.21,13196.79,18.460725800000002,0.0,0.0,13239.937160600008,2000,2021-02-05
2021-02-08,09:25,BUY,1000,13.15,13163.149999999998,5.263263,0.0,0.0,71.52389760000915,3000,2021-02-05
2021-02-08,15:00,SELL,1000,13.25,13236.75,18.501485000000002,0.0,0.0,13289.772412600008,2000,2021-02-08
2021-02-09,09:25,BUY,1000,13.3,13313.3,5.266266,0.0,28.79385339999135,0.0,3000,2021-02-08
2021-02-09,15:00,SELL,1000,13.62,13606.38,18.8785076,0.0,0.0,13587.501492399999,2000,2021-02-09
2021-02-10,09:25,BUY,1000,13.51,13523.509999999998,5.2704702,0.0,0.0,58.721022200001244,3000,2021-02-09
2021-02-10,15:00,SELL,1000,14.04,14025.96,19.3064792,0.0,0.0,14065.374543,2000,2021-02-10
2021-02-18,09:25,BUY,1000,14.12,14134.119999999999,5.2826824,0.0,74.02813939999942,0.0,3000,2021-02-10
2021-02-18,15:00,SELL,1000,13.96,13946.04,19.2249608,0.0,0.0,13926.8150392,2000,2021-02-18
2021-02-19,09:25,BUY,1000,13.89,13903.889999999998,5.2780778,0.0,0.0,17.64696140000342,3000,2021-02-18
2021-02-19,15:00,SELL,1000,14.19,14175.81,19.4593262,0.0,0.0,14173.997635200003,2000,2021-02-19
2021-02-22,09:25,BUY,1000,14.25,14264.249999999998,5.285285,0.0,95.53764979999505,0.0,3000,2021-02-19
2021-02-22,15:00,SELL,1000,13.97,13956.03,19.235150600000004,0.0,0.0,13936.794849400001,2000,2021-02-22
2021-02-23,09:25,BUY,1000,13.85,13863.849999999999,5.277277,0.0,0.0,67.66757240000334,3000,2021-02-22
2021-02-23,15:00,SELL,1000,13.79,13776.21,19.0517342,0.0,0.0,13824.825838200002,2000,2021-02-23
2021-02-24,09:25,BUY,1000,13.81,13823.809999999998,5.2764762,0.0,4.260637999996106,0.0,3000,2021-02-23
2021-02-24,15:00,SELL,1000,14.05,14035.95,19.316669,0.0,0.0,14016.633331,2000,2021-02-24
2021-02-25,09:25,BUY,1000,14.05,14064.05,5.281281,0.0,52.697949999997945,0.0,3000,2021-02-24
2021-02-25,15:00,SELL,1000,13.92,13906.08,19.1842016,0.0,0.0,13886.8957984,2000,2021-02-25
2021-02-26,09:25,BUY,1000,13.77,13783.769999999999,5.2756754,0.0,0.0,97.85012300000199,3000,2021-02-25
2021-02-26,15:00,SELL,1000,13.81,13796.19,19.072113800000004,0.0,0.0,13874.968009200002,2000,2021-02-26
2021-03-01,09:25,BUY,1000,13.84,13853.839999999998,5.2770768,0.0,0.0,15.85093240000424,3000,2021-02-26
2021-03-01,15:00,SELL,1000,13.85,13836.15,19.112873,0.0,0.0,13832.888059400004,2000,2021-03-01
2021-03-02,09:25,BUY,1000,13.9,13913.899999999998,5.278278,0.0,86.29021859999375,0.0,3000,2021-03-01
2021-03-02,15:00,SELL,1000,13.58,13566.42,18.837748400000002,0.0,0.0,13547.5822516,2000,2021-03-02
2021-03-03,09:25,BUY,1000,13.56,13573.559999999998,5.2714712,0.0,31.24921959999665,0.0,3000,2021-03-02
2021-03-03,15:00,SELL,1000,13.9,13886.1,19.163822000000003,0.0,0.0,13866.936178,2000,2021-03-03
2021-03-04,09:25,BUY,1000,13.8,13813.8,5.276276,0.0,0.0,47.85990200000015,3000,2021-03-03
2021-03-04,15:00,SELL,1000,13.63,13616.37,18.8886974,0.0,0.0,13645.341204600001,2000,2021-03-04
2021-03-05,09:25,BUY,1000,13.5,13513.499999999998,5.27027,0.0,0.0,126.57093460000215,3000,2021-03-04
2021-03-05,15:00,SELL,1000,13.75,13736.25,19.010975000000002,0.0,0.0,13843.809959600003,2000,2021-03-05
2021-03-08,09:25,BUY,1000,13.76,13773.759999999998,5.2754752,0.0,0.0,64.77448440000444,3000,2021-03-05
2021-03-08,15:00,SELL,1000,13.7,13686.3,18.960026,0.0,0.0,13732.114458400003,2000,2021-03-08
2021-03-09,09:25,BUY,1000,13.68,13693.679999999998,5.2738736,0.0,0.0,33.16058480000538,3000,2021-03-08
2021-03-09,15:00,SELL,1000,13.9,13886.1,19.163822000000003,0.0,0.0,13900.096762800005,2000,2021-03-09
2021-03-10,09:25,BUY,1000,13.98,13993.979999999998,5.2798796,0.0,99.16311679999308,0.0,3000,2021-03-09
2021-03-10,15:00,SELL,1000,13.73,13716.27,18.990595400000004,0.0,0.0,13697.2794046,2000,2021-03-10
2021-03-11,09:25,BUY,1000,13.72,13733.72,5.2746744,0.0,41.71526979999908,0.0,3000,2021-03-10
2021-03-11,15:00,SELL,1000,13.67,13656.33,18.9294566,0.0,0.0,13637.4005434,2000,2021-03-11
2021-03-12,09:25,BUY,1000,13.69,13703.689999999999,5.2740738,0.0,71.56353039999885,0.0,3000,2021-03-11
2021-03-12,15:00,SELL,1000,13.53,13516.47,18.7867994,0.0,0.0,13497.683200599999,2000,2021-03-12
2021-03-15,09:25,BUY,1000,13.48,13493.479999999998,5.2698696,0.0,1.0666689999998198,0.0,3000,2021-03-12
2021-03-15,15:00,SELL,1000,13.32,13306.68,18.572813600000003,0.0,0.0,13288.1071864,2000,2021-03-15
2021-03-16,09:25,BUY,1000,13.34,13353.339999999998,5.2670668,0.0,70.49988039999698,0.0,3000,2021-03-15
2021-03-16,15:00,SELL,1000,13.47,13456.53,18.7256606,0.0,0.0,13437.804339400001,2000,2021-03-16
2021-03-17,09:25,BUY,1000,13.45,13463.449999999999,5.2692689999999995,0.0,30.914929599997777,0.0,3000,2021-03-16
2021-03-17,15:00,SELL,1000,13.55,13536.45,18.807179,0.0,0.0,13517.642821000001,2000,2021-03-17
2021-03-18,09:25,BUY,1000,13.57,13583.569999999998,5.2716714,0.0,71.19885039999645,0.0,3000,2021-03-17
2021-03-18,15:00,SELL,1000,13.52,13506.48,18.7766096,0.0,0.0,13487.7033904,2000,2021-03-18
2021-03-19,09:25,BUY,1000,13.52,13533.519999999999,5.2706704,0.0,51.08727999999792,0.0,3000,2021-03-18
2021-03-19,15:00,SELL,1000,13.5,13486.5,18.756230000000002,0.0,0.0,13467.74377,2000,2021-03-19
2021-03-22,09:25,BUY,1000,13.48,13493.479999999998,5.2698696,0.0,31.00609959999929,0.0,3000,2021-03-19
2021-03-22,15:00,SELL,1000,13.55,13536.45,18.807179,0.0,0.0,13517.642821000001,2000,2021-03-22
2021-03-23,09:25,BUY,1000,13.56,13573.559999999998,5.2714712,0.0,61.18865019999612,0.0,3000,2021-03-22
2021-03-23,15:00,SELL,1000,13.65,13636.35,18.909077000000003,0.0,0.0,13617.440923,2000,2021-03-23
2021-03-24,09:25,BUY,1000,13.66,13673.659999999998,5.2734732,0.0,61.49255019999873,0.0,3000,2021-03-23
2021-03-24,15:00,SELL,1000,13.86,13846.14,19.1230628,0.0,0.0,13827.0169372,2000,2021-03-24
2021-03-25,09:25,BUY,1000,13.9,13913.899999999998,5.278278,0.0,92.16134079999756,0.0,3000,2021-03-24
2021-03-25,15:00,SELL,1000,13.82,13806.18,19.082303600000003,0.0,0.0,13787.0976964,2000,2021-03-25
2021-03-26,09:25,BUY,1000,13.8,13813.8,5.276276,0.0,31.978579599999648,0.0,3000,2021-03-25
2021-03-26,15:00,SELL,1000,14.04,14025.96,19.3064792,0.0,0.0,14006.653520799999,2000,2021-03-26
2021-03-29,09:25,BUY,1000,14.07,14084.069999999998,5.2816814,0.0,82.69816059999903,0.0,3000,2021-03-26
2021-03-29,15:00,SELL,1000,13.65,13636.35,18.909077000000003,0.0,0.0,13617.440923,2000,2021-03-29
2021-03-30,09:25,BUY,1000,13.74,13753.739999999998,5.2750748,0.0,141.5741517999977,0.0,3000,2021-03-29
2021-03-30,15:00,SELL,1000,14.36,14345.64,19.6325528,0.0,0.0,14326.0074472,2000,2021-03-30
2021-03-31,09:25,BUY,1000,14.3,14314.3,5.286286,0.0,0.0,6.421161199999915,3000,2021-03-30
2021-03-31,15:00,SELL,1000,14.37,14355.63,19.6427426,0.0,0.0,14342.4084186,2000,2021-03-31
2021-04-01,09:25,BUY,1000,14.41,14424.409999999998,5.2884882,0.0,87.29006959999788,0.0,3000,2021-03-31
2021-04-01,15:00,SELL,1000,14.42,14405.58,19.6936916,0.0,0.0,14385.8863084,2000,2021-04-01
2021-04-02,09:25,BUY,1000,14.37,14384.369999999999,5.2876874,0.0,3.771378999997978,0.0,3000,2021-04-01
2021-04-02,15:00,SELL,1000,14.15,14135.85,19.418567000000003,0.0,0.0,14116.431433,2000,2021-04-02
2021-04-06,09:25,BUY,1000,14.33,14344.329999999998,5.2868866,0.0,233.18545359999916,0.0,3000,2021-04-02
2021-04-06,15:00,SELL,1000,14.16,14145.84,19.428756800000002,0.0,0.0,14126.4112432,2000,2021-04-06
2021-04-07,09:25,BUY,1000,14.19,14204.189999999999,5.2840838,0.0,83.0628405999978,0.0,3000,2021-04-06
2021-04-07,15:00,SELL,1000,14.38,14365.62,19.652932400000005,0.0,0.0,14345.9670676,2000,2021-04-07
2021-04-08,09:25,BUY,1000,14.34,14354.339999999998,5.2870868,0.0,13.660019199998715,0.0,3000,2021-04-07
2021-04-08,15:00,SELL,1000,14.36,14345.64,19.6325528,0.0,0.0,14326.0074472,2000,2021-04-08
2021-04-09,09:25,BUY,1000,14.29,14304.289999999999,5.2860858,0.0,0.0,16.43136140000024,3000,2021-04-08
2021-04-09,15:00,SELL,1000,14.06,14045.94,19.326858800000004,0.0,0.0,14043.044502600002,2000,2021-04-09
2021-04-12,09:25,BUY,1000,14.05,14064.05,5.281281,0.0,26.286778399997274,0.0,3000,2021-04-09
2021-04-12,15:00,SELL,1000,14.06,14045.94,19.326858800000004,0.0,0.0,14026.613141200001,2000,2021-04-12
2021-04-13,09:25,BUY,1000,14.06,14074.059999999998,5.2814812,0.0,52.728339999996024,0.0,3000,2021-04-12
2021-04-13,15:00,SELL,1000,14.49,14475.51,19.765020200000002,0.0,0.0,14455.7449798,2000,2021-04-13
2021-04-14,09:25,BUY,1000,14.59,14604.589999999998,5.2920918,0.0,154.13711199999852,0.0,3000,2021-04-13
2021-04-14,15:00,SELL,1000,14.5,14485.5,19.77521,0.0,0.0,14465.72479,2000,2021-04-14
2021-04-15,09:25,BUY,1000,14.54,14554.539999999999,5.2910908,0.0,94.10630079999828,0.0,3000,2021-04-14
2021-04-15,15:00,SELL,1000,14.38,14365.62,19.652932400000005,0.0,0.0,14345.9670676,2000,2021-04-15
2021-04-16,09:25,BUY,1000,14.29,14304.289999999999,5.2860858,0.0,0.0,36.3909818000011,3000,2021-04-15
2021-04-16,15:00,SELL,1000,14.4,14385.6,19.673312000000003,0.0,0.0,14402.3176698,2000,2021-04-16
2021-04-19,09:25,BUY,1000,14.35,14364.349999999999,5.287287,0.0,0.0,32.68038280000292,3000,2021-04-16
2021-04-19,15:00,SELL,1000,14.71,14695.29,19.989195800000005,0.0,0.0,14707.981187000003,2000,2021-04-19
2021-04-20,09:25,BUY,1000,14.65,14664.649999999998,5.293293,0.0,0.0,38.0378940000046,3000,2021-04-19
2021-04-20,15:00,SELL,1000,14.38,14365.62,19.652932400000005,0.0,0.0,14384.004961600005,2000,2021-04-20
2021-04-21,09:25,BUY,1000,14.33,14344.329999999998,5.2868866,0.0,0.0,34.38807500000621,3000,2021-04-20
2021-04-21,15:00,SELL,1000,14.42,14405.58,19.6936916,0.0,0.0,14420.274383400007,2000,2021-04-21
2021-04-22,09:25,BUY,1000,14.43,14444.429999999998,5.2888886,0.0,29.44450519999191,0.0,3000,2021-04-21
2021-04-22,15:00,SELL,1000,14.18,14165.82,19.4491364,0.0,0.0,14146.3708636,2000,2021-04-22
2021-04-23,09:25,BUY,1000,14.15,14164.149999999998,5.283283,0.0,23.06241939999927,0.0,3000,2021-04-22
2021-04-23,15:00,SELL,1000,14.18,14165.82,19.4491364,0.0,0.0,14146.3708636,2000,2021-04-23
2021-04-26,09:25,BUY,1000,14.21,14224.21,5.2844842,0.0,83.12362059999941,0.0,3000,2021-04-23
2021-04-26,15:00,SELL,1000,14.35,14335.65,19.622363,0.0,0.0,14316.027637,2000,2021-04-26
2021-04-27,09:25,BUY,1000,14.34,14354.339999999998,5.2870868,0.0,43.5994498,0.0,3000,2021-04-26
2021-04-27,15:00,SELL,1000,14.42,14405.58,19.6936916,0.0,0.0,14385.8863084,2000,2021-04-27
2021-04-28,09:25,BUY,1000,14.43,14444.429999999998,5.2888886,0.0,63.83258019999812,0.0,3000,2021-04-27
2021-04-28,15:00,SELL,1000,14.55,14535.45,19.826159000000004,0.0,0.0,14515.623841,2000,2021-04-28
2021-04-29,09:25,BUY,1000,14.65,14664.649999999998,5.293293,0.0,154.3194519999979,0.0,3000,2021-04-28
2021-04-29,15:00,SELL,1000,14.7,14685.3,19.979006,0.0,0.0,14665.320994,2000,2021-04-29
2021-04-30,09:25,BUY,1000,14.65,14664.649999999998,5.293293,0.0,4.622298999998748,0.0,3000,2021-04-29
2021-04-30,15:00,SELL,1000,13.76,13746.24,19.0211648,0.0,0.0,13727.2188352,2000,2021-04-30
2021-05-06,09:25,BUY,1000,13.61,13623.609999999999,5.2724722,0.0,0.0,98.33636300000035,3000,2021-04-30
2021-05-06,15:00,SELL,1000,13.67,13656.33,18.9294566,0.0,0.0,13735.7369064,2000,2021-05-06
2021-05-07,09:25,BUY,1000,13.67,13683.669999999998,5.2736734,0.0,0.0,46.79323300000215,3000,2021-05-06
2021-05-07,15:00,SELL,1000,13.45,13436.55,18.705281,0.0,0.0,13464.637952000001,2000,2021-05-07
2021-05-10,09:25,BUY,1000,13.5,13513.499999999998,5.27027,0.0,54.13231799999812,0.0,3000,2021-05-07
2021-05-10,15:00,SELL,1000,13.52,13506.48,18.7766096,0.0,0.0,13487.7033904,2000,2021-05-10
2021-05-11,09:25,BUY,1000,13.45,13463.449999999999,5.2692689999999995,0.0,0.0,18.98412140000073,3000,2021-05-10
2021-05-11,15:00,SELL,1000,13.49,13476.51,18.746040200000003,0.0,0.0,13476.748081200001,2000,2021-05-11
2021-05-12,09:25,BUY,1000,13.42,13433.419999999998,5.2686684,0.0,0.0,38.059412800002974,3000,2021-05-11
2021-05-12,15:00,SELL,1000,13.52,13506.48,18.7766096,0.0,0.0,13525.762803200003,2000,2021-05-12
2021-05-13,09:25,BUY,1000,13.44,13453.439999999999,5.2690688,0.0,0.0,67.05373440000403,3000,2021-05-12
2021-05-13,15:00,SELL,1000,13.38,13366.62,18.633952400000002,0.0,0.0,13415.039782000005,2000,2021-05-13
2021-05-14,09:25,BUY,1000,13.4,13413.399999999998,5.268268,0.0,3.6284859999923356,0.0,3000,2021-05-13
2021-05-14,15:00,SELL,1000,13.48,13466.52,18.735850400000004,0.0,0.0,13447.7841496,2000,2021-05-14
2021-05-17,09:25,BUY,1000,13.46,13473.46,5.2694692,0.0,30.945319599999493,0.0,3000,2021-05-14
2021-05-17,15:00,SELL,1000,13.3,13286.7,18.552434,0.0,0.0,13268.147566000001,2000,2021-05-17
2021-05-18,09:25,BUY,1000,13.31,13323.309999999998,5.2664662,0.0,60.42890019999686,0.0,3000,2021-05-17
2021-05-18,15:00,SELL,1000,13.35,13336.65,18.603383,0.0,0.0,13318.046617,2000,2021-05-18
2021-05-19,09:25,BUY,1000,13.3,13313.3,5.266266,0.0,0.5196489999998448,0.0,3000,2021-05-18
2021-05-19,15:00,SELL,1000,13.21,13196.79,18.460725800000002,0.0,0.0,13178.329274200001,2000,2021-05-19
2021-05-20,09:25,BUY,1000,13.2,13213.199999999999,5.264264,0.0,40.13498979999713,0.0,3000,2021-05-19
2021-05-20,15:00,SELL,1000,13.22,13206.78,18.4709156,0.0,0.0,13188.3090844,2000,2021-05-20
2021-05-21,09:25,BUY,1000,13.21,13223.21,5.2644642,0.0,40.165379799998846,0.0,3000,2021-05-20
2021-05-21,15:00,SELL,1000,13.11,13096.89,18.3588278,0.0,0.0,13078.531172199999,2000,2021-05-21
2021-05-24,09:25,BUY,1000,13.11,13123.109999999999,5.2624622,0.0,49.8412900000003,0.0,3000,2021-05-21
2021-05-24,15:00,SELL,1000,12.55,12537.45,17.788199000000002,0.0,0.0,12519.661801,2000,2021-05-24
2021-05-25,09:25,BUY,1000,12.56,12572.56,5.2514512,0.0,58.14965019999909,0.0,3000,2021-05-24
2021-05-25,15:00,SELL,1000,12.64,12627.36,17.8799072,0.0,0.0,12609.4800928,2000,2021-05-25
2021-05-26,09:25,BUY,1000,12.56,12572.56,5.2514512,0.0,0.0,31.668641600001138,3000,2021-05-25
2021-05-26,15:00,SELL,1000,12.56,12547.44,17.7983888,0.0,0.0,12561.310252800002,2000,2021-05-26
2021-05-27,09:25,BUY,1000,12.53,12542.529999999999,5.2508506,0.0,0.0,13.52940220000346,3000,2021-05-26
2021-05-27,15:00,SELL,1000,12.62,12607.38,17.8595276,0.0,0.0,12603.049874600003,2000,2021-05-27
2021-05-28,09:25,BUY,1000,12.56,12572.56,5.2514512,0.0,0.0,25.23842340000374,3000,2021-05-27
2021-05-28,15:00,SELL,1000,12.35,12337.65,17.584403000000002,0.0,0.0,12345.304020400003,2000,2021-05-28
2021-05-31,09:25,BUY,1000,12.38,12392.38,5.2478476,0.0,52.32382719999623,0.0,3000,2021-05-28
2021-05-31,15:00,SELL,1000,12.42,12407.58,17.655731600000003,0.0,0.0,12389.9242684,2000,2021-05-31
2021-06-01,09:25,BUY,1000,12.42,12432.419999999998,5.2486484,0.0,47.74437999999827,0.0,3000,2021-05-31
2021-06-01,15:00,SELL,1000,12.43,12417.57,17.665921400000002,0.0,0.0,12399.9040786,2000,2021-06-01
2021-06-02,09:25,BUY,1000,12.42,12432.419999999998,5.2486484,0.0,37.764569799997844,0.0,3000,2021-06-01
2021-06-02,15:00,SELL,1000,12.22,12207.78,17.451935600000002,0.0,0.0,12190.3280644,2000,2021-06-02
2021-06-03,09:25,BUY,1000,12.22,12232.22,5.2446444,0.0,47.1365799999985,0.0,3000,2021-06-02
2021-06-03,15:00,SELL,1000,12.26,12247.74,17.492694800000002,0.0,0.0,12230.2473052,2000,2021-06-03
2021-06-04,09:25,BUY,1000,12.21,12222.21,5.2444442,0.0,0.0,2.7928610000017215,3000,2021-06-03
2021-06-04,15:00,SELL,1000,12.22,12207.78,17.451935600000002,0.0,0.0,12193.120925400002,2000,2021-06-04
2021-06-07,09:25,BUY,1000,12.23,12242.229999999998,5.2448446,0.0,54.35391919999529,0.0,3000,2021-06-04
2021-06-07,15:00,SELL,1000,12.49,12477.51,17.7270602,0.0,0.0,12459.7829398,2000,2021-06-07
2021-06-08,09:25,BUY,1000,12.56,12572.56,5.2514512,0.0,118.02851139999984,0.0,3000,2021-06-07
2021-06-08,15:00,SELL,1000,12.51,12497.49,17.747439800000002,0.0,0.0,12479.7425602,2000,2021-06-08
2021-06-09,09:25,BUY,1000,12.47,12482.47,5.2496494,0.0,7.977089199999682,0.0,3000,2021-06-08
2021-06-09,15:00,SELL,1000,12.54,12527.46,17.7780092,0.0,0.0,12509.6819908,2000,2021-06-09
2021-06-10,09:25,BUY,1000,12.51,12522.509999999998,5.2504502,0.0,18.078459399997882,0.0,3000,2021-06-09
2021-06-10,15:00,SELL,1000,12.56,12547.44,17.7983888,0.0,0.0,12529.6416112,2000,2021-06-10
2021-06-11,09:25,BUY,1000,12.56,12572.56,5.2514512,0.0,48.16983999999866,0.0,3000,2021-06-10
2021-06-11,15:00,SELL,1000,12.5,12487.5,17.737250000000003,0.0,0.0,12469.76275,2000,2021-06-11
2021-06-15,09:25,BUY,1000,12.5,12512.499999999998,5.25025,0.0,47.98749999999745,0.0,3000,2021-06-11
2021-06-15,15:00,SELL,1000,12.55,12537.45,17.788199000000002,0.0,0.0,12519.661801,2000,2021-06-15
2021-06-16,09:25,BUY,1000,12.5,12512.499999999998,5.25025,0.0,0.0,1.9115510000028735,3000,2021-06-15
2021-06-16,15:00,SELL,1000,12.32,12307.68,17.5538336,0.0,0.0,12292.037717400002,2000,2021-06-16
2021-06-17,09:25,BUY,1000,12.31,12322.31,5.2464462,0.0,35.518728799997916,0.0,3000,2021-06-16
2021-06-17,15:00,SELL,1000,12.45,12437.55,17.686301,0.0,0.0,12419.863699,2000,2021-06-17
2021-06-18,09:25,BUY,1000,12.48,12492.479999999998,5.2498496,0.0,77.86615059999895,0.0,3000,2021-06-17
2021-06-18,15:00,SELL,1000,12.49,12477.51,17.7270602,0.0,0.0,12459.7829398,2000,2021-06-18
2021-06-21,09:25,BUY,1000,12.4,12412.399999999998,5.248248,0.0,0.0,42.13469180000175,3000,2021-06-18
2021-06-21,15:00,SELL,1000,12.38,12367.62,17.6149724,0.0,0.0,12392.139719400002,2000,2021-06-21
2021-06-22,09:25,BUY,1000,12.37,12382.369999999999,5.2476474,0.0,0.0,4.522072000003391,3000,2021-06-21
2021-06-22,15:00,SELL,1000,12.31,12297.69,17.5436438,0.0,0.0,12284.668428200004,2000,2021-06-22
2021-06-23,09:25,BUY,1000,12.32,12332.319999999998,5.2466464,0.0,52.89821819999452,0.0,3000,2021-06-22
2021-06-23,15:00,SELL,1000,12.56,12547.44,17.7983888,0.0,0.0,12529.6416112,2000,2021-06-23
2021-06-24,09:25,BUY,1000,12.61,12622.609999999999,5.2524522000000005,0.0,98.22084099999847,0.0,3000,2021-06-23
2021-06-24,15:00,SELL,1000,12.67,12657.33,17.910476600000003,0.0,0.0,12639.4195234,2000,2021-06-24
2021-06-25,09:25,BUY,1000,12.69,12702.689999999999,5.2540538,0.0,68.52453039999818,0.0,3000,2021-06-24
2021-06-25,15:00,SELL,1000,12.61,12597.39,17.8493378,0.0,0.0,12579.5406622,2000,2021-06-25
2021-06-28,09:25,BUY,1000,12.66,12672.659999999998,5.2534532,0.0,98.37279099999978,0.0,3000,2021-06-25
2021-06-28,15:00,SELL,1000,12.58,12567.42,17.818768400000003,0.0,0.0,12549.6012316,2000,2021-06-28
2021-06-29,09:25,BUY,1000,12.58,12592.579999999998,5.2518516,0.0,48.23061999999845,0.0,3000,2021-06-28
2021-06-29,15:00,SELL,1000,12.41,12397.59,17.645541800000004,0.0,0.0,12379.9444582,2000,2021-06-29
2021-06-30,09:25,BUY,1000,12.45,12462.449999999999,5.249249,0.0,87.75479079999968,0.0,3000,2021-06-29
2021-06-30,15:00,SELL,1000,12.41,12397.59,17.645541800000004,0.0,0.0,12379.9444582,2000,2021-06-30
2021-07-01,09:25,BUY,1000,12.42,12432.419999999998,5.2486484,0.0,57.7241901999987,0.0,3000,2021-06-30
2021-07-01,15:00,SELL,1000,12.3,12287.7,17.533454,0.0,0.0,12270.166546,2000,2021-07-01
2021-07-02,09:25,BUY,1000,12.29,12302.289999999999,5.2460458,0.0,37.369499799999176,0.0,3000,2021-07-01
2021-07-02,15:00,SELL,1000,11.97,11958.03,17.1971906,0.0,0.0,11940.8328094,2000,2021-07-02
2021-07-05,09:25,BUY,1000,11.95,11961.949999999999,5.239239,0.0,26.35642959999859,0.0,3000,2021-07-02
2021-07-05,15:00,SELL,1000,12.19,12177.81,17.4213662,0.0,0.0,12160.3886338,2000,2021-07-05
2021-07-06,09:25,BUY,1000,12.19,12202.189999999999,5.2440438,0.0,47.04540999999881,0.0,3000,2021-07-05
2021-07-06,15:00,SELL,1000,12.23,12217.77,17.4621254,0.0,0.0,12200.307874600001,2000,2021-07-06
2021-07-07,09:25,BUY,1000,12.19,12202.189999999999,5.2440438,0.0,7.1261691999970935,0.0,3000,2021-07-06
2021-07-07,15:00,SELL,1000,12.15,12137.85,17.380607,0.0,0.0,12120.469393000001,2000,2021-07-07
2021-07-08,09:25,BUY,1000,12.16,12172.159999999998,5.2434432,0.0,56.93405019999591,0.0,3000,2021-07-07
2021-07-08,15:00,SELL,1000,12.03,12017.97,17.2583294,0.0,0.0,12000.7116706,2000,2021-07-08
2021-07-09,09:25,BUY,1000,12.02,12032.019999999999,5.2406404,0.0,36.548969799998304,0.0,3000,2021-07-08
2021-07-09,15:00,SELL,1000,11.95,11938.05,17.176811,0.0,0.0,11920.873189,2000,2021-07-09
2021-07-12,09:25,BUY,1000,12.0,12011.999999999998,5.24024,0.0,96.36705099999745,0.0,3000,2021-07-09
2021-07-12,15:00,SELL,1000,12.0,11988.0,17.227760000000004,0.0,0.0,11970.77224,2000,2021-07-12
2021-07-13,09:25,BUY,1000,12.02,12032.019999999999,5.2406404,0.0,66.48840039999777,0.0,3000,2021-07-12
2021-07-13,15:00,SELL,1000,12.04,12027.96,17.2685192,0.0,0.0,12010.691480799998,2000,2021-07-13
2021-07-14,09:25,BUY,1000,12.01,12022.009999999998,5.2404402,0.0,16.558959399999367,0.0,3000,2021-07-13
2021-07-14,15:00,SELL,1000,11.64,11628.36,16.8609272,0.0,0.0,11611.499072800001,2000,2021-07-14
2021-07-15,09:25,BUY,1000,11.66,11671.659999999998,5.2334332,0.0,65.394360399996,0.0,3000,2021-07-14
2021-07-15,15:00,SELL,1000,11.75,11738.25,16.973015,0.0,0.0,11721.276985,2000,2021-07-15
2021-07-16,09:25,BUY,1000,11.72,11731.72,5.2346344,0.0,15.6776493999987,0.0,3000,2021-07-15
2021-07-16,15:00,SELL,1000,11.49,11478.51,16.7080802,0.0,0.0,11461.8019198,2000,2021-07-16
2021-07-19,09:25,BUY,1000,11.5,11511.499999999998,5.23023,0.0,54.92831019999721,0.0,3000,2021-07-16
2021-07-19,15:00,SELL,1000,11.56,11548.44,16.7794088,0.0,0.0,11531.660591200001,2000,2021-07-19
2021-07-20,09:25,BUY,1000,11.51,11521.509999999998,5.2304302,0.0,0.0,4.920161000003645,3000,2021-07-19
2021-07-20,15:00,SELL,1000,11.72,11708.28,16.9424456,0.0,0.0,11696.257715400005,2000,2021-07-20
2021-07-21,09:25,BUY,1000,11.7,11711.699999999999,5.234234,0.0,20.67651859999387,0.0,3000,2021-07-20
2021-07-21,15:00,SELL,1000,11.77,11758.23,16.993394600000002,0.0,0.0,11741.2366054,2000,2021-07-21
2021-07-22,09:25,BUY,1000,11.76,11771.759999999998,5.2354352,0.0,35.75882979999915,0.0,3000,2021-07-21
2021-07-22,15:00,SELL,1000,11.71,11698.29,16.9322558,0.0,0.0,11681.3577442,2000,2021-07-22
2021-07-23,09:25,BUY,1000,11.7,11711.699999999999,5.234234,0.0,35.576489799997944,0.0,3000,2021-07-22
2021-07-23,15:00,SELL,1000,11.76,11748.24,16.983204800000003,0.0,0.0,11731.256795199999,2000,2021-07-23
2021-07-26,09:25,BUY,1000,11.79,11801.789999999999,5.2360358,0.0,75.76924060000056,0.0,3000,2021-07-23
2021-07-26,15:00,SELL,1000,11.62,11608.38,16.8405476,0.0,0.0,11591.539452399998,2000,2021-07-26
2021-07-27,09:25,BUY,1000,11.43,11441.429999999998,5.2288286,0.0,0.0,144.88062379999974,3000,2021-07-26
2021-07-27,15:00,SELL,1000,11.28,11268.72,16.4940944,50.0,0.0,11847.106529399998,2000,2021-07-27
2021-07-28,09:25,BUY,1000,11.28,11291.279999999999,5.2258256,0.0,0.0,550.6007037999989,3000,2021-07-27
2021-07-28,15:00,SELL,1000,11.0,10989.0,16.20878,50.0,0.0,11473.391923799998,2000,2021-07-28
2021-07-29,09:25,BUY,1000,11.05,11061.05,5.221221,0.0,0.0,407.120702799999,3000,2021-07-28
2021-07-29,15:00,SELL,1000,10.99,10979.01,16.1985902,0.0,0.0,11369.9321126,2000,2021-07-29
2021-07-30,09:25,BUY,1000,10.96,10970.96,5.2194192,0.0,0.0,393.75269339999977,3000,2021-07-29
2021-07-30,15:00,SELL,1000,11.22,11208.78,16.4329556,0.0,0.0,11586.099737800001,2000,2021-07-30
2021-08-02,09:25,BUY,1000,11.22,11231.22,5.2246244,0.0,0.0,349.65511340000194,3000,2021-07-30
2021-08-02,15:00,SELL,1000,11.81,11798.19,17.034153800000002,0.0,0.0,12130.810959600003,2000,2021-08-02
2021-08-03,09:25,BUY,1000,11.85,11861.849999999999,5.237237,0.0,0.0,263.7237226000052,3000,2021-08-02
2021-08-03,15:00,SELL,1000,11.83,11818.17,17.0545334,0.0,0.0,12064.839189200005,2000,2021-08-03
2021-08-04,09:25,BUY,1000,11.79,11801.789999999999,5.2360358,0.0,0.0,257.81315340000583,3000,2021-08-03
2021-08-04,15:00,SELL,1000,11.91,11898.09,17.1360518,0.0,0.0,12138.767101600006,2000,2021-08-04
2021-08-05,09:25,BUY,1000,11.98,11991.98,5.2398396,0.0,0.0,141.5472620000055,3000,2021-08-04
2021-08-05,15:00,SELL,1000,11.85,11838.15,17.074913000000002,0.0,0.0,11962.622349000005,2000,2021-08-05
2021-08-06,09:25,BUY,1000,11.83,11841.829999999998,5.2368366,0.0,0.0,115.5555124000075,3000,2021-08-05
2021-08-06,15:00,SELL,1000,11.83,11818.17,17.0545334,0.0,0.0,11916.670979000008,2000,2021-08-06
2021-08-09,09:25,BUY,1000,11.8,11811.8,5.236236,0.0,0.0,99.6347430000078,3000,2021-08-06
2021-08-09,15:00,SELL,1000,12.03,12017.97,17.2583294,0.0,0.0,12100.346413600008,2000,2021-08-09
2021-08-10,09:25,BUY,1000,12.05,12062.05,5.241241,0.0,0.0,33.05517260000852,3000,2021-08-09
2021-08-10,15:00,SELL,1000,12.14,12127.86,17.370417200000002,0.0,0.0,12143.54475540001,2000,2021-08-10
2021-08-11,09:25,BUY,1000,12.24,12252.239999999998,5.2450448,0.0,113.94028939998861,0.0,3000,2021-08-10
2021-08-11,15:00,SELL,1000,11.78,11768.22,17.0035844,0.0,0.0,11751.2164156,2000,2021-08-11
2021-08-12,09:25,BUY,1000,11.76,11771.759999999998,5.2354352,0.0,25.77901959999872,0.0,3000,2021-08-11
2021-08-12,15:00,SELL,1000,11.75,11738.25,16.973015,0.0,0.0,11721.276985,2000,2021-08-12
2021-08-13,09:25,BUY,1000,11.74,11751.739999999998,5.2350348,0.0,35.698049799997534,0.0,3000,2021-08-12
2021-08-13,15:00,SELL,1000,11.84,11828.16,17.064723200000003,0.0,0.0,11811.0952768,2000,2021-08-13
2021-08-16,09:25,BUY,1000,11.87,11881.869999999999,5.2376374,0.0,76.01236059999792,0.0,3000,2021-08-13
2021-08-16,15:00,SELL,1000,12.27,12257.73,17.5028846,0.0,0.0,12240.2271154,2000,2021-08-16
2021-08-17,09:25,BUY,1000,12.27,12282.269999999999,5.2456454,0.0,47.28852999999981,0.0,3000,2021-08-16
2021-08-17,15:00,SELL,1000,12.02,12007.98,17.248139600000002,0.0,0.0,11990.7318604,2000,2021-08-17
2021-08-18,09:25,BUY,1000,12.01,12022.009999999998,5.2404402,0.0,36.518579799998406,0.0,3000,2021-08-17
2021-08-18,15:00,SELL,1000,12.25,12237.75,17.482505000000003,0.0,0.0,12220.267495,2000,2021-08-18
2021-08-19,09:25,BUY,1000,12.2,12212.199999999999,5.244244,0.0,0.0,2.823251000001619,3000,2021-08-18
2021-08-19,15:00,SELL,1000,11.85,11838.15,17.074913000000002,0.0,0.0,11823.898338,2000,2021-08-19
2021-08-20,09:25,BUY,1000,11.88,11891.88,5.2378376,0.0,73.21949959999802,0.0,3000,2021-08-19
2021-08-20,15:00,SELL,1000,11.88,11868.12,17.1054824,0.0,0.0,11851.0145176,2000,2021-08-20
2021-08-23,09:25,BUY,1000,11.96,11971.96,5.2394392,0.0,126.18492159999914,0.0,3000,2021-08-20
2021-08-23,15:00,SELL,1000,12.04,12027.96,17.2685192,0.0,0.0,12010.691480799998,2000,2021-08-23
2021-08-24,09:25,BUY,1000,12.15,12162.149999999998,5.243243,0.0,156.7017622000003,0.0,3000,2021-08-23
2021-08-24,15:00,SELL,1000,12.05,12037.95,17.278709,0.0,0.0,12020.671291,2000,2021-08-24
2021-08-25,09:25,BUY,1000,12.03,12042.029999999999,5.2408406,0.0,26.599549599997772,0.0,3000,2021-08-24
2021-08-25,15:00,SELL,1000,11.98,11968.02,17.2073804,0.0,0.0,11950.812619600001,2000,2021-08-25
2021-08-26,09:25,BUY,1000,11.96,11971.96,5.2394392,0.0,26.38681959999849,0.0,3000,2021-08-25
2021-08-26,15:00,SELL,1000,11.69,11678.31,16.911876200000002,0.0,0.0,11661.3981238,2000,2021-08-26
2021-08-27,09:25,BUY,1000,11.69,11701.689999999999,5.2340338,0.0,45.525909999998476,0.0,3000,2021-08-26
2021-08-27,15:00,SELL,1000,11.71,11698.29,16.9322558,0.0,0.0,11681.3577442,2000,2021-08-27
2021-08-30,09:25,BUY,1000,11.75,11761.749999999998,5.235235,0.0,85.62749079999776,0.0,3000,2021-08-27
2021-08-30,15:00,SELL,1000,11.51,11498.49,16.728459800000003,0.0,0.0,11481.7615402,2000,2021-08-30
2021-08-31,09:25,BUY,1000,11.53,11541.529999999999,5.2308306,0.0,64.99929039999915,0.0,3000,2021-08-30
2021-08-31,15:00,SELL,1000,11.48,11468.52,16.697890400000002,0.0,0.0,11451.8221096,2000,2021-08-31
2021-09-01,09:25,BUY,1000,11.48,11491.48,5.2298296,0.0,44.88772000000063,0.0,3000,2021-08-31
2021-09-01,15:00,SELL,1000,11.71,11698.29,16.9322558,0.0,0.0,11681.3577442,2000,2021-09-01
2021-09-02,09:25,BUY,1000,11.71,11721.71,5.2344342,0.0,45.58668999999827,0.0,3000,2021-09-01
2021-09-02,15:00,SELL,1000,11.75,11738.25,16.973015,0.0,0.0,11721.276985,2000,2021-09-02
2021-09-03,09:25,BUY,1000,11.8,11811.8,5.236236,0.0,95.7592509999995,0.0,3000,2021-09-02
2021-09-03,15:00,SELL,1000,12.0,11988.0,17.227760000000004,0.0,0.0,11970.77224,2000,2021-09-03
2021-09-06,09:25,BUY,1000,12.01,12022.009999999998,5.2404402,0.0,56.478200199997445,0.0,3000,2021-09-03
2021-09-06,15:00,SELL,1000,12.05,12037.95,17.278709,0.0,0.0,12020.671291,2000,2021-09-06
2021-09-07,09:25,BUY,1000,12.05,12062.05,5.241241,0.0,46.619949999998425,0.0,3000,2021-09-06
2021-09-07,15:00,SELL,1000,12.17,12157.83,17.400986600000003,0.0,0.0,12140.4290134,2000,2021-09-07
2021-09-08,09:25,BUY,1000,12.17,12182.169999999998,5.2436434,0.0,46.984629999997196,0.0,3000,2021-09-07
2021-09-08,15:00,SELL,1000,12.19,12177.81,17.4213662,0.0,0.0,12160.3886338,2000,2021-09-08
2021-09-09,09:25,BUY,1000,12.24,12252.239999999998,5.2450448,0.0,97.09641099999862,0.0,3000,2021-09-08
2021-09-09,15:00,SELL,1000,12.18,12167.82,17.411176400000002,0.0,0.0,12150.408823599999,2000,2021-09-09
2021-09-10,09:25,BUY,1000,12.17,12182.169999999998,5.2436434,0.0,37.004819799998586,0.0,3000,2021-09-09
2021-09-10,15:00,SELL,1000,12.2,12187.8,17.431556,0.0,0.0,12170.368444,2000,2021-09-10
2021-09-13,09:25,BUY,1000,12.22,12232.22,5.2446444,0.0,67.09620039999936,0.0,3000,2021-09-10
2021-09-13,15:00,SELL,1000,12.17,12157.83,17.400986600000003,0.0,0.0,12140.4290134,2000,2021-09-13
2021-09-14,09:25,BUY,1000,12.12,12132.119999999999,5.2426424,0.0,0.0,3.0663710000007995,3000,2021-09-13
2021-09-14,15:00,SELL,1000,11.94,11928.06,17.1666212,0.0,0.0,11913.9597498,2000,2021-09-14
2021-09-15,09:25,BUY,1000,11.93,11941.929999999998,5.2388386,0.0,33.209088799998426,0.0,3000,2021-09-14
2021-09-15,15:00,SELL,1000,11.8,11788.2,17.023964,0.0,0.0,11771.176036,2000,2021-09-15
2021-09-16,09:25,BUY,1000,11.8,11811.8,5.236236,0.0,45.86019999999917,0.0,3000,2021-09-15
2021-09-16,15:00,SELL,1000,11.75,11738.25,16.973015,0.0,0.0,11721.276985,2000,2021-09-16
2021-09-17,09:25,BUY,1000,11.75,11761.749999999998,5.235235,0.0,45.70824999999786,0.0,3000,2021-09-16
2021-09-17,15:00,SELL,1000,11.75,11738.25,16.973015,0.0,0.0,11721.276985,2000,2021-09-17
2021-09-22,09:25,BUY,1000,11.68,11691.679999999998,5.2338336,0.0,0.0,24.363151400002607,3000,2021-09-17
2021-09-22,15:00,SELL,1000,11.69,11678.31,16.911876200000002,0.0,0.0,11685.761275200002,2000,2021-09-22
2021-09-23,09:25,BUY,1000,11.99,12001.989999999998,5.2400398,0.0,321.4687645999966,0.0,3000,2021-09-22
2021-09-23,15:00,SELL,1000,12.08,12067.92,17.3092784,0.0,0.0,12050.6107216,2000,2021-09-23
2021-09-24,09:25,BUY,1000,12.0,12011.999999999998,5.24024,0.0,0.0,33.37048160000268,3000,2021-09-23
2021-09-24,15:00,SELL,1000,11.86,11848.14,17.0851028,0.0,0.0,11864.425378800002,2000,2021-09-24
2021-09-27,09:25,BUY,1000,11.9,11911.899999999998,5.238238,0.0,52.712859199995364,0.0,3000,2021-09-24
2021-09-27,15:00,SELL,1000,11.87,11858.13,17.0952926,0.0,0.0,11841.034707399998,2000,2021-09-27
2021-09-28,09:25,BUY,1000,11.81,11821.81,5.2364362,0.0,0.0,13.988271199998053,3000,2021-09-27
2021-09-28,15:00,SELL,1000,11.8,11788.2,17.023964,0.0,0.0,11785.164307199999,2000,2021-09-28
2021-09-29,09:25,BUY,1000,11.8,11811.8,5.236236,0.0,31.871928800001115,0.0,3000,2021-09-28
2021-09-29,15:00,SELL,1000,11.84,11828.16,17.064723200000003,0.0,0.0,11811.0952768,2000,2021-09-29
2021-09-30,09:25,BUY,1000,11.84,11851.839999999998,5.2370368,0.0,45.98175999999694,0.0,3000,2021-09-29
2021-09-30,15:00,SELL,1000,11.62,11608.38,16.8405476,0.0,0.0,11591.539452399998,2000,2021-09-30
2021-10-08,09:25,BUY,1000,11.74,11751.739999999998,5.2350348,0.0,165.43558239999948,0.0,3000,2021-09-30
2021-10-08,15:00,SELL,1000,12.12,12107.88,17.3500376,0.0,0.0,12090.5299624,2000,2021-10-08
2021-10-11,09:25,BUY,1000,12.12,12132.119999999999,5.2426424,0.0,46.83267999999953,0.0,3000,2021-10-08
2021-10-11,15:00,SELL,1000,12.13,12117.87,17.3602274,0.0,0.0,12100.5097726,2000,2021-10-11
2021-10-12,09:25,BUY,1000,12.17,12182.169999999998,5.2436434,0.0,86.9038707999971,0.0,3000,2021-10-11
2021-10-12,15:00,SELL,1000,11.88,11868.12,17.1054824,0.0,0.0,11851.0145176,2000,2021-10-12
2021-10-13,09:25,BUY,1000,11.88,11891.88,5.2378376,0.0,46.10331999999835,0.0,3000,2021-10-12
2021-10-13,15:00,SELL,1000,11.89,11878.11,17.115672200000002,0.0,0.0,11860.994327800001,2000,2021-10-13
2021-10-14,09:25,BUY,1000,11.87,11881.869999999999,5.2376374,0.0,26.113309599997592,0.0,3000,2021-10-13
2021-10-14,15:00,SELL,1000,11.86,11848.14,17.0851028,0.0,0.0,11831.0548972,2000,2021-10-14
2021-10-15,09:25,BUY,1000,11.86,11871.859999999999,5.2374372,0.0,46.04253999999855,0.0,3000,2021-10-14
2021-10-15,15:00,SELL,1000,11.73,11718.27,16.952635400000002,0.0,0.0,11701.3173646,2000,2021-10-15
2021-10-18,09:25,BUY,1000,11.82,11831.819999999998,5.2366364,0.0,135.7392717999992,0.0,3000,2021-10-15
2021-10-18,15:00,SELL,1000,11.58,11568.42,16.7997884,0.0,0.0,11551.6202116,2000,2021-10-18
2021-10-19,09:25,BUY,1000,11.62,11631.619999999999,5.2326324,0.0,85.23242079999909,0.0,3000,2021-10-18
2021-10-19,15:00,SELL,1000,11.64,11628.36,16.8609272,0.0,0.0,11611.499072800001,2000,2021-10-19
2021-10-20,09:25,BUY,1000,11.65,11661.649999999998,5.233233,0.0,55.384160199997496,0.0,3000,2021-10-19
2021-10-20,15:00,SELL,1000,11.59,11578.41,16.809978200000003,0.0,0.0,11561.600021799999,2000,2021-10-20
2021-10-21,09:25,BUY,1000,11.6,11611.599999999999,5.232232,0.0,55.23221019999983,0.0,3000,2021-10-20
2021-10-21,15:00,SELL,1000,11.49,11478.51,16.7080802,0.0,0.0,11461.8019198,2000,2021-10-21
2021-10-22,09:25,BUY,1000,11.49,11501.489999999998,5.2300298,0.0,44.91810999999689,0.0,3000,2021-10-21
2021-10-22,15:00,SELL,1000,11.54,11528.46,16.7590292,0.0,0.0,11511.700970799999,2000,2021-10-22
2021-10-25,09:25,BUY,1000,11.48,11491.48,5.2298296,0.0,0.0,14.99114119999831,3000,2021-10-22
2021-10-25,15:00,SELL,1000,11.38,11368.62,16.5959924,0.0,0.0,11367.0151488,2000,2021-10-25
2021-10-26,09:25,BUY,1000,11.42,11431.419999999998,5.2286284,0.0,69.63347959999919,0.0,3000,2021-10-25
2021-10-26,15:00,SELL,1000,11.43,11418.57,16.646941400000003,0.0,0.0,11401.9230586,2000,2021-10-26
2021-10-27,09:25,BUY,1000,11.46,11471.46,5.2294292,0.0,74.7663706000003,0.0,3000,2021-10-26
2021-10-27,15:00,SELL,1000,11.28,11268.72,16.4940944,0.0,0.0,11252.225905599998,2000,2021-10-27
2021-10-28,09:25,BUY,1000,11.13,11141.13,5.2228226,0.0,0.0,105.87308299999859,3000,2021-10-27
2021-10-28,15:00,SELL,1000,11.16,11148.84,16.3718168,0.0,0.0,11238.3412662,2000,2021-10-28
2021-10-29,09:25,BUY,1000,11.21,11221.21,5.2244242,0.0,0.0,11.906842000000324,3000,2021-10-28
2021-10-29,15:00,SELL,1000,11.35,11338.65,16.565423000000003,0.0,0.0,11333.991419,2000,2021-10-29
2021-11-01,09:25,BUY,1000,11.3,11311.3,5.226226,0.0,0.0,17.465193,3000,2021-10-29
2021-11-01,15:00,SELL,1000,11.44,11428.56,16.657131200000002,0.0,0.0,11429.3680618,2000,2021-11-01
2021-11-02,09:25,BUY,1000,11.5,11511.499999999998,5.23023,0.0,87.36216819999754,0.0,3000,2021-11-01
2021-11-02,15:00,SELL,1000,11.43,11418.57,16.646941400000003,0.0,0.0,11401.9230586,2000,2021-11-02
2021-11-03,09:25,BUY,1000,11.38,11391.38,5.2278276,0.0,0.0,5.3152310000004945,3000,2021-11-02
2021-11-03,15:00,SELL,1000,11.47,11458.53,16.6877006,0.0,0.0,11447.157530400002,2000,2021-11-03
2021-11-04,09:25,BUY,1000,11.52,11531.519999999999,5.2306304,0.0,89.59309999999641,0.0,3000,2021-11-03
2021-11-04,15:00,SELL,1000,11.62,11608.38,16.8405476,0.0,0.0,11591.539452399998,2000,2021-11-04
2021-11-05,09:25,BUY,1000,11.6,11611.599999999999,5.232232,0.0,25.292779600000358,0.0,3000,2021-11-04
2021-11-05,15:00,SELL,1000,11.69,11678.31,16.911876200000002,0.0,0.0,11661.3981238,2000,2021-11-05
2021-11-08,09:25,BUY,1000,11.68,11691.679999999998,5.2338336,0.0,35.51570979999815,0.0,3000,2021-11-05
2021-11-08,15:00,SELL,1000,11.65,11638.35,16.871117,0.0,0.0,11621.478883,2000,2021-11-08
2021-11-09,09:25,BUY,1000,11.65,11661.649999999998,5.233233,0.0,45.404349999998885,0.0,3000,2021-11-08
2021-11-09,15:00,SELL,1000,11.59,11578.41,16.809978200000003,0.0,0.0,11561.600021799999,2000,2021-11-09
2021-11-10,09:25,BUY,1000,11.62,11631.619999999999,5.2326324,0.0,75.25261060000048,0.0,3000,2021-11-09
2021-11-10,15:00,SELL,1000,11.54,11528.46,16.7590292,0.0,0.0,11511.700970799999,2000,2021-11-10
2021-11-11,09:25,BUY,1000,11.52,11531.519999999999,5.2306304,0.0,25.04965959999936,0.0,3000,2021-11-10
2021-11-11,15:00,SELL,1000,11.73,11718.27,16.952635400000002,0.0,0.0,11701.3173646,2000,2021-11-11
2021-11-12,09:25,BUY,1000,11.74,11751.739999999998,5.2350348,0.0,55.65767019999839,0.0,3000,2021-11-11
2021-11-12,15:00,SELL,1000,11.72,11708.28,16.9424456,0.0,0.0,11691.337554400001,2000,2021-11-12
2021-11-15,09:25,BUY,1000,11.72,11731.72,5.2346344,0.0,45.61707999999817,0.0,3000,2021-11-12
2021-11-15,15:00,SELL,1000,11.87,11858.13,17.0952926,0.0,0.0,11841.034707399998,2000,2021-11-15
2021-11-16,09:25,BUY,1000,11.87,11881.869999999999,5.2376374,0.0,46.07293000000027,0.0,3000,2021-11-15
2021-11-16,15:00,SELL,1000,11.81,11798.19,17.034153800000002,0.0,0.0,11781.155846200001,2000,2021-11-16
2021-11-17,09:25,BUY,1000,11.79,11801.789999999999,5.2360358,0.0,25.87018959999841,0.0,3000,2021-11-16
2021-11-17,15:00,SELL,1000,11.74,11728.26,16.9628252,0.0,0.0,11711.2971748,2000,2021-11-17
2021-11-18,09:25,BUY,1000,11.74,11751.739999999998,5.2350348,0.0,45.67785999999796,0.0,3000,2021-11-17
2021-11-18,15:00,SELL,1000,11.62,11608.38,16.8405476,0.0,0.0,11591.539452399998,2000,2021-11-18
2021-11-19,09:25,BUY,1000,11.6,11611.599999999999,5.232232,0.0,25.292779600000358,0.0,3000,2021-11-18
2021-11-19,15:00,SELL,1000,11.91,11898.09,17.1360518,0.0,0.0,11880.9539482,2000,2021-11-19
2021-11-22,09:25,BUY,1000,11.92,11931.919999999998,5.2386384,0.0,56.20469019999837,0.0,3000,2021-11-19
2021-11-22,15:00,SELL,1000,11.86,11848.14,17.0851028,0.0,0.0,11831.0548972,2000,2021-11-22
2021-11-23,09:25,BUY,1000,11.86,11871.859999999999,5.2374372,0.0,46.04253999999855,0.0,3000,2021-11-22
2021-11-23,15:00,SELL,1000,11.73,11718.27,16.952635400000002,0.0,0.0,11701.3173646,2000,2021-11-23
2021-11-24,09:25,BUY,1000,11.74,11751.739999999998,5.2350348,0.0,55.65767019999839,0.0,3000,2021-11-23
2021-11-24,15:00,SELL,1000,11.71,11698.29,16.9322558,0.0,0.0,11681.3577442,2000,2021-11-24
2021-11-25,09:25,BUY,1000,11.74,11751.739999999998,5.2350348,0.0,75.61729059999743,0.0,3000,2021-11-24
2021-11-25,15:00,SELL,1000,11.63,11618.37,16.8507374,0.0,0.0,11601.5192626,2000,2021-11-25
2021-11-26,09:25,BUY,1000,11.63,11641.63,5.2328326,0.0,45.34356999999909,0.0,3000,2021-11-25
2021-11-26,15:00,SELL,1000,11.17,11158.83,16.3820066,0.0,0.0,11142.4479934,2000,2021-11-26
2021-11-29,09:25,BUY,1000,11.09,11101.089999999998,5.2220218,0.0,0.0,36.13597160000063,3000,2021-11-26
2021-11-29,15:00,SELL,1000,10.98,10969.02,16.1884004,0.0,0.0,10988.9675712,2000,2021-11-29
2021-11-30,09:25,BUY,1000,11.01,11021.009999999998,5.2204202,0.0,37.262848999997004,0.0,3000,2021-11-29
2021-11-30,15:00,SELL,1000,11.17,11158.83,16.3820066,0.0,0.0,11142.4479934,2000,2021-11-30
2021-12-01,09:25,BUY,1000,11.18,11191.179999999998,5.2238236,0.0,53.95583019999867,0.0,3000,2021-11-30
2021-12-01,15:00,SELL,1000,11.26,11248.74,16.4737148,0.0,0.0,11232.2662852,2000,2021-12-01
2021-12-02,09:25,BUY,1000,11.21,11221.21,5.2244242,0.0,0.0,5.831861000000572,3000,2021-12-01
2021-12-02,15:00,SELL,1000,11.2,11188.8,16.412576,0.0,0.0,11178.219285,2000,2021-12-02
2021-12-03,09:25,BUY,1000,11.19,11201.189999999999,5.2240238,0.0,28.19473879999896,0.0,3000,2021-12-02
2021-12-03,15:00,SELL,1000,11.25,11238.75,16.463525,0.0,0.0,11222.286475,2000,2021-12-03
2021-12-06,09:25,BUY,1000,11.22,11231.22,5.2246244,0.0,14.158149399998365,0.0,3000,2021-12-03
2021-12-06,15:00,SELL,1000,11.28,11268.72,16.4940944,0.0,0.0,11252.225905599998,2000,2021-12-06
2021-12-07,09:25,BUY,1000,11.32,11331.319999999998,5.2266264,0.0,84.32072080000034,0.0,3000,2021-12-06
2021-12-07,15:00,SELL,1000,11.35,11338.65,16.565423000000003,0.0,0.0,11322.084577,2000,2021-12-07
2021-12-08,09:25,BUY,1000,11.37,11381.369999999999,5.2276274,0.0,64.51305039999897,0.0,3000,2021-12-07
2021-12-08,15:00,SELL,1000,11.56,11548.44,16.7794088,0.0,0.0,11531.660591200001,2000,2021-12-08
2021-12-09,09:25,BUY,1000,11.5,11511.499999999998,5.23023,0.0,0.0,14.930361200003972,3000,2021-12-08
2021-12-09,15:00,SELL,1000,11.77,11758.23,16.993394600000002,0.0,0.0,11756.166966600003,2000,2021-12-09
2021-12-10,09:25,BUY,1000,11.75,11761.749999999998,5.235235,0.0,10.81826839999485,0.0,3000,2021-12-09
2021-12-10,15:00,SELL,1000,11.89,11878.11,17.115672200000002,0.0,0.0,11860.994327800001,2000,2021-12-10
2021-12-13,09:25,BUY,1000,11.88,11891.88,5.2378376,0.0,36.12350979999792,0.0,3000,2021-12-10
2021-12-13,15:00,SELL,1000,11.98,11968.02,17.2073804,0.0,0.0,11950.812619600001,2000,2021-12-13
2021-12-14,09:25,BUY,1000,11.96,11971.96,5.2394392,0.0,26.38681959999849,0.0,3000,2021-12-13
2021-12-14,15:00,SELL,1000,11.97,11958.03,17.1971906,0.0,0.0,11940.8328094,2000,2021-12-14
2021-12-15,09:25,BUY,1000,11.93,11941.929999999998,5.2388386,0.0,6.336029199997938,0.0,3000,2021-12-14
2021-12-15,15:00,SELL,1000,11.87,11858.13,17.0952926,0.0,0.0,11841.034707399998,2000,2021-12-15
2021-12-16,09:25,BUY,1000,11.92,11931.919999999998,5.2386384,0.0,96.12393100000008,0.0,3000,2021-12-15
2021-12-16,15:00,SELL,1000,12.05,12037.95,17.278709,0.0,0.0,12020.671291,2000,2021-12-16
2021-12-17,09:25,BUY,1000,12.04,12052.039999999999,5.2410408,0.0,36.6097497999981,0.0,3000,2021-12-16
2021-12-17,15:00,SELL,1000,12.14,12127.86,17.370417200000002,0.0,0.0,12110.4895828,2000,2021-12-17
2021-12-20,09:25,BUY,1000,12.14,12152.14,5.2430428,0.0,46.89345999999932,0.0,3000,2021-12-17
2021-12-20,15:00,SELL,1000,12.1,12087.9,17.329658000000002,0.0,0.0,12070.570341999999,2000,2021-12-20
2021-12-21,09:25,BUY,1000,12.1,12112.099999999999,5.242242,0.0,46.77189999999973,0.0,3000,2021-12-20
2021-12-21,15:00,SELL,1000,12.15,12137.85,17.380607,0.0,0.0,12120.469393000001,2000,2021-12-21
2021-12-22,09:25,BUY,1000,12.0,12011.999999999998,5.24024,0.0,0.0,103.22915300000386,3000,2021-12-21
2021-12-22,15:00,SELL,1000,11.91,11898.09,17.1360518,0.0,0.0,11984.183101200004,2000,2021-12-22
2021-12-23,09:25,BUY,1000,11.88,11891.88,5.2378376,0.0,0.0,87.06526360000498,3000,2021-12-22
2021-12-23,15:00,SELL,1000,12.03,12017.97,17.2583294,0.0,0.0,12087.776934200005,2000,2021-12-23
2021-12-24,09:25,BUY,1000,12.0,12011.999999999998,5.24024,0.0,0.0,70.53669420000733,3000,2021-12-23
2021-12-24,15:00,SELL,1000,11.98,11968.02,17.2073804,0.0,0.0,12021.349313800009,2000,2021-12-24
2021-12-27,09:25,BUY,1000,11.98,11991.98,5.2398396,0.0,0.0,24.12947420000819,3000,2021-12-24
2021-12-27,15:00,SELL,1000,12.08,12067.92,17.3092784,0.0,0.0,12074.740195800008,2000,2021-12-27
2021-12-28,09:25,BUY,1000,12.08,12092.079999999998,5.2418416,0.0,22.58164579998993,0.0,3000,2021-12-27
2021-12-28,15:00,SELL,1000,12.05,12037.95,17.278709,0.0,0.0,12020.671291,2000,2021-12-28
2021-12-29,09:25,BUY,1000,12.0,12011.999999999998,5.24024,0.0,0.0,3.431051000003208,3000,2021-12-28
2021-12-29,15:00,SELL,1000,11.9,11888.1,17.125862,0.0,0.0,11874.405189000003,2000,2021-12-29
2021-12-30,09:25,BUY,1000,11.91,11921.909999999998,5.2384382,0.0,52.74324919999526,0.0,3000,2021-12-29
2021-12-30,15:00,SELL,1000,11.9,11888.1,17.125862,0.0,0.0,11870.974138,2000,2021-12-30
2021-12-31,09:25,BUY,1000,11.92,11931.919999999998,5.2386384,0.0,66.1845003999988,0.0,3000,2021-12-30
2021-12-31,15:00,SELL,1000,11.92,11908.08,17.146241600000003,0.0,0.0,11890.9337584,2000,2021-12-31
2022-01-04,09:25,BUY,1000,11.93,11941.929999999998,5.2388386,0.0,56.235080199998265,0.0,3000,2021-12-31
2022-01-04,15:00,SELL,1000,12.04,12027.96,17.2685192,0.0,0.0,12010.691480799998,2000,2022-01-04
2022-01-05,09:25,BUY,1000,12.03,12042.029999999999,5.2408406,0.0,36.57935980000002,0.0,3000,2022-01-04
2022-01-05,15:00,SELL,1000,12.11,12097.89,17.3398478,0.0,0.0,12080.5501522,2000,2022-01-05
2022-01-06,09:25,BUY,1000,12.13,12142.13,5.2428426,0.0,66.82269040000028,0.0,3000,2022-01-05
2022-01-06,15:00,SELL,1000,11.89,11878.11,17.115672200000002,0.0,0.0,11860.994327800001,2000,2022-01-06
2022-01-07,09:25,BUY,1000,11.92,11931.919999999998,5.2386384,0.0,76.1643105999974,0.0,3000,2022-01-06
2022-01-07,15:00,SELL,1000,11.83,11818.17,17.0545334,0.0,0.0,11801.1154666,2000,2022-01-07
2022-01-10,09:25,BUY,1000,11.81,11821.81,5.2364362,0.0,25.930969600000026,0.0,3000,2022-01-07
2022-01-10,15:00,SELL,1000,11.96,11948.04,17.1870008,0.0,0.0,11930.8529992,2000,2022-01-10
2022-01-11,09:25,BUY,1000,11.93,11941.929999999998,5.2388386,0.0,16.315839399998367,0.0,3000,2022-01-10
2022-01-11,15:00,SELL,1000,11.85,11838.15,17.074913000000002,0.0,0.0,11821.075087,2000,2022-01-11
2022-01-12,09:25,BUY,1000,11.85,11861.849999999999,5.237237,0.0,46.012149999998655,0.0,3000,2022-01-11
2022-01-12,15:00,SELL,1000,11.82,11808.18,17.0443436,0.0,0.0,11791.1356564,2000,2022-01-12
2022-01-13,09:25,BUY,1000,11.86,11871.859999999999,5.2374372,0.0,85.96178079999845,0.0,3000,2022-01-12
2022-01-13,15:00,SELL,1000,11.55,11538.45,16.769219,0.0,0.0,11521.680781000001,2000,2022-01-13
2022-01-14,09:25,BUY,1000,11.47,11481.47,5.2296294,0.0,0.0,34.981151600000885,3000,2022-01-13
2022-01-14,15:00,SELL,1000,11.34,11328.66,16.5552332,0.0,0.0,11347.0859184,2000,2022-01-14
2022-01-17,09:25,BUY,1000,11.34,11351.339999999998,5.2270268,0.0,9.481108399997538,0.0,3000,2022-01-14
2022-01-17,15:00,SELL,1000,11.42,11408.58,16.6367516,0.0,0.0,11391.9432484,2000,2022-01-17
2022-01-18,09:25,BUY,1000,11.45,11461.449999999999,5.229229,0.0,74.73598059999858,0.0,3000,2022-01-17
2022-01-18,15:00,SELL,1000,11.72,11708.28,16.9424456,0.0,0.0,11691.337554400001,2000,2022-01-18
2022-01-19,09:25,BUY,1000,11.72,11731.72,5.2346344,0.0,45.61707999999817,0.0,3000,2022-01-18
2022-01-19,15:00,SELL,1000,11.64,11628.36,16.8609272,0.0,0.0,11611.499072800001,2000,2022-01-19
2022-01-20,09:25,BUY,1000,11.69,11701.689999999999,5.2340338,0.0,95.42496099999698,0.0,3000,2022-01-19
2022-01-20,15:00,SELL,1000,11.77,11758.23,16.993394600000002,0.0,0.0,11741.2366054,2000,2022-01-20
2022-01-21,09:25,BUY,1000,11.71,11721.71,5.2344342,0.0,0.0,14.292171200000666,3000,2022-01-20
2022-01-21,15:00,SELL,1000,11.61,11598.39,16.8303578,0.0,0.0,11595.8518134,2000,2022-01-21
2022-01-24,09:25,BUY,1000,11.55,11561.55,5.231231,0.0,0.0,29.070582400001513,3000,2022-01-21
2022-01-24,15:00,SELL,1000,11.49,11478.51,16.7080802,0.0,0.0,11490.872502200002,2000,2022-01-24
2022-01-25,09:25,BUY,1000,11.56,11571.56,5.2314312,0.0,85.91892899999766,0.0,3000,2022-01-24
2022-01-25,15:00,SELL,1000,11.31,11298.69,16.5246638,0.0,0.0,11282.1653362,2000,2022-01-25
2022-01-26,09:25,BUY,1000,11.31,11321.31,5.2264262,0.0,44.37109000000055,0.0,3000,2022-01-25
2022-01-26,15:00,SELL,1000,11.25,11238.75,16.463525,0.0,0.0,11222.286475,2000,2022-01-26
2022-01-27,09:25,BUY,1000,11.25,11261.249999999998,5.225225,0.0,44.188749999997526,0.0,3000,2022-01-26
2022-01-27,15:00,SELL,1000,11.13,11118.87,16.3412474,0.0,0.0,11102.528752600001,2000,2022-01-27
2022-01-28,09:25,BUY,1000,11.14,11151.14,5.2230228,0.0,53.83427019999908,0.0,3000,2022-01-27
2022-01-28,15:00,SELL,1000,11.11,11098.89,16.320867800000002,0.0,0.0,11082.5691322,2000,2022-01-28
2022-02-07,09:25,BUY,1000,11.2,11211.199999999999,5.224224,0.0,133.85509179999826,0.0,3000,2022-01-28
2022-02-07,15:00,SELL,1000,11.16,11148.84,16.3718168,0.0,0.0,11132.4681832,2000,2022-02-07
2022-02-08,09:25,BUY,1000,11.15,11161.15,5.223223,0.0,33.90503979999994,0.0,3000,2022-02-07
2022-02-08,15:00,SELL,1000,11.29,11278.71,16.5042842,0.0,0.0,11262.205715799999,2000,2022-02-08
2022-02-09,09:25,BUY,1000,11.31,11321.31,5.2264262,0.0,64.33071040000141,0.0,3000,2022-02-08
2022-02-09,15:00,SELL,1000,11.35,11338.65,16.565423000000003,0.0,0.0,11322.084577,2000,2022-02-09
2022-02-10,09:25,BUY,1000,11.37,11381.369999999999,5.2276274,0.0,64.51305039999897,0.0,3000,2022-02-09
2022-02-10,15:00,SELL,1000,11.41,11398.59,16.6265618,0.0,0.0,11381.9634382,2000,2022-02-10
2022-02-11,09:25,BUY,1000,11.41,11421.409999999998,5.2284282,0.0,44.674989999997706,0.0,3000,2022-02-10
2022-02-11,15:00,SELL,1000,11.33,11318.67,16.5450434,0.0,0.0,11302.1249566,2000,2022-02-11
2022-02-14,09:25,BUY,1000,11.27,11281.269999999999,5.2256254,0.0,0.0,15.629331200001616,3000,2022-02-11
2022-02-14,15:00,SELL,1000,11.26,11248.74,16.4737148,0.0,0.0,11247.895616400001,2000,2022-02-14
2022-02-15,09:25,BUY,1000,11.23,11241.23,5.2248246,0.0,0.0,1.4407918000015343,3000,2022-02-14
2022-02-15,15:00,SELL,1000,11.24,11228.76,16.4533352,0.0,0.0,11213.747456600002,2000,2022-02-15
2022-02-16,09:25,BUY,1000,11.3,11311.3,5.226226,0.0,102.77876939999805,0.0,3000,2022-02-15
2022-02-16,15:00,SELL,1000,11.27,11258.73,16.483904600000002,0.0,0.0,11242.2460954,2000,2022-02-16
2022-02-17,09:25,BUY,1000,11.25,11261.249999999998,5.225225,0.0,24.229129599998487,0.0,3000,2022-02-16
2022-02-17,15:00,SELL,1000,11.25,11238.75,16.463525,0.0,0.0,11222.286475,2000,2022-02-17
2022-02-18,09:25,BUY,1000,11.24,11251.239999999998,5.2250248,0.0,34.1785497999972,0.0,3000,2022-02-17
2022-02-18,15:00,SELL,1000,11.29,11278.71,16.5042842,0.0,0.0,11262.205715799999,2000,2022-02-18
2022-02-21,09:25,BUY,1000,11.27,11281.269999999999,5.2256254,0.0,24.2899096000001,0.0,3000,2022-02-18
2022-02-21,15:00,SELL,1000,11.4,11388.6,16.616372000000002,0.0,0.0,11371.983628,2000,2022-02-21
2022-02-22,09:25,BUY,1000,11.34,11351.339999999998,5.2270268,0.0,0.0,15.416601200002333,3000,2022-02-21
2022-02-22,15:00,SELL,1000,11.27,11258.73,16.483904600000002,0.0,0.0,11257.662696600002,2000,2022-02-22
2022-02-23,09:25,BUY,1000,11.27,11281.269999999999,5.2256254,0.0,28.832928799996807,0.0,3000,2022-02-22
2022-02-23,15:00,SELL,1000,11.34,11328.66,16.5552332,0.0,0.0,11312.1047668,2000,2022-02-23
2022-02-24,09:25,BUY,1000,11.31,11321.31,5.2264262,0.0,14.431659400001081,0.0,3000,2022-02-23
2022-02-24,15:00,SELL,1000,11.2,11188.8,16.412576,0.0,0.0,11172.387423999999,2000,2022-02-24
2022-02-25,09:25,BUY,1000,11.2,11211.199999999999,5.224224,0.0,44.03679999999986,0.0,3000,2022-02-24
2022-02-25,15:00,SELL,1000,11.2,11188.8,16.412576,0.0,0.0,11172.387423999999,2000,2022-02-25
2022-02-28,09:25,BUY,1000,11.18,11191.179999999998,5.2238236,0.0,24.016399599999204,0.0,3000,2022-02-25
2022-02-28,15:00,SELL,1000,11.17,11158.83,16.3820066,0.0,0.0,11142.4479934,2000,2022-02-28
2022-03-01,09:25,BUY,1000,11.16,11171.159999999998,5.2234232,0.0,33.93542979999802,0.0,3000,2022-02-28
2022-03-01,15:00,SELL,1000,11.17,11158.83,16.3820066,0.0,0.0,11142.4479934,2000,2022-03-01
2022-03-02,09:25,BUY,1000,11.15,11161.15,5.223223,0.0,23.92522960000133,0.0,3000,2022-03-01
2022-03-02,15:00,SELL,1000,11.21,11198.79,16.4227658,0.0,0.0,11182.3672342,2000,2022-03-02
2022-03-03,09:25,BUY,1000,11.23,11241.23,5.2248246,0.0,64.08759039999859,0.0,3000,2022-03-02
2022-03-03,15:00,SELL,1000,11.2,11188.8,16.412576,0.0,0.0,11172.387423999999,2000,2022-03-03
2022-03-04,09:25,BUY,1000,11.13,11141.13,5.2228226,0.0,0.0,26.03460139999879,3000,2022-03-03
2022-03-04,15:00,SELL,1000,11.14,11128.86,16.3514372,0.0,0.0,11138.543164199999,2000,2022-03-04
2022-03-07,09:25,BUY,1000,11.08,11091.079999999998,5.2218216,0.0,0.0,42.24134260000028,3000,2022-03-04
2022-03-07,15:00,SELL,1000,10.82,10809.18,16.0253636,0.0,0.0,10835.395979,2000,2022-03-07
2022-03-08,09:25,BUY,1000,10.77,10780.769999999999,5.2156154,0.0,0.0,49.4103636000018,3000,2022-03-07
2022-03-08,15:00,SELL,1000,10.6,10589.4,15.801188,0.0,0.0,10623.009175600002,2000,2022-03-08
2022-03-09,09:25,BUY,1000,10.63,10640.63,5.2128126,0.0,22.833636999997907,0.0,3000,2022-03-08
2022-03-09,15:00,SELL,1000,10.4,10389.6,15.597392000000001,0.0,0.0,10374.002608,2000,2022-03-09
2022-03-10,09:25,BUY,1000,10.55,10560.55,5.211211,0.0,191.7586029999984,0.0,3000,2022-03-09
2022-03-10,15:00,SELL,1000,10.35,10339.65,15.546443,0.0,0.0,10324.103557,2000,2022-03-10
2022-03-11,09:25,BUY,1000,10.23,10240.23,5.2048046,0.0,0.0,78.66875240000081,3000,2022-03-10
2022-03-11,15:00,SELL,1000,10.28,10269.72,15.4751144,0.0,0.0,10332.913638,2000,2022-03-11
2022-03-14,09:25,BUY,1000,10.15,10160.15,5.203203,0.0,0.0,167.56043500000123,3000,2022-03-11
2022-03-14,15:00,SELL,1000,10.18,10169.82,15.3732164,0.0,0.0,10322.007218600002,2000,2022-03-14
2022-03-15,09:25,BUY,1000,10.19,10200.189999999999,5.2040038,0.0,0.0,116.61321480000333,3000,2022-03-14
2022-03-15,15:00,SELL,1000,9.75,9740.25,14.935055,0.0,0.0,9841.928159800003,2000,2022-03-15
2022-03-16,09:25,BUY,1000,9.85,9859.849999999999,5.197197,0.0,23.119037199994636,0.0,3000,2022-03-15
2022-03-16,15:00,SELL,1000,9.89,9880.11,15.0777122,0.0,0.0,9865.0322878,2000,2022-03-16
2022-03-17,09:25,BUY,1000,10.0,10009.999999999998,5.2002,0.0,150.16791219999686,0.0,3000,2022-03-16
2022-03-17,15:00,SELL,1000,10.11,10099.89,15.3018878,0.0,0.0,10084.5881122,2000,2022-03-17
2022-03-18,09:25,BUY,1000,10.1,10110.099999999999,5.202202,0.0,30.714089799999783,0.0,3000,2022-03-17
2022-03-18,15:00,SELL,1000,10.2,10189.8,15.393596,0.0,0.0,10174.406404,2000,2022-03-18
2022-03-21,09:25,BUY,1000,10.22,10230.22,5.2046044,0.0,61.01820039999984,0.0,3000,2022-03-18
2022-03-21,15:00,SELL,1000,10.1,10089.9,15.291698,0.0,0.0,10074.608301999999,2000,2022-03-21
2022-03-22,09:25,BUY,1000,10.13,10140.13,5.2028026,0.0,70.72450060000119,0.0,3000,2022-03-21
2022-03-22,15:00,SELL,1000,10.19,10179.81,15.3834062,0.0,0.0,10164.426593799999,2000,2022-03-22
2022-03-23,09:25,BUY,1000,10.45,10460.449999999999,5.209209,0.0,301.2326152000005,0.0,3000,2022-03-22
2022-03-23,15:00,SELL,1000,10.39,10379.61,15.587202200000002,0.0,0.0,10364.0227978,2000,2022-03-23
2022-03-24,09:25,BUY,1000,10.42,10430.419999999998,5.2086084,0.0,71.60581059999822,0.0,3000,2022-03-23
2022-03-24,15:00,SELL,1000,10.39,10379.61,15.587202200000002,0.0,0.0,10364.0227978,2000,2022-03-24
2022-03-25,09:25,BUY,1000,10.39,10400.39,5.2080078,0.0,41.57520999999906,0.0,3000,2022-03-24
2022-03-25,15:00,SELL,1000,10.22,10209.78,15.4139756,0.0,0.0,10194.3660244,2000,2022-03-25
2022-03-28,09:25,BUY,1000,10.09,10100.089999999998,5.2020018,0.0,0.0,89.07402260000163,3000,2022-03-25
2022-03-28,15:00,SELL,1000,10.24,10229.76,15.4343552,0.0,0.0,10303.399667400003,2000,2022-03-28
2022-03-29,09:25,BUY,1000,10.24,10250.239999999998,5.2050048,0.0,0.0,47.95466260000467,3000,2022-03-28
2022-03-29,15:00,SELL,1000,10.08,10069.92,15.2713184,0.0,0.0,10102.603344200004,2000,2022-03-29
2022-03-30,09:25,BUY,1000,10.12,10130.119999999999,5.2026024,0.0,32.71925819999524,0.0,3000,2022-03-29
2022-03-30,15:00,SELL,1000,10.2,10189.8,15.393596,0.0,0.0,10174.406404,2000,2022-03-30
2022-03-31,09:25,BUY,1000,10.15,10160.15,5.203203,0.0,0.0,9.053201000000627,3000,2022-03-30
2022-03-31,15:00,SELL,1000,10.15,10139.85,15.342647000000001,0.0,0.0,10133.560554000002,2000,2022-03-31
2022-04-01,09:25,BUY,1000,10.07,10080.07,5.2016014,0.0,0.0,48.28895260000172,3000,2022-03-31
2022-04-01,15:00,SELL,1000,10.18,10169.82,15.3732164,0.0,0.0,10202.735736200002,2000,2022-04-01
2022-04-06,09:25,BUY,1000,10.15,10160.15,5.203203,0.0,0.0,37.38253320000331,3000,2022-04-01
2022-04-06,15:00,SELL,1000,10.2,10189.8,15.393596,0.0,0.0,10211.788937200003,2000,2022-04-06
2022-04-07,09:25,BUY,1000,10.17,10180.169999999998,5.2036034,0.0,0.0,26.4153338000051,3000,2022-04-06
2022-04-07,15:00,SELL,1000,10.06,10049.94,15.250938800000002,0.0,0.0,10061.104395000006,2000,2022-04-07
2022-04-08,09:25,BUY,1000,10.06,10070.06,5.2014012,0.0,14.157006199993702,0.0,3000,2022-04-07
2022-04-08,15:00,SELL,1000,10.15,10139.85,15.342647000000001,0.0,0.0,10124.507353,2000,2022-04-08
2022-04-11,09:25,BUY,1000,10.11,10120.109999999999,5.2024022,0.0,0.8050491999983933,0.0,3000,2022-04-08
2022-04-11,15:00,SELL,1000,9.93,9920.07,15.1184714,0.0,0.0,9904.9515286,2000,2022-04-11
2022-04-12,09:25,BUY,1000,9.93,9939.929999999998,5.1987986,0.0,40.177269999998316,0.0,3000,2022-04-11
2022-04-12,15:00,SELL,1000,10.04,10029.96,15.2305592,0.0,0.0,10014.7294408,2000,2022-04-12
2022-04-13,09:25,BUY,1000,10.0,10009.999999999998,5.2002,0.0,0.4707591999977012,0.0,3000,2022-04-12
2022-04-13,15:00,SELL,1000,10.0,9990.0,15.1898,0.0,0.0,9974.8102,2000,2022-04-13
2022-04-14,09:25,BUY,1000,10.13,10140.13,5.2028026,0.0,170.52260260000003,0.0,3000,2022-04-13
2022-04-14,15:00,SELL,1000,10.1,10089.9,15.291698,0.0,0.0,10074.608301999999,2000,2022-04-14
2022-04-15,09:25,BUY,1000,10.04,10050.039999999999,5.2010008,0.0,0.0,19.36730119999993,3000,2022-04-14
2022-04-15,15:00,SELL,1000,10.04,10029.96,15.2305592,0.0,0.0,10034.096742,2000,2022-04-15
2022-04-18,09:25,BUY,1000,10.0,10009.999999999998,5.2002,0.0,0.0,18.896542000002228,3000,2022-04-15
2022-04-18,15:00,SELL,1000,9.98,9970.02,15.169420400000002,0.0,0.0,9973.747121600003,2000,2022-04-18
2022-04-19,09:25,BUY,1000,9.98,9989.98,5.1997996,0.0,21.432677999995576,0.0,3000,2022-04-18
2022-04-19,15:00,SELL,1000,9.89,9880.11,15.0777122,0.0,0.0,9865.0322878,2000,2022-04-19
2022-04-20,09:25,BUY,1000,9.93,9939.929999999998,5.1987986,0.0,80.09651079999821,0.0,3000,2022-04-19
2022-04-20,15:00,SELL,1000,9.85,9840.15,15.036953,0.0,0.0,9825.113046999999,2000,2022-04-20
2022-04-21,09:25,BUY,1000,9.87,9879.869999999999,5.1975974,0.0,59.95455039999979,0.0,3000,2022-04-20
2022-04-21,15:00,SELL,1000,9.78,9770.22,14.9656244,0.0,0.0,9755.2543756,2000,2022-04-21
2022-04-22,09:25,BUY,1000,9.77,9779.769999999999,5.1955954,0.0,29.711219799999526,0.0,3000,2022-04-21
2022-04-22,15:00,SELL,1000,9.72,9710.28,14.904485600000001,0.0,0.0,9695.3755144,2000,2022-04-22
2022-04-25,09:25,BUY,1000,9.6,9609.599999999999,5.192192,0.0,0.0,80.58332240000163,3000,2022-04-22
2022-04-25,15:00,SELL,1000,9.11,9100.89,14.2829078,0.0,0.0,9167.190414600002,2000,2022-04-25
2022-04-26,09:25,BUY,1000,9.17,9179.169999999998,5.1835834,0.0,17.16316879999613,0.0,3000,2022-04-25
2022-04-26,15:00,SELL,1000,9.19,9180.81,14.3644262,0.0,0.0,9166.4455738,2000,2022-04-26
2022-04-27,09:25,BUY,1000,9.09,9099.089999999998,5.1819818,0.0,0.0,62.17359200000101,3000,2022-04-26
2022-04-27,15:00,SELL,1000,9.37,9360.63,14.5478426,0.0,0.0,9408.2557494,2000,2022-04-27
2022-04-28,09:25,BUY,1000,9.31,9319.31,5.1863862,0.0,0.0,83.75936320000073,3000,2022-04-27
2022-04-28,15:00,SELL,1000,9.42,9410.58,14.5987916,0.0,0.0,9479.740571600001,2000,2022-04-28
2022-04-29,09:25,BUY,1000,9.46,9469.46,5.0946946,0.0,0.0,5.18587700000171,3000,2022-04-28
2022-04-29,15:00,SELL,1000,9.52,9510.48,14.6055848,0.0,0.0,9501.060292200002,2000,2022-04-29
2022-05-05,09:25,BUY,1000,9.56,9569.56,5.0956956,0.0,73.59540339999876,0.0,3000,2022-04-29
2022-05-05,15:00,SELL,1000,9.6,9590.4,14.686304,0.0,0.0,9575.713695999999,2000,2022-05-05
2022-05-06,09:25,BUY,1000,9.43,9439.429999999998,5.0943943,0.0,0.0,131.18930170000021,3000,2022-05-05
2022-05-06,15:00,SELL,1000,9.19,9180.81,14.2726181,0.0,0.0,9297.7266836,2000,2022-05-06
2022-05-09,09:25,BUY,1000,9.19,9199.189999999999,5.0919919,0.0,0.0,93.44469170000048,3000,2022-05-06
2022-05-09,15:00,SELL,1000,9.21,9200.79,14.292797900000002,0.0,0.0,9279.941893800002,2000,2022-05-09
2022-05-10,09:25,BUY,1000,9.11,9119.109999999999,5.0911911,0.0,0.0,155.74070270000266,3000,2022-05-09
2022-05-10,15:00,SELL,1000,9.34,9330.66,14.4239666,0.0,0.0,9471.976736100003,2000,2022-05-10
2022-05-11,09:25,BUY,1000,9.37,9379.369999999999,5.0937937,0.0,0.0,87.51294240000425,3000,2022-05-10
2022-05-11,15:00,SELL,1000,9.39,9380.61,14.474416100000001,0.0,0.0,9453.648526300005,2000,2022-05-11
2022-05-12,09:25,BUY,1000,9.35,9359.349999999999,5.0935935,0.0,0.0,89.20493280000665,3000,2022-05-11
2022-05-12,15:00,SELL,1000,9.38,9370.62,14.464326200000002,0.0,0.0,9445.360606600007,2000,2022-05-12
2022-05-13,09:25,BUY,1000,9.43,9439.429999999998,5.0943943,0.0,0.0,0.8362123000079009,3000,2022-05-12
2022-05-13,15:00,SELL,1000,9.38,9370.62,14.464326200000002,0.0,0.0,9356.991886100008,2000,2022-05-13
2022-05-16,09:25,BUY,1000,9.44,9449.439999999999,5.0944944,0.0,97.54260829999112,0.0,3000,2022-05-13
2022-05-16,15:00,SELL,1000,9.3,9290.7,14.383607000000001,0.0,0.0,9276.316393000001,2000,2022-05-16
2022-05-17,09:25,BUY,1000,9.33,9339.329999999998,5.0933933,0.0,68.1070002999968,0.0,3000,2022-05-16
2022-05-17,15:00,SELL,1000,9.39,9380.61,14.474416100000001,0.0,0.0,9366.1355839,2000,2022-05-17
2022-05-18,09:25,BUY,1000,9.4,9409.4,5.094094,0.0,48.358510099998966,0.0,3000,2022-05-17
2022-05-18,15:00,SELL,1000,9.42,9410.58,14.5046858,0.0,0.0,9396.0753142,2000,2022-05-18
2022-05-19,09:25,BUY,1000,9.33,9339.329999999998,5.0933933,0.0,0.0,51.65192090000164,3000,2022-05-18
2022-05-19,15:00,SELL,1000,9.35,9340.65,14.4340565,0.0,0.0,9377.867864400001,2000,2022-05-19
2022-05-20,09:25,BUY,1000,9.4,9409.4,5.094094,0.0,36.626229599998624,0.0,3000,2022-05-19
2022-05-20,15:00,SELL,1000,9.46,9450.54,14.545045400000001,0.0,0.0,9435.9949546,2000,2022-05-20
2022-05-23,09:25,BUY,1000,9.51,9519.509999999998,5.0951951,0.0,88.61024049999833,0.0,3000,2022-05-20
2022-05-23,15:00,SELL,1000,9.43,9420.57,14.5147757,0.0,0.0,9406.0552243,2000,2022-05-23
2022-05-24,09:25,BUY,1000,9.41,9419.41,5.0941941,0.0,18.44896979999976,0.0,3000,2022-05-23
2022-05-24,15:00,SELL,1000,9.1,9090.9,14.181809,0.0,0.0,9076.718191,2000,2022-05-24
2022-05-25,09:25,BUY,1000,9.11,9119.109999999999,5.0911911,0.0,47.48300009999912,0.0,3000,2022-05-24
2022-05-25,15:00,SELL,1000,9.14,9130.86,14.222168600000002,0.0,0.0,9116.637831400001,2000,2022-05-25
2022-05-26,09:25,BUY,1000,9.13,9139.13,5.0913913,0.0,27.583559899998363,0.0,3000,2022-05-25
2022-05-26,15:00,SELL,1000,9.22,9210.78,14.3028878,0.0,0.0,9196.4771122,2000,2022-05-26
2022-05-27,09:25,BUY,1000,9.23,9239.23,5.0923923,0.0,47.84528009999849,0.0,3000,2022-05-26
2022-05-27,15:00,SELL,1000,9.24,9230.76,14.3230676,0.0,0.0,9216.4369324,2000,2022-05-27
2022-05-30,09:25,BUY,1000,9.24,9249.24,5.0924924,0.0,37.89555999999902,0.0,3000,2022-05-27
2022-05-30,15:00,SELL,1000,9.17,9160.83,14.2524383,0.0,0.0,9146.5775617,2000,2022-05-30
2022-05-31,09:25,BUY,1000,9.17,9179.169999999998,5.0917917,0.0,37.684229999998934,0.0,3000,2022-05-30
2022-05-31,15:00,SELL,1000,9.41,9400.59,14.4945959,0.0,0.0,9386.0954041,2000,2022-05-31
2022-06-01,09:25,BUY,1000,9.35,9359.349999999999,5.0935935,0.0,0.0,21.651810600002136,3000,2022-05-31
2022-06-01,15:00,SELL,1000,9.37,9360.63,14.4542363,0.0,0.0,9367.827574300001,2000,2022-06-01
2022-06-02,09:25,BUY,1000,9.31,9319.31,5.0931931,0.0,0.0,43.424381200002244,3000,2022-06-01
2022-06-02,15:00,SELL,1000,9.4,9390.6,14.484506000000001,0.0,0.0,9419.539875200002,2000,2022-06-02
2022-06-06,09:25,BUY,1000,9.39,9399.39,5.0939939,0.0,0.0,15.055881300002511,3000,2022-06-02
2022-06-06,15:00,SELL,1000,9.43,9420.57,14.5147757,0.0,0.0,9421.111105600003,2000,2022-06-06
2022-06-07,09:25,BUY,1000,9.44,9449.439999999999,5.0944944,0.0,33.423388799996246,0.0,3000,2022-06-06
2022-06-07,15:00,SELL,1000,9.43,9420.57,14.5147757,0.0,0.0,9406.0552243,2000,2022-06-07
2022-06-08,09:25,BUY,1000,9.45,9459.449999999999,5.0945945,0.0,58.48937019999903,0.0,3000,2022-06-07
2022-06-08,15:00,SELL,1000,9.42,9410.58,14.5046858,0.0,0.0,9396.0753142,2000,2022-06-08
2022-06-09,09:25,BUY,1000,9.4,9409.4,5.094094,0.0,18.418779800000266,0.0,3000,2022-06-08
2022-06-09,15:00,SELL,1000,9.33,9320.67,14.413876700000001,0.0,0.0,9306.2561233,2000,2022-06-09
2022-06-10,09:25,BUY,1000,9.27,9279.269999999999,5.0927927,0.0,0.0,21.89333060000172,3000,2022-06-09
2022-06-10,15:00,SELL,1000,9.6,9590.4,14.686304,0.0,0.0,9597.6070266,2000,2022-06-10
2022-06-13,09:25,BUY,1000,9.55,9559.55,5.0955955,0.0,0.0,32.96143110000048,3000,2022-06-10
2022-06-13,15:00,SELL,1000,9.39,9380.61,14.474416100000001,0.0,0.0,9399.097015000001,2000,2022-06-13
2022-06-14,09:25,BUY,1000,9.31,9319.31,5.0931931,0.0,0.0,74.69382190000215,3000,2022-06-13
2022-06-14,15:00,SELL,1000,9.38,9370.62,14.464326200000002,0.0,0.0,9430.849495700002,2000,2022-06-14
2022-06-15,09:25,BUY,1000,9.34,9349.339999999998,5.0934934,0.0,0.0,76.41600230000404,3000,2022-06-14
2022-06-15,15:00,SELL,1000,9.64,9630.36,14.7266636,0.0,0.0,9692.049338700004,2000,2022-06-15
2022-06-16,09:25,BUY,1000,9.68,9689.679999999998,5.0968968,0.0,2.727558099993985,0.0,3000,2022-06-15
2022-06-16,15:00,SELL,1000,9.58,9570.42,14.6661242,0.0,0.0,9555.753875800001,2000,2022-06-16
2022-06-17,09:25,BUY,1000,9.53,9539.529999999999,5.0953953,0.0,0.0,11.128480500001388,3000,2022-06-16
2022-06-17,15:00,SELL,1000,9.69,9680.31,14.7771131,0.0,0.0,9676.6613674,2000,2022-06-17
2022-06-20,09:25,BUY,1000,9.74,9749.74,5.0974974,0.0,78.17612999999983,0.0,3000,2022-06-17
2022-06-20,15:00,SELL,1000,9.69,9680.31,14.7771131,0.0,0.0,9665.532886899999,2000,2022-06-20
2022-06-21,09:25,BUY,1000,9.69,9699.689999999999,5.0969969,0.0,39.254109999999855,0.0,3000,2022-06-20
2022-06-21,15:00,SELL,1000,9.72,9710.28,14.807382800000001,0.0,0.0,9695.472617200001,2000,2022-06-21
2022-06-22,09:25,BUY,1000,9.71,9719.71,5.0971971,0.0,29.33457989999806,0.0,3000,2022-06-21
2022-06-22,15:00,SELL,1000,9.55,9540.45,14.6358545,0.0,0.0,9525.8141455,2000,2022-06-22
2022-06-23,09:25,BUY,1000,9.55,9559.55,5.0955955,0.0,38.83144999999968,0.0,3000,2022-06-22
2022-06-23,15:00,SELL,1000,9.67,9660.33,14.7569333,0.0,0.0,9645.5730667,2000,2022-06-23
2022-06-24,09:25,BUY,1000,9.7,9709.699999999999,5.097097,0.0,69.22403029999805,0.0,3000,2022-06-23
2022-06-24,15:00,SELL,1000,9.75,9740.25,14.8376525,0.0,0.0,9725.4123475,2000,2022-06-24
2022-06-27,09:25,BUY,1000,9.75,9759.749999999998,5.0975975,0.0,39.43524999999863,0.0,3000,2022-06-24
2022-06-27,15:00,SELL,1000,9.77,9760.23,14.8578323,0.0,0.0,9745.3721677,2000,2022-06-27
2022-06-28,09:25,BUY,1000,9.76,9769.759999999998,5.0976976,0.0,29.485529899999165,0.0,3000,2022-06-27
2022-06-28,15:00,SELL,1000,9.9,9890.1,14.989001,0.0,0.0,9875.110999,2000,2022-06-28
2022-06-29,09:25,BUY,1000,9.9,9909.9,5.099099,0.0,39.8880999999983,0.0,3000,2022-06-28
2022-06-29,15:00,SELL,1000,9.84,9830.16,14.9284616,0.0,0.0,9815.2315384,2000,2022-06-29
2022-06-30,09:25,BUY,1000,9.83,9839.829999999998,5.0983983,0.0,29.696859899999254,0.0,3000,2022-06-29
2022-06-30,15:00,SELL,1000,9.84,9830.16,14.9284616,0.0,0.0,9815.2315384,2000,2022-06-30
2022-07-01,09:25,BUY,1000,9.83,9839.829999999998,5.0983983,0.0,29.696859899999254,0.0,3000,2022-06-30
2022-07-01,15:00,SELL,1000,9.78,9770.22,14.8679222,0.0,0.0,9755.3520778,2000,2022-07-01
2022-07-04,09:25,BUY,1000,9.77,9779.769999999999,5.0977977,0.0,29.515719899998658,0.0,3000,2022-07-01
2022-07-04,15:00,SELL,1000,9.76,9750.24,14.8477424,0.0,0.0,9735.3922576,2000,2022-07-04
2022-07-05,09:25,BUY,1000,9.76,9769.759999999998,5.0976976,0.0,39.465439999998125,0.0,3000,2022-07-04
2022-07-05,15:00,SELL,1000,9.69,9680.31,14.7771131,0.0,0.0,9665.532886899999,2000,2022-07-05
2022-07-06,09:25,BUY,1000,9.68,9689.679999999998,5.0968968,0.0,29.244009899999583,0.0,3000,2022-07-05
2022-07-06,15:00,SELL,1000,9.61,9600.39,14.6963939,0.0,0.0,9585.6936061,2000,2022-07-06
2022-07-07,09:25,BUY,1000,9.56,9569.56,5.0956956,0.0,0.0,11.03791049999927,3000,2022-07-06
2022-07-07,15:00,SELL,1000,9.59,9580.41,14.676214100000001,0.0,0.0,9576.7716964,2000,2022-07-07
2022-07-08,09:25,BUY,1000,9.62,9629.619999999999,5.0962962,0.0,57.944599799999196,0.0,3000,2022-07-07
2022-07-08,15:00,SELL,1000,9.74,9730.26,14.8275626,0.0,0.0,9715.4324374,2000,2022-07-08
2022-07-11,09:25,BUY,1000,9.76,9769.759999999998,5.0976976,0.0,59.425260199997865,0.0,3000,2022-07-08
2022-07-11,15:00,SELL,1000,9.64,9630.36,14.7266636,0.0,0.0,9615.6333364,2000,2022-07-11
2022-07-12,09:25,BUY,1000,9.6,9609.599999999999,5.096096,0.0,0.0,0.937240400002338,3000,2022-07-11
2022-07-12,15:00,SELL,1000,9.63,9620.37,14.716573700000001,0.0,0.0,9606.590666700004,2000,2022-07-12
2022-07-13,09:25,BUY,1000,9.64,9649.64,5.0964964,0.0,48.145829699995375,0.0,3000,2022-07-12
2022-07-13,15:00,SELL,1000,9.64,9630.36,14.7266636,0.0,0.0,9615.6333364,2000,2022-07-13
2022-07-14,09:25,BUY,1000,9.66,9669.659999999998,5.0966966,0.0,59.12336019999748,0.0,3000,2022-07-13
2022-07-14,15:00,SELL,1000,9.55,9540.45,14.6358545,0.0,0.0,9525.8141455,2000,2022-07-14
2022-07-15,09:25,BUY,1000,9.52,9529.519999999999,5.0952952,0.0,8.80114969999886,0.0,3000,2022-07-14
2022-07-15,15:00,SELL,1000,9.35,9340.65,14.4340565,0.0,0.0,9326.2159435,2000,2022-07-15
2022-07-18,09:25,BUY,1000,9.36,9369.359999999999,5.0936936,0.0,48.237750099999175,0.0,3000,2022-07-15
2022-07-18,15:00,SELL,1000,9.67,9660.33,14.7569333,0.0,0.0,9645.5730667,2000,2022-07-18
2022-07-19,09:25,BUY,1000,9.63,9639.63,5.0963963,0.0,0.0,0.84667040000204,3000,2022-07-18
2022-07-19,15:00,SELL,1000,9.8,9790.2,14.888102000000002,0.0,0.0,9776.158568400002,2000,2022-07-19
2022-07-20,09:25,BUY,1000,9.87,9879.869999999999,5.0987987,0.0,108.81023029999778,0.0,3000,2022-07-19
2022-07-20,15:00,SELL,1000,9.94,9930.06,15.0293606,0.0,0.0,9915.0306394,2000,2022-07-20
2022-07-21,09:25,BUY,1000,9.9,9909.9,5.099099,0.0,0.0,0.03154040000117675,3000,2022-07-20
2022-07-21,15:00,SELL,1000,10.07,10059.93,15.1605293,0.0,0.0,10044.801011100002,2000,2022-07-21
2022-07-22,09:25,BUY,1000,10.04,10050.039999999999,5.1005004,0.0,10.339489299996785,0.0,3000,2022-07-21
2022-07-22,15:00,SELL,1000,10.0,9990.0,15.0899,0.0,0.0,9974.9101,2000,2022-07-22
2022-07-25,09:25,BUY,1000,10.0,10009.999999999998,5.1001,0.0,40.18999999999869,0.0,3000,2022-07-22
2022-07-25,15:00,SELL,1000,9.95,9940.05,15.0394505,0.0,0.0,9925.010549499999,2000,2022-07-25
2022-07-26,09:25,BUY,1000,9.98,9989.98,5.0998998,0.0,70.06935030000022,0.0,3000,2022-07-25
2022-07-26,15:00,SELL,1000,10.0,9990.0,15.0899,0.0,0.0,9974.9101,2000,2022-07-26
2022-07-27,09:25,BUY,1000,9.99,9999.99,5.0999999,0.0,30.179899900000237,0.0,3000,2022-07-26
2022-07-27,15:00,SELL,1000,9.94,9930.06,15.0293606,0.0,0.0,9915.0306394,2000,2022-07-27
2022-07-28,09:25,BUY,1000,9.99,9999.99,5.0999999,0.0,90.05936049999946,0.0,3000,2022-07-27
2022-07-28,15:00,SELL,1000,10.11,10099.89,15.2008889,0.0,0.0,10084.689111099999,2000,2022-07-28
2022-07-29,09:25,BUY,1000,10.1,10110.099999999999,5.101101,0.0,30.511989900000117,0.0,3000,2022-07-28
2022-07-29,15:00,SELL,1000,10.05,10039.95,15.140349500000001,0.0,0.0,10024.809650500001,2000,2022-07-29
2022-08-01,09:25,BUY,1000,10.03,10040.029999999999,5.1004003,0.0,20.32074979999743,0.0,3000,2022-07-29
2022-08-01,15:00,SELL,1000,10.06,10049.94,15.150439400000002,0.0,0.0,10034.7895606,2000,2022-08-01
2022-08-02,09:25,BUY,1000,10.0,10009.999999999998,5.1001,0.0,0.0,19.68946060000235,3000,2022-08-01
2022-08-02,15:00,SELL,1000,9.91,9900.09,14.9990909,0.0,0.0,9904.780369700002,2000,2022-08-02
2022-08-03,09:25,BUY,1000,9.91,9919.909999999998,5.0991991,0.0,20.228829399995448,0.0,3000,2022-08-02
2022-08-03,15:00,SELL,1000,9.72,9710.28,14.807382800000001,0.0,0.0,9695.472617200001,2000,2022-08-03
2022-08-04,09:25,BUY,1000,9.77,9779.769999999999,5.0977977,0.0,89.39518049999788,0.0,3000,2022-08-03
2022-08-04,15:00,SELL,1000,9.89,9880.11,14.978911100000001,0.0,0.0,9865.131088900001,2000,2022-08-04
2022-08-05,09:25,BUY,1000,9.41,9419.41,5.0941941,0.0,0.0,440.62689480000154,3000,2022-08-04
2022-08-05,15:00,SELL,1000,9.59,9580.41,14.676214100000001,100.0,0.0,10906.360680700001,2000,2022-08-05
2022-08-08,09:25,BUY,1000,9.59,9599.589999999998,5.0959959,0.0,0.0,1301.674684800004,3000,2022-08-05
2022-08-08,15:00,SELL,1000,9.62,9610.38,14.706483799999999,100.0,0.0,10797.348201000003,2000,2022-08-08
2022-08-09,09:25,BUY,1000,9.6,9609.599999999999,5.096096,0.0,0.0,1182.6521050000047,3000,2022-08-08
2022-08-09,15:00,SELL,1000,9.69,9680.31,14.7771131,0.0,0.0,10848.184991900003,2000,2022-08-09
2022-08-10,09:25,BUY,1000,9.69,9699.689999999999,5.0969969,0.0,0.0,1143.3979950000048,3000,2022-08-09
2022-08-10,15:00,SELL,1000,9.57,9560.43,14.6560343,0.0,0.0,10689.171960700005,2000,2022-08-10
2022-08-11,09:25,BUY,1000,9.6,9609.599999999999,5.096096,0.0,0.0,1074.4758647000072,3000,2022-08-10
2022-08-11,15:00,SELL,1000,9.81,9800.19,14.8981919,0.0,0.0,10859.767672800008,2000,2022-08-11
2022-08-12,09:25,BUY,1000,9.77,9779.769999999999,5.0977977,0.0,0.0,1074.899875100009,3000,2022-08-11
2022-08-12,15:00,SELL,1000,9.67,9660.33,14.7569333,0.0,0.0,10720.47294180001,2000,2022-08-12
2022-08-15,09:25,BUY,1000,9.66,9669.659999999998,5.0966966,0.0,0.0,1045.716245200012,3000,2022-08-12
2022-08-15,15:00,SELL,1000,9.56,9550.44,14.645944400000001,0.0,0.0,10581.510300800013,2000,2022-08-15
2022-08-16,09:25,BUY,1000,9.58,9589.579999999998,5.0958958,0.0,0.0,986.834405000016,3000,2022-08-15
2022-08-16,15:00,SELL,1000,9.48,9470.52,14.5652252,0.0,0.0,10442.789179800016,2000,2022-08-16
2022-08-17,09:25,BUY,1000,9.46,9469.46,5.0946946,0.0,0.0,968.2344852000169,3000,2022-08-16
2022-08-17,15:00,SELL,1000,9.65,9640.35,14.7367535,0.0,0.0,10593.847731700018,2000,2022-08-17
2022-08-18,09:25,BUY,1000,9.62,9629.619999999999,5.0962962,0.0,0.0,959.1314355000195,3000,2022-08-17
2022-08-18,15:00,SELL,1000,9.61,9600.39,14.6963939,0.0,0.0,10544.82504160002,2000,2022-08-18
2022-08-19,09:25,BUY,1000,9.52,9529.519999999999,5.0952952,0.0,0.0,1010.2097464000199,3000,2022-08-18
2022-08-19,15:00,SELL,1000,9.52,9510.48,14.6055848,0.0,0.0,10506.08416160002,2000,2022-08-19
2022-08-22,09:25,BUY,1000,9.43,9439.429999999998,5.0943943,0.0,0.0,1061.5597673000211,3000,2022-08-19
2022-08-22,15:00,SELL,1000,9.52,9510.48,14.6055848,0.0,0.0,10557.434182500021,2000,2022-08-22
2022-08-23,09:25,BUY,1000,9.48,9489.48,5.0948948,0.0,0.0,1062.859287700021,3000,2022-08-22
2022-08-23,15:00,SELL,1000,9.44,9430.56,14.5248656,0.0,0.0,10478.89442210002,2000,2022-08-23
2022-08-24,09:25,BUY,1000,9.42,9429.419999999998,5.0942942,0.0,0.0,1044.3801279000218,3000,2022-08-23
2022-08-24,15:00,SELL,1000,9.37,9360.63,14.4542363,0.0,0.0,10390.555891600021,2000,2022-08-24
2022-08-25,09:25,BUY,1000,9.32,9329.32,5.0932932,0.0,0.0,1056.1425984000216,3000,2022-08-24
2022-08-25,15:00,SELL,1000,9.31,9300.69,14.3936969,0.0,0.0,10342.438901500022,2000,2022-08-25
2022-08-26,09:25,BUY,1000,9.36,9369.359999999999,5.0936936,0.0,0.0,967.9852079000229,3000,2022-08-25
2022-08-26,15:00,SELL,1000,9.36,9350.64,14.4441464,0.0,0.0,10304.181061500023,2000,2022-08-26
2022-08-29,09:25,BUY,1000,9.26,9269.259999999998,5.0926926,0.0,0.0,1029.8283689000255,3000,2022-08-26
2022-08-29,15:00,SELL,1000,9.24,9230.76,14.3230676,0.0,0.0,10246.265301300025,2000,2022-08-29
2022-08-30,09:25,BUY,1000,9.27,9279.269999999999,5.0927927,0.0,0.0,961.9025086000274,3000,2022-08-29
2022-08-30,15:00,SELL,1000,9.2,9190.8,14.282708,0.0,0.0,10138.419800600026,2000,2022-08-30
2022-08-31,09:25,BUY,1000,9.18,9189.179999999998,5.0918918,0.0,0.0,944.1479088000269,3000,2022-08-30
2022-08-31,15:00,SELL,1000,9.29,9280.71,14.373517099999999,0.0,0.0,10210.484391700025,2000,2022-08-31
2022-09-01,09:25,BUY,1000,9.22,9229.22,5.0922922,0.0,0.0,976.1720995000251,3000,2022-08-31
2022-09-01,15:00,SELL,1000,9.22,9210.78,14.3028878,0.0,0.0,10172.649211700025,2000,2022-09-01
2022-09-02,09:25,BUY,1000,9.22,9229.22,5.0922922,0.0,0.0,938.336919500025,3000,2022-09-01
2022-09-02,15:00,SELL,1000,9.31,9300.69,14.3936969,0.0,0.0,10224.633222600025,2000,2022-09-02
2022-09-05,09:25,BUY,1000,9.3,9309.3,5.093093,0.0,0.0,910.2401296000262,3000,2022-09-02
2022-09-05,15:00,SELL,1000,9.33,9320.67,14.413876700000001,0.0,0.0,10216.496252900026,2000,2022-09-05
2022-09-06,09:25,BUY,1000,9.31,9319.31,5.0931931,0.0,0.0,892.0930598000268,3000,2022-09-05
2022-09-06,15:00,SELL,1000,9.44,9430.56,14.5248656,0.0,0.0,10308.128194200026,2000,2022-09-06
2022-09-07,09:25,BUY,1000,9.43,9439.429999999998,5.0943943,0.0,0.0,863.6037999000273,3000,2022-09-06
2022-09-07,15:00,SELL,1000,9.39,9380.61,14.474416100000001,0.0,0.0,10229.739383800028,2000,2022-09-07
2022-09-08,09:25,BUY,1000,9.43,9439.429999999998,5.0943943,0.0,0.0,785.2149895000293,3000,2022-09-07
2022-09-08,15:00,SELL,1000,9.44,9430.56,14.5248656,0.0,0.0,10201.250123900028,2000,2022-09-08
2022-09-09,09:25,BUY,1000,9.47,9479.47,5.0947947,0.0,0.0,716.6853292000287,3000,2022-09-08
2022-09-09,15:00,SELL,1000,9.47,9460.53,14.555135300000002,0.0,0.0,10162.66019390003,2000,2022-09-09
2022-09-13,09:25,BUY,1000,9.51,9519.509999999998,5.0951951,0.0,0.0,638.0549988000312,3000,2022-09-09
2022-09-13,15:00,SELL,1000,9.49,9480.51,14.575315100000001,0.0,0.0,10103.98968370003,2000,2022-09-13
2022-09-14,09:25,BUY,1000,9.46,9469.46,5.0946946,0.0,0.0,629.4349891000311,3000,2022-09-13
2022-09-14,15:00,SELL,1000,9.38,9370.62,14.464326200000002,0.0,0.0,9985.590662900031,2000,2022-09-14
2022-09-15,09:25,BUY,1000,9.39,9399.39,5.0939939,0.0,0.0,581.1066690000316,3000,2022-09-14
2022-09-15,15:00,SELL,1000,9.38,9370.62,14.464326200000002,0.0,0.0,9937.262342800032,2000,2022-09-15
2022-09-16,09:25,BUY,1000,9.34,9349.339999999998,5.0934934,0.0,0.0,582.8288494000335,3000,2022-09-15
2022-09-16,15:00,SELL,1000,9.12,9110.88,14.201988799999999,0.0,0.0,9679.506860600033,2000,2022-09-16
2022-09-19,09:25,BUY,1000,9.12,9129.119999999999,5.0912912,0.0,0.0,545.2955694000339,3000,2022-09-16
2022-09-19,15:00,SELL,1000,8.89,8881.11,13.9699211,0.0,0.0,9412.435648300034,2000,2022-09-19
2022-09-20,09:25,BUY,1000,8.92,8928.919999999998,5.0892892,0.0,0.0,478.4263591000363,3000,2022-09-19
2022-09-20,15:00,SELL,1000,8.74,8731.26,13.818572600000001,0.0,0.0,9195.867786500037,2000,2022-09-20
2022-09-21,09:25,BUY,1000,8.73,8738.73,5.0873873,0.0,0.0,452.05039920003765,3000,2022-09-20
2022-09-21,15:00,SELL,1000,8.75,8741.25,13.8286625,0.0,0.0,9179.471736700038,2000,2022-09-21
2022-09-22,09:25,BUY,1000,8.7,8708.699999999999,5.087087,0.0,0.0,465.6846497000388,3000,2022-09-21
2022-09-22,15:00,SELL,1000,8.68,8671.32,13.7580332,0.0,0.0,9123.246616500039,2000,2022-09-22
2022-09-23,09:25,BUY,1000,8.7,8708.699999999999,5.087087,0.0,0.0,409.45952950003993,3000,2022-09-22
2022-09-23,15:00,SELL,1000,8.69,8681.31,13.7681231,0.0,0.0,9077.001406400039,2000,2022-09-23
2022-09-26,09:25,BUY,1000,8.6,8608.599999999999,5.086086,0.0,0.0,463.31532040004095,3000,2022-09-23
2022-09-26,15:00,SELL,1000,8.55,8541.45,13.626864500000002,0.0,0.0,8991.138455900042,2000,2022-09-26
2022-09-27,09:25,BUY,1000,8.54,8548.539999999999,5.0854854,0.0,0.0,437.5129705000418,3000,2022-09-26
2022-09-27,15:00,SELL,1000,8.65,8641.35,13.7277635,0.0,0.0,9065.135207000043,2000,2022-09-27
2022-09-28,09:25,BUY,1000,8.62,8628.619999999999,5.0862862,0.0,0.0,431.4289208000446,3000,2022-09-27
2022-09-28,15:00,SELL,1000,8.56,8551.44,13.6369544,0.0,0.0,8969.231966400044,2000,2022-09-28
2022-09-29,09:25,BUY,1000,8.67,8678.669999999998,5.0867867,0.0,0.0,285.4751797000463,3000,2022-09-28
2022-09-29,15:00,SELL,1000,8.38,8371.62,13.455336200000001,0.0,0.0,8643.639843500046,2000,2022-09-29
2022-09-30,09:25,BUY,1000,8.41,8418.41,5.0841841,0.0,0.0,220.1456594000465,3000,2022-09-29
2022-09-30,15:00,SELL,1000,8.52,8511.48,13.5965948,0.0,0.0,8718.029064600047,2000,2022-09-30
2022-10-10,09:25,BUY,1000,8.6,8608.599999999999,5.086086,0.0,0.0,104.34297860004881,3000,2022-09-30
2022-10-10,15:00,SELL,1000,8.16,8151.84,13.2333584,0.0,0.0,8242.949620200048,2000,2022-10-10
2022-10-11,09:25,BUY,1000,8.24,8248.24,5.0824824,0.0,10.37286219995076,0.0,3000,2022-10-10
2022-10-11,15:00,SELL,1000,8.18,8171.82,13.2535382,0.0,0.0,8158.5664618,2000,2022-10-11
2022-10-12,09:25,BUY,1000,8.16,8168.159999999999,5.0816816,0.0,14.675219799998558,0.0,3000,2022-10-11
2022-10-12,15:00,SELL,1000,8.31,8301.69,13.384706900000001,0.0,0.0,8288.3052931,2000,2022-10-12
2022-10-13,09:25,BUY,1000,8.25,8258.25,5.0825825,0.0,0.0,24.972710600000937,3000,2022-10-12
2022-10-13,15:00,SELL,1000,8.35,8341.65,13.4250665,0.0,0.0,8353.1976441,2000,2022-10-13
2022-10-14,09:25,BUY,1000,8.41,8418.41,5.0841841,0.0,70.29653999999937,0.0,3000,2022-10-13
2022-10-14,15:00,SELL,1000,8.44,8431.56,13.5158756,0.0,0.0,8418.0441244,2000,2022-10-14
2022-10-17,09:25,BUY,1000,8.44,8448.439999999999,5.0844844,0.0,35.480359999999564,0.0,3000,2022-10-14
2022-10-17,15:00,SELL,1000,8.52,8511.48,13.5965948,0.0,0.0,8497.8834052,2000,2022-10-17
2022-10-18,09:25,BUY,1000,8.54,8548.539999999999,5.0854854,0.0,55.74208019999969,0.0,3000,2022-10-17
2022-10-18,15:00,SELL,1000,8.5,8491.5,13.576415,0.0,0.0,8477.923585,2000,2022-10-18
2022-10-19,09:25,BUY,1000,8.49,8498.49,5.0849849,0.0,25.651399899999888,0.0,3000,2022-10-18
2022-10-19,15:00,SELL,1000,8.4,8391.6,13.475516,0.0,0.0,8378.124484,2000,2022-10-19
2022-10-20,09:25,BUY,1000,8.38,8388.38,5.0838838,0.0,15.339399799999228,0.0,3000,2022-10-19
2022-10-20,15:00,SELL,1000,8.5,8491.5,13.576415,0.0,0.0,8477.923585,2000,2022-10-20
2022-10-21,09:25,BUY,1000,8.5,8508.499999999998,5.085085,0.0,35.66149999999834,0.0,3000,2022-10-20
2022-10-21,15:00,SELL,1000,8.47,8461.53,13.546145300000001,0.0,0.0,8447.9838547,2000,2022-10-21
2022-10-24,09:25,BUY,1000,8.4,8408.4,5.084084,0.0,0.0,34.49977070000023,3000,2022-10-21
2022-10-24,15:00,SELL,1000,8.29,8281.71,13.3645271,0.0,0.0,8302.845243599999,2000,2022-10-24
2022-10-25,09:25,BUY,1000,8.4,8408.4,5.084084,0.0,110.63884040000084,0.0,3000,2022-10-24
2022-10-25,15:00,SELL,1000,8.38,8371.62,13.455336200000001,0.0,0.0,8358.1646638,2000,2022-10-25
2022-10-26,09:25,BUY,1000,8.34,8348.339999999998,5.0834834,0.0,0.0,4.741180400002122,3000,2022-10-25
2022-10-26,15:00,SELL,1000,8.3,8291.7,13.374617,0.0,0.0,8283.066563400003,2000,2022-10-26
2022-10-27,09:25,BUY,1000,8.31,8318.31,5.0831831,0.0,40.32661969999572,0.0,3000,2022-10-26
2022-10-27,15:00,SELL,1000,8.39,8381.61,13.4654261,0.0,0.0,8368.144573900001,2000,2022-10-27
2022-10-28,09:25,BUY,1000,8.43,8438.429999999998,5.0843843,0.0,75.36981039999773,0.0,3000,2022-10-27
2022-10-28,15:00,SELL,1000,8.28,8271.72,13.3544372,0.0,0.0,8258.3655628,2000,2022-10-28
2022-10-31,09:25,BUY,1000,7.87,7877.869999999999,5.0787787,0.0,0.0,375.41678410000077,3000,2022-10-28
2022-10-31,15:00,SELL,1000,8.2,8191.8,13.273718,0.0,0.0,8553.9430661,2000,2022-10-31
2022-11-01,09:25,BUY,1000,8.29,8298.289999999999,5.0829829,0.0,0.0,250.57008320000205,3000,2022-10-31
2022-11-01,15:00,SELL,1000,8.56,8551.44,13.6369544,0.0,0.0,8788.373128800002,2000,2022-11-01
2022-11-02,09:25,BUY,1000,8.49,8498.49,5.0849849,0.0,0.0,284.7981439000014,3000,2022-11-01
2022-11-02,15:00,SELL,1000,8.66,8651.34,13.7378534,0.0,0.0,8922.400290500002,2000,2022-11-02
2022-11-03,09:25,BUY,1000,8.68,8688.679999999998,5.0868868,0.0,0.0,228.63340370000333,3000,2022-11-02
2022-11-03,15:00,SELL,1000,8.63,8621.37,13.7075837,0.0,0.0,8836.295820000005,2000,2022-11-03
2022-11-04,09:25,BUY,1000,8.58,8588.58,5.0858858,0.0,0.0,242.62993420000566,3000,2022-11-03
2022-11-04,15:00,SELL,1000,8.69,8681.31,13.7681231,0.0,0.0,8910.171811100005,2000,2022-11-04
2022-11-07,09:25,BUY,1000,8.69,8698.689999999999,5.0869869,0.0,0.0,206.39482420000604,3000,2022-11-04
2022-11-07,15:00,SELL,1000,8.69,8681.31,13.7681231,0.0,0.0,8873.936701100005,2000,2022-11-07
2022-11-08,09:25,BUY,1000,8.66,8668.66,5.0866866,0.0,0.0,200.19001450000542,3000,2022-11-07
2022-11-08,15:00,SELL,1000,8.72,8711.28,13.7983928,0.0,0.0,8897.671621700007,2000,2022-11-08
2022-11-09,09:25,BUY,1000,8.69,8698.689999999999,5.0869869,0.0,0.0,193.89463480000813,3000,2022-11-08
2022-11-09,15:00,SELL,1000,8.64,8631.36,13.717673600000001,0.0,0.0,8811.536961200009,2000,2022-11-09
2022-11-10,09:25,BUY,1000,8.63,8638.63,5.0863863,0.0,0.0,167.8205749000099,3000,2022-11-09
2022-11-10,15:00,SELL,1000,8.62,8611.38,13.6974938,0.0,0.0,8765.503081100009,2000,2022-11-10
2022-11-11,09:25,BUY,1000,8.75,8758.749999999998,5.0875875,0.0,0.0,1.6654936000104499,3000,2022-11-10
2022-11-11,15:00,SELL,1000,8.84,8831.16,13.9194716,0.0,0.0,8818.90602200001,2000,2022-11-11
2022-11-14,09:25,BUY,1000,8.88,8888.88,5.0888888,0.0,75.06286679998993,0.0,3000,2022-11-11
2022-11-14,15:00,SELL,1000,8.95,8941.05,14.0304605,0.0,0.0,8927.0195395,2000,2022-11-14
2022-11-15,09:25,BUY,1000,8.96,8968.96,5.0896896,0.0,47.030150099999446,0.0,3000,2022-11-14
2022-11-15,15:00,SELL,1000,9.05,9040.95,14.1313595,0.0,0.0,9026.818640500001,2000,2022-11-15
2022-11-16,09:25,BUY,1000,9.01,9019.009999999998,5.0901901,0.0,0.0,2.7184504000033485,3000,2022-11-15
2022-11-16,15:00,SELL,1000,8.99,8981.01,14.0708201,0.0,0.0,8969.657630300004,2000,2022-11-16
2022-11-17,09:25,BUY,1000,8.96,8968.96,5.0896896,0.0,4.3920592999947985,0.0,3000,2022-11-16
2022-11-17,15:00,SELL,1000,9.01,9000.99,14.0909999,0.0,0.0,8986.8990001,2000,2022-11-17
2022-11-18,09:25,BUY,1000,9.05,9059.05,5.0905905,0.0,77.24159039999904,0.0,3000,2022-11-17
2022-11-18,15:00,SELL,1000,8.95,8941.05,14.0304605,0.0,0.0,8927.0195395,2000,2022-11-18
2022-11-21,09:25,BUY,1000,8.9,8908.9,5.089089,0.0,0.0,13.03045050000037,3000,2022-11-18
2022-11-21,15:00,SELL,1000,9.0,8991.0,14.080910000000001,0.0,0.0,8989.9495405,2000,2022-11-21
2022-11-22,09:25,BUY,1000,9.06,9069.06,5.0906906,0.0,84.20115009999972,0.0,3000,2022-11-21
2022-11-22,15:00,SELL,1000,9.1,9090.9,14.181809,0.0,0.0,9076.718191,2000,2022-11-22
2022-11-23,09:25,BUY,1000,9.11,9119.109999999999,5.0911911,0.0,47.48300009999912,0.0,3000,2022-11-22
2022-11-23,15:00,SELL,1000,9.05,9040.95,14.1313595,0.0,0.0,9026.818640500001,2000,2022-11-23
2022-11-24,09:25,BUY,1000,9.05,9059.05,5.0905905,0.0,37.32194999999774,0.0,3000,2022-11-23
2022-11-24,15:00,SELL,1000,8.96,8951.04,14.0405504,0.0,0.0,8936.999449600002,2000,2022-11-24
2022-11-25,09:25,BUY,1000,8.95,8958.949999999999,5.0895895,0.0,27.040139899996575,0.0,3000,2022-11-24
2022-11-25,15:00,SELL,1000,9.05,9040.95,14.1313595,0.0,0.0,9026.818640500001,2000,2022-11-25
2022-11-28,09:25,BUY,1000,8.9,8908.9,5.089089,0.0,0.0,112.82955150000271,3000,2022-11-25
2022-11-28,15:00,SELL,1000,8.76,8751.24,13.8387524,0.0,0.0,8850.230799100002,2000,2022-11-28
2022-11-29,09:25,BUY,1000,8.83,8838.83,5.0883883,0.0,0.0,6.312410800001089,3000,2022-11-28
2022-11-29,15:00,SELL,1000,9.11,9100.89,14.1918989,0.0,0.0,9093.0105119,2000,2022-11-29
2022-11-30,09:25,BUY,1000,9.12,9129.119999999999,5.0912912,0.0,41.20077929999934,0.0,3000,2022-11-29
2022-11-30,15:00,SELL,1000,9.15,9140.85,14.2322585,0.0,0.0,9126.6177415,2000,2022-11-30
2022-12-01,09:25,BUY,1000,9.21,9219.21,5.0921921,0.0,97.68445059999976,0.0,3000,2022-11-30
2022-12-01,15:00,SELL,1000,9.19,9180.81,14.2726181,0.0,0.0,9166.5373819,2000,2022-12-01
2022-12-02,09:25,BUY,1000,9.17,9179.169999999998,5.0917917,0.0,17.724409799999194,0.0,3000,2022-12-01
2022-12-02,15:00,SELL,1000,9.14,9130.86,14.222168600000002,0.0,0.0,9116.637831400001,2000,2022-12-02
2022-12-05,09:25,BUY,1000,9.29,9299.289999999999,5.0929929,0.0,187.74516149999727,0.0,3000,2022-12-02
2022-12-05,15:00,SELL,1000,9.28,9270.72,14.3634272,0.0,0.0,9256.3565728,2000,2022-12-05
2022-12-06,09:25,BUY,1000,9.22,9229.22,5.0922922,0.0,0.0,22.044280599999183,3000,2022-12-05
2022-12-06,15:00,SELL,1000,9.44,9430.56,14.5248656,0.0,0.0,9438.079414999998,2000,2022-12-06
2022-12-07,09:25,BUY,1000,9.46,9469.46,5.0946946,0.0,36.47527960000116,0.0,3000,2022-12-06
2022-12-07,15:00,SELL,1000,9.42,9410.58,14.5046858,0.0,0.0,9396.0753142,2000,2022-12-07
2022-12-08,09:25,BUY,1000,9.41,9419.41,5.0941941,0.0,28.42887990000054,0.0,3000,2022-12-07
2022-12-08,15:00,SELL,1000,9.42,9410.58,14.5046858,0.0,0.0,9396.0753142,2000,2022-12-08
2022-12-09,09:25,BUY,1000,9.4,9409.4,5.094094,0.0,18.418779800000266,0.0,3000,2022-12-08
2022-12-09,15:00,SELL,1000,9.46,9450.54,14.545045400000001,0.0,0.0,9435.9949546,2000,2022-12-09
2022-12-12,09:25,BUY,1000,9.43,9439.429999999998,5.0943943,0.0,8.529439699997965,0.0,3000,2022-12-09
2022-12-12,15:00,SELL,1000,9.46,9450.54,14.545045400000001,0.0,0.0,9435.9949546,2000,2022-12-12
2022-12-13,09:25,BUY,1000,9.48,9489.48,5.0948948,0.0,58.57994019999933,0.0,3000,2022-12-12
2022-12-13,15:00,SELL,1000,9.45,9440.55,14.5349555,0.0,0.0,9426.0150445,2000,2022-12-13
2022-12-14,09:25,BUY,1000,9.48,9489.48,5.0948948,0.0,68.55985030000011,0.0,3000,2022-12-13
2022-12-14,15:00,SELL,1000,9.42,9410.58,14.5046858,0.0,0.0,9396.0753142,2000,2022-12-14
2022-12-15,09:25,BUY,1000,9.42,9429.419999999998,5.0942942,0.0,38.43897999999899,0.0,3000,2022-12-14
2022-12-15,15:00,SELL,1000,9.46,9450.54,14.545045400000001,0.0,0.0,9435.9949546,2000,2022-12-15
2022-12-16,09:25,BUY,1000,9.41,9419.41,5.0941941,0.0,0.0,11.49076050000076,3000,2022-12-15
2022-12-16,15:00,SELL,1000,9.5,9490.5,14.585405,0.0,0.0,9487.405355500001,2000,2022-12-16
2022-12-19,09:25,BUY,1000,9.52,9529.519999999999,5.0952952,0.0,47.20993969999836,0.0,3000,2022-12-16
2022-12-19,15:00,SELL,1000,9.37,9360.63,14.4542363,0.0,0.0,9346.1757637,2000,2022-12-19
2022-12-20,09:25,BUY,1000,9.32,9329.32,5.0932932,0.0,0.0,11.762470499999836,3000,2022-12-19
2022-12-20,15:00,SELL,1000,9.29,9280.71,14.373517099999999,0.0,0.0,9278.098953399998,2000,2022-12-20
2022-12-21,09:25,BUY,1000,9.29,9299.289999999999,5.0929929,0.0,26.28403950000029,0.0,3000,2022-12-20
2022-12-21,15:00,SELL,1000,9.35,9340.65,14.4340565,0.0,0.0,9326.2159435,2000,2022-12-21
2022-12-22,09:25,BUY,1000,9.47,9479.47,5.0947947,0.0,158.34885120000035,0.0,3000,2022-12-21
2022-12-22,15:00,SELL,1000,9.29,9280.71,14.373517099999999,0.0,0.0,9266.336482899998,2000,2022-12-22
2022-12-23,09:25,BUY,1000,9.26,9269.259999999998,5.0926926,0.0,8.016209699999308,0.0,3000,2022-12-22
2022-12-23,15:00,SELL,1000,9.18,9170.82,14.2625282,0.0,0.0,9156.557471799999,2000,2022-12-23
2022-12-26,09:25,BUY,1000,9.22,9229.22,5.0922922,0.0,77.75482040000134,0.0,3000,2022-12-23
2022-12-26,15:00,SELL,1000,9.16,9150.84,14.242348400000001,0.0,0.0,9136.597651600001,2000,2022-12-26
2022-12-27,09:25,BUY,1000,9.22,9229.22,5.0922922,0.0,97.71464059999926,0.0,3000,2022-12-26
2022-12-27,15:00,SELL,1000,9.21,9200.79,14.292797900000002,0.0,0.0,9186.497202100001,2000,2022-12-27
2022-12-28,09:25,BUY,1000,9.23,9239.23,5.0923923,0.0,57.82519019999745,0.0,3000,2022-12-27
2022-12-28,15:00,SELL,1000,9.17,9160.83,14.2524383,0.0,0.0,9146.5775617,2000,2022-12-28
2022-12-29,09:25,BUY,1000,9.18,9189.179999999998,5.0918918,0.0,47.694330099999206,0.0,3000,2022-12-28
2022-12-29,15:00,SELL,1000,9.07,9060.93,14.151539300000001,0.0,0.0,9046.7784607,2000,2022-12-29
2022-12-30,09:25,BUY,1000,9.11,9119.109999999999,5.0911911,0.0,77.42273039999964,0.0,3000,2022-12-29
2022-12-30,15:00,SELL,1000,9.18,9170.82,14.2625282,0.0,0.0,9156.557471799999,2000,2022-12-30
2023-01-03,09:25,BUY,1000,9.14,9149.14,5.0914914,0.0,0.0,2.3259803999990254,3000,2022-12-30
2023-01-03,15:00,SELL,1000,9.31,9300.69,14.3936969,0.0,0.0,9288.622283499999,2000,2023-01-03
2023-01-04,09:25,BUY,1000,9.39,9399.39,5.0939939,0.0,115.86171040000045,0.0,3000,2023-01-03
2023-01-04,15:00,SELL,1000,9.35,9340.65,14.4340565,0.0,0.0,9326.2159435,2000,2023-01-04
2023-01-05,09:25,BUY,1000,9.45,9459.449999999999,5.0945945,0.0,138.3286509999998,0.0,3000,2023-01-04
2023-01-05,15:00,SELL,1000,9.49,9480.51,14.575315100000001,0.0,0.0,9465.9346849,2000,2023-01-05
2023-01-06,09:25,BUY,1000,9.48,9489.48,5.0948948,0.0,28.640209900000627,0.0,3000,2023-01-05
2023-01-06,15:00,SELL,1000,9.38,9370.62,14.464326200000002,0.0,0.0,9356.1556738,2000,2023-01-06
2023-01-09,09:25,BUY,1000,9.48,9489.48,5.0948948,0.0,138.4192210000001,0.0,3000,2023-01-06
2023-01-09,15:00,SELL,1000,9.51,9500.49,14.5954949,0.0,0.0,9485.8945051,2000,2023-01-09
2023-01-10,09:25,BUY,1000,9.49,9499.49,5.0949949,0.0,18.69048980000116,0.0,3000,2023-01-09
2023-01-10,15:00,SELL,1000,9.4,9390.6,14.484506000000001,0.0,0.0,9376.115494,2000,2023-01-10
2023-01-11,09:25,BUY,1000,9.45,9459.449999999999,5.0945945,0.0,88.42910049999955,0.0,3000,2023-01-10
2023-01-11,15:00,SELL,1000,9.36,9350.64,14.4441464,0.0,0.0,9336.1958536,2000,2023-01-11
2023-01-12,09:25,BUY,1000,9.4,9409.4,5.094094,0.0,78.29824039999949,0.0,3000,2023-01-11
2023-01-12,15:00,SELL,1000,9.32,9310.68,14.4037868,0.0,0.0,9296.2762132,2000,2023-01-12
2023-01-13,09:25,BUY,1000,9.35,9359.349999999999,5.0935935,0.0,68.1673802999976,0.0,3000,2023-01-12
2023-01-13,15:00,SELL,1000,9.43,9420.57,14.5147757,0.0,0.0,9406.0552243,2000,2023-01-13
2023-01-16,09:25,BUY,1000,9.44,9449.439999999999,5.0944944,0.0,48.47927009999876,0.0,3000,2023-01-13
2023-01-16,15:00,SELL,1000,9.5,9490.5,14.585405,0.0,0.0,9475.914595,2000,2023-01-16
2023-01-17,09:25,BUY,1000,9.52,9529.519999999999,5.0952952,0.0,58.70070019999912,0.0,3000,2023-01-16
2023-01-17,15:00,SELL,1000,9.52,9510.48,14.6055848,0.0,0.0,9495.8744152,2000,2023-01-17
2023-01-18,09:25,BUY,1000,9.53,9539.529999999999,5.0953953,0.0,48.75098009999965,0.0,3000,2023-01-17
2023-01-18,15:00,SELL,1000,9.53,9520.47,14.6156747,0.0,0.0,9505.854325299999,2000,2023-01-18
2023-01-19,09:25,BUY,1000,9.49,9499.49,5.0949949,0.0,0.0,1.26933039999858,3000,2023-01-18
2023-01-19,15:00,SELL,1000,9.53,9520.47,14.6156747,0.0,0.0,9507.123655699997,2000,2023-01-19
2023-01-20,09:25,BUY,1000,9.55,9559.55,5.0955955,0.0,57.521939800002656,0.0,3000,2023-01-19
2023-01-20,15:00,SELL,1000,9.53,9520.47,14.6156747,0.0,0.0,9505.854325299999,2000,2023-01-20
2023-01-30,09:25,BUY,1000,9.67,9679.669999999998,5.0967967,0.0,178.91247139999905,0.0,3000,2023-01-20
2023-01-30,15:00,SELL,1000,9.64,9630.36,14.7266636,0.0,0.0,9615.6333364,2000,2023-01-30
2023-01-31,09:25,BUY,1000,9.7,9709.699999999999,5.097097,0.0,99.16376059999857,0.0,3000,2023-01-30
2023-01-31,15:00,SELL,1000,9.51,9500.49,14.5954949,0.0,0.0,9485.8945051,2000,2023-01-31
2023-02-01,09:25,BUY,1000,9.54,9549.539999999999,5.0954954,0.0,68.7409903000007,0.0,3000,2023-01-31
2023-02-01,15:00,SELL,1000,9.58,9570.42,14.6661242,0.0,0.0,9555.753875800001,2000,2023-02-01
2023-02-02,09:25,BUY,1000,9.6,9609.599999999999,5.096096,0.0,58.94222019999688,0.0,3000,2023-02-01
2023-02-02,15:00,SELL,1000,9.55,9540.45,14.6358545,0.0,0.0,9525.8141455,2000,2023-02-02
2023-02-03,09:25,BUY,1000,9.5,9509.499999999998,5.095095,0.0,0.0,11.219050500001686,3000,2023-02-02
2023-02-03,15:00,SELL,1000,9.36,9350.64,14.4441464,0.0,0.0,9347.414904100002,2000,2023-02-03
2023-02-06,09:25,BUY,1000,9.31,9319.31,5.0931931,0.0,0.0,23.011711000002833,3000,2023-02-03
2023-02-06,15:00,SELL,1000,9.33,9320.67,14.413876700000001,0.0,0.0,9329.267834300003,2000,2023-02-06
2023-02-07,09:25,BUY,1000,9.38,9389.38,5.0938938,0.0,65.20605949999663,0.0,3000,2023-02-06
2023-02-07,15:00,SELL,1000,9.27,9260.73,14.3533373,0.0,0.0,9246.3766627,2000,2023-02-07
2023-02-08,09:25,BUY,1000,9.3,9309.3,5.093093,0.0,68.01643029999832,0.0,3000,2023-02-07
2023-02-08,15:00,SELL,1000,9.26,9250.74,14.343247400000001,0.0,0.0,9236.3967526,2000,2023-02-08
2023-02-09,09:25,BUY,1000,9.24,9249.24,5.0924924,0.0,17.935739799999283,0.0,3000,2023-02-08
2023-02-09,15:00,SELL,1000,9.45,9440.55,14.5349555,0.0,0.0,9426.0150445,2000,2023-02-09
2023-02-10,09:25,BUY,1000,9.42,9429.419999999998,5.0942942,0.0,8.499249699998472,0.0,3000,2023-02-09
2023-02-10,15:00,SELL,1000,9.78,9770.22,14.8679222,0.0,0.0,9755.3520778,2000,2023-02-10
2023-02-13,09:25,BUY,1000,9.72,9729.72,5.0972972,0.0,0.0,20.534780600000886,3000,2023-02-10
2023-02-13,15:00,SELL,1000,9.66,9650.34,14.746843400000001,0.0,0.0,9656.1279372,2000,2023-02-13
2023-02-14,09:25,BUY,1000,9.64,9649.64,5.0964964,0.0,0.0,1.3914408000018739,3000,2023-02-13
2023-02-14,15:00,SELL,1000,9.7,9690.3,14.787203,0.0,0.0,9676.904237800001,2000,2023-02-14
2023-02-15,09:25,BUY,1000,9.71,9719.71,5.0971971,0.0,47.90295929999775,0.0,3000,2023-02-14
2023-02-15,15:00,SELL,1000,10.05,10039.95,15.140349500000001,0.0,0.0,10024.809650500001,2000,2023-02-15
2023-02-16,09:25,BUY,1000,10.08,10090.079999999998,5.1009008,0.0,70.37125029999697,0.0,3000,2023-02-15
2023-02-16,15:00,SELL,1000,9.89,9880.11,14.978911100000001,0.0,0.0,9865.131088900001,2000,2023-02-16
2023-02-17,09:25,BUY,1000,9.87,9879.869999999999,5.0987987,0.0,19.837709799998265,0.0,3000,2023-02-16
2023-02-17,15:00,SELL,1000,9.71,9700.29,14.797292900000002,0.0,0.0,9685.4927071,2000,2023-02-17
2023-02-20,09:25,BUY,1000,9.71,9719.71,5.0971971,0.0,39.31448999999884,0.0,3000,2023-02-17
2023-02-20,15:00,SELL,1000,9.91,9900.09,14.9990909,0.0,0.0,9885.0909091,2000,2023-02-20
2023-02-21,09:25,BUY,1000,9.88,9889.88,5.0988988,0.0,9.887989700000617,0.0,3000,2023-02-20
2023-02-21,15:00,SELL,1000,9.88,9870.12,14.9688212,0.0,0.0,9855.1511788,2000,2023-02-21
2023-02-22,09:25,BUY,1000,9.81,9819.81,5.0981981,0.0,0.0,30.24298070000077,3000,2023-02-21
2023-02-22,15:00,SELL,1000,9.75,9740.25,14.8376525,0.0,0.0,9755.6553282,2000,2023-02-22
2023-02-23,09:25,BUY,1000,9.83,9839.829999999998,5.0983983,0.0,89.27307009999822,0.0,3000,2023-02-22
2023-02-23,15:00,SELL,1000,9.7,9690.3,14.787203,0.0,0.0,9675.512797,2000,2023-02-23
2023-02-24,09:25,BUY,1000,9.66,9669.659999999998,5.0966966,0.0,0.0,0.756100400001742,3000,2023-02-23
2023-02-24,15:00,SELL,1000,9.62,9610.38,14.706483799999999,0.0,0.0,9596.4296166,2000,2023-02-24
2023-02-27,09:25,BUY,1000,9.58,9589.579999999998,5.0958958,0.0,0.0,1.753720800003066,3000,2023-02-24
2023-02-27,15:00,SELL,1000,9.52,9510.48,14.6055848,0.0,0.0,9497.628136000003,2000,2023-02-27
2023-02-28,09:25,BUY,1000,9.61,9619.609999999999,5.0961961,0.0,127.07806009999513,0.0,3000,2023-02-27
2023-02-28,15:00,SELL,1000,9.6,9590.4,14.686304,0.0,0.0,9575.713695999999,2000,2023-02-28
2023-03-01,09:25,BUY,1000,9.61,9619.609999999999,5.0961961,0.0,48.99250009999923,0.0,3000,2023-02-28
2023-03-01,15:00,SELL,1000,9.96,9950.04,15.049540400000001,0.0,0.0,9934.990459600001,2000,2023-03-01
2023-03-02,09:25,BUY,1000,9.97,9979.97,5.0997997,0.0,50.07934009999735,0.0,3000,2023-03-01
2023-03-02,15:00,SELL,1000,10.34,10329.66,15.4329566,0.0,0.0,10314.2270434,2000,2023-03-02
2023-03-03,09:25,BUY,1000,10.28,10290.279999999999,5.1029028,0.0,0.0,18.844140600001992,3000,2023-03-02
2023-03-03,15:00,SELL,1000,11.37,11358.63,16.4722163,0.0,0.0,11361.0019243,2000,2023-03-03
2023-03-06,09:25,BUY,1000,11.5,11511.499999999998,5.115115,0.0,155.61319069999809,0.0,3000,2023-03-03
2023-03-06,15:00,SELL,1000,11.06,11048.94,16.1594294,0.0,0.0,11032.7805706,2000,2023-03-06
2023-03-07,09:25,BUY,1000,11.06,11071.06,5.1107106,0.0,43.39013999999952,0.0,3000,2023-03-06
2023-03-07,15:00,SELL,1000,10.51,10499.49,15.604484900000001,0.0,0.0,10483.885515099999,2000,2023-03-07
2023-03-08,09:25,BUY,1000,10.43,10440.429999999998,5.1044043,0.0,0.0,38.35111080000024,3000,2023-03-07
2023-03-08,15:00,SELL,1000,10.57,10559.43,15.6650243,0.0,0.0,10582.1160865,2000,2023-03-08
2023-03-09,09:25,BUY,1000,10.7,10710.699999999999,5.107107,0.0,133.69102049999856,0.0,3000,2023-03-08
2023-03-09,15:00,SELL,1000,11.15,11138.85,16.250238500000002,0.0,0.0,11122.5997615,2000,2023-03-09
2023-03-10,09:25,BUY,1000,11.0,11010.999999999998,5.11011,0.0,0.0,106.48965150000186,3000,2023-03-09
2023-03-10,15:00,SELL,1000,10.85,10839.15,15.9475415,0.0,0.0,10929.692110000002,2000,2023-03-10
2023-03-13,09:25,BUY,1000,10.88,10890.88,5.1089088,0.0,0.0,33.703201200001786,3000,2023-03-10
2023-03-13,15:00,SELL,1000,11.61,11598.39,16.7143739,0.0,0.0,11615.378827300001,2000,2023-03-13
2023-03-14,09:25,BUY,1000,11.6,11611.599999999999,5.116116,0.0,1.3372886999968614,0.0,3000,2023-03-13
2023-03-14,15:00,SELL,1000,11.76,11748.24,16.865722400000003,0.0,0.0,11731.3742776,2000,2023-03-14
2023-03-15,09:25,BUY,1000,11.96,11971.96,5.1197196,0.0,245.70544199999858,0.0,3000,2023-03-14
2023-03-15,15:00,SELL,1000,12.07,12057.93,17.1785093,0.0,0.0,12040.7514907,2000,2023-03-15
2023-03-16,09:25,BUY,1000,12.0,12011.999999999998,5.12012,0.0,0.0,23.631370700002662,3000,2023-03-15
2023-03-16,15:00,SELL,1000,12.35,12337.65,17.461026500000003,0.0,0.0,12343.820344200003,2000,2023-03-16
2023-03-17,09:25,BUY,1000,12.55,12562.55,5.1256255,0.0,223.85528129999693,0.0,3000,2023-03-16
2023-03-17,15:00,SELL,1000,13.59,13576.41,18.7121741,0.0,0.0,13557.6978259,2000,2023-03-17
2023-03-20,09:25,BUY,1000,14.39,14404.389999999998,5.1440439,0.0,851.8362179999967,0.0,3000,2023-03-17
2023-03-20,15:00,SELL,1000,14.88,14865.12,20.0137712,0.0,0.0,14845.106228800001,2000,2023-03-20
2023-03-21,09:25,BUY,1000,14.89,14904.889999999998,5.1490489,0.0,64.93282009999712,0.0,3000,2023-03-20
2023-03-21,15:00,SELL,1000,14.6,14585.4,19.731254,0.0,0.0,14565.668746,2000,2023-03-21
2023-03-22,09:25,BUY,1000,15.0,15014.999999999998,5.15015,0.0,454.4814039999983,0.0,3000,2023-03-21
2023-03-22,15:00,SELL,1000,16.06,16043.939999999999,21.2043794,0.0,0.0,16022.735620599999,2000,2023-03-22
2023-03-23,09:25,BUY,1000,16.69,16706.69,5.1670669,0.0,689.1214463000015,0.0,3000,2023-03-22
2023-03-23,15:00,SELL,1000,16.99,16973.01,22.142740099999997,0.0,0.0,16950.8672599,2000,2023-03-23
2023-03-24,09:25,BUY,1000,16.85,16866.85,5.1686685,0.0,0.0,78.84859140000117,3000,2023-03-23
2023-03-24,15:00,SELL,1000,17.66,17642.34,22.8187634,0.0,0.0,17698.369828000003,2000,2023-03-24
2023-03-27,09:25,BUY,1000,17.08,17097.079999999998,5.1709708,0.0,0.0,596.1188572000028,3000,2023-03-24
2023-03-27,15:00,SELL,1000,17.63,17612.37,22.7884937,0.0,0.0,18185.7003635,2000,2023-03-27
2023-03-28,09:25,BUY,1000,17.08,17097.079999999998,5.1709708,0.0,0.0,1083.4493927000003,3000,2023-03-27
2023-03-28,15:00,SELL,1000,16.45,16433.55,21.5978855,0.0,0.0,17495.4015072,2000,2023-03-28
2023-03-29,09:25,BUY,1000,16.7,16716.699999999997,5.167167,0.0,0.0,773.5343402000035,3000,2023-03-28
2023-03-29,15:00,SELL,1000,16.16,16143.84,21.305278400000002,0.0,0.0,16896.069061800004,2000,2023-03-29
2023-03-30,09:25,BUY,1000,16.21,16226.209999999997,5.1622621,0.0,0.0,664.6967997000065,3000,2023-03-29
2023-03-30,15:00,SELL,1000,16.88,16863.12,22.0317512,0.0,0.0,17505.785048500005,2000,2023-03-30
2023-03-31,09:25,BUY,1000,16.7,16716.699999999997,5.167167,0.0,0.0,783.9178815000087,3000,2023-03-30
2023-03-31,15:00,SELL,1000,17.22,17202.78,22.3748078,0.0,0.0,17964.32307370001,2000,2023-03-31
2023-04-03,09:25,BUY,1000,17.09,17107.089999999997,5.1710709,0.0,0.0,852.0620028000121,3000,2023-03-31
2023-04-03,15:00,SELL,1000,17.76,17742.24,22.919662400000004,0.0,0.0,18571.382340400014,2000,2023-04-03
2023-04-04,09:25,BUY,1000,17.24,17257.239999999998,5.1725724,0.0,0.0,1308.9697680000172,3000,2023-04-03
2023-04-04,15:00,SELL,1000,17.41,17392.59,22.566515900000002,0.0,0.0,18678.99325210002,2000,2023-04-04
2023-04-06,09:25,BUY,1000,18.0,18017.999999999996,5.18018,0.0,0.0,655.8130721000234,3000,2023-04-04
2023-04-06,15:00,SELL,1000,19.0,18981.0,24.17081,0.0,0.0,19612.642262100024,2000,2023-04-06
2023-04-07,09:25,BUY,1000,18.78,18798.78,5.1879878,0.0,0.0,808.674274300025,3000,2023-04-06
2023-04-07,15:00,SELL,1000,18.37,18351.63,23.5351463,0.0,0.0,19136.769128000025,2000,2023-04-07
2023-04-10,09:25,BUY,1000,18.06,18078.059999999998,5.1807806,0.0,0.0,1053.528347400028,3000,2023-04-07
2023-04-10,15:00,SELL,1000,17.47,17452.53,22.6270553,0.0,0.0,18483.431292100027,2000,2023-04-10
2023-04-11,09:25,BUY,1000,17.64,17657.64,5.1765764,0.0,0.0,820.6147157000269,3000,2023-04-10
2023-04-11,15:00,SELL,1000,17.35,17332.65,22.505976500000003,0.0,0.0,18130.758739200028,2000,2023-04-11
2023-04-12,09:25,BUY,1000,17.52,17537.519999999997,5.1753752,0.0,0.0,588.0633640000306,3000,2023-04-11
2023-04-12,15:00,SELL,1000,18.42,18401.58,23.585595800000004,0.0,0.0,18966.057768200033,2000,2023-04-12
2023-04-13,09:25,BUY,1000,18.25,18268.249999999996,5.1826825,0.0,0.0,692.6250857000377,3000,2023-04-12
2023-04-13,15:00,SELL,1000,17.66,17642.34,22.8187634,0.0,0.0,18312.14632230004,2000,2023-04-13
2023-04-14,09:25,BUY,1000,17.58,17597.579999999998,5.1759758,0.0,0.0,709.3903465000403,3000,2023-04-13
2023-04-14,15:00,SELL,1000,18.07,18051.93,23.232449300000003,0.0,0.0,18738.08789720004,2000,2023-04-14
2023-04-17,09:25,BUY,1000,17.99,18007.989999999998,5.1800799,0.0,0.0,724.91781730004,3000,2023-04-14
2023-04-17,15:00,SELL,1000,17.93,17912.07,23.091190700000002,0.0,0.0,18613.89662660004,2000,2023-04-17
2023-04-18,09:25,BUY,1000,17.88,17897.879999999997,5.1789788,0.0,0.0,710.8376478000428,3000,2023-04-17
2023-04-18,15:00,SELL,1000,19.19,19170.81,24.362518100000003,0.0,0.0,19857.285129700045,2000,2023-04-18
2023-04-19,09:25,BUY,1000,19.08,19099.079999999998,5.1909908,0.0,0.0,753.0141389000455,3000,2023-04-18
2023-04-20,15:00,SELL,1000,19.0,18981.0,24.17081,0.0,0.0,19709.843328900046,2000,2023-04-20
2023-04-21,09:25,BUY,1000,19.5,19519.499999999996,5.195195,0.0,0.0,185.1481339000493,3000,2023-04-20
2023-04-21,15:00,SELL,1000,18.79,18771.21,23.9589221,0.0,0.0,18932.39921180005,2000,2023-04-21
2023-04-24,09:25,BUY,1000,18.84,18858.839999999997,5.1885884,0.0,0.0,68.37062340005286,3000,2023-04-21
2023-04-24,15:00,SELL,1000,18.33,18311.67,23.4947867,0.0,0.0,18356.54583670005,2000,2023-04-24
2023-04-25,09:25,BUY,1000,18.06,18078.059999999998,5.1807806,0.0,0.0,273.30505610005275,3000,2023-04-24
2023-04-25,15:00,SELL,1000,18.5,18481.5,23.666315,0.0,0.0,18731.138741100054,2000,2023-04-25
2023-04-26,09:25,BUY,1000,18.78,18798.78,5.1879878,0.0,72.82924669994463,0.0,3000,2023-04-25
2023-04-27,15:00,SELL,1000,16.1,16083.900000000001,21.244739000000003,0.0,0.0,16062.655261000002,2000,2023-04-27
2023-04-28,09:25,BUY,1000,16.13,16146.129999999996,5.1614613,0.0,88.63620029999402,0.0,3000,2023-04-27
2023-04-28,15:00,SELL,1000,16.12,16103.880000000001,21.2649188,0.0,0.0,16082.615081200001,2000,2023-04-28
2023-05-04,09:25,BUY,1000,15.98,15995.979999999998,5.1599598,0.0,0.0,81.47512140000435,3000,2023-04-28
2023-05-04,15:00,SELL,1000,15.38,15364.62,20.5182662,0.0,0.0,15425.576855200005,2000,2023-05-04
2023-05-05,09:25,BUY,1000,15.33,15345.329999999998,5.1534533,0.0,0.0,75.09340190000694,3000,2023-05-04
2023-05-05,15:00,SELL,1000,14.77,14755.23,19.9027823,0.0,0.0,14810.420619600007,2000,2023-05-05
2023-05-08,09:25,BUY,1000,14.73,14744.729999999998,5.1474473,0.0,0.0,60.543172300009246,3000,2023-05-05
2023-05-08,15:00,SELL,1000,14.68,14665.32,19.8119732,0.0,0.0,14706.05119910001,2000,2023-05-08
2023-05-09,09:25,BUY,1000,14.68,14694.679999999998,5.1469468,0.0,0.0,6.224252300011358,3000,2023-05-08
2023-05-09,15:00,SELL,1000,14.7,14685.3,19.832152999999998,0.0,0.0,14671.692099300011,2000,2023-05-09
2023-05-10,09:25,BUY,1000,14.7,14714.699999999999,5.147147,0.0,48.155047699987335,0.0,3000,2023-05-09
2023-05-10,15:00,SELL,1000,14.6,14585.4,19.731254,0.0,0.0,14565.668746,2000,2023-05-10
2023-05-11,09:25,BUY,1000,14.51,14524.509999999998,5.1452451,0.0,0.0,36.01350090000051,3000,2023-05-10
2023-05-11,15:00,SELL,1000,14.46,14445.54,19.5899954,0.0,0.0,14461.963505500002,2000,2023-05-11
2023-05-12,09:25,BUY,1000,14.34,14354.339999999998,5.1435434,0.0,0.0,102.47996210000383,3000,2023-05-11
2023-05-12,15:00,SELL,1000,14.36,14345.64,19.4890964,0.0,0.0,14428.630865700003,2000,2023-05-12
2023-05-15,09:25,BUY,1000,14.62,14634.619999999999,5.1463462,0.0,211.13548049999554,0.0,3000,2023-05-12
2023-05-15,15:00,SELL,1000,15.12,15104.88,20.2559288,0.0,0.0,15084.6240712,2000,2023-05-15
2023-05-16,09:25,BUY,1000,15.09,15105.089999999998,5.1510508999999995,0.0,25.61697969999841,0.0,3000,2023-05-15
2023-05-16,15:00,SELL,1000,14.78,14765.22,19.912872200000002,0.0,0.0,14745.307127799999,2000,2023-05-16
2023-05-17,09:25,BUY,1000,14.85,14864.849999999999,5.1486485,0.0,124.69152070000018,0.0,3000,2023-05-16
2023-05-17,15:00,SELL,1000,15.55,15534.45,20.6897945,0.0,0.0,15513.7602055,2000,2023-05-17
2023-05-18,09:25,BUY,1000,15.91,15925.909999999998,5.1592591,0.0,417.30905359999815,0.0,3000,2023-05-17
2023-05-18,15:00,SELL,1000,16.35,16333.650000000001,21.496986500000002,0.0,0.0,16312.153013500001,2000,2023-05-18
2023-05-19,09:25,BUY,1000,16.5,16516.5,5.165165,0.0,209.51215149999734,0.0,3000,2023-05-18
2023-05-19,15:00,SELL,1000,16.16,16143.84,21.305278400000002,0.0,0.0,16122.534721600001,2000,2023-05-19
2023-05-22,09:25,BUY,1000,16.01,16026.01,5.1602601,0.0,0.0,91.3644615000012,3000,2023-05-19
2023-05-22,15:00,SELL,1000,15.41,15394.59,20.5485359,0.0,0.0,15465.405925600002,2000,2023-05-22
2023-05-23,09:25,BUY,1000,15.38,15395.38,5.1539538,0.0,0.0,64.87197180000294,3000,2023-05-22
2023-05-23,15:00,SELL,1000,15.23,15214.77,20.366917700000002,0.0,0.0,15259.275054100004,2000,2023-05-23
2023-05-24,09:25,BUY,1000,15.14,15155.139999999998,5.1515514,0.0,0.0,98.98350270000628,3000,2023-05-23
2023-05-24,15:00,SELL,1000,14.82,14805.18,19.9532318,0.0,0.0,14884.210270900006,2000,2023-05-24
2023-05-25,09:25,BUY,1000,16.0,16015.999999999998,5.16016,0.0,1136.9498890999912,0.0,3000,2023-05-24
2023-05-25,15:00,SELL,1000,16.3,16283.7,21.446537000000003,0.0,0.0,16262.253463000001,2000,2023-05-25
2023-05-26,09:25,BUY,1000,16.33,16346.329999999996,5.1634633,0.0,89.24000029999479,0.0,3000,2023-05-25
2023-05-26,15:00,SELL,1000,16.79,16773.21,21.9409421,0.0,0.0,16751.2690579,2000,2023-05-26
2023-05-29,09:25,BUY,1000,17.29,17307.289999999997,5.1730729,0.0,561.1940149999973,0.0,3000,2023-05-26
2023-05-29,15:00,SELL,1000,17.9,17882.1,23.060921,0.0,0.0,17859.039079,2000,2023-05-29
2023-05-30,09:25,BUY,1000,17.42,17437.42,5.1743742,0.0,0.0,416.4447048000002,3000,2023-05-29
2023-05-30,15:00,SELL,1000,18.03,18011.97,23.1920897,0.0,0.0,18405.2226151,2000,2023-05-30
2023-05-31,09:25,BUY,1000,18.11,18128.109999999997,5.1812811,0.0,0.0,271.9313340000008,3000,2023-05-30
2023-05-31,15:00,SELL,1000,18.05,18031.95,23.2122695,0.0,0.0,18280.6690645,2000,2023-05-31
2023-06-01,09:25,BUY,1000,17.6,17617.6,5.176176,0.0,0.0,657.8928885000023,3000,2023-05-31
2023-06-01,15:00,SELL,1000,17.92,17902.08,23.0811008,0.0,0.0,18536.891787700006,2000,2023-06-01
2023-06-02,09:25,BUY,1000,18.2,18218.199999999997,5.182182,0.0,0.0,313.50960570000825,3000,2023-06-01
2023-06-02,15:00,SELL,1000,17.83,17812.17,22.9902917,0.0,0.0,18102.689314000007,2000,2023-06-02
2023-06-05,09:25,BUY,1000,18.06,18078.059999999998,5.1807806,0.0,0.0,19.448533400009183,3000,2023-06-02
2023-06-05,15:00,SELL,1000,18.93,18911.07,24.1001807,0.0,0.0,18906.41835270001,2000,2023-06-05
2023-06-06,09:25,BUY,1000,18.6,18618.6,5.186186,0.0,0.0,282.632166700012,3000,2023-06-05
2023-06-06,15:00,SELL,1000,18.22,18201.78,23.3837978,0.0,0.0,18461.02836890001,2000,2023-06-06
2023-06-07,09:25,BUY,1000,18.2,18218.199999999997,5.182182,0.0,0.0,237.64618690001225,3000,2023-06-06
2023-06-07,15:00,SELL,1000,18.03,18011.97,23.1920897,0.0,0.0,18226.42409720001,2000,2023-06-07
2023-06-08,09:25,BUY,1000,17.9,17917.899999999998,5.179179,0.0,0.0,303.34491820001494,3000,2023-06-07
2023-06-08,15:00,SELL,1000,17.85,17832.15,23.0104715,0.0,0.0,18112.484446700015,2000,2023-06-08
2023-06-09,09:25,BUY,1000,17.85,17867.85,5.1786785,0.0,0.0,239.45576820001588,3000,2023-06-08
2023-06-09,15:00,SELL,1000,19.64,19620.36,24.816563600000002,0.0,0.0,19834.999204600015,2000,2023-06-09
2023-06-12,09:25,BUY,1000,20.31,20330.309999999998,5.2033031,0.0,500.5140984999816,0.0,3000,2023-06-09
2023-06-12,15:00,SELL,1000,21.35,21328.65,26.541936500000002,0.0,0.0,21302.1080635,2000,2023-06-12
2023-06-13,09:25,BUY,1000,21.2,21221.199999999997,5.212212,0.0,0.0,75.69585150000421,3000,2023-06-12
2023-06-13,15:00,SELL,1000,22.02,21997.98,27.2179598,0.0,0.0,22046.457891700004,2000,2023-06-13
2023-06-14,09:25,BUY,1000,21.75,21771.749999999996,5.2177175,0.0,0.0,269.49017420000746,3000,2023-06-13
2023-06-14,15:00,SELL,1000,22.79,22767.21,27.9948821,0.0,0.0,23008.705292100007,2000,2023-06-14
2023-06-15,09:25,BUY,1000,22.6,22622.6,5.226226,0.0,0.0,380.87906610000937,3000,2023-06-14
2023-06-15,15:00,SELL,1000,22.64,22617.36,27.8435336,0.0,0.0,22970.39553250001,2000,2023-06-15
2023-06-16,09:25,BUY,1000,22.64,22662.639999999996,5.2266264,0.0,0.0,302.52890610001486,3000,2023-06-15
2023-06-16,15:00,SELL,1000,24.06,24035.94,29.2762994,0.0,0.0,24309.192606700013,2000,2023-06-16
2023-06-19,09:25,BUY,1000,24.5,24524.499999999996,5.245245,0.0,220.55263829998148,0.0,3000,2023-06-16
2023-06-19,15:00,SELL,1000,26.46,26433.54,31.6978754,0.0,0.0,26401.8421246,2000,2023-06-19
2023-06-20,09:25,BUY,1000,25.87,25895.869999999995,5.2589587,0.0,0.0,500.71316590000424,3000,2023-06-19
2023-06-20,15:00,SELL,1000,26.03,26003.97,31.264009700000003,0.0,0.0,26473.419156200005,2000,2023-06-20
2023-06-21,09:25,BUY,1000,25.5,25525.499999999996,5.255255,0.0,0.0,942.6639012000087,3000,2023-06-20
2023-06-21,15:00,SELL,1000,24.5,24475.5,29.720255,0.0,0.0,25388.44364620001,2000,2023-06-21
2023-06-26,09:25,BUY,1000,23.9,23923.899999999998,5.239239,0.0,0.0,1459.304407200012,3000,2023-06-21
2023-06-26,15:00,SELL,1000,23.09,23066.91,28.2975791,0.0,0.0,24497.916828100013,2000,2023-06-26
2023-06-27,09:25,BUY,1000,23.41,23433.409999999996,5.2343341,0.0,0.0,1059.2724940000153,3000,2023-06-26
2023-06-27,15:00,SELL,1000,23.01,22986.99,28.216859900000003,0.0,0.0,24018.045634100017,2000,2023-06-27
2023-06-28,09:25,BUY,1000,21.99,22011.989999999998,5.2201199,0.0,0.0,2000.8355142000182,3000,2023-06-27
2023-06-28,15:00,SELL,1000,22.98,22957.02,28.1865902,0.0,0.0,24929.66892400002,2000,2023-06-28
2023-06-29,09:25,BUY,1000,23.01,23033.01,5.2303301,0.0,0.0,1891.428593900022,3000,2023-06-28
2023-06-29,15:00,SELL,1000,23.8,23776.2,29.013962000000003,0.0,0.0,25638.61463190002,2000,2023-06-29
2023-06-30,09:25,BUY,1000,23.55,23573.549999999996,5.2357355,0.0,0.0,2059.8288964000276,3000,2023-06-29
2023-06-30,15:00,SELL,1000,25.2,25174.8,30.426548,0.0,0.0,27204.202348400027,2000,2023-06-30
2023-07-03,09:25,BUY,1000,25.4,25425.399999999998,5.2542539999999995,0.0,0.0,1773.54809440003,3000,2023-06-30
2023-07-03,15:00,SELL,1000,24.37,24345.63,29.5890863,0.0,0.0,26089.589008100033,2000,2023-07-03
2023-07-04,09:25,BUY,1000,24.0,24023.999999999996,5.24024,0.0,0.0,2060.348768100037,3000,2023-07-03
2023-07-04,15:00,SELL,1000,24.58,24555.42,29.8009742,0.0,0.0,26585.967793900036,2000,2023-07-04
2023-07-05,09:25,BUY,1000,24.3,24324.299999999996,5.243243,0.0,0.0,2256.4245509000393,3000,2023-07-04
2023-07-05,15:00,SELL,1000,23.86,23836.14,29.0745014,0.0,0.0,26063.49004950004,2000,2023-07-05
2023-07-06,09:25,BUY,1000,23.6,23623.6,5.236236,0.0,0.0,2434.653813500041,3000,2023-07-05
2023-07-06,15:00,SELL,1000,23.88,23856.12,29.0946812,0.0,0.0,26261.67913230004,2000,2023-07-06
2023-07-07,09:25,BUY,1000,23.8,23823.799999999996,5.238238,0.0,0.0,2432.6408943000424,3000,2023-07-06
2023-07-07,15:00,SELL,1000,23.66,23636.34,28.872703400000002,0.0,0.0,26040.108190900042,2000,2023-07-07
2023-07-10,09:25,BUY,1000,24.0,24023.999999999996,5.24024,0.0,0.0,2010.8679509000467,3000,2023-07-07
2023-07-10,15:00,SELL,1000,23.8,23776.2,29.013962000000003,0.0,0.0,25758.053988900047,2000,2023-07-10
2023-07-11,09:25,BUY,1000,24.0,24023.999999999996,5.24024,0.0,0.0,1728.813748900051,3000,2023-07-10
2023-07-11,15:00,SELL,1000,24.24,24215.76,29.4579176,0.0,0.0,25915.11583130005,2000,2023-07-11
2023-07-12,09:25,BUY,1000,24.0,24023.999999999996,5.24024,0.0,0.0,1885.8755913000532,3000,2023-07-11
2023-07-12,15:00,SELL,1000,22.53,22507.47,27.732544700000002,0.0,0.0,24365.613046600054,2000,2023-07-12
2023-07-13,09:25,BUY,1000,22.98,23002.979999999996,5.2300298,0.0,0.0,1357.4030168000572,3000,2023-07-12
2023-07-13,15:00,SELL,1000,24.78,24755.22,30.002772200000003,0.0,0.0,26082.620244600057,2000,2023-07-13
2023-07-14,09:25,BUY,1000,25.71,25735.709999999995,5.2573571,0.0,0.0,341.6528875000622,3000,2023-07-13
2023-07-14,15:00,SELL,1000,27.26,27232.74,32.5050674,0.0,0.0,27541.887820100063,2000,2023-07-14
2023-07-17,09:25,BUY,1000,26.89,26916.889999999996,5.2691689,0.0,0.0,619.7286512000683,3000,2023-07-14
2023-07-17,15:00,SELL,1000,26.11,26083.89,31.3447289,0.0,0.0,26672.273922300068,2000,2023-07-17
2023-07-18,09:25,BUY,1000,26.08,26106.079999999998,5.2610608,0.0,0.0,560.9328615000704,3000,2023-07-17
2023-07-18,15:00,SELL,1000,25.53,25504.47,30.759514700000004,0.0,0.0,26034.643346800072,2000,2023-07-18
2023-07-19,09:25,BUY,1000,25.92,25945.92,5.2594592,0.0,0.0,83.4638876000754,3000,2023-07-18
2023-07-19,15:00,SELL,1000,25.09,25064.91,30.3155591,0.0,0.0,25118.058328500076,2000,2023-07-19
2023-07-20,09:25,BUY,1000,24.9,24924.899999999998,5.249249,0.0,0.0,187.9090795000775,3000,2023-07-19
2023-07-20,15:00,SELL,1000,23.25,23226.75,28.4590175,0.0,0.0,23386.200062000076,2000,2023-07-20
2023-07-21,09:25,BUY,1000,23.04,23063.039999999997,5.2306304,0.0,0.0,317.9294316000778,3000,2023-07-20
2023-07-21,15:00,SELL,1000,23.04,23016.96,28.2471296,0.0,0.0,23306.642302000077,2000,2023-07-21
2023-07-24,09:25,BUY,1000,22.79,22812.789999999997,5.2281279,0.0,0.0,488.62417410007765,3000,2023-07-21
2023-07-24,15:00,SELL,1000,23.66,23636.34,28.872703400000002,0.0,0.0,24096.091470700077,2000,2023-07-24
2023-07-25,09:25,BUY,1000,24.05,24074.049999999996,5.2407405,0.0,0.0,16.80073020008058,3000,2023-07-24
2023-07-25,15:00,SELL,1000,24.0,23976.0,29.21576,0.0,0.0,23963.58497020008,2000,2023-07-25
2023-07-26,09:25,BUY,1000,23.5,23523.499999999996,5.235235,0.0,0.0,434.849735200085,3000,2023-07-25
2023-07-26,15:00,SELL,1000,23.25,23226.75,28.4590175,0.0,0.0,23633.140717700084,2000,2023-07-26
2023-07-27,09:25,BUY,1000,23.13,23153.129999999997,5.2315313,0.0,0.0,474.7791864000865,3000,2023-07-26
2023-07-27,15:00,SELL,1000,22.68,22657.32,27.8838932,0.0,0.0,23104.215293200086,2000,2023-07-27
2023-07-28,09:25,BUY,1000,22.3,22322.3,5.223223,0.0,0.0,776.6920702000862,3000,2023-07-27
2023-07-28,15:00,SELL,1000,22.26,22237.74,27.4601174,110.0,0.0,23976.971952800086,2000,2023-07-28
2023-07-31,09:25,BUY,1000,22.25,22272.249999999996,5.2227225,0.0,0.0,1699.4992303000909,3000,2023-07-28
2023-07-31,15:00,SELL,1000,22.33,22307.67,27.530746699999998,110.0,0.0,23869.63848360009,2000,2023-07-31
2023-08-01,09:25,BUY,1000,22.2,22222.199999999997,5.222222,0.0,0.0,1642.2162616000933,3000,2023-07-31
2023-08-01,15:00,SELL,1000,22.67,22647.33,27.873803300000002,0.0,0.0,24261.672458300094,2000,2023-08-01
2023-08-02,09:25,BUY,1000,22.25,22272.249999999996,5.2227225,0.0,0.0,1984.199735800099,3000,2023-08-01
2023-08-02,15:00,SELL,1000,22.32,22297.68,27.5206568,0.0,0.0,24254.3590790001,2000,2023-08-02
2023-08-03,09:25,BUY,1000,21.86,21881.859999999997,5.2188186,0.0,0.0,2367.2802604001045,3000,2023-08-02
2023-08-03,15:00,SELL,1000,22.5,22477.5,27.702275,0.0,0.0,24817.077985400105,2000,2023-08-03
2023-08-04,09:25,BUY,1000,22.1,22122.1,5.221221,0.0,0.0,2689.7567644001065,3000,2023-08-03
2023-08-04,15:00,SELL,1000,23.77,23746.23,28.9836923,0.0,0.0,26407.003072100106,2000,2023-08-04
2023-08-07,09:25,BUY,1000,23.7,23723.699999999997,5.237237,0.0,0.0,2678.0658351001075,3000,2023-08-04
2023-08-07,15:00,SELL,1000,24.98,24955.02,30.204570200000003,0.0,0.0,27602.88126490011,2000,2023-08-07
2023-08-08,09:25,BUY,1000,24.6,24624.6,5.246246,0.0,0.0,2973.035018900111,3000,2023-08-07
2023-08-08,15:00,SELL,1000,24.18,24155.82,29.397378200000002,0.0,0.0,27099.45764070011,2000,2023-08-08
2023-08-09,09:25,BUY,1000,23.3,23323.299999999996,5.233233,0.0,0.0,3770.9244077001167,3000,2023-08-08
2023-08-09,15:00,SELL,1000,22.25,22227.75,27.4500275,0.0,0.0,25971.224380200118,2000,2023-08-09
2023-08-10,09:25,BUY,1000,21.99,22011.989999999998,5.2201199,0.0,0.0,3954.0142603001186,3000,2023-08-09
2023-08-10,15:00,SELL,1000,21.5,21478.5,26.693285,0.0,0.0,25405.820975300117,2000,2023-08-10
2023-08-11,09:25,BUY,1000,21.72,21741.719999999998,5.2174172,0.0,0.0,3658.8835581001185,3000,2023-08-10
2023-08-11,15:00,SELL,1000,21.5,21478.5,26.693285,0.0,0.0,25110.690273100117,2000,2023-08-11
2023-08-14,09:25,BUY,1000,21.09,21111.089999999997,5.2111108999999995,0.0,0.0,3994.389162200121,3000,2023-08-11
2023-08-14,15:00,SELL,1000,21.4,21378.6,26.592386,0.0,0.0,25346.39677620012,2000,2023-08-14
2023-08-15,09:25,BUY,1000,22.04,22062.039999999997,5.2206204,0.0,0.0,3279.1361558001227,3000,2023-08-14
2023-08-15,15:00,SELL,1000,21.39,21368.61,26.5822961,0.0,0.0,24621.163859700122,2000,2023-08-15
2023-08-16,09:25,BUY,1000,21.0,21020.999999999996,5.21021,0.0,0.0,3594.9536497001245,3000,2023-08-15
2023-08-16,15:00,SELL,1000,20.89,20869.11,26.077801100000002,0.0,0.0,24437.985848600125,2000,2023-08-16
2023-08-17,09:25,BUY,1000,20.33,20350.329999999998,5.2035033,0.0,0.0,4082.4523453001275,3000,2023-08-16
2023-08-17,15:00,SELL,1000,20.91,20889.09,26.0979809,0.0,0.0,24945.44436440013,2000,2023-08-17
2023-08-18,09:25,BUY,1000,20.89,20910.89,5.2091089,0.0,0.0,4029.3452555001313,3000,2023-08-17
2023-08-18,15:00,SELL,1000,20.1,20079.9,25.280699000000002,0.0,0.0,24083.964556500134,2000,2023-08-18
2023-08-21,09:25,BUY,1000,20.15,20170.149999999998,5.2017015,0.0,0.0,3908.6128550001376,3000,2023-08-18
2023-08-21,15:00,SELL,1000,20.41,20389.59,25.5934859,0.0,0.0,24272.609369100137,2000,2023-08-21
2023-08-22,09:25,BUY,1000,21.2,21221.199999999997,5.212212,0.0,0.0,3046.1971571001413,3000,2023-08-21
2023-08-22,15:00,SELL,1000,22.45,22427.55,27.6518255,0.0,0.0,25446.09533160014,2000,2023-08-22
2023-08-23,09:25,BUY,1000,22.17,22192.17,5.2219217,0.0,0.0,3248.703409900143,3000,2023-08-22
2023-08-23,15:00,SELL,1000,21.34,21318.66,26.5318466,0.0,0.0,24540.831563300144,2000,2023-08-23
2023-08-24,09:25,BUY,1000,22.5,22522.499999999996,5.225225,0.0,0.0,2013.1063383001492,3000,2023-08-23
2023-08-24,15:00,SELL,1000,22.43,22407.57,27.6316457,0.0,0.0,24393.04469260015,2000,2023-08-24
2023-08-25,09:25,BUY,1000,21.2,21221.199999999997,5.212212,0.0,0.0,3166.632480600154,3000,2023-08-24
2023-08-25,15:00,SELL,1000,20.32,20299.68,25.5026768,0.0,0.0,23440.809803800155,2000,2023-08-25
2023-08-28,09:25,BUY,1000,21.43,21451.429999999997,5.2145143,0.0,0.0,1984.165289500157,3000,2023-08-25
2023-08-28,15:00,SELL,1000,20.68,20659.32,15.5362532,0.0,0.0,22627.949036300157,2000,2023-08-28
2023-08-29,09:25,BUY,1000,20.55,20570.55,5.2057055,0.0,0.0,2052.193330800157,3000,2023-08-28
2023-08-29,15:00,SELL,1000,21.59,21568.41,15.9998891,0.0,0.0,23604.603441700157,2000,2023-08-29
2023-08-30,09:25,BUY,1000,21.89,21911.889999999996,5.2191189,0.0,0.0,1687.4943228001612,3000,2023-08-29
2023-08-30,15:00,SELL,1000,21.8,21778.2,16.106882,0.0,0.0,23449.587440800162,2000,2023-08-30
2023-08-31,09:25,BUY,1000,21.56,21581.559999999998,5.2158156,0.0,0.0,1862.8116252001637,3000,2023-08-30
2023-08-31,15:00,SELL,1000,21.91,21888.09,16.1629259,0.0,0.0,23734.738699300164,2000,2023-08-31
2023-09-01,09:25,BUY,1000,21.79,21811.789999999997,5.2181179,0.0,0.0,1917.7305814001666,3000,2023-08-31
2023-09-01,15:00,SELL,1000,21.25,21228.75,15.826662500000001,0.0,0.0,23130.653918900167,2000,2023-09-01
2023-09-04,09:25,BUY,1000,21.4,21421.399999999998,5.214214,0.0,0.0,1704.0397049001695,3000,2023-09-01
2023-09-04,15:00,SELL,1000,20.99,20969.01,15.6941951,0.0,0.0,22657.355509800167,2000,2023-09-04
2023-09-05,09:25,BUY,1000,20.77,20790.769999999997,5.2079077,0.0,0.0,1861.3776021001686,3000,2023-09-04
2023-09-05,15:00,SELL,1000,20.31,20289.69,15.3477419,0.0,0.0,22135.719860200166,2000,2023-09-05
2023-09-06,09:25,BUY,1000,20.08,20100.079999999998,5.2010008,0.0,0.0,2030.4388594001684,3000,2023-09-05
2023-09-06,15:00,SELL,1000,20.22,20199.78,15.3018878,0.0,0.0,22214.916971600167,2000,2023-09-06
2023-09-07,09:25,BUY,1000,19.98,19999.98,5.1999998,0.0,0.0,2209.7369718001682,3000,2023-09-06
2023-09-07,15:00,SELL,1000,19.2,19180.8,14.782208,0.0,0.0,21375.754763800167,2000,2023-09-07
2023-09-08,09:25,BUY,1000,19.01,19029.01,5.1902901,0.0,0.0,2341.554473700169,3000,2023-09-07
2023-09-08,15:00,SELL,1000,19.08,19060.92,14.7210692,0.0,0.0,21387.753404500167,2000,2023-09-08
2023-09-11,09:25,BUY,1000,19.0,19018.999999999996,5.19019,0.0,0.0,2363.563214500169,3000,2023-09-08
2023-09-11,15:00,SELL,1000,19.46,19440.54,14.914675400000002,0.0,0.0,21789.18853910017,2000,2023-09-11
2023-09-12,09:25,BUY,1000,19.19,19209.19,5.1920919,0.0,0.0,2574.8064472001715,3000,2023-09-11
2023-09-12,15:00,SELL,1000,19.28,19260.72,14.8229672,0.0,0.0,21820.70348000017,2000,2023-09-12
2023-09-13,09:25,BUY,1000,19.16,19179.159999999996,5.1917916,0.0,0.0,2636.3516884001765,3000,2023-09-12
2023-09-13,15:00,SELL,1000,18.86,18841.14,14.608981400000001,0.0,0.0,21462.882707000175,2000,2023-09-13
2023-09-14,09:25,BUY,1000,18.98,18998.98,5.1899898,0.0,0.0,2458.7127172001747,3000,2023-09-13
2023-09-14,15:00,SELL,1000,18.59,18571.41,14.4714191,0.0,0.0,21015.651298100176,2000,2023-09-14
2023-09-15,09:25,BUY,1000,18.63,18648.629999999997,5.1864863,0.0,0.0,2361.8348118001777,3000,2023-09-14
2023-09-15,15:00,SELL,1000,18.13,18111.87,14.2370537,0.0,0.0,20459.467758100178,2000,2023-09-15
2023-09-18,09:25,BUY,1000,18.08,18098.079999999998,5.1809808,0.0,0.0,2356.20677730018,3000,2023-09-15
2023-09-18,15:00,SELL,1000,18.3,18281.7,14.323667,0.0,0.0,20623.58311030018,2000,2023-09-18
2023-09-19,09:25,BUY,1000,18.32,18338.32,5.1833832,0.0,0.0,2280.0797271001793,3000,2023-09-18
2023-09-19,15:00,SELL,1000,18.48,18461.52,14.415375200000001,0.0,0.0,20727.18435190018,2000,2023-09-19
2023-09-20,09:25,BUY,1000,18.49,18508.489999999998,5.1850849,0.0,0.0,2213.509267000183,3000,2023-09-19
2023-09-20,15:00,SELL,1000,18.4,18381.6,14.374616,0.0,0.0,20580.73465100018,2000,2023-09-20
2023-09-21,09:25,BUY,1000,18.26,18278.26,5.1827826,0.0,0.0,2297.2918684001816,3000,2023-09-20
2023-09-21,15:00,SELL,1000,18.31,18291.69,14.3287619,0.0,0.0,20574.65310650018,2000,2023-09-21
2023-09-22,09:25,BUY,1000,18.3,18318.3,5.183183,0.0,0.0,2251.1699235001797,3000,2023-09-21
2023-09-22,15:00,SELL,1000,19.94,19920.06,15.1592306,0.0,0.0,22156.070692900183,2000,2023-09-22
2023-09-25,09:25,BUY,1000,19.76,19779.76,5.1977976,0.0,0.0,2371.1128953001826,3000,2023-09-22
2023-09-25,15:00,SELL,1000,19.29,19270.71,14.8280621,0.0,0.0,21626.99483320018,2000,2023-09-25
2023-09-26,09:25,BUY,1000,19.49,19509.489999999998,5.1950949,0.0,0.0,2112.309738300184,3000,2023-09-25
2023-09-26,15:00,SELL,1000,19.73,19710.27,15.052237700000001,0.0,0.0,21807.527500600183,2000,2023-09-26
2023-09-27,09:25,BUY,1000,19.6,19619.6,5.196196,0.0,0.0,2182.7313046001836,3000,2023-09-26
2023-09-27,15:00,SELL,1000,19.8,19780.2,15.087902000000001,0.0,0.0,21947.843402600185,2000,2023-09-27
2023-09-28,09:25,BUY,1000,20.03,20050.03,5.2005003,0.0,0.0,1892.612902300185,3000,2023-09-27
2023-09-28,15:00,SELL,1000,19.7,19680.3,15.036953,0.0,0.0,21557.875949300185,2000,2023-09-28
2023-10-09,09:25,BUY,1000,19.47,19489.469999999998,5.1948947,0.0,0.0,2063.2110546001895,3000,2023-09-28
2023-10-09,15:00,SELL,1000,19.26,19240.74,14.812777400000002,0.0,0.0,21289.138277200193,2000,2023-10-09
2023-10-10,09:25,BUY,1000,19.23,19249.23,5.1924923,0.0,0.0,2034.7157849001924,3000,2023-10-09
2023-10-10,15:00,SELL,1000,18.86,18841.14,14.608981400000001,0.0,0.0,20861.24680350019,2000,2023-10-10
2023-10-11,09:25,BUY,1000,19.16,19179.159999999996,5.1917916,0.0,0.0,1676.8950119001966,3000,2023-10-10
2023-10-11,15:00,SELL,1000,19.17,19150.83,14.766923300000002,0.0,0.0,20812.958088600197,2000,2023-10-11
2023-10-12,09:25,BUY,1000,19.4,19419.399999999998,5.194194,0.0,0.0,1388.3638946001993,3000,2023-10-11
2023-10-12,15:00,SELL,1000,18.75,18731.25,14.5529375,0.0,0.0,20105.0609571002,2000,2023-10-12
2023-10-13,09:25,BUY,1000,18.61,18628.609999999997,5.1862861,0.0,0.0,1471.264671000201,3000,2023-10-12
2023-10-13,15:00,SELL,1000,17.88,17862.12,14.1096812,0.0,0.0,19319.2749898002,2000,2023-10-13
2023-10-16,09:25,BUY,1000,17.89,17907.89,5.1790789,0.0,0.0,1406.2059109002003,3000,2023-10-13
2023-10-16,15:00,SELL,1000,17.42,17402.58,13.875315800000001,0.0,0.0,18794.910595100202,2000,2023-10-16
2023-10-17,09:25,BUY,1000,17.52,17537.519999999997,5.1753752,0.0,0.0,1252.2152199002048,3000,2023-10-16
2023-10-17,15:00,SELL,1000,17.28,17262.72,13.803987200000002,0.0,0.0,18501.131232700205,2000,2023-10-17
2023-10-18,09:25,BUY,1000,16.6,16616.6,5.166166,0.0,0.0,1879.3650667002075,3000,2023-10-17
2023-10-18,15:00,SELL,1000,16.92,16903.08,13.620570800000001,0.0,0.0,18768.824495900208,2000,2023-10-18
2023-10-19,09:25,BUY,1000,16.58,16596.579999999998,5.1659658,0.0,0.0,2167.0785301002106,3000,2023-10-18
2023-10-19,15:00,SELL,1000,16.53,16513.47,13.421869700000002,0.0,0.0,18667.126660400212,2000,2023-10-19
2023-10-20,09:25,BUY,1000,16.56,16576.559999999998,5.1657656,0.0,0.0,2085.4008948002156,3000,2023-10-19
2023-10-20,15:00,SELL,1000,16.17,16153.830000000002,13.238453300000002,0.0,0.0,18225.992441500217,2000,2023-10-20
2023-10-23,09:25,BUY,1000,14.55,14564.55,5.1456455,0.0,0.0,3656.296796000217,3000,2023-10-20
2023-10-24,15:00,SELL,1000,13.76,13746.24,12.0105824,0.0,0.0,17390.526213600217,2000,2023-10-24
2023-10-25,09:25,BUY,1000,13.82,13833.819999999998,5.1383382,0.0,0.0,3551.5678754002183,3000,2023-10-24
2023-10-25,15:00,SELL,1000,13.54,13526.46,11.8984946,0.0,0.0,17066.129380800216,2000,2023-10-25
2023-10-26,09:25,BUY,1000,13.4,13413.399999999998,5.1341339999999995,0.0,0.0,3647.595246800218,3000,2023-10-25
2023-10-26,15:00,SELL,1000,13.83,13816.17,12.046246700000001,0.0,0.0,17451.719000100216,2000,2023-10-26
2023-10-27,09:25,BUY,1000,13.83,13843.829999999998,5.1384383,0.0,0.0,3602.750561800218,3000,2023-10-26
2023-10-27,15:00,SELL,1000,14.07,14055.93,12.168524300000001,0.0,0.0,17646.51203750022,2000,2023-10-27
2023-10-30,09:25,BUY,1000,14.07,14084.069999999998,5.1408407,0.0,0.0,3557.301196800221,3000,2023-10-27
2023-10-30,15:00,SELL,1000,14.6,14585.4,12.438554,0.0,0.0,18130.26264280022,2000,2023-10-30
2023-10-31,09:25,BUY,1000,14.82,14834.819999999998,5.1483482,0.0,0.0,3290.2942946002204,3000,2023-10-30
2023-10-31,15:00,SELL,1000,14.72,14705.28,12.499692800000002,0.0,0.0,17983.07460180022,2000,2023-10-31
2023-11-01,09:25,BUY,1000,14.76,14774.759999999998,5.1477476,0.0,0.0,3203.1668542002226,3000,2023-10-31
2023-11-01,15:00,SELL,1000,14.53,14515.47,12.4028897,0.0,0.0,17706.23396450022,2000,2023-11-01
2023-11-02,09:25,BUY,1000,14.88,14894.88,5.1489488,0.0,0.0,2806.2050157002213,3000,2023-11-01
2023-11-02,15:00,SELL,1000,14.6,14585.4,12.438554,0.0,0.0,17379.16646170022,2000,2023-11-02
2023-11-03,09:25,BUY,1000,14.68,14694.679999999998,5.1469468,0.0,0.0,2679.3395149002226,3000,2023-11-02
2023-11-03,15:00,SELL,1000,14.75,14735.25,12.5149775,0.0,0.0,17402.07453740022,2000,2023-11-03
2023-11-06,09:25,BUY,1000,14.92,14934.919999999998,5.1493492,0.0,0.0,2462.0051882002226,3000,2023-11-03
2023-11-06,15:00,SELL,1000,14.97,14955.03,12.627065300000002,0.0,0.0,17404.408122900226,2000,2023-11-06
2023-11-07,09:25,BUY,1000,14.97,14984.969999999998,5.1498497,0.0,0.0,2414.288273200229,3000,2023-11-06
2023-11-07,15:00,SELL,1000,15.39,15374.61,12.841051100000001,0.0,0.0,17776.05722210023,2000,2023-11-07
2023-11-08,09:25,BUY,1000,15.35,15365.349999999999,5.1536535,0.0,0.0,2405.5535686002313,3000,2023-11-07
2023-11-08,15:00,SELL,1000,15.3,15284.7,12.795197000000002,0.0,0.0,17677.45837160023,2000,2023-11-08
2023-11-09,09:25,BUY,1000,15.5,15515.499999999998,5.155155,0.0,0.0,2156.803216600232,3000,2023-11-08
2023-11-09,15:00,SELL,1000,15.59,15574.41,12.9429491,0.0,0.0,17718.270267500233,2000,2023-11-09
2023-11-10,09:25,BUY,1000,15.4,15415.399999999998,5.154154,0.0,0.0,2297.716113500235,3000,2023-11-09
2023-11-10,15:00,SELL,1000,15.41,15394.59,12.8512409,0.0,0.0,17679.454872600236,2000,2023-11-10
2023-11-13,09:25,BUY,1000,15.65,15665.649999999998,5.1566565,0.0,0.0,2008.6482161002386,3000,2023-11-10
2023-11-13,15:00,SELL,1000,16.11,16093.89,13.2078839,0.0,0.0,18089.33033220024,2000,2023-11-13
2023-11-14,09:25,BUY,1000,16.15,16166.149999999996,5.1616615,0.0,0.0,1918.018670700243,3000,2023-11-13
2023-11-14,15:00,SELL,1000,16.37,16353.630000000001,13.340351300000002,0.0,0.0,18258.308319400247,2000,2023-11-14
2023-11-15,09:25,BUY,1000,16.48,16496.48,5.1649648,0.0,0.0,1756.6633546002486,3000,2023-11-14
2023-11-15,15:00,SELL,1000,16.41,16393.59,13.3607309,0.0,0.0,18136.89262370025,2000,2023-11-15
2023-11-16,09:25,BUY,1000,16.2,16216.199999999999,5.162162,0.0,0.0,1915.5304617002494,3000,2023-11-15
2023-11-16,15:00,SELL,1000,15.94,15924.06,13.1212706,0.0,0.0,17826.46919110025,2000,2023-11-16
2023-11-17,09:25,BUY,1000,15.87,15885.869999999999,5.1588587,0.0,0.0,1935.4403324002487,3000,2023-11-16
2023-11-17,15:00,SELL,1000,16.35,16333.650000000001,13.3301615,0.0,0.0,18255.76017090025,2000,2023-11-17
2023-11-20,09:25,BUY,1000,16.29,16306.289999999999,5.1630629,0.0,0.0,1944.30710800025,3000,2023-11-17
2023-11-20,15:00,SELL,1000,16.12,16103.880000000001,13.212978800000002,0.0,0.0,18034.97412920025,2000,2023-11-20
2023-11-21,09:25,BUY,1000,16.19,16206.19,5.1620619,0.0,0.0,1823.62206730025,3000,2023-11-20
2023-11-21,15:00,SELL,1000,15.96,15944.04,13.131460400000002,0.0,0.0,17754.53060690025,2000,2023-11-21
2023-11-22,09:25,BUY,1000,15.9,15915.899999999998,5.159159,0.0,0.0,1833.4714479002523,3000,2023-11-21
2023-11-22,15:00,SELL,1000,15.57,15554.43,12.9327593,0.0,0.0,17374.968688600253,2000,2023-11-22
2023-11-23,09:25,BUY,1000,15.73,15745.729999999998,5.1574573,0.0,0.0,1624.0812313002552,3000,2023-11-22
2023-11-23,15:00,SELL,1000,15.72,15704.28,13.009182800000001,0.0,0.0,17315.352048500255,2000,2023-11-23
2023-11-24,09:25,BUY,1000,15.8,15815.799999999997,5.158158,0.0,0.0,1494.3938905002578,3000,2023-11-23
2023-11-24,15:00,SELL,1000,15.4,15384.6,12.846146000000001,0.0,0.0,16866.14774450026,2000,2023-11-24
2023-11-27,09:25,BUY,1000,15.1,15115.099999999999,5.151151,0.0,0.0,1745.8965935002616,3000,2023-11-24
2023-11-27,15:00,SELL,1000,14.89,14875.11,12.586306100000002,0.0,0.0,16608.420287400262,2000,2023-11-27
2023-11-28,09:25,BUY,1000,14.77,14784.769999999999,5.1478477,0.0,0.0,1818.5024397002635,3000,2023-11-27
2023-11-28,15:00,SELL,1000,15.15,15134.85,12.718773500000001,0.0,0.0,16940.633666200265,2000,2023-11-28
2023-11-29,09:25,BUY,1000,15.15,15165.149999999998,5.1516515,0.0,0.0,1770.3320147002669,3000,2023-11-28
2023-11-29,15:00,SELL,1000,14.95,14935.05,12.616875499999999,0.0,0.0,16692.765139200266,2000,2023-11-29
2023-11-30,09:25,BUY,1000,15.08,15095.079999999998,5.1509508,0.0,0.0,1592.5341884002682,3000,2023-11-29
2023-11-30,15:00,SELL,1000,15.1,15084.9,12.693299,0.0,0.0,16664.740889400266,2000,2023-11-30
2023-12-01,09:25,BUY,1000,15.05,15065.049999999997,5.1506505,0.0,0.0,1594.5402389002684,3000,2023-11-30
2023-12-01,15:00,SELL,1000,15.15,15134.85,12.718773500000001,0.0,0.0,16716.671465400268,2000,2023-12-01
2023-12-04,09:25,BUY,1000,15.21,15225.21,5.1522521,0.0,0.0,1486.3092133002683,3000,2023-12-01
2023-12-04,15:00,SELL,1000,14.78,14765.22,12.5302622,0.0,0.0,16238.998951100268,2000,2023-12-04
2023-12-05,09:25,BUY,1000,14.75,14764.749999999998,5.1476475,0.0,0.0,1469.1013036002696,3000,2023-12-04
2023-12-05,15:00,SELL,1000,14.15,14135.85,12.209283500000002,0.0,0.0,15592.74202010027,2000,2023-12-05
2023-12-06,09:25,BUY,1000,14.14,14154.139999999998,5.1415414,0.0,0.0,1433.4604787002718,3000,2023-12-05
2023-12-06,15:00,SELL,1000,14.25,14235.75,12.2602325,0.0,0.0,15656.950246200271,2000,2023-12-06
2023-12-07,09:25,BUY,1000,14.38,14394.38,5.1439438,0.0,0.0,1257.426302400272,3000,2023-12-06
2023-12-07,15:00,SELL,1000,14.33,14315.67,12.3009917,0.0,0.0,15560.795310700272,2000,2023-12-07
2023-12-08,09:25,BUY,1000,14.36,14374.359999999999,5.1437436,0.0,0.0,1181.2915671002738,3000,2023-12-07
2023-12-08,15:00,SELL,1000,15.76,15744.24,13.0295624,0.0,0.0,16912.502004700276,2000,2023-12-08
2023-12-11,09:25,BUY,1000,15.77,15785.769999999999,5.1578577,0.0,0.0,1121.5741470002777,3000,2023-12-08
2023-12-11,15:00,SELL,1000,15.59,15574.41,12.9429491,0.0,0.0,16683.04119790028,2000,2023-12-11
2023-12-12,09:25,BUY,1000,15.61,15625.609999999999,5.1562561,0.0,0.0,1052.2749418002804,3000,2023-12-11
2023-12-12,15:00,SELL,1000,15.26,15244.74,12.7748174,0.0,0.0,16284.24012440028,2000,2023-12-12
2023-12-13,09:25,BUY,1000,15.26,15275.259999999998,5.1527526,0.0,0.0,1003.8273718002802,3000,2023-12-12
2023-12-13,15:00,SELL,1000,15.08,15064.92,12.6831092,0.0,0.0,16056.064262600281,2000,2023-12-13
2023-12-14,09:25,BUY,1000,15.18,15195.179999999998,5.1519518,0.0,0.0,855.732310800282,3000,2023-12-13
2023-12-14,15:00,SELL,1000,15.0,14985.0,12.64235,0.0,0.0,15828.089960800282,2000,2023-12-14
2023-12-15,09:25,BUY,1000,15.1,15115.099999999999,5.151151,0.0,0.0,707.8388098002833,3000,2023-12-14
2023-12-15,15:00,SELL,1000,14.78,14765.22,12.5302622,0.0,0.0,15460.528547600283,2000,2023-12-15
2023-12-18,09:25,BUY,1000,14.78,14794.779999999999,5.1479478,0.0,0.0,660.6005998002838,3000,2023-12-15
2023-12-18,15:00,SELL,1000,15.03,15014.97,12.6576347,0.0,0.0,15662.912965100284,2000,2023-12-18
2023-12-19,09:25,BUY,1000,14.96,14974.96,5.1497496,0.0,0.0,682.8032155002857,3000,2023-12-18
2023-12-19,15:00,SELL,1000,15.17,15154.83,12.7289633,0.0,0.0,15824.904252200286,2000,2023-12-19
2023-12-20,09:25,BUY,1000,15.17,15185.169999999998,5.1518517,0.0,0.0,634.5824005002869,3000,2023-12-19
2023-12-20,15:00,SELL,1000,14.55,14535.45,12.413079500000002,0.0,0.0,15157.619321000288,2000,2023-12-20
2023-12-21,09:25,BUY,1000,14.55,14564.55,5.1456455,0.0,0.0,587.9236755002876,3000,2023-12-20
2023-12-21,15:00,SELL,1000,14.57,14555.43,12.423269300000001,0.0,0.0,15130.930406200288,2000,2023-12-21
2023-12-22,09:25,BUY,1000,14.51,14524.509999999998,5.1452451,0.0,0.0,601.2751611002896,3000,2023-12-21
2023-12-22,15:00,SELL,1000,14.32,14305.68,12.295896800000001,0.0,0.0,14894.65926430029,2000,2023-12-22
2023-12-25,09:25,BUY,1000,14.2,14214.199999999999,5.142142,0.0,0.0,675.3171223002901,3000,2023-12-22
2023-12-25,15:00,SELL,1000,14.21,14195.79,12.2398529,0.0,0.0,14858.86726940029,2000,2023-12-25
2023-12-26,09:25,BUY,1000,14.12,14134.119999999999,5.1413412,0.0,0.0,719.6059282002916,3000,2023-12-25
2023-12-26,15:00,SELL,1000,13.87,13856.13,12.0666263,0.0,0.0,14563.66930190029,2000,2023-12-26
2023-12-27,09:25,BUY,1000,13.95,13963.949999999999,5.1396395,0.0,0.0,594.5796624002924,3000,2023-12-26
2023-12-27,15:00,SELL,1000,13.93,13916.07,12.0971957,0.0,0.0,14498.552466700292,2000,2023-12-27
2023-12-28,09:25,BUY,1000,14.19,14204.189999999999,5.1420419,0.0,0.0,289.2204248002927,3000,2023-12-27
2023-12-28,15:00,SELL,1000,14.8,14785.2,12.540452000000002,0.0,0.0,15061.879972800294,2000,2023-12-28
2023-12-29,09:25,BUY,1000,14.8,14814.8,5.148148,0.0,0.0,241.93182480029463,3000,2023-12-28
2023-12-29,15:00,SELL,1000,15.12,15104.88,12.7034888,0.0,0.0,15334.108336000294,2000,2023-12-29
2024-01-02,09:25,BUY,1000,15.0,15014.999999999998,5.15015,0.0,0.0,313.95818600029634,3000,2023-12-29
2024-01-02,15:00,SELL,1000,14.2,14185.8,12.234758,0.0,0.0,14487.523428000295,2000,2024-01-02
2024-01-03,09:25,BUY,1000,14.11,14124.109999999999,5.1412411,0.0,0.0,358.2721869002962,3000,2024-01-02
2024-01-03,15:00,SELL,1000,13.88,13866.12,12.0717212,0.0,0.0,14212.320465700297,2000,2024-01-03
2024-01-04,09:25,BUY,1000,13.78,13793.779999999999,5.1379377999999996,0.0,0.0,413.4025279002981,3000,2024-01-03
2024-01-04,15:00,SELL,1000,13.47,13456.53,11.8628303,0.0,0.0,13858.069697600298,2000,2024-01-04
2024-01-05,09:25,BUY,1000,13.45,13463.449999999999,5.1346345,0.0,0.0,389.48506310029916,3000,2024-01-04
2024-01-05,15:00,SELL,1000,13.3,13286.7,11.776217,0.0,0.0,13664.4088461003,2000,2024-01-05
2024-01-08,09:25,BUY,1000,13.24,13253.239999999998,5.1325324,0.0,0.0,406.0363137003005,3000,2024-01-05
2024-01-08,15:00,SELL,1000,13.08,13066.92,11.664129200000001,0.0,0.0,13461.2921845003,2000,2024-01-08
2024-01-09,09:25,BUY,1000,13.33,13343.329999999998,5.1334333,0.0,0.0,112.82875120030258,3000,2024-01-08
2024-01-09,15:00,SELL,1000,13.19,13176.81,11.7201731,0.0,0.0,13277.918578100302,2000,2024-01-09
2024-01-10,09:25,BUY,1000,13.08,13093.079999999998,5.1309308,0.0,0.0,179.7076473003035,3000,2024-01-09
2024-01-10,15:00,SELL,1000,12.91,12897.09,11.577515900000002,0.0,0.0,13065.220131400303,2000,2024-01-10
2024-01-11,09:25,BUY,1000,12.96,12972.96,5.1297296,0.0,0.0,87.13040180030475,3000,2024-01-10
2024-01-11,15:00,SELL,1000,13.15,13136.85,11.699793500000002,0.0,0.0,13212.280608300305,2000,2024-01-11
2024-01-12,09:25,BUY,1000,13.0,13012.999999999998,5.13013,0.0,0.0,194.15047830030744,3000,2024-01-11
2024-01-12,15:00,SELL,1000,12.86,12847.14,11.5520414,0.0,0.0,13029.738436900307,2000,2024-01-12
2024-01-15,09:25,BUY,1000,12.8,12812.8,5.128128,0.0,0.0,211.81030890030706,3000,2024-01-12
2024-01-15,15:00,SELL,1000,12.72,12707.28,11.480712800000001,0.0,0.0,12907.609596100308,2000,2024-01-15
2024-01-16,09:25,BUY,1000,12.64,12652.64,5.1265264,0.0,0.0,249.84306970030957,3000,2024-01-15
2024-01-16,15:00,SELL,1000,12.91,12897.09,11.577515900000002,0.0,0.0,13135.35555380031,2000,2024-01-16
2024-01-17,09:25,BUY,1000,12.87,12882.869999999999,5.1288287,0.0,0.0,247.35672510030963,3000,2024-01-16
2024-01-17,15:00,SELL,1000,12.68,12667.32,11.4603332,0.0,0.0,12903.216391900309,2000,2024-01-17
2024-01-18,09:25,BUY,1000,12.68,12692.679999999998,5.1269268,0.0,0.0,205.40946510031063,3000,2024-01-17
2024-01-18,15:00,SELL,1000,13.71,13696.29,11.985107900000001,0.0,0.0,13889.714357200311,2000,2024-01-18
2024-01-19,09:25,BUY,1000,13.84,13853.839999999998,5.1385384,0.0,0.0,30.7358188003127,3000,2024-01-18
2024-01-19,15:00,SELL,1000,14.2,14185.8,12.234758,0.0,0.0,14204.301060800311,2000,2024-01-19
2024-01-22,09:25,BUY,1000,14.71,14724.71,5.1472471,0.0,525.5561862996874,0.0,3000,2024-01-19
2024-01-22,15:00,SELL,1000,14.4,14385.6,12.336656000000001,0.0,0.0,14373.263344,2000,2024-01-22
2024-01-23,09:25,BUY,1000,14.05,14064.05,5.1406405,0.0,0.0,304.0727035000018,3000,2024-01-22
2024-01-23,15:00,SELL,1000,14.5,14485.5,12.387605,0.0,0.0,14777.185098500002,2000,2024-01-23
2024-01-24,09:25,BUY,1000,14.62,14634.619999999999,5.1463462,0.0,0.0,137.4187523000037,3000,2024-01-23
2024-01-24,15:00,SELL,1000,14.5,14485.5,12.387605,0.0,0.0,14610.531147300004,2000,2024-01-24
2024-01-25,09:25,BUY,1000,14.45,14464.449999999999,5.1446445,0.0,0.0,140.93650280000475,3000,2024-01-24
2024-01-25,15:00,SELL,1000,15.08,15064.92,12.6831092,0.0,0.0,15193.173393600006,2000,2024-01-25
2024-01-26,09:25,BUY,1000,14.83,14844.829999999998,5.1484483,0.0,0.0,343.194945300007,3000,2024-01-25
2024-01-26,15:00,SELL,1000,14.41,14395.59,12.341750900000001,0.0,0.0,14726.443194400008,2000,2024-01-26
2024-01-29,09:25,BUY,1000,14.22,14234.219999999998,5.1423422,0.0,0.0,487.08085220000976,3000,2024-01-26
2024-01-29,15:00,SELL,1000,13.59,13576.41,11.9239691,0.0,0.0,14051.56688310001,2000,2024-01-29
2024-01-30,09:25,BUY,1000,13.55,13563.55,5.1356355,0.0,0.0,482.8812476000094,3000,2024-01-29
2024-01-30,15:00,SELL,1000,13.5,13486.5,11.878115000000001,0.0,0.0,13957.50313260001,2000,2024-01-30
2024-01-31,09:25,BUY,1000,13.3,13313.3,5.133133,0.0,0.0,639.0699996000112,3000,2024-01-30
2024-01-31,15:00,SELL,1000,13.31,13296.69,11.7813119,0.0,0.0,13923.978687700012,2000,2024-01-31
2024-02-01,09:25,BUY,1000,13.13,13143.13,5.1314313,0.0,0.0,775.717256400012,3000,2024-01-31
2024-02-01,15:00,SELL,1000,14.56,14545.44,12.418174400000002,0.0,0.0,15308.739082000013,2000,2024-02-01
2024-02-02,09:25,BUY,1000,14.54,14554.539999999999,5.1455454,0.0,0.0,749.0535366000131,3000,2024-02-01
2024-02-02,15:00,SELL,1000,13.92,13906.08,12.0921008,0.0,0.0,14643.041435800013,2000,2024-02-02
2024-02-05,09:25,BUY,1000,13.88,13893.88,5.1389388,0.0,0.0,744.0224970000127,3000,2024-02-02
2024-02-05,15:00,SELL,1000,14.77,14755.23,12.5251673,0.0,0.0,15486.727329700012,2000,2024-02-05
2024-02-06,09:25,BUY,1000,14.3,14314.3,5.143143,0.0,0.0,1167.2841867000134,3000,2024-02-05
2024-02-06,15:00,SELL,1000,15.53,15514.47,12.912379699999999,0.0,0.0,16668.84180700001,2000,2024-02-06
2024-02-07,09:25,BUY,1000,15.27,15285.269999999999,5.1528527,0.0,0.0,1378.4189543000139,3000,2024-02-06
2024-02-07,15:00,SELL,1000,15.3,15284.7,12.795197000000002,0.0,0.0,16650.323757300015,2000,2024-02-07
2024-02-08,09:25,BUY,1000,15.5,15515.499999999998,5.155155,0.0,0.0,1129.6686023000166,3000,2024-02-07
2024-02-08,15:00,SELL,1000,15.7,15684.3,12.998993,0.0,0.0,16800.969609300017,2000,2024-02-08
2024-02-19,09:25,BUY,1000,16.7,16716.699999999997,5.167167,0.0,0.0,79.1024423000199,3000,2024-02-08
2024-02-19,15:00,SELL,1000,17.27,17252.73,13.7988923,0.0,0.0,17318.03355000002,2000,2024-02-19
2024-02-20,09:25,BUY,1000,17.9,17917.899999999998,5.179179,0.0,605.0456289999784,0.0,3000,2024-02-19
2024-02-20,15:00,SELL,1000,18.49,18471.51,14.4204701,0.0,0.0,18457.089529899997,2000,2024-02-20
2024-02-21,09:25,BUY,1000,17.73,17747.73,5.1774773,0.0,0.0,704.1820525999974,3000,2024-02-20
2024-02-21,15:00,SELL,1000,17.55,17532.45,13.9415495,0.0,0.0,18222.6905031,2000,2024-02-21
2024-02-22,09:25,BUY,1000,18.25,18268.249999999996,5.1826825,0.0,50.74217939999653,0.0,3000,2024-02-21
2024-02-22,15:00,SELL,1000,18.19,18171.81,14.267623100000002,0.0,0.0,18157.5423769,2000,2024-02-22
2024-02-23,09:25,BUY,1000,18.82,18838.82,5.1883882,0.0,686.4660112999991,0.0,3000,2024-02-22
2024-02-23,15:00,SELL,1000,18.17,18151.83,14.257433300000002,0.0,0.0,18137.5725667,2000,2024-02-23
2024-02-26,09:25,BUY,1000,17.6,17617.6,5.176176,0.0,0.0,514.7963907000012,3000,2024-02-23
2024-02-26,15:00,SELL,1000,17.67,17652.33,14.0026883,0.0,0.0,18153.123702400004,2000,2024-02-26
2024-02-27,09:25,BUY,1000,17.59,17607.589999999997,5.1760759,0.0,0.0,540.3576265000083,3000,2024-02-26
2024-02-27,15:00,SELL,1000,19.33,19310.67,14.8484417,0.0,0.0,19836.179184800007,2000,2024-02-27
2024-02-28,09:25,BUY,1000,19.05,19069.05,5.1906905,0.0,0.0,761.9384943000077,3000,2024-02-27
2024-02-28,15:00,SELL,1000,18.2,18181.8,14.272718000000001,0.0,0.0,18929.465776300007,2000,2024-02-28
2024-02-29,09:25,BUY,1000,18.16,18178.159999999996,5.1817816,0.0,0.0,746.1239947000104,3000,2024-02-28
2024-02-29,15:00,SELL,1000,18.69,18671.31,14.522368100000001,0.0,0.0,19402.911626600013,2000,2024-02-29
2024-03-01,09:25,BUY,1000,19.05,19069.05,5.1906905,0.0,0.0,328.67093610001393,3000,2024-02-29
2024-03-01,15:00,SELL,1000,20.02,19999.98,15.1999898,0.0,0.0,20313.450946300014,2000,2024-03-01
2024-03-04,09:25,BUY,1000,20.8,20820.8,5.208208,0.0,512.5572616999852,0.0,3000,2024-03-01
2024-03-04,15:00,SELL,1000,22.02,21997.98,16.2189698,0.0,0.0,21981.7610302,2000,2024-03-04
2024-03-05,09:25,BUY,1000,21.7,21721.699999999997,5.217217,0.0,0.0,254.84381320000102,3000,2024-03-04
2024-03-05,15:00,SELL,1000,22.75,22727.25,16.5908975,0.0,0.0,22965.502915700003,2000,2024-03-05
2024-03-06,09:25,BUY,1000,22.07,22092.069999999996,5.2209207,0.0,0.0,868.2119950000051,3000,2024-03-05
2024-03-06,15:00,SELL,1000,22.01,21987.99,16.2138749,0.0,0.0,22839.988120100006,2000,2024-03-06
2024-03-07,09:25,BUY,1000,22.47,22492.469999999998,5.2249247,0.0,0.0,342.2931954000087,3000,2024-03-06
2024-03-07,15:00,SELL,1000,22.61,22587.39,16.519568900000003,0.0,0.0,22913.16362650001,2000,2024-03-07
2024-03-08,09:25,BUY,1000,23.1,23123.1,5.231231,0.0,215.16760449999128,0.0,3000,2024-03-07
2024-03-08,15:00,SELL,1000,24.87,24845.13,17.6710163,0.0,0.0,24827.458983700002,2000,2024-03-08
2024-03-11,09:25,BUY,1000,23.68,23703.679999999997,5.2370368,0.0,0.0,1118.5419469000044,3000,2024-03-08
2024-03-11,15:00,SELL,1000,25.82,25794.18,18.155031800000003,0.0,0.0,26894.566915100004,2000,2024-03-11
2024-03-12,09:25,BUY,1000,25.26,25285.26,5.2528526,0.0,0.0,1604.0540625000067,3000,2024-03-11
2024-03-12,15:00,SELL,1000,24.8,24775.2,17.635352,0.0,0.0,26361.618710500006,2000,2024-03-12
2024-03-13,09:25,BUY,1000,25.54,25565.539999999997,5.2556554,0.0,0.0,790.8230551000088,3000,2024-03-12
2024-03-13,15:00,SELL,1000,24.35,24325.65,17.4060815,0.0,0.0,25099.06697360001,2000,2024-03-13
2024-03-14,09:25,BUY,1000,22.77,22792.769999999997,5.2279277,0.0,0.0,2301.0690459000107,3000,2024-03-13
2024-03-14,15:00,SELL,1000,22.85,22827.15,16.6418465,0.0,0.0,25111.577199400013,2000,2024-03-14
2024-03-15,09:25,BUY,1000,22.49,22512.489999999998,5.2251249,0.0,0.0,2593.8620745000153,3000,2024-03-14
2024-03-15,15:00,SELL,1000,23.08,23056.92,16.7590292,0.0,0.0,25634.023045300015,2000,2024-03-15
2024-03-18,09:25,BUY,1000,23.45,23473.449999999997,5.2347345,0.0,0.0,2155.338310800016,3000,2024-03-15
2024-03-18,15:00,SELL,1000,25.01,24984.99,17.7423449,0.0,0.0,27122.585965900016,2000,2024-03-18
2024-03-19,09:25,BUY,1000,24.4,24424.399999999998,5.244244,0.0,0.0,2692.941721900017,3000,2024-03-18
2024-03-19,15:00,SELL,1000,25.51,25484.49,17.997089900000002,0.0,0.0,28159.43463200002,2000,2024-03-19
2024-03-20,09:25,BUY,1000,25.3,25325.299999999996,5.253253,0.0,0.0,2828.881379000024,3000,2024-03-19
2024-03-20,15:00,SELL,1000,25.08,25054.92,17.7780092,0.0,0.0,27866.023369800023,2000,2024-03-20
2024-03-21,09:25,BUY,1000,25.08,25105.079999999998,5.2510508,0.0,0.0,2755.6923190000234,3000,2024-03-20
2024-03-21,15:00,SELL,1000,24.99,24965.01,17.7321551,0.0,0.0,27702.970163900023,2000,2024-03-21
2024-03-22,09:25,BUY,1000,24.82,24844.819999999996,5.2484482,0.0,0.0,2852.901715700027,3000,2024-03-21
2024-03-22,15:00,SELL,1000,24.43,24405.57,17.446840700000003,0.0,0.0,27241.02487500003,2000,2024-03-22
2024-03-25,09:25,BUY,1000,24.85,24874.85,5.2487485,0.0,0.0,2360.9261265000314,3000,2024-03-22
2024-03-25,15:00,SELL,1000,23.91,23886.09,17.1819059,0.0,0.0,26229.83422060003,2000,2024-03-25
2024-03-26,09:25,BUY,1000,24.0,24023.999999999996,5.24024,0.0,0.0,2200.593980600035,3000,2024-03-25
2024-03-26,15:00,SELL,1000,23.73,23706.27,17.0901977,0.0,0.0,25889.773782900036,2000,2024-03-26
2024-03-27,09:25,BUY,1000,23.37,23393.37,5.2339337,0.0,0.0,2491.169849200036,3000,2024-03-26
2024-03-27,15:00,SELL,1000,22.41,22387.59,16.4176709,0.0,0.0,24862.342178300038,2000,2024-03-27
2024-03-28,09:25,BUY,1000,22.42,22442.42,5.2244242,0.0,0.0,2414.697754100038,3000,2024-03-27
2024-03-28,15:00,SELL,1000,23.45,23426.55,16.947540500000002,0.0,0.0,25824.300213600036,2000,2024-03-28
2024-03-29,09:25,BUY,1000,23.14,23163.139999999996,5.2316314,0.0,0.0,2655.9285822000384,3000,2024-03-28
2024-03-29,15:00,SELL,1000,22.77,22747.23,16.601087300000003,0.0,0.0,25386.557494900037,2000,2024-03-29
2024-04-01,09:25,BUY,1000,22.9,22922.899999999998,5.229229,0.0,0.0,2458.4282659000382,3000,2024-03-29
2024-04-01,15:00,SELL,1000,23.31,23286.69,16.8762119,0.0,0.0,25728.24205400004,2000,2024-04-01
2024-04-02,09:25,BUY,1000,23.24,23263.239999999998,5.2326324,0.0,0.0,2459.769421600042,3000,2024-04-01
2024-04-02,15:00,SELL,1000,22.9,22877.1,16.667321,0.0,0.0,25320.20210060004,2000,2024-04-02
2024-04-03,09:25,BUY,1000,22.7,22722.699999999997,5.227227,0.0,0.0,2592.274873600043,3000,2024-04-02
2024-04-03,15:00,SELL,1000,21.92,21898.08,16.1680208,0.0,0.0,24474.186852800045,2000,2024-04-03
2024-04-08,09:25,BUY,1000,21.7,21721.699999999997,5.217217,0.0,0.0,2747.2696358000467,3000,2024-04-03
2024-04-08,15:00,SELL,1000,22.0,21978.0,16.20878,0.0,0.0,24709.060855800046,2000,2024-04-08
2024-04-09,09:25,BUY,1000,22.15,22172.149999999998,5.2217215,0.0,0.0,2531.68913430005,3000,2024-04-08
2024-04-09,15:00,SELL,1000,21.89,21868.11,16.1527361,0.0,0.0,24383.64639820005,2000,2024-04-09
2024-04-10,09:25,BUY,1000,21.69,21711.69,5.2171169,0.0,0.0,2666.7392813000515,3000,2024-04-09
2024-04-10,15:00,SELL,1000,21.1,21078.9,15.750239000000002,0.0,0.0,23729.889042300052,2000,2024-04-10
2024-04-11,09:25,BUY,1000,21.23,21251.229999999996,5.2125123,0.0,0.0,2473.4465300000556,3000,2024-04-10
2024-04-11,15:00,SELL,1000,21.25,21228.75,15.826662500000001,0.0,0.0,23686.369867500056,2000,2024-04-11
2024-04-12,09:25,BUY,1000,21.8,21821.8,5.218218,0.0,0.0,1859.351649500055,3000,2024-04-11
2024-04-12,15:00,SELL,1000,22.26,22237.74,16.3412474,0.0,0.0,24080.750402100057,2000,2024-04-12
2024-04-15,09:25,BUY,1000,21.88,21901.879999999997,5.2190188,0.0,0.0,2173.651383300061,3000,2024-04-12
2024-04-15,15:00,SELL,1000,22.24,22217.76,16.3310576,0.0,0.0,24375.08032570006,2000,2024-04-15
2024-04-16,09:25,BUY,1000,21.53,21551.53,5.2155153,0.0,0.0,2818.3348104000615,3000,2024-04-15
2024-04-16,15:00,SELL,1000,21.81,21788.19,16.111976900000002,0.0,0.0,24590.41283350006,2000,2024-04-16
2024-04-17,09:25,BUY,1000,22.5,22522.499999999996,5.225225,0.0,0.0,2062.687608500066,3000,2024-04-16
2024-04-17,15:00,SELL,1000,22.5,22477.5,16.463525,0.0,0.0,24523.724083500067,2000,2024-04-17
2024-04-18,09:25,BUY,1000,21.86,21881.859999999997,5.2188186,0.0,0.0,2636.645264900071,3000,2024-04-17
2024-04-18,15:00,SELL,1000,22.9,22877.1,16.667321,0.0,0.0,25497.07794390007,2000,2024-04-18
2024-04-19,09:25,BUY,1000,22.41,22432.409999999996,5.2243241,0.0,0.0,3059.443619800073,3000,2024-04-18
2024-04-19,15:00,SELL,1000,22.05,22027.95,16.2342545,0.0,0.0,25071.159365300075,2000,2024-04-19
2024-04-22,09:25,BUY,1000,20.38,20400.379999999997,5.2040038,0.0,0.0,4665.575361500076,3000,2024-04-19
2024-04-22,15:00,SELL,1000,20.84,20819.16,15.617771600000001,0.0,0.0,25469.117589900077,2000,2024-04-22
2024-04-23,09:25,BUY,1000,21.05,21071.05,5.2107105,0.0,0.0,4392.8568794000785,3000,2024-04-22
2024-04-23,15:00,SELL,1000,20.59,20569.41,15.490399100000001,0.0,0.0,24946.77648030008,2000,2024-04-23
2024-04-24,09:25,BUY,1000,21.02,21041.019999999997,5.2104102,0.0,0.0,3900.546070100081,3000,2024-04-23
2024-04-24,15:00,SELL,1000,22.24,22217.76,16.3310576,0.0,0.0,26101.97501250008,2000,2024-04-24
2024-04-25,09:25,BUY,1000,21.66,21681.659999999996,5.2168166,0.0,0.0,4415.098195900082,3000,2024-04-24
2024-04-25,15:00,SELL,1000,22.19,22167.81,16.3055831,0.0,0.0,26566.602612800085,2000,2024-04-25
2024-04-26,09:25,BUY,1000,23.22,23243.219999999998,5.2324322,0.0,0.0,3318.150180600089,3000,2024-04-25
2024-04-26,15:00,SELL,1000,24.41,24385.59,17.436650900000004,0.0,0.0,27686.30352970009,2000,2024-04-26
2024-04-29,09:25,BUY,1000,24.76,24784.76,5.2478476,0.0,0.0,2896.2956821000917,3000,2024-04-26
2024-04-29,15:00,SELL,1000,24.52,24495.48,17.492694800000002,0.0,0.0,27374.282987300092,2000,2024-04-29
2024-04-30,09:25,BUY,1000,25.3,25325.299999999996,5.253253,0.0,0.0,2043.7297343000973,3000,2024-04-29
2024-04-30,15:00,SELL,1000,24.5,24475.5,17.482505000000003,0.0,0.0,26501.747229300097,2000,2024-04-30
2024-05-06,09:25,BUY,1000,25.0,25024.999999999996,5.25025,0.0,0.0,1471.4969793001,3000,2024-04-30
2024-05-06,15:00,SELL,1000,24.82,24795.18,17.645541800000004,0.0,0.0,26249.0314375001,2000,2024-05-06
2024-05-07,09:25,BUY,1000,25.2,25225.199999999997,5.252252,0.0,0.0,1018.5791855001044,3000,2024-05-06
2024-05-07,15:00,SELL,1000,25.38,25354.62,17.9308562,0.0,0.0,26355.268329300103,2000,2024-05-07
2024-05-08,09:25,BUY,1000,24.74,24764.739999999998,5.2476474,0.0,0.0,1585.2806819001053,3000,2024-05-07
2024-05-08,15:00,SELL,1000,24.46,24435.54,17.4621254,0.0,0.0,26003.358556500105,2000,2024-05-08
2024-05-09,09:25,BUY,1000,24.3,24324.299999999996,5.243243,0.0,0.0,1673.8153135001085,3000,2024-05-08
2024-05-09,15:00,SELL,1000,24.22,24195.78,17.3398478,0.0,0.0,25852.255465700106,2000,2024-05-09
2024-05-10,09:25,BUY,1000,24.0,24023.999999999996,5.24024,0.0,0.0,1823.01522570011,3000,2024-05-09
2024-05-10,15:00,SELL,1000,23.92,23896.08,17.1870008,0.0,0.0,25701.90822490011,2000,2024-05-10
2024-05-13,09:25,BUY,1000,23.93,23953.929999999997,5.2395393,0.0,0.0,1742.738685600114,3000,2024-05-10
2024-05-13,15:00,SELL,1000,24.0,23976.0,17.227760000000004,0.0,0.0,25701.510925600112,2000,2024-05-13
2024-05-14,09:25,BUY,1000,24.4,24424.399999999998,5.244244,0.0,0.0,1271.8666816001132,3000,2024-05-13
2024-05-14,15:00,SELL,1000,23.8,23776.2,17.125862,0.0,0.0,25030.940819600113,2000,2024-05-14
2024-05-15,09:25,BUY,1000,23.88,23903.879999999997,5.2390388,0.0,0.0,1121.8217808001173,3000,2024-05-14
2024-05-15,15:00,SELL,1000,24.3,24275.7,17.380607,0.0,0.0,25380.14117380012,2000,2024-05-15
2024-05-16,09:25,BUY,1000,25.73,25755.729999999996,5.2575573,0.0,380.84638349987654,0.0,3000,2024-05-15
2024-05-16,15:00,SELL,1000,25.58,25554.42,18.0327542,0.0,0.0,25536.387245799997,2000,2024-05-16
2024-05-17,09:25,BUY,1000,25.2,25225.199999999997,5.252252,0.0,0.0,305.9349938000014,3000,2024-05-16
2024-05-17,15:00,SELL,1000,25.7,25674.3,18.093893,0.0,0.0,25962.1411008,2000,2024-05-17
2024-05-20,09:25,BUY,1000,25.3,25325.299999999996,5.253253,0.0,0.0,631.587847800005,3000,2024-05-17
2024-05-20,15:00,SELL,1000,26.22,26193.78,18.3588278,0.0,0.0,26807.009020000005,2000,2024-05-20
2024-05-21,09:25,BUY,1000,25.94,25965.94,5.2596594,0.0,0.0,835.8093606000075,3000,2024-05-20
2024-05-21,15:00,SELL,1000,25.72,25694.28,18.1040828,0.0,0.0,26511.985277800006,2000,2024-05-21
2024-05-22,09:25,BUY,1000,25.69,25715.69,5.2571569,0.0,0.0,791.0381209000079,3000,2024-05-21
2024-05-22,15:00,SELL,1000,25.43,25404.57,17.956330700000002,0.0,0.0,26177.65179020001,2000,2024-05-22
2024-05-23,09:25,BUY,1000,26.0,26025.999999999996,5.26026,0.0,0.0,146.39153020001322,3000,2024-05-22
2024-05-23,15:00,SELL,1000,25.62,25594.38,18.0531338,0.0,0.0,25722.718396400014,2000,2024-05-23
2024-05-24,09:25,BUY,1000,25.2,25225.199999999997,5.252252,0.0,0.0,492.2661444000187,3000,2024-05-23
2024-05-24,15:00,SELL,1000,24.15,24125.85,17.3041835,0.0,0.0,24600.811960900017,2000,2024-05-24
2024-05-27,09:25,BUY,1000,24.6,24624.6,5.246246,0.0,29.03428509998048,0.0,3000,2024-05-24
2024-05-27,15:00,SELL,1000,24.86,24835.14,17.665921400000002,0.0,0.0,24817.4740786,2000,2024-05-27
2024-05-28,09:25,BUY,1000,24.65,24674.649999999998,5.2467465,0.0,0.0,137.5773321000015,3000,2024-05-27
2024-05-28,15:00,SELL,1000,24.12,24095.88,17.288898800000002,0.0,0.0,24216.1684333,2000,2024-05-28
2024-05-29,09:25,BUY,1000,24.75,24774.749999999996,5.2477475,0.0,563.8293141999966,0.0,3000,2024-05-28
2024-05-29,15:00,SELL,1000,24.21,24185.79,17.3347529,0.0,0.0,24168.455247100002,2000,2024-05-29
2024-05-30,09:25,BUY,1000,24.0,24023.999999999996,5.24024,0.0,0.0,139.21500710000691,3000,2024-05-29
2024-05-30,15:00,SELL,1000,23.94,23916.06,17.1971906,0.0,0.0,24038.07781650001,2000,2024-05-30
2024-05-31,09:25,BUY,1000,23.67,23693.67,5.2369367,0.0,0.0,339.1708798000109,3000,2024-05-30
2024-05-31,15:00,SELL,1000,22.91,22887.09,16.6724159,0.0,0.0,23209.58846390001,2000,2024-05-31
2024-06-03,09:25,BUY,1000,22.91,22932.909999999996,5.2293291,0.0,0.0,271.4491348000156,3000,2024-05-31
2024-06-03,15:00,SELL,1000,23.87,23846.13,17.161526300000002,0.0,0.0,24100.417608500018,2000,2024-06-03
2024-06-04,09:25,BUY,1000,23.87,23893.87,5.2389387,0.0,0.0,201.30866980001883,3000,2024-06-03
2024-06-04,15:00,SELL,1000,23.79,23766.21,17.120767100000002,0.0,0.0,23950.397902700017,2000,2024-06-04
2024-06-05,09:25,BUY,1000,23.67,23693.67,5.2369367,0.0,0.0,251.4909660000194,3000,2024-06-04
2024-06-05,15:00,SELL,1000,23.7,23676.3,17.074913000000002,0.0,0.0,23910.71605300002,2000,2024-06-05
2024-06-06,09:25,BUY,1000,24.88,24904.879999999997,5.2490488,0.0,999.4129957999794,0.0,3000,2024-06-05
2024-06-06,15:00,SELL,1000,26.07,26043.93,18.282404300000003,0.0,0.0,26025.6475957,2000,2024-06-06
2024-06-07,09:25,BUY,1000,25.85,25875.85,5.2587585,0.0,0.0,144.53883720000158,3000,2024-06-06
2024-06-07,15:00,SELL,1000,24.53,24505.47,17.497789700000002,0.0,0.0,24632.511047500004,2000,2024-06-07
2024-06-11,09:25,BUY,1000,24.5,24524.499999999996,5.245245,0.0,0.0,102.76580250000916,3000,2024-06-07
2024-06-11,15:00,SELL,1000,24.21,24185.79,17.3347529,0.0,0.0,24271.22104960001,2000,2024-06-11
2024-06-12,09:25,BUY,1000,24.55,24574.549999999996,5.2457455,0.0,308.57469589998436,0.0,3000,2024-06-11
2024-06-12,15:00,SELL,1000,24.37,24345.63,17.416271300000002,0.0,0.0,24328.2137287,2000,2024-06-12
2024-06-13,09:25,BUY,1000,24.8,24824.799999999996,5.248248,0.0,501.834519299995,0.0,3000,2024-06-12
2024-06-13,15:00,SELL,1000,25.9,25874.1,18.195791,0.0,0.0,25855.904209,2000,2024-06-13
2024-06-14,09:25,BUY,1000,26.05,26076.049999999996,5.2607605,0.0,225.40655149999657,0.0,3000,2024-06-13
2024-06-14,15:00,SELL,1000,27.23,27202.77,18.873412700000003,0.0,0.0,27183.8965873,2000,2024-06-14
2024-06-17,09:25,BUY,1000,27.07,27097.069999999996,5.2709707,0.0,0.0,81.55561660000603,3000,2024-06-14
2024-06-17,15:00,SELL,1000,27.51,27482.49,19.0160699,0.0,0.0,27545.029546700007,2000,2024-06-17
2024-06-18,09:25,BUY,1000,27.53,27557.529999999995,5.2755753,0.0,17.776028599986603,0.0,3000,2024-06-17
2024-06-18,15:00,SELL,1000,28.62,28591.38,19.581603800000003,0.0,0.0,28571.7983962,2000,2024-06-18
2024-06-19,09:25,BUY,1000,29.19,29219.189999999995,5.2921919,0.0,652.6837956999952,0.0,3000,2024-06-18
2024-06-19,15:00,SELL,1000,28.47,28441.53,19.5051803,0.0,0.0,28422.0248197,2000,2024-06-19
2024-06-20,09:25,BUY,1000,28.47,28498.469999999998,5.2849847,0.0,81.73016499999721,0.0,3000,2024-06-19
2024-06-20,15:00,SELL,1000,28.61,28581.39,19.5765089,0.0,0.0,28561.813491099998,2000,2024-06-20
2024-06-21,09:25,BUY,1000,27.5,27527.499999999996,5.275275,0.0,0.0,1029.0382161000016,3000,2024-06-20
2024-06-21,15:00,SELL,1000,28.47,28441.53,19.5051803,0.0,0.0,29451.0630358,2000,2024-06-21
2024-06-24,09:25,BUY,1000,27.8,27827.799999999996,5.278278,0.0,0.0,1617.9847578000044,3000,2024-06-21
2024-06-24,15:00,SELL,1000,27.55,27522.45,19.036449500000003,0.0,0.0,29121.398308300006,2000,2024-06-24
2024-06-25,09:25,BUY,1000,26.76,26786.76,5.2678676,0.0,0.0,2329.3704407000077,3000,2024-06-24
2024-06-25,15:00,SELL,1000,26.44,26413.56,18.4709156,0.0,0.0,28724.45952510001,2000,2024-06-25
2024-06-26,09:25,BUY,1000,27.12,27147.119999999995,5.2714712,0.0,0.0,1572.0680539000132,3000,2024-06-25
2024-06-26,15:00,SELL,1000,27.17,27142.83,18.842843300000002,0.0,0.0,28696.055210600014,2000,2024-06-26
2024-06-27,09:25,BUY,1000,26.67,26696.67,5.2669667,0.0,0.0,1994.118243900015,3000,2024-06-26
2024-06-27,15:00,SELL,1000,26.81,26783.19,18.6594269,0.0,0.0,28758.648817000012,2000,2024-06-27
2024-06-28,09:25,BUY,1000,26.7,26726.699999999997,5.267267,0.0,0.0,2026.6815500000157,3000,2024-06-27
2024-06-28,15:00,SELL,1000,27.4,27372.6,18.960026,0.0,0.0,29380.321524000014,2000,2024-06-28
2024-07-01,09:25,BUY,1000,27.41,27437.409999999996,5.2743741,0.0,0.0,1937.637149900016,3000,2024-06-28
2024-07-01,15:00,SELL,1000,28.0,27972.0,19.26572,0.0,0.0,29890.371429900017,2000,2024-07-01
2024-07-02,09:25,BUY,1000,27.75,27777.749999999996,5.2777775,0.0,0.0,2107.343652400021,3000,2024-07-01
2024-07-02,15:00,SELL,1000,27.36,27332.64,18.9396464,0.0,0.0,29421.044006000022,2000,2024-07-02
2024-07-03,09:25,BUY,1000,27.15,27177.149999999998,5.2717715,0.0,0.0,2238.622234500024,3000,2024-07-02
2024-07-03,15:00,SELL,1000,27.38,27352.62,18.9498362,0.0,0.0,29572.292398300022,2000,2024-07-03
2024-07-04,09:25,BUY,1000,27.75,27777.749999999996,5.2777775,0.0,0.0,1789.264620800026,3000,2024-07-03
2024-07-04,15:00,SELL,1000,27.27,27242.73,18.8937923,0.0,0.0,29013.100828500024,2000,2024-07-04
2024-07-05,09:25,BUY,1000,27.0,27026.999999999996,5.27027,0.0,0.0,1980.830558500027,3000,2024-07-04
2024-07-05,15:00,SELL,1000,27.08,27052.92,18.7969892,0.0,0.0,29014.953569300025,2000,2024-07-05
2024-07-08,09:25,BUY,1000,26.87,26896.869999999995,5.2689687,0.0,0.0,2112.8146006000316,3000,2024-07-05
2024-07-08,15:00,SELL,1000,26.96,26933.04,18.735850400000004,0.0,0.0,29027.118750200032,2000,2024-07-08
2024-07-09,09:25,BUY,1000,27.1,27127.1,5.271271,0.0,0.0,1894.747479200032,3000,2024-07-08
2024-07-09,15:00,SELL,1000,29.0,28971.0,19.77521,0.0,0.0,30845.972269200032,2000,2024-07-09
2024-07-10,09:25,BUY,1000,29.0,29028.999999999996,5.29029,0.0,0.0,1811.6819792000351,3000,2024-07-09
2024-07-10,15:00,SELL,1000,28.95,28921.05,19.7497355,0.0,0.0,30712.982243700033,2000,2024-07-10
2024-07-11,09:25,BUY,1000,29.45,29479.449999999997,5.2947945,0.0,0.0,1228.2374492000345,3000,2024-07-10
2024-07-11,15:00,SELL,1000,28.76,28731.24,19.652932400000005,0.0,0.0,29939.824516800036,2000,2024-07-11
2024-07-12,09:25,BUY,1000,27.65,27677.649999999998,5.2767765,0.0,0.0,2256.897740300039,3000,2024-07-11
2024-07-12,15:00,SELL,1000,27.26,27232.74,18.8886974,0.0,0.0,29470.74904290004,2000,2024-07-12
2024-07-15,09:25,BUY,1000,27.15,27177.149999999998,5.2717715,0.0,0.0,2288.3272714000414,3000,2024-07-12
2024-07-15,15:00,SELL,1000,26.96,26933.04,18.735850400000004,0.0,0.0,29202.631421000042,2000,2024-07-15
2024-07-16,09:25,BUY,1000,26.96,26986.959999999995,5.2698696,0.0,0.0,2210.4015514000457,3000,2024-07-15
2024-07-16,15:00,SELL,1000,27.46,27432.54,18.990595400000004,0.0,0.0,29623.950956000048,2000,2024-07-16
2024-07-17,09:25,BUY,1000,27.06,27087.059999999998,5.2708706,0.0,0.0,2531.620085400049,3000,2024-07-16
2024-07-17,15:00,SELL,1000,25.95,25924.05,18.2212655,0.0,0.0,28437.448819900048,2000,2024-07-17
2024-07-18,09:25,BUY,1000,24.82,24844.819999999996,5.2484482,0.0,0.0,3587.380371700052,3000,2024-07-17
2024-07-18,15:00,SELL,1000,25.41,25384.59,17.946140900000003,0.0,0.0,28954.024230800052,2000,2024-07-18
2024-07-19,09:25,BUY,1000,24.97,24994.969999999998,5.2499497,0.0,0.0,3953.804281100056,3000,2024-07-18
2024-07-19,15:00,SELL,1000,24.66,24635.34,17.564023400000004,0.0,0.0,28571.580257700058,2000,2024-07-19
2024-07-22,09:25,BUY,1000,24.49,24514.489999999998,5.2451449,0.0,0.0,4051.8451128000597,3000,2024-07-19
2024-07-22,15:00,SELL,1000,24.91,24885.09,17.691395900000003,0.0,0.0,28919.24371690006,2000,2024-07-22
2024-07-23,09:25,BUY,1000,25.35,25375.35,5.2537535,0.0,0.0,3538.639963400059,3000,2024-07-22
2024-07-23,15:00,SELL,1000,24.54,24515.46,17.5028846,0.0,0.0,28036.59707880006,2000,2024-07-23
2024-07-24,09:25,BUY,1000,24.4,24424.399999999998,5.244244,0.0,0.0,3606.9528348000604,3000,2024-07-23
2024-07-24,15:00,SELL,1000,24.3,24275.7,17.380607,0.0,0.0,27865.272227800062,2000,2024-07-24
2024-07-25,09:25,BUY,1000,23.5,23523.499999999996,5.235235,0.0,0.0,4336.5369928000655,3000,2024-07-24
2024-07-25,15:00,SELL,1000,23.2,23176.8,16.820168000000002,0.0,0.0,27496.516824800066,2000,2024-07-25
2024-07-26,09:25,BUY,1000,23.2,23223.199999999997,5.232232,0.0,0.0,4268.084592800071,3000,2024-07-25
2024-07-26,15:00,SELL,1000,23.5,23476.5,16.973015,0.0,0.0,27727.61157780007,2000,2024-07-26
2024-07-29,09:25,BUY,1000,23.4,23423.399999999998,5.234234,0.0,0.0,4298.977343800074,3000,2024-07-26
2024-07-29,15:00,SELL,1000,23.8,23776.2,17.125862,0.0,0.0,28058.051481800074,2000,2024-07-29
2024-07-30,09:25,BUY,1000,23.49,23513.489999999998,5.2351349,0.0,0.0,4539.326346900078,3000,2024-07-29
2024-07-30,15:00,SELL,1000,22.85,22827.15,16.6418465,0.0,0.0,27349.83450040008,2000,2024-07-30
2024-07-31,09:25,BUY,1000,22.76,22782.76,5.2278276,0.0,0.0,4561.846672800082,3000,2024-07-30
2024-07-31,15:00,SELL,1000,23.84,23816.16,17.146241600000003,0.0,0.0,28360.860431200083,2000,2024-07-31
2024-08-01,09:25,BUY,1000,24.6,24624.6,5.246246,0.0,0.0,3731.014185200085,3000,2024-07-31
2024-08-01,15:00,SELL,1000,23.97,23946.03,17.2124753,0.0,0.0,27659.831709900085,2000,2024-08-01
2024-08-02,09:25,BUY,1000,22.93,22952.929999999997,5.2295293,0.0,0.0,4701.67218060009,3000,2024-08-01
2024-08-02,15:00,SELL,1000,22.33,22307.67,16.3769117,0.0,0.0,26992.965268900087,2000,2024-08-02
2024-08-05,09:25,BUY,1000,21.1,21121.1,5.211211,0.0,0.0,5866.654057900087,3000,2024-08-02
2024-08-05,15:00,SELL,1000,20.42,20399.58,15.403785800000001,0.0,0.0,26250.830272100087,2000,2024-08-05
2024-08-06,09:25,BUY,1000,21.03,21051.03,5.2105103,0.0,0.0,5194.589761800089,3000,2024-08-05
2024-08-06,15:00,SELL,1000,20.81,20789.19,15.6024869,0.0,0.0,25968.17727490009,2000,2024-08-06
2024-08-07,09:25,BUY,1000,20.6,20620.6,5.206206,0.0,0.0,5342.371068900091,3000,2024-08-06
2024-08-07,15:00,SELL,1000,20.4,20379.6,15.393596,0.0,0.0,25706.577472900088,2000,2024-08-07
2024-08-08,09:25,BUY,1000,20.0,20019.999999999996,5.2002,0.0,0.0,5681.377272900092,3000,2024-08-07
2024-08-08,15:00,SELL,1000,20.48,20459.52,15.4343552,0.0,0.0,26125.462917700093,2000,2024-08-08
2024-08-09,09:25,BUY,1000,20.8,20820.8,5.208208,0.0,0.0,5299.454709700094,3000,2024-08-08
2024-08-09,15:00,SELL,1000,20.79,20769.21,15.5922971,0.0,0.0,26053.072412600093,2000,2024-08-09
2024-08-12,09:25,BUY,1000,20.51,20530.51,5.2053051,0.0,0.0,5517.357107500095,3000,2024-08-09
2024-08-12,15:00,SELL,1000,20.64,20619.36,15.5158736,0.0,0.0,26121.201233900094,2000,2024-08-12
2024-08-13,09:25,BUY,1000,20.85,20870.85,5.2087085,0.0,0.0,5245.142525400097,3000,2024-08-12
2024-08-13,15:00,SELL,1000,20.78,20759.22,15.587202200000002,0.0,0.0,25988.775323200098,2000,2024-08-13
2024-08-14,09:25,BUY,1000,21.2,21221.199999999997,5.212212,0.0,0.0,4762.363111200102,3000,2024-08-13
2024-08-14,15:00,SELL,1000,21.38,21358.62,15.892896200000001,0.0,0.0,26105.090215000102,2000,2024-08-14
2024-08-15,09:25,BUY,1000,20.74,20760.739999999998,5.2076074,0.0,0.0,5339.142607600104,3000,2024-08-14
2024-08-15,15:00,SELL,1000,20.66,20639.34,15.5260634,116.0,0.0,27006.956544200104,2000,2024-08-15
2024-08-16,09:25,BUY,1000,21.01,21031.01,5.2103101,0.0,0.0,5970.736234100106,3000,2024-08-15
2024-08-16,15:00,SELL,1000,21.06,21038.94,15.7298594,116.0,0.0,26877.946374700106,2000,2024-08-16
2024-08-19,09:25,BUY,1000,21.0,21020.999999999996,5.21021,0.0,0.0,5851.736164700109,3000,2024-08-16
2024-08-19,15:00,SELL,1000,20.78,20759.22,15.587202200000002,0.0,0.0,26595.36896250011,2000,2024-08-19
2024-08-20,09:25,BUY,1000,21.11,21131.109999999997,5.2113111,0.0,0.0,5459.047651400113,3000,2024-08-19
2024-08-20,15:00,SELL,1000,20.65,20629.35,15.5209685,0.0,0.0,26072.87668290011,2000,2024-08-20
2024-08-21,09:25,BUY,1000,20.3,20320.3,5.203203,0.0,0.0,5747.37347990011,3000,2024-08-20
2024-08-21,15:00,SELL,1000,20.77,20749.23,15.5821073,0.0,0.0,26481.02137260011,2000,2024-08-21
2024-08-22,09:25,BUY,1000,20.78,20800.78,5.2080078,0.0,0.0,5675.033364800111,3000,2024-08-21
2024-08-22,15:00,SELL,1000,20.39,20369.61,15.388501100000001,0.0,0.0,26029.254863700113,2000,2024-08-22
2024-08-23,09:25,BUY,1000,20.2,20220.199999999997,5.202202,0.0,0.0,5803.852661700115,3000,2024-08-22
2024-08-23,15:00,SELL,1000,20.46,20439.54,15.424165400000001,0.0,0.0,26227.968496300116,2000,2024-08-23
2024-08-26,09:25,BUY,1000,20.6,20620.6,5.206206,0.0,0.0,5602.162290300119,3000,2024-08-23
2024-08-26,15:00,SELL,1000,20.12,20099.88,15.250938800000002,0.0,0.0,25686.79135150012,2000,2024-08-26
2024-08-27,09:25,BUY,1000,20.0,20019.999999999996,5.2002,0.0,0.0,5661.591151500124,3000,2024-08-26
2024-08-27,15:00,SELL,1000,19.75,19730.25,15.0624275,0.0,0.0,25376.778724000123,2000,2024-08-27
2024-08-28,09:25,BUY,1000,19.6,19619.6,5.196196,0.0,0.0,5751.982528000124,3000,2024-08-27
2024-08-28,15:00,SELL,1000,19.77,19750.23,15.072617300000001,0.0,0.0,25487.139910700123,2000,2024-08-28
2024-08-29,09:25,BUY,1000,19.0,19018.999999999996,5.19019,0.0,0.0,6462.949720700126,3000,2024-08-28
2024-08-29,15:00,SELL,1000,19.22,19200.78,14.7923978,0.0,0.0,25648.937322900125,2000,2024-08-29
2024-08-30,09:25,BUY,1000,19.08,19099.079999999998,5.1909908,0.0,0.0,6544.666332100125,3000,2024-08-29
2024-08-30,15:00,SELL,1000,20.47,20449.53,15.429260300000001,0.0,0.0,26978.767071800125,2000,2024-08-30
2024-09-02,09:25,BUY,1000,20.37,20390.37,5.2039037,0.0,0.0,6583.193168100126,3000,2024-08-30
2024-09-02,15:00,SELL,1000,19.45,19430.55,14.9095805,0.0,0.0,25998.833587600126,2000,2024-09-02
2024-09-03,09:25,BUY,1000,19.34,19359.339999999997,5.1935934,0.0,0.0,6634.29999420013,3000,2024-09-02
2024-09-03,15:00,SELL,1000,19.44,19420.56,14.904485600000001,0.0,0.0,26039.95550860013,2000,2024-09-03
2024-09-04,09:25,BUY,1000,18.5,18518.499999999996,5.185185,0.0,0.0,7516.270323600136,3000,2024-09-03
2024-09-04,15:00,SELL,1000,18.92,18901.08,14.639550800000002,0.0,0.0,26402.71077280014,2000,2024-09-04
2024-09-05,09:25,BUY,1000,18.86,18878.859999999997,5.1887886,0.0,0.0,7518.661984200142,3000,2024-09-04
2024-09-05,15:00,SELL,1000,18.88,18861.12,14.6191712,0.0,0.0,26365.16281300014,2000,2024-09-05
2024-09-06,09:25,BUY,1000,18.87,18888.87,5.1888887,0.0,0.0,7471.103924300143,3000,2024-09-05
2024-09-06,15:00,SELL,1000,18.36,18341.64,14.3542364,0.0,0.0,25798.389687900144,2000,2024-09-06
2024-09-09,09:25,BUY,1000,18.13,18148.129999999997,5.1814813,0.0,0.0,7645.078206600148,3000,2024-09-06
2024-09-09,15:00,SELL,1000,18.6,18581.4,14.476514000000002,0.0,0.0,26212.001692600148,2000,2024-09-09
2024-09-10,09:25,BUY,1000,18.6,18618.6,5.186186,0.0,0.0,7588.215506600151,3000,2024-09-09
2024-09-10,15:00,SELL,1000,18.82,18801.18,14.588601800000001,0.0,0.0,26374.806904800153,2000,2024-09-10
2024-09-11,09:25,BUY,1000,18.72,18738.719999999998,5.1873872,0.0,0.0,7630.899517600155,3000,2024-09-10
2024-09-11,15:00,SELL,1000,18.78,18761.22,14.568222200000001,0.0,0.0,26377.551295400157,2000,2024-09-11
2024-09-12,09:25,BUY,1000,19.39,19409.39,5.1940939,0.0,0.0,6962.967201500156,3000,2024-09-11
2024-09-12,15:00,SELL,1000,18.84,18821.16,14.5987916,0.0,0.0,25769.528409900155,2000,2024-09-12
2024-09-13,09:25,BUY,1000,18.86,18878.859999999997,5.1887886,0.0,0.0,6885.479621300157,3000,2024-09-12
2024-09-13,15:00,SELL,1000,19.25,19230.75,14.8076825,0.0,0.0,26101.42193880016,2000,2024-09-13
2024-09-18,09:25,BUY,1000,19.0,19018.999999999996,5.19019,0.0,0.0,7077.231748800161,3000,2024-09-13
2024-09-18,15:00,SELL,1000,18.75,18731.25,14.5529375,0.0,0.0,25793.92881130016,2000,2024-09-18
2024-09-19,09:25,BUY,1000,18.87,18888.87,5.1888887,0.0,0.0,6899.869922600163,3000,2024-09-18
2024-09-19,15:00,SELL,1000,18.85,18831.15,14.603886500000002,0.0,0.0,25716.416036100163,2000,2024-09-19
2024-09-20,09:25,BUY,1000,19.0,19018.999999999996,5.19019,0.0,0.0,6692.225846100166,3000,2024-09-19
2024-09-20,15:00,SELL,1000,18.86,18841.14,14.608981400000001,0.0,0.0,25518.756864700164,2000,2024-09-20
2024-09-23,09:25,BUY,1000,18.65,18668.649999999998,5.1866865,0.0,0.0,6844.9201782001655,3000,2024-09-20
2024-09-23,15:00,SELL,1000,18.71,18691.29,14.5325579,0.0,0.0,25521.67762030017,2000,2024-09-23
2024-09-24,09:25,BUY,1000,18.9,18918.899999999998,5.189189,0.0,0.0,6597.58843130017,3000,2024-09-23
2024-09-24,15:00,SELL,1000,20.58,20559.42,15.4853042,0.0,0.0,27141.52312710017,2000,2024-09-24
2024-09-25,09:25,BUY,1000,21.32,21341.319999999996,5.2134132,0.0,0.0,5794.989713900173,3000,2024-09-24
2024-09-25,15:00,SELL,1000,21.07,21048.93,15.7349543,0.0,0.0,26828.184759600175,2000,2024-09-25
2024-09-26,09:25,BUY,1000,21.11,21131.109999999997,5.2113111,0.0,0.0,5691.8634485001785,3000,2024-09-25
2024-09-26,15:00,SELL,1000,21.66,21638.34,16.0355534,0.0,0.0,27314.167895100178,2000,2024-09-26
2024-09-27,09:25,BUY,1000,22.02,22042.019999999997,5.2204202,0.0,0.0,5266.927474900182,3000,2024-09-26
2024-09-27,15:00,SELL,1000,23.0,22977.0,16.71827,0.0,0.0,28227.20920490018,2000,2024-09-27
2024-09-30,09:25,BUY,1000,24.3,24324.299999999996,5.243243,0.0,0.0,3897.665961900184,3000,2024-09-27
2024-09-30,15:00,SELL,1000,25.19,25164.81,17.834053100000002,0.0,0.0,29044.641908800186,2000,2024-09-30
2024-10-08,15:00,SELL,1000,27.71,27682.29,19.117967900000004,0.0,0.0,56707.81394090019,1000,2024-10-08
2024-10-09,09:25,BUY,1000,27.7,27727.699999999997,5.277277,0.0,0.0,28974.83666390019,2000,2024-09-30
2024-10-09,09:25,BUY,1000,27.7,27727.699999999997,5.277277,0.0,0.0,1241.8593869001925,3000,2024-10-08
2024-10-09,15:00,SELL,1000,26.0,25974.0,18.246740000000003,0.0,0.0,27197.612646900194,2000,2024-10-09
2024-10-10,09:25,BUY,1000,26.52,26546.519999999997,5.2654652,0.0,0.0,645.8271817001987,3000,2024-10-09
2024-10-10,15:00,SELL,1000,25.8,25774.2,18.144842,0.0,0.0,26401.882339700198,2000,2024-10-10
2024-10-11,09:25,BUY,1000,25.4,25425.399999999998,5.2542539999999995,0.0,0.0,971.2280857002006,3000,2024-10-10
2024-10-11,15:00,SELL,1000,24.59,24565.41,17.528359100000003,0.0,0.0,25519.1097266002,2000,2024-10-11
2024-10-14,09:25,BUY,1000,24.54,24564.539999999997,5.2456454,0.0,0.0,949.3240812002041,3000,2024-10-11
2024-10-14,15:00,SELL,1000,25.16,25134.84,17.818768400000003,0.0,0.0,26066.345312800204,2000,2024-10-14
2024-10-15,09:25,BUY,1000,25.19,25215.19,5.2521519,0.0,0.0,845.903160900205,3000,2024-10-14
2024-10-15,15:00,SELL,1000,24.6,24575.4,17.533454,0.0,0.0,25403.769706900206,2000,2024-10-15
2024-10-16,09:25,BUY,1000,23.61,23633.609999999997,5.2363361,0.0,0.0,1764.9233708002103,3000,2024-10-15
2024-10-16,15:00,SELL,1000,23.53,23506.47,16.9882997,0.0,0.0,25254.405071100213,2000,2024-10-16
2024-10-17,09:25,BUY,1000,23.77,23793.769999999997,5.2379377,0.0,0.0,1455.3971334002163,3000,2024-10-16
2024-10-17,15:00,SELL,1000,23.71,23686.29,17.080007900000002,0.0,0.0,25124.607125500217,2000,2024-10-17
2024-10-18,09:25,BUY,1000,23.98,24003.979999999996,5.2400398,0.0,0.0,1115.387085700222,3000,2024-10-17
2024-10-18,15:00,SELL,1000,26.08,26053.92,18.2874992,0.0,0.0,27151.01958650022,2000,2024-10-18
2024-10-21,09:25,BUY,1000,26.81,26836.809999999998,5.2683681,0.0,0.0,308.94121840022126,3000,2024-10-18
2024-10-21,15:00,SELL,1000,26.2,26173.8,18.348638,0.0,0.0,26464.39258040022,2000,2024-10-21
2024-10-22,09:25,BUY,1000,26.49,26516.489999999998,5.2651649,0.0,57.36258449977686,0.0,3000,2024-10-21
2024-10-22,15:00,SELL,1000,26.26,26233.74,18.379207400000002,0.0,0.0,26215.3607926,2000,2024-10-22
2024-10-23,09:25,BUY,1000,25.79,25815.789999999997,5.2581579,0.0,0.0,394.3126347000034,3000,2024-10-22
2024-10-23,15:00,SELL,1000,25.61,25584.39,18.0480389,0.0,0.0,25960.654595800002,2000,2024-10-23
2024-10-24,09:25,BUY,1000,25.16,25185.159999999996,5.2518516,0.0,0.0,770.242744200008,3000,2024-10-23
2024-10-24,15:00,SELL,1000,25.35,25324.65,17.915571500000002,0.0,0.0,26076.977172700008,2000,2024-10-24
2024-10-25,09:25,BUY,1000,25.39,25415.389999999996,5.2541539,0.0,0.0,656.3330188000109,3000,2024-10-24
2024-10-25,15:00,SELL,1000,25.66,25634.34,18.073513400000003,0.0,0.0,26272.599505400012,2000,2024-10-25
2024-10-28,09:25,BUY,1000,25.31,25335.309999999998,5.2533531,0.0,0.0,932.0361523000138,3000,2024-10-25
2024-10-28,15:00,SELL,1000,25.26,25234.74,17.869717400000003,0.0,0.0,26148.906434900015,2000,2024-10-28
2024-10-29,09:25,BUY,1000,25.2,25225.199999999997,5.252252,0.0,0.0,918.4541829000191,3000,2024-10-28
2024-10-29,15:00,SELL,1000,25.05,25024.95,17.7627245,0.0,0.0,25925.64145840002,2000,2024-10-29
2024-10-30,09:25,BUY,1000,24.9,24924.899999999998,5.249249,0.0,0.0,995.4922094000212,3000,2024-10-29
2024-10-30,15:00,SELL,1000,24.84,24815.16,17.655731600000003,0.0,0.0,25792.99647780002,2000,2024-10-30
2024-10-31,09:25,BUY,1000,24.5,24524.499999999996,5.245245,0.0,0.0,1263.2512328000266,3000,2024-10-30
2024-10-31,15:00,SELL,1000,24.25,24225.75,17.355132500000003,0.0,0.0,25471.646100300026,2000,2024-10-31
2024-11-01,09:25,BUY,1000,23.85,23873.85,5.2387385,0.0,0.0,1592.5573618000271,3000,2024-10-31
2024-11-01,15:00,SELL,1000,23.68,23656.32,17.064723200000003,0.0,0.0,25231.812638600026,2000,2024-11-01
2024-11-04,09:25,BUY,1000,23.78,23803.78,5.2380378,0.0,0.0,1422.7946008000254,3000,2024-11-01
2024-11-04,15:00,SELL,1000,24.33,24305.67,17.3958917,0.0,0.0,25711.06870910002,2000,2024-11-04
2024-11-05,09:25,BUY,1000,24.34,24364.339999999997,5.2436434,0.0,0.0,1341.4850657000243,3000,2024-11-04
2024-11-05,15:00,SELL,1000,24.75,24725.25,17.609877500000003,0.0,0.0,26049.125188200025,2000,2024-11-05
2024-11-06,09:25,BUY,1000,25.0,25024.999999999996,5.25025,0.0,0.0,1018.8749382000278,3000,2024-11-05
2024-11-06,15:00,SELL,1000,24.18,24155.82,17.319468200000003,0.0,0.0,25157.375470000028,2000,2024-11-06
2024-11-07,09:25,BUY,1000,23.96,23983.96,5.2398396,0.0,0.0,1168.17563040003,3000,2024-11-06
2024-11-07,15:00,SELL,1000,24.64,24615.36,17.5538336,0.0,0.0,25765.98179680003,2000,2024-11-07
2024-11-08,09:25,BUY,1000,24.9,24924.899999999998,5.249249,0.0,0.0,835.8325478000334,3000,2024-11-07
2024-11-08,15:00,SELL,1000,25.98,25954.02,18.236550200000003,0.0,0.0,26771.615997600034,2000,2024-11-08
2024-11-11,09:25,BUY,1000,25.3,25325.299999999996,5.253253,0.0,0.0,1441.0627446000399,3000,2024-11-08
2024-11-11,15:00,SELL,1000,27.01,26982.99,18.7613249,0.0,0.0,28405.291419700043,2000,2024-11-11
2024-11-12,09:25,BUY,1000,27.01,27037.01,5.2703701,0.0,0.0,1363.0110496000452,3000,2024-11-11
2024-11-12,15:00,SELL,1000,25.72,25694.28,18.1040828,0.0,0.0,27039.186966800044,2000,2024-11-12
2024-11-13,09:25,BUY,1000,25.47,25495.469999999998,5.2549547,0.0,0.0,1538.4620121000444,3000,2024-11-12
2024-11-13,15:00,SELL,1000,26.47,26443.53,18.4862003,0.0,0.0,27963.50581180004,2000,2024-11-13
2024-11-14,09:25,BUY,1000,26.58,26606.579999999998,5.2660658,0.0,0.0,1351.6597460000448,3000,2024-11-13
2024-11-14,15:00,SELL,1000,24.87,24845.13,17.6710163,0.0,0.0,26179.118729700047,2000,2024-11-14
2024-11-15,09:25,BUY,1000,24.8,24824.799999999996,5.248248,0.0,0.0,1349.0704817000515,3000,2024-11-14
2024-11-15,15:00,SELL,1000,23.92,23896.08,17.1870008,0.0,0.0,25227.963480900053,2000,2024-11-15
2024-11-18,09:25,BUY,1000,23.92,23943.92,5.2394392,0.0,0.0,1278.8040417000557,3000,2024-11-15
2024-11-18,15:00,SELL,1000,23.24,23216.76,16.8405476,0.0,0.0,24478.723494100053,2000,2024-11-18
2024-11-19,09:25,BUY,1000,23.45,23473.449999999997,5.2347345,0.0,0.0,1000.0387596000546,3000,2024-11-18
2024-11-19,15:00,SELL,1000,23.72,23696.28,17.0851028,0.0,0.0,24679.233656800054,2000,2024-11-19
2024-11-20,09:25,BUY,1000,23.7,23723.699999999997,5.237237,0.0,0.0,950.2964198000554,3000,2024-11-19
2024-11-20,15:00,SELL,1000,24.0,23976.0,17.227760000000004,0.0,0.0,24909.068659800054,2000,2024-11-20
2024-11-21,09:25,BUY,1000,23.6,23623.6,5.236236,0.0,0.0,1280.2324238000547,3000,2024-11-20
2024-11-21,15:00,SELL,1000,23.43,23406.57,16.937350700000003,0.0,0.0,24669.865073100056,2000,2024-11-21
2024-11-22,09:25,BUY,1000,23.49,23513.489999999998,5.2351349,0.0,0.0,1151.13993820006,3000,2024-11-21
2024-11-22,15:00,SELL,1000,22.84,22817.16,16.6367516,0.0,0.0,23951.66318660006,2000,2024-11-22
2024-11-25,09:25,BUY,1000,22.84,22862.839999999997,5.2286284,0.0,0.0,1083.594558200064,3000,2024-11-22
2024-11-25,15:00,SELL,1000,22.11,22087.89,16.2648239,0.0,0.0,23155.219734300063,2000,2024-11-25
2024-11-26,09:25,BUY,1000,21.89,21911.889999999996,5.2191189,0.0,0.0,1238.1106154000663,3000,2024-11-25
2024-11-26,15:00,SELL,1000,22.09,22067.91,16.2546341,0.0,0.0,23289.765981300065,2000,2024-11-26
2024-11-27,09:25,BUY,1000,21.92,21941.92,5.2194192,0.0,0.0,1342.6265621000675,3000,2024-11-26
2024-11-27,15:00,SELL,1000,22.32,22297.68,16.3718168,0.0,0.0,23623.934745300066,2000,2024-11-27
2024-11-28,09:25,BUY,1000,22.32,22342.319999999996,5.2234232,0.0,0.0,1276.3913221000694,3000,2024-11-27
2024-11-28,15:00,SELL,1000,21.85,21828.15,16.1323565,0.0,0.0,23088.408965600072,2000,2024-11-28
2024-11-29,09:25,BUY,1000,21.85,21871.85,5.2187185,0.0,0.0,1211.3402471000736,3000,2024-11-28
2024-11-29,15:00,SELL,1000,22.19,22167.81,16.3055831,0.0,0.0,23362.844664000077,2000,2024-11-29
2024-12-02,09:25,BUY,1000,22.07,22092.069999999996,5.2209207,0.0,0.0,1265.553743300079,3000,2024-11-29
2024-12-02,15:00,SELL,1000,22.56,22537.44,16.4940944,0.0,0.0,23786.499648900077,2000,2024-12-02
2024-12-03,09:25,BUY,1000,22.68,22702.679999999997,5.2270268,0.0,0.0,1078.592622100081,3000,2024-12-02
2024-12-03,15:00,SELL,1000,22.24,22217.76,16.3310576,0.0,0.0,23280.02156450008,2000,2024-12-03
2024-12-04,09:25,BUY,1000,22.25,22272.249999999996,5.2227225,0.0,0.0,1002.5488420000838,3000,2024-12-03
2024-12-04,15:00,SELL,1000,21.88,21858.12,16.147641200000002,0.0,0.0,22844.52120080008,2000,2024-12-04
2024-12-05,09:25,BUY,1000,21.92,21941.92,5.2194192,0.0,0.0,897.3817816000847,3000,2024-12-04
2024-12-05,15:00,SELL,1000,22.54,22517.46,16.483904600000002,0.0,0.0,23398.357877000082,2000,2024-12-05
2024-12-06,09:25,BUY,1000,22.54,22562.539999999997,5.2256254,0.0,0.0,830.5922516000865,3000,2024-12-05
2024-12-06,15:00,SELL,1000,22.6,22577.4,16.514474,0.0,0.0,23391.47777760009,2000,2024-12-06
2024-12-09,09:25,BUY,1000,22.62,22642.62,5.2264262,0.0,0.0,743.6313514000904,3000,2024-12-06
2024-12-09,15:00,SELL,1000,22.13,22107.87,16.275013700000002,0.0,0.0,22835.22633770009,2000,2024-12-09
2024-12-10,09:25,BUY,1000,22.61,22632.609999999997,5.2263261,0.0,0.0,197.39001160009138,3000,2024-12-09
2024-12-10,15:00,SELL,1000,22.14,22117.86,16.280108600000002,0.0,0.0,22298.969903000092,2000,2024-12-10
2024-12-11,09:25,BUY,1000,22.1,22122.1,5.221221,0.0,0.0,171.6486820000937,3000,2024-12-10
2024-12-11,15:00,SELL,1000,22.33,22307.67,16.3769117,0.0,0.0,22462.94177030009,2000,2024-12-11
2024-12-12,09:25,BUY,1000,22.37,22392.37,5.2239237,0.0,0.0,65.34784660009245,3000,2024-12-11
2024-12-12,15:00,SELL,1000,22.34,22317.66,16.3820066,0.0,0.0,22366.62584000009,2000,2024-12-12
2024-12-13,09:25,BUY,1000,22.17,22192.17,5.2219217,0.0,0.0,169.23391830009496,3000,2024-12-12
2024-12-13,15:00,SELL,1000,21.35,21328.65,15.877611500000002,0.0,0.0,21482.006306800096,2000,2024-12-13
2024-12-16,09:25,BUY,1000,21.2,21221.199999999997,5.212212,0.0,0.0,255.59409480010072,3000,2024-12-13
2024-12-16,15:00,SELL,1000,21.06,21038.94,15.7298594,0.0,0.0,21278.8042354001,2000,2024-12-16
2024-12-17,09:25,BUY,1000,20.99,21010.989999999998,5.2101099,0.0,0.0,262.6041255001037,3000,2024-12-16
2024-12-17,15:00,SELL,1000,21.6,21578.4,16.004984,0.0,0.0,21824.999141500106,2000,2024-12-17
2024-12-18,09:25,BUY,1000,21.62,21641.62,5.2164162,0.0,0.0,178.1627253001061,3000,2024-12-17
2024-12-18,15:00,SELL,1000,21.41,21388.59,15.908180900000001,0.0,0.0,21550.844544400104,2000,2024-12-18
2024-12-19,09:25,BUY,1000,21.2,21221.199999999997,5.212212,0.0,0.0,324.43233240010886,3000,2024-12-18
2024-12-19,15:00,SELL,1000,22.19,22167.81,16.3055831,0.0,0.0,22475.936749300112,2000,2024-12-19
2024-12-20,09:25,BUY,1000,22.03,22052.03,5.2205203000000004,0.0,0.0,418.6862290001118,3000,2024-12-19
2024-12-20,15:00,SELL,1000,22.02,21997.98,16.2189698,0.0,0.0,22400.44725920011,2000,2024-12-20
2024-12-23,09:25,BUY,1000,22.23,22252.229999999996,5.2225223,0.0,0.0,142.99473690011655,3000,2024-12-20
2024-12-23,15:00,SELL,1000,22.05,22027.95,16.2342545,0.0,0.0,22154.710482400118,2000,2024-12-23
2024-12-24,09:25,BUY,1000,22.11,22132.109999999997,5.2213211,0.0,0.0,17.37916130011945,3000,2024-12-23
2024-12-24,15:00,SELL,1000,23.0,22977.0,16.71827,0.0,0.0,22977.66089130012,2000,2024-12-24
2024-12-25,09:25,BUY,1000,23.03,23053.03,5.2305303,0.0,80.59963899987997,0.0,3000,2024-12-24
2024-12-25,15:00,SELL,1000,22.72,22697.28,16.575612800000002,0.0,0.0,22680.7043872,2000,2024-12-25
2024-12-26,09:25,BUY,1000,22.64,22662.639999999996,5.2266264,0.0,0.0,12.837760800004617,3000,2024-12-25
2024-12-26,15:00,SELL,1000,23.33,23306.67,16.8864017,0.0,0.0,23302.6213591,2000,2024-12-26
2024-12-27,09:25,BUY,1000,23.16,23183.159999999996,5.2318316,0.0,0.0,114.22952750000695,3000,2024-12-26
2024-12-27,15:00,SELL,1000,22.61,22587.39,16.519568900000003,0.0,0.0,22685.099958600007,2000,2024-12-27
2024-12-30,09:25,BUY,1000,22.55,22572.55,5.2257255,0.0,0.0,107.3242331000074,3000,2024-12-27
2024-12-30,15:00,SELL,1000,22.45,22427.55,16.438050500000003,0.0,0.0,22518.436182600006,2000,2024-12-30
2024-12-31,09:25,BUY,1000,22.46,22482.46,5.2248246,0.0,0.0,30.751358000004984,3000,2024-12-30
2024-12-31,15:00,SELL,1000,21.5,21478.5,15.954035000000001,0.0,0.0,21493.297323000006,2000,2024-12-31
2025-01-02,09:25,BUY,1000,21.4,21421.399999999998,5.214214,0.0,0.0,66.6831090000087,3000,2024-12-31
2025-01-02,15:00,SELL,1000,20.71,20689.29,15.551537900000001,0.0,0.0,20740.42157110001,2000,2025-01-02
2025-01-03,09:25,BUY,1000,20.64,20660.64,5.2066064,0.0,0.0,74.57496470001206,3000,2025-01-02
2025-01-03,15:00,SELL,1000,20.55,20529.45,15.470019500000001,0.0,0.0,20588.554945200012,2000,2025-01-03
2025-01-06,09:25,BUY,1000,20.79,20810.789999999997,5.2081079,0.0,227.44316269998671,0.0,3000,2025-01-03
2025-01-06,15:00,SELL,1000,20.67,20649.33,15.531158300000001,0.0,0.0,20633.7988417,2000,2025-01-06
2025-01-07,09:25,BUY,1000,20.81,20830.809999999998,5.2083081,0.0,202.21946639999442,0.0,3000,2025-01-06
2025-01-07,15:00,SELL,1000,21.25,21228.75,15.826662500000001,0.0,0.0,21212.9233375,2000,2025-01-07
2025-01-08,09:25,BUY,1000,20.9,20920.899999999998,5.209209,0.0,0.0,286.81412850000197,3000,2025-01-07
2025-01-08,15:00,SELL,1000,20.63,20609.37,15.5107787,0.0,0.0,20880.6733498,2000,2025-01-08
2025-01-09,09:25,BUY,1000,20.62,20640.62,5.2064062,0.0,0.0,234.8469436000014,3000,2025-01-08
2025-01-09,15:00,SELL,1000,20.54,20519.46,15.4649246,0.0,0.0,20738.842019,2000,2025-01-09
2025-01-10,09:25,BUY,1000,20.49,20510.489999999998,5.2051049,0.0,0.0,223.1469141000016,3000,2025-01-09
2025-01-10,15:00,SELL,1000,19.75,19730.25,15.0624275,0.0,0.0,19938.3344866,2000,2025-01-10
2025-01-13,09:25,BUY,1000,19.48,19499.48,5.1949948,0.0,0.0,433.659491800001,3000,2025-01-10
2025-01-13,15:00,SELL,1000,19.72,19700.28,15.0471428,0.0,0.0,20118.892349,2000,2025-01-13
2025-01-14,09:25,BUY,1000,19.75,19769.749999999996,5.1976975,0.0,0.0,343.9446515000054,3000,2025-01-13
2025-01-14,15:00,SELL,1000,20.57,20549.43,15.4802093,0.0,0.0,20877.894442200006,2000,2025-01-14
2025-01-15,09:25,BUY,1000,20.5,20520.499999999996,5.205205,0.0,0.0,352.1892372000111,3000,2025-01-14
2025-01-15,15:00,SELL,1000,20.14,20119.86,15.261128600000001,0.0,0.0,20456.788108600012,2000,2025-01-15
2025-01-16,09:25,BUY,1000,20.35,20370.35,5.2037035,0.0,0.0,81.23440510001456,3000,2025-01-15
2025-01-16,15:00,SELL,1000,20.84,20819.16,15.617771600000001,0.0,0.0,20884.776633500016,2000,2025-01-16
2025-01-17,09:25,BUY,1000,20.68,20700.679999999997,5.2070068,0.0,0.0,178.88962670002002,3000,2025-01-16
2025-01-17,15:00,SELL,1000,20.66,20639.34,15.5260634,0.0,0.0,20802.70356330002,2000,2025-01-17
2025-01-20,09:25,BUY,1000,20.91,20930.909999999996,5.2093091,0.0,133.4157457999754,0.0,3000,2025-01-17
2025-01-20,15:00,SELL,1000,20.77,20749.23,15.5821073,0.0,0.0,20733.6478927,2000,2025-01-20
2025-01-21,09:25,BUY,1000,20.96,20980.96,5.2098096,0.0,252.5219169000011,0.0,3000,2025-01-20
2025-01-21,15:00,SELL,1000,21.21,21188.79,15.806282900000001,0.0,0.0,21172.9837171,2000,2025-01-21
2025-01-22,09:25,BUY,1000,21.42,21441.42,5.2144142,0.0,273.65069709999807,0.0,3000,2025-01-21
2025-01-22,15:00,SELL,1000,23.33,23306.67,16.8864017,0.0,0.0,23289.783598299997,2000,2025-01-22
2025-01-23,09:25,BUY,1000,23.81,23833.809999999998,5.2383381,0.0,549.2647398000008,0.0,3000,2025-01-22
2025-01-23,15:00,SELL,1000,23.0,22977.0,16.71827,0.0,0.0,22960.28173,2000,2025-01-23
2025-01-24,09:25,BUY,1000,22.71,22732.71,5.2273271,0.0,0.0,222.34440289999839,3000,2025-01-23
2025-01-24,15:00,SELL,1000,23.35,23326.65,16.8965915,0.0,0.0,23532.0978114,2000,2025-01-24
2025-01-27,09:25,BUY,1000,22.55,22572.55,5.2257255,0.0,0.0,954.3220858999994,3000,2025-01-24
2025-01-27,15:00,SELL,1000,21.45,21428.55,15.9285605,0.0,0.0,22366.943525399998,2000,2025-01-27
2025-02-05,09:25,BUY,1000,20.56,20580.559999999998,5.2058056,0.0,0.0,1781.1777198000018,3000,2025-01-27
2025-02-05,15:00,SELL,1000,20.0,19980.0,15.1898,0.0,0.0,21745.9879198,2000,2025-02-05
2025-02-06,09:25,BUY,1000,20.31,20330.309999999998,5.2033031,0.0,0.0,1410.4746167000048,3000,2025-02-05
2025-02-06,15:00,SELL,1000,20.48,20459.52,15.4343552,0.0,0.0,21854.560261500006,2000,2025-02-06
2025-02-07,09:25,BUY,1000,20.67,20690.67,5.2069067,0.0,0.0,1158.6833548000068,3000,2025-02-06
2025-02-07,15:00,SELL,1000,21.55,21528.45,15.9795095,0.0,0.0,22671.153845300007,2000,2025-02-07
2025-02-10,09:25,BUY,1000,21.66,21681.659999999996,5.2168166,0.0,0.0,984.2770287000094,3000,2025-02-07
2025-02-10,15:00,SELL,1000,21.72,21698.28,16.066122800000002,0.0,0.0,22666.49090590001,2000,2025-02-10
2025-02-11,09:25,BUY,1000,21.8,21821.8,5.218218,0.0,0.0,839.4726879000082,3000,2025-02-10
2025-02-11,15:00,SELL,1000,21.77,21748.23,16.0915973,0.0,0.0,22571.611090600007,2000,2025-02-11
2025-02-12,09:25,BUY,1000,21.72,21741.719999999998,5.2174172,0.0,0.0,824.6736734000078,3000,2025-02-11
2025-02-12,15:00,SELL,1000,22.15,22127.85,16.2852035,0.0,0.0,22936.238469900007,2000,2025-02-12
2025-02-13,09:25,BUY,1000,22.05,22072.05,5.2207205,0.0,0.0,858.9677494000061,3000,2025-02-12
2025-02-13,15:00,SELL,1000,21.79,21768.21,16.101787100000003,0.0,0.0,22611.075962300005,2000,2025-02-13
2025-02-14,09:25,BUY,1000,21.81,21831.809999999998,5.2183181,0.0,0.0,774.0476442000072,3000,2025-02-13
2025-02-14,15:00,SELL,1000,22.1,22077.9,16.259729,0.0,0.0,22835.687915200007,2000,2025-02-14
2025-02-17,09:25,BUY,1000,22.46,22482.46,5.2248246,0.0,0.0,348.00309060000654,3000,2025-02-14
2025-02-17,15:00,SELL,1000,22.9,22877.1,16.667321,0.0,0.0,23208.435769600004,2000,2025-02-17
2025-02-18,09:25,BUY,1000,22.9,22922.899999999998,5.229229,0.0,0.0,280.306540600006,3000,2025-02-17
2025-02-18,15:00,SELL,1000,22.68,22657.32,16.5552332,0.0,0.0,22921.071307400005,2000,2025-02-18
2025-02-19,09:25,BUY,1000,22.6,22622.6,5.226226,0.0,0.0,293.2450814000076,3000,2025-02-18
2025-02-19,15:00,SELL,1000,23.24,23216.76,16.8405476,0.0,0.0,23493.164533800005,2000,2025-02-19
2025-02-20,09:25,BUY,1000,23.05,23073.05,5.2307305,0.0,0.0,414.88380330000655,3000,2025-02-19
2025-02-20,15:00,SELL,1000,22.62,22597.38,16.5246638,0.0,0.0,22995.73913950001,2000,2025-02-20
2025-02-21,09:25,BUY,1000,22.87,22892.87,5.2289287,0.0,0.0,97.64021080001112,3000,2025-02-20
2025-02-21,15:00,SELL,1000,23.2,23176.8,16.820168000000002,0.0,0.0,23257.620042800012,2000,2025-02-21
2025-02-24,09:25,BUY,1000,23.38,23403.379999999997,5.2340338,0.0,150.99399099998482,0.0,3000,2025-02-21
2025-02-24,15:00,SELL,1000,23.21,23186.79,16.825262900000002,0.0,0.0,23169.9647371,2000,2025-02-24
2025-02-25,09:25,BUY,1000,22.8,22822.8,5.228228,0.0,0.0,341.93650909999997,3000,2025-02-24
2025-02-25,15:00,SELL,1000,23.08,23056.92,16.7590292,0.0,0.0,23382.0974799,2000,2025-02-25
2025-02-26,09:25,BUY,1000,22.99,23012.989999999998,5.2301299,0.0,0.0,363.8773500000025,3000,2025-02-25
2025-02-26,15:00,SELL,1000,22.77,22747.23,16.601087300000003,0.0,0.0,23094.5062627,2000,2025-02-26
2025-02-27,09:25,BUY,1000,22.9,22922.899999999998,5.229229,0.0,0.0,166.37703370000236,3000,2025-02-26
2025-02-27,15:00,SELL,1000,21.96,21938.04,16.1884004,0.0,0.0,22088.228633300005,2000,2025-02-27
2025-02-28,09:25,BUY,1000,21.1,21121.1,5.211211,0.0,0.0,961.9174223000045,3000,2025-02-27
2025-02-28,15:00,SELL,1000,21.19,21168.81,15.796093100000002,0.0,0.0,22114.931329200004,2000,2025-02-28
2025-03-03,09:25,BUY,1000,21.37,21391.37,5.2139137,0.0,0.0,718.347415500004,3000,2025-02-28
2025-03-03,15:00,SELL,1000,21.07,21048.93,15.7349543,0.0,0.0,21751.542461200006,2000,2025-03-03
2025-03-04,09:25,BUY,1000,20.39,20410.39,5.2041039,0.0,0.0,1335.948357300007,3000,2025-03-03
2025-03-04,15:00,SELL,1000,21.04,21018.96,15.7196696,0.0,0.0,22339.188687700007,2000,2025-03-04
2025-03-05,09:25,BUY,1000,21.04,21061.039999999997,5.2106104,0.0,0.0,1272.9380773000084,3000,2025-03-04
2025-03-05,15:00,SELL,1000,21.04,21018.96,15.7196696,0.0,0.0,22276.17840770001,2000,2025-03-05
2025-03-06,09:25,BUY,1000,21.2,21221.199999999997,5.212212,0.0,0.0,1049.7661957000128,3000,2025-03-05
2025-03-06,15:00,SELL,1000,21.32,21298.68,15.862326800000002,0.0,0.0,22332.583868900012,2000,2025-03-06
2025-03-07,09:25,BUY,1000,21.13,21151.129999999997,5.2115113,0.0,0.0,1176.2423576000147,3000,2025-03-06
2025-03-07,15:00,SELL,1000,20.87,20849.13,15.633056300000002,0.0,0.0,22009.739301300015,2000,2025-03-07
2025-03-10,09:25,BUY,1000,20.93,20950.929999999997,5.2095093,0.0,0.0,1053.599792000019,3000,2025-03-07
2025-03-10,15:00,SELL,1000,21.03,21008.97,15.714574700000002,0.0,0.0,22046.85521730002,2000,2025-03-10
2025-03-11,09:25,BUY,1000,20.61,20630.609999999997,5.2063061,0.0,0.0,1411.038911200023,3000,2025-03-10
2025-03-11,15:00,SELL,1000,20.82,20799.18,15.6075818,0.0,0.0,22194.611329400024,2000,2025-03-11
2025-03-12,09:25,BUY,1000,20.92,20940.92,5.2094092,0.0,0.0,1248.4819202000253,3000,2025-03-11
2025-03-12,15:00,SELL,1000,20.91,20889.09,15.653435900000002,0.0,0.0,22121.918484300026,2000,2025-03-12
2025-03-13,09:25,BUY,1000,21.03,21051.03,5.2105103,0.0,0.0,1065.6779740000275,3000,2025-03-12
2025-03-13,15:00,SELL,1000,20.67,20649.33,15.531158300000001,0.0,0.0,21699.47681570003,2000,2025-03-13
2025-03-14,09:25,BUY,1000,20.81,20830.809999999998,5.2083081,0.0,0.0,863.458507600033,3000,2025-03-13
2025-03-14,15:00,SELL,1000,21.26,21238.74,15.8317574,0.0,0.0,22086.366750200035,2000,2025-03-14
2025-03-17,09:25,BUY,1000,21.6,21621.6,5.216216,0.0,0.0,459.55053420003605,3000,2025-03-14
2025-03-17,15:00,SELL,1000,21.52,21498.48,15.9642248,0.0,0.0,21942.066309400037,2000,2025-03-17
2025-03-18,09:25,BUY,1000,21.48,21501.479999999996,5.2150148,0.0,0.0,435.37129460004144,3000,2025-03-17
2025-03-18,15:00,SELL,1000,21.54,21518.46,15.974414600000001,0.0,0.0,21937.85688000004,2000,2025-03-18
2025-03-19,09:25,BUY,1000,21.4,21421.399999999998,5.214214,0.0,0.0,511.24266600004194,3000,2025-03-18
2025-03-19,15:00,SELL,1000,21.02,20998.98,15.7094798,0.0,0.0,21494.51318620004,2000,2025-03-19
2025-03-20,09:25,BUY,1000,21.11,21131.109999999997,5.2113111,0.0,0.0,358.19187510004485,3000,2025-03-19
2025-03-20,15:00,SELL,1000,20.85,20829.15,15.6228665,0.0,0.0,21171.719008600045,2000,2025-03-20
2025-03-21,09:25,BUY,1000,20.78,20800.78,5.2080078,0.0,0.0,365.7310008000459,3000,2025-03-20
2025-03-21,15:00,SELL,1000,20.63,20609.37,15.5107787,0.0,0.0,20959.590222100043,2000,2025-03-21
2025-03-24,09:25,BUY,1000,20.69,20710.69,5.2071069,0.0,0.0,243.6931152000434,3000,2025-03-21
2025-03-24,15:00,SELL,1000,20.84,20819.16,15.617771600000001,0.0,0.0,21047.235343600045,2000,2025-03-24
2025-03-25,09:25,BUY,1000,20.79,20810.789999999997,5.2081079,0.0,0.0,231.23723570004586,3000,2025-03-24
2025-03-25,15:00,SELL,1000,20.51,20489.49,15.449639900000001,0.0,0.0,20705.277595800046,2000,2025-03-25
2025-03-26,09:25,BUY,1000,20.43,20450.429999999997,5.2045043,0.0,0.0,249.6430915000492,3000,2025-03-25
2025-03-26,15:00,SELL,1000,20.38,20359.62,15.3834062,0.0,0.0,20593.87968530005,2000,2025-03-26
2025-03-27,09:25,BUY,1000,20.21,20230.21,5.2023021,0.0,0.0,358.4673832000517,3000,2025-03-26
2025-03-27,15:00,SELL,1000,20.22,20199.78,15.3018878,0.0,0.0,20542.94549540005,2000,2025-03-27
2025-03-28,09:25,BUY,1000,20.2,20220.199999999997,5.202202,0.0,0.0,317.5432934000528,3000,2025-03-27
2025-03-28,15:00,SELL,1000,19.98,19960.02,15.1796102,0.0,0.0,20262.383683200052,2000,2025-03-28
2025-03-31,09:25,BUY,1000,19.8,19819.8,5.198198,0.0,0.0,437.385485200055,3000,2025-03-28
2025-03-31,15:00,SELL,1000,19.86,19840.14,15.1184714,0.0,0.0,20262.407013800053,2000,2025-03-31
2025-04-01,09:25,BUY,1000,19.95,19969.949999999997,5.1996995,0.0,0.0,287.25731430005544,3000,2025-03-31
2025-04-01,15:00,SELL,1000,20.02,19999.98,15.1999898,0.0,0.0,20272.037324500056,2000,2025-04-01
2025-04-02,09:25,BUY,1000,19.95,19969.949999999997,5.1996995,0.0,0.0,296.8876250000576,3000,2025-04-01
2025-04-02,15:00,SELL,1000,20.0,19980.0,15.1898,0.0,0.0,20261.697825000057,2000,2025-04-02
2025-04-03,09:25,BUY,1000,19.65,19669.649999999998,5.1966965,0.0,0.0,586.8511285000604,3000,2025-04-02
2025-04-03,15:00,SELL,1000,19.05,19030.95,14.705784500000002,0.0,0.0,19603.09534400006,2000,2025-04-03
2025-04-07,09:25,BUY,1000,17.15,17167.149999999998,5.1716715,0.0,0.0,2430.7736725000614,3000,2025-04-03
2025-04-09,15:00,SELL,1000,16.33,16313.669999999998,13.3199717,0.0,0.0,18731.12370080006,2000,2025-04-09
2025-04-10,09:25,BUY,1000,17.9,17917.899999999998,5.179179,0.0,0.0,808.0445218000641,3000,2025-04-09
2025-04-10,15:00,SELL,1000,17.96,17942.04,14.1504404,0.0,0.0,18735.934081400064,2000,2025-04-10
2025-04-11,09:25,BUY,1000,17.65,17667.649999999998,5.1766765,0.0,0.0,1063.1074049000672,3000,2025-04-10
2025-04-11,15:00,SELL,1000,17.8,17782.2,14.068922,0.0,0.0,18831.23848290007,2000,2025-04-11
2025-04-14,09:25,BUY,1000,18.4,18418.399999999998,5.184184,0.0,0.0,407.65429890007,3000,2025-04-11
2025-04-14,15:00,SELL,1000,17.92,17902.08,14.1300608,0.0,0.0,18295.604238100073,2000,2025-04-14
2025-04-15,09:25,BUY,1000,17.92,17937.92,5.1793792,0.0,0.0,352.5048589000762,3000,2025-04-14
2025-04-15,15:00,SELL,1000,18.1,18081.9,14.221769000000002,0.0,0.0,18420.183089900078,2000,2025-04-15
2025-04-16,09:25,BUY,1000,18.0,18017.999999999996,5.18018,0.0,0.0,397.00290990008216,3000,2025-04-15
2025-04-16,15:00,SELL,1000,17.5,17482.5,13.916075000000001,0.0,0.0,17865.58683490008,2000,2025-04-16
2025-04-17,09:25,BUY,1000,17.22,17237.219999999998,5.1723722,0.0,0.0,623.1944627000848,3000,2025-04-16
2025-04-17,15:00,SELL,1000,17.4,17382.6,13.865126,0.0,0.0,17991.929336700083,2000,2025-04-17
2025-04-18,09:25,BUY,1000,17.4,17417.399999999998,5.174174,0.0,0.0,569.3551627000852,3000,2025-04-17
2025-04-18,15:00,SELL,1000,17.56,17542.44,13.9466444,0.0,0.0,18097.848518300085,2000,2025-04-18
2025-04-21,09:25,BUY,1000,17.55,17567.55,5.1756755,0.0,0.0,525.1228428000868,3000,2025-04-18
2025-04-21,15:00,SELL,1000,17.81,17792.19,14.0740169,0.0,0.0,18303.238825900087,2000,2025-04-21
2025-04-22,09:25,BUY,1000,17.7,17717.699999999997,5.177177,0.0,0.0,580.3616489000888,3000,2025-04-21
2025-04-22,15:00,SELL,1000,17.78,17762.22,14.058732200000001,0.0,0.0,18328.52291670009,2000,2025-04-22
2025-04-23,09:25,BUY,1000,18.19,18208.19,5.1820819,0.0,0.0,115.15083480009343,3000,2025-04-22
2025-04-23,15:00,SELL,1000,18.24,18221.76,14.2930976,0.0,0.0,18322.617737200093,2000,2025-04-23
2025-04-24,09:25,BUY,1000,18.26,18278.26,5.1827826,0.0,0.0,39.17495460009377,3000,2025-04-23
2025-04-24,15:00,SELL,1000,17.92,17902.08,14.1300608,0.0,0.0,17927.124893800097,2000,2025-04-24
2025-04-25,09:25,BUY,1000,18.09,18108.089999999997,5.1810808999999995,0.0,186.146187099901,0.0,3000,2025-04-24
2025-04-25,15:00,SELL,1000,18.24,18221.76,14.2930976,0.0,0.0,18207.4669024,2000,2025-04-25
2025-04-28,09:25,BUY,1000,18.26,18278.26,5.1827826,0.0,75.97588019999966,0.0,3000,2025-04-25
2025-04-28,15:00,SELL,1000,18.0,17982.0,14.17082,0.0,0.0,17967.82918,2000,2025-04-28
2025-04-29,09:25,BUY,1000,17.99,18007.989999999998,5.1800799,0.0,45.340899899998476,0.0,3000,2025-04-28
2025-04-29,15:00,SELL,1000,18.09,18071.91,14.2166741,0.0,0.0,18057.6933259,2000,2025-04-29
2025-04-30,09:25,BUY,1000,18.25,18268.249999999996,5.1826825,0.0,215.73935659999552,0.0,3000,2025-04-29
2025-04-30,15:00,SELL,1000,18.06,18041.94,14.2013894,0.0,0.0,18027.738610599998,2000,2025-04-30
2025-05-06,09:25,BUY,1000,18.3,18318.3,5.183183,0.0,295.74457240000265,0.0,3000,2025-04-30
2025-05-06,15:00,SELL,1000,18.81,18791.19,14.5835069,0.0,0.0,18776.6064931,2000,2025-05-06
2025-05-07,09:25,BUY,1000,19.09,19109.089999999997,5.1910909,0.0,337.67459779999626,0.0,3000,2025-05-06
2025-05-07,15:00,SELL,1000,18.63,18611.37,14.4917987,0.0,0.0,18596.8782013,2000,2025-05-07
2025-05-08,09:25,BUY,1000,18.7,18718.699999999997,5.187187,0.0,127.00898569999845,0.0,3000,2025-05-07
2025-05-08,15:00,SELL,1000,19.03,19010.97,14.695594700000001,0.0,0.0,18996.274405300002,2000,2025-05-08
2025-05-09,09:25,BUY,1000,18.91,18928.909999999996,5.1892891,0.0,0.0,62.175116200007324,3000,2025-05-08
2025-05-09,15:00,SELL,1000,18.69,18671.31,14.522368100000001,0.0,0.0,18718.96274810001,2000,2025-05-09
2025-05-12,09:25,BUY,1000,19.11,19129.109999999997,5.1912911,0.0,415.3385429999871,0.0,3000,2025-05-09
2025-05-12,15:00,SELL,1000,19.27,19250.73,14.817872300000001,0.0,0.0,19235.9121277,2000,2025-05-12
2025-05-13,09:25,BUY,1000,19.8,19819.8,5.198198,0.0,589.0860702999962,0.0,3000,2025-05-12
2025-05-13,15:00,SELL,1000,19.09,19070.91,14.7261641,0.0,0.0,19056.1838359,2000,2025-05-13
2025-05-14,09:25,BUY,1000,19.48,19499.48,5.1949948,0.0,448.4911589000003,0.0,3000,2025-05-13
2025-05-14,15:00,SELL,1000,19.55,19530.45,14.960529500000002,0.0,0.0,19515.4894705,2000,2025-05-14
2025-05-15,09:25,BUY,1000,19.56,19579.559999999998,5.1957956,0.0,69.26632509999763,0.0,3000,2025-05-14
2025-05-15,15:00,SELL,1000,19.1,19080.9,14.731259000000001,0.0,0.0,19066.168741,2000,2025-05-15
2025-05-16,09:25,BUY,1000,19.0,19018.999999999996,5.19019,0.0,0.0,41.97855100000379,3000,2025-05-15
2025-05-16,15:00,SELL,1000,19.22,19200.78,14.7923978,0.0,0.0,19227.966153200003,2000,2025-05-16
2025-05-19,09:25,BUY,1000,19.06,19079.059999999998,5.1907906,0.0,0.0,143.71536260000357,3000,2025-05-16
2025-05-19,15:00,SELL,1000,19.05,19030.95,14.705784500000002,0.0,0.0,19159.959578100003,2000,2025-05-19
2025-05-20,09:25,BUY,1000,19.05,19069.05,5.1906905,0.0,0.0,85.71888760000365,3000,2025-05-19
2025-05-20,15:00,SELL,1000,19.06,19040.94,14.7108794,0.0,0.0,19111.9480082,2000,2025-05-20
2025-05-21,09:25,BUY,1000,19.06,19079.059999999998,5.1907906,0.0,0.0,27.69721760000175,3000,2025-05-20
2025-05-21,15:00,SELL,1000,18.97,18951.03,14.6650253,0.0,0.0,18964.0621923,2000,2025-05-21
2025-05-22,09:25,BUY,1000,18.88,18898.879999999997,5.1889888,0.0,0.0,59.99320350000198,3000,2025-05-21
2025-05-22,15:00,SELL,1000,19.05,19030.95,14.705784500000002,0.0,0.0,19076.237419,2000,2025-05-22
2025-05-23,09:25,BUY,1000,19.08,19099.079999999998,5.1909908,0.0,28.033571799998754,0.0,3000,2025-05-22
2025-05-23,15:00,SELL,1000,18.79,18771.21,14.5733171,0.0,0.0,18756.6366829,2000,2025-05-23
2025-05-26,09:25,BUY,1000,18.84,18858.839999999997,5.1885884,0.0,107.39190549999694,0.0,3000,2025-05-23
2025-05-26,15:00,SELL,1000,18.76,18741.24,14.558032400000002,0.0,0.0,18726.6819676,2000,2025-05-26
2025-05-27,09:25,BUY,1000,18.76,18778.76,5.1877876,0.0,57.26581999999689,0.0,3000,2025-05-26
2025-05-27,15:00,SELL,1000,18.47,18451.53,14.4102803,0.0,0.0,18437.1197197,2000,2025-05-27
2025-05-28,09:25,BUY,1000,18.5,18518.499999999996,5.185185,0.0,86.56546529999468,0.0,3000,2025-05-27
2025-05-28,15:00,SELL,1000,18.58,18561.42,14.466324199999999,0.0,0.0,18546.9536758,2000,2025-05-28
2025-05-29,09:25,BUY,1000,18.81,18828.809999999998,5.1882881,0.0,287.0446122999965,0.0,3000,2025-05-28
2025-05-29,15:00,SELL,1000,19.7,19680.3,15.036953,0.0,0.0,19665.263047,2000,2025-05-29
2025-05-30,09:25,BUY,1000,19.32,19339.319999999996,5.1933932,0.0,0.0,320.74965380000504,3000,2025-05-29
2025-05-30,15:00,SELL,1000,18.93,18911.07,14.6446457,0.0,0.0,19217.175008100006,2000,2025-05-30
2025-06-03,09:25,BUY,1000,18.82,18838.82,5.1883882,0.0,0.0,373.1666199000065,3000,2025-05-30
2025-06-03,15:00,SELL,1000,18.79,18771.21,14.5733171,0.0,0.0,19129.803302800006,2000,2025-06-03
2025-06-04,09:25,BUY,1000,18.95,18968.949999999997,5.1896895,0.0,0.0,155.66361330001018,3000,2025-06-03
2025-06-04,15:00,SELL,1000,19.43,19410.57,14.899390700000001,0.0,0.0,19551.33422260001,2000,2025-06-04
2025-06-05,09:25,BUY,1000,19.38,19399.379999999997,5.1939938,0.0,0.0,146.76022880001256,3000,2025-06-04
2025-06-05,15:00,SELL,1000,20.56,20539.44,15.4751144,0.0,0.0,20670.72511440001,2000,2025-06-05
2025-06-06,09:25,BUY,1000,20.5,20520.499999999996,5.205205,0.0,0.0,145.01990940001633,3000,2025-06-05
2025-06-06,15:00,SELL,1000,20.31,20289.69,15.3477419,0.0,0.0,20419.362167500014,2000,2025-06-06
2025-06-09,09:25,BUY,1000,20.52,20540.519999999997,5.2054052,0.0,126.36323769998125,0.0,3000,2025-06-06
2025-06-09,15:00,SELL,1000,20.43,20409.57,15.408880700000001,0.0,0.0,20394.1611193,2000,2025-06-09
2025-06-10,09:25,BUY,1000,20.45,20470.449999999997,5.2047045,0.0,81.49358519999805,0.0,3000,2025-06-09
2025-06-10,15:00,SELL,1000,20.16,20139.84,15.2713184,0.0,0.0,20124.5686816,2000,2025-06-10
2025-06-11,09:25,BUY,1000,20.25,20270.249999999996,5.2027025,0.0,150.88402089999363,0.0,3000,2025-06-10
2025-06-11,15:00,SELL,1000,20.4,20379.6,15.393596,0.0,0.0,20364.206403999997,2000,2025-06-11
2025-06-12,09:25,BUY,1000,20.25,20270.249999999996,5.2027025,0.0,0.0,88.75370150000163,3000,2025-06-11
2025-06-12,15:00,SELL,1000,20.66,20639.34,15.5260634,0.0,0.0,20712.5676381,2000,2025-06-12
2025-06-13,09:25,BUY,1000,20.6,20620.6,5.206206,0.0,0.0,86.76143210000373,3000,2025-06-12
2025-06-13,15:00,SELL,1000,20.9,20879.1,15.648341,0.0,0.0,20950.213091100002,2000,2025-06-13
2025-06-16,09:25,BUY,1000,20.85,20870.85,5.2087085,0.0,0.0,74.15438260000519,3000,2025-06-13
2025-06-16,15:00,SELL,1000,21.22,21198.78,15.8113778,0.0,0.0,21257.123004800003,2000,2025-06-16
2025-06-17,09:25,BUY,1000,21.31,21331.309999999998,5.2133131,0.0,79.40030829999523,0.0,3000,2025-06-16
2025-06-17,15:00,SELL,1000,20.6,20579.4,15.495494,0.0,0.0,20563.904506000003,2000,2025-06-17
2025-06-18,09:25,BUY,1000,20.65,20670.649999999998,5.2067065,0.0,111.95220049999625,0.0,3000,2025-06-17
2025-06-18,15:00,SELL,1000,21.16,21138.84,15.780808400000002,0.0,0.0,21123.0591916,2000,2025-06-18
2025-06-19,09:25,BUY,1000,21.1,21121.1,5.211211,0.0,3.2520193999989715,0.0,3000,2025-06-18
2025-06-19,15:00,SELL,1000,20.81,20789.19,15.6024869,0.0,0.0,20773.5875131,2000,2025-06-19
2025-06-20,09:25,BUY,1000,20.91,20930.909999999996,5.2093091,0.0,162.53179599999567,0.0,3000,2025-06-19
2025-06-20,15:00,SELL,1000,20.59,20569.41,15.490399100000001,0.0,0.0,20553.9196009,2000,2025-06-20
2025-06-23,09:25,BUY,1000,20.43,20450.429999999997,5.2045043,0.0,0.0,98.28509660000418,3000,2025-06-20
2025-06-23,15:00,SELL,1000,20.2,20179.8,15.291698,0.0,0.0,20262.793398600003,2000,2025-06-23
2025-06-24,09:25,BUY,1000,20.41,20430.409999999996,5.2043041,0.0,172.8209054999934,0.0,3000,2025-06-23
2025-06-24,15:00,SELL,1000,20.29,20269.71,15.3375521,0.0,0.0,20254.372447899997,2000,2025-06-24
2025-06-25,09:25,BUY,1000,20.49,20510.489999999998,5.2051049,0.0,261.3226570000006,0.0,3000,2025-06-24
2025-06-25,15:00,SELL,1000,20.98,20959.02,15.6891002,0.0,0.0,20943.3308998,2000,2025-06-25
2025-06-26,09:25,BUY,1000,21.4,21421.399999999998,5.214214,0.0,483.28331419999813,0.0,3000,2025-06-25
2025-06-26,15:00,SELL,1000,21.04,21018.96,15.7196696,0.0,0.0,21003.2403304,2000,2025-06-26
2025-06-27,09:25,BUY,1000,21.04,21061.039999999997,5.2106104,0.0,63.0102799999986,0.0,3000,2025-06-26
2025-06-27,15:00,SELL,1000,21.35,21328.65,15.877611500000002,0.0,0.0,21312.7723885,2000,2025-06-27
2025-06-30,09:25,BUY,1000,21.48,21501.479999999996,5.2150148,0.0,193.9226262999946,0.0,3000,2025-06-27
2025-06-30,15:00,SELL,1000,21.38,21358.62,15.892896200000001,0.0,0.0,21342.7271038,2000,2025-06-30
2025-07-01,09:25,BUY,1000,21.26,21281.26,5.2128126,0.0,0.0,56.254291200002626,3000,2025-06-30
2025-07-01,15:00,SELL,1000,21.4,21378.6,15.903086,0.0,0.0,21418.951205200003,2000,2025-07-01
2025-07-02,09:25,BUY,1000,21.2,21221.199999999997,5.212212,0.0,0.0,192.5389932000071,3000,2025-07-01
2025-07-02,15:00,SELL,1000,21.16,21138.84,15.780808400000002,0.0,0.0,21315.59818480001,2000,2025-07-02
2025-07-03,09:25,BUY,1000,21.26,21281.26,5.2128126,0.0,0.0,29.125372200011043,3000,2025-07-02
2025-07-03,15:00,SELL,1000,23.28,23256.72,16.8609272,0.0,0.0,23268.984445000013,2000,2025-07-03
2025-07-04,09:25,BUY,1000,23.31,23333.309999999998,5.2333331,0.0,69.55888809998578,0.0,3000,2025-07-03
2025-07-04,15:00,SELL,1000,23.81,23786.19,17.1309569,0.0,0.0,23769.0590431,2000,2025-07-04
2025-07-07,09:25,BUY,1000,23.8,23823.799999999996,5.238238,0.0,59.97919489999913,0.0,3000,2025-07-04
2025-07-07,15:00,SELL,1000,23.98,23956.02,17.2175702,0.0,0.0,23938.802429800002,2000,2025-07-07
2025-07-08,09:25,BUY,1000,24.88,24904.879999999997,5.2490488,0.0,971.3266189999958,0.0,3000,2025-07-07
2025-07-08,15:00,SELL,1000,26.38,26353.62,18.4403462,0.0,0.0,26335.179653799998,2000,2025-07-08
2025-07-09,09:25,BUY,1000,27.0,27026.999999999996,5.27027,0.0,697.0906161999992,0.0,3000,2025-07-08
2025-07-09,15:00,SELL,1000,26.6,26573.4,18.552434,0.0,0.0,26554.847566,2000,2025-07-09
2025-07-10,09:25,BUY,1000,26.9,26926.899999999998,5.2692689999999995,0.0,377.3217029999978,0.0,3000,2025-07-09
2025-07-10,15:00,SELL,1000,26.16,26133.84,18.328258400000003,0.0,0.0,26115.5117416,2000,2025-07-10
2025-07-11,09:25,BUY,1000,26.1,26126.1,5.261261,0.0,15.849519399998826,0.0,3000,2025-07-10
2025-07-11,15:00,SELL,1000,26.0,25974.0,18.246740000000003,0.0,0.0,25955.75326,2000,2025-07-11
2025-07-14,09:25,BUY,1000,26.0,26025.999999999996,5.26026,0.0,75.50699999999415,0.0,3000,2025-07-11
2025-07-14,15:00,SELL,1000,25.92,25894.08,18.205980800000003,0.0,0.0,25875.8740192,2000,2025-07-14
2025-07-15,09:25,BUY,1000,26.3,26326.299999999996,5.263263,0.0,455.6892437999959,0.0,3000,2025-07-14
2025-07-15,15:00,SELL,1000,27.25,27222.75,18.883602500000002,0.0,0.0,27203.8663975,2000,2025-07-15
2025-07-16,09:25,BUY,1000,26.99,27016.989999999998,5.2701699,0.0,0.0,181.6062276000048,3000,2025-07-15
2025-07-16,15:00,SELL,1000,26.73,26703.27,18.618667700000003,0.0,0.0,26866.257559900005,2000,2025-07-16
2025-07-17,09:25,BUY,1000,26.63,26656.629999999997,5.2665663,0.0,0.0,204.36099360000662,3000,2025-07-16
2025-07-17,15:00,SELL,1000,27.5,27472.5,19.010975000000002,0.0,0.0,27657.850018600006,2000,2025-07-17
2025-07-18,09:25,BUY,1000,27.49,27517.489999999998,5.2751749,0.0,0.0,135.08484370000588,3000,2025-07-17
2025-07-18,15:00,SELL,1000,27.11,27082.89,18.8122739,0.0,0.0,27199.162569800006,2000,2025-07-18
2025-07-21,09:25,BUY,1000,27.0,27026.999999999996,5.27027,0.0,0.0,166.8922998000089,3000,2025-07-18
2025-07-21,15:00,SELL,1000,27.02,26992.98,18.7664198,0.0,0.0,27141.10588000001,2000,2025-07-21
2025-07-22,09:25,BUY,1000,27.0,27026.999999999996,5.27027,0.0,0.0,108.83561000001282,3000,2025-07-21
2025-07-22,15:00,SELL,1000,26.96,26933.04,18.735850400000004,0.0,0.0,27023.139759600013,2000,2025-07-22
2025-07-23,09:25,BUY,1000,26.5,26526.499999999996,5.265265,0.0,0.0,491.37449460001517,3000,2025-07-22
2025-07-23,15:00,SELL,1000,26.58,26553.42,18.5422442,0.0,0.0,27026.25225040001,2000,2025-07-23
2025-07-24,09:25,BUY,1000,27.19,27217.19,5.2721719,0.0,196.2099214999871,0.0,3000,2025-07-23
2025-07-24,15:00,SELL,1000,28.45,28421.55,19.4949905,0.0,0.0,28402.0550095,2000,2025-07-24
2025-07-25,09:25,BUY,1000,28.45,28478.449999999997,5.2847845,0.0,81.67977499999688,0.0,3000,2025-07-24
2025-07-25,15:00,SELL,1000,28.66,28631.34,19.6019834,0.0,0.0,28611.7380166,2000,2025-07-25
2025-07-28,09:25,BUY,1000,28.94,28968.939999999995,5.2896894,0.0,362.4916727999953,0.0,3000,2025-07-25
2025-07-28,15:00,SELL,1000,29.57,29540.43,20.0656193,0.0,0.0,29520.3643807,2000,2025-07-28
2025-07-29,09:25,BUY,1000,29.56,29589.559999999998,5.2958956,0.0,74.49151489999713,0.0,3000,2025-07-28
2025-07-29,15:00,SELL,1000,31.19,31158.81,20.890993100000003,0.0,0.0,31137.9190069,2000,2025-07-29
2025-07-30,09:25,BUY,1000,31.0,31030.999999999996,5.31031,0.0,0.0,101.60869690000254,3000,2025-07-29
2025-07-30,15:00,SELL,1000,33.28,33246.72,21.9558272,0.0,0.0,33326.372869700004,2000,2025-07-30
2025-07-31,09:25,BUY,1000,33.26,33293.259999999995,5.3329326,0.0,228.22006289999263,256.0,3000,2025-07-30
2025-07-31,15:00,SELL,1000,34.61,34575.39,22.6334489,128.0,0.0,35960.7565511,2000,2025-07-31
2025-08-01,09:25,BUY,1000,34.0,34033.99999999999,5.34034,0.0,0.0,1921.4162111000041,3000,2025-07-31
2025-08-01,15:00,SELL,1000,33.0,32967.0,21.81317,128.0,0.0,34738.6030411,2000,2025-08-01
2025-08-04,09:25,BUY,1000,32.4,32432.399999999998,5.324324,0.0,0.0,2300.878717100004,3000,2025-08-01
2025-08-04,15:00,SELL,1000,32.97,32937.03,21.7978853,0.0,0.0,35216.110831800004,2000,2025-08-04
2025-08-05,09:25,BUY,1000,33.5,33533.49999999999,5.335335,0.0,0.0,1677.275496800008,3000,2025-08-04
2025-08-05,15:00,SELL,1000,35.05,35014.95,22.8576245,0.0,0.0,36669.367872300005,2000,2025-08-05
2025-08-06,09:25,BUY,1000,34.1,34134.1,5.341341,0.0,0.0,2529.926531300007,3000,2025-08-05
2025-08-06,15:00,SELL,1000,34.3,34265.7,22.475507,0.0,0.0,36773.1510243,2000,2025-08-06
2025-08-07,09:25,BUY,1000,36.2,36236.2,5.362362,0.0,0.0,531.5886623000042,3000,2025-08-06
2025-08-07,15:00,SELL,1000,35.65,35614.35,23.1633185,0.0,0.0,36122.7753438,2000,2025-08-07
2025-08-08,09:25,BUY,1000,35.73,35765.729999999996,5.3576573,0.0,0.0,351.6876865000013,3000,2025-08-07
2025-08-08,15:00,SELL,1000,36.59,36553.41,23.642239100000005,0.0,0.0,36881.4554474,2000,2025-08-08
2025-08-11,09:25,BUY,1000,36.5,36536.49999999999,5.365365,0.0,0.0,339.59008240001276,3000,2025-08-08
2025-08-11,15:00,SELL,1000,36.35,36313.65,23.5199615,0.0,0.0,36629.72012090001,2000,2025-08-11
2025-08-12,09:25,BUY,1000,36.47,36506.469999999994,5.3650647,0.0,0.0,117.88505620001524,3000,2025-08-11
2025-08-12,15:00,SELL,1000,39.71,39670.29,25.603205166000002,0.0,0.0,39762.571851034016,2000,2025-08-12
2025-08-13,09:25,BUY,1000,39.72,39759.719999999994,5.7810632879999995,0.0,2.9292122539773118,0.0,3000,2025-08-12
2025-08-13,15:00,SELL,1000,43.68,43636.32,28.162880928,0.0,0.0,43608.157119072,2000,2025-08-13
2025-08-14,09:25,BUY,1000,43.96,44003.95999999999,6.398175783999999,0.0,402.20105671199417,0.0,3000,2025-08-13
2025-08-14,15:00,SELL,1000,43.22,43176.78,27.866293812000002,0.0,0.0,43148.913706187996,2000,2025-08-14
2025-08-15,09:25,BUY,1000,42.59,42632.59,6.198778586,0.0,0.0,510.1249276020026,3000,2025-08-14
2025-08-15,15:00,SELL,1000,44.86,44815.14,28.923691356,0.0,0.0,45296.341236246,2000,2025-08-15
2025-08-18,09:25,BUY,1000,44.8,44844.799999999996,6.520433919999999,0.0,0.0,445.02080232600565,3000,2025-08-15
2025-08-18,15:00,SELL,1000,44.46,44415.54,28.665789516000004,0.0,0.0,44831.895012810004,2000,2025-08-18
2025-08-19,09:25,BUY,1000,44.02,44064.02,6.406908508,0.0,0.0,761.46810430201,3000,2025-08-18
2025-08-19,15:00,SELL,1000,48.91,48861.09,31.534947486,0.0,0.0,49591.02315681601,2000,2025-08-19
2025-08-20,09:25,BUY,1000,46.5,46546.49999999999,6.767861099999999,0.0,0.0,3037.755295716015,3000,2025-08-19
2025-08-20,15:00,SELL,1000,47.91,47862.09,30.890192886,0.0,0.0,50868.95510283001,2000,2025-08-20
2025-08-21,09:25,BUY,1000,47.42,47467.42,6.9017628680000005,0.0,0.0,3394.6333399620125,3000,2025-08-20
2025-08-21,15:00,SELL,1000,45.29,45244.71,29.200935834000003,0.0,0.0,48610.14240412801,2000,2025-08-21
2025-08-22,09:25,BUY,1000,44.5,44544.49999999999,6.4767703,0.0,0.0,4059.1656338280154,3000,2025-08-21
2025-08-22,15:00,SELL,1000,45.83,45784.17,29.549103318,0.0,0.0,49813.78653051001,2000,2025-08-22
2025-08-25,09:25,BUY,1000,46.5,46546.49999999999,6.767861099999999,0.0,0.0,3260.5186694100194,3000,2025-08-22
2025-08-25,15:00,SELL,1000,48.0,47952.0,30.948220800000005,0.0,0.0,51181.57044861002,2000,2025-08-25
2025-08-26,09:25,BUY,1000,46.88,46926.88,6.823168352000001,0.0,0.0,4247.867280258026,3000,2025-08-25
2025-08-26,15:00,SELL,1000,45.48,45434.52,29.323439207999996,0.0,0.0,49653.063841050025,2000,2025-08-26
2025-08-27,09:25,BUY,1000,45.0,45044.99999999999,6.549543,0.0,0.0,4601.514298050031,3000,2025-08-26
2025-08-27,15:00,SELL,1000,45.72,45674.28,29.478180312000003,0.0,0.0,50246.31611773803,2000,2025-08-27
2025-08-28,09:25,BUY,1000,44.6,44644.6,6.49132484,0.0,0.0,5595.224792898036,3000,2025-08-27
2025-08-28,15:00,SELL,1000,48.94,48891.06,31.554290124,0.0,0.0,54454.73050277404,2000,2025-08-28
2025-08-29,09:25,BUY,1000,48.0,48047.99999999999,6.9861792,0.0,0.0,6399.744323574043,3000,2025-08-28
2025-08-29,15:00,SELL,1000,53.83,53776.17,34.707140118,0.0,0.0,60141.20718345604,2000,2025-08-29
2025-09-01,09:25,BUY,1000,53.99,54043.98999999999,7.857996146,0.0,0.0,6089.359187310052,3000,2025-08-29
2025-09-01,15:00,SELL,1000,55.62,55564.38,35.861250852000005,0.0,0.0,61617.87793645805,2000,2025-09-01
2025-09-02,09:25,BUY,1000,56.7,56756.7,8.25242418,0.0,0.0,4852.925512278052,3000,2025-09-01
2025-09-02,15:00,SELL,1000,53.88,53826.12,34.739377848000004,0.0,0.0,58644.30613443006,2000,2025-09-02
2025-09-03,09:25,BUY,1000,53.88,53933.88,7.8419861520000005,0.0,0.0,4702.58414827806,3000,2025-09-02
2025-09-03,15:00,SELL,1000,54.24,54185.76,34.971489504000004,0.0,0.0,58853.37265877406,2000,2025-09-03
2025-09-04,09:25,BUY,1000,56.5,56556.49999999999,8.223315099999999,0.0,0.0,2288.649343674071,3000,2025-09-03
2025-09-04,15:00,SELL,1000,53.13,53076.87,34.255811898000005,0.0,0.0,55331.26353177607,2000,2025-09-04
2025-09-05,09:25,BUY,1000,53.3,53353.299999999996,7.7575698200000005,0.0,0.0,1970.205961956075,3000,2025-09-04
2025-09-05,15:00,SELL,1000,55.83,55774.17,35.996649318,0.0,0.0,57708.37931263807,2000,2025-09-05
2025-09-08,09:25,BUY,1000,55.0,55054.99999999999,8.004997,0.0,0.0,2645.3743156380806,3000,2025-09-05
2025-09-08,15:00,SELL,1000,51.4,51348.6,33.14038644,0.0,0.0,53960.83392919808,2000,2025-09-08
2025-09-09,09:25,BUY,1000,50.4,50450.399999999994,7.33548816,0.0,0.0,3503.0984410380843,3000,2025-09-08
2025-09-09,15:00,SELL,1000,48.79,48741.21,31.457576934000002,0.0,0.0,52212.85086410408,2000,2025-09-09
2025-09-10,09:25,BUY,1000,51.6,51651.59999999999,7.51014264,0.0,0.0,553.7407214640916,3000,2025-09-09
2025-09-10,15:00,SELL,1000,53.67,53616.33,34.603979382000006,0.0,0.0,54135.46674208209,2000,2025-09-10
2025-09-11,09:25,BUY,1000,55.8,55855.799999999996,8.12143332,0.0,1728.454691237901,0.0,3000,2025-09-10
2025-09-11,15:00,SELL,1000,59.04,58980.96,38.066311584000005,0.0,0.0,58942.893688416,2000,2025-09-11
2025-09-12,09:25,BUY,1000,58.88,58938.87999999999,8.569713151999999,0.0,4.556024735989922,0.0,3000,2025-09-11
2025-09-12,15:00,SELL,1000,61.9,61838.1,39.91030974,0.0,0.0,61798.18969026,2000,2025-09-12
2025-09-15,09:25,BUY,1000,60.0,60059.99999999999,8.732724,0.0,0.0,1729.4569662600043,3000,2025-09-12
2025-09-15,15:00,SELL,1000,59.9,59840.1,38.620800540000005,0.0,0.0,61530.936165720006,2000,2025-09-15
2025-09-16,09:25,BUY,1000,59.87,59929.869999999995,8.713803098,0.0,0.0,1592.3523626220122,3000,2025-09-15
2025-09-16,15:00,SELL,1000,59.73,59670.27,38.511192258,0.0,0.0,61224.111170364005,2000,2025-09-16
2025-09-17,09:25,BUY,1000,58.9,58958.899999999994,8.572624059999999,0.0,0.0,2256.6385463040133,3000,2025-09-16
2025-09-17,15:00,SELL,1000,61.12,61058.88,39.407401152,0.0,0.0,63276.11114515201,2000,2025-09-17
2025-09-18,09:25,BUY,1000,59.39,59449.38999999999,8.643941305999999,0.0,0.0,3818.07720384602,3000,2025-09-17
2025-09-18,15:00,SELL,1000,64.36,64295.64,41.496406056,0.0,0.0,68072.22079779001,2000,2025-09-18
2025-09-19,09:25,BUY,1000,65.64,65705.64,9.553600056,0.0,0.0,2357.027197734016,3000,2025-09-18
2025-09-19,15:00,SELL,1000,66.1,66033.9,42.618279060000006,0.0,0.0,68348.30891867401,2000,2025-09-19
2025-09-22,09:25,BUY,1000,66.55,66616.54999999999,9.68604637,0.0,0.0,1722.072872304023,3000,2025-09-19
2025-09-22,15:00,SELL,1000,70.5,70429.5,45.455199300000004,0.0,0.0,72106.11767300402,2000,2025-09-22
2025-09-23,09:25,BUY,1000,74.72,74794.71999999999,10.875152287999999,0.0,2699.4774792839744,0.0,3000,2025-09-22
2025-09-23,15:00,SELL,1000,70.87,70799.13,45.69375850200001,0.0,0.0,70753.436241498,2000,2025-09-23
2025-09-24,09:25,BUY,1000,68.8,68868.79999999999,10.01352352,0.0,0.0,1874.6227179780108,3000,2025-09-23
2025-09-24,15:00,SELL,1000,68.63,68561.37,44.249508198,0.0,0.0,70391.74320978,2000,2025-09-24
2025-09-25,09:25,BUY,1000,67.88,67947.87999999999,9.879621752,0.0,0.0,2433.983588028015,3000,2025-09-24
2025-09-25,15:00,SELL,1000,68.46,68391.54,44.139899916,0.0,0.0,70781.38368811201,2000,2025-09-25
2025-09-26,09:25,BUY,1000,67.55,67617.54999999999,9.83159177,0.0,0.0,3154.0020963420247,3000,2025-09-25
2025-09-26,15:00,SELL,1000,64.87,64805.130000000005,41.825230902,0.0,0.0,67917.30686544003,2000,2025-09-26
2025-09-29,09:25,BUY,1000,64.85,64914.849999999984,9.438619189999997,0.0,0.0,2993.018246250045,3000,2025-09-26
2025-09-29,15:00,SELL,1000,66.58,66513.42,42.927761268000005,0.0,0.0,69463.51048498205,2000,2025-09-29
2025-09-30,09:25,BUY,1000,66.8,66866.79999999999,9.722432719999999,0.0,0.0,2586.988052262066,3000,2025-09-29
2025-09-30,15:00,SELL,1000,66.01,65943.99,42.560251146000006,0.0,0.0,68488.41780111607,2000,2025-09-30
2025-10-09,09:25,BUY,1000,67.11,67177.10999999999,9.767551794,0.0,0.0,1301.54024932209,3000,2025-09-30
2025-10-09,15:00,SELL,1000,68.45,68381.55,44.13345237,0.0,0.0,69638.95679695209,2000,2025-10-09
2025-10-10,09:25,BUY,1000,68.31,68378.31,9.942206274,0.0,0.0,1250.704590678084,3000,2025-10-09
2025-10-10,15:00,SELL,1000,66.41,66343.59,42.818152986,0.0,0.0,67551.47643769208,2000,2025-10-10
2025-10-13,09:25,BUY,1000,61.0,61060.99999999999,8.878269399999999,0.0,0.0,6481.59816829209,3000,2025-10-10
2025-10-13,15:00,SELL,1000,63.48,63416.52,40.929022008000004,0.0,0.0,69857.18914628409,2000,2025-10-13
2025-10-14,09:25,BUY,1000,64.99,65054.98999999998,9.458995545999999,0.0,0.0,4792.7401507381,3000,2025-10-13
2025-10-14,15:00,SELL,1000,59.72,59660.28,38.504744712000004,0.0,0.0,64414.5154060261,2000,2025-10-14
2025-10-15,09:25,BUY,1000,59.72,59779.719999999994,8.691971288,0.0,0.0,4626.103434738106,3000,2025-10-14
2025-10-15,15:00,SELL,1000,63.38,63316.62,40.86454654800001,0.0,0.0,67901.85888819011,2000,2025-10-15
2025-10-16,09:25,BUY,1000,62.0,62061.99999999999,9.0238148,0.0,0.0,5830.835073390117,3000,2025-10-15
2025-10-16,15:00,SELL,1000,63.59,63526.41,40.999945014000005,0.0,0.0,69316.24512837612,2000,2025-10-16
2025-10-17,09:25,BUY,1000,63.0,63062.99999999999,9.1693602,0.0,0.0,6244.075768176124,3000,2025-10-16
2025-10-17,15:00,SELL,1000,60.01,59949.99,38.691723546000006,0.0,0.0,66155.37404463012,2000,2025-10-17
2025-10-20,09:25,BUY,1000,62.0,62061.99999999999,9.0238148,0.0,0.0,4084.350229830132,3000,2025-10-17
2025-10-20,15:00,SELL,1000,62.06,61997.94,40.013470476,0.0,0.0,66042.27675935414,2000,2025-10-20
2025-10-21,09:25,BUY,1000,62.94,63002.939999999995,9.160627476,0.0,0.0,3030.1761318781428,3000,2025-10-20
2025-10-21,15:00,SELL,1000,68.0,67932.0,43.84331280000001,0.0,0.0,70918.33281907815,2000,2025-10-21
2025-10-22,09:25,BUY,1000,66.99,67056.98999999999,9.750086346,0.0,0.0,3851.592732732155,3000,2025-10-21
2025-10-22,15:00,SELL,1000,65.46,65394.53999999999,42.205636116,0.0,0.0,69203.92709661616,2000,2025-10-22
2025-10-23,09:25,BUY,1000,64.8,64864.799999999996,9.43134192,0.0,0.0,4329.695754696164,3000,2025-10-22
2025-10-23,15:00,SELL,1000,63.99,63926.01,41.25784685400001,0.0,0.0,68214.44790784217,2000,2025-10-23
2025-10-24,09:25,BUY,1000,65.18,65245.18,9.486649172,0.0,0.0,2959.7812586701693,3000,2025-10-23
2025-10-24,15:00,SELL,1000,67.25,67182.75,43.35974685000001,0.0,0.0,70099.17151182017,2000,2025-10-24
2025-10-27,09:25,BUY,1000,69.26,69329.26,10.080474404,0.0,0.0,759.8310374161665,3000,2025-10-24
2025-10-27,15:00,SELL,1000,72.76,72687.24,46.912344696000005,0.0,0.0,73400.15869272017,2000,2025-10-27
2025-10-28,09:25,BUY,1000,71.18,71251.18,10.359921572,0.0,0.0,2138.618771148176,3000,2025-10-27
2025-10-28,15:00,SELL,1000,73.99,73916.01,47.705392853999996,0.0,0.0,76006.92337829417,2000,2025-10-28
2025-10-29,09:25,BUY,1000,78.12,78198.12,11.370006648,0.0,2202.5666283538158,0.0,3000,2025-10-28
2025-10-29,15:00,SELL,1000,80.8,80719.2,52.09617168,0.0,0.0,80667.10382832,2000,2025-10-29
2025-10-30,09:25,BUY,1000,80.0,80079.99999999999,11.643632,0.0,0.0,575.4601963200112,3000,2025-10-29
2025-10-30,15:00,SELL,1000,77.97,77892.03,50.271516162000005,0.0,0.0,78417.21868015801,2000,2025-10-30
2025-10-31,09:25,BUY,1000,77.95,78027.95,11.345263930000002,0.0,0.0,377.92341622801905,3000,2025-10-30
2025-10-31,15:00,SELL,1000,72.0,71928.0,46.4223312,0.0,0.0,72259.50108502802,2000,2025-10-31
2025-11-03,09:25,BUY,1000,70.36,70430.35999999999,10.240574343999999,0.0,0.0,1818.900510684034,3000,2025-10-31
2025-11-03,15:00,SELL,1000,74.89,74815.11,48.285671994000005,0.0,0.0,76585.72483869003,2000,2025-11-03
2025-11-04,09:25,BUY,1000,74.77,74844.76999999999,10.882429558,0.0,0.0,1730.0724091320444,3000,2025-11-03
2025-11-04,15:00,SELL,1000,73.49,73416.51,47.383015553999996,0.0,0.0,75099.19939357803,2000,2025-11-04
2025-11-05,09:25,BUY,1000,70.31,70380.31,10.233297074000001,0.0,0.0,4708.656096504041,3000,2025-11-04
2025-11-05,15:00,SELL,1000,75.24,75164.76,48.511336104,0.0,0.0,79824.90476040004,2000,2025-11-05
2025-11-06,09:25,BUY,1000,75.24,75315.23999999999,10.950835896,0.0,0.0,4498.713924504045,3000,2025-11-05
2025-11-06,15:00,SELL,1000,76.22,76143.78,49.143195612,0.0,0.0,80593.35072889204,2000,2025-11-06
2025-11-07,09:25,BUY,1000,74.07,74144.06999999999,10.780547778,0.0,0.0,6438.500181114039,3000,2025-11-06
2025-11-07,15:00,SELL,1000,72.7,72627.3,46.87365942,0.0,0.0,79018.92652169404,2000,2025-11-07
2025-11-10,09:25,BUY,1000,72.0,72071.99999999999,10.479268799999998,0.0,0.0,6936.447252894053,3000,2025-11-07
2025-11-10,15:00,SELL,1000,71.5,71428.5,46.0999539,0.0,0.0,78318.84729899405,2000,2025-11-10
2025-11-11,09:25,BUY,1000,72.0,72071.99999999999,10.479268799999998,0.0,0.0,6236.368030194062,3000,2025-11-10
2025-11-11,15:00,SELL,1000,68.03,67961.97,43.862655438000004,0.0,0.0,74154.47537475606,2000,2025-11-11
2025-11-12,09:25,BUY,1000,66.45,66516.45,9.671491829999999,0.0,0.0,7628.353882926065,3000,2025-11-11
2025-11-12,15:00,SELL,1000,68.6,68531.4,44.23016556,0.0,0.0,76115.52371736606,2000,2025-11-12
2025-11-13,09:25,BUY,1000,67.58,67647.57999999999,9.835958132,0.0,0.0,8458.107759234073,3000,2025-11-12
2025-11-13,15:00,SELL,1000,67.99,67922.01,43.836865254,0.0,0.0,76336.28089398007,2000,2025-11-13
2025-11-14,09:25,BUY,1000,65.8,65865.79999999999,9.57688732,0.0,0.0,10460.904006660086,3000,2025-11-13
2025-11-14,15:00,SELL,1000,64.27,64205.729999999996,41.438378142,0.0,0.0,74625.1956285181,2000,2025-11-14
2025-11-17,09:25,BUY,1000,64.39,64454.38999999999,9.371668306,0.0,0.0,10161.433960212104,3000,2025-11-14
2025-11-17,15:00,SELL,1000,64.94,64875.06,41.870363724,0.0,0.0,74994.62359648809,2000,2025-11-17
2025-11-18,09:25,BUY,1000,63.65,63713.649999999994,9.26396471,0.0,0.0,11271.709631778096,3000,2025-11-17
2025-11-18,15:00,SELL,1000,64.72,64655.28,41.728517712000006,0.0,0.0,75885.26111406609,2000,2025-11-18
2025-11-19,09:25,BUY,1000,64.5,64564.49999999999,9.3876783,0.0,0.0,11311.373435766094,3000,2025-11-18
2025-11-19,15:00,SELL,1000,65.06,64994.94,41.947734276000006,0.0,0.0,76264.3657014901,2000,2025-11-19
2025-11-20,09:25,BUY,1000,68.06,68128.06,9.905819924,0.0,0.0,8126.399881566103,3000,2025-11-19
2025-11-20,15:00,SELL,1000,65.94,65874.06,42.515118324,0.0,0.0,73957.9447632421,2000,2025-11-20
2025-11-21,09:25,BUY,1000,63.05,63113.049999999996,9.17663747,0.0,0.0,10835.71812577211,3000,2025-11-20
2025-11-21,15:00,SELL,1000,60.67,60609.33,39.117261582000005,0.0,0.0,71405.9308641901,2000,2025-11-21
2025-11-24,09:25,BUY,1000,61.0,61060.99999999999,8.878269399999999,0.0,0.0,10336.052594790111,3000,2025-11-21
2025-11-24,15:00,SELL,1000,55.94,55884.06,36.067572324000004,0.0,0.0,66184.0450224661,2000,2025-11-24
2025-11-25,09:25,BUY,1000,56.36,56416.35999999999,8.202938743999999,0.0,0.0,9759.482083722112,3000,2025-11-24
2025-11-25,15:00,SELL,1000,56.61,56553.39,36.499557906,0.0,0.0,66276.37252581611,2000,2025-11-25
2025-11-26,09:25,BUY,1000,55.31,55365.30999999999,8.050116073999998,0.0,0.0,10903.012409742121,3000,2025-11-25
2025-11-26,15:00,SELL,1000,58.93,58871.07,37.995388578000004,0.0,0.0,69736.08702116413,2000,2025-11-26
2025-11-27,09:25,BUY,1000,60.02,60080.02,8.735634908,0.0,0.0,9647.331386256134,3000,2025-11-26
2025-11-27,15:00,SELL,1000,60.27,60209.73,38.85935974200001,0.0,0.0,69818.20202651413,2000,2025-11-27
2025-11-28,09:25,BUY,1000,60.24,60300.23999999999,8.767654895999998,0.0,0.0,9509.194371618141,3000,2025-11-27
2025-11-28,15:00,SELL,1000,60.72,60659.28,39.149499312,0.0,0.0,70129.32487230614,2000,2025-11-28
2025-12-01,09:25,BUY,1000,60.03,60090.02999999999,8.737090361999998,0.0,0.0,10030.557781944146,3000,2025-11-28
2025-12-01,15:00,SELL,1000,59.81,59750.19,38.562772626000005,0.0,0.0,69742.18500931814,2000,2025-12-01
2025-12-02,09:25,BUY,1000,59.83,59889.829999999994,8.707981282,0.0,0.0,9843.647028036146,3000,2025-12-01
2025-12-02,15:00,SELL,1000,60.96,60899.04,39.304240416000006,0.0,0.0,70703.38278762015,2000,2025-12-02
2025-12-03,09:25,BUY,1000,61.0,61060.99999999999,8.878269399999999,0.0,0.0,9633.504518220165,3000,2025-12-02
2025-12-03,15:00,SELL,1000,61.68,61618.32,39.768463728,0.0,0.0,71212.05605449216,2000,2025-12-03
2025-12-04,09:25,BUY,1000,60.88,60940.87999999999,8.860803952,0.0,0.0,10262.315250540174,3000,2025-12-03
2025-12-04,15:00,SELL,1000,61.4,61338.6,39.58793244,0.0,0.0,71561.32731810017,2000,2025-12-04
2025-12-05,09:25,BUY,1000,61.99,62051.98999999999,9.022359346,0.0,0.0,9500.314958754177,3000,2025-12-04
2025-12-05,15:00,SELL,1000,61.12,61058.88,39.407401152,0.0,0.0,70519.78755760218,2000,2025-12-05
2025-12-08,09:25,BUY,1000,60.75,60810.74999999999,8.84188305,0.0,0.0,9700.195674552182,3000,2025-12-05
2025-12-08,15:00,SELL,1000,63.41,63346.59,40.883889186000005,0.0,0.0,73005.90178536618,2000,2025-12-08
2025-12-09,09:25,BUY,1000,64.0,64063.99999999999,9.3149056,0.0,0.0,8932.58687976619,3000,2025-12-08
2025-12-09,15:00,SELL,1000,67.99,67922.01,43.836865254,0.0,0.0,76810.7600145122,2000,2025-12-09
2025-12-10,09:25,BUY,1000,66.84,66906.84,9.728254536000001,0.0,0.0,9894.191759976195,3000,2025-12-09
2025-12-10,15:00,SELL,1000,65.21,65144.78999999999,42.044447466,0.0,0.0,74996.93731251018,2000,2025-12-10
2025-12-11,09:25,BUY,1000,64.01,64074.01,9.316361054000001,0.0,0.0,10913.610951456183,3000,2025-12-10
2025-12-11,15:00,SELL,1000,62.3,62237.7,40.168211580000005,0.0,0.0,73111.14273987617,2000,2025-12-11
2025-12-12,09:25,BUY,1000,61.0,61060.99999999999,8.878269399999999,0.0,0.0,12041.264470476184,3000,2025-12-11
2025-12-12,15:00,SELL,1000,61.75,61688.25,39.81359655,0.0,0.0,73689.7008739262,2000,2025-12-12
2025-12-15,09:25,BUY,1000,59.5,59559.49999999999,8.6599513,0.0,0.0,14121.540922626205,3000,2025-12-12
2025-12-15,15:00,SELL,1000,59.14,59080.86,38.130787044,0.0,0.0,73164.2701355822,2000,2025-12-15
2025-12-16,09:25,BUY,1000,58.95,59008.95,8.57990133,0.0,0.0,14146.740234252211,3000,2025-12-15
2025-12-16,15:00,SELL,1000,58.95,58891.05,38.008283670000004,0.0,0.0,72999.78195058221,2000,2025-12-16
2025-12-17,09:25,BUY,1000,59.1,59159.09999999999,8.601733139999999,0.0,0.0,13832.08021744222,3000,2025-12-16
2025-12-17,15:00,SELL,1000,61.5,61438.5,39.6524079,0.0,0.0,75230.92780954222,2000,2025-12-17
2025-12-18,09:25,BUY,1000,59.56,59619.55999999999,8.668684024,0.0,0.0,15602.69912551823,3000,2025-12-17
2025-12-18,15:00,SELL,1000,58.28,58221.72,37.576298088,0.0,0.0,73786.84282743023,2000,2025-12-18
2025-12-19,09:25,BUY,1000,59.19,59249.189999999995,8.614832226,0.0,0.0,14529.037995204235,3000,2025-12-18
2025-12-19,15:00,SELL,1000,58.3,58241.7,37.58919318,0.0,0.0,72733.14880202423,2000,2025-12-19
2025-12-22,09:25,BUY,1000,59.47,59529.469999999994,8.655584938,0.0,0.0,13195.02321708623,3000,2025-12-19
2025-12-22,15:00,SELL,1000,60.62,60559.38,39.085023852,0.0,0.0,73715.31819323423,2000,2025-12-22
2025-12-23,09:25,BUY,1000,60.56,60620.55999999999,8.814229423999999,0.0,0.0,13085.943963810234,3000,2025-12-22
2025-12-23,15:00,SELL,1000,62.86,62797.14,40.529274156,0.0,0.0,75842.55468965424,2000,2025-12-23
2025-12-24,09:25,BUY,1000,64.18,64244.18,9.341103772,0.0,0.0,11589.033585882236,3000,2025-12-23
2025-12-24,15:00,SELL,1000,65.14,65074.86,41.999314644,0.0,0.0,76621.89427123824,2000,2025-12-24
2025-12-25,09:25,BUY,1000,65.4,65465.4,9.518669160000002,0.0,0.0,11146.975602078237,3000,2025-12-24
2025-12-25,15:00,SELL,1000,66.72,66653.28,43.018026912,0.0,0.0,77757.23757516623,2000,2025-12-25
2025-12-26,09:25,BUY,1000,66.5,66566.49999999999,9.6787691,0.0,0.0,11181.058806066241,3000,2025-12-25
2025-12-26,15:00,SELL,1000,63.84,63776.16,41.161133664000005,0.0,0.0,74916.05767240224,2000,2025-12-26
2025-12-29,09:25,BUY,1000,63.74,63803.73999999999,9.277063796,0.0,0.0,11103.04060860625,3000,2025-12-26
2025-12-29,15:00,SELL,1000,65.24,65174.759999999995,42.063790104,0.0,0.0,76235.73681850225,2000,2025-12-29
2025-12-30,09:25,BUY,1000,63.8,63863.799999999996,9.28579652,0.0,0.0,12362.651021982252,3000,2025-12-29
2025-12-30,15:00,SELL,1000,64.23,64165.770000000004,41.41258795800001,0.0,0.0,76487.00843402426,2000,2025-12-30
2025-12-31,09:25,BUY,1000,64.24,64304.23999999998,9.349836495999998,0.0,0.0,12173.418597528274,3000,2025-12-30
2025-12-31,15:00,SELL,1000,62.05,61987.95,40.007022930000005,0.0,0.0,74121.36157459827,2000,2025-12-31
2026-01-05,09:25,BUY,1000,63.29,63353.28999999999,9.211568366,0.0,0.0,10758.860006232273,3000,2025-12-31
2026-01-05,15:00,SELL,1000,63.67,63606.33,41.05152538200001,0.0,0.0,74324.13848085028,2000,2026-01-05
2026-01-06,09:25,BUY,1000,63.67,63733.66999999999,9.266875618,0.0,0.0,10581.201605232287,3000,2026-01-05
2026-01-06,15:00,SELL,1000,64.05,63985.95,41.29653213,0.0,0.0,74525.85507310228,2000,2026-01-06
2026-01-07,09:25,BUY,1000,63.41,63473.409999999996,9.229033814,0.0,0.0,11043.216039288287,3000,2026-01-06
2026-01-07,15:00,SELL,1000,63.15,63086.85,40.71625299,0.0,0.0,74089.34978629829,2000,2026-01-07
2026-01-08,09:25,BUY,1000,63.31,63373.30999999999,9.214479274,0.0,0.0,10706.8253070243,3000,2026-01-07
2026-01-08,15:00,SELL,1000,61.33,61268.67,39.542799618000004,0.0,0.0,71935.9525074063,2000,2026-01-08
2026-01-09,09:25,BUY,1000,60.5,60560.49999999999,8.8054967,0.0,0.0,11366.647010706307,3000,2026-01-08
2026-01-09,15:00,SELL,1000,61.48,61418.52,39.639512808000006,0.0,0.0,72745.5274978983,2000,2026-01-09
2026-01-12,09:25,BUY,1000,61.49,61551.48999999999,8.949586646,0.0,0.0,11185.087911252318,3000,2026-01-09
2026-01-12,15:00,SELL,1000,60.93,60869.07,39.284897778,0.0,0.0,72014.87301347431,2000,2026-01-12
2026-01-13,09:25,BUY,1000,60.78,60840.77999999999,8.846249412,0.0,0.0,11165.246764062314,3000,2026-01-12
2026-01-13,15:00,SELL,1000,59.43,59370.57,38.317765878,0.0,0.0,70497.49899818431,2000,2026-01-13
2026-01-14,09:25,BUY,1000,60.1,60160.09999999999,8.74727854,0.0,0.0,10328.651719644316,3000,2026-01-13
2026-01-14,15:00,SELL,1000,60.0,59940.0,38.685276,0.0,0.0,70229.96644364431,2000,2026-01-14
2026-01-15,09:25,BUY,1000,59.3,59359.299999999996,8.63084222,0.0,0.0,10862.035601424315,3000,2026-01-14
2026-01-15,15:00,SELL,1000,60.79,60729.21,39.194632134,0.0,0.0,71552.05096929031,2000,2026-01-15
2026-01-16,09:25,BUY,1000,61.2,61261.19999999999,8.90737848,0.0,0.0,10281.943590810326,3000,2026-01-15
2026-01-16,15:00,SELL,1000,63.0,62937.0,40.6195398,66.0,0.0,73772.32405101034,2000,2026-01-16
2026-01-19,09:25,BUY,1000,62.11,62172.10999999999,9.039824794,0.0,0.0,11591.174226216339,3000,2026-01-16
2026-01-19,15:00,SELL,1000,60.9,60839.1,39.265555140000004,66.0,0.0,72325.00867107633,2000,2026-01-19
2026-01-20,09:25,BUY,1000,60.3,60360.299999999996,8.77638762,0.0,0.0,11955.932283456335,3000,2026-01-19
2026-01-20,15:00,SELL,1000,59.67,59610.33,38.472506982,0.0,0.0,71527.78977647434,2000,2026-01-20
2026-01-21,09:25,BUY,1000,58.71,58768.70999999999,8.544970434,0.0,0.0,12750.534806040348,3000,2026-01-20
2026-01-21,15:00,SELL,1000,61.56,61498.44,39.691093176,0.0,0.0,74209.28371286436,2000,2026-01-21
2026-01-22,09:25,BUY,1000,61.69,61751.689999999995,8.978695726,0.0,0.0,12448.615017138363,3000,2026-01-21
2026-01-22,15:00,SELL,1000,62.75,62687.25,40.458351150000006,0.0,0.0,75095.40666598835,2000,2026-01-22
2026-01-23,09:25,BUY,1000,62.0,62061.99999999999,9.0238148,0.0,0.0,13024.382851188362,3000,2026-01-22
2026-01-23,15:00,SELL,1000,60.11,60049.89,38.756199006,0.0,0.0,73035.51665218236,2000,2026-01-23
2026-01-26,09:25,BUY,1000,60.09,60150.09,8.745823086,0.0,0.0,12876.68082909636,3000,2026-01-23
2026-01-26,15:00,SELL,1000,59.26,59200.74,38.208157596,0.0,0.0,72039.21267150037,2000,2026-01-26
2026-01-27,09:25,BUY,1000,59.51,59569.509999999995,8.661406754,0.0,0.0,12461.041264746375,3000,2026-01-26
2026-01-27,15:00,SELL,1000,60.97,60909.03,39.310687962,0.0,0.0,73330.76057678438,2000,2026-01-27
2026-01-28,09:25,BUY,1000,62.3,62362.299999999996,9.06747842,0.0,0.0,10959.39309836438,3000,2026-01-27
2026-01-28,15:00,SELL,1000,60.69,60629.31,39.130156674,0.0,0.0,71549.57294169038,2000,2026-01-28
2026-01-29,09:25,BUY,1000,60.68,60740.67999999999,8.831694872,0.0,0.0,10800.061246818383,3000,2026-01-28
2026-01-29,15:00,SELL,1000,57.6,57542.4,37.13786496,0.0,0.0,68305.32338185838,2000,2026-01-29
2026-01-30,09:25,BUY,1000,57.0,57056.99999999999,8.296087799999999,0.0,0.0,11240.027294058389,3000,2026-01-29
2026-01-30,15:00,SELL,1000,57.7,57642.3,37.202340420000006,0.0,0.0,68845.12495363838,2000,2026-01-30
2026-02-02,09:25,BUY,1000,56.8,56856.799999999996,8.266978720000001,0.0,0.0,11980.057974918389,3000,2026-01-30
2026-02-02,15:00,SELL,1000,55.68,55624.32,35.89993612800001,0.0,0.0,67568.47803879039,2000,2026-02-02
2026-02-03,09:25,BUY,1000,56.3,56356.299999999996,8.19420602,0.0,0.0,11203.983832770391,3000,2026-02-02
2026-02-03,15:00,SELL,1000,55.75,55694.25,35.94506895000001,0.0,0.0,66862.2887638204,2000,2026-02-03
2026-02-04,09:25,BUY,1000,54.69,54744.689999999995,7.959877926,0.0,0.0,12109.638885894405,3000,2026-02-03
2026-02-04,15:00,SELL,1000,53.41,53356.59,34.436343186,0.0,0.0,65431.792542708405,2000,2026-02-04
2026-02-05,09:25,BUY,1000,52.27,52322.27,7.607658058,0.0,0.0,13101.91488465041,3000,2026-02-04
2026-02-05,15:00,SELL,1000,53.88,53826.12,34.739377848000004,0.0,0.0,66893.29550680242,2000,2026-02-05
2026-02-06,09:25,BUY,1000,53.0,53052.99999999999,7.713906199999999,0.0,0.0,13832.581600602425,3000,2026-02-05
2026-02-06,15:00,SELL,1000,54.4,54345.6,35.074650240000004,0.0,0.0,68143.10695036242,2000,2026-02-06
2026-02-09,09:25,BUY,1000,56.2,56256.2,8.17965148,0.0,0.0,11878.727298882419,3000,2026-02-06
2026-02-09,15:00,SELL,1000,55.52,55464.48,35.796775392,0.0,0.0,67307.41052349043,2000,2026-02-09
2026-02-10,09:25,BUY,1000,55.73,55785.729999999996,8.111245142,0.0,0.0,11513.569278348434,3000,2026-02-09
2026-02-10,15:00,SELL,1000,56.07,56013.93,36.151390422,0.0,0.0,67491.34788792644,2000,2026-02-10
2026-02-11,09:25,BUY,1000,55.6,55655.59999999999,8.09232424,0.0,0.0,11827.65556368645,3000,2026-02-10
2026-02-11,15:00,SELL,1000,55.2,55144.8,35.59045392,0.0,0.0,66936.86510976646,2000,2026-02-11
2026-02-12,09:25,BUY,1000,55.35,55405.34999999999,8.05593789,0.0,0.0,11523.459171876464,3000,2026-02-11
2026-02-12,15:00,SELL,1000,55.33,55274.67,35.674272018,0.0,0.0,66762.45489985847,2000,2026-02-12
2026-02-13,09:25,BUY,1000,54.45,54504.45,7.92494703,0.0,0.0,12250.07995282847,3000,2026-02-12
2026-02-13,15:00,SELL,1000,54.75,54695.25,35.30031435,0.0,0.0,66910.02963847847,2000,2026-02-13
2026-02-24,09:25,BUY,1000,55.41,55465.409999999996,8.064670614,0.0,0.0,11436.554967864475,3000,2026-02-13
2026-02-24,15:00,SELL,1000,55.38,55324.62,35.706509748,0.0,0.0,66725.46845811648,2000,2026-02-24
2026-02-25,09:25,BUY,1000,55.81,55865.80999999999,8.122888774,0.0,0.0,10851.535569342486,3000,2026-02-24
2026-02-25,15:00,SELL,1000,57.39,57332.61,37.002466494000004,0.0,0.0,68147.1431028485,2000,2026-02-25
2026-02-26,09:25,BUY,1000,57.4,57457.399999999994,8.35430596,0.0,0.0,10681.388796888503,3000,2026-02-25
2026-02-26,15:00,SELL,1000,57.95,57892.05,37.363529070000006,0.0,0.0,68536.07526781851,2000,2026-02-26
2026-02-27,09:25,BUY,1000,56.3,56356.299999999996,8.19420602,0.0,0.0,12171.581061798512,3000,2026-02-26
2026-02-27,15:00,SELL,1000,55.7,55644.3,35.91283122,0.0,0.0,67779.96823057852,2000,2026-02-27
2026-03-02,09:25,BUY,1000,54.0,54053.99999999999,7.8594516,0.0,0.0,13718.10877897853,3000,2026-02-27
2026-03-02,15:00,SELL,1000,55.53,55474.47,35.803222938000005,0.0,0.0,69156.77555604053,2000,2026-03-02
2026-03-03,09:25,BUY,1000,55.84,55895.84,8.127255136,0.0,0.0,13252.808300904537,3000,2026-03-02
2026-03-03,15:00,SELL,1000,54.88,54825.12,35.384132448,0.0,0.0,68042.54416845654,2000,2026-03-03
2026-03-04,09:25,BUY,1000,53.98,54033.979999999996,7.856540692,0.0,0.0,14000.707627764546,3000,2026-03-03
2026-03-04,15:00,SELL,1000,53.76,53706.24,34.662007296,0.0,0.0,67672.28562046855,2000,2026-03-04
2026-03-05,09:25,BUY,1000,54.79,54844.78999999999,7.974432466,0.0,0.0,12819.52118800256,3000,2026-03-04
2026-03-05,15:00,SELL,1000,55.1,55044.9,35.525978460000005,0.0,0.0,67828.89520954256,2000,2026-03-05
2026-03-06,09:25,BUY,1000,54.8,54854.799999999996,7.97588792,0.0,0.0,12966.119321622566,3000,2026-03-05
2026-03-06,15:00,SELL,1000,54.33,54275.67,35.029517418,0.0,0.0,67206.75980420457,2000,2026-03-06
2026-03-09,09:25,BUY,1000,52.76,52812.759999999995,7.678975304000001,0.0,0.0,14386.320828900578,3000,2026-03-06
2026-03-09,15:00,SELL,1000,52.79,52737.21,34.036595334000005,0.0,0.0,67089.49423356657,2000,2026-03-09
2026-03-10,09:25,BUY,1000,53.63,53683.63,7.805599802000001,0.0,0.0,13398.058633764573,3000,2026-03-09
2026-03-10,15:00,SELL,1000,54.36,54305.64,35.048860056,0.0,0.0,67668.64977370857,2000,2026-03-10
2026-03-11,09:25,BUY,1000,54.7,54754.7,7.96133338,0.0,0.0,12905.988440328576,3000,2026-03-10
2026-03-11,15:00,SELL,1000,53.89,53836.11,34.745825394,0.0,0.0,66707.35261493459,2000,2026-03-11
2026-03-12,09:25,BUY,1000,53.9,53953.899999999994,7.844897059999999,0.0,0.0,12745.60771787459,3000,2026-03-11
2026-03-12,15:00,SELL,1000,52.54,52487.46,33.875406684,0.0,0.0,65199.19231119059,2000,2026-03-12
2026-03-13,09:25,BUY,1000,52.02,52072.02,7.571271707999999,0.0,0.0,13119.601039482593,3000,2026-03-12
2026-03-13,15:00,SELL,1000,52.49,52437.51,33.84316895400001,0.0,0.0,65523.267870528594,2000,2026-03-13
2026-03-16,09:25,BUY,1000,52.18,52232.17999999999,7.594558972,0.0,0.0,13283.493311556602,3000,2026-03-13
2026-03-16,15:00,SELL,1000,52.7,52647.3,33.978567420000005,0.0,0.0,65896.8147441366,2000,2026-03-16
2026-03-17,09:25,BUY,1000,52.99,53042.98999999999,7.712450745999999,0.0,0.0,12846.112293390608,3000,2026-03-16
2026-03-17,15:00,SELL,1000,50.9,50849.1,32.81800914,0.0,0.0,63662.39428425061,2000,2026-03-17
2026-03-18,09:25,BUY,1000,51.3,51351.299999999996,7.4664790199999995,0.0,0.0,12303.627805230615,3000,2026-03-17
2026-03-18,15:00,SELL,1000,52.06,52007.94,33.565924476000006,0.0,0.0,64278.001880754615,2000,2026-03-18
2026-03-19,09:25,BUY,1000,51.0,51050.99999999999,7.422815399999999,0.0,0.0,13219.579065354621,3000,2026-03-18
2026-03-19,15:00,SELL,1000,50.46,50409.54,32.534317116000004,0.0,0.0,63596.58474823862,2000,2026-03-19
2026-03-20,09:25,BUY,1000,50.98,51030.979999999996,7.419904492,0.0,0.0,12558.184843746625,3000,2026-03-19
2026-03-20,15:00,SELL,1000,50.3,50249.7,32.431156380000004,0.0,0.0,62775.45368736662,2000,2026-03-20
2026-03-23,09:25,BUY,1000,48.95,48998.95,7.124447330000001,0.0,0.0,13769.379240036622,3000,2026-03-20
2026-03-23,15:00,SELL,1000,47.6,47552.4,30.690318960000003,0.0,0.0,61291.088921076625,2000,2026-03-23
2026-03-24,09:25,BUY,1000,48.57,48618.56999999999,7.069140077999999,0.0,0.0,12665.449780998635,3000,2026-03-23
2026-03-24,15:00,SELL,1000,48.84,48791.16,31.489814664000004,0.0,0.0,61425.11996633464,2000,2026-03-24
2026-03-25,09:25,BUY,1000,49.39,49439.38999999999,7.188487305999999,0.0,0.0,11978.541479028652,3000,2026-03-24
2026-03-25,15:00,SELL,1000,50.31,50259.69,32.437603926,0.0,0.0,62205.79387510265,2000,2026-03-25
2026-03-26,09:25,BUY,1000,50.0,50049.99999999999,7.27727,0.0,0.0,12148.51660510266,3000,2026-03-25
2026-03-26,15:00,SELL,1000,49.74,49690.26,32.070093804,0.0,0.0,61806.70651129866,2000,2026-03-26
2026-03-27,09:25,BUY,1000,48.63,48678.63,7.077872802000001,0.0,0.0,13120.998638496661,3000,2026-03-26
2026-03-27,15:00,SELL,1000,49.53,49480.47,31.934695338,0.0,0.0,62569.53394315866,2000,2026-03-27
2026-03-30,09:25,BUY,1000,48.46,48508.45999999999,7.053130083999999,0.0,0.0,14054.020813074669,3000,2026-03-27
2026-03-30,15:00,SELL,1000,49.27,49220.73,31.767059142000004,0.0,0.0,63242.98375393267,2000,2026-03-30
2026-03-31,09:25,BUY,1000,49.0,49048.99999999999,7.1317246,0.0,0.0,14186.852029332673,3000,2026-03-30
2026-03-31,15:00,SELL,1000,51.46,51408.54,33.179071716,0.0,0.0,65562.21295761668,2000,2026-03-31
2026-04-01,09:25,BUY,1000,53.0,53052.99999999999,7.713906199999999,0.0,0.0,12501.499051416686,3000,2026-03-31
2026-04-01,15:00,SELL,1000,53.32,53266.68,34.378315272,0.0,0.0,65733.80073614468,2000,2026-04-01
2026-04-02,09:25,BUY,1000,52.66,52712.659999999996,7.664420764,0.0,0.0,13013.476315380685,3000,2026-04-01
2026-04-02,15:00,SELL,1000,52.0,51948.0,33.527239200000004,0.0,0.0,64927.94907618069,2000,2026-04-02
2026-04-03,09:25,BUY,1000,52.6,52652.59999999999,7.655688039999999,0.0,0.0,12267.693388140695,3000,2026-04-02
2026-04-03,15:00,SELL,1000,52.18,52127.82,33.643295028000004,0.0,0.0,64361.870093112695,2000,2026-04-03
2026-04-07,09:25,BUY,1000,52.98,53032.979999999996,7.710995292,0.0,0.0,11321.1790978207,3000,2026-04-03
2026-04-07,15:00,SELL,1000,52.58,52527.42,33.901196868,0.0,0.0,63814.6979009527,2000,2026-04-07
2026-04-08,09:25,BUY,1000,54.16,54214.159999999996,7.882738864,0.0,0.0,9592.655162088704,3000,2026-04-07
2026-04-08,15:00,SELL,1000,56.61,56553.39,36.499557906,0.0,0.0,66109.5456041827,2000,2026-04-08
2026-04-09,09:25,BUY,1000,55.0,55054.99999999999,8.004997,0.0,0.0,11046.54060718271,3000,2026-04-08
2026-04-09,15:00,SELL,1000,55.02,54964.98,35.474398092,0.0,0.0,65976.04620909071,2000,2026-04-09
2026-04-10,09:25,BUY,1000,55.6,55655.59999999999,8.09232424,0.0,0.0,10312.353884850716,3000,2026-04-09
2026-04-10,15:00,SELL,1000,56.52,56463.48,36.441529992,0.0,0.0,66739.39235485872,2000,2026-04-10
2026-04-13,09:25,BUY,1000,56.0,56055.99999999999,8.150542399999999,0.0,0.0,10675.241812458728,3000,2026-04-10
2026-04-13,15:00,SELL,1000,55.7,55644.3,35.91283122,0.0,0.0,66283.62898123873,2000,2026-04-13
2026-04-14,09:25,BUY,1000,56.47,56526.469999999994,8.218948738,0.0,0.0,9748.94003250073,3000,2026-04-13
2026-04-14,15:00,SELL,1000,58.92,58861.08,37.988941032,0.0,0.0,68572.03109146873,2000,2026-04-14
2026-04-15,09:25,BUY,1000,59.36,59419.35999999999,8.639574944,0.0,0.0,9144.031516524738,3000,2026-04-14
2026-04-15,15:00,SELL,1000,57.82,57762.18,37.279710972000004,0.0,0.0,66868.93180555274,2000,2026-04-15
2026-04-16,09:25,BUY,1000,57.99,58047.98999999999,8.440177746,0.0,0.0,8812.501627806749,3000,2026-04-15
2026-04-16,15:00,SELL,1000,59.32,59260.68,38.246842872,0.0,0.0,68034.93478493474,2000,2026-04-16
2026-04-17,09:25,BUY,1000,59.6,59659.59999999999,8.67450584,0.0,0.0,8366.66027909475,3000,2026-04-16
2026-04-17,15:00,SELL,1000,60.97,60909.03,39.310687962,0.0,0.0,69236.37959113275,2000,2026-04-17
2026-04-20,09:25,BUY,1000,61.89,61951.88999999999,9.007804806,0.0,0.0,7275.481786326753,3000,2026-04-17
2026-04-20,15:00,SELL,1000,61.51,61448.49,39.658855446000004,0.0,0.0,68684.31293088075,2000,2026-04-20
2026-04-21,09:25,BUY,1000,60.97,61030.969999999994,8.873903038,0.0,0.0,7644.469027842759,3000,2026-04-20
2026-04-21,15:00,SELL,1000,61.41,61348.59,39.594379986,0.0,0.0,68953.46464785674,2000,2026-04-21
2026-04-22,09:25,BUY,1000,61.19,61251.189999999995,8.905923026,0.0,0.0,7693.368724830747,3000,2026-04-21
2026-04-22,15:00,SELL,1000,66.89,66823.11,43.127635194,0.0,0.0,74473.35108963674,2000,2026-04-22
2026-04-23,09:25,BUY,1000,66.98,67046.98,9.748630892,0.0,0.0,7416.622458744736,3000,2026-04-22
2026-04-23,15:00,SELL,1000,67.92,67852.08,43.791732432,0.0,0.0,75224.91072631274,2000,2026-04-23
2026-04-24,09:25,BUY,1000,66.57,66636.56999999999,9.688957278,0.0,0.0,8578.65176903474,3000,2026-04-23
2026-04-24,15:00,SELL,1000,65.01,64944.990000000005,41.915496546,0.0,0.0,73481.72627248874,2000,2026-04-24
2026-04-27,09:25,BUY,1000,66.01,66076.01,9.607451853999999,0.0,0.0,7396.108820634749,3000,2026-04-24
2026-04-27,15:00,SELL,1000,67.25,67182.75,43.35974685000001,0.0,0.0,74535.49907378475,2000,2026-04-27
2026-04-28,09:25,BUY,1000,67.25,67317.24999999999,9.787928149999999,0.0,0.0,7208.461145634763,3000,2026-04-27
2026-04-28,15:00,SELL,1000,68.2,68131.8,43.97226372,0.0,0.0,75296.28888191476,2000,2026-04-28
2026-04-29,09:25,BUY,1000,67.77,67837.76999999999,9.863611758,0.0,0.0,7448.655270156771,3000,2026-04-28
2026-04-29,15:00,SELL,1000,66.26,66193.74,42.721439796000006,0.0,0.0,73599.67383036077,2000,2026-04-29
2026-04-30,09:25,BUY,1000,65.9,65965.9,9.59144186,0.0,0.0,7624.182388500776,3000,2026-04-29
2026-04-30,15:00,SELL,1000,62.88,62817.12,40.54216924800001,0.0,0.0,70400.76021925278,2000,2026-04-30
2026-05-06,09:25,BUY,1000,63.28,63343.27999999999,9.210112912,0.0,0.0,7048.270106340795,3000,2026-04-30
2026-05-06,15:00,SELL,1000,63.08,63016.92,40.671120168,0.0,0.0,70024.5189861728,2000,2026-05-06
2026-05-07,09:25,BUY,1000,64.09,64154.09,9.328004686000002,0.0,0.0,5861.100981486801,3000,2026-05-06
2026-05-07,15:00,SELL,1000,64.18,64115.82000000001,41.38035022800001,0.0,0.0,69935.5406312588,2000,2026-05-07
2026-05-08,09:25,BUY,1000,63.0,63062.99999999999,9.1693602,0.0,0.0,6863.371271058808,3000,2026-05-07
2026-05-08,15:00,SELL,1000,63.28,63216.72,40.800071088,0.0,0.0,70039.29119997082,2000,2026-05-08
2026-05-11,09:25,BUY,1000,64.2,64264.19999999999,9.344014679999999,0.0,0.0,5765.7471852908275,3000,2026-05-08
2026-05-11,15:00,SELL,1000,65.85,65784.15,42.45709041,0.0,0.0,71507.44009488082,2000,2026-05-11
2026-05-12,09:25,BUY,1000,65.87,65935.87,9.587075498,0.0,0.0,5561.983019382824,3000,2026-05-11
2026-05-12,15:00,SELL,1000,64.4,64335.600000000006,41.52219624000001,0.0,0.0,69856.06082314282,2000,2026-05-12
2026-05-13,09:25,BUY,1000,64.1,64164.099999999984,9.329460139999998,0.0,0.0,5682.631363002838,3000,2026-05-12
2026-05-13,15:00,SELL,1000,70.84,70769.16,45.674415864000004,0.0,0.0,76406.11694713883,2000,2026-05-13
2026-05-14,09:25,BUY,1000,74.0,74073.99999999999,10.770359599999999,0.0,0.0,2321.3465875388356,3000,2026-05-13
2026-05-14,15:00,SELL,1000,68.6,68531.4,44.23016556,0.0,0.0,70808.51642197883,2000,2026-05-14
2026-05-15,09:25,BUY,1000,69.5,69569.49999999999,10.115405299999999,0.0,0.0,1228.9010166788357,3000,2026-05-14
2026-05-15,15:00,SELL,1000,67.62,67552.38,43.59830605200001,0.0,0.0,68737.68271062685,2000,2026-05-15
2026-05-18,09:25,BUY,1000,65.88,65945.87999999999,9.588530952,0.0,0.0,2782.214179674862,3000,2026-05-15
2026-05-18,15:00,SELL,1000,68.98,68911.02,44.475172308000005,0.0,0.0,71648.75900736687,2000,2026-05-18
2026-05-19,09:25,BUY,1000,68.3,68368.29999999999,9.94075082,0.0,0.0,3270.518256546886,3000,2026-05-18
2026-05-19,15:00,SELL,1000,68.56,68491.44,44.204375376,0.0,0.0,71717.7538811709,2000,2026-05-19
2026-05-20,09:25,BUY,1000,68.2,68268.2,9.926196280000001,0.0,0.0,3439.6276848909038,3000,2026-05-19
2026-05-20,15:00,SELL,1000,68.15,68081.85,43.94002599,0.0,0.0,71477.53765890091,2000,2026-05-20
2026-05-21,09:25,BUY,1000,69.2,69269.2,10.071741679999999,0.0,0.0,2198.2659172209096,3000,2026-05-20
2026-05-21,15:00,SELL,1000,65.5,65434.5,42.2314263,0.0,0.0,67590.53449092091,2000,2026-05-21
2026-05-22,09:25,BUY,1000,66.11,66176.10999999999,9.622006393999998,0.0,0.0,1404.8024845269247,3000,2026-05-21
2026-05-22,15:00,SELL,1000,67.16,67092.84,43.301718936,0.0,0.0,68454.34076559093,2000,2026-05-22
2026-05-25,09:25,BUY,1000,68.0,68067.99999999999,9.8970872,0.0,0.0,376.4436783909332,3000,2026-05-22
2026-05-25,15:00,SELL,1000,70.3,70229.7,45.326248379999996,0.0,0.0,70560.81743001092,2000,2026-05-25
2026-05-26,09:25,BUY,1000,69.86,69929.85999999999,10.167801643999999,0.0,0.0,620.7896283669397,3000,2026-05-25
2026-05-26,15:00,SELL,1000,69.98,69910.02,45.11992690800001,0.0,0.0,70485.68970145895,2000,2026-05-26
2026-05-27,09:25,BUY,1000,69.9,69969.9,10.17362346,0.0,0.0,505.61607799895864,3000,2026-05-26
2026-05-27,15:00,SELL,1000,70.08,70009.92,45.184402368,0.0,0.0,70470.35167563095,2000,2026-05-27
2026-05-28,09:25,BUY,1000,70.0,70069.99999999999,10.188177999999999,0.0,0.0,390.1634976309724,3000,2026-05-27
2026-05-28,15:00,SELL,1000,75.0,74925.0,48.356595,0.0,0.0,75266.80690263097,2000,2026-05-28
2026-05-29,09:25,BUY,1000,78.75,78828.74999999999,11.461700249999998,0.0,3573.4047976190195,0.0,3000,2026-05-28
2026-05-29,15:00,SELL,1000,73.4,73326.6,47.32498764000001,0.0,0.0,73279.27501236001,2000,2026-05-29
2026-06-01,09:25,BUY,1000,75.2,75275.2,10.94501408,0.0,2006.870001719988,0.0,3000,2026-05-29
2026-06-01,15:00,SELL,1000,73.75,73676.25,47.55065175,0.0,0.0,73628.69934825,2000,2026-06-01
2026-06-02,09:25,BUY,1000,75.0,75074.99999999999,10.915904999999999,0.0,1457.2165567499906,0.0,3000,2026-06-01
2026-06-02,15:00,SELL,1000,80.01,79929.99,51.586815546000004,0.0,0.0,79878.403184454,2000,2026-06-02
2026-06-03,09:25,BUY,1000,79.95,80029.95,11.63635473,0.0,163.1831702759955,0.0,3000,2026-06-02
2026-06-03,15:00,SELL,1000,81.05,80968.95,52.25736033,0.0,0.0,80916.69263967,2000,2026-06-03
2026-06-04,09:25,BUY,1000,80.0,80079.99999999999,11.643632,0.0,0.0,825.049007670008,3000,2026-06-03
2026-06-04,15:00,SELL,1000,78.55,78471.45,50.64547383,0.0,0.0,79245.85353384001,2000,2026-06-04
2026-06-05,09:25,BUY,1000,77.5,77577.49999999999,11.279768499999998,0.0,0.0,1657.0737653400283,3000,2026-06-04
2026-06-05,15:00,SELL,1000,74.06,73985.94,47.75052567600001,0.0,0.0,75595.26323966403,2000,2026-06-05
2026-06-08,09:25,BUY,1000,69.99,70059.98999999999,10.186722546,0.0,0.0,5525.086517118034,3000,2026-06-05
2026-06-08,15:00,SELL,1000,70.48,70409.52,45.44230420800001,0.0,0.0,75889.16421291004,2000,2026-06-08
2026-06-09,09:25,BUY,1000,71.99,72061.98999999999,10.477813345999998,0.0,0.0,3816.69639956404,3000,2026-06-08
2026-06-09,15:00,SELL,1000,74.74,74665.26,48.188958803999995,0.0,0.0,78433.76744076003,2000,2026-06-09
2026-06-10,09:25,BUY,1000,72.9,72972.9,10.61025966,0.0,0.0,5450.257181100038,3000,2026-06-09
2026-06-10,15:00,SELL,1000,71.13,71058.87,45.861394698,0.0,0.0,76463.26578640203,2000,2026-06-10
2026-06-11,09:25,BUY,1000,69.82,69889.81999999999,10.161979828,0.0,0.0,6563.283806574036,3000,2026-06-10
2026-06-11,15:00,SELL,1000,69.52,69450.48,44.823339792000006,0.0,0.0,75968.94046678203,2000,2026-06-11
2026-06-12,09:25,BUY,1000,71.94,72011.93999999999,10.470536075999998,0.0,0.0,3946.5299307060486,3000,2026-06-11
2026-06-12,15:00,SELL,1000,70.13,70059.87,45.216640098,0.0,0.0,73961.18329060804,2000,2026-06-12
2026-06-15,09:25,BUY,1000,71.47,71541.46999999999,10.402129738,0.0,0.0,2409.3111608700565,3000,2026-06-12
2026-06-15,15:00,SELL,1000,73.4,73326.6,47.32498764000001,0.0,0.0,75688.58617323007,2000,2026-06-15
2026-06-16,09:25,BUY,1000,73.4,73473.4,10.68303236,0.0,0.0,2204.5031408700743,3000,2026-06-15
2026-06-16,15:00,SELL,1000,72.9,72827.1,47.00261034000001,0.0,0.0,74984.60053053008,2000,2026-06-16
2026-06-17,09:25,BUY,1000,71.7,71771.7,10.435605180000001,0.0,0.0,3202.464925350083,3000,2026-06-16
2026-06-17,15:00,SELL,1000,72.64,72567.36,46.83497414400001,0.0,0.0,75722.98995120608,2000,2026-06-17
2026-06-18,09:25,BUY,1000,72.0,72071.99999999999,10.479268799999998,0.0,0.0,3640.510682406093,3000,2026-06-17
2026-06-18,15:00,SELL,1000,78.08,78001.92,50.342439168000006,0.0,0.0,81592.08824323809,2000,2026-06-18
2026-06-22,09:25,BUY,1000,78.08,78158.07999999999,11.364184832,0.0,0.0,3422.6440584061056,3000,2026-06-18
2026-06-22,15:00,SELL,1000,78.88,78801.12,50.858242847999996,0.0,0.0,82172.9058155581,2000,2026-06-22
2026-06-23,09:25,BUY,1000,78.88,78958.87999999999,11.480621152,0.0,0.0,3202.545194406106,3000,2026-06-22
2026-06-23,15:00,SELL,1000,74.1,74025.9,47.77631586,0.0,0.0,77180.6688785461,2000,2026-06-23
2026-06-24,09:25,BUY,1000,73.0,73072.99999999999,10.624814199999998,0.0,0.0,4097.044064346119,3000,2026-06-23
2026-06-24,15:00,SELL,1000,76.78,76703.22,49.50425818800001,0.0,0.0,80750.75980615812,2000,2026-06-24
2026-06-25,09:25,BUY,1000,77.59,77667.59,11.292867586000002,0.0,0.0,3071.8769385721243,3000,2026-06-24
2026-06-25,15:00,SELL,1000,76.99,76913.01,49.639656654,0.0,0.0,79935.24728191811,2000,2026-06-25
2026-06-26,09:25,BUY,1000,75.0,75074.99999999999,10.915904999999999,0.0,0.0,4849.331376918126,3000,2026-06-25
2026-06-26,15:00,SELL,1000,70.22,70149.78,45.27466801200001,0.0,0.0,74953.83670890612,2000,2026-06-26
2026-06-29,09:25,BUY,1000,69.3,69369.29999999999,10.08629622,0.0,0.0,5574.450412686128,3000,2026-06-26
2026-06-29,15:00,SELL,1000,69.61,69540.39,44.881367706000006,0.0,0.0,75069.95904498013,2000,2026-06-29
2026-06-30,09:25,BUY,1000,69.56,69629.56,10.124138024,0.0,0.0,5430.27490695614,3000,2026-06-29
2026-06-30,15:00,SELL,1000,72.15,72077.85,46.51904439000001,0.0,0.0,77461.60586256614,2000,2026-06-30
2026-07-01,09:25,BUY,1000,73.0,73072.99999999999,10.624814199999998,0.0,0.0,4377.981048366157,3000,2026-06-30
2026-07-01,15:00,SELL,1000,70.0,69930.0,45.132822000000004,0.0,0.0,74262.84822636616,2000,2026-07-01
2026-07-02,09:25,BUY,1000,67.46,67527.45999999999,9.818492683999999,0.0,0.0,6725.569733682161,3000,2026-07-01
2026-07-02,15:00,SELL,1000,64.02,63955.979999999996,41.277189492,0.0,0.0,70640.27254419016,2000,2026-07-02
2026-07-03,09:25,BUY,1000,63.5,63563.49999999999,9.2421329,0.0,0.0,7067.530411290165,3000,2026-07-02
2026-07-03,15:00,SELL,1000,64.72,64655.28,41.728517712000006,0.0,0.0,71681.08189357817,2000,2026-07-03
2026-07-06,09:25,BUY,1000,65.77,65835.76999999999,9.572520957999998,0.0,0.0,5835.739372620184,3000,2026-07-03
2026-07-06,15:00,SELL,1000,63.59,63526.41,40.999945014000005,0.0,0.0,69321.14942760619,2000,2026-07-06
2026-07-07,09:25,BUY,1000,63.17,63233.16999999999,9.194102917999999,0.0,0.0,6078.785324688193,3000,2026-07-06
2026-07-07,15:00,SELL,1000,63.78,63716.22,41.122448388,0.0,0.0,69753.8828763002,2000,2026-07-07
2026-07-08,09:25,BUY,1000,65.0,65064.99999999999,9.460451,0.0,0.0,4679.422425300203,3000,2026-07-07
2026-07-08,15:00,SELL,1000,66.01,65943.99,42.560251146000006,0.0,0.0,70580.8521741542,2000,2026-07-08
2026-07-09,09:25,BUY,1000,66.61,66676.60999999999,9.694779094,0.0,0.0,3894.5473950602172,3000,2026-07-08
2026-07-09,15:00,SELL,1000,69.53,69460.47,44.829787338,0.0,0.0,73310.18760772221,2000,2026-07-09
2026-07-10,09:25,BUY,1000,71.0,71070.99999999999,10.3337234,0.0,0.0,2228.8538843222195,3000,2026-07-09
2026-07-10,15:00,SELL,1000,66.27,66203.73,42.727887342,0.0,0.0,68389.85599698022,2000,2026-07-10
2026-07-13,09:25,BUY,1000,65.3,65365.299999999996,9.504114620000001,0.0,0.0,3015.051882360218,3000,2026-07-10
2026-07-13,15:00,SELL,1000,63.08,63016.92,40.671120168,0.0,0.0,65991.30076219222,2000,2026-07-13
2026-07-14,09:25,BUY,1000,62.9,62962.899999999994,9.15480566,0.0,0.0,3019.2459565322206,3000,2026-07-13
2026-07-14,15:00,SELL,1000,65.6,65534.4,42.29590176000001,0.0,0.0,68511.35005477222,2000,2026-07-14
2026-07-15,09:25,BUY,1000,65.88,65945.87999999999,9.588530952,0.0,0.0,2555.881523820237,3000,2026-07-14
2026-07-15,15:00,SELL,1000,63.62,63556.38,41.019287652,0.0,0.0,66071.24223616824,2000,2026-07-15
2026-07-16,09:25,BUY,1000,62.35,62412.34999999999,9.07475569,0.0,0.0,3649.8174804782466,3000,2026-07-15
2026-07-16,15:00,SELL,1000,63.02,62956.98,40.632434892000006,0.0,0.0,66566.16504558624,2000,2026-07-16
2026-07-17,09:25,BUY,1000,62.02,62082.02,9.026725708,0.0,0.0,4475.1183198782455,3000,2026-07-16
2026-07-17,15:00,SELL,1000,57.59,57532.41,37.131417414000005,0.0,0.0,61970.39690246425,2000,2026-07-17
2026-07-20,09:25,BUY,1000,58.88,58938.87999999999,8.569713151999999,0.0,0.0,3022.947189312261,3000,2026-07-17
2026-07-20,15:00,SELL,1000,56.5,56443.5,36.428634900000006,0.0,0.0,59430.01855441226,2000,2026-07-20
2026-07-21,09:25,BUY,1000,57.5,57557.49999999999,8.3688605,0.0,0.0,1864.1496939122662,3000,2026-07-20
2026-07-21,15:00,SELL,1000,60.98,60919.02,39.317135508,0.0,0.0,62743.852558404265,2000,2026-07-21
2026-07-22,09:25,BUY,1000,60.26,60320.259999999995,8.770565804,0.0,0.0,2414.821992600271,3000,2026-07-21
2026-07-22,15:00,SELL,1000,60.71,60649.29,39.143051766000006,0.0,0.0,63024.968940834275,2000,2026-07-22
2026-07-23,09:25,BUY,1000,61.99,62051.98999999999,9.022359346,0.0,0.0,963.9565814882808,3000,2026-07-22
2026-07-23,15:00,SELL,1000,62.88,62817.12,40.54216924800001,0.0,0.0,63740.53441224028,2000,2026-07-23
2026-07-24,09:25,BUY,1000,61.05,61111.049999999996,8.88554667,0.0,0.0,2620.5988655702895,3000,2026-07-23
2026-07-24,15:00,SELL,1000,60.25,60189.75,38.84646465,0.0,0.0,62771.50240092029,2000,2026-07-24
2026-07-27,09:25,BUY,1000,59.88,59939.87999999999,8.715258551999998,0.0,0.0,2822.907142368298,3000,2026-07-24
2026-07-27,15:00,SELL,1000,61.55,61488.45,39.684645630000006,0.0,0.0,64271.6724967383,2000,2026-07-27
2026-07-28,09:25,BUY,1000,58.88,58938.87999999999,8.569713151999999,0.0,0.0,5324.222783586309,3000,2026-07-27
2026-07-28,15:00,SELL,1000,58.08,58021.92,37.447347168,0.0,0.0,63308.695436418304,2000,2026-07-28
2026-07-29,09:25,BUY,1000,58.08,58138.079999999994,8.453276832,0.0,0.0,5162.162159586311,3000,2026-07-28
2026-07-29,15:00,SELL,1000,57.75,57692.25,37.234578150000004,0.0,0.0,62817.17758143631,2000,2026-07-29
2026-07-30,09:25,BUY,1000,57.0,57056.99999999999,8.296087799999999,0.0,0.0,5751.88149363632,3000,2026-07-29
2026-07-30,15:00,SELL,1000,53.8,53746.2,34.68779748,0.0,0.0,59463.393696156316,2000,2026-07-30
2026-07-31,09:25,BUY,1000,57.14,57197.13999999999,8.316464156,0.0,0.0,2257.937232000324,3000,2026-07-30
2026-07-31,15:00,SELL,1000,56.7,56643.3,36.55758582000001,0.0,0.0,58864.679646180324,2000,2026-07-31
2026-08-03,09:25,BUY,1000,55.53,55585.52999999999,8.082136062,0.0,0.0,3271.0675101183297,3000,2026-07-31
2026-08-03,15:00,SELL,1000,55.9,55844.1,36.04178214,130.0,0.0,60249.12572797833,2000,2026-08-03
2026-08-04,09:25,BUY,1000,56.81,56866.80999999999,8.268434174,0.0,0.0,3374.0472938043386,3000,2026-08-03
2026-08-04,15:00,SELL,1000,59.93,59870.07,38.640143178,130.0,0.0,63075.477150626335,2000,2026-08-04
2026-08-05,09:25,BUY,1000,59.0,59058.99999999999,8.5871786,0.0,0.0,4007.8899720263435,3000,2026-08-04
2026-08-05,15:00,SELL,1000,65.92,65854.08,42.502223232000006,0.0,0.0,69819.46774879434,2000,2026-08-05
2026-08-06,09:25,BUY,1000,65.55,65615.54999999999,9.54050097,0.0,0.0,4194.377247824348,3000,2026-08-05
2026-08-06,15:00,SELL,1000,68.27,68201.73,44.017396542,0.0,0.0,72352.08985128235,2000,2026-08-06
2026-08-07,09:25,BUY,1000,68.27,68338.26999999999,9.936384458,0.0,0.0,4003.8834668243653,3000,2026-08-06
2026-08-07,15:00,SELL,1000,68.18,68111.82,43.95936862800001,0.0,0.0,72071.74409819637,2000,2026-08-07
2026-08-10,09:25,BUY,1000,69.0,69068.99999999999,10.0426326,0.0,0.0,2992.7014655963867,3000,2026-08-07
2026-08-10,15:00,SELL,1000,69.18,69110.82,44.604123228000006,0.0,0.0,72058.9173423684,2000,2026-08-10
2026-08-11,09:25,BUY,1000,67.93,67997.93,9.886899022,0.0,0.0,4051.100443346397,3000,2026-08-10
2026-08-11,15:00,SELL,1000,66.01,65943.99,42.560251146000006,0.0,0.0,69952.5301922004,2000,2026-08-11
2026-08-12,09:25,BUY,1000,66.46,66526.45999999999,9.672947284,0.0,0.0,3416.397244916414,3000,2026-08-11
2026-08-12,15:00,SELL,1000,65.6,65534.4,42.29590176000001,0.0,0.0,68908.50134315641,2000,2026-08-12
2026-08-13,09:25,BUY,1000,67.99,68057.98999999999,9.895631746,0.0,0.0,840.615711410428,3000,2026-08-12
2026-08-13,15:00,SELL,1000,65.23,65164.770000000004,42.05734255800001,0.0,0.0,65963.32836885244,2000,2026-08-13
2026-08-14,09:25,BUY,1000,65.6,65665.59999999999,9.54777824,0.0,0.0,288.18059061245003,3000,2026-08-13
2026-08-14,15:00,SELL,1000,66.19,66123.81,42.676306974,0.0,0.0,66369.31428363845,2000,2026-08-14
2026-08-17,09:25,BUY,1000,67.0,67066.99999999999,9.751541799999998,0.0,707.4372581615316,0.0,3000,2026-08-14
2026-08-17,15:00,SELL,1000,68.23,68161.77,43.991606358000006,0.0,0.0,68117.778393642,2000,2026-08-17
2026-08-18,09:25,BUY,1000,67.7,67767.7,9.85342358,0.0,0.0,340.2249700620014,3000,2026-08-17
2026-08-18,15:00,SELL,1000,66.2,66133.8,42.68275452,0.0,0.0,66431.342215542,2000,2026-08-18
2026-08-19,09:25,BUY,1000,64.1,64164.099999999984,9.329460139999998,0.0,0.0,2257.912755402016,3000,2026-08-18
2026-08-19,15:00,SELL,1000,61.83,61768.17,39.865176918,0.0,0.0,63986.217578484015,2000,2026-08-19
2026-08-20,09:25,BUY,1000,62.5,62562.49999999999,9.0965875,0.0,0.0,1414.6209909840254,3000,2026-08-19
2026-08-20,15:00,SELL,1000,62.13,62067.87,40.058603298,0.0,0.0,63442.43238768603,2000,2026-08-20
2026-08-21,09:25,BUY,1000,61.65,61711.649999999994,8.97287391,0.0,0.0,1721.809513776032,3000,2026-08-20
2026-08-21,15:00,SELL,1000,62.84,62777.16,40.516379064000006,0.0,0.0,64458.453134712036,2000,2026-08-21
2026-08-24,09:25,BUY,1000,62.7,62762.69999999999,9.12569658,0.0,0.0,1686.6274381320472,3000,2026-08-21
2026-08-24,15:00,SELL,1000,60.4,60339.6,38.943177840000004,0.0,0.0,61987.28426029204,2000,2026-08-24
2026-08-25,09:25,BUY,1000,58.75,58808.74999999999,8.550792249999999,0.0,0.0,3169.9834680420536,3000,2026-08-24
2026-08-25,15:00,SELL,1000,60.15,60089.85,38.781989190000004,0.0,0.0,63221.05147885205,2000,2026-08-25
2026-08-26,09:25,BUY,1000,60.2,60260.19999999999,8.761833079999999,0.0,0.0,2952.089645772059,3000,2026-08-25
2026-08-26,15:00,SELL,1000,60.57,60509.43,39.052786122,0.0,0.0,63422.466859650056,2000,2026-08-26
2026-08-27,09:25,BUY,1000,62.0,62061.99999999999,9.0238148,0.0,0.0,1351.4430448500643,3000,2026-08-26
2026-08-27,15:00,SELL,1000,63.86,63796.14,41.174028756,0.0,0.0,65106.40901609406,2000,2026-08-27
2026-08-28,09:25,BUY,1000,64.04,64104.04,9.320727416,0.0,0.0,993.0482886780592,3000,2026-08-27
2026-08-28,15:00,SELL,1000,64.04,63975.96000000001,41.290084584000006,0.0,0.0,64927.71820409407,2000,2026-08-28
2026-08-31,09:25,BUY,1000,63.15,63213.149999999994,9.19119201,0.0,0.0,1705.3770120840709,3000,2026-08-28
2026-08-31,15:00,SELL,1000,64.84,64775.16,41.805888264000004,0.0,0.0,66438.73112382006,2000,2026-08-31
2026-09-01,09:25,BUY,1000,64.35,64414.349999999984,9.36584649,0.0,0.0,2015.0152773300797,3000,2026-08-31
2026-09-01,15:00,SELL,1000,62.94,62877.06,40.580854524,0.0,0.0,64851.49442280608,2000,2026-09-01
2026-09-02,09:25,BUY,1000,61.72,61781.719999999994,8.983062087999999,0.0,0.0,3060.7913607180817,3000,2026-09-01
2026-09-02,15:00,SELL,1000,61.8,61738.2,39.845834280000005,0.0,0.0,64759.14552643808,2000,2026-09-02
2026-09-03,09:25,BUY,1000,63.0,63062.99999999999,9.1693602,0.0,0.0,1686.9761662380843,3000,2026-09-02
2026-09-03,15:00,SELL,1000,63.2,63136.8,40.74849072000001,0.0,0.0,64783.02767551809,2000,2026-09-03
2026-09-04,09:25,BUY,1000,63.84,63903.84,9.291618336,0.0,0.0,869.8960571820935,3000,2026-09-03
2026-09-04,15:00,SELL,1000,63.69,63626.31,41.064420474,0.0,0.0,64455.14163670809,2000,2026-09-04
2026-09-07,09:25,BUY,1000,64.6,64664.599999999984,9.40223284,0.0,218.86059613189718,0.0,3000,2026-09-04
2026-09-07,15:00,SELL,1000,66.57,66503.43,42.921313722,0.0,0.0,66460.50868627799,2000,2026-09-07
2026-09-08,09:25,BUY,1000,66.3,66366.29999999999,9.649660019999999,0.0,0.0,84.55902625799354,3000,2026-09-07
2026-09-08,15:00,SELL,1000,64.75,64685.25,41.747860349999996,0.0,0.0,64728.061165907995,2000,2026-09-08
2026-09-09,09:25,BUY,1000,64.9,64964.9,9.445896460000002,0.0,246.28473055200448,0.0,3000,2026-09-08
2026-09-09,15:00,SELL,1000,65.24,65174.759999999995,42.063790104,0.0,0.0,65132.69620989599,2000,2026-09-09
2026-09-10,09:25,BUY,1000,64.5,64564.49999999999,9.3876783,0.0,0.0,558.8085315959979,3000,2026-09-09
2026-09-10,15:00,SELL,1000,63.91,63846.09,41.206266486000004,0.0,0.0,64363.692265109996,2000,2026-09-10
2026-09-11,09:25,BUY,1000,62.66,62722.659999999996,9.119874764,0.0,0.0,1631.9123903459986,3000,2026-09-10
