date,clock,side,quantity,reference,value,fee,tax,deposit,cash,shares,entry
2020-01-02,15:00,SELL,1000,18.38,18370.81,23.738226200000003,0.0,0.0,18347.071773800002,2000,2020-01-02
2020-01-03,09:25,BUY,1000,18.49,18499.245,5.3699849,0.0,157.54321109999728,0.0,3000,2020-01-02
2020-01-03,15:00,SELL,1000,18.22,18210.89,23.5751078,0.0,0.0,18187.3148922,2000,2020-01-03
2020-01-06,09:25,BUY,1000,18.01,18019.004999999997,5.3603801,0.0,0.0,162.94951210000363,3000,2020-01-03
2020-01-06,15:00,SELL,1000,17.9,17891.05,23.248871,0.0,0.0,18030.750641100003,2000,2020-01-06
2020-01-07,09:25,BUY,1000,17.92,17928.96,5.3585792,0.0,0.0,96.43206190000274,3000,2020-01-06
2020-01-07,15:00,SELL,1000,17.86,17851.07,23.2080914,0.0,0.0,17924.293970500003,2000,2020-01-07
2020-01-08,09:25,BUY,1000,17.62,17628.809999999998,5.3525762,0.0,0.0,290.1313943000059,3000,2020-01-07
2020-01-08,15:00,SELL,1000,17.52,17511.24,22.861464800000004,0.0,0.0,17778.509929500007,2000,2020-01-08
2020-01-09,09:25,BUY,1000,17.65,17658.825,5.3531765,0.0,0.0,114.33175300000585,3000,2020-01-08
2020-01-09,15:00,SELL,1000,18.3,18290.850000000002,23.656667000000002,0.0,0.0,18381.52508600001,2000,2020-01-09
2020-01-10,09:25,BUY,1000,18.41,18419.204999999998,5.3683841,0.0,43.04829809998773,0.0,3000,2020-01-09
2020-01-10,15:00,SELL,1000,18.03,18020.985,23.3814047,0.0,0.0,17997.6035953,2000,2020-01-10
2020-01-13,09:25,BUY,1000,18.02,18029.01,5.3605802,0.0,36.766984899997624,0.0,3000,2020-01-10
2020-01-13,15:00,SELL,1000,18.61,18600.695,23.9727089,0.0,0.0,18576.7222911,2000,2020-01-13
2020-01-14,09:25,BUY,1000,18.65,18659.325,5.3731865,0.0,87.97589540000263,0.0,3000,2020-01-13
2020-01-14,15:00,SELL,1000,18.39,18380.805,23.7484211,0.0,0.0,18357.0565789,2000,2020-01-14
2020-01-15,09:25,BUY,1000,18.35,18359.175,5.3671835,0.0,7.485604599998624,0.0,3000,2020-01-14
2020-01-15,15:00,SELL,1000,18.7,18690.65,24.064463000000003,0.0,0.0,18666.585537000003,2000,2020-01-15
2020-01-16,09:25,BUY,1000,18.65,18659.325,5.3731865,0.0,0.0,1.8873505000010482,3000,2020-01-15
2020-01-16,15:00,SELL,1000,18.41,18400.795000000002,23.768810900000002,0.0,0.0,18378.913539600002,2000,2020-01-16
2020-01-17,09:25,BUY,1000,18.41,18419.204999999998,5.3683841,0.0,45.659844499994506,0.0,3000,2020-01-16
2020-01-17,15:00,SELL,1000,18.99,18980.505,24.3601151,0.0,0.0,18956.1448849,2000,2020-01-17
2020-01-20,09:25,BUY,1000,18.88,18889.44,5.3777888,0.0,0.0,61.327096100001654,3000,2020-01-17
2020-01-20,15:00,SELL,1000,19.34,19330.33,24.716936600000004,0.0,0.0,19366.9401595,2000,2020-01-20
2020-01-21,09:25,BUY,1000,19.2,19209.6,5.384192,0.0,0.0,151.95596750000186,3000,2020-01-20
2020-01-21,15:00,SELL,1000,19.09,19080.455,24.462064100000003,0.0,0.0,19207.948903400003,2000,2020-01-21
2020-01-22,09:25,BUY,1000,18.9,18909.45,5.378189,0.0,0.0,293.12071440000364,3000,2020-01-21
2020-01-22,15:00,SELL,1000,20.85,20839.575,26.256366500000002,0.0,0.0,21106.439347900003,2000,2020-01-22
2020-01-23,09:25,BUY,1000,20.5,20510.25,5.410205,0.0,0.0,590.7791429000026,3000,2020-01-22
2020-01-23,15:00,SELL,1000,20.0,19990.0,25.3898,0.0,0.0,20555.3893429,2000,2020-01-23
2020-02-03,09:25,BUY,1000,18.0,18009.0,5.36018,0.0,0.0,2541.029162900002,3000,2020-01-23
2020-02-04,15:00,SELL,1000,18.02,18010.99,23.371209800000003,0.0,0.0,20528.647953100004,2000,2020-02-04
2020-02-05,09:25,BUY,1000,18.16,18169.079999999998,5.3633816,0.0,0.0,2354.204571500006,3000,2020-02-04
2020-02-05,15:00,SELL,1000,18.69,18680.655000000002,24.054268100000005,0.0,0.0,21010.805303400008,2000,2020-02-05
2020-02-06,09:25,BUY,1000,18.54,18549.27,5.3709854,0.0,0.0,2456.1643180000065,3000,2020-02-05
2020-02-06,15:00,SELL,1000,18.92,18910.54,24.288750800000003,0.0,0.0,21342.41556720001,2000,2020-02-06
2020-02-07,09:25,BUY,1000,19.9,19909.949999999997,5.398199,0.0,0.0,1427.0673682000124,3000,2020-02-06
2020-02-07,15:00,SELL,1000,19.3,19290.350000000002,24.676157000000003,0.0,0.0,20692.741211200013,2000,2020-02-07
2020-02-10,09:25,BUY,1000,18.9,18909.45,5.378189,0.0,0.0,1777.913022200013,3000,2020-02-07
2020-02-10,15:00,SELL,1000,18.91,18900.545000000002,24.278555900000004,0.0,0.0,20654.179466300015,2000,2020-02-10
2020-02-11,09:25,BUY,1000,18.81,18819.405,5.3763881,0.0,0.0,1829.3980782000144,3000,2020-02-10
2020-02-11,15:00,SELL,1000,19.23,19220.385000000002,24.604792700000004,0.0,0.0,21025.178285500017,2000,2020-02-11
2020-02-12,09:25,BUY,1000,19.08,19089.539999999997,5.3817908,0.0,0.0,1930.256494700021,3000,2020-02-11
2020-02-12,15:00,SELL,1000,19.15,19140.425,24.5232335,0.0,0.0,21046.15826120002,2000,2020-02-12
2020-02-13,09:25,BUY,1000,19.11,19119.555,5.3823911,0.0,0.0,1921.22087010002,3000,2020-02-12
2020-02-13,15:00,SELL,1000,18.42,18410.79,23.779005800000004,0.0,0.0,20308.23186430002,2000,2020-02-13
2020-02-14,09:25,BUY,1000,18.26,18269.129999999997,5.3653826,0.0,0.0,2033.7364817000234,3000,2020-02-13
2020-02-14,15:00,SELL,1000,18.35,18340.825,23.7076415,0.0,0.0,20350.853840200023,2000,2020-02-14
2020-02-17,09:25,BUY,1000,18.44,18449.219999999998,5.3689844,0.0,0.0,1896.2648558000255,3000,2020-02-14
2020-02-17,15:00,SELL,1000,19.19,19180.405000000002,24.564013100000004,0.0,0.0,21052.105842700028,2000,2020-02-17
2020-02-18,09:25,BUY,1000,19.2,19209.6,5.384192,0.0,0.0,1837.121650700028,3000,2020-02-17
2020-02-18,15:00,SELL,1000,18.85,18840.575,24.217386500000003,0.0,0.0,20653.47926420003,2000,2020-02-18
2020-02-19,09:25,BUY,1000,18.65,18659.325,5.3731865,0.0,0.0,1988.7810777000268,3000,2020-02-18
2020-02-19,15:00,SELL,1000,18.49,18480.755,23.850370100000003,0.0,0.0,20445.685707600027,2000,2020-02-19
2020-02-20,09:25,BUY,1000,18.59,18599.295,5.3719859,0.0,0.0,1841.0187217000275,3000,2020-02-19
2020-02-20,15:00,SELL,1000,18.81,18800.595,24.176606900000003,0.0,0.0,20617.43711480003,2000,2020-02-20
2020-02-21,09:25,BUY,1000,18.67,18679.335,5.3735867,0.0,0.0,1932.7285281000295,3000,2020-02-20
2020-02-21,15:00,SELL,1000,19.6,19590.2,24.982004000000003,0.0,0.0,21497.94652410003,2000,2020-02-21
2020-02-24,09:25,BUY,1000,19.75,19759.875,5.3951975,0.0,0.0,1732.676326600027,3000,2020-02-21
2020-02-24,15:00,SELL,1000,20.14,20129.93,25.532528600000003,0.0,0.0,21837.073798000027,2000,2020-02-24
2020-02-25,09:25,BUY,1000,19.65,19659.825,5.3931965,0.0,0.0,2171.855601500025,3000,2020-02-24
2020-02-25,15:00,SELL,1000,19.96,19950.02,25.3490204,0.0,0.0,22096.526581100024,2000,2020-02-25
2020-02-26,09:25,BUY,1000,19.55,19559.774999999998,5.3911955,0.0,0.0,2531.3603856000263,3000,2020-02-25
2020-02-26,15:00,SELL,1000,18.71,18700.645,24.074657900000002,0.0,0.0,21207.930727700026,2000,2020-02-26
2020-02-27,09:25,BUY,1000,18.64,18649.32,5.3729864,0.0,0.0,2553.237741300025,3000,2020-02-26
2020-02-27,15:00,SELL,1000,18.9,18890.55,24.268361000000002,0.0,0.0,21419.519380300026,2000,2020-02-27
2020-02-28,09:25,BUY,1000,18.08,18089.039999999997,5.3617808,0.0,0.0,3325.1175995000267,3000,2020-02-27
2020-02-28,15:00,SELL,1000,17.08,17071.46,22.4128892,0.0,0.0,20374.164710300025,2000,2020-02-28
2020-03-02,09:25,BUY,1000,17.3,17308.649999999998,5.346173,0.0,0.0,3060.1685373000255,3000,2020-02-28
2020-03-02,15:00,SELL,1000,17.44,17431.280000000002,22.779905600000003,0.0,0.0,20468.668631700028,2000,2020-03-02
2020-03-03,09:25,BUY,1000,17.83,17838.914999999997,5.3567783,0.0,0.0,2624.3968534000305,3000,2020-03-02
2020-03-03,15:00,SELL,1000,17.44,17431.280000000002,22.779905600000003,0.0,0.0,20032.896947800033,2000,2020-03-03
2020-03-04,09:25,BUY,1000,17.23,17238.614999999998,5.3447723,0.0,0.0,2788.9371755000357,3000,2020-03-03
2020-03-04,15:00,SELL,1000,16.76,16751.620000000003,22.086652400000006,0.0,0.0,19518.470523100037,2000,2020-03-04
2020-03-05,09:25,BUY,1000,17.1,17108.55,5.3421710000000004,0.0,0.0,2404.5783521000376,3000,2020-03-04
2020-03-05,15:00,SELL,1000,17.16,17151.420000000002,22.494448400000003,0.0,0.0,19533.50390370004,2000,2020-03-05
2020-03-06,09:25,BUY,1000,16.83,16838.415,5.3367683,0.0,0.0,2689.7521354000382,3000,2020-03-05
2020-03-06,15:00,SELL,1000,16.99,16981.505,22.321135100000003,0.0,0.0,19648.93600030004,2000,2020-03-06
2020-03-09,09:25,BUY,1000,16.68,16688.34,5.3337668,0.0,0.0,2955.2622335000415,3000,2020-03-06
2020-03-09,15:00,SELL,1000,16.18,16171.910000000002,21.495348200000002,0.0,0.0,19105.676885300043,2000,2020-03-09
2020-03-10,09:25,BUY,1000,15.98,15987.99,5.3197598,0.0,0.0,3112.3671255000427,3000,2020-03-09
2020-03-10,15:00,SELL,1000,16.59,16581.705,21.9133391,0.0,0.0,19672.158786400047,2000,2020-03-10
2020-03-11,09:25,BUY,1000,16.67,16678.335,5.3335667,0.0,0.0,2988.4902197000483,3000,2020-03-10
2020-03-11,15:00,SELL,1000,16.54,16531.73,21.8623646,0.0,0.0,19498.357855100046,2000,2020-03-11
2020-03-12,09:25,BUY,1000,16.25,16258.125,5.3251625,0.0,0.0,3234.907692600047,3000,2020-03-11
2020-03-12,15:00,SELL,1000,16.1,16091.950000000003,21.413789000000005,0.0,0.0,19305.443903600048,2000,2020-03-12
2020-03-13,09:25,BUY,1000,15.18,15187.589999999998,5.3037518,0.0,0.0,4112.550151800049,3000,2020-03-12
2020-03-13,15:00,SELL,1000,15.65,15642.175000000001,20.9550185,0.0,0.0,19733.77013330005,2000,2020-03-13
2020-03-16,09:25,BUY,1000,15.68,15687.839999999998,5.3137568,0.0,0.0,4040.616376500053,3000,2020-03-13
2020-03-16,15:00,SELL,1000,14.3,14292.85,19.578707,0.0,0.0,18313.88766950005,2000,2020-03-16
2020-03-17,09:25,BUY,1000,14.39,14397.195,5.2879439,0.0,0.0,3911.4047256000504,3000,2020-03-16
2020-03-17,15:00,SELL,1000,13.91,13903.045,19.1811059,0.0,0.0,17795.26861970005,2000,2020-03-17
2020-03-18,09:25,BUY,1000,14.05,14057.025,5.2811405,0.0,0.0,3732.9624792000523,3000,2020-03-17
2020-03-18,15:00,SELL,1000,13.56,13553.220000000001,18.824284400000003,0.0,0.0,17267.358194800054,2000,2020-03-18
2020-03-19,09:25,BUY,1000,13.55,13556.775,5.2711355,0.0,0.0,3705.312059300055,3000,2020-03-18
2020-03-19,15:00,SELL,1000,13.51,13503.245,18.7733099,0.0,0.0,17189.783749400056,2000,2020-03-19
2020-03-20,09:25,BUY,1000,13.68,13686.84,5.2737368,0.0,0.0,3497.670012600056,3000,2020-03-19
2020-03-20,15:00,SELL,1000,13.57,13563.215,18.8344793,0.0,0.0,17042.050533300055,2000,2020-03-20
2020-03-23,09:25,BUY,1000,13.1,13106.55,5.262131,0.0,0.0,3930.238402300056,3000,2020-03-20
2020-03-23,15:00,SELL,1000,12.52,12513.74,17.764014799999998,0.0,0.0,16426.214387500055,2000,2020-03-23
2020-03-24,09:25,BUY,1000,12.75,12756.375,5.2551275,0.0,0.0,3664.584260000054,3000,2020-03-23
2020-03-24,15:00,SELL,1000,13.02,13013.490000000002,18.2737598,0.0,0.0,16659.800500200057,2000,2020-03-24
2020-03-25,09:25,BUY,1000,13.4,13406.699999999999,5.268134,0.0,0.0,3247.8323662000585,3000,2020-03-24
2020-03-25,15:00,SELL,1000,13.55,13543.225,18.8140895,0.0,0.0,16772.243276700057,2000,2020-03-25
2020-03-26,09:25,BUY,1000,13.41,13416.705,5.2683341,0.0,0.0,3350.269942600058,3000,2020-03-25
2020-03-26,15:00,SELL,1000,13.29,13283.355000000001,18.549022100000002,0.0,0.0,16615.075920500058,2000,2020-03-26
2020-03-27,09:25,BUY,1000,13.5,13506.75,5.270135,0.0,0.0,3103.055785500057,3000,2020-03-26
2020-03-27,15:00,SELL,1000,13.07,13063.465,18.324734300000003,0.0,0.0,16148.196051200057,2000,2020-03-27
2020-03-30,09:25,BUY,1000,12.84,12846.42,5.2569284,0.0,0.0,3296.5191228000567,3000,2020-03-27
2020-03-30,15:00,SELL,1000,12.82,12813.59,18.0698618,0.0,0.0,16092.039261000056,2000,2020-03-30
2020-03-31,09:25,BUY,1000,13.29,13296.644999999999,5.2659329,0.0,0.0,2790.128328100058,3000,2020-03-30
2020-03-31,15:00,SELL,1000,13.21,13203.395,18.4674629,0.0,0.0,15975.055865200058,2000,2020-03-31
2020-04-01,09:25,BUY,1000,13.13,13136.564999999999,5.2627313000000004,0.0,0.0,2833.22813390006,3000,2020-03-31
2020-04-01,15:00,SELL,1000,13.41,13403.295,18.671360900000003,0.0,0.0,16217.85177300006,2000,2020-04-01
2020-04-02,09:25,BUY,1000,13.34,13346.67,5.2669334,0.0,0.0,2865.91483960006,3000,2020-04-01
2020-04-02,15:00,SELL,1000,13.98,13973.01,19.2524702,0.0,0.0,16819.67236940006,2000,2020-04-02
2020-04-03,09:25,BUY,1000,13.9,13906.949999999999,5.278139,0.0,0.0,2907.444230400062,3000,2020-04-02
2020-04-03,15:00,SELL,1000,13.96,13953.02,19.2320804,0.0,0.0,16841.23215000006,2000,2020-04-03
2020-04-07,09:25,BUY,1000,14.35,14357.175,5.2871435,0.0,0.0,2478.7700065000627,3000,2020-04-03
2020-04-07,15:00,SELL,1000,14.15,14142.925000000001,19.4257835,0.0,0.0,16602.26922300006,2000,2020-04-07
2020-04-08,09:25,BUY,1000,14.05,14057.025,5.2811405,0.0,0.0,2539.9630825000622,3000,2020-04-07
2020-04-08,15:00,SELL,1000,14.14,14132.93,19.4155886,0.0,0.0,16653.477493900064,2000,2020-04-08
2020-04-09,09:25,BUY,1000,14.17,14177.085,5.2835417,0.0,0.0,2471.108952200064,3000,2020-04-08
2020-04-09,15:00,SELL,1000,13.95,13943.025000000001,19.221885500000003,0.0,0.0,16394.912066700068,2000,2020-04-09
2020-04-10,09:25,BUY,1000,13.94,13946.97,5.2789394,0.0,0.0,2442.6631273000694,3000,2020-04-09
2020-04-10,15:00,SELL,1000,13.62,13613.19,18.8854538,0.0,0.0,16036.96767350007,2000,2020-04-10
2020-04-13,09:25,BUY,1000,13.44,13446.72,5.2689344,0.0,0.0,2584.978739100072,3000,2020-04-10
2020-04-13,15:00,SELL,1000,13.15,13143.425000000001,18.406293500000004,0.0,0.0,15709.997445600073,2000,2020-04-13
2020-04-14,09:25,BUY,1000,13.28,13286.64,5.2657328,0.0,0.0,2418.091712800073,3000,2020-04-13
2020-04-14,15:00,SELL,1000,13.81,13803.095000000001,19.0791569,0.0,0.0,16202.107555900075,2000,2020-04-14
2020-04-15,09:25,BUY,1000,13.81,13816.904999999999,5.2763381,0.0,0.0,2379.9262178000754,3000,2020-04-14
2020-04-15,15:00,SELL,1000,13.87,13863.065,19.1403263,0.0,0.0,16223.850891500077,2000,2020-04-15
2020-04-16,09:25,BUY,1000,13.75,13756.875,5.2751375,0.0,0.0,2461.700754000076,3000,2020-04-15
2020-04-16,15:00,SELL,1000,14.05,14042.975,19.323834500000004,0.0,0.0,16485.351919500077,2000,2020-04-16
2020-04-17,09:25,BUY,1000,14.22,14227.109999999999,5.2845422,0.0,0.0,2252.9573773000793,3000,2020-04-16
2020-04-17,15:00,SELL,1000,13.99,13983.005000000001,19.2626651,0.0,0.0,16216.699712200081,2000,2020-04-17
2020-04-20,09:25,BUY,1000,14.06,14067.029999999999,5.2813406,0.0,0.0,2144.388371600082,3000,2020-04-17
2020-04-20,15:00,SELL,1000,14.47,14462.765000000001,19.7520203,0.0,0.0,16587.401351300083,2000,2020-04-20
2020-04-21,09:25,BUY,1000,14.3,14307.15,5.286143,0.0,0.0,2274.9652083000838,3000,2020-04-20
2020-04-21,15:00,SELL,1000,14.16,14152.92,19.435978400000003,0.0,0.0,16408.449229900085,2000,2020-04-21
2020-04-22,09:25,BUY,1000,14.06,14067.029999999999,5.2813406,0.0,0.0,2336.1378893000856,3000,2020-04-21
2020-04-22,15:00,SELL,1000,14.06,14052.970000000001,19.334029400000002,0.0,0.0,16369.773859900086,2000,2020-04-22
2020-04-23,09:25,BUY,1000,14.25,14257.125,5.2851425,0.0,0.0,2107.363717400085,3000,2020-04-22
2020-04-23,15:00,SELL,1000,13.96,13953.02,19.2320804,0.0,0.0,16041.151637000086,2000,2020-04-23
2020-04-24,09:25,BUY,1000,13.96,13966.98,5.2793396,0.0,0.0,2068.892297400087,3000,2020-04-23
2020-04-24,15:00,SELL,1000,13.95,13943.025000000001,19.221885500000003,0.0,0.0,15992.69541190009,2000,2020-04-24
2020-04-27,09:25,BUY,1000,14.0,14007.0,5.28014,0.0,0.0,1980.4152719000886,3000,2020-04-24
2020-04-27,15:00,SELL,1000,13.95,13943.025000000001,19.221885500000003,0.0,0.0,15904.21838640009,2000,2020-04-27
2020-04-28,09:25,BUY,1000,14.01,14017.005,5.2803401,0.0,0.0,1881.9330463000915,3000,2020-04-27
2020-04-28,15:00,SELL,1000,14.21,14202.895,19.486952900000002,0.0,0.0,16065.341093400091,2000,2020-04-28
2020-04-29,09:25,BUY,1000,14.16,14167.08,5.2833416,0.0,0.0,1892.977751800092,3000,2020-04-28
2020-04-29,15:00,SELL,1000,14.24,14232.880000000001,19.517537600000004,0.0,0.0,16106.340214200092,2000,2020-04-29
2020-04-30,09:25,BUY,1000,14.31,14317.154999999999,5.2863431,0.0,0.0,1783.898871100093,3000,2020-04-29
2020-04-30,15:00,SELL,1000,14.69,14682.655,19.976308100000004,0.0,0.0,16446.577563000094,2000,2020-04-30
2020-05-06,09:25,BUY,1000,14.43,14437.214999999998,5.2887443,0.0,0.0,2004.0738187000952,3000,2020-04-30
2020-05-06,15:00,SELL,1000,14.76,14752.62,20.047672400000003,0.0,0.0,16736.646146300096,2000,2020-05-06
2020-05-07,09:25,BUY,1000,14.75,14757.375,5.2951475,0.0,0.0,1973.975998800095,3000,2020-05-06
2020-05-07,15:00,SELL,1000,14.38,14372.810000000001,19.660266200000002,0.0,0.0,16327.125732600096,2000,2020-05-07
2020-05-08,09:25,BUY,1000,14.48,14487.24,5.2897448,0.0,0.0,1834.5959878000958,3000,2020-05-07
2020-05-08,15:00,SELL,1000,14.44,14432.78,19.7214356,0.0,0.0,16247.654552200096,2000,2020-05-08
2020-05-11,09:25,BUY,1000,14.5,14507.25,5.290145,0.0,0.0,1735.1144072000952,3000,2020-05-08
2020-05-11,15:00,SELL,1000,14.52,14512.740000000002,19.8029948,0.0,0.0,16228.051412400097,2000,2020-05-11
2020-05-12,09:25,BUY,1000,14.45,14457.224999999999,5.2891445,0.0,0.0,1765.5372679000975,3000,2020-05-11
2020-05-12,15:00,SELL,1000,14.23,14222.885,19.507342700000002,0.0,0.0,15968.914925200097,2000,2020-05-12
2020-05-13,09:25,BUY,1000,14.1,14107.05,5.282141,0.0,0.0,1856.582784200098,3000,2020-05-12
2020-05-13,15:00,SELL,1000,14.18,14172.910000000002,19.456368200000004,0.0,0.0,16010.036416000099,2000,2020-05-13
2020-05-14,09:25,BUY,1000,14.07,14077.035,5.2815407,0.0,0.0,1927.7198753000994,3000,2020-05-13
2020-05-14,15:00,SELL,1000,13.69,13683.155,18.9568181,0.0,0.0,15591.9180572001,2000,2020-05-14
2020-05-15,09:25,BUY,1000,13.74,13746.869999999999,5.2749374,0.0,0.0,1839.773119800102,3000,2020-05-14
2020-05-15,15:00,SELL,1000,13.79,13783.105000000001,19.058767100000004,0.0,0.0,15603.819352700104,2000,2020-05-15
2020-05-18,09:25,BUY,1000,13.63,13636.814999999999,5.2727363,0.0,0.0,1961.7316164001058,3000,2020-05-15
2020-05-18,15:00,SELL,1000,13.49,13483.255000000001,18.752920100000004,0.0,0.0,15426.233696300107,2000,2020-05-18
2020-05-19,09:25,BUY,1000,13.54,13546.769999999999,5.2709354,0.0,0.0,1874.1927609001086,3000,2020-05-18
2020-05-19,15:00,SELL,1000,13.78,13773.11,19.048572200000002,0.0,0.0,15628.25418870011,2000,2020-05-19
2020-05-20,09:25,BUY,1000,13.79,13796.894999999999,5.2759379,0.0,0.0,1826.0832508001113,3000,2020-05-19
2020-05-20,15:00,SELL,1000,13.85,13843.075,19.1199365,0.0,0.0,15650.038314300113,2000,2020-05-20
2020-05-21,09:25,BUY,1000,13.88,13886.939999999999,5.2777388,0.0,0.0,1757.8205755001145,3000,2020-05-20
2020-05-21,15:00,SELL,1000,13.6,13593.2,18.865064000000004,0.0,0.0,15332.155511500116,2000,2020-05-21
2020-05-22,09:25,BUY,1000,13.58,13586.789999999999,5.2717358,0.0,0.0,1740.0937757001157,3000,2020-05-21
2020-05-22,15:00,SELL,1000,13.26,13253.37,18.518437400000003,0.0,0.0,14974.945338300116,2000,2020-05-22
2020-05-25,09:25,BUY,1000,13.25,13256.625,5.2651325,0.0,0.0,1713.0552058001158,3000,2020-05-22
2020-05-25,15:00,SELL,1000,13.12,13113.44,18.3757088,0.0,0.0,14808.119497000116,2000,2020-05-25
2020-05-26,09:25,BUY,1000,13.18,13186.59,5.2637318,0.0,0.0,1616.2657652001162,3000,2020-05-25
2020-05-26,15:00,SELL,1000,13.5,13493.25,18.763115,0.0,0.0,15090.752650200116,2000,2020-05-26
2020-05-27,09:25,BUY,1000,13.56,13566.779999999999,5.2713356000000005,0.0,0.0,1518.7013146001173,3000,2020-05-26
2020-05-27,15:00,SELL,1000,13.48,13473.26,18.742725200000002,0.0,0.0,14973.218589400118,2000,2020-05-27
2020-05-28,09:25,BUY,1000,13.5,13506.75,5.270135,0.0,0.0,1461.198454400117,3000,2020-05-27
2020-05-28,15:00,SELL,1000,13.46,13453.27,18.722335400000002,0.0,0.0,14895.746119000118,2000,2020-05-28
2020-05-29,09:25,BUY,1000,13.4,13406.699999999999,5.268134,0.0,0.0,1483.7779850001189,3000,2020-05-28
2020-05-29,15:00,SELL,1000,13.41,13403.295,18.671360900000003,0.0,0.0,14868.401624100119,2000,2020-05-29
2020-06-01,09:25,BUY,1000,13.46,13466.73,5.2693346,0.0,0.0,1396.4022895001199,3000,2020-05-29
2020-06-01,15:00,SELL,1000,13.88,13873.060000000001,19.1505212,0.0,0.0,15250.311768300122,2000,2020-06-01
2020-06-02,09:25,BUY,1000,13.9,13906.949999999999,5.278139,0.0,0.0,1338.083629300123,3000,2020-06-01
2020-06-02,15:00,SELL,1000,14.16,14152.92,19.435978400000003,0.0,0.0,15471.567650900122,2000,2020-06-02
2020-06-03,09:25,BUY,1000,14.27,14277.134999999998,5.2855427,0.0,0.0,1189.1471082001244,3000,2020-06-02
2020-06-03,15:00,SELL,1000,14.22,14212.890000000001,19.4971478,0.0,0.0,15382.539960400125,2000,2020-06-03
2020-06-04,09:25,BUY,1000,14.25,14257.125,5.2851425,0.0,0.0,1120.1298179001242,3000,2020-06-03
2020-06-04,15:00,SELL,1000,14.16,14152.92,19.435978400000003,0.0,0.0,15253.613839500124,2000,2020-06-04
2020-06-05,09:25,BUY,1000,14.16,14167.08,5.2833416,0.0,0.0,1081.2504979001242,3000,2020-06-04
2020-06-05,15:00,SELL,1000,14.08,14072.960000000001,19.354419200000002,0.0,0.0,15134.856078700124,2000,2020-06-05
2020-06-08,09:25,BUY,1000,14.25,14257.125,5.2851425,0.0,0.0,872.4459362001235,3000,2020-06-05
2020-06-08,15:00,SELL,1000,14.26,14252.87,19.5379274,0.0,0.0,15105.778008800124,2000,2020-06-08
2020-06-09,09:25,BUY,1000,14.4,14407.199999999999,5.288144,0.0,0.0,693.2898648001246,3000,2020-06-08
2020-06-09,15:00,SELL,1000,14.55,14542.725,19.8335795,0.0,0.0,15216.181285300125,2000,2020-06-09
2020-06-10,09:25,BUY,1000,14.56,14567.279999999999,5.2913456,0.0,0.0,643.6099397001253,3000,2020-06-09
2020-06-10,15:00,SELL,1000,14.28,14272.86,19.5583172,0.0,0.0,14896.911622500125,2000,2020-06-10
2020-06-11,09:25,BUY,1000,14.25,14257.125,5.2851425,0.0,0.0,634.5014800001245,3000,2020-06-10
2020-06-11,15:00,SELL,1000,14.02,14012.990000000002,19.293249800000005,0.0,0.0,14628.198230200127,2000,2020-06-11
2020-06-12,09:25,BUY,1000,13.7,13706.849999999999,5.274137,0.0,0.0,916.0740932001281,3000,2020-06-11
2020-06-12,15:00,SELL,1000,13.81,13803.095000000001,19.0791569,0.0,0.0,14700.08993630013,2000,2020-06-12
2020-06-15,09:25,BUY,1000,13.68,13686.84,5.2737368,0.0,0.0,1007.97619950013,3000,2020-06-12
2020-06-15,15:00,SELL,1000,13.67,13663.165,18.936428300000003,0.0,0.0,14652.204771200131,2000,2020-06-15
2020-06-16,09:25,BUY,1000,13.74,13746.869999999999,5.2749374,0.0,0.0,900.0598338001328,3000,2020-06-15
2020-06-16,15:00,SELL,1000,14.03,14022.985,19.3034447,0.0,0.0,14903.741389100134,2000,2020-06-16
2020-06-17,09:25,BUY,1000,13.97,13976.984999999999,5.2795397,0.0,0.0,921.4768494001346,3000,2020-06-16
2020-06-17,15:00,SELL,1000,14.25,14242.875,19.5277325,0.0,0.0,15144.824116900134,2000,2020-06-17
2020-06-18,09:25,BUY,1000,14.25,14257.125,5.2851425,0.0,0.0,882.4139744001332,3000,2020-06-17
2020-06-18,15:00,SELL,1000,14.4,14392.800000000001,19.680656000000003,0.0,0.0,15255.533318400134,2000,2020-06-18
2020-06-19,09:25,BUY,1000,14.43,14437.214999999998,5.2887443,0.0,0.0,813.0295741001355,3000,2020-06-18
2020-06-19,15:00,SELL,1000,14.35,14342.825,19.629681500000004,0.0,0.0,15136.224892600136,2000,2020-06-19
2020-06-22,09:25,BUY,1000,14.36,14367.179999999998,5.2873436,0.0,0.0,763.7575490001364,3000,2020-06-19
2020-06-22,15:00,SELL,1000,14.4,14392.800000000001,19.680656000000003,0.0,0.0,15136.876893000137,2000,2020-06-22
2020-06-23,09:25,BUY,1000,14.36,14367.179999999998,5.2873436,0.0,0.0,764.4095494001376,3000,2020-06-22
2020-06-23,15:00,SELL,1000,14.11,14102.945000000002,19.3850039,0.0,0.0,14847.969545500138,2000,2020-06-23
2020-06-24,09:25,BUY,1000,14.15,14157.074999999999,5.2831415,0.0,0.0,685.6114040001394,3000,2020-06-23
2020-06-24,15:00,SELL,1000,15.52,15512.240000000002,20.822484800000005,0.0,0.0,16177.02891920014,2000,2020-06-24
2020-06-29,09:25,BUY,1000,15.49,15497.744999999999,5.3099549,0.0,0.0,673.9739643001412,3000,2020-06-24
2020-06-29,15:00,SELL,1000,15.22,15212.390000000001,20.5166378,0.0,0.0,15865.847326500143,2000,2020-06-29
2020-06-30,09:25,BUY,1000,15.19,15197.595,5.3039519,0.0,0.0,662.9483746001442,3000,2020-06-29
2020-06-30,15:00,SELL,1000,15.15,15142.425000000001,20.445273500000003,40.0,0.0,16144.928101100146,2000,2020-06-30
2020-07-01,09:25,BUY,1000,15.2,15207.599999999999,5.304152,0.0,0.0,932.0239491001466,3000,2020-06-30
2020-07-01,15:00,SELL,1000,15.42,15412.29,20.7205358,40.0,0.0,16283.593413300148,2000,2020-07-01
2020-07-02,09:25,BUY,1000,15.34,15347.669999999998,5.3069534,0.0,0.0,930.6164599001495,3000,2020-07-01
2020-07-02,15:00,SELL,1000,15.61,15602.195000000002,20.9142389,0.0,0.0,16511.897221000152,2000,2020-07-02
2020-07-03,09:25,BUY,1000,15.65,15657.824999999999,5.3131565,0.0,0.0,848.7590645001528,3000,2020-07-02
2020-07-03,15:00,SELL,1000,15.91,15902.045,21.2200859,0.0,0.0,16729.583978600152,2000,2020-07-03
2020-07-06,09:25,BUY,1000,16.21,16218.105,5.3243621,0.0,0.0,506.15461650015277,3000,2020-07-03
2020-07-06,15:00,SELL,1000,16.49,16481.755,21.8113901,0.0,0.0,16966.098226400154,2000,2020-07-06
2020-07-07,09:25,BUY,1000,16.5,16508.25,5.330165,0.0,0.0,452.5180614001547,3000,2020-07-06
2020-07-07,15:00,SELL,1000,16.38,16371.81,21.6992462,0.0,0.0,16802.628815200154,2000,2020-07-07
2020-07-08,09:25,BUY,1000,16.3,16308.15,5.326163,0.0,0.0,489.152652200155,3000,2020-07-07
2020-07-08,15:00,SELL,1000,16.4,16391.8,21.719636,0.0,0.0,16859.233016200153,2000,2020-07-08
2020-07-09,09:25,BUY,1000,16.38,16388.19,5.3277638,0.0,0.0,465.715252400154,3000,2020-07-08
2020-07-09,15:00,SELL,1000,16.72,16711.64,22.0458728,0.0,0.0,17155.309379600152,2000,2020-07-09
2020-07-10,09:25,BUY,1000,16.68,16688.34,5.3337668,0.0,0.0,461.63561280015347,3000,2020-07-09
2020-07-10,15:00,SELL,1000,16.03,16021.985000000002,21.342424700000002,0.0,0.0,16462.278188100157,2000,2020-07-10
2020-07-13,09:25,BUY,1000,15.96,15967.98,5.3193596,0.0,0.0,488.97882850015776,3000,2020-07-10
2020-07-13,15:00,SELL,1000,16.5,16491.75,21.821585000000002,0.0,0.0,16958.907243500158,2000,2020-07-13
2020-07-14,09:25,BUY,1000,16.53,16538.265,5.3307653,0.0,0.0,415.3114782001576,3000,2020-07-13
2020-07-14,15:00,SELL,1000,16.59,16581.705,21.9133391,0.0,0.0,16975.10313910016,2000,2020-07-14
2020-07-15,09:25,BUY,1000,16.83,16838.415,5.3367683,0.0,0.0,131.3513708001592,3000,2020-07-14
2020-07-15,15:00,SELL,1000,16.2,16191.900000000001,21.515738000000002,0.0,0.0,16301.73563280016,2000,2020-07-15
2020-07-16,09:25,BUY,1000,16.13,16138.064999999997,5.3227613,0.0,0.0,158.34787150016382,3000,2020-07-15
2020-07-16,15:00,SELL,1000,14.87,14862.565,20.159816300000003,0.0,0.0,15000.753055200164,2000,2020-07-16
2020-07-17,09:25,BUY,1000,15.08,15087.539999999999,5.3017508,0.0,92.08869559983395,0.0,3000,2020-07-16
2020-07-17,15:00,SELL,1000,14.79,14782.605000000001,20.078257100000002,0.0,0.0,14762.526742900001,2000,2020-07-17
2020-07-20,09:25,BUY,1000,14.88,14887.439999999999,5.2977488,0.0,130.21100589999696,0.0,3000,2020-07-17
2020-07-20,15:00,SELL,1000,15.29,15282.355000000001,20.588002100000004,0.0,0.0,15261.766997900002,2000,2020-07-20
2020-07-21,09:25,BUY,1000,15.4,15407.699999999999,5.308154,0.0,151.24115609999717,0.0,3000,2020-07-20
2020-07-21,15:00,SELL,1000,15.43,15422.285000000002,20.730730700000002,0.0,0.0,15401.554269300002,2000,2020-07-21
2020-07-22,09:25,BUY,1000,15.44,15447.72,5.3089544,0.0,51.47468509999635,0.0,3000,2020-07-21
2020-07-22,15:00,SELL,1000,15.36,15352.320000000002,20.659366400000003,0.0,0.0,15331.660633600002,2000,2020-07-22
2020-07-23,09:25,BUY,1000,15.17,15177.585,5.3035517,0.0,0.0,148.77208190000238,3000,2020-07-22
2020-07-23,15:00,SELL,1000,14.98,14972.51,20.271960200000002,0.0,0.0,15101.010121700003,2000,2020-07-23
2020-07-24,09:25,BUY,1000,14.92,14927.46,5.2985492,0.0,0.0,168.25157250000302,3000,2020-07-23
2020-07-24,15:00,SELL,1000,14.16,14152.92,19.435978400000003,0.0,0.0,14301.735594100002,2000,2020-07-24
2020-07-27,09:25,BUY,1000,14.23,14237.115,5.2847423,0.0,0.0,59.335851800002274,3000,2020-07-24
2020-07-27,15:00,SELL,1000,14.01,14002.995,19.283054900000003,0.0,0.0,14043.047796900004,2000,2020-07-27
2020-07-28,09:25,BUY,1000,14.15,14157.074999999999,5.2831415,0.0,119.310344599995,0.0,3000,2020-07-27
2020-07-28,15:00,SELL,1000,14.21,14202.895,19.486952900000002,0.0,0.0,14183.4080471,2000,2020-07-28
2020-07-29,09:25,BUY,1000,14.22,14227.109999999999,5.2845422,0.0,48.98649509999814,0.0,3000,2020-07-28
2020-07-29,15:00,SELL,1000,14.51,14502.745,19.792799900000002,0.0,0.0,14482.9522001,2000,2020-07-29
2020-07-30,09:25,BUY,1000,14.51,14517.255,5.2903451,0.0,39.59314499999891,0.0,3000,2020-07-29
2020-07-30,15:00,SELL,1000,14.29,14282.855000000001,19.568512100000003,0.0,0.0,14263.2864879,2000,2020-07-30
2020-07-31,09:25,BUY,1000,14.28,14287.14,5.2857428,0.0,29.139254899999287,0.0,3000,2020-07-30
2020-07-31,15:00,SELL,1000,14.59,14582.705,19.8743591,0.0,0.0,14562.8306409,2000,2020-07-31
2020-08-03,09:25,BUY,1000,14.68,14687.339999999998,5.2937468,0.0,129.80310589999863,0.0,3000,2020-07-31
2020-08-03,15:00,SELL,1000,14.89,14882.555,20.1802061,0.0,0.0,14862.3747939,2000,2020-08-03
2020-08-04,09:25,BUY,1000,14.9,14907.449999999999,5.298149,0.0,50.37335509999866,0.0,3000,2020-08-03
2020-08-04,15:00,SELL,1000,14.68,14672.660000000002,19.966113200000002,0.0,0.0,14652.693886800002,2000,2020-08-04
2020-08-05,09:25,BUY,1000,14.83,14837.414999999999,5.2967483,0.0,190.0178614999968,0.0,3000,2020-08-04
2020-08-05,15:00,SELL,1000,14.61,14602.695000000002,19.894748900000003,0.0,0.0,14582.800251100001,2000,2020-08-05
2020-08-06,09:25,BUY,1000,14.65,14657.324999999999,5.2931465,0.0,79.81789539999772,0.0,3000,2020-08-05
2020-08-06,15:00,SELL,1000,14.5,14492.75,19.782605,0.0,0.0,14472.967395,2000,2020-08-06
2020-08-07,09:25,BUY,1000,14.48,14487.24,5.2897448,0.0,19.562349800000447,0.0,3000,2020-08-06
2020-08-07,15:00,SELL,1000,14.3,14292.85,19.578707,0.0,0.0,14273.271293,2000,2020-08-07
2020-08-10,09:25,BUY,1000,14.19,14197.095,5.2839419,0.0,0.0,70.89235110000118,3000,2020-08-07
2020-08-10,15:00,SELL,1000,14.41,14402.795,19.6908509,0.0,0.0,14453.9965002,2000,2020-08-10
2020-08-11,09:25,BUY,1000,14.4,14407.199999999999,5.288144,0.0,0.0,41.5083562000018,3000,2020-08-10
2020-08-11,15:00,SELL,1000,14.16,14152.92,19.435978400000003,0.0,0.0,14174.992377800001,2000,2020-08-11
2020-08-12,09:25,BUY,1000,14.38,14387.189999999999,5.2877438,0.0,217.48536599999716,0.0,3000,2020-08-11
2020-08-12,15:00,SELL,1000,15.14,15132.43,20.4350786,0.0,0.0,15111.9949214,2000,2020-08-12
2020-08-13,09:25,BUY,1000,15.27,15277.634999999998,5.3055527,0.0,170.94563129999733,0.0,3000,2020-08-12
2020-08-13,15:00,SELL,1000,15.17,15162.415,20.465663300000003,0.0,0.0,15141.949336700001,2000,2020-08-13
2020-08-14,09:25,BUY,1000,15.01,15017.505,5.3003501,0.0,0.0,119.14398660000188,3000,2020-08-13
2020-08-14,15:00,SELL,1000,15.03,15022.485,20.3229347,0.0,0.0,15121.306051900003,2000,2020-08-14
2020-08-17,09:25,BUY,1000,15.09,15097.545,5.3019509,0.0,0.0,18.459101000002192,3000,2020-08-14
2020-08-17,15:00,SELL,1000,15.28,15272.36,20.577807200000002,0.0,0.0,15270.241293800003,2000,2020-08-17
2020-08-18,09:25,BUY,1000,15.3,15307.65,5.306153,0.0,42.71485919999577,0.0,3000,2020-08-17
2020-08-18,15:00,SELL,1000,15.18,15172.410000000002,20.475858200000005,0.0,0.0,15151.934141800002,2000,2020-08-18
2020-08-19,09:25,BUY,1000,15.18,15187.589999999998,5.3037518,0.0,40.959609999996246,0.0,3000,2020-08-18
2020-08-19,15:00,SELL,1000,14.85,14842.575,20.139426500000003,0.0,0.0,14822.4355735,2000,2020-08-19
2020-08-20,09:25,BUY,1000,14.75,14757.375,5.2951475,0.0,0.0,59.765425999999934,3000,2020-08-19
2020-08-20,15:00,SELL,1000,14.83,14822.585000000001,20.119036700000002,0.0,0.0,14862.231389300001,2000,2020-08-20
2020-08-21,09:25,BUY,1000,15.0,15007.5,5.30015,0.0,150.56876069999817,0.0,3000,2020-08-20
2020-08-21,15:00,SELL,1000,14.8,14792.6,20.088452000000004,0.0,0.0,14772.511548,2000,2020-08-21
2020-08-24,09:25,BUY,1000,14.86,14867.429999999998,5.2973486,0.0,100.21580059999724,0.0,3000,2020-08-21
2020-08-24,15:00,SELL,1000,14.99,14982.505000000001,20.282155100000004,0.0,0.0,14962.222844900001,2000,2020-08-24
2020-08-25,09:25,BUY,1000,15.04,15047.519999999999,5.3009504,0.0,90.59810549999747,0.0,3000,2020-08-24
2020-08-25,15:00,SELL,1000,15.09,15082.455,20.384104100000002,0.0,0.0,15062.0708959,2000,2020-08-25
2020-08-26,09:25,BUY,1000,15.08,15087.539999999999,5.3017508,0.0,30.770854899998085,0.0,3000,2020-08-25
2020-08-26,15:00,SELL,1000,14.54,14532.730000000001,19.823384600000004,0.0,0.0,14512.906615400001,2000,2020-08-26
2020-08-27,09:25,BUY,1000,14.6,14607.3,5.292146,0.0,99.68553059999795,0.0,3000,2020-08-26
2020-08-27,15:00,SELL,1000,14.65,14642.675000000001,19.935528500000004,0.0,0.0,14622.739471500001,2000,2020-08-27
2020-08-28,09:25,BUY,1000,14.56,14567.279999999999,5.2913456,0.0,0.0,50.16812590000154,3000,2020-08-27
2020-08-28,15:00,SELL,1000,14.75,14742.625,20.0374775,0.0,0.0,14772.755648400002,2000,2020-08-28
2020-08-31,09:25,BUY,1000,14.84,14847.42,5.2969484,0.0,79.96129999999903,0.0,3000,2020-08-28
2020-08-31,15:00,SELL,1000,14.74,14732.630000000001,20.0272826,0.0,0.0,14712.602717400001,2000,2020-08-31
2020-09-01,09:25,BUY,1000,14.67,14677.335,5.2935467,0.0,0.0,29.974170700001196,3000,2020-08-31
2020-09-01,15:00,SELL,1000,14.73,14722.635,20.0170877,0.0,0.0,14732.592083000001,2000,2020-09-01
2020-09-02,09:25,BUY,1000,14.72,14727.359999999999,5.2945472,0.0,0.06246419999661157,0.0,3000,2020-09-01
2020-09-02,15:00,SELL,1000,14.77,14762.615000000002,20.057867300000005,0.0,0.0,14742.557132700002,2000,2020-09-02
2020-09-03,09:25,BUY,1000,14.84,14847.42,5.2969484,0.0,110.15981569999894,0.0,3000,2020-09-02
2020-09-03,15:00,SELL,1000,14.51,14502.745,19.792799900000002,0.0,0.0,14482.9522001,2000,2020-09-03
2020-09-04,09:25,BUY,1000,14.29,14297.144999999999,5.2859429,0.0,0.0,180.52125720000186,3000,2020-09-03
2020-09-04,15:00,SELL,1000,14.17,14162.915,19.4461733,0.0,0.0,14323.990083900002,2000,2020-09-04
2020-09-07,09:25,BUY,1000,14.01,14017.005,5.2803401,0.0,0.0,301.7047438000027,3000,2020-09-04
2020-09-07,15:00,SELL,1000,13.94,13933.03,19.211690600000004,0.0,0.0,14215.523053200004,2000,2020-09-07
2020-09-08,09:25,BUY,1000,13.94,13946.97,5.2789394,0.0,0.0,263.2741138000056,3000,2020-09-07
2020-09-08,15:00,SELL,1000,14.21,14202.895,19.486952900000002,0.0,0.0,14446.682160900005,2000,2020-09-08
2020-09-09,09:25,BUY,1000,14.06,14067.029999999999,5.2813406,0.0,0.0,374.370820300006,3000,2020-09-08
2020-09-09,15:00,SELL,1000,13.91,13903.045,19.1811059,0.0,0.0,14258.234714400007,2000,2020-09-09
2020-09-10,09:25,BUY,1000,14.0,14007.0,5.28014,0.0,0.0,245.9545744000061,3000,2020-09-09
2020-09-10,15:00,SELL,1000,13.56,13553.220000000001,18.824284400000003,0.0,0.0,13780.350290000008,2000,2020-09-10
2020-09-11,09:25,BUY,1000,13.47,13476.734999999999,5.2695347,0.0,0.0,298.345755300008,3000,2020-09-10
2020-09-11,15:00,SELL,1000,13.62,13613.19,18.8854538,0.0,0.0,13892.650301500009,2000,2020-09-11
2020-09-14,09:25,BUY,1000,13.62,13626.81,5.2725362,0.0,0.0,260.56776530000934,3000,2020-09-11
2020-09-14,15:00,SELL,1000,13.85,13843.075,19.1199365,0.0,0.0,14084.52282880001,2000,2020-09-14
2020-09-15,09:25,BUY,1000,13.83,13836.914999999999,5.2767383,0.0,0.0,242.33109050001258,3000,2020-09-14
2020-09-15,15:00,SELL,1000,13.73,13723.135,18.9975977,0.0,0.0,13946.468492800013,2000,2020-09-15
2020-09-16,09:25,BUY,1000,13.69,13696.845,5.2739369,0.0,0.0,244.34955590001482,3000,2020-09-15
2020-09-16,15:00,SELL,1000,13.6,13593.2,18.865064000000004,0.0,0.0,13818.684491900016,2000,2020-09-16
2020-09-17,09:25,BUY,1000,13.56,13566.779999999999,5.2713356000000005,0.0,0.0,246.6331563000167,3000,2020-09-16
2020-09-17,15:00,SELL,1000,13.56,13553.220000000001,18.824284400000003,0.0,0.0,13781.028871900018,2000,2020-09-17
2020-09-18,09:25,BUY,1000,13.57,13576.785,5.2715357,0.0,0.0,198.97233620001862,3000,2020-09-17
2020-09-18,15:00,SELL,1000,13.82,13813.09,19.089351800000003,0.0,0.0,13992.97298440002,2000,2020-09-18
2020-09-21,09:25,BUY,1000,13.81,13816.904999999999,5.2763381,0.0,0.0,170.79164630002015,3000,2020-09-18
2020-09-21,15:00,SELL,1000,13.74,13733.130000000001,19.007792600000002,0.0,0.0,13884.913853700022,2000,2020-09-21
2020-09-22,09:25,BUY,1000,13.65,13656.824999999999,5.2731365,0.0,0.0,222.81571720002285,3000,2020-09-21
2020-09-22,15:00,SELL,1000,13.56,13553.220000000001,18.824284400000003,0.0,0.0,13757.211432800024,2000,2020-09-22
2020-09-23,09:25,BUY,1000,13.63,13636.814999999999,5.2727363,0.0,0.0,115.1236965000262,3000,2020-09-22
2020-09-23,15:00,SELL,1000,13.57,13563.215,18.8344793,0.0,0.0,13659.504217200027,2000,2020-09-23
2020-09-24,09:25,BUY,1000,13.45,13456.724999999999,5.2691345,0.0,0.0,197.51008270002785,3000,2020-09-23
2020-09-24,15:00,SELL,1000,13.23,13223.385,18.4878527,0.0,0.0,13402.407230000028,2000,2020-09-24
2020-09-25,09:25,BUY,1000,13.31,13316.654999999999,5.2663331,0.0,0.0,80.48589690002882,3000,2020-09-24
2020-09-25,15:00,SELL,1000,13.17,13163.415,18.4266833,0.0,0.0,13225.47421360003,2000,2020-09-25
2020-09-28,09:25,BUY,1000,13.2,13206.599999999999,5.264132,0.0,0.0,13.610081600030753,3000,2020-09-25
2020-09-28,15:00,SELL,1000,13.28,13273.36,18.5388272,0.0,0.0,13268.431254400031,2000,2020-09-28
2020-09-29,09:25,BUY,1000,13.32,13326.66,5.2665332,0.0,63.49527879996822,0.0,3000,2020-09-28
2020-09-29,15:00,SELL,1000,13.56,13553.220000000001,18.824284400000003,0.0,0.0,13534.395715600001,2000,2020-09-29
2020-09-30,09:25,BUY,1000,13.6,13606.8,5.272136,0.0,77.67642039999737,0.0,3000,2020-09-29
2020-09-30,15:00,SELL,1000,13.59,13583.205,18.854869100000002,0.0,0.0,13564.3501309,2000,2020-09-30
2020-10-09,09:25,BUY,1000,13.81,13816.904999999999,5.2763381,0.0,257.83120719999897,0.0,3000,2020-09-30
2020-10-09,15:00,SELL,1000,13.85,13843.075,19.1199365,0.0,0.0,13823.955063500001,2000,2020-10-09
2020-10-12,09:25,BUY,1000,13.9,13906.949999999999,5.278139,0.0,88.2730754999975,0.0,3000,2020-10-09
2020-10-12,15:00,SELL,1000,14.02,14012.990000000002,19.293249800000005,0.0,0.0,13993.696750200002,2000,2020-10-12
2020-10-13,09:25,BUY,1000,14.0,14007.0,5.28014,0.0,18.58338979999826,0.0,3000,2020-10-12
2020-10-13,15:00,SELL,1000,13.93,13923.035000000002,19.201495700000002,0.0,0.0,13903.833504300002,2000,2020-10-13
2020-10-14,09:25,BUY,1000,13.8,13806.9,5.2761379999999996,0.0,0.0,91.65736630000356,3000,2020-10-13
2020-10-14,15:00,SELL,1000,13.73,13723.135,18.9975977,0.0,0.0,13795.794768600004,2000,2020-10-14
2020-10-15,09:25,BUY,1000,13.75,13756.875,5.2751375,0.0,0.0,33.64463110000361,3000,2020-10-14
2020-10-15,15:00,SELL,1000,13.75,13743.125,19.0179875,0.0,0.0,13757.751643600004,2000,2020-10-15
2020-10-16,09:25,BUY,1000,13.88,13886.939999999999,5.2777388,0.0,134.46609519999402,0.0,3000,2020-10-15
2020-10-16,15:00,SELL,1000,13.78,13773.11,19.048572200000002,0.0,0.0,13754.061427800001,2000,2020-10-16
2020-10-19,09:25,BUY,1000,13.9,13906.949999999999,5.278139,0.0,158.16671119999774,0.0,3000,2020-10-16
2020-10-19,15:00,SELL,1000,13.86,13853.070000000002,19.130131400000003,0.0,0.0,13833.939868600002,2000,2020-10-19
2020-10-20,09:25,BUY,1000,13.82,13826.91,5.2765382,0.0,0.0,1.7533304000025964,3000,2020-10-19
2020-10-20,15:00,SELL,1000,13.85,13843.075,19.1199365,0.0,0.0,13825.708393900004,2000,2020-10-20
2020-10-21,09:25,BUY,1000,13.82,13826.91,5.2765382,0.0,6.47814429999562,0.0,3000,2020-10-20
2020-10-21,15:00,SELL,1000,13.64,13633.18,18.9058436,0.0,0.0,13614.2741564,2000,2020-10-21
2020-10-22,09:25,BUY,1000,13.58,13586.789999999999,5.2717358,0.0,0.0,22.21242060000077,3000,2020-10-21
2020-10-22,15:00,SELL,1000,13.66,13653.17,18.9262334,0.0,0.0,13656.456187200001,2000,2020-10-22
2020-10-23,09:25,BUY,1000,13.67,13676.835,5.2735367,0.0,25.65234949999831,0.0,3000,2020-10-22
2020-10-23,15:00,SELL,1000,13.59,13583.205,18.854869100000002,0.0,0.0,13564.3501309,2000,2020-10-23
2020-10-26,09:25,BUY,1000,13.57,13576.785,5.2715357,0.0,17.70640479999929,0.0,3000,2020-10-23
2020-10-26,15:00,SELL,1000,13.68,13673.16,18.9466232,0.0,0.0,13654.2133768,2000,2020-10-26
2020-10-27,09:25,BUY,1000,13.59,13596.795,5.2719359,0.0,0.0,52.146440900000016,3000,2020-10-26
2020-10-27,15:00,SELL,1000,13.87,13863.065,19.1403263,0.0,0.0,13896.071114600001,2000,2020-10-27
2020-10-28,09:25,BUY,1000,13.93,13936.964999999998,5.2787393,0.0,46.17262469999696,0.0,3000,2020-10-27
2020-10-28,15:00,SELL,1000,13.94,13933.03,19.211690600000004,0.0,0.0,13913.818309400001,2000,2020-10-28
2020-10-29,09:25,BUY,1000,13.76,13766.88,5.2753376,0.0,0.0,141.6629718000022,3000,2020-10-28
2020-10-29,15:00,SELL,1000,13.96,13953.02,19.2320804,0.0,0.0,14075.450891400003,2000,2020-10-29
2020-10-30,09:25,BUY,1000,13.9,13906.949999999999,5.278139,0.0,0.0,163.22275240000454,3000,2020-10-29
2020-10-30,15:00,SELL,1000,13.65,13643.175000000001,18.916038500000003,0.0,0.0,13787.481713900006,2000,2020-10-30
2020-11-02,09:25,BUY,1000,13.4,13406.699999999999,5.268134,0.0,0.0,375.51357990000724,3000,2020-10-30
2020-11-02,15:00,SELL,1000,13.16,13153.42,18.4164884,0.0,0.0,13510.517091500007,2000,2020-11-02
2020-11-03,09:25,BUY,1000,13.18,13186.59,5.2637318,0.0,0.0,318.6633597000073,3000,2020-11-02
2020-11-03,15:00,SELL,1000,13.38,13373.310000000001,18.640776200000005,0.0,0.0,13673.332583500009,2000,2020-11-03
2020-11-04,09:25,BUY,1000,13.4,13406.699999999999,5.268134,0.0,0.0,261.36444950000987,3000,2020-11-03
2020-11-04,15:00,SELL,1000,13.47,13463.265000000001,18.7325303,0.0,0.0,13705.896919200011,2000,2020-11-04
2020-11-05,09:25,BUY,1000,13.68,13686.84,5.2737368,0.0,0.0,13.783182400011356,3000,2020-11-04
2020-11-05,15:00,SELL,1000,13.81,13803.095000000001,19.0791569,0.0,0.0,13797.799025500013,2000,2020-11-05
2020-11-06,09:25,BUY,1000,13.85,13856.925,5.2771385,0.0,64.40311299998575,0.0,3000,2020-11-05
2020-11-06,15:00,SELL,1000,14.0,13993.0,19.27286,0.0,0.0,13973.72714,2000,2020-11-06
2020-11-09,09:25,BUY,1000,14.27,14277.134999999998,5.2855427,0.0,308.693402699997,0.0,3000,2020-11-06
2020-11-09,15:00,SELL,1000,14.4,14392.800000000001,19.680656000000003,0.0,0.0,14373.119344,2000,2020-11-09
2020-11-10,09:25,BUY,1000,14.35,14357.175,5.2871435,0.0,0.0,10.657200500001636,3000,2020-11-09
2020-11-10,15:00,SELL,1000,15.06,15052.470000000001,20.353519400000003,0.0,0.0,15042.773681100003,2000,2020-11-10
2020-11-11,09:25,BUY,1000,14.94,14947.47,5.2989494,0.0,0.0,90.00473170000441,3000,2020-11-10
2020-11-11,15:00,SELL,1000,14.54,14532.730000000001,19.823384600000004,0.0,0.0,14602.911347100006,2000,2020-11-11
2020-11-12,09:25,BUY,1000,14.51,14517.255,5.2903451,0.0,0.0,80.36600200000612,3000,2020-11-11
2020-11-12,15:00,SELL,1000,14.48,14472.76,19.7622152,0.0,0.0,14533.363786800006,2000,2020-11-12
2020-11-13,09:25,BUY,1000,14.31,14317.154999999999,5.2863431,0.0,0.0,210.92244370000662,3000,2020-11-12
2020-11-13,15:00,SELL,1000,14.35,14342.825,19.629681500000004,0.0,0.0,14534.117762200007,2000,2020-11-13
2020-11-16,09:25,BUY,1000,14.45,14457.224999999999,5.2891445,0.0,0.0,71.60361770000782,3000,2020-11-13
2020-11-16,15:00,SELL,1000,14.28,14272.86,19.5583172,0.0,0.0,14324.905300500008,2000,2020-11-16
2020-11-17,09:25,BUY,1000,14.26,14267.13,5.2853426,0.0,0.0,52.48995790000845,3000,2020-11-16
2020-11-17,15:00,SELL,1000,14.14,14132.93,19.4155886,0.0,0.0,14166.004369300008,2000,2020-11-17
2020-11-18,09:25,BUY,1000,14.14,14147.07,5.2829414,0.0,0.0,13.651427900007548,3000,2020-11-17
2020-11-18,15:00,SELL,1000,14.4,14392.800000000001,19.680656000000003,0.0,0.0,14386.770771900008,2000,2020-11-18
2020-11-19,09:25,BUY,1000,14.29,14297.144999999999,5.2859429,0.0,0.0,84.33982900000956,3000,2020-11-18
2020-11-19,15:00,SELL,1000,14.34,14332.83,19.619486600000002,0.0,0.0,14397.550342400009,2000,2020-11-19
2020-11-20,09:25,BUY,1000,14.35,14357.175,5.2871435,0.0,0.0,35.08819890000996,3000,2020-11-19
2020-11-20,15:00,SELL,1000,14.25,14242.875,19.5277325,0.0,0.0,14258.43546640001,2000,2020-11-20
2020-11-23,09:25,BUY,1000,14.26,14267.13,5.2853426,0.0,13.97987619999003,0.0,3000,2020-11-20
2020-11-23,15:00,SELL,1000,14.17,14162.915,19.4461733,0.0,0.0,14143.4688267,2000,2020-11-23
2020-11-24,09:25,BUY,1000,14.15,14157.074999999999,5.2831415,0.0,18.88931479999883,0.0,3000,2020-11-23
2020-11-24,15:00,SELL,1000,14.17,14162.915,19.4461733,0.0,0.0,14143.4688267,2000,2020-11-24
2020-11-25,09:25,BUY,1000,14.2,14207.099999999999,5.284142,0.0,68.91531529999884,0.0,3000,2020-11-24
2020-11-25,15:00,SELL,1000,14.09,14082.955,19.3646141,0.0,0.0,14063.5903859,2000,2020-11-25
2020-11-26,09:25,BUY,1000,14.06,14067.029999999999,5.2813406,0.0,8.72095470000022,0.0,3000,2020-11-25
2020-11-26,15:00,SELL,1000,14.0,13993.0,19.27286,0.0,0.0,13973.72714,2000,2020-11-26
2020-11-27,09:25,BUY,1000,13.96,13966.98,5.2793396,0.0,0.0,1.467800400001579,3000,2020-11-26
2020-11-27,15:00,SELL,1000,13.83,13823.085000000001,19.0995467,0.0,0.0,13805.453253700003,2000,2020-11-27
2020-11-30,09:25,BUY,1000,13.77,13776.884999999998,5.2755377,0.0,0.0,23.292716000005385,3000,2020-11-27
2020-11-30,15:00,SELL,1000,13.81,13803.095000000001,19.0791569,0.0,0.0,13807.308559100007,2000,2020-11-30
2020-12-01,09:25,BUY,1000,13.76,13766.88,5.2753376,0.0,0.0,35.15322150000793,3000,2020-11-30
2020-12-01,15:00,SELL,1000,14.08,14072.960000000001,19.354419200000002,0.0,0.0,14088.758802300008,2000,2020-12-01
2020-12-02,09:25,BUY,1000,14.1,14107.05,5.282141,0.0,23.573338699990927,0.0,3000,2020-12-01
2020-12-02,15:00,SELL,1000,14.05,14042.975,19.323834500000004,0.0,0.0,14023.6511655,2000,2020-12-02
2020-12-03,09:25,BUY,1000,14.0,14007.0,5.28014,0.0,0.0,11.371025499998723,3000,2020-12-02
2020-12-03,15:00,SELL,1000,13.87,13863.065,19.1403263,0.0,0.0,13855.2956992,2000,2020-12-03
2020-12-04,09:25,BUY,1000,13.8,13806.9,5.2761379999999996,0.0,0.0,43.119561200001044,3000,2020-12-03
2020-12-04,15:00,SELL,1000,13.84,13833.08,19.1097416,0.0,0.0,13857.089819600002,2000,2020-12-04
2020-12-07,09:25,BUY,1000,13.82,13826.91,5.2765382,0.0,0.0,24.903281400002015,3000,2020-12-04
2020-12-07,15:00,SELL,1000,13.71,13703.145,18.977207900000003,0.0,0.0,13709.071073500003,2000,2020-12-07
2020-12-08,09:25,BUY,1000,13.85,13856.925,5.2771385,0.0,153.13106499999594,0.0,3000,2020-12-07
2020-12-08,15:00,SELL,1000,14.14,14132.93,19.4155886,0.0,0.0,14113.5144114,2000,2020-12-08
2020-12-09,09:25,BUY,1000,14.17,14177.085,5.2835417,0.0,68.85413030000018,0.0,3000,2020-12-08
2020-12-09,15:00,SELL,1000,13.82,13813.09,19.089351800000003,0.0,0.0,13794.0006482,2000,2020-12-09
2020-12-10,09:25,BUY,1000,13.76,13766.88,5.2753376,0.0,0.0,21.84531060000154,3000,2020-12-09
2020-12-10,15:00,SELL,1000,13.43,13423.285,18.6917507,0.0,0.0,13426.438559900002,2000,2020-12-10
2020-12-11,09:25,BUY,1000,13.38,13386.689999999999,5.2677338,0.0,0.0,34.48082610000347,3000,2020-12-10
2020-12-11,15:00,SELL,1000,13.47,13463.265000000001,18.7325303,0.0,0.0,13479.013295800005,2000,2020-12-11
2020-12-14,09:25,BUY,1000,13.52,13526.759999999998,5.2705352,0.0,53.01723939999283,0.0,3000,2020-12-11
2020-12-14,15:00,SELL,1000,13.54,13533.230000000001,18.803894600000003,0.0,0.0,13514.426105400002,2000,2020-12-14
2020-12-15,09:25,BUY,1000,13.36,13366.679999999998,5.2673336,0.0,0.0,142.4787718000025,3000,2020-12-14
2020-12-15,15:00,SELL,1000,13.56,13553.220000000001,18.824284400000003,0.0,0.0,13676.874487400004,2000,2020-12-15
2020-12-16,09:25,BUY,1000,13.56,13566.779999999999,5.2713356000000005,0.0,0.0,104.82315180000478,3000,2020-12-15
2020-12-16,15:00,SELL,1000,13.53,13523.235,18.7936997,0.0,0.0,13609.264452100006,2000,2020-12-16
2020-12-17,09:25,BUY,1000,13.53,13536.765,5.2707353,0.0,0.0,67.22871680000571,3000,2020-12-16
2020-12-17,15:00,SELL,1000,13.58,13573.210000000001,18.8446742,0.0,0.0,13621.594042600007,2000,2020-12-17
2020-12-18,09:25,BUY,1000,13.63,13636.814999999999,5.2727363,0.0,20.493693699991127,0.0,3000,2020-12-17
2020-12-18,15:00,SELL,1000,13.65,13643.175000000001,18.916038500000003,0.0,0.0,13624.258961500002,2000,2020-12-18
2020-12-21,09:25,BUY,1000,13.6,13606.8,5.272136,0.0,0.0,12.18682550000267,3000,2020-12-18
2020-12-21,15:00,SELL,1000,13.65,13643.175000000001,18.916038500000003,0.0,0.0,13636.445787000004,2000,2020-12-21
2020-12-22,09:25,BUY,1000,13.58,13586.789999999999,5.2717358,0.0,0.0,44.38405120000425,3000,2020-12-21
2020-12-22,15:00,SELL,1000,13.27,13263.365000000002,18.5286323,0.0,0.0,13289.220418900006,2000,2020-12-22
2020-12-23,09:25,BUY,1000,13.31,13316.654999999999,5.2663331,0.0,32.70091419999335,0.0,3000,2020-12-22
2020-12-23,15:00,SELL,1000,13.58,13573.210000000001,18.8446742,0.0,0.0,13554.365325800001,2000,2020-12-23
2020-12-24,09:25,BUY,1000,13.63,13636.814999999999,5.2727363,0.0,87.72241049999684,0.0,3000,2020-12-23
2020-12-24,15:00,SELL,1000,13.38,13373.310000000001,18.640776200000005,0.0,0.0,13354.669223800001,2000,2020-12-24
2020-12-25,09:25,BUY,1000,13.35,13356.675,5.2671335,0.0,7.272909699997399,0.0,3000,2020-12-24
2020-12-25,15:00,SELL,1000,13.4,13393.300000000001,18.661166,0.0,0.0,13374.638834000001,2000,2020-12-25
2020-12-28,09:25,BUY,1000,13.42,13426.71,5.2685342,0.0,57.33970019999833,0.0,3000,2020-12-25
2020-12-28,15:00,SELL,1000,13.27,13263.365000000002,18.5286323,0.0,0.0,13244.836367700002,2000,2020-12-28
2020-12-29,09:25,BUY,1000,13.32,13326.66,5.2665332,0.0,87.09016549999797,0.0,3000,2020-12-28
2020-12-29,15:00,SELL,1000,13.51,13503.245,18.7733099,0.0,0.0,13484.471690100001,2000,2020-12-29
2020-12-30,09:25,BUY,1000,13.49,13496.744999999999,5.2699349,0.0,17.54324479999741,0.0,3000,2020-12-29
2020-12-30,15:00,SELL,1000,13.67,13663.165,18.936428300000003,0.0,0.0,13644.228571700001,2000,2020-12-30
2020-12-31,09:25,BUY,1000,13.67,13676.835,5.2735367,0.0,37.879964999998265,0.0,3000,2020-12-30
2020-12-31,15:00,SELL,1000,13.69,13683.155,18.9568181,0.0,0.0,13664.198181900001,2000,2020-12-31
2021-01-04,09:25,BUY,1000,13.7,13706.849999999999,5.274137,0.0,47.925955099997736,0.0,3000,2020-12-31
2021-01-04,15:00,SELL,1000,13.8,13793.1,19.068962,0.0,0.0,13774.031038000001,2000,2021-01-04
2021-01-05,09:25,BUY,1000,13.8,13806.9,5.2761379999999996,0.0,38.14509999999791,0.0,3000,2021-01-04
2021-01-05,15:00,SELL,1000,13.95,13943.025000000001,19.221885500000003,0.0,0.0,13923.803114500002,2000,2021-01-05
2021-01-06,09:25,BUY,1000,13.96,13966.98,5.2793396,0.0,48.45622509999703,0.0,3000,2021-01-05
2021-01-06,15:00,SELL,1000,13.87,13863.065,19.1403263,0.0,0.0,13843.924673700001,2000,2021-01-06
2021-01-07,09:25,BUY,1000,13.79,13796.894999999999,5.2759379,0.0,0.0,41.75373580000269,3000,2021-01-06
2021-01-07,15:00,SELL,1000,13.73,13723.135,18.9975977,0.0,0.0,13745.891138100003,2000,2021-01-07
2021-01-08,09:25,BUY,1000,13.86,13866.929999999998,5.2773386,0.0,126.31620049999583,0.0,3000,2021-01-07
2021-01-08,15:00,SELL,1000,14.24,14232.880000000001,19.517537600000004,0.0,0.0,14213.3624624,2000,2021-01-08
2021-01-11,09:25,BUY,1000,14.1,14107.05,5.282141,0.0,0.0,101.03032140000141,3000,2021-01-08
2021-01-11,15:00,SELL,1000,14.36,14352.820000000002,19.639876400000002,0.0,0.0,14434.210445000002,2000,2021-01-11
2021-01-12,09:25,BUY,1000,14.3,14307.15,5.286143,0.0,0.0,121.77430200000344,3000,2021-01-11
2021-01-12,15:00,SELL,1000,14.57,14562.715,19.853969300000003,0.0,0.0,14664.635332700003,2000,2021-01-12
2021-01-13,09:25,BUY,1000,14.48,14487.24,5.2897448,0.0,0.0,172.10558790000323,3000,2021-01-12
2021-01-13,15:00,SELL,1000,15.18,15172.410000000002,20.475858200000005,0.0,0.0,15324.039729700005,2000,2021-01-13
2021-01-14,09:25,BUY,1000,15.15,15157.574999999999,5.3031515,0.0,0.0,161.16157820000626,3000,2021-01-13
2021-01-14,15:00,SELL,1000,15.67,15662.165,20.9754083,0.0,0.0,15802.351169900006,2000,2021-01-14
2021-01-15,09:25,BUY,1000,15.57,15577.785,5.3115557,0.0,0.0,219.25461420000647,3000,2021-01-14
2021-01-15,15:00,SELL,1000,15.25,15242.375,20.547222500000004,0.0,0.0,15441.082391700007,2000,2021-01-15
2021-01-18,09:25,BUY,1000,15.26,15267.63,5.3053526,0.0,0.0,168.14703910000753,3000,2021-01-15
2021-01-18,15:00,SELL,1000,15.88,15872.060000000001,21.189501200000002,0.0,0.0,16019.017537900008,2000,2021-01-18
2021-01-19,09:25,BUY,1000,15.86,15867.929999999998,5.3173586,0.0,0.0,145.77017930001057,3000,2021-01-18
2021-01-19,15:00,SELL,1000,15.1,15092.45,20.394299000000004,0.0,0.0,15217.825880300012,2000,2021-01-19
2021-01-20,09:25,BUY,1000,15.35,15357.675,5.3071535,0.0,145.15627319998748,0.0,3000,2021-01-19
2021-01-20,15:00,SELL,1000,15.14,15132.43,20.4350786,0.0,0.0,15111.9949214,2000,2021-01-20
2021-01-21,09:25,BUY,1000,15.15,15157.574999999999,5.3031515,0.0,50.8832300999984,0.0,3000,2021-01-20
2021-01-21,15:00,SELL,1000,15.19,15182.405,20.4860531,0.0,0.0,15161.918946900001,2000,2021-01-21
2021-01-22,09:25,BUY,1000,15.09,15097.545,5.3019509,0.0,0.0,59.07199600000058,3000,2021-01-21
2021-01-22,15:00,SELL,1000,14.75,14742.625,20.0374775,0.0,0.0,14781.6595185,2000,2021-01-22
2021-01-25,09:25,BUY,1000,14.69,14697.345,5.2939469,0.0,0.0,79.02057160000186,3000,2021-01-22
2021-01-25,15:00,SELL,1000,15.2,15192.400000000001,20.496248,0.0,0.0,15250.924323600004,2000,2021-01-25
2021-01-26,09:25,BUY,1000,15.02,15027.509999999998,5.3005502,0.0,0.0,218.1137734000058,3000,2021-01-25
2021-01-26,15:00,SELL,1000,14.82,14812.59,20.1088418,0.0,0.0,15010.594931600006,2000,2021-01-26
2021-01-27,09:25,BUY,1000,14.95,14957.474999999999,5.2991495,0.0,0.0,47.82078210000691,3000,2021-01-26
2021-01-27,15:00,SELL,1000,14.86,14852.570000000002,20.1496214,0.0,0.0,14880.241160700009,2000,2021-01-27
2021-01-28,09:25,BUY,1000,14.61,14617.304999999998,5.2923461,0.0,0.0,257.64381460001096,3000,2021-01-27
2021-01-28,15:00,SELL,1000,14.21,14202.895,19.486952900000002,0.0,0.0,14441.05186170001,2000,2021-01-28
2021-01-29,09:25,BUY,1000,14.4,14407.199999999999,5.288144,0.0,0.0,28.563717700011694,3000,2021-01-28
2021-01-29,15:00,SELL,1000,14.29,14282.855000000001,19.568512100000003,0.0,0.0,14291.850205600012,2000,2021-01-29
2021-02-01,09:25,BUY,1000,14.05,14057.025,5.2811405,0.0,0.0,229.54406510001354,3000,2021-01-29
2021-02-01,15:00,SELL,1000,13.9,13893.050000000001,19.170911000000004,0.0,0.0,14103.423154100015,2000,2021-02-01
2021-02-02,09:25,BUY,1000,13.93,13936.964999999998,5.2787393,0.0,0.0,161.17941480001718,3000,2021-02-01
2021-02-02,15:00,SELL,1000,13.7,13693.150000000001,18.967013,0.0,0.0,13835.36240180002,2000,2021-02-02
2021-02-03,09:25,BUY,1000,13.67,13676.835,5.2735367,0.0,0.0,153.25386510001954,3000,2021-02-02
2021-02-03,15:00,SELL,1000,13.27,13263.365000000002,18.5286323,0.0,0.0,13398.090232800021,2000,2021-02-03
2021-02-04,09:25,BUY,1000,13.2,13206.599999999999,5.264132,0.0,0.0,186.22610080002232,3000,2021-02-03
2021-02-04,15:00,SELL,1000,13.52,13513.240000000002,18.783504800000003,0.0,0.0,13680.682596000024,2000,2021-02-04
2021-02-05,09:25,BUY,1000,13.51,13516.755,5.2703351,0.0,0.0,158.657260900025,3000,2021-02-04
2021-02-05,15:00,SELL,1000,13.21,13203.395,18.4674629,0.0,0.0,13343.584798000025,2000,2021-02-05
2021-02-08,09:25,BUY,1000,13.15,13156.574999999999,5.2631315,0.0,0.0,181.74666650002655,3000,2021-02-05
2021-02-08,15:00,SELL,1000,13.25,13243.375,18.5082425,0.0,0.0,13406.613424000026,2000,2021-02-08
2021-02-09,09:25,BUY,1000,13.3,13306.65,5.266133,0.0,0.0,94.69729100002769,3000,2021-02-08
2021-02-09,15:00,SELL,1000,13.62,13613.19,18.8854538,0.0,0.0,13689.001837200029,2000,2021-02-09
2021-02-10,09:25,BUY,1000,13.51,13516.755,5.2703351,0.0,0.0,166.9765021000294,3000,2021-02-09
2021-02-10,15:00,SELL,1000,14.04,14032.980000000001,19.313639600000002,0.0,0.0,14180.64286250003,2000,2021-02-10
2021-02-18,09:25,BUY,1000,14.12,14127.06,5.2825412,0.0,0.0,48.30032130003019,3000,2021-02-10
2021-02-18,15:00,SELL,1000,13.96,13953.02,19.2320804,0.0,0.0,13982.088240900031,2000,2021-02-18
2021-02-19,09:25,BUY,1000,13.89,13896.945,5.2779389,0.0,0.0,79.86530200003108,3000,2021-02-18
2021-02-19,15:00,SELL,1000,14.19,14182.905,19.466563100000002,0.0,0.0,14243.303738900031,2000,2021-02-19
2021-02-22,09:25,BUY,1000,14.25,14257.125,5.2851425,0.0,19.10640359996978,0.0,3000,2021-02-19
2021-02-22,15:00,SELL,1000,13.97,13963.015000000001,19.242275300000003,0.0,0.0,13943.772724700002,2000,2021-02-22
2021-02-23,09:25,BUY,1000,13.85,13856.925,5.2771385,0.0,0.0,81.57058620000316,3000,2021-02-22
2021-02-23,15:00,SELL,1000,13.79,13783.105000000001,19.058767100000004,0.0,0.0,13845.616819100005,2000,2021-02-23
2021-02-24,09:25,BUY,1000,13.81,13816.904999999999,5.2763381,0.0,0.0,23.435481000005893,3000,2021-02-23
2021-02-24,15:00,SELL,1000,14.05,14042.975,19.323834500000004,0.0,0.0,14047.086646500005,2000,2021-02-24
2021-02-25,09:25,BUY,1000,14.05,14057.025,5.2811405,0.0,15.219493999993574,0.0,3000,2021-02-24
2021-02-25,15:00,SELL,1000,13.92,13913.04,19.1913008,0.0,0.0,13893.848699200002,2000,2021-02-25
2021-02-26,09:25,BUY,1000,13.77,13776.884999999998,5.2755377,0.0,0.0,111.68816150000384,3000,2021-02-25
2021-02-26,15:00,SELL,1000,13.81,13803.095000000001,19.0791569,0.0,0.0,13895.704004600006,2000,2021-02-26
2021-03-01,09:25,BUY,1000,13.84,13846.92,5.2769384,0.0,0.0,43.50706620000528,3000,2021-02-26
2021-03-01,15:00,SELL,1000,13.85,13843.075,19.1199365,0.0,0.0,13867.462129700007,2000,2021-03-01
2021-03-02,09:25,BUY,1000,13.9,13906.949999999999,5.278139,0.0,44.76600929999222,0.0,3000,2021-03-01
2021-03-02,15:00,SELL,1000,13.58,13573.210000000001,18.8446742,0.0,0.0,13554.365325800001,2000,2021-03-02
2021-03-03,09:25,BUY,1000,13.56,13566.779999999999,5.2713356000000005,0.0,17.68600979999792,0.0,3000,2021-03-02
2021-03-03,15:00,SELL,1000,13.9,13893.050000000001,19.170911000000004,0.0,0.0,13873.879089000002,2000,2021-03-03
2021-03-04,09:25,BUY,1000,13.8,13806.9,5.2761379999999996,0.0,0.0,61.70295100000294,3000,2021-03-03
2021-03-04,15:00,SELL,1000,13.63,13623.185000000001,18.895648700000002,0.0,0.0,13665.992302300005,2000,2021-03-04
2021-03-05,09:25,BUY,1000,13.5,13506.75,5.270135,0.0,0.0,153.972167300004,3000,2021-03-04
2021-03-05,15:00,SELL,1000,13.75,13743.125,19.0179875,0.0,0.0,13878.079179800005,2000,2021-03-05
2021-03-08,09:25,BUY,1000,13.76,13766.88,5.2753376,0.0,0.0,105.92384220000531,3000,2021-03-05
2021-03-08,15:00,SELL,1000,13.7,13693.150000000001,18.967013,0.0,0.0,13780.106829200007,2000,2021-03-08
2021-03-09,09:25,BUY,1000,13.68,13686.84,5.2737368,0.0,0.0,87.9930924000073,3000,2021-03-08
2021-03-09,15:00,SELL,1000,13.9,13893.050000000001,19.170911000000004,0.0,0.0,13961.87218140001,2000,2021-03-09
2021-03-10,09:25,BUY,1000,13.98,13986.99,5.2797398,0.0,30.397558399990885,0.0,3000,2021-03-09
2021-03-10,15:00,SELL,1000,13.73,13723.135,18.9975977,0.0,0.0,13704.1374023,2000,2021-03-10
2021-03-11,09:25,BUY,1000,13.72,13726.859999999999,5.2745372,0.0,27.997134899998855,0.0,3000,2021-03-10
2021-03-11,15:00,SELL,1000,13.67,13663.165,18.936428300000003,0.0,0.0,13644.228571700001,2000,2021-03-11
2021-03-12,09:25,BUY,1000,13.69,13696.845,5.2739369,0.0,57.89036519999718,0.0,3000,2021-03-11
2021-03-12,15:00,SELL,1000,13.53,13523.235,18.7936997,0.0,0.0,13504.4413003,2000,2021-03-12
2021-03-15,09:25,BUY,1000,13.48,13486.74,5.2697348,0.0,0.0,12.431565500000943,3000,2021-03-12
2021-03-15,15:00,SELL,1000,13.32,13313.34,18.5796068,0.0,0.0,13307.191958700001,2000,2021-03-15
2021-03-16,09:25,BUY,1000,13.34,13346.67,5.2669334,0.0,44.74497469999915,0.0,3000,2021-03-15
2021-03-16,15:00,SELL,1000,13.47,13463.265000000001,18.7325303,0.0,0.0,13444.532469700001,2000,2021-03-16
2021-03-17,09:25,BUY,1000,13.45,13456.724999999999,5.2691345,0.0,17.46166479999738,0.0,3000,2021-03-16
2021-03-17,15:00,SELL,1000,13.55,13543.225,18.8140895,0.0,0.0,13524.4109105,2000,2021-03-17
2021-03-18,09:25,BUY,1000,13.57,13576.785,5.2715357,0.0,57.645625199998904,0.0,3000,2021-03-17
2021-03-18,15:00,SELL,1000,13.52,13513.240000000002,18.783504800000003,0.0,0.0,13494.456495200002,2000,2021-03-18
2021-03-19,09:25,BUY,1000,13.52,13526.759999999998,5.2705352,0.0,37.574039999995875,0.0,3000,2021-03-18
2021-03-19,15:00,SELL,1000,13.5,13493.25,18.763115,0.0,0.0,13474.486885,2000,2021-03-19
2021-03-22,09:25,BUY,1000,13.48,13486.74,5.2697348,0.0,17.522849799999676,0.0,3000,2021-03-19
2021-03-22,15:00,SELL,1000,13.55,13543.225,18.8140895,0.0,0.0,13524.4109105,2000,2021-03-22
2021-03-23,09:25,BUY,1000,13.56,13566.779999999999,5.2713356000000005,0.0,47.64042509999854,0.0,3000,2021-03-22
2021-03-23,15:00,SELL,1000,13.65,13643.175000000001,18.916038500000003,0.0,0.0,13624.258961500002,2000,2021-03-23
2021-03-24,09:25,BUY,1000,13.66,13666.83,5.2733366,0.0,47.844375099997706,0.0,3000,2021-03-23
2021-03-24,15:00,SELL,1000,13.86,13853.070000000002,19.130131400000003,0.0,0.0,13833.939868600002,2000,2021-03-24
2021-03-25,09:25,BUY,1000,13.9,13906.949999999999,5.278139,0.0,78.28827039999669,0.0,3000,2021-03-24
2021-03-25,15:00,SELL,1000,13.82,13813.09,19.089351800000003,0.0,0.0,13794.0006482,2000,2021-03-25
2021-03-26,09:25,BUY,1000,13.8,13806.9,5.2761379999999996,0.0,18.175489799998104,0.0,3000,2021-03-25
2021-03-26,15:00,SELL,1000,14.04,14032.980000000001,19.313639600000002,0.0,0.0,14013.6663604,2000,2021-03-26
2021-03-29,09:25,BUY,1000,14.07,14077.035,5.2815407,0.0,68.65018029999919,0.0,3000,2021-03-26
2021-03-29,15:00,SELL,1000,13.65,13643.175000000001,18.916038500000003,0.0,0.0,13624.258961500002,2000,2021-03-29
2021-03-30,09:25,BUY,1000,13.74,13746.869999999999,5.2749374,0.0,127.88597589999699,0.0,3000,2021-03-29
2021-03-30,15:00,SELL,1000,14.36,14352.820000000002,19.639876400000002,0.0,0.0,14333.180123600001,2000,2021-03-30
2021-03-31,09:25,BUY,1000,14.3,14307.15,5.286143,0.0,0.0,20.743980600002033,3000,2021-03-30
2021-03-31,15:00,SELL,1000,14.37,14362.815,19.6500713,0.0,0.0,14363.908909300002,2000,2021-03-31
2021-04-01,09:25,BUY,1000,14.41,14417.205,5.2883441,0.0,58.584434799997325,0.0,3000,2021-03-31
2021-04-01,15:00,SELL,1000,14.42,14412.79,19.701045800000003,0.0,0.0,14393.0889542,2000,2021-04-01
2021-04-02,09:25,BUY,1000,14.37,14377.185,5.2875437,0.0,0.0,10.616410500000711,3000,2021-04-01
2021-04-02,15:00,SELL,1000,14.15,14142.925000000001,19.4257835,0.0,0.0,14134.115627000001,2000,2021-04-02
2021-04-06,09:25,BUY,1000,14.33,14337.164999999999,5.2867433,0.0,208.33611629999723,0.0,3000,2021-04-02
2021-04-06,15:00,SELL,1000,14.16,14152.92,19.435978400000003,0.0,0.0,14133.4840216,2000,2021-04-06
2021-04-07,09:25,BUY,1000,14.19,14197.095,5.2839419,0.0,68.89492029999928,0.0,3000,2021-04-06
2021-04-07,15:00,SELL,1000,14.38,14372.810000000001,19.660266200000002,0.0,0.0,14353.1497338,2000,2021-04-07
2021-04-08,09:25,BUY,1000,14.34,14347.17,5.2869434,0.0,0.0,0.6927904000003764,3000,2021-04-07
2021-04-08,15:00,SELL,1000,14.36,14352.820000000002,19.639876400000002,0.0,0.0,14333.872914000001,2000,2021-04-08
2021-04-09,09:25,BUY,1000,14.29,14297.144999999999,5.2859429,0.0,0.0,31.441971100002775,3000,2021-04-08
2021-04-09,15:00,SELL,1000,14.06,14052.970000000001,19.334029400000002,0.0,0.0,14065.077941700003,2000,2021-04-09
2021-04-12,09:25,BUY,1000,14.05,14057.025,5.2811405,0.0,0.0,2.77180120000412,3000,2021-04-09
2021-04-12,15:00,SELL,1000,14.06,14052.970000000001,19.334029400000002,0.0,0.0,14036.407771800004,2000,2021-04-12
2021-04-13,09:25,BUY,1000,14.06,14067.029999999999,5.2813406,0.0,35.9035687999949,0.0,3000,2021-04-12
2021-04-13,15:00,SELL,1000,14.49,14482.755000000001,19.772410100000002,0.0,0.0,14462.9825899,2000,2021-04-13
2021-04-14,09:25,BUY,1000,14.59,14597.295,5.2919459,0.0,139.60435599999983,0.0,3000,2021-04-13
2021-04-14,15:00,SELL,1000,14.5,14492.75,19.782605,0.0,0.0,14472.967395,2000,2021-04-14
2021-04-15,09:25,BUY,1000,14.54,14547.269999999999,5.2909454,0.0,79.593550399999,0.0,3000,2021-04-14
2021-04-15,15:00,SELL,1000,14.38,14372.810000000001,19.660266200000002,0.0,0.0,14353.1497338,2000,2021-04-15
2021-04-16,09:25,BUY,1000,14.29,14297.144999999999,5.2859429,0.0,0.0,50.718790900002205,3000,2021-04-15
2021-04-16,15:00,SELL,1000,14.4,14392.800000000001,19.680656000000003,0.0,0.0,14423.838134900003,2000,2021-04-16
2021-04-19,09:25,BUY,1000,14.35,14357.175,5.2871435,0.0,0.0,61.37599140000384,3000,2021-04-16
2021-04-19,15:00,SELL,1000,14.71,14702.645,19.9966979,0.0,0.0,14744.024293500004,2000,2021-04-19
2021-04-20,09:25,BUY,1000,14.65,14657.324999999999,5.2931465,0.0,0.0,81.40614700000515,3000,2021-04-19
2021-04-20,15:00,SELL,1000,14.38,14372.810000000001,19.660266200000002,0.0,0.0,14434.555880800006,2000,2021-04-20
2021-04-21,09:25,BUY,1000,14.33,14337.164999999999,5.2867433,0.0,0.0,92.10413750000771,3000,2021-04-20
2021-04-21,15:00,SELL,1000,14.42,14412.79,19.701045800000003,0.0,0.0,14485.193091700008,2000,2021-04-21
2021-04-22,09:25,BUY,1000,14.43,14437.214999999998,5.2887443,0.0,0.0,42.689347400009865,3000,2021-04-21
2021-04-22,15:00,SELL,1000,14.18,14172.910000000002,19.456368200000004,0.0,0.0,14196.14297920001,2000,2021-04-22
2021-04-23,09:25,BUY,1000,14.15,14157.074999999999,5.2831415,0.0,0.0,33.78483770001185,3000,2021-04-22
2021-04-23,15:00,SELL,1000,14.18,14172.910000000002,19.456368200000004,0.0,0.0,14187.238469500013,2000,2021-04-23
2021-04-26,09:25,BUY,1000,14.21,14217.105,5.2843421,0.0,35.15087259998654,0.0,3000,2021-04-23
2021-04-26,15:00,SELL,1000,14.35,14342.825,19.629681500000004,0.0,0.0,14323.1953185,2000,2021-04-26
2021-04-27,09:25,BUY,1000,14.34,14347.17,5.2869434,0.0,29.261624900000243,0.0,3000,2021-04-26
2021-04-27,15:00,SELL,1000,14.42,14412.79,19.701045800000003,0.0,0.0,14393.0889542,2000,2021-04-27
2021-04-28,09:25,BUY,1000,14.43,14437.214999999998,5.2887443,0.0,49.414790099997845,0.0,3000,2021-04-27
2021-04-28,15:00,SELL,1000,14.55,14542.725,19.8335795,0.0,0.0,14522.8914205,2000,2021-04-28
2021-04-29,09:25,BUY,1000,14.65,14657.324999999999,5.2931465,0.0,139.72672599999896,0.0,3000,2021-04-28
2021-04-29,15:00,SELL,1000,14.7,14692.650000000001,19.986503000000003,0.0,0.0,14672.663497000001,2000,2021-04-29
2021-04-30,09:25,BUY,1000,14.65,14657.324999999999,5.2931465,0.0,0.0,10.045350500002314,3000,2021-04-29
2021-04-30,15:00,SELL,1000,13.76,13753.12,19.028182400000002,0.0,0.0,13744.137168100004,2000,2021-04-30
2021-05-06,09:25,BUY,1000,13.61,13616.804999999998,5.2723361,0.0,0.0,122.05983200000446,3000,2021-04-30
2021-05-06,15:00,SELL,1000,13.67,13663.165,18.936428300000003,0.0,0.0,13766.288403700006,2000,2021-05-06
2021-05-07,09:25,BUY,1000,13.67,13676.835,5.2735367,0.0,0.0,84.1798670000062,3000,2021-05-06
2021-05-07,15:00,SELL,1000,13.45,13443.275000000001,18.712140500000004,0.0,0.0,13508.742726500008,2000,2021-05-07
2021-05-10,09:25,BUY,1000,13.5,13506.75,5.270135,0.0,3.2774084999928164,0.0,3000,2021-05-07
2021-05-10,15:00,SELL,1000,13.52,13513.240000000002,18.783504800000003,0.0,0.0,13494.456495200002,2000,2021-05-10
2021-05-11,09:25,BUY,1000,13.45,13456.724999999999,5.2691345,0.0,0.0,32.462360700003046,3000,2021-05-10
2021-05-11,15:00,SELL,1000,13.49,13483.255000000001,18.752920100000004,0.0,0.0,13496.964440600004,2000,2021-05-11
2021-05-12,09:25,BUY,1000,13.42,13426.71,5.2685342,0.0,0.0,64.98590640000475,3000,2021-05-11
2021-05-12,15:00,SELL,1000,13.52,13513.240000000002,18.783504800000003,0.0,0.0,13559.442401600007,2000,2021-05-12
2021-05-13,09:25,BUY,1000,13.44,13446.72,5.2689344,0.0,0.0,107.45346720000816,3000,2021-05-12
2021-05-13,15:00,SELL,1000,13.38,13373.310000000001,18.640776200000005,0.0,0.0,13462.12269100001,2000,2021-05-13
2021-05-14,09:25,BUY,1000,13.4,13406.699999999999,5.268134,0.0,0.0,50.154557000010755,3000,2021-05-13
2021-05-14,15:00,SELL,1000,13.48,13473.26,18.742725200000002,0.0,0.0,13504.671831800011,2000,2021-05-14
2021-05-17,09:25,BUY,1000,13.46,13466.73,5.2693346,0.0,0.0,32.672497200012,3000,2021-05-14
2021-05-17,15:00,SELL,1000,13.3,13293.35,18.559217000000004,0.0,0.0,13307.463280200012,2000,2021-05-17
2021-05-18,09:25,BUY,1000,13.31,13316.654999999999,5.2663331,0.0,14.458052899986797,0.0,3000,2021-05-17
2021-05-18,15:00,SELL,1000,13.35,13343.325,18.6101915,0.0,0.0,13324.7148085,2000,2021-05-18
2021-05-19,09:25,BUY,1000,13.3,13306.65,5.266133,0.0,0.0,12.798675500001991,3000,2021-05-18
2021-05-19,15:00,SELL,1000,13.21,13203.395,18.4674629,0.0,0.0,13197.726212600002,2000,2021-05-19
2021-05-20,09:25,BUY,1000,13.2,13206.599999999999,5.264132,0.0,14.137919399996463,0.0,3000,2021-05-19
2021-05-20,15:00,SELL,1000,13.22,13213.390000000001,18.477657800000003,0.0,0.0,13194.912342200001,2000,2021-05-20
2021-05-21,09:25,BUY,1000,13.21,13216.605,5.2643321,0.0,26.956989899998007,0.0,3000,2021-05-20
2021-05-21,15:00,SELL,1000,13.11,13103.445000000002,18.365513900000003,0.0,0.0,13085.079486100001,2000,2021-05-21
2021-05-24,09:25,BUY,1000,13.11,13116.554999999998,5.2623311,0.0,36.73784499999783,0.0,3000,2021-05-21
2021-05-24,15:00,SELL,1000,12.55,12543.725,17.794599500000004,0.0,0.0,12525.930400500001,2000,2021-05-24
2021-05-25,09:25,BUY,1000,12.56,12566.279999999999,5.2513256,0.0,45.60092509999777,0.0,3000,2021-05-24
2021-05-25,15:00,SELL,1000,12.64,12633.68,17.8863536,0.0,0.0,12615.7936464,2000,2021-05-25
2021-05-26,09:25,BUY,1000,12.56,12566.279999999999,5.2513256,0.0,0.0,44.26232080000045,3000,2021-05-25
2021-05-26,15:00,SELL,1000,12.56,12553.720000000001,17.804794400000002,0.0,0.0,12580.1775264,2000,2021-05-26
2021-05-27,09:25,BUY,1000,12.53,12536.265,5.2507253,0.0,0.0,38.66180110000096,3000,2021-05-26
2021-05-27,15:00,SELL,1000,12.62,12613.69,17.865963800000003,0.0,0.0,12634.4858373,2000,2021-05-27
2021-05-28,09:25,BUY,1000,12.56,12566.279999999999,5.2513256,0.0,0.0,62.9545117000016,3000,2021-05-27
2021-05-28,15:00,SELL,1000,12.35,12343.825,17.5907015,0.0,0.0,12389.188810200003,2000,2021-05-28
2021-05-31,09:25,BUY,1000,12.38,12386.189999999999,5.2477238,0.0,2.2489135999949212,0.0,3000,2021-05-28
2021-05-31,15:00,SELL,1000,12.42,12413.79,17.6620658,0.0,0.0,12396.127934200002,2000,2021-05-31
2021-06-01,09:25,BUY,1000,12.42,12426.21,5.2485242,0.0,35.330589999997756,0.0,3000,2021-05-31
2021-06-01,15:00,SELL,1000,12.43,12423.785,17.672260700000002,0.0,0.0,12406.1127393,2000,2021-06-01
2021-06-02,09:25,BUY,1000,12.42,12426.21,5.2485242,0.0,25.345784899998762,0.0,3000,2021-06-01
2021-06-02,15:00,SELL,1000,12.22,12213.890000000001,17.458167800000002,0.0,0.0,12196.431832200002,2000,2021-06-02
2021-06-03,09:25,BUY,1000,12.22,12226.109999999999,5.2445222,0.0,34.9226899999976,0.0,3000,2021-06-02
2021-06-03,15:00,SELL,1000,12.26,12253.87,17.498947400000002,0.0,0.0,12236.371052600001,2000,2021-06-03
2021-06-04,09:25,BUY,1000,12.21,12216.105,5.2443221,0.0,0.0,15.021730500002377,3000,2021-06-03
2021-06-04,15:00,SELL,1000,12.22,12213.890000000001,17.458167800000002,0.0,0.0,12211.453562700004,2000,2021-06-04
2021-06-07,09:25,BUY,1000,12.23,12236.115,5.2447223,0.0,29.90615959999559,0.0,3000,2021-06-04
2021-06-07,15:00,SELL,1000,12.49,12483.755000000001,17.7334301,0.0,0.0,12466.021569900002,2000,2021-06-07
2021-06-08,09:25,BUY,1000,12.56,12566.279999999999,5.2513256,0.0,105.50975569999719,0.0,3000,2021-06-07
2021-06-08,15:00,SELL,1000,12.51,12503.745,17.753819900000003,0.0,0.0,12485.991180100002,2000,2021-06-08
2021-06-09,09:25,BUY,1000,12.47,12476.234999999999,5.2495247,0.0,0.0,4.506655400002273,3000,2021-06-08
2021-06-09,15:00,SELL,1000,12.54,12533.730000000001,17.784404600000002,0.0,0.0,12520.452250800005,2000,2021-06-09
2021-06-10,09:25,BUY,1000,12.51,12516.255,5.2503251,0.0,1.0530742999944778,0.0,3000,2021-06-09
2021-06-10,15:00,SELL,1000,12.56,12553.720000000001,17.804794400000002,0.0,0.0,12535.9152056,2000,2021-06-10
2021-06-11,09:25,BUY,1000,12.56,12566.279999999999,5.2513256,0.0,35.61611999999877,0.0,3000,2021-06-10
2021-06-11,15:00,SELL,1000,12.5,12493.75,17.743625,0.0,0.0,12476.006375,2000,2021-06-11
2021-06-15,09:25,BUY,1000,12.5,12506.25,5.250125,0.0,35.493749999999636,0.0,3000,2021-06-11
2021-06-15,15:00,SELL,1000,12.55,12543.725,17.794599500000004,0.0,0.0,12525.930400500001,2000,2021-06-15
2021-06-16,09:25,BUY,1000,12.5,12506.25,5.250125,0.0,0.0,14.43027550000079,3000,2021-06-15
2021-06-16,15:00,SELL,1000,12.32,12313.84,17.560116800000003,0.0,0.0,12310.710158700002,2000,2021-06-16
2021-06-17,09:25,BUY,1000,12.31,12316.154999999999,5.2463231,0.0,10.691164399997433,0.0,3000,2021-06-16
2021-06-17,15:00,SELL,1000,12.45,12443.775000000001,17.692650500000003,0.0,0.0,12426.082349500002,2000,2021-06-17
2021-06-18,09:25,BUY,1000,12.48,12486.24,5.2497248,0.0,65.40737529999751,0.0,3000,2021-06-17
2021-06-18,15:00,SELL,1000,12.49,12483.755000000001,17.7334301,0.0,0.0,12466.021569900002,2000,2021-06-18
2021-06-21,09:25,BUY,1000,12.4,12406.199999999999,5.248124,0.0,0.0,54.57344590000321,3000,2021-06-18
2021-06-21,15:00,SELL,1000,12.38,12373.810000000001,17.6212862,0.0,0.0,12410.762159700005,2000,2021-06-21
2021-06-22,09:25,BUY,1000,12.37,12376.185,5.2475237,0.0,0.0,29.32963600000585,3000,2021-06-21
2021-06-22,15:00,SELL,1000,12.31,12303.845000000001,17.5499219,0.0,0.0,12315.624714100008,2000,2021-06-22
2021-06-23,09:25,BUY,1000,12.32,12326.16,5.2465232,0.0,15.781809099991733,0.0,3000,2021-06-22
2021-06-23,15:00,SELL,1000,12.56,12553.720000000001,17.804794400000002,0.0,0.0,12535.9152056,2000,2021-06-23
2021-06-24,09:25,BUY,1000,12.61,12616.304999999998,5.2523261,0.0,85.64212049999878,0.0,3000,2021-06-23
2021-06-24,15:00,SELL,1000,12.67,12663.665,17.9169383,0.0,0.0,12645.7480617,2000,2021-06-24
2021-06-25,09:25,BUY,1000,12.69,12696.345,5.2539269,0.0,55.850865200000044,0.0,3000,2021-06-24
2021-06-25,15:00,SELL,1000,12.61,12603.695000000002,17.8557689,0.0,0.0,12585.8392311,2000,2021-06-25
2021-06-28,09:25,BUY,1000,12.66,12666.33,5.2533266,0.0,85.74409549999837,0.0,3000,2021-06-25
2021-06-28,15:00,SELL,1000,12.58,12573.710000000001,17.825184200000002,0.0,0.0,12555.8848158,2000,2021-06-28
2021-06-29,09:25,BUY,1000,12.58,12586.289999999999,5.2517258,0.0,35.6569099999997,0.0,3000,2021-06-28
2021-06-29,15:00,SELL,1000,12.41,12403.795,17.6518709,0.0,0.0,12386.1431291,2000,2021-06-29
2021-06-30,09:25,BUY,1000,12.45,12456.224999999999,5.2491245,0.0,75.33099539999785,0.0,3000,2021-06-29
2021-06-30,15:00,SELL,1000,12.41,12403.795,17.6518709,0.0,0.0,12386.1431291,2000,2021-06-30
2021-07-01,09:25,BUY,1000,12.42,12426.21,5.2485242,0.0,45.31539509999857,0.0,3000,2021-06-30
2021-07-01,15:00,SELL,1000,12.3,12293.85,17.539727,0.0,0.0,12276.310273000001,2000,2021-07-01
2021-07-02,09:25,BUY,1000,12.29,12296.144999999999,5.2459229,0.0,25.080649899997297,0.0,3000,2021-07-01
2021-07-02,15:00,SELL,1000,11.97,11964.015000000001,17.2032953,0.0,0.0,11946.811704700001,2000,2021-07-02
2021-07-05,09:25,BUY,1000,11.95,11955.974999999999,5.2391195,0.0,14.402414799997132,0.0,3000,2021-07-02
2021-07-05,15:00,SELL,1000,12.19,12183.905,17.4275831,0.0,0.0,12166.477416900001,2000,2021-07-05
2021-07-06,09:25,BUY,1000,12.19,12196.095,5.2439219,0.0,34.86150499999894,0.0,3000,2021-07-05
2021-07-06,15:00,SELL,1000,12.23,12223.885,17.4683627,0.0,0.0,12206.4166373,2000,2021-07-06
2021-07-07,09:25,BUY,1000,12.19,12196.095,5.2439219,0.0,0.0,5.07771540000067,3000,2021-07-06
2021-07-07,15:00,SELL,1000,12.15,12143.925000000001,17.386803500000003,0.0,0.0,12131.615911900002,2000,2021-07-07
2021-07-08,09:25,BUY,1000,12.16,12166.08,5.2433216,0.0,39.70740969999861,0.0,3000,2021-07-07
2021-07-08,15:00,SELL,1000,12.03,12023.985,17.2644647,0.0,0.0,12006.7205353,2000,2021-07-08
2021-07-09,09:25,BUY,1000,12.02,12026.01,5.2405202,0.0,24.529984900000272,0.0,3000,2021-07-08
2021-07-09,15:00,SELL,1000,11.95,11944.025000000001,17.182905500000004,0.0,0.0,11926.842094500002,2000,2021-07-09
2021-07-12,09:25,BUY,1000,12.0,12006.0,5.24012,0.0,84.39802549999877,0.0,3000,2021-07-09
2021-07-12,15:00,SELL,1000,12.0,11994.0,17.23388,0.0,0.0,11976.76612,2000,2021-07-12
2021-07-13,09:25,BUY,1000,12.02,12026.01,5.2405202,0.0,54.48440020000089,0.0,3000,2021-07-12
2021-07-13,15:00,SELL,1000,12.04,12033.980000000001,17.2746596,0.0,0.0,12016.705340400002,2000,2021-07-13
2021-07-14,09:25,BUY,1000,12.01,12016.005,5.2403201,0.0,4.539979699997275,0.0,3000,2021-07-13
2021-07-14,15:00,SELL,1000,11.64,11634.18,16.866863600000002,0.0,0.0,11617.3131364,2000,2021-07-14
2021-07-15,09:25,BUY,1000,11.66,11665.83,5.2333166,0.0,53.750180200000614,0.0,3000,2021-07-14
2021-07-15,15:00,SELL,1000,11.75,11744.125,16.9790075,0.0,0.0,11727.1459925,2000,2021-07-15
2021-07-16,09:25,BUY,1000,11.72,11725.859999999999,5.2345172,0.0,3.948524699999325,0.0,3000,2021-07-15
2021-07-16,15:00,SELL,1000,11.49,11484.255000000001,16.713940100000002,0.0,0.0,11467.5410599,2000,2021-07-16
2021-07-19,09:25,BUY,1000,11.5,11505.75,5.230115,0.0,43.43905509999968,0.0,3000,2021-07-16
2021-07-19,15:00,SELL,1000,11.56,11554.220000000001,16.7853044,0.0,0.0,11537.4346956,2000,2021-07-19
2021-07-20,09:25,BUY,1000,11.51,11515.755,5.2303151,0.0,0.0,16.449380500002007,3000,2021-07-19
2021-07-20,15:00,SELL,1000,11.72,11714.140000000001,16.948422800000003,0.0,0.0,11713.640957700003,2000,2021-07-20
2021-07-21,09:25,BUY,1000,11.7,11705.849999999999,5.234117,0.0,0.0,2.5568407000046136,3000,2021-07-20
2021-07-21,15:00,SELL,1000,11.77,11764.115,16.9993973,0.0,0.0,11749.672443400004,2000,2021-07-21
2021-07-22,09:25,BUY,1000,11.76,11765.88,5.2353176,0.0,21.44287419999455,0.0,3000,2021-07-21
2021-07-22,15:00,SELL,1000,11.71,11704.145,16.9382279,0.0,0.0,11687.2067721,2000,2021-07-22
2021-07-23,09:25,BUY,1000,11.7,11705.849999999999,5.234117,0.0,23.877344899998207,0.0,3000,2021-07-22
2021-07-23,15:00,SELL,1000,11.76,11754.12,16.989202400000003,0.0,0.0,11737.1307976,2000,2021-07-23
2021-07-26,09:25,BUY,1000,11.79,11795.894999999999,5.2359179,0.0,64.00012029999743,0.0,3000,2021-07-23
2021-07-26,15:00,SELL,1000,11.62,11614.19,16.846473800000002,0.0,0.0,11597.3435262,2000,2021-07-26
2021-07-27,09:25,BUY,1000,11.43,11435.715,5.2287143,0.0,0.0,156.3998119000007,3000,2021-07-26
2021-07-27,15:00,SELL,1000,11.28,11274.36,16.4998472,50.0,0.0,11864.2599647,2000,2021-07-27
2021-07-28,09:25,BUY,1000,11.28,11285.64,5.2257128,0.0,0.0,573.3942519000011,3000,2021-07-27
2021-07-28,15:00,SELL,1000,11.0,10994.5,16.21439,50.0,0.0,11501.679861900002,2000,2021-07-28
2021-07-29,09:25,BUY,1000,11.05,11055.525,5.2211105,0.0,0.0,440.9337514000017,3000,2021-07-28
2021-07-29,15:00,SELL,1000,10.99,10984.505000000001,16.2041951,0.0,0.0,11409.234556300004,2000,2021-07-29
2021-07-30,09:25,BUY,1000,10.96,10965.48,5.2193096,0.0,0.0,438.5352467000048,3000,2021-07-29
2021-07-30,15:00,SELL,1000,11.22,11214.390000000001,16.4386778,0.0,0.0,11636.486568900005,2000,2021-07-30
2021-08-02,09:25,BUY,1000,11.22,11225.609999999999,5.2245122,0.0,0.0,405.65205670000614,3000,2021-07-30
2021-08-02,15:00,SELL,1000,11.81,11804.095000000001,17.040176900000002,0.0,0.0,12192.706879800007,2000,2021-08-02
2021-08-03,09:25,BUY,1000,11.85,11855.925,5.2371185,0.0,0.0,331.54476130000876,3000,2021-08-02
2021-08-03,15:00,SELL,1000,11.83,11824.085000000001,17.060566700000003,0.0,0.0,12138.56919460001,2000,2021-08-03
2021-08-04,09:25,BUY,1000,11.79,11795.894999999999,5.2359179,0.0,0.0,337.43827670001156,3000,2021-08-03
2021-08-04,15:00,SELL,1000,11.91,11904.045,17.142125900000003,0.0,0.0,12224.341150800012,2000,2021-08-04
2021-08-05,09:25,BUY,1000,11.98,11985.99,5.2397198,0.0,0.0,233.1114310000121,3000,2021-08-04
2021-08-05,15:00,SELL,1000,11.85,11844.075,17.0809565,0.0,0.0,12060.105474500013,2000,2021-08-05
2021-08-06,09:25,BUY,1000,11.83,11835.914999999999,5.2367183,0.0,0.0,218.95375620001323,3000,2021-08-05
2021-08-06,15:00,SELL,1000,11.83,11824.085000000001,17.060566700000003,0.0,0.0,12025.978189500014,2000,2021-08-06
2021-08-09,09:25,BUY,1000,11.8,11805.9,5.236118,0.0,0.0,214.84207150001384,3000,2021-08-06
2021-08-09,15:00,SELL,1000,12.03,12023.985,17.2644647,0.0,0.0,12221.562606800015,2000,2021-08-09
2021-08-10,09:25,BUY,1000,12.05,12056.025,5.2411205,0.0,0.0,160.2964863000143,3000,2021-08-09
2021-08-10,15:00,SELL,1000,12.14,12133.93,17.3766086,0.0,0.0,12276.849877700015,2000,2021-08-10
2021-08-11,09:25,BUY,1000,12.24,12246.119999999999,5.2449224,0.0,0.0,25.484955300016736,3000,2021-08-10
2021-08-11,15:00,SELL,1000,11.78,11774.11,17.0095922,0.0,0.0,11782.585363100017,2000,2021-08-11
2021-08-12,09:25,BUY,1000,11.76,11765.88,5.2353176,0.0,0.0,11.470045500018387,3000,2021-08-11
2021-08-12,15:00,SELL,1000,11.75,11744.125,16.9790075,0.0,0.0,11738.616038000018,2000,2021-08-12
2021-08-13,09:25,BUY,1000,11.74,11745.869999999999,5.2349174,0.0,12.48887939997985,0.0,3000,2021-08-12
2021-08-13,15:00,SELL,1000,11.84,11834.08,17.0707616,0.0,0.0,11817.0092384,2000,2021-08-13
2021-08-16,09:25,BUY,1000,11.87,11875.935,5.2375187,0.0,64.16328029999931,0.0,3000,2021-08-13
2021-08-16,15:00,SELL,1000,12.27,12263.865,17.5091423,0.0,0.0,12246.3558577,2000,2021-08-16
2021-08-17,09:25,BUY,1000,12.27,12276.135,5.2455227,0.0,35.024664999999004,0.0,3000,2021-08-16
2021-08-17,15:00,SELL,1000,12.02,12013.99,17.254269800000003,0.0,0.0,11996.7357302,2000,2021-08-17
2021-08-18,09:25,BUY,1000,12.01,12016.005,5.2403201,0.0,24.5095898999989,0.0,3000,2021-08-17
2021-08-18,15:00,SELL,1000,12.25,12243.875,17.4887525,0.0,0.0,12226.3862475,2000,2021-08-18
2021-08-19,09:25,BUY,1000,12.2,12206.099999999999,5.244122,0.0,0.0,15.04212550000193,3000,2021-08-18
2021-08-19,15:00,SELL,1000,11.85,11844.075,17.0809565,0.0,0.0,11842.036169000003,2000,2021-08-19
2021-08-20,09:25,BUY,1000,11.88,11885.939999999999,5.2377188,0.0,49.14154979999512,0.0,3000,2021-08-19
2021-08-20,15:00,SELL,1000,11.88,11874.060000000001,17.1115412,0.0,0.0,11856.948458800001,2000,2021-08-20
2021-08-23,09:25,BUY,1000,11.96,11965.98,5.2393196,0.0,114.27086079999754,0.0,3000,2021-08-20
2021-08-23,15:00,SELL,1000,12.04,12033.980000000001,17.2746596,0.0,0.0,12016.705340400002,2000,2021-08-23
2021-08-24,09:25,BUY,1000,12.15,12156.074999999999,5.2431215,0.0,144.61278109999694,0.0,3000,2021-08-23
2021-08-24,15:00,SELL,1000,12.05,12043.975,17.2848545,0.0,0.0,12026.6901455,2000,2021-08-24
2021-08-25,09:25,BUY,1000,12.03,12036.015,5.2407202999999996,0.0,14.565574799999013,0.0,3000,2021-08-24
2021-08-25,15:00,SELL,1000,11.98,11974.01,17.213490200000003,0.0,0.0,11956.7965098,2000,2021-08-25
2021-08-26,09:25,BUY,1000,11.96,11965.98,5.2393196,0.0,14.422809799998504,0.0,3000,2021-08-25
2021-08-26,15:00,SELL,1000,11.69,11684.155,16.9178381,0.0,0.0,11667.2371619,2000,2021-08-26
2021-08-27,09:25,BUY,1000,11.69,11695.845,5.2339169,0.0,33.841754999999466,0.0,3000,2021-08-26
2021-08-27,15:00,SELL,1000,11.71,11704.145,16.9382279,0.0,0.0,11687.2067721,2000,2021-08-27
2021-08-30,09:25,BUY,1000,11.75,11755.875,5.2351175,0.0,73.90334540000003,0.0,3000,2021-08-27
2021-08-30,15:00,SELL,1000,11.51,11504.245,16.734329900000002,0.0,0.0,11487.5106701,2000,2021-08-30
2021-08-31,09:25,BUY,1000,11.53,11535.765,5.2307153,0.0,53.48504519999915,0.0,3000,2021-08-30
2021-08-31,15:00,SELL,1000,11.48,11474.26,16.7037452,0.0,0.0,11457.5562548,2000,2021-08-31
2021-09-01,09:25,BUY,1000,11.48,11485.74,5.2297148,0.0,33.41345999999976,0.0,3000,2021-08-31
2021-09-01,15:00,SELL,1000,11.71,11704.145,16.9382279,0.0,0.0,11687.2067721,2000,2021-09-01
2021-09-02,09:25,BUY,1000,11.71,11715.855,5.2343171,0.0,33.88254499999857,0.0,3000,2021-09-01
2021-09-02,15:00,SELL,1000,11.75,11744.125,16.9790075,0.0,0.0,11727.1459925,2000,2021-09-02
2021-09-03,09:25,BUY,1000,11.8,11805.9,5.236118,0.0,83.99012550000043,0.0,3000,2021-09-02
2021-09-03,15:00,SELL,1000,12.0,11994.0,17.23388,0.0,0.0,11976.76612,2000,2021-09-03
2021-09-06,09:25,BUY,1000,12.01,12016.005,5.2403201,0.0,44.47920009999871,0.0,3000,2021-09-03
2021-09-06,15:00,SELL,1000,12.05,12043.975,17.2848545,0.0,0.0,12026.6901455,2000,2021-09-06
2021-09-07,09:25,BUY,1000,12.05,12056.025,5.2411205,0.0,34.575974999999744,0.0,3000,2021-09-06
2021-09-07,15:00,SELL,1000,12.17,12163.915,17.407193300000003,0.0,0.0,12146.507806700001,2000,2021-09-07
2021-09-08,09:25,BUY,1000,12.17,12176.085,5.2435217,0.0,34.82071499999802,0.0,3000,2021-09-07
2021-09-08,15:00,SELL,1000,12.19,12183.905,17.4275831,0.0,0.0,12166.477416900001,2000,2021-09-08
2021-09-09,09:25,BUY,1000,12.24,12246.119999999999,5.2449224,0.0,84.88750549999713,0.0,3000,2021-09-08
2021-09-09,15:00,SELL,1000,12.18,12173.91,17.4173882,0.0,0.0,12156.4926118,2000,2021-09-09
2021-09-10,09:25,BUY,1000,12.17,12176.085,5.2435217,0.0,24.835909899999024,0.0,3000,2021-09-09
2021-09-10,15:00,SELL,1000,12.2,12193.900000000001,17.437778,0.0,0.0,12176.462222000002,2000,2021-09-10
2021-09-13,09:25,BUY,1000,12.22,12226.109999999999,5.2445222,0.0,54.89230019999741,0.0,3000,2021-09-10
2021-09-13,15:00,SELL,1000,12.17,12163.915,17.407193300000003,0.0,0.0,12146.507806700001,2000,2021-09-13
2021-09-14,09:25,BUY,1000,12.12,12126.06,5.2425212,0.0,0.0,15.205285500001992,3000,2021-09-13
2021-09-14,15:00,SELL,1000,11.94,11934.03,17.172710600000002,0.0,0.0,11932.062574900003,2000,2021-09-14
2021-09-15,09:25,BUY,1000,11.93,11935.965,5.2387193,0.0,9.141144399996847,0.0,3000,2021-09-14
2021-09-15,15:00,SELL,1000,11.8,11794.1,17.029982,0.0,0.0,11777.070018,2000,2021-09-15
2021-09-16,09:25,BUY,1000,11.8,11805.9,5.236118,0.0,34.066100000000006,0.0,3000,2021-09-15
2021-09-16,15:00,SELL,1000,11.75,11744.125,16.9790075,0.0,0.0,11727.1459925,2000,2021-09-16
2021-09-17,09:25,BUY,1000,11.75,11755.875,5.2351175,0.0,33.96412500000042,0.0,3000,2021-09-16
2021-09-17,15:00,SELL,1000,11.75,11744.125,16.9790075,0.0,0.0,11727.1459925,2000,2021-09-17
2021-09-22,09:25,BUY,1000,11.68,11685.84,5.2337168,0.0,0.0,36.07227570000032,3000,2021-09-17
2021-09-22,15:00,SELL,1000,11.69,11684.155,16.9178381,0.0,0.0,11703.3094376,2000,2021-09-22
2021-09-23,09:25,BUY,1000,11.99,11995.994999999999,5.2399199,0.0,297.9254822999974,0.0,3000,2021-09-22
2021-09-23,15:00,SELL,1000,12.08,12073.960000000001,17.3154392,0.0,0.0,12056.644560800001,2000,2021-09-23
2021-09-24,09:25,BUY,1000,12.0,12006.0,5.24012,0.0,0.0,45.404440800000884,3000,2021-09-23
2021-09-24,15:00,SELL,1000,11.86,11854.070000000002,17.0911514,0.0,0.0,11882.383289400002,2000,2021-09-24
2021-09-27,09:25,BUY,1000,11.9,11905.949999999999,5.238119,0.0,28.804829599996083,0.0,3000,2021-09-24
2021-09-27,15:00,SELL,1000,11.87,11864.065,17.101346300000003,0.0,0.0,11846.9636537,2000,2021-09-27
2021-09-28,09:25,BUY,1000,11.81,11815.904999999999,5.2363181,0.0,0.0,25.82233560000168,3000,2021-09-27
2021-09-28,15:00,SELL,1000,11.8,11794.1,17.029982,0.0,0.0,11802.892353600002,2000,2021-09-28
2021-09-29,09:25,BUY,1000,11.8,11805.9,5.236118,0.0,8.243764399998327,0.0,3000,2021-09-28
2021-09-29,15:00,SELL,1000,11.84,11834.08,17.0707616,0.0,0.0,11817.0092384,2000,2021-09-29
2021-09-30,09:25,BUY,1000,11.84,11845.92,5.2369184,0.0,34.14768000000004,0.0,3000,2021-09-29
2021-09-30,15:00,SELL,1000,11.62,11614.19,16.846473800000002,0.0,0.0,11597.3435262,2000,2021-09-30
2021-10-08,09:25,BUY,1000,11.74,11745.869999999999,5.2349174,0.0,153.7613911999979,0.0,3000,2021-09-30
2021-10-08,15:00,SELL,1000,12.12,12113.94,17.3562188,0.0,0.0,12096.5837812,2000,2021-10-08
2021-10-11,09:25,BUY,1000,12.12,12126.06,5.2425212,0.0,34.718739999998434,0.0,3000,2021-10-08
2021-10-11,15:00,SELL,1000,12.13,12123.935000000001,17.366413700000003,0.0,0.0,12106.568586300002,2000,2021-10-11
2021-10-12,09:25,BUY,1000,12.17,12176.085,5.2435217,0.0,74.75993539999763,0.0,3000,2021-10-11
2021-10-12,15:00,SELL,1000,11.88,11874.060000000001,17.1115412,0.0,0.0,11856.948458800001,2000,2021-10-12
2021-10-13,09:25,BUY,1000,11.88,11885.939999999999,5.2377188,0.0,34.22925999999643,0.0,3000,2021-10-12
2021-10-13,15:00,SELL,1000,11.89,11884.055,17.1217361,0.0,0.0,11866.9332639,2000,2021-10-13
2021-10-14,09:25,BUY,1000,11.87,11875.935,5.2375187,0.0,14.23925479999889,0.0,3000,2021-10-13
2021-10-14,15:00,SELL,1000,11.86,11854.070000000002,17.0911514,0.0,0.0,11836.978848600002,2000,2021-10-14
2021-10-15,09:25,BUY,1000,11.86,11865.929999999998,5.2373186,0.0,34.188469999997324,0.0,3000,2021-10-14
2021-10-15,15:00,SELL,1000,11.73,11724.135,16.9586177,0.0,0.0,11707.1763823,2000,2021-10-15
2021-10-18,09:25,BUY,1000,11.82,11825.91,5.2365182,0.0,123.97013589999915,0.0,3000,2021-10-15
2021-10-18,15:00,SELL,1000,11.58,11574.210000000001,16.8056942,0.0,0.0,11557.4043058,2000,2021-10-18
2021-10-19,09:25,BUY,1000,11.62,11625.81,5.2325162,0.0,73.63821039999857,0.0,3000,2021-10-18
2021-10-19,15:00,SELL,1000,11.64,11634.18,16.866863600000002,0.0,0.0,11617.3131364,2000,2021-10-19
2021-10-20,09:25,BUY,1000,11.65,11655.824999999999,5.2331165,0.0,43.74498009999843,0.0,3000,2021-10-19
2021-10-20,15:00,SELL,1000,11.59,11584.205,16.8158891,0.0,0.0,11567.3891109,2000,2021-10-20
2021-10-21,09:25,BUY,1000,11.6,11605.8,5.232116,0.0,43.643005099998845,0.0,3000,2021-10-20
2021-10-21,15:00,SELL,1000,11.49,11484.255000000001,16.713940100000002,0.0,0.0,11467.5410599,2000,2021-10-21
2021-10-22,09:25,BUY,1000,11.49,11495.744999999999,5.2299149,0.0,33.43385499999749,0.0,3000,2021-10-21
2021-10-22,15:00,SELL,1000,11.54,11534.230000000001,16.764914600000004,0.0,0.0,11517.465085400001,2000,2021-10-22
2021-10-25,09:25,BUY,1000,11.48,11485.74,5.2297148,0.0,0.0,26.49537060000148,3000,2021-10-22
2021-10-25,15:00,SELL,1000,11.38,11374.310000000001,16.601796200000003,0.0,0.0,11384.203574400002,2000,2021-10-25
2021-10-26,09:25,BUY,1000,11.42,11425.71,5.2285142,0.0,46.73493979999694,0.0,3000,2021-10-25
2021-10-26,15:00,SELL,1000,11.43,11424.285,16.6527707,0.0,0.0,11407.6322293,2000,2021-10-26
2021-10-27,09:25,BUY,1000,11.46,11465.73,5.2293146,0.0,63.32708529999945,0.0,3000,2021-10-26
2021-10-27,15:00,SELL,1000,11.28,11274.36,16.4998472,0.0,0.0,11257.8601528,2000,2021-10-27
2021-10-28,09:25,BUY,1000,11.13,11135.564999999999,5.2227113,0.0,0.0,117.07244150000042,3000,2021-10-27
2021-10-28,15:00,SELL,1000,11.16,11154.42,16.377508400000004,0.0,0.0,11255.1149331,2000,2021-10-28
2021-10-29,09:25,BUY,1000,11.21,11215.605,5.2243121,0.0,0.0,34.2856210000009,3000,2021-10-28
2021-10-29,15:00,SELL,1000,11.35,11344.325,16.571211500000004,0.0,0.0,11362.039409500001,2000,2021-10-29
2021-11-01,09:25,BUY,1000,11.3,11305.65,5.226113,0.0,0.0,51.1632965000008,3000,2021-10-29
2021-11-01,15:00,SELL,1000,11.44,11434.28,16.6629656,0.0,0.0,11468.780330900001,2000,2021-11-01
2021-11-02,09:25,BUY,1000,11.5,11505.75,5.230115,0.0,42.199784099999306,0.0,3000,2021-11-01
2021-11-02,15:00,SELL,1000,11.43,11424.285,16.6527707,0.0,0.0,11407.6322293,2000,2021-11-02
2021-11-03,09:25,BUY,1000,11.38,11385.689999999999,5.2277138,0.0,0.0,16.714515499999834,3000,2021-11-02
2021-11-03,15:00,SELL,1000,11.47,11464.265000000001,16.693550300000002,0.0,0.0,11464.2859652,2000,2021-11-03
2021-11-04,09:25,BUY,1000,11.52,11525.76,5.2305152,0.0,66.70455000000038,0.0,3000,2021-11-03
2021-11-04,15:00,SELL,1000,11.62,11614.19,16.846473800000002,0.0,0.0,11597.3435262,2000,2021-11-04
2021-11-05,09:25,BUY,1000,11.6,11605.8,5.232116,0.0,13.688589799998226,0.0,3000,2021-11-04
2021-11-05,15:00,SELL,1000,11.69,11684.155,16.9178381,0.0,0.0,11667.2371619,2000,2021-11-05
2021-11-08,09:25,BUY,1000,11.68,11685.84,5.2337168,0.0,23.8365548999991,0.0,3000,2021-11-05
2021-11-08,15:00,SELL,1000,11.65,11644.175000000001,16.877058500000004,0.0,0.0,11627.2979415,2000,2021-11-08
2021-11-09,09:25,BUY,1000,11.65,11655.824999999999,5.2331165,0.0,33.760174999997616,0.0,3000,2021-11-08
2021-11-09,15:00,SELL,1000,11.59,11584.205,16.8158891,0.0,0.0,11567.3891109,2000,2021-11-09
2021-11-10,09:25,BUY,1000,11.62,11625.81,5.2325162,0.0,63.65340529999958,0.0,3000,2021-11-09
2021-11-10,15:00,SELL,1000,11.54,11534.230000000001,16.764914600000004,0.0,0.0,11517.465085400001,2000,2021-11-10
2021-11-11,09:25,BUY,1000,11.52,11525.76,5.2305152,0.0,13.525429799999984,0.0,3000,2021-11-10
2021-11-11,15:00,SELL,1000,11.73,11724.135,16.9586177,0.0,0.0,11707.1763823,2000,2021-11-11
2021-11-12,09:25,BUY,1000,11.74,11745.869999999999,5.2349174,0.0,43.928535099998044,0.0,3000,2021-11-11
2021-11-12,15:00,SELL,1000,11.72,11714.140000000001,16.948422800000003,0.0,0.0,11697.191577200001,2000,2021-11-12
2021-11-15,09:25,BUY,1000,11.72,11725.859999999999,5.2345172,0.0,33.902939999998125,0.0,3000,2021-11-12
2021-11-15,15:00,SELL,1000,11.87,11864.065,17.101346300000003,0.0,0.0,11846.9636537,2000,2021-11-15
2021-11-16,09:25,BUY,1000,11.87,11875.935,5.2375187,0.0,34.208864999998696,0.0,3000,2021-11-15
2021-11-16,15:00,SELL,1000,11.81,11804.095000000001,17.040176900000002,0.0,0.0,11787.054823100001,2000,2021-11-16
2021-11-17,09:25,BUY,1000,11.79,11795.894999999999,5.2359179,0.0,14.076094799997009,0.0,3000,2021-11-16
2021-11-17,15:00,SELL,1000,11.74,11734.130000000001,16.9688126,0.0,0.0,11717.161187400001,2000,2021-11-17
2021-11-18,09:25,BUY,1000,11.74,11745.869999999999,5.2349174,0.0,33.94372999999723,0.0,3000,2021-11-17
2021-11-18,15:00,SELL,1000,11.62,11614.19,16.846473800000002,0.0,0.0,11597.3435262,2000,2021-11-18
2021-11-19,09:25,BUY,1000,11.6,11605.8,5.232116,0.0,13.688589799998226,0.0,3000,2021-11-18
2021-11-19,15:00,SELL,1000,11.91,11904.045,17.142125900000003,0.0,0.0,11886.9028741,2000,2021-11-19
2021-11-22,09:25,BUY,1000,11.92,11925.96,5.2385192,0.0,44.29564509999909,0.0,3000,2021-11-19
2021-11-22,15:00,SELL,1000,11.86,11854.070000000002,17.0911514,0.0,0.0,11836.978848600002,2000,2021-11-22
2021-11-23,09:25,BUY,1000,11.86,11865.929999999998,5.2373186,0.0,34.188469999997324,0.0,3000,2021-11-22
2021-11-23,15:00,SELL,1000,11.73,11724.135,16.9586177,0.0,0.0,11707.1763823,2000,2021-11-23
2021-11-24,09:25,BUY,1000,11.74,11745.869999999999,5.2349174,0.0,43.928535099998044,0.0,3000,2021-11-23
2021-11-24,15:00,SELL,1000,11.71,11704.145,16.9382279,0.0,0.0,11687.2067721,2000,2021-11-24
2021-11-25,09:25,BUY,1000,11.74,11745.869999999999,5.2349174,0.0,63.89814529999785,0.0,3000,2021-11-24
2021-11-25,15:00,SELL,1000,11.63,11624.185000000001,16.8566687,0.0,0.0,11607.328331300001,2000,2021-11-25
2021-11-26,09:25,BUY,1000,11.63,11635.814999999999,5.2327163,0.0,33.71938499999851,0.0,3000,2021-11-25
2021-11-26,15:00,SELL,1000,11.17,11164.415,16.387703300000002,0.0,0.0,11148.0272967,2000,2021-11-26
2021-11-29,09:25,BUY,1000,11.09,11095.545,5.2219109,0.0,0.0,47.26038580000022,3000,2021-11-26
2021-11-29,15:00,SELL,1000,10.98,10974.51,16.1940002,0.0,0.0,11005.576385600001,2000,2021-11-29
2021-11-30,09:25,BUY,1000,11.01,11015.505,5.2203101,0.0,15.14892449999752,0.0,3000,2021-11-29
2021-11-30,15:00,SELL,1000,11.17,11164.415,16.387703300000002,0.0,0.0,11148.0272967,2000,2021-11-30
2021-12-01,09:25,BUY,1000,11.18,11185.59,5.2237118,0.0,42.78641509999943,0.0,3000,2021-11-30
2021-12-01,15:00,SELL,1000,11.26,11254.37,16.4794574,0.0,0.0,11237.8905426,2000,2021-12-01
2021-12-02,09:25,BUY,1000,11.21,11215.605,5.2243121,0.0,0.0,17.06123050000133,3000,2021-12-01
2021-12-02,15:00,SELL,1000,11.2,11194.400000000001,16.418288000000004,0.0,0.0,11195.042942500002,2000,2021-12-02
2021-12-03,09:25,BUY,1000,11.19,11195.595,5.2239119,0.0,5.775969399997848,0.0,3000,2021-12-02
2021-12-03,15:00,SELL,1000,11.25,11244.375,16.4692625,0.0,0.0,11227.9057375,2000,2021-12-03
2021-12-06,09:25,BUY,1000,11.22,11225.609999999999,5.2245122,0.0,2.928774699999849,0.0,3000,2021-12-03
2021-12-06,15:00,SELL,1000,11.28,11274.36,16.4998472,0.0,0.0,11257.8601528,2000,2021-12-06
2021-12-07,09:25,BUY,1000,11.32,11325.66,5.2265132,0.0,73.02636039999925,0.0,3000,2021-12-06
2021-12-07,15:00,SELL,1000,11.35,11344.325,16.571211500000004,0.0,0.0,11327.7537885,2000,2021-12-07
2021-12-08,09:25,BUY,1000,11.37,11375.685,5.2275137,0.0,53.158725199999026,0.0,3000,2021-12-07
2021-12-08,15:00,SELL,1000,11.56,11554.220000000001,16.7853044,0.0,0.0,11537.4346956,2000,2021-12-08
2021-12-09,09:25,BUY,1000,11.5,11505.75,5.230115,0.0,0.0,26.454580600000554,3000,2021-12-08
2021-12-09,15:00,SELL,1000,11.77,11764.115,16.9993973,0.0,0.0,11773.5701833,2000,2021-12-09
2021-12-10,09:25,BUY,1000,11.75,11755.875,5.2351175,0.0,0.0,12.460065799999938,3000,2021-12-09
2021-12-10,15:00,SELL,1000,11.89,11884.055,17.1217361,0.0,0.0,11879.3933297,2000,2021-12-10
2021-12-13,09:25,BUY,1000,11.88,11885.939999999999,5.2377188,0.0,11.784389099997497,0.0,3000,2021-12-10
2021-12-13,15:00,SELL,1000,11.98,11974.01,17.213490200000003,0.0,0.0,11956.7965098,2000,2021-12-13
2021-12-14,09:25,BUY,1000,11.96,11965.98,5.2393196,0.0,14.422809799998504,0.0,3000,2021-12-13
2021-12-14,15:00,SELL,1000,11.97,11964.015000000001,17.2032953,0.0,0.0,11946.811704700001,2000,2021-12-14
2021-12-15,09:25,BUY,1000,11.93,11935.965,5.2387193,0.0,0.0,5.60798540000178,3000,2021-12-14
2021-12-15,15:00,SELL,1000,11.87,11864.065,17.101346300000003,0.0,0.0,11852.571639100002,2000,2021-12-15
2021-12-16,09:25,BUY,1000,11.92,11925.96,5.2385192,0.0,78.62688009999692,0.0,3000,2021-12-15
2021-12-16,15:00,SELL,1000,12.05,12043.975,17.2848545,0.0,0.0,12026.6901455,2000,2021-12-16
2021-12-17,09:25,BUY,1000,12.04,12046.019999999999,5.2409204,0.0,24.57077489999756,0.0,3000,2021-12-16
2021-12-17,15:00,SELL,1000,12.14,12133.93,17.3766086,0.0,0.0,12116.5533914,2000,2021-12-17
2021-12-20,09:25,BUY,1000,12.14,12146.07,5.2429214,0.0,34.75952999999936,0.0,3000,2021-12-17
2021-12-20,15:00,SELL,1000,12.1,12093.95,17.335829000000004,0.0,0.0,12076.614171000001,2000,2021-12-20
2021-12-21,09:25,BUY,1000,12.1,12106.05,5.242121,0.0,34.67794999999751,0.0,3000,2021-12-20
2021-12-21,15:00,SELL,1000,12.15,12143.925000000001,17.386803500000003,0.0,0.0,12126.538196500002,2000,2021-12-21
2021-12-22,09:25,BUY,1000,12.0,12006.0,5.24012,0.0,0.0,115.29807650000112,3000,2021-12-21
2021-12-22,15:00,SELL,1000,11.91,11904.045,17.142125900000003,0.0,0.0,12002.200950600001,2000,2021-12-22
2021-12-23,09:25,BUY,1000,11.88,11885.939999999999,5.2377188,0.0,0.0,111.02323180000349,3000,2021-12-22
2021-12-23,15:00,SELL,1000,12.03,12023.985,17.2644647,0.0,0.0,12117.743767100004,2000,2021-12-23
2021-12-24,09:25,BUY,1000,12.0,12006.0,5.24012,0.0,0.0,106.50364710000395,3000,2021-12-23
2021-12-24,15:00,SELL,1000,11.98,11974.01,17.213490200000003,0.0,0.0,12063.300156900004,2000,2021-12-24
2021-12-27,09:25,BUY,1000,11.98,11985.99,5.2397198,0.0,0.0,72.07043710000471,3000,2021-12-24
2021-12-27,15:00,SELL,1000,12.08,12073.960000000001,17.3154392,0.0,0.0,12128.714997900006,2000,2021-12-27
2021-12-28,09:25,BUY,1000,12.08,12086.039999999999,5.2417208,0.0,0.0,37.43327710000631,3000,2021-12-27
2021-12-28,15:00,SELL,1000,12.05,12043.975,17.2848545,0.0,0.0,12064.123422600007,2000,2021-12-28
2021-12-29,09:25,BUY,1000,12.0,12006.0,5.24012,0.0,0.0,52.88330260000657,3000,2021-12-28
2021-12-29,15:00,SELL,1000,11.9,11894.050000000001,17.131931,0.0,0.0,11929.801371600008,2000,2021-12-29
2021-12-30,09:25,BUY,1000,11.91,11915.955,5.2383191,0.0,0.0,8.608052500007034,3000,2021-12-29
2021-12-30,15:00,SELL,1000,11.9,11894.050000000001,17.131931,0.0,0.0,11885.526121500008,2000,2021-12-30
2021-12-31,09:25,BUY,1000,11.92,11925.96,5.2385192,0.0,45.67239769999105,0.0,3000,2021-12-30
2021-12-31,15:00,SELL,1000,11.92,11914.04,17.152320800000002,0.0,0.0,11896.887679200001,2000,2021-12-31
2022-01-04,09:25,BUY,1000,11.93,11935.965,5.2387193,0.0,44.316040099998645,0.0,3000,2021-12-31
2022-01-04,15:00,SELL,1000,12.04,12033.980000000001,17.2746596,0.0,0.0,12016.705340400002,2000,2022-01-04
2022-01-05,09:25,BUY,1000,12.03,12036.015,5.2407202999999996,0.0,24.550379899998006,0.0,3000,2022-01-04
2022-01-05,15:00,SELL,1000,12.11,12103.945000000002,17.346023900000002,0.0,0.0,12086.598976100002,2000,2022-01-05
2022-01-06,09:25,BUY,1000,12.13,12136.064999999999,5.2427213,0.0,54.708745199995974,0.0,3000,2022-01-05
2022-01-06,15:00,SELL,1000,11.89,11884.055,17.1217361,0.0,0.0,11866.9332639,2000,2022-01-06
2022-01-07,09:25,BUY,1000,11.92,11925.96,5.2385192,0.0,64.2652552999989,0.0,3000,2022-01-06
2022-01-07,15:00,SELL,1000,11.83,11824.085000000001,17.060566700000003,0.0,0.0,11807.024433300001,2000,2022-01-07
2022-01-10,09:25,BUY,1000,11.81,11815.904999999999,5.2363181,0.0,14.116884799997933,0.0,3000,2022-01-07
2022-01-10,15:00,SELL,1000,11.96,11954.02,17.1931004,0.0,0.0,11936.8268996,2000,2022-01-10
2022-01-11,09:25,BUY,1000,11.93,11935.965,5.2387193,0.0,4.376819699999032,0.0,3000,2022-01-10
2022-01-11,15:00,SELL,1000,11.85,11844.075,17.0809565,0.0,0.0,11826.9940435,2000,2022-01-11
2022-01-12,09:25,BUY,1000,11.85,11855.925,5.2371185,0.0,34.16807499999777,0.0,3000,2022-01-11
2022-01-12,15:00,SELL,1000,11.82,11814.09,17.0503718,0.0,0.0,11797.0396282,2000,2022-01-12
2022-01-13,09:25,BUY,1000,11.86,11865.929999999998,5.2373186,0.0,74.12769039999876,0.0,3000,2022-01-12
2022-01-13,15:00,SELL,1000,11.55,11544.225,16.7751095,0.0,0.0,11527.4498905,2000,2022-01-13
2022-01-14,09:25,BUY,1000,11.47,11475.734999999999,5.2295147,0.0,0.0,46.48537580000084,3000,2022-01-13
2022-01-14,15:00,SELL,1000,11.34,11334.33,16.561016600000002,0.0,0.0,11364.2543592,2000,2022-01-14
2022-01-17,09:25,BUY,1000,11.34,11345.67,5.2269134,0.0,0.0,13.357445800000278,3000,2022-01-14
2022-01-17,15:00,SELL,1000,11.42,11414.29,16.642575800000003,0.0,0.0,11411.00487,2000,2022-01-17
2022-01-18,09:25,BUY,1000,11.45,11455.724999999999,5.2291145,0.0,49.9492444999978,0.0,3000,2022-01-17
2022-01-18,15:00,SELL,1000,11.72,11714.140000000001,16.948422800000003,0.0,0.0,11697.191577200001,2000,2022-01-18
2022-01-19,09:25,BUY,1000,11.72,11725.859999999999,5.2345172,0.0,33.902939999998125,0.0,3000,2022-01-18
2022-01-19,15:00,SELL,1000,11.64,11634.18,16.866863600000002,0.0,0.0,11617.3131364,2000,2022-01-19
2022-01-20,09:25,BUY,1000,11.69,11695.845,5.2339169,0.0,83.76578049999989,0.0,3000,2022-01-19
2022-01-20,15:00,SELL,1000,11.77,11764.115,16.9993973,0.0,0.0,11747.1156027,2000,2022-01-20
2022-01-21,09:25,BUY,1000,11.71,11715.855,5.2343171,0.0,0.0,26.026285600000847,3000,2022-01-20
2022-01-21,15:00,SELL,1000,11.61,11604.195000000002,16.836278900000003,0.0,0.0,11613.385006700002,2000,2022-01-21
2022-01-24,09:25,BUY,1000,11.55,11555.775,5.2311155,0.0,0.0,52.37889120000182,3000,2022-01-21
2022-01-24,15:00,SELL,1000,11.49,11484.255000000001,16.713940100000002,0.0,0.0,11519.919951100002,2000,2022-01-24
2022-01-25,09:25,BUY,1000,11.56,11565.779999999999,5.2313156,0.0,51.091364499996416,0.0,3000,2022-01-24
2022-01-25,15:00,SELL,1000,11.31,11304.345000000001,16.530431900000004,0.0,0.0,11287.8145681,2000,2022-01-25
2022-01-26,09:25,BUY,1000,11.31,11315.654999999999,5.2263131,0.0,33.066744999998264,0.0,3000,2022-01-25
2022-01-26,15:00,SELL,1000,11.25,11244.375,16.4692625,0.0,0.0,11227.9057375,2000,2022-01-26
2022-01-27,09:25,BUY,1000,11.25,11255.625,5.2251125,0.0,32.944375000000946,0.0,3000,2022-01-26
2022-01-27,15:00,SELL,1000,11.13,11124.435000000001,16.3469237,0.0,0.0,11108.0880763,2000,2022-01-27
2022-01-28,09:25,BUY,1000,11.14,11145.57,5.2229114,0.0,42.7048350999994,0.0,3000,2022-01-27
2022-01-28,15:00,SELL,1000,11.11,11104.445,16.3265339,0.0,0.0,11088.118466099999,2000,2022-01-28
2022-02-07,09:25,BUY,1000,11.2,11205.599999999999,5.224112,0.0,122.70564589999958,0.0,3000,2022-01-28
2022-02-07,15:00,SELL,1000,11.16,11154.42,16.377508400000004,0.0,0.0,11138.0424916,2000,2022-02-07
2022-02-08,09:25,BUY,1000,11.15,11155.574999999999,5.2231115,0.0,22.755619899999147,0.0,3000,2022-02-07
2022-02-08,15:00,SELL,1000,11.29,11284.355000000001,16.5100421,0.0,0.0,11267.8449579,2000,2022-02-08
2022-02-09,09:25,BUY,1000,11.31,11315.654999999999,5.2263131,0.0,53.03635519999807,0.0,3000,2022-02-08
2022-02-09,15:00,SELL,1000,11.35,11344.325,16.571211500000004,0.0,0.0,11327.7537885,2000,2022-02-09
2022-02-10,09:25,BUY,1000,11.37,11375.685,5.2275137,0.0,53.158725199999026,0.0,3000,2022-02-09
2022-02-10,15:00,SELL,1000,11.41,11404.295,16.6323809,0.0,0.0,11387.6626191,2000,2022-02-10
2022-02-11,09:25,BUY,1000,11.41,11415.705,5.2283141,0.0,33.27069500000107,0.0,3000,2022-02-10
2022-02-11,15:00,SELL,1000,11.33,11324.335000000001,16.5508217,0.0,0.0,11307.7841783,2000,2022-02-11
2022-02-14,09:25,BUY,1000,11.27,11275.635,5.2255127,0.0,0.0,26.923665599999367,3000,2022-02-11
2022-02-14,15:00,SELL,1000,11.26,11254.37,16.4794574,0.0,0.0,11264.8142082,2000,2022-02-14
2022-02-15,09:25,BUY,1000,11.23,11235.615,5.2247123,0.0,0.0,23.974495899999965,3000,2022-02-14
2022-02-15,15:00,SELL,1000,11.24,11234.380000000001,16.459067600000004,0.0,0.0,11241.8954283,2000,2022-02-15
2022-02-16,09:25,BUY,1000,11.3,11305.65,5.226113,0.0,68.98068469999998,0.0,3000,2022-02-15
2022-02-16,15:00,SELL,1000,11.27,11264.365,16.489652300000003,0.0,0.0,11247.8753477,2000,2022-02-16
2022-02-17,09:25,BUY,1000,11.25,11255.625,5.2251125,0.0,12.97476480000114,0.0,3000,2022-02-16
2022-02-17,15:00,SELL,1000,11.25,11244.375,16.4692625,0.0,0.0,11227.9057375,2000,2022-02-17
2022-02-18,09:25,BUY,1000,11.24,11245.619999999999,5.2249124,0.0,22.93917490000058,0.0,3000,2022-02-17
2022-02-18,15:00,SELL,1000,11.29,11284.355000000001,16.5100421,0.0,0.0,11267.8449579,2000,2022-02-18
2022-02-21,09:25,BUY,1000,11.27,11275.635,5.2255127,0.0,13.015554800000245,0.0,3000,2022-02-18
2022-02-21,15:00,SELL,1000,11.4,11394.300000000001,16.622186000000003,0.0,0.0,11377.677814,2000,2022-02-21
2022-02-22,09:25,BUY,1000,11.34,11345.67,5.2269134,0.0,0.0,26.780900600000678,3000,2022-02-21
2022-02-22,15:00,SELL,1000,11.27,11264.365,16.489652300000003,0.0,0.0,11274.6562483,2000,2022-02-22
2022-02-23,09:25,BUY,1000,11.27,11275.635,5.2255127,0.0,6.204264400001193,0.0,3000,2022-02-22
2022-02-23,15:00,SELL,1000,11.34,11334.33,16.561016600000002,0.0,0.0,11317.7689834,2000,2022-02-23
2022-02-24,09:25,BUY,1000,11.31,11315.654999999999,5.2263131,0.0,3.1123296999994636,0.0,3000,2022-02-23
2022-02-24,15:00,SELL,1000,11.2,11194.400000000001,16.418288000000004,0.0,0.0,11177.981712,2000,2022-02-24
2022-02-25,09:25,BUY,1000,11.2,11205.599999999999,5.224112,0.0,32.842399999997724,0.0,3000,2022-02-24
2022-02-25,15:00,SELL,1000,11.2,11194.400000000001,16.418288000000004,0.0,0.0,11177.981712,2000,2022-02-25
2022-02-28,09:25,BUY,1000,11.18,11185.59,5.2237118,0.0,12.831999799998812,0.0,3000,2022-02-25
2022-02-28,15:00,SELL,1000,11.17,11164.415,16.387703300000002,0.0,0.0,11148.0272967,2000,2022-02-28
2022-03-01,09:25,BUY,1000,11.16,11165.58,5.2233116,0.0,22.77601490000052,0.0,3000,2022-02-28
2022-03-01,15:00,SELL,1000,11.17,11164.415,16.387703300000002,0.0,0.0,11148.0272967,2000,2022-03-01
2022-03-02,09:25,BUY,1000,11.15,11155.574999999999,5.2231115,0.0,12.770814799998334,0.0,3000,2022-03-01
2022-03-02,15:00,SELL,1000,11.21,11204.395,16.4284829,0.0,0.0,11187.9665171,2000,2022-03-02
2022-03-03,09:25,BUY,1000,11.23,11235.615,5.2247123,0.0,52.87319519999983,0.0,3000,2022-03-02
2022-03-03,15:00,SELL,1000,11.2,11194.400000000001,16.418288000000004,0.0,0.0,11177.981712,2000,2022-03-03
2022-03-04,09:25,BUY,1000,11.13,11135.564999999999,5.2227113,0.0,0.0,37.1940007000012,3000,2022-03-03
2022-03-04,15:00,SELL,1000,11.14,11134.43,16.3571186,0.0,0.0,11155.2668821,2000,2022-03-04
2022-03-07,09:25,BUY,1000,11.08,11085.539999999999,5.2217108,0.0,0.0,64.50517130000117,3000,2022-03-04
2022-03-07,15:00,SELL,1000,10.82,10814.59,16.030881800000003,0.0,0.0,10863.064289500002,2000,2022-03-07
2022-03-08,09:25,BUY,1000,10.77,10775.385,5.2155077,0.0,0.0,82.46378180000102,3000,2022-03-07
2022-03-08,15:00,SELL,1000,10.6,10594.7,15.806594000000002,0.0,0.0,10661.357187800002,2000,2022-03-08
2022-03-09,09:25,BUY,1000,10.63,10635.314999999999,5.2127063,0.0,0.0,20.829481500002657,3000,2022-03-08
2022-03-09,15:00,SELL,1000,10.4,10394.800000000001,15.602696000000002,0.0,0.0,10400.026785500004,2000,2022-03-09
2022-03-10,09:25,BUY,1000,10.55,10555.275,5.2111055,0.0,160.4593199999963,0.0,3000,2022-03-09
2022-03-10,15:00,SELL,1000,10.35,10344.825,15.551721500000001,0.0,0.0,10329.2732785,2000,2022-03-10
2022-03-11,09:25,BUY,1000,10.23,10235.115,5.2047023,0.0,0.0,88.95357620000141,3000,2022-03-10
2022-03-11,15:00,SELL,1000,10.28,10274.86,15.480357200000002,0.0,0.0,10348.333219000002,2000,2022-03-11
2022-03-14,09:25,BUY,1000,10.15,10155.074999999999,5.2031015,0.0,0.0,188.0551175000037,3000,2022-03-11
2022-03-14,15:00,SELL,1000,10.18,10174.91,15.3784082,0.0,0.0,10347.586709300003,2000,2022-03-14
2022-03-15,09:25,BUY,1000,10.19,10195.095,5.2039019,0.0,0.0,147.28780740000366,3000,2022-03-14
2022-03-15,15:00,SELL,1000,9.75,9745.125,14.940027500000001,0.0,0.0,9877.472779900003,2000,2022-03-15
2022-03-16,09:25,BUY,1000,9.85,9854.925,5.1970985,0.0,0.0,17.35068140000294,3000,2022-03-15
2022-03-16,15:00,SELL,1000,9.89,9885.055,15.082756100000001,0.0,0.0,9887.322925300003,2000,2022-03-16
2022-03-17,09:25,BUY,1000,10.0,10005.0,5.2001,0.0,122.87717469999734,0.0,3000,2022-03-16
2022-03-17,15:00,SELL,1000,10.11,10104.945,15.3070439,0.0,0.0,10089.6379561,2000,2022-03-17
2022-03-18,09:25,BUY,1000,10.1,10105.05,5.202101,0.0,20.61414490000061,0.0,3000,2022-03-17
2022-03-18,15:00,SELL,1000,10.2,10194.900000000001,15.398798000000003,0.0,0.0,10179.501202000001,2000,2022-03-18
2022-03-21,09:25,BUY,1000,10.22,10225.109999999999,5.2045022,0.0,50.813300199997684,0.0,3000,2022-03-18
2022-03-21,15:00,SELL,1000,10.1,10094.95,15.296849000000002,0.0,0.0,10079.653151,2000,2022-03-21
2022-03-22,09:25,BUY,1000,10.13,10135.064999999999,5.2027013,0.0,60.61455029999888,0.0,3000,2022-03-21
2022-03-22,15:00,SELL,1000,10.19,10184.905,15.388603100000001,0.0,0.0,10169.5163969,2000,2022-03-22
2022-03-23,09:25,BUY,1000,10.45,10455.224999999999,5.2091045,0.0,290.9177075999978,0.0,3000,2022-03-22
2022-03-23,15:00,SELL,1000,10.39,10384.805,15.592501100000002,0.0,0.0,10369.2124989,2000,2022-03-23
2022-03-24,09:25,BUY,1000,10.42,10425.21,5.2085042,0.0,61.20600529999865,0.0,3000,2022-03-23
2022-03-24,15:00,SELL,1000,10.39,10384.805,15.592501100000002,0.0,0.0,10369.2124989,2000,2022-03-24
2022-03-25,09:25,BUY,1000,10.39,10395.195,5.2079039,0.0,31.190404999999373,0.0,3000,2022-03-24
2022-03-25,15:00,SELL,1000,10.22,10214.890000000001,15.419187800000001,0.0,0.0,10199.470812200001,2000,2022-03-25
2022-03-28,09:25,BUY,1000,10.09,10095.045,5.2019009,0.0,0.0,99.22391130000142,3000,2022-03-25
2022-03-28,15:00,SELL,1000,10.24,10234.880000000001,15.439577600000002,0.0,0.0,10318.664333700002,2000,2022-03-28
2022-03-29,09:25,BUY,1000,10.24,10245.119999999999,5.2049024,0.0,0.0,68.33943130000262,3000,2022-03-28
2022-03-29,15:00,SELL,1000,10.08,10074.960000000001,15.276459200000001,0.0,0.0,10128.022972100003,2000,2022-03-29
2022-03-30,09:25,BUY,1000,10.12,10125.06,5.2025012,0.0,2.239529099995707,0.0,3000,2022-03-29
2022-03-30,15:00,SELL,1000,10.2,10194.900000000001,15.398798000000003,0.0,0.0,10179.501202000001,2000,2022-03-30
2022-03-31,09:25,BUY,1000,10.15,10155.074999999999,5.2031015,0.0,0.0,19.223100500003056,3000,2022-03-30
2022-03-31,15:00,SELL,1000,10.15,10144.925000000001,15.347823500000002,0.0,0.0,10148.800277000004,2000,2022-03-31
2022-04-01,09:25,BUY,1000,10.07,10075.035,5.2015007,0.0,0.0,68.56377630000316,3000,2022-03-31
2022-04-01,15:00,SELL,1000,10.18,10174.91,15.3784082,0.0,0.0,10228.095368100003,2000,2022-04-01
2022-04-06,09:25,BUY,1000,10.15,10155.074999999999,5.2031015,0.0,0.0,67.81726660000459,3000,2022-04-01
2022-04-06,15:00,SELL,1000,10.2,10194.900000000001,15.398798000000003,0.0,0.0,10247.318468600006,2000,2022-04-06
2022-04-07,09:25,BUY,1000,10.17,10175.085,5.2035017,0.0,0.0,67.02996690000691,3000,2022-04-06
2022-04-07,15:00,SELL,1000,10.06,10054.970000000001,15.256069400000001,0.0,0.0,10106.743897500008,2000,2022-04-07
2022-04-08,09:25,BUY,1000,10.06,10065.029999999999,5.2013006,0.0,0.0,36.51259690000916,3000,2022-04-07
2022-04-08,15:00,SELL,1000,10.15,10144.925000000001,15.347823500000002,0.0,0.0,10166.08977340001,2000,2022-04-08
2022-04-11,09:25,BUY,1000,10.11,10115.055,5.2023011,0.0,0.0,45.83247230000961,3000,2022-04-08
2022-04-11,15:00,SELL,1000,9.93,9925.035,15.1235357,0.0,0.0,9955.743936600009,2000,2022-04-11
2022-04-12,09:25,BUY,1000,9.93,9934.965,5.1986993,0.0,0.0,15.580237300009685,3000,2022-04-11
2022-04-12,15:00,SELL,1000,10.04,10034.980000000001,15.235679600000003,0.0,0.0,10035.32455770001,2000,2022-04-12
2022-04-13,09:25,BUY,1000,10.0,10005.0,5.2001,0.0,0.0,25.12445770001068,3000,2022-04-12
2022-04-13,15:00,SELL,1000,10.0,9995.0,15.1949,0.0,0.0,10004.92955770001,2000,2022-04-13
2022-04-14,09:25,BUY,1000,10.13,10135.064999999999,5.2027013,0.0,135.33814359998905,0.0,3000,2022-04-13
2022-04-14,15:00,SELL,1000,10.1,10094.95,15.296849000000002,0.0,0.0,10079.653151,2000,2022-04-14
2022-04-15,09:25,BUY,1000,10.04,10045.019999999999,5.2009004,0.0,0.0,29.43225060000259,3000,2022-04-14
2022-04-15,15:00,SELL,1000,10.04,10034.980000000001,15.235679600000003,0.0,0.0,10049.176571000004,2000,2022-04-15
2022-04-18,09:25,BUY,1000,10.0,10005.0,5.2001,0.0,0.0,38.976471000003585,3000,2022-04-15
2022-04-18,15:00,SELL,1000,9.98,9975.01,15.1745102,0.0,0.0,9998.811960800003,2000,2022-04-18
2022-04-19,09:25,BUY,1000,9.98,9984.99,5.1996998,0.0,0.0,8.622261000004073,3000,2022-04-18
2022-04-19,15:00,SELL,1000,9.89,9885.055,15.082756100000001,0.0,0.0,9878.594504900004,2000,2022-04-19
2022-04-20,09:25,BUY,1000,9.93,9934.965,5.1986993,0.0,61.56919439999547,0.0,3000,2022-04-19
2022-04-20,15:00,SELL,1000,9.85,9845.075,15.041976500000002,0.0,0.0,9830.0330235,2000,2022-04-20
2022-04-21,09:25,BUY,1000,9.87,9874.935,5.1974987,0.0,50.09947519999878,0.0,3000,2022-04-20
2022-04-21,15:00,SELL,1000,9.78,9775.11,14.970612200000001,0.0,0.0,9760.1393878,2000,2022-04-21
2022-04-22,09:25,BUY,1000,9.77,9774.885,5.1954977,0.0,19.94110990000081,0.0,3000,2022-04-21
2022-04-22,15:00,SELL,1000,9.72,9715.140000000001,14.909442800000003,0.0,0.0,9700.2305572,2000,2022-04-22
2022-04-25,09:25,BUY,1000,9.6,9604.8,5.192096,0.0,0.0,90.23846120000053,3000,2022-04-22
2022-04-25,15:00,SELL,1000,9.11,9105.445,14.2875539,0.0,0.0,9181.3959073,2000,2022-04-25
2022-04-26,09:25,BUY,1000,9.17,9174.585,5.1834917,0.0,0.0,1.6274156000017683,3000,2022-04-25
2022-04-26,15:00,SELL,1000,9.19,9185.405,14.369113100000002,0.0,0.0,9172.663302500003,2000,2022-04-26
2022-04-27,09:25,BUY,1000,9.09,9094.545,5.1818909,0.0,0.0,72.93641160000334,3000,2022-04-26
2022-04-27,15:00,SELL,1000,9.37,9365.315,14.552621300000002,0.0,0.0,9423.698790300004,2000,2022-04-27
2022-04-28,09:25,BUY,1000,9.31,9314.654999999999,5.1862931,0.0,0.0,103.85749720000604,3000,2022-04-27
2022-04-28,15:00,SELL,1000,9.42,9415.29,14.6035958,0.0,0.0,9504.543901400008,2000,2022-04-28
2022-04-29,09:25,BUY,1000,9.46,9464.73,5.0946473,0.0,0.0,34.719254100007674,3000,2022-04-28
2022-04-29,15:00,SELL,1000,9.52,9515.24,14.6103924,0.0,0.0,9535.348861700008,2000,2022-04-29
2022-05-05,09:25,BUY,1000,9.56,9564.779999999999,5.0956478,0.0,34.52678609999202,0.0,3000,2022-04-29
2022-05-05,15:00,SELL,1000,9.6,9595.2,14.691152,0.0,0.0,9580.508848000001,2000,2022-05-05
2022-05-06,09:25,BUY,1000,9.43,9434.715,5.09434715,0.0,0.0,140.69950085000164,3000,2022-05-05
2022-05-06,15:00,SELL,1000,9.19,9185.405,14.277259050000001,0.0,0.0,9311.827241800002,2000,2022-05-06
2022-05-09,09:25,BUY,1000,9.19,9194.595,5.09194595,0.0,0.0,112.14029585000208,3000,2022-05-06
2022-05-09,15:00,SELL,1000,9.21,9205.395,14.297448950000001,0.0,0.0,9303.237846900003,2000,2022-05-09
2022-05-10,09:25,BUY,1000,9.11,9114.555,5.09114555,0.0,0.0,183.59170135000204,3000,2022-05-09
2022-05-10,15:00,SELL,1000,9.34,9335.33,14.428683300000001,0.0,0.0,9504.493018050001,2000,2022-05-10
2022-05-11,09:25,BUY,1000,9.37,9374.685,5.09374685,0.0,0.0,124.71427120000226,3000,2022-05-10
2022-05-11,15:00,SELL,1000,9.39,9385.305,14.47915805,0.0,0.0,9495.540113150002,2000,2022-05-11
2022-05-12,09:25,BUY,1000,9.35,9354.675,5.09354675,0.0,0.0,135.77156640000248,3000,2022-05-11
2022-05-12,15:00,SELL,1000,9.38,9375.310000000001,14.469063100000001,0.0,0.0,9496.612503300004,2000,2022-05-12
2022-05-13,09:25,BUY,1000,9.43,9434.715,5.09434715,0.0,0.0,56.803156150004725,3000,2022-05-12
2022-05-13,15:00,SELL,1000,9.38,9375.310000000001,14.469063100000001,0.0,0.0,9417.644093050007,2000,2022-05-13
2022-05-16,09:25,BUY,1000,9.44,9444.72,5.0944472,0.0,32.17035414999191,0.0,3000,2022-05-13
2022-05-16,15:00,SELL,1000,9.3,9295.35,14.388303500000001,0.0,0.0,9280.9616965,2000,2022-05-16
2022-05-17,09:25,BUY,1000,9.33,9334.664999999999,5.09334665,0.0,58.79665014999773,0.0,3000,2022-05-16
2022-05-17,15:00,SELL,1000,9.39,9385.305,14.47915805,0.0,0.0,9370.82584195,2000,2022-05-17
2022-05-18,09:25,BUY,1000,9.4,9404.699999999999,5.094047,0.0,38.9682050499996,0.0,3000,2022-05-17
2022-05-18,15:00,SELL,1000,9.42,9415.29,14.509442900000002,0.0,0.0,9400.7805571,2000,2022-05-18
2022-05-19,09:25,BUY,1000,9.33,9334.664999999999,5.09334665,0.0,0.0,61.0222104500026,3000,2022-05-18
2022-05-19,15:00,SELL,1000,9.35,9345.325,14.43877825,0.0,0.0,9391.908432200004,2000,2022-05-19
2022-05-20,09:25,BUY,1000,9.4,9404.699999999999,5.094047,0.0,17.885614799995892,0.0,3000,2022-05-19
2022-05-20,15:00,SELL,1000,9.46,9455.27,14.549822700000002,0.0,0.0,9440.7201773,2000,2022-05-20
2022-05-23,09:25,BUY,1000,9.51,9514.755,5.09514755,0.0,79.12997025000004,0.0,3000,2022-05-20
2022-05-23,15:00,SELL,1000,9.43,9425.285,14.51953785,0.0,0.0,9410.76546215,2000,2022-05-23
2022-05-24,09:25,BUY,1000,9.41,9414.705,5.09414705,0.0,9.033684899999571,0.0,3000,2022-05-23
2022-05-24,15:00,SELL,1000,9.1,9095.45,14.186404500000002,0.0,0.0,9081.2635955,2000,2022-05-24
2022-05-25,09:25,BUY,1000,9.11,9114.555,5.09114555,0.0,38.382550050000646,0.0,3000,2022-05-24
2022-05-25,15:00,SELL,1000,9.14,9135.43,14.2267843,0.0,0.0,9121.2032157,2000,2022-05-25
2022-05-26,09:25,BUY,1000,9.13,9134.564999999999,5.09134565,0.0,18.453129949999493,0.0,3000,2022-05-25
2022-05-26,15:00,SELL,1000,9.22,9215.390000000001,14.307543900000002,0.0,0.0,9201.0824561,2000,2022-05-26
2022-05-27,09:25,BUY,1000,9.23,9234.615,5.09234615,0.0,38.62489004999952,0.0,3000,2022-05-26
2022-05-27,15:00,SELL,1000,9.24,9235.380000000001,14.3277338,0.0,0.0,9221.0522662,2000,2022-05-27
2022-05-30,09:25,BUY,1000,9.24,9244.619999999999,5.0924462,0.0,28.660179999998945,0.0,3000,2022-05-27
2022-05-30,15:00,SELL,1000,9.17,9165.415,14.257069150000001,0.0,0.0,9151.15793085,2000,2022-05-30
2022-05-31,09:25,BUY,1000,9.17,9174.585,5.09174585,0.0,28.51881499999945,0.0,3000,2022-05-30
2022-05-31,15:00,SELL,1000,9.41,9405.295,14.49934795,0.0,0.0,9390.79565205,2000,2022-05-31
2022-06-01,09:25,BUY,1000,9.35,9354.675,5.09354675,0.0,0.0,31.027105299999675,3000,2022-05-31
2022-06-01,15:00,SELL,1000,9.37,9365.315,14.45896815,0.0,0.0,9381.88313715,2000,2022-06-01
2022-06-02,09:25,BUY,1000,9.31,9314.654999999999,5.09314655,0.0,0.0,62.1349906000014,3000,2022-06-01
2022-06-02,15:00,SELL,1000,9.4,9395.300000000001,14.489253000000001,0.0,0.0,9442.945737600003,2000,2022-06-02
2022-06-06,09:25,BUY,1000,9.39,9394.695,5.09394695,0.0,0.0,43.15679065000222,3000,2022-06-02
2022-06-06,15:00,SELL,1000,9.43,9425.285,14.51953785,0.0,0.0,9453.922252800003,2000,2022-06-06
2022-06-07,09:25,BUY,1000,9.44,9444.72,5.0944472,0.0,0.0,4.1078056000042125,3000,2022-06-06
2022-06-07,15:00,SELL,1000,9.43,9425.285,14.51953785,0.0,0.0,9414.873267750005,2000,2022-06-07
2022-06-08,09:25,BUY,1000,9.45,9454.725,5.09454725,0.0,44.94627949999631,0.0,3000,2022-06-07
2022-06-08,15:00,SELL,1000,9.42,9415.29,14.509442900000002,0.0,0.0,9400.7805571,2000,2022-06-08
2022-06-09,09:25,BUY,1000,9.4,9404.699999999999,5.094047,0.0,9.013489899998604,0.0,3000,2022-06-08
2022-06-09,15:00,SELL,1000,9.33,9325.335000000001,14.418588350000002,0.0,0.0,9310.916411650001,2000,2022-06-09
2022-06-10,09:25,BUY,1000,9.27,9274.635,5.09274635,0.0,0.0,31.188665300001958,3000,2022-06-09
2022-06-10,15:00,SELL,1000,9.6,9595.2,14.691152,0.0,0.0,9611.697513300003,2000,2022-06-10
2022-06-13,09:25,BUY,1000,9.55,9554.775,5.09554775,0.0,0.0,51.82696555000439,3000,2022-06-10
2022-06-13,15:00,SELL,1000,9.39,9385.305,14.47915805,0.0,0.0,9422.652807500004,2000,2022-06-13
2022-06-14,09:25,BUY,1000,9.31,9314.654999999999,5.09314655,0.0,0.0,102.90466095000556,3000,2022-06-13
2022-06-14,15:00,SELL,1000,9.38,9375.310000000001,14.469063100000001,0.0,0.0,9463.745597850007,2000,2022-06-14
2022-06-15,09:25,BUY,1000,9.34,9344.67,5.0934467,0.0,0.0,113.98215115000676,3000,2022-06-14
2022-06-15,15:00,SELL,1000,9.64,9635.18,14.7315318,0.0,0.0,9734.430619350007,2000,2022-06-15
2022-06-16,09:25,BUY,1000,9.68,9684.84,5.0968484,0.0,0.0,44.493770950006365,3000,2022-06-15
2022-06-16,15:00,SELL,1000,9.58,9575.210000000001,14.6709621,0.0,0.0,9605.032808850006,2000,2022-06-16
2022-06-17,09:25,BUY,1000,9.53,9534.765,5.09534765,0.0,0.0,65.17246120000709,3000,2022-06-16
2022-06-17,15:00,SELL,1000,9.69,9685.155,14.782006550000002,0.0,0.0,9735.545454650008,2000,2022-06-17
2022-06-20,09:25,BUY,1000,9.74,9744.869999999999,5.0974487,0.0,14.421994049991554,0.0,3000,2022-06-17
2022-06-20,15:00,SELL,1000,9.69,9685.155,14.782006550000002,0.0,0.0,9670.37299345,2000,2022-06-20
2022-06-21,09:25,BUY,1000,9.69,9694.845,5.09694845,0.0,29.568954999998823,0.0,3000,2022-06-20
2022-06-21,15:00,SELL,1000,9.72,9715.140000000001,14.812291400000001,0.0,0.0,9700.327708600002,2000,2022-06-21
2022-06-22,09:25,BUY,1000,9.71,9714.855,5.09714855,0.0,19.624439949997395,0.0,3000,2022-06-21
2022-06-22,15:00,SELL,1000,9.55,9545.225,14.640677250000001,0.0,0.0,9530.58432275,2000,2022-06-22
2022-06-23,09:25,BUY,1000,9.55,9554.775,5.09554775,0.0,29.286224999998012,0.0,3000,2022-06-22
2022-06-23,15:00,SELL,1000,9.67,9665.165,14.761816650000002,0.0,0.0,9650.403183350001,2000,2022-06-23
2022-06-24,09:25,BUY,1000,9.7,9704.85,5.0970485,0.0,59.543865149998965,0.0,3000,2022-06-23
2022-06-24,15:00,SELL,1000,9.75,9745.125,14.84257625,0.0,0.0,9730.28242375,2000,2022-06-24
2022-06-27,09:25,BUY,1000,9.75,9754.875,5.09754875,0.0,29.69012499999917,0.0,3000,2022-06-24
2022-06-27,15:00,SELL,1000,9.77,9765.115,14.86276615,0.0,0.0,9750.25223385,2000,2022-06-27
2022-06-28,09:25,BUY,1000,9.76,9764.88,5.0976488,0.0,19.725414949998594,0.0,3000,2022-06-27
2022-06-28,15:00,SELL,1000,9.9,9895.050000000001,14.994000500000002,0.0,0.0,9880.0559995,2000,2022-06-28
2022-06-29,09:25,BUY,1000,9.9,9904.949999999999,5.0990495,0.0,29.99304999999913,0.0,3000,2022-06-28
2022-06-29,15:00,SELL,1000,9.84,9835.08,14.9334308,0.0,0.0,9820.1465692,2000,2022-06-29
2022-06-30,09:25,BUY,1000,9.83,9834.914999999999,5.09834915,0.0,19.86677994999809,0.0,3000,2022-06-29
2022-06-30,15:00,SELL,1000,9.84,9835.08,14.9334308,0.0,0.0,9820.1465692,2000,2022-06-30
2022-07-01,09:25,BUY,1000,9.83,9834.914999999999,5.09834915,0.0,19.86677994999809,0.0,3000,2022-06-30
2022-07-01,15:00,SELL,1000,9.78,9775.11,14.872861100000001,0.0,0.0,9760.2371389,2000,2022-07-01
2022-07-04,09:25,BUY,1000,9.77,9774.885,5.09774885,0.0,19.74560994999956,0.0,3000,2022-07-01
2022-07-04,15:00,SELL,1000,9.76,9755.12,14.852671200000001,0.0,0.0,9740.2673288,2000,2022-07-04
2022-07-05,09:25,BUY,1000,9.76,9764.88,5.0976488,0.0,29.71031999999832,0.0,3000,2022-07-04
2022-07-05,15:00,SELL,1000,9.69,9685.155,14.782006550000002,0.0,0.0,9670.37299345,2000,2022-07-05
2022-07-06,09:25,BUY,1000,9.68,9684.84,5.0968484,0.0,19.56385494999995,0.0,3000,2022-07-05
2022-07-06,15:00,SELL,1000,9.61,9605.195,14.70124695,0.0,0.0,9590.49375305,2000,2022-07-06
2022-07-07,09:25,BUY,1000,9.56,9564.779999999999,5.0956478,0.0,0.0,20.618105249999644,3000,2022-07-06
2022-07-07,15:00,SELL,1000,9.59,9585.205,14.68105705,0.0,0.0,9591.1420482,2000,2022-07-07
2022-07-08,09:25,BUY,1000,9.62,9624.81,5.0962481,0.0,38.764199900000676,0.0,3000,2022-07-07
2022-07-08,15:00,SELL,1000,9.74,9735.130000000001,14.832481300000001,0.0,0.0,9720.297518700001,2000,2022-07-08
2022-07-11,09:25,BUY,1000,9.76,9764.88,5.0976488,0.0,49.68013009999777,0.0,3000,2022-07-08
2022-07-11,15:00,SELL,1000,9.64,9635.18,14.7315318,0.0,0.0,9620.4484682,2000,2022-07-11
2022-07-12,09:25,BUY,1000,9.6,9604.8,5.096048,0.0,0.0,10.552420200001507,3000,2022-07-11
2022-07-12,15:00,SELL,1000,9.63,9625.185000000001,14.721436850000002,0.0,0.0,9621.015983350002,2000,2022-07-12
2022-07-13,09:25,BUY,1000,9.64,9644.82,5.0964482,0.0,28.90046484999766,0.0,3000,2022-07-12
2022-07-13,15:00,SELL,1000,9.64,9635.18,14.7315318,0.0,0.0,9620.4484682,2000,2022-07-13
2022-07-14,09:25,BUY,1000,9.66,9664.83,5.0966483,0.0,49.47818009999901,0.0,3000,2022-07-13
2022-07-14,15:00,SELL,1000,9.55,9545.225,14.640677250000001,0.0,0.0,9530.58432275,2000,2022-07-14
2022-07-15,09:25,BUY,1000,9.52,9524.76,5.0952476,0.0,0.0,0.7290751500004262,3000,2022-07-14
2022-07-15,15:00,SELL,1000,9.35,9345.325,14.43877825,0.0,0.0,9331.615296900001,2000,2022-07-15
2022-07-18,09:25,BUY,1000,9.36,9364.68,5.0936468,0.0,38.15834989999894,0.0,3000,2022-07-15
2022-07-18,15:00,SELL,1000,9.67,9665.165,14.761816650000002,0.0,0.0,9650.403183350001,2000,2022-07-18
2022-07-19,09:25,BUY,1000,9.63,9634.814999999999,5.09634815,0.0,0.0,10.491835200002242,3000,2022-07-18
2022-07-19,15:00,SELL,1000,9.8,9795.1,14.893051000000002,0.0,0.0,9790.698784200004,2000,2022-07-19
2022-07-20,09:25,BUY,1000,9.87,9874.935,5.09874935,0.0,89.3349651499957,0.0,3000,2022-07-19
2022-07-20,15:00,SELL,1000,9.94,9935.03,15.0343803,0.0,0.0,9919.995619700001,2000,2022-07-20
2022-07-21,09:25,BUY,1000,9.9,9904.949999999999,5.0990495,0.0,0.0,9.946570200001588,3000,2022-07-20
2022-07-21,15:00,SELL,1000,10.07,10064.965,15.16561465,0.0,0.0,10059.74595555,2000,2022-07-21
2022-07-22,09:25,BUY,1000,10.04,10045.019999999999,5.1004502,0.0,0.0,9.62550535000264,3000,2022-07-21
2022-07-22,15:00,SELL,1000,10.0,9995.0,15.09495,0.0,0.0,9989.530555350002,2000,2022-07-22
2022-07-25,09:25,BUY,1000,10.0,10005.0,5.10005,0.0,20.56949464999707,0.0,3000,2022-07-22
2022-07-25,15:00,SELL,1000,9.95,9945.025000000001,15.044475250000001,0.0,0.0,9929.98052475,2000,2022-07-25
2022-07-26,09:25,BUY,1000,9.98,9984.99,5.0998499,0.0,60.10932514999877,0.0,3000,2022-07-25
2022-07-26,15:00,SELL,1000,10.0,9995.0,15.09495,0.0,0.0,9979.90505,2000,2022-07-26
2022-07-27,09:25,BUY,1000,9.99,9994.994999999999,5.09994995,0.0,20.189899949999017,0.0,3000,2022-07-26
2022-07-27,15:00,SELL,1000,9.94,9935.03,15.0343803,0.0,0.0,9919.995619700001,2000,2022-07-27
2022-07-28,09:25,BUY,1000,9.99,9994.994999999999,5.09994995,0.0,80.09933024999737,0.0,3000,2022-07-27
2022-07-28,15:00,SELL,1000,10.11,10104.945,15.20599445,0.0,0.0,10089.73900555,2000,2022-07-28
2022-07-29,09:25,BUY,1000,10.1,10105.05,5.1010505,0.0,20.412044949998744,0.0,3000,2022-07-28
2022-07-29,15:00,SELL,1000,10.05,10044.975,15.14542475,0.0,0.0,10029.82957525,2000,2022-07-29
2022-08-01,09:25,BUY,1000,10.03,10035.015,5.10035015,0.0,10.285774899999524,0.0,3000,2022-07-29
2022-08-01,15:00,SELL,1000,10.06,10054.970000000001,15.155519700000001,0.0,0.0,10039.814480300001,2000,2022-08-01
2022-08-02,09:25,BUY,1000,10.0,10005.0,5.10005,0.0,0.0,29.714430300002277,3000,2022-08-01
2022-08-02,15:00,SELL,1000,9.91,9905.045,15.004095450000001,0.0,0.0,9919.755334850002,2000,2022-08-02
2022-08-03,09:25,BUY,1000,9.91,9914.955,5.09914955,0.0,0.29881469999781984,0.0,3000,2022-08-02
2022-08-03,15:00,SELL,1000,9.72,9715.140000000001,14.812291400000001,0.0,0.0,9700.327708600002,2000,2022-08-03
2022-08-04,09:25,BUY,1000,9.77,9774.885,5.09774885,0.0,79.65504024999791,0.0,3000,2022-08-03
2022-08-04,15:00,SELL,1000,9.89,9885.055,14.983905550000001,0.0,0.0,9870.07109445,2000,2022-08-04
2022-08-05,09:25,BUY,1000,9.41,9414.705,5.09414705,0.0,0.0,450.2719474000005,3000,2022-08-04
2022-08-05,15:00,SELL,1000,9.59,9585.205,14.68105705,100.0,0.0,10920.79589035,2000,2022-08-05
2022-08-08,09:25,BUY,1000,9.59,9594.795,5.09594795,0.0,0.0,1320.9049424000004,3000,2022-08-05
2022-08-08,15:00,SELL,1000,9.62,9615.19,14.7113419,100.0,0.0,10821.383600500001,2000,2022-08-08
2022-08-09,09:25,BUY,1000,9.6,9604.8,5.096048,0.0,0.0,1211.4875525000025,3000,2022-08-08
2022-08-09,15:00,SELL,1000,9.69,9685.155,14.782006550000002,0.0,0.0,10881.860545950003,2000,2022-08-09
2022-08-10,09:25,BUY,1000,9.69,9694.845,5.09694845,0.0,0.0,1181.9185975000037,3000,2022-08-09
2022-08-10,15:00,SELL,1000,9.57,9565.215,14.660867150000001,0.0,0.0,10732.472730350004,2000,2022-08-10
2022-08-11,09:25,BUY,1000,9.6,9604.8,5.096048,0.0,0.0,1122.5766823500053,3000,2022-08-10
2022-08-11,15:00,SELL,1000,9.81,9805.095000000001,14.90314595,0.0,0.0,10912.768536400006,2000,2022-08-11
2022-08-12,09:25,BUY,1000,9.77,9774.885,5.09774885,0.0,0.0,1132.7857875500067,3000,2022-08-11
2022-08-12,15:00,SELL,1000,9.67,9665.165,14.761816650000002,0.0,0.0,10783.188970900008,2000,2022-08-12
2022-08-15,09:25,BUY,1000,9.66,9664.83,5.0966483,0.0,0.0,1113.2623226000087,3000,2022-08-12
2022-08-15,15:00,SELL,1000,9.56,9555.220000000001,14.650772200000002,0.0,0.0,10653.83155040001,2000,2022-08-15
2022-08-16,09:25,BUY,1000,9.58,9584.789999999999,5.0958479,0.0,0.0,1063.9457025000102,3000,2022-08-15
2022-08-16,15:00,SELL,1000,9.48,9475.26,14.5700126,0.0,0.0,10524.635689900011,2000,2022-08-16
2022-08-17,09:25,BUY,1000,9.46,9464.73,5.0946473,0.0,0.0,1054.8110426000112,3000,2022-08-16
2022-08-17,15:00,SELL,1000,9.65,9645.175000000001,14.741626750000002,0.0,0.0,10685.244415850013,2000,2022-08-17
2022-08-18,09:25,BUY,1000,9.62,9624.81,5.0962481,0.0,0.0,1055.3381677500129,3000,2022-08-17
2022-08-18,15:00,SELL,1000,9.61,9605.195,14.70124695,0.0,0.0,10645.831920800012,2000,2022-08-18
2022-08-19,09:25,BUY,1000,9.52,9524.76,5.0952476,0.0,0.0,1115.9766732000116,3000,2022-08-18
2022-08-19,15:00,SELL,1000,9.52,9515.24,14.6103924,0.0,0.0,10616.606280800012,2000,2022-08-19
2022-08-22,09:25,BUY,1000,9.43,9434.715,5.09434715,0.0,0.0,1176.7969336500119,3000,2022-08-19
2022-08-22,15:00,SELL,1000,9.52,9515.24,14.6103924,0.0,0.0,10677.426541250012,2000,2022-08-22
2022-08-23,09:25,BUY,1000,9.48,9484.74,5.0948474,0.0,0.0,1187.5916938500122,3000,2022-08-22
2022-08-23,15:00,SELL,1000,9.44,9435.28,14.529632800000002,0.0,0.0,10608.342061050012,2000,2022-08-23
2022-08-24,09:25,BUY,1000,9.42,9424.71,5.0942471,0.0,0.0,1178.5378139500135,3000,2022-08-23
2022-08-24,15:00,SELL,1000,9.37,9365.315,14.45896815,0.0,0.0,10529.393845800014,2000,2022-08-24
2022-08-25,09:25,BUY,1000,9.32,9324.66,5.0932466,0.0,0.0,1199.6405992000145,3000,2022-08-24
2022-08-25,15:00,SELL,1000,9.31,9305.345000000001,14.398398450000002,0.0,0.0,10490.587200750017,2000,2022-08-25
2022-08-26,09:25,BUY,1000,9.36,9364.68,5.0936468,0.0,0.0,1120.8135539500163,3000,2022-08-25
2022-08-26,15:00,SELL,1000,9.36,9355.32,14.4488732,0.0,0.0,10461.684680750015,2000,2022-08-26
2022-08-29,09:25,BUY,1000,9.26,9264.63,5.0926463,0.0,0.0,1191.9620344500163,3000,2022-08-26
2022-08-29,15:00,SELL,1000,9.24,9235.380000000001,14.3277338,0.0,0.0,10413.014300650017,2000,2022-08-29
2022-08-30,09:25,BUY,1000,9.27,9274.635,5.09274635,0.0,0.0,1133.286554300017,3000,2022-08-29
2022-08-30,15:00,SELL,1000,9.2,9195.4,14.287354,0.0,0.0,10314.399200300017,2000,2022-08-30
2022-08-31,09:25,BUY,1000,9.18,9184.59,5.0918459,0.0,0.0,1124.7173544000161,3000,2022-08-30
2022-08-31,15:00,SELL,1000,9.29,9285.355000000001,14.378208550000002,0.0,0.0,10395.694145850017,2000,2022-08-31
2022-09-01,09:25,BUY,1000,9.22,9224.609999999999,5.0922461,0.0,0.0,1165.991899750019,3000,2022-08-31
2022-09-01,15:00,SELL,1000,9.22,9215.390000000001,14.307543900000002,0.0,0.0,10367.07435585002,2000,2022-09-01
2022-09-02,09:25,BUY,1000,9.22,9224.609999999999,5.0922461,0.0,0.0,1137.372109750022,3000,2022-09-01
2022-09-02,15:00,SELL,1000,9.31,9305.345000000001,14.398398450000002,0.0,0.0,10428.318711300024,2000,2022-09-02
2022-09-05,09:25,BUY,1000,9.3,9304.65,5.0930465,0.0,0.0,1118.5756648000242,3000,2022-09-02
2022-09-05,15:00,SELL,1000,9.33,9325.335000000001,14.418588350000002,0.0,0.0,10429.492076450026,2000,2022-09-05
2022-09-06,09:25,BUY,1000,9.31,9314.654999999999,5.09314655,0.0,0.0,1109.743929900027,3000,2022-09-05
2022-09-06,15:00,SELL,1000,9.44,9435.28,14.529632800000002,0.0,0.0,10530.494297100027,2000,2022-09-06
2022-09-07,09:25,BUY,1000,9.43,9434.715,5.09434715,0.0,0.0,1090.6849499500277,3000,2022-09-06
2022-09-07,15:00,SELL,1000,9.39,9385.305,14.47915805,0.0,0.0,10461.510791900027,2000,2022-09-07
2022-09-08,09:25,BUY,1000,9.43,9434.715,5.09434715,0.0,0.0,1021.7014447500278,3000,2022-09-07
2022-09-08,15:00,SELL,1000,9.44,9435.28,14.529632800000002,0.0,0.0,10442.451811950028,2000,2022-09-08
2022-09-09,09:25,BUY,1000,9.47,9474.734999999999,5.09474735,0.0,0.0,962.6220646000293,3000,2022-09-08
2022-09-09,15:00,SELL,1000,9.47,9465.265000000001,14.559917650000001,0.0,0.0,10413.32714695003,2000,2022-09-09
2022-09-13,09:25,BUY,1000,9.51,9514.755,5.09514755,0.0,0.0,893.4769994000308,3000,2022-09-09
2022-09-13,15:00,SELL,1000,9.49,9485.255000000001,14.580107550000001,0.0,0.0,10364.151891850031,2000,2022-09-13
2022-09-14,09:25,BUY,1000,9.46,9464.73,5.0946473,0.0,0.0,894.3272445500315,3000,2022-09-13
2022-09-14,15:00,SELL,1000,9.38,9375.310000000001,14.469063100000001,0.0,0.0,10255.168181450033,2000,2022-09-14
2022-09-15,09:25,BUY,1000,9.39,9394.695,5.09394695,0.0,0.0,855.3792345000329,3000,2022-09-14
2022-09-15,15:00,SELL,1000,9.38,9375.310000000001,14.469063100000001,0.0,0.0,10216.220171400035,2000,2022-09-15
2022-09-16,09:25,BUY,1000,9.34,9344.67,5.0934467,0.0,0.0,866.4567247000341,3000,2022-09-15
2022-09-16,15:00,SELL,1000,9.12,9115.44,14.2065944,0.0,0.0,9967.690130300034,2000,2022-09-16
2022-09-19,09:25,BUY,1000,9.12,9124.56,5.0912456,0.0,0.0,838.038884700034,3000,2022-09-16
2022-09-19,15:00,SELL,1000,8.89,8885.555,13.97441055,0.0,0.0,9709.619474150035,2000,2022-09-19
2022-09-20,09:25,BUY,1000,8.92,8924.46,5.0892446,0.0,0.0,780.070229550036,3000,2022-09-19
2022-09-20,15:00,SELL,1000,8.74,8735.630000000001,13.822986300000002,0.0,0.0,9501.877243250037,2000,2022-09-20
2022-09-21,09:25,BUY,1000,8.73,8734.365,5.08734365,0.0,0.0,762.424899600037,3000,2022-09-20
2022-09-21,15:00,SELL,1000,8.75,8745.625,13.833081250000001,0.0,0.0,9494.216818350036,2000,2022-09-21
2022-09-22,09:25,BUY,1000,8.7,8704.35,5.0870435,0.0,0.0,784.7797748500361,3000,2022-09-21
2022-09-22,15:00,SELL,1000,8.68,8675.66,13.7624166,0.0,0.0,9446.677358250035,2000,2022-09-22
2022-09-23,09:25,BUY,1000,8.7,8704.35,5.0870435,0.0,0.0,737.2403147500354,3000,2022-09-22
2022-09-23,15:00,SELL,1000,8.69,8685.655,13.77251155,0.0,0.0,9409.122803200036,2000,2022-09-23
2022-09-26,09:25,BUY,1000,8.6,8604.3,5.086043,0.0,0.0,799.7367602000377,3000,2022-09-23
2022-09-26,15:00,SELL,1000,8.55,8545.725,13.63118225,0.0,0.0,9331.830577950039,2000,2022-09-26
2022-09-27,09:25,BUY,1000,8.54,8544.27,5.0854427,0.0,0.0,782.4751352500389,3000,2022-09-26
2022-09-27,15:00,SELL,1000,8.65,8645.675000000001,13.73213175,0.0,0.0,9414.41800350004,2000,2022-09-27
2022-09-28,09:25,BUY,1000,8.62,8624.31,5.0862431,0.0,0.0,785.0217604000409,3000,2022-09-27
2022-09-28,15:00,SELL,1000,8.56,8555.720000000001,13.641277200000001,0.0,0.0,9327.100483200042,2000,2022-09-28
2022-09-29,09:25,BUY,1000,8.67,8674.335,5.08674335,0.0,0.0,647.6787398500419,3000,2022-09-28
2022-09-29,15:00,SELL,1000,8.38,8375.810000000001,13.459568100000002,0.0,0.0,9010.029171750044,2000,2022-09-29
2022-09-30,09:25,BUY,1000,8.41,8414.205,5.08414205,0.0,0.0,590.740029700044,3000,2022-09-29
2022-09-30,15:00,SELL,1000,8.52,8515.74,13.600897400000001,0.0,0.0,9092.879132300044,2000,2022-09-30
2022-10-10,09:25,BUY,1000,8.6,8604.3,5.086043,0.0,0.0,483.49308930004554,3000,2022-09-30
2022-10-10,15:00,SELL,1000,8.16,8155.92,13.237479200000001,0.0,0.0,8626.175610100046,2000,2022-10-10
2022-10-11,09:25,BUY,1000,8.24,8244.119999999999,5.0824412,0.0,0.0,376.9731689000473,3000,2022-10-10
2022-10-11,15:00,SELL,1000,8.18,8175.910000000001,13.257669100000001,0.0,0.0,8539.625499800048,2000,2022-10-11
2022-10-12,09:25,BUY,1000,8.16,8164.08,5.0816408,0.0,0.0,370.4638590000477,3000,2022-10-11
2022-10-12,15:00,SELL,1000,8.31,8305.845000000001,13.38890345,0.0,0.0,8662.919955550049,2000,2022-10-12
2022-10-13,09:25,BUY,1000,8.25,8254.125,5.08254125,0.0,0.0,403.7124143000492,3000,2022-10-12
2022-10-13,15:00,SELL,1000,8.35,8345.825,13.429283250000001,0.0,0.0,8736.10813105005,2000,2022-10-13
2022-10-14,09:25,BUY,1000,8.41,8414.205,5.08414205,0.0,0.0,316.81898900005035,3000,2022-10-13
2022-10-14,15:00,SELL,1000,8.44,8435.78,13.5201378,0.0,0.0,8739.07885120005,2000,2022-10-14
2022-10-17,09:25,BUY,1000,8.44,8444.22,5.0844422,0.0,0.0,289.7744090000524,3000,2022-10-14
2022-10-17,15:00,SELL,1000,8.52,8515.74,13.600897400000001,0.0,0.0,8791.913511600053,2000,2022-10-17
2022-10-18,09:25,BUY,1000,8.54,8544.27,5.0854427,0.0,0.0,242.5580689000526,3000,2022-10-17
2022-10-18,15:00,SELL,1000,8.5,8495.75,13.5807075,0.0,0.0,8724.727361400053,2000,2022-10-18
2022-10-19,09:25,BUY,1000,8.49,8494.244999999999,5.08494245,0.0,0.0,225.397418950055,3000,2022-10-18
2022-10-19,15:00,SELL,1000,8.4,8395.800000000001,13.479758000000002,0.0,0.0,8607.717660950057,2000,2022-10-19
2022-10-20,09:25,BUY,1000,8.38,8384.189999999999,5.0838419,0.0,0.0,218.44381905005866,3000,2022-10-19
2022-10-20,15:00,SELL,1000,8.5,8495.75,13.5807075,0.0,0.0,8700.61311155006,2000,2022-10-20
2022-10-21,09:25,BUY,1000,8.5,8504.25,5.0850425,0.0,0.0,191.27806905005855,3000,2022-10-20
2022-10-21,15:00,SELL,1000,8.47,8465.765000000001,13.550422650000002,0.0,0.0,8643.49264640006,2000,2022-10-21
2022-10-24,09:25,BUY,1000,8.4,8404.199999999999,5.084042,0.0,0.0,234.20860440006072,3000,2022-10-21
2022-10-24,15:00,SELL,1000,8.29,8285.855,13.36871355,0.0,0.0,8506.69489085006,2000,2022-10-24
2022-10-25,09:25,BUY,1000,8.4,8404.199999999999,5.084042,0.0,0.0,97.41084885006057,3000,2022-10-24
2022-10-25,15:00,SELL,1000,8.38,8375.810000000001,13.459568100000002,0.0,0.0,8459.761280750063,2000,2022-10-25
2022-10-26,09:25,BUY,1000,8.34,8344.17,5.0834417,0.0,0.0,110.5078390500621,3000,2022-10-25
2022-10-26,15:00,SELL,1000,8.3,8295.85,13.3788085,0.0,0.0,8392.979030550063,2000,2022-10-26
2022-10-27,09:25,BUY,1000,8.31,8314.154999999999,5.08314155,0.0,0.0,73.74088900006427,3000,2022-10-26
2022-10-27,15:00,SELL,1000,8.39,8385.805,13.469663050000001,0.0,0.0,8446.076225950064,2000,2022-10-27
2022-10-28,09:25,BUY,1000,8.43,8434.215,5.08434215,0.0,0.0,6.776883800064752,3000,2022-10-27
2022-10-28,15:00,SELL,1000,8.28,8275.86,13.358618600000002,0.0,0.0,8269.278265200066,2000,2022-10-28
2022-10-31,09:25,BUY,1000,7.87,7873.9349999999995,5.07873935,0.0,0.0,390.2645258500661,3000,2022-10-28
2022-10-31,15:00,SELL,1000,8.2,8195.9,13.277859,0.0,0.0,8572.886666850067,2000,2022-10-31
2022-11-01,09:25,BUY,1000,8.29,8294.145,5.08294145,0.0,0.0,273.65872540006603,3000,2022-10-31
2022-11-01,15:00,SELL,1000,8.56,8555.720000000001,13.641277200000001,0.0,0.0,8815.737448200067,2000,2022-11-01
2022-11-02,09:25,BUY,1000,8.49,8494.244999999999,5.08494245,0.0,0.0,316.4075057500686,3000,2022-11-01
2022-11-02,15:00,SELL,1000,8.66,8655.67,13.7422267,0.0,0.0,8958.335279050068,2000,2022-11-02
2022-11-03,09:25,BUY,1000,8.68,8684.34,5.0868434,0.0,0.0,268.908435650068,3000,2022-11-02
2022-11-03,15:00,SELL,1000,8.63,8625.685000000001,13.711941850000002,0.0,0.0,8880.881493800069,2000,2022-11-03
2022-11-04,09:25,BUY,1000,8.58,8584.289999999999,5.0858429,0.0,0.0,291.50565090006967,3000,2022-11-03
2022-11-04,15:00,SELL,1000,8.69,8685.655,13.77251155,0.0,0.0,8963.38813935007,2000,2022-11-04
2022-11-07,09:25,BUY,1000,8.69,8694.345,5.08694345,0.0,0.0,263.9561959000712,3000,2022-11-04
2022-11-07,15:00,SELL,1000,8.69,8685.655,13.77251155,0.0,0.0,8935.838684350072,2000,2022-11-07
2022-11-08,09:25,BUY,1000,8.66,8664.33,5.0866433,0.0,0.0,266.42204105007295,3000,2022-11-07
2022-11-08,15:00,SELL,1000,8.72,8715.640000000001,13.802796400000002,0.0,0.0,8968.259244650075,2000,2022-11-08
2022-11-09,09:25,BUY,1000,8.69,8694.345,5.08694345,0.0,0.0,268.82730120007545,3000,2022-11-08
2022-11-09,15:00,SELL,1000,8.64,8635.68,13.722036800000001,0.0,0.0,8890.785264400076,2000,2022-11-09
2022-11-10,09:25,BUY,1000,8.63,8634.314999999999,5.08634315,0.0,0.0,251.38392125007704,3000,2022-11-09
2022-11-10,15:00,SELL,1000,8.62,8615.69,13.701846900000001,0.0,0.0,8853.372074350078,2000,2022-11-10
2022-11-11,09:25,BUY,1000,8.75,8754.375,5.08754375,0.0,0.0,93.90953060007814,3000,2022-11-10
2022-11-11,15:00,SELL,1000,8.84,8835.58,13.9239358,0.0,0.0,8915.565594800079,2000,2022-11-11
2022-11-14,09:25,BUY,1000,8.88,8884.439999999999,5.0888444,0.0,0.0,26.036750400080564,3000,2022-11-11
2022-11-14,15:00,SELL,1000,8.95,8945.525,14.03498025,0.0,0.0,8957.52677015008,2000,2022-11-14
2022-11-15,09:25,BUY,1000,8.96,8964.48,5.0896448,0.0,12.042874649920122,0.0,3000,2022-11-14
2022-11-15,15:00,SELL,1000,9.05,9045.475,14.13592975,0.0,0.0,9031.33907025,2000,2022-11-15
2022-11-16,09:25,BUY,1000,9.01,9014.505,5.09014505,0.0,0.0,11.743925200000376,3000,2022-11-15
2022-11-16,15:00,SELL,1000,8.99,8985.505000000001,14.075360050000002,0.0,0.0,8983.173565150002,2000,2022-11-16
2022-11-17,09:25,BUY,1000,8.96,8964.48,5.0896448,0.0,0.0,13.603920350002227,3000,2022-11-16
2022-11-17,15:00,SELL,1000,9.01,9005.495,14.09554995,0.0,0.0,9005.003370400003,2000,2022-11-17
2022-11-18,09:25,BUY,1000,9.05,9054.525,5.09054525,0.0,54.61217484999543,0.0,3000,2022-11-17
2022-11-18,15:00,SELL,1000,8.95,8945.525,14.03498025,0.0,0.0,8931.49001975,2000,2022-11-18
2022-11-21,09:25,BUY,1000,8.9,8904.449999999999,5.0890445,0.0,0.0,21.95097524999983,3000,2022-11-18
2022-11-21,15:00,SELL,1000,9.0,8995.5,14.085455,0.0,0.0,9003.36552025,2000,2022-11-21
2022-11-22,09:25,BUY,1000,9.06,9064.529999999999,5.0906453,0.0,66.25512505000006,0.0,3000,2022-11-21
2022-11-22,15:00,SELL,1000,9.1,9095.45,14.186404500000002,0.0,0.0,9081.2635955,2000,2022-11-22
2022-11-23,09:25,BUY,1000,9.11,9114.555,5.09114555,0.0,38.382550050000646,0.0,3000,2022-11-22
2022-11-23,15:00,SELL,1000,9.05,9045.475,14.13592975,0.0,0.0,9031.33907025,2000,2022-11-23
2022-11-24,09:25,BUY,1000,9.05,9054.525,5.09054525,0.0,28.276474999998754,0.0,3000,2022-11-23
2022-11-24,15:00,SELL,1000,8.96,8955.52,14.045075200000001,0.0,0.0,8941.4749248,2000,2022-11-24
2022-11-25,09:25,BUY,1000,8.95,8954.475,5.08954475,0.0,18.08961995000027,0.0,3000,2022-11-24
2022-11-25,15:00,SELL,1000,9.05,9045.475,14.13592975,0.0,0.0,9031.33907025,2000,2022-11-25
2022-11-28,09:25,BUY,1000,8.9,8904.449999999999,5.0890445,0.0,0.0,121.80002575000071,3000,2022-11-25
2022-11-28,15:00,SELL,1000,8.76,8755.62,13.843176200000002,0.0,0.0,8863.576849550001,2000,2022-11-28
2022-11-29,09:25,BUY,1000,8.83,8834.414999999999,5.08834415,0.0,0.0,24.07350540000334,3000,2022-11-28
2022-11-29,15:00,SELL,1000,9.11,9105.445,14.196499450000001,0.0,0.0,9115.322005950004,2000,2022-11-29
2022-11-30,09:25,BUY,1000,9.12,9124.56,5.0912456,0.0,14.329239649996452,0.0,3000,2022-11-29
2022-11-30,15:00,SELL,1000,9.15,9145.425000000001,14.236879250000001,0.0,0.0,9131.188120750001,2000,2022-11-30
2022-12-01,09:25,BUY,1000,9.21,9214.605,5.09214605,0.0,88.50902529999803,0.0,3000,2022-11-30
2022-12-01,15:00,SELL,1000,9.19,9185.405,14.277259050000001,0.0,0.0,9171.12774095,2000,2022-12-01
2022-12-02,09:25,BUY,1000,9.17,9174.585,5.09174585,0.0,8.5490049,0.0,3000,2022-12-01
2022-12-02,15:00,SELL,1000,9.14,9135.43,14.2267843,0.0,0.0,9121.2032157,2000,2022-12-02
2022-12-05,09:25,BUY,1000,9.29,9294.644999999999,5.09294645,0.0,178.53473074999965,0.0,3000,2022-12-02
2022-12-05,15:00,SELL,1000,9.28,9275.36,14.368113600000001,0.0,0.0,9260.991886400001,2000,2022-12-05
2022-12-06,09:25,BUY,1000,9.22,9224.609999999999,5.0922461,0.0,0.0,31.289640300003157,3000,2022-12-05
2022-12-06,15:00,SELL,1000,9.44,9435.28,14.529632800000002,0.0,0.0,9452.040007500003,2000,2022-12-06
2022-12-07,09:25,BUY,1000,9.46,9464.73,5.0946473,0.0,17.784639799996512,0.0,3000,2022-12-06
2022-12-07,15:00,SELL,1000,9.42,9415.29,14.509442900000002,0.0,0.0,9400.7805571,2000,2022-12-07
2022-12-08,09:25,BUY,1000,9.41,9414.705,5.09414705,0.0,19.018589949999296,0.0,3000,2022-12-07
2022-12-08,15:00,SELL,1000,9.42,9415.29,14.509442900000002,0.0,0.0,9400.7805571,2000,2022-12-08
2022-12-09,09:25,BUY,1000,9.4,9404.699999999999,5.094047,0.0,9.013489899998604,0.0,3000,2022-12-08
2022-12-09,15:00,SELL,1000,9.46,9455.27,14.549822700000002,0.0,0.0,9440.7201773,2000,2022-12-09
2022-12-12,09:25,BUY,1000,9.43,9434.715,5.09434715,0.0,0.0,0.910830150000038,3000,2022-12-09
2022-12-12,15:00,SELL,1000,9.46,9455.27,14.549822700000002,0.0,0.0,9441.63100745,2000,2022-12-12
2022-12-13,09:25,BUY,1000,9.48,9484.74,5.0948474,0.0,48.20383994999975,0.0,3000,2022-12-12
2022-12-13,15:00,SELL,1000,9.45,9445.275,14.53972775,0.0,0.0,9430.73527225,2000,2022-12-13
2022-12-14,09:25,BUY,1000,9.48,9484.74,5.0948474,0.0,59.09957514999951,0.0,3000,2022-12-13
2022-12-14,15:00,SELL,1000,9.42,9415.29,14.509442900000002,0.0,0.0,9400.7805571,2000,2022-12-14
2022-12-15,09:25,BUY,1000,9.42,9424.71,5.0942471,0.0,29.02368999999817,0.0,3000,2022-12-14
2022-12-15,15:00,SELL,1000,9.46,9455.27,14.549822700000002,0.0,0.0,9440.7201773,2000,2022-12-15
2022-12-16,09:25,BUY,1000,9.41,9414.705,5.09414705,0.0,0.0,20.921030249999603,3000,2022-12-15
2022-12-16,15:00,SELL,1000,9.5,9495.25,14.5902025,0.0,0.0,9501.58082775,2000,2022-12-16
2022-12-19,09:25,BUY,1000,9.52,9524.76,5.0952476,0.0,28.274419850000413,0.0,3000,2022-12-16
2022-12-19,15:00,SELL,1000,9.37,9365.315,14.45896815,0.0,0.0,9350.85603185,2000,2022-12-19
2022-12-20,09:25,BUY,1000,9.32,9324.66,5.0932466,0.0,0.0,21.102785250001034,3000,2022-12-19
2022-12-20,15:00,SELL,1000,9.29,9285.355000000001,14.378208550000002,0.0,0.0,9292.079576700002,2000,2022-12-20
2022-12-21,09:25,BUY,1000,9.29,9294.644999999999,5.09294645,0.0,7.658369749997291,0.0,3000,2022-12-20
2022-12-21,15:00,SELL,1000,9.35,9345.325,14.43877825,0.0,0.0,9330.886221750001,2000,2022-12-21
2022-12-22,09:25,BUY,1000,9.47,9474.734999999999,5.09474735,0.0,148.94352559999788,0.0,3000,2022-12-21
2022-12-22,15:00,SELL,1000,9.29,9285.355000000001,14.378208550000002,0.0,0.0,9270.97679145,2000,2022-12-22
2022-12-23,09:25,BUY,1000,9.26,9264.63,5.0926463,0.0,0.0,1.254145150001932,3000,2022-12-22
2022-12-23,15:00,SELL,1000,9.18,9175.41,14.2671641,0.0,0.0,9162.396981050002,2000,2022-12-23
2022-12-26,09:25,BUY,1000,9.22,9224.609999999999,5.0922461,0.0,67.3052650499958,0.0,3000,2022-12-23
2022-12-26,15:00,SELL,1000,9.16,9155.42,14.2469742,0.0,0.0,9141.1730258,2000,2022-12-26
2022-12-27,09:25,BUY,1000,9.22,9224.609999999999,5.0922461,0.0,88.52922029999718,0.0,3000,2022-12-26
2022-12-27,15:00,SELL,1000,9.21,9205.395,14.297448950000001,0.0,0.0,9191.097551050001,2000,2022-12-27
2022-12-28,09:25,BUY,1000,9.23,9234.615,5.09234615,0.0,48.609795099999246,0.0,3000,2022-12-27
2022-12-28,15:00,SELL,1000,9.17,9165.415,14.257069150000001,0.0,0.0,9151.15793085,2000,2022-12-28
2022-12-29,09:25,BUY,1000,9.18,9184.59,5.0918459,0.0,38.52391505000014,0.0,3000,2022-12-28
2022-12-29,15:00,SELL,1000,9.07,9065.465,14.15611965,0.0,0.0,9051.30888035,2000,2022-12-29
2022-12-30,09:25,BUY,1000,9.11,9114.555,5.09114555,0.0,68.33726520000164,0.0,3000,2022-12-29
2022-12-30,15:00,SELL,1000,9.18,9175.41,14.2671641,0.0,0.0,9161.1428359,2000,2022-12-30
2023-01-03,09:25,BUY,1000,9.14,9144.57,5.0914457,0.0,0.0,11.481390200000533,3000,2022-12-30
2023-01-03,15:00,SELL,1000,9.31,9305.345000000001,14.398398450000002,0.0,0.0,9302.427991750003,2000,2023-01-03
2023-01-04,09:25,BUY,1000,9.39,9394.695,5.09394695,0.0,97.36095519999799,0.0,3000,2023-01-03
2023-01-04,15:00,SELL,1000,9.35,9345.325,14.43877825,0.0,0.0,9330.886221750001,2000,2023-01-04
2023-01-05,09:25,BUY,1000,9.45,9454.725,5.09454725,0.0,128.93332550000014,0.0,3000,2023-01-04
2023-01-05,15:00,SELL,1000,9.49,9485.255000000001,14.580107550000001,0.0,0.0,9470.67489245,2000,2023-01-05
2023-01-06,09:25,BUY,1000,9.48,9484.74,5.0948474,0.0,19.15995494999879,0.0,3000,2023-01-05
2023-01-06,15:00,SELL,1000,9.38,9375.310000000001,14.469063100000001,0.0,0.0,9360.840936900002,2000,2023-01-06
2023-01-09,09:25,BUY,1000,9.48,9484.74,5.0948474,0.0,128.99391049999758,0.0,3000,2023-01-06
2023-01-09,15:00,SELL,1000,9.51,9505.245,14.600297450000001,0.0,0.0,9490.64470255,2000,2023-01-09
2023-01-10,09:25,BUY,1000,9.49,9494.744999999999,5.09494745,0.0,9.195244899998215,0.0,3000,2023-01-09
2023-01-10,15:00,SELL,1000,9.4,9395.300000000001,14.489253000000001,0.0,0.0,9380.810747000001,2000,2023-01-10
2023-01-11,09:25,BUY,1000,9.45,9454.725,5.09454725,0.0,79.0088002499997,0.0,3000,2023-01-10
2023-01-11,15:00,SELL,1000,9.36,9355.32,14.4488732,0.0,0.0,9340.871126799999,2000,2023-01-11
2023-01-12,09:25,BUY,1000,9.4,9404.699999999999,5.094047,0.0,68.92292020000059,0.0,3000,2023-01-11
2023-01-12,15:00,SELL,1000,9.32,9315.34,14.408493400000001,0.0,0.0,9300.9315066,2000,2023-01-12
2023-01-13,09:25,BUY,1000,9.35,9354.675,5.09354675,0.0,58.837040149999666,0.0,3000,2023-01-12
2023-01-13,15:00,SELL,1000,9.43,9425.285,14.51953785,0.0,0.0,9410.76546215,2000,2023-01-13
2023-01-16,09:25,BUY,1000,9.44,9444.72,5.0944472,0.0,39.04898504999801,0.0,3000,2023-01-13
2023-01-16,15:00,SELL,1000,9.5,9495.25,14.5902025,0.0,0.0,9480.6597975,2000,2023-01-16
2023-01-17,09:25,BUY,1000,9.52,9524.76,5.0952476,0.0,49.195450100000016,0.0,3000,2023-01-16
2023-01-17,15:00,SELL,1000,9.52,9515.24,14.6103924,0.0,0.0,9500.6296076,2000,2023-01-17
2023-01-18,09:25,BUY,1000,9.53,9534.765,5.09534765,0.0,39.23074004999944,0.0,3000,2023-01-17
2023-01-18,15:00,SELL,1000,9.53,9525.235,14.620487350000001,0.0,0.0,9510.614512650001,2000,2023-01-18
2023-01-19,09:25,BUY,1000,9.49,9494.744999999999,5.09494745,0.0,0.0,10.774565200003053,3000,2023-01-18
2023-01-19,15:00,SELL,1000,9.53,9525.235,14.620487350000001,0.0,0.0,9521.389077850004,2000,2023-01-19
2023-01-20,09:25,BUY,1000,9.55,9554.775,5.09554775,0.0,38.48146989999441,0.0,3000,2023-01-19
2023-01-20,15:00,SELL,1000,9.53,9525.235,14.620487350000001,0.0,0.0,9510.614512650001,2000,2023-01-20
2023-01-30,09:25,BUY,1000,9.67,9674.835,5.09674835,0.0,169.3172356999985,0.0,3000,2023-01-20
2023-01-30,15:00,SELL,1000,9.64,9635.18,14.7315318,0.0,0.0,9620.4484682,2000,2023-01-30
2023-01-31,09:25,BUY,1000,9.7,9704.85,5.0970485,0.0,89.49858029999996,0.0,3000,2023-01-30
2023-01-31,15:00,SELL,1000,9.51,9505.245,14.600297450000001,0.0,0.0,9490.64470255,2000,2023-01-31
2023-02-01,09:25,BUY,1000,9.54,9544.769999999999,5.0954477,0.0,59.22074514999804,0.0,3000,2023-01-31
2023-02-01,15:00,SELL,1000,9.58,9575.210000000001,14.6709621,0.0,0.0,9560.5390379,2000,2023-02-01
2023-02-02,09:25,BUY,1000,9.6,9604.8,5.096048,0.0,49.35701009999866,0.0,3000,2023-02-01
2023-02-02,15:00,SELL,1000,9.55,9545.225,14.640677250000001,0.0,0.0,9530.58432275,2000,2023-02-02
2023-02-03,09:25,BUY,1000,9.5,9504.75,5.0950475,0.0,0.0,20.73927524999999,3000,2023-02-02
2023-02-03,15:00,SELL,1000,9.36,9355.32,14.4488732,0.0,0.0,9361.610402049999,2000,2023-02-03
2023-02-06,09:25,BUY,1000,9.31,9314.654999999999,5.09314655,0.0,0.0,41.862255500000174,3000,2023-02-03
2023-02-06,15:00,SELL,1000,9.33,9325.335000000001,14.418588350000002,0.0,0.0,9352.778667150002,2000,2023-02-06
2023-02-07,09:25,BUY,1000,9.38,9384.689999999999,5.0938469,0.0,37.00517974999639,0.0,3000,2023-02-06
2023-02-07,15:00,SELL,1000,9.27,9265.365,14.35801865,0.0,0.0,9251.00698135,2000,2023-02-07
2023-02-08,09:25,BUY,1000,9.3,9304.65,5.0930465,0.0,58.736065150000286,0.0,3000,2023-02-07
2023-02-08,15:00,SELL,1000,9.26,9255.37,14.3479237,0.0,0.0,9241.022076300002,2000,2023-02-08
2023-02-09,09:25,BUY,1000,9.24,9244.619999999999,5.0924462,0.0,8.690369899997677,0.0,3000,2023-02-08
2023-02-09,15:00,SELL,1000,9.45,9445.275,14.53972775,0.0,0.0,9430.73527225,2000,2023-02-09
2023-02-10,09:25,BUY,1000,9.42,9424.71,5.0942471,0.0,0.0,0.9310251500010054,3000,2023-02-09
2023-02-10,15:00,SELL,1000,9.78,9775.11,14.872861100000001,0.0,0.0,9761.168164050001,2000,2023-02-10
2023-02-13,09:25,BUY,1000,9.72,9724.859999999999,5.0972486,0.0,0.0,31.210915450003085,3000,2023-02-10
2023-02-13,15:00,SELL,1000,9.66,9655.17,14.751721700000001,0.0,0.0,9671.629193750003,2000,2023-02-13
2023-02-14,09:25,BUY,1000,9.64,9644.82,5.0964482,0.0,0.0,21.712745550003092,3000,2023-02-13
2023-02-14,15:00,SELL,1000,9.7,9695.15,14.7921015,0.0,0.0,9702.070644050003,2000,2023-02-14
2023-02-15,09:25,BUY,1000,9.71,9714.855,5.09714855,0.0,17.88150449999557,0.0,3000,2023-02-14
2023-02-15,15:00,SELL,1000,10.05,10044.975,15.14542475,0.0,0.0,10029.82957525,2000,2023-02-15
2023-02-16,09:25,BUY,1000,10.08,10085.039999999999,5.1008504,0.0,60.31127514999935,0.0,3000,2023-02-15
2023-02-16,15:00,SELL,1000,9.89,9885.055,14.983905550000001,0.0,0.0,9870.07109445,2000,2023-02-16
2023-02-17,09:25,BUY,1000,9.87,9874.935,5.09874935,0.0,9.962654899998597,0.0,3000,2023-02-16
2023-02-17,15:00,SELL,1000,9.71,9705.145,14.80219645,0.0,0.0,9690.34280355,2000,2023-02-17
2023-02-20,09:25,BUY,1000,9.71,9714.855,5.09714855,0.0,29.60934499999894,0.0,3000,2023-02-17
2023-02-20,15:00,SELL,1000,9.91,9905.045,15.004095450000001,0.0,0.0,9890.04090455,2000,2023-02-20
2023-02-21,09:25,BUY,1000,9.88,9884.939999999999,5.0988494,0.0,0.0,0.0020551500019792,3000,2023-02-20
2023-02-21,15:00,SELL,1000,9.88,9875.060000000001,14.973810600000002,0.0,0.0,9860.088244550003,2000,2023-02-21
2023-02-22,09:25,BUY,1000,9.81,9814.904999999999,5.09814905,0.0,0.0,40.08509550000417,3000,2023-02-21
2023-02-22,15:00,SELL,1000,9.75,9745.125,14.84257625,0.0,0.0,9770.367519250005,2000,2023-02-22
2023-02-23,09:25,BUY,1000,9.83,9834.914999999999,5.09834915,0.0,69.64582989999326,0.0,3000,2023-02-22
2023-02-23,15:00,SELL,1000,9.7,9695.15,14.7921015,0.0,0.0,9680.3578985,2000,2023-02-23
2023-02-24,09:25,BUY,1000,9.66,9664.83,5.0966483,0.0,0.0,10.431250200001159,3000,2023-02-23
2023-02-24,15:00,SELL,1000,9.62,9615.19,14.7113419,0.0,0.0,9610.909908300002,2000,2023-02-24
2023-02-27,09:25,BUY,1000,9.58,9584.789999999999,5.0958479,0.0,0.0,21.02406040000278,3000,2023-02-24
2023-02-27,15:00,SELL,1000,9.52,9515.24,14.6103924,0.0,0.0,9521.653668000003,2000,2023-02-27
2023-02-28,09:25,BUY,1000,9.61,9614.805,5.09614805,0.0,98.24748004999674,0.0,3000,2023-02-27
2023-02-28,15:00,SELL,1000,9.6,9595.2,14.691152,0.0,0.0,9580.508848000001,2000,2023-02-28
2023-03-01,09:25,BUY,1000,9.61,9614.805,5.09614805,0.0,39.392300049998084,0.0,3000,2023-02-28
2023-03-01,15:00,SELL,1000,9.96,9955.02,15.0545702,0.0,0.0,9939.9654298,2000,2023-03-01
2023-03-02,09:25,BUY,1000,9.97,9974.984999999999,5.09974985,0.0,40.11932004999835,0.0,3000,2023-03-01
2023-03-02,15:00,SELL,1000,10.34,10334.83,15.4381783,0.0,0.0,10319.3918217,2000,2023-03-02
2023-03-03,09:25,BUY,1000,10.28,10285.14,5.1028514,0.0,0.0,29.148970299998837,3000,2023-03-02
2023-03-03,15:00,SELL,1000,11.37,11364.315,16.47795815,0.0,0.0,11376.986012149999,2000,2023-03-03
2023-03-06,09:25,BUY,1000,11.5,11505.75,5.1150575,0.0,133.87904535000052,0.0,3000,2023-03-03
2023-03-06,15:00,SELL,1000,11.06,11054.470000000001,16.1650147,0.0,0.0,11038.304985300001,2000,2023-03-06
2023-03-07,09:25,BUY,1000,11.06,11065.529999999999,5.1106553,0.0,32.33566999999857,0.0,3000,2023-03-06
2023-03-07,15:00,SELL,1000,10.51,10504.745,15.60979245,0.0,0.0,10489.13520755,2000,2023-03-07
2023-03-08,09:25,BUY,1000,10.43,10435.215,5.10435215,0.0,0.0,48.815855400000146,3000,2023-03-07
2023-03-08,15:00,SELL,1000,10.57,10564.715,15.67036215,0.0,0.0,10597.86049325,2000,2023-03-08
2023-03-09,09:25,BUY,1000,10.7,10705.349999999999,5.1070535,0.0,112.59656024999822,0.0,3000,2023-03-08
2023-03-09,15:00,SELL,1000,11.15,11144.425000000001,16.255869250000003,0.0,0.0,11128.16913075,2000,2023-03-09
2023-03-10,09:25,BUY,1000,11.0,11005.5,5.110055,0.0,0.0,117.55907575000128,3000,2023-03-09
2023-03-10,15:00,SELL,1000,10.85,10844.575,15.953020750000002,0.0,0.0,10946.181055000003,2000,2023-03-10
2023-03-13,09:25,BUY,1000,10.88,10885.439999999999,5.1088544,0.0,0.0,55.63220060000458,3000,2023-03-10
2023-03-13,15:00,SELL,1000,11.61,11604.195000000002,16.72023695,0.0,0.0,11643.106963650007,2000,2023-03-13
2023-03-14,09:25,BUY,1000,11.6,11605.8,5.116058,0.0,0.0,32.19090565000806,3000,2023-03-13
2023-03-14,15:00,SELL,1000,11.76,11754.12,16.871661200000002,0.0,0.0,11769.439244450008,2000,2023-03-14
2023-03-15,09:25,BUY,1000,11.96,11965.98,5.1196598,0.0,201.66041534999204,0.0,3000,2023-03-14
2023-03-15,15:00,SELL,1000,12.07,12063.965,17.18460465,0.0,0.0,12046.78039535,2000,2023-03-15
2023-03-16,09:25,BUY,1000,12.0,12006.0,5.12006,0.0,0.0,35.66033535000133,3000,2023-03-15
2023-03-16,15:00,SELL,1000,12.35,12343.825,17.467263250000002,0.0,0.0,12362.018072100002,2000,2023-03-16
2023-03-17,09:25,BUY,1000,12.55,12556.275,5.12556275,0.0,199.38249064999764,0.0,3000,2023-03-16
2023-03-17,15:00,SELL,1000,13.59,13583.205,18.71903705,0.0,0.0,13564.48596295,2000,2023-03-17
2023-03-20,09:25,BUY,1000,14.39,14397.195,5.14397195,0.0,837.8530089999986,0.0,3000,2023-03-17
2023-03-20,15:00,SELL,1000,14.88,14872.560000000001,20.021285600000002,0.0,0.0,14852.538714400001,2000,2023-03-20
2023-03-21,09:25,BUY,1000,14.89,14897.445,5.14897445,0.0,50.05526004999774,0.0,3000,2023-03-20
2023-03-21,15:00,SELL,1000,14.6,14592.7,19.738627,0.0,0.0,14572.961373,2000,2023-03-21
2023-03-22,09:25,BUY,1000,15.0,15007.5,5.150075,0.0,439.68870199999947,0.0,3000,2023-03-21
2023-03-22,15:00,SELL,1000,16.06,16051.97,21.2124897,0.0,0.0,16030.7575103,2000,2023-03-22
2023-03-23,09:25,BUY,1000,16.69,16698.344999999998,5.16698345,0.0,672.7544731499966,0.0,3000,2023-03-22
2023-03-23,15:00,SELL,1000,16.99,16981.505,22.151320050000002,0.0,0.0,16959.35367995,2000,2023-03-23
2023-03-24,09:25,BUY,1000,16.85,16858.425,5.16858425,0.0,0.0,95.76009569999951,3000,2023-03-23
2023-03-24,15:00,SELL,1000,17.66,17651.170000000002,22.827681700000003,0.0,0.0,17724.102414,2000,2023-03-24
2023-03-27,09:25,BUY,1000,17.08,17088.54,5.1708854,0.0,0.0,630.391528600001,3000,2023-03-24
2023-03-27,15:00,SELL,1000,17.63,17621.185,22.797396850000002,0.0,0.0,18228.77913175,2000,2023-03-27
2023-03-28,09:25,BUY,1000,17.08,17088.54,5.1708854,0.0,0.0,1135.0682463500016,3000,2023-03-27
2023-03-28,15:00,SELL,1000,16.45,16441.775,21.60619275,0.0,0.0,17555.2370536,2000,2023-03-28
2023-03-29,09:25,BUY,1000,16.7,16708.35,5.1670835,0.0,0.0,841.7199701000027,3000,2023-03-28
2023-03-29,15:00,SELL,1000,16.16,16151.92,21.3134392,0.0,0.0,16972.326530900005,2000,2023-03-29
2023-03-30,09:25,BUY,1000,16.21,16218.105,5.16218105,0.0,0.0,749.0593498500057,3000,2023-03-29
2023-03-30,15:00,SELL,1000,16.88,16871.56,22.0402756,0.0,0.0,17598.579074250007,2000,2023-03-30
2023-03-31,09:25,BUY,1000,16.7,16708.35,5.1670835,0.0,0.0,885.0619907500077,3000,2023-03-30
2023-03-31,15:00,SELL,1000,17.22,17211.39,22.3835039,0.0,0.0,18074.068486850007,2000,2023-03-31
2023-04-03,09:25,BUY,1000,17.09,17098.545,5.17098545,0.0,0.0,970.3525014000079,3000,2023-03-31
2023-04-03,15:00,SELL,1000,17.76,17751.120000000003,22.928631200000005,0.0,0.0,18698.54387020001,2000,2023-04-03
2023-04-04,09:25,BUY,1000,17.24,17248.62,5.1724862,0.0,0.0,1444.7513840000101,3000,2023-04-03
2023-04-04,15:00,SELL,1000,17.41,17401.295000000002,22.575307950000003,0.0,0.0,18823.471076050013,2000,2023-04-04
2023-04-06,09:25,BUY,1000,18.0,18009.0,5.18009,0.0,0.0,809.2909860500113,3000,2023-04-04
2023-04-06,15:00,SELL,1000,19.0,18990.5,24.180405,0.0,0.0,19775.610581050012,2000,2023-04-06
2023-04-07,09:25,BUY,1000,18.78,18789.39,5.1878939,0.0,0.0,981.032687150011,3000,2023-04-06
2023-04-07,15:00,SELL,1000,18.37,18360.815000000002,23.544423150000004,0.0,0.0,19318.303264000013,2000,2023-04-07
2023-04-10,09:25,BUY,1000,18.06,18069.03,5.1806903,0.0,0.0,1244.0925737000143,3000,2023-04-07
2023-04-10,15:00,SELL,1000,17.47,17461.265,22.63587765,0.0,0.0,18682.721696050015,2000,2023-04-10
2023-04-11,09:25,BUY,1000,17.64,17648.82,5.1764882,0.0,0.0,1028.725207850017,3000,2023-04-10
2023-04-11,15:00,SELL,1000,17.35,17341.325,22.51473825,0.0,0.0,18347.535469600018,2000,2023-04-11
2023-04-12,09:25,BUY,1000,17.52,17528.76,5.1752876,0.0,0.0,813.6001820000201,3000,2023-04-11
2023-04-12,15:00,SELL,1000,18.42,18410.79,23.594897900000003,0.0,0.0,19200.795284100022,2000,2023-04-12
2023-04-13,09:25,BUY,1000,18.25,18259.125,5.18259125,0.0,0.0,936.4876928500234,3000,2023-04-12
2023-04-13,15:00,SELL,1000,17.66,17651.170000000002,22.827681700000003,0.0,0.0,18564.830011150025,2000,2023-04-13
2023-04-14,09:25,BUY,1000,17.58,17588.789999999997,5.1758879,0.0,0.0,970.8641232500268,3000,2023-04-13
2023-04-14,15:00,SELL,1000,18.07,18060.965,23.24157465,0.0,0.0,19008.587548600026,2000,2023-04-14
2023-04-17,09:25,BUY,1000,17.99,17998.995,5.17998995,0.0,0.0,1004.4125586500268,3000,2023-04-14
2023-04-17,15:00,SELL,1000,17.93,17921.035,23.10024535,0.0,0.0,18902.347313300026,2000,2023-04-17
2023-04-18,09:25,BUY,1000,17.88,17888.94,5.1788894,0.0,0.0,1008.2284239000292,3000,2023-04-17
2023-04-18,15:00,SELL,1000,19.19,19180.405000000002,24.372209050000002,0.0,0.0,20164.26121485003,2000,2023-04-18
2023-04-19,09:25,BUY,1000,19.08,19089.539999999997,5.1908954,0.0,0.0,1069.5303194500339,3000,2023-04-18
2023-04-20,15:00,SELL,1000,19.0,18990.5,24.180405,0.0,0.0,20035.849914450035,2000,2023-04-20
2023-04-21,09:25,BUY,1000,19.5,19509.75,5.1950975,0.0,0.0,520.9048169500347,3000,2023-04-20
2023-04-21,15:00,SELL,1000,18.79,18780.605,23.96841105,0.0,0.0,19277.541405900036,2000,2023-04-21
2023-04-24,09:25,BUY,1000,18.84,18849.42,5.1884942,0.0,0.0,422.93291170003795,3000,2023-04-21
2023-04-24,15:00,SELL,1000,18.33,18320.835000000003,23.504043350000003,0.0,0.0,18720.26386835004,2000,2023-04-24
2023-04-25,09:25,BUY,1000,18.06,18069.03,5.1806903,0.0,0.0,646.0531780500423,3000,2023-04-24
2023-04-25,15:00,SELL,1000,18.5,18490.75,23.6756575,0.0,0.0,19113.127520550042,2000,2023-04-25
2023-04-26,09:25,BUY,1000,18.78,18789.39,5.1878939,0.0,0.0,318.5496266500413,3000,2023-04-25
2023-04-27,15:00,SELL,1000,16.1,16091.950000000003,21.252869500000003,0.0,0.0,16389.246757150046,2000,2023-04-27
2023-04-28,09:25,BUY,1000,16.13,16138.064999999997,5.16138065,0.0,0.0,246.02037650004786,3000,2023-04-27
2023-04-28,15:00,SELL,1000,16.12,16111.940000000002,21.273059400000005,0.0,0.0,16336.68731710005,2000,2023-04-28
2023-05-04,09:25,BUY,1000,15.98,15987.99,5.1598799,0.0,0.0,343.5374372000497,3000,2023-04-28
2023-05-04,15:00,SELL,1000,15.38,15372.310000000001,20.526033100000003,0.0,0.0,15695.32140410005,2000,2023-05-04
2023-05-05,09:25,BUY,1000,15.33,15337.664999999999,5.15337665,0.0,0.0,352.5030274500514,3000,2023-05-04
2023-05-05,15:00,SELL,1000,14.77,14762.615000000002,19.910241150000004,0.0,0.0,15095.207786300052,2000,2023-05-05
2023-05-08,09:25,BUY,1000,14.73,14737.365,5.1473736500000005,0.0,0.0,352.6954126500532,3000,2023-05-05
2023-05-08,15:00,SELL,1000,14.68,14672.660000000002,19.8193866,0.0,0.0,15005.536026050055,2000,2023-05-08
2023-05-09,09:25,BUY,1000,14.68,14687.339999999998,5.1468734,0.0,0.0,313.0491526500573,3000,2023-05-08
2023-05-09,15:00,SELL,1000,14.7,14692.650000000001,19.8395765,0.0,0.0,14985.859576150058,2000,2023-05-09
2023-05-10,09:25,BUY,1000,14.7,14707.349999999999,5.1470735,0.0,0.0,273.36250265005947,3000,2023-05-09
2023-05-10,15:00,SELL,1000,14.6,14592.7,19.738627,0.0,0.0,14846.32387565006,2000,2023-05-10
2023-05-11,09:25,BUY,1000,14.51,14517.255,5.14517255,0.0,0.0,323.9237031000612,3000,2023-05-10
2023-05-11,15:00,SELL,1000,14.46,14452.77,19.5972977,0.0,0.0,14757.096405400061,2000,2023-05-11
2023-05-12,09:25,BUY,1000,14.34,14347.17,5.1434717,0.0,0.0,404.78293370006213,3000,2023-05-11
2023-05-12,15:00,SELL,1000,14.36,14352.820000000002,19.4963482,0.0,0.0,14738.106585500063,2000,2023-05-12
2023-05-15,09:25,BUY,1000,14.62,14627.31,5.1462731,0.0,0.0,105.65031240006465,3000,2023-05-12
2023-05-15,15:00,SELL,1000,15.12,15112.44,20.2635644,0.0,0.0,15197.826748000065,2000,2023-05-15
2023-05-16,09:25,BUY,1000,15.09,15097.545,5.15097545,0.0,0.0,95.13077255006465,3000,2023-05-15
2023-05-16,15:00,SELL,1000,14.78,14772.61,19.9203361,0.0,0.0,14847.820436450065,2000,2023-05-16
2023-05-17,09:25,BUY,1000,14.85,14857.425,5.14857425,0.0,14.753137799934848,0.0,3000,2023-05-16
2023-05-17,15:00,SELL,1000,15.55,15542.225,20.697647250000003,0.0,0.0,15521.527352750001,2000,2023-05-17
2023-05-18,09:25,BUY,1000,15.91,15917.955,5.15917955,0.0,401.58682679999947,0.0,3000,2023-05-17
2023-05-18,15:00,SELL,1000,16.35,16341.825000000003,21.505243250000003,0.0,0.0,16320.319756750003,2000,2023-05-18
2023-05-19,09:25,BUY,1000,16.5,16508.25,5.1650825000000005,0.0,193.09532574999685,0.0,3000,2023-05-18
2023-05-19,15:00,SELL,1000,16.16,16151.92,21.3134392,0.0,0.0,16130.6065608,2000,2023-05-19
2023-05-22,09:25,BUY,1000,16.01,16018.005000000001,5.16018005,0.0,0.0,107.44138075000046,3000,2023-05-19
2023-05-22,15:00,SELL,1000,15.41,15402.295,20.55631795,0.0,0.0,15489.1800628,2000,2023-05-22
2023-05-23,09:25,BUY,1000,15.38,15387.689999999999,5.1538769,0.0,0.0,96.33618590000151,3000,2023-05-22
2023-05-23,15:00,SELL,1000,15.23,15222.385,20.37460885,0.0,0.0,15298.346577050002,2000,2023-05-23
2023-05-24,09:25,BUY,1000,15.14,15147.57,5.1514757,0.0,0.0,145.6251013500023,3000,2023-05-23
2023-05-24,15:00,SELL,1000,14.82,14812.59,19.9607159,0.0,0.0,14938.254385450002,2000,2023-05-24
2023-05-25,09:25,BUY,1000,16.0,16008.0,5.16008,0.0,1074.9056945499979,0.0,3000,2023-05-24
2023-05-25,15:00,SELL,1000,16.3,16291.85,21.4547685,0.0,0.0,16270.3952315,2000,2023-05-25
2023-05-26,09:25,BUY,1000,16.33,16338.164999999997,5.16338165,0.0,72.93315014999644,0.0,3000,2023-05-25
2023-05-26,15:00,SELL,1000,16.79,16781.605,21.94942105,0.0,0.0,16759.655578949998,2000,2023-05-26
2023-05-29,09:25,BUY,1000,17.29,17298.645,5.17298645,0.0,544.1624075000036,0.0,3000,2023-05-26
2023-05-29,15:00,SELL,1000,17.9,17891.05,23.0699605,0.0,0.0,17867.9800395,2000,2023-05-29
2023-05-30,09:25,BUY,1000,17.42,17428.71,5.1742871,0.0,0.0,434.0957524000005,3000,2023-05-29
2023-05-30,15:00,SELL,1000,18.03,18020.985,23.20119485,0.0,0.0,18431.87955755,2000,2023-05-30
2023-05-31,09:25,BUY,1000,18.11,18119.055,5.18119055,0.0,0.0,307.6433670000006,3000,2023-05-30
2023-05-31,15:00,SELL,1000,18.05,18040.975000000002,23.221384750000002,0.0,0.0,18325.396982250004,2000,2023-05-31
2023-06-01,09:25,BUY,1000,17.6,17608.8,5.176088,0.0,0.0,711.4208942500045,3000,2023-05-31
2023-06-01,15:00,SELL,1000,17.92,17911.04,23.090150400000002,0.0,0.0,18599.370743850006,2000,2023-06-01
2023-06-02,09:25,BUY,1000,18.2,18209.1,5.182091,0.0,0.0,385.08865285000866,3000,2023-06-01
2023-06-02,15:00,SELL,1000,17.83,17821.085000000003,22.999295850000003,0.0,0.0,18183.17435700001,2000,2023-06-02
2023-06-05,09:25,BUY,1000,18.06,18069.03,5.1806903,0.0,0.0,108.96366670001225,3000,2023-06-02
2023-06-05,15:00,SELL,1000,18.93,18920.535,24.10974035,0.0,0.0,19005.388926350013,2000,2023-06-05
2023-06-06,09:25,BUY,1000,18.6,18609.3,5.186093,0.0,0.0,390.9028333500137,3000,2023-06-05
2023-06-06,15:00,SELL,1000,18.22,18210.89,23.392998900000002,0.0,0.0,18578.399834450014,2000,2023-06-06
2023-06-07,09:25,BUY,1000,18.2,18209.1,5.182091,0.0,0.0,364.11774345001686,3000,2023-06-06
2023-06-07,15:00,SELL,1000,18.03,18020.985,23.20119485,0.0,0.0,18361.901548600017,2000,2023-06-07
2023-06-08,09:25,BUY,1000,17.9,17908.95,5.1790895,0.0,0.0,447.7724591000151,3000,2023-06-07
2023-06-08,15:00,SELL,1000,17.85,17841.075,23.01948575,0.0,0.0,18265.827973350017,2000,2023-06-08
2023-06-09,09:25,BUY,1000,17.85,17858.925,5.17858925,0.0,0.0,401.7243841000163,3000,2023-06-08
2023-06-09,15:00,SELL,1000,19.64,19630.18,24.8264818,0.0,0.0,20007.077902300018,2000,2023-06-09
2023-06-12,09:25,BUY,1000,20.31,20320.155,5.20320155,0.0,318.2802992499819,0.0,3000,2023-06-09
2023-06-12,15:00,SELL,1000,21.35,21339.325,26.55271825,0.0,0.0,21312.77228175,2000,2023-06-12
2023-06-13,09:25,BUY,1000,21.2,21210.6,5.212106,0.0,0.0,96.96017575000224,3000,2023-06-12
2023-06-13,15:00,SELL,1000,22.02,22008.99,27.229079900000002,0.0,0.0,22078.721095850004,2000,2023-06-13
2023-06-14,09:25,BUY,1000,21.75,21760.875,5.21760875,0.0,0.0,312.62848710000253,3000,2023-06-13
2023-06-14,15:00,SELL,1000,22.79,22778.605,28.00639105,0.0,0.0,23063.227096050003,2000,2023-06-14
2023-06-15,09:25,BUY,1000,22.6,22611.3,5.226113,0.0,0.0,446.70098305000283,3000,2023-06-14
2023-06-15,15:00,SELL,1000,22.64,22628.68,27.8549668,0.0,0.0,23047.52601625,2000,2023-06-15
2023-06-16,09:25,BUY,1000,22.64,22651.32,5.2265132,0.0,0.0,390.9795030500027,3000,2023-06-15
2023-06-16,15:00,SELL,1000,24.06,24047.97,29.2884497,0.0,0.0,24409.661053350002,2000,2023-06-16
2023-06-19,09:25,BUY,1000,24.5,24512.25,5.2451225,0.0,107.83406914999796,0.0,3000,2023-06-16
2023-06-19,15:00,SELL,1000,26.46,26446.77,31.7112377,0.0,0.0,26415.0587623,2000,2023-06-19
2023-06-20,09:25,BUY,1000,25.87,25882.934999999998,5.25882935,0.0,0.0,526.8649329500004,3000,2023-06-19
2023-06-20,15:00,SELL,1000,26.03,26016.985,31.277154850000002,0.0,0.0,26512.572778100002,2000,2023-06-20
2023-06-21,09:25,BUY,1000,25.5,25512.75,5.2551275,0.0,0.0,994.5676506000018,3000,2023-06-20
2023-06-21,15:00,SELL,1000,24.5,24487.75,29.7326275,0.0,0.0,25452.5850231,2000,2023-06-21
2023-06-26,09:25,BUY,1000,23.9,23911.949999999997,5.2391195,0.0,0.0,1535.395903600005,3000,2023-06-21
2023-06-26,15:00,SELL,1000,23.09,23078.455,28.309239550000004,0.0,0.0,24585.541664050008,2000,2023-06-26
2023-06-27,09:25,BUY,1000,23.41,23421.704999999998,5.23421705,0.0,0.0,1158.6024470000084,3000,2023-06-26
2023-06-27,15:00,SELL,1000,23.01,22998.495000000003,28.228479950000004,0.0,0.0,24128.86896705001,2000,2023-06-27
2023-06-28,09:25,BUY,1000,21.99,22000.995,5.22000995,0.0,0.0,2122.6539571000103,3000,2023-06-27
2023-06-28,15:00,SELL,1000,22.98,22968.510000000002,28.198195100000003,0.0,0.0,25062.96576200001,2000,2023-06-28
2023-06-29,09:25,BUY,1000,23.01,23021.504999999997,5.23021505,0.0,0.0,2036.2305469500134,3000,2023-06-28
2023-06-29,15:00,SELL,1000,23.8,23788.100000000002,29.025981,0.0,0.0,25795.304565950017,2000,2023-06-29
2023-06-30,09:25,BUY,1000,23.55,23561.774999999998,5.23561775,0.0,0.0,2228.2939482000183,3000,2023-06-29
2023-06-30,15:00,SELL,1000,25.2,25187.4,30.439274,0.0,0.0,27385.25467420002,2000,2023-06-30
2023-07-03,09:25,BUY,1000,25.4,25412.699999999997,5.254127,0.0,0.0,1967.3005472000223,3000,2023-06-30
2023-07-03,15:00,SELL,1000,24.37,24357.815000000002,29.601393150000003,0.0,0.0,26295.514154050026,2000,2023-07-03
2023-07-04,09:25,BUY,1000,24.0,24012.0,5.24012,0.0,0.0,2278.2740340500277,3000,2023-07-03
2023-07-04,15:00,SELL,1000,24.58,24567.710000000003,29.813387100000003,0.0,0.0,26816.17064695003,2000,2023-07-04
2023-07-05,09:25,BUY,1000,24.3,24312.149999999998,5.2431215,0.0,0.0,2498.777525450034,3000,2023-07-04
2023-07-05,15:00,SELL,1000,23.86,23848.07,29.0865507,0.0,0.0,26317.760974750032,2000,2023-07-05
2023-07-06,09:25,BUY,1000,23.6,23611.8,5.236118,0.0,0.0,2700.724856750032,3000,2023-07-05
2023-07-06,15:00,SELL,1000,23.88,23868.06,29.106740600000002,0.0,0.0,26539.678116150033,2000,2023-07-06
2023-07-07,09:25,BUY,1000,23.8,23811.899999999998,5.238119,0.0,0.0,2722.5399971500337,3000,2023-07-06
2023-07-07,15:00,SELL,1000,23.66,23648.170000000002,28.884651700000003,0.0,0.0,26341.825345450037,2000,2023-07-07
2023-07-10,09:25,BUY,1000,24.0,24012.0,5.24012,0.0,0.0,2324.5852254500387,3000,2023-07-07
2023-07-10,15:00,SELL,1000,23.8,23788.100000000002,29.025981,0.0,0.0,26083.659244450042,2000,2023-07-10
2023-07-11,09:25,BUY,1000,24.0,24012.0,5.24012,0.0,0.0,2066.4191244500435,3000,2023-07-10
2023-07-11,15:00,SELL,1000,24.24,24227.88,29.470158800000004,0.0,0.0,26264.828965650046,2000,2023-07-11
2023-07-12,09:25,BUY,1000,24.0,24012.0,5.24012,0.0,0.0,2247.588845650047,3000,2023-07-11
2023-07-12,15:00,SELL,1000,22.53,22518.735,27.743922350000002,0.0,0.0,24738.579923300047,2000,2023-07-12
2023-07-13,09:25,BUY,1000,22.98,22991.489999999998,5.2299149,0.0,0.0,1741.86000840005,3000,2023-07-12
2023-07-13,15:00,SELL,1000,24.78,24767.61,30.0152861,0.0,0.0,26479.45472230005,2000,2023-07-13
2023-07-14,09:25,BUY,1000,25.71,25722.855,5.25722855,0.0,0.0,751.3424937500531,3000,2023-07-13
2023-07-14,15:00,SELL,1000,27.26,27246.370000000003,32.5188337,0.0,0.0,27965.193660050056,2000,2023-07-14
2023-07-17,09:25,BUY,1000,26.89,26903.445,5.26903445,0.0,0.0,1056.4796256000554,3000,2023-07-14
2023-07-17,15:00,SELL,1000,26.11,26096.945,31.357914450000003,0.0,0.0,27122.066711150055,2000,2023-07-17
2023-07-18,09:25,BUY,1000,26.08,26093.039999999997,5.2609304,0.0,0.0,1023.7657807500582,3000,2023-07-17
2023-07-18,15:00,SELL,1000,25.53,25517.235,30.77240735,0.0,0.0,26510.22837340006,2000,2023-07-18
2023-07-19,09:25,BUY,1000,25.92,25932.96,5.2593296,0.0,0.0,572.0090438000589,3000,2023-07-18
2023-07-19,15:00,SELL,1000,25.09,25077.455,30.328229550000003,0.0,0.0,25619.13581425006,2000,2023-07-19
2023-07-20,09:25,BUY,1000,24.9,24912.449999999997,5.2491245,0.0,0.0,701.4366897500659,3000,2023-07-19
2023-07-20,15:00,SELL,1000,23.25,23238.375,28.47075875,0.0,0.0,23911.340931000064,2000,2023-07-20
2023-07-21,09:25,BUY,1000,23.04,23051.52,5.2305152,0.0,0.0,854.590415800063,3000,2023-07-20
2023-07-21,15:00,SELL,1000,23.04,23028.48,28.2587648,0.0,0.0,23854.811651000062,2000,2023-07-21
2023-07-24,09:25,BUY,1000,22.79,22801.395,5.22801395,0.0,0.0,1048.1886370500615,3000,2023-07-21
2023-07-24,15:00,SELL,1000,23.66,23648.170000000002,28.884651700000003,0.0,0.0,24667.473985350065,2000,2023-07-24
2023-07-25,09:25,BUY,1000,24.05,24062.024999999998,5.24062025,0.0,0.0,600.2083651000685,3000,2023-07-24
2023-07-25,15:00,SELL,1000,24.0,23988.0,29.227880000000003,0.0,0.0,24558.98048510007,2000,2023-07-25
2023-07-26,09:25,BUY,1000,23.5,23511.75,5.2351175,0.0,0.0,1041.9953676000696,3000,2023-07-25
2023-07-26,15:00,SELL,1000,23.25,23238.375,28.47075875,0.0,0.0,24251.899608850068,2000,2023-07-26
2023-07-27,09:25,BUY,1000,23.13,23141.565,5.23141565,0.0,0.0,1105.1031932000697,3000,2023-07-26
2023-07-27,15:00,SELL,1000,22.68,22668.66,27.8953466,0.0,0.0,23745.86784660007,2000,2023-07-27
2023-07-28,09:25,BUY,1000,22.3,22311.149999999998,5.2231115,0.0,0.0,1429.4947351000737,3000,2023-07-27
2023-07-28,15:00,SELL,1000,22.26,22248.870000000003,27.471358700000003,110.0,0.0,24640.893376400076,2000,2023-07-28
2023-07-31,09:25,BUY,1000,22.25,22261.125,5.22261125,0.0,0.0,2374.5457651500765,3000,2023-07-28
2023-07-31,15:00,SELL,1000,22.33,22318.835000000003,27.542023350000004,110.0,0.0,24555.83874180008,2000,2023-07-31
2023-08-01,09:25,BUY,1000,22.2,22211.1,5.222111,0.0,0.0,2339.5166308000807,3000,2023-07-31
2023-08-01,15:00,SELL,1000,22.67,22658.665,27.88525165,0.0,0.0,24970.29637915008,2000,2023-08-01
2023-08-02,09:25,BUY,1000,22.25,22261.125,5.22261125,0.0,0.0,2703.9487679000813,3000,2023-08-01
2023-08-02,15:00,SELL,1000,22.32,22308.84,27.5319284,0.0,0.0,24985.25683950008,2000,2023-08-02
2023-08-03,09:25,BUY,1000,21.86,21870.93,5.2187093,0.0,0.0,3109.108130200082,3000,2023-08-02
2023-08-03,15:00,SELL,1000,22.5,22488.75,27.7136375,0.0,0.0,25570.14449270008,2000,2023-08-03
2023-08-04,09:25,BUY,1000,22.1,22111.05,5.2211105,0.0,0.0,3453.873382200083,3000,2023-08-03
2023-08-04,15:00,SELL,1000,23.77,23758.115,28.995696150000004,0.0,0.0,27182.992686050085,2000,2023-08-04
2023-08-07,09:25,BUY,1000,23.7,23711.85,5.2371185,0.0,0.0,3465.905567550086,3000,2023-08-04
2023-08-07,15:00,SELL,1000,24.98,24967.510000000002,30.217185100000002,0.0,0.0,28403.19838245009,2000,2023-08-07
2023-08-08,09:25,BUY,1000,24.6,24612.3,5.246123,0.0,0.0,3785.6522594500893,3000,2023-08-07
2023-08-08,15:00,SELL,1000,24.18,24167.91,29.4095891,0.0,0.0,27924.15267035009,2000,2023-08-08
2023-08-09,09:25,BUY,1000,23.3,23311.649999999998,5.2331165,0.0,0.0,4607.269553850092,3000,2023-08-08
2023-08-09,15:00,SELL,1000,22.25,22238.875,27.46126375,0.0,0.0,26818.683290100093,2000,2023-08-09
2023-08-10,09:25,BUY,1000,21.99,22000.995,5.22000995,0.0,0.0,4812.468280150093,3000,2023-08-09
2023-08-10,15:00,SELL,1000,21.5,21489.25,26.7041425,0.0,0.0,26275.014137650094,2000,2023-08-10
2023-08-11,09:25,BUY,1000,21.72,21730.86,5.2173086,0.0,0.0,4538.936829050093,3000,2023-08-10
2023-08-11,15:00,SELL,1000,21.5,21489.25,26.7041425,0.0,0.0,26001.482686550095,2000,2023-08-11
2023-08-14,09:25,BUY,1000,21.09,21100.545,5.21100545,0.0,0.0,4895.726681100095,3000,2023-08-11
2023-08-14,15:00,SELL,1000,21.4,21389.300000000003,26.603193000000005,0.0,0.0,26258.4234881001,2000,2023-08-14
2023-08-15,09:25,BUY,1000,22.04,22051.02,5.2205102,0.0,0.0,4202.182977900098,3000,2023-08-14
2023-08-15,15:00,SELL,1000,21.39,21379.305,26.593098050000002,0.0,0.0,25554.894879850097,2000,2023-08-15
2023-08-16,09:25,BUY,1000,21.0,21010.5,5.210105,0.0,0.0,4539.184774850099,3000,2023-08-15
2023-08-16,15:00,SELL,1000,20.89,20879.555,26.08835055,0.0,0.0,25392.6514243001,2000,2023-08-16
2023-08-17,09:25,BUY,1000,20.33,20340.164999999997,5.20340165,0.0,0.0,5047.283022650103,3000,2023-08-16
2023-08-17,15:00,SELL,1000,20.91,20899.545000000002,26.108540450000003,0.0,0.0,25920.719482200104,2000,2023-08-17
2023-08-18,09:25,BUY,1000,20.89,20900.445,5.20900445,0.0,0.0,5015.065477750104,3000,2023-08-17
2023-08-18,15:00,SELL,1000,20.1,20089.95,25.2908495,0.0,0.0,25079.724628250104,2000,2023-08-18
2023-08-21,09:25,BUY,1000,20.15,20160.074999999997,5.20160075,0.0,0.0,4914.448027500108,3000,2023-08-18
2023-08-21,15:00,SELL,1000,20.41,20399.795000000002,25.603792950000003,0.0,0.0,25288.639234550108,2000,2023-08-21
2023-08-22,09:25,BUY,1000,21.2,21210.6,5.212106,0.0,0.0,4072.8271285501105,3000,2023-08-21
2023-08-22,15:00,SELL,1000,22.45,22438.775,27.66316275,0.0,0.0,26483.938965800113,2000,2023-08-22
2023-08-23,09:25,BUY,1000,22.17,22181.085,5.22181085,0.0,0.0,4297.632154950115,3000,2023-08-22
2023-08-23,15:00,SELL,1000,21.34,21329.33,26.542623300000002,0.0,0.0,25600.419531650117,2000,2023-08-23
2023-08-24,09:25,BUY,1000,22.5,22511.25,5.2251125,0.0,0.0,3083.944419150117,3000,2023-08-23
2023-08-24,15:00,SELL,1000,22.43,22418.785,27.64297285,0.0,0.0,25475.086446300116,2000,2023-08-24
2023-08-25,09:25,BUY,1000,21.2,21210.6,5.212106,0.0,0.0,4259.274340300119,3000,2023-08-24
2023-08-25,15:00,SELL,1000,20.32,20309.84,25.5129384,0.0,0.0,24543.60140190012,2000,2023-08-25
2023-08-28,09:25,BUY,1000,21.43,21440.715,5.21440715,0.0,0.0,3097.6719947501188,3000,2023-08-25
2023-08-28,15:00,SELL,1000,20.68,20669.66,15.541526600000001,0.0,0.0,23751.790468150117,2000,2023-08-28
2023-08-29,09:25,BUY,1000,20.55,20560.274999999998,5.20560275,0.0,0.0,3186.3098654001187,3000,2023-08-28
2023-08-29,15:00,SELL,1000,21.59,21579.205,16.005394550000002,0.0,0.0,24749.50947085012,2000,2023-08-29
2023-08-30,09:25,BUY,1000,21.89,21900.945,5.21900945,0.0,0.0,2843.3454614001203,3000,2023-08-29
2023-08-30,15:00,SELL,1000,21.8,21789.100000000002,16.112441000000004,0.0,0.0,24616.33302040012,2000,2023-08-30
2023-08-31,09:25,BUY,1000,21.56,21570.78,5.2157078,0.0,0.0,3040.3373126001243,3000,2023-08-30
2023-08-31,15:00,SELL,1000,21.91,21899.045000000002,16.16851295,0.0,0.0,24923.213799650126,2000,2023-08-31
2023-09-01,09:25,BUY,1000,21.79,21800.895,5.21800895,0.0,0.0,3117.100790700126,3000,2023-08-31
2023-09-01,15:00,SELL,1000,21.25,21239.375,15.832081250000002,0.0,0.0,24340.643709450127,2000,2023-09-01
2023-09-04,09:25,BUY,1000,21.4,21410.699999999997,5.214107,0.0,0.0,2924.72960245013,3000,2023-09-01
2023-09-04,15:00,SELL,1000,20.99,20979.505,15.699547550000002,0.0,0.0,23888.53505490013,2000,2023-09-04
2023-09-05,09:25,BUY,1000,20.77,20780.385,5.20780385,0.0,0.0,3102.9422510501317,3000,2023-09-04
2023-09-05,15:00,SELL,1000,20.31,20299.845,15.352920950000001,0.0,0.0,23387.43433010013,2000,2023-09-05
2023-09-06,09:25,BUY,1000,20.08,20090.039999999997,5.2009004,0.0,0.0,3292.1934297001353,3000,2023-09-05
2023-09-06,15:00,SELL,1000,20.22,20209.89,15.3070439,0.0,0.0,23486.776385800134,2000,2023-09-06
2023-09-07,09:25,BUY,1000,19.98,19989.989999999998,5.1998999,0.0,0.0,3491.5864859001376,3000,2023-09-06
2023-09-07,15:00,SELL,1000,19.2,19190.4,14.787104000000001,0.0,0.0,22667.19938190014,2000,2023-09-07
2023-09-08,09:25,BUY,1000,19.01,19019.504999999997,5.19019505,0.0,0.0,3642.504186850143,3000,2023-09-07
2023-09-08,15:00,SELL,1000,19.08,19070.460000000003,14.725934600000002,0.0,0.0,22698.238252250147,2000,2023-09-08
2023-09-11,09:25,BUY,1000,19.0,19009.5,5.190095,0.0,0.0,3683.548157250145,3000,2023-09-08
2023-09-11,15:00,SELL,1000,19.46,19450.27,14.919637700000001,0.0,0.0,23118.898519550145,2000,2023-09-11
2023-09-12,09:25,BUY,1000,19.19,19199.594999999998,5.19199595,0.0,0.0,3914.111523600146,3000,2023-09-11
2023-09-12,15:00,SELL,1000,19.28,19270.36,14.827883600000002,0.0,0.0,23169.643640000148,2000,2023-09-12
2023-09-13,09:25,BUY,1000,19.16,19169.579999999998,5.1916958,0.0,0.0,3994.8719442001493,3000,2023-09-12
2023-09-13,15:00,SELL,1000,18.86,18850.57,14.613790700000001,0.0,0.0,22830.828153500148,2000,2023-09-13
2023-09-14,09:25,BUY,1000,18.98,18989.489999999998,5.1898949,0.0,0.0,3836.148258600151,3000,2023-09-13
2023-09-14,15:00,SELL,1000,18.59,18580.705,14.476159550000002,0.0,0.0,22402.377099050154,2000,2023-09-14
2023-09-15,09:25,BUY,1000,18.63,18639.315,5.18639315,0.0,0.0,3757.8757059001546,3000,2023-09-14
2023-09-15,15:00,SELL,1000,18.13,18120.935,14.241676850000001,0.0,0.0,21864.569029050155,2000,2023-09-15
2023-09-18,09:25,BUY,1000,18.08,18089.039999999997,5.1808904,0.0,0.0,3770.348138650159,3000,2023-09-15
2023-09-18,15:00,SELL,1000,18.3,18290.850000000002,14.328333500000001,0.0,0.0,22046.86980515016,2000,2023-09-18
2023-09-19,09:25,BUY,1000,18.32,18329.16,5.1832916,0.0,0.0,3712.5265135501613,3000,2023-09-18
2023-09-19,15:00,SELL,1000,18.48,18470.760000000002,14.420087600000002,0.0,0.0,22168.866425950164,2000,2023-09-19
2023-09-20,09:25,BUY,1000,18.49,18499.245,5.18499245,0.0,0.0,3664.4364335001665,3000,2023-09-19
2023-09-20,15:00,SELL,1000,18.4,18390.8,14.379308,0.0,0.0,22040.857125500166,2000,2023-09-20
2023-09-21,09:25,BUY,1000,18.26,18269.129999999997,5.1826913,0.0,0.0,3766.5444342001683,3000,2023-09-20
2023-09-21,15:00,SELL,1000,18.31,18300.845,14.333430950000002,0.0,0.0,22053.05600325017,2000,2023-09-21
2023-09-22,09:25,BUY,1000,18.3,18309.149999999998,5.1830915,0.0,0.0,3738.722911750174,3000,2023-09-21
2023-09-22,15:00,SELL,1000,19.94,19930.030000000002,15.164315300000002,0.0,0.0,23653.588596450176,2000,2023-09-22
2023-09-25,09:25,BUY,1000,19.76,19769.879999999997,5.1976988,0.0,0.0,3878.5108976501797,3000,2023-09-22
2023-09-25,15:00,SELL,1000,19.29,19280.355,14.83298105,0.0,0.0,23144.03291660018,2000,2023-09-25
2023-09-26,09:25,BUY,1000,19.49,19499.745,5.19499745,0.0,0.0,3639.092919150182,3000,2023-09-25
2023-09-26,15:00,SELL,1000,19.73,19720.135000000002,15.057268850000002,0.0,0.0,23344.170650300184,2000,2023-09-26
2023-09-27,09:25,BUY,1000,19.6,19609.8,5.196098,0.0,0.0,3729.1745523001846,3000,2023-09-26
2023-09-27,15:00,SELL,1000,19.8,19790.100000000002,15.092951000000001,0.0,0.0,23504.181601300188,2000,2023-09-27
2023-09-28,09:25,BUY,1000,20.03,20040.015,5.20040015,0.0,0.0,3458.9662011501896,3000,2023-09-27
2023-09-28,15:00,SELL,1000,19.7,19690.15,15.041976500000002,0.0,0.0,23134.07422465019,2000,2023-09-28
2023-10-09,09:25,BUY,1000,19.47,19479.735,5.19479735,0.0,0.0,3649.1444273001907,3000,2023-09-28
2023-10-09,15:00,SELL,1000,19.26,19250.370000000003,14.817688700000001,0.0,0.0,22884.696738600192,2000,2023-10-09
2023-10-10,09:25,BUY,1000,19.23,19239.614999999998,5.19239615,0.0,0.0,3639.889342450195,3000,2023-10-09
2023-10-10,15:00,SELL,1000,18.86,18850.57,14.613790700000001,0.0,0.0,22475.845551750193,2000,2023-10-10
2023-10-11,09:25,BUY,1000,19.16,19169.579999999998,5.1916958,0.0,0.0,3301.073855950195,3000,2023-10-10
2023-10-11,15:00,SELL,1000,19.17,19160.415,14.771811650000002,0.0,0.0,22446.717044300196,2000,2023-10-11
2023-10-12,09:25,BUY,1000,19.4,19409.7,5.194097,0.0,0.0,3031.8229473001957,3000,2023-10-11
2023-10-12,15:00,SELL,1000,18.75,18740.625,14.557718750000001,0.0,0.0,21757.890228550197,2000,2023-10-12
2023-10-13,09:25,BUY,1000,18.61,18619.305,5.18619305,0.0,0.0,3133.399035500195,3000,2023-10-12
2023-10-13,15:00,SELL,1000,17.88,17871.06,14.1142406,0.0,0.0,20990.344794900197,2000,2023-10-13
2023-10-16,09:25,BUY,1000,17.89,17898.945,5.17898945,0.0,0.0,3086.220805450197,3000,2023-10-13
2023-10-16,15:00,SELL,1000,17.42,17411.29,13.879757900000001,0.0,0.0,20483.6310475502,2000,2023-10-16
2023-10-17,09:25,BUY,1000,17.52,17528.76,5.1752876,0.0,0.0,2949.695759950202,3000,2023-10-16
2023-10-17,15:00,SELL,1000,17.28,17271.36,13.8083936,0.0,0.0,20207.247366350202,2000,2023-10-17
2023-10-18,09:25,BUY,1000,16.6,16608.3,5.166083,0.0,0.0,3593.781283350203,3000,2023-10-17
2023-10-18,15:00,SELL,1000,16.92,16911.54,13.624885400000002,0.0,0.0,20491.696397950203,2000,2023-10-18
2023-10-19,09:25,BUY,1000,16.58,16588.29,5.1658829,0.0,0.0,3898.240515050202,3000,2023-10-18
2023-10-19,15:00,SELL,1000,16.53,16521.735,13.42608485,0.0,0.0,20406.5494302002,2000,2023-10-19
2023-10-20,09:25,BUY,1000,16.56,16568.28,5.1656828,0.0,0.0,3833.1037474002005,3000,2023-10-19
2023-10-20,15:00,SELL,1000,16.17,16161.915000000003,13.242576650000002,0.0,0.0,19981.776170750203,2000,2023-10-20
2023-10-23,09:25,BUY,1000,14.55,14557.275,5.14557275,0.0,0.0,5419.355598000204,3000,2023-10-20
2023-10-24,15:00,SELL,1000,13.76,13753.12,12.014091200000001,0.0,0.0,19160.461506800202,2000,2023-10-24
2023-10-25,09:25,BUY,1000,13.82,13826.91,5.1382691,0.0,0.0,5328.413237700202,3000,2023-10-24
2023-10-25,15:00,SELL,1000,13.54,13533.230000000001,11.901947300000002,0.0,0.0,18849.741290400205,2000,2023-10-25
2023-10-26,09:25,BUY,1000,13.4,13406.699999999999,5.134067,0.0,0.0,5437.907223400205,3000,2023-10-25
2023-10-26,15:00,SELL,1000,13.83,13823.085000000001,12.04977335,0.0,0.0,19248.942450050206,2000,2023-10-26
2023-10-27,09:25,BUY,1000,13.83,13836.914999999999,5.13836915,0.0,0.0,5406.889080900208,3000,2023-10-26
2023-10-27,15:00,SELL,1000,14.07,14062.965,12.17211215,0.0,0.0,19457.681968750207,2000,2023-10-27
2023-10-30,09:25,BUY,1000,14.07,14077.035,5.14077035,0.0,0.0,5375.506198400206,3000,2023-10-27
2023-10-30,15:00,SELL,1000,14.6,14592.7,12.442277,0.0,0.0,19955.763921400205,2000,2023-10-30
2023-10-31,09:25,BUY,1000,14.82,14827.41,5.1482741,0.0,0.0,5123.205647300205,3000,2023-10-30
2023-10-31,15:00,SELL,1000,14.72,14712.640000000001,12.503446400000001,0.0,0.0,19823.342200900206,2000,2023-10-31
2023-11-01,09:25,BUY,1000,14.76,14767.38,5.1476738,0.0,0.0,5050.814527100207,3000,2023-10-31
2023-11-01,15:00,SELL,1000,14.53,14522.735,12.406594850000001,0.0,0.0,19561.142932250208,2000,2023-11-01
2023-11-02,09:25,BUY,1000,14.88,14887.439999999999,5.1488744,0.0,0.0,4668.55405785021,3000,2023-11-01
2023-11-02,15:00,SELL,1000,14.6,14592.7,12.442277,0.0,0.0,19248.81178085021,2000,2023-11-02
2023-11-03,09:25,BUY,1000,14.68,14687.339999999998,5.1468734,0.0,0.0,4556.324907450213,3000,2023-11-02
2023-11-03,15:00,SELL,1000,14.75,14742.625,12.51873875,0.0,0.0,19286.431168700212,2000,2023-11-03
2023-11-06,09:25,BUY,1000,14.92,14927.46,5.1492746,0.0,0.0,4353.821894100212,3000,2023-11-03
2023-11-06,15:00,SELL,1000,14.97,14962.515000000001,12.63088265,0.0,0.0,19303.706011450213,2000,2023-11-06
2023-11-07,09:25,BUY,1000,14.97,14977.484999999999,5.14977485,0.0,0.0,4321.0712366002135,3000,2023-11-06
2023-11-07,15:00,SELL,1000,15.39,15382.305,12.844975550000001,0.0,0.0,19690.531261050215,2000,2023-11-07
2023-11-08,09:25,BUY,1000,15.35,15357.675,5.15357675,0.0,0.0,4327.702684300215,3000,2023-11-07
2023-11-08,15:00,SELL,1000,15.3,15292.35,12.7990985,0.0,0.0,19607.253585800216,2000,2023-11-08
2023-11-09,09:25,BUY,1000,15.5,15507.75,5.1550775,0.0,0.0,4094.348508300216,3000,2023-11-08
2023-11-09,15:00,SELL,1000,15.59,15582.205000000002,12.946924550000002,0.0,0.0,19663.606583750217,2000,2023-11-09
2023-11-10,09:25,BUY,1000,15.4,15407.699999999999,5.154077,0.0,0.0,4250.752506750219,3000,2023-11-09
2023-11-10,15:00,SELL,1000,15.41,15402.295,12.855170450000001,0.0,0.0,19640.19233630022,2000,2023-11-10
2023-11-13,09:25,BUY,1000,15.65,15657.824999999999,5.15657825,0.0,0.0,3977.2107580502216,3000,2023-11-10
2023-11-13,15:00,SELL,1000,16.11,16101.945000000002,13.211991950000002,0.0,0.0,20065.943766100223,2000,2023-11-13
2023-11-14,09:25,BUY,1000,16.15,16158.074999999997,5.16158075,0.0,0.0,3902.7071853502257,3000,2023-11-13
2023-11-14,15:00,SELL,1000,16.37,16361.815000000002,13.344525650000001,0.0,0.0,20251.177659700228,2000,2023-11-14
2023-11-15,09:25,BUY,1000,16.48,16488.239999999998,5.1648824,0.0,0.0,3757.77277730023,3000,2023-11-14
2023-11-15,15:00,SELL,1000,16.41,16401.795000000002,13.364915450000002,0.0,0.0,20146.20286185023,2000,2023-11-15
2023-11-16,09:25,BUY,1000,16.2,16208.099999999999,5.162081,0.0,0.0,3932.940780850231,3000,2023-11-15
2023-11-16,15:00,SELL,1000,15.94,15932.03,13.125335300000001,0.0,0.0,19851.845445550232,2000,2023-11-16
2023-11-17,09:25,BUY,1000,15.87,15877.935,5.15877935,0.0,0.0,3968.7516662002326,3000,2023-11-16
2023-11-17,15:00,SELL,1000,16.35,16341.825000000003,13.334330750000001,0.0,0.0,20297.242335450235,2000,2023-11-17
2023-11-20,09:25,BUY,1000,16.29,16298.144999999999,5.16298145,0.0,0.0,3993.9343540002374,3000,2023-11-17
2023-11-20,15:00,SELL,1000,16.12,16111.940000000002,13.217089400000003,0.0,0.0,20092.65726460024,2000,2023-11-20
2023-11-21,09:25,BUY,1000,16.19,16198.095000000001,5.16198095,0.0,0.0,3889.400283650237,3000,2023-11-20
2023-11-21,15:00,SELL,1000,15.96,15952.02,13.135530200000002,0.0,0.0,19828.284753450236,2000,2023-11-21
2023-11-22,09:25,BUY,1000,15.9,15907.949999999999,5.1590795,0.0,0.0,3915.175673950238,3000,2023-11-21
2023-11-22,15:00,SELL,1000,15.57,15562.215,12.93672965,0.0,0.0,19464.453944300236,2000,2023-11-22
2023-11-23,09:25,BUY,1000,15.73,15737.865,5.15737865,0.0,0.0,3721.4315656502367,3000,2023-11-22
2023-11-23,15:00,SELL,1000,15.72,15712.140000000001,13.013191400000002,0.0,0.0,19420.55837425024,2000,2023-11-23
2023-11-24,09:25,BUY,1000,15.8,15807.9,5.158079,0.0,0.0,3607.500295250238,3000,2023-11-23
2023-11-24,15:00,SELL,1000,15.4,15392.300000000001,12.850073000000002,0.0,0.0,18986.95022225024,2000,2023-11-24
2023-11-27,09:25,BUY,1000,15.1,15107.55,5.1510755,0.0,0.0,3874.2491467502423,3000,2023-11-24
2023-11-27,15:00,SELL,1000,14.89,14882.555,12.59010305,0.0,0.0,18744.21404370024,2000,2023-11-27
2023-11-28,09:25,BUY,1000,14.77,14777.384999999998,5.14777385,0.0,0.0,3961.6812698502436,3000,2023-11-27
2023-11-28,15:00,SELL,1000,15.15,15142.425000000001,12.722636750000001,0.0,0.0,19091.383633100246,2000,2023-11-28
2023-11-29,09:25,BUY,1000,15.15,15157.574999999999,5.15157575,0.0,0.0,3928.6570573502468,3000,2023-11-28
2023-11-29,15:00,SELL,1000,14.95,14942.525000000001,12.620687750000002,0.0,0.0,18858.561369600247,2000,2023-11-29
2023-11-30,09:25,BUY,1000,15.08,15087.539999999999,5.1508754,0.0,0.0,3765.870494200248,3000,2023-11-29
2023-11-30,15:00,SELL,1000,15.1,15092.45,12.697149500000002,0.0,0.0,18845.62334470025,2000,2023-11-30
2023-12-01,09:25,BUY,1000,15.05,15057.525,5.15057525,0.0,0.0,3782.9477694502493,3000,2023-11-30
2023-12-01,15:00,SELL,1000,15.15,15142.425000000001,12.722636750000001,0.0,0.0,18912.650132700248,2000,2023-12-01
2023-12-04,09:25,BUY,1000,15.21,15217.605,5.15217605,0.0,0.0,3689.8929566502484,3000,2023-12-01
2023-12-04,15:00,SELL,1000,14.78,14772.61,12.5340311,0.0,0.0,18449.96892555025,2000,2023-12-04
2023-12-05,09:25,BUY,1000,14.75,14757.375,5.14757375,0.0,0.0,3687.4463518002485,3000,2023-12-04
2023-12-05,15:00,SELL,1000,14.15,14142.925000000001,12.21289175,0.0,0.0,17818.15846005025,2000,2023-12-05
2023-12-06,09:25,BUY,1000,14.14,14147.07,5.1414707,0.0,0.0,3665.94698935025,3000,2023-12-05
2023-12-06,15:00,SELL,1000,14.25,14242.875,12.26386625,0.0,0.0,17896.55812310025,2000,2023-12-06
2023-12-07,09:25,BUY,1000,14.38,14387.189999999999,5.1438719,0.0,0.0,3504.224251200252,3000,2023-12-06
2023-12-07,15:00,SELL,1000,14.33,14322.835000000001,12.30464585,0.0,0.0,17814.754605350252,2000,2023-12-07
2023-12-08,09:25,BUY,1000,14.36,14367.179999999998,5.1436718,0.0,0.0,3442.430933550253,3000,2023-12-07
2023-12-08,15:00,SELL,1000,15.76,15752.12,13.0335812,0.0,0.0,19181.517352350253,2000,2023-12-08
2023-12-11,09:25,BUY,1000,15.77,15777.884999999998,5.15777885,0.0,0.0,3398.4745735002543,3000,2023-12-08
2023-12-11,15:00,SELL,1000,15.59,15582.205000000002,12.946924550000002,0.0,0.0,18967.732648950256,2000,2023-12-11
2023-12-12,09:25,BUY,1000,15.61,15617.804999999998,5.15617805,0.0,0.0,3344.7714709002576,3000,2023-12-11
2023-12-12,15:00,SELL,1000,15.26,15252.37,12.778708700000001,0.0,0.0,18584.36276220026,2000,2023-12-12
2023-12-13,09:25,BUY,1000,15.26,15267.63,5.1526763,0.0,0.0,3311.580085900261,3000,2023-12-12
2023-12-13,15:00,SELL,1000,15.08,15072.460000000001,12.6869546,0.0,0.0,18371.35313130026,2000,2023-12-13
2023-12-14,09:25,BUY,1000,15.18,15187.589999999998,5.1518759,0.0,0.0,3178.611255400263,3000,2023-12-13
2023-12-14,15:00,SELL,1000,15.0,14992.5,12.646175,0.0,0.0,18158.465080400263,2000,2023-12-14
2023-12-15,09:25,BUY,1000,15.1,15107.55,5.1510755,0.0,0.0,3045.764004900264,3000,2023-12-14
2023-12-15,15:00,SELL,1000,14.78,14772.61,12.5340311,0.0,0.0,17805.839973800263,2000,2023-12-15
2023-12-18,09:25,BUY,1000,14.78,14787.39,5.1478739000000004,0.0,0.0,3013.302099900264,3000,2023-12-15
2023-12-18,15:00,SELL,1000,15.03,15022.485,12.66146735,0.0,0.0,18023.12563255026,2000,2023-12-18
2023-12-19,09:25,BUY,1000,14.96,14967.48,5.1496748,0.0,0.0,3050.4959577502614,3000,2023-12-18
2023-12-19,15:00,SELL,1000,15.17,15162.415,12.732831650000001,0.0,0.0,18200.17812610026,2000,2023-12-19
2023-12-20,09:25,BUY,1000,15.17,15177.585,5.15177585,0.0,0.0,3017.441350250263,3000,2023-12-19
2023-12-20,15:00,SELL,1000,14.55,14542.725,12.41678975,0.0,0.0,17547.749560500262,2000,2023-12-20
2023-12-21,09:25,BUY,1000,14.55,14557.275,5.14557275,0.0,0.0,2985.328987750263,3000,2023-12-20
2023-12-21,15:00,SELL,1000,14.57,14562.715,12.426984650000001,0.0,0.0,17535.617003100262,2000,2023-12-21
2023-12-22,09:25,BUY,1000,14.51,14517.255,5.14517255,0.0,0.0,3013.2168305502637,3000,2023-12-21
2023-12-22,15:00,SELL,1000,14.32,14312.84,12.2995484,0.0,0.0,17313.75728215026,2000,2023-12-22
2023-12-25,09:25,BUY,1000,14.2,14207.099999999999,5.142071,0.0,0.0,3101.515211150263,3000,2023-12-22
2023-12-25,15:00,SELL,1000,14.21,14202.895,12.243476450000001,0.0,0.0,17292.166734700266,2000,2023-12-25
2023-12-26,09:25,BUY,1000,14.12,14127.06,5.1412706,0.0,0.0,3159.965464100267,3000,2023-12-25
2023-12-26,15:00,SELL,1000,13.87,13863.065,12.07016315,0.0,0.0,17010.960300950268,2000,2023-12-26
2023-12-27,09:25,BUY,1000,13.95,13956.974999999999,5.13956975,0.0,0.0,3048.84573120027,3000,2023-12-26
2023-12-27,15:00,SELL,1000,13.93,13923.035000000002,12.100747850000001,0.0,0.0,16959.779983350272,2000,2023-12-27
2023-12-28,09:25,BUY,1000,14.19,14197.095,5.14197095,0.0,0.0,2757.5430124002723,3000,2023-12-27
2023-12-28,15:00,SELL,1000,14.8,14792.6,12.544226000000002,0.0,0.0,17537.598786400275,2000,2023-12-28
2023-12-29,09:25,BUY,1000,14.8,14807.4,5.148074,0.0,0.0,2725.0507124002743,3000,2023-12-28
2023-12-29,15:00,SELL,1000,15.12,15112.44,12.7073444,0.0,0.0,17824.783368000273,2000,2023-12-29
2024-01-02,09:25,BUY,1000,15.0,15007.5,5.150075,0.0,0.0,2812.1332930002736,3000,2023-12-29
2024-01-02,15:00,SELL,1000,14.2,14192.900000000001,12.238379000000002,0.0,0.0,16992.794914000275,2000,2024-01-02
2024-01-03,09:25,BUY,1000,14.11,14117.054999999998,5.14117055,0.0,0.0,2870.5987434502767,3000,2024-01-02
2024-01-03,15:00,SELL,1000,13.88,13873.060000000001,12.0752606,0.0,0.0,16731.583482850278,2000,2024-01-03
2024-01-04,09:25,BUY,1000,13.78,13786.89,5.1378689,0.0,0.0,2939.5556139502787,3000,2024-01-03
2024-01-04,15:00,SELL,1000,13.47,13463.265000000001,11.86626515,0.0,0.0,16390.954348800282,2000,2024-01-04
2024-01-05,09:25,BUY,1000,13.45,13456.724999999999,5.13456725,0.0,0.0,2929.094781550284,3000,2024-01-04
2024-01-05,15:00,SELL,1000,13.3,13293.35,11.779608500000002,0.0,0.0,16210.665173050284,2000,2024-01-05
2024-01-08,09:25,BUY,1000,13.24,13246.619999999999,5.1324662,0.0,0.0,2958.912706850284,3000,2024-01-05
2024-01-08,15:00,SELL,1000,13.08,13073.460000000001,11.6674646,0.0,0.0,16020.705242250286,2000,2024-01-08
2024-01-09,09:25,BUY,1000,13.33,13336.664999999999,5.13336665,0.0,0.0,2678.906875600287,3000,2024-01-08
2024-01-09,15:00,SELL,1000,13.19,13183.405,11.72353655,0.0,0.0,15850.588339050288,2000,2024-01-09
2024-01-10,09:25,BUY,1000,13.08,13086.539999999999,5.1308654,0.0,0.0,2758.9174736502882,3000,2024-01-09
2024-01-10,15:00,SELL,1000,12.91,12903.545,11.58080795,0.0,0.0,15650.881665700288,2000,2024-01-10
2024-01-11,09:25,BUY,1000,12.96,12966.48,5.1296648,0.0,0.0,2679.272000900288,3000,2024-01-10
2024-01-11,15:00,SELL,1000,13.15,13143.425000000001,11.703146750000002,0.0,0.0,15810.993854150289,2000,2024-01-11
2024-01-12,09:25,BUY,1000,13.0,13006.5,5.130065,0.0,0.0,2799.3637891502894,3000,2024-01-11
2024-01-12,15:00,SELL,1000,12.86,12853.570000000002,11.555320700000001,0.0,0.0,15641.378468450292,2000,2024-01-12
2024-01-15,09:25,BUY,1000,12.8,12806.4,5.128064,0.0,0.0,2829.8504044502915,3000,2024-01-12
2024-01-15,15:00,SELL,1000,12.72,12713.640000000001,11.4839564,0.0,0.0,15532.006448050293,2000,2024-01-15
2024-01-16,09:25,BUY,1000,12.64,12646.32,5.1264632,0.0,0.0,2880.5599848502934,3000,2024-01-15
2024-01-16,15:00,SELL,1000,12.91,12903.545,11.58080795,0.0,0.0,15772.524176900293,2000,2024-01-16
2024-01-17,09:25,BUY,1000,12.87,12876.435,5.12876435,0.0,0.0,2890.9604125502938,3000,2024-01-16
2024-01-17,15:00,SELL,1000,12.68,12673.66,11.4635666,0.0,0.0,15553.156845950294,2000,2024-01-17
2024-01-18,09:25,BUY,1000,12.68,12686.34,5.1268634,0.0,0.0,2861.6899825502933,3000,2024-01-17
2024-01-18,15:00,SELL,1000,13.71,13703.145,11.988603950000002,0.0,0.0,16552.846378600294,2000,2024-01-18
2024-01-19,09:25,BUY,1000,13.84,13846.92,5.1384692,0.0,0.0,2700.7879094002947,3000,2024-01-18
2024-01-19,15:00,SELL,1000,14.2,14192.900000000001,12.238379000000002,0.0,0.0,16881.449530400296,2000,2024-01-19
2024-01-22,09:25,BUY,1000,14.71,14717.355,5.14717355,0.0,0.0,2158.9473568502963,3000,2024-01-19
2024-01-22,15:00,SELL,1000,14.4,14392.800000000001,12.340328000000001,0.0,0.0,16539.4070288503,2000,2024-01-22
2024-01-23,09:25,BUY,1000,14.05,14057.025,5.14057025,0.0,0.0,2477.2414586002997,3000,2024-01-22
2024-01-23,15:00,SELL,1000,14.5,14492.75,12.3913025,0.0,0.0,16957.6001561003,2000,2024-01-23
2024-01-24,09:25,BUY,1000,14.62,14627.31,5.1462731,0.0,0.0,2325.143883000301,3000,2024-01-23
2024-01-24,15:00,SELL,1000,14.5,14492.75,12.3913025,0.0,0.0,16805.502580500302,2000,2024-01-24
2024-01-25,09:25,BUY,1000,14.45,14457.224999999999,5.14457225,0.0,0.0,2343.1330082503046,3000,2024-01-24
2024-01-25,15:00,SELL,1000,15.08,15072.460000000001,12.6869546,0.0,0.0,17402.906053650306,2000,2024-01-25
2024-01-26,09:25,BUY,1000,14.83,14837.414999999999,5.14837415,0.0,0.0,2560.342679500307,3000,2024-01-25
2024-01-26,15:00,SELL,1000,14.41,14402.795,12.34542545,0.0,0.0,16950.792254050306,2000,2024-01-26
2024-01-29,09:25,BUY,1000,14.22,14227.109999999999,5.1422711,0.0,0.0,2718.5399829503076,3000,2024-01-26
2024-01-29,15:00,SELL,1000,13.59,13583.205,11.927434550000001,0.0,0.0,16289.817548400308,2000,2024-01-29
2024-01-30,09:25,BUY,1000,13.55,13556.775,5.13556775,0.0,0.0,2727.9069806503085,3000,2024-01-29
2024-01-30,15:00,SELL,1000,13.5,13493.25,11.8815575,0.0,0.0,16209.275423150308,2000,2024-01-30
2024-01-31,09:25,BUY,1000,13.3,13306.65,5.1330665,0.0,0.0,2897.4923566503076,3000,2024-01-30
2024-01-31,15:00,SELL,1000,13.31,13303.345000000001,11.784705950000001,0.0,0.0,16189.052650700309,2000,2024-01-31
2024-02-01,09:25,BUY,1000,13.13,13136.564999999999,5.13136565,0.0,0.0,3047.3562850503095,3000,2024-01-31
2024-02-01,15:00,SELL,1000,14.56,14552.720000000001,12.4218872,0.0,0.0,17587.65439785031,2000,2024-02-01
2024-02-02,09:25,BUY,1000,14.54,14547.269999999999,5.1454727,0.0,0.0,3035.238925150312,3000,2024-02-01
2024-02-02,15:00,SELL,1000,13.92,13913.04,12.0956504,0.0,0.0,16936.183274750314,2000,2024-02-02
2024-02-05,09:25,BUY,1000,13.88,13886.939999999999,5.1388694,0.0,0.0,3044.1044053503156,3000,2024-02-02
2024-02-05,15:00,SELL,1000,14.77,14762.615000000002,12.528933650000003,0.0,0.0,17794.190471700316,2000,2024-02-05
2024-02-06,09:25,BUY,1000,14.3,14307.15,5.1430715,0.0,0.0,3481.897400200316,3000,2024-02-05
2024-02-06,15:00,SELL,1000,15.53,15522.235,12.91633985,0.0,0.0,18991.216060350314,2000,2024-02-06
2024-02-07,09:25,BUY,1000,15.27,15277.634999999998,5.15277635,0.0,0.0,3708.428284000316,3000,2024-02-06
2024-02-07,15:00,SELL,1000,15.3,15292.35,12.7990985,0.0,0.0,18987.979185500317,2000,2024-02-07
2024-02-08,09:25,BUY,1000,15.5,15507.75,5.1550775,0.0,0.0,3475.074108000317,3000,2024-02-07
2024-02-08,15:00,SELL,1000,15.7,15692.150000000001,13.002996500000002,0.0,0.0,19154.22111150032,2000,2024-02-08
2024-02-19,09:25,BUY,1000,16.7,16708.35,5.1670835,0.0,0.0,2440.7040280003202,3000,2024-02-08
2024-02-19,15:00,SELL,1000,17.27,17261.365,13.803296150000001,0.0,0.0,19688.265731850322,2000,2024-02-19
2024-02-20,09:25,BUY,1000,17.9,17908.95,5.1790895,0.0,0.0,1774.1366423503205,3000,2024-02-19
2024-02-20,15:00,SELL,1000,18.49,18480.755,14.425185050000001,0.0,0.0,20240.46645730032,2000,2024-02-20
2024-02-21,09:25,BUY,1000,17.73,17738.864999999998,5.17738865,0.0,0.0,2496.4240686503217,3000,2024-02-20
2024-02-21,15:00,SELL,1000,17.55,17541.225000000002,13.946024750000001,0.0,0.0,20023.703043900325,2000,2024-02-21
2024-02-22,09:25,BUY,1000,18.25,18259.125,5.18259125,0.0,0.0,1759.3954526503258,3000,2024-02-21
2024-02-22,15:00,SELL,1000,18.19,18180.905000000002,14.272261550000001,0.0,0.0,19926.02819110033,2000,2024-02-22
2024-02-23,09:25,BUY,1000,18.82,18829.41,5.1882941,0.0,0.0,1091.4298970003292,3000,2024-02-22
2024-02-23,15:00,SELL,1000,18.17,18160.915,14.262066650000001,0.0,0.0,19238.08283035033,2000,2024-02-23
2024-02-26,09:25,BUY,1000,17.6,17608.8,5.176088,0.0,0.0,1624.10674235033,3000,2024-02-23
2024-02-26,15:00,SELL,1000,17.67,17661.165,14.007194150000002,0.0,0.0,19271.26454820033,2000,2024-02-26
2024-02-27,09:25,BUY,1000,17.59,17598.795,5.17598795,0.0,0.0,1667.2935602503348,3000,2024-02-26
2024-02-27,15:00,SELL,1000,19.33,19320.335000000003,14.853370850000003,0.0,0.0,20972.775189400338,2000,2024-02-27
2024-02-28,09:25,BUY,1000,19.05,19059.524999999998,5.19059525,0.0,0.0,1908.0595941503416,3000,2024-02-27
2024-02-28,15:00,SELL,1000,18.2,18190.9,14.277359,0.0,0.0,20084.682235150343,2000,2024-02-28
2024-02-29,09:25,BUY,1000,18.16,18169.079999999998,5.1816908,0.0,0.0,1910.4205443503452,3000,2024-02-28
2024-02-29,15:00,SELL,1000,18.69,18680.655000000002,14.527134050000003,0.0,0.0,20576.548410300347,2000,2024-02-29
2024-03-01,09:25,BUY,1000,19.05,19059.524999999998,5.19059525,0.0,0.0,1511.8328150503512,3000,2024-02-29
2024-03-01,15:00,SELL,1000,20.02,20009.99,15.205094900000002,0.0,0.0,21506.617720150352,2000,2024-03-01
2024-03-04,09:25,BUY,1000,20.8,20810.399999999998,5.208104,0.0,0.0,691.0096161503534,3000,2024-03-01
2024-03-04,15:00,SELL,1000,22.02,22008.99,16.224584900000004,0.0,0.0,22683.775031250356,2000,2024-03-04
2024-03-05,09:25,BUY,1000,21.7,21710.85,5.2171085,0.0,0.0,967.7079227503564,3000,2024-03-04
2024-03-05,15:00,SELL,1000,22.75,22738.625,16.59669875,0.0,0.0,23689.736224000357,2000,2024-03-05
2024-03-06,09:25,BUY,1000,22.07,22081.035,5.22081035,0.0,0.0,1603.4804136503553,3000,2024-03-05
2024-03-06,15:00,SELL,1000,22.01,21998.995000000003,16.219487450000003,0.0,0.0,23586.25592620036,2000,2024-03-06
2024-03-07,09:25,BUY,1000,22.47,22481.234999999997,5.22481235,0.0,0.0,1099.7961138503633,3000,2024-03-06
2024-03-07,15:00,SELL,1000,22.61,22598.695,16.525334450000003,0.0,0.0,23681.96577940036,2000,2024-03-07
2024-03-08,09:25,BUY,1000,23.1,23111.55,5.2311155,0.0,0.0,565.1846639003634,3000,2024-03-07
2024-03-08,15:00,SELL,1000,24.87,24857.565000000002,17.677358150000003,0.0,0.0,25405.072305750367,2000,2024-03-08
2024-03-11,09:25,BUY,1000,23.68,23691.84,5.2369184,0.0,0.0,1707.9953873503655,3000,2024-03-08
2024-03-11,15:00,SELL,1000,25.82,25807.09,18.1616159,0.0,0.0,27496.923771450365,2000,2024-03-11
2024-03-12,09:25,BUY,1000,25.26,25272.629999999997,5.2527263,0.0,0.0,2219.0410451503667,3000,2024-03-11
2024-03-12,15:00,SELL,1000,24.8,24787.600000000002,17.641676000000004,0.0,0.0,26988.99936915037,2000,2024-03-12
2024-03-13,09:25,BUY,1000,25.54,25552.769999999997,5.2555277,0.0,0.0,1430.9738414503736,3000,2024-03-12
2024-03-13,15:00,SELL,1000,24.35,24337.825,17.412290750000004,0.0,0.0,25751.386550700376,2000,2024-03-13
2024-03-14,09:25,BUY,1000,22.77,22781.385,5.22781385,0.0,0.0,2964.7737368503767,3000,2024-03-13
2024-03-14,15:00,SELL,1000,22.85,22838.575,16.64767325,0.0,0.0,25786.701063600376,2000,2024-03-14
2024-03-15,09:25,BUY,1000,22.49,22501.245,5.22501245,0.0,0.0,3280.2310511503783,3000,2024-03-14
2024-03-15,15:00,SELL,1000,23.08,23068.460000000003,16.764914600000004,0.0,0.0,26331.92613655038,2000,2024-03-15
2024-03-18,09:25,BUY,1000,23.45,23461.725,5.23461725,0.0,0.0,2864.966519300382,3000,2024-03-15
2024-03-18,15:00,SELL,1000,25.01,24997.495000000003,17.748722450000002,0.0,0.0,27844.712796850385,2000,2024-03-18
2024-03-19,09:25,BUY,1000,24.4,24412.199999999997,5.244122,0.0,0.0,3427.2686748503875,3000,2024-03-18
2024-03-19,15:00,SELL,1000,25.51,25497.245000000003,18.00359495,0.0,0.0,28906.51007990039,2000,2024-03-19
2024-03-20,09:25,BUY,1000,25.3,25312.649999999998,5.2531265,0.0,0.0,3588.606953400391,3000,2024-03-19
2024-03-20,15:00,SELL,1000,25.08,25067.460000000003,17.784404600000002,0.0,0.0,28638.282548800395,2000,2024-03-20
2024-03-21,09:25,BUY,1000,25.08,25092.539999999997,5.2509254,0.0,0.0,3540.4916234003977,3000,2024-03-20
2024-03-21,15:00,SELL,1000,24.99,24977.505,17.73852755,0.0,0.0,28500.2580958504,2000,2024-03-21
2024-03-22,09:25,BUY,1000,24.82,24832.41,5.2483241,0.0,0.0,3662.5997717503997,3000,2024-03-21
2024-03-22,15:00,SELL,1000,24.43,24417.785,17.45307035,0.0,0.0,28062.9317014004,2000,2024-03-22
2024-03-25,09:25,BUY,1000,24.85,24862.425,5.24862425,0.0,0.0,3195.2580771504,3000,2024-03-22
2024-03-25,15:00,SELL,1000,23.91,23898.045000000002,17.18800295,0.0,0.0,27076.115074200403,2000,2024-03-25
2024-03-26,09:25,BUY,1000,24.0,24012.0,5.24012,0.0,0.0,3058.8749542004043,3000,2024-03-25
2024-03-26,15:00,SELL,1000,23.73,23718.135000000002,17.096248850000002,0.0,0.0,26759.913705350406,2000,2024-03-26
2024-03-27,09:25,BUY,1000,23.37,23381.684999999998,5.23381685,0.0,0.0,3372.9948885004087,3000,2024-03-26
2024-03-27,15:00,SELL,1000,22.41,22398.795000000002,16.42338545,0.0,0.0,25755.36650305041,2000,2024-03-27
2024-03-28,09:25,BUY,1000,22.42,22431.21,5.2243121,0.0,0.0,3318.9321909504106,3000,2024-03-27
2024-03-28,15:00,SELL,1000,23.45,23438.275,16.953520250000004,0.0,0.0,26740.25367070041,2000,2024-03-28
2024-03-29,09:25,BUY,1000,23.14,23151.57,5.2315157,0.0,0.0,3583.45215500041,3000,2024-03-28
2024-03-29,15:00,SELL,1000,22.77,22758.615,16.606893650000004,0.0,0.0,26325.46026135041,2000,2024-03-29
2024-04-01,09:25,BUY,1000,22.9,22911.449999999997,5.2291145,0.0,0.0,3408.7811468504115,3000,2024-03-29
2024-04-01,15:00,SELL,1000,23.31,23298.345,16.88215595,0.0,0.0,26690.243990900413,2000,2024-04-01
2024-04-02,09:25,BUY,1000,23.24,23251.62,5.2325162,0.0,0.0,3433.391474700413,3000,2024-04-01
2024-04-02,15:00,SELL,1000,22.9,22888.550000000003,16.6731605,0.0,0.0,26305.268314200417,2000,2024-04-02
2024-04-03,09:25,BUY,1000,22.7,22711.35,5.2271135,0.0,0.0,3588.6912007004175,3000,2024-04-02
2024-04-03,15:00,SELL,1000,21.92,21909.04,16.1736104,0.0,0.0,25481.557590300417,2000,2024-04-03
2024-04-08,09:25,BUY,1000,21.7,21710.85,5.2171085,0.0,0.0,3765.490481800418,3000,2024-04-03
2024-04-08,15:00,SELL,1000,22.0,21989.0,16.21439,0.0,0.0,25738.276091800417,2000,2024-04-08
2024-04-09,09:25,BUY,1000,22.15,22161.074999999997,5.22161075,0.0,0.0,3571.979481050421,3000,2024-04-08
2024-04-09,15:00,SELL,1000,21.89,21879.055,16.15831805,0.0,0.0,25434.876163000423,2000,2024-04-09
2024-04-10,09:25,BUY,1000,21.69,21700.844999999998,5.21700845,0.0,0.0,3728.814154550426,3000,2024-04-09
2024-04-10,15:00,SELL,1000,21.1,21089.45,15.755619500000002,0.0,0.0,24802.508535050427,2000,2024-04-10
2024-04-11,09:25,BUY,1000,21.23,21240.614999999998,5.21240615,0.0,0.0,3556.681128900429,3000,2024-04-10
2024-04-11,15:00,SELL,1000,21.25,21239.375,15.832081250000002,0.0,0.0,24780.22404765043,2000,2024-04-11
2024-04-12,09:25,BUY,1000,21.8,21810.899999999998,5.218109,0.0,0.0,2964.105938650431,3000,2024-04-11
2024-04-12,15:00,SELL,1000,22.26,22248.870000000003,16.3469237,0.0,0.0,25196.629014950435,2000,2024-04-12
2024-04-15,09:25,BUY,1000,21.88,21890.94,5.2189094,0.0,0.0,3300.4701055504374,3000,2024-04-12
2024-04-15,15:00,SELL,1000,22.24,22228.88,16.336728800000003,0.0,0.0,25513.013376750438,2000,2024-04-15
2024-04-16,09:25,BUY,1000,21.53,21540.765,5.21540765,0.0,0.0,3967.032969100437,3000,2024-04-15
2024-04-16,15:00,SELL,1000,21.81,21799.095,16.11753845,0.0,0.0,25750.01043065044,2000,2024-04-16
2024-04-17,09:25,BUY,1000,22.5,22511.25,5.2251125,0.0,0.0,3233.5353181504397,3000,2024-04-16
2024-04-17,15:00,SELL,1000,22.5,22488.75,16.4692625,0.0,0.0,25705.81605565044,2000,2024-04-17
2024-04-18,09:25,BUY,1000,21.86,21870.93,5.2187093,0.0,0.0,3829.667346350441,3000,2024-04-17
2024-04-18,15:00,SELL,1000,22.9,22888.550000000003,16.6731605,0.0,0.0,26701.544185850446,2000,2024-04-18
2024-04-19,09:25,BUY,1000,22.41,22421.204999999998,5.22421205,0.0,0.0,4275.114973800446,3000,2024-04-18
2024-04-19,15:00,SELL,1000,22.05,22038.975000000002,16.23987725,0.0,0.0,26297.85009655045,2000,2024-04-19
2024-04-22,09:25,BUY,1000,20.38,20390.19,5.2039019,0.0,0.0,5902.456194650451,3000,2024-04-19
2024-04-22,15:00,SELL,1000,20.84,20829.58,15.623085800000002,0.0,0.0,26716.41310885045,2000,2024-04-22
2024-04-23,09:25,BUY,1000,21.05,21060.524999999998,5.21060525,0.0,0.0,5650.677503600455,3000,2024-04-22
2024-04-23,15:00,SELL,1000,20.59,20579.705,15.495649550000001,0.0,0.0,26214.886854050455,2000,2024-04-23
2024-04-24,09:25,BUY,1000,21.02,21030.51,5.2103051,0.0,0.0,5179.166548950456,3000,2024-04-23
2024-04-24,15:00,SELL,1000,22.24,22228.88,16.336728800000003,0.0,0.0,27391.709820150456,2000,2024-04-24
2024-04-25,09:25,BUY,1000,21.66,21670.829999999998,5.2167083,0.0,0.0,5715.663111850459,3000,2024-04-24
2024-04-25,15:00,SELL,1000,22.19,22178.905000000002,16.311241550000002,0.0,0.0,27878.25687030046,2000,2024-04-25
2024-04-26,09:25,BUY,1000,23.22,23231.609999999997,5.2323161,0.0,0.0,4641.414554200466,3000,2024-04-25
2024-04-26,15:00,SELL,1000,24.41,24397.795000000002,17.442875450000003,0.0,0.0,29021.766678750468,2000,2024-04-26
2024-04-29,09:25,BUY,1000,24.76,24772.379999999997,5.2477238,0.0,0.0,4244.138954950471,3000,2024-04-26
2024-04-29,15:00,SELL,1000,24.52,24507.74,17.498947400000002,0.0,0.0,28734.380007550473,2000,2024-04-29
2024-04-30,09:25,BUY,1000,25.3,25312.649999999998,5.2531265,0.0,0.0,3416.4768810504756,3000,2024-04-29
2024-04-30,15:00,SELL,1000,24.5,24487.75,17.4887525,0.0,0.0,27886.738128550474,2000,2024-04-30
2024-05-06,09:25,BUY,1000,25.0,25012.5,5.250125,0.0,0.0,2868.9880035504757,3000,2024-04-30
2024-05-06,15:00,SELL,1000,24.82,24807.59,17.6518709,0.0,0.0,27658.926132650475,2000,2024-05-06
2024-05-07,09:25,BUY,1000,25.2,25212.6,5.252126,0.0,0.0,2441.074006650477,3000,2024-05-06
2024-05-07,15:00,SELL,1000,25.38,25367.31,17.937328100000002,0.0,0.0,27790.446678550477,2000,2024-05-07
2024-05-08,09:25,BUY,1000,24.74,24752.37,5.2475237,0.0,0.0,3032.8291548504785,3000,2024-05-07
2024-05-08,15:00,SELL,1000,24.46,24447.77,17.4683627,0.0,0.0,27463.130792150478,2000,2024-05-08
2024-05-09,09:25,BUY,1000,24.3,24312.149999999998,5.2431215,0.0,0.0,3145.73767065048,3000,2024-05-08
2024-05-09,15:00,SELL,1000,24.22,24207.890000000003,17.346023900000002,0.0,0.0,27336.28164675048,2000,2024-05-09
2024-05-10,09:25,BUY,1000,24.0,24012.0,5.24012,0.0,0.0,3319.041526750483,3000,2024-05-09
2024-05-10,15:00,SELL,1000,23.92,23908.04,17.1931004,0.0,0.0,27209.888426350484,2000,2024-05-10
2024-05-13,09:25,BUY,1000,23.93,23941.965,5.23941965,0.0,0.0,3262.684006700485,3000,2024-05-10
2024-05-13,15:00,SELL,1000,24.0,23988.0,17.23388,0.0,0.0,27233.450126700485,2000,2024-05-13
2024-05-14,09:25,BUY,1000,24.4,24412.199999999997,5.244122,0.0,0.0,2816.006004700488,3000,2024-05-13
2024-05-14,15:00,SELL,1000,23.8,23788.100000000002,17.131931,0.0,0.0,26586.97407370049,2000,2024-05-14
2024-05-15,09:25,BUY,1000,23.88,23891.94,5.2389194,0.0,0.0,2689.795154300493,3000,2024-05-14
2024-05-15,15:00,SELL,1000,24.3,24287.850000000002,17.386803500000003,0.0,0.0,26960.258350800494,2000,2024-05-15
2024-05-16,09:25,BUY,1000,25.73,25742.864999999998,5.25742865,0.0,0.0,1212.1359221504972,3000,2024-05-15
2024-05-16,15:00,SELL,1000,25.58,25567.210000000003,18.039277100000003,0.0,0.0,26761.3066450505,2000,2024-05-16
2024-05-17,09:25,BUY,1000,25.2,25212.6,5.252126,0.0,0.0,1543.4545190505014,3000,2024-05-16
2024-05-17,15:00,SELL,1000,25.7,25687.15,18.100446500000004,0.0,0.0,27212.504072550502,2000,2024-05-17
2024-05-20,09:25,BUY,1000,25.3,25312.649999999998,5.2531265,0.0,0.0,1894.6009460505047,3000,2024-05-17
2024-05-20,15:00,SELL,1000,26.22,26206.890000000003,18.365513900000003,0.0,0.0,28083.125432150508,2000,2024-05-20
2024-05-21,09:25,BUY,1000,25.94,25952.969999999998,5.2595297,0.0,0.0,2124.8959024505093,3000,2024-05-20
2024-05-21,15:00,SELL,1000,25.72,25707.140000000003,18.110641400000002,0.0,0.0,27813.925261050514,2000,2024-05-21
2024-05-22,09:25,BUY,1000,25.69,25702.844999999998,5.25702845,0.0,0.0,2105.8232326005163,3000,2024-05-21
2024-05-22,15:00,SELL,1000,25.43,25417.285,17.96281535,0.0,0.0,27505.145417250515,2000,2024-05-22
2024-05-23,09:25,BUY,1000,26.0,26013.0,5.26013,0.0,0.0,1486.8852872505158,3000,2024-05-22
2024-05-23,15:00,SELL,1000,25.62,25607.190000000002,18.059666900000003,0.0,0.0,27076.015620350518,2000,2024-05-23
2024-05-24,09:25,BUY,1000,25.2,25212.6,5.252126,0.0,0.0,1858.1634943505196,3000,2024-05-23
2024-05-24,15:00,SELL,1000,24.15,24137.925000000003,17.310341750000003,0.0,0.0,25978.778152600524,2000,2024-05-24
2024-05-27,09:25,BUY,1000,24.6,24612.3,5.246123,0.0,0.0,1361.2320296005237,3000,2024-05-24
2024-05-27,15:00,SELL,1000,24.86,24847.57,17.672260700000002,0.0,0.0,26191.129768900522,2000,2024-05-27
2024-05-28,09:25,BUY,1000,24.65,24662.324999999997,5.24662325,0.0,0.0,1523.5581456505242,3000,2024-05-27
2024-05-28,15:00,SELL,1000,24.12,24107.940000000002,17.295049400000003,0.0,0.0,25614.203096250527,2000,2024-05-28
2024-05-29,09:25,BUY,1000,24.75,24762.375,5.24762375,0.0,0.0,846.5804725005255,3000,2024-05-28
2024-05-29,15:00,SELL,1000,24.21,24197.895,17.34092645,0.0,0.0,25027.134546050525,2000,2024-05-29
2024-05-30,09:25,BUY,1000,24.0,24012.0,5.24012,0.0,0.0,1009.8944260505268,3000,2024-05-29
2024-05-30,15:00,SELL,1000,23.94,23928.030000000002,17.2032953,0.0,0.0,24920.721130750528,2000,2024-05-30
2024-05-31,09:25,BUY,1000,23.67,23681.835,5.23681835,0.0,0.0,1233.6493124005283,3000,2024-05-30
2024-05-31,15:00,SELL,1000,22.91,22898.545000000002,16.678257950000003,0.0,0.0,24115.51605445053,2000,2024-05-31
2024-06-03,09:25,BUY,1000,22.91,22921.454999999998,5.22921455,0.0,0.0,1188.831839900533,3000,2024-05-31
2024-06-03,15:00,SELL,1000,23.87,23858.065000000002,17.16761315,0.0,0.0,25029.729226750536,2000,2024-06-03
2024-06-04,09:25,BUY,1000,23.87,23881.934999999998,5.23881935,0.0,0.0,1142.5554074005377,3000,2024-06-03
2024-06-04,15:00,SELL,1000,23.79,23778.105,17.12683355,0.0,0.0,24903.53357385054,2000,2024-06-04
2024-06-05,09:25,BUY,1000,23.67,23681.835,5.23681835,0.0,0.0,1216.4617555005389,3000,2024-06-04
2024-06-05,15:00,SELL,1000,23.7,23688.15,17.0809565,0.0,0.0,24887.53079900054,2000,2024-06-05
2024-06-06,09:25,BUY,1000,24.88,24892.44,5.2489244,0.0,10.158125399459095,0.0,3000,2024-06-05
2024-06-06,15:00,SELL,1000,26.07,26056.965,18.289052150000003,0.0,0.0,26038.67594785,2000,2024-06-06
2024-06-07,09:25,BUY,1000,25.85,25862.925,5.25862925,0.0,0.0,170.49231860000145,3000,2024-06-06
2024-06-07,15:00,SELL,1000,24.53,24517.735,17.50404485,0.0,0.0,24670.72327375,2000,2024-06-07
2024-06-11,09:25,BUY,1000,24.5,24512.25,5.2451225,0.0,0.0,153.22815125000125,3000,2024-06-07
2024-06-11,15:00,SELL,1000,24.21,24197.895,17.34092645,0.0,0.0,24333.7822248,2000,2024-06-11
2024-06-12,09:25,BUY,1000,24.55,24562.274999999998,5.24562275,0.0,233.7383979499973,0.0,3000,2024-06-11
2024-06-12,15:00,SELL,1000,24.37,24357.815000000002,17.422485650000002,0.0,0.0,24340.392514350002,2000,2024-06-12
2024-06-13,09:25,BUY,1000,24.8,24812.399999999998,5.248124,0.0,477.2556096499975,0.0,3000,2024-06-12
2024-06-13,15:00,SELL,1000,25.9,25887.050000000003,18.2023955,0.0,0.0,25868.847604500002,2000,2024-06-13
2024-06-14,09:25,BUY,1000,26.05,26063.024999999998,5.26063025,0.0,199.43802574999427,0.0,3000,2024-06-13
2024-06-14,15:00,SELL,1000,27.23,27216.385000000002,18.88035635,0.0,0.0,27197.50464365,2000,2024-06-14
2024-06-17,09:25,BUY,1000,27.07,27083.535,5.2708353500000005,0.0,0.0,108.6988083000033,3000,2024-06-14
2024-06-17,15:00,SELL,1000,27.51,27496.245000000003,19.023084950000005,0.0,0.0,27585.920723350006,2000,2024-06-17
2024-06-18,09:25,BUY,1000,27.53,27543.765,5.27543765,0.0,0.0,36.880285700004606,3000,2024-06-17
2024-06-18,15:00,SELL,1000,28.62,28605.690000000002,19.588901900000003,0.0,0.0,28622.98138380001,2000,2024-06-18
2024-06-19,09:25,BUY,1000,29.19,29204.594999999998,5.29204595,0.0,586.9056621499876,0.0,3000,2024-06-18
2024-06-19,15:00,SELL,1000,28.47,28455.765000000003,19.512440150000003,0.0,0.0,28436.252559850003,2000,2024-06-19
2024-06-20,09:25,BUY,1000,28.47,28484.234999999997,5.28484235,0.0,53.2672824999936,0.0,3000,2024-06-19
2024-06-20,15:00,SELL,1000,28.61,28595.695000000003,19.583804450000002,0.0,0.0,28576.111195550002,2000,2024-06-20
2024-06-21,09:25,BUY,1000,27.5,27513.75,5.2751375,0.0,0.0,1057.0860580500012,3000,2024-06-20
2024-06-21,15:00,SELL,1000,28.47,28455.765000000003,19.512440150000003,0.0,0.0,29493.338617900004,2000,2024-06-21
2024-06-24,09:25,BUY,1000,27.8,27813.899999999998,5.278139,0.0,0.0,1674.1604789000085,3000,2024-06-21
2024-06-24,15:00,SELL,1000,27.55,27536.225000000002,19.04347475,0.0,0.0,29191.34200415001,2000,2024-06-24
2024-06-25,09:25,BUY,1000,26.76,26773.379999999997,5.2677338,0.0,0.0,2412.6942703500135,3000,2024-06-24
2024-06-25,15:00,SELL,1000,26.44,26426.780000000002,18.477657800000003,0.0,0.0,28820.996612550018,2000,2024-06-25
2024-06-26,09:25,BUY,1000,27.12,27133.559999999998,5.2713356000000005,0.0,0.0,1682.1652769500215,3000,2024-06-25
2024-06-26,15:00,SELL,1000,27.17,27156.415,18.84977165,0.0,0.0,28819.730505300024,2000,2024-06-26
2024-06-27,09:25,BUY,1000,26.67,26683.335,5.26683335,0.0,0.0,2131.128671950024,3000,2024-06-26
2024-06-27,15:00,SELL,1000,26.81,26796.595,18.666263450000002,0.0,0.0,28909.057408500026,2000,2024-06-27
2024-06-28,09:25,BUY,1000,26.7,26713.35,5.2671335,0.0,0.0,2190.4402750000263,3000,2024-06-27
2024-06-28,15:00,SELL,1000,27.4,27386.300000000003,18.967013,0.0,0.0,29557.773262000028,2000,2024-06-28
2024-07-01,09:25,BUY,1000,27.41,27423.704999999998,5.27423705,0.0,0.0,2128.7940249500316,3000,2024-06-28
2024-07-01,15:00,SELL,1000,28.0,27986.0,19.27286,0.0,0.0,30095.52116495003,2000,2024-07-01
2024-07-02,09:25,BUY,1000,27.75,27763.875,5.27763875,0.0,0.0,2326.368526200029,3000,2024-07-01
2024-07-02,15:00,SELL,1000,27.36,27346.32,18.9466232,0.0,0.0,29653.741903000027,2000,2024-07-02
2024-07-03,09:25,BUY,1000,27.15,27163.574999999997,5.27163575,0.0,0.0,2484.895267250031,3000,2024-07-02
2024-07-03,15:00,SELL,1000,27.38,27366.31,18.9568181,0.0,0.0,29832.248449150033,2000,2024-07-03
2024-07-04,09:25,BUY,1000,27.75,27763.875,5.27763875,0.0,0.0,2063.095810400031,3000,2024-07-03
2024-07-04,15:00,SELL,1000,27.27,27256.365,18.900746150000003,0.0,0.0,29300.560064250032,2000,2024-07-04
2024-07-05,09:25,BUY,1000,27.0,27013.5,5.270135,0.0,0.0,2281.7899292500333,3000,2024-07-04
2024-07-05,15:00,SELL,1000,27.08,27066.460000000003,18.803894600000003,0.0,0.0,29329.446034650035,2000,2024-07-05
2024-07-08,09:25,BUY,1000,26.87,26883.434999999998,5.26883435,0.0,0.0,2440.7422003000356,3000,2024-07-05
2024-07-08,15:00,SELL,1000,26.96,26946.52,18.742725200000002,0.0,0.0,29368.519475100034,2000,2024-07-08
2024-07-09,09:25,BUY,1000,27.1,27113.55,5.2711355,0.0,0.0,2249.698339600036,3000,2024-07-08
2024-07-09,15:00,SELL,1000,29.0,28985.5,19.782605,0.0,0.0,31215.415734600036,2000,2024-07-09
2024-07-10,09:25,BUY,1000,29.0,29014.5,5.290145,0.0,0.0,2195.6255896000366,3000,2024-07-09
2024-07-10,15:00,SELL,1000,28.95,28935.525,19.757117750000003,0.0,0.0,31111.39347185004,2000,2024-07-10
2024-07-11,09:25,BUY,1000,29.45,29464.725,5.29464725,0.0,0.0,1641.3738246000394,3000,2024-07-10
2024-07-11,15:00,SELL,1000,28.76,28745.620000000003,19.660266200000002,0.0,0.0,30367.33355840004,2000,2024-07-11
2024-07-12,09:25,BUY,1000,27.65,27663.824999999997,5.2766382499999995,0.0,0.0,2698.231920150043,3000,2024-07-11
2024-07-12,15:00,SELL,1000,27.26,27246.370000000003,18.895648700000002,0.0,0.0,29925.706271450046,2000,2024-07-12
2024-07-15,09:25,BUY,1000,27.15,27163.574999999997,5.27163575,0.0,0.0,2756.8596357000497,3000,2024-07-12
2024-07-15,15:00,SELL,1000,26.96,26946.52,18.742725200000002,0.0,0.0,29684.63691050005,2000,2024-07-15
2024-07-16,09:25,BUY,1000,26.96,26973.48,5.2697348,0.0,0.0,2705.887175700049,3000,2024-07-15
2024-07-16,15:00,SELL,1000,27.46,27446.27,18.9975977,0.0,0.0,30133.15957800005,2000,2024-07-16
2024-07-17,09:25,BUY,1000,27.06,27073.53,5.2707353,0.0,0.0,3054.3588427000504,3000,2024-07-16
2024-07-17,15:00,SELL,1000,25.95,25937.025,18.22788275,0.0,0.0,28973.15595995005,2000,2024-07-17
2024-07-18,09:25,BUY,1000,24.82,24832.41,5.2483241,0.0,0.0,4135.49763585005,3000,2024-07-17
2024-07-18,15:00,SELL,1000,25.41,25397.295000000002,17.95262045,0.0,0.0,29514.840015400052,2000,2024-07-18
2024-07-19,09:25,BUY,1000,24.97,24982.484999999997,5.2498248499999995,0.0,0.0,4527.1051905500535,3000,2024-07-18
2024-07-19,15:00,SELL,1000,24.66,24647.670000000002,17.5703117,0.0,0.0,29157.204878850054,2000,2024-07-19
2024-07-22,09:25,BUY,1000,24.49,24502.245,5.2450224500000004,0.0,0.0,4649.714856400056,3000,2024-07-19
2024-07-22,15:00,SELL,1000,24.91,24897.545000000002,17.69774795,0.0,0.0,29529.56210845006,2000,2024-07-22
2024-07-23,09:25,BUY,1000,25.35,25362.675,5.2536267500000005,0.0,0.0,4161.633481700061,3000,2024-07-22
2024-07-23,15:00,SELL,1000,24.54,24527.73,17.5091423,0.0,0.0,28671.85433940006,2000,2024-07-23
2024-07-24,09:25,BUY,1000,24.4,24412.199999999997,5.244122,0.0,0.0,4254.410217400062,3000,2024-07-23
2024-07-24,15:00,SELL,1000,24.3,24287.850000000002,17.386803500000003,0.0,0.0,28524.873413900063,2000,2024-07-24
2024-07-25,09:25,BUY,1000,23.5,23511.75,5.2351175,0.0,0.0,5007.888296400062,3000,2024-07-24
2024-07-25,15:00,SELL,1000,23.2,23188.4,16.826084,0.0,0.0,28179.462212400063,2000,2024-07-25
2024-07-26,09:25,BUY,1000,23.2,23211.6,5.232116,0.0,0.0,4962.630096400066,3000,2024-07-25
2024-07-26,15:00,SELL,1000,23.5,23488.25,16.9790075,0.0,0.0,28433.901088900067,2000,2024-07-26
2024-07-29,09:25,BUY,1000,23.4,23411.699999999997,5.234117,0.0,0.0,5016.96697190007,3000,2024-07-26
2024-07-29,15:00,SELL,1000,23.8,23788.100000000002,17.131931,0.0,0.0,28787.935040900073,2000,2024-07-29
2024-07-30,09:25,BUY,1000,23.49,23501.745,5.23501745,0.0,0.0,5280.955023450075,3000,2024-07-29
2024-07-30,15:00,SELL,1000,22.85,22838.575,16.64767325,0.0,0.0,28102.882350200074,2000,2024-07-30
2024-07-31,09:25,BUY,1000,22.76,22771.379999999997,5.2277138,0.0,0.0,5326.274636400078,3000,2024-07-30
2024-07-31,15:00,SELL,1000,23.84,23828.08,17.152320800000002,0.0,0.0,29137.20231560008,2000,2024-07-31
2024-08-01,09:25,BUY,1000,24.6,24612.3,5.246123,0.0,0.0,4519.6561926000795,3000,2024-07-31
2024-08-01,15:00,SELL,1000,23.97,23958.015000000003,17.218587650000003,0.0,0.0,28460.452604950082,2000,2024-08-01
2024-08-02,09:25,BUY,1000,22.93,22941.465,5.22941465,0.0,0.0,5513.758190300083,3000,2024-08-01
2024-08-02,15:00,SELL,1000,22.33,22318.835000000003,16.382605850000004,0.0,0.0,27816.210584450084,2000,2024-08-02
2024-08-05,09:25,BUY,1000,21.1,21110.55,5.2111055,0.0,0.0,6700.449478950086,3000,2024-08-02
2024-08-05,15:00,SELL,1000,20.42,20409.79,15.408992900000001,0.0,0.0,27094.830486050087,2000,2024-08-05
2024-08-06,09:25,BUY,1000,21.03,21040.515,5.21040515,0.0,0.0,6049.105080900088,3000,2024-08-05
2024-08-06,15:00,SELL,1000,20.81,20799.595,15.60779345,0.0,0.0,26833.09228745009,2000,2024-08-06
2024-08-07,09:25,BUY,1000,20.6,20610.3,5.206103,0.0,0.0,6217.5861844500905,3000,2024-08-06
2024-08-07,15:00,SELL,1000,20.4,20389.800000000003,15.398798000000003,0.0,0.0,26591.987386450095,2000,2024-08-07
2024-08-08,09:25,BUY,1000,20.0,20010.0,5.2001,0.0,0.0,6576.787286450097,3000,2024-08-07
2024-08-08,15:00,SELL,1000,20.48,20469.760000000002,15.439577600000002,0.0,0.0,27031.1077088501,2000,2024-08-08
2024-08-09,09:25,BUY,1000,20.8,20810.399999999998,5.208104,0.0,0.0,6215.499604850102,3000,2024-08-08
2024-08-09,15:00,SELL,1000,20.79,20779.605,15.59759855,0.0,0.0,26979.5070063001,2000,2024-08-09
2024-08-12,09:25,BUY,1000,20.51,20520.254999999997,5.20520255,0.0,0.0,6454.046803750101,3000,2024-08-09
2024-08-12,15:00,SELL,1000,20.64,20629.68,15.5211368,0.0,0.0,27068.205666950103,2000,2024-08-12
2024-08-13,09:25,BUY,1000,20.85,20860.425,5.20860425,0.0,0.0,6202.572062700103,3000,2024-08-12
2024-08-13,15:00,SELL,1000,20.78,20769.61,15.592501100000002,0.0,0.0,26956.589561600103,2000,2024-08-13
2024-08-14,09:25,BUY,1000,21.2,21210.6,5.212106,0.0,0.0,5740.777455600106,3000,2024-08-13
2024-08-14,15:00,SELL,1000,21.38,21369.31,15.898348100000002,0.0,0.0,27094.189107500108,2000,2024-08-14
2024-08-15,09:25,BUY,1000,20.74,20750.37,5.2075037,0.0,0.0,6338.611603800109,3000,2024-08-14
2024-08-15,15:00,SELL,1000,20.66,20649.670000000002,15.5313317,116.0,0.0,28016.75027210011,2000,2024-08-15
2024-08-16,09:25,BUY,1000,21.01,21020.504999999997,5.21020505,0.0,0.0,6991.035067050114,3000,2024-08-15
2024-08-16,15:00,SELL,1000,21.06,21049.47,15.735229700000001,116.0,0.0,27908.769837350115,2000,2024-08-16
2024-08-19,09:25,BUY,1000,21.0,21010.5,5.210105,0.0,0.0,6893.059732350117,3000,2024-08-16
2024-08-19,15:00,SELL,1000,20.78,20769.61,15.592501100000002,0.0,0.0,27647.077231250118,2000,2024-08-19
2024-08-20,09:25,BUY,1000,21.11,21120.555,5.21120555,0.0,0.0,6521.311025700117,3000,2024-08-19
2024-08-20,15:00,SELL,1000,20.65,20639.675000000003,15.526234250000002,0.0,0.0,27145.45979145012,2000,2024-08-20
2024-08-21,09:25,BUY,1000,20.3,20310.149999999998,5.2031015,0.0,0.0,6830.106689950124,3000,2024-08-20
2024-08-21,15:00,SELL,1000,20.77,20759.615,15.587403650000002,0.0,0.0,27574.134286300126,2000,2024-08-21
2024-08-22,09:25,BUY,1000,20.78,20790.39,5.2079039,0.0,0.0,6778.536382400129,3000,2024-08-21
2024-08-22,15:00,SELL,1000,20.39,20379.805,15.39370055,0.0,0.0,27142.947681850128,2000,2024-08-22
2024-08-23,09:25,BUY,1000,20.2,20210.1,5.202101,0.0,0.0,6927.6455808501305,3000,2024-08-22
2024-08-23,15:00,SELL,1000,20.46,20449.77,15.429382700000001,0.0,0.0,27361.98619815013,2000,2024-08-23
2024-08-26,09:25,BUY,1000,20.6,20610.3,5.206103,0.0,0.0,6746.480095150131,3000,2024-08-23
2024-08-26,15:00,SELL,1000,20.12,20109.940000000002,15.256069400000001,0.0,0.0,26841.164025750135,2000,2024-08-26
2024-08-27,09:25,BUY,1000,20.0,20010.0,5.2001,0.0,0.0,6825.963925750137,3000,2024-08-26
2024-08-27,15:00,SELL,1000,19.75,19740.125,15.06746375,0.0,0.0,26551.021462000135,2000,2024-08-27
2024-08-28,09:25,BUY,1000,19.6,19609.8,5.196098,0.0,0.0,6936.025364000136,3000,2024-08-27
2024-08-28,15:00,SELL,1000,19.77,19760.115,15.077658650000002,0.0,0.0,26681.062705350138,2000,2024-08-28
2024-08-29,09:25,BUY,1000,19.0,19009.5,5.190095,0.0,0.0,7666.372610350136,3000,2024-08-28
2024-08-29,15:00,SELL,1000,19.22,19210.39,14.797298900000001,0.0,0.0,26861.965311450134,2000,2024-08-29
2024-08-30,09:25,BUY,1000,19.08,19089.539999999997,5.1908954,0.0,0.0,7767.234416050138,3000,2024-08-29
2024-08-30,15:00,SELL,1000,20.47,20459.765,15.43448015,0.0,0.0,28211.564935900136,2000,2024-08-30
2024-09-02,09:25,BUY,1000,20.37,20380.184999999998,5.20380185,0.0,0.0,7826.17613405014,3000,2024-08-30
2024-09-02,15:00,SELL,1000,19.45,19440.275,14.914540250000002,0.0,0.0,27251.53659380014,2000,2024-09-02
2024-09-03,09:25,BUY,1000,19.34,19349.67,5.1934967,0.0,0.0,7896.673097100142,3000,2024-09-02
2024-09-03,15:00,SELL,1000,19.44,19430.280000000002,14.909442800000003,0.0,0.0,27312.043654300145,2000,2024-09-03
2024-09-04,09:25,BUY,1000,18.5,18509.25,5.1850925,0.0,0.0,8797.608561800145,3000,2024-09-03
2024-09-04,15:00,SELL,1000,18.92,18910.54,14.644375400000001,0.0,0.0,27693.504186400147,2000,2024-09-04
2024-09-05,09:25,BUY,1000,18.86,18869.43,5.1886943,0.0,0.0,8818.885492100148,3000,2024-09-04
2024-09-05,15:00,SELL,1000,18.88,18870.56,14.623985600000001,0.0,0.0,27674.82150650015,2000,2024-09-05
2024-09-06,09:25,BUY,1000,18.87,18879.434999999998,5.18879435,0.0,0.0,8790.197712150151,3000,2024-09-05
2024-09-06,15:00,SELL,1000,18.36,18350.82,14.3589182,0.0,0.0,27126.65879395015,2000,2024-09-06
2024-09-09,09:25,BUY,1000,18.13,18139.065,5.18139065,0.0,0.0,8982.412403300154,3000,2024-09-06
2024-09-09,15:00,SELL,1000,18.6,18590.7,14.481257000000001,0.0,0.0,27558.631146300155,2000,2024-09-09
2024-09-10,09:25,BUY,1000,18.6,18609.3,5.186093,0.0,0.0,8944.145053300155,3000,2024-09-09
2024-09-10,15:00,SELL,1000,18.82,18810.59,14.5934009,0.0,0.0,27740.141652400154,2000,2024-09-10
2024-09-11,09:25,BUY,1000,18.72,18729.36,5.1872936,0.0,0.0,9005.594358800154,3000,2024-09-10
2024-09-11,15:00,SELL,1000,18.78,18770.61,14.5730111,0.0,0.0,27761.631347700153,2000,2024-09-11
2024-09-12,09:25,BUY,1000,19.39,19399.695,5.19399695,0.0,0.0,8356.742350750152,3000,2024-09-11
2024-09-12,15:00,SELL,1000,18.84,18830.58,14.6035958,0.0,0.0,27172.718754950154,2000,2024-09-12
2024-09-13,09:25,BUY,1000,18.86,18869.43,5.1886943,0.0,0.0,8298.100060650155,3000,2024-09-12
2024-09-13,15:00,SELL,1000,19.25,19240.375,14.81259125,0.0,0.0,27523.662469400155,2000,2024-09-13
2024-09-18,09:25,BUY,1000,19.0,19009.5,5.190095,0.0,0.0,8508.972374400153,3000,2024-09-13
2024-09-18,15:00,SELL,1000,18.75,18740.625,14.557718750000001,0.0,0.0,27235.039655650155,2000,2024-09-18
2024-09-19,09:25,BUY,1000,18.87,18879.434999999998,5.18879435,0.0,0.0,8350.415861300156,3000,2024-09-18
2024-09-19,15:00,SELL,1000,18.85,18840.575,14.608693250000002,0.0,0.0,27176.382168050157,2000,2024-09-19
2024-09-20,09:25,BUY,1000,19.0,19009.5,5.190095,0.0,0.0,8161.692073050155,3000,2024-09-19
2024-09-20,15:00,SELL,1000,18.86,18850.57,14.613790700000001,0.0,0.0,26997.648282350154,2000,2024-09-20
2024-09-23,09:25,BUY,1000,18.65,18659.325,5.18659325,0.0,0.0,8333.136689100153,3000,2024-09-20
2024-09-23,15:00,SELL,1000,18.71,18700.645,14.537328950000001,0.0,0.0,27019.244360150155,2000,2024-09-23
2024-09-24,09:25,BUY,1000,18.9,18909.45,5.1890945,0.0,0.0,8104.605265650152,3000,2024-09-23
2024-09-24,15:00,SELL,1000,20.58,20569.710000000003,15.490552100000002,0.0,0.0,28658.824713550155,2000,2024-09-24
2024-09-25,09:25,BUY,1000,21.32,21330.66,5.2133066,0.0,0.0,7322.9514069501565,3000,2024-09-24
2024-09-25,15:00,SELL,1000,21.07,21059.465,15.74032715,0.0,0.0,28366.676079800156,2000,2024-09-25
2024-09-26,09:25,BUY,1000,21.11,21120.555,5.21120555,0.0,0.0,7240.909874250156,3000,2024-09-25
2024-09-26,15:00,SELL,1000,21.66,21649.170000000002,16.0410767,0.0,0.0,28874.038797550158,2000,2024-09-26
2024-09-27,09:25,BUY,1000,22.02,22031.01,5.2203101,0.0,0.0,6837.808487450158,3000,2024-09-26
2024-09-27,15:00,SELL,1000,23.0,22988.5,16.724135,0.0,0.0,29809.584352450158,2000,2024-09-27
2024-09-30,09:25,BUY,1000,24.3,24312.149999999998,5.2431215,0.0,0.0,5492.19123095016,3000,2024-09-27
2024-09-30,15:00,SELL,1000,25.19,25177.405000000002,17.84047655,0.0,0.0,30651.75575440016,2000,2024-09-30
2024-10-08,15:00,SELL,1000,27.71,27696.145,19.125033950000002,0.0,0.0,58328.77572045016,1000,2024-10-08
2024-10-09,09:25,BUY,1000,27.7,27713.85,5.2771385,0.0,0.0,30609.64858195016,2000,2024-09-30
2024-10-09,09:25,BUY,1000,27.7,27713.85,5.2771385,0.0,0.0,2890.5214434501613,3000,2024-10-08
2024-10-09,15:00,SELL,1000,26.0,25987.0,18.25337,0.0,0.0,28859.268073450163,2000,2024-10-09
2024-10-10,09:25,BUY,1000,26.52,26533.26,5.2653326,0.0,0.0,2320.7427408501644,3000,2024-10-09
2024-10-10,15:00,SELL,1000,25.8,25787.100000000002,18.151421000000003,0.0,0.0,28089.691319850168,2000,2024-10-10
2024-10-11,09:25,BUY,1000,25.4,25412.699999999997,5.254127,0.0,0.0,2671.7371928501707,3000,2024-10-10
2024-10-11,15:00,SELL,1000,24.59,24577.705,17.534629550000002,0.0,0.0,27231.907563300174,2000,2024-10-11
2024-10-14,09:25,BUY,1000,24.54,24552.27,5.2455227,0.0,0.0,2674.3920406001744,3000,2024-10-11
2024-10-14,15:00,SELL,1000,25.16,25147.420000000002,17.825184200000002,0.0,0.0,27803.986856400177,2000,2024-10-14
2024-10-15,09:25,BUY,1000,25.19,25202.594999999998,5.25202595,0.0,0.0,2596.139830450178,3000,2024-10-14
2024-10-15,15:00,SELL,1000,24.6,24587.7,17.539727,0.0,0.0,27166.30010345018,2000,2024-10-15
2024-10-16,09:25,BUY,1000,23.61,23621.805,5.23621805,0.0,0.0,3539.2588854001806,3000,2024-10-15
2024-10-16,15:00,SELL,1000,23.53,23518.235,16.99429985,0.0,0.0,27040.49958555018,2000,2024-10-16
2024-10-17,09:25,BUY,1000,23.77,23781.885,5.23781885,0.0,0.0,3253.376766700181,3000,2024-10-16
2024-10-17,15:00,SELL,1000,23.71,23698.145,17.08605395,0.0,0.0,26934.435712750183,2000,2024-10-17
2024-10-18,09:25,BUY,1000,23.98,23991.989999999998,5.2399199,0.0,0.0,2937.2057928501854,3000,2024-10-17
2024-10-18,15:00,SELL,1000,26.08,26066.960000000003,18.294149600000004,0.0,0.0,28985.87164325019,2000,2024-10-18
2024-10-21,09:25,BUY,1000,26.81,26823.405,5.26823405,0.0,0.0,2157.1984092001912,3000,2024-10-18
2024-10-21,15:00,SELL,1000,26.2,26186.9,18.355319,0.0,0.0,28325.743090200194,2000,2024-10-21
2024-10-22,09:25,BUY,1000,26.49,26503.245,5.26503245,0.0,0.0,1817.2330577501962,3000,2024-10-21
2024-10-22,15:00,SELL,1000,26.26,26246.870000000003,18.3859037,0.0,0.0,28045.7171540502,2000,2024-10-22
2024-10-23,09:25,BUY,1000,25.79,25802.894999999997,5.25802895,0.0,0.0,2237.5641251002016,3000,2024-10-22
2024-10-23,15:00,SELL,1000,25.61,25597.195,18.054569450000002,0.0,0.0,27816.7045556502,2000,2024-10-23
2024-10-24,09:25,BUY,1000,25.16,25172.579999999998,5.2517258,0.0,0.0,2638.872829850203,3000,2024-10-23
2024-10-24,15:00,SELL,1000,25.35,25337.325,17.92203575,0.0,0.0,27958.275794100202,2000,2024-10-24
2024-10-25,09:25,BUY,1000,25.39,25402.695,5.25402695,0.0,0.0,2550.3267671502035,3000,2024-10-24
2024-10-25,15:00,SELL,1000,25.66,25647.170000000002,18.0800567,0.0,0.0,28179.416710450205,2000,2024-10-25
2024-10-28,09:25,BUY,1000,25.31,25322.655,5.25322655,0.0,0.0,2851.5084839002047,3000,2024-10-25
2024-10-28,15:00,SELL,1000,25.26,25247.370000000003,17.876158700000005,0.0,0.0,28081.002325200207,2000,2024-10-28
2024-10-29,09:25,BUY,1000,25.2,25212.6,5.252126,0.0,0.0,2863.1501992002086,3000,2024-10-28
2024-10-29,15:00,SELL,1000,25.05,25037.475000000002,17.769112250000003,0.0,0.0,27882.85608695021,2000,2024-10-29
2024-10-30,09:25,BUY,1000,24.9,24912.449999999997,5.2491245,0.0,0.0,2965.1569624502154,3000,2024-10-29
2024-10-30,15:00,SELL,1000,24.84,24827.58,17.6620658,0.0,0.0,27775.074896650218,2000,2024-10-30
2024-10-31,09:25,BUY,1000,24.5,24512.25,5.2451225,0.0,0.0,3257.5797741502174,3000,2024-10-30
2024-10-31,15:00,SELL,1000,24.25,24237.875,17.36131625,0.0,0.0,27478.093457900217,2000,2024-10-31
2024-11-01,09:25,BUY,1000,23.85,23861.925,5.23861925,0.0,0.0,3610.929838650216,3000,2024-10-31
2024-11-01,15:00,SELL,1000,23.68,23668.16,17.0707616,0.0,0.0,27262.019077050216,2000,2024-11-01
2024-11-04,09:25,BUY,1000,23.78,23791.89,5.2379189,0.0,0.0,3464.891158150218,3000,2024-11-01
2024-11-04,15:00,SELL,1000,24.33,24317.835000000003,17.402095850000002,0.0,0.0,27765.32406230022,2000,2024-11-04
2024-11-05,09:25,BUY,1000,24.34,24352.17,5.2435217,0.0,0.0,3407.9105406002236,3000,2024-11-04
2024-11-05,15:00,SELL,1000,24.75,24737.625,17.61618875,0.0,0.0,28127.919351850225,2000,2024-11-05
2024-11-06,09:25,BUY,1000,25.0,25012.5,5.250125,0.0,0.0,3110.1692268502266,3000,2024-11-05
2024-11-06,15:00,SELL,1000,24.18,24167.91,17.325634100000002,0.0,0.0,27260.753592750225,2000,2024-11-06
2024-11-07,09:25,BUY,1000,23.96,23971.98,5.2397198,0.0,0.0,3283.5338729502255,3000,2024-11-06
2024-11-07,15:00,SELL,1000,24.64,24627.68,17.560116800000003,0.0,0.0,27893.653756150226,2000,2024-11-07
2024-11-08,09:25,BUY,1000,24.9,24912.449999999997,5.2491245,0.0,0.0,2975.954631650231,3000,2024-11-07
2024-11-08,15:00,SELL,1000,25.98,25967.010000000002,18.243175100000002,0.0,0.0,28924.721456550233,2000,2024-11-08
2024-11-11,09:25,BUY,1000,25.3,25312.649999999998,5.2531265,0.0,0.0,3606.818330050235,3000,2024-11-08
2024-11-11,15:00,SELL,1000,27.01,26996.495000000003,18.76821245,0.0,0.0,30584.54511760024,2000,2024-11-11
2024-11-12,09:25,BUY,1000,27.01,27023.504999999997,5.27023505,0.0,0.0,3555.769882550241,3000,2024-11-11
2024-11-12,15:00,SELL,1000,25.72,25707.140000000003,18.110641400000002,0.0,0.0,29244.799241150246,2000,2024-11-12
2024-11-13,09:25,BUY,1000,25.47,25482.734999999997,5.25482735,0.0,0.0,3756.809413800249,3000,2024-11-12
2024-11-13,15:00,SELL,1000,26.47,26456.765000000003,18.492950150000002,0.0,0.0,30195.08146365025,2000,2024-11-13
2024-11-14,09:25,BUY,1000,26.58,26593.289999999997,5.2659329,0.0,0.0,3596.525530750252,3000,2024-11-13
2024-11-14,15:00,SELL,1000,24.87,24857.565000000002,17.677358150000003,0.0,0.0,28436.413172600256,2000,2024-11-14
2024-11-15,09:25,BUY,1000,24.8,24812.399999999998,5.248124,0.0,0.0,3618.7650486002567,3000,2024-11-14
2024-11-15,15:00,SELL,1000,23.92,23908.04,17.1931004,0.0,0.0,27509.611948200258,2000,2024-11-15
2024-11-18,09:25,BUY,1000,23.92,23931.96,5.2393196,0.0,0.0,3572.4126286002574,3000,2024-11-15
2024-11-18,15:00,SELL,1000,23.24,23228.38,16.846473800000002,0.0,0.0,26783.94615480026,2000,2024-11-18
2024-11-19,09:25,BUY,1000,23.45,23461.725,5.23461725,0.0,0.0,3316.9865375502595,3000,2024-11-18
2024-11-19,15:00,SELL,1000,23.72,23708.140000000003,17.0911514,0.0,0.0,27008.035386150263,2000,2024-11-19
2024-11-20,09:25,BUY,1000,23.7,23711.85,5.2371185,0.0,0.0,3290.948267650263,3000,2024-11-19
2024-11-20,15:00,SELL,1000,24.0,23988.0,17.23388,0.0,0.0,27261.714387650263,2000,2024-11-20
2024-11-21,09:25,BUY,1000,23.6,23611.8,5.236118,0.0,0.0,3644.6782696502632,3000,2024-11-20
2024-11-21,15:00,SELL,1000,23.43,23418.285,16.943325350000002,0.0,0.0,27046.019944300264,2000,2024-11-21
2024-11-22,09:25,BUY,1000,23.49,23501.745,5.23501745,0.0,0.0,3539.039926850266,3000,2024-11-21
2024-11-22,15:00,SELL,1000,22.84,22828.58,16.642575800000003,0.0,0.0,26350.977351050267,2000,2024-11-22
2024-11-25,09:25,BUY,1000,22.84,22851.42,5.2285142,0.0,0.0,3494.328836850269,3000,2024-11-22
2024-11-25,15:00,SELL,1000,22.11,22098.945,16.27046195,0.0,0.0,25577.00337490027,2000,2024-11-25
2024-11-26,09:25,BUY,1000,21.89,21900.945,5.21900945,0.0,0.0,3670.839365450269,3000,2024-11-25
2024-11-26,15:00,SELL,1000,22.09,22078.955,16.260267050000003,0.0,0.0,25733.534098400272,2000,2024-11-26
2024-11-27,09:25,BUY,1000,21.92,21930.96,5.2193096,0.0,0.0,3797.354788800272,3000,2024-11-26
2024-11-27,15:00,SELL,1000,22.32,22308.84,16.377508400000004,0.0,0.0,26089.81728040027,2000,2024-11-27
2024-11-28,09:25,BUY,1000,22.32,22331.16,5.2233116,0.0,0.0,3753.433968800273,3000,2024-11-27
2024-11-28,15:00,SELL,1000,21.85,21839.075,16.13792825,0.0,0.0,25576.371040550275,2000,2024-11-28
2024-11-29,09:25,BUY,1000,21.85,21860.925,5.21860925,0.0,0.0,3710.2274313002745,3000,2024-11-28
2024-11-29,15:00,SELL,1000,22.19,22178.905000000002,16.311241550000002,0.0,0.0,25872.821189750277,2000,2024-11-29
2024-12-02,09:25,BUY,1000,22.07,22081.035,5.22081035,0.0,0.0,3786.5653794002756,3000,2024-11-29
2024-12-02,15:00,SELL,1000,22.56,22548.72,16.4998472,0.0,0.0,26318.785532200276,2000,2024-12-02
2024-12-03,09:25,BUY,1000,22.68,22691.34,5.2269134,0.0,0.0,3622.2186188002743,3000,2024-12-02
2024-12-03,15:00,SELL,1000,22.24,22228.88,16.336728800000003,0.0,0.0,25834.761890000274,2000,2024-12-03
2024-12-04,09:25,BUY,1000,22.25,22261.125,5.22261125,0.0,0.0,3568.414278750275,3000,2024-12-03
2024-12-04,15:00,SELL,1000,21.88,21869.06,16.1532206,0.0,0.0,25421.321058150275,2000,2024-12-04
2024-12-05,09:25,BUY,1000,21.92,21930.96,5.2193096,0.0,0.0,3485.141748550275,3000,2024-12-04
2024-12-05,15:00,SELL,1000,22.54,22528.73,16.489652300000003,0.0,0.0,25997.382096250276,2000,2024-12-05
2024-12-06,09:25,BUY,1000,22.54,22551.27,5.2255127,0.0,0.0,3440.8865835502766,3000,2024-12-05
2024-12-06,15:00,SELL,1000,22.6,22588.7,16.520237,0.0,0.0,26013.066346550277,2000,2024-12-06
2024-12-09,09:25,BUY,1000,22.62,22631.309999999998,5.2263131,0.0,0.0,3376.530033450279,3000,2024-12-06
2024-12-09,15:00,SELL,1000,22.13,22118.935,16.28065685,0.0,0.0,25479.184376600282,2000,2024-12-09
2024-12-10,09:25,BUY,1000,22.61,22621.305,5.22621305,0.0,0.0,2852.6531635502834,3000,2024-12-09
2024-12-10,15:00,SELL,1000,22.14,22128.93,16.2857543,0.0,0.0,24965.297409250285,2000,2024-12-10
2024-12-11,09:25,BUY,1000,22.1,22111.05,5.2211105,0.0,0.0,2849.0262987502865,3000,2024-12-10
2024-12-11,15:00,SELL,1000,22.33,22318.835000000003,16.382605850000004,0.0,0.0,25151.478692900288,2000,2024-12-11
2024-12-12,09:25,BUY,1000,22.37,22381.184999999998,5.22381185,0.0,0.0,2765.069881050291,3000,2024-12-11
2024-12-12,15:00,SELL,1000,22.34,22328.83,16.387703300000002,0.0,0.0,25077.512177750294,2000,2024-12-12
2024-12-13,09:25,BUY,1000,22.17,22181.085,5.22181085,0.0,0.0,2891.205366900296,3000,2024-12-12
2024-12-13,15:00,SELL,1000,21.35,21339.325,15.88305575,0.0,0.0,24214.647311150296,2000,2024-12-13
2024-12-16,09:25,BUY,1000,21.2,21210.6,5.212106,0.0,0.0,2998.835205150299,3000,2024-12-13
2024-12-16,15:00,SELL,1000,21.06,21049.47,15.735229700000001,0.0,0.0,24032.5699754503,2000,2024-12-16
2024-12-17,09:25,BUY,1000,20.99,21000.495,5.21000495,0.0,0.0,3026.864970500301,3000,2024-12-16
2024-12-17,15:00,SELL,1000,21.6,21589.2,16.010492,0.0,0.0,24600.0544785003,2000,2024-12-17
2024-12-18,09:25,BUY,1000,21.62,21630.809999999998,5.2163081,0.0,0.0,2964.0281704003028,3000,2024-12-17
2024-12-18,15:00,SELL,1000,21.41,21399.295000000002,15.913640450000003,0.0,0.0,24347.409529950306,2000,2024-12-18
2024-12-19,09:25,BUY,1000,21.2,21210.6,5.212106,0.0,0.0,3131.5974239503084,3000,2024-12-18
2024-12-19,15:00,SELL,1000,22.19,22178.905000000002,16.311241550000002,0.0,0.0,25294.19118240031,2000,2024-12-19
2024-12-20,09:25,BUY,1000,22.03,22041.015,5.22041015,0.0,0.0,3247.9557722503123,3000,2024-12-19
2024-12-20,15:00,SELL,1000,22.02,22008.99,16.224584900000004,0.0,0.0,25240.721187350315,2000,2024-12-20
2024-12-23,09:25,BUY,1000,22.23,22241.114999999998,5.22241115,0.0,0.0,2994.383776200317,3000,2024-12-20
2024-12-23,15:00,SELL,1000,22.05,22038.975000000002,16.23987725,0.0,0.0,25017.11889895032,2000,2024-12-23
2024-12-24,09:25,BUY,1000,22.11,22121.055,5.22121055,0.0,0.0,2890.84268840032,3000,2024-12-23
2024-12-24,15:00,SELL,1000,23.0,22988.5,16.724135,0.0,0.0,25862.61855340032,2000,2024-12-24
2024-12-25,09:25,BUY,1000,23.03,23041.515,5.23041515,0.0,0.0,2815.873138250321,3000,2024-12-24
2024-12-25,15:00,SELL,1000,22.72,22708.640000000003,16.581406400000002,0.0,0.0,25507.931731850324,2000,2024-12-25
2024-12-26,09:25,BUY,1000,22.64,22651.32,5.2265132,0.0,0.0,2851.3852186503245,3000,2024-12-25
2024-12-26,15:00,SELL,1000,23.33,23318.335000000003,16.89235085,0.0,0.0,26152.827867800326,2000,2024-12-26
2024-12-27,09:25,BUY,1000,23.16,23171.579999999998,5.2317158,0.0,0.0,2976.0161520003276,3000,2024-12-26
2024-12-27,15:00,SELL,1000,22.61,22598.695,16.525334450000003,0.0,0.0,25558.185817550326,2000,2024-12-27
2024-12-30,09:25,BUY,1000,22.55,22561.274999999998,5.22561275,0.0,0.0,2991.6852048003275,3000,2024-12-27
2024-12-30,15:00,SELL,1000,22.45,22438.775,16.44377525,0.0,0.0,25414.016429550327,2000,2024-12-30
2024-12-31,09:25,BUY,1000,22.46,22471.23,5.2247123,0.0,0.0,2937.561717250326,3000,2024-12-30
2024-12-31,15:00,SELL,1000,21.5,21489.25,15.9595175,0.0,0.0,24410.852199750327,2000,2024-12-31
2025-01-02,09:25,BUY,1000,21.4,21410.699999999997,5.214107,0.0,0.0,2994.93809275033,3000,2024-12-31
2025-01-02,15:00,SELL,1000,20.71,20699.645,15.55681895,0.0,0.0,23679.02627380033,2000,2025-01-02
2025-01-03,09:25,BUY,1000,20.64,20650.32,5.2065032,0.0,0.0,3023.4997706003305,3000,2025-01-02
2025-01-03,15:00,SELL,1000,20.55,20539.725000000002,15.475259750000001,0.0,0.0,23547.74951085033,2000,2025-01-03
2025-01-06,09:25,BUY,1000,20.79,20800.395,5.20800395,0.0,0.0,2742.1465069003316,3000,2025-01-03
2025-01-06,15:00,SELL,1000,20.67,20659.665,15.536429150000002,0.0,0.0,23386.27507775033,2000,2025-01-06
2025-01-07,09:25,BUY,1000,20.81,20820.405,5.20820405,0.0,0.0,2560.6618737003337,3000,2025-01-06
2025-01-07,15:00,SELL,1000,21.25,21239.375,15.832081250000002,0.0,0.0,23784.204792450335,2000,2025-01-07
2025-01-08,09:25,BUY,1000,20.9,20910.449999999997,5.2091045,0.0,0.0,2868.5456879503363,3000,2025-01-07
2025-01-08,15:00,SELL,1000,20.63,20619.685,15.516039350000002,0.0,0.0,23472.714648600337,2000,2025-01-08
2025-01-09,09:25,BUY,1000,20.62,20630.309999999998,5.2063031,0.0,0.0,2837.198345500339,3000,2025-01-08
2025-01-09,15:00,SELL,1000,20.54,20529.73,15.4701623,0.0,0.0,23351.45818320034,2000,2025-01-09
2025-01-10,09:25,BUY,1000,20.49,20500.245,5.20500245,0.0,0.0,2846.008180750341,3000,2025-01-09
2025-01-10,15:00,SELL,1000,19.75,19740.125,15.06746375,0.0,0.0,22571.06571700034,2000,2025-01-10
2025-01-13,09:25,BUY,1000,19.48,19489.739999999998,5.1948974,0.0,0.0,3076.130819600341,3000,2025-01-10
2025-01-13,15:00,SELL,1000,19.72,19710.14,15.0521714,0.0,0.0,22771.21864820034,2000,2025-01-13
2025-01-14,09:25,BUY,1000,19.75,19759.875,5.19759875,0.0,0.0,3006.146049450341,3000,2025-01-13
2025-01-14,15:00,SELL,1000,20.57,20559.715,15.485454650000001,0.0,0.0,23550.37559480034,2000,2025-01-14
2025-01-15,09:25,BUY,1000,20.5,20510.25,5.2051025,0.0,0.0,3034.9204923003417,3000,2025-01-14
2025-01-15,15:00,SELL,1000,20.14,20129.93,15.266264300000001,0.0,0.0,23149.58422800034,2000,2025-01-15
2025-01-16,09:25,BUY,1000,20.35,20360.175,5.20360175,0.0,0.0,2784.205626250343,3000,2025-01-15
2025-01-16,15:00,SELL,1000,20.84,20829.58,15.623085800000002,0.0,0.0,23598.162540450343,2000,2025-01-16
2025-01-17,09:25,BUY,1000,20.68,20690.34,5.2069034,0.0,0.0,2902.6156370503413,3000,2025-01-16
2025-01-17,15:00,SELL,1000,20.66,20649.670000000002,15.5313317,0.0,0.0,23536.754305350343,2000,2025-01-17
2025-01-20,09:25,BUY,1000,20.91,20920.454999999998,5.20920455,0.0,0.0,2611.0901008003457,3000,2025-01-17
2025-01-20,15:00,SELL,1000,20.77,20759.615,15.587403650000002,0.0,0.0,23355.11769715035,2000,2025-01-20
2025-01-21,09:25,BUY,1000,20.96,20970.48,5.2097048,0.0,0.0,2379.427992350349,3000,2025-01-20
2025-01-21,15:00,SELL,1000,21.21,21199.395,15.811691450000001,0.0,0.0,23563.01130090035,2000,2025-01-21
2025-01-22,09:25,BUY,1000,21.42,21430.71,5.2143071,0.0,0.0,2127.0869938003525,3000,2025-01-21
2025-01-22,15:00,SELL,1000,23.33,23318.335000000003,16.89235085,0.0,0.0,25428.529642950354,2000,2025-01-22
2025-01-23,09:25,BUY,1000,23.81,23821.905,5.23821905,0.0,0.0,1601.386423900356,3000,2025-01-22
2025-01-23,15:00,SELL,1000,23.0,22988.5,16.724135,0.0,0.0,24573.162288900356,2000,2025-01-23
2025-01-24,09:25,BUY,1000,22.71,22721.355,5.22721355,0.0,0.0,1846.5800753503572,3000,2025-01-23
2025-01-24,15:00,SELL,1000,23.35,23338.325,16.90254575,0.0,0.0,25168.00252960036,2000,2025-01-24
2025-01-27,09:25,BUY,1000,22.55,22561.274999999998,5.22561275,0.0,0.0,2601.5019168503604,3000,2025-01-24
2025-01-27,15:00,SELL,1000,21.45,21439.275,15.934030250000001,0.0,0.0,24024.842886600363,2000,2025-01-27
2025-02-05,09:25,BUY,1000,20.56,20570.28,5.2057028,0.0,0.0,3449.3571838003627,3000,2025-01-27
2025-02-05,15:00,SELL,1000,20.0,19990.0,15.1949,0.0,0.0,23424.162283800364,2000,2025-02-05
2025-02-06,09:25,BUY,1000,20.31,20320.155,5.20320155,0.0,0.0,3098.8040822503644,3000,2025-02-05
2025-02-06,15:00,SELL,1000,20.48,20469.760000000002,15.439577600000002,0.0,0.0,23553.124504650368,2000,2025-02-06
2025-02-07,09:25,BUY,1000,20.67,20680.335,5.20680335,0.0,0.0,2867.582701300369,3000,2025-02-06
2025-02-07,15:00,SELL,1000,21.55,21539.225000000002,15.985004750000002,0.0,0.0,24390.82269655037,2000,2025-02-07
2025-02-10,09:25,BUY,1000,21.66,21670.829999999998,5.2167083,0.0,0.0,2714.775988250374,3000,2025-02-07
2025-02-10,15:00,SELL,1000,21.72,21709.14,16.0716614,0.0,0.0,24407.844326850372,2000,2025-02-10
2025-02-11,09:25,BUY,1000,21.8,21810.899999999998,5.218109,0.0,0.0,2591.7262178503734,3000,2025-02-10
2025-02-11,15:00,SELL,1000,21.77,21759.115,16.09714865,0.0,0.0,24334.744069200377,2000,2025-02-11
2025-02-12,09:25,BUY,1000,21.72,21730.86,5.2173086,0.0,0.0,2598.6667606003757,3000,2025-02-11
2025-02-12,15:00,SELL,1000,22.15,22138.925000000003,16.29085175,0.0,0.0,24721.30090885038,2000,2025-02-12
2025-02-13,09:25,BUY,1000,22.05,22061.024999999998,5.22061025,0.0,0.0,2655.0552986003822,3000,2025-02-12
2025-02-13,15:00,SELL,1000,21.79,21779.105,16.107343550000003,0.0,0.0,24418.05295505038,2000,2025-02-13
2025-02-14,09:25,BUY,1000,21.81,21820.905,5.2182090500000005,0.0,0.0,2591.9297460003836,3000,2025-02-13
2025-02-14,15:00,SELL,1000,22.1,22088.95,16.2653645,0.0,0.0,24664.614381500385,2000,2025-02-14
2025-02-17,09:25,BUY,1000,22.46,22471.23,5.2247123,0.0,0.0,2188.159669200384,3000,2025-02-14
2025-02-17,15:00,SELL,1000,22.9,22888.550000000003,16.6731605,0.0,0.0,25060.03650870039,2000,2025-02-17
2025-02-18,09:25,BUY,1000,22.9,22911.449999999997,5.2291145,0.0,0.0,2143.3573942003895,3000,2025-02-17
2025-02-18,15:00,SELL,1000,22.68,22668.66,16.561016600000002,0.0,0.0,24795.45637760039,2000,2025-02-18
2025-02-19,09:25,BUY,1000,22.6,22611.3,5.226113,0.0,0.0,2178.930264600389,3000,2025-02-18
2025-02-19,15:00,SELL,1000,23.24,23228.38,16.846473800000002,0.0,0.0,25390.46379080039,2000,2025-02-19
2025-02-20,09:25,BUY,1000,23.05,23061.524999999998,5.23061525,0.0,0.0,2323.708175550393,3000,2025-02-19
2025-02-20,15:00,SELL,1000,22.62,22608.690000000002,16.530431900000004,0.0,0.0,24915.867743650397,2000,2025-02-20
2025-02-21,09:25,BUY,1000,22.87,22881.434999999998,5.22881435,0.0,0.0,2029.2039293003982,3000,2025-02-20
2025-02-21,15:00,SELL,1000,23.2,23188.4,16.826084,0.0,0.0,25200.7778453004,2000,2025-02-21
2025-02-24,09:25,BUY,1000,23.38,23391.69,5.2339169,0.0,0.0,1803.8539284004,3000,2025-02-21
2025-02-24,15:00,SELL,1000,23.21,23198.395,16.831181450000003,0.0,0.0,24985.4177469504,2000,2025-02-24
2025-02-25,09:25,BUY,1000,22.8,22811.399999999998,5.228114,0.0,0.0,2168.7896329504,3000,2025-02-24
2025-02-25,15:00,SELL,1000,23.08,23068.460000000003,16.764914600000004,0.0,0.0,25220.484718350403,2000,2025-02-25
2025-02-26,09:25,BUY,1000,22.99,23001.495,5.23001495,0.0,0.0,2213.759703400403,3000,2025-02-25
2025-02-26,15:00,SELL,1000,22.77,22758.615,16.606893650000004,0.0,0.0,24955.767809750403,2000,2025-02-26
2025-02-27,09:25,BUY,1000,22.9,22911.449999999997,5.2291145,0.0,0.0,2039.0886952504043,3000,2025-02-26
2025-02-27,15:00,SELL,1000,21.96,21949.02,16.1940002,0.0,0.0,23971.914695050404,2000,2025-02-27
2025-02-28,09:25,BUY,1000,21.1,21110.55,5.2111055,0.0,0.0,2856.1535895504057,3000,2025-02-27
2025-02-28,15:00,SELL,1000,21.19,21179.405000000002,15.801496550000001,0.0,0.0,24019.757093000408,2000,2025-02-28
2025-03-03,09:25,BUY,1000,21.37,21380.684999999998,5.21380685,0.0,0.0,2633.858286150411,3000,2025-02-28
2025-03-03,15:00,SELL,1000,21.07,21059.465,15.74032715,0.0,0.0,23677.58295900041,2000,2025-03-03
2025-03-04,09:25,BUY,1000,20.39,20400.195,5.20400195,0.0,0.0,3272.1839570504126,3000,2025-03-03
2025-03-04,15:00,SELL,1000,21.04,21029.48,15.725034800000001,0.0,0.0,24285.93892225041,2000,2025-03-04
2025-03-05,09:25,BUY,1000,21.04,21050.52,5.2105052,0.0,0.0,3230.2084170504095,3000,2025-03-04
2025-03-05,15:00,SELL,1000,21.04,21029.48,15.725034800000001,0.0,0.0,24243.963382250407,2000,2025-03-05
2025-03-06,09:25,BUY,1000,21.2,21210.6,5.212106,0.0,0.0,3028.15127625041,3000,2025-03-05
2025-03-06,15:00,SELL,1000,21.32,21309.34,15.867763400000001,0.0,0.0,24321.62351285041,2000,2025-03-06
2025-03-07,09:25,BUY,1000,21.13,21140.565,5.21140565,0.0,0.0,3175.8471072004104,3000,2025-03-06
2025-03-07,15:00,SELL,1000,20.87,20859.565000000002,15.638378150000001,0.0,0.0,24019.773729050412,2000,2025-03-07
2025-03-10,09:25,BUY,1000,20.93,20940.465,5.20940465,0.0,0.0,3074.099324400413,3000,2025-03-07
2025-03-10,15:00,SELL,1000,21.03,21019.485,15.71993735,0.0,0.0,24077.864387050413,2000,2025-03-10
2025-03-11,09:25,BUY,1000,20.61,20620.305,5.20620305,0.0,0.0,3452.3531840004143,3000,2025-03-10
2025-03-11,15:00,SELL,1000,20.82,20809.59,15.6128909,0.0,0.0,24246.330293100415,2000,2025-03-11
2025-03-12,09:25,BUY,1000,20.92,20930.46,5.2093046,0.0,0.0,3310.6609885004145,3000,2025-03-11
2025-03-12,15:00,SELL,1000,20.91,20899.545000000002,15.658767950000001,0.0,0.0,24194.547220550416,2000,2025-03-12
2025-03-13,09:25,BUY,1000,21.03,21040.515,5.21040515,0.0,0.0,3148.821815400417,3000,2025-03-12
2025-03-13,15:00,SELL,1000,20.67,20659.665,15.536429150000002,0.0,0.0,23792.950386250417,2000,2025-03-13
2025-03-14,09:25,BUY,1000,20.81,20820.405,5.20820405,0.0,0.0,2967.337182200419,3000,2025-03-13
2025-03-14,15:00,SELL,1000,21.26,21249.370000000003,15.837178700000003,0.0,0.0,24200.870003500422,2000,2025-03-14
2025-03-17,09:25,BUY,1000,21.6,21610.8,5.216108,0.0,0.0,2584.8538955004224,3000,2025-03-14
2025-03-17,15:00,SELL,1000,21.52,21509.24,15.969712400000002,0.0,0.0,24078.124183100423,2000,2025-03-17
2025-03-18,09:25,BUY,1000,21.48,21490.739999999998,5.2149074,0.0,0.0,2582.169275700424,3000,2025-03-17
2025-03-18,15:00,SELL,1000,21.54,21529.23,15.9799073,0.0,0.0,24095.419368400424,2000,2025-03-18
2025-03-19,09:25,BUY,1000,21.4,21410.699999999997,5.214107,0.0,0.0,2679.505261400427,3000,2025-03-18
2025-03-19,15:00,SELL,1000,21.02,21009.49,15.714839900000001,0.0,0.0,23673.28042150043,2000,2025-03-19
2025-03-20,09:25,BUY,1000,21.11,21120.555,5.21120555,0.0,0.0,2547.5142159504285,3000,2025-03-19
2025-03-20,15:00,SELL,1000,20.85,20839.575,15.628183250000001,0.0,0.0,23371.46103270043,2000,2025-03-20
2025-03-21,09:25,BUY,1000,20.78,20790.39,5.2079039,0.0,0.0,2575.8631288004326,3000,2025-03-20
2025-03-21,15:00,SELL,1000,20.63,20619.685,15.516039350000002,0.0,0.0,23180.032089450433,2000,2025-03-21
2025-03-24,09:25,BUY,1000,20.69,20700.344999999998,5.20700345,0.0,0.0,2474.480086000436,3000,2025-03-21
2025-03-24,15:00,SELL,1000,20.84,20829.58,15.623085800000002,0.0,0.0,23288.437000200436,2000,2025-03-24
2025-03-25,09:25,BUY,1000,20.79,20800.395,5.20800395,0.0,0.0,2482.833996250436,3000,2025-03-24
2025-03-25,15:00,SELL,1000,20.51,20499.745000000003,15.454869950000003,0.0,0.0,22967.124126300438,2000,2025-03-25
2025-03-26,09:25,BUY,1000,20.43,20440.215,5.20440215,0.0,0.0,2521.704724150437,3000,2025-03-25
2025-03-26,15:00,SELL,1000,20.38,20369.81,15.388603100000001,0.0,0.0,22876.126121050438,2000,2025-03-26
2025-03-27,09:25,BUY,1000,20.21,20220.105,5.20220105,0.0,0.0,2650.818920000438,3000,2025-03-26
2025-03-27,15:00,SELL,1000,20.22,20209.89,15.3070439,0.0,0.0,22845.401876100437,2000,2025-03-27
2025-03-28,09:25,BUY,1000,20.2,20210.1,5.202101,0.0,0.0,2630.0997751004397,3000,2025-03-27
2025-03-28,15:00,SELL,1000,19.98,19970.010000000002,15.184705100000002,0.0,0.0,22584.92507000044,2000,2025-03-28
2025-03-31,09:25,BUY,1000,19.8,19809.899999999998,5.198099,0.0,0.0,2769.8269710004424,3000,2025-03-28
2025-03-31,15:00,SELL,1000,19.86,19850.07,15.1235357,0.0,0.0,22604.77343530044,2000,2025-03-31
2025-04-01,09:25,BUY,1000,19.95,19959.975,5.19959975,0.0,0.0,2639.5988355504414,3000,2025-03-31
2025-04-01,15:00,SELL,1000,20.02,20009.99,15.205094900000002,0.0,0.0,22634.383740650443,2000,2025-04-01
2025-04-02,09:25,BUY,1000,19.95,19959.975,5.19959975,0.0,0.0,2669.2091409004424,3000,2025-04-01
2025-04-02,15:00,SELL,1000,20.0,19990.0,15.1949,0.0,0.0,22644.014240900444,2000,2025-04-02
2025-04-03,09:25,BUY,1000,19.65,19659.825,5.19659825,0.0,0.0,2978.9926426504426,3000,2025-04-02
2025-04-03,15:00,SELL,1000,19.05,19040.475000000002,14.710642250000001,0.0,0.0,22004.757000400445,2000,2025-04-03
2025-04-07,09:25,BUY,1000,17.15,17158.575,5.17158575,0.0,0.0,4841.0104146504455,3000,2025-04-03
2025-04-09,15:00,SELL,1000,16.33,16321.835,13.32413585,0.0,0.0,21149.521278800443,2000,2025-04-09
2025-04-10,09:25,BUY,1000,17.9,17908.95,5.1790895,0.0,0.0,3235.392189300441,3000,2025-04-09
2025-04-10,15:00,SELL,1000,17.96,17951.02,14.155020200000001,0.0,0.0,21172.25716910044,2000,2025-04-10
2025-04-11,09:25,BUY,1000,17.65,17658.825,5.17658825,0.0,0.0,3508.2555808504403,3000,2025-04-10
2025-04-11,15:00,SELL,1000,17.8,17791.100000000002,14.073461000000002,0.0,0.0,21285.282119850443,2000,2025-04-11
2025-04-14,09:25,BUY,1000,18.4,18409.2,5.184092,0.0,0.0,2870.8980278504423,3000,2025-04-11
2025-04-14,15:00,SELL,1000,17.92,17911.04,14.1346304,0.0,0.0,20767.803397450443,2000,2025-04-14
2025-04-15,09:25,BUY,1000,17.92,17928.96,5.1792896,0.0,0.0,2833.6641078504435,3000,2025-04-14
2025-04-15,15:00,SELL,1000,18.1,18090.95,14.226384500000002,0.0,0.0,20910.387723350443,2000,2025-04-15
2025-04-16,09:25,BUY,1000,18.0,18009.0,5.18009,0.0,0.0,2896.207633350441,3000,2025-04-15
2025-04-16,15:00,SELL,1000,17.5,17491.25,13.9205375,0.0,0.0,20373.537095850443,2000,2025-04-16
2025-04-17,09:25,BUY,1000,17.22,17228.61,5.1722861,0.0,0.0,3139.7548097504405,3000,2025-04-16
2025-04-17,15:00,SELL,1000,17.4,17391.3,13.869563,0.0,0.0,20517.18524675044,2000,2025-04-17
2025-04-18,09:25,BUY,1000,17.4,17408.7,5.174087,0.0,0.0,3103.3111597504394,3000,2025-04-17
2025-04-18,15:00,SELL,1000,17.56,17551.22,13.9511222,0.0,0.0,20640.58003755044,2000,2025-04-18
2025-04-21,09:25,BUY,1000,17.55,17558.774999999998,5.17558775,0.0,0.0,3076.6294498004427,3000,2025-04-18
2025-04-21,15:00,SELL,1000,17.81,17801.095,14.078558450000001,0.0,0.0,20863.645891350443,2000,2025-04-21
2025-04-22,09:25,BUY,1000,17.7,17708.85,5.1770885,0.0,0.0,3149.618802850444,3000,2025-04-21
2025-04-22,15:00,SELL,1000,17.78,17771.11,14.063266100000002,0.0,0.0,20906.665536750443,2000,2025-04-22
2025-04-23,09:25,BUY,1000,18.19,18199.094999999998,5.18199095,0.0,0.0,2702.3885458004443,3000,2025-04-22
2025-04-23,15:00,SELL,1000,18.24,18230.88,14.2977488,0.0,0.0,20918.970797000446,2000,2025-04-23
2025-04-24,09:25,BUY,1000,18.26,18269.129999999997,5.1826913,0.0,0.0,2644.658105700448,3000,2025-04-23
2025-04-24,15:00,SELL,1000,17.92,17911.04,14.1346304,0.0,0.0,20541.56347530045,2000,2025-04-24
2025-04-25,09:25,BUY,1000,18.09,18099.045,5.18099045,0.0,0.0,2437.33748485045,3000,2025-04-24
2025-04-25,15:00,SELL,1000,18.24,18230.88,14.2977488,0.0,0.0,20653.91973605045,2000,2025-04-25
2025-04-28,09:25,BUY,1000,18.26,18269.129999999997,5.1826913,0.0,0.0,2379.6070447504535,3000,2025-04-25
2025-04-28,15:00,SELL,1000,18.0,17991.0,14.175410000000001,0.0,0.0,20356.431634750454,2000,2025-04-28
2025-04-29,09:25,BUY,1000,17.99,17998.995,5.17998995,0.0,0.0,2352.2566448004545,3000,2025-04-28
2025-04-29,15:00,SELL,1000,18.09,18080.955,14.22128705,0.0,0.0,20418.990357750456,2000,2025-04-29
2025-04-30,09:25,BUY,1000,18.25,18259.125,5.18259125,0.0,0.0,2154.6827665004566,3000,2025-04-29
2025-04-30,15:00,SELL,1000,18.06,18050.97,14.205994700000002,0.0,0.0,20191.446771800456,2000,2025-04-30
2025-05-06,09:25,BUY,1000,18.3,18309.149999999998,5.1830915,0.0,0.0,1877.1136803004592,3000,2025-04-30
2025-05-06,15:00,SELL,1000,18.81,18800.595,14.588303450000002,0.0,0.0,20663.12037685046,2000,2025-05-06
2025-05-07,09:25,BUY,1000,19.09,19099.545,5.19099545,0.0,0.0,1558.3843814004613,3000,2025-05-06
2025-05-07,15:00,SELL,1000,18.63,18620.685,14.496549350000002,0.0,0.0,20164.572832050464,2000,2025-05-07
2025-05-08,09:25,BUY,1000,18.7,18709.35,5.1870935,0.0,0.0,1450.0357385504649,3000,2025-05-07
2025-05-08,15:00,SELL,1000,19.03,19020.485,14.700447350000001,0.0,0.0,20455.820291200467,2000,2025-05-08
2025-05-09,09:25,BUY,1000,18.91,18919.454999999998,5.18919455,0.0,0.0,1531.1760966504698,3000,2025-05-08
2025-05-09,15:00,SELL,1000,18.69,18680.655000000002,14.527134050000003,0.0,0.0,20197.303962600472,2000,2025-05-09
2025-05-12,09:25,BUY,1000,19.11,19119.555,5.19119555,0.0,0.0,1072.5577670504717,3000,2025-05-09
2025-05-12,15:00,SELL,1000,19.27,19260.365,14.82278615,0.0,0.0,20318.09998090047,2000,2025-05-12
2025-05-13,09:25,BUY,1000,19.8,19809.899999999998,5.198099,0.0,0.0,503.00188190047265,3000,2025-05-12
2025-05-13,15:00,SELL,1000,19.09,19080.455,14.731032050000001,0.0,0.0,19568.725849850474,2000,2025-05-13
2025-05-14,09:25,BUY,1000,19.48,19489.739999999998,5.1948974,0.0,0.0,73.79095245047574,3000,2025-05-13
2025-05-14,15:00,SELL,1000,19.55,19540.225000000002,14.965514750000002,0.0,0.0,19599.050437700476,2000,2025-05-14
2025-05-15,09:25,BUY,1000,19.56,19569.78,5.1956978,0.0,0.0,24.074739900475834,3000,2025-05-14
2025-05-15,15:00,SELL,1000,19.1,19090.45,14.7361295,0.0,0.0,19099.788610400476,2000,2025-05-15
2025-05-16,09:25,BUY,1000,19.0,19009.5,5.190095,0.0,0.0,85.09851540047384,3000,2025-05-15
2025-05-16,15:00,SELL,1000,19.22,19210.39,14.797298900000001,0.0,0.0,19280.691216500472,2000,2025-05-16
2025-05-19,09:25,BUY,1000,19.06,19069.53,5.1906953,0.0,0.0,205.97052120047374,3000,2025-05-16
2025-05-19,15:00,SELL,1000,19.05,19040.475000000002,14.710642250000001,0.0,0.0,19231.734878950476,2000,2025-05-19
2025-05-20,09:25,BUY,1000,19.05,19059.524999999998,5.19059525,0.0,0.0,167.01928370047972,3000,2025-05-19
2025-05-20,15:00,SELL,1000,19.06,19050.47,14.715739700000002,0.0,0.0,19202.77354400048,2000,2025-05-20
2025-05-21,09:25,BUY,1000,19.06,19069.53,5.1906953,0.0,0.0,128.05284870048126,3000,2025-05-20
2025-05-21,15:00,SELL,1000,18.97,18960.515,14.66986265,0.0,0.0,19073.89798605048,2000,2025-05-21
2025-05-22,09:25,BUY,1000,18.88,18889.44,5.1888944,0.0,0.0,179.26909165048346,3000,2025-05-21
2025-05-22,15:00,SELL,1000,19.05,19040.475000000002,14.710642250000001,0.0,0.0,19205.033449400486,2000,2025-05-22
2025-05-23,09:25,BUY,1000,19.08,19089.539999999997,5.1908954,0.0,0.0,110.30255400048918,3000,2025-05-22
2025-05-23,15:00,SELL,1000,18.79,18780.605,14.57810855,0.0,0.0,18876.32944545049,2000,2025-05-23
2025-05-26,09:25,BUY,1000,18.84,18849.42,5.1884942,0.0,0.0,21.720951250492362,3000,2025-05-23
2025-05-26,15:00,SELL,1000,18.76,18750.620000000003,14.562816200000002,0.0,0.0,18757.778135050496,2000,2025-05-26
2025-05-27,09:25,BUY,1000,18.76,18769.379999999997,5.1876938,0.0,16.78955874950043,0.0,3000,2025-05-26
2025-05-27,15:00,SELL,1000,18.47,18460.765,14.41499015,0.0,0.0,18446.35000985,2000,2025-05-27
2025-05-28,09:25,BUY,1000,18.5,18509.25,5.1850925,0.0,68.0850826499991,0.0,3000,2025-05-27
2025-05-28,15:00,SELL,1000,18.58,18570.710000000003,14.471062100000003,0.0,0.0,18556.2389379,2000,2025-05-28
2025-05-29,09:25,BUY,1000,18.81,18819.405,5.18819405,0.0,268.3542561499962,0.0,3000,2025-05-28
2025-05-29,15:00,SELL,1000,19.7,19690.15,15.041976500000002,0.0,0.0,19675.1080235,2000,2025-05-29
2025-05-30,09:25,BUY,1000,19.32,19329.66,5.1932966,0.0,0.0,340.2547269000024,3000,2025-05-29
2025-05-30,15:00,SELL,1000,18.93,18920.535,14.64947285,0.0,0.0,19246.140254050002,2000,2025-05-30
2025-06-03,09:25,BUY,1000,18.82,18829.41,5.1882941,0.0,0.0,411.5419599500019,3000,2025-05-30
2025-06-03,15:00,SELL,1000,18.79,18780.605,14.57810855,0.0,0.0,19177.568851400003,2000,2025-06-03
2025-06-04,09:25,BUY,1000,18.95,18959.475,5.18959475,0.0,0.0,212.90425665000294,3000,2025-06-03
2025-06-04,15:00,SELL,1000,19.43,19420.285,14.90434535,0.0,0.0,19618.2849113,2000,2025-06-04
2025-06-05,09:25,BUY,1000,19.38,19389.69,5.1938969,0.0,0.0,223.40101440000217,3000,2025-06-04
2025-06-05,15:00,SELL,1000,20.56,20549.72,15.480357200000002,0.0,0.0,20757.640657200005,2000,2025-06-05
2025-06-06,09:25,BUY,1000,20.5,20510.25,5.2051025,0.0,0.0,242.185554700005,3000,2025-06-05
2025-06-06,15:00,SELL,1000,20.31,20299.845,15.352920950000001,0.0,0.0,20526.677633750005,2000,2025-06-06
2025-06-09,09:25,BUY,1000,20.52,20530.26,5.2053026,0.0,8.78766884999277,0.0,3000,2025-06-06
2025-06-09,15:00,SELL,1000,20.43,20419.785,15.41409035,0.0,0.0,20404.37090965,2000,2025-06-09
2025-06-10,09:25,BUY,1000,20.45,20460.225,5.20460225,0.0,61.05869259999963,0.0,3000,2025-06-09
2025-06-10,15:00,SELL,1000,20.16,20149.920000000002,15.276459200000001,0.0,0.0,20134.643540800003,2000,2025-06-10
2025-06-11,09:25,BUY,1000,20.25,20260.125,5.20260125,0.0,130.68406044999574,0.0,3000,2025-06-10
2025-06-11,15:00,SELL,1000,20.4,20389.800000000003,15.398798000000003,0.0,0.0,20374.401202000005,2000,2025-06-11
2025-06-12,09:25,BUY,1000,20.25,20260.125,5.20260125,0.0,0.0,109.07360075000543,3000,2025-06-11
2025-06-12,15:00,SELL,1000,20.66,20649.670000000002,15.5313317,0.0,0.0,20743.212269050007,2000,2025-06-12
2025-06-13,09:25,BUY,1000,20.6,20610.3,5.206103,0.0,0.0,127.7061660500076,3000,2025-06-12
2025-06-13,15:00,SELL,1000,20.9,20889.550000000003,15.653670500000002,0.0,0.0,21001.60249555001,2000,2025-06-13
2025-06-16,09:25,BUY,1000,20.85,20860.425,5.20860425,0.0,0.0,135.96889130001,3000,2025-06-13
2025-06-16,15:00,SELL,1000,21.22,21209.39,15.8167889,0.0,0.0,21329.54210240001,2000,2025-06-16
2025-06-17,09:25,BUY,1000,21.31,21320.655,5.21320655,0.0,0.0,3.6738958500100125,3000,2025-06-16
2025-06-17,15:00,SELL,1000,20.6,20589.7,15.500747,0.0,0.0,20577.873148850013,2000,2025-06-17
2025-06-18,09:25,BUY,1000,20.65,20660.324999999997,5.20660325,0.0,87.6584543999852,0.0,3000,2025-06-17
2025-06-18,15:00,SELL,1000,21.16,21149.420000000002,15.786204200000002,0.0,0.0,21133.6337958,2000,2025-06-18
2025-06-19,09:25,BUY,1000,21.1,21110.55,5.2111055,0.0,0.0,17.872690300002432,3000,2025-06-18
2025-06-19,15:00,SELL,1000,20.81,20799.595,15.60779345,0.0,0.0,20801.859896850005,2000,2025-06-19
2025-06-20,09:25,BUY,1000,20.91,20920.454999999998,5.20920455,0.0,123.80430769999293,0.0,3000,2025-06-19
2025-06-20,15:00,SELL,1000,20.59,20579.705,15.495649550000001,0.0,0.0,20564.20935045,2000,2025-06-20
2025-06-23,09:25,BUY,1000,20.43,20440.215,5.20440215,0.0,0.0,118.7899483000001,3000,2025-06-20
2025-06-23,15:00,SELL,1000,20.2,20189.9,15.296849000000002,0.0,0.0,20293.393099300003,2000,2025-06-23
2025-06-24,09:25,BUY,1000,20.41,20420.204999999998,5.20420205,0.0,132.0161027499962,0.0,3000,2025-06-23
2025-06-24,15:00,SELL,1000,20.29,20279.855,15.342726050000001,0.0,0.0,20264.51227395,2000,2025-06-24
2025-06-25,09:25,BUY,1000,20.49,20500.245,5.20500245,0.0,240.93772849999732,0.0,3000,2025-06-24
2025-06-25,15:00,SELL,1000,20.98,20969.510000000002,15.694450100000001,0.0,0.0,20953.815549900002,2000,2025-06-25
2025-06-26,09:25,BUY,1000,21.4,21410.699999999997,5.214107,0.0,462.09855709999465,0.0,3000,2025-06-25
2025-06-26,15:00,SELL,1000,21.04,21029.48,15.725034800000001,0.0,0.0,21013.754965199998,2000,2025-06-26
2025-06-27,09:25,BUY,1000,21.04,21050.52,5.2105052,0.0,41.97554000000309,0.0,3000,2025-06-26
2025-06-27,15:00,SELL,1000,21.35,21339.325,15.88305575,0.0,0.0,21323.44194425,2000,2025-06-27
2025-06-30,09:25,BUY,1000,21.48,21490.739999999998,5.2149074,0.0,172.51296314999854,0.0,3000,2025-06-27
2025-06-30,15:00,SELL,1000,21.38,21369.31,15.898348100000002,0.0,0.0,21353.4116519,2000,2025-06-30
2025-07-01,09:25,BUY,1000,21.26,21270.629999999997,5.2127063,0.0,0.0,77.56894560000364,3000,2025-06-30
2025-07-01,15:00,SELL,1000,21.4,21389.300000000003,15.908543000000002,0.0,0.0,21450.960402600005,2000,2025-07-01
2025-07-02,09:25,BUY,1000,21.2,21210.6,5.212106,0.0,0.0,235.1482966000076,3000,2025-07-01
2025-07-02,15:00,SELL,1000,21.16,21149.420000000002,15.786204200000002,0.0,0.0,21368.782092400008,2000,2025-07-02
2025-07-03,09:25,BUY,1000,21.26,21270.629999999997,5.2127063,0.0,0.0,92.93938610000987,3000,2025-07-02
2025-07-03,15:00,SELL,1000,23.28,23268.36,16.866863600000002,0.0,0.0,23344.43252250001,2000,2025-07-03
2025-07-04,09:25,BUY,1000,23.31,23321.655,5.23321655,0.0,0.0,17.544305950010312,3000,2025-07-03
2025-07-04,15:00,SELL,1000,23.81,23798.095,17.137028450000003,0.0,0.0,23798.50227750001,2000,2025-07-04
2025-07-07,09:25,BUY,1000,23.8,23811.899999999998,5.238119,0.0,18.6358414999886,0.0,3000,2025-07-04
2025-07-07,15:00,SELL,1000,23.98,23968.010000000002,17.223685100000004,0.0,0.0,23950.7863149,2000,2025-07-07
2025-07-08,09:25,BUY,1000,24.88,24892.44,5.2489244,0.0,946.9026094999972,0.0,3000,2025-07-07
2025-07-08,15:00,SELL,1000,26.38,26366.81,18.4470731,0.0,0.0,26348.3629269,2000,2025-07-08
2025-07-09,09:25,BUY,1000,27.0,27013.5,5.270135,0.0,670.4072080999977,0.0,3000,2025-07-08
2025-07-09,15:00,SELL,1000,26.6,26586.7,18.559217000000004,0.0,0.0,26568.140783,2000,2025-07-09
2025-07-10,09:25,BUY,1000,26.9,26913.449999999997,5.2691345,0.0,350.57835149999664,0.0,3000,2025-07-09
2025-07-10,15:00,SELL,1000,26.16,26146.920000000002,18.3349292,0.0,0.0,26128.585070800003,2000,2025-07-10
2025-07-11,09:25,BUY,1000,26.1,26113.05,5.2611305,0.0,0.0,10.273940300005052,3000,2025-07-10
2025-07-11,15:00,SELL,1000,26.0,25987.0,18.25337,0.0,0.0,25979.020570300007,2000,2025-07-11
2025-07-14,09:25,BUY,1000,26.0,26013.0,5.26013,0.0,39.23955969999224,0.0,3000,2025-07-11
2025-07-14,15:00,SELL,1000,25.92,25907.04,18.212590400000003,0.0,0.0,25888.827409600002,2000,2025-07-14
2025-07-15,09:25,BUY,1000,26.3,26313.149999999998,5.2631315,0.0,429.5857218999954,0.0,3000,2025-07-14
2025-07-15,15:00,SELL,1000,27.25,27236.375,18.89055125,0.0,0.0,27217.48444875,2000,2025-07-15
2025-07-16,09:25,BUY,1000,26.99,27003.495,5.27003495,0.0,0.0,208.71941380000135,3000,2025-07-15
2025-07-16,15:00,SELL,1000,26.73,26716.635000000002,18.625483850000002,0.0,0.0,26906.728929950004,2000,2025-07-16
2025-07-17,09:25,BUY,1000,26.63,26643.315,5.26643315,0.0,0.0,258.1474968000075,3000,2025-07-16
2025-07-17,15:00,SELL,1000,27.5,27486.25,19.0179875,0.0,0.0,27725.379509300008,2000,2025-07-17
2025-07-18,09:25,BUY,1000,27.49,27503.745,5.27503745,0.0,0.0,216.35947185000987,3000,2025-07-17
2025-07-18,15:00,SELL,1000,27.11,27096.445,18.819186950000002,0.0,0.0,27293.98528490001,2000,2025-07-18
2025-07-21,09:25,BUY,1000,27.0,27013.5,5.270135,0.0,0.0,275.21514990001015,3000,2025-07-18
2025-07-21,15:00,SELL,1000,27.02,27006.49,18.7733099,0.0,0.0,27262.931840000012,2000,2025-07-21
2025-07-22,09:25,BUY,1000,27.0,27013.5,5.270135,0.0,0.0,244.16170500001317,3000,2025-07-21
2025-07-22,15:00,SELL,1000,26.96,26946.52,18.742725200000002,0.0,0.0,27171.938979800012,2000,2025-07-22
2025-07-23,09:25,BUY,1000,26.5,26513.25,5.2651325,0.0,0.0,653.4238473000114,3000,2025-07-22
2025-07-23,15:00,SELL,1000,26.58,26566.710000000003,18.549022100000002,0.0,0.0,27201.584825200014,2000,2025-07-23
2025-07-24,09:25,BUY,1000,27.19,27203.594999999998,5.27203595,0.0,7.282210749985097,0.0,3000,2025-07-23
2025-07-24,15:00,SELL,1000,28.45,28435.775,19.50224525,0.0,0.0,28416.27275475,2000,2025-07-24
2025-07-25,09:25,BUY,1000,28.45,28464.225,5.28464225,0.0,53.236887499999284,0.0,3000,2025-07-24
2025-07-25,15:00,SELL,1000,28.66,28645.670000000002,19.6092917,0.0,0.0,28626.060708300003,2000,2025-07-25
2025-07-28,09:25,BUY,1000,28.94,28954.469999999998,5.2895447,0.0,333.69883639999534,0.0,3000,2025-07-25
2025-07-28,15:00,SELL,1000,29.57,29555.215,20.07315965,0.0,0.0,29535.14184035,2000,2025-07-28
2025-07-29,09:25,BUY,1000,29.56,29574.78,5.2957478,0.0,44.933907449998514,0.0,3000,2025-07-28
2025-07-29,15:00,SELL,1000,31.19,31174.405000000002,20.89894655,0.0,0.0,31153.50605345,2000,2025-07-29
2025-07-30,09:25,BUY,1000,31.0,31015.5,5.310155,0.0,0.0,132.69589845000155,3000,2025-07-29
2025-07-30,15:00,SELL,1000,33.28,33263.36,21.9643136,0.0,0.0,33374.09158485,2000,2025-07-30
2025-07-31,09:25,BUY,1000,33.26,33276.63,5.3327663,0.0,163.8711814499984,256.0,3000,2025-07-30
2025-07-31,15:00,SELL,1000,34.61,34592.695,22.642274450000002,128.0,0.0,35978.05272555,2000,2025-07-31
2025-08-01,09:25,BUY,1000,34.0,34017.0,5.34017,0.0,0.0,1955.7125555499952,3000,2025-07-31
2025-08-01,15:00,SELL,1000,33.0,32983.5,21.821585000000002,128.0,0.0,34789.39097055,2000,2025-08-01
2025-08-04,09:25,BUY,1000,32.4,32416.199999999997,5.324162,0.0,0.0,2367.8668085499994,3000,2025-08-01
2025-08-04,15:00,SELL,1000,32.97,32953.515,21.80629265,0.0,0.0,35299.5755159,2000,2025-08-04
2025-08-05,09:25,BUY,1000,33.5,33516.75,5.3351675,0.0,0.0,1777.4903483999951,3000,2025-08-04
2025-08-05,15:00,SELL,1000,35.05,35032.475,22.86656225,0.0,0.0,36787.098786149996,2000,2025-08-05
2025-08-06,09:25,BUY,1000,34.1,34117.049999999996,5.3411705,0.0,0.0,2664.707615649997,3000,2025-08-05
2025-08-06,15:00,SELL,1000,34.3,34282.85,22.4842535,0.0,0.0,36925.07336215,2000,2025-08-06
2025-08-07,09:25,BUY,1000,36.2,36218.1,5.362181,0.0,0.0,701.6111811500014,3000,2025-08-06
2025-08-07,15:00,SELL,1000,35.65,35632.175,23.17240925,0.0,0.0,36310.6137719,2000,2025-08-07
2025-08-08,09:25,BUY,1000,35.73,35747.865,5.35747865,0.0,0.0,557.3912932500025,3000,2025-08-07
2025-08-08,15:00,SELL,1000,36.59,36571.705,23.65156955,0.0,0.0,37105.444723700006,2000,2025-08-08
2025-08-11,09:25,BUY,1000,36.5,36518.25,5.3651825,0.0,0.0,581.829541200008,3000,2025-08-08
2025-08-11,15:00,SELL,1000,36.35,36331.825000000004,23.529230750000004,0.0,0.0,36890.125310450014,2000,2025-08-11
2025-08-12,09:25,BUY,1000,36.47,36488.235,5.36488235,0.0,0.0,396.52542810001614,3000,2025-08-11
2025-08-12,15:00,SELL,1000,39.71,39690.145000000004,25.616019583000003,0.0,0.0,40061.05440851702,2000,2025-08-12
2025-08-13,09:25,BUY,1000,39.72,39739.86,5.778175644,0.0,0.0,315.41623287301627,3000,2025-08-12
2025-08-13,15:00,SELL,1000,43.68,43658.16,28.176976464000006,0.0,0.0,43945.39925640902,2000,2025-08-13
2025-08-14,09:25,BUY,1000,43.96,43981.979999999996,6.394979892,0.0,42.97572348297399,0.0,3000,2025-08-13
2025-08-14,15:00,SELL,1000,43.22,43198.39,27.880240906,0.0,0.0,43170.509759094,2000,2025-08-14
2025-08-15,09:25,BUY,1000,42.59,42611.295,6.195682293000001,0.0,0.0,553.0190768009998,3000,2025-08-14
2025-08-15,15:00,SELL,1000,44.86,44837.57,28.938167678000003,0.0,0.0,45361.650909123,2000,2025-08-15
2025-08-18,09:25,BUY,1000,44.8,44822.399999999994,6.51717696,0.0,0.0,532.7337321630039,3000,2025-08-15
2025-08-18,15:00,SELL,1000,44.46,44437.770000000004,28.680136758000003,0.0,0.0,44941.82359540501,2000,2025-08-18
2025-08-19,09:25,BUY,1000,44.02,44042.009999999995,6.403708254,0.0,0.0,893.4098871510141,3000,2025-08-18
2025-08-19,15:00,SELL,1000,48.91,48885.545000000006,31.550730743000003,0.0,0.0,49747.40415640802,2000,2025-08-19
2025-08-20,09:25,BUY,1000,46.5,46523.25,6.76448055,0.0,0.0,3217.389675858016,3000,2025-08-19
2025-08-20,15:00,SELL,1000,47.91,47886.045000000006,30.905653443000006,0.0,0.0,51072.52902241502,2000,2025-08-20
2025-08-21,09:25,BUY,1000,47.42,47443.71,6.898315434000001,0.0,0.0,3621.920706981022,3000,2025-08-20
2025-08-21,15:00,SELL,1000,45.29,45267.355,29.215550917000005,0.0,0.0,48860.06015606403,2000,2025-08-21
2025-08-22,09:25,BUY,1000,44.5,44522.25,6.47353515,0.0,0.0,4331.3366209140295,3000,2025-08-21
2025-08-22,15:00,SELL,1000,45.83,45807.085,29.563892659000004,0.0,0.0,50108.857728255025,2000,2025-08-22
2025-08-25,09:25,BUY,1000,46.5,46523.25,6.76448055,0.0,0.0,3578.843247705023,3000,2025-08-22
2025-08-25,15:00,SELL,1000,48.0,47976.0,30.963710400000004,0.0,0.0,51523.87953730502,2000,2025-08-25
2025-08-26,09:25,BUY,1000,46.88,46903.439999999995,6.819760176,0.0,0.0,4613.619777129032,3000,2025-08-25
2025-08-26,15:00,SELL,1000,45.48,45457.26,29.338115604000002,0.0,0.0,50041.541661525036,2000,2025-08-26
2025-08-27,09:25,BUY,1000,45.0,45022.5,6.5462715000000005,0.0,0.0,5012.495390025033,3000,2025-08-26
2025-08-27,15:00,SELL,1000,45.72,45697.14,29.492934156000004,0.0,0.0,50680.142455869034,2000,2025-08-27
2025-08-28,09:25,BUY,1000,44.6,44622.299999999996,6.48808242,0.0,0.0,6051.354373449038,3000,2025-08-27
2025-08-28,15:00,SELL,1000,48.94,48915.530000000006,31.57008306200001,0.0,0.0,54935.31429038705,2000,2025-08-28
2025-08-29,09:25,BUY,1000,48.0,48024.0,6.9826896000000005,0.0,0.0,6904.331600787045,3000,2025-08-28
2025-08-29,15:00,SELL,1000,53.83,53803.08500000001,34.72451105900001,0.0,0.0,60672.69208972805,2000,2025-08-29
2025-09-01,09:25,BUY,1000,53.99,54016.994999999995,7.854071073,0.0,0.0,6647.843018655054,3000,2025-08-29
2025-09-01,15:00,SELL,1000,55.62,55592.19,35.879199426,0.0,0.0,62204.15381922905,2000,2025-09-01
2025-09-02,09:25,BUY,1000,56.7,56728.35,8.248302090000001,0.0,0.0,5467.5555171390515,3000,2025-09-01
2025-09-02,15:00,SELL,1000,53.88,53853.060000000005,34.75676492400001,0.0,0.0,59285.858752215056,2000,2025-09-02
2025-09-03,09:25,BUY,1000,53.88,53906.939999999995,7.838069076,0.0,0.0,5371.080683139058,3000,2025-09-02
2025-09-03,15:00,SELL,1000,54.24,54212.880000000005,34.988992752,0.0,0.0,59548.971690387065,2000,2025-09-03
2025-09-04,09:25,BUY,1000,56.5,56528.25,8.21920755,0.0,0.0,3012.502482837066,3000,2025-09-03
2025-09-04,15:00,SELL,1000,53.13,53103.435000000005,34.272956949000005,0.0,0.0,56081.664525888074,2000,2025-09-04
2025-09-05,09:25,BUY,1000,53.3,53326.649999999994,7.75369491,0.0,0.0,2747.260830978077,3000,2025-09-04
2025-09-05,15:00,SELL,1000,55.83,55802.08500000001,36.014665659,0.0,0.0,58513.33116531908,2000,2025-09-05
2025-09-08,09:25,BUY,1000,55.0,55027.5,8.000998500000001,0.0,0.0,3477.8301668190834,3000,2025-09-05
2025-09-08,15:00,SELL,1000,51.4,51374.3,33.156973220000005,0.0,0.0,54818.973193599086,2000,2025-09-08
2025-09-09,09:25,BUY,1000,50.4,50425.2,7.3318240800000005,0.0,0.0,4386.441369519089,3000,2025-09-08
2025-09-09,15:00,SELL,1000,48.79,48765.605,31.473321467000005,0.0,0.0,53120.573048052094,2000,2025-09-09
2025-09-10,09:25,BUY,1000,51.6,51625.799999999996,7.50639132,0.0,0.0,1487.2666567320994,3000,2025-09-09
2025-09-10,15:00,SELL,1000,53.67,53643.165,34.62129869100001,0.0,0.0,55095.8103580411,2000,2025-09-10
2025-09-11,09:25,BUY,1000,55.8,55827.899999999994,8.11737666,0.0,740.2070186188939,0.0,3000,2025-09-10
2025-09-11,15:00,SELL,1000,59.04,59010.48,38.085363792,0.0,0.0,58972.394636208,2000,2025-09-11
2025-09-12,09:25,BUY,1000,58.88,58909.439999999995,8.565432576,0.0,0.0,54.38920363201032,3000,2025-09-11
2025-09-12,15:00,SELL,1000,61.9,61869.05,39.93028487000001,0.0,0.0,61883.50891876201,2000,2025-09-12
2025-09-15,09:25,BUY,1000,60.0,60030.0,8.728362,0.0,0.0,1844.780556762009,3000,2025-09-12
2025-09-15,15:00,SELL,1000,59.9,59870.05,38.64013027,0.0,0.0,61676.19042649201,2000,2025-09-15
2025-09-16,09:25,BUY,1000,59.87,59899.935,8.709450549,0.0,0.0,1767.5459759430087,3000,2025-09-15
2025-09-16,15:00,SELL,1000,59.73,59700.135,38.530467129,0.0,0.0,61429.15050881401,2000,2025-09-16
2025-09-17,09:25,BUY,1000,58.9,58929.45,8.56834203,0.0,0.0,2491.1321667840166,3000,2025-09-16
2025-09-17,15:00,SELL,1000,61.12,61089.44,39.427124576000004,0.0,0.0,63541.145042208016,2000,2025-09-17
2025-09-18,09:25,BUY,1000,59.39,59419.695,8.639623653000001,0.0,0.0,4112.810418555018,3000,2025-09-17
2025-09-18,15:00,SELL,1000,64.36,64327.82000000001,41.51717502800001,0.0,0.0,68399.11324352703,2000,2025-09-18
2025-09-19,09:25,BUY,1000,65.64,65672.81999999999,9.548828027999999,0.0,0.0,2716.744415499037,3000,2025-09-18
2025-09-19,15:00,SELL,1000,66.1,66066.95,42.63960953,0.0,0.0,68741.05480596903,2000,2025-09-19
2025-09-22,09:25,BUY,1000,66.55,66583.275,9.681208185,0.0,0.0,2148.0985977840464,3000,2025-09-19
2025-09-22,15:00,SELL,1000,70.5,70464.75,45.477949650000006,0.0,0.0,72567.37064813405,2000,2025-09-22
2025-09-23,09:25,BUY,1000,74.72,74757.36,10.869720144000002,0.0,2200.8590720099455,0.0,3000,2025-09-22
2025-09-23,15:00,SELL,1000,70.87,70834.565,45.716628251,0.0,0.0,70788.848371749,2000,2025-09-23
2025-09-24,09:25,BUY,1000,68.8,68834.4,10.00852176,0.0,0.0,1944.4398499890085,3000,2025-09-23
2025-09-24,15:00,SELL,1000,68.63,68595.685,44.271655099,0.0,0.0,70495.85319489,2000,2025-09-24
2025-09-25,09:25,BUY,1000,67.88,67913.94,9.874686876000002,0.0,0.0,2572.0385080139968,3000,2025-09-24
2025-09-25,15:00,SELL,1000,68.46,68425.77,44.161991958,0.0,0.0,70953.646516056,2000,2025-09-25
2025-09-26,09:25,BUY,1000,67.55,67583.775,9.826680885,0.0,0.0,3360.0448351710074,3000,2025-09-25
2025-09-26,15:00,SELL,1000,64.87,64837.56500000001,41.84616445100001,0.0,0.0,68155.76367072001,2000,2025-09-26
2025-09-29,09:25,BUY,1000,64.85,64882.42499999999,9.433904595,0.0,0.0,3263.9047661250297,3000,2025-09-26
2025-09-29,15:00,SELL,1000,66.58,66546.71,42.949246634000005,0.0,0.0,69767.66551949104,2000,2025-09-29
2025-09-30,09:25,BUY,1000,66.8,66833.4,9.717576359999999,0.0,0.0,2924.5479431310523,3000,2025-09-29
2025-09-30,15:00,SELL,1000,66.01,65976.99500000001,42.58155257300001,0.0,0.0,68858.96139055806,2000,2025-09-30
2025-10-09,09:25,BUY,1000,67.11,67143.555,9.762672897,0.0,0.0,1705.6437176610634,3000,2025-09-30
2025-10-09,15:00,SELL,1000,68.45,68415.77500000001,44.15554118500001,0.0,0.0,70077.26317647607,2000,2025-10-09
2025-10-10,09:25,BUY,1000,68.31,68344.155,9.937240137,0.0,0.0,1723.1709363390692,3000,2025-10-09
2025-10-10,15:00,SELL,1000,66.41,66376.795,42.839583493,0.0,0.0,68057.12635284607,2000,2025-10-10
2025-10-13,09:25,BUY,1000,61.0,61030.5,8.873834700000002,0.0,0.0,7017.752518146066,3000,2025-10-10
2025-10-13,15:00,SELL,1000,63.48,63448.26,40.949507004,0.0,0.0,70425.06301114208,2000,2025-10-13
2025-10-14,09:25,BUY,1000,64.99,65022.49499999999,9.454270773,0.0,0.0,5393.113740369088,3000,2025-10-13
2025-10-14,15:00,SELL,1000,59.72,59690.14000000001,38.524016356000004,0.0,0.0,65044.729724013094,2000,2025-10-14
2025-10-15,09:25,BUY,1000,59.72,59749.85999999999,8.687629644,0.0,0.0,5286.182094369098,3000,2025-10-14
2025-10-15,15:00,SELL,1000,63.38,63348.310000000005,40.88499927400001,0.0,0.0,68593.6070950951,2000,2025-10-15
2025-10-16,09:25,BUY,1000,62.0,62031.0,9.0193074,0.0,0.0,6553.587787695098,3000,2025-10-15
2025-10-16,15:00,SELL,1000,63.59,63558.205,41.020465507000004,0.0,0.0,70070.7723221881,2000,2025-10-16
2025-10-17,09:25,BUY,1000,63.0,63031.5,9.1647801,0.0,0.0,7030.1075420881025,3000,2025-10-16
2025-10-17,15:00,SELL,1000,60.01,59979.995,38.711088773,0.0,0.0,66971.3914533151,2000,2025-10-17
2025-10-20,09:25,BUY,1000,62.0,62031.0,9.0193074,0.0,0.0,4931.372145915098,3000,2025-10-17
2025-10-20,15:00,SELL,1000,62.06,62028.97,40.033497238,0.0,0.0,66920.3086486771,2000,2025-10-20
2025-10-21,09:25,BUY,1000,62.94,62971.469999999994,9.156051737999999,0.0,0.0,3939.682596939114,3000,2025-10-20
2025-10-21,15:00,SELL,1000,68.0,67966.0,43.86525640000001,0.0,0.0,71861.81734053913,2000,2025-10-21
2025-10-22,09:25,BUY,1000,66.99,67023.495,9.745216173,0.0,0.0,4828.577124366129,3000,2025-10-21
2025-10-22,15:00,SELL,1000,65.46,65427.27,42.226760058,0.0,0.0,70213.62036430812,2000,2025-10-22
2025-10-23,09:25,BUY,1000,64.8,64832.399999999994,9.42663096,0.0,0.0,5371.793733348131,3000,2025-10-22
2025-10-23,15:00,SELL,1000,63.99,63958.005000000005,41.27849642700001,0.0,0.0,69288.52023692113,2000,2025-10-23
2025-10-24,09:25,BUY,1000,65.18,65212.590000000004,9.481910586000001,0.0,0.0,4066.4483263351285,3000,2025-10-23
2025-10-24,15:00,SELL,1000,67.25,67216.375,43.381448425,0.0,0.0,71239.44187791013,2000,2025-10-24
2025-10-27,09:25,BUY,1000,69.26,69294.62999999999,10.075439201999998,0.0,0.0,1934.7364387081325,3000,2025-10-24
2025-10-27,15:00,SELL,1000,72.76,72723.62000000001,46.93582434800001,0.0,0.0,74611.42061436015,2000,2025-10-27
2025-10-28,09:25,BUY,1000,71.18,71215.59,10.354746786000002,0.0,0.0,3385.475867574147,3000,2025-10-27
2025-10-28,15:00,SELL,1000,73.99,73953.005,47.729269427000006,0.0,0.0,77290.75159814715,2000,2025-10-28
2025-10-29,09:25,BUY,1000,78.12,78159.06,11.364327324,0.0,879.6727291768475,0.0,3000,2025-10-28
2025-10-29,15:00,SELL,1000,80.8,80759.6,52.122245840000005,0.0,0.0,80707.47775416,2000,2025-10-29
2025-10-30,09:25,BUY,1000,80.0,80040.0,11.637816,0.0,0.0,655.8399381600029,3000,2025-10-29
2025-10-30,15:00,SELL,1000,77.97,77931.015,50.296677081,0.0,0.0,78536.558261079,2000,2025-10-30
2025-10-31,09:25,BUY,1000,77.95,77988.97499999999,11.339596965,0.0,0.0,536.2436641140084,3000,2025-10-30
2025-10-31,15:00,SELL,1000,72.0,71964.0,46.44556560000001,0.0,0.0,72453.798098514,2000,2025-10-31
2025-11-03,09:25,BUY,1000,70.36,70395.18,10.235459172,0.0,0.0,2048.382639342002,3000,2025-10-31
2025-11-03,15:00,SELL,1000,74.89,74852.55500000001,48.309838997000014,0.0,0.0,76852.62780034501,2000,2025-11-03
2025-11-04,09:25,BUY,1000,74.77,74807.385,10.876993779000001,0.0,0.0,2034.365806566013,3000,2025-11-03
2025-11-04,15:00,SELL,1000,73.49,73453.255,47.40673077700001,0.0,0.0,75440.21407578902,2000,2025-11-04
2025-11-05,09:25,BUY,1000,70.31,70345.155,10.228185537000002,0.0,0.0,5084.830890252022,3000,2025-11-04
2025-11-05,15:00,SELL,1000,75.24,75202.38,48.53561605200001,0.0,0.0,80238.67527420002,2000,2025-11-05
2025-11-06,09:25,BUY,1000,75.24,75277.62,10.945365948,0.0,0.0,4950.109908252023,3000,2025-11-05
2025-11-06,15:00,SELL,1000,76.22,76181.89,49.167791806,0.0,0.0,81082.83211644602,2000,2025-11-06
2025-11-07,09:25,BUY,1000,74.07,74107.03499999999,10.775162888999999,0.0,0.0,6965.021953557036,3000,2025-11-06
2025-11-07,15:00,SELL,1000,72.7,72663.65000000001,46.89711971000001,0.0,0.0,79581.77483384704,2000,2025-11-07
2025-11-10,09:25,BUY,1000,72.0,72036.0,10.4740344,0.0,0.0,7535.300799447039,3000,2025-11-07
2025-11-10,15:00,SELL,1000,71.5,71464.25,46.12302695,0.0,0.0,78953.42777249705,2000,2025-11-10
2025-11-11,09:25,BUY,1000,72.0,72036.0,10.4740344,0.0,0.0,6906.953738097043,3000,2025-11-10
2025-11-11,15:00,SELL,1000,68.03,67995.985,43.884608719000006,0.0,0.0,74859.05412937804,2000,2025-11-11
2025-11-12,09:25,BUY,1000,66.45,66483.22499999999,9.666660915,0.0,0.0,8366.162468463051,3000,2025-11-11
2025-11-12,15:00,SELL,1000,68.6,68565.7,44.25230278,0.0,0.0,76887.61016568304,2000,2025-11-12
2025-11-13,09:25,BUY,1000,67.58,67613.79,9.831045066,0.0,0.0,9263.989120617043,3000,2025-11-12
2025-11-13,15:00,SELL,1000,67.99,67956.005,43.858805627,0.0,0.0,77176.13531499005,2000,2025-11-13
2025-11-14,09:25,BUY,1000,65.8,65832.9,9.57210366,0.0,0.0,11333.663211330058,3000,2025-11-13
2025-11-14,15:00,SELL,1000,64.27,64237.865,41.459118071000006,0.0,0.0,75530.06909325905,2000,2025-11-14
2025-11-17,09:25,BUY,1000,64.39,64422.195,9.366987153000002,0.0,0.0,11098.507106106052,3000,2025-11-14
2025-11-17,15:00,SELL,1000,64.94,64907.530000000006,41.891319862,0.0,0.0,75964.14578624406,2000,2025-11-17
2025-11-18,09:25,BUY,1000,63.65,63681.825,9.259337355,0.0,0.0,12273.061448889064,3000,2025-11-17
2025-11-18,15:00,SELL,1000,64.72,64687.64000000001,41.749402856,0.0,0.0,76918.95204603307,2000,2025-11-18
2025-11-19,09:25,BUY,1000,64.5,64532.25,9.382989150000002,0.0,0.0,12377.319056883069,3000,2025-11-18
2025-11-19,15:00,SELL,1000,65.06,65027.47,41.968729138,0.0,0.0,77362.82032774507,2000,2025-11-19
2025-11-20,09:25,BUY,1000,68.06,68094.03,9.900871962,0.0,0.0,9258.889455783064,3000,2025-11-19
2025-11-20,15:00,SELL,1000,65.94,65907.03,42.536397162,0.0,0.0,75123.38305862107,2000,2025-11-20
2025-11-21,09:25,BUY,1000,63.05,63081.524999999994,9.172053734999999,0.0,0.0,12032.686004886076,3000,2025-11-20
2025-11-21,15:00,SELL,1000,60.67,60639.665,39.136839791,0.0,0.0,72633.21416509508,2000,2025-11-21
2025-11-24,09:25,BUY,1000,61.0,61030.5,8.873834700000002,0.0,0.0,11593.840330395076,3000,2025-11-21
2025-11-24,15:00,SELL,1000,55.94,55912.030000000006,36.085624162,0.0,0.0,67469.78470623308,2000,2025-11-24
2025-11-25,09:25,BUY,1000,56.36,56388.18,8.198841372,0.0,0.0,11073.40586486108,3000,2025-11-24
2025-11-25,15:00,SELL,1000,56.61,56581.695,36.517825953,0.0,0.0,67618.58303890808,2000,2025-11-25
2025-11-26,09:25,BUY,1000,55.31,55337.655,8.046095037,0.0,0.0,12272.881943871078,3000,2025-11-25
2025-11-26,15:00,SELL,1000,58.93,58900.535,38.014405289,0.0,0.0,71135.40253858207,2000,2025-11-26
2025-11-27,09:25,BUY,1000,60.02,60050.009999999995,8.731271454,0.0,0.0,11076.661267128075,3000,2025-11-26
2025-11-27,15:00,SELL,1000,60.27,60239.865000000005,38.878808871000004,0.0,0.0,71277.64745825708,2000,2025-11-27
2025-11-28,09:25,BUY,1000,60.24,60270.119999999995,8.763275448,0.0,0.0,10998.764182809085,3000,2025-11-27
2025-11-28,15:00,SELL,1000,60.72,60689.64000000001,39.16909365600001,0.0,0.0,71649.2350891531,2000,2025-11-28
2025-12-01,09:25,BUY,1000,60.03,60060.015,8.732726181,0.0,0.0,11580.487362972097,3000,2025-11-28
2025-12-01,15:00,SELL,1000,59.81,59780.095,38.582073313,0.0,0.0,71322.0002896591,2000,2025-12-01
2025-12-02,09:25,BUY,1000,59.83,59859.91499999999,8.703631641,0.0,0.0,11453.381658018108,3000,2025-12-01
2025-12-02,15:00,SELL,1000,60.96,60929.520000000004,39.323912208,0.0,0.0,72343.57774581012,2000,2025-12-02
2025-12-03,09:25,BUY,1000,61.0,61030.5,8.873834700000002,0.0,0.0,11304.203911110118,3000,2025-12-02
2025-12-03,15:00,SELL,1000,61.68,61649.16,39.78836786400001,0.0,0.0,72913.57554324612,2000,2025-12-03
2025-12-04,09:25,BUY,1000,60.88,60910.439999999995,8.856377976,0.0,0.0,11994.27916527012,3000,2025-12-03
2025-12-04,15:00,SELL,1000,61.4,61369.3,39.60774622,0.0,0.0,73323.97141905013,2000,2025-12-04
2025-12-05,09:25,BUY,1000,61.99,62020.994999999995,9.017852673,0.0,0.0,11293.958566377129,3000,2025-12-04
2025-12-05,15:00,SELL,1000,61.12,61089.44,39.427124576000004,0.0,0.0,72343.97144180113,2000,2025-12-05
2025-12-08,09:25,BUY,1000,60.75,60780.375,8.837466525000002,0.0,0.0,11554.758975276127,3000,2025-12-05
2025-12-08,15:00,SELL,1000,63.41,63378.295000000006,40.90435159300001,0.0,0.0,74892.14962368313,2000,2025-12-08
2025-12-09,09:25,BUY,1000,64.0,64032.0,9.3102528,0.0,0.0,10850.839370883128,3000,2025-12-08
2025-12-09,15:00,SELL,1000,67.99,67956.005,43.858805627,0.0,0.0,78762.98556525614,2000,2025-12-09
2025-12-10,09:25,BUY,1000,66.84,66873.42,9.723395267999999,0.0,0.0,11879.842169988144,3000,2025-12-09
2025-12-10,15:00,SELL,1000,65.21,65177.395,42.065490733000004,0.0,0.0,77015.17167925515,2000,2025-12-10
2025-12-11,09:25,BUY,1000,64.01,64042.005000000005,9.311707527000001,0.0,0.0,12963.854971728142,3000,2025-12-10
2025-12-11,15:00,SELL,1000,62.3,62268.850000000006,40.188315790000004,0.0,0.0,75192.51665593815,2000,2025-12-11
2025-12-12,09:25,BUY,1000,61.0,61030.5,8.873834700000002,0.0,0.0,14153.142821238143,3000,2025-12-11
2025-12-12,15:00,SELL,1000,61.75,61719.125,39.833523275000005,0.0,0.0,75832.43429796313,2000,2025-12-12
2025-12-15,09:25,BUY,1000,59.5,59529.75,8.655625650000001,0.0,0.0,16294.028672313136,3000,2025-12-12
2025-12-15,15:00,SELL,1000,59.14,59110.43,38.149871522000005,0.0,0.0,75366.30880079113,2000,2025-12-15
2025-12-16,09:25,BUY,1000,58.95,58979.475,8.575615665,0.0,0.0,16378.258185126128,3000,2025-12-15
2025-12-16,15:00,SELL,1000,58.95,58920.525,38.027306835000005,0.0,0.0,75260.75587829112,2000,2025-12-16
2025-12-17,09:25,BUY,1000,59.1,59129.549999999996,8.59743657,0.0,0.0,16122.608441721124,3000,2025-12-16
2025-12-17,15:00,SELL,1000,61.5,61469.25,39.67225395,0.0,0.0,77552.18618777112,2000,2025-12-17
2025-12-18,09:25,BUY,1000,59.56,59589.78,8.664354012,0.0,0.0,17953.741833759123,3000,2025-12-17
2025-12-18,15:00,SELL,1000,58.28,58250.86,37.595105044,0.0,0.0,76167.00672871512,2000,2025-12-18
2025-12-19,09:25,BUY,1000,59.19,59219.594999999994,8.610529113,0.0,0.0,16938.801199602123,3000,2025-12-18
2025-12-19,15:00,SELL,1000,58.3,58270.850000000006,37.60800659,0.0,0.0,75172.04319301213,2000,2025-12-19
2025-12-22,09:25,BUY,1000,59.47,59499.73499999999,8.651261469,0.0,0.0,15663.656931543133,3000,2025-12-19
2025-12-22,15:00,SELL,1000,60.62,60589.69,39.104585926000006,0.0,0.0,76214.24234561714,2000,2025-12-22
2025-12-23,09:25,BUY,1000,60.56,60590.28,8.809826712000001,0.0,0.0,15615.152518905139,3000,2025-12-22
2025-12-23,15:00,SELL,1000,62.86,62828.57000000001,40.54955907800001,0.0,0.0,78403.17295982715,2000,2025-12-23
2025-12-24,09:25,BUY,1000,64.18,64212.090000000004,9.336437886,0.0,0.0,14181.746521941146,3000,2025-12-23
2025-12-24,15:00,SELL,1000,65.14,65107.43,42.020335322,0.0,0.0,79247.15618661915,2000,2025-12-24
2025-12-25,09:25,BUY,1000,65.4,65432.700000000004,9.513914580000002,0.0,0.0,13804.942272039145,3000,2025-12-24
2025-12-25,15:00,SELL,1000,66.72,66686.64,43.039557456000004,0.0,0.0,80448.54271458315,2000,2025-12-25
2025-12-26,09:25,BUY,1000,66.5,66533.25,9.67393455,0.0,0.0,13905.618780033154,3000,2025-12-25
2025-12-26,15:00,SELL,1000,63.84,63808.08,41.181734832000004,0.0,0.0,77672.51704520115,2000,2025-12-26
2025-12-29,09:25,BUY,1000,63.74,63771.869999999995,9.272429898,0.0,0.0,13891.374615303153,3000,2025-12-26
2025-12-29,15:00,SELL,1000,65.24,65207.38,42.084843052000004,0.0,0.0,79056.66977225116,2000,2025-12-29
2025-12-30,09:25,BUY,1000,63.8,63831.899999999994,9.28115826,0.0,0.0,15215.488613991169,3000,2025-12-29
2025-12-30,15:00,SELL,1000,64.23,64197.88500000001,41.43331497900001,0.0,0.0,79371.94029901217,2000,2025-12-30
2025-12-31,09:25,BUY,1000,64.24,64272.11999999999,9.345166248,0.0,0.0,15090.475132764186,3000,2025-12-30
2025-12-31,15:00,SELL,1000,62.05,62018.975000000006,40.027046465000005,0.0,0.0,77069.42308629918,2000,2025-12-31
2026-01-05,09:25,BUY,1000,63.29,63321.645,9.206967183000001,0.0,0.0,13738.571119116183,3000,2025-12-31
2026-01-05,15:00,SELL,1000,63.67,63638.165,41.072071691000005,0.0,0.0,77335.66404742518,2000,2026-01-05
2026-01-06,09:25,BUY,1000,63.67,63701.835,9.262246809,0.0,0.0,13624.56680061618,3000,2026-01-05
2026-01-06,15:00,SELL,1000,64.05,64017.975000000006,41.317201065000006,0.0,0.0,77601.22459955118,2000,2026-01-06
2026-01-07,09:25,BUY,1000,63.41,63441.704999999994,9.224423907,0.0,0.0,14150.295175644183,3000,2026-01-06
2026-01-07,15:00,SELL,1000,63.15,63118.425,40.736631495000005,0.0,0.0,77227.98354414919,2000,2026-01-07
2026-01-08,09:25,BUY,1000,63.31,63341.655,9.209876637,0.0,0.0,13877.118667512186,3000,2026-01-07
2026-01-08,15:00,SELL,1000,61.33,61299.33500000001,39.56259080900001,0.0,0.0,75136.89107670319,2000,2026-01-08
2026-01-09,09:25,BUY,1000,60.5,60530.25,8.801098350000002,0.0,0.0,14597.839978353193,3000,2026-01-08
2026-01-09,15:00,SELL,1000,61.48,61449.26,39.659352404,0.0,0.0,76007.4406259492,2000,2026-01-09
2026-01-12,09:25,BUY,1000,61.49,61520.744999999995,8.945116323,0.0,0.0,14477.750509626203,3000,2026-01-09
2026-01-12,15:00,SELL,1000,60.93,60899.535,39.304559889000004,0.0,0.0,75337.9809497372,2000,2026-01-12
2026-01-13,09:25,BUY,1000,60.78,60810.39,8.841830706,0.0,0.0,14518.749119031207,3000,2026-01-12
2026-01-13,15:00,SELL,1000,59.43,59400.285,38.33694393900001,0.0,0.0,73880.69717509221,2000,2026-01-13
2026-01-14,09:25,BUY,1000,60.1,60130.049999999996,8.74290927,0.0,0.0,13741.904265822217,3000,2026-01-13
2026-01-14,15:00,SELL,1000,60.0,59970.0,38.704638,0.0,0.0,73673.1996278222,2000,2026-01-14
2026-01-15,09:25,BUY,1000,59.3,59329.649999999994,8.626531109999998,0.0,0.0,14334.923096712213,3000,2026-01-14
2026-01-15,15:00,SELL,1000,60.79,60759.605,39.214249067000004,0.0,0.0,75055.31384764521,2000,2026-01-15
2026-01-16,09:25,BUY,1000,61.2,61230.6,8.90292924,0.0,0.0,13815.810918405215,3000,2026-01-15
2026-01-16,15:00,SELL,1000,63.0,62968.5,40.63986990000001,66.0,0.0,77337.67104850522,2000,2026-01-16
2026-01-19,09:25,BUY,1000,62.11,62141.05499999999,9.035309397,0.0,0.0,15187.580739108227,3000,2026-01-16
2026-01-19,15:00,SELL,1000,60.9,60869.55,39.285207570000004,66.0,0.0,75951.84553153823,2000,2026-01-19
2026-01-20,09:25,BUY,1000,60.3,60330.149999999994,8.772003810000001,0.0,0.0,15612.923527728235,3000,2026-01-19
2026-01-20,15:00,SELL,1000,59.67,59640.165,38.491762491,0.0,0.0,75214.59676523723,2000,2026-01-20
2026-01-21,09:25,BUY,1000,58.71,58739.354999999996,8.540702217,0.0,0.0,16466.701063020242,3000,2026-01-20
2026-01-21,15:00,SELL,1000,61.56,61529.22,39.710958588000004,0.0,0.0,77956.21010443225,2000,2026-01-21
2026-01-22,09:25,BUY,1000,61.69,61720.844999999994,8.974210863,0.0,0.0,16226.390893569253,3000,2026-01-21
2026-01-22,15:00,SELL,1000,62.75,62718.625,40.478600575,0.0,0.0,78904.53729299425,2000,2026-01-22
2026-01-23,09:25,BUY,1000,62.0,62031.0,9.0193074,0.0,0.0,16864.517985594255,3000,2026-01-22
2026-01-23,15:00,SELL,1000,60.11,60079.945,38.775596503,0.0,0.0,76905.68738909125,2000,2026-01-23
2026-01-26,09:25,BUY,1000,60.09,60120.045,8.741454543000001,0.0,0.0,16776.900934548255,3000,2026-01-23
2026-01-26,15:00,SELL,1000,59.26,59230.37,38.227280798,0.0,0.0,75969.04365375027,2000,2026-01-26
2026-01-27,09:25,BUY,1000,59.51,59539.755,8.657080377,0.0,0.0,16420.63157337327,3000,2026-01-26
2026-01-27,15:00,SELL,1000,60.97,60939.51500000001,39.33036298100001,0.0,0.0,77320.81621039228,2000,2026-01-27
2026-01-28,09:25,BUY,1000,62.3,62331.149999999994,9.06294921,0.0,0.0,14980.603261182288,3000,2026-01-27
2026-01-28,15:00,SELL,1000,60.69,60659.655000000006,39.14974133700001,0.0,0.0,75601.1085198453,2000,2026-01-28
2026-01-29,09:25,BUY,1000,60.68,60710.34,8.827283436,0.0,0.0,14881.941236409293,3000,2026-01-28
2026-01-29,15:00,SELL,1000,57.6,57571.200000000004,37.156452480000006,0.0,0.0,72415.9847839293,2000,2026-01-29
2026-01-30,09:25,BUY,1000,57.0,57028.5,8.2919439,0.0,0.0,15379.192840029304,3000,2026-01-29
2026-01-30,15:00,SELL,1000,57.7,57671.15,37.22096021,0.0,0.0,73013.12187981931,2000,2026-01-30
2026-02-02,09:25,BUY,1000,56.8,56828.399999999994,8.262849359999999,0.0,0.0,16176.459030459322,3000,2026-01-30
2026-02-02,15:00,SELL,1000,55.68,55652.16,35.917904064000005,0.0,0.0,71792.70112639532,2000,2026-02-02
2026-02-03,09:25,BUY,1000,56.3,56328.149999999994,8.19011301,0.0,0.0,15456.361013385322,3000,2026-02-02
2026-02-03,15:00,SELL,1000,55.75,55722.125,35.963059475,0.0,0.0,71142.52295391032,2000,2026-02-03
2026-02-04,09:25,BUY,1000,54.69,54717.344999999994,7.955901963,0.0,0.0,16417.22205194732,3000,2026-02-03
2026-02-04,15:00,SELL,1000,53.41,53383.295000000006,34.45357859300001,0.0,0.0,69766.06347335433,2000,2026-02-04
2026-02-05,09:25,BUY,1000,52.27,52296.134999999995,7.603858029,0.0,0.0,17462.324615325335,3000,2026-02-04
2026-02-05,15:00,SELL,1000,53.88,53853.060000000005,34.75676492400001,0.0,0.0,71280.62785040133,2000,2026-02-05
2026-02-06,09:25,BUY,1000,53.0,53026.5,7.7100531000000005,0.0,0.0,18246.41779730133,3000,2026-02-05
2026-02-06,15:00,SELL,1000,54.4,54372.8,35.09220512,0.0,0.0,72584.12559218133,2000,2026-02-06
2026-02-09,09:25,BUY,1000,56.2,56228.1,8.17556574,0.0,0.0,16347.85002644133,3000,2026-02-06
2026-02-09,15:00,SELL,1000,55.52,55492.240000000005,35.814691696000004,0.0,0.0,71804.27533474533,2000,2026-02-09
2026-02-10,09:25,BUY,1000,55.73,55757.865,8.107193571000002,0.0,0.0,16038.303141174329,3000,2026-02-09
2026-02-10,15:00,SELL,1000,56.07,56041.965000000004,36.169484211000004,0.0,0.0,72044.09865696332,2000,2026-02-10
2026-02-11,09:25,BUY,1000,55.6,55627.799999999996,8.08828212,0.0,0.0,16408.21037484333,3000,2026-02-10
2026-02-11,15:00,SELL,1000,55.2,55172.4,35.60826696,0.0,0.0,71545.00210788334,2000,2026-02-11
2026-02-12,09:25,BUY,1000,55.35,55377.674999999996,8.051913945,0.0,0.0,16159.275193938345,3000,2026-02-11
2026-02-12,15:00,SELL,1000,55.33,55302.33500000001,35.69212700900001,0.0,0.0,71425.91806692936,2000,2026-02-12
2026-02-13,09:25,BUY,1000,54.45,54477.225,7.920988515,0.0,0.0,16940.77207841436,3000,2026-02-12
2026-02-13,15:00,SELL,1000,54.75,54722.625,35.317982175000004,0.0,0.0,71628.07909623935,2000,2026-02-13
2026-02-24,09:25,BUY,1000,55.41,55437.704999999994,8.060642307,0.0,0.0,16182.313453932358,3000,2026-02-13
2026-02-24,15:00,SELL,1000,55.38,55352.310000000005,35.724380874000005,0.0,0.0,71498.89907305836,2000,2026-02-24
2026-02-25,09:25,BUY,1000,55.81,55837.905,8.118831387,0.0,0.0,15652.875241671361,3000,2026-02-24
2026-02-25,15:00,SELL,1000,57.39,57361.305,37.020986247,0.0,0.0,72977.15925542437,2000,2026-02-25
2026-02-26,09:25,BUY,1000,57.4,57428.7,8.350132980000001,0.0,0.0,15540.109122444373,3000,2026-02-25
2026-02-26,15:00,SELL,1000,57.95,57921.025,37.38222953500001,0.0,0.0,73423.75189290938,2000,2026-02-26
2026-02-27,09:25,BUY,1000,56.3,56328.149999999994,8.19011301,0.0,0.0,17087.411779899383,3000,2026-02-26
2026-02-27,15:00,SELL,1000,55.7,55672.15,35.93080561000001,0.0,0.0,72723.63097428938,2000,2026-02-27
2026-03-02,09:25,BUY,1000,54.0,54027.0,7.855525800000001,0.0,0.0,18688.77544848938,3000,2026-02-27
2026-03-02,15:00,SELL,1000,55.53,55502.235,35.821142469,0.0,0.0,74155.18930602039,2000,2026-03-02
2026-03-03,09:25,BUY,1000,55.84,55867.92,8.123195568,0.0,0.0,18279.14611045239,3000,2026-03-02
2026-03-03,15:00,SELL,1000,54.88,54852.560000000005,35.401842224000006,0.0,0.0,73096.3042682284,2000,2026-03-03
2026-03-04,09:25,BUY,1000,53.98,54006.99,7.8526163460000005,0.0,0.0,19081.461651882404,3000,2026-03-03
2026-03-04,15:00,SELL,1000,53.76,53733.12,34.679355648000005,0.0,0.0,72779.90229623442,2000,2026-03-04
2026-03-05,09:25,BUY,1000,54.79,54817.395,7.970449233,0.0,0.0,17954.536847001422,3000,2026-03-04
2026-03-05,15:00,SELL,1000,55.1,55072.450000000004,35.543759230000006,0.0,0.0,72991.44308777142,2000,2026-03-05
2026-03-06,09:25,BUY,1000,54.8,54827.399999999994,7.97190396,0.0,0.0,18156.071183811422,3000,2026-03-05
2026-03-06,15:00,SELL,1000,54.33,54302.83500000001,35.04704970900001,0.0,0.0,72423.85913410243,2000,2026-03-06
2026-03-09,09:25,BUY,1000,52.76,52786.38,7.675139652,0.0,0.0,19629.803994450434,3000,2026-03-06
2026-03-09,15:00,SELL,1000,52.79,52763.605,34.05363066700001,0.0,0.0,72359.35536378344,2000,2026-03-09
2026-03-10,09:25,BUY,1000,53.63,53656.814999999995,7.801700901,0.0,0.0,18694.738662882446,3000,2026-03-09
2026-03-10,15:00,SELL,1000,54.36,54332.82,35.066402028,0.0,0.0,72992.49226085444,2000,2026-03-10
2026-03-11,09:25,BUY,1000,54.7,54727.35,7.957356690000001,0.0,0.0,18257.184904164445,3000,2026-03-10
2026-03-11,15:00,SELL,1000,53.89,53863.055,34.763215697,0.0,0.0,72085.47668846745,2000,2026-03-11
2026-03-12,09:25,BUY,1000,53.9,53926.95,7.840978530000001,0.0,0.0,18150.685709937447,3000,2026-03-11
2026-03-12,15:00,SELL,1000,52.54,52513.73,33.892361342,0.0,0.0,70630.52334859545,2000,2026-03-12
2026-03-13,09:25,BUY,1000,52.02,52046.009999999995,7.567489854,0.0,0.0,18576.945858741456,3000,2026-03-12
2026-03-13,15:00,SELL,1000,52.49,52463.755000000005,33.86010747700001,0.0,0.0,71006.84075126446,2000,2026-03-13
2026-03-16,09:25,BUY,1000,52.18,52206.09,7.5907654860000005,0.0,0.0,18793.159985778468,3000,2026-03-13
2026-03-16,15:00,SELL,1000,52.7,52673.65,33.99557371,0.0,0.0,71432.81441206846,2000,2026-03-16
2026-03-17,09:25,BUY,1000,52.99,53016.494999999995,7.708598372999999,0.0,0.0,18408.610813695464,3000,2026-03-16
2026-03-17,15:00,SELL,1000,50.9,50874.55,32.834434570000006,0.0,0.0,69250.32637912547,2000,2026-03-17
2026-03-18,09:25,BUY,1000,51.3,51325.649999999994,7.462749509999999,0.0,0.0,17917.21362961548,3000,2026-03-17
2026-03-18,15:00,SELL,1000,52.06,52033.97,33.582724238000004,0.0,0.0,69917.60090537748,2000,2026-03-18
2026-03-19,09:25,BUY,1000,51.0,51025.5,7.4191077000000005,0.0,0.0,18884.681797677476,3000,2026-03-18
2026-03-19,15:00,SELL,1000,50.46,50434.770000000004,32.550600558000006,0.0,0.0,69286.90119711947,2000,2026-03-19
2026-03-20,09:25,BUY,1000,50.98,51005.49,7.416198246,0.0,0.0,18273.994998873473,3000,2026-03-19
2026-03-20,15:00,SELL,1000,50.3,50274.850000000006,32.447388190000005,0.0,0.0,68516.39761068349,2000,2026-03-20
2026-03-23,09:25,BUY,1000,48.95,48974.475,7.120888665,0.0,0.0,19534.801722018492,3000,2026-03-20
2026-03-23,15:00,SELL,1000,47.6,47576.200000000004,30.705679480000004,0.0,0.0,67080.2960425385,2000,2026-03-23
2026-03-24,09:25,BUY,1000,48.57,48594.284999999996,7.065609039,0.0,0.0,18478.945433499503,3000,2026-03-23
2026-03-24,15:00,SELL,1000,48.84,48815.58,31.505575332000003,0.0,0.0,67263.0198581675,2000,2026-03-24
2026-03-25,09:25,BUY,1000,49.39,49414.695,7.184896653000001,0.0,0.0,17841.139961514506,3000,2026-03-24
2026-03-25,15:00,SELL,1000,50.31,50284.845,32.453838963,0.0,0.0,68093.5311225515,2000,2026-03-25
2026-03-26,09:25,BUY,1000,50.0,50025.0,7.2736350000000005,0.0,0.0,18061.257487551506,3000,2026-03-25
2026-03-26,15:00,SELL,1000,49.74,49715.130000000005,32.086144902,0.0,0.0,67744.3013426495,2000,2026-03-26
2026-03-27,09:25,BUY,1000,48.63,48654.314999999995,7.074337401,0.0,0.0,19082.91200524851,3000,2026-03-26
2026-03-27,15:00,SELL,1000,49.53,49505.235,31.950678669000002,0.0,0.0,68556.1963265795,2000,2026-03-27
2026-03-30,09:25,BUY,1000,48.46,48484.229999999996,7.049607042000001,0.0,0.0,20064.916719537512,3000,2026-03-27
2026-03-30,15:00,SELL,1000,49.27,49245.365000000005,31.782958571000005,0.0,0.0,69278.49876096653,2000,2026-03-30
2026-03-31,09:25,BUY,1000,49.0,49024.5,7.1281623000000005,0.0,0.0,20246.870598666523,3000,2026-03-30
2026-03-31,15:00,SELL,1000,51.46,51434.270000000004,33.195677858,0.0,0.0,71647.94492080853,2000,2026-03-31
2026-04-01,09:25,BUY,1000,53.0,53026.5,7.7100531000000005,0.0,0.0,18613.734867708525,3000,2026-03-31
2026-04-01,15:00,SELL,1000,53.32,53293.340000000004,34.395521636000005,0.0,0.0,71872.67934607253,2000,2026-04-01
2026-04-02,09:25,BUY,1000,52.66,52686.329999999994,7.660592381999999,0.0,0.0,19178.688753690534,3000,2026-04-01
2026-04-02,15:00,SELL,1000,52.0,51974.0,33.5440196,0.0,0.0,71119.14473409054,2000,2026-04-02
2026-04-03,09:25,BUY,1000,52.6,52626.299999999996,7.6518640200000005,0.0,0.0,18485.192870070547,3000,2026-04-02
2026-04-03,15:00,SELL,1000,52.18,52153.91,33.660133514,0.0,0.0,70605.44273655655,2000,2026-04-03
2026-04-07,09:25,BUY,1000,52.98,53006.49,7.7071436460000005,0.0,0.0,17591.24559291055,3000,2026-04-03
2026-04-07,15:00,SELL,1000,52.58,52553.71000000001,33.918164434000005,0.0,0.0,70111.03742847656,2000,2026-04-07
2026-04-08,09:25,BUY,1000,54.16,54187.079999999994,7.8788014319999995,0.0,0.0,15916.07862704456,3000,2026-04-07
2026-04-08,15:00,SELL,1000,56.61,56581.695,36.517825953,0.0,0.0,72461.25580109155,2000,2026-04-08
2026-04-09,09:25,BUY,1000,55.0,55027.5,8.000998500000001,0.0,0.0,17425.754802591553,3000,2026-04-08
2026-04-09,15:00,SELL,1000,55.02,54992.490000000005,35.492153046000006,0.0,0.0,72382.75264954555,2000,2026-04-09
2026-04-10,09:25,BUY,1000,55.6,55627.799999999996,8.08828212,0.0,0.0,16746.864367425558,3000,2026-04-09
2026-04-10,15:00,SELL,1000,56.52,56491.740000000005,36.45976899600001,0.0,0.0,73202.14459842956,2000,2026-04-10
2026-04-13,09:25,BUY,1000,56.0,56028.0,8.1464712,0.0,0.0,17165.998127229555,3000,2026-04-10
2026-04-13,15:00,SELL,1000,55.7,55672.15,35.93080561000001,0.0,0.0,72802.21732161957,2000,2026-04-13
2026-04-14,09:25,BUY,1000,56.47,56498.23499999999,8.214843368999999,0.0,0.0,16295.767478250571,3000,2026-04-13
2026-04-14,15:00,SELL,1000,58.92,58890.54,38.007954516000005,0.0,0.0,75148.29952373457,2000,2026-04-14
2026-04-15,09:25,BUY,1000,59.36,59389.68,8.635259472,0.0,0.0,15749.984264262574,3000,2026-04-14
2026-04-15,15:00,SELL,1000,57.82,57791.090000000004,37.298369486000006,0.0,0.0,73503.77589477657,2000,2026-04-15
2026-04-16,09:25,BUY,1000,57.99,58018.994999999995,8.435961873,0.0,0.0,15476.344932903572,3000,2026-04-15
2026-04-16,15:00,SELL,1000,59.32,59290.340000000004,38.26598543600001,0.0,0.0,74728.41894746758,2000,2026-04-16
2026-04-17,09:25,BUY,1000,59.6,59629.799999999996,8.670172919999999,0.0,0.0,15089.948774547585,3000,2026-04-16
2026-04-17,15:00,SELL,1000,60.97,60939.51500000001,39.33036298100001,0.0,0.0,75990.13341156658,2000,2026-04-17
2026-04-20,09:25,BUY,1000,61.89,61920.945,9.003305403,0.0,0.0,14060.185106163583,3000,2026-04-17
2026-04-20,15:00,SELL,1000,61.51,61479.245,39.678704723,0.0,0.0,75499.75140144059,2000,2026-04-20
2026-04-21,09:25,BUY,1000,60.97,61000.48499999999,8.869470518999998,0.0,0.0,14490.396930921597,3000,2026-04-20
2026-04-21,15:00,SELL,1000,61.41,61379.295000000006,39.61419699300001,0.0,0.0,75830.0777339286,2000,2026-04-21
2026-04-22,09:25,BUY,1000,61.19,61220.594999999994,8.901474513,0.0,0.0,14600.581259415609,3000,2026-04-21
2026-04-22,15:00,SELL,1000,66.89,66856.55500000001,43.14922059700001,0.0,0.0,81413.98703881862,2000,2026-04-22
2026-04-23,09:25,BUY,1000,66.98,67013.48999999999,9.743761446,0.0,0.0,14390.753277372627,3000,2026-04-22
2026-04-23,15:00,SELL,1000,67.92,67886.04000000001,43.81365021600001,0.0,0.0,82232.97962715663,2000,2026-04-23
2026-04-24,09:25,BUY,1000,66.57,66603.285,9.684117639000002,0.0,0.0,15620.010509517626,3000,2026-04-23
2026-04-24,15:00,SELL,1000,65.01,64977.49500000001,41.93647527300001,0.0,0.0,80555.56903424463,2000,2026-04-24
2026-04-27,09:25,BUY,1000,66.01,66043.00499999999,9.602652927,0.0,0.0,14502.96138131764,3000,2026-04-24
2026-04-27,15:00,SELL,1000,67.25,67216.375,43.381448425,0.0,0.0,81675.95493289264,2000,2026-04-27
2026-04-28,09:25,BUY,1000,67.25,67283.625,9.783039075,0.0,0.0,14382.546893817635,3000,2026-04-27
2026-04-28,15:00,SELL,1000,68.2,68165.90000000001,43.99427186000001,0.0,0.0,82504.45262195764,2000,2026-04-28
2026-04-29,09:25,BUY,1000,67.77,67803.885,9.858684879,0.0,0.0,14690.708937078642,3000,2026-04-28
2026-04-29,15:00,SELL,1000,66.26,66226.87000000001,42.74282189800001,0.0,0.0,80874.83611518065,2000,2026-04-29
2026-04-30,09:25,BUY,1000,65.9,65932.95,9.586650930000001,0.0,0.0,14932.299464250653,3000,2026-04-29
2026-04-30,15:00,SELL,1000,62.88,62848.560000000005,40.56246062400001,0.0,0.0,77740.29700362665,2000,2026-04-30
2026-05-06,09:25,BUY,1000,63.28,63311.64,9.205512456000001,0.0,0.0,14419.45149117065,3000,2026-04-30
2026-05-06,15:00,SELL,1000,63.08,63048.46000000001,40.69147608400001,0.0,0.0,77427.22001508666,2000,2026-05-06
2026-05-07,09:25,BUY,1000,64.09,64122.045,9.323345343000002,0.0,0.0,13295.851669743657,3000,2026-05-06
2026-05-07,15:00,SELL,1000,64.18,64147.91000000001,41.401061114000015,0.0,0.0,77402.36060862968,2000,2026-05-07
2026-05-08,09:25,BUY,1000,63.0,63031.5,9.1647801,0.0,0.0,14361.695828529679,3000,2026-05-07
2026-05-08,15:00,SELL,1000,63.28,63248.36,40.82049154400001,0.0,0.0,77569.23533698567,2000,2026-05-08
2026-05-11,09:25,BUY,1000,64.2,64232.1,9.339347340000002,0.0,0.0,13327.795989645674,3000,2026-05-08
2026-05-11,15:00,SELL,1000,65.85,65817.075,42.478340204999995,0.0,0.0,79102.39264944068,2000,2026-05-11
2026-05-12,09:25,BUY,1000,65.87,65902.935,9.582286749000001,0.0,0.0,13189.875362691673,3000,2026-05-11
2026-05-12,15:00,SELL,1000,64.4,64367.80000000001,41.542978120000015,0.0,0.0,77516.13238457168,2000,2026-05-12
2026-05-13,09:25,BUY,1000,64.1,64132.04999999999,9.324800069999998,0.0,0.0,13374.757584501698,3000,2026-05-12
2026-05-13,15:00,SELL,1000,70.84,70804.58,45.697275932000004,0.0,0.0,84133.6403085697,2000,2026-05-13
2026-05-14,09:25,BUY,1000,74.0,74037.0,10.7649798,0.0,0.0,10085.875328769689,3000,2026-05-13
2026-05-14,15:00,SELL,1000,68.6,68565.7,44.25230278,0.0,0.0,78607.32302598968,2000,2026-05-14
2026-05-15,09:25,BUY,1000,69.5,69534.75,10.110352650000001,0.0,0.0,9062.462673339687,3000,2026-05-14
2026-05-15,15:00,SELL,1000,67.62,67586.19,43.620127026000006,0.0,0.0,76605.03254631368,2000,2026-05-15
2026-05-18,09:25,BUY,1000,65.88,65912.94,9.583741476,0.0,0.0,10682.508804837678,3000,2026-05-15
2026-05-18,15:00,SELL,1000,68.98,68945.51000000001,44.49743215400001,0.0,0.0,79583.52137268368,2000,2026-05-18
2026-05-19,09:25,BUY,1000,68.3,68334.15,9.935785410000001,0.0,0.0,11239.435587273692,3000,2026-05-18
2026-05-19,15:00,SELL,1000,68.56,68525.72,44.226499688000004,0.0,0.0,79720.9290875857,2000,2026-05-19
2026-05-20,09:25,BUY,1000,68.2,68234.09999999999,9.921238139999998,0.0,0.0,11476.907849445706,3000,2026-05-19
2026-05-20,15:00,SELL,1000,68.15,68115.925,43.962017995000004,0.0,0.0,79548.87083145071,2000,2026-05-20
2026-05-21,09:25,BUY,1000,69.2,69234.59999999999,10.06671084,0.0,0.0,10304.204120610724,3000,2026-05-20
2026-05-21,15:00,SELL,1000,65.5,65467.25,42.25256315,0.0,0.0,75729.20155746072,2000,2026-05-21
2026-05-22,09:25,BUY,1000,66.11,66143.055,9.617200197,0.0,0.0,9576.529357263731,3000,2026-05-21
2026-05-22,15:00,SELL,1000,67.16,67126.42,43.323391468000004,0.0,0.0,76659.62596579573,2000,2026-05-22
2026-05-25,09:25,BUY,1000,68.0,68034.0,9.8921436,0.0,0.0,8615.733822195733,3000,2026-05-22
2026-05-25,15:00,SELL,1000,70.3,70264.85,45.34893419000001,0.0,0.0,78835.23488800574,2000,2026-05-25
2026-05-26,09:25,BUY,1000,69.86,69894.93,10.162722822000001,0.0,0.0,8930.142165183745,3000,2026-05-25
2026-05-26,15:00,SELL,1000,69.98,69945.01000000001,45.142509454000006,0.0,0.0,78830.00965572975,2000,2026-05-26
2026-05-27,09:25,BUY,1000,69.9,69934.95,10.168541730000001,0.0,0.0,8884.89111399975,3000,2026-05-26
2026-05-27,15:00,SELL,1000,70.08,70044.96,45.20701718400001,0.0,0.0,78884.64409681575,2000,2026-05-27
2026-05-28,09:25,BUY,1000,70.0,70035.0,10.183089,0.0,0.0,8839.461007815757,3000,2026-05-27
2026-05-28,15:00,SELL,1000,75.0,74962.5,48.38079750000001,0.0,0.0,83753.58021031576,2000,2026-05-28
2026-05-29,09:25,BUY,1000,78.75,78789.375,11.455975125000002,0.0,0.0,4952.749235190757,3000,2026-05-28
2026-05-29,15:00,SELL,1000,73.4,73363.3,47.34867382,0.0,0.0,78268.70056137076,2000,2026-05-29
2026-06-01,09:25,BUY,1000,75.2,75237.59999999999,10.939547039999999,0.0,0.0,3020.1610143307626,3000,2026-05-29
2026-06-01,15:00,SELL,1000,73.75,73713.125,47.574450875,0.0,0.0,76685.71156345576,2000,2026-06-01
2026-06-02,09:25,BUY,1000,75.0,75037.5,10.910452500000002,0.0,0.0,1637.3011109557556,3000,2026-06-01
2026-06-02,15:00,SELL,1000,80.01,79969.99500000001,51.61263477300001,0.0,0.0,81555.68347618276,2000,2026-06-02
2026-06-03,09:25,BUY,1000,79.95,79989.97499999999,11.630542365,0.0,0.0,1554.0779338177672,3000,2026-06-02
2026-06-03,15:00,SELL,1000,81.05,81009.475,52.28351516500001,0.0,0.0,82511.26941865277,2000,2026-06-03
2026-06-04,09:25,BUY,1000,80.0,80040.0,11.637816,0.0,0.0,2459.631602652764,3000,2026-06-03
2026-06-04,15:00,SELL,1000,78.55,78510.725,50.670821915000005,0.0,0.0,80919.68578073777,2000,2026-06-04
2026-06-05,09:25,BUY,1000,77.5,77538.75,11.274134250000001,0.0,0.0,3369.6616464877734,3000,2026-06-04
2026-06-05,15:00,SELL,1000,74.06,74022.97,47.774424838,0.0,0.0,77344.85722164977,2000,2026-06-05
2026-06-08,09:25,BUY,1000,69.99,70024.995,10.181634273,0.0,0.0,7309.6805873767735,3000,2026-06-05
2026-06-08,15:00,SELL,1000,70.48,70444.76000000001,45.46504810400001,0.0,0.0,77708.97553927278,2000,2026-06-08
2026-06-09,09:25,BUY,1000,71.99,72025.995,10.472579672999998,0.0,0.0,5672.507959599781,3000,2026-06-08
2026-06-09,15:00,SELL,1000,74.74,74702.63,48.21307740200001,0.0,0.0,80326.92488219778,2000,2026-06-09
2026-06-10,09:25,BUY,1000,72.9,72936.45,10.604959830000002,0.0,0.0,7379.869922367783,3000,2026-06-09
2026-06-10,15:00,SELL,1000,71.13,71094.435,45.884348349,0.0,0.0,78428.42057401878,2000,2026-06-10
2026-06-11,09:25,BUY,1000,69.82,69854.90999999999,10.156903913999999,0.0,0.0,8563.353670104785,3000,2026-06-10
2026-06-11,15:00,SELL,1000,69.52,69485.24,44.845773896000004,0.0,0.0,78003.74789620879,2000,2026-06-11
2026-06-12,09:25,BUY,1000,71.94,71975.97,10.465306038000001,0.0,0.0,6017.312590170797,3000,2026-06-11
2026-06-12,15:00,SELL,1000,70.13,70094.935,45.239271048999996,0.0,0.0,76067.0083191218,2000,2026-06-12
2026-06-15,09:25,BUY,1000,71.47,71505.735,10.396933869000001,0.0,0.0,4550.876385252806,3000,2026-06-12
2026-06-15,15:00,SELL,1000,73.4,73363.3,47.34867382,0.0,0.0,77866.82771143281,2000,2026-06-15
2026-06-16,09:25,BUY,1000,73.4,73436.7,10.677696180000002,0.0,0.0,4419.450015252805,3000,2026-06-15
2026-06-16,15:00,SELL,1000,72.9,72863.55,47.02613517,0.0,0.0,77235.9738800828,2000,2026-06-16
2026-06-17,09:25,BUY,1000,71.7,71735.84999999999,10.430392589999999,0.0,0.0,5489.693487492812,3000,2026-06-16
2026-06-17,15:00,SELL,1000,72.64,72603.68000000001,46.858415072000014,0.0,0.0,78046.51507242082,2000,2026-06-17
2026-06-18,09:25,BUY,1000,72.0,72036.0,10.4740344,0.0,0.0,6000.0410380208195,3000,2026-06-17
2026-06-18,15:00,SELL,1000,78.08,78040.96,50.367635584000006,0.0,0.0,83990.63340243683,2000,2026-06-18
2026-06-22,09:25,BUY,1000,78.08,78119.04,11.358508416,0.0,0.0,5860.234894020832,3000,2026-06-18
2026-06-22,15:00,SELL,1000,78.88,78840.56,50.883697424000005,0.0,0.0,84649.91119659683,2000,2026-06-22
2026-06-23,09:25,BUY,1000,78.88,78919.44,11.474886576000001,0.0,0.0,5718.996310020826,3000,2026-06-22
2026-06-23,15:00,SELL,1000,74.1,74062.95,47.800227930000005,0.0,0.0,79734.14608209083,2000,2026-06-23
2026-06-24,09:25,BUY,1000,73.0,73036.5,10.619507100000002,0.0,0.0,6687.0265749908285,3000,2026-06-23
2026-06-24,15:00,SELL,1000,76.78,76741.61,49.529035094,0.0,0.0,83379.10753989682,2000,2026-06-24
2026-06-25,09:25,BUY,1000,77.59,77628.795,11.287226793,0.0,0.0,5739.025313103819,3000,2026-06-24
2026-06-25,15:00,SELL,1000,76.99,76951.505,49.66450132700001,0.0,0.0,82640.86581177682,2000,2026-06-25
2026-06-26,09:25,BUY,1000,75.0,75037.5,10.910452500000002,0.0,0.0,7592.455359276821,3000,2026-06-25
2026-06-26,15:00,SELL,1000,70.22,70184.89,45.297328006,0.0,0.0,77732.04803127082,2000,2026-06-26
2026-06-29,09:25,BUY,1000,69.3,69334.65,10.08125811,0.0,0.0,8387.316773160826,3000,2026-06-26
2026-06-29,15:00,SELL,1000,69.61,69575.195,44.90383085300001,0.0,0.0,77917.60794230783,2000,2026-06-29
2026-06-30,09:25,BUY,1000,69.56,69594.78,10.119081012,0.0,0.0,8312.708861295832,3000,2026-06-29
2026-06-30,15:00,SELL,1000,72.15,72113.925,46.542327195000006,0.0,0.0,80380.09153410084,2000,2026-06-30
2026-07-01,09:25,BUY,1000,73.0,73036.5,10.619507100000002,0.0,0.0,7332.97202700084,3000,2026-06-30
2026-07-01,15:00,SELL,1000,70.0,69965.0,45.155411,0.0,0.0,77252.81661600084,2000,2026-07-01
2026-07-02,09:25,BUY,1000,67.46,67493.73,9.813588342,0.0,0.0,9749.27302765884,3000,2026-07-01
2026-07-02,15:00,SELL,1000,64.02,63987.99,41.297848746,0.0,0.0,73695.96517891284,2000,2026-07-02
2026-07-03,09:25,BUY,1000,63.5,63531.75,9.23751645,0.0,0.0,10154.977662462843,3000,2026-07-02
2026-07-03,15:00,SELL,1000,64.72,64687.64000000001,41.749402856,0.0,0.0,74800.86825960685,2000,2026-07-03
2026-07-06,09:25,BUY,1000,65.77,65802.885,9.567739479,0.0,0.0,8988.415520127863,3000,2026-07-03
2026-07-06,15:00,SELL,1000,63.59,63558.205,41.020465507000004,0.0,0.0,72505.60005462087,2000,2026-07-06
2026-07-07,09:25,BUY,1000,63.17,63201.585,9.189510459000001,0.0,0.0,9294.825544161868,3000,2026-07-06
2026-07-07,15:00,SELL,1000,63.78,63748.11,41.143030194000005,0.0,0.0,73001.79251396787,2000,2026-07-07
2026-07-08,09:25,BUY,1000,65.0,65032.5,9.455725500000002,0.0,0.0,7959.836788467866,3000,2026-07-07
2026-07-08,15:00,SELL,1000,66.01,65976.99500000001,42.58155257300001,0.0,0.0,73894.25023589487,2000,2026-07-08
2026-07-09,09:25,BUY,1000,66.61,66643.305,9.689936547,0.0,0.0,7241.255299347875,3000,2026-07-08
2026-07-09,15:00,SELL,1000,69.53,69495.235,44.85222466900001,0.0,0.0,76691.63807467888,2000,2026-07-09
2026-07-10,09:25,BUY,1000,71.0,71035.5,10.3285617,0.0,0.0,5645.809512978885,3000,2026-07-09
2026-07-10,15:00,SELL,1000,66.27,66236.865,42.749272671,0.0,0.0,71839.92524030789,2000,2026-07-10
2026-07-13,09:25,BUY,1000,65.3,65332.649999999994,9.49936731,0.0,0.0,6497.775872997889,3000,2026-07-10
2026-07-13,15:00,SELL,1000,63.08,63048.46000000001,40.69147608400001,0.0,0.0,69505.5443969139,2000,2026-07-13
2026-07-14,09:25,BUY,1000,62.9,62931.45,9.15023283,0.0,0.0,6564.944164083907,3000,2026-07-13
2026-07-14,15:00,SELL,1000,65.6,65567.2,42.31707088,0.0,0.0,72089.8270932039,2000,2026-07-14
2026-07-15,09:25,BUY,1000,65.88,65912.94,9.583741476,0.0,0.0,6167.303351727896,3000,2026-07-14
2026-07-15,15:00,SELL,1000,63.62,63588.19,41.039817826000004,0.0,0.0,69714.45353390189,2000,2026-07-15
2026-07-16,09:25,BUY,1000,62.35,62381.174999999996,9.070222845,0.0,0.0,7324.208311056893,3000,2026-07-15
2026-07-16,15:00,SELL,1000,63.02,62988.490000000005,40.65277144600001,0.0,0.0,70272.0455396109,2000,2026-07-16
2026-07-17,09:25,BUY,1000,62.02,62051.009999999995,9.022216854,0.0,0.0,8212.01332275691,3000,2026-07-16
2026-07-17,15:00,SELL,1000,57.59,57561.205,37.150001707,0.0,0.0,65736.06832104991,2000,2026-07-17
2026-07-20,09:25,BUY,1000,58.88,58909.439999999995,8.565432576,0.0,0.0,6818.06288847392,3000,2026-07-17
2026-07-20,15:00,SELL,1000,56.5,56471.75,36.44686745,0.0,0.0,63253.36602102392,2000,2026-07-20
2026-07-21,09:25,BUY,1000,57.5,57528.75,8.364680250000001,0.0,0.0,5716.251340773917,3000,2026-07-20
2026-07-21,15:00,SELL,1000,60.98,60949.51,39.336813754000005,0.0,0.0,66626.42452701992,2000,2026-07-21
2026-07-22,09:25,BUY,1000,60.26,60290.13,8.766184902,0.0,0.0,6327.528342117919,3000,2026-07-21
2026-07-22,15:00,SELL,1000,60.71,60679.645000000004,39.162642883000004,0.0,0.0,66968.01069923493,2000,2026-07-22
2026-07-23,09:25,BUY,1000,61.99,62020.994999999995,9.017852673,0.0,0.0,4937.997846561935,3000,2026-07-22
2026-07-23,15:00,SELL,1000,62.88,62848.560000000005,40.56246062400001,0.0,0.0,67745.99538593795,2000,2026-07-23
2026-07-24,09:25,BUY,1000,61.05,61080.524999999994,8.881108335,0.0,0.0,6656.5892776029505,3000,2026-07-23
2026-07-24,15:00,SELL,1000,60.25,60219.875,38.865907325,0.0,0.0,66837.59837027795,2000,2026-07-24
2026-07-27,09:25,BUY,1000,59.88,59909.939999999995,8.710905276,0.0,0.0,6918.947465001955,3000,2026-07-24
2026-07-27,15:00,SELL,1000,61.55,61519.225000000006,39.70450781500001,0.0,0.0,68398.46795718696,2000,2026-07-27
2026-07-28,09:25,BUY,1000,58.88,58909.439999999995,8.565432576,0.0,0.0,9480.462524610972,3000,2026-07-27
2026-07-28,15:00,SELL,1000,58.08,58050.96000000001,37.466089584,0.0,0.0,67493.95643502698,2000,2026-07-28
2026-07-29,09:25,BUY,1000,58.08,58109.03999999999,8.449054416000001,0.0,0.0,9376.467380610986,3000,2026-07-28
2026-07-29,15:00,SELL,1000,57.75,57721.125,37.253214075,0.0,0.0,67060.339166536,2000,2026-07-29
2026-07-30,09:25,BUY,1000,57.0,57028.5,8.2919439,0.0,0.0,10023.547222635993,3000,2026-07-29
2026-07-30,15:00,SELL,1000,53.8,53773.100000000006,34.70515874,0.0,0.0,63761.942063896,2000,2026-07-30
2026-07-31,09:25,BUY,1000,57.14,57168.57,8.312310078000001,0.0,0.0,6585.059753818001,3000,2026-07-30
2026-07-31,15:00,SELL,1000,56.7,56671.65,36.575882910000004,0.0,0.0,63220.133870908,2000,2026-07-31
2026-08-03,09:25,BUY,1000,55.53,55557.765,8.078099031,0.0,0.0,7654.290771877,3000,2026-07-31
2026-08-03,15:00,SELL,1000,55.9,55872.05,36.059821070000005,130.0,0.0,64660.280950807006,2000,2026-08-03
2026-08-04,09:25,BUY,1000,56.81,56838.405,8.264304087000001,0.0,0.0,7813.6116467200045,3000,2026-08-03
2026-08-04,15:00,SELL,1000,59.93,59900.035,38.65948258900001,130.0,0.0,67544.98716413102,2000,2026-08-04
2026-08-05,09:25,BUY,1000,59.0,59029.5,8.5828893,0.0,0.0,8506.904274831017,3000,2026-08-04
2026-08-05,15:00,SELL,1000,65.92,65887.04000000001,42.523495616000005,0.0,0.0,74351.42077921503,2000,2026-08-05
2026-08-06,09:25,BUY,1000,65.55,65582.775,9.535735485,0.0,0.0,8759.110043730034,3000,2026-08-05
2026-08-06,15:00,SELL,1000,68.27,68235.865,44.03942727100001,0.0,0.0,76950.93561645904,2000,2026-08-06
2026-08-07,09:25,BUY,1000,68.27,68304.135,9.931421229,0.0,0.0,8636.869195230043,3000,2026-08-06
2026-08-07,15:00,SELL,1000,68.18,68145.91,43.981370314,0.0,0.0,76738.79782491605,2000,2026-08-07
2026-08-10,09:25,BUY,1000,69.0,69034.5,10.037616300000002,0.0,0.0,7694.260208616048,3000,2026-08-07
2026-08-10,15:00,SELL,1000,69.18,69145.41,44.62644761400001,0.0,0.0,76795.04376100205,2000,2026-08-10
2026-08-11,09:25,BUY,1000,67.93,67963.965,9.881960511,0.0,0.0,8821.196800491045,3000,2026-08-10
2026-08-11,15:00,SELL,1000,66.01,65976.99500000001,42.58155257300001,0.0,0.0,74755.61024791806,2000,2026-08-11
2026-08-12,09:25,BUY,1000,66.46,66493.23,9.668115642,0.0,0.0,8252.712132276065,3000,2026-08-11
2026-08-12,15:00,SELL,1000,65.6,65567.2,42.31707088,0.0,0.0,73777.59506139606,2000,2026-08-12
2026-08-13,09:25,BUY,1000,67.99,68023.995,9.890688873,0.0,0.0,5743.709372523066,3000,2026-08-12
2026-08-13,15:00,SELL,1000,65.23,65197.38500000001,42.07839227900001,0.0,0.0,70899.01598024408,2000,2026-08-13
2026-08-14,09:25,BUY,1000,65.6,65632.8,9.54300912,0.0,0.0,5256.672971124077,3000,2026-08-13
2026-08-14,15:00,SELL,1000,66.19,66156.905,42.697666487000006,0.0,0.0,71370.88030463707,2000,2026-08-14
2026-08-17,09:25,BUY,1000,67.0,67033.5,9.7466709,0.0,0.0,4327.633633737074,3000,2026-08-14
2026-08-17,15:00,SELL,1000,68.23,68195.88500000001,44.01362417900001,0.0,0.0,72479.50500955808,2000,2026-08-17
2026-08-18,09:25,BUY,1000,67.7,67733.84999999999,9.848501789999998,0.0,0.0,4735.806507768095,3000,2026-08-17
2026-08-18,15:00,SELL,1000,66.2,66166.90000000001,42.70411726000001,0.0,0.0,70860.0023905081,2000,2026-08-18
2026-08-19,09:25,BUY,1000,64.1,64132.04999999999,9.324800069999998,0.0,0.0,6718.627590438118,3000,2026-08-18
2026-08-19,15:00,SELL,1000,61.83,61799.08500000001,39.885129459000005,0.0,0.0,68477.82746097913,2000,2026-08-19
2026-08-20,09:25,BUY,1000,62.5,62531.25,9.09204375,0.0,0.0,5937.485417229123,3000,2026-08-19
2026-08-20,15:00,SELL,1000,62.13,62098.935000000005,40.078652649000006,0.0,0.0,67996.34176458014,2000,2026-08-20
2026-08-21,09:25,BUY,1000,61.65,61680.825,8.968391955,0.0,0.0,6306.5483726251405,3000,2026-08-20
2026-08-21,15:00,SELL,1000,62.84,62808.58,40.53665753200001,0.0,0.0,69074.59171509315,2000,2026-08-21
2026-08-24,09:25,BUY,1000,62.7,62731.35,9.12113829,0.0,0.0,6334.1205768031505,3000,2026-08-21
2026-08-24,15:00,SELL,1000,60.4,60369.8,38.962668920000006,0.0,0.0,66664.95790788316,2000,2026-08-24
2026-08-25,09:25,BUY,1000,58.75,58779.375,8.546521125,0.0,0.0,7877.036386758162,3000,2026-08-24
2026-08-25,15:00,SELL,1000,60.15,60119.925,38.80139959500001,0.0,0.0,67958.15998716316,2000,2026-08-25
2026-08-26,09:25,BUY,1000,60.2,60230.1,8.757456540000002,0.0,0.0,7719.302530623165,3000,2026-08-25
2026-08-26,15:00,SELL,1000,60.57,60539.715000000004,39.072332061000004,0.0,0.0,68219.94519856217,2000,2026-08-26
2026-08-27,09:25,BUY,1000,62.0,62031.0,9.0193074,0.0,0.0,6179.925891162173,3000,2026-08-26
2026-08-27,15:00,SELL,1000,63.86,63828.07000000001,41.19463637800001,0.0,0.0,69966.80125478418,2000,2026-08-27
2026-08-28,09:25,BUY,1000,64.04,64072.020000000004,9.316071708000003,0.0,0.0,5885.465183076172,3000,2026-08-27
2026-08-28,15:00,SELL,1000,64.04,64007.98000000001,41.310750292000016,0.0,0.0,69852.13443278418,2000,2026-08-28
2026-08-31,09:25,BUY,1000,63.15,63181.575,9.186601005,0.0,0.0,6661.372831779183,3000,2026-08-28
2026-08-31,15:00,SELL,1000,64.84,64807.58,41.826812132,0.0,0.0,71427.12601964718,2000,2026-08-31
2026-09-01,09:25,BUY,1000,64.35,64382.17499999999,9.361168245,0.0,0.0,7035.589851402197,3000,2026-08-31
2026-09-01,15:00,SELL,1000,62.94,62908.530000000006,40.60116526200001,0.0,0.0,69903.5186861402,2000,2026-09-01
2026-09-02,09:25,BUY,1000,61.72,61750.85999999999,8.978575044000001,0.0,0.0,8143.6801110962115,3000,2026-09-01
2026-09-02,15:00,SELL,1000,61.8,61769.100000000006,39.865777140000006,0.0,0.0,69872.91433395621,2000,2026-09-02
2026-09-03,09:25,BUY,1000,63.0,63031.5,9.1647801,0.0,0.0,6832.249553856214,3000,2026-09-02
2026-09-03,15:00,SELL,1000,63.2,63168.4,40.768885360000006,0.0,0.0,69959.88066849622,2000,2026-09-03
2026-09-04,09:25,BUY,1000,63.84,63871.92,9.286977168000002,0.0,0.0,6078.673691328222,3000,2026-09-03
2026-09-04,15:00,SELL,1000,63.69,63658.155000000006,41.08497323700001,0.0,0.0,69695.74371809122,2000,2026-09-04
2026-09-07,09:25,BUY,1000,64.6,64632.29999999999,9.39753642,0.0,0.0,5054.046181671234,3000,2026-09-04
2026-09-07,15:00,SELL,1000,66.57,66536.715,42.942795861,0.0,0.0,71547.81838581023,2000,2026-09-07
2026-09-08,09:25,BUY,1000,66.3,66333.15,9.64484001,0.0,0.0,5205.023545800228,3000,2026-09-07
2026-09-08,15:00,SELL,1000,64.75,64717.625,41.768755175,0.0,0.0,69880.87979062523,2000,2026-09-08
2026-09-09,09:25,BUY,1000,64.9,64932.450000000004,9.441178230000002,0.0,0.0,4938.988612395224,3000,2026-09-08
2026-09-09,15:00,SELL,1000,65.24,65207.38,42.084843052000004,0.0,0.0,70104.28376934322,2000,2026-09-09
2026-09-10,09:25,BUY,1000,64.5,64532.25,9.382989150000002,0.0,0.0,5562.650780193224,3000,2026-09-09
2026-09-10,15:00,SELL,1000,63.91,63878.045000000006,41.22689024300001,0.0,0.0,69399.46888995022,2000,2026-09-10
2026-09-11,09:25,BUY,1000,62.66,62691.329999999994,9.115319382,0.0,0.0,6699.023570568228,3000,2026-09-10
