date,clock,side,quantity,reference,value,fee,tax,deposit,cash,shares,entry
2020-01-02,15:00,SELL,1000,18.38,18370.81,23.738226200000003,0.0,0.0,18347.071773800002,0,2020-01-02
2020-01-03,09:25,BUY,1000,18.49,18499.245,5.3699849,0.0,157.54321109999728,0.0,1000,2020-01-02
2020-01-06,15:00,SELL,1000,17.9,17891.05,23.248871,0.0,0.0,17867.801129,0,2020-01-06
2020-01-07,09:25,BUY,1000,17.92,17928.96,5.3585792,0.0,66.5174502000009,0.0,1000,2020-01-06
2020-01-08,15:00,SELL,1000,17.52,17511.24,22.861464800000004,0.0,0.0,17488.3785352,0,2020-01-08
2020-01-09,09:25,BUY,1000,17.65,17658.825,5.3531765,0.0,175.79964130000008,0.0,1000,2020-01-08
2020-01-10,15:00,SELL,1000,18.03,18020.985,23.3814047,0.0,0.0,17997.6035953,0,2020-01-10
2020-01-13,09:25,BUY,1000,18.02,18029.01,5.3605802,0.0,36.766984899997624,0.0,1000,2020-01-10
2020-01-14,15:00,SELL,1000,18.39,18380.805,23.7484211,0.0,0.0,18357.0565789,0,2020-01-14
2020-01-15,09:25,BUY,1000,18.35,18359.175,5.3671835,0.0,7.485604599998624,0.0,1000,2020-01-14
2020-01-16,15:00,SELL,1000,18.41,18400.795000000002,23.768810900000002,0.0,0.0,18377.0261891,0,2020-01-16
2020-01-17,09:25,BUY,1000,18.41,18419.204999999998,5.3683841,0.0,47.547194999995554,0.0,1000,2020-01-16
2020-01-20,15:00,SELL,1000,19.34,19330.33,24.716936600000004,0.0,0.0,19305.6130634,0,2020-01-20
2020-01-21,09:25,BUY,1000,19.2,19209.6,5.384192,0.0,0.0,90.62887140000021,1000,2020-01-20
2020-01-22,15:00,SELL,1000,20.85,20839.575,26.256366500000002,0.0,0.0,20903.9475049,0,2020-01-22
2020-01-23,09:25,BUY,1000,20.5,20510.25,5.410205,0.0,0.0,388.2872998999992,1000,2020-01-22
2020-02-04,15:00,SELL,1000,18.02,18010.99,23.371209800000003,0.0,0.0,18375.9060901,0,2020-02-04
2020-02-05,09:25,BUY,1000,18.16,18169.079999999998,5.3633816,0.0,0.0,201.46270850000292,1000,2020-02-04
2020-02-06,15:00,SELL,1000,18.92,18910.54,24.288750800000003,0.0,0.0,19087.713957700005,0,2020-02-06
2020-02-07,09:25,BUY,1000,19.9,19909.949999999997,5.398199,0.0,827.6342412999911,0.0,1000,2020-02-06
2020-02-10,15:00,SELL,1000,18.91,18900.545000000002,24.278555900000004,0.0,0.0,18876.2664441,0,2020-02-10
2020-02-11,09:25,BUY,1000,18.81,18819.405,5.3763881,0.0,0.0,51.48505600000135,1000,2020-02-10
2020-02-12,15:00,SELL,1000,19.15,19140.425,24.5232335,0.0,0.0,19167.3868225,0,2020-02-12
2020-02-13,09:25,BUY,1000,19.11,19119.555,5.3823911,0.0,0.0,42.44943140000032,1000,2020-02-12
2020-02-14,15:00,SELL,1000,18.35,18340.825,23.7076415,0.0,0.0,18359.5667899,0,2020-02-14
2020-02-17,09:25,BUY,1000,18.44,18449.219999999998,5.3689844,0.0,95.02219449999757,0.0,1000,2020-02-14
2020-02-18,15:00,SELL,1000,18.85,18840.575,24.217386500000003,0.0,0.0,18816.3576135,0,2020-02-18
2020-02-19,09:25,BUY,1000,18.65,18659.325,5.3731865,0.0,0.0,151.6594269999987,1000,2020-02-18
2020-02-20,15:00,SELL,1000,18.81,18800.595,24.176606900000003,0.0,0.0,18928.0778201,0,2020-02-20
2020-02-21,09:25,BUY,1000,18.67,18679.335,5.3735867,0.0,0.0,243.36923340000067,1000,2020-02-20
2020-02-24,15:00,SELL,1000,20.14,20129.93,25.532528600000003,0.0,0.0,20347.7667048,0,2020-02-24
2020-02-25,09:25,BUY,1000,19.65,19659.825,5.3931965,0.0,0.0,682.5485082999985,1000,2020-02-24
2020-02-26,15:00,SELL,1000,18.71,18700.645,24.074657900000002,0.0,0.0,19359.1188504,0,2020-02-26
2020-02-27,09:25,BUY,1000,18.64,18649.32,5.3729864,0.0,0.0,704.4258639999971,1000,2020-02-26
2020-02-28,15:00,SELL,1000,17.08,17071.46,22.4128892,0.0,0.0,17753.472974799995,0,2020-02-28
2020-03-02,09:25,BUY,1000,17.3,17308.649999999998,5.346173,0.0,0.0,439.4768017999959,1000,2020-02-28
2020-03-03,15:00,SELL,1000,17.44,17431.280000000002,22.779905600000003,0.0,0.0,17847.976896199998,0,2020-03-03
2020-03-04,09:25,BUY,1000,17.23,17238.614999999998,5.3447723,0.0,0.0,604.017123900001,1000,2020-03-03
2020-03-05,15:00,SELL,1000,17.16,17151.420000000002,22.494448400000003,0.0,0.0,17732.942675500002,0,2020-03-05
2020-03-06,09:25,BUY,1000,16.83,16838.415,5.3367683,0.0,0.0,889.1909072000017,1000,2020-03-05
2020-03-09,15:00,SELL,1000,16.18,16171.910000000002,21.495348200000002,0.0,0.0,17039.605559000003,0,2020-03-09
2020-03-10,09:25,BUY,1000,15.98,15987.99,5.3197598,0.0,0.0,1046.2957992000029,1000,2020-03-09
2020-03-11,15:00,SELL,1000,16.54,16531.73,21.8623646,0.0,0.0,17556.1634346,0,2020-03-11
2020-03-12,09:25,BUY,1000,16.25,16258.125,5.3251625,0.0,0.0,1292.7132720999998,1000,2020-03-11
2020-03-13,15:00,SELL,1000,15.65,15642.175000000001,20.9550185,0.0,0.0,16913.9332536,0,2020-03-13
2020-03-16,09:25,BUY,1000,15.68,15687.839999999998,5.3137568,0.0,0.0,1220.7794968000017,1000,2020-03-13
2020-03-17,15:00,SELL,1000,13.91,13903.045,19.1811059,0.0,0.0,15104.643390900002,0,2020-03-17
2020-03-18,09:25,BUY,1000,14.05,14057.025,5.2811405,0.0,0.0,1042.3372504000035,1000,2020-03-17
2020-03-19,15:00,SELL,1000,13.51,13503.245,18.7733099,0.0,0.0,14526.808940500005,0,2020-03-19
2020-03-20,09:25,BUY,1000,13.68,13686.84,5.2737368,0.0,0.0,834.6952037000046,1000,2020-03-19
2020-03-23,15:00,SELL,1000,12.52,12513.74,17.764014799999998,0.0,0.0,13330.671188900005,0,2020-03-23
2020-03-24,09:25,BUY,1000,12.75,12756.375,5.2551275,0.0,0.0,569.0410614000048,1000,2020-03-23
2020-03-25,15:00,SELL,1000,13.55,13543.225,18.8140895,0.0,0.0,14093.451971900005,0,2020-03-25
2020-03-26,09:25,BUY,1000,13.41,13416.705,5.2683341,0.0,0.0,671.4786378000063,1000,2020-03-25
2020-03-27,15:00,SELL,1000,13.07,13063.465,18.324734300000003,0.0,0.0,13716.618903500006,0,2020-03-27
2020-03-30,09:25,BUY,1000,12.84,12846.42,5.2569284,0.0,0.0,864.941975100006,1000,2020-03-27
2020-03-31,15:00,SELL,1000,13.21,13203.395,18.4674629,0.0,0.0,14049.869512200006,0,2020-03-31
2020-04-01,09:25,BUY,1000,13.13,13136.564999999999,5.2627313000000004,0.0,0.0,908.0417809000082,1000,2020-03-31
2020-04-02,15:00,SELL,1000,13.98,13973.01,19.2524702,0.0,0.0,14861.79931070001,0,2020-04-02
2020-04-03,09:25,BUY,1000,13.9,13906.949999999999,5.278139,0.0,0.0,949.5711717000104,1000,2020-04-02
2020-04-07,15:00,SELL,1000,14.15,14142.925000000001,19.4257835,0.0,0.0,15073.07038820001,0,2020-04-07
2020-04-08,09:25,BUY,1000,14.05,14057.025,5.2811405,0.0,0.0,1010.7642477000118,1000,2020-04-07
2020-04-09,15:00,SELL,1000,13.95,13943.025000000001,19.221885500000003,0.0,0.0,14934.567362200014,0,2020-04-09
2020-04-10,09:25,BUY,1000,13.94,13946.97,5.2789394,0.0,0.0,982.3184228000155,1000,2020-04-09
2020-04-13,15:00,SELL,1000,13.15,13143.425000000001,18.406293500000004,0.0,0.0,14107.337129300016,0,2020-04-13
2020-04-14,09:25,BUY,1000,13.28,13286.64,5.2657328,0.0,0.0,815.4313965000165,1000,2020-04-13
2020-04-15,15:00,SELL,1000,13.87,13863.065,19.1403263,0.0,0.0,14659.356070200018,0,2020-04-15
2020-04-16,09:25,BUY,1000,13.75,13756.875,5.2751375,0.0,0.0,897.205932700017,1000,2020-04-15
2020-04-17,15:00,SELL,1000,13.99,13983.005000000001,19.2626651,0.0,0.0,14860.948267600019,0,2020-04-17
2020-04-20,09:25,BUY,1000,14.06,14067.029999999999,5.2813406,0.0,0.0,788.6369270000196,1000,2020-04-17
2020-04-21,15:00,SELL,1000,14.16,14152.92,19.435978400000003,0.0,0.0,14922.120948600019,0,2020-04-21
2020-04-22,09:25,BUY,1000,14.06,14067.029999999999,5.2813406,0.0,0.0,849.8096080000196,1000,2020-04-21
2020-04-23,15:00,SELL,1000,13.96,13953.02,19.2320804,0.0,0.0,14783.59752760002,0,2020-04-23
2020-04-24,09:25,BUY,1000,13.96,13966.98,5.2793396,0.0,0.0,811.3381880000215,1000,2020-04-23
2020-04-27,15:00,SELL,1000,13.95,13943.025000000001,19.221885500000003,0.0,0.0,14735.141302500024,0,2020-04-27
2020-04-28,09:25,BUY,1000,14.01,14017.005,5.2803401,0.0,0.0,712.8559624000245,1000,2020-04-27
2020-04-29,15:00,SELL,1000,14.24,14232.880000000001,19.517537600000004,0.0,0.0,14926.218424800025,0,2020-04-29
2020-04-30,09:25,BUY,1000,14.31,14317.154999999999,5.2863431,0.0,0.0,603.7770817000255,1000,2020-04-29
2020-05-06,15:00,SELL,1000,14.76,14752.62,20.047672400000003,0.0,0.0,15336.349409300026,0,2020-05-06
2020-05-07,09:25,BUY,1000,14.75,14757.375,5.2951475,0.0,0.0,573.6792618000254,1000,2020-05-06
2020-05-08,15:00,SELL,1000,14.44,14432.78,19.7214356,0.0,0.0,14986.737826200026,0,2020-05-08
2020-05-11,09:25,BUY,1000,14.5,14507.25,5.290145,0.0,0.0,474.1976812000248,1000,2020-05-08
2020-05-12,15:00,SELL,1000,14.23,14222.885,19.507342700000002,0.0,0.0,14677.575338500024,0,2020-05-12
2020-05-13,09:25,BUY,1000,14.1,14107.05,5.282141,0.0,0.0,565.2431975000254,1000,2020-05-12
2020-05-14,15:00,SELL,1000,13.69,13683.155,18.9568181,0.0,0.0,14229.441379400027,0,2020-05-14
2020-05-15,09:25,BUY,1000,13.74,13746.869999999999,5.2749374,0.0,0.0,477.29644200002804,1000,2020-05-14
2020-05-18,15:00,SELL,1000,13.49,13483.255000000001,18.752920100000004,0.0,0.0,13941.79852190003,0,2020-05-18
2020-05-19,09:25,BUY,1000,13.54,13546.769999999999,5.2709354,0.0,0.0,389.7575865000308,1000,2020-05-18
2020-05-20,15:00,SELL,1000,13.85,13843.075,19.1199365,0.0,0.0,14213.712650000032,0,2020-05-20
2020-05-21,09:25,BUY,1000,13.88,13886.939999999999,5.2777388,0.0,0.0,321.49491120003404,1000,2020-05-20
2020-05-22,15:00,SELL,1000,13.26,13253.37,18.518437400000003,0.0,0.0,13556.346473800035,0,2020-05-22
2020-05-25,09:25,BUY,1000,13.25,13256.625,5.2651325,0.0,0.0,294.4563413000342,1000,2020-05-22
2020-05-26,15:00,SELL,1000,13.5,13493.25,18.763115,0.0,0.0,13768.943226300034,0,2020-05-26
2020-05-27,09:25,BUY,1000,13.56,13566.779999999999,5.2713356000000005,0.0,0.0,196.89189070003522,1000,2020-05-26
2020-05-28,15:00,SELL,1000,13.46,13453.27,18.722335400000002,0.0,0.0,13631.439555300036,0,2020-05-28
2020-05-29,09:25,BUY,1000,13.4,13406.699999999999,5.268134,0.0,0.0,219.47142130003704,1000,2020-05-28
2020-06-01,15:00,SELL,1000,13.88,13873.060000000001,19.1505212,0.0,0.0,14073.380900100039,0,2020-06-01
2020-06-02,09:25,BUY,1000,13.9,13906.949999999999,5.278139,0.0,0.0,161.15276110004015,1000,2020-06-01
2020-06-03,15:00,SELL,1000,14.22,14212.890000000001,19.4971478,0.0,0.0,14354.54561330004,0,2020-06-03
2020-06-04,09:25,BUY,1000,14.25,14257.125,5.2851425,0.0,0.0,92.13547080003991,1000,2020-06-03
2020-06-05,15:00,SELL,1000,14.08,14072.960000000001,19.354419200000002,0.0,0.0,14145.74105160004,0,2020-06-05
2020-06-08,09:25,BUY,1000,14.25,14257.125,5.2851425,0.0,116.66909089996079,0.0,1000,2020-06-05
2020-06-09,15:00,SELL,1000,14.55,14542.725,19.8335795,0.0,0.0,14522.8914205,0,2020-06-09
2020-06-10,09:25,BUY,1000,14.56,14567.279999999999,5.2913456,0.0,49.67992509999931,0.0,1000,2020-06-09
2020-06-11,15:00,SELL,1000,14.02,14012.990000000002,19.293249800000005,0.0,0.0,13993.696750200002,0,2020-06-11
2020-06-12,09:25,BUY,1000,13.7,13706.849999999999,5.274137,0.0,0.0,281.5726132000036,1000,2020-06-11
2020-06-15,15:00,SELL,1000,13.67,13663.165,18.936428300000003,0.0,0.0,13925.801184900005,0,2020-06-15
2020-06-16,09:25,BUY,1000,13.74,13746.869999999999,5.2749374,0.0,0.0,173.65624750000643,1000,2020-06-15
2020-06-17,15:00,SELL,1000,14.25,14242.875,19.5277325,0.0,0.0,14397.003515000006,0,2020-06-17
2020-06-18,09:25,BUY,1000,14.25,14257.125,5.2851425,0.0,0.0,134.593372500005,1000,2020-06-17
2020-06-19,15:00,SELL,1000,14.35,14342.825,19.629681500000004,0.0,0.0,14457.788691000005,0,2020-06-19
2020-06-22,09:25,BUY,1000,14.36,14367.179999999998,5.2873436,0.0,0.0,85.32134740000583,1000,2020-06-19
2020-06-23,15:00,SELL,1000,14.11,14102.945000000002,19.3850039,0.0,0.0,14168.881343500007,0,2020-06-23
2020-06-24,09:25,BUY,1000,14.15,14157.074999999999,5.2831415,0.0,0.0,6.523202000007586,1000,2020-06-23
2020-06-29,15:00,SELL,1000,15.22,15212.390000000001,20.5166378,0.0,0.0,15198.39656420001,0,2020-06-29
2020-06-30,09:25,BUY,1000,15.19,15197.595,5.3039519,0.0,4.502387699989413,0.0,1000,2020-06-29
2020-07-01,15:00,SELL,1000,15.42,15412.29,20.7205358,0.0,0.0,15391.569464200002,0,2020-07-01
2020-07-02,09:25,BUY,1000,15.34,15347.669999999998,5.3069534,0.0,0.0,38.592510800002856,1000,2020-07-01
2020-07-03,15:00,SELL,1000,15.91,15902.045,21.2200859,0.0,0.0,15919.417424900003,0,2020-07-03
2020-07-06,09:25,BUY,1000,16.21,16218.105,5.3243621,0.0,304.0119371999972,0.0,1000,2020-07-03
2020-07-07,15:00,SELL,1000,16.38,16371.81,21.6992462,0.0,0.0,16350.1107538,0,2020-07-07
2020-07-08,09:25,BUY,1000,16.3,16308.15,5.326163,0.0,0.0,36.634590800000296,1000,2020-07-07
2020-07-09,15:00,SELL,1000,16.72,16711.64,22.0458728,0.0,0.0,16726.228718,0,2020-07-09
2020-07-10,09:25,BUY,1000,16.68,16688.34,5.3337668,0.0,0.0,32.55495119999978,1000,2020-07-09
2020-07-13,15:00,SELL,1000,16.5,16491.75,21.821585000000002,0.0,0.0,16502.4833662,0,2020-07-13
2020-07-14,09:25,BUY,1000,16.53,16538.265,5.3307653,0.0,41.11239910000222,0.0,1000,2020-07-13
2020-07-15,15:00,SELL,1000,16.2,16191.900000000001,21.515738000000002,0.0,0.0,16170.384262000001,0,2020-07-15
2020-07-16,09:25,BUY,1000,16.13,16138.064999999997,5.3227613,0.0,0.0,26.996500700004617,1000,2020-07-15
2020-07-17,15:00,SELL,1000,14.79,14782.605000000001,20.078257100000002,0.0,0.0,14789.523243600006,0,2020-07-17
2020-07-20,09:25,BUY,1000,14.88,14887.439999999999,5.2977488,0.0,103.21450519999235,0.0,1000,2020-07-17
2020-07-21,15:00,SELL,1000,15.43,15422.285000000002,20.730730700000002,0.0,0.0,15401.554269300002,0,2020-07-21
2020-07-22,09:25,BUY,1000,15.44,15447.72,5.3089544,0.0,51.47468509999635,0.0,1000,2020-07-21
2020-07-23,15:00,SELL,1000,14.98,14972.51,20.271960200000002,0.0,0.0,14952.2380398,0,2020-07-23
2020-07-24,09:25,BUY,1000,14.92,14927.46,5.2985492,0.0,0.0,19.479490600000645,1000,2020-07-23
2020-07-27,15:00,SELL,1000,14.01,14002.995,19.283054900000003,0.0,0.0,14003.191435700002,0,2020-07-27
2020-07-28,09:25,BUY,1000,14.15,14157.074999999999,5.2831415,0.0,159.16670579999663,0.0,1000,2020-07-27
2020-07-29,15:00,SELL,1000,14.51,14502.745,19.792799900000002,0.0,0.0,14482.9522001,0,2020-07-29
2020-07-30,09:25,BUY,1000,14.51,14517.255,5.2903451,0.0,39.59314499999891,0.0,1000,2020-07-29
2020-07-31,15:00,SELL,1000,14.59,14582.705,19.8743591,0.0,0.0,14562.8306409,0,2020-07-31
2020-08-03,09:25,BUY,1000,14.68,14687.339999999998,5.2937468,0.0,129.80310589999863,0.0,1000,2020-07-31
2020-08-04,15:00,SELL,1000,14.68,14672.660000000002,19.966113200000002,0.0,0.0,14652.693886800002,0,2020-08-04
2020-08-05,09:25,BUY,1000,14.83,14837.414999999999,5.2967483,0.0,190.0178614999968,0.0,1000,2020-08-04
2020-08-06,15:00,SELL,1000,14.5,14492.75,19.782605,0.0,0.0,14472.967395,0,2020-08-06
2020-08-07,09:25,BUY,1000,14.48,14487.24,5.2897448,0.0,19.562349800000447,0.0,1000,2020-08-06
2020-08-10,15:00,SELL,1000,14.41,14402.795,19.6908509,0.0,0.0,14383.1041491,0,2020-08-10
2020-08-11,09:25,BUY,1000,14.4,14407.199999999999,5.288144,0.0,29.38399489999938,0.0,1000,2020-08-10
2020-08-12,15:00,SELL,1000,15.14,15132.43,20.4350786,0.0,0.0,15111.9949214,0,2020-08-12
2020-08-13,09:25,BUY,1000,15.27,15277.634999999998,5.3055527,0.0,170.94563129999733,0.0,1000,2020-08-12
2020-08-14,15:00,SELL,1000,15.03,15022.485,20.3229347,0.0,0.0,15002.1620653,0,2020-08-14
2020-08-17,09:25,BUY,1000,15.09,15097.545,5.3019509,0.0,100.68488559999969,0.0,1000,2020-08-14
2020-08-18,15:00,SELL,1000,15.18,15172.410000000002,20.475858200000005,0.0,0.0,15151.934141800002,0,2020-08-18
2020-08-19,09:25,BUY,1000,15.18,15187.589999999998,5.3037518,0.0,40.959609999996246,0.0,1000,2020-08-18
2020-08-20,15:00,SELL,1000,14.83,14822.585000000001,20.119036700000002,0.0,0.0,14802.465963300001,0,2020-08-20
2020-08-21,09:25,BUY,1000,15.0,15007.5,5.30015,0.0,210.3341866999981,0.0,1000,2020-08-20
2020-08-24,15:00,SELL,1000,14.99,14982.505000000001,20.282155100000004,0.0,0.0,14962.222844900001,0,2020-08-24
2020-08-25,09:25,BUY,1000,15.04,15047.519999999999,5.3009504,0.0,90.59810549999747,0.0,1000,2020-08-24
2020-08-26,15:00,SELL,1000,14.54,14532.730000000001,19.823384600000004,0.0,0.0,14512.906615400001,0,2020-08-26
2020-08-27,09:25,BUY,1000,14.6,14607.3,5.292146,0.0,99.68553059999795,0.0,1000,2020-08-26
2020-08-28,15:00,SELL,1000,14.75,14742.625,20.0374775,0.0,0.0,14722.5875225,0,2020-08-28
2020-08-31,09:25,BUY,1000,14.84,14847.42,5.2969484,0.0,130.12942590000057,0.0,1000,2020-08-28
2020-09-01,15:00,SELL,1000,14.73,14722.635,20.0170877,0.0,0.0,14702.6179123,0,2020-09-01
2020-09-02,09:25,BUY,1000,14.72,14727.359999999999,5.2945472,0.0,30.036634899997807,0.0,1000,2020-09-01
2020-09-03,15:00,SELL,1000,14.51,14502.745,19.792799900000002,0.0,0.0,14482.9522001,0,2020-09-03
2020-09-04,09:25,BUY,1000,14.29,14297.144999999999,5.2859429,0.0,0.0,180.52125720000186,1000,2020-09-03
2020-09-07,15:00,SELL,1000,13.94,13933.03,19.211690600000004,0.0,0.0,14094.339566600003,0,2020-09-07
2020-09-08,09:25,BUY,1000,13.94,13946.97,5.2789394,0.0,0.0,142.09062720000475,1000,2020-09-07
2020-09-09,15:00,SELL,1000,13.91,13903.045,19.1811059,0.0,0.0,14025.954521300006,0,2020-09-09
2020-09-10,09:25,BUY,1000,14.0,14007.0,5.28014,0.0,0.0,13.674381300004825,1000,2020-09-09
2020-09-11,15:00,SELL,1000,13.62,13613.19,18.8854538,0.0,0.0,13607.978927500006,0,2020-09-11
2020-09-14,09:25,BUY,1000,13.62,13626.81,5.2725362,0.0,24.103608699993856,0.0,1000,2020-09-11
2020-09-15,15:00,SELL,1000,13.73,13723.135,18.9975977,0.0,0.0,13704.1374023,0,2020-09-15
2020-09-16,09:25,BUY,1000,13.69,13696.845,5.2739369,0.0,0.0,2.018465400002242,1000,2020-09-15
2020-09-17,15:00,SELL,1000,13.56,13553.220000000001,18.824284400000003,0.0,0.0,13536.414181000004,0,2020-09-17
2020-09-18,09:25,BUY,1000,13.57,13576.785,5.2715357,0.0,45.64235469999585,0.0,1000,2020-09-17
2020-09-21,15:00,SELL,1000,13.74,13733.130000000001,19.007792600000002,0.0,0.0,13714.122207400002,0,2020-09-21
2020-09-22,09:25,BUY,1000,13.65,13656.824999999999,5.2731365,0.0,0.0,52.0240709000027,1000,2020-09-21
2020-09-23,15:00,SELL,1000,13.57,13563.215,18.8344793,0.0,0.0,13596.404591600003,0,2020-09-23
2020-09-24,09:25,BUY,1000,13.45,13456.724999999999,5.2691345,0.0,0.0,134.41045710000435,1000,2020-09-23
2020-09-25,15:00,SELL,1000,13.17,13163.415,18.4266833,0.0,0.0,13279.398773800005,0,2020-09-25
2020-09-28,09:25,BUY,1000,13.2,13206.599999999999,5.264132,0.0,0.0,67.53464180000628,1000,2020-09-25
2020-09-29,15:00,SELL,1000,13.56,13553.220000000001,18.824284400000003,0.0,0.0,13601.930357400008,0,2020-09-29
2020-09-30,09:25,BUY,1000,13.6,13606.8,5.272136,0.0,10.141778599991085,0.0,1000,2020-09-29
2020-10-09,15:00,SELL,1000,13.85,13843.075,19.1199365,0.0,0.0,13823.955063500001,0,2020-10-09
2020-10-12,09:25,BUY,1000,13.9,13906.949999999999,5.278139,0.0,88.2730754999975,0.0,1000,2020-10-09
2020-10-13,15:00,SELL,1000,13.93,13923.035000000002,19.201495700000002,0.0,0.0,13903.833504300002,0,2020-10-13
2020-10-14,09:25,BUY,1000,13.8,13806.9,5.2761379999999996,0.0,0.0,91.65736630000356,1000,2020-10-13
2020-10-15,15:00,SELL,1000,13.75,13743.125,19.0179875,0.0,0.0,13815.764378800004,0,2020-10-15
2020-10-16,09:25,BUY,1000,13.88,13886.939999999999,5.2777388,0.0,76.45335999999406,0.0,1000,2020-10-15
2020-10-19,15:00,SELL,1000,13.86,13853.070000000002,19.130131400000003,0.0,0.0,13833.939868600002,0,2020-10-19
2020-10-20,09:25,BUY,1000,13.82,13826.91,5.2765382,0.0,0.0,1.7533304000025964,1000,2020-10-19
2020-10-21,15:00,SELL,1000,13.64,13633.18,18.9058436,0.0,0.0,13616.027486800003,0,2020-10-21
2020-10-22,09:25,BUY,1000,13.58,13586.789999999999,5.2717358,0.0,0.0,23.965751000003365,1000,2020-10-21
2020-10-23,15:00,SELL,1000,13.59,13583.205,18.854869100000002,0.0,0.0,13588.315881900004,0,2020-10-23
2020-10-26,09:25,BUY,1000,13.57,13576.785,5.2715357,0.0,0.0,6.2593462000040745,1000,2020-10-23
2020-10-27,15:00,SELL,1000,13.87,13863.065,19.1403263,0.0,0.0,13850.184019900005,0,2020-10-27
2020-10-28,09:25,BUY,1000,13.93,13936.964999999998,5.2787393,0.0,92.0597193999929,0.0,1000,2020-10-27
2020-10-29,15:00,SELL,1000,13.96,13953.02,19.2320804,0.0,0.0,13933.787919600001,0,2020-10-29
2020-10-30,09:25,BUY,1000,13.9,13906.949999999999,5.278139,0.0,0.0,21.55978060000234,1000,2020-10-29
2020-11-02,15:00,SELL,1000,13.16,13153.42,18.4164884,0.0,0.0,13156.563292200002,0,2020-11-02
2020-11-03,09:25,BUY,1000,13.18,13186.59,5.2637318,0.0,35.290439599997626,0.0,1000,2020-11-02
2020-11-04,15:00,SELL,1000,13.47,13463.265000000001,18.7325303,0.0,0.0,13444.532469700001,0,2020-11-04
2020-11-05,09:25,BUY,1000,13.68,13686.84,5.2737368,0.0,247.5812670999985,0.0,1000,2020-11-04
2020-11-06,15:00,SELL,1000,14.0,13993.0,19.27286,0.0,0.0,13973.72714,0,2020-11-06
2020-11-09,09:25,BUY,1000,14.27,14277.134999999998,5.2855427,0.0,308.693402699997,0.0,1000,2020-11-06
2020-11-10,15:00,SELL,1000,15.06,15052.470000000001,20.353519400000003,0.0,0.0,15032.116480600002,0,2020-11-10
2020-11-11,09:25,BUY,1000,14.94,14947.47,5.2989494,0.0,0.0,79.34753120000278,1000,2020-11-10
2020-11-12,15:00,SELL,1000,14.48,14472.76,19.7622152,0.0,0.0,14532.345316000003,0,2020-11-12
2020-11-13,09:25,BUY,1000,14.31,14317.154999999999,5.2863431,0.0,0.0,209.90397290000328,1000,2020-11-12
2020-11-16,15:00,SELL,1000,14.28,14272.86,19.5583172,0.0,0.0,14463.205655700003,0,2020-11-16
2020-11-17,09:25,BUY,1000,14.26,14267.13,5.2853426,0.0,0.0,190.7903131000039,1000,2020-11-16
2020-11-18,15:00,SELL,1000,14.4,14392.800000000001,19.680656000000003,0.0,0.0,14563.909657100005,0,2020-11-18
2020-11-19,09:25,BUY,1000,14.29,14297.144999999999,5.2859429,0.0,0.0,261.4787142000059,1000,2020-11-18
2020-11-20,15:00,SELL,1000,14.25,14242.875,19.5277325,0.0,0.0,14484.825981700005,0,2020-11-20
2020-11-23,09:25,BUY,1000,14.26,14267.13,5.2853426,0.0,0.0,212.41063910000594,1000,2020-11-20
2020-11-24,15:00,SELL,1000,14.17,14162.915,19.4461733,0.0,0.0,14355.879465800006,0,2020-11-24
2020-11-25,09:25,BUY,1000,14.2,14207.099999999999,5.284142,0.0,0.0,143.4953238000071,1000,2020-11-24
2020-11-26,15:00,SELL,1000,14.0,13993.0,19.27286,0.0,0.0,14117.222463800008,0,2020-11-26
2020-11-27,09:25,BUY,1000,13.96,13966.98,5.2793396,0.0,0.0,144.96312420000868,1000,2020-11-26
2020-11-30,15:00,SELL,1000,13.81,13803.095000000001,19.0791569,0.0,0.0,13928.97896730001,0,2020-11-30
2020-12-01,09:25,BUY,1000,13.76,13766.88,5.2753376,0.0,0.0,156.82362970001122,1000,2020-11-30
2020-12-02,15:00,SELL,1000,14.05,14042.975,19.323834500000004,0.0,0.0,14180.47479520001,0,2020-12-02
2020-12-03,09:25,BUY,1000,14.0,14007.0,5.28014,0.0,0.0,168.19465520000995,1000,2020-12-02
2020-12-04,15:00,SELL,1000,13.84,13833.08,19.1097416,0.0,0.0,13982.16491360001,0,2020-12-04
2020-12-07,09:25,BUY,1000,13.82,13826.91,5.2765382,0.0,0.0,149.97837540001092,1000,2020-12-04
2020-12-08,15:00,SELL,1000,14.14,14132.93,19.4155886,0.0,0.0,14263.49278680001,0,2020-12-08
2020-12-09,09:25,BUY,1000,14.17,14177.085,5.2835417,0.0,0.0,81.12424510001074,1000,2020-12-08
2020-12-10,15:00,SELL,1000,13.43,13423.285,18.6917507,0.0,0.0,13485.71749440001,0,2020-12-10
2020-12-11,09:25,BUY,1000,13.38,13386.689999999999,5.2677338,0.0,0.0,93.75976060001267,1000,2020-12-10
2020-12-14,15:00,SELL,1000,13.54,13533.230000000001,18.803894600000003,0.0,0.0,13608.185866000014,0,2020-12-14
2020-12-15,09:25,BUY,1000,13.36,13366.679999999998,5.2673336,0.0,0.0,236.23853240001517,1000,2020-12-14
2020-12-16,15:00,SELL,1000,13.53,13523.235,18.7936997,0.0,0.0,13740.679832700016,0,2020-12-16
2020-12-17,09:25,BUY,1000,13.53,13536.765,5.2707353,0.0,0.0,198.6440974000161,1000,2020-12-16
2020-12-18,15:00,SELL,1000,13.65,13643.175000000001,18.916038500000003,0.0,0.0,13822.903058900018,0,2020-12-18
2020-12-21,09:25,BUY,1000,13.6,13606.8,5.272136,0.0,0.0,210.83092290001878,1000,2020-12-18
2020-12-22,15:00,SELL,1000,13.27,13263.365000000002,18.5286323,0.0,0.0,13455.66729060002,0,2020-12-22
2020-12-23,09:25,BUY,1000,13.31,13316.654999999999,5.2663331,0.0,0.0,133.74595750002118,1000,2020-12-22
2020-12-24,15:00,SELL,1000,13.38,13373.310000000001,18.640776200000005,0.0,0.0,13488.415181300023,0,2020-12-24
2020-12-25,09:25,BUY,1000,13.35,13356.675,5.2671335,0.0,0.0,126.47304780002378,1000,2020-12-24
2020-12-28,15:00,SELL,1000,13.27,13263.365000000002,18.5286323,0.0,0.0,13371.309415500025,0,2020-12-28
2020-12-29,09:25,BUY,1000,13.32,13326.66,5.2665332,0.0,0.0,39.38288230002581,1000,2020-12-28
2020-12-30,15:00,SELL,1000,13.67,13663.165,18.936428300000003,0.0,0.0,13683.611454000027,0,2020-12-30
2020-12-31,09:25,BUY,1000,13.67,13676.835,5.2735367,0.0,0.0,1.5029173000275478,1000,2020-12-30
2021-01-04,15:00,SELL,1000,13.8,13793.1,19.068962,0.0,0.0,13775.533955300029,0,2021-01-04
2021-01-05,09:25,BUY,1000,13.8,13806.9,5.2761379999999996,0.0,36.64218269997036,0.0,1000,2021-01-04
2021-01-06,15:00,SELL,1000,13.87,13863.065,19.1403263,0.0,0.0,13843.924673700001,0,2021-01-06
2021-01-07,09:25,BUY,1000,13.79,13796.894999999999,5.2759379,0.0,0.0,41.75373580000269,1000,2021-01-06
2021-01-08,15:00,SELL,1000,14.24,14232.880000000001,19.517537600000004,0.0,0.0,14255.116198200003,0,2021-01-08
2021-01-11,09:25,BUY,1000,14.1,14107.05,5.282141,0.0,0.0,142.7840572000041,1000,2021-01-08
2021-01-12,15:00,SELL,1000,14.57,14562.715,19.853969300000003,0.0,0.0,14685.645087900004,0,2021-01-12
2021-01-13,09:25,BUY,1000,14.48,14487.24,5.2897448,0.0,0.0,193.11534310000388,1000,2021-01-12
2021-01-14,15:00,SELL,1000,15.67,15662.165,20.9754083,0.0,0.0,15834.304934800004,0,2021-01-14
2021-01-15,09:25,BUY,1000,15.57,15577.785,5.3115557,0.0,0.0,251.2083791000041,1000,2021-01-14
2021-01-18,15:00,SELL,1000,15.88,15872.060000000001,21.189501200000002,0.0,0.0,16102.078877900005,0,2021-01-18
2021-01-19,09:25,BUY,1000,15.86,15867.929999999998,5.3173586,0.0,0.0,228.83151930000713,1000,2021-01-18
2021-01-20,15:00,SELL,1000,15.14,15132.43,20.4350786,0.0,0.0,15340.826440700008,0,2021-01-20
2021-01-21,09:25,BUY,1000,15.15,15157.574999999999,5.3031515,0.0,0.0,177.94828920000873,1000,2021-01-20
2021-01-22,15:00,SELL,1000,14.75,14742.625,20.0374775,0.0,0.0,14900.535811700009,0,2021-01-22
2021-01-25,09:25,BUY,1000,14.69,14697.345,5.2939469,0.0,0.0,197.89686480001,1000,2021-01-22
2021-01-26,15:00,SELL,1000,14.82,14812.59,20.1088418,0.0,0.0,14990.37802300001,0,2021-01-26
2021-01-27,09:25,BUY,1000,14.95,14957.474999999999,5.2991495,0.0,0.0,27.603873500011105,1000,2021-01-26
2021-01-28,15:00,SELL,1000,14.21,14202.895,19.486952900000002,0.0,0.0,14211.01192060001,0,2021-01-28
2021-01-29,09:25,BUY,1000,14.4,14407.199999999999,5.288144,0.0,201.47622339998816,0.0,1000,2021-01-28
2021-02-01,15:00,SELL,1000,13.9,13893.050000000001,19.170911000000004,0.0,0.0,13873.879089000002,0,2021-02-01
2021-02-02,09:25,BUY,1000,13.93,13936.964999999998,5.2787393,0.0,68.36465029999636,0.0,1000,2021-02-01
2021-02-03,15:00,SELL,1000,13.27,13263.365000000002,18.5286323,0.0,0.0,13244.836367700002,0,2021-02-03
2021-02-04,09:25,BUY,1000,13.2,13206.599999999999,5.264132,0.0,0.0,32.972235700002784,1000,2021-02-03
2021-02-05,15:00,SELL,1000,13.21,13203.395,18.4674629,0.0,0.0,13217.899772800003,0,2021-02-05
2021-02-08,09:25,BUY,1000,13.15,13156.574999999999,5.2631315,0.0,0.0,56.06164130000434,1000,2021-02-05
2021-02-09,15:00,SELL,1000,13.62,13613.19,18.8854538,0.0,0.0,13650.366187500005,0,2021-02-09
2021-02-10,09:25,BUY,1000,13.51,13516.755,5.2703351,0.0,0.0,128.34085240000604,1000,2021-02-09
2021-02-18,15:00,SELL,1000,13.96,13953.02,19.2320804,0.0,0.0,14062.128772000007,0,2021-02-18
2021-02-19,09:25,BUY,1000,13.89,13896.945,5.2779389,0.0,0.0,159.90583310000693,1000,2021-02-18
2021-02-22,15:00,SELL,1000,13.97,13963.015000000001,19.242275300000003,0.0,0.0,14103.678557800009,0,2021-02-22
2021-02-23,09:25,BUY,1000,13.85,13856.925,5.2771385,0.0,0.0,241.4764193000101,1000,2021-02-22
2021-02-24,15:00,SELL,1000,14.05,14042.975,19.323834500000004,0.0,0.0,14265.12758480001,0,2021-02-24
2021-02-25,09:25,BUY,1000,14.05,14057.025,5.2811405,0.0,0.0,202.82144430001063,1000,2021-02-24
2021-02-26,15:00,SELL,1000,13.81,13803.095000000001,19.0791569,0.0,0.0,13986.837287400012,0,2021-02-26
2021-03-01,09:25,BUY,1000,13.84,13846.92,5.2769384,0.0,0.0,134.64034900001207,1000,2021-02-26
2021-03-02,15:00,SELL,1000,13.58,13573.210000000001,18.8446742,0.0,0.0,13689.005674800013,0,2021-03-02
2021-03-03,09:25,BUY,1000,13.56,13566.779999999999,5.2713356000000005,0.0,0.0,116.95433920001415,1000,2021-03-02
2021-03-04,15:00,SELL,1000,13.63,13623.185000000001,18.895648700000002,0.0,0.0,13721.243690500016,0,2021-03-04
2021-03-05,09:25,BUY,1000,13.5,13506.75,5.270135,0.0,0.0,209.2235555000152,1000,2021-03-04
2021-03-08,15:00,SELL,1000,13.7,13693.150000000001,18.967013,0.0,0.0,13883.406542500017,0,2021-03-08
2021-03-09,09:25,BUY,1000,13.68,13686.84,5.2737368,0.0,0.0,191.2928057000172,1000,2021-03-08
2021-03-10,15:00,SELL,1000,13.73,13723.135,18.9975977,0.0,0.0,13895.430208000018,0,2021-03-10
2021-03-11,09:25,BUY,1000,13.72,13726.859999999999,5.2745372,0.0,0.0,163.29567080001834,1000,2021-03-10
2021-03-12,15:00,SELL,1000,13.53,13523.235,18.7936997,0.0,0.0,13667.73697110002,0,2021-03-12
2021-03-15,09:25,BUY,1000,13.48,13486.74,5.2697348,0.0,0.0,175.72723630001929,1000,2021-03-12
2021-03-16,15:00,SELL,1000,13.47,13463.265000000001,18.7325303,0.0,0.0,13620.25970600002,0,2021-03-16
2021-03-17,09:25,BUY,1000,13.45,13456.724999999999,5.2691345,0.0,0.0,158.2655715000219,1000,2021-03-16
2021-03-18,15:00,SELL,1000,13.52,13513.240000000002,18.783504800000003,0.0,0.0,13652.722066700024,0,2021-03-18
2021-03-19,09:25,BUY,1000,13.52,13526.759999999998,5.2705352,0.0,0.0,120.69153150002603,1000,2021-03-18
2021-03-22,15:00,SELL,1000,13.55,13543.225,18.8140895,0.0,0.0,13645.102442000027,0,2021-03-22
2021-03-23,09:25,BUY,1000,13.56,13566.779999999999,5.2713356000000005,0.0,0.0,73.05110640002749,1000,2021-03-22
2021-03-24,15:00,SELL,1000,13.86,13853.070000000002,19.130131400000003,0.0,0.0,13906.99097500003,0,2021-03-24
2021-03-25,09:25,BUY,1000,13.9,13906.949999999999,5.278139,0.0,5.237163999969198,0.0,1000,2021-03-24
2021-03-26,15:00,SELL,1000,14.04,14032.980000000001,19.313639600000002,0.0,0.0,14013.6663604,0,2021-03-26
2021-03-29,09:25,BUY,1000,14.07,14077.035,5.2815407,0.0,68.65018029999919,0.0,1000,2021-03-26
2021-03-30,15:00,SELL,1000,14.36,14352.820000000002,19.639876400000002,0.0,0.0,14333.180123600001,0,2021-03-30
2021-03-31,09:25,BUY,1000,14.3,14307.15,5.286143,0.0,0.0,20.743980600002033,1000,2021-03-30
2021-04-01,15:00,SELL,1000,14.42,14412.79,19.701045800000003,0.0,0.0,14413.832934800002,0,2021-04-01
2021-04-02,09:25,BUY,1000,14.37,14377.185,5.2875437,0.0,0.0,31.360391100002744,1000,2021-04-01
2021-04-06,15:00,SELL,1000,14.16,14152.92,19.435978400000003,0.0,0.0,14164.844412700002,0,2021-04-06
2021-04-07,09:25,BUY,1000,14.19,14197.095,5.2839419,0.0,37.53452919999654,0.0,1000,2021-04-06
2021-04-08,15:00,SELL,1000,14.36,14352.820000000002,19.639876400000002,0.0,0.0,14333.180123600001,0,2021-04-08
2021-04-09,09:25,BUY,1000,14.29,14297.144999999999,5.2859429,0.0,0.0,30.7491807000024,1000,2021-04-08
2021-04-12,15:00,SELL,1000,14.06,14052.970000000001,19.334029400000002,0.0,0.0,14064.385151300003,0,2021-04-12
2021-04-13,09:25,BUY,1000,14.06,14067.029999999999,5.2813406,0.0,7.926189299996622,0.0,1000,2021-04-12
2021-04-14,15:00,SELL,1000,14.5,14492.75,19.782605,0.0,0.0,14472.967395,0,2021-04-14
2021-04-15,09:25,BUY,1000,14.54,14547.269999999999,5.2909454,0.0,79.593550399999,0.0,1000,2021-04-14
2021-04-16,15:00,SELL,1000,14.4,14392.800000000001,19.680656000000003,0.0,0.0,14373.119344,0,2021-04-16
2021-04-19,09:25,BUY,1000,14.35,14357.175,5.2871435,0.0,0.0,10.657200500001636,1000,2021-04-16
2021-04-20,15:00,SELL,1000,14.38,14372.810000000001,19.660266200000002,0.0,0.0,14363.806934300002,0,2021-04-20
2021-04-21,09:25,BUY,1000,14.33,14337.164999999999,5.2867433,0.0,0.0,21.355191000004197,1000,2021-04-20
2021-04-22,15:00,SELL,1000,14.18,14172.910000000002,19.456368200000004,0.0,0.0,14174.808822800005,0,2021-04-22
2021-04-23,09:25,BUY,1000,14.15,14157.074999999999,5.2831415,0.0,0.0,12.450681300006181,1000,2021-04-22
2021-04-26,15:00,SELL,1000,14.35,14342.825,19.629681500000004,0.0,0.0,14335.645999800006,0,2021-04-26
2021-04-27,09:25,BUY,1000,14.34,14347.17,5.2869434,0.0,16.81094359999406,0.0,1000,2021-04-26
2021-04-28,15:00,SELL,1000,14.55,14542.725,19.8335795,0.0,0.0,14522.8914205,0,2021-04-28
2021-04-29,09:25,BUY,1000,14.65,14657.324999999999,5.2931465,0.0,139.72672599999896,0.0,1000,2021-04-28
2021-04-30,15:00,SELL,1000,13.76,13753.12,19.028182400000002,0.0,0.0,13734.091817600001,0,2021-04-30
2021-05-06,09:25,BUY,1000,13.61,13616.804999999998,5.2723361,0.0,0.0,112.01448150000215,1000,2021-04-30
2021-05-07,15:00,SELL,1000,13.45,13443.275000000001,18.712140500000004,0.0,0.0,13536.577341000004,0,2021-05-07
2021-05-10,09:25,BUY,1000,13.5,13506.75,5.270135,0.0,0.0,24.557206000003134,1000,2021-05-07
2021-05-11,15:00,SELL,1000,13.49,13483.255000000001,18.752920100000004,0.0,0.0,13489.059285900004,0,2021-05-11
2021-05-12,09:25,BUY,1000,13.42,13426.71,5.2685342,0.0,0.0,57.08075170000484,1000,2021-05-11
2021-05-13,15:00,SELL,1000,13.38,13373.310000000001,18.640776200000005,0.0,0.0,13411.749975500006,0,2021-05-13
2021-05-14,09:25,BUY,1000,13.4,13406.699999999999,5.268134,0.0,0.21815849999256898,0.0,1000,2021-05-13
2021-05-17,15:00,SELL,1000,13.3,13293.35,18.559217000000004,0.0,0.0,13274.790783,0,2021-05-17
2021-05-18,09:25,BUY,1000,13.31,13316.654999999999,5.2663331,0.0,47.1305500999988,0.0,1000,2021-05-17
2021-05-19,15:00,SELL,1000,13.21,13203.395,18.4674629,0.0,0.0,13184.9275371,0,2021-05-19
2021-05-20,09:25,BUY,1000,13.2,13206.599999999999,5.264132,0.0,26.936594899998454,0.0,1000,2021-05-19
2021-05-21,15:00,SELL,1000,13.11,13103.445000000002,18.365513900000003,0.0,0.0,13085.079486100001,0,2021-05-21
2021-05-24,09:25,BUY,1000,13.11,13116.554999999998,5.2623311,0.0,36.73784499999783,0.0,1000,2021-05-21
2021-05-25,15:00,SELL,1000,12.64,12633.68,17.8863536,0.0,0.0,12615.7936464,0,2021-05-25
2021-05-26,09:25,BUY,1000,12.56,12566.279999999999,5.2513256,0.0,0.0,44.26232080000045,1000,2021-05-25
2021-05-27,15:00,SELL,1000,12.62,12613.69,17.865963800000003,0.0,0.0,12640.086357,0,2021-05-27
2021-05-28,09:25,BUY,1000,12.56,12566.279999999999,5.2513256,0.0,0.0,68.5550314000011,1000,2021-05-27
2021-05-31,15:00,SELL,1000,12.42,12413.79,17.6620658,0.0,0.0,12464.682965600003,0,2021-05-31
2021-06-01,09:25,BUY,1000,12.42,12426.21,5.2485242,0.0,0.0,33.22444140000334,1000,2021-05-31
2021-06-02,15:00,SELL,1000,12.22,12213.890000000001,17.458167800000002,0.0,0.0,12229.656273600005,0,2021-06-02
2021-06-03,09:25,BUY,1000,12.22,12226.109999999999,5.2445222,0.0,1.6982485999942583,0.0,1000,2021-06-02
2021-06-04,15:00,SELL,1000,12.22,12213.890000000001,17.458167800000002,0.0,0.0,12196.431832200002,0,2021-06-04
2021-06-07,09:25,BUY,1000,12.23,12236.115,5.2447223,0.0,44.92789009999797,0.0,1000,2021-06-04
2021-06-08,15:00,SELL,1000,12.51,12503.745,17.753819900000003,0.0,0.0,12485.991180100002,0,2021-06-08
2021-06-09,09:25,BUY,1000,12.47,12476.234999999999,5.2495247,0.0,0.0,4.506655400002273,1000,2021-06-08
2021-06-10,15:00,SELL,1000,12.56,12553.720000000001,17.804794400000002,0.0,0.0,12540.421861000003,0,2021-06-10
2021-06-11,09:25,BUY,1000,12.56,12566.279999999999,5.2513256,0.0,31.1094645999965,0.0,1000,2021-06-10
2021-06-15,15:00,SELL,1000,12.55,12543.725,17.794599500000004,0.0,0.0,12525.930400500001,0,2021-06-15
2021-06-16,09:25,BUY,1000,12.5,12506.25,5.250125,0.0,0.0,14.43027550000079,1000,2021-06-15
2021-06-17,15:00,SELL,1000,12.45,12443.775000000001,17.692650500000003,0.0,0.0,12440.512625000003,0,2021-06-17
2021-06-18,09:25,BUY,1000,12.48,12486.24,5.2497248,0.0,50.97709979999672,0.0,1000,2021-06-17
2021-06-21,15:00,SELL,1000,12.38,12373.810000000001,17.6212862,0.0,0.0,12356.188713800002,0,2021-06-21
2021-06-22,09:25,BUY,1000,12.37,12376.185,5.2475237,0.0,25.24380989999736,0.0,1000,2021-06-21
2021-06-23,15:00,SELL,1000,12.56,12553.720000000001,17.804794400000002,0.0,0.0,12535.9152056,0,2021-06-23
2021-06-24,09:25,BUY,1000,12.61,12616.304999999998,5.2523261,0.0,85.64212049999878,0.0,1000,2021-06-23
2021-06-25,15:00,SELL,1000,12.61,12603.695000000002,17.8557689,0.0,0.0,12585.8392311,0,2021-06-25
2021-06-28,09:25,BUY,1000,12.66,12666.33,5.2533266,0.0,85.74409549999837,0.0,1000,2021-06-25
2021-06-29,15:00,SELL,1000,12.41,12403.795,17.6518709,0.0,0.0,12386.1431291,0,2021-06-29
2021-06-30,09:25,BUY,1000,12.45,12456.224999999999,5.2491245,0.0,75.33099539999785,0.0,1000,2021-06-29
2021-07-01,15:00,SELL,1000,12.3,12293.85,17.539727,0.0,0.0,12276.310273000001,0,2021-07-01
2021-07-02,09:25,BUY,1000,12.29,12296.144999999999,5.2459229,0.0,25.080649899997297,0.0,1000,2021-07-01
2021-07-05,15:00,SELL,1000,12.19,12183.905,17.4275831,0.0,0.0,12166.477416900001,0,2021-07-05
2021-07-06,09:25,BUY,1000,12.19,12196.095,5.2439219,0.0,34.86150499999894,0.0,1000,2021-07-05
2021-07-07,15:00,SELL,1000,12.15,12143.925000000001,17.386803500000003,0.0,0.0,12126.538196500002,0,2021-07-07
2021-07-08,09:25,BUY,1000,12.16,12166.08,5.2433216,0.0,44.78512509999928,0.0,1000,2021-07-07
2021-07-09,15:00,SELL,1000,11.95,11944.025000000001,17.182905500000004,0.0,0.0,11926.842094500002,0,2021-07-09
2021-07-12,09:25,BUY,1000,12.0,12006.0,5.24012,0.0,84.39802549999877,0.0,1000,2021-07-09
2021-07-13,15:00,SELL,1000,12.04,12033.980000000001,17.2746596,0.0,0.0,12016.705340400002,0,2021-07-13
2021-07-14,09:25,BUY,1000,12.01,12016.005,5.2403201,0.0,4.539979699997275,0.0,1000,2021-07-13
2021-07-15,15:00,SELL,1000,11.75,11744.125,16.9790075,0.0,0.0,11727.1459925,0,2021-07-15
2021-07-16,09:25,BUY,1000,11.72,11725.859999999999,5.2345172,0.0,3.948524699999325,0.0,1000,2021-07-15
2021-07-19,15:00,SELL,1000,11.56,11554.220000000001,16.7853044,0.0,0.0,11537.4346956,0,2021-07-19
2021-07-20,09:25,BUY,1000,11.51,11515.755,5.2303151,0.0,0.0,16.449380500002007,1000,2021-07-19
2021-07-21,15:00,SELL,1000,11.77,11764.115,16.9993973,0.0,0.0,11763.564983200002,0,2021-07-21
2021-07-22,09:25,BUY,1000,11.76,11765.88,5.2353176,0.0,7.550334399997155,0.0,1000,2021-07-21
2021-07-23,15:00,SELL,1000,11.76,11754.12,16.989202400000003,0.0,0.0,11737.1307976,0,2021-07-23
2021-07-26,09:25,BUY,1000,11.79,11795.894999999999,5.2359179,0.0,64.00012029999743,0.0,1000,2021-07-23
2021-07-27,15:00,SELL,1000,11.28,11274.36,16.4998472,50.0,0.0,11457.8601528,0,2021-07-27
2021-07-28,09:25,BUY,1000,11.28,11285.64,5.2257128,0.0,0.0,166.9944400000004,1000,2021-07-27
2021-07-29,15:00,SELL,1000,10.99,10984.505000000001,16.2041951,0.0,0.0,11135.295244900002,0,2021-07-29
2021-07-30,09:25,BUY,1000,10.96,10965.48,5.2193096,0.0,0.0,164.59593530000348,1000,2021-07-29
2021-08-02,15:00,SELL,1000,11.81,11804.095000000001,17.040176900000002,0.0,0.0,11951.650758400005,0,2021-08-02
2021-08-03,09:25,BUY,1000,11.85,11855.925,5.2371185,0.0,0.0,90.48863990000609,1000,2021-08-02
2021-08-04,15:00,SELL,1000,11.91,11904.045,17.142125900000003,0.0,0.0,11977.391514000006,0,2021-08-04
2021-08-05,09:25,BUY,1000,11.98,11985.99,5.2397198,0.0,13.838205799993375,0.0,1000,2021-08-04
2021-08-06,15:00,SELL,1000,11.83,11824.085000000001,17.060566700000003,0.0,0.0,11807.024433300001,0,2021-08-06
2021-08-09,09:25,BUY,1000,11.8,11805.9,5.236118,0.0,4.111684699999387,0.0,1000,2021-08-06
2021-08-10,15:00,SELL,1000,12.14,12133.93,17.3766086,0.0,0.0,12116.5533914,0,2021-08-10
2021-08-11,09:25,BUY,1000,12.24,12246.119999999999,5.2449224,0.0,134.81153099999756,0.0,1000,2021-08-10
2021-08-12,15:00,SELL,1000,11.75,11744.125,16.9790075,0.0,0.0,11727.1459925,0,2021-08-12
2021-08-13,09:25,BUY,1000,11.74,11745.869999999999,5.2349174,0.0,23.958924899998237,0.0,1000,2021-08-12
2021-08-16,15:00,SELL,1000,12.27,12263.865,17.5091423,0.0,0.0,12246.3558577,0,2021-08-16
2021-08-17,09:25,BUY,1000,12.27,12276.135,5.2455227,0.0,35.024664999999004,0.0,1000,2021-08-16
2021-08-18,15:00,SELL,1000,12.25,12243.875,17.4887525,0.0,0.0,12226.3862475,0,2021-08-18
2021-08-19,09:25,BUY,1000,12.2,12206.099999999999,5.244122,0.0,0.0,15.04212550000193,1000,2021-08-18
2021-08-20,15:00,SELL,1000,11.88,11874.060000000001,17.1115412,0.0,0.0,11871.990584300003,0,2021-08-20
2021-08-23,09:25,BUY,1000,11.96,11965.98,5.2393196,0.0,99.2287352999956,0.0,1000,2021-08-20
2021-08-24,15:00,SELL,1000,12.05,12043.975,17.2848545,0.0,0.0,12026.6901455,0,2021-08-24
2021-08-25,09:25,BUY,1000,12.03,12036.015,5.2407202999999996,0.0,14.565574799999013,0.0,1000,2021-08-24
2021-08-26,15:00,SELL,1000,11.69,11684.155,16.9178381,0.0,0.0,11667.2371619,0,2021-08-26
2021-08-27,09:25,BUY,1000,11.69,11695.845,5.2339169,0.0,33.841754999999466,0.0,1000,2021-08-26
2021-08-30,15:00,SELL,1000,11.51,11504.245,16.734329900000002,0.0,0.0,11487.5106701,0,2021-08-30
2021-08-31,09:25,BUY,1000,11.53,11535.765,5.2307153,0.0,53.48504519999915,0.0,1000,2021-08-30
2021-09-01,15:00,SELL,1000,11.71,11704.145,16.9382279,0.0,0.0,11687.2067721,0,2021-09-01
2021-09-02,09:25,BUY,1000,11.71,11715.855,5.2343171,0.0,33.88254499999857,0.0,1000,2021-09-01
2021-09-03,15:00,SELL,1000,12.0,11994.0,17.23388,0.0,0.0,11976.76612,0,2021-09-03
2021-09-06,09:25,BUY,1000,12.01,12016.005,5.2403201,0.0,44.47920009999871,0.0,1000,2021-09-03
2021-09-07,15:00,SELL,1000,12.17,12163.915,17.407193300000003,0.0,0.0,12146.507806700001,0,2021-09-07
2021-09-08,09:25,BUY,1000,12.17,12176.085,5.2435217,0.0,34.82071499999802,0.0,1000,2021-09-07
2021-09-09,15:00,SELL,1000,12.18,12173.91,17.4173882,0.0,0.0,12156.4926118,0,2021-09-09
2021-09-10,09:25,BUY,1000,12.17,12176.085,5.2435217,0.0,24.835909899999024,0.0,1000,2021-09-09
2021-09-13,15:00,SELL,1000,12.17,12163.915,17.407193300000003,0.0,0.0,12146.507806700001,0,2021-09-13
2021-09-14,09:25,BUY,1000,12.12,12126.06,5.2425212,0.0,0.0,15.205285500001992,1000,2021-09-13
2021-09-15,15:00,SELL,1000,11.8,11794.1,17.029982,0.0,0.0,11792.275303500002,0,2021-09-15
2021-09-16,09:25,BUY,1000,11.8,11805.9,5.236118,0.0,18.860814499998014,0.0,1000,2021-09-15
2021-09-17,15:00,SELL,1000,11.75,11744.125,16.9790075,0.0,0.0,11727.1459925,0,2021-09-17
2021-09-22,09:25,BUY,1000,11.68,11685.84,5.2337168,0.0,0.0,36.07227570000032,1000,2021-09-17
2021-09-23,15:00,SELL,1000,12.08,12073.960000000001,17.3154392,0.0,0.0,12092.716836500002,0,2021-09-23
2021-09-24,09:25,BUY,1000,12.0,12006.0,5.24012,0.0,0.0,81.4767165000012,1000,2021-09-23
2021-09-27,15:00,SELL,1000,11.87,11864.065,17.101346300000003,0.0,0.0,11928.440370200002,0,2021-09-27
2021-09-28,09:25,BUY,1000,11.81,11815.904999999999,5.2363181,0.0,0.0,107.29905210000288,1000,2021-09-27
2021-09-29,15:00,SELL,1000,11.84,11834.08,17.0707616,0.0,0.0,11924.308290500003,0,2021-09-29
2021-09-30,09:25,BUY,1000,11.84,11845.92,5.2369184,0.0,0.0,73.15137210000285,1000,2021-09-29
2021-10-08,15:00,SELL,1000,12.12,12113.94,17.3562188,0.0,0.0,12169.735153300004,0,2021-10-08
2021-10-11,09:25,BUY,1000,12.12,12126.06,5.2425212,0.0,0.0,38.43263210000441,1000,2021-10-08
2021-10-12,15:00,SELL,1000,11.88,11874.060000000001,17.1115412,0.0,0.0,11895.381090900006,0,2021-10-12
2021-10-13,09:25,BUY,1000,11.88,11885.939999999999,5.2377188,0.0,0.0,4.203372100007982,1000,2021-10-12
2021-10-14,15:00,SELL,1000,11.86,11854.070000000002,17.0911514,0.0,0.0,11841.18222070001,0,2021-10-14
2021-10-15,09:25,BUY,1000,11.86,11865.929999999998,5.2373186,0.0,29.98509789998934,0.0,1000,2021-10-14
2021-10-18,15:00,SELL,1000,11.58,11574.210000000001,16.8056942,0.0,0.0,11557.4043058,0,2021-10-18
2021-10-19,09:25,BUY,1000,11.62,11625.81,5.2325162,0.0,73.63821039999857,0.0,1000,2021-10-18
2021-10-20,15:00,SELL,1000,11.59,11584.205,16.8158891,0.0,0.0,11567.3891109,0,2021-10-20
2021-10-21,09:25,BUY,1000,11.6,11605.8,5.232116,0.0,43.643005099998845,0.0,1000,2021-10-20
2021-10-22,15:00,SELL,1000,11.54,11534.230000000001,16.764914600000004,0.0,0.0,11517.465085400001,0,2021-10-22
2021-10-25,09:25,BUY,1000,11.48,11485.74,5.2297148,0.0,0.0,26.49537060000148,1000,2021-10-22
2021-10-26,15:00,SELL,1000,11.43,11424.285,16.6527707,0.0,0.0,11434.1275999,0,2021-10-26
2021-10-27,09:25,BUY,1000,11.46,11465.73,5.2293146,0.0,36.831714699997974,0.0,1000,2021-10-26
2021-10-28,15:00,SELL,1000,11.16,11154.42,16.377508400000004,0.0,0.0,11138.0424916,0,2021-10-28
2021-10-29,09:25,BUY,1000,11.21,11215.605,5.2243121,0.0,82.78682049999952,0.0,1000,2021-10-28
2021-11-01,15:00,SELL,1000,11.44,11434.28,16.6629656,0.0,0.0,11417.6170344,0,2021-11-01
2021-11-02,09:25,BUY,1000,11.5,11505.75,5.230115,0.0,93.3630806000001,0.0,1000,2021-11-01
2021-11-03,15:00,SELL,1000,11.47,11464.265000000001,16.693550300000002,0.0,0.0,11447.5714497,0,2021-11-03
2021-11-04,09:25,BUY,1000,11.52,11525.76,5.2305152,0.0,83.41906550000022,0.0,1000,2021-11-03
2021-11-05,15:00,SELL,1000,11.69,11684.155,16.9178381,0.0,0.0,11667.2371619,0,2021-11-05
2021-11-08,09:25,BUY,1000,11.68,11685.84,5.2337168,0.0,23.8365548999991,0.0,1000,2021-11-05
2021-11-09,15:00,SELL,1000,11.59,11584.205,16.8158891,0.0,0.0,11567.3891109,0,2021-11-09
2021-11-10,09:25,BUY,1000,11.62,11625.81,5.2325162,0.0,63.65340529999958,0.0,1000,2021-11-09
2021-11-11,15:00,SELL,1000,11.73,11724.135,16.9586177,0.0,0.0,11707.1763823,0,2021-11-11
2021-11-12,09:25,BUY,1000,11.74,11745.869999999999,5.2349174,0.0,43.928535099998044,0.0,1000,2021-11-11
2021-11-15,15:00,SELL,1000,11.87,11864.065,17.101346300000003,0.0,0.0,11846.9636537,0,2021-11-15
2021-11-16,09:25,BUY,1000,11.87,11875.935,5.2375187,0.0,34.208864999998696,0.0,1000,2021-11-15
2021-11-17,15:00,SELL,1000,11.74,11734.130000000001,16.9688126,0.0,0.0,11717.161187400001,0,2021-11-17
2021-11-18,09:25,BUY,1000,11.74,11745.869999999999,5.2349174,0.0,33.94372999999723,0.0,1000,2021-11-17
2021-11-19,15:00,SELL,1000,11.91,11904.045,17.142125900000003,0.0,0.0,11886.9028741,0,2021-11-19
2021-11-22,09:25,BUY,1000,11.92,11925.96,5.2385192,0.0,44.29564509999909,0.0,1000,2021-11-19
2021-11-23,15:00,SELL,1000,11.73,11724.135,16.9586177,0.0,0.0,11707.1763823,0,2021-11-23
2021-11-24,09:25,BUY,1000,11.74,11745.869999999999,5.2349174,0.0,43.928535099998044,0.0,1000,2021-11-23
2021-11-25,15:00,SELL,1000,11.63,11624.185000000001,16.8566687,0.0,0.0,11607.328331300001,0,2021-11-25
2021-11-26,09:25,BUY,1000,11.63,11635.814999999999,5.2327163,0.0,33.71938499999851,0.0,1000,2021-11-25
2021-11-29,15:00,SELL,1000,10.98,10974.51,16.1940002,0.0,0.0,10958.315999800001,0,2021-11-29
2021-11-30,09:25,BUY,1000,11.01,11015.505,5.2203101,0.0,62.40931029999774,0.0,1000,2021-11-29
2021-12-01,15:00,SELL,1000,11.26,11254.37,16.4794574,0.0,0.0,11237.8905426,0,2021-12-01
2021-12-02,09:25,BUY,1000,11.21,11215.605,5.2243121,0.0,0.0,17.06123050000133,1000,2021-12-01
2021-12-03,15:00,SELL,1000,11.25,11244.375,16.4692625,0.0,0.0,11244.966968,0,2021-12-03
2021-12-06,09:25,BUY,1000,11.22,11225.609999999999,5.2245122,0.0,0.0,14.13245580000148,1000,2021-12-03
2021-12-07,15:00,SELL,1000,11.35,11344.325,16.571211500000004,0.0,0.0,11341.886244300002,0,2021-12-07
2021-12-08,09:25,BUY,1000,11.37,11375.685,5.2275137,0.0,39.026269399997545,0.0,1000,2021-12-07
2021-12-09,15:00,SELL,1000,11.77,11764.115,16.9993973,0.0,0.0,11747.1156027,0,2021-12-09
2021-12-10,09:25,BUY,1000,11.75,11755.875,5.2351175,0.0,13.994514800000616,0.0,1000,2021-12-09
2021-12-13,15:00,SELL,1000,11.98,11974.01,17.213490200000003,0.0,0.0,11956.7965098,0,2021-12-13
2021-12-14,09:25,BUY,1000,11.96,11965.98,5.2393196,0.0,14.422809799998504,0.0,1000,2021-12-13
2021-12-15,15:00,SELL,1000,11.87,11864.065,17.101346300000003,0.0,0.0,11846.9636537,0,2021-12-15
2021-12-16,09:25,BUY,1000,11.92,11925.96,5.2385192,0.0,84.2348654999987,0.0,1000,2021-12-15
2021-12-17,15:00,SELL,1000,12.14,12133.93,17.3766086,0.0,0.0,12116.5533914,0,2021-12-17
2021-12-20,09:25,BUY,1000,12.14,12146.07,5.2429214,0.0,34.75952999999936,0.0,1000,2021-12-17
2021-12-21,15:00,SELL,1000,12.15,12143.925000000001,17.386803500000003,0.0,0.0,12126.538196500002,0,2021-12-21
2021-12-22,09:25,BUY,1000,12.0,12006.0,5.24012,0.0,0.0,115.29807650000112,1000,2021-12-21
2021-12-23,15:00,SELL,1000,12.03,12023.985,17.2644647,0.0,0.0,12122.018611800002,0,2021-12-23
2021-12-24,09:25,BUY,1000,12.0,12006.0,5.24012,0.0,0.0,110.77849180000158,1000,2021-12-23
2021-12-27,15:00,SELL,1000,12.08,12073.960000000001,17.3154392,0.0,0.0,12167.423052600003,0,2021-12-27
2021-12-28,09:25,BUY,1000,12.08,12086.039999999999,5.2417208,0.0,0.0,76.14133180000317,1000,2021-12-27
2021-12-29,15:00,SELL,1000,11.9,11894.050000000001,17.131931,0.0,0.0,11953.059400800004,0,2021-12-29
2021-12-30,09:25,BUY,1000,11.91,11915.955,5.2383191,0.0,0.0,31.866081700003633,1000,2021-12-29
2021-12-31,15:00,SELL,1000,11.92,11914.04,17.152320800000002,0.0,0.0,11928.753760900005,0,2021-12-31
2022-01-04,09:25,BUY,1000,11.93,11935.965,5.2387193,0.0,12.449958399995012,0.0,1000,2021-12-31
2022-01-05,15:00,SELL,1000,12.11,12103.945000000002,17.346023900000002,0.0,0.0,12086.598976100002,0,2022-01-05
2022-01-06,09:25,BUY,1000,12.13,12136.064999999999,5.2427213,0.0,54.708745199995974,0.0,1000,2022-01-05
2022-01-07,15:00,SELL,1000,11.83,11824.085000000001,17.060566700000003,0.0,0.0,11807.024433300001,0,2022-01-07
2022-01-10,09:25,BUY,1000,11.81,11815.904999999999,5.2363181,0.0,14.116884799997933,0.0,1000,2022-01-07
2022-01-11,15:00,SELL,1000,11.85,11844.075,17.0809565,0.0,0.0,11826.9940435,0,2022-01-11
2022-01-12,09:25,BUY,1000,11.85,11855.925,5.2371185,0.0,34.16807499999777,0.0,1000,2022-01-11
2022-01-13,15:00,SELL,1000,11.55,11544.225,16.7751095,0.0,0.0,11527.4498905,0,2022-01-13
2022-01-14,09:25,BUY,1000,11.47,11475.734999999999,5.2295147,0.0,0.0,46.48537580000084,1000,2022-01-13
2022-01-17,15:00,SELL,1000,11.42,11414.29,16.642575800000003,0.0,0.0,11444.132800000001,0,2022-01-17
2022-01-18,09:25,BUY,1000,11.45,11455.724999999999,5.2291145,0.0,16.821314499997243,0.0,1000,2022-01-17
2022-01-19,15:00,SELL,1000,11.64,11634.18,16.866863600000002,0.0,0.0,11617.3131364,0,2022-01-19
2022-01-20,09:25,BUY,1000,11.69,11695.845,5.2339169,0.0,83.76578049999989,0.0,1000,2022-01-19
2022-01-21,15:00,SELL,1000,11.61,11604.195000000002,16.836278900000003,0.0,0.0,11587.358721100001,0,2022-01-21
2022-01-24,09:25,BUY,1000,11.55,11555.775,5.2311155,0.0,0.0,26.35260560000097,1000,2022-01-21
2022-01-25,15:00,SELL,1000,11.31,11304.345000000001,16.530431900000004,0.0,0.0,11314.167173700002,0,2022-01-25
2022-01-26,09:25,BUY,1000,11.31,11315.654999999999,5.2263131,0.0,6.714139399997293,0.0,1000,2022-01-25
2022-01-27,15:00,SELL,1000,11.13,11124.435000000001,16.3469237,0.0,0.0,11108.0880763,0,2022-01-27
2022-01-28,09:25,BUY,1000,11.14,11145.57,5.2229114,0.0,42.7048350999994,0.0,1000,2022-01-27
2022-02-07,15:00,SELL,1000,11.16,11154.42,16.377508400000004,0.0,0.0,11138.0424916,0,2022-02-07
2022-02-08,09:25,BUY,1000,11.15,11155.574999999999,5.2231115,0.0,22.755619899999147,0.0,1000,2022-02-07
2022-02-09,15:00,SELL,1000,11.35,11344.325,16.571211500000004,0.0,0.0,11327.7537885,0,2022-02-09
2022-02-10,09:25,BUY,1000,11.37,11375.685,5.2275137,0.0,53.158725199999026,0.0,1000,2022-02-09
2022-02-11,15:00,SELL,1000,11.33,11324.335000000001,16.5508217,0.0,0.0,11307.7841783,0,2022-02-11
2022-02-14,09:25,BUY,1000,11.27,11275.635,5.2255127,0.0,0.0,26.923665599999367,1000,2022-02-11
2022-02-15,15:00,SELL,1000,11.24,11234.380000000001,16.459067600000004,0.0,0.0,11244.844598,0,2022-02-15
2022-02-16,09:25,BUY,1000,11.3,11305.65,5.226113,0.0,66.03151500000058,0.0,1000,2022-02-15
2022-02-17,15:00,SELL,1000,11.25,11244.375,16.4692625,0.0,0.0,11227.9057375,0,2022-02-17
2022-02-18,09:25,BUY,1000,11.24,11245.619999999999,5.2249124,0.0,22.93917490000058,0.0,1000,2022-02-17
2022-02-21,15:00,SELL,1000,11.4,11394.300000000001,16.622186000000003,0.0,0.0,11377.677814,0,2022-02-21
2022-02-22,09:25,BUY,1000,11.34,11345.67,5.2269134,0.0,0.0,26.780900600000678,1000,2022-02-21
2022-02-23,15:00,SELL,1000,11.34,11334.33,16.561016600000002,0.0,0.0,11344.549884,0,2022-02-23
2022-02-24,09:25,BUY,1000,11.31,11315.654999999999,5.2263131,0.0,0.0,23.668570900001214,1000,2022-02-23
2022-02-25,15:00,SELL,1000,11.2,11194.400000000001,16.418288000000004,0.0,0.0,11201.650282900002,0,2022-02-25
2022-02-28,09:25,BUY,1000,11.18,11185.59,5.2237118,0.0,0.0,10.836571100002402,1000,2022-02-25
2022-03-01,15:00,SELL,1000,11.17,11164.415,16.387703300000002,0.0,0.0,11158.863867800002,0,2022-03-01
2022-03-02,09:25,BUY,1000,11.15,11155.574999999999,5.2231115,0.0,1.9342436999959318,0.0,1000,2022-03-01
2022-03-03,15:00,SELL,1000,11.2,11194.400000000001,16.418288000000004,0.0,0.0,11177.981712,0,2022-03-03
2022-03-04,09:25,BUY,1000,11.13,11135.564999999999,5.2227113,0.0,0.0,37.1940007000012,1000,2022-03-03
2022-03-07,15:00,SELL,1000,10.82,10814.59,16.030881800000003,0.0,0.0,10835.753118900002,0,2022-03-07
2022-03-08,09:25,BUY,1000,10.77,10775.385,5.2155077,0.0,0.0,55.15261120000105,1000,2022-03-07
2022-03-09,15:00,SELL,1000,10.4,10394.800000000001,15.602696000000002,0.0,0.0,10434.349915200002,0,2022-03-09
2022-03-10,09:25,BUY,1000,10.55,10555.275,5.2111055,0.0,126.1361902999979,0.0,1000,2022-03-09
2022-03-11,15:00,SELL,1000,10.28,10274.86,15.480357200000002,0.0,0.0,10259.3796428,0,2022-03-11
2022-03-14,09:25,BUY,1000,10.15,10155.074999999999,5.2031015,0.0,0.0,99.10154130000228,1000,2022-03-11
2022-03-15,15:00,SELL,1000,9.75,9745.125,14.940027500000001,0.0,0.0,9829.286513800002,0,2022-03-15
2022-03-16,09:25,BUY,1000,9.85,9854.925,5.1970985,0.0,30.835584699998435,0.0,1000,2022-03-15
2022-03-17,15:00,SELL,1000,10.11,10104.945,15.3070439,0.0,0.0,10089.6379561,0,2022-03-17
2022-03-18,09:25,BUY,1000,10.1,10105.05,5.202101,0.0,20.61414490000061,0.0,1000,2022-03-17
2022-03-21,15:00,SELL,1000,10.1,10094.95,15.296849000000002,0.0,0.0,10079.653151,0,2022-03-21
2022-03-22,09:25,BUY,1000,10.13,10135.064999999999,5.2027013,0.0,60.61455029999888,0.0,1000,2022-03-21
2022-03-23,15:00,SELL,1000,10.39,10384.805,15.592501100000002,0.0,0.0,10369.2124989,0,2022-03-23
2022-03-24,09:25,BUY,1000,10.42,10425.21,5.2085042,0.0,61.20600529999865,0.0,1000,2022-03-23
2022-03-25,15:00,SELL,1000,10.22,10214.890000000001,15.419187800000001,0.0,0.0,10199.470812200001,0,2022-03-25
2022-03-28,09:25,BUY,1000,10.09,10095.045,5.2019009,0.0,0.0,99.22391130000142,1000,2022-03-25
2022-03-29,15:00,SELL,1000,10.08,10074.960000000001,15.276459200000001,0.0,0.0,10158.907452100002,0,2022-03-29
2022-03-30,09:25,BUY,1000,10.12,10125.06,5.2025012,0.0,0.0,28.644950900003096,1000,2022-03-29
2022-03-31,15:00,SELL,1000,10.15,10144.925000000001,15.347823500000002,0.0,0.0,10158.222127400004,0,2022-03-31
2022-04-01,09:25,BUY,1000,10.07,10075.035,5.2015007,0.0,0.0,77.9856267000032,1000,2022-03-31
2022-04-06,15:00,SELL,1000,10.2,10194.900000000001,15.398798000000003,0.0,0.0,10257.486828700004,0,2022-04-06
2022-04-07,09:25,BUY,1000,10.17,10175.085,5.2035017,0.0,0.0,77.19832700000552,1000,2022-04-06
2022-04-08,15:00,SELL,1000,10.15,10144.925000000001,15.347823500000002,0.0,0.0,10206.775503500006,0,2022-04-08
2022-04-11,09:25,BUY,1000,10.11,10115.055,5.2023011,0.0,0.0,86.51820240000598,1000,2022-04-08
2022-04-12,15:00,SELL,1000,10.04,10034.980000000001,15.235679600000003,0.0,0.0,10106.262522800007,0,2022-04-12
2022-04-13,09:25,BUY,1000,10.0,10005.0,5.2001,0.0,0.0,96.06242280000697,1000,2022-04-12
2022-04-14,15:00,SELL,1000,10.1,10094.95,15.296849000000002,0.0,0.0,10175.715573800007,0,2022-04-14
2022-04-15,09:25,BUY,1000,10.04,10045.019999999999,5.2009004,0.0,0.0,125.49467340000956,1000,2022-04-14
2022-04-18,15:00,SELL,1000,9.98,9975.01,15.1745102,0.0,0.0,10085.33016320001,0,2022-04-18
2022-04-19,09:25,BUY,1000,9.98,9984.99,5.1996998,0.0,0.0,95.14046340001005,1000,2022-04-18
2022-04-20,15:00,SELL,1000,9.85,9845.075,15.041976500000002,0.0,0.0,9925.17348690001,0,2022-04-20
2022-04-21,09:25,BUY,1000,9.87,9874.935,5.1974987,0.0,0.0,45.04098820001127,1000,2022-04-20
2022-04-22,15:00,SELL,1000,9.72,9715.140000000001,14.909442800000003,0.0,0.0,9745.271545400012,0,2022-04-22
2022-04-25,09:25,BUY,1000,9.6,9604.8,5.192096,0.0,0.0,135.2794494000118,1000,2022-04-22
2022-04-26,15:00,SELL,1000,9.19,9185.405,14.369113100000002,0.0,0.0,9306.315336300013,0,2022-04-26
2022-04-27,09:25,BUY,1000,9.09,9094.545,5.1818909,0.0,0.0,206.58844540001337,1000,2022-04-26
2022-04-28,15:00,SELL,1000,9.42,9415.29,14.6035958,0.0,0.0,9607.274849600015,0,2022-04-28
2022-04-29,09:25,BUY,1000,9.46,9464.73,5.0946473,0.0,0.0,137.450202300015,1000,2022-04-28
2022-05-05,15:00,SELL,1000,9.6,9595.2,14.691152,0.0,0.0,9717.959050300016,0,2022-05-05
2022-05-06,09:25,BUY,1000,9.43,9434.715,5.09434715,0.0,0.0,278.14970315001665,1000,2022-05-05
2022-05-09,15:00,SELL,1000,9.21,9205.395,14.297448950000001,0.0,0.0,9469.247254200018,0,2022-05-09
2022-05-10,09:25,BUY,1000,9.11,9114.555,5.09114555,0.0,0.0,349.6011086500166,1000,2022-05-09
2022-05-11,15:00,SELL,1000,9.39,9385.305,14.47915805,0.0,0.0,9720.426950600016,0,2022-05-11
2022-05-12,09:25,BUY,1000,9.35,9354.675,5.09354675,0.0,0.0,360.65840385001684,1000,2022-05-11
2022-05-13,15:00,SELL,1000,9.38,9375.310000000001,14.469063100000001,0.0,0.0,9721.499340750019,0,2022-05-13
2022-05-16,09:25,BUY,1000,9.44,9444.72,5.0944472,0.0,0.0,271.6848935500202,1000,2022-05-13
2022-05-17,15:00,SELL,1000,9.39,9385.305,14.47915805,0.0,0.0,9642.51073550002,0,2022-05-17
2022-05-18,09:25,BUY,1000,9.4,9404.699999999999,5.094047,0.0,0.0,232.7166885000206,1000,2022-05-17
2022-05-19,15:00,SELL,1000,9.35,9345.325,14.43877825,0.0,0.0,9563.602910250022,0,2022-05-19
2022-05-20,09:25,BUY,1000,9.4,9404.699999999999,5.094047,0.0,0.0,153.8088632500221,1000,2022-05-19
2022-05-23,15:00,SELL,1000,9.43,9425.285,14.51953785,0.0,0.0,9564.574325400023,0,2022-05-23
2022-05-24,09:25,BUY,1000,9.41,9414.705,5.09414705,0.0,0.0,144.77517835002254,1000,2022-05-23
2022-05-25,15:00,SELL,1000,9.14,9135.43,14.2267843,0.0,0.0,9265.978394050022,0,2022-05-25
2022-05-26,09:25,BUY,1000,9.13,9134.564999999999,5.09134565,0.0,0.0,126.32204840002305,1000,2022-05-25
2022-05-27,15:00,SELL,1000,9.24,9235.380000000001,14.3277338,0.0,0.0,9347.374314600023,0,2022-05-27
2022-05-30,09:25,BUY,1000,9.24,9244.619999999999,5.0924462,0.0,0.0,97.6618684000241,1000,2022-05-27
2022-05-31,15:00,SELL,1000,9.41,9405.295,14.49934795,0.0,0.0,9488.457520450023,0,2022-05-31
2022-06-01,09:25,BUY,1000,9.35,9354.675,5.09354675,0.0,0.0,128.68897370002378,1000,2022-05-31
2022-06-02,15:00,SELL,1000,9.4,9395.300000000001,14.489253000000001,0.0,0.0,9509.499720700025,0,2022-06-02
2022-06-06,09:25,BUY,1000,9.39,9394.695,5.09394695,0.0,0.0,109.7107737500246,1000,2022-06-02
2022-06-07,15:00,SELL,1000,9.43,9425.285,14.51953785,0.0,0.0,9520.476235900025,0,2022-06-07
2022-06-08,09:25,BUY,1000,9.45,9454.725,5.09454725,0.0,0.0,60.65668865002408,1000,2022-06-07
2022-06-09,15:00,SELL,1000,9.33,9325.335000000001,14.418588350000002,0.0,0.0,9371.573100300026,0,2022-06-09
2022-06-10,09:25,BUY,1000,9.27,9274.635,5.09274635,0.0,0.0,91.84535395002604,1000,2022-06-09
2022-06-13,15:00,SELL,1000,9.39,9385.305,14.47915805,0.0,0.0,9462.671195900026,0,2022-06-13
2022-06-14,09:25,BUY,1000,9.31,9314.654999999999,5.09314655,0.0,0.0,142.9230493500272,1000,2022-06-13
2022-06-15,15:00,SELL,1000,9.64,9635.18,14.7315318,0.0,0.0,9763.371517550027,0,2022-06-15
2022-06-16,09:25,BUY,1000,9.68,9684.84,5.0968484,0.0,0.0,73.43466915002682,1000,2022-06-15
2022-06-17,15:00,SELL,1000,9.69,9685.155,14.782006550000002,0.0,0.0,9743.807662600027,0,2022-06-17
2022-06-20,09:25,BUY,1000,9.74,9744.869999999999,5.0974487,0.0,6.159786099971825,0.0,1000,2022-06-17
2022-06-21,15:00,SELL,1000,9.72,9715.140000000001,14.812291400000001,0.0,0.0,9700.327708600002,0,2022-06-21
2022-06-22,09:25,BUY,1000,9.71,9714.855,5.09714855,0.0,19.624439949997395,0.0,1000,2022-06-21
2022-06-23,15:00,SELL,1000,9.67,9665.165,14.761816650000002,0.0,0.0,9650.403183350001,0,2022-06-23
2022-06-24,09:25,BUY,1000,9.7,9704.85,5.0970485,0.0,59.543865149998965,0.0,1000,2022-06-23
2022-06-27,15:00,SELL,1000,9.77,9765.115,14.86276615,0.0,0.0,9750.25223385,0,2022-06-27
2022-06-28,09:25,BUY,1000,9.76,9764.88,5.0976488,0.0,19.725414949998594,0.0,1000,2022-06-27
2022-06-29,15:00,SELL,1000,9.84,9835.08,14.9334308,0.0,0.0,9820.1465692,0,2022-06-29
2022-06-30,09:25,BUY,1000,9.83,9834.914999999999,5.09834915,0.0,19.86677994999809,0.0,1000,2022-06-29
2022-07-01,15:00,SELL,1000,9.78,9775.11,14.872861100000001,0.0,0.0,9760.2371389,0,2022-07-01
2022-07-04,09:25,BUY,1000,9.77,9774.885,5.09774885,0.0,19.74560994999956,0.0,1000,2022-07-01
2022-07-05,15:00,SELL,1000,9.69,9685.155,14.782006550000002,0.0,0.0,9670.37299345,0,2022-07-05
2022-07-06,09:25,BUY,1000,9.68,9684.84,5.0968484,0.0,19.56385494999995,0.0,1000,2022-07-05
2022-07-07,15:00,SELL,1000,9.59,9585.205,14.68105705,0.0,0.0,9570.52394295,0,2022-07-07
2022-07-08,09:25,BUY,1000,9.62,9624.81,5.0962481,0.0,59.38230515000032,0.0,1000,2022-07-07
2022-07-11,15:00,SELL,1000,9.64,9635.18,14.7315318,0.0,0.0,9620.4484682,0,2022-07-11
2022-07-12,09:25,BUY,1000,9.6,9604.8,5.096048,0.0,0.0,10.552420200001507,1000,2022-07-11
2022-07-13,15:00,SELL,1000,9.64,9635.18,14.7315318,0.0,0.0,9631.000888400002,0,2022-07-13
2022-07-14,09:25,BUY,1000,9.66,9664.83,5.0966483,0.0,38.9257598999975,0.0,1000,2022-07-13
2022-07-15,15:00,SELL,1000,9.35,9345.325,14.43877825,0.0,0.0,9330.886221750001,0,2022-07-15
2022-07-18,09:25,BUY,1000,9.36,9364.68,5.0936468,0.0,38.887425049999365,0.0,1000,2022-07-15
2022-07-19,15:00,SELL,1000,9.8,9795.1,14.893051000000002,0.0,0.0,9780.206949000001,0,2022-07-19
2022-07-20,09:25,BUY,1000,9.87,9874.935,5.09874935,0.0,99.82680034999794,0.0,1000,2022-07-19
2022-07-21,15:00,SELL,1000,10.07,10064.965,15.16561465,0.0,0.0,10049.79938535,0,2022-07-21
2022-07-22,09:25,BUY,1000,10.04,10045.019999999999,5.1004502,0.0,0.32106484999894747,0.0,1000,2022-07-21
2022-07-25,15:00,SELL,1000,9.95,9945.025000000001,15.044475250000001,0.0,0.0,9929.98052475,0,2022-07-25
2022-07-26,09:25,BUY,1000,9.98,9984.99,5.0998499,0.0,60.10932514999877,0.0,1000,2022-07-25
2022-07-27,15:00,SELL,1000,9.94,9935.03,15.0343803,0.0,0.0,9919.995619700001,0,2022-07-27
2022-07-28,09:25,BUY,1000,9.99,9994.994999999999,5.09994995,0.0,80.09933024999737,0.0,1000,2022-07-27
2022-07-29,15:00,SELL,1000,10.05,10044.975,15.14542475,0.0,0.0,10029.82957525,0,2022-07-29
2022-08-01,09:25,BUY,1000,10.03,10035.015,5.10035015,0.0,10.285774899999524,0.0,1000,2022-07-29
2022-08-02,15:00,SELL,1000,9.91,9905.045,15.004095450000001,0.0,0.0,9890.04090455,0,2022-08-02
2022-08-03,09:25,BUY,1000,9.91,9914.955,5.09914955,0.0,30.013245000000097,0.0,1000,2022-08-02
2022-08-04,15:00,SELL,1000,9.89,9885.055,14.983905550000001,0.0,0.0,9870.07109445,0,2022-08-04
2022-08-05,09:25,BUY,1000,9.41,9414.705,5.09414705,0.0,0.0,450.2719474000005,1000,2022-08-04
2022-08-08,15:00,SELL,1000,9.62,9615.19,14.7113419,0.0,0.0,10050.750605500001,0,2022-08-08
2022-08-09,09:25,BUY,1000,9.6,9604.8,5.096048,0.0,0.0,440.85455750000256,1000,2022-08-08
2022-08-10,15:00,SELL,1000,9.57,9565.215,14.660867150000001,0.0,0.0,9991.408690350003,0,2022-08-10
2022-08-11,09:25,BUY,1000,9.6,9604.8,5.096048,0.0,0.0,381.51264235000417,1000,2022-08-10
2022-08-12,15:00,SELL,1000,9.67,9665.165,14.761816650000002,0.0,0.0,10031.915825700005,0,2022-08-12
2022-08-15,09:25,BUY,1000,9.66,9664.83,5.0966483,0.0,0.0,361.98917740000616,1000,2022-08-12
2022-08-16,15:00,SELL,1000,9.48,9475.26,14.5700126,0.0,0.0,9822.679164800007,0,2022-08-16
2022-08-17,09:25,BUY,1000,9.46,9464.73,5.0946473,0.0,0.0,352.8545175000072,1000,2022-08-16
2022-08-18,15:00,SELL,1000,9.61,9605.195,14.70124695,0.0,0.0,9943.348270550006,0,2022-08-18
2022-08-19,09:25,BUY,1000,9.52,9524.76,5.0952476,0.0,0.0,413.493022950006,1000,2022-08-18
2022-08-22,15:00,SELL,1000,9.52,9515.24,14.6103924,0.0,0.0,9914.122630550006,0,2022-08-22
2022-08-23,09:25,BUY,1000,9.48,9484.74,5.0948474,0.0,0.0,424.28778315000636,1000,2022-08-22
2022-08-24,15:00,SELL,1000,9.37,9365.315,14.45896815,0.0,0.0,9775.143815000007,0,2022-08-24
2022-08-25,09:25,BUY,1000,9.32,9324.66,5.0932466,0.0,0.0,445.3905684000074,1000,2022-08-24
2022-08-26,15:00,SELL,1000,9.36,9355.32,14.4488732,0.0,0.0,9786.261695200006,0,2022-08-26
2022-08-29,09:25,BUY,1000,9.26,9264.63,5.0926463,0.0,0.0,516.5390489000074,1000,2022-08-26
2022-08-30,15:00,SELL,1000,9.2,9195.4,14.287354,0.0,0.0,9697.651694900007,0,2022-08-30
2022-08-31,09:25,BUY,1000,9.18,9184.59,5.0918459,0.0,0.0,507.96984900000643,1000,2022-08-30
2022-09-01,15:00,SELL,1000,9.22,9215.390000000001,14.307543900000002,0.0,0.0,9709.052305100007,0,2022-09-01
2022-09-02,09:25,BUY,1000,9.22,9224.609999999999,5.0922461,0.0,0.0,479.3500590000094,1000,2022-09-01
2022-09-05,15:00,SELL,1000,9.33,9325.335000000001,14.418588350000002,0.0,0.0,9790.26647065001,0,2022-09-05
2022-09-06,09:25,BUY,1000,9.31,9314.654999999999,5.09314655,0.0,0.0,470.51832410001225,1000,2022-09-05
2022-09-07,15:00,SELL,1000,9.39,9385.305,14.47915805,0.0,0.0,9841.344166050012,0,2022-09-07
2022-09-08,09:25,BUY,1000,9.43,9434.715,5.09434715,0.0,0.0,401.5348189000124,1000,2022-09-07
2022-09-09,15:00,SELL,1000,9.47,9465.265000000001,14.559917650000001,0.0,0.0,9852.239901250014,0,2022-09-09
2022-09-13,09:25,BUY,1000,9.51,9514.755,5.09514755,0.0,0.0,332.3897537000139,1000,2022-09-09
2022-09-14,15:00,SELL,1000,9.38,9375.310000000001,14.469063100000001,0.0,0.0,9693.230690600016,0,2022-09-14
2022-09-15,09:25,BUY,1000,9.39,9394.695,5.09394695,0.0,0.0,293.44174365001527,1000,2022-09-14
2022-09-16,15:00,SELL,1000,9.12,9115.44,14.2065944,0.0,0.0,9394.675149250015,0,2022-09-16
2022-09-19,09:25,BUY,1000,9.12,9124.56,5.0912456,0.0,0.0,265.0239036500152,1000,2022-09-16
2022-09-20,15:00,SELL,1000,8.74,8735.630000000001,13.822986300000002,0.0,0.0,8986.830917350017,0,2022-09-20
2022-09-21,09:25,BUY,1000,8.73,8734.365,5.08734365,0.0,0.0,247.3785737000162,1000,2022-09-20
2022-09-22,15:00,SELL,1000,8.68,8675.66,13.7624166,0.0,0.0,8909.276157100016,0,2022-09-22
2022-09-23,09:25,BUY,1000,8.7,8704.35,5.0870435,0.0,0.0,199.83911360001548,1000,2022-09-22
2022-09-26,15:00,SELL,1000,8.55,8545.725,13.63118225,0.0,0.0,8731.932931350017,0,2022-09-26
2022-09-27,09:25,BUY,1000,8.54,8544.27,5.0854427,0.0,0.0,182.57748865001668,1000,2022-09-26
2022-09-28,15:00,SELL,1000,8.56,8555.720000000001,13.641277200000001,0.0,0.0,8724.656211450018,0,2022-09-28
2022-09-29,09:25,BUY,1000,8.67,8674.335,5.08674335,0.0,0.0,45.23446810001769,1000,2022-09-28
2022-09-30,15:00,SELL,1000,8.52,8515.74,13.600897400000001,0.0,0.0,8547.373570700018,0,2022-09-30
2022-10-10,09:25,BUY,1000,8.6,8604.3,5.086043,0.0,62.0124722999808,0.0,1000,2022-09-30
2022-10-11,15:00,SELL,1000,8.18,8175.910000000001,13.257669100000001,0.0,0.0,8162.6523309,0,2022-10-11
2022-10-12,09:25,BUY,1000,8.16,8164.08,5.0816408,0.0,6.509309899999607,0.0,1000,2022-10-11
2022-10-13,15:00,SELL,1000,8.35,8345.825,13.429283250000001,0.0,0.0,8332.395716750001,0,2022-10-13
2022-10-14,09:25,BUY,1000,8.41,8414.205,5.08414205,0.0,86.89342529999885,0.0,1000,2022-10-13
2022-10-17,15:00,SELL,1000,8.52,8515.74,13.600897400000001,0.0,0.0,8502.1391026,0,2022-10-17
2022-10-18,09:25,BUY,1000,8.54,8544.27,5.0854427,0.0,47.2163400999998,0.0,1000,2022-10-17
2022-10-19,15:00,SELL,1000,8.4,8395.800000000001,13.479758000000002,0.0,0.0,8382.320242000002,0,2022-10-19
2022-10-20,09:25,BUY,1000,8.38,8384.189999999999,5.0838419,0.0,6.953599899996334,0.0,1000,2022-10-19
2022-10-21,15:00,SELL,1000,8.47,8465.765000000001,13.550422650000002,0.0,0.0,8452.214577350001,0,2022-10-21
2022-10-24,09:25,BUY,1000,8.4,8404.199999999999,5.084042,0.0,0.0,42.930535350002174,1000,2022-10-21
2022-10-25,15:00,SELL,1000,8.38,8375.810000000001,13.459568100000002,0.0,0.0,8405.280967250004,0,2022-10-25
2022-10-26,09:25,BUY,1000,8.34,8344.17,5.0834417,0.0,0.0,56.0275255500037,1000,2022-10-25
2022-10-27,15:00,SELL,1000,8.39,8385.805,13.469663050000001,0.0,0.0,8428.362862500004,0,2022-10-27
2022-10-28,09:25,BUY,1000,8.43,8434.215,5.08434215,0.0,10.936479649995817,0.0,1000,2022-10-27
2022-10-31,15:00,SELL,1000,8.2,8195.9,13.277859,0.0,0.0,8182.622141,0,2022-10-31
2022-11-01,09:25,BUY,1000,8.29,8294.145,5.08294145,0.0,116.60580045000097,0.0,1000,2022-10-31
2022-11-02,15:00,SELL,1000,8.66,8655.67,13.7422267,0.0,0.0,8641.9277733,0,2022-11-02
2022-11-03,09:25,BUY,1000,8.68,8684.34,5.0868434,0.0,47.49907010000061,0.0,1000,2022-11-02
2022-11-04,15:00,SELL,1000,8.69,8685.655,13.77251155,0.0,0.0,8671.88248845,0,2022-11-04
2022-11-07,09:25,BUY,1000,8.69,8694.345,5.08694345,0.0,27.54945499999849,0.0,1000,2022-11-04
2022-11-08,15:00,SELL,1000,8.72,8715.640000000001,13.802796400000002,0.0,0.0,8701.837203600002,0,2022-11-08
2022-11-09,09:25,BUY,1000,8.69,8694.345,5.08694345,0.0,0.0,2.405260150002505,1000,2022-11-08
2022-11-10,15:00,SELL,1000,8.62,8615.69,13.701846900000001,0.0,0.0,8604.393413250004,0,2022-11-10
2022-11-11,09:25,BUY,1000,8.75,8754.375,5.08754375,0.0,155.0691304999964,0.0,1000,2022-11-10
2022-11-14,15:00,SELL,1000,8.95,8945.525,14.03498025,0.0,0.0,8931.49001975,0,2022-11-14
2022-11-15,09:25,BUY,1000,8.96,8964.48,5.0896448,0.0,38.079625050000686,0.0,1000,2022-11-14
2022-11-16,15:00,SELL,1000,8.99,8985.505000000001,14.075360050000002,0.0,0.0,8971.429639950002,0,2022-11-16
2022-11-17,09:25,BUY,1000,8.96,8964.48,5.0896448,0.0,0.0,1.8599951500018506,1000,2022-11-16
2022-11-18,15:00,SELL,1000,8.95,8945.525,14.03498025,0.0,0.0,8933.350014900001,0,2022-11-18
2022-11-21,09:25,BUY,1000,8.9,8904.449999999999,5.0890445,0.0,0.0,23.81097040000168,1000,2022-11-18
2022-11-22,15:00,SELL,1000,9.1,9095.45,14.186404500000002,0.0,0.0,9105.074565900002,0,2022-11-22
2022-11-23,09:25,BUY,1000,9.11,9114.555,5.09114555,0.0,14.571579649998966,0.0,1000,2022-11-22
2022-11-24,15:00,SELL,1000,8.96,8955.52,14.045075200000001,0.0,0.0,8941.4749248,0,2022-11-24
2022-11-25,09:25,BUY,1000,8.95,8954.475,5.08954475,0.0,18.08961995000027,0.0,1000,2022-11-24
2022-11-28,15:00,SELL,1000,8.76,8755.62,13.843176200000002,0.0,0.0,8741.7768238,0,2022-11-28
2022-11-29,09:25,BUY,1000,8.83,8834.414999999999,5.08834415,0.0,97.72652034999737,0.0,1000,2022-11-28
2022-11-30,15:00,SELL,1000,9.15,9145.425000000001,14.236879250000001,0.0,0.0,9131.188120750001,0,2022-11-30
2022-12-01,09:25,BUY,1000,9.21,9214.605,5.09214605,0.0,88.50902529999803,0.0,1000,2022-11-30
2022-12-02,15:00,SELL,1000,9.14,9135.43,14.2267843,0.0,0.0,9121.2032157,0,2022-12-02
2022-12-05,09:25,BUY,1000,9.29,9294.644999999999,5.09294645,0.0,178.53473074999965,0.0,1000,2022-12-02
2022-12-06,15:00,SELL,1000,9.44,9435.28,14.529632800000002,0.0,0.0,9420.7503672,0,2022-12-06
2022-12-07,09:25,BUY,1000,9.46,9464.73,5.0946473,0.0,49.07428009999967,0.0,1000,2022-12-06
2022-12-08,15:00,SELL,1000,9.42,9415.29,14.509442900000002,0.0,0.0,9400.7805571,0,2022-12-08
2022-12-09,09:25,BUY,1000,9.4,9404.699999999999,5.094047,0.0,9.013489899998604,0.0,1000,2022-12-08
2022-12-12,15:00,SELL,1000,9.46,9455.27,14.549822700000002,0.0,0.0,9440.7201773,0,2022-12-12
2022-12-13,09:25,BUY,1000,9.48,9484.74,5.0948474,0.0,49.114670099999785,0.0,1000,2022-12-12
2022-12-14,15:00,SELL,1000,9.42,9415.29,14.509442900000002,0.0,0.0,9400.7805571,0,2022-12-14
2022-12-15,09:25,BUY,1000,9.42,9424.71,5.0942471,0.0,29.02368999999817,0.0,1000,2022-12-14
2022-12-16,15:00,SELL,1000,9.5,9495.25,14.5902025,0.0,0.0,9480.6597975,0,2022-12-16
2022-12-19,09:25,BUY,1000,9.52,9524.76,5.0952476,0.0,49.195450100000016,0.0,1000,2022-12-16
2022-12-20,15:00,SELL,1000,9.29,9285.355000000001,14.378208550000002,0.0,0.0,9270.97679145,0,2022-12-20
2022-12-21,09:25,BUY,1000,9.29,9294.644999999999,5.09294645,0.0,28.761154999998325,0.0,1000,2022-12-20
2022-12-22,15:00,SELL,1000,9.29,9285.355000000001,14.378208550000002,0.0,0.0,9270.97679145,0,2022-12-22
2022-12-23,09:25,BUY,1000,9.26,9264.63,5.0926463,0.0,0.0,1.254145150001932,1000,2022-12-22
2022-12-26,15:00,SELL,1000,9.16,9155.42,14.2469742,0.0,0.0,9142.427170950003,0,2022-12-26
2022-12-27,09:25,BUY,1000,9.22,9224.609999999999,5.0922461,0.0,87.27507514999525,0.0,1000,2022-12-26
2022-12-28,15:00,SELL,1000,9.17,9165.415,14.257069150000001,0.0,0.0,9151.15793085,0,2022-12-28
2022-12-29,09:25,BUY,1000,9.18,9184.59,5.0918459,0.0,38.52391505000014,0.0,1000,2022-12-28
2022-12-30,15:00,SELL,1000,9.18,9175.41,14.2671641,0.0,0.0,9161.1428359,0,2022-12-30
2023-01-03,09:25,BUY,1000,9.14,9144.57,5.0914457,0.0,0.0,11.481390200000533,1000,2022-12-30
2023-01-04,15:00,SELL,1000,9.35,9345.325,14.43877825,0.0,0.0,9342.367611950001,0,2023-01-04
2023-01-05,09:25,BUY,1000,9.45,9454.725,5.09454725,0.0,117.4519352999996,0.0,1000,2023-01-04
2023-01-06,15:00,SELL,1000,9.38,9375.310000000001,14.469063100000001,0.0,0.0,9360.840936900002,0,2023-01-06
2023-01-09,09:25,BUY,1000,9.48,9484.74,5.0948474,0.0,128.99391049999758,0.0,1000,2023-01-06
2023-01-10,15:00,SELL,1000,9.4,9395.300000000001,14.489253000000001,0.0,0.0,9380.810747000001,0,2023-01-10
2023-01-11,09:25,BUY,1000,9.45,9454.725,5.09454725,0.0,79.0088002499997,0.0,1000,2023-01-10
2023-01-12,15:00,SELL,1000,9.32,9315.34,14.408493400000001,0.0,0.0,9300.9315066,0,2023-01-12
2023-01-13,09:25,BUY,1000,9.35,9354.675,5.09354675,0.0,58.837040149999666,0.0,1000,2023-01-12
2023-01-16,15:00,SELL,1000,9.5,9495.25,14.5902025,0.0,0.0,9480.6597975,0,2023-01-16
2023-01-17,09:25,BUY,1000,9.52,9524.76,5.0952476,0.0,49.195450100000016,0.0,1000,2023-01-16
2023-01-18,15:00,SELL,1000,9.53,9525.235,14.620487350000001,0.0,0.0,9510.614512650001,0,2023-01-18
2023-01-19,09:25,BUY,1000,9.49,9494.744999999999,5.09494745,0.0,0.0,10.774565200003053,1000,2023-01-18
2023-01-20,15:00,SELL,1000,9.53,9525.235,14.620487350000001,0.0,0.0,9521.389077850004,0,2023-01-20
2023-01-30,09:25,BUY,1000,9.67,9674.835,5.09674835,0.0,158.54267049999544,0.0,1000,2023-01-20
2023-01-31,15:00,SELL,1000,9.51,9505.245,14.600297450000001,0.0,0.0,9490.64470255,0,2023-01-31
2023-02-01,09:25,BUY,1000,9.54,9544.769999999999,5.0954477,0.0,59.22074514999804,0.0,1000,2023-01-31
2023-02-02,15:00,SELL,1000,9.55,9545.225,14.640677250000001,0.0,0.0,9530.58432275,0,2023-02-02
2023-02-03,09:25,BUY,1000,9.5,9504.75,5.0950475,0.0,0.0,20.73927524999999,1000,2023-02-02
2023-02-06,15:00,SELL,1000,9.33,9325.335000000001,14.418588350000002,0.0,0.0,9331.655686900001,0,2023-02-06
2023-02-07,09:25,BUY,1000,9.38,9384.689999999999,5.0938469,0.0,58.12815999999657,0.0,1000,2023-02-06
2023-02-08,15:00,SELL,1000,9.26,9255.37,14.3479237,0.0,0.0,9241.022076300002,0,2023-02-08
2023-02-09,09:25,BUY,1000,9.24,9244.619999999999,5.0924462,0.0,8.690369899997677,0.0,1000,2023-02-08
2023-02-10,15:00,SELL,1000,9.78,9775.11,14.872861100000001,0.0,0.0,9760.2371389,0,2023-02-10
2023-02-13,09:25,BUY,1000,9.72,9724.859999999999,5.0972486,0.0,0.0,30.27989030000208,1000,2023-02-10
2023-02-14,15:00,SELL,1000,9.7,9695.15,14.7921015,0.0,0.0,9710.637788800002,0,2023-02-14
2023-02-15,09:25,BUY,1000,9.71,9714.855,5.09714855,0.0,9.314359749996584,0.0,1000,2023-02-14
2023-02-16,15:00,SELL,1000,9.89,9885.055,14.983905550000001,0.0,0.0,9870.07109445,0,2023-02-16
2023-02-17,09:25,BUY,1000,9.87,9874.935,5.09874935,0.0,9.962654899998597,0.0,1000,2023-02-16
2023-02-20,15:00,SELL,1000,9.91,9905.045,15.004095450000001,0.0,0.0,9890.04090455,0,2023-02-20
2023-02-21,09:25,BUY,1000,9.88,9884.939999999999,5.0988494,0.0,0.0,0.0020551500019792,1000,2023-02-20
2023-02-22,15:00,SELL,1000,9.75,9745.125,14.84257625,0.0,0.0,9730.284478900003,0,2023-02-22
2023-02-23,09:25,BUY,1000,9.83,9834.914999999999,5.09834915,0.0,109.72887024999545,0.0,1000,2023-02-22
2023-02-24,15:00,SELL,1000,9.62,9615.19,14.7113419,0.0,0.0,9600.4786581,0,2023-02-24
2023-02-27,09:25,BUY,1000,9.58,9584.789999999999,5.0958479,0.0,0.0,10.592810200001622,1000,2023-02-24
2023-02-28,15:00,SELL,1000,9.6,9595.2,14.691152,0.0,0.0,9591.101658200003,0,2023-02-28
2023-03-01,09:25,BUY,1000,9.61,9614.805,5.09614805,0.0,28.799489849996462,0.0,1000,2023-02-28
2023-03-02,15:00,SELL,1000,10.34,10334.83,15.4381783,0.0,0.0,10319.3918217,0,2023-03-02
2023-03-03,09:25,BUY,1000,10.28,10285.14,5.1028514,0.0,0.0,29.148970299998837,1000,2023-03-02
2023-03-06,15:00,SELL,1000,11.06,11054.470000000001,16.1650147,0.0,0.0,11067.4539556,0,2023-03-06
2023-03-07,09:25,BUY,1000,11.06,11065.529999999999,5.1106553,0.0,3.1866996999997355,0.0,1000,2023-03-06
2023-03-08,15:00,SELL,1000,10.57,10564.715,15.67036215,0.0,0.0,10549.04463785,0,2023-03-08
2023-03-09,09:25,BUY,1000,10.7,10705.349999999999,5.1070535,0.0,161.41241564999837,0.0,1000,2023-03-08
2023-03-10,15:00,SELL,1000,10.85,10844.575,15.953020750000002,0.0,0.0,10828.621979250001,0,2023-03-10
2023-03-13,09:25,BUY,1000,10.88,10885.439999999999,5.1088544,0.0,61.926875149996704,0.0,1000,2023-03-10
2023-03-14,15:00,SELL,1000,11.76,11754.12,16.871661200000002,0.0,0.0,11737.2483388,0,2023-03-14
2023-03-15,09:25,BUY,1000,11.96,11965.98,5.1196598,0.0,233.8513210000001,0.0,1000,2023-03-14
2023-03-16,15:00,SELL,1000,12.35,12343.825,17.467263250000002,0.0,0.0,12326.35773675,0,2023-03-16
2023-03-17,09:25,BUY,1000,12.55,12556.275,5.12556275,0.0,235.04282599999897,0.0,1000,2023-03-16
2023-03-20,15:00,SELL,1000,14.88,14872.560000000001,20.021285600000002,0.0,0.0,14852.538714400001,0,2023-03-20
2023-03-21,09:25,BUY,1000,14.89,14897.445,5.14897445,0.0,50.05526004999774,0.0,1000,2023-03-20
2023-03-22,15:00,SELL,1000,16.06,16051.97,21.2124897,0.0,0.0,16030.7575103,0,2023-03-22
2023-03-23,09:25,BUY,1000,16.69,16698.344999999998,5.16698345,0.0,672.7544731499966,0.0,1000,2023-03-22
2023-03-24,15:00,SELL,1000,17.66,17651.170000000002,22.827681700000003,0.0,0.0,17628.3423183,0,2023-03-24
2023-03-27,09:25,BUY,1000,17.08,17088.54,5.1708854,0.0,0.0,534.6314329000015,1000,2023-03-24
2023-03-28,15:00,SELL,1000,16.45,16441.775,21.60619275,0.0,0.0,16954.80024015,0,2023-03-28
2023-03-29,09:25,BUY,1000,16.7,16708.35,5.1670835,0.0,0.0,241.28315665000264,1000,2023-03-28
2023-03-30,15:00,SELL,1000,16.88,16871.56,22.0402756,0.0,0.0,17090.802881050004,0,2023-03-30
2023-03-31,09:25,BUY,1000,16.7,16708.35,5.1670835,0.0,0.0,377.28579755000465,1000,2023-03-30
2023-04-03,15:00,SELL,1000,17.76,17751.120000000003,22.928631200000005,0.0,0.0,18105.477166350007,0,2023-04-03
2023-04-04,09:25,BUY,1000,17.24,17248.62,5.1724862,0.0,0.0,851.6846801500069,1000,2023-04-03
2023-04-06,15:00,SELL,1000,19.0,18990.5,24.180405,0.0,0.0,19818.004275150008,0,2023-04-06
2023-04-07,09:25,BUY,1000,18.78,18789.39,5.1878939,0.0,0.0,1023.4263812500067,1000,2023-04-06
2023-04-10,15:00,SELL,1000,17.47,17461.265,22.63587765,0.0,0.0,18462.055503600008,0,2023-04-10
2023-04-11,09:25,BUY,1000,17.64,17648.82,5.1764882,0.0,0.0,808.0590154000092,1000,2023-04-10
2023-04-12,15:00,SELL,1000,18.42,18410.79,23.594897900000003,0.0,0.0,19195.25411750001,0,2023-04-12
2023-04-13,09:25,BUY,1000,18.25,18259.125,5.18259125,0.0,0.0,930.9465262500125,1000,2023-04-12
2023-04-14,15:00,SELL,1000,18.07,18060.965,23.24157465,0.0,0.0,18968.66995160001,0,2023-04-14
2023-04-17,09:25,BUY,1000,17.99,17998.995,5.17998995,0.0,0.0,964.4949616500126,1000,2023-04-14
2023-04-18,15:00,SELL,1000,19.19,19180.405000000002,24.372209050000002,0.0,0.0,20120.527752600014,0,2023-04-18
2023-04-19,09:25,BUY,1000,19.08,19089.539999999997,5.1908954,0.0,0.0,1025.7968572000173,1000,2023-04-18
2023-04-20,15:00,SELL,1000,19.0,18990.5,24.180405,0.0,0.0,19992.116452200018,0,2023-04-20
2023-04-21,09:25,BUY,1000,19.5,19509.75,5.1950975,0.0,0.0,477.1713547000181,1000,2023-04-20
2023-04-24,15:00,SELL,1000,18.33,18320.835000000003,23.504043350000003,0.0,0.0,18774.50231135002,0,2023-04-24
2023-04-25,09:25,BUY,1000,18.06,18069.03,5.1806903,0.0,0.0,700.2916210500225,1000,2023-04-24
2023-04-27,15:00,SELL,1000,16.1,16091.950000000003,21.252869500000003,0.0,0.0,16770.988751550023,0,2023-04-27
2023-04-28,09:25,BUY,1000,16.13,16138.064999999997,5.16138065,0.0,0.0,627.7623709000254,1000,2023-04-27
2023-05-04,15:00,SELL,1000,15.38,15372.310000000001,20.526033100000003,0.0,0.0,15979.546337800026,0,2023-05-04
2023-05-05,09:25,BUY,1000,15.33,15337.664999999999,5.15337665,0.0,0.0,636.7279611500271,1000,2023-05-04
2023-05-08,15:00,SELL,1000,14.68,14672.660000000002,19.8193866,0.0,0.0,15289.568574550029,0,2023-05-08
2023-05-09,09:25,BUY,1000,14.68,14687.339999999998,5.1468734,0.0,0.0,597.0817011500312,1000,2023-05-08
2023-05-10,15:00,SELL,1000,14.6,14592.7,19.738627,0.0,0.0,15170.043074150031,0,2023-05-10
2023-05-11,09:25,BUY,1000,14.51,14517.255,5.14517255,0.0,0.0,647.6429016000329,1000,2023-05-10
2023-05-12,15:00,SELL,1000,14.36,14352.820000000002,19.4963482,0.0,0.0,14980.966553400034,0,2023-05-12
2023-05-15,09:25,BUY,1000,14.62,14627.31,5.1462731,0.0,0.0,348.51028030003545,1000,2023-05-12
2023-05-16,15:00,SELL,1000,14.78,14772.61,19.9203361,0.0,0.0,15101.199944200036,0,2023-05-16
2023-05-17,09:25,BUY,1000,14.85,14857.425,5.14857425,0.0,0.0,238.62636995003595,1000,2023-05-16
2023-05-18,15:00,SELL,1000,16.35,16341.825000000003,21.505243250000003,0.0,0.0,16558.946126700037,0,2023-05-18
2023-05-19,09:25,BUY,1000,16.5,16508.25,5.1650825000000005,0.0,0.0,45.531044200037286,1000,2023-05-18
2023-05-22,15:00,SELL,1000,15.41,15402.295,20.55631795,0.0,0.0,15427.269726250037,0,2023-05-22
2023-05-23,09:25,BUY,1000,15.38,15387.689999999999,5.1538769,0.0,0.0,34.425849350038334,1000,2023-05-22
2023-05-24,15:00,SELL,1000,14.82,14812.59,19.9607159,0.0,0.0,14827.055133450038,0,2023-05-24
2023-05-25,09:25,BUY,1000,16.0,16008.0,5.16008,0.0,1186.1049465499618,0.0,1000,2023-05-24
2023-05-26,15:00,SELL,1000,16.79,16781.605,21.94942105,0.0,0.0,16759.655578949998,0,2023-05-26
2023-05-29,09:25,BUY,1000,17.29,17298.645,5.17298645,0.0,544.1624075000036,0.0,1000,2023-05-26
2023-05-30,15:00,SELL,1000,18.03,18020.985,23.20119485,0.0,0.0,17997.78380515,0,2023-05-30
2023-05-31,09:25,BUY,1000,18.11,18119.055,5.18119055,0.0,126.45238539999991,0.0,1000,2023-05-30
2023-06-01,15:00,SELL,1000,17.92,17911.04,23.090150400000002,0.0,0.0,17887.9498496,0,2023-06-01
2023-06-02,09:25,BUY,1000,18.2,18209.1,5.182091,0.0,326.33224139999584,0.0,1000,2023-06-01
2023-06-05,15:00,SELL,1000,18.93,18920.535,24.10974035,0.0,0.0,18896.42525965,0,2023-06-05
2023-06-06,09:25,BUY,1000,18.6,18609.3,5.186093,0.0,0.0,281.9391666500014,1000,2023-06-05
2023-06-07,15:00,SELL,1000,18.03,18020.985,23.20119485,0.0,0.0,18279.7229718,0,2023-06-07
2023-06-08,09:25,BUY,1000,17.9,17908.95,5.1790895,0.0,0.0,365.5938822999997,1000,2023-06-07
2023-06-09,15:00,SELL,1000,19.64,19630.18,24.8264818,0.0,0.0,19970.9474005,0,2023-06-09
2023-06-12,09:25,BUY,1000,20.31,20320.155,5.20320155,0.0,354.41080104999855,0.0,1000,2023-06-09
2023-06-13,15:00,SELL,1000,22.02,22008.99,27.229079900000002,0.0,0.0,21981.7609201,0,2023-06-13
2023-06-14,09:25,BUY,1000,21.75,21760.875,5.21760875,0.0,0.0,215.6683113500003,1000,2023-06-13
2023-06-15,15:00,SELL,1000,22.64,22628.68,27.8549668,0.0,0.0,22816.49334455,0,2023-06-15
2023-06-16,09:25,BUY,1000,22.64,22651.32,5.2265132,0.0,0.0,159.94683135000014,1000,2023-06-15
2023-06-19,15:00,SELL,1000,26.46,26446.77,31.7112377,0.0,0.0,26575.00559365,0,2023-06-19
2023-06-20,09:25,BUY,1000,25.87,25882.934999999998,5.25882935,0.0,0.0,686.8117643000005,1000,2023-06-19
2023-06-21,15:00,SELL,1000,24.5,24487.75,29.7326275,0.0,0.0,25144.8291368,0,2023-06-21
2023-06-26,09:25,BUY,1000,23.9,23911.949999999997,5.2391195,0.0,0.0,1227.6400173000038,1000,2023-06-21
2023-06-27,15:00,SELL,1000,23.01,22998.495000000003,28.228479950000004,0.0,0.0,24197.906537350005,0,2023-06-27
2023-06-28,09:25,BUY,1000,21.99,22000.995,5.22000995,0.0,0.0,2191.6915274000057,1000,2023-06-27
2023-06-29,15:00,SELL,1000,23.8,23788.100000000002,29.025981,0.0,0.0,25950.76554640001,0,2023-06-29
2023-06-30,09:25,BUY,1000,23.55,23561.774999999998,5.23561775,0.0,0.0,2383.7549286500107,1000,2023-06-29
2023-07-03,15:00,SELL,1000,24.37,24357.815000000002,29.601393150000003,0.0,0.0,26711.968535500015,0,2023-07-03
2023-07-04,09:25,BUY,1000,24.0,24012.0,5.24012,0.0,0.0,2694.728415500016,1000,2023-07-03
2023-07-05,15:00,SELL,1000,23.86,23848.07,29.0865507,0.0,0.0,26513.711864800014,0,2023-07-05
2023-07-06,09:25,BUY,1000,23.6,23611.8,5.236118,0.0,0.0,2896.675746800014,1000,2023-07-05
2023-07-07,15:00,SELL,1000,23.66,23648.170000000002,28.884651700000003,0.0,0.0,26515.961095100018,0,2023-07-07
2023-07-10,09:25,BUY,1000,24.0,24012.0,5.24012,0.0,0.0,2498.720975100019,1000,2023-07-07
2023-07-11,15:00,SELL,1000,24.24,24227.88,29.470158800000004,0.0,0.0,26697.13081630002,0,2023-07-11
2023-07-12,09:25,BUY,1000,24.0,24012.0,5.24012,0.0,0.0,2679.8906963000227,1000,2023-07-11
2023-07-13,15:00,SELL,1000,24.78,24767.61,30.0152861,0.0,0.0,27417.485410200024,0,2023-07-13
2023-07-14,09:25,BUY,1000,25.71,25722.855,5.25722855,0.0,0.0,1689.3731816500258,1000,2023-07-13
2023-07-17,15:00,SELL,1000,26.11,26096.945,31.357914450000003,0.0,0.0,27754.960267200026,0,2023-07-17
2023-07-18,09:25,BUY,1000,26.08,26093.039999999997,5.2609304,0.0,0.0,1656.6593368000285,1000,2023-07-17
2023-07-19,15:00,SELL,1000,25.09,25077.455,30.328229550000003,0.0,0.0,26703.78610725003,0,2023-07-19
2023-07-20,09:25,BUY,1000,24.9,24912.449999999997,5.2491245,0.0,0.0,1786.0869827500355,1000,2023-07-19
2023-07-21,15:00,SELL,1000,23.04,23028.48,28.2587648,0.0,0.0,24786.308217950034,0,2023-07-21
2023-07-24,09:25,BUY,1000,22.79,22801.395,5.22801395,0.0,0.0,1979.685204000034,1000,2023-07-21
2023-07-25,15:00,SELL,1000,24.0,23988.0,29.227880000000003,0.0,0.0,25938.457324000035,0,2023-07-25
2023-07-26,09:25,BUY,1000,23.5,23511.75,5.2351175,0.0,0.0,2421.472206500035,1000,2023-07-25
2023-07-27,15:00,SELL,1000,22.68,22668.66,27.8953466,0.0,0.0,25062.236859900037,0,2023-07-27
2023-07-28,09:25,BUY,1000,22.3,22311.149999999998,5.2231115,0.0,0.0,2745.863748400039,1000,2023-07-27
2023-07-31,15:00,SELL,1000,22.33,22318.835000000003,27.542023350000004,0.0,0.0,25037.15672505004,0,2023-07-31
2023-08-01,09:25,BUY,1000,22.2,22211.1,5.222111,0.0,0.0,2820.8346140500435,1000,2023-07-31
2023-08-02,15:00,SELL,1000,22.32,22308.84,27.5319284,0.0,0.0,25102.142685650044,0,2023-08-02
2023-08-03,09:25,BUY,1000,21.86,21870.93,5.2187093,0.0,0.0,3225.9939763500442,1000,2023-08-02
2023-08-04,15:00,SELL,1000,23.77,23758.115,28.995696150000004,0.0,0.0,26955.113280200047,0,2023-08-04
2023-08-07,09:25,BUY,1000,23.7,23711.85,5.2371185,0.0,0.0,3238.026161700047,1000,2023-08-04
2023-08-08,15:00,SELL,1000,24.18,24167.91,29.4095891,0.0,0.0,27376.526572600047,0,2023-08-08
2023-08-09,09:25,BUY,1000,23.3,23311.649999999998,5.2331165,0.0,0.0,4059.6434561000497,1000,2023-08-08
2023-08-10,15:00,SELL,1000,21.5,21489.25,26.7041425,0.0,0.0,25522.18931360005,0,2023-08-10
2023-08-11,09:25,BUY,1000,21.72,21730.86,5.2173086,0.0,0.0,3786.11200500005,1000,2023-08-10
2023-08-14,15:00,SELL,1000,21.4,21389.300000000003,26.603193000000005,0.0,0.0,25148.808812000054,0,2023-08-14
2023-08-15,09:25,BUY,1000,22.04,22051.02,5.2205102,0.0,0.0,3092.5683018000527,1000,2023-08-14
2023-08-16,15:00,SELL,1000,20.89,20879.555,26.08835055,0.0,0.0,23946.034951250054,0,2023-08-16
2023-08-17,09:25,BUY,1000,20.33,20340.164999999997,5.20340165,0.0,0.0,3600.666549600057,1000,2023-08-16
2023-08-18,15:00,SELL,1000,20.1,20089.95,25.2908495,0.0,0.0,23665.325700100057,0,2023-08-18
2023-08-21,09:25,BUY,1000,20.15,20160.074999999997,5.20160075,0.0,0.0,3500.0490993500607,1000,2023-08-18
2023-08-22,15:00,SELL,1000,22.45,22438.775,27.66316275,0.0,0.0,25911.160936600063,0,2023-08-22
2023-08-23,09:25,BUY,1000,22.17,22181.085,5.22181085,0.0,0.0,3724.8541257500656,1000,2023-08-22
2023-08-24,15:00,SELL,1000,22.43,22418.785,27.64297285,0.0,0.0,26115.996152900065,0,2023-08-24
2023-08-25,09:25,BUY,1000,21.2,21210.6,5.212106,0.0,0.0,4900.184046900067,1000,2023-08-24
2023-08-28,15:00,SELL,1000,20.68,20669.66,15.541526600000001,0.0,0.0,25554.302520300065,0,2023-08-28
2023-08-29,09:25,BUY,1000,20.55,20560.274999999998,5.20560275,0.0,0.0,4988.821917550067,1000,2023-08-28
2023-08-30,15:00,SELL,1000,21.8,21789.100000000002,16.112441000000004,0.0,0.0,26761.80947655007,0,2023-08-30
2023-08-31,09:25,BUY,1000,21.56,21570.78,5.2157078,0.0,0.0,5185.813768750071,1000,2023-08-30
2023-09-01,15:00,SELL,1000,21.25,21239.375,15.832081250000002,0.0,0.0,26409.356687500072,0,2023-09-01
2023-09-04,09:25,BUY,1000,21.4,21410.699999999997,5.214107,0.0,0.0,4993.442580500076,1000,2023-09-01
2023-09-05,15:00,SELL,1000,20.31,20299.845,15.352920950000001,0.0,0.0,25277.934659550076,0,2023-09-05
2023-09-06,09:25,BUY,1000,20.08,20090.039999999997,5.2009004,0.0,0.0,5182.693759150079,1000,2023-09-05
2023-09-07,15:00,SELL,1000,19.2,19190.4,14.787104000000001,0.0,0.0,24358.30665515008,0,2023-09-07
2023-09-08,09:25,BUY,1000,19.01,19019.504999999997,5.19019505,0.0,0.0,5333.6114601000845,1000,2023-09-07
2023-09-11,15:00,SELL,1000,19.46,19450.27,14.919637700000001,0.0,0.0,24768.961822400084,0,2023-09-11
2023-09-12,09:25,BUY,1000,19.19,19199.594999999998,5.19199595,0.0,0.0,5564.174826450086,1000,2023-09-11
2023-09-13,15:00,SELL,1000,18.86,18850.57,14.613790700000001,0.0,0.0,24400.131035750084,0,2023-09-13
2023-09-14,09:25,BUY,1000,18.98,18989.489999999998,5.1898949,0.0,0.0,5405.4511408500875,1000,2023-09-13
2023-09-15,15:00,SELL,1000,18.13,18120.935,14.241676850000001,0.0,0.0,23512.14446400009,0,2023-09-15
2023-09-18,09:25,BUY,1000,18.08,18089.039999999997,5.1808904,0.0,0.0,5417.923573600092,1000,2023-09-15
2023-09-19,15:00,SELL,1000,18.48,18470.760000000002,14.420087600000002,0.0,0.0,23874.263486000094,0,2023-09-19
2023-09-20,09:25,BUY,1000,18.49,18499.245,5.18499245,0.0,0.0,5369.833493550097,1000,2023-09-19
2023-09-21,15:00,SELL,1000,18.31,18300.845,14.333430950000002,0.0,0.0,23656.3450626001,0,2023-09-21
2023-09-22,09:25,BUY,1000,18.3,18309.149999999998,5.1830915,0.0,0.0,5342.0119711001025,1000,2023-09-21
2023-09-25,15:00,SELL,1000,19.29,19280.355,14.83298105,0.0,0.0,24607.533990050102,0,2023-09-25
2023-09-26,09:25,BUY,1000,19.49,19499.745,5.19499745,0.0,0.0,5102.593992600105,1000,2023-09-25
2023-09-27,15:00,SELL,1000,19.8,19790.100000000002,15.092951000000001,0.0,0.0,24877.601041600108,0,2023-09-27
2023-09-28,09:25,BUY,1000,20.03,20040.015,5.20040015,0.0,0.0,4832.38564145011,1000,2023-09-27
2023-10-09,15:00,SELL,1000,19.26,19250.370000000003,14.817688700000001,0.0,0.0,24067.93795275011,0,2023-10-09
2023-10-10,09:25,BUY,1000,19.23,19239.614999999998,5.19239615,0.0,0.0,4823.130556600114,1000,2023-10-09
2023-10-11,15:00,SELL,1000,19.17,19160.415,14.771811650000002,0.0,0.0,23968.773744950115,0,2023-10-11
2023-10-12,09:25,BUY,1000,19.4,19409.7,5.194097,0.0,0.0,4553.879647950114,1000,2023-10-11
2023-10-13,15:00,SELL,1000,17.88,17871.06,14.1142406,0.0,0.0,22410.825407350116,0,2023-10-13
2023-10-16,09:25,BUY,1000,17.89,17898.945,5.17898945,0.0,0.0,4506.701417900116,1000,2023-10-13
2023-10-17,15:00,SELL,1000,17.28,17271.36,13.8083936,0.0,0.0,21764.253024300117,0,2023-10-17
2023-10-18,09:25,BUY,1000,16.6,16608.3,5.166083,0.0,0.0,5150.786941300117,1000,2023-10-17
2023-10-19,15:00,SELL,1000,16.53,16521.735,13.42608485,0.0,0.0,21659.095856450116,0,2023-10-19
2023-10-20,09:25,BUY,1000,16.56,16568.28,5.1656828,0.0,0.0,5085.650173650116,1000,2023-10-19
2023-10-24,15:00,SELL,1000,13.76,13753.12,12.014091200000001,0.0,0.0,18826.756082450116,0,2023-10-24
2023-10-25,09:25,BUY,1000,13.82,13826.91,5.1382691,0.0,0.0,4994.707813350116,1000,2023-10-24
2023-10-26,15:00,SELL,1000,13.83,13823.085000000001,12.04977335,0.0,0.0,18805.743040000118,0,2023-10-26
2023-10-27,09:25,BUY,1000,13.83,13836.914999999999,5.13836915,0.0,0.0,4963.689670850119,1000,2023-10-26
2023-10-30,15:00,SELL,1000,14.6,14592.7,12.442277,0.0,0.0,19543.947393850118,0,2023-10-30
2023-10-31,09:25,BUY,1000,14.82,14827.41,5.1482741,0.0,0.0,4711.389119750118,1000,2023-10-30
2023-11-01,15:00,SELL,1000,14.53,14522.735,12.406594850000001,0.0,0.0,19221.71752490012,0,2023-11-01
2023-11-02,09:25,BUY,1000,14.88,14887.439999999999,5.1488744,0.0,0.0,4329.128650500121,1000,2023-11-01
2023-11-03,15:00,SELL,1000,14.75,14742.625,12.51873875,0.0,0.0,19059.23491175012,0,2023-11-03
2023-11-06,09:25,BUY,1000,14.92,14927.46,5.1492746,0.0,0.0,4126.625637150122,1000,2023-11-03
2023-11-07,15:00,SELL,1000,15.39,15382.305,12.844975550000001,0.0,0.0,19496.085661600122,0,2023-11-07
2023-11-08,09:25,BUY,1000,15.35,15357.675,5.15357675,0.0,0.0,4133.257084850122,1000,2023-11-07
2023-11-09,15:00,SELL,1000,15.59,15582.205000000002,12.946924550000002,0.0,0.0,19702.51516030012,0,2023-11-09
2023-11-10,09:25,BUY,1000,15.4,15407.699999999999,5.154077,0.0,0.0,4289.661083300123,1000,2023-11-09
2023-11-13,15:00,SELL,1000,16.11,16101.945000000002,13.211991950000002,0.0,0.0,20378.394091350125,0,2023-11-13
2023-11-14,09:25,BUY,1000,16.15,16158.074999999997,5.16158075,0.0,0.0,4215.157510600127,1000,2023-11-13
2023-11-15,15:00,SELL,1000,16.41,16401.795000000002,13.364915450000002,0.0,0.0,20603.58759515013,0,2023-11-15
2023-11-16,09:25,BUY,1000,16.2,16208.099999999999,5.162081,0.0,0.0,4390.32551415013,1000,2023-11-15
2023-11-17,15:00,SELL,1000,16.35,16341.825000000003,13.334330750000001,0.0,0.0,20718.816183400133,0,2023-11-17
2023-11-20,09:25,BUY,1000,16.29,16298.144999999999,5.16298145,0.0,0.0,4415.508201950135,1000,2023-11-17
2023-11-21,15:00,SELL,1000,15.96,15952.02,13.135530200000002,0.0,0.0,20354.392671750138,0,2023-11-21
2023-11-22,09:25,BUY,1000,15.9,15907.949999999999,5.1590795,0.0,0.0,4441.28359225014,1000,2023-11-21
2023-11-23,15:00,SELL,1000,15.72,15712.140000000001,13.013191400000002,0.0,0.0,20140.41040085014,0,2023-11-23
2023-11-24,09:25,BUY,1000,15.8,15807.9,5.158079,0.0,0.0,4327.352321850141,1000,2023-11-23
2023-11-27,15:00,SELL,1000,14.89,14882.555,12.59010305,0.0,0.0,19197.31721880014,0,2023-11-27
2023-11-28,09:25,BUY,1000,14.77,14777.384999999998,5.14777385,0.0,0.0,4414.784444950143,1000,2023-11-27
2023-11-29,15:00,SELL,1000,14.95,14942.525000000001,12.620687750000002,0.0,0.0,19344.688757200143,0,2023-11-29
2023-11-30,09:25,BUY,1000,15.08,15087.539999999999,5.1508754,0.0,0.0,4251.997881800144,1000,2023-11-29
2023-12-01,15:00,SELL,1000,15.15,15142.425000000001,12.722636750000001,0.0,0.0,19381.700245050146,0,2023-12-01
2023-12-04,09:25,BUY,1000,15.21,15217.605,5.15217605,0.0,0.0,4158.943069000146,1000,2023-12-01
2023-12-05,15:00,SELL,1000,14.15,14142.925000000001,12.21289175,0.0,0.0,18289.655177250148,0,2023-12-05
2023-12-06,09:25,BUY,1000,14.14,14147.07,5.1414707,0.0,0.0,4137.443706550148,1000,2023-12-05
2023-12-07,15:00,SELL,1000,14.33,14322.835000000001,12.30464585,0.0,0.0,18447.97406070015,0,2023-12-07
2023-12-08,09:25,BUY,1000,14.36,14367.179999999998,5.1436718,0.0,0.0,4075.6503889001524,1000,2023-12-07
2023-12-11,15:00,SELL,1000,15.59,15582.205000000002,12.946924550000002,0.0,0.0,19644.908464350156,0,2023-12-11
2023-12-12,09:25,BUY,1000,15.61,15617.804999999998,5.15617805,0.0,0.0,4021.9472863001574,1000,2023-12-11
2023-12-13,15:00,SELL,1000,15.08,15072.460000000001,12.6869546,0.0,0.0,19081.72033170016,0,2023-12-13
2023-12-14,09:25,BUY,1000,15.18,15187.589999999998,5.1518759,0.0,0.0,3888.978455800161,1000,2023-12-13
2023-12-15,15:00,SELL,1000,14.78,14772.61,12.5340311,0.0,0.0,18649.05442470016,0,2023-12-15
2023-12-18,09:25,BUY,1000,14.78,14787.39,5.1478739000000004,0.0,0.0,3856.516550800161,1000,2023-12-15
2023-12-19,15:00,SELL,1000,15.17,15162.415,12.732831650000001,0.0,0.0,19006.19871915016,0,2023-12-19
2023-12-20,09:25,BUY,1000,15.17,15177.585,5.15177585,0.0,0.0,3823.4619433001626,1000,2023-12-19
2023-12-21,15:00,SELL,1000,14.57,14562.715,12.426984650000001,0.0,0.0,18373.749958650165,0,2023-12-21
2023-12-22,09:25,BUY,1000,14.51,14517.255,5.14517255,0.0,0.0,3851.349786100167,1000,2023-12-21
2023-12-25,15:00,SELL,1000,14.21,14202.895,12.243476450000001,0.0,0.0,18042.001309650168,0,2023-12-25
2023-12-26,09:25,BUY,1000,14.12,14127.06,5.1412706,0.0,0.0,3909.8000390501693,1000,2023-12-25
2023-12-27,15:00,SELL,1000,13.93,13923.035000000002,12.100747850000001,0.0,0.0,17820.73429120017,0,2023-12-27
2023-12-28,09:25,BUY,1000,14.19,14197.095,5.14197095,0.0,0.0,3618.4973202501697,1000,2023-12-27
2023-12-29,15:00,SELL,1000,15.12,15112.44,12.7073444,0.0,0.0,18718.22997585017,0,2023-12-29
2024-01-02,09:25,BUY,1000,15.0,15007.5,5.150075,0.0,0.0,3705.579900850169,1000,2023-12-29
2024-01-03,15:00,SELL,1000,13.88,13873.060000000001,12.0752606,0.0,0.0,17566.56464025017,0,2024-01-03
2024-01-04,09:25,BUY,1000,13.78,13786.89,5.1378689,0.0,0.0,3774.536771350171,1000,2024-01-03
2024-01-05,15:00,SELL,1000,13.3,13293.35,11.779608500000002,0.0,0.0,17056.10716285017,0,2024-01-05
2024-01-08,09:25,BUY,1000,13.24,13246.619999999999,5.1324662,0.0,0.0,3804.354696650171,1000,2024-01-05
2024-01-09,15:00,SELL,1000,13.19,13183.405,11.72353655,0.0,0.0,16976.03616010017,0,2024-01-09
2024-01-10,09:25,BUY,1000,13.08,13086.539999999999,5.1308654,0.0,0.0,3884.365294700172,1000,2024-01-09
2024-01-11,15:00,SELL,1000,13.15,13143.425000000001,11.703146750000002,0.0,0.0,17016.087147950173,0,2024-01-11
2024-01-12,09:25,BUY,1000,13.0,13006.5,5.130065,0.0,0.0,4004.4570829501736,1000,2024-01-11
2024-01-15,15:00,SELL,1000,12.72,12713.640000000001,11.4839564,0.0,0.0,16706.613126550175,0,2024-01-15
2024-01-16,09:25,BUY,1000,12.64,12646.32,5.1264632,0.0,0.0,4055.1666633501754,1000,2024-01-15
2024-01-17,15:00,SELL,1000,12.68,12673.66,11.4635666,0.0,0.0,16717.363096750174,0,2024-01-17
2024-01-18,09:25,BUY,1000,12.68,12686.34,5.1268634,0.0,0.0,4025.896233350173,1000,2024-01-17
2024-01-19,15:00,SELL,1000,14.2,14192.900000000001,12.238379000000002,0.0,0.0,18206.557854350176,0,2024-01-19
2024-01-22,09:25,BUY,1000,14.71,14717.355,5.14717355,0.0,0.0,3484.0556808001766,1000,2024-01-19
2024-01-23,15:00,SELL,1000,14.5,14492.75,12.3913025,0.0,0.0,17964.41437830018,0,2024-01-23
2024-01-24,09:25,BUY,1000,14.62,14627.31,5.1462731,0.0,0.0,3331.9581052001795,1000,2024-01-23
2024-01-25,15:00,SELL,1000,15.08,15072.460000000001,12.6869546,0.0,0.0,18391.73115060018,0,2024-01-25
2024-01-26,09:25,BUY,1000,14.83,14837.414999999999,5.14837415,0.0,0.0,3549.16777645018,1000,2024-01-25
2024-01-29,15:00,SELL,1000,13.59,13583.205,11.927434550000001,0.0,0.0,17120.44534190018,0,2024-01-29
2024-01-30,09:25,BUY,1000,13.55,13556.775,5.13556775,0.0,0.0,3558.534774150181,1000,2024-01-29
2024-01-31,15:00,SELL,1000,13.31,13303.345000000001,11.784705950000001,0.0,0.0,16850.095068200182,0,2024-01-31
2024-02-01,09:25,BUY,1000,13.13,13136.564999999999,5.13136565,0.0,0.0,3708.398702550183,1000,2024-01-31
2024-02-02,15:00,SELL,1000,13.92,13913.04,12.0956504,0.0,0.0,17609.343052150183,0,2024-02-02
2024-02-05,09:25,BUY,1000,13.88,13886.939999999999,5.1388694,0.0,0.0,3717.264182750185,1000,2024-02-02
2024-02-06,15:00,SELL,1000,15.53,15522.235,12.91633985,0.0,0.0,19226.582842900185,0,2024-02-06
2024-02-07,09:25,BUY,1000,15.27,15277.634999999998,5.15277635,0.0,0.0,3943.7950665501867,1000,2024-02-06
2024-02-08,15:00,SELL,1000,15.7,15692.150000000001,13.002996500000002,0.0,0.0,19622.942070050187,0,2024-02-08
2024-02-19,09:25,BUY,1000,16.7,16708.35,5.1670835,0.0,0.0,2909.424986550188,1000,2024-02-08
2024-02-20,15:00,SELL,1000,18.49,18480.755,14.425185050000001,0.0,0.0,21375.75480150019,0,2024-02-20
2024-02-21,09:25,BUY,1000,17.73,17738.864999999998,5.17738865,0.0,0.0,3631.712412850189,1000,2024-02-20
2024-02-22,15:00,SELL,1000,18.19,18180.905000000002,14.272261550000001,0.0,0.0,21798.345151300193,0,2024-02-22
2024-02-23,09:25,BUY,1000,18.82,18829.41,5.1882941,0.0,0.0,2963.7468572001926,1000,2024-02-22
2024-02-26,15:00,SELL,1000,17.67,17661.165,14.007194150000002,0.0,0.0,20610.904663050194,0,2024-02-26
2024-02-27,09:25,BUY,1000,17.59,17598.795,5.17598795,0.0,0.0,3006.9336751001974,1000,2024-02-26
2024-02-28,15:00,SELL,1000,18.2,18190.9,14.277359,0.0,0.0,21183.5563161002,0,2024-02-28
2024-02-29,09:25,BUY,1000,18.16,18169.079999999998,5.1816908,0.0,0.0,3009.294625300201,1000,2024-02-28
2024-03-01,15:00,SELL,1000,20.02,20009.99,15.205094900000002,0.0,0.0,23004.079530400202,0,2024-03-01
2024-03-04,09:25,BUY,1000,20.8,20810.399999999998,5.208104,0.0,0.0,2188.471426400203,1000,2024-03-01
2024-03-05,15:00,SELL,1000,22.75,22738.625,16.59669875,0.0,0.0,24910.499727650204,0,2024-03-05
2024-03-06,09:25,BUY,1000,22.07,22081.035,5.22081035,0.0,0.0,2824.243917300202,1000,2024-03-05
2024-03-07,15:00,SELL,1000,22.61,22598.695,16.525334450000003,0.0,0.0,25406.4135828502,0,2024-03-07
2024-03-08,09:25,BUY,1000,23.1,23111.55,5.2311155,0.0,0.0,2289.632467350202,1000,2024-03-07
2024-03-11,15:00,SELL,1000,25.82,25807.09,18.1616159,0.0,0.0,28078.560851450202,0,2024-03-11
2024-03-12,09:25,BUY,1000,25.26,25272.629999999997,5.2527263,0.0,0.0,2800.6781251502034,1000,2024-03-11
2024-03-13,15:00,SELL,1000,24.35,24337.825,17.412290750000004,0.0,0.0,27121.090834400205,0,2024-03-13
2024-03-14,09:25,BUY,1000,22.77,22781.385,5.22781385,0.0,0.0,4334.478020550207,1000,2024-03-13
2024-03-15,15:00,SELL,1000,23.08,23068.460000000003,16.764914600000004,0.0,0.0,27386.17310595021,0,2024-03-15
2024-03-18,09:25,BUY,1000,23.45,23461.725,5.23461725,0.0,0.0,3919.2134887002103,1000,2024-03-15
2024-03-19,15:00,SELL,1000,25.51,25497.245000000003,18.00359495,0.0,0.0,29398.45489375021,0,2024-03-19
2024-03-20,09:25,BUY,1000,25.3,25312.649999999998,5.2531265,0.0,0.0,4080.5517672502137,1000,2024-03-19
2024-03-21,15:00,SELL,1000,24.99,24977.505,17.73852755,0.0,0.0,29040.318239700217,0,2024-03-21
2024-03-22,09:25,BUY,1000,24.82,24832.41,5.2483241,0.0,0.0,4202.659915600216,1000,2024-03-21
2024-03-25,15:00,SELL,1000,23.91,23898.045000000002,17.18800295,0.0,0.0,28083.51691265022,0,2024-03-25
2024-03-26,09:25,BUY,1000,24.0,24012.0,5.24012,0.0,0.0,4066.27679265022,1000,2024-03-25
2024-03-27,15:00,SELL,1000,22.41,22398.795000000002,16.42338545,0.0,0.0,26448.64840720022,0,2024-03-27
2024-03-28,09:25,BUY,1000,22.42,22431.21,5.2243121,0.0,0.0,4012.214095100222,1000,2024-03-27
2024-03-29,15:00,SELL,1000,22.77,22758.615,16.606893650000004,0.0,0.0,26754.222201450222,0,2024-03-29
2024-04-01,09:25,BUY,1000,22.9,22911.449999999997,5.2291145,0.0,0.0,3837.5430869502234,1000,2024-03-29
2024-04-02,15:00,SELL,1000,22.9,22888.550000000003,16.6731605,0.0,0.0,26709.419926450228,0,2024-04-02
2024-04-03,09:25,BUY,1000,22.7,22711.35,5.2271135,0.0,0.0,3992.842812950228,1000,2024-04-02
2024-04-08,15:00,SELL,1000,22.0,21989.0,16.21439,0.0,0.0,25965.628422950227,0,2024-04-08
2024-04-09,09:25,BUY,1000,22.15,22161.074999999997,5.22161075,0.0,0.0,3799.331812200231,1000,2024-04-08
2024-04-10,15:00,SELL,1000,21.1,21089.45,15.755619500000002,0.0,0.0,24873.026192700232,0,2024-04-10
2024-04-11,09:25,BUY,1000,21.23,21240.614999999998,5.21240615,0.0,0.0,3627.198786550234,1000,2024-04-10
2024-04-12,15:00,SELL,1000,22.26,22248.870000000003,16.3469237,0.0,0.0,25859.721862850238,0,2024-04-12
2024-04-15,09:25,BUY,1000,21.88,21890.94,5.2189094,0.0,0.0,3963.5629534502405,1000,2024-04-12
2024-04-16,15:00,SELL,1000,21.81,21799.095,16.11753845,0.0,0.0,25746.540415000243,0,2024-04-16
2024-04-17,09:25,BUY,1000,22.5,22511.25,5.2251125,0.0,0.0,3230.065302500243,1000,2024-04-16
2024-04-18,15:00,SELL,1000,22.9,22888.550000000003,16.6731605,0.0,0.0,26101.942142000247,0,2024-04-18
2024-04-19,09:25,BUY,1000,22.41,22421.204999999998,5.22421205,0.0,0.0,3675.512929950248,1000,2024-04-18
2024-04-22,15:00,SELL,1000,20.84,20829.58,15.623085800000002,0.0,0.0,24489.469844150248,0,2024-04-22
2024-04-23,09:25,BUY,1000,21.05,21060.524999999998,5.21060525,0.0,0.0,3423.7342389002515,1000,2024-04-22
2024-04-24,15:00,SELL,1000,22.24,22228.88,16.336728800000003,0.0,0.0,25636.27751010025,0,2024-04-24
2024-04-25,09:25,BUY,1000,21.66,21670.829999999998,5.2167083,0.0,0.0,3960.230801800255,1000,2024-04-24
2024-04-26,15:00,SELL,1000,24.41,24397.795000000002,17.442875450000003,0.0,0.0,28340.582926350256,0,2024-04-26
2024-04-29,09:25,BUY,1000,24.76,24772.379999999997,5.2477238,0.0,0.0,3562.95520255026,1000,2024-04-26
2024-04-30,15:00,SELL,1000,24.5,24487.75,17.4887525,0.0,0.0,28033.21645005026,0,2024-04-30
2024-05-06,09:25,BUY,1000,25.0,25012.5,5.250125,0.0,0.0,3015.46632505026,1000,2024-04-30
2024-05-07,15:00,SELL,1000,25.38,25367.31,17.937328100000002,0.0,0.0,28364.83899695026,0,2024-05-07
2024-05-08,09:25,BUY,1000,24.74,24752.37,5.2475237,0.0,0.0,3607.2214732502616,1000,2024-05-07
2024-05-09,15:00,SELL,1000,24.22,24207.890000000003,17.346023900000002,0.0,0.0,27797.765449350263,0,2024-05-09
2024-05-10,09:25,BUY,1000,24.0,24012.0,5.24012,0.0,0.0,3780.5253293502647,1000,2024-05-09
2024-05-13,15:00,SELL,1000,24.0,23988.0,17.23388,0.0,0.0,27751.291449350265,0,2024-05-13
2024-05-14,09:25,BUY,1000,24.4,24412.199999999997,5.244122,0.0,0.0,3333.8473273502677,1000,2024-05-13
2024-05-15,15:00,SELL,1000,24.3,24287.850000000002,17.386803500000003,0.0,0.0,27604.31052385027,0,2024-05-15
2024-05-16,09:25,BUY,1000,25.73,25742.864999999998,5.25742865,0.0,0.0,1856.188095200272,1000,2024-05-15
2024-05-17,15:00,SELL,1000,25.7,25687.15,18.100446500000004,0.0,0.0,27525.237648700273,0,2024-05-17
2024-05-20,09:25,BUY,1000,25.3,25312.649999999998,5.2531265,0.0,0.0,2207.3345222002754,1000,2024-05-17
2024-05-21,15:00,SELL,1000,25.72,25707.140000000003,18.110641400000002,0.0,0.0,27896.36388080028,0,2024-05-21
2024-05-22,09:25,BUY,1000,25.69,25702.844999999998,5.25702845,0.0,0.0,2188.2618523502824,1000,2024-05-21
2024-05-23,15:00,SELL,1000,25.62,25607.190000000002,18.059666900000003,0.0,0.0,27777.392185450284,0,2024-05-23
2024-05-24,09:25,BUY,1000,25.2,25212.6,5.252126,0.0,0.0,2559.540059450286,1000,2024-05-23
2024-05-27,15:00,SELL,1000,24.86,24847.57,17.672260700000002,0.0,0.0,27389.437798750285,0,2024-05-27
2024-05-28,09:25,BUY,1000,24.65,24662.324999999997,5.24662325,0.0,0.0,2721.8661755002868,1000,2024-05-27
2024-05-29,15:00,SELL,1000,24.21,24197.895,17.34092645,0.0,0.0,26902.420249050287,0,2024-05-29
2024-05-30,09:25,BUY,1000,24.0,24012.0,5.24012,0.0,0.0,2885.180129050288,1000,2024-05-29
2024-05-31,15:00,SELL,1000,22.91,22898.545000000002,16.678257950000003,0.0,0.0,25767.04687110029,0,2024-05-31
2024-06-03,09:25,BUY,1000,22.91,22921.454999999998,5.22921455,0.0,0.0,2840.3626565502927,1000,2024-05-31
2024-06-04,15:00,SELL,1000,23.79,23778.105,17.12683355,0.0,0.0,26601.340823000293,0,2024-06-04
2024-06-05,09:25,BUY,1000,23.67,23681.835,5.23681835,0.0,0.0,2914.269004650294,1000,2024-06-04
2024-06-06,15:00,SELL,1000,26.07,26056.965,18.289052150000003,0.0,0.0,28952.944952500293,0,2024-06-06
2024-06-07,09:25,BUY,1000,25.85,25862.925,5.25862925,0.0,0.0,3084.7613232502954,1000,2024-06-06
2024-06-11,15:00,SELL,1000,24.21,24197.895,17.34092645,0.0,0.0,27265.315396800295,0,2024-06-11
2024-06-12,09:25,BUY,1000,24.55,24562.274999999998,5.24562275,0.0,0.0,2697.794774050297,1000,2024-06-11
2024-06-13,15:00,SELL,1000,25.9,25887.050000000003,18.2023955,0.0,0.0,28566.6423785503,0,2024-06-13
2024-06-14,09:25,BUY,1000,26.05,26063.024999999998,5.26063025,0.0,0.0,2498.3567483003026,1000,2024-06-13
2024-06-17,15:00,SELL,1000,27.51,27496.245000000003,19.023084950000005,0.0,0.0,29975.578663350305,0,2024-06-17
2024-06-18,09:25,BUY,1000,27.53,27543.765,5.27543765,0.0,0.0,2426.538225700304,1000,2024-06-17
2024-06-19,15:00,SELL,1000,28.47,28455.765000000003,19.512440150000003,0.0,0.0,30862.790785550307,0,2024-06-19
2024-06-20,09:25,BUY,1000,28.47,28484.234999999997,5.28484235,0.0,0.0,2373.2709432003103,1000,2024-06-19
2024-06-21,15:00,SELL,1000,28.47,28455.765000000003,19.512440150000003,0.0,0.0,30809.523503050314,0,2024-06-21
2024-06-24,09:25,BUY,1000,27.8,27813.899999999998,5.278139,0.0,0.0,2990.3453640503176,1000,2024-06-21
2024-06-25,15:00,SELL,1000,26.44,26426.780000000002,18.477657800000003,0.0,0.0,29398.64770625032,0,2024-06-25
2024-06-26,09:25,BUY,1000,27.12,27133.559999999998,5.2713356000000005,0.0,0.0,2259.8163706503256,1000,2024-06-25
2024-06-27,15:00,SELL,1000,26.81,26796.595,18.666263450000002,0.0,0.0,29037.745107200328,0,2024-06-27
2024-06-28,09:25,BUY,1000,26.7,26713.35,5.2671335,0.0,0.0,2319.127973700328,1000,2024-06-27
2024-07-01,15:00,SELL,1000,28.0,27986.0,19.27286,0.0,0.0,30285.855113700327,0,2024-07-01
2024-07-02,09:25,BUY,1000,27.75,27763.875,5.27763875,0.0,0.0,2516.7024749503253,1000,2024-07-01
2024-07-03,15:00,SELL,1000,27.38,27366.31,18.9568181,0.0,0.0,29864.055656850327,0,2024-07-03
2024-07-04,09:25,BUY,1000,27.75,27763.875,5.27763875,0.0,0.0,2094.9030181003254,1000,2024-07-03
2024-07-05,15:00,SELL,1000,27.08,27066.460000000003,18.803894600000003,0.0,0.0,29142.559123500327,0,2024-07-05
2024-07-08,09:25,BUY,1000,26.87,26883.434999999998,5.26883435,0.0,0.0,2253.8552891503277,1000,2024-07-05
2024-07-09,15:00,SELL,1000,29.0,28985.5,19.782605,0.0,0.0,31219.572684150327,0,2024-07-09
2024-07-10,09:25,BUY,1000,29.0,29014.5,5.290145,0.0,0.0,2199.7825391503284,1000,2024-07-09
2024-07-11,15:00,SELL,1000,28.76,28745.620000000003,19.660266200000002,0.0,0.0,30925.74227295033,0,2024-07-11
2024-07-12,09:25,BUY,1000,27.65,27663.824999999997,5.2766382499999995,0.0,0.0,3256.640634700332,1000,2024-07-11
2024-07-15,15:00,SELL,1000,26.96,26946.52,18.742725200000002,0.0,0.0,30184.41790950033,0,2024-07-15
2024-07-16,09:25,BUY,1000,26.96,26973.48,5.2697348,0.0,0.0,3205.6681747003313,1000,2024-07-15
2024-07-17,15:00,SELL,1000,25.95,25937.025,18.22788275,0.0,0.0,29124.46529195033,0,2024-07-17
2024-07-18,09:25,BUY,1000,24.82,24832.41,5.2483241,0.0,0.0,4286.806967850331,1000,2024-07-17
2024-07-19,15:00,SELL,1000,24.66,24647.670000000002,17.5703117,0.0,0.0,28916.90665615033,0,2024-07-19
2024-07-22,09:25,BUY,1000,24.49,24502.245,5.2450224500000004,0.0,0.0,4409.4166337003335,1000,2024-07-19
2024-07-23,15:00,SELL,1000,24.54,24527.73,17.5091423,0.0,0.0,28919.63749140033,0,2024-07-23
2024-07-24,09:25,BUY,1000,24.4,24412.199999999997,5.244122,0.0,0.0,4502.193369400335,1000,2024-07-23
2024-07-25,15:00,SELL,1000,23.2,23188.4,16.826084,0.0,0.0,27673.767285400336,0,2024-07-25
2024-07-26,09:25,BUY,1000,23.2,23211.6,5.232116,0.0,0.0,4456.935169400338,1000,2024-07-25
2024-07-29,15:00,SELL,1000,23.8,23788.100000000002,17.131931,0.0,0.0,28227.90323840034,0,2024-07-29
2024-07-30,09:25,BUY,1000,23.49,23501.745,5.23501745,0.0,0.0,4720.9232209503425,1000,2024-07-29
2024-07-31,15:00,SELL,1000,23.84,23828.08,17.152320800000002,0.0,0.0,28531.850900150344,0,2024-07-31
2024-08-01,09:25,BUY,1000,24.6,24612.3,5.246123,0.0,0.0,3914.3047771503443,1000,2024-07-31
2024-08-02,15:00,SELL,1000,22.33,22318.835000000003,16.382605850000004,0.0,0.0,26216.757171300345,0,2024-08-02
2024-08-05,09:25,BUY,1000,21.1,21110.55,5.2111055,0.0,0.0,5100.996065800347,1000,2024-08-02
2024-08-06,15:00,SELL,1000,20.81,20799.595,15.60779345,0.0,0.0,25884.98327235035,0,2024-08-06
2024-08-07,09:25,BUY,1000,20.6,20610.3,5.206103,0.0,0.0,5269.47716935035,1000,2024-08-06
2024-08-08,15:00,SELL,1000,20.48,20469.760000000002,15.439577600000002,0.0,0.0,25723.797591750354,0,2024-08-08
2024-08-09,09:25,BUY,1000,20.8,20810.399999999998,5.208104,0.0,0.0,4908.189487750355,1000,2024-08-08
2024-08-12,15:00,SELL,1000,20.64,20629.68,15.5211368,0.0,0.0,25522.348350950357,0,2024-08-12
2024-08-13,09:25,BUY,1000,20.85,20860.425,5.20860425,0.0,0.0,4656.714746700356,1000,2024-08-12
2024-08-14,15:00,SELL,1000,21.38,21369.31,15.898348100000002,0.0,0.0,26010.126398600358,0,2024-08-14
2024-08-15,09:25,BUY,1000,20.74,20750.37,5.2075037,0.0,0.0,5254.548894900359,1000,2024-08-14
2024-08-16,15:00,SELL,1000,21.06,21049.47,15.735229700000001,0.0,0.0,26288.28366520036,0,2024-08-16
2024-08-19,09:25,BUY,1000,21.0,21010.5,5.210105,0.0,0.0,5272.573560200362,1000,2024-08-16
2024-08-20,15:00,SELL,1000,20.65,20639.675000000003,15.526234250000002,0.0,0.0,25896.722325950366,0,2024-08-20
2024-08-21,09:25,BUY,1000,20.3,20310.149999999998,5.2031015,0.0,0.0,5581.369224450369,1000,2024-08-20
2024-08-22,15:00,SELL,1000,20.39,20379.805,15.39370055,0.0,0.0,25945.78052390037,0,2024-08-22
2024-08-23,09:25,BUY,1000,20.2,20210.1,5.202101,0.0,0.0,5730.478422900371,1000,2024-08-22
2024-08-26,15:00,SELL,1000,20.12,20109.940000000002,15.256069400000001,0.0,0.0,25825.162353500375,0,2024-08-26
2024-08-27,09:25,BUY,1000,20.0,20010.0,5.2001,0.0,0.0,5809.962253500376,1000,2024-08-26
2024-08-28,15:00,SELL,1000,19.77,19760.115,15.077658650000002,0.0,0.0,25554.99959485038,0,2024-08-28
2024-08-29,09:25,BUY,1000,19.0,19009.5,5.190095,0.0,0.0,6540.309499850377,1000,2024-08-28
2024-08-30,15:00,SELL,1000,20.47,20459.765,15.43448015,0.0,0.0,26984.640019700375,0,2024-08-30
2024-09-02,09:25,BUY,1000,20.37,20380.184999999998,5.20380185,0.0,0.0,6599.251217850378,1000,2024-08-30
2024-09-03,15:00,SELL,1000,19.44,19430.280000000002,14.909442800000003,0.0,0.0,26014.621775050382,0,2024-09-03
2024-09-04,09:25,BUY,1000,18.5,18509.25,5.1850925,0.0,0.0,7500.186682550382,1000,2024-09-03
2024-09-05,15:00,SELL,1000,18.88,18870.56,14.623985600000001,0.0,0.0,26356.122696950384,0,2024-09-05
2024-09-06,09:25,BUY,1000,18.87,18879.434999999998,5.18879435,0.0,0.0,7471.498902600386,1000,2024-09-05
2024-09-09,15:00,SELL,1000,18.6,18590.7,14.481257000000001,0.0,0.0,26047.717645600387,0,2024-09-09
2024-09-10,09:25,BUY,1000,18.6,18609.3,5.186093,0.0,0.0,7433.231552600388,1000,2024-09-09
2024-09-11,15:00,SELL,1000,18.78,18770.61,14.5730111,0.0,0.0,26189.268541500387,0,2024-09-11
2024-09-12,09:25,BUY,1000,19.39,19399.695,5.19399695,0.0,0.0,6784.379544550386,1000,2024-09-11
2024-09-13,15:00,SELL,1000,19.25,19240.375,14.81259125,0.0,0.0,26009.941953300386,0,2024-09-13
2024-09-18,09:25,BUY,1000,19.0,19009.5,5.190095,0.0,0.0,6995.251858300384,1000,2024-09-13
2024-09-19,15:00,SELL,1000,18.85,18840.575,14.608693250000002,0.0,0.0,25821.218165050384,0,2024-09-19
2024-09-20,09:25,BUY,1000,19.0,19009.5,5.190095,0.0,0.0,6806.528070050383,1000,2024-09-19
2024-09-23,15:00,SELL,1000,18.71,18700.645,14.537328950000001,0.0,0.0,25492.635741100385,0,2024-09-23
2024-09-24,09:25,BUY,1000,18.9,18909.45,5.1890945,0.0,0.0,6577.9966466003825,1000,2024-09-23
2024-09-25,15:00,SELL,1000,21.07,21059.465,15.74032715,0.0,0.0,27621.721319450382,0,2024-09-25
2024-09-26,09:25,BUY,1000,21.11,21120.555,5.21120555,0.0,0.0,6495.955113900382,1000,2024-09-25
2024-09-27,15:00,SELL,1000,23.0,22988.5,16.724135,0.0,0.0,29467.73097890038,0,2024-09-27
2024-09-30,09:25,BUY,1000,24.3,24312.149999999998,5.2431215,0.0,0.0,5150.337857400384,1000,2024-09-27
2024-10-08,15:00,SELL,1000,27.71,27696.145,19.125033950000002,0.0,0.0,32827.35782345038,0,2024-10-08
2024-10-09,09:25,BUY,1000,27.7,27713.85,5.2771385,0.0,0.0,5108.23068495038,1000,2024-10-08
2024-10-10,15:00,SELL,1000,25.8,25787.100000000002,18.151421000000003,0.0,0.0,30877.179263950384,0,2024-10-10
2024-10-11,09:25,BUY,1000,25.4,25412.699999999997,5.254127,0.0,0.0,5459.2251369503865,1000,2024-10-10
2024-10-14,15:00,SELL,1000,25.16,25147.420000000002,17.825184200000002,0.0,0.0,30588.81995275039,0,2024-10-14
2024-10-15,09:25,BUY,1000,25.19,25202.594999999998,5.25202595,0.0,0.0,5380.97292680039,1000,2024-10-14
2024-10-16,15:00,SELL,1000,23.53,23518.235,16.99429985,0.0,0.0,28882.21362695039,0,2024-10-16
2024-10-17,09:25,BUY,1000,23.77,23781.885,5.23781885,0.0,0.0,5095.090808100391,1000,2024-10-16
2024-10-18,15:00,SELL,1000,26.08,26066.960000000003,18.294149600000004,0.0,0.0,31143.756658500395,0,2024-10-18
2024-10-21,09:25,BUY,1000,26.81,26823.405,5.26823405,0.0,0.0,4315.083424450397,1000,2024-10-18
2024-10-22,15:00,SELL,1000,26.26,26246.870000000003,18.3859037,0.0,0.0,30543.5675207504,0,2024-10-22
2024-10-23,09:25,BUY,1000,25.79,25802.894999999997,5.25802895,0.0,0.0,4735.414491800402,1000,2024-10-22
2024-10-24,15:00,SELL,1000,25.35,25337.325,17.92203575,0.0,0.0,30054.8174560504,0,2024-10-24
2024-10-25,09:25,BUY,1000,25.39,25402.695,5.25402695,0.0,0.0,4646.868429100403,1000,2024-10-24
2024-10-28,15:00,SELL,1000,25.26,25247.370000000003,17.876158700000005,0.0,0.0,29876.362270400405,0,2024-10-28
2024-10-29,09:25,BUY,1000,25.2,25212.6,5.252126,0.0,0.0,4658.510144400407,1000,2024-10-28
2024-10-30,15:00,SELL,1000,24.84,24827.58,17.6620658,0.0,0.0,29468.42807860041,0,2024-10-30
2024-10-31,09:25,BUY,1000,24.5,24512.25,5.2451225,0.0,0.0,4950.932956100409,1000,2024-10-30
2024-11-01,15:00,SELL,1000,23.68,23668.16,17.0707616,0.0,0.0,28602.02219450041,0,2024-11-01
2024-11-04,09:25,BUY,1000,23.78,23791.89,5.2379189,0.0,0.0,4804.894275600411,1000,2024-11-01
2024-11-05,15:00,SELL,1000,24.75,24737.625,17.61618875,0.0,0.0,29524.903086850412,0,2024-11-05
2024-11-06,09:25,BUY,1000,25.0,25012.5,5.250125,0.0,0.0,4507.152961850414,1000,2024-11-05
2024-11-07,15:00,SELL,1000,24.64,24627.68,17.560116800000003,0.0,0.0,29117.272845050415,0,2024-11-07
2024-11-08,09:25,BUY,1000,24.9,24912.449999999997,5.2491245,0.0,0.0,4199.573720550419,1000,2024-11-07
2024-11-11,15:00,SELL,1000,27.01,26996.495000000003,18.76821245,0.0,0.0,31177.300508100423,0,2024-11-11
2024-11-12,09:25,BUY,1000,27.01,27023.504999999997,5.27023505,0.0,0.0,4148.525273050425,1000,2024-11-11
2024-11-13,15:00,SELL,1000,26.47,26456.765000000003,18.492950150000002,0.0,0.0,30586.797322900427,0,2024-11-13
2024-11-14,09:25,BUY,1000,26.58,26593.289999999997,5.2659329,0.0,0.0,3988.2413900004285,1000,2024-11-13
2024-11-15,15:00,SELL,1000,23.92,23908.04,17.1931004,0.0,0.0,27879.08828960043,0,2024-11-15
2024-11-18,09:25,BUY,1000,23.92,23931.96,5.2393196,0.0,0.0,3941.8889700004293,1000,2024-11-15
2024-11-19,15:00,SELL,1000,23.72,23708.140000000003,17.0911514,0.0,0.0,27632.937818600432,0,2024-11-19
2024-11-20,09:25,BUY,1000,23.7,23711.85,5.2371185,0.0,0.0,3915.8507001004327,1000,2024-11-19
2024-11-21,15:00,SELL,1000,23.43,23418.285,16.943325350000002,0.0,0.0,27317.192374750433,0,2024-11-21
2024-11-22,09:25,BUY,1000,23.49,23501.745,5.23501745,0.0,0.0,3810.2123573004355,1000,2024-11-21
2024-11-25,15:00,SELL,1000,22.11,22098.945,16.27046195,0.0,0.0,25892.886895350435,0,2024-11-25
2024-11-26,09:25,BUY,1000,21.89,21900.945,5.21900945,0.0,0.0,3986.7228859004354,1000,2024-11-25
2024-11-27,15:00,SELL,1000,22.32,22308.84,16.377508400000004,0.0,0.0,26279.185377500435,0,2024-11-27
2024-11-28,09:25,BUY,1000,22.32,22331.16,5.2233116,0.0,0.0,3942.802065900436,1000,2024-11-27
2024-11-29,15:00,SELL,1000,22.19,22178.905000000002,16.311241550000002,0.0,0.0,26105.39582435044,0,2024-11-29
2024-12-02,09:25,BUY,1000,22.07,22081.035,5.22081035,0.0,0.0,4019.140014000437,1000,2024-11-29
2024-12-03,15:00,SELL,1000,22.24,22228.88,16.336728800000003,0.0,0.0,26231.683285200437,0,2024-12-03
2024-12-04,09:25,BUY,1000,22.25,22261.125,5.22261125,0.0,0.0,3965.335673950438,1000,2024-12-03
2024-12-05,15:00,SELL,1000,22.54,22528.73,16.489652300000003,0.0,0.0,26477.57602165044,0,2024-12-05
2024-12-06,09:25,BUY,1000,22.54,22551.27,5.2255127,0.0,0.0,3921.0805089504393,1000,2024-12-05
2024-12-09,15:00,SELL,1000,22.13,22118.935,16.28065685,0.0,0.0,26023.734852100442,0,2024-12-09
2024-12-10,09:25,BUY,1000,22.61,22621.305,5.22621305,0.0,0.0,3397.2036390504436,1000,2024-12-09
2024-12-11,15:00,SELL,1000,22.33,22318.835000000003,16.382605850000004,0.0,0.0,25699.656033200445,0,2024-12-11
2024-12-12,09:25,BUY,1000,22.37,22381.184999999998,5.22381185,0.0,0.0,3313.247221350448,1000,2024-12-11
2024-12-13,15:00,SELL,1000,21.35,21339.325,15.88305575,0.0,0.0,24636.689165600448,0,2024-12-13
2024-12-16,09:25,BUY,1000,21.2,21210.6,5.212106,0.0,0.0,3420.8770596004506,1000,2024-12-13
2024-12-17,15:00,SELL,1000,21.6,21589.2,16.010492,0.0,0.0,24994.06656760045,0,2024-12-17
2024-12-18,09:25,BUY,1000,21.62,21630.809999999998,5.2163081,0.0,0.0,3358.0402595004525,1000,2024-12-17
2024-12-19,15:00,SELL,1000,22.19,22178.905000000002,16.311241550000002,0.0,0.0,25520.634017950455,0,2024-12-19
2024-12-20,09:25,BUY,1000,22.03,22041.015,5.22041015,0.0,0.0,3474.3986078004564,1000,2024-12-19
2024-12-23,15:00,SELL,1000,22.05,22038.975000000002,16.23987725,0.0,0.0,25497.13373055046,0,2024-12-23
2024-12-24,09:25,BUY,1000,22.11,22121.055,5.22121055,0.0,0.0,3370.8575200004598,1000,2024-12-23
2024-12-25,15:00,SELL,1000,22.72,22708.640000000003,16.581406400000002,0.0,0.0,26062.916113600462,0,2024-12-25
2024-12-26,09:25,BUY,1000,22.64,22651.32,5.2265132,0.0,0.0,3406.3696004004632,1000,2024-12-25
2024-12-27,15:00,SELL,1000,22.61,22598.695,16.525334450000003,0.0,0.0,25988.53926595046,0,2024-12-27
2024-12-30,09:25,BUY,1000,22.55,22561.274999999998,5.22561275,0.0,0.0,3422.038653200463,1000,2024-12-27
2024-12-31,15:00,SELL,1000,21.5,21489.25,15.9595175,0.0,0.0,24895.329135700464,0,2024-12-31
2025-01-02,09:25,BUY,1000,21.4,21410.699999999997,5.214107,0.0,0.0,3479.415028700467,1000,2024-12-31
2025-01-03,15:00,SELL,1000,20.55,20539.725000000002,15.475259750000001,0.0,0.0,24003.664768950468,0,2025-01-03
2025-01-06,09:25,BUY,1000,20.79,20800.395,5.20800395,0.0,0.0,3198.061765000468,1000,2025-01-03
2025-01-07,15:00,SELL,1000,21.25,21239.375,15.832081250000002,0.0,0.0,24421.60468375047,0,2025-01-07
2025-01-08,09:25,BUY,1000,20.9,20910.449999999997,5.2091045,0.0,0.0,3505.9455792504705,1000,2025-01-07
2025-01-09,15:00,SELL,1000,20.54,20529.73,15.4701623,0.0,0.0,24020.20541695047,0,2025-01-09
2025-01-10,09:25,BUY,1000,20.49,20500.245,5.20500245,0.0,0.0,3514.7554145004724,1000,2025-01-09
2025-01-13,15:00,SELL,1000,19.72,19710.14,15.0521714,0.0,0.0,23209.843243100473,0,2025-01-13
2025-01-14,09:25,BUY,1000,19.75,19759.875,5.19759875,0.0,0.0,3444.770644350472,1000,2025-01-13
2025-01-15,15:00,SELL,1000,20.14,20129.93,15.266264300000001,0.0,0.0,23559.434380050472,0,2025-01-15
2025-01-16,09:25,BUY,1000,20.35,20360.175,5.20360175,0.0,0.0,3194.0557783004733,1000,2025-01-15
2025-01-17,15:00,SELL,1000,20.66,20649.670000000002,15.5313317,0.0,0.0,23828.194446600475,0,2025-01-17
2025-01-20,09:25,BUY,1000,20.91,20920.454999999998,5.20920455,0.0,0.0,2902.5302420504777,1000,2025-01-17
2025-01-21,15:00,SELL,1000,21.21,21199.395,15.811691450000001,0.0,0.0,24086.11355060048,0,2025-01-21
2025-01-22,09:25,BUY,1000,21.42,21430.71,5.2143071,0.0,0.0,2650.189243500481,1000,2025-01-21
2025-01-23,15:00,SELL,1000,23.0,22988.5,16.724135,0.0,0.0,25621.96510850048,0,2025-01-23
2025-01-24,09:25,BUY,1000,22.71,22721.355,5.22721355,0.0,0.0,2895.3828949504823,1000,2025-01-23
2025-01-27,15:00,SELL,1000,21.45,21439.275,15.934030250000001,0.0,0.0,24318.723864700485,0,2025-01-27
2025-02-05,09:25,BUY,1000,20.56,20570.28,5.2057028,0.0,0.0,3743.2381619004846,1000,2025-01-27
2025-02-06,15:00,SELL,1000,20.48,20469.760000000002,15.439577600000002,0.0,0.0,24197.55858430049,0,2025-02-06
2025-02-07,09:25,BUY,1000,20.67,20680.335,5.20680335,0.0,0.0,3512.016780950489,1000,2025-02-06
2025-02-10,15:00,SELL,1000,21.72,21709.14,16.0716614,0.0,0.0,25205.085119550487,0,2025-02-10
2025-02-11,09:25,BUY,1000,21.8,21810.899999999998,5.218109,0.0,0.0,3388.9670105504883,1000,2025-02-10
2025-02-12,15:00,SELL,1000,22.15,22138.925000000003,16.29085175,0.0,0.0,25511.60115880049,0,2025-02-12
2025-02-13,09:25,BUY,1000,22.05,22061.024999999998,5.22061025,0.0,0.0,3445.355548550495,1000,2025-02-12
2025-02-14,15:00,SELL,1000,22.1,22088.95,16.2653645,0.0,0.0,25518.040184050496,0,2025-02-14
2025-02-17,09:25,BUY,1000,22.46,22471.23,5.2247123,0.0,0.0,3041.5854717504953,1000,2025-02-14
2025-02-18,15:00,SELL,1000,22.68,22668.66,16.561016600000002,0.0,0.0,25693.684455150495,0,2025-02-18
2025-02-19,09:25,BUY,1000,22.6,22611.3,5.226113,0.0,0.0,3077.1583421504947,1000,2025-02-18
2025-02-20,15:00,SELL,1000,22.62,22608.690000000002,16.530431900000004,0.0,0.0,25669.3179102505,0,2025-02-20
2025-02-21,09:25,BUY,1000,22.87,22881.434999999998,5.22881435,0.0,0.0,2782.6540959004997,1000,2025-02-20
2025-02-24,15:00,SELL,1000,23.21,23198.395,16.831181450000003,0.0,0.0,25964.2179144505,0,2025-02-24
2025-02-25,09:25,BUY,1000,22.8,22811.399999999998,5.228114,0.0,0.0,3147.5898004504998,1000,2025-02-24
2025-02-26,15:00,SELL,1000,22.77,22758.615,16.606893650000004,0.0,0.0,25889.5979068005,0,2025-02-26
2025-02-27,09:25,BUY,1000,22.9,22911.449999999997,5.2291145,0.0,0.0,2972.918792300501,1000,2025-02-26
2025-02-28,15:00,SELL,1000,21.19,21179.405000000002,15.801496550000001,0.0,0.0,24136.522295750503,0,2025-02-28
2025-03-03,09:25,BUY,1000,21.37,21380.684999999998,5.21380685,0.0,0.0,2750.6234889005063,1000,2025-02-28
2025-03-04,15:00,SELL,1000,21.04,21029.48,15.725034800000001,0.0,0.0,23764.378454100504,0,2025-03-04
2025-03-05,09:25,BUY,1000,21.04,21050.52,5.2105052,0.0,0.0,2708.6479489005033,1000,2025-03-04
2025-03-06,15:00,SELL,1000,21.32,21309.34,15.867763400000001,0.0,0.0,24002.120185500502,0,2025-03-06
2025-03-07,09:25,BUY,1000,21.13,21140.565,5.21140565,0.0,0.0,2856.343779850504,1000,2025-03-06
2025-03-10,15:00,SELL,1000,21.03,21019.485,15.71993735,0.0,0.0,23860.108842500504,0,2025-03-10
2025-03-11,09:25,BUY,1000,20.61,20620.305,5.20620305,0.0,0.0,3234.597639450505,1000,2025-03-10
2025-03-12,15:00,SELL,1000,20.91,20899.545000000002,15.658767950000001,0.0,0.0,24118.483871500506,0,2025-03-12
2025-03-13,09:25,BUY,1000,21.03,21040.515,5.21040515,0.0,0.0,3072.7584663505077,1000,2025-03-12
2025-03-14,15:00,SELL,1000,21.26,21249.370000000003,15.837178700000003,0.0,0.0,24306.29128765051,0,2025-03-14
2025-03-17,09:25,BUY,1000,21.6,21610.8,5.216108,0.0,0.0,2690.275179650511,1000,2025-03-14
2025-03-18,15:00,SELL,1000,21.54,21529.23,15.9799073,0.0,0.0,24203.52527235051,0,2025-03-18
2025-03-19,09:25,BUY,1000,21.4,21410.699999999997,5.214107,0.0,0.0,2787.611165350514,1000,2025-03-18
2025-03-20,15:00,SELL,1000,20.85,20839.575,15.628183250000001,0.0,0.0,23611.557982100516,0,2025-03-20
2025-03-21,09:25,BUY,1000,20.78,20790.39,5.2079039,0.0,0.0,2815.960078200518,1000,2025-03-20
2025-03-24,15:00,SELL,1000,20.84,20829.58,15.623085800000002,0.0,0.0,23629.91699240052,0,2025-03-24
2025-03-25,09:25,BUY,1000,20.79,20800.395,5.20800395,0.0,0.0,2824.313988450518,1000,2025-03-24
2025-03-26,15:00,SELL,1000,20.38,20369.81,15.388603100000001,0.0,0.0,23178.73538535052,0,2025-03-26
2025-03-27,09:25,BUY,1000,20.21,20220.105,5.20220105,0.0,0.0,2953.428184300519,1000,2025-03-26
2025-03-28,15:00,SELL,1000,19.98,19970.010000000002,15.184705100000002,0.0,0.0,22908.25347920052,0,2025-03-28
2025-03-31,09:25,BUY,1000,19.8,19809.899999999998,5.198099,0.0,0.0,3093.155380200522,1000,2025-03-28
2025-04-01,15:00,SELL,1000,20.02,20009.99,15.205094900000002,0.0,0.0,23087.940285300523,0,2025-04-01
2025-04-02,09:25,BUY,1000,19.95,19959.975,5.19959975,0.0,0.0,3122.765685550523,1000,2025-04-01
2025-04-03,15:00,SELL,1000,19.05,19040.475000000002,14.710642250000001,0.0,0.0,22148.530043300525,0,2025-04-03
2025-04-07,09:25,BUY,1000,17.15,17158.575,5.17158575,0.0,0.0,4984.783457550526,1000,2025-04-03
2025-04-09,15:00,SELL,1000,16.33,16321.835,13.32413585,0.0,0.0,21293.294321700523,0,2025-04-09
2025-04-10,09:25,BUY,1000,17.9,17908.95,5.1790895,0.0,0.0,3379.165232200521,1000,2025-04-09
2025-04-11,15:00,SELL,1000,17.8,17791.100000000002,14.073461000000002,0.0,0.0,21156.191771200523,0,2025-04-11
2025-04-14,09:25,BUY,1000,18.4,18409.2,5.184092,0.0,0.0,2741.807679200523,1000,2025-04-11
2025-04-15,15:00,SELL,1000,18.1,18090.95,14.226384500000002,0.0,0.0,20818.531294700522,0,2025-04-15
2025-04-16,09:25,BUY,1000,18.0,18009.0,5.18009,0.0,0.0,2804.3512047005206,1000,2025-04-15
2025-04-17,15:00,SELL,1000,17.4,17391.3,13.869563,0.0,0.0,20181.78164170052,0,2025-04-17
2025-04-18,09:25,BUY,1000,17.4,17408.7,5.174087,0.0,0.0,2767.9075547005195,1000,2025-04-17
2025-04-21,15:00,SELL,1000,17.81,17801.095,14.078558450000001,0.0,0.0,20554.92399625052,0,2025-04-21
2025-04-22,09:25,BUY,1000,17.7,17708.85,5.1770885,0.0,0.0,2840.8969077505208,1000,2025-04-21
2025-04-23,15:00,SELL,1000,18.24,18230.88,14.2977488,0.0,0.0,21057.479158950522,0,2025-04-23
2025-04-24,09:25,BUY,1000,18.26,18269.129999999997,5.1826913,0.0,0.0,2783.1664676505243,1000,2025-04-23
2025-04-25,15:00,SELL,1000,18.24,18230.88,14.2977488,0.0,0.0,20999.748718850526,0,2025-04-25
2025-04-28,09:25,BUY,1000,18.26,18269.129999999997,5.1826913,0.0,0.0,2725.436027550528,1000,2025-04-25
2025-04-29,15:00,SELL,1000,18.09,18080.955,14.22128705,0.0,0.0,20792.16974050053,0,2025-04-29
2025-04-30,09:25,BUY,1000,18.25,18259.125,5.18259125,0.0,0.0,2527.86214925053,1000,2025-04-29
2025-05-06,15:00,SELL,1000,18.81,18800.595,14.588303450000002,0.0,0.0,21313.86884580053,0,2025-05-06
2025-05-07,09:25,BUY,1000,19.09,19099.545,5.19099545,0.0,0.0,2209.132850350532,1000,2025-05-06
2025-05-08,15:00,SELL,1000,19.03,19020.485,14.700447350000001,0.0,0.0,21214.917403000534,0,2025-05-08
2025-05-09,09:25,BUY,1000,18.91,18919.454999999998,5.18919455,0.0,0.0,2290.273208450537,1000,2025-05-08
2025-05-12,15:00,SELL,1000,19.27,19260.365,14.82278615,0.0,0.0,21535.815422300537,0,2025-05-12
2025-05-13,09:25,BUY,1000,19.8,19809.899999999998,5.198099,0.0,0.0,1720.7173233005378,1000,2025-05-12
2025-05-14,15:00,SELL,1000,19.55,19540.225000000002,14.965514750000002,0.0,0.0,21245.97680855054,0,2025-05-14
2025-05-15,09:25,BUY,1000,19.56,19569.78,5.1956978,0.0,0.0,1671.001110750538,1000,2025-05-14
2025-05-16,15:00,SELL,1000,19.22,19210.39,14.797298900000001,0.0,0.0,20866.593811850536,0,2025-05-16
2025-05-19,09:25,BUY,1000,19.06,19069.53,5.1906953,0.0,0.0,1791.8731165505378,1000,2025-05-16
2025-05-20,15:00,SELL,1000,19.06,19050.47,14.715739700000002,0.0,0.0,20827.627376850538,0,2025-05-20
2025-05-21,09:25,BUY,1000,19.06,19069.53,5.1906953,0.0,0.0,1752.9066815505394,1000,2025-05-20
2025-05-22,15:00,SELL,1000,19.05,19040.475000000002,14.710642250000001,0.0,0.0,20778.67103930054,0,2025-05-22
2025-05-23,09:25,BUY,1000,19.08,19089.539999999997,5.1908954,0.0,0.0,1683.940143900545,1000,2025-05-22
2025-05-26,15:00,SELL,1000,18.76,18750.620000000003,14.562816200000002,0.0,0.0,20419.99732770055,0,2025-05-26
2025-05-27,09:25,BUY,1000,18.76,18769.379999999997,5.1876938,0.0,0.0,1645.4296339005523,1000,2025-05-26
2025-05-28,15:00,SELL,1000,18.58,18570.710000000003,14.471062100000003,0.0,0.0,20201.668571800554,0,2025-05-28
2025-05-29,09:25,BUY,1000,18.81,18819.405,5.18819405,0.0,0.0,1377.075377750556,1000,2025-05-28
2025-05-30,15:00,SELL,1000,18.93,18920.535,14.64947285,0.0,0.0,20282.960904900556,0,2025-05-30
2025-06-03,09:25,BUY,1000,18.82,18829.41,5.1882941,0.0,0.0,1448.3626108005556,1000,2025-05-30
2025-06-04,15:00,SELL,1000,19.43,19420.285,14.90434535,0.0,0.0,20853.743265450554,0,2025-06-04
2025-06-05,09:25,BUY,1000,19.38,19389.69,5.1938969,0.0,0.0,1458.8593685505548,1000,2025-06-04
2025-06-06,15:00,SELL,1000,20.31,20299.845,15.352920950000001,0.0,0.0,21743.351447600555,0,2025-06-06
2025-06-09,09:25,BUY,1000,20.52,20530.26,5.2053026,0.0,0.0,1207.886145000557,1000,2025-06-06
2025-06-10,15:00,SELL,1000,20.16,20149.920000000002,15.276459200000001,0.0,0.0,21342.52968580056,0,2025-06-10
2025-06-11,09:25,BUY,1000,20.25,20260.125,5.20260125,0.0,0.0,1077.2020845505613,1000,2025-06-10
2025-06-12,15:00,SELL,1000,20.66,20649.670000000002,15.5313317,0.0,0.0,21711.340752850563,0,2025-06-12
2025-06-13,09:25,BUY,1000,20.6,20610.3,5.206103,0.0,0.0,1095.8346498505634,1000,2025-06-12
2025-06-16,15:00,SELL,1000,21.22,21209.39,15.8167889,0.0,0.0,22289.407860950563,0,2025-06-16
2025-06-17,09:25,BUY,1000,21.31,21320.655,5.21320655,0.0,0.0,963.5396544005634,1000,2025-06-16
2025-06-18,15:00,SELL,1000,21.16,21149.420000000002,15.786204200000002,0.0,0.0,22097.173450200564,0,2025-06-18
2025-06-19,09:25,BUY,1000,21.1,21110.55,5.2111055,0.0,0.0,981.4123447005659,1000,2025-06-18
2025-06-20,15:00,SELL,1000,20.59,20579.705,15.495649550000001,0.0,0.0,21545.621695150567,0,2025-06-20
2025-06-23,09:25,BUY,1000,20.43,20440.215,5.20440215,0.0,0.0,1100.202293000566,1000,2025-06-20
2025-06-24,15:00,SELL,1000,20.29,20279.855,15.342726050000001,0.0,0.0,21364.714566950566,0,2025-06-24
2025-06-25,09:25,BUY,1000,20.49,20500.245,5.20500245,0.0,0.0,859.2645645005687,1000,2025-06-24
2025-06-26,15:00,SELL,1000,21.04,21029.48,15.725034800000001,0.0,0.0,21873.019529700567,0,2025-06-26
2025-06-27,09:25,BUY,1000,21.04,21050.52,5.2105052,0.0,0.0,817.2890245005656,1000,2025-06-26
2025-06-30,15:00,SELL,1000,21.38,21369.31,15.898348100000002,0.0,0.0,22170.700676400567,0,2025-06-30
2025-07-01,09:25,BUY,1000,21.26,21270.629999999997,5.2127063,0.0,0.0,894.8579701005692,1000,2025-06-30
2025-07-02,15:00,SELL,1000,21.16,21149.420000000002,15.786204200000002,0.0,0.0,22028.49176590057,0,2025-07-02
2025-07-03,09:25,BUY,1000,21.26,21270.629999999997,5.2127063,0.0,0.0,752.6490596005715,1000,2025-07-02
2025-07-04,15:00,SELL,1000,23.81,23798.095,17.137028450000003,0.0,0.0,24533.607031150572,0,2025-07-04
2025-07-07,09:25,BUY,1000,23.8,23811.899999999998,5.238119,0.0,0.0,716.4689121505726,1000,2025-07-04
2025-07-08,15:00,SELL,1000,26.38,26366.81,18.4470731,0.0,0.0,27064.831839050574,0,2025-07-08
2025-07-09,09:25,BUY,1000,27.0,27013.5,5.270135,0.0,0.0,46.06170405057492,1000,2025-07-08
2025-07-10,15:00,SELL,1000,26.16,26146.920000000002,18.3349292,0.0,0.0,26174.64677485058,0,2025-07-10
2025-07-11,09:25,BUY,1000,26.1,26113.05,5.2611305,0.0,0.0,56.33564435057997,1000,2025-07-10
2025-07-14,15:00,SELL,1000,25.92,25907.04,18.212590400000003,0.0,0.0,25945.163053950582,0,2025-07-14
2025-07-15,09:25,BUY,1000,26.3,26313.149999999998,5.2631315,0.0,373.25007754941544,0.0,1000,2025-07-14
2025-07-16,15:00,SELL,1000,26.73,26716.635000000002,18.625483850000002,0.0,0.0,26698.009516150003,0,2025-07-16
2025-07-17,09:25,BUY,1000,26.63,26643.315,5.26643315,0.0,0.0,49.428083000006154,1000,2025-07-16
2025-07-18,15:00,SELL,1000,27.11,27096.445,18.819186950000002,0.0,0.0,27127.053896050005,0,2025-07-18
2025-07-21,09:25,BUY,1000,27.0,27013.5,5.270135,0.0,0.0,108.28376105000643,1000,2025-07-18
2025-07-22,15:00,SELL,1000,26.96,26946.52,18.742725200000002,0.0,0.0,27036.061035850005,0,2025-07-22
2025-07-23,09:25,BUY,1000,26.5,26513.25,5.2651325,0.0,0.0,517.5459033500047,1000,2025-07-22
2025-07-24,15:00,SELL,1000,28.45,28435.775,19.50224525,0.0,0.0,28933.818658100005,0,2025-07-24
2025-07-25,09:25,BUY,1000,28.45,28464.225,5.28464225,0.0,0.0,464.3090158500054,1000,2025-07-24
2025-07-28,15:00,SELL,1000,29.57,29555.215,20.07315965,0.0,0.0,29999.450856200005,0,2025-07-28
2025-07-29,09:25,BUY,1000,29.56,29574.78,5.2957478,0.0,0.0,419.37510840000687,1000,2025-07-28
2025-07-30,15:00,SELL,1000,33.28,33263.36,21.9643136,0.0,0.0,33660.7707948,0,2025-07-30
2025-07-31,09:25,BUY,1000,33.26,33276.63,5.3327663,0.0,0.0,378.8080285000033,1000,2025-07-30
2025-08-01,15:00,SELL,1000,33.0,32983.5,21.821585000000002,0.0,0.0,33340.486443500005,0,2025-08-01
2025-08-04,09:25,BUY,1000,32.4,32416.199999999997,5.324162,0.0,0.0,918.9622815000075,1000,2025-08-01
2025-08-05,15:00,SELL,1000,35.05,35032.475,22.86656225,0.0,0.0,35928.57071925001,0,2025-08-05
2025-08-06,09:25,BUY,1000,34.1,34117.049999999996,5.3411705,0.0,0.0,1806.179548750013,1000,2025-08-05
2025-08-07,15:00,SELL,1000,35.65,35632.175,23.17240925,0.0,0.0,37415.182139500015,0,2025-08-07
2025-08-08,09:25,BUY,1000,35.73,35747.865,5.35747865,0.0,0.0,1661.9596608500142,1000,2025-08-07
2025-08-11,15:00,SELL,1000,36.35,36331.825000000004,23.529230750000004,0.0,0.0,37970.25543010002,0,2025-08-11
2025-08-12,09:25,BUY,1000,36.47,36488.235,5.36488235,0.0,0.0,1476.6555477500224,1000,2025-08-11
2025-08-13,15:00,SELL,1000,43.68,43658.16,28.176976464000006,0.0,0.0,45106.63857128603,0,2025-08-13
2025-08-14,09:25,BUY,1000,43.96,43981.979999999996,6.394979892,0.0,0.0,1118.2635913940321,1000,2025-08-13
2025-08-15,15:00,SELL,1000,44.86,44837.57,28.938167678000003,0.0,0.0,45926.89542371603,0,2025-08-15
2025-08-18,09:25,BUY,1000,44.8,44822.399999999994,6.51717696,0.0,0.0,1097.9782467560362,1000,2025-08-15
2025-08-19,15:00,SELL,1000,48.91,48885.545000000006,31.550730743000003,0.0,0.0,49951.97251601304,0,2025-08-19
2025-08-20,09:25,BUY,1000,46.5,46523.25,6.76448055,0.0,0.0,3421.958035463038,1000,2025-08-19
2025-08-21,15:00,SELL,1000,45.29,45267.355,29.215550917000005,0.0,0.0,48660.097484546044,0,2025-08-21
2025-08-22,09:25,BUY,1000,44.5,44522.25,6.47353515,0.0,0.0,4131.373949396046,1000,2025-08-21
2025-08-25,15:00,SELL,1000,48.0,47976.0,30.963710400000004,0.0,0.0,52076.410238996046,0,2025-08-25
2025-08-26,09:25,BUY,1000,46.88,46903.439999999995,6.819760176,0.0,0.0,5166.150478820055,1000,2025-08-25
2025-08-27,15:00,SELL,1000,45.72,45697.14,29.492934156000004,0.0,0.0,50833.797544664056,0,2025-08-27
2025-08-28,09:25,BUY,1000,44.6,44622.299999999996,6.48808242,0.0,0.0,6205.009462244059,1000,2025-08-27
2025-08-29,15:00,SELL,1000,53.83,53803.08500000001,34.72451105900001,0.0,0.0,59973.369951185065,0,2025-08-29
2025-09-01,09:25,BUY,1000,53.99,54016.994999999995,7.854071073,0.0,0.0,5948.520880112068,1000,2025-08-29
2025-09-02,15:00,SELL,1000,53.88,53853.060000000005,34.75676492400001,0.0,0.0,59766.82411518807,0,2025-09-02
2025-09-03,09:25,BUY,1000,53.88,53906.939999999995,7.838069076,0.0,0.0,5852.046046112075,1000,2025-09-02
2025-09-04,15:00,SELL,1000,53.13,53103.435000000005,34.272956949000005,0.0,0.0,58921.20808916308,0,2025-09-04
2025-09-05,09:25,BUY,1000,53.3,53326.649999999994,7.75369491,0.0,0.0,5586.804394253086,1000,2025-09-04
2025-09-08,15:00,SELL,1000,51.4,51374.3,33.156973220000005,0.0,0.0,56927.94742103309,0,2025-09-08
2025-09-09,09:25,BUY,1000,50.4,50425.2,7.3318240800000005,0.0,0.0,6495.415596953091,1000,2025-09-08
2025-09-10,15:00,SELL,1000,53.67,53643.165,34.62129869100001,0.0,0.0,60103.95929826209,0,2025-09-10
2025-09-11,09:25,BUY,1000,55.8,55827.899999999994,8.11737666,0.0,0.0,4267.941921602098,1000,2025-09-10
2025-09-12,15:00,SELL,1000,61.9,61869.05,39.93028487000001,0.0,0.0,66097.0616367321,0,2025-09-12
2025-09-15,09:25,BUY,1000,60.0,60030.0,8.728362,0.0,0.0,6058.333274732104,1000,2025-09-12
2025-09-16,15:00,SELL,1000,59.73,59700.135,38.530467129,0.0,0.0,65719.9378076031,0,2025-09-16
2025-09-17,09:25,BUY,1000,58.9,58929.45,8.56834203,0.0,0.0,6781.919465573104,1000,2025-09-16
2025-09-18,15:00,SELL,1000,64.36,64327.82000000001,41.51717502800001,0.0,0.0,71068.22229054512,0,2025-09-18
2025-09-19,09:25,BUY,1000,65.64,65672.81999999999,9.548828027999999,0.0,0.0,5385.8534625171305,1000,2025-09-18
2025-09-22,15:00,SELL,1000,70.5,70464.75,45.477949650000006,0.0,0.0,75805.12551286713,0,2025-09-22
2025-09-23,09:25,BUY,1000,74.72,74757.36,10.869720144000002,0.0,0.0,1036.8957927231386,1000,2025-09-22
2025-09-24,15:00,SELL,1000,68.63,68595.685,44.271655099,0.0,0.0,69588.30913762414,0,2025-09-24
2025-09-25,09:25,BUY,1000,67.88,67913.94,9.874686876000002,0.0,0.0,1664.4944507481268,1000,2025-09-24
2025-09-26,15:00,SELL,1000,64.87,64837.56500000001,41.84616445100001,0.0,0.0,66460.21328629713,0,2025-09-26
2025-09-29,09:25,BUY,1000,64.85,64882.42499999999,9.433904595,0.0,0.0,1568.354381702149,1000,2025-09-26
2025-09-30,15:00,SELL,1000,66.01,65976.99500000001,42.58155257300001,0.0,0.0,67502.76782912915,0,2025-09-30
2025-10-09,09:25,BUY,1000,67.11,67143.555,9.762672897,0.0,0.0,349.45015623215295,1000,2025-09-30
2025-10-10,15:00,SELL,1000,66.41,66376.795,42.839583493,0.0,0.0,66683.40557273915,0,2025-10-10
2025-10-13,09:25,BUY,1000,61.0,61030.5,8.873834700000002,0.0,0.0,5644.03173803915,1000,2025-10-10
2025-10-14,15:00,SELL,1000,59.72,59690.14000000001,38.524016356000004,0.0,0.0,65295.647721683155,0,2025-10-14
2025-10-15,09:25,BUY,1000,59.72,59749.85999999999,8.687629644,0.0,0.0,5537.10009203916,1000,2025-10-14
2025-10-16,15:00,SELL,1000,63.59,63558.205,41.020465507000004,0.0,0.0,69054.28462653217,0,2025-10-16
2025-10-17,09:25,BUY,1000,63.0,63031.5,9.1647801,0.0,0.0,6013.6198464321715,1000,2025-10-16
2025-10-20,15:00,SELL,1000,62.06,62028.97,40.033497238,0.0,0.0,68002.55634919417,0,2025-10-20
2025-10-21,09:25,BUY,1000,62.94,62971.469999999994,9.156051737999999,0.0,0.0,5021.93029745618,1000,2025-10-20
2025-10-22,15:00,SELL,1000,65.46,65427.27,42.226760058,0.0,0.0,70406.97353739818,0,2025-10-22
2025-10-23,09:25,BUY,1000,64.8,64832.399999999994,9.42663096,0.0,0.0,5565.146906438189,1000,2025-10-22
2025-10-24,15:00,SELL,1000,67.25,67216.375,43.381448425,0.0,0.0,72738.1404580132,0,2025-10-24
2025-10-27,09:25,BUY,1000,69.26,69294.62999999999,10.075439201999998,0.0,0.0,3433.4350188112003,1000,2025-10-24
2025-10-28,15:00,SELL,1000,73.99,73953.005,47.729269427000006,0.0,0.0,77338.7107493842,0,2025-10-28
2025-10-29,09:25,BUY,1000,78.12,78159.06,11.364327324,0.0,831.713577939794,0.0,1000,2025-10-28
2025-10-30,15:00,SELL,1000,77.97,77931.015,50.296677081,0.0,0.0,77880.718322919,0,2025-10-30
2025-10-31,09:25,BUY,1000,77.95,77988.97499999999,11.339596965,0.0,119.5962740459945,0.0,1000,2025-10-30
2025-11-03,15:00,SELL,1000,74.89,74852.55500000001,48.309838997000014,0.0,0.0,74804.24516100301,0,2025-11-03
2025-11-04,09:25,BUY,1000,74.77,74807.385,10.876993779000001,0.0,14.016832775989315,0.0,1000,2025-11-03
2025-11-05,15:00,SELL,1000,75.24,75202.38,48.53561605200001,0.0,0.0,75153.844383948,0,2025-11-05
2025-11-06,09:25,BUY,1000,75.24,75277.62,10.945365948,0.0,134.7209819999989,0.0,1000,2025-11-05
2025-11-07,15:00,SELL,1000,72.7,72663.65000000001,46.89711971000001,0.0,0.0,72616.75288029,0,2025-11-07
2025-11-10,09:25,BUY,1000,72.0,72036.0,10.4740344,0.0,0.0,570.2788458900031,1000,2025-11-07
2025-11-11,15:00,SELL,1000,68.03,67995.985,43.884608719000006,0.0,0.0,68522.379237171,0,2025-11-11
2025-11-12,09:25,BUY,1000,66.45,66483.22499999999,9.666660915,0.0,0.0,2029.4875762560114,1000,2025-11-11
2025-11-13,15:00,SELL,1000,67.99,67956.005,43.858805627,0.0,0.0,69941.63377062902,0,2025-11-13
2025-11-14,09:25,BUY,1000,65.8,65832.9,9.57210366,0.0,0.0,4099.161666969027,1000,2025-11-13
2025-11-17,15:00,SELL,1000,64.94,64907.530000000006,41.891319862,0.0,0.0,68964.80034710703,0,2025-11-17
2025-11-18,09:25,BUY,1000,63.65,63681.825,9.259337355,0.0,0.0,5273.716009752032,1000,2025-11-17
2025-11-19,15:00,SELL,1000,65.06,65027.47,41.968729138,0.0,0.0,70259.21728061403,0,2025-11-19
2025-11-20,09:25,BUY,1000,68.06,68094.03,9.900871962,0.0,0.0,2155.2864086520276,1000,2025-11-19
2025-11-21,15:00,SELL,1000,60.67,60639.665,39.136839791,0.0,0.0,62755.81456886103,0,2025-11-21
2025-11-24,09:25,BUY,1000,61.0,61030.5,8.873834700000002,0.0,0.0,1716.4407341610276,1000,2025-11-21
2025-11-25,15:00,SELL,1000,56.61,56581.695,36.517825953,0.0,0.0,58261.61790820803,0,2025-11-25
2025-11-26,09:25,BUY,1000,55.31,55337.655,8.046095037,0.0,0.0,2915.916813171025,1000,2025-11-25
2025-11-27,15:00,SELL,1000,60.27,60239.865000000005,38.878808871000004,0.0,0.0,63116.90300430003,0,2025-11-27
2025-11-28,09:25,BUY,1000,60.24,60270.119999999995,8.763275448,0.0,0.0,2838.0197288520358,1000,2025-11-27
2025-12-01,15:00,SELL,1000,59.81,59780.095,38.582073313,0.0,0.0,62579.532655539035,0,2025-12-01
2025-12-02,09:25,BUY,1000,59.83,59859.91499999999,8.703631641,0.0,0.0,2710.91402389804,1000,2025-12-01
2025-12-03,15:00,SELL,1000,61.68,61649.16,39.78836786400001,0.0,0.0,64320.285656034044,0,2025-12-03
2025-12-04,09:25,BUY,1000,60.88,60910.439999999995,8.856377976,0.0,0.0,3400.9892780580485,1000,2025-12-03
2025-12-05,15:00,SELL,1000,61.12,61089.44,39.427124576000004,0.0,0.0,64451.00215348205,0,2025-12-05
2025-12-08,09:25,BUY,1000,60.75,60780.375,8.837466525000002,0.0,0.0,3661.789686957047,1000,2025-12-05
2025-12-09,15:00,SELL,1000,67.99,67956.005,43.858805627,0.0,0.0,71573.93588133005,0,2025-12-09
2025-12-10,09:25,BUY,1000,66.84,66873.42,9.723395267999999,0.0,0.0,4690.792486062055,1000,2025-12-09
2025-12-11,15:00,SELL,1000,62.3,62268.850000000006,40.188315790000004,0.0,0.0,66919.45417027206,0,2025-12-11
2025-12-12,09:25,BUY,1000,61.0,61030.5,8.873834700000002,0.0,0.0,5880.080335572056,1000,2025-12-11
2025-12-15,15:00,SELL,1000,59.14,59110.43,38.149871522000005,0.0,0.0,64952.360464050056,0,2025-12-15
2025-12-16,09:25,BUY,1000,58.95,58979.475,8.575615665,0.0,0.0,5964.309848385055,1000,2025-12-15
2025-12-17,15:00,SELL,1000,61.5,61469.25,39.67225395,0.0,0.0,67393.88759443506,0,2025-12-17
2025-12-18,09:25,BUY,1000,59.56,59589.78,8.664354012,0.0,0.0,7795.443240423061,1000,2025-12-17
2025-12-19,15:00,SELL,1000,58.3,58270.850000000006,37.60800659,0.0,0.0,66028.68523383306,0,2025-12-19
2025-12-22,09:25,BUY,1000,59.47,59499.73499999999,8.651261469,0.0,0.0,6520.298972364071,1000,2025-12-19
2025-12-23,15:00,SELL,1000,62.86,62828.57000000001,40.54955907800001,0.0,0.0,69308.31941328608,0,2025-12-23
2025-12-24,09:25,BUY,1000,64.18,64212.090000000004,9.336437886,0.0,0.0,5086.892975400078,1000,2025-12-23
2025-12-25,15:00,SELL,1000,66.72,66686.64,43.039557456000004,0.0,0.0,71730.49341794409,0,2025-12-25
2025-12-26,09:25,BUY,1000,66.5,66533.25,9.67393455,0.0,0.0,5187.569483394094,1000,2025-12-25
2025-12-29,15:00,SELL,1000,65.24,65207.38,42.084843052000004,0.0,0.0,70352.8646403421,0,2025-12-29
2025-12-30,09:25,BUY,1000,63.8,63831.899999999994,9.28115826,0.0,0.0,6511.68348208211,1000,2025-12-29
2025-12-31,15:00,SELL,1000,62.05,62018.975000000006,40.027046465000005,0.0,0.0,68490.6314356171,0,2025-12-31
2026-01-05,09:25,BUY,1000,63.29,63321.645,9.206967183000001,0.0,0.0,5159.779468434106,1000,2025-12-31
2026-01-06,15:00,SELL,1000,64.05,64017.975000000006,41.317201065000006,0.0,0.0,69136.43726736911,0,2026-01-06
2026-01-07,09:25,BUY,1000,63.41,63441.704999999994,9.224423907,0.0,0.0,5685.507843462117,1000,2026-01-06
2026-01-08,15:00,SELL,1000,61.33,61299.33500000001,39.56259080900001,0.0,0.0,66945.28025265312,0,2026-01-08
2026-01-09,09:25,BUY,1000,60.5,60530.25,8.801098350000002,0.0,0.0,6406.229154303117,1000,2026-01-08
2026-01-12,15:00,SELL,1000,60.93,60899.535,39.304559889000004,0.0,0.0,67266.45959441412,0,2026-01-12
2026-01-13,09:25,BUY,1000,60.78,60810.39,8.841830706,0.0,0.0,6447.227763708121,1000,2026-01-12
2026-01-14,15:00,SELL,1000,60.0,59970.0,38.704638,0.0,0.0,66378.52312570812,0,2026-01-14
2026-01-15,09:25,BUY,1000,59.3,59329.649999999994,8.626531109999998,0.0,0.0,7040.246594598124,1000,2026-01-14
2026-01-16,15:00,SELL,1000,63.0,62968.5,40.63986990000001,66.0,0.0,70232.10672469813,0,2026-01-16
2026-01-19,09:25,BUY,1000,62.11,62141.05499999999,9.035309397,0.0,0.0,8082.016415301136,1000,2026-01-16
2026-01-20,15:00,SELL,1000,59.67,59640.165,38.491762491,0.0,0.0,67683.68965281014,0,2026-01-20
2026-01-21,09:25,BUY,1000,58.71,58739.354999999996,8.540702217,0.0,0.0,8935.793950593143,1000,2026-01-20
2026-01-22,15:00,SELL,1000,62.75,62718.625,40.478600575,0.0,0.0,71613.94035001815,0,2026-01-22
2026-01-23,09:25,BUY,1000,62.0,62031.0,9.0193074,0.0,0.0,9573.921042618153,1000,2026-01-22
2026-01-26,15:00,SELL,1000,59.26,59230.37,38.227280798,0.0,0.0,68766.06376182016,0,2026-01-26
2026-01-27,09:25,BUY,1000,59.51,59539.755,8.657080377,0.0,0.0,9217.65168144316,1000,2026-01-26
2026-01-28,15:00,SELL,1000,60.69,60659.655000000006,39.14974133700001,0.0,0.0,69838.15694010616,0,2026-01-28
2026-01-29,09:25,BUY,1000,60.68,60710.34,8.827283436,0.0,0.0,9118.989656670157,1000,2026-01-28
2026-01-30,15:00,SELL,1000,57.7,57671.15,37.22096021,0.0,0.0,66752.91869646017,0,2026-01-30
2026-02-02,09:25,BUY,1000,56.8,56828.399999999994,8.262849359999999,0.0,0.0,9916.255847100176,1000,2026-01-30
2026-02-03,15:00,SELL,1000,55.75,55722.125,35.963059475,0.0,0.0,65602.41778762518,0,2026-02-03
2026-02-04,09:25,BUY,1000,54.69,54717.344999999994,7.955901963,0.0,0.0,10877.11688566218,1000,2026-02-03
2026-02-05,15:00,SELL,1000,53.88,53853.060000000005,34.75676492400001,0.0,0.0,64695.420120738185,0,2026-02-05
2026-02-06,09:25,BUY,1000,53.0,53026.5,7.7100531000000005,0.0,0.0,11661.210067638181,1000,2026-02-05
2026-02-09,15:00,SELL,1000,55.52,55492.240000000005,35.814691696000004,0.0,0.0,67117.63537594219,0,2026-02-09
2026-02-10,09:25,BUY,1000,55.73,55757.865,8.107193571000002,0.0,0.0,11351.663182371194,1000,2026-02-09
2026-02-11,15:00,SELL,1000,55.2,55172.4,35.60826696,0.0,0.0,66488.45491541119,0,2026-02-11
2026-02-12,09:25,BUY,1000,55.35,55377.674999999996,8.051913945,0.0,0.0,11102.728001466196,1000,2026-02-11
2026-02-13,15:00,SELL,1000,54.75,54722.625,35.317982175000004,0.0,0.0,65790.03501929119,0,2026-02-13
2026-02-24,09:25,BUY,1000,55.41,55437.704999999994,8.060642307,0.0,0.0,10344.269376984194,1000,2026-02-13
2026-02-25,15:00,SELL,1000,57.39,57361.305,37.020986247,0.0,0.0,67668.55339073719,0,2026-02-25
2026-02-26,09:25,BUY,1000,57.4,57428.7,8.350132980000001,0.0,0.0,10231.503257757191,1000,2026-02-25
2026-02-27,15:00,SELL,1000,55.7,55672.15,35.93080561000001,0.0,0.0,65867.7224521472,0,2026-02-27
2026-03-02,09:25,BUY,1000,54.0,54027.0,7.855525800000001,0.0,0.0,11832.866926347197,1000,2026-02-27
2026-03-03,15:00,SELL,1000,54.88,54852.560000000005,35.401842224000006,0.0,0.0,66650.0250841232,0,2026-03-03
2026-03-04,09:25,BUY,1000,53.98,54006.99,7.8526163460000005,0.0,0.0,12635.18246777721,1000,2026-03-03
2026-03-05,15:00,SELL,1000,55.1,55072.450000000004,35.543759230000006,0.0,0.0,67672.0887085472,0,2026-03-05
2026-03-06,09:25,BUY,1000,54.8,54827.399999999994,7.97190396,0.0,0.0,12836.71680458721,1000,2026-03-05
2026-03-09,15:00,SELL,1000,52.79,52763.605,34.05363066700001,0.0,0.0,65566.26817392022,0,2026-03-09
2026-03-10,09:25,BUY,1000,53.63,53656.814999999995,7.801700901,0.0,0.0,11901.651473019228,1000,2026-03-09
2026-03-11,15:00,SELL,1000,53.89,53863.055,34.763215697,0.0,0.0,65729.94325732223,0,2026-03-11
2026-03-12,09:25,BUY,1000,53.9,53926.95,7.840978530000001,0.0,0.0,11795.15227879223,1000,2026-03-11
2026-03-13,15:00,SELL,1000,52.49,52463.755000000005,33.86010747700001,0.0,0.0,64225.04717131524,0,2026-03-13
2026-03-16,09:25,BUY,1000,52.18,52206.09,7.5907654860000005,0.0,0.0,12011.366405829242,1000,2026-03-13
2026-03-17,15:00,SELL,1000,50.9,50874.55,32.834434570000006,0.0,0.0,62853.08197125924,0,2026-03-17
2026-03-18,09:25,BUY,1000,51.3,51325.649999999994,7.462749509999999,0.0,0.0,11519.969221749248,1000,2026-03-17
2026-03-19,15:00,SELL,1000,50.46,50434.770000000004,32.550600558000006,0.0,0.0,61922.18862119125,0,2026-03-19
2026-03-20,09:25,BUY,1000,50.98,51005.49,7.416198246,0.0,0.0,10909.282422945253,1000,2026-03-19
2026-03-23,15:00,SELL,1000,47.6,47576.200000000004,30.705679480000004,0.0,0.0,58454.776743465256,0,2026-03-23
2026-03-24,09:25,BUY,1000,48.57,48594.284999999996,7.065609039,0.0,0.0,9853.426134426263,1000,2026-03-23
2026-03-25,15:00,SELL,1000,50.31,50284.845,32.453838963,0.0,0.0,60105.81729546326,0,2026-03-25
2026-03-26,09:25,BUY,1000,50.0,50025.0,7.2736350000000005,0.0,0.0,10073.543660463263,1000,2026-03-25
2026-03-27,15:00,SELL,1000,49.53,49505.235,31.950678669000002,0.0,0.0,59546.82798179426,0,2026-03-27
2026-03-30,09:25,BUY,1000,48.46,48484.229999999996,7.049607042000001,0.0,0.0,11055.548374752267,1000,2026-03-27
2026-03-31,15:00,SELL,1000,51.46,51434.270000000004,33.195677858,0.0,0.0,62456.62269689427,0,2026-03-31
2026-04-01,09:25,BUY,1000,53.0,53026.5,7.7100531000000005,0.0,0.0,9422.412643794269,1000,2026-03-31
2026-04-02,15:00,SELL,1000,52.0,51974.0,33.5440196,0.0,0.0,61362.86862419427,0,2026-04-02
2026-04-03,09:25,BUY,1000,52.6,52626.299999999996,7.6518640200000005,0.0,0.0,8728.916760174274,1000,2026-04-02
2026-04-07,15:00,SELL,1000,52.58,52553.71000000001,33.918164434000005,0.0,0.0,61248.70859574028,0,2026-04-07
2026-04-08,09:25,BUY,1000,54.16,54187.079999999994,7.8788014319999995,0.0,0.0,7053.749794308285,1000,2026-04-07
2026-04-09,15:00,SELL,1000,55.02,54992.490000000005,35.492153046000006,0.0,0.0,62010.74764126229,0,2026-04-09
2026-04-10,09:25,BUY,1000,55.6,55627.799999999996,8.08828212,0.0,0.0,6374.859359142298,1000,2026-04-09
2026-04-13,15:00,SELL,1000,55.7,55672.15,35.93080561000001,0.0,0.0,62011.0785535323,0,2026-04-13
2026-04-14,09:25,BUY,1000,56.47,56498.23499999999,8.214843368999999,0.0,0.0,5504.628710163306,1000,2026-04-13
2026-04-15,15:00,SELL,1000,57.82,57791.090000000004,37.298369486000006,0.0,0.0,63258.42034067731,0,2026-04-15
2026-04-16,09:25,BUY,1000,57.99,58018.994999999995,8.435961873,0.0,0.0,5230.989378804312,1000,2026-04-15
2026-04-17,15:00,SELL,1000,60.97,60939.51500000001,39.33036298100001,0.0,0.0,66131.17401582332,0,2026-04-17
2026-04-20,09:25,BUY,1000,61.89,61920.945,9.003305403,0.0,0.0,4201.225710420316,1000,2026-04-17
2026-04-21,15:00,SELL,1000,61.41,61379.295000000006,39.61419699300001,0.0,0.0,65540.90651342733,0,2026-04-21
2026-04-22,09:25,BUY,1000,61.19,61220.594999999994,8.901474513,0.0,0.0,4311.410038914335,1000,2026-04-21
2026-04-23,15:00,SELL,1000,67.92,67886.04000000001,43.81365021600001,0.0,0.0,72153.63638869833,0,2026-04-23
2026-04-24,09:25,BUY,1000,66.57,66603.285,9.684117639000002,0.0,0.0,5540.667271059327,1000,2026-04-23
2026-04-27,15:00,SELL,1000,67.25,67216.375,43.381448425,0.0,0.0,72713.66082263432,0,2026-04-27
2026-04-28,09:25,BUY,1000,67.25,67283.625,9.783039075,0.0,0.0,5420.252783559321,1000,2026-04-27
2026-04-29,15:00,SELL,1000,66.26,66226.87000000001,42.74282189800001,0.0,0.0,71604.37996166133,0,2026-04-29
2026-04-30,09:25,BUY,1000,65.9,65932.95,9.586650930000001,0.0,0.0,5661.843310731332,1000,2026-04-29
2026-05-06,15:00,SELL,1000,63.08,63048.46000000001,40.69147608400001,0.0,0.0,68669.61183464734,0,2026-05-06
2026-05-07,09:25,BUY,1000,64.09,64122.045,9.323345343000002,0.0,0.0,4538.243489304339,1000,2026-05-06
2026-05-08,15:00,SELL,1000,63.28,63248.36,40.82049154400001,0.0,0.0,67745.78299776034,0,2026-05-08
2026-05-11,09:25,BUY,1000,64.2,64232.1,9.339347340000002,0.0,0.0,3504.343650420342,1000,2026-05-08
2026-05-12,15:00,SELL,1000,64.4,64367.80000000001,41.542978120000015,0.0,0.0,67830.60067230035,0,2026-05-12
2026-05-13,09:25,BUY,1000,64.1,64132.04999999999,9.324800069999998,0.0,0.0,3689.225872230367,1000,2026-05-12
2026-05-14,15:00,SELL,1000,68.6,68565.7,44.25230278,0.0,0.0,72210.67356945036,0,2026-05-14
2026-05-15,09:25,BUY,1000,69.5,69534.75,10.110352650000001,0.0,0.0,2665.813216800365,1000,2026-05-14
2026-05-18,15:00,SELL,1000,68.98,68945.51000000001,44.49743215400001,0.0,0.0,71566.82578464637,0,2026-05-18
2026-05-19,09:25,BUY,1000,68.3,68334.15,9.935785410000001,0.0,0.0,3222.739999236379,1000,2026-05-18
2026-05-20,15:00,SELL,1000,68.15,68115.925,43.962017995000004,0.0,0.0,71294.70298124138,0,2026-05-20
2026-05-21,09:25,BUY,1000,69.2,69234.59999999999,10.06671084,0.0,0.0,2050.036270401397,1000,2026-05-20
2026-05-22,15:00,SELL,1000,67.16,67126.42,43.323391468000004,0.0,0.0,69133.1328789334,0,2026-05-22
2026-05-25,09:25,BUY,1000,68.0,68034.0,9.8921436,0.0,0.0,1089.2407353333983,1000,2026-05-22
2026-05-26,15:00,SELL,1000,69.98,69945.01000000001,45.142509454000006,0.0,0.0,70989.1082258794,0,2026-05-26
2026-05-27,09:25,BUY,1000,69.9,69934.95,10.168541730000001,0.0,0.0,1043.9896841494046,1000,2026-05-26
2026-05-28,15:00,SELL,1000,75.0,74962.5,48.38079750000001,0.0,0.0,75958.10888664941,0,2026-05-28
2026-05-29,09:25,BUY,1000,78.75,78789.375,11.455975125000002,0.0,2842.7220884755952,0.0,1000,2026-05-28
2026-06-01,15:00,SELL,1000,73.75,73713.125,47.574450875,0.0,0.0,73665.550549125,0,2026-06-01
2026-06-02,09:25,BUY,1000,75.0,75037.5,10.910452500000002,0.0,1382.859903375007,0.0,1000,2026-06-01
2026-06-03,15:00,SELL,1000,81.05,81009.475,52.28351516500001,0.0,0.0,80957.191484835,0,2026-06-03
2026-06-04,09:25,BUY,1000,80.0,80040.0,11.637816,0.0,0.0,905.5536688349966,1000,2026-06-03
2026-06-05,15:00,SELL,1000,74.06,74022.97,47.774424838,0.0,0.0,74880.749243997,0,2026-06-05
2026-06-08,09:25,BUY,1000,69.99,70024.995,10.181634273,0.0,0.0,4845.572609723997,1000,2026-06-05
2026-06-09,15:00,SELL,1000,74.74,74702.63,48.21307740200001,0.0,0.0,79499.989532322,0,2026-06-09
2026-06-10,09:25,BUY,1000,72.9,72936.45,10.604959830000002,0.0,0.0,6552.934572491999,1000,2026-06-09
2026-06-11,15:00,SELL,1000,69.52,69485.24,44.845773896000004,0.0,0.0,75993.328798596,0,2026-06-11
2026-06-12,09:25,BUY,1000,71.94,71975.97,10.465306038000001,0.0,0.0,4006.8934925580106,1000,2026-06-11
2026-06-15,15:00,SELL,1000,73.4,73363.3,47.34867382,0.0,0.0,77322.84481873801,0,2026-06-15
2026-06-16,09:25,BUY,1000,73.4,73436.7,10.677696180000002,0.0,0.0,3875.4671225580096,1000,2026-06-15
2026-06-17,15:00,SELL,1000,72.64,72603.68000000001,46.858415072000014,0.0,0.0,76432.28870748602,0,2026-06-17
2026-06-18,09:25,BUY,1000,72.0,72036.0,10.4740344,0.0,0.0,4385.814673086017,1000,2026-06-17
2026-06-22,15:00,SELL,1000,78.88,78840.56,50.883697424000005,0.0,0.0,83175.49097566202,0,2026-06-22
2026-06-23,09:25,BUY,1000,78.88,78919.44,11.474886576000001,0.0,0.0,4244.576089086011,1000,2026-06-22
2026-06-24,15:00,SELL,1000,76.78,76741.61,49.529035094,0.0,0.0,80936.657053992,0,2026-06-24
2026-06-25,09:25,BUY,1000,77.59,77628.795,11.287226793,0.0,0.0,3296.5748271990014,1000,2026-06-24
2026-06-26,15:00,SELL,1000,70.22,70184.89,45.297328006,0.0,0.0,73436.167499193,0,2026-06-26
2026-06-29,09:25,BUY,1000,69.3,69334.65,10.08125811,0.0,0.0,4091.436241083007,1000,2026-06-26
2026-06-30,15:00,SELL,1000,72.15,72113.925,46.542327195000006,0.0,0.0,76158.81891388801,0,2026-06-30
2026-07-01,09:25,BUY,1000,73.0,73036.5,10.619507100000002,0.0,0.0,3111.699406788015,1000,2026-06-30
2026-07-02,15:00,SELL,1000,64.02,63987.99,41.297848746,0.0,0.0,67058.39155804201,0,2026-07-02
2026-07-03,09:25,BUY,1000,63.5,63531.75,9.23751645,0.0,0.0,3517.404041592017,1000,2026-07-02
2026-07-06,15:00,SELL,1000,63.59,63558.205,41.020465507000004,0.0,0.0,67034.58857608502,0,2026-07-06
2026-07-07,09:25,BUY,1000,63.17,63201.585,9.189510459000001,0.0,0.0,3823.814065626022,1000,2026-07-06
2026-07-08,15:00,SELL,1000,66.01,65976.99500000001,42.58155257300001,0.0,0.0,69758.22751305303,0,2026-07-08
2026-07-09,09:25,BUY,1000,66.61,66643.305,9.689936547,0.0,0.0,3105.2325765060377,1000,2026-07-08
2026-07-10,15:00,SELL,1000,66.27,66236.865,42.749272671,0.0,0.0,69299.34830383504,0,2026-07-10
2026-07-13,09:25,BUY,1000,65.3,65332.649999999994,9.49936731,0.0,0.0,3957.198936525041,1000,2026-07-10
2026-07-14,15:00,SELL,1000,65.6,65567.2,42.31707088,0.0,0.0,69482.08186564504,0,2026-07-14
2026-07-15,09:25,BUY,1000,65.88,65912.94,9.583741476,0.0,0.0,3559.558124169038,1000,2026-07-14
2026-07-16,15:00,SELL,1000,63.02,62988.490000000005,40.65277144600001,0.0,0.0,66507.39535272305,0,2026-07-16
2026-07-17,09:25,BUY,1000,62.02,62051.009999999995,9.022216854,0.0,0.0,4447.3631358690545,1000,2026-07-16
2026-07-20,15:00,SELL,1000,56.5,56471.75,36.44686745,0.0,0.0,60882.66626841905,0,2026-07-20
2026-07-21,09:25,BUY,1000,57.5,57528.75,8.364680250000001,0.0,0.0,3345.5515881690517,1000,2026-07-20
2026-07-22,15:00,SELL,1000,60.71,60679.645000000004,39.162642883000004,0.0,0.0,63986.03394528606,0,2026-07-22
2026-07-23,09:25,BUY,1000,61.99,62020.994999999995,9.017852673,0.0,0.0,1956.0210926130603,1000,2026-07-22
2026-07-24,15:00,SELL,1000,60.25,60219.875,38.865907325,0.0,0.0,62137.03018528806,0,2026-07-24
2026-07-27,09:25,BUY,1000,59.88,59909.939999999995,8.710905276,0.0,0.0,2218.3792800120646,1000,2026-07-24
2026-07-28,15:00,SELL,1000,58.08,58050.96000000001,37.466089584,0.0,0.0,60231.87319042807,0,2026-07-28
2026-07-29,09:25,BUY,1000,58.08,58109.03999999999,8.449054416000001,0.0,0.0,2114.3841360120787,1000,2026-07-28
2026-07-30,15:00,SELL,1000,53.8,53773.100000000006,34.70515874,0.0,0.0,55852.778977272086,0,2026-07-30
2026-07-31,09:25,BUY,1000,57.14,57168.57,8.312310078000001,0.0,1324.103332805913,0.0,1000,2026-07-30
2026-08-03,15:00,SELL,1000,55.9,55872.05,36.059821070000005,130.0,0.0,56355.990178930006,0,2026-08-03
2026-08-04,09:25,BUY,1000,56.81,56838.405,8.264304087000001,0.0,490.6791251569957,0.0,1000,2026-08-03
2026-08-05,15:00,SELL,1000,65.92,65887.04000000001,42.523495616000005,0.0,0.0,65844.51650438401,0,2026-08-05
2026-08-06,09:25,BUY,1000,65.55,65582.775,9.535735485,0.0,0.0,252.20576889901713,1000,2026-08-05
2026-08-07,15:00,SELL,1000,68.18,68145.91,43.981370314,0.0,0.0,68354.13439858503,0,2026-08-07
2026-08-10,09:25,BUY,1000,69.0,69034.5,10.037616300000002,0.0,690.4032177149784,0.0,1000,2026-08-07
2026-08-11,15:00,SELL,1000,66.01,65976.99500000001,42.58155257300001,0.0,0.0,65934.41344742701,0,2026-08-11
2026-08-12,09:25,BUY,1000,66.46,66493.23,9.668115642,0.0,568.48466821498,0.0,1000,2026-08-11
2026-08-13,15:00,SELL,1000,65.23,65197.38500000001,42.07839227900001,0.0,0.0,65155.30660772101,0,2026-08-13
2026-08-14,09:25,BUY,1000,65.6,65632.8,9.54300912,0.0,487.03640139898926,0.0,1000,2026-08-13
2026-08-17,15:00,SELL,1000,68.23,68195.88500000001,44.01362417900001,0.0,0.0,68151.871375821,0,2026-08-17
2026-08-18,09:25,BUY,1000,67.7,67733.84999999999,9.848501789999998,0.0,0.0,408.1728740310209,1000,2026-08-17
2026-08-19,15:00,SELL,1000,61.83,61799.08500000001,39.885129459000005,0.0,0.0,62167.37274457203,0,2026-08-19
2026-08-20,09:25,BUY,1000,62.5,62531.25,9.09204375,0.0,372.9692991779739,0.0,1000,2026-08-19
2026-08-21,15:00,SELL,1000,62.84,62808.58,40.53665753200001,0.0,0.0,62768.043342468,0,2026-08-21
2026-08-24,09:25,BUY,1000,62.7,62731.35,9.12113829,0.0,0.0,27.57220417800272,1000,2026-08-21
2026-08-25,15:00,SELL,1000,60.15,60119.925,38.80139959500001,0.0,0.0,60108.695804583,0,2026-08-25
2026-08-26,09:25,BUY,1000,60.2,60230.1,8.757456540000002,0.0,130.16165195699432,0.0,1000,2026-08-25
2026-08-27,15:00,SELL,1000,63.86,63828.07000000001,41.19463637800001,0.0,0.0,63786.875363622006,0,2026-08-27
2026-08-28,09:25,BUY,1000,64.04,64072.020000000004,9.316071708000003,0.0,294.4607080860005,0.0,1000,2026-08-27
2026-08-31,15:00,SELL,1000,64.84,64807.58,41.826812132,0.0,0.0,64765.753187868,0,2026-08-31
2026-09-01,09:25,BUY,1000,64.35,64382.17499999999,9.361168245,0.0,0.0,374.2170196230145,1000,2026-08-31
2026-09-02,15:00,SELL,1000,61.8,61769.100000000006,39.865777140000006,0.0,0.0,62103.45124248302,0,2026-09-02
2026-09-03,09:25,BUY,1000,63.0,63031.5,9.1647801,0.0,937.2135376169826,0.0,1000,2026-09-02
2026-09-04,15:00,SELL,1000,63.69,63658.155000000006,41.08497323700001,0.0,0.0,63617.07002676301,0,2026-09-04
2026-09-07,09:25,BUY,1000,64.6,64632.29999999999,9.39753642,0.0,1024.6275096569807,0.0,1000,2026-09-04
2026-09-08,15:00,SELL,1000,64.75,64717.625,41.768755175,0.0,0.0,64675.856244825,0,2026-09-08
2026-09-09,09:25,BUY,1000,64.9,64932.450000000004,9.441178230000002,0.0,266.03493340500427,0.0,1000,2026-09-08
2026-09-10,15:00,SELL,1000,63.91,63878.045000000006,41.22689024300001,0.0,0.0,63836.818109757005,0,2026-09-10
2026-09-11,09:25,BUY,1000,62.66,62691.329999999994,9.115319382,0.0,0.0,1136.3727903750114,1000,2026-09-10
