id,bp,period,n,wins,win,cash,mean,worst,mdd,top3,bottom3,mean_pct
T1_ALL,5,2020-2023,51,21,41.17647058823529,66.95759530007854,1.312894025491736,-290.20222730000023,-1882.0973854999665,2046.3867797500097,-777.1919102999964,-0.16764323052887606
T1_ALL,5,2024,15,11,73.33333333333333,2802.301810900033,186.82012072666888,-831.6945564499983,-1383.9246236499966,2626.772106650009,-2214.064320349993,0.7619102756108103
T1_ALL,5,2025,17,11,64.70588235294117,15895.21345278608,935.01255604624,-1187.9773081499989,-2222.4880647999853,9984.762782172009,-3062.3823282349767,1.1172113116684765
T1_ALL,5,2026,18,14,77.77777777777779,20476.729901238105,1137.596105624339,-1740.351460411992,-1740.3514604119919,10978.795522326014,-3688.5061332289843,1.673317111256727
T1_ALL,11,2020-2023,51,21,41.17647058823529,-761.2454503400729,-14.926381379217116,-308.03138006000154,-2457.315405780055,1979.9107154499945,-822.8772426600044,-0.2874684823371983
T1_ALL,11,2024,15,11,73.33333333333333,2365.9355039799484,157.72903359866322,-856.870384190006,-1481.994292030009,2536.3691546299924,-2304.516024770015,0.6425462564929987
T1_ALL,11,2025,17,11,64.70588235294117,14880.86537212916,875.3450218899505,-1268.878427937001,-2382.720302560014,9735.083675978385,-3214.930708517011,0.9980361560867502
T1_ALL,11,2026,18,14,77.77777777777779,19049.236307523453,1058.2909059735252,-1817.900438506404,-1817.9004385064036,10733.999437117163,-3925.9095435038257,1.554475576028996
T1_ALL,20,2020-2023,51,19,37.254901960784316,-2003.5500188000005,-39.28529448627452,-334.77510919999986,-3354.2927196000037,1880.1966190000003,-899.4738247999976,-0.4672063600496397
T1_ALL,20,2024,15,11,73.33333333333333,1711.3860436000034,114.09240290666689,-902.7021053999996,-1746.379459799995,2400.764726600002,-2440.193581399999,0.4635002278163318
T1_ALL,20,2025,17,10,58.82352941176471,13359.34325114404,785.8437206555318,-1400.758823340002,-2623.0686591999984,9360.565016688022,-3443.7532789400066,0.8192734227141947
T1_ALL,20,2026,18,13,72.22222222222221,16907.995916952008,939.3331064973338,-1934.223905648003,-1934.223905648003,10366.805309304,-4282.014658915992,1.3762132731874437
T1_A_day_ge,5,2020-2023,25,12,48.0,489.60505655004636,19.584202262001853,-290.20222730000023,-1346.3200010999717,1797.773326200013,-762.7117561999967,-0.12429533202741698
T1_A_day_ge,5,2024,11,9,81.81818181818183,2050.843946150024,186.44035874091125,-831.6945564499983,-1042.3429994999897,2253.9297070000102,-1560.055022099994,0.7476859384440945
T1_A_day_ge,5,2025,13,9,69.23076923076923,12118.579610211058,932.1984315546968,-1187.9773081499989,-1490.0899715499945,8616.00651930002,-2861.1405147349797,1.1922809849660072
T1_A_day_ge,5,2026,13,10,76.92307692307693,15943.309312560086,1226.4084086584683,-1740.351460411992,-1740.3514604119919,10978.795522326014,-3390.8247009649713,1.8108993795678927
T1_A_day_ge,11,2020-2023,25,12,48.0,38.13668440995593,1.5254673763982374,-308.03138006000154,-1626.6435992300303,1720.0048376399939,-817.4165836400061,-0.24409024145531244
T1_A_day_ge,11,2024,11,9,81.81818181818183,1739.44424152996,158.1312946845418,-856.870384190006,-1131.2049189000136,2162.7768753999917,-1647.2134486200157,0.628326422836215
T1_A_day_ge,11,2025,13,9,69.23076923076923,11314.273980064172,870.328767697244,-1268.878427937001,-1600.9364574100107,8360.232614459994,-3012.6691188170116,1.0731541849015973
T1_A_day_ge,11,2026,13,10,76.92307692307693,14921.3730844319,1147.7979295716846,-1817.900438506404,-1817.9004385064036,10733.999437117163,-3643.1283093230163,1.6921471205007304
T1_A_day_ge,20,2020-2023,25,9,36.0,-639.0658738000002,-25.562634952000007,-334.77510919999986,-2089.363298600001,1603.3521048000002,-899.4738247999976,-0.423782605597109
T1_A_day_ge,20,2024,11,9,81.81818181818183,1272.3446846000008,115.66769860000008,-902.7021053999996,-1264.4977979999967,2026.0476280000003,-1777.951088400001,0.4492871494244486
T1_A_day_ge,20,2025,13,8,61.53846153846154,10107.815534844027,777.524271911079,-1400.758823340002,-1767.2061861999973,7976.571757200014,-3239.962024940007,0.8944639848050124
T1_A_day_ge,20,2026,13,9,69.23076923076923,13388.468742240002,1029.8822109415387,-1934.223905648003,-2163.524876604002,10366.805309304,-4021.583721859992,1.5140187319000302
T1_A_day_lt,5,2020-2023,41,18,43.90243902439025,-565.6927631499402,-13.797384467071712,-267.5916672999974,-1299.8036068999754,812.752043650009,-691.9075445999952,-0.18585572393032468
T1_A_day_lt,5,2024,14,10,71.42857142857143,2191.8130526000277,156.55807518571626,-831.6945564499983,-1894.51844824999,2578.585503900009,-2214.064320349993,0.650022980188872
T1_A_day_lt,5,2025,11,7,63.63636363636363,9946.098596753058,904.1907815230053,-693.4468557499968,-1268.422910699992,8430.56952798403,-1268.422910699992,1.0450281259214356
T1_A_day_lt,5,2026,10,9,90.0,11122.97917597703,1112.297917597703,-910.7715842519974,-910.7715842519974,6396.662910359999,280.5221352090084,1.6964282211921529
T1_A_day_lt,11,2020-2023,41,18,43.90243902439025,-1218.7897189300566,-29.726578510489183,-283.8855880600022,-1615.5996951800316,749.6938960299958,-740.3454781200053,-0.3056789477281023
T1_A_day_lt,11,2024,14,10,71.42857142857143,1786.5068757199515,127.60763397999654,-856.870384190006,-2048.3982261500205,2489.604188579993,-2304.516024770015,0.5305943659493754
T1_A_day_lt,11,2025,11,7,63.63636363636363,9345.291528056583,849.571957096053,-719.978322650004,-1346.3436035400082,8189.899827164787,-1346.3436035400082,0.9258133815516643
T1_A_day_lt,11,2026,10,9,90.0,10349.181642349322,1034.9181642349322,-989.8080005544108,-989.8080005544107,6149.670287591973,41.78799265976693,1.5776050753200113
T1_A_day_lt,20,2020-2023,41,17,41.46341463414634,-2198.4351525999973,-53.62036957560969,-308.32646919999934,-2223.013804000002,655.1066746000051,-813.0023783999986,-0.48541378342472724
T1_A_day_lt,20,2024,14,10,71.42857142857143,1178.5476104000008,84.18197217142863,-902.7021053999996,-2279.2178929999973,2356.1322155999987,-2440.193581399999,0.35145144459017946
T1_A_day_lt,20,2025,11,6,54.54545454545454,8444.080925012036,767.6437204556397,-759.7755230000039,-1463.2246428000035,7828.895275936011,-1463.2246428000035,0.7469912649970414
T1_A_day_lt,20,2026,10,9,90.0,9188.485341908003,918.8485341908003,-1108.3626250080051,-1108.3626250080051,5779.181353439999,-316.31322116400406,1.3993703565118356
T1_A_day_avail,5,2020-2023,51,21,41.17647058823529,66.95759530007854,1.312894025491736,-290.20222730000023,-1882.0973854999665,2046.3867797500097,-777.1919102999964,-0.16764323052887606
T1_A_day_avail,5,2024,15,11,73.33333333333333,2802.301810900033,186.82012072666888,-831.6945564499983,-1383.9246236499966,2626.772106650009,-2214.064320349993,0.7619102756108103
T1_A_day_avail,5,2025,17,11,64.70588235294117,15895.21345278608,935.01255604624,-1187.9773081499989,-2222.4880647999853,9984.762782172009,-3062.3823282349767,1.1172113116684765
T1_A_day_avail,5,2026,18,14,77.77777777777779,20476.729901238105,1137.596105624339,-1740.351460411992,-1740.3514604119919,10978.795522326014,-3688.5061332289843,1.673317111256727
T1_A_day_avail,11,2020-2023,51,21,41.17647058823529,-761.2454503400729,-14.926381379217116,-308.03138006000154,-2457.315405780055,1979.9107154499945,-822.8772426600044,-0.2874684823371983
T1_A_day_avail,11,2024,15,11,73.33333333333333,2365.9355039799484,157.72903359866322,-856.870384190006,-1481.994292030009,2536.3691546299924,-2304.516024770015,0.6425462564929987
T1_A_day_avail,11,2025,17,11,64.70588235294117,14880.86537212916,875.3450218899505,-1268.878427937001,-2382.720302560014,9735.083675978385,-3214.930708517011,0.9980361560867502
T1_A_day_avail,11,2026,18,14,77.77777777777779,19049.236307523453,1058.2909059735252,-1817.900438506404,-1817.9004385064036,10733.999437117163,-3925.9095435038257,1.554475576028996
T1_A_day_avail,20,2020-2023,51,19,37.254901960784316,-2003.5500188000005,-39.28529448627452,-334.77510919999986,-3354.2927196000037,1880.1966190000003,-899.4738247999976,-0.4672063600496397
T1_A_day_avail,20,2024,15,11,73.33333333333333,1711.3860436000034,114.09240290666689,-902.7021053999996,-1746.379459799995,2400.764726600002,-2440.193581399999,0.4635002278163318
T1_A_day_avail,20,2025,17,10,58.82352941176471,13359.34325114404,785.8437206555318,-1400.758823340002,-2623.0686591999984,9360.565016688022,-3443.7532789400066,0.8192734227141947
T1_A_day_avail,20,2026,18,13,72.22222222222221,16907.995916952008,939.3331064973338,-1934.223905648003,-1934.223905648003,10366.805309304,-4282.014658915992,1.3762132731874437
T1_B_day_ge,5,2020-2023,45,18,40.0,186.62217910006984,4.147159535557107,-290.20222730000023,-1671.4626289499702,2046.3867797500097,-777.1919102999964,-0.17196950300206282
T1_B_day_ge,5,2024,9,7,77.77777777777779,2927.163552650025,325.24039473889167,-561.232562549998,-562.7874222999999,2107.935469050015,-298.79937074999543,1.3698812035393346
T1_B_day_ge,5,2025,12,7,58.333333333333336,9723.841077458048,810.3200897881707,-1187.9773081499989,-1730.2830225499856,8910.850419791,-3062.3823282349767,0.9874711376717101
T1_B_day_ge,5,2026,13,9,69.23076923076923,13691.171313939092,1053.1670241491609,-1740.351460411992,-1740.3514604119919,10761.966035832018,-3721.5061332289843,1.4952326291008384
T1_B_day_ge,11,2020-2023,45,18,40.0,-536.6826459800575,-11.926281021779054,-308.03138006000154,-2017.8555036900307,1979.9107154499945,-822.8772426600044,-0.2917865703997891
T1_B_day_ge,11,2024,9,7,77.77777777777779,2660.3808158299726,295.5978684255525,-593.8824776100046,-628.2311290600046,2018.348231909993,-392.609935650009,1.2508987975400612
T1_B_day_ge,11,2025,12,7,58.333333333333336,9053.019469607563,754.4182891339636,-1268.878427937001,-1865.0035696100092,8674.457746740183,-3214.930708517011,0.8682244355219707
T1_B_day_ge,11,2026,13,9,69.23076923076923,12631.917888265685,971.6859914050527,-1817.900438506404,-1817.9004385064036,10519.257376430367,-3958.9095435038257,1.3762876720543937
T1_B_day_ge,20,2020-2023,45,15,33.33333333333333,-1621.6398835999971,-36.03644185777772,-334.77510919999986,-2786.7123702000026,1880.1966190000003,-891.925110799999,-0.47151217149633784
T1_B_day_ge,20,2024,9,7,77.77777777777779,2260.206710600003,251.1340789555559,-642.8573501999999,-726.396689199999,1883.967376200002,-533.3257829999966,1.0724251885412006
T1_B_day_ge,20,2025,12,7,58.333333333333336,8046.787057832025,670.5655881526687,-1400.758823340002,-2067.0843901999942,8319.868737164004,-3443.7532789400066,0.6893543822973988
T1_B_day_ge,20,2026,13,8,61.53846153846154,11043.037749756011,849.4644422889239,-1934.223905648003,-1934.223905648003,10155.194387328003,-4315.014658915992,1.1978702364847764
T1_B_day_lt,5,2020-2023,42,14,33.33333333333333,-309.66168659994037,-7.37289729999858,-290.20222730000023,-1849.127566299956,2046.3867797500097,-714.518104599998,-0.2413335856557807
T1_B_day_lt,5,2024,11,7,63.63636363636363,1121.084881300023,101.91680739091117,-831.6945564499983,-1383.9246236499966,2626.772106650009,-2214.064320349993,0.37716647197907915
T1_B_day_lt,5,2025,15,10,66.66666666666666,15647.121073936076,1043.1414049290718,-1187.9773081499989,-2470.5804436499893,9984.762782172009,-3120.3823282349767,1.1727479641036216
T1_B_day_lt,5,2026,18,14,77.77777777777779,20476.729901238105,1137.596105624339,-1740.351460411992,-1740.3514604119919,10978.795522326014,-3688.5061332289843,1.673317111256727
T1_B_day_lt,11,2020-2023,42,14,33.33333333333333,-966.4006705200607,-23.00953977428716,-308.03138006000154,-2382.3448858600477,1979.9107154499945,-764.4912701200046,-0.3611876471407654
T1_B_day_lt,11,2024,11,7,63.63636363636363,795.4745788599612,72.31587080545101,-856.870384190006,-1481.994292030009,2536.3691546299924,-2304.516024770015,0.2575679324092217
T1_B_day_lt,11,2025,15,10,66.66666666666666,14680.01113865916,978.667409243944,-1268.878427937001,-2583.5745360300134,9735.083675978385,-3272.930708517011,1.053617169439199
T1_B_day_lt,11,2026,18,14,77.77777777777779,19049.236307523453,1058.2909059735252,-1817.900438506404,-1817.9004385064036,10733.999437117163,-3925.9095435038257,1.554475576028996
T1_B_day_lt,20,2020-2023,42,12,28.57142857142857,-1951.509146400007,-46.46450348571445,-334.77510919999986,-3182.1708652000034,1880.1966190000003,-839.4510183999992,-0.5409687393682011
T1_B_day_lt,20,2024,11,7,63.63636363636363,307.05912520000504,27.914465927273184,-902.7021053999996,-1746.379459799995,2400.764726600002,-2440.193581399999,0.07817012305448635
T1_B_day_lt,20,2025,15,9,60.0,13229.346235744033,881.9564157162689,-1400.758823340002,-2753.065674600006,9360.565016688022,-3501.7532789400066,0.8749209774425979
T1_B_day_lt,20,2026,18,13,72.22222222222221,16907.995916952008,939.3331064973338,-1934.223905648003,-1934.223905648003,10366.805309304,-4282.014658915992,1.3762132731874437
T1_B_day_avail,5,2020-2023,51,21,41.17647058823529,66.95759530007854,1.312894025491736,-290.20222730000023,-1882.0973854999665,2046.3867797500097,-777.1919102999964,-0.16764323052887606
T1_B_day_avail,5,2024,15,11,73.33333333333333,2802.301810900033,186.82012072666888,-831.6945564499983,-1383.9246236499966,2626.772106650009,-2214.064320349993,0.7619102756108103
T1_B_day_avail,5,2025,17,11,64.70588235294117,15895.21345278608,935.01255604624,-1187.9773081499989,-2222.4880647999853,9984.762782172009,-3062.3823282349767,1.1172113116684765
T1_B_day_avail,5,2026,18,14,77.77777777777779,20476.729901238105,1137.596105624339,-1740.351460411992,-1740.3514604119919,10978.795522326014,-3688.5061332289843,1.673317111256727
T1_B_day_avail,11,2020-2023,51,21,41.17647058823529,-761.2454503400729,-14.926381379217116,-308.03138006000154,-2457.315405780055,1979.9107154499945,-822.8772426600044,-0.2874684823371983
T1_B_day_avail,11,2024,15,11,73.33333333333333,2365.9355039799484,157.72903359866322,-856.870384190006,-1481.994292030009,2536.3691546299924,-2304.516024770015,0.6425462564929987
T1_B_day_avail,11,2025,17,11,64.70588235294117,14880.86537212916,875.3450218899505,-1268.878427937001,-2382.720302560014,9735.083675978385,-3214.930708517011,0.9980361560867502
T1_B_day_avail,11,2026,18,14,77.77777777777779,19049.236307523453,1058.2909059735252,-1817.900438506404,-1817.9004385064036,10733.999437117163,-3925.9095435038257,1.554475576028996
T1_B_day_avail,20,2020-2023,51,19,37.254901960784316,-2003.5500188000005,-39.28529448627452,-334.77510919999986,-3354.2927196000037,1880.1966190000003,-899.4738247999976,-0.4672063600496397
T1_B_day_avail,20,2024,15,11,73.33333333333333,1711.3860436000034,114.09240290666689,-902.7021053999996,-1746.379459799995,2400.764726600002,-2440.193581399999,0.4635002278163318
T1_B_day_avail,20,2025,17,10,58.82352941176471,13359.34325114404,785.8437206555318,-1400.758823340002,-2623.0686591999984,9360.565016688022,-3443.7532789400066,0.8192734227141947
T1_B_day_avail,20,2026,18,13,72.22222222222221,16907.995916952008,939.3331064973338,-1934.223905648003,-1934.223905648003,10366.805309304,-4282.014658915992,1.3762132731874437
T1_AB_day_ge,5,2020-2023,19,9,47.368421052631575,809.2696403500377,42.593138965791454,-290.20222730000023,-866.350548299979,1797.773326200013,-764.2379776999969,-0.03954523026212114
T1_AB_day_ge,5,2024,5,5,100.0,2178.7056879000156,435.7411375800031,263.98805155000446,0.0,1618.987634350011,1060.9147740500048,1.8293153304115275
T1_AB_day_ge,5,2025,8,5,62.5,5889.207234883026,736.1509043603783,-1187.9773081499989,-1187.9773081499989,7342.853461468003,-2509.7064851849755,1.0109465783665008
T1_AB_day_ge,5,2026,8,5,62.5,9222.750725261074,1152.8438406576342,-1740.351460411992,-1740.3514604119919,10638.122821062017,-3423.8247009649713,1.6204101335556846
T1_AB_day_ge,11,2020-2023,19,9,47.368421052631575,462.69948876997137,24.352604672103755,-308.03138006000154,-1058.6144862600213,1720.0048376399939,-815.3128309400054,-0.15931117375531229
T1_AB_day_ge,11,2024,5,5,100.0,2036.8895533799841,407.3779106759968,235.6211934099956,0.0,1534.0911555699895,979.7972629099895,1.710648122628935
T1_AB_day_ge,11,2025,8,5,62.5,5428.428077542576,678.553509692822,-1268.878427937001,-1268.878427937001,7096.8328424295905,-2661.600933807007,0.8917426806483939
T1_AB_day_ge,11,2026,8,5,62.5,8569.054665174132,1071.1318331467664,-1817.900438506404,-1817.9004385064036,10401.532607936359,-3676.1283093230163,1.5015456116334673
T1_AB_day_ge,20,2020-2023,19,8,42.10526315789473,-57.15573859999674,-3.008196768420881,-334.77510919999986,-1376.7829492,1603.3521048000002,-891.925110799999,-0.3389600889950546
T1_AB_day_ge,20,2024,5,5,100.0,1824.1653516000006,364.8330703200001,193.0709062000024,0.0,1406.746437400001,850.6248363999985,1.5326473109551002
T1_AB_day_ge,20,2025,8,5,62.5,4737.259341532012,592.1574176915015,-1400.758823340002,-1400.758823340002,6727.801913872005,-2889.442606739998,0.7129368340712658
T1_AB_day_ge,20,2026,8,4,50.0,7588.510575044005,948.5638218805007,-1934.223905648003,-2196.524876604002,10046.647288248008,-4054.583721859992,1.323248828750194
T1_AB_day_lt,5,2020-2023,32,11,34.375,-942.3120450499591,-29.447251407811223,-219.39801569999872,-1174.6907113999805,760.7620982500048,-622.8704988999962,-0.28769657880354443
T1_AB_day_lt,5,2024,10,6,60.0,510.5961230000174,51.059612300001746,-831.6945564499983,-1894.51844824999,2337.3840802000086,-2214.064320349993,0.1820498780251924
T1_AB_day_lt,5,2025,9,6,66.66666666666666,9698.006217903054,1077.5562464336726,-751.4468557499968,-1282.6031354999905,8430.56952798403,-1282.6031354999905,1.1215485053695575
T1_AB_day_lt,5,2026,10,9,90.0,11122.97917597703,1112.297917597703,-910.7715842519974,-910.7715842519974,6396.662910359999,280.5221352090084,1.6964282211921529
T1_AB_day_lt,11,2020-2023,32,11,34.375,-1423.9449391100443,-44.498279347188884,-230.96027454000068,-1466.0046522800349,714.3156161499955,-671.8541375800032,-0.40755704492397576
T1_AB_day_lt,11,2024,10,6,60.0,216.04595059996427,21.604595059996427,-856.870384190006,-2048.3982261500205,2247.40697643999,-2304.516024770015,0.062337453239771266
T1_AB_day_lt,11,2025,9,6,66.66666666666666,9144.437294586583,1016.0485882873982,-777.978322650004,-1357.5005781000073,8189.899827164787,-1357.5005781000073,1.002398898353503
T1_AB_day_lt,11,2026,10,9,90.0,10349.181642349322,1034.9181642349322,-989.8080005544108,-989.8080005544107,6149.670287591973,41.78799265976693,1.5776050753200113
T1_AB_day_lt,20,2020-2023,32,10,31.25,-2146.394280200004,-67.07482125625012,-256.3722463999984,-2146.394280200004,644.6458930000026,-745.3295956000002,-0.5873477441045823
T1_AB_day_lt,20,2024,10,6,60.0,-225.7793079999974,-22.57793079999974,-902.7021053999996,-2279.2178929999973,2112.4413208000005,-2440.193581399999,-0.11723118393831151
T1_AB_day_lt,20,2025,9,5,55.55555555555556,8314.083909612029,923.7871010680033,-817.7755230000039,-1469.8467420000052,7828.895275936011,-1469.8467420000052,0.8236744878294565
T1_AB_day_lt,20,2026,10,9,90.0,9188.485341908003,918.8485341908003,-1108.3626250080051,-1108.3626250080051,5779.181353439999,-316.31322116400406,1.3993703565118356
T1_AB_day_avail,5,2020-2023,51,21,41.17647058823529,66.95759530007854,1.312894025491736,-290.20222730000023,-1882.0973854999665,2046.3867797500097,-777.1919102999964,-0.16764323052887606
T1_AB_day_avail,5,2024,15,11,73.33333333333333,2802.301810900033,186.82012072666888,-831.6945564499983,-1383.9246236499966,2626.772106650009,-2214.064320349993,0.7619102756108103
T1_AB_day_avail,5,2025,17,11,64.70588235294117,15895.21345278608,935.01255604624,-1187.9773081499989,-2222.4880647999853,9984.762782172009,-3062.3823282349767,1.1172113116684765
T1_AB_day_avail,5,2026,18,14,77.77777777777779,20476.729901238105,1137.596105624339,-1740.351460411992,-1740.3514604119919,10978.795522326014,-3688.5061332289843,1.673317111256727
T1_AB_day_avail,11,2020-2023,51,21,41.17647058823529,-761.2454503400729,-14.926381379217116,-308.03138006000154,-2457.315405780055,1979.9107154499945,-822.8772426600044,-0.2874684823371983
T1_AB_day_avail,11,2024,15,11,73.33333333333333,2365.9355039799484,157.72903359866322,-856.870384190006,-1481.994292030009,2536.3691546299924,-2304.516024770015,0.6425462564929987
T1_AB_day_avail,11,2025,17,11,64.70588235294117,14880.86537212916,875.3450218899505,-1268.878427937001,-2382.720302560014,9735.083675978385,-3214.930708517011,0.9980361560867502
T1_AB_day_avail,11,2026,18,14,77.77777777777779,19049.236307523453,1058.2909059735252,-1817.900438506404,-1817.9004385064036,10733.999437117163,-3925.9095435038257,1.554475576028996
T1_AB_day_avail,20,2020-2023,51,19,37.254901960784316,-2003.5500188000005,-39.28529448627452,-334.77510919999986,-3354.2927196000037,1880.1966190000003,-899.4738247999976,-0.4672063600496397
T1_AB_day_avail,20,2024,15,11,73.33333333333333,1711.3860436000034,114.09240290666689,-902.7021053999996,-1746.379459799995,2400.764726600002,-2440.193581399999,0.4635002278163318
T1_AB_day_avail,20,2025,17,10,58.82352941176471,13359.34325114404,785.8437206555318,-1400.758823340002,-2623.0686591999984,9360.565016688022,-3443.7532789400066,0.8192734227141947
T1_AB_day_avail,20,2026,18,13,72.22222222222221,16907.995916952008,939.3331064973338,-1934.223905648003,-1934.223905648003,10366.805309304,-4282.014658915992,1.3762132731874437
T1_A_position_ge,5,2020-2023,22,11,50.0,563.0834302000403,25.594701372729105,-290.20222730000023,-1322.8416274499778,1773.3249049500118,-762.7117561999967,-0.10959349176803249
T1_A_position_ge,5,2024,11,9,81.81818181818183,2050.843946150024,186.44035874091125,-831.6945564499983,-1042.3429994999897,2253.9297070000102,-1560.055022099994,0.7476859384440945
T1_A_position_ge,5,2025,13,8,61.53846153846154,10145.194977449057,780.3996136499275,-1244.9581643349811,-1529.0412090499885,8616.00651930002,-2925.1405147349797,0.9667675610801412
T1_A_position_ge,5,2026,13,10,76.92307692307693,16067.152527330087,1235.934809794622,-1740.351460411992,-1740.3514604119919,10978.795522326014,-3423.8247009649713,1.8064903096806164
T1_A_position_ge,11,2020-2023,22,11,50.0,160.79642643996,7.308928474543635,-308.03138006000154,-1533.6184203900248,1689.9313908899933,-817.4165836400061,-0.22938011781829848
T1_A_position_ge,11,2024,11,9,81.81818181818183,1739.44424152996,158.1312946845418,-856.870384190006,-1131.2049189000136,2162.7768753999917,-1647.2134486200157,0.628326422836215
T1_A_position_ge,11,2025,13,8,61.53846153846154,9401.821621587776,723.2170478144443,-1332.878427937001,-1662.7419799100096,8360.232614459994,-3076.6691188170116,0.8475065847108603
T1_A_position_ge,11,2026,13,10,76.92307692307693,15039.097852925908,1156.8536809943007,-1817.900438506404,-1817.9004385064036,10733.999437117163,-3676.1283093230163,1.6877325319247851
T1_A_position_ge,20,2020-2023,22,9,40.909090909090914,-442.6340791999992,-20.119730872727235,-334.77510919999986,-1892.9315040000001,1564.841119800003,-899.4738247999976,-0.40906005689365016
T1_A_position_ge,20,2024,11,9,81.81818181818183,1272.3446846000008,115.66769860000008,-902.7021053999996,-1264.4977979999967,2026.0476280000003,-1777.951088400001,0.4492871494244486
T1_A_position_ge,20,2025,13,7,53.84615384615385,8286.761587796027,637.4431990612328,-1464.758823340002,-1863.2931361999945,7976.571757200014,-3303.962024940007,0.6686151201569701
T1_A_position_ge,20,2026,13,9,69.23076923076923,13497.015841319997,1038.231987793846,-1934.223905648003,-1934.223905648003,10366.805309304,-4054.583721859992,1.5095958652910788
T1_A_position_lt,5,2020-2023,44,19,43.18181818181818,-564.1711367999342,-12.822071290907594,-267.5916672999974,-1518.2937681499716,840.7004300000062,-691.9075445999952,-0.177633642921069
T1_A_position_lt,5,2024,14,10,71.42857142857143,2191.8130526000277,156.55807518571626,-831.6945564499983,-1894.51844824999,2578.585503900009,-2214.064320349993,0.650022980188872
T1_A_position_lt,5,2025,11,8,72.72727272727273,11919.483229515059,1083.589384501369,-693.4468557499968,-1268.422910699992,8430.56952798403,-1268.422910699992,1.3115505900199733
T1_A_position_lt,5,2026,10,9,90.0,11032.13596120703,1103.213596120703,-910.7715842519974,-910.7715842519974,6305.819695589998,280.5221352090084,1.7079955230388475
T1_A_position_lt,11,2020-2023,44,19,43.18181818181818,-1266.4494609600606,-28.78294229454683,-283.8855880600022,-1865.7120899300353,788.4788659999977,-740.3454781200053,-0.29745907788244214
T1_A_position_lt,11,2024,14,10,71.42857142857143,1786.5068757199515,127.60763397999654,-856.870384190006,-2048.3982261500205,2489.604188579993,-2304.516024770015,0.5305943659493754
T1_A_position_lt,11,2025,11,8,72.72727272727273,11257.743886532979,1023.4312624120889,-719.978322650004,-1346.3436035400082,8189.899827164787,-1346.3436035400082,1.1924944176468677
T1_A_position_lt,11,2026,10,9,90.0,10264.456873855313,1026.4456873855313,-989.8080005544108,-989.8080005544107,6064.945519097964,41.78799265976693,1.5891795514619749
T1_A_position_lt,20,2020-2023,44,18,40.909090909090914,-2319.8669471999983,-52.72424879999996,-308.32646919999934,-2386.8395726000035,710.1465200000002,-813.0023783999986,-0.4771972303244603
T1_A_position_lt,20,2024,14,10,71.42857142857143,1178.5476104000008,84.18197217142863,-902.7021053999996,-2279.2178929999973,2356.1322155999987,-2440.193581399999,0.35145144459017946
T1_A_position_lt,20,2025,11,7,63.63636363636363,10265.134872060036,933.1940792781851,-759.7755230000039,-1463.2246428000035,7828.895275936011,-1463.2246428000035,1.013910159087242
T1_A_position_lt,20,2026,10,9,90.0,9112.938242828008,911.2938242828008,-1108.3626250080051,-1108.3626250080051,5703.634254360004,-316.31322116400406,1.4109555940967073
T1_A_position_avail,5,2020-2023,51,21,41.17647058823529,66.95759530007854,1.312894025491736,-290.20222730000023,-1882.0973854999665,2046.3867797500097,-777.1919102999964,-0.16764323052887606
T1_A_position_avail,5,2024,15,11,73.33333333333333,2802.301810900033,186.82012072666888,-831.6945564499983,-1383.9246236499966,2626.772106650009,-2214.064320349993,0.7619102756108103
T1_A_position_avail,5,2025,17,11,64.70588235294117,15895.21345278608,935.01255604624,-1187.9773081499989,-2222.4880647999853,9984.762782172009,-3062.3823282349767,1.1172113116684765
T1_A_position_avail,5,2026,18,14,77.77777777777779,20476.729901238105,1137.596105624339,-1740.351460411992,-1740.3514604119919,10978.795522326014,-3688.5061332289843,1.673317111256727
T1_A_position_avail,11,2020-2023,51,21,41.17647058823529,-761.2454503400729,-14.926381379217116,-308.03138006000154,-2457.315405780055,1979.9107154499945,-822.8772426600044,-0.2874684823371983
T1_A_position_avail,11,2024,15,11,73.33333333333333,2365.9355039799484,157.72903359866322,-856.870384190006,-1481.994292030009,2536.3691546299924,-2304.516024770015,0.6425462564929987
T1_A_position_avail,11,2025,17,11,64.70588235294117,14880.86537212916,875.3450218899505,-1268.878427937001,-2382.720302560014,9735.083675978385,-3214.930708517011,0.9980361560867502
T1_A_position_avail,11,2026,18,14,77.77777777777779,19049.236307523453,1058.2909059735252,-1817.900438506404,-1817.9004385064036,10733.999437117163,-3925.9095435038257,1.554475576028996
T1_A_position_avail,20,2020-2023,51,19,37.254901960784316,-2003.5500188000005,-39.28529448627452,-334.77510919999986,-3354.2927196000037,1880.1966190000003,-899.4738247999976,-0.4672063600496397
T1_A_position_avail,20,2024,15,11,73.33333333333333,1711.3860436000034,114.09240290666689,-902.7021053999996,-1746.379459799995,2400.764726600002,-2440.193581399999,0.4635002278163318
T1_A_position_avail,20,2025,17,10,58.82352941176471,13359.34325114404,785.8437206555318,-1400.758823340002,-2623.0686591999984,9360.565016688022,-3443.7532789400066,0.8192734227141947
T1_A_position_avail,20,2026,18,13,72.22222222222221,16907.995916952008,939.3331064973338,-1934.223905648003,-1934.223905648003,10366.805309304,-4282.014658915992,1.3762132731874437
T1_B_position_ge,5,2020-2023,40,14,35.0,-41.86177734994271,-1.0465444337485679,-290.20222730000023,-1403.8709616499727,2046.3867797500097,-727.3868061499979,-0.20904581971062322
T1_B_position_ge,5,2024,7,5,71.42857142857143,2367.4454991000202,338.20649987143145,-561.232562549998,-562.7874222999999,2107.935469050015,-241.68669044999479,1.4267898566113946
T1_B_position_ge,5,2025,12,7,58.333333333333336,9256.407047908044,771.3672539923369,-1187.9773081499989,-2197.71705209999,8910.850419791,-3120.3823282349767,0.8023489296110968
T1_B_position_ge,5,2026,13,9,69.23076923076923,13691.171313939092,1053.1670241491609,-1740.351460411992,-1740.3514604119919,10761.966035832018,-3721.5061332289843,1.4952326291008384
T1_B_position_ge,11,2020-2023,40,14,35.0,-663.9075501700534,-16.597688754251333,-308.03138006000154,-1733.9699156300285,1979.9107154499945,-774.7917335300044,-0.3288739532762515
T1_B_position_ge,11,2024,7,5,71.42857142857143,2157.582418019978,308.2260597171397,-593.8824776100046,-628.2311290600046,2018.348231909993,-337.76467899001,1.3078351159808825
T1_B_position_ge,11,2025,12,7,58.333333333333336,8585.951284597559,715.4959403831299,-1268.878427937001,-2332.071754620014,8674.457746740183,-3272.930708517011,0.6830045680637346
T1_B_position_ge,11,2026,13,9,69.23076923076923,12631.917888265685,971.6859914050527,-1817.900438506404,-1817.9004385064036,10519.257376430367,-3958.9095435038257,1.3762876720543937
T1_B_position_ge,20,2020-2023,40,12,30.0,-1596.9762094000016,-39.92440523500004,-334.77510919999986,-2478.3859010000033,1880.1966190000003,-846.4189941999994,-0.5086161536246528
T1_B_position_ge,20,2024,7,5,71.42857142857143,1842.7877964000036,263.2553994857148,-642.8573501999999,-726.396689199999,1883.967376200002,-481.88166179999826,1.1294030050351653
T1_B_position_ge,20,2025,12,7,58.333333333333336,7580.267639632017,631.6889699693347,-1400.758823340002,-2533.603808400003,8319.868737164004,-3501.7532789400066,0.5039880257427264
T1_B_position_ge,20,2026,13,8,61.53846153846154,11043.037749756011,849.4644422889239,-1934.223905648003,-1934.223905648003,10155.194387328003,-4315.014658915992,1.1978702364847764
T1_B_position_lt,5,2020-2023,47,18,38.297872340425535,-81.17773014992781,-1.7271857478708046,-290.20222730000023,-2073.619427799951,2046.3867797500097,-777.1919102999964,-0.202968241570251
T1_B_position_lt,5,2024,13,9,69.23076923076923,1680.8029348500277,129.29253345000214,-831.6945564499983,-1383.9246236499966,2626.772106650009,-2214.064320349993,0.49924869441108605
T1_B_position_lt,5,2025,15,10,66.66666666666666,16114.55510348608,1074.3036735657386,-1187.9773081499989,-2003.1464140999851,9984.762782172009,-3062.3823282349767,1.3208457305521122
T1_B_position_lt,5,2026,18,14,77.77777777777779,20476.729901238105,1137.596105624339,-1740.351460411992,-1740.3514604119919,10978.795522326014,-3688.5061332289843,1.673317111256727
T1_B_position_lt,11,2020-2023,47,18,38.297872340425535,-839.1757663300648,-17.85480353893755,-308.03138006000154,-2638.9267411600486,1979.9107154499945,-822.8772426600044,-0.32280894949880223
T1_B_position_lt,11,2024,13,9,69.23076923076923,1298.2729766699558,99.86715205153506,-856.870384190006,-1481.994292030009,2536.3691546299924,-2304.516024770015,0.3797300478842934
T1_B_position_lt,11,2025,15,10,66.66666666666666,15147.079323669164,1009.805288244611,-1268.878427937001,-2116.506351020009,9735.083675978385,-3214.930708517011,1.2017930634057876
T1_B_position_lt,11,2026,18,14,77.77777777777779,19049.236307523453,1058.2909059735252,-1817.900438506404,-1817.9004385064036,10733.999437117163,-3925.9095435038257,1.554475576028996
T1_B_position_lt,20,2020-2023,47,16,34.04255319148936,-1976.1728206000025,-42.04623022553197,-334.77510919999986,-3486.8877112000027,1880.1966190000003,-899.4738247999976,-0.5025700113915883
T1_B_position_lt,20,2024,13,9,69.23076923076923,724.4780394000047,55.729079953846515,-902.7021053999996,-1746.379459799995,2400.764726600002,-2440.193581399999,0.2004520780941537
T1_B_position_lt,20,2025,15,9,60.0,13695.865653944042,913.0577102629361,-1400.758823340002,-2286.546256399997,9360.565016688022,-3443.7532789400066,1.0232140626863353
T1_B_position_lt,20,2026,18,13,72.22222222222221,16907.995916952008,939.3331064973338,-1934.223905648003,-1934.223905648003,10366.805309304,-4282.014658915992,1.3762132731874437
T1_B_position_avail,5,2020-2023,51,21,41.17647058823529,66.95759530007854,1.312894025491736,-290.20222730000023,-1882.0973854999665,2046.3867797500097,-777.1919102999964,-0.16764323052887606
T1_B_position_avail,5,2024,15,11,73.33333333333333,2802.301810900033,186.82012072666888,-831.6945564499983,-1383.9246236499966,2626.772106650009,-2214.064320349993,0.7619102756108103
T1_B_position_avail,5,2025,17,11,64.70588235294117,15895.21345278608,935.01255604624,-1187.9773081499989,-2222.4880647999853,9984.762782172009,-3062.3823282349767,1.1172113116684765
T1_B_position_avail,5,2026,18,14,77.77777777777779,20476.729901238105,1137.596105624339,-1740.351460411992,-1740.3514604119919,10978.795522326014,-3688.5061332289843,1.673317111256727
T1_B_position_avail,11,2020-2023,51,21,41.17647058823529,-761.2454503400729,-14.926381379217116,-308.03138006000154,-2457.315405780055,1979.9107154499945,-822.8772426600044,-0.2874684823371983
T1_B_position_avail,11,2024,15,11,73.33333333333333,2365.9355039799484,157.72903359866322,-856.870384190006,-1481.994292030009,2536.3691546299924,-2304.516024770015,0.6425462564929987
T1_B_position_avail,11,2025,17,11,64.70588235294117,14880.86537212916,875.3450218899505,-1268.878427937001,-2382.720302560014,9735.083675978385,-3214.930708517011,0.9980361560867502
T1_B_position_avail,11,2026,18,14,77.77777777777779,19049.236307523453,1058.2909059735252,-1817.900438506404,-1817.9004385064036,10733.999437117163,-3925.9095435038257,1.554475576028996
T1_B_position_avail,20,2020-2023,51,19,37.254901960784316,-2003.5500188000005,-39.28529448627452,-334.77510919999986,-3354.2927196000037,1880.1966190000003,-899.4738247999976,-0.4672063600496397
T1_B_position_avail,20,2024,15,11,73.33333333333333,1711.3860436000034,114.09240290666689,-902.7021053999996,-1746.379459799995,2400.764726600002,-2440.193581399999,0.4635002278163318
T1_B_position_avail,20,2025,17,10,58.82352941176471,13359.34325114404,785.8437206555318,-1400.758823340002,-2623.0686591999984,9360.565016688022,-3443.7532789400066,0.8192734227141947
T1_B_position_avail,20,2026,18,13,72.22222222222221,16907.995916952008,939.3331064973338,-1934.223905648003,-1934.223905648003,10366.805309304,-4282.014658915992,1.3762132731874437
T1_AB_position_ge,5,2020-2023,11,5,45.45454545454545,784.2640575500191,71.2967325045472,-270.20222730000023,-555.2805073499876,1633.4674198000084,-613.961084999999,0.024175162552425074
T1_AB_position_ge,5,2024,3,3,100.0,1563.987634350011,521.3292114500036,501.1967205000001,0.0,1563.987634350011,1563.987634350011,2.198470425733466
T1_AB_position_ge,5,2025,8,4,50.0,3448.3885725710206,431.0485715713776,-1244.9581643349811,-1562.270196349993,6255.616933255995,-2983.1405147349797,0.3588931288601527
T1_AB_position_ge,5,2026,8,5,62.5,9313.593940031074,1164.1992425038843,-1740.351460411992,-1740.3514604119919,10728.966035832018,-3423.8247009649713,1.6059510062473163
T1_AB_position_ge,11,2020-2023,11,5,45.45454545454545,588.1343266099796,53.4667569645436,-288.03138006000154,-682.069156170015,1564.9462435599928,-663.4844670000057,-0.09558331685726068
T1_AB_position_ge,11,2024,3,3,100.0,1479.0911555699895,493.0303851899965,476.9988650999949,0.0,1479.0911555699895,1479.0911555699895,2.080077902622437
T1_AB_position_ge,11,2025,8,4,50.0,3048.907534056176,381.113441757022,-1332.878427937001,-1670.0934319700098,6051.879393963187,-3134.6691188170116,0.23932470555019558
T1_AB_position_ge,11,2026,8,5,62.5,8653.77943366814,1081.7224292085175,-1817.900438506404,-1817.9004385064036,10486.257376430367,-3676.1283093230163,1.4870775164560128
T1_AB_position_ge,20,2020-2023,11,4,36.36363636363637,293.93973019999976,26.721793654545433,-314.77510919999986,-872.2521294000016,1462.1644792000006,-737.7695399999993,-0.27522103597174075
T1_AB_position_ge,20,2024,3,3,100.0,1351.746437400001,450.5821458000003,433.2059221999989,0.0,1351.746437400001,1351.746437400001,1.9024891179559542
T1_AB_position_ge,20,2025,8,4,50.0,2449.685976284003,306.2107470355004,-1464.758823340002,-1831.828285399999,5746.273085024004,-3361.962024940007,0.059972070585292636
T1_AB_position_ge,20,2026,8,4,50.0,7664.057674124,958.0072092655,-1934.223905648003,-1934.223905648003,10122.194387328003,-4054.583721859992,1.3087672817691045
T1_AB_position_lt,5,2020-2023,40,16,40.0,-712.3064622499405,-17.80766155624851,-267.5916672999974,-1660.772539949974,840.7004300000062,-691.9075445999952,-0.22013957213390384
T1_AB_position_lt,5,2024,12,8,66.66666666666666,1070.3141765500222,89.19284804583519,-831.6945564499983,-1894.51844824999,2337.3840802000086,-2214.064320349993,0.3468250513188478
T1_AB_position_lt,5,2025,9,7,77.77777777777779,12138.82488021506,1348.7583200238955,-693.4468557499968,-776.2178684499922,8430.56952798403,-691.9883556369932,1.6941277944596989
T1_AB_position_lt,5,2026,10,9,90.0,11032.13596120703,1103.213596120703,-910.7715842519974,-910.7715842519974,6305.819695589998,280.5221352090084,1.7079955230388475
T1_AB_position_lt,11,2020-2023,40,16,40.0,-1344.3797769500525,-33.609494423751315,-283.8855880600022,-1992.0589878900319,788.4788659999977,-740.3454781200053,-0.3399831863518511
T1_AB_position_lt,11,2024,12,8,66.66666666666666,718.8443484099589,59.90369570082991,-856.870384190006,-2048.3982261500205,2247.40697643999,-2304.516024770015,0.22721815819934066
T1_AB_position_lt,11,2025,9,7,77.77777777777779,11523.957838072984,1280.439759785887,-719.978322650004,-828.6268705900038,8189.899827164787,-815.2335992014087,1.575302210191956
T1_AB_position_lt,11,2026,10,9,90.0,10264.456873855313,1026.4456873855313,-989.8080005544108,-989.8080005544107,6064.945519097964,41.78799265976693,1.5891795514619749
T1_AB_position_lt,20,2020-2023,40,15,37.5,-2292.4897490000003,-57.31224372500001,-308.32646919999934,-2488.988659800003,710.1465200000002,-813.0023783999986,-0.5197486076787319
T1_AB_position_lt,20,2024,12,8,66.66666666666666,191.63960620000216,15.969967183333514,-902.7021053999996,-2279.2178929999973,2112.4413208000005,-2440.193581399999,0.04780781852012772
T1_AB_position_lt,20,2025,9,6,66.66666666666666,10601.657274860037,1177.961919428893,-759.7755230000039,-907.2403737999994,7828.895275936011,-1000.1014645479954,1.3970638337903758
T1_AB_position_lt,20,2026,10,9,90.0,9112.938242828008,911.2938242828008,-1108.3626250080051,-1108.3626250080051,5703.634254360004,-316.31322116400406,1.4109555940967073
T1_AB_position_avail,5,2020-2023,51,21,41.17647058823529,66.95759530007854,1.312894025491736,-290.20222730000023,-1882.0973854999665,2046.3867797500097,-777.1919102999964,-0.16764323052887606
T1_AB_position_avail,5,2024,15,11,73.33333333333333,2802.301810900033,186.82012072666888,-831.6945564499983,-1383.9246236499966,2626.772106650009,-2214.064320349993,0.7619102756108103
T1_AB_position_avail,5,2025,17,11,64.70588235294117,15895.21345278608,935.01255604624,-1187.9773081499989,-2222.4880647999853,9984.762782172009,-3062.3823282349767,1.1172113116684765
T1_AB_position_avail,5,2026,18,14,77.77777777777779,20476.729901238105,1137.596105624339,-1740.351460411992,-1740.3514604119919,10978.795522326014,-3688.5061332289843,1.673317111256727
T1_AB_position_avail,11,2020-2023,51,21,41.17647058823529,-761.2454503400729,-14.926381379217116,-308.03138006000154,-2457.315405780055,1979.9107154499945,-822.8772426600044,-0.2874684823371983
T1_AB_position_avail,11,2024,15,11,73.33333333333333,2365.9355039799484,157.72903359866322,-856.870384190006,-1481.994292030009,2536.3691546299924,-2304.516024770015,0.6425462564929987
T1_AB_position_avail,11,2025,17,11,64.70588235294117,14880.86537212916,875.3450218899505,-1268.878427937001,-2382.720302560014,9735.083675978385,-3214.930708517011,0.9980361560867502
T1_AB_position_avail,11,2026,18,14,77.77777777777779,19049.236307523453,1058.2909059735252,-1817.900438506404,-1817.9004385064036,10733.999437117163,-3925.9095435038257,1.554475576028996
T1_AB_position_avail,20,2020-2023,51,19,37.254901960784316,-2003.5500188000005,-39.28529448627452,-334.77510919999986,-3354.2927196000037,1880.1966190000003,-899.4738247999976,-0.4672063600496397
T1_AB_position_avail,20,2024,15,11,73.33333333333333,1711.3860436000034,114.09240290666689,-902.7021053999996,-1746.379459799995,2400.764726600002,-2440.193581399999,0.4635002278163318
T1_AB_position_avail,20,2025,17,10,58.82352941176471,13359.34325114404,785.8437206555318,-1400.758823340002,-2623.0686591999984,9360.565016688022,-3443.7532789400066,0.8192734227141947
T1_AB_position_avail,20,2026,18,13,72.22222222222221,16907.995916952008,939.3331064973338,-1934.223905648003,-1934.223905648003,10366.805309304,-4282.014658915992,1.3762132731874437
T1_A_tail_ge,5,2020-2023,32,14,43.75,-145.03126369994789,-4.532226990623371,-267.5916672999974,-1995.7616583499694,1773.3249049500118,-691.9075445999952,-0.28463250802689094
T1_A_tail_ge,5,2024,13,10,76.92307692307693,1810.712115450031,139.28554734231008,-831.6945564499983,-1382.3697638999947,2253.9297070000102,-2214.064320349993,0.5685592156556679
T1_A_tail_ge,5,2025,11,8,72.72727272727273,9803.670429645044,891.2427663313676,-1187.9773081499989,-1490.0899715499945,7096.691895704025,-1762.953363099994,1.1396537535209634
T1_A_tail_ge,5,2026,11,10,90.9090909090909,12258.798167487068,1114.436197044279,-1740.351460411992,-1740.3514604119919,6658.400814216009,-784.5572243989739,1.718902147303374
T1_A_tail_ge,11,2020-2023,32,13,40.625,-683.8685401400469,-21.370891879376465,-283.8855880600022,-2323.6539283700295,1689.9313908899933,-740.3454781200053,-0.4045218912135984
T1_A_tail_ge,11,2024,13,10,76.92307692307693,1436.02821398995,110.46370876845769,-856.870384190006,-1447.645640580009,2162.7768753999917,-2304.516024770015,0.44908486583119395
T1_A_tail_ge,11,2025,11,8,72.72727272727273,9176.547880418977,834.2316254926343,-1226.073957930006,-1600.9364574100107,6857.209565748795,-1852.4392388200101,1.0204991764506604
T1_A_tail_ge,11,2026,11,10,90.9090909090909,11418.765505271338,1038.0695913883035,-1817.900438506404,-1817.9004385064036,6421.32977687518,-1018.8287296778221,1.6000956891581957
T1_A_tail_ge,20,2020-2023,32,10,31.25,-1492.1244548000013,-46.62888921250004,-308.32646919999934,-2815.492333400005,1564.841119800003,-813.0023783999986,-0.5843559659936193
T1_A_tail_ge,20,2024,13,10,76.92307692307693,874.0023618000014,67.23095090769242,-902.7021053999996,-1662.840120799996,2026.0476280000003,-2440.193581399999,0.26987334109453814
T1_A_tail_ge,20,2025,11,7,63.63636363636363,8235.864056580023,748.7149142345476,-1283.2189326000007,-1767.2061861999973,6497.986070816005,-1986.6680524000003,0.841767310845237
T1_A_tail_ge,20,2026,11,9,81.81818181818183,10158.716511947998,923.5196829043634,-1934.223905648003,-1934.223905648003,6065.723220864005,-1370.2359875960174,1.4218860019404636
T1_A_tail_lt,5,2020-2023,34,18,52.94117647058824,193.94355710005402,5.704222267648648,-290.20222730000023,-562.6548694999801,860.7004300000062,-762.7117561999967,-0.02330239739711079
T1_A_tail_lt,5,2024,12,9,75.0,2431.9448833000206,202.66207360833505,-831.6945564499983,-1654.386617549997,2578.585503900009,-1654.386617549997,0.8277997701671302
T1_A_tail_lt,5,2025,13,8,61.53846153846154,12261.007777319071,943.1544444091594,-1244.9581643349811,-1268.422910699992,9856.762782172009,-2430.6100623349776,1.1122187304254576
T1_A_tail_lt,5,2026,12,9,75.0,14905.490321050049,1242.1241934208374,-1103.383088564995,-1981.1546728169924,10978.795522326014,-2561.244824804977,1.8134698063708086
T1_A_tail_lt,11,2020-2023,34,18,52.94117647058824,-371.78449438005373,-10.93483807000158,-308.03138006000154,-796.4395572600424,808.4788659999977,-817.4165836400061,-0.1430425341451
T1_A_tail_lt,11,2024,12,9,75.0,2089.9229032599615,174.16024193833013,-856.870384190006,-1744.9821986100105,2489.604188579993,-1744.9821986100105,0.7084840432236749
T1_A_tail_lt,11,2025,13,8,61.53846153846154,11483.017627701778,883.3090482847522,-1332.878427937001,-1346.3436035400082,9607.083675978385,-2570.5734835370095,0.9930410195691894
T1_A_tail_lt,11,2026,12,9,75.0,13949.789221509884,1162.4824351258237,-1184.201104443011,-2141.0091049974217,10733.999437117163,-2815.035871371023,1.694708157454345
T1_A_tail_lt,20,2020-2023,34,16,47.05882352941176,-1220.3765715999962,-35.89342857647048,-334.77510919999986,-1392.1122132,730.1465200000002,-899.4738247999976,-0.3226527392670372
T1_A_tail_lt,20,2024,12,9,75.0,1576.8899332,131.40749443333334,-902.7021053999996,-1880.875570199998,2356.1322155999987,-1880.875570199998,0.5295104528085375
T1_A_tail_lt,20,2025,13,7,53.84615384615385,10316.03240327604,793.5409540981569,-1464.758823340002,-1464.758823340002,9232.565016688022,-2780.51861534001,0.8142744532848204
T1_A_tail_lt,20,2026,12,9,75.0,12516.237572200007,1043.019797683334,-1305.428128259984,-2380.790753267989,10366.805309304,-3195.722441219994,1.5165656840796948
T1_A_tail_avail,5,2020-2023,51,21,41.17647058823529,66.95759530007854,1.312894025491736,-290.20222730000023,-1882.0973854999665,2046.3867797500097,-777.1919102999964,-0.16764323052887606
T1_A_tail_avail,5,2024,15,11,73.33333333333333,2802.301810900033,186.82012072666888,-831.6945564499983,-1383.9246236499966,2626.772106650009,-2214.064320349993,0.7619102756108103
T1_A_tail_avail,5,2025,17,11,64.70588235294117,15895.21345278608,935.01255604624,-1187.9773081499989,-2222.4880647999853,9984.762782172009,-3062.3823282349767,1.1172113116684765
T1_A_tail_avail,5,2026,18,14,77.77777777777779,20476.729901238105,1137.596105624339,-1740.351460411992,-1740.3514604119919,10978.795522326014,-3688.5061332289843,1.673317111256727
T1_A_tail_avail,11,2020-2023,51,21,41.17647058823529,-761.2454503400729,-14.926381379217116,-308.03138006000154,-2457.315405780055,1979.9107154499945,-822.8772426600044,-0.2874684823371983
T1_A_tail_avail,11,2024,15,11,73.33333333333333,2365.9355039799484,157.72903359866322,-856.870384190006,-1481.994292030009,2536.3691546299924,-2304.516024770015,0.6425462564929987
T1_A_tail_avail,11,2025,17,11,64.70588235294117,14880.86537212916,875.3450218899505,-1268.878427937001,-2382.720302560014,9735.083675978385,-3214.930708517011,0.9980361560867502
T1_A_tail_avail,11,2026,18,14,77.77777777777779,19049.236307523453,1058.2909059735252,-1817.900438506404,-1817.9004385064036,10733.999437117163,-3925.9095435038257,1.554475576028996
T1_A_tail_avail,20,2020-2023,51,19,37.254901960784316,-2003.5500188000005,-39.28529448627452,-334.77510919999986,-3354.2927196000037,1880.1966190000003,-899.4738247999976,-0.4672063600496397
T1_A_tail_avail,20,2024,15,11,73.33333333333333,1711.3860436000034,114.09240290666689,-902.7021053999996,-1746.379459799995,2400.764726600002,-2440.193581399999,0.4635002278163318
T1_A_tail_avail,20,2025,17,10,58.82352941176471,13359.34325114404,785.8437206555318,-1400.758823340002,-2623.0686591999984,9360.565016688022,-3443.7532789400066,0.8192734227141947
T1_A_tail_avail,20,2026,18,13,72.22222222222221,16907.995916952008,939.3331064973338,-1934.223905648003,-1934.223905648003,10366.805309304,-4282.014658915992,1.3762132731874437
T1_B_tail_ge,5,2020-2023,40,15,37.5,207.68211155005883,5.192052788751471,-290.20222730000023,-1403.8709616499727,2046.3867797500097,-727.3868061499979,-0.16420755018772532
T1_B_tail_ge,5,2024,11,8,72.72727272727273,1835.3267629000293,166.8478875363663,-831.6945564499983,-831.6945564499983,2052.935469050015,-1394.4819787499982,0.6397391639723606
T1_B_tail_ge,5,2025,15,9,60.0,14351.775209607073,956.7850139738049,-1187.9773081499989,-2222.4880647999853,9984.762782172009,-3062.3823282349767,1.1136812984398299
T1_B_tail_ge,5,2026,14,10,71.42857142857143,15234.087123894096,1088.1490802781498,-1740.351460411992,-1740.3514604119919,10761.966035832018,-3721.5061332289843,1.5705841154815647
T1_B_tail_ge,11,2020-2023,40,15,37.5,-413.20795459005035,-10.330198864751258,-308.03138006000154,-1733.9699156300285,1979.9107154499945,-774.7917335300044,-0.2840130562395166
T1_B_tail_ge,11,2024,11,8,72.72727272727273,1515.5951183799662,137.78137439817874,-856.870384190006,-856.870384190006,1963.348231909993,-1485.1015132500106,0.5203236398495099
T1_B_tail_ge,11,2025,15,9,60.0,13488.930823535356,899.2620549023571,-1268.878427937001,-2382.720302560014,9735.083675978385,-3214.930708517011,0.9945063556842183
T1_B_tail_ge,11,2026,14,10,71.42857142857143,14103.361962166673,1007.3829972976195,-1817.900438506404,-1817.9004385064036,10519.257376430367,-3958.9095435038257,1.4516830347362126
T1_B_tail_ge,20,2020-2023,40,13,32.5,-1344.5430538000019,-33.61357634500005,-334.77510919999986,-2478.3859010000033,1880.1966190000003,-845.8991246000005,-0.46372131531716365
T1_B_tail_ge,20,2024,11,8,72.72727272727273,1035.997651600006,94.18160469090964,-894.6341257999993,-894.6341257999993,1828.967376200002,-1621.0308149999983,0.34120035366528473
T1_B_tail_ge,20,2025,15,9,60.0,12194.66424442803,812.977616295202,-1400.758823340002,-2623.0686591999984,9360.565016688022,-3443.7532789400066,0.8157439415508373
T1_B_tail_ge,20,2026,14,9,64.28571428571429,12407.274219576007,886.2338728268577,-1934.223905648003,-1934.223905648003,10155.194387328003,-4315.014658915992,1.2733314136182337
T1_B_tail_lt,5,2020-2023,47,17,36.17021276595745,-275.72161904992936,-5.866417426594242,-290.20222730000023,-2116.7192335999534,2046.3867797500097,-777.1919102999964,-0.23281139372359813
T1_B_tail_lt,5,2024,9,6,66.66666666666666,2157.9216710500186,239.76907456111317,-821.1372013499968,-1383.9246236499966,2626.772106650009,-1383.9246236499966,1.0245243538602211
T1_B_tail_lt,5,2025,12,8,66.66666666666666,11019.186941787051,918.2655784822542,-1187.9773081499989,-1978.3754013999896,8910.850419791,-3120.3823282349767,1.0613044697514498
T1_B_tail_lt,5,2026,17,13,76.47058823529412,18933.8140912831,1113.7537700754765,-1740.351460411992,-1740.3514604119919,10978.795522326014,-3688.5061332289843,1.6217385037758871
T1_B_tail_lt,11,2020-2023,47,17,36.17021276595745,-1034.8753619100678,-22.018624721490806,-308.03138006000154,-2666.23047392005,1979.9107154499945,-822.8772426600044,-0.352671359110734
T1_B_tail_lt,11,2024,9,6,66.66666666666666,1885.2602763099676,209.47336403444083,-853.7631629700045,-1481.994292030009,2536.3691546299924,-1481.994292030009,0.9053182623146062
T1_B_tail_lt,11,2025,12,8,66.66666666666666,10244.099784731367,853.6749820609472,-1268.878427937001,-2065.857803080009,8674.457746740183,-3272.930708517011,0.9421129527156963
T1_B_tail_lt,11,2026,17,13,76.47058823529412,17577.792233622466,1033.9877784483804,-1817.900438506404,-1817.9004385064036,10733.999437117163,-3925.9095435038257,1.5028669187601222
T1_B_tail_lt,20,2020-2023,47,15,31.914893617021278,-2173.6059762000023,-46.24693566382984,-334.77510919999986,-3490.4973344000027,1880.1966190000003,-899.4738247999976,-0.5324613071913962
T1_B_tail_lt,20,2024,9,6,66.66666666666666,1476.268184200002,164.02979824444466,-902.7021053999996,-1629.0987945999987,2400.764726600002,-1629.0987945999987,0.726509124996233
T1_B_tail_lt,20,2025,12,7,58.333333333333336,9081.469049148029,756.7890874290024,-1400.758823340002,-2197.0814056000017,8319.868737164004,-3501.7532789400066,0.763325677162099
T1_B_tail_lt,20,2026,17,12,70.58823529411765,15543.759447132012,914.3387910077654,-1934.223905648003,-1934.223905648003,10366.805309304,-4282.014658915992,1.324559541236518
T1_B_tail_avail,5,2020-2023,51,21,41.17647058823529,66.95759530007854,1.312894025491736,-290.20222730000023,-1882.0973854999665,2046.3867797500097,-777.1919102999964,-0.16764323052887606
T1_B_tail_avail,5,2024,15,11,73.33333333333333,2802.301810900033,186.82012072666888,-831.6945564499983,-1383.9246236499966,2626.772106650009,-2214.064320349993,0.7619102756108103
T1_B_tail_avail,5,2025,17,11,64.70588235294117,15895.21345278608,935.01255604624,-1187.9773081499989,-2222.4880647999853,9984.762782172009,-3062.3823282349767,1.1172113116684765
T1_B_tail_avail,5,2026,18,14,77.77777777777779,20476.729901238105,1137.596105624339,-1740.351460411992,-1740.3514604119919,10978.795522326014,-3688.5061332289843,1.673317111256727
T1_B_tail_avail,11,2020-2023,51,21,41.17647058823529,-761.2454503400729,-14.926381379217116,-308.03138006000154,-2457.315405780055,1979.9107154499945,-822.8772426600044,-0.2874684823371983
T1_B_tail_avail,11,2024,15,11,73.33333333333333,2365.9355039799484,157.72903359866322,-856.870384190006,-1481.994292030009,2536.3691546299924,-2304.516024770015,0.6425462564929987
T1_B_tail_avail,11,2025,17,11,64.70588235294117,14880.86537212916,875.3450218899505,-1268.878427937001,-2382.720302560014,9735.083675978385,-3214.930708517011,0.9980361560867502
T1_B_tail_avail,11,2026,18,14,77.77777777777779,19049.236307523453,1058.2909059735252,-1817.900438506404,-1817.9004385064036,10733.999437117163,-3925.9095435038257,1.554475576028996
T1_B_tail_avail,20,2020-2023,51,19,37.254901960784316,-2003.5500188000005,-39.28529448627452,-334.77510919999986,-3354.2927196000037,1880.1966190000003,-899.4738247999976,-0.4672063600496397
T1_B_tail_avail,20,2024,15,11,73.33333333333333,1711.3860436000034,114.09240290666689,-902.7021053999996,-1746.379459799995,2400.764726600002,-2440.193581399999,0.4635002278163318
T1_B_tail_avail,20,2025,17,10,58.82352941176471,13359.34325114404,785.8437206555318,-1400.758823340002,-2623.0686591999984,9360.565016688022,-3443.7532789400066,0.8192734227141947
T1_B_tail_avail,20,2026,18,13,72.22222222222221,16907.995916952008,939.3331064973338,-1934.223905648003,-1934.223905648003,10366.805309304,-4282.014658915992,1.3762132731874437
T1_AB_tail_ge,5,2020-2023,21,8,38.095238095238095,95.69325255003244,4.556821550001545,-219.39801569999872,-1310.7171786999788,1638.2854497500102,-626.8077601499954,-0.3071387864057523
T1_AB_tail_ge,5,2024,9,7,77.77777777777779,846.7370674500271,94.08189638333634,-886.6945564499983,-886.6945564499983,1438.891645700016,-1325.3174531499935,0.33047701984199723
T1_AB_tail_ge,5,2025,9,6,66.66666666666666,8202.232186466037,911.3591318295597,-1187.9773081499989,-1548.0899715499945,7096.691895704025,-1820.953363099994,1.108852992849049
T1_AB_tail_ge,5,2026,7,6,85.71428571428571,6983.15539014306,997.5936271632943,-1740.351460411992,-1740.3514604119919,6116.260260820018,-611.0206806319625,1.5313598633167131
T1_AB_tail_ge,11,2020-2023,21,7,33.33333333333333,-235.83104439002432,-11.230049732858301,-235.8000789300022,-1544.2645131400186,1578.561869449992,-670.9023123300049,-0.4270241512544119
T1_AB_tail_ge,11,2024,9,7,77.77777777777779,588.6878283899678,65.40975870999642,-911.870384190006,-911.870384190006,1347.5587405399892,-1412.6257969300132,0.21089068358618096
T1_AB_tail_ge,11,2025,9,6,66.66666666666666,7726.613331825174,858.5125924250193,-1226.073957930006,-1658.9364574100107,6857.209565748795,-1910.4392388200101,0.9897033434914752
T1_AB_tail_ge,11,2026,7,6,85.71428571428571,6439.891159914558,919.9844514163653,-1817.900438506404,-1817.9004385064036,5881.024650603984,-847.5775645904145,1.4124543581834648
T1_AB_tail_ge,20,2020-2023,21,6,28.57142857142857,-733.1174898000027,-34.910356657142984,-262.8203525999997,-1894.5855148000046,1488.9764989999985,-737.0441406000008,-0.606852198527366
T1_AB_tail_ge,20,2024,9,7,77.77777777777779,201.61396980000444,22.401552200000495,-949.6341257999992,-949.6341257999992,1210.559382800002,-1543.5883125999972,0.03151117920251442
T1_AB_tail_ge,20,2025,9,6,66.66666666666666,7013.185049864012,779.2427833182236,-1283.2189326000007,-1825.2061861999973,6497.986070816005,-2044.6680524000003,0.81097886945515
T1_AB_tail_ge,20,2026,7,5,71.42857142857143,5624.994814571997,803.5706877959996,-1934.223905648003,-1934.223905648003,5528.17123528001,-1202.4128905280086,1.2340961004836344
T1_AB_tail_lt,5,2020-2023,30,14,46.666666666666664,-148.73565724995387,-4.957855241665129,-290.20222730000023,-705.1336412999826,860.7004300000062,-762.7117561999967,-0.1061537419846066
T1_AB_tail_lt,5,2024,6,4,66.66666666666666,1787.564743450006,297.9274572416677,-821.1372013499968,-822.6920610999987,2517.4800688500036,-729.9153253999975,1.2876103820975666
T1_AB_tail_lt,5,2025,8,5,62.5,7384.981266320043,923.1226582900053,-1244.9581643349811,-1244.9581643349811,8265.506428852008,-2035.356257584972,1.0256280062544574
T1_AB_tail_lt,5,2026,11,8,72.72727272727273,13427.574511095045,1220.6885919177314,-1103.383088564995,-1981.1546728169924,10978.795522326014,-2561.244824804977,1.7558870178537953
T1_AB_tail_lt,11,2020-2023,30,14,46.666666666666664,-645.4144059500486,-21.513813531668287,-308.03138006000154,-1005.3546254000375,808.4788659999977,-817.4165836400061,-0.22593691466469268
T1_AB_tail_lt,11,2024,6,4,66.66666666666666,1609.2476755899806,268.20794593166346,-853.7631629700045,-888.1118144200045,2433.9393914699904,-824.6917158800097,1.1685798386867623
T1_AB_tail_lt,11,2025,8,5,62.5,6846.252040303985,855.7815050379982,-1332.878427937001,-1332.878427937001,8021.417545074393,-2172.662273087004,0.9064241561705595
T1_AB_tail_lt,11,2026,11,8,72.72727272727273,12543.345147608896,1140.3041043280814,-1184.201104443011,-2141.0091049974217,10733.999437117163,-2815.035871371023,1.637086190747758
T1_AB_tail_lt,20,2020-2023,30,12,40.0,-1390.4325289999979,-46.347750966666595,-334.77510919999986,-1541.9407265999998,730.1465200000002,-899.4738247999976,-0.4056116736847753
T1_AB_tail_lt,20,2024,6,4,66.66666666666666,1341.772073799999,223.62867896666648,-902.7021053999996,-986.2414443999986,2308.6283753999996,-966.8563016000006,0.9900340235705949
T1_AB_tail_lt,20,2025,8,4,50.0,6038.158201280028,754.7697751600035,-1464.758823340002,-1464.758823340002,7655.284219408015,-2378.621296340003,0.727618381044745
T1_AB_tail_lt,20,2026,11,8,72.72727272727273,11217.00110238001,1019.7273729436373,-1305.428128259984,-2380.790753267989,10366.805309304,-3195.722441219994,1.4588849500887464
T1_AB_tail_avail,5,2020-2023,51,21,41.17647058823529,66.95759530007854,1.312894025491736,-290.20222730000023,-1882.0973854999665,2046.3867797500097,-777.1919102999964,-0.16764323052887606
T1_AB_tail_avail,5,2024,15,11,73.33333333333333,2802.301810900033,186.82012072666888,-831.6945564499983,-1383.9246236499966,2626.772106650009,-2214.064320349993,0.7619102756108103
T1_AB_tail_avail,5,2025,17,11,64.70588235294117,15895.21345278608,935.01255604624,-1187.9773081499989,-2222.4880647999853,9984.762782172009,-3062.3823282349767,1.1172113116684765
T1_AB_tail_avail,5,2026,18,14,77.77777777777779,20476.729901238105,1137.596105624339,-1740.351460411992,-1740.3514604119919,10978.795522326014,-3688.5061332289843,1.673317111256727
T1_AB_tail_avail,11,2020-2023,51,21,41.17647058823529,-761.2454503400729,-14.926381379217116,-308.03138006000154,-2457.315405780055,1979.9107154499945,-822.8772426600044,-0.2874684823371983
T1_AB_tail_avail,11,2024,15,11,73.33333333333333,2365.9355039799484,157.72903359866322,-856.870384190006,-1481.994292030009,2536.3691546299924,-2304.516024770015,0.6425462564929987
T1_AB_tail_avail,11,2025,17,11,64.70588235294117,14880.86537212916,875.3450218899505,-1268.878427937001,-2382.720302560014,9735.083675978385,-3214.930708517011,0.9980361560867502
T1_AB_tail_avail,11,2026,18,14,77.77777777777779,19049.236307523453,1058.2909059735252,-1817.900438506404,-1817.9004385064036,10733.999437117163,-3925.9095435038257,1.554475576028996
T1_AB_tail_avail,20,2020-2023,51,19,37.254901960784316,-2003.5500188000005,-39.28529448627452,-334.77510919999986,-3354.2927196000037,1880.1966190000003,-899.4738247999976,-0.4672063600496397
T1_AB_tail_avail,20,2024,15,11,73.33333333333333,1711.3860436000034,114.09240290666689,-902.7021053999996,-1746.379459799995,2400.764726600002,-2440.193581399999,0.4635002278163318
T1_AB_tail_avail,20,2025,17,10,58.82352941176471,13359.34325114404,785.8437206555318,-1400.758823340002,-2623.0686591999984,9360.565016688022,-3443.7532789400066,0.8192734227141947
T1_AB_tail_avail,20,2026,18,13,72.22222222222221,16907.995916952008,939.3331064973338,-1934.223905648003,-1934.223905648003,10366.805309304,-4282.014658915992,1.3762132731874437
T05_ALL,5,2020-2023,51,22,43.13725490196079,237.04599700007753,4.647960725491717,-290.20222730000023,-1762.0344840499674,2046.3867797500097,-777.1919102999964,-0.14497929292847944
T05_ALL,5,2024,15,11,73.33333333333333,2642.2202101000366,176.14801400666911,-831.6945564499983,-1383.9246236499966,2626.772106650009,-2214.064320349993,0.7053842866277605
T05_ALL,5,2025,17,11,64.70588235294117,16215.420004050084,953.8482355323579,-1187.9773081499989,-2222.4880647999853,9984.762782172009,-3062.3823282349767,1.1490606175293454
T05_ALL,5,2026,18,14,77.77777777777779,20046.45234797711,1113.6917971098394,-1740.351460411992,-1740.3514604119919,10978.795522326014,-3688.5061332289843,1.634084699448915
T05_ALL,11,2020-2023,51,22,43.13725490196079,-591.0550466000693,-11.589314639217045,-308.03138006000154,-2337.180502590054,1979.9107154499945,-822.8772426600044,-0.26479095317002416
T05_ALL,11,2024,15,10,66.66666666666666,2205.7579022199498,147.05052681466333,-856.870384190006,-1481.994292030009,2536.3691546299924,-2304.516024770015,0.5859863688658805
T05_ALL,11,2025,17,11,64.70588235294117,15201.26395130996,894.19199713588,-1268.878427937001,-2382.720302560014,9735.083675978385,-3214.930708517011,1.0299045619811187
T05_ALL,11,2026,18,14,77.77777777777779,18618.700716749256,1034.3722620416254,-1817.900438506404,-1817.9004385064036,10733.999437117163,-3925.9095435038257,1.5152196365379411
T05_ALL,20,2020-2023,51,18,35.294117647058826,-1833.2066119999963,-35.945227686274436,-334.77510919999986,-3234.049813800004,1880.1966190000003,-899.4738247999976,-0.44450844353230046
T05_ALL,20,2024,15,10,66.66666666666666,1551.0644404000016,103.40429602666677,-902.7021053999996,-1746.379459799995,2400.764726600002,-2440.193581399999,0.4068894922231109
T05_ALL,20,2025,17,11,64.70588235294117,13680.029872200037,804.7076395411787,-1400.758823340002,-2623.0686591999984,9360.565016688022,-3443.7532789400066,0.8511704786588123
T05_ALL,20,2026,18,13,72.22222222222221,16477.07326990801,915.3929594393339,-1934.223905648003,-1934.223905648003,10366.805309304,-4282.014658915992,1.3369220421715242
T05_A_day_ge,5,2020-2023,25,13,52.0,659.6934582500453,26.387738330001813,-290.20222730000023,-1213.740459199973,1797.773326200013,-762.7117561999967,-0.07806089932260792
T05_A_day_ge,5,2024,11,9,81.81818181818183,1890.7623453500273,171.88748594091157,-831.6945564499983,-1042.3429994999897,2253.9297070000102,-1639.4685372499916,0.6706050443762994
T05_A_day_ge,5,2025,13,9,69.23076923076923,12438.786161475062,956.8297047288509,-1187.9773081499989,-1490.0899715499945,8616.00651930002,-2861.1405147349797,1.233930077245605
T05_A_day_ge,5,2026,13,10,76.92307692307693,15513.03175929909,1193.3101353306993,-1740.351460411992,-1740.3514604119919,10978.795522326014,-3390.8247009649713,1.7565775786032303
T05_A_day_ge,11,2020-2023,25,13,52.0,208.32708814995954,8.333083525998381,-308.03138006000154,-1483.9834102400291,1720.0048376399939,-817.4165836400061,-0.19782808195427726
T05_A_day_ge,11,2024,11,8,72.72727272727273,1579.2666397699613,143.56969452454194,-856.870384190006,-1131.2049189000136,2162.7768753999917,-1719.854661950012,0.5511993033446903
T05_A_day_ge,11,2025,13,9,69.23076923076923,11634.672559244973,894.9748122496133,-1268.878427937001,-1600.9364574100107,8360.232614459994,-3012.6691188170116,1.114828254148079
T05_A_day_ge,11,2026,13,10,76.92307692307693,14490.837493657702,1114.6798072044387,-1817.900438506404,-1817.9004385064036,10733.999437117163,-3643.1283093230163,1.6377927427438848
T05_A_day_ge,20,2020-2023,25,9,36.0,-468.72246699999596,-18.74889867999984,-334.77510919999986,-1905.4964942000006,1603.3521048000002,-899.4738247999976,-0.37747885590173674
T05_A_day_ge,20,2024,11,8,72.72727272727273,1112.0230813999988,101.09300739999989,-902.7021053999996,-1264.4977979999967,2026.0476280000003,-1840.433849000001,0.37209069179732895
T05_A_day_ge,20,2025,13,9,69.23076923076923,10428.502155900023,802.192473530771,-1400.758823340002,-1767.2061861999973,7976.571757200014,-3239.962024940007,0.93617551950182
T05_A_day_ge,20,2026,13,9,69.23076923076923,12957.546095196005,996.7343150150773,-1934.223905648003,-2163.524876604002,10366.805309304,-4021.583721859992,1.4596154889549107
T05_A_day_lt,5,2020-2023,41,19,46.34146341463415,-395.6043614499413,-9.648886864632715,-267.5916672999974,-1179.7407054499763,812.752043650009,-691.9075445999952,-0.15766399667129471
T05_A_day_lt,5,2024,14,10,71.42857142857143,2031.7314518000312,145.12367512857367,-831.6945564499983,-1894.51844824999,2578.585503900009,-2214.064320349993,0.5894594205641759
T05_A_day_lt,5,2025,11,7,63.63636363636363,10266.305148017062,933.300468001551,-693.4468557499968,-1268.422910699992,8430.56952798403,-1268.422910699992,1.0942497804336877
T05_A_day_lt,5,2026,10,9,90.0,10692.701622716035,1069.2701622716036,-910.7715842519974,-910.7715842519974,6396.662910359999,-149.7554180519873,1.6258098799380913
T05_A_day_lt,11,2020-2023,41,19,46.34146341463415,-1048.599315190053,-25.575593053415925,-283.8855880600022,-1495.4647919900308,749.6938960299958,-740.3454781200053,-0.2774703138860077
T05_A_day_lt,11,2024,14,9,64.28571428571429,1626.3292739599528,116.1663767114252,-856.870384190006,-2048.3982261500205,2489.604188579993,-2304.516024770015,0.4699944863488916
T05_A_day_lt,11,2025,11,7,63.63636363636363,9665.690107237384,878.699100657944,-719.978322650004,-1346.3436035400082,8189.899827164787,-1346.3436035400082,0.9750645542975062
T05_A_day_lt,11,2026,10,9,90.0,9918.646051575124,991.8646051575124,-989.8080005544108,-989.8080005544107,6149.670287591973,-388.74759811443084,1.5069443842361119
T05_A_day_lt,20,2020-2023,41,16,39.02439024390244,-2028.091745799993,-49.465652336585194,-308.32646919999934,-2102.770898200002,655.1066746000051,-813.0023783999986,-0.4571797897080368
T05_A_day_lt,20,2024,14,9,64.28571428571429,1018.226007199999,72.73042908571422,-902.7021053999996,-2279.2178929999973,2356.1322155999987,-2440.193581399999,0.29079708502601415
T05_A_day_lt,20,2025,11,7,63.63636363636363,8764.767546068033,796.7970496425485,-759.7755230000039,-1463.2246428000035,7828.895275936011,-1463.2246428000035,0.7962867150932685
T05_A_day_lt,20,2026,10,9,90.0,8757.562694864006,875.7562694864006,-1108.3626250080051,-1108.3626250080051,5779.181353439999,-747.2358682080012,1.3286461406831802
T05_A_day_avail,5,2020-2023,51,22,43.13725490196079,237.04599700007753,4.647960725491717,-290.20222730000023,-1762.0344840499674,2046.3867797500097,-777.1919102999964,-0.14497929292847944
T05_A_day_avail,5,2024,15,11,73.33333333333333,2642.2202101000366,176.14801400666911,-831.6945564499983,-1383.9246236499966,2626.772106650009,-2214.064320349993,0.7053842866277605
T05_A_day_avail,5,2025,17,11,64.70588235294117,16215.420004050084,953.8482355323579,-1187.9773081499989,-2222.4880647999853,9984.762782172009,-3062.3823282349767,1.1490606175293454
T05_A_day_avail,5,2026,18,14,77.77777777777779,20046.45234797711,1113.6917971098394,-1740.351460411992,-1740.3514604119919,10978.795522326014,-3688.5061332289843,1.634084699448915
T05_A_day_avail,11,2020-2023,51,22,43.13725490196079,-591.0550466000693,-11.589314639217045,-308.03138006000154,-2337.180502590054,1979.9107154499945,-822.8772426600044,-0.26479095317002416
T05_A_day_avail,11,2024,15,10,66.66666666666666,2205.7579022199498,147.05052681466333,-856.870384190006,-1481.994292030009,2536.3691546299924,-2304.516024770015,0.5859863688658805
T05_A_day_avail,11,2025,17,11,64.70588235294117,15201.26395130996,894.19199713588,-1268.878427937001,-2382.720302560014,9735.083675978385,-3214.930708517011,1.0299045619811187
T05_A_day_avail,11,2026,18,14,77.77777777777779,18618.700716749256,1034.3722620416254,-1817.900438506404,-1817.9004385064036,10733.999437117163,-3925.9095435038257,1.5152196365379411
T05_A_day_avail,20,2020-2023,51,18,35.294117647058826,-1833.2066119999963,-35.945227686274436,-334.77510919999986,-3234.049813800004,1880.1966190000003,-899.4738247999976,-0.44450844353230046
T05_A_day_avail,20,2024,15,10,66.66666666666666,1551.0644404000016,103.40429602666677,-902.7021053999996,-1746.379459799995,2400.764726600002,-2440.193581399999,0.4068894922231109
T05_A_day_avail,20,2025,17,11,64.70588235294117,13680.029872200037,804.7076395411787,-1400.758823340002,-2623.0686591999984,9360.565016688022,-3443.7532789400066,0.8511704786588123
T05_A_day_avail,20,2026,18,13,72.22222222222221,16477.07326990801,915.3929594393339,-1934.223905648003,-1934.223905648003,10366.805309304,-4282.014658915992,1.3369220421715242
T05_B_day_ge,5,2020-2023,45,18,40.0,286.6731796000695,6.3705151022237665,-290.20222730000023,-1671.4626289499702,2046.3867797500097,-777.1919102999964,-0.15684463520160935
T05_B_day_ge,5,2024,9,7,77.77777777777779,2927.163552650025,325.24039473889167,-561.232562549998,-562.7874222999999,2107.935469050015,-298.79937074999543,1.3698812035393346
T05_B_day_ge,5,2025,12,7,58.333333333333336,9723.841077458048,810.3200897881707,-1187.9773081499989,-1730.2830225499856,8910.850419791,-3062.3823282349767,0.9874711376717101
T05_B_day_ge,5,2026,13,9,69.23076923076923,13691.171313939092,1053.1670241491609,-1740.351460411992,-1740.3514604119919,10761.966035832018,-3721.5061332289843,1.4952326291008384
T05_B_day_ge,11,2020-2023,45,18,40.0,-436.57164488005924,-9.70159210844576,-308.03138006000154,-2017.8555036900307,1979.9107154499945,-822.8772426600044,-0.2766526322138483
T05_B_day_ge,11,2024,9,7,77.77777777777779,2660.3808158299726,295.5978684255525,-593.8824776100046,-628.2311290600046,2018.348231909993,-392.609935650009,1.2508987975400612
T05_B_day_ge,11,2025,12,7,58.333333333333336,9053.019469607563,754.4182891339636,-1268.878427937001,-1865.0035696100092,8674.457746740183,-3214.930708517011,0.8682244355219707
T05_B_day_ge,11,2026,13,9,69.23076923076923,12631.917888265685,971.6859914050527,-1817.900438506404,-1817.9004385064036,10519.257376430367,-3958.9095435038257,1.3762876720543937
T05_B_day_ge,20,2020-2023,45,16,35.55555555555556,-1521.4388815999955,-33.809752924444346,-334.77510919999986,-2786.7123702000026,1880.1966190000003,-891.925110799999,-0.45636462773216535
T05_B_day_ge,20,2024,9,7,77.77777777777779,2260.206710600003,251.1340789555559,-642.8573501999999,-726.396689199999,1883.967376200002,-533.3257829999966,1.0724251885412006
T05_B_day_ge,20,2025,12,7,58.333333333333336,8046.787057832025,670.5655881526687,-1400.758823340002,-2067.0843901999942,8319.868737164004,-3443.7532789400066,0.6893543822973988
T05_B_day_ge,20,2026,13,8,61.53846153846154,11043.037749756011,849.4644422889239,-1934.223905648003,-1934.223905648003,10155.194387328003,-4315.014658915992,1.1978702364847764
T05_B_day_lt,5,2020-2023,42,15,35.714285714285715,-239.62428539994107,-5.705340128570025,-290.20222730000023,-1729.064664849957,2046.3867797500097,-714.518104599998,-0.23001830549864208
T05_B_day_lt,5,2024,11,7,63.63636363636363,961.0032805000263,87.36393459091148,-831.6945564499983,-1383.9246236499966,2626.772106650009,-2214.064320349993,0.30008557791128415
T05_B_day_lt,5,2025,15,10,66.66666666666666,15967.32762520008,1064.488508346672,-1187.9773081499989,-2470.5804436499893,9984.762782172009,-3120.3823282349767,1.208843844079273
T05_B_day_lt,5,2026,18,14,77.77777777777779,20046.45234797711,1113.6917971098394,-1740.351460411992,-1740.3514604119919,10978.795522326014,-3688.5061332289843,1.634084699448915
T05_B_day_lt,11,2020-2023,42,15,35.714285714285715,-896.3212678800553,-21.340982568572745,-308.03138006000154,-2262.209982670047,1979.9107154499945,-764.4912701200046,-0.34986558120841904
T05_B_day_lt,11,2024,11,6,54.54545454545454,635.2969770999625,57.754270645451136,-856.870384190006,-1481.994292030009,2536.3691546299924,-2304.516024770015,0.18044081291769692
T05_B_day_lt,11,2025,15,10,66.66666666666666,15000.40971783996,1000.027314522664,-1268.878427937001,-2583.5745360300134,9735.083675978385,-3272.930708517011,1.089734696119483
T05_B_day_lt,11,2026,18,14,77.77777777777779,18618.700716749256,1034.3722620416254,-1817.900438506404,-1817.9004385064036,10733.999437117163,-3925.9095435038257,1.5152196365379411
T05_B_day_lt,20,2020-2023,42,10,23.809523809523807,-1881.3667416000044,-44.79444622857153,-334.77510919999986,-3061.9279594000036,1880.1966190000003,-839.4510183999992,-0.5296364947730454
T05_B_day_lt,20,2024,11,6,54.54545454545454,146.7375220000032,13.339774727273017,-902.7021053999996,-1746.379459799995,2400.764726600002,-2440.193581399999,0.000973665427366816
T05_B_day_lt,20,2025,15,10,66.66666666666666,13550.03285680003,903.3355237866687,-1400.758823340002,-2753.065674600006,9360.565016688022,-3501.7532789400066,0.9110709741798312
T05_B_day_lt,20,2026,18,13,72.22222222222221,16477.07326990801,915.3929594393339,-1934.223905648003,-1934.223905648003,10366.805309304,-4282.014658915992,1.3369220421715242
T05_B_day_avail,5,2020-2023,51,22,43.13725490196079,237.04599700007753,4.647960725491717,-290.20222730000023,-1762.0344840499674,2046.3867797500097,-777.1919102999964,-0.14497929292847944
T05_B_day_avail,5,2024,15,11,73.33333333333333,2642.2202101000366,176.14801400666911,-831.6945564499983,-1383.9246236499966,2626.772106650009,-2214.064320349993,0.7053842866277605
T05_B_day_avail,5,2025,17,11,64.70588235294117,16215.420004050084,953.8482355323579,-1187.9773081499989,-2222.4880647999853,9984.762782172009,-3062.3823282349767,1.1490606175293454
T05_B_day_avail,5,2026,18,14,77.77777777777779,20046.45234797711,1113.6917971098394,-1740.351460411992,-1740.3514604119919,10978.795522326014,-3688.5061332289843,1.634084699448915
T05_B_day_avail,11,2020-2023,51,22,43.13725490196079,-591.0550466000693,-11.589314639217045,-308.03138006000154,-2337.180502590054,1979.9107154499945,-822.8772426600044,-0.26479095317002416
T05_B_day_avail,11,2024,15,10,66.66666666666666,2205.7579022199498,147.05052681466333,-856.870384190006,-1481.994292030009,2536.3691546299924,-2304.516024770015,0.5859863688658805
T05_B_day_avail,11,2025,17,11,64.70588235294117,15201.26395130996,894.19199713588,-1268.878427937001,-2382.720302560014,9735.083675978385,-3214.930708517011,1.0299045619811187
T05_B_day_avail,11,2026,18,14,77.77777777777779,18618.700716749256,1034.3722620416254,-1817.900438506404,-1817.9004385064036,10733.999437117163,-3925.9095435038257,1.5152196365379411
T05_B_day_avail,20,2020-2023,51,18,35.294117647058826,-1833.2066119999963,-35.945227686274436,-334.77510919999986,-3234.049813800004,1880.1966190000003,-899.4738247999976,-0.44450844353230046
T05_B_day_avail,20,2024,15,10,66.66666666666666,1551.0644404000016,103.40429602666677,-902.7021053999996,-1746.379459799995,2400.764726600002,-2440.193581399999,0.4068894922231109
T05_B_day_avail,20,2025,17,11,64.70588235294117,13680.029872200037,804.7076395411787,-1400.758823340002,-2623.0686591999984,9360.565016688022,-3443.7532789400066,0.8511704786588123
T05_B_day_avail,20,2026,18,13,72.22222222222221,16477.07326990801,915.3929594393339,-1934.223905648003,-1934.223905648003,10366.805309304,-4282.014658915992,1.3369220421715242
T05_AB_day_ge,5,2020-2023,19,10,52.63157894736842,909.3206408500373,47.85898109737038,-290.20222730000023,-866.350548299979,1797.773326200013,-764.2379776999969,-0.0037231749452576748
T05_AB_day_ge,5,2024,5,5,100.0,2178.7056879000156,435.7411375800031,263.98805155000446,0.0,1618.987634350011,1060.9147740500048,1.8293153304115275
T05_AB_day_ge,5,2025,8,5,62.5,5889.207234883026,736.1509043603783,-1187.9773081499989,-1187.9773081499989,7342.853461468003,-2509.7064851849755,1.0109465783665008
T05_AB_day_ge,5,2026,8,5,62.5,9222.750725261074,1152.8438406576342,-1740.351460411992,-1740.3514604119919,10638.122821062017,-3423.8247009649713,1.6204101335556846
T05_AB_day_ge,11,2020-2023,19,10,52.63157894736842,562.8104898699696,29.6216047299984,-308.03138006000154,-1058.6144862600213,1720.0048376399939,-815.3128309400054,-0.12346763594650517
T05_AB_day_ge,11,2024,5,5,100.0,2036.8895533799841,407.3779106759968,235.6211934099956,0.0,1534.0911555699895,979.7972629099895,1.710648122628935
T05_AB_day_ge,11,2025,8,5,62.5,5428.428077542576,678.553509692822,-1268.878427937001,-1268.878427937001,7096.8328424295905,-2661.600933807007,0.8917426806483939
T05_AB_day_ge,11,2026,8,5,62.5,8569.054665174132,1071.1318331467664,-1817.900438506404,-1817.9004385064036,10401.532607936359,-3676.1283093230163,1.5015456116334673
T05_AB_day_ge,20,2020-2023,19,9,47.368421052631575,43.04526340000487,2.265540178947625,-334.77510919999986,-1347.010393200002,1603.3521048000002,-891.925110799999,-0.3030843274483301
T05_AB_day_ge,20,2024,5,5,100.0,1824.1653516000006,364.8330703200001,193.0709062000024,0.0,1406.746437400001,850.6248363999985,1.5326473109551002
T05_AB_day_ge,20,2025,8,5,62.5,4737.259341532012,592.1574176915015,-1400.758823340002,-1400.758823340002,6727.801913872005,-2889.442606739998,0.7129368340712658
T05_AB_day_ge,20,2026,8,4,50.0,7588.510575044005,948.5638218805007,-1934.223905648003,-2196.524876604002,10046.647288248008,-4054.583721859992,1.323248828750194
T05_AB_day_lt,5,2020-2023,32,12,37.5,-872.2746438499598,-27.258582620311245,-219.39801569999872,-1054.6278099499814,760.7620982500048,-622.8704988999962,-0.2728452735973
T05_AB_day_lt,5,2024,10,6,60.0,350.5145222000209,35.05145222000209,-831.6945564499983,-1894.51844824999,2337.3840802000086,-2214.064320349993,0.09726089455061797
T05_AB_day_lt,5,2025,9,6,66.66666666666666,10018.212769167058,1113.134752129673,-751.4468557499968,-1282.6031354999905,8430.56952798403,-1282.6031354999905,1.1817083053289765
T05_AB_day_lt,5,2026,10,9,90.0,10692.701622716035,1069.2701622716036,-910.7715842519974,-910.7715842519974,6396.662910359999,-149.7554180519873,1.6258098799380913
T05_AB_day_lt,11,2020-2023,32,12,37.5,-1353.865536470039,-42.30829801468872,-230.96027454000068,-1353.865536470039,714.3156161499955,-671.8541375800032,-0.3926968333877713
T05_AB_day_lt,11,2024,10,5,50.0,55.86834883996562,5.586834883996562,-856.870384190006,-2048.3982261500205,2247.40697643999,-2304.516024770015,-0.022502378200905993
T05_AB_day_lt,11,2025,9,6,66.66666666666666,9464.835873767384,1051.6484304185983,-777.978322650004,-1357.5005781000073,8189.899827164787,-1357.5005781000073,1.0625947761539765
T05_AB_day_lt,11,2026,10,9,90.0,9918.646051575124,991.8646051575124,-989.8080005544108,-989.8080005544107,6149.670287591973,-388.74759811443084,1.5069443842361119
T05_AB_day_lt,20,2020-2023,32,8,25.0,-2076.251875400001,-64.88287110625004,-256.3722463999984,-2076.251875400001,644.6458930000026,-745.3295956000002,-0.5724741730734404
T05_AB_day_lt,20,2024,10,5,50.0,-386.10091119999925,-38.61009111999992,-902.7021053999996,-2279.2178929999973,2112.4413208000005,-2440.193581399999,-0.202147287328143
T05_AB_day_lt,20,2025,9,6,66.66666666666666,8634.770530668025,959.4189478520028,-817.7755230000039,-1469.8467420000052,7828.895275936011,-1469.8467420000052,0.883924482391512
T05_AB_day_lt,20,2026,10,9,90.0,8757.562694864006,875.7562694864006,-1108.3626250080051,-1108.3626250080051,5779.181353439999,-747.2358682080012,1.3286461406831802
T05_AB_day_avail,5,2020-2023,51,22,43.13725490196079,237.04599700007753,4.647960725491717,-290.20222730000023,-1762.0344840499674,2046.3867797500097,-777.1919102999964,-0.14497929292847944
T05_AB_day_avail,5,2024,15,11,73.33333333333333,2642.2202101000366,176.14801400666911,-831.6945564499983,-1383.9246236499966,2626.772106650009,-2214.064320349993,0.7053842866277605
T05_AB_day_avail,5,2025,17,11,64.70588235294117,16215.420004050084,953.8482355323579,-1187.9773081499989,-2222.4880647999853,9984.762782172009,-3062.3823282349767,1.1490606175293454
T05_AB_day_avail,5,2026,18,14,77.77777777777779,20046.45234797711,1113.6917971098394,-1740.351460411992,-1740.3514604119919,10978.795522326014,-3688.5061332289843,1.634084699448915
T05_AB_day_avail,11,2020-2023,51,22,43.13725490196079,-591.0550466000693,-11.589314639217045,-308.03138006000154,-2337.180502590054,1979.9107154499945,-822.8772426600044,-0.26479095317002416
T05_AB_day_avail,11,2024,15,10,66.66666666666666,2205.7579022199498,147.05052681466333,-856.870384190006,-1481.994292030009,2536.3691546299924,-2304.516024770015,0.5859863688658805
T05_AB_day_avail,11,2025,17,11,64.70588235294117,15201.26395130996,894.19199713588,-1268.878427937001,-2382.720302560014,9735.083675978385,-3214.930708517011,1.0299045619811187
T05_AB_day_avail,11,2026,18,14,77.77777777777779,18618.700716749256,1034.3722620416254,-1817.900438506404,-1817.9004385064036,10733.999437117163,-3925.9095435038257,1.5152196365379411
T05_AB_day_avail,20,2020-2023,51,18,35.294117647058826,-1833.2066119999963,-35.945227686274436,-334.77510919999986,-3234.049813800004,1880.1966190000003,-899.4738247999976,-0.44450844353230046
T05_AB_day_avail,20,2024,15,10,66.66666666666666,1551.0644404000016,103.40429602666677,-902.7021053999996,-1746.379459799995,2400.764726600002,-2440.193581399999,0.4068894922231109
T05_AB_day_avail,20,2025,17,11,64.70588235294117,13680.029872200037,804.7076395411787,-1400.758823340002,-2623.0686591999984,9360.565016688022,-3443.7532789400066,0.8511704786588123
T05_AB_day_avail,20,2026,18,13,72.22222222222221,16477.07326990801,915.3929594393339,-1934.223905648003,-1934.223905648003,10366.805309304,-4282.014658915992,1.3369220421715242
T05_A_position_ge,5,2020-2023,22,12,54.54545454545454,733.1718319000393,33.325992359092695,-290.20222730000023,-1190.262085549979,1773.3249049500118,-762.7117561999967,-0.05705436369438586
T05_A_position_ge,5,2024,11,9,81.81818181818183,1890.7623453500273,171.88748594091157,-831.6945564499983,-1042.3429994999897,2253.9297070000102,-1639.4685372499916,0.6706050443762994
T05_A_position_ge,5,2025,13,8,61.53846153846154,10465.40152871306,805.0308868240816,-1244.9581643349811,-1529.0412090499885,8616.00651930002,-2925.1405147349797,1.008416653359739
T05_A_position_ge,5,2026,13,10,76.92307692307693,15636.874974069091,1202.8365364668532,-1740.351460411992,-1740.3514604119919,10978.795522326014,-3423.8247009649713,1.7521685087159538
T05_A_position_ge,11,2020-2023,22,12,54.54545454545454,330.9868301799636,15.044855917271072,-308.03138006000154,-1411.323668210025,1689.9313908899933,-817.4165836400061,-0.17680948202166755
T05_A_position_ge,11,2024,11,8,72.72727272727273,1579.2666397699613,143.56969452454194,-856.870384190006,-1131.2049189000136,2162.7768753999917,-1719.854661950012,0.5511993033446903
T05_A_position_ge,11,2025,13,8,61.53846153846154,9722.220200768577,747.8630923668136,-1332.878427937001,-1662.7419799100096,8360.232614459994,-3076.6691188170116,0.8891806539573419
T05_A_position_ge,11,2026,13,10,76.92307692307693,14608.56226215171,1123.7355586270546,-1817.900438506404,-1817.9004385064036,10733.999437117163,-3676.1283093230163,1.6333781541679395
T05_A_position_ge,20,2020-2023,22,9,40.909090909090914,-272.2906723999949,-12.376848745454312,-334.77510919999986,-1742.9160422000023,1564.841119800003,-899.4738247999976,-0.35644215951254526
T05_A_position_ge,20,2024,11,8,72.72727272727273,1112.0230813999988,101.09300739999989,-902.7021053999996,-1264.4977979999967,2026.0476280000003,-1840.433849000001,0.37209069179732895
T05_A_position_ge,20,2025,13,8,61.53846153846154,8607.448208852024,662.1114006809249,-1464.758823340002,-1863.2931361999945,7976.571757200014,-3303.962024940007,0.7103266548537778
T05_A_position_ge,20,2026,13,9,69.23076923076923,13066.093194276,1005.0840918673846,-1934.223905648003,-1934.223905648003,10366.805309304,-4054.583721859992,1.4551926223459593
T05_A_position_lt,5,2020-2023,44,20,45.45454545454545,-394.08273509993523,-8.956425797725801,-267.5916672999974,-1398.2308666999725,840.7004300000062,-691.9075445999952,-0.15136407888424575
T05_A_position_lt,5,2024,14,10,71.42857142857143,2031.7314518000312,145.12367512857367,-831.6945564499983,-1894.51844824999,2578.585503900009,-2214.064320349993,0.5894594205641759
T05_A_position_lt,5,2025,11,8,72.72727272727273,12239.689780779063,1112.6990709799147,-693.4468557499968,-1268.422910699992,8430.56952798403,-1268.422910699992,1.3607722445322255
T05_A_position_lt,5,2026,10,9,90.0,10601.858407946034,1060.1858407946033,-910.7715842519974,-910.7715842519974,6305.819695589998,-149.7554180519873,1.637377181784786
T05_A_position_lt,11,2020-2023,44,20,45.45454545454545,-1096.259057220057,-24.914978573183113,-283.8855880600022,-1745.5771867400344,788.4788659999977,-740.3454781200053,-0.2711737599841268
T05_A_position_lt,11,2024,14,9,64.28571428571429,1626.3292739599528,116.1663767114252,-856.870384190006,-2048.3982261500205,2489.604188579993,-2304.516024770015,0.4699944863488916
T05_A_position_lt,11,2025,11,8,72.72727272727273,11578.14246571378,1052.55840597398,-719.978322650004,-1346.3436035400082,8189.899827164787,-1346.3436035400082,1.2417455903927097
T05_A_position_lt,11,2026,10,9,90.0,9833.921283081116,983.3921283081115,-989.8080005544108,-989.8080005544107,6064.945519097964,-388.74759811443084,1.5185188603780757
T05_A_position_lt,20,2020-2023,44,17,38.63636363636363,-2149.523540399994,-48.8528077363635,-308.32646919999934,-2266.5966668000037,710.1465200000002,-813.0023783999986,-0.4508882816339078
T05_A_position_lt,20,2024,14,9,64.28571428571429,1018.226007199999,72.73042908571422,-902.7021053999996,-2279.2178929999973,2356.1322155999987,-2440.193581399999,0.29079708502601415
T05_A_position_lt,20,2025,11,8,72.72727272727273,10585.821493116033,962.3474084650938,-759.7755230000039,-1463.2246428000035,7828.895275936011,-1463.2246428000035,1.0632056091834692
T05_A_position_lt,20,2026,10,9,90.0,8682.01559578401,868.2015595784011,-1108.3626250080051,-1108.3626250080051,5703.634254360004,-747.2358682080012,1.340231378268052
T05_A_position_avail,5,2020-2023,51,22,43.13725490196079,237.04599700007753,4.647960725491717,-290.20222730000023,-1762.0344840499674,2046.3867797500097,-777.1919102999964,-0.14497929292847944
T05_A_position_avail,5,2024,15,11,73.33333333333333,2642.2202101000366,176.14801400666911,-831.6945564499983,-1383.9246236499966,2626.772106650009,-2214.064320349993,0.7053842866277605
T05_A_position_avail,5,2025,17,11,64.70588235294117,16215.420004050084,953.8482355323579,-1187.9773081499989,-2222.4880647999853,9984.762782172009,-3062.3823282349767,1.1490606175293454
T05_A_position_avail,5,2026,18,14,77.77777777777779,20046.45234797711,1113.6917971098394,-1740.351460411992,-1740.3514604119919,10978.795522326014,-3688.5061332289843,1.634084699448915
T05_A_position_avail,11,2020-2023,51,22,43.13725490196079,-591.0550466000693,-11.589314639217045,-308.03138006000154,-2337.180502590054,1979.9107154499945,-822.8772426600044,-0.26479095317002416
T05_A_position_avail,11,2024,15,10,66.66666666666666,2205.7579022199498,147.05052681466333,-856.870384190006,-1481.994292030009,2536.3691546299924,-2304.516024770015,0.5859863688658805
T05_A_position_avail,11,2025,17,11,64.70588235294117,15201.26395130996,894.19199713588,-1268.878427937001,-2382.720302560014,9735.083675978385,-3214.930708517011,1.0299045619811187
T05_A_position_avail,11,2026,18,14,77.77777777777779,18618.700716749256,1034.3722620416254,-1817.900438506404,-1817.9004385064036,10733.999437117163,-3925.9095435038257,1.5152196365379411
T05_A_position_avail,20,2020-2023,51,18,35.294117647058826,-1833.2066119999963,-35.945227686274436,-334.77510919999986,-3234.049813800004,1880.1966190000003,-899.4738247999976,-0.44450844353230046
T05_A_position_avail,20,2024,15,10,66.66666666666666,1551.0644404000016,103.40429602666677,-902.7021053999996,-1746.379459799995,2400.764726600002,-2440.193581399999,0.4068894922231109
T05_A_position_avail,20,2025,17,11,64.70588235294117,13680.029872200037,804.7076395411787,-1400.758823340002,-2623.0686591999984,9360.565016688022,-3443.7532789400066,0.8511704786588123
T05_A_position_avail,20,2026,18,13,72.22222222222221,16477.07326990801,915.3929594393339,-1934.223905648003,-1934.223905648003,10366.805309304,-4282.014658915992,1.3369220421715242
T05_B_position_ge,5,2020-2023,40,14,35.0,-41.86177734994271,-1.0465444337485679,-290.20222730000023,-1403.8709616499727,2046.3867797500097,-727.3868061499979,-0.20904581971062322
T05_B_position_ge,5,2024,7,5,71.42857142857143,2367.4454991000202,338.20649987143145,-561.232562549998,-562.7874222999999,2107.935469050015,-241.68669044999479,1.4267898566113946
T05_B_position_ge,5,2025,12,7,58.333333333333336,9256.407047908044,771.3672539923369,-1187.9773081499989,-2197.71705209999,8910.850419791,-3120.3823282349767,0.8023489296110968
T05_B_position_ge,5,2026,13,9,69.23076923076923,13691.171313939092,1053.1670241491609,-1740.351460411992,-1740.3514604119919,10761.966035832018,-3721.5061332289843,1.4952326291008384
T05_B_position_ge,11,2020-2023,40,14,35.0,-663.9075501700534,-16.597688754251333,-308.03138006000154,-1733.9699156300285,1979.9107154499945,-774.7917335300044,-0.3288739532762515
T05_B_position_ge,11,2024,7,5,71.42857142857143,2157.582418019978,308.2260597171397,-593.8824776100046,-628.2311290600046,2018.348231909993,-337.76467899001,1.3078351159808825
T05_B_position_ge,11,2025,12,7,58.333333333333336,8585.951284597559,715.4959403831299,-1268.878427937001,-2332.071754620014,8674.457746740183,-3272.930708517011,0.6830045680637346
T05_B_position_ge,11,2026,13,9,69.23076923076923,12631.917888265685,971.6859914050527,-1817.900438506404,-1817.9004385064036,10519.257376430367,-3958.9095435038257,1.3762876720543937
T05_B_position_ge,20,2020-2023,40,12,30.0,-1596.9762094000016,-39.92440523500004,-334.77510919999986,-2478.3859010000033,1880.1966190000003,-846.4189941999994,-0.5086161536246528
T05_B_position_ge,20,2024,7,5,71.42857142857143,1842.7877964000036,263.2553994857148,-642.8573501999999,-726.396689199999,1883.967376200002,-481.88166179999826,1.1294030050351653
T05_B_position_ge,20,2025,12,7,58.333333333333336,7580.267639632017,631.6889699693347,-1400.758823340002,-2533.603808400003,8319.868737164004,-3501.7532789400066,0.5039880257427264
T05_B_position_ge,20,2026,13,8,61.53846153846154,11043.037749756011,849.4644422889239,-1934.223905648003,-1934.223905648003,10155.194387328003,-4315.014658915992,1.1978702364847764
T05_B_position_lt,5,2020-2023,47,19,40.42553191489361,88.91067155007113,1.8917164159589601,-290.20222730000023,-1953.556526349952,2046.3867797500097,-777.1919102999964,-0.17837545821662912
T05_B_position_lt,5,2024,13,9,69.23076923076923,1520.7213340500311,116.9785641576947,-831.6945564499983,-1383.9246236499966,2626.772106650009,-2214.064320349993,0.43402639943064425
T05_B_position_lt,5,2025,15,10,66.66666666666666,16434.761654750084,1095.650776983339,-1187.9773081499989,-2003.1464140999851,9984.762782172009,-3062.3823282349767,1.3569416105277636
T05_B_position_lt,5,2026,18,14,77.77777777777779,20046.45234797711,1113.6917971098394,-1740.351460411992,-1740.3514604119919,10978.795522326014,-3688.5061332289843,1.634084699448915
T05_B_position_lt,11,2020-2023,47,19,40.42553191489361,-668.9853625900612,-14.233731118937472,-308.03138006000154,-2518.7918379700477,1979.9107154499945,-822.8772426600044,-0.2982014178493154
T05_B_position_lt,11,2024,13,8,61.53846153846154,1138.0953749099572,87.5457980699967,-856.870384190006,-1481.994292030009,2536.3691546299924,-2304.516024770015,0.3144686390837724
T05_B_position_lt,11,2025,15,10,66.66666666666666,15467.477902849965,1031.165193523331,-1268.878427937001,-2116.506351020009,9735.083675978385,-3214.930708517011,1.237910590086072
T05_B_position_lt,11,2026,18,14,77.77777777777779,18618.700716749256,1034.3722620416254,-1817.900438506404,-1817.9004385064036,10733.999437117163,-3925.9095435038257,1.5152196365379411
T05_B_position_lt,20,2020-2023,47,15,31.914893617021278,-1805.8294137999983,-38.421902421276556,-334.77510919999986,-3366.644805400003,1880.1966190000003,-899.4738247999976,-0.47794035729830514
T05_B_position_lt,20,2024,13,8,61.53846153846154,564.1564362000029,43.39664893846176,-902.7021053999996,-1746.379459799995,2400.764726600002,-2440.193581399999,0.1351319985635141
T05_B_position_lt,20,2025,15,10,66.66666666666666,14016.552275000038,934.4368183333359,-1400.758823340002,-2286.546256399997,9360.565016688022,-3443.7532789400066,1.0593640594235687
T05_B_position_lt,20,2026,18,13,72.22222222222221,16477.07326990801,915.3929594393339,-1934.223905648003,-1934.223905648003,10366.805309304,-4282.014658915992,1.3369220421715242
T05_B_position_avail,5,2020-2023,51,22,43.13725490196079,237.04599700007753,4.647960725491717,-290.20222730000023,-1762.0344840499674,2046.3867797500097,-777.1919102999964,-0.14497929292847944
T05_B_position_avail,5,2024,15,11,73.33333333333333,2642.2202101000366,176.14801400666911,-831.6945564499983,-1383.9246236499966,2626.772106650009,-2214.064320349993,0.7053842866277605
T05_B_position_avail,5,2025,17,11,64.70588235294117,16215.420004050084,953.8482355323579,-1187.9773081499989,-2222.4880647999853,9984.762782172009,-3062.3823282349767,1.1490606175293454
T05_B_position_avail,5,2026,18,14,77.77777777777779,20046.45234797711,1113.6917971098394,-1740.351460411992,-1740.3514604119919,10978.795522326014,-3688.5061332289843,1.634084699448915
T05_B_position_avail,11,2020-2023,51,22,43.13725490196079,-591.0550466000693,-11.589314639217045,-308.03138006000154,-2337.180502590054,1979.9107154499945,-822.8772426600044,-0.26479095317002416
T05_B_position_avail,11,2024,15,10,66.66666666666666,2205.7579022199498,147.05052681466333,-856.870384190006,-1481.994292030009,2536.3691546299924,-2304.516024770015,0.5859863688658805
T05_B_position_avail,11,2025,17,11,64.70588235294117,15201.26395130996,894.19199713588,-1268.878427937001,-2382.720302560014,9735.083675978385,-3214.930708517011,1.0299045619811187
T05_B_position_avail,11,2026,18,14,77.77777777777779,18618.700716749256,1034.3722620416254,-1817.900438506404,-1817.9004385064036,10733.999437117163,-3925.9095435038257,1.5152196365379411
T05_B_position_avail,20,2020-2023,51,18,35.294117647058826,-1833.2066119999963,-35.945227686274436,-334.77510919999986,-3234.049813800004,1880.1966190000003,-899.4738247999976,-0.44450844353230046
T05_B_position_avail,20,2024,15,10,66.66666666666666,1551.0644404000016,103.40429602666677,-902.7021053999996,-1746.379459799995,2400.764726600002,-2440.193581399999,0.4068894922231109
T05_B_position_avail,20,2025,17,11,64.70588235294117,13680.029872200037,804.7076395411787,-1400.758823340002,-2623.0686591999984,9360.565016688022,-3443.7532789400066,0.8511704786588123
T05_B_position_avail,20,2026,18,13,72.22222222222221,16477.07326990801,915.3929594393339,-1934.223905648003,-1934.223905648003,10366.805309304,-4282.014658915992,1.3369220421715242
T05_AB_position_ge,5,2020-2023,11,5,45.45454545454545,784.2640575500191,71.2967325045472,-270.20222730000023,-555.2805073499876,1633.4674198000084,-613.961084999999,0.024175162552425074
T05_AB_position_ge,5,2024,3,3,100.0,1563.987634350011,521.3292114500036,501.1967205000001,0.0,1563.987634350011,1563.987634350011,2.198470425733466
T05_AB_position_ge,5,2025,8,4,50.0,3448.3885725710206,431.0485715713776,-1244.9581643349811,-1562.270196349993,6255.616933255995,-2983.1405147349797,0.3588931288601527
T05_AB_position_ge,5,2026,8,5,62.5,9313.593940031074,1164.1992425038843,-1740.351460411992,-1740.3514604119919,10728.966035832018,-3423.8247009649713,1.6059510062473163
T05_AB_position_ge,11,2020-2023,11,5,45.45454545454545,588.1343266099796,53.4667569645436,-288.03138006000154,-682.069156170015,1564.9462435599928,-663.4844670000057,-0.09558331685726068
T05_AB_position_ge,11,2024,3,3,100.0,1479.0911555699895,493.0303851899965,476.9988650999949,0.0,1479.0911555699895,1479.0911555699895,2.080077902622437
T05_AB_position_ge,11,2025,8,4,50.0,3048.907534056176,381.113441757022,-1332.878427937001,-1670.0934319700098,6051.879393963187,-3134.6691188170116,0.23932470555019558
T05_AB_position_ge,11,2026,8,5,62.5,8653.77943366814,1081.7224292085175,-1817.900438506404,-1817.9004385064036,10486.257376430367,-3676.1283093230163,1.4870775164560128
T05_AB_position_ge,20,2020-2023,11,4,36.36363636363637,293.93973019999976,26.721793654545433,-314.77510919999986,-872.2521294000016,1462.1644792000006,-737.7695399999993,-0.27522103597174075
T05_AB_position_ge,20,2024,3,3,100.0,1351.746437400001,450.5821458000003,433.2059221999989,0.0,1351.746437400001,1351.746437400001,1.9024891179559542
T05_AB_position_ge,20,2025,8,4,50.0,2449.685976284003,306.2107470355004,-1464.758823340002,-1831.828285399999,5746.273085024004,-3361.962024940007,0.059972070585292636
T05_AB_position_ge,20,2026,8,4,50.0,7664.057674124,958.0072092655,-1934.223905648003,-1934.223905648003,10122.194387328003,-4054.583721859992,1.3087672817691045
T05_AB_position_lt,5,2020-2023,40,17,42.5,-542.2180605499416,-13.55545151374854,-267.5916672999974,-1540.709638499975,840.7004300000062,-691.9075445999952,-0.19124305169339822
T05_AB_position_lt,5,2024,12,8,66.66666666666666,910.2325757500256,75.85271464583546,-831.6945564499983,-1894.51844824999,2337.3840802000086,-2214.064320349993,0.27616756509003576
T05_AB_position_lt,5,2025,9,7,77.77777777777779,12459.031431479063,1384.3368257198958,-693.4468557499968,-776.2178684499922,8430.56952798403,-371.7818043729894,1.7542875944191179
T05_AB_position_lt,5,2026,10,9,90.0,10601.858407946034,1060.1858407946033,-910.7715842519974,-910.7715842519974,6305.819695589998,-149.7554180519873,1.637377181784786
T05_AB_position_lt,11,2020-2023,40,17,42.5,-1174.1893732100489,-29.354734330251222,-283.8855880600022,-1871.924084700031,788.4788659999977,-740.3454781200053,-0.3110693366637042
T05_AB_position_lt,11,2024,12,7,58.333333333333336,558.6667466499603,46.55556222083002,-856.870384190006,-2048.3982261500205,2247.40697643999,-2304.516024770015,0.15651829866544295
T05_AB_position_lt,11,2025,9,7,77.77777777777779,11844.356417253784,1316.039601917087,-719.978322650004,-828.6268705900038,8189.899827164787,-494.8350200206078,1.6354980879924295
T05_AB_position_lt,11,2026,10,9,90.0,9833.921283081116,983.3921283081115,-989.8080005544108,-989.8080005544107,6064.945519097964,-388.74759811443084,1.5185188603780757
T05_AB_position_lt,20,2020-2023,40,14,35.0,-2122.146342199996,-53.0536585549999,-308.32646919999934,-2368.745754000003,710.1465200000002,-813.0023783999986,-0.4908087641191242
T05_AB_position_lt,20,2024,12,7,58.333333333333336,31.318003000000317,2.60983358333336,-902.7021053999996,-2279.2178929999973,2112.4413208000005,-2440.193581399999,-0.022955600971398482
T05_AB_position_lt,20,2025,9,7,77.77777777777779,10922.343895916034,1213.5937662128927,-759.7755230000039,-907.2403737999994,7828.895275936011,-679.4148434919989,1.4573138283524314
T05_AB_position_lt,20,2026,10,9,90.0,8682.01559578401,868.2015595784011,-1108.3626250080051,-1108.3626250080051,5703.634254360004,-747.2358682080012,1.340231378268052
T05_AB_position_avail,5,2020-2023,51,22,43.13725490196079,237.04599700007753,4.647960725491717,-290.20222730000023,-1762.0344840499674,2046.3867797500097,-777.1919102999964,-0.14497929292847944
T05_AB_position_avail,5,2024,15,11,73.33333333333333,2642.2202101000366,176.14801400666911,-831.6945564499983,-1383.9246236499966,2626.772106650009,-2214.064320349993,0.7053842866277605
T05_AB_position_avail,5,2025,17,11,64.70588235294117,16215.420004050084,953.8482355323579,-1187.9773081499989,-2222.4880647999853,9984.762782172009,-3062.3823282349767,1.1490606175293454
T05_AB_position_avail,5,2026,18,14,77.77777777777779,20046.45234797711,1113.6917971098394,-1740.351460411992,-1740.3514604119919,10978.795522326014,-3688.5061332289843,1.634084699448915
T05_AB_position_avail,11,2020-2023,51,22,43.13725490196079,-591.0550466000693,-11.589314639217045,-308.03138006000154,-2337.180502590054,1979.9107154499945,-822.8772426600044,-0.26479095317002416
T05_AB_position_avail,11,2024,15,10,66.66666666666666,2205.7579022199498,147.05052681466333,-856.870384190006,-1481.994292030009,2536.3691546299924,-2304.516024770015,0.5859863688658805
T05_AB_position_avail,11,2025,17,11,64.70588235294117,15201.26395130996,894.19199713588,-1268.878427937001,-2382.720302560014,9735.083675978385,-3214.930708517011,1.0299045619811187
T05_AB_position_avail,11,2026,18,14,77.77777777777779,18618.700716749256,1034.3722620416254,-1817.900438506404,-1817.9004385064036,10733.999437117163,-3925.9095435038257,1.5152196365379411
T05_AB_position_avail,20,2020-2023,51,18,35.294117647058826,-1833.2066119999963,-35.945227686274436,-334.77510919999986,-3234.049813800004,1880.1966190000003,-899.4738247999976,-0.44450844353230046
T05_AB_position_avail,20,2024,15,10,66.66666666666666,1551.0644404000016,103.40429602666677,-902.7021053999996,-1746.379459799995,2400.764726600002,-2440.193581399999,0.4068894922231109
T05_AB_position_avail,20,2025,17,11,64.70588235294117,13680.029872200037,804.7076395411787,-1400.758823340002,-2623.0686591999984,9360.565016688022,-3443.7532789400066,0.8511704786588123
T05_AB_position_avail,20,2026,18,13,72.22222222222221,16477.07326990801,915.3929594393339,-1934.223905648003,-1934.223905648003,10366.805309304,-4282.014658915992,1.3369220421715242
T05_A_tail_ge,5,2020-2023,32,14,43.75,25.057138000051054,0.7830355625015955,-267.5916672999974,-1875.6987568999702,1773.3249049500118,-691.9075445999952,-0.2485118574762588
T05_A_tail_ge,5,2024,13,10,76.92307692307693,1650.6305146500345,126.97157805000265,-831.6945564499983,-1382.3697638999947,2253.9297070000102,-2214.064320349993,0.5033369206752261
T05_A_tail_ge,5,2025,11,8,72.72727272727273,10123.876980909048,920.3524528099134,-1187.9773081499989,-1490.0899715499945,7096.691895704025,-1762.953363099994,1.1888754080332153
T05_A_tail_ge,5,2026,11,10,90.9090909090909,11828.520614226072,1075.3200558387339,-1740.351460411992,-1740.3514604119919,6658.400814216009,-1214.8347776599696,1.6547036552542276
T05_A_tail_ge,11,2020-2023,32,13,40.625,-513.6781364000433,-16.052441762501353,-283.8855880600022,-2203.5190251800286,1689.9313908899933,-740.3454781200053,-0.36837957910341457
T05_A_tail_ge,11,2024,13,9,69.23076923076923,1275.8506122299514,98.14235478691934,-856.870384190006,-1447.645640580009,2162.7768753999917,-2304.516024770015,0.38382345703067294
T05_A_tail_ge,11,2025,11,8,72.72727272727273,9496.946459599778,863.3587690545253,-1226.073957930006,-1600.9364574100107,6857.209565748795,-1852.4392388200101,1.0697503491965024
T05_A_tail_ge,11,2026,11,10,90.9090909090909,10988.22991449714,998.9299922270128,-1817.900438506404,-1817.9004385064036,6421.32977687518,-1449.36432045202,1.5358586972637414
T05_A_tail_ge,20,2020-2023,32,10,31.25,-1321.781047999997,-41.30565774999991,-308.32646919999934,-2695.249427600005,1564.841119800003,-813.0023783999986,-0.5481811615441097
T05_A_tail_ge,20,2024,13,9,69.23076923076923,713.6807585999995,54.898519892307654,-902.7021053999996,-1662.840120799996,2026.0476280000003,-2440.193581399999,0.20455326156389855
T05_A_tail_ge,20,2025,11,8,72.72727272727273,8556.55067763602,777.8682434214563,-1283.2189326000007,-1767.2061861999973,6497.986070816005,-1986.6680524000003,0.8910627609414643
T05_A_tail_ge,20,2026,11,9,81.81818181818183,9727.793864904,884.3448968094546,-1934.223905648003,-1934.223905648003,6065.723220864005,-1801.1586346400145,1.3575912602780493
T05_A_tail_lt,5,2020-2023,34,18,52.94117647058824,364.03195880005296,10.706822317648616,-290.20222730000023,-538.9780837999915,860.7004300000062,-762.7117561999967,0.010693509003484153
T05_A_tail_lt,5,2024,12,9,75.0,2271.863282500024,189.32194020833535,-831.6945564499983,-1654.386617549997,2578.585503900009,-1654.386617549997,0.7571422839383182
T05_A_tail_lt,5,2025,13,8,61.53846153846154,12581.214328583075,967.7857175833135,-1244.9581643349811,-1268.422910699992,9856.762782172009,-2430.6100623349776,1.1538678227050554
T05_A_tail_lt,5,2026,12,9,75.0,14475.212767789053,1206.2677306490878,-1103.383088564995,-1981.1546728169924,10978.795522326014,-2561.244824804977,1.7546211886590906
T05_A_tail_lt,11,2020-2023,34,18,52.94117647058824,-201.59409064005013,-5.929237960001474,-308.03138006000154,-676.3046540700416,808.4788659999977,-817.4165836400061,-0.10902624039433881
T05_A_tail_lt,11,2024,12,8,66.66666666666666,1929.7453014999628,160.81210845833024,-856.870384190006,-1744.9821986100105,2489.604188579993,-1744.9821986100105,0.6377841836897772
T05_A_tail_lt,11,2025,13,8,61.53846153846154,11803.416206882579,907.9550928371215,-1332.878427937001,-1346.3436035400082,9607.083675978385,-2570.5734835370095,1.034715088815671
T05_A_tail_lt,11,2026,12,9,75.0,13519.253630735686,1126.6044692279738,-1184.201104443011,-2141.0091049974217,10733.999437117163,-2815.035871371023,1.6358242482177623
T05_A_tail_lt,20,2020-2023,34,16,47.05882352941176,-1050.033164799992,-30.883328376470352,-334.77510919999986,-1271.8693074000003,730.1465200000002,-899.4738247999976,-0.2886058644910282
T05_A_tail_lt,20,2024,12,8,66.66666666666666,1416.5683299999982,118.04736083333319,-902.7021053999996,-1880.875570199998,2356.1322155999987,-1880.875570199998,0.4587470333170112
T05_A_tail_lt,20,2025,13,8,61.53846153846154,10636.719024332036,818.209155717849,-1464.758823340002,-1464.758823340002,9232.565016688022,-2780.51861534001,0.8559859879816281
T05_A_tail_lt,20,2026,12,9,75.0,12085.31492515601,1007.1095770963342,-1305.428128259984,-2380.790753267989,10366.805309304,-3195.722441219994,1.4576288375558153
T05_A_tail_avail,5,2020-2023,51,22,43.13725490196079,237.04599700007753,4.647960725491717,-290.20222730000023,-1762.0344840499674,2046.3867797500097,-777.1919102999964,-0.14497929292847944
T05_A_tail_avail,5,2024,15,11,73.33333333333333,2642.2202101000366,176.14801400666911,-831.6945564499983,-1383.9246236499966,2626.772106650009,-2214.064320349993,0.7053842866277605
T05_A_tail_avail,5,2025,17,11,64.70588235294117,16215.420004050084,953.8482355323579,-1187.9773081499989,-2222.4880647999853,9984.762782172009,-3062.3823282349767,1.1490606175293454
T05_A_tail_avail,5,2026,18,14,77.77777777777779,20046.45234797711,1113.6917971098394,-1740.351460411992,-1740.3514604119919,10978.795522326014,-3688.5061332289843,1.634084699448915
T05_A_tail_avail,11,2020-2023,51,22,43.13725490196079,-591.0550466000693,-11.589314639217045,-308.03138006000154,-2337.180502590054,1979.9107154499945,-822.8772426600044,-0.26479095317002416
T05_A_tail_avail,11,2024,15,10,66.66666666666666,2205.7579022199498,147.05052681466333,-856.870384190006,-1481.994292030009,2536.3691546299924,-2304.516024770015,0.5859863688658805
T05_A_tail_avail,11,2025,17,11,64.70588235294117,15201.26395130996,894.19199713588,-1268.878427937001,-2382.720302560014,9735.083675978385,-3214.930708517011,1.0299045619811187
T05_A_tail_avail,11,2026,18,14,77.77777777777779,18618.700716749256,1034.3722620416254,-1817.900438506404,-1817.9004385064036,10733.999437117163,-3925.9095435038257,1.5152196365379411
T05_A_tail_avail,20,2020-2023,51,18,35.294117647058826,-1833.2066119999963,-35.945227686274436,-334.77510919999986,-3234.049813800004,1880.1966190000003,-899.4738247999976,-0.44450844353230046
T05_A_tail_avail,20,2024,15,10,66.66666666666666,1551.0644404000016,103.40429602666677,-902.7021053999996,-1746.379459799995,2400.764726600002,-2440.193581399999,0.4068894922231109
T05_A_tail_avail,20,2025,17,11,64.70588235294117,13680.029872200037,804.7076395411787,-1400.758823340002,-2623.0686591999984,9360.565016688022,-3443.7532789400066,0.8511704786588123
T05_A_tail_avail,20,2026,18,13,72.22222222222221,16477.07326990801,915.3929594393339,-1934.223905648003,-1934.223905648003,10366.805309304,-4282.014658915992,1.3369220421715242
T05_B_tail_ge,5,2020-2023,40,15,37.5,207.68211155005883,5.192052788751471,-290.20222730000023,-1403.8709616499727,2046.3867797500097,-727.3868061499979,-0.16420755018772532
T05_B_tail_ge,5,2024,11,8,72.72727272727273,1675.2451621000328,152.29501473636662,-831.6945564499983,-831.6945564499983,2052.935469050015,-1394.4819787499982,0.5626582699045657
T05_B_tail_ge,5,2025,15,9,60.0,14351.775209607073,956.7850139738049,-1187.9773081499989,-2222.4880647999853,9984.762782172009,-3062.3823282349767,1.1136812984398299
T05_B_tail_ge,5,2026,14,10,71.42857142857143,15234.087123894096,1088.1490802781498,-1740.351460411992,-1740.3514604119919,10761.966035832018,-3721.5061332289843,1.5705841154815647
T05_B_tail_ge,11,2020-2023,40,15,37.5,-413.20795459005035,-10.330198864751258,-308.03138006000154,-1733.9699156300285,1979.9107154499945,-774.7917335300044,-0.2840130562395166
T05_B_tail_ge,11,2024,11,7,63.63636363636363,1355.4175166199675,123.21977423817886,-856.870384190006,-856.870384190006,1963.348231909993,-1485.1015132500106,0.4431965203579851
T05_B_tail_ge,11,2025,15,9,60.0,13488.930823535356,899.2620549023571,-1268.878427937001,-2382.720302560014,9735.083675978385,-3214.930708517011,0.9945063556842183
T05_B_tail_ge,11,2026,14,10,71.42857142857143,14103.361962166673,1007.3829972976195,-1817.900438506404,-1817.9004385064036,10519.257376430367,-3958.9095435038257,1.4516830347362126
T05_B_tail_ge,20,2020-2023,40,13,32.5,-1344.5430538000019,-33.61357634500005,-334.77510919999986,-2478.3859010000033,1880.1966190000003,-845.8991246000005,-0.46372131531716365
T05_B_tail_ge,20,2024,11,7,63.63636363636363,875.6760484000042,79.60691349090948,-894.6341257999993,-894.6341257999993,1828.967376200002,-1621.0308149999983,0.2640038960381652
T05_B_tail_ge,20,2025,15,9,60.0,12194.66424442803,812.977616295202,-1400.758823340002,-2623.0686591999984,9360.565016688022,-3443.7532789400066,0.8157439415508373
T05_B_tail_ge,20,2026,14,9,64.28571428571429,12407.274219576007,886.2338728268577,-1934.223905648003,-1934.223905648003,10155.194387328003,-4315.014658915992,1.2733314136182337
T05_B_tail_lt,5,2020-2023,47,18,38.297872340425535,-105.63321734993042,-2.247515262764477,-290.20222730000023,-1996.6563321499543,2046.3867797500097,-777.1919102999964,-0.20821861036997627
T05_B_tail_lt,5,2024,9,6,66.66666666666666,2157.9216710500186,239.76907456111317,-821.1372013499968,-1383.9246236499966,2626.772106650009,-1383.9246236499966,1.0245243538602211
T05_B_tail_lt,5,2025,12,8,66.66666666666666,11339.393493051055,944.9494577542546,-1187.9773081499989,-1978.3754013999896,8910.850419791,-3120.3823282349767,1.106424319721014
T05_B_tail_lt,5,2026,17,13,76.47058823529412,18503.536538022105,1088.4433257660062,-1740.351460411992,-1740.3514604119919,10978.795522326014,-3688.5061332289843,1.5801983030382036
T05_B_tail_lt,11,2020-2023,47,18,38.297872340425535,-864.6849581700642,-18.397552301490727,-308.03138006000154,-2546.095570730049,1979.9107154499945,-822.8772426600044,-0.3280638274612471
T05_B_tail_lt,11,2024,9,6,66.66666666666666,1885.2602763099676,209.47336403444083,-853.7631629700045,-1481.994292030009,2536.3691546299924,-1481.994292030009,0.9053182623146062
T05_B_tail_lt,11,2025,12,8,66.66666666666666,10564.498363912167,880.3748636593473,-1268.878427937001,-2065.857803080009,8674.457746740183,-3272.930708517011,0.9872598610660513
T05_B_tail_lt,11,2026,17,13,76.47058823529412,17147.256642848268,1008.6621554616628,-1817.900438506404,-1817.9004385064036,10733.999437117163,-3925.9095435038257,1.4613018063578287
T05_B_tail_lt,20,2020-2023,47,14,29.78723404255319,-2003.262569399998,-42.62260785957442,-334.77510919999986,-3370.254428600003,1880.1966190000003,-899.4738247999976,-0.5078316530981131
T05_B_tail_lt,20,2024,9,6,66.66666666666666,1476.268184200002,164.02979824444466,-902.7021053999996,-1629.0987945999987,2400.764726600002,-1629.0987945999987,0.726509124996233
T05_B_tail_lt,20,2025,12,8,66.66666666666666,9402.155670204025,783.5129725170021,-1400.758823340002,-2197.0814056000017,8319.868737164004,-3501.7532789400066,0.8085131730836407
T05_B_tail_lt,20,2026,17,12,70.58823529411765,15112.836800088015,888.9904000051773,-1934.223905648003,-1934.223905648003,10366.805309304,-4282.014658915992,1.2829570613373094
T05_B_tail_avail,5,2020-2023,51,22,43.13725490196079,237.04599700007753,4.647960725491717,-290.20222730000023,-1762.0344840499674,2046.3867797500097,-777.1919102999964,-0.14497929292847944
T05_B_tail_avail,5,2024,15,11,73.33333333333333,2642.2202101000366,176.14801400666911,-831.6945564499983,-1383.9246236499966,2626.772106650009,-2214.064320349993,0.7053842866277605
T05_B_tail_avail,5,2025,17,11,64.70588235294117,16215.420004050084,953.8482355323579,-1187.9773081499989,-2222.4880647999853,9984.762782172009,-3062.3823282349767,1.1490606175293454
T05_B_tail_avail,5,2026,18,14,77.77777777777779,20046.45234797711,1113.6917971098394,-1740.351460411992,-1740.3514604119919,10978.795522326014,-3688.5061332289843,1.634084699448915
T05_B_tail_avail,11,2020-2023,51,22,43.13725490196079,-591.0550466000693,-11.589314639217045,-308.03138006000154,-2337.180502590054,1979.9107154499945,-822.8772426600044,-0.26479095317002416
T05_B_tail_avail,11,2024,15,10,66.66666666666666,2205.7579022199498,147.05052681466333,-856.870384190006,-1481.994292030009,2536.3691546299924,-2304.516024770015,0.5859863688658805
T05_B_tail_avail,11,2025,17,11,64.70588235294117,15201.26395130996,894.19199713588,-1268.878427937001,-2382.720302560014,9735.083675978385,-3214.930708517011,1.0299045619811187
T05_B_tail_avail,11,2026,18,14,77.77777777777779,18618.700716749256,1034.3722620416254,-1817.900438506404,-1817.9004385064036,10733.999437117163,-3925.9095435038257,1.5152196365379411
T05_B_tail_avail,20,2020-2023,51,18,35.294117647058826,-1833.2066119999963,-35.945227686274436,-334.77510919999986,-3234.049813800004,1880.1966190000003,-899.4738247999976,-0.44450844353230046
T05_B_tail_avail,20,2024,15,10,66.66666666666666,1551.0644404000016,103.40429602666677,-902.7021053999996,-1746.379459799995,2400.764726600002,-2440.193581399999,0.4068894922231109
T05_B_tail_avail,20,2025,17,11,64.70588235294117,13680.029872200037,804.7076395411787,-1400.758823340002,-2623.0686591999984,9360.565016688022,-3443.7532789400066,0.8511704786588123
T05_B_tail_avail,20,2026,18,13,72.22222222222221,16477.07326990801,915.3929594393339,-1934.223905648003,-1934.223905648003,10366.805309304,-4282.014658915992,1.3369220421715242
T05_AB_tail_ge,5,2020-2023,21,8,38.095238095238095,95.69325255003244,4.556821550001545,-219.39801569999872,-1310.7171786999788,1638.2854497500102,-626.8077601499954,-0.3071387864057523
T05_AB_tail_ge,5,2024,9,7,77.77777777777779,686.6554666500306,76.2950518500034,-886.6945564499983,-886.6945564499983,1438.891645700016,-1434.5638984499928,0.23626703820358122
T05_AB_tail_ge,5,2025,9,6,66.66666666666666,8202.232186466037,911.3591318295597,-1187.9773081499989,-1548.0899715499945,7096.691895704025,-1820.953363099994,1.108852992849049
T05_AB_tail_ge,5,2026,7,6,85.71428571428571,6983.15539014306,997.5936271632943,-1740.351460411992,-1740.3514604119919,6116.260260820018,-611.0206806319625,1.5313598633167131
T05_AB_tail_ge,11,2020-2023,21,7,33.33333333333333,-235.83104439002432,-11.230049732858301,-235.8000789300022,-1544.2645131400186,1578.561869449992,-670.9023123300049,-0.4270241512544119
T05_AB_tail_ge,11,2024,9,6,66.66666666666666,428.5102266299691,47.6122474033299,-911.870384190006,-911.870384190006,1347.5587405399892,-1514.9739765900122,0.11662420420765068
T05_AB_tail_ge,11,2025,9,6,66.66666666666666,7726.613331825174,858.5125924250193,-1226.073957930006,-1658.9364574100107,6857.209565748795,-1910.4392388200101,0.9897033434914752
T05_AB_tail_ge,11,2026,7,6,85.71428571428571,6439.891159914558,919.9844514163653,-1817.900438506404,-1817.9004385064036,5881.024650603984,-847.5775645904145,1.4124543581834648
T05_AB_tail_ge,20,2020-2023,21,6,28.57142857142857,-733.1174898000027,-34.910356657142984,-262.8203525999997,-1894.5855148000046,1488.9764989999985,-737.0441406000008,-0.606852198527366
T05_AB_tail_ge,20,2024,9,6,66.66666666666666,41.292366600002595,4.588040733333622,-949.6341257999992,-949.6341257999992,1210.559382800002,-1635.5890938000011,-0.06284004678618721
T05_AB_tail_ge,20,2025,9,6,66.66666666666666,7013.185049864012,779.2427833182236,-1283.2189326000007,-1825.2061861999973,6497.986070816005,-2044.6680524000003,0.81097886945515
T05_AB_tail_ge,20,2026,7,5,71.42857142857143,5624.994814571997,803.5706877959996,-1934.223905648003,-1934.223905648003,5528.17123528001,-1202.4128905280086,1.2340961004836344
T05_AB_tail_lt,5,2020-2023,30,14,46.666666666666664,21.352744450045066,0.7117581483348355,-290.20222730000023,-585.0707398499835,860.7004300000062,-762.7117561999967,-0.06762504806393241
T05_AB_tail_lt,5,2024,6,4,66.66666666666666,1787.564743450006,297.9274572416677,-821.1372013499968,-822.6920610999987,2517.4800688500036,-729.9153253999975,1.2876103820975666
T05_AB_tail_lt,5,2025,8,5,62.5,7705.187817584047,963.1484771980058,-1244.9581643349811,-1244.9581643349811,8265.506428852008,-2035.356257584972,1.093307781208804
T05_AB_tail_lt,5,2026,11,8,72.72727272727273,12997.296957834049,1181.5724507121863,-1103.383088564995,-1981.1546728169924,10978.795522326014,-2561.244824804977,1.6916885258046486
T05_AB_tail_lt,11,2020-2023,30,14,46.666666666666664,-475.224002210045,-15.840800073668166,-308.03138006000154,-885.2197222100367,808.4788659999977,-817.4165836400061,-0.1873851150804967
T05_AB_tail_lt,11,2024,6,4,66.66666666666666,1609.2476755899806,268.20794593166346,-853.7631629700045,-888.1118144200045,2433.9393914699904,-824.6917158800097,1.1685798386867623
T05_AB_tail_lt,11,2025,8,5,62.5,7166.650619484786,895.8313274355983,-1332.878427937001,-1332.878427937001,8021.417545074393,-2172.662273087004,0.9741445186960922
T05_AB_tail_lt,11,2026,11,8,72.72727272727273,12112.809556834698,1101.1645051667908,-1184.201104443011,-2141.0091049974217,10733.999437117163,-2815.035871371023,1.5728491988533042
T05_AB_tail_lt,20,2020-2023,30,12,40.0,-1220.0891221999937,-40.66963740666645,-334.77510919999986,-1408.0739221999993,730.1465200000002,-899.4738247999976,-0.3670252156052985
T05_AB_tail_lt,20,2024,6,4,66.66666666666666,1341.772073799999,223.62867896666648,-902.7021053999996,-986.2414443999986,2308.6283753999996,-966.8563016000006,0.9900340235705949
T05_AB_tail_lt,20,2025,8,5,62.5,6358.844822336025,794.8556027920031,-1464.758823340002,-1464.758823340002,7655.284219408015,-2378.621296340003,0.7953996249270574
T05_AB_tail_lt,20,2026,11,8,72.72727272727273,10786.078455336014,980.5525868487285,-1305.428128259984,-2380.790753267989,10366.805309304,-3195.722441219994,1.3945902084263324
T05_AB_tail_avail,5,2020-2023,51,22,43.13725490196079,237.04599700007753,4.647960725491717,-290.20222730000023,-1762.0344840499674,2046.3867797500097,-777.1919102999964,-0.14497929292847944
T05_AB_tail_avail,5,2024,15,11,73.33333333333333,2642.2202101000366,176.14801400666911,-831.6945564499983,-1383.9246236499966,2626.772106650009,-2214.064320349993,0.7053842866277605
T05_AB_tail_avail,5,2025,17,11,64.70588235294117,16215.420004050084,953.8482355323579,-1187.9773081499989,-2222.4880647999853,9984.762782172009,-3062.3823282349767,1.1490606175293454
T05_AB_tail_avail,5,2026,18,14,77.77777777777779,20046.45234797711,1113.6917971098394,-1740.351460411992,-1740.3514604119919,10978.795522326014,-3688.5061332289843,1.634084699448915
T05_AB_tail_avail,11,2020-2023,51,22,43.13725490196079,-591.0550466000693,-11.589314639217045,-308.03138006000154,-2337.180502590054,1979.9107154499945,-822.8772426600044,-0.26479095317002416
T05_AB_tail_avail,11,2024,15,10,66.66666666666666,2205.7579022199498,147.05052681466333,-856.870384190006,-1481.994292030009,2536.3691546299924,-2304.516024770015,0.5859863688658805
T05_AB_tail_avail,11,2025,17,11,64.70588235294117,15201.26395130996,894.19199713588,-1268.878427937001,-2382.720302560014,9735.083675978385,-3214.930708517011,1.0299045619811187
T05_AB_tail_avail,11,2026,18,14,77.77777777777779,18618.700716749256,1034.3722620416254,-1817.900438506404,-1817.9004385064036,10733.999437117163,-3925.9095435038257,1.5152196365379411
T05_AB_tail_avail,20,2020-2023,51,18,35.294117647058826,-1833.2066119999963,-35.945227686274436,-334.77510919999986,-3234.049813800004,1880.1966190000003,-899.4738247999976,-0.44450844353230046
T05_AB_tail_avail,20,2024,15,10,66.66666666666666,1551.0644404000016,103.40429602666677,-902.7021053999996,-1746.379459799995,2400.764726600002,-2440.193581399999,0.4068894922231109
T05_AB_tail_avail,20,2025,17,11,64.70588235294117,13680.029872200037,804.7076395411787,-1400.758823340002,-2623.0686591999984,9360.565016688022,-3443.7532789400066,0.8511704786588123
T05_AB_tail_avail,20,2026,18,13,72.22222222222221,16477.07326990801,915.3929594393339,-1934.223905648003,-1934.223905648003,10366.805309304,-4282.014658915992,1.3369220421715242
