date,cash,receivable,shares,settled_next_day,dividend_tax_reserve,fees,dividend_tax_paid,dividend_received,buy_quantity,sell_quantity,restoration_missing_shares,equity_open_before,equity_open,equity_close,hold_equity_open,hold_equity_after,hold_equity_close,relative_equity,restore_cash_gap
2020-01-02,23861.071773800002,0,0,0,0.0,23.738226200000003,0.0,0.0,0,1000,0,23844.0,23844.0,23861.071773800002,23844.0,23844.0,23894.0,-32.92822619999788,0.0
2020-01-03,5376.4671891,0,1000,1000,0.0,5.3695847,0.0,0.0,1000,0,0,23861.071773800002,23846.4671891,23596.4671891,24004.0,23984.0,23734.0,-137.5328109000002,0.0
2020-01-06,23244.2683181,0,0,0,0.0,23.248871,0.0,0.0,0,1000,0,23386.4671891,23386.4671891,23244.2683181,23524.0,23524.0,23414.0,-169.7316819000007,0.0
2020-01-07,5410.001739899999,0,1000,1000,0.0,5.3565782,0.0,0.0,1000,0,0,23244.2683181,23230.0017399,23270.0017399,23434.0,23334.0,23374.0,-103.99826010000106,0.0
2020-01-08,22898.3802751,0,0,0,0.0,22.861464800000004,0.0,0.0,0,1000,0,23030.0017399,23030.0017399,22898.3802751,23134.0,23134.0,23034.0,-135.6197248999997,0.0
2020-01-09,5094.129297200001,0,1000,1000,0.0,5.3559779,0.0,0.0,1000,0,0,22898.3802751,22884.1292972,23394.1292972,23164.0,23304.0,23814.0,-419.870702799999,0.0
2020-01-10,23091.7328925,0,0,0,0.0,23.3814047,0.0,0.0,0,1000,0,23504.1292972,23504.1292972,23091.7328925,23924.0,23924.0,23544.0,-452.26710749999984,0.0
2020-01-13,5227.450714000002,0,1000,1000,0.0,5.3571785,0.0,0.0,1000,0,0,23091.7328925,23077.450714000002,23837.450714000002,23534.0,23364.0,24124.0,-286.54928599999766,0.0
2020-01-14,23584.5072929,0,0,0,0.0,23.7484211,0.0,0.0,0,1000,0,23877.450714000002,23877.450714000002,23584.5072929,24164.0,24164.0,23904.0,-319.49270709999837,0.0
2020-01-15,5059.881907800005,0,1000,1000,0.0,5.3703851,0.0,0.0,1000,0,0,23584.5072929,23569.881907800005,23759.881907800005,23864.0,24024.0,24214.0,-454.11809219999486,0.0
2020-01-16,23436.908096900006,0,0,0,0.0,23.768810900000002,0.0,0.0,0,1000,0,23709.881907800005,23709.881907800005,23436.908096900006,24164.0,24164.0,23924.0,-487.09190309999394,0.0
2020-01-17,5022.339912900006,0,1000,1000,0.0,5.368184,0.0,0.0,1000,0,0,23436.908096900006,23422.339912900006,24012.339912900006,23924.0,23914.0,24504.0,-491.6600870999937,0.0
2020-01-20,24327.952976300006,0,0,0,0.0,24.716936600000004,0.0,0.0,0,1000,0,23902.339912900006,23902.339912900006,24327.952976300006,24394.0,24394.0,24854.0,-526.0470236999936,0.0
2020-01-21,5052.937583700008,0,1000,1000,0.0,5.3853926,0.0,0.0,1000,0,0,24327.952976300006,24312.937583700008,24142.937583700008,24714.0,24774.0,24604.0,-461.06241629999204,0.0
2020-01-22,25866.256217200007,0,0,0,0.0,26.256366500000002,0.0,0.0,0,1000,0,23952.937583700008,23952.937583700008,25866.256217200007,24414.0,24414.0,26364.0,-497.7437827999929,0.0
2020-01-23,5460.653213300007,0,1000,1000,0.0,5.4080039,0.0,0.0,1000,0,0,25866.256217200007,25850.653213300007,25460.653213300007,26014.0,25904.0,25514.0,-53.34678669999266,0.0
2020-02-03,5460.653213300007,0,1000,1000,0.0,0.0,0.0,0.0,0,0,0,23460.653213300007,23460.653213300007,23460.653213300007,23514.0,23514.0,23514.0,-53.34678669999266,0.0
2020-02-04,23448.27200350001,0,0,0,0.0,23.371209800000003,0.0,0.0,0,1000,0,22560.653213300007,22560.653213300007,23448.27200350001,22614.0,22614.0,23534.0,-85.7279964999907,0.0
2020-02-05,5273.828621900011,0,1000,1000,0.0,5.3633816,0.0,0.0,1000,0,0,23448.27200350001,23433.82862190001,23963.82862190001,23674.0,23674.0,24204.0,-240.17137809998894,0.0
2020-02-06,24160.079871100013,0,0,0,0.0,24.288750800000003,0.0,0.0,0,1000,0,23813.82862190001,23813.82862190001,24160.079871100013,24054.0,24054.0,24434.0,-273.9201288999866,0.0
2020-02-07,4785.012477500011,0,1000,1000,0.0,5.3873936,0.0,0.0,1000,0,0,24160.079871100013,24145.01247750001,24085.01247750001,25414.0,24874.0,24814.0,-728.9875224999887,0.0
2020-02-10,23661.278921600013,0,0,0,0.0,24.278555900000004,0.0,0.0,0,1000,0,23685.01247750001,23685.01247750001,23661.278921600013,24414.0,24414.0,24424.0,-762.7210783999872,0.0
2020-02-11,4736.445532500016,0,1000,1000,0.0,5.3783891,0.0,0.0,1000,0,0,23661.278921600013,23646.445532500016,23966.445532500016,24324.0,24424.0,24744.0,-777.5544674999837,0.0
2020-02-12,23852.347299000015,0,0,0,0.0,24.5232335,0.0,0.0,0,1000,0,23816.445532500016,23816.445532500016,23852.347299000015,24594.0,24594.0,24664.0,-811.6527009999845,0.0
2020-02-13,4887.493109500017,0,1000,1000,0.0,5.3791895,0.0,0.0,1000,0,0,23852.347299000015,23837.493109500017,23307.493109500017,24624.0,24464.0,23934.0,-626.5068904999825,0.0
2020-02-14,23204.610468000017,0,0,0,0.0,23.7076415,0.0,0.0,0,1000,0,23147.493109500017,23147.493109500017,23204.610468000017,23774.0,23774.0,23864.0,-659.3895319999829,0.0
2020-02-17,4860.07868470002,0,1000,1000,0.0,5.3667833,0.0,0.0,1000,0,0,23204.610468000017,23190.07868470002,24050.07868470002,23954.0,23844.0,24704.0,-653.92131529998,0.0
2020-02-18,23676.43629820002,0,0,0,0.0,24.217386500000003,0.0,0.0,0,1000,0,24060.07868470002,24060.07868470002,23676.43629820002,24714.0,24714.0,24364.0,-687.5637017999798,0.0
2020-02-19,5041.753712000023,0,1000,1000,0.0,5.3725862,0.0,0.0,1000,0,0,23676.43629820002,23661.753712000023,23531.753712000023,24164.0,24134.0,24004.0,-472.24628799997663,0.0
2020-02-20,23818.172105100024,0,0,0,0.0,24.176606900000003,0.0,0.0,0,1000,0,23631.753712000023,23631.753712000023,23818.172105100024,24104.0,24104.0,24324.0,-505.82789489997595,0.0
2020-02-21,4893.3387160000275,0,1000,1000,0.0,5.3783891,0.0,0.0,1000,0,0,23818.172105100024,23803.338716000027,24493.338716000027,24184.0,24424.0,25114.0,-620.6612839999725,0.0
2020-02-24,24997.736187400027,0,0,0,0.0,25.532528600000003,0.0,0.0,0,1000,0,24643.338716000027,24643.338716000027,24997.736187400027,25264.0,25264.0,25654.0,-656.2638125999729,0.0
2020-02-25,5022.3567878000285,0,1000,1000,0.0,5.3993996,0.0,0.0,1000,0,0,24997.736187400027,24982.35678780003,24982.35678780003,25164.0,25474.0,25474.0,-491.64321219997146,0.0
2020-02-26,23698.92712990003,0,0,0,0.0,24.074657900000002,0.0,0.0,0,1000,0,24572.35678780003,24572.35678780003,23698.92712990003,25064.0,25064.0,24224.0,-525.0728700999716,0.0
2020-02-27,5034.228943400027,0,1000,1000,0.0,5.3731865,0.0,0.0,1000,0,0,23698.92712990003,23684.228943400027,23934.228943400027,24154.0,24164.0,24414.0,-479.77105659997324,0.0
2020-02-28,22083.276054200025,0,0,0,0.0,22.4128892,0.0,0.0,0,1000,0,23114.228943400027,23114.228943400027,22083.276054200025,23594.0,23594.0,22594.0,-510.7239457999749,0.0
2020-03-02,4899.347482500027,0,1000,1000,0.0,5.3435717,0.0,0.0,1000,0,0,22083.276054200025,22069.347482500027,22339.347482500027,22814.0,22684.0,22954.0,-614.6525174999733,0.0
2020-03-03,22307.84757690003,0,0,0,0.0,22.779905600000003,0.0,0.0,0,1000,0,22729.347482500027,22729.347482500027,22307.84757690003,23344.0,23344.0,22954.0,-646.1524230999712,0.0
2020-03-04,5213.965806100026,0,1000,1000,0.0,5.3417708,0.0,0.0,1000,0,0,22307.84757690003,22293.965806100026,21973.965806100026,22744.0,22594.0,22274.0,-300.0341938999736,0.0
2020-03-05,22342.891357700028,0,0,0,0.0,22.494448400000003,0.0,0.0,0,1000,0,22313.965806100026,22313.965806100026,22342.891357700028,22614.0,22614.0,22674.0,-331.1086422999724,0.0
2020-03-06,5409.092788500027,0,1000,1000,0.0,5.3385692,0.0,0.0,1000,0,0,22342.891357700028,22329.092788500027,22399.092788500027,22344.0,22434.0,22504.0,-104.90721149997262,0.0
2020-03-09,21559.50744030003,0,0,0,0.0,21.495348200000002,0.0,0.0,0,1000,0,22089.092788500027,22089.092788500027,21559.50744030003,22194.0,22194.0,21694.0,-134.49255969997103,0.0
2020-03-10,5746.29128230003,0,1000,1000,0.0,5.316158,0.0,0.0,1000,0,0,21559.50744030003,21546.29128230003,22336.29128230003,21494.0,21314.0,22104.0,232.2912823000297,0.0
2020-03-11,22256.158917700028,0,0,0,0.0,21.8623646,0.0,0.0,0,1000,0,22416.29128230003,22416.29128230003,22256.158917700028,22184.0,22184.0,22054.0,202.1589177000278,0.0
2020-03-12,5932.67755460003,0,1000,1000,0.0,5.3263631,0.0,0.0,1000,0,0,22256.158917700028,22242.677554600028,22032.67755460003,21764.0,21824.0,21614.0,418.6775546000317,0.0
2020-03-13,21553.89753610003,0,0,0,0.0,20.9550185,0.0,0.0,0,1000,0,21112.677554600028,21112.677554600028,21553.89753610003,20694.0,20694.0,21164.0,389.89753610003027,0.0
2020-03-16,5940.785380100031,0,1000,1000,0.0,5.312156,0.0,0.0,1000,0,0,21553.89753610003,21540.78538010003,20240.78538010003,21194.0,21114.0,19814.0,426.78538010003103,0.0
2020-03-17,19824.649274200034,0,0,0,0.0,19.1811059,0.0,0.0,0,1000,0,20330.78538010003,20330.78538010003,19824.649274200034,19904.0,19904.0,19424.0,400.6492742000337,0.0
2020-03-18,5662.291132700035,0,1000,1000,0.0,5.2831415,0.0,0.0,1000,0,0,19824.649274200034,19812.291132700033,19222.291132700033,19564.0,19664.0,19074.0,148.2911327000329,0.0
2020-03-19,19146.762822800036,0,0,0,0.0,18.7733099,0.0,0.0,0,1000,0,19212.291132700033,19212.291132700033,19146.762822800036,19064.0,19064.0,19024.0,122.76282280003579,0.0
2020-03-20,5564.706287100036,0,1000,1000,0.0,5.2715357,0.0,0.0,1000,0,0,19146.762822800036,19134.706287100038,19134.706287100038,19194.0,19084.0,19084.0,50.706287100038026,0.0
2020-03-23,18060.682272300037,0,0,0,0.0,17.764014799999998,0.0,0.0,0,1000,0,18664.706287100038,18664.706287100038,18060.682272300037,18614.0,18614.0,18034.0,26.682272300036857,0.0
2020-03-24,5239.020944200038,0,1000,1000,0.0,5.2563281,0.0,0.0,1000,0,0,18060.682272300037,18049.020944200038,18259.020944200038,18264.0,18324.0,18534.0,-274.9790557999622,0.0
2020-03-25,18763.431854700037,0,0,0,0.0,18.8140895,0.0,0.0,0,1000,0,18639.020944200038,18639.020944200038,18763.431854700037,18914.0,18914.0,19064.0,-300.56814529996336,0.0
2020-03-26,5401.489721200038,0,1000,1000,0.0,5.2671335,0.0,0.0,1000,0,0,18763.431854700037,18751.489721200036,18691.489721200036,18924.0,18864.0,18804.0,-112.510278799964,0.0
2020-03-27,18446.629986900036,0,0,0,0.0,18.324734300000003,0.0,0.0,0,1000,0,18901.489721200036,18901.489721200036,18446.629986900036,19014.0,19014.0,18584.0,-137.37001309996413,0.0
2020-03-30,5785.051860400037,0,1000,1000,0.0,5.2531265,0.0,0.0,1000,0,0,18446.629986900036,18435.05186040004,18605.05186040004,18354.0,18164.0,18334.0,271.051860400039,0.0
2020-03-31,18969.979397500036,0,0,0,0.0,18.4674629,0.0,0.0,0,1000,0,19075.05186040004,19075.05186040004,18969.979397500036,18804.0,18804.0,18724.0,245.9793975000357,0.0
2020-04-01,5538.000863300036,0,1000,1000,0.0,5.2685342,0.0,0.0,1000,0,0,18969.979397500036,18958.000863300036,18948.000863300036,18644.0,18934.0,18924.0,24.000863300036144,0.0
2020-04-02,19491.758393100037,0,0,0,0.0,19.2524702,0.0,0.0,0,1000,0,18878.000863300036,18878.000863300036,19491.758393100037,18854.0,18854.0,19494.0,-2.2416068999627896,0.0
2020-04-03,5739.613455700039,0,1000,1000,0.0,5.2749374,0.0,0.0,1000,0,0,19491.758393100037,19479.61345570004,19699.61345570004,19414.0,19254.0,19474.0,225.6134557000405,0.0
2020-04-07,19863.11267220004,0,0,0,0.0,19.4257835,0.0,0.0,0,1000,0,20089.61345570004,20089.61345570004,19863.11267220004,19864.0,19864.0,19664.0,199.11267220004083,0.0
2020-04-08,5750.780531200042,0,1000,1000,0.0,5.282141,0.0,0.0,1000,0,0,19863.11267220004,19850.780531200042,19890.780531200042,19564.0,19614.0,19654.0,236.78053120004188,0.0
2020-04-09,19674.583645700044,0,0,0,0.0,19.221885500000003,0.0,0.0,0,1000,0,19920.780531200042,19920.780531200042,19674.583645700044,19684.0,19684.0,19464.0,210.58364570004414,0.0
2020-04-10,5842.3971075000445,0,1000,1000,0.0,5.2765382,0.0,0.0,1000,0,0,19674.583645700044,19662.397107500045,19462.397107500045,19454.0,19334.0,19134.0,328.3971075000445,0.0
2020-04-13,18967.415814000044,0,0,0,0.0,18.406293500000004,0.0,0.0,0,1000,0,19282.397107500045,19282.397107500045,18967.415814000044,18954.0,18954.0,18664.0,303.4158140000436,0.0
2020-04-14,5605.473680500045,0,1000,1000,0.0,5.2671335,0.0,0.0,1000,0,0,18967.415814000044,18955.473680500043,19415.473680500043,18794.0,18864.0,19324.0,91.47368050004297,0.0
2020-04-15,19449.398354200046,0,0,0,0.0,19.1403263,0.0,0.0,0,1000,0,19415.473680500043,19415.473680500043,19449.398354200046,19324.0,19324.0,19384.0,65.39835420004601,0.0
2020-04-16,5817.315818000046,0,1000,1000,0.0,5.2725362,0.0,0.0,1000,0,0,19449.398354200046,19437.315818000046,19867.315818000046,19264.0,19134.0,19564.0,303.3158180000464,0.0
2020-04-17,19781.05815290005,0,0,0,0.0,19.2626651,0.0,0.0,0,1000,0,20037.315818000046,20037.315818000046,19781.05815290005,19734.0,19734.0,19504.0,277.0581529000483,0.0
2020-04-20,5688.73641210005,0,1000,1000,0.0,5.2817408,0.0,0.0,1000,0,0,19781.05815290005,19768.73641210005,20158.73641210005,19574.0,19594.0,19984.0,174.73641210005007,0.0
2020-04-21,19822.22043370005,0,0,0,0.0,19.435978400000003,0.0,0.0,0,1000,0,19988.73641210005,19988.73641210005,19822.22043370005,19814.0,19814.0,19674.0,148.22043370005122,0.0
2020-04-22,5809.9402937000505,0,1000,1000,0.0,5.28014,0.0,0.0,1000,0,0,19822.22043370005,19809.94029370005,19869.94029370005,19574.0,19514.0,19574.0,295.94029370004864,0.0
2020-04-23,19743.72821330005,0,0,0,0.0,19.2320804,0.0,0.0,0,1000,0,20059.94029370005,20059.94029370005,19743.72821330005,19764.0,19764.0,19474.0,269.7282133000517,0.0
2020-04-24,5711.437673100054,0,1000,1000,0.0,5.2805402,0.0,0.0,1000,0,0,19743.72821330005,19731.437673100052,19661.437673100052,19474.0,19534.0,19464.0,197.43767310005205,0.0
2020-04-27,19635.240787600058,0,0,0,0.0,19.221885500000003,0.0,0.0,0,1000,0,19711.437673100052,19711.437673100052,19635.240787600058,19514.0,19514.0,19464.0,171.24078760005796,0.0
2020-04-28,5582.939847200059,0,1000,1000,0.0,5.2809404,0.0,0.0,1000,0,0,19635.240787600058,19622.93984720006,19792.93984720006,19524.0,19554.0,19724.0,68.9398472000612,0.0
2020-04-29,19796.30230960006,0,0,0,0.0,19.517537600000004,0.0,0.0,0,1000,0,19742.93984720006,19742.93984720006,19796.30230960006,19674.0,19674.0,19754.0,42.30230960006156,0.0
2020-04-30,5333.7881651000625,0,1000,1000,0.0,5.2891445,0.0,0.0,1000,0,0,19796.30230960006,19783.788165100064,20023.788165100064,19824.0,19964.0,20204.0,-180.21183489993564,0.0
2020-05-06,20066.360492700063,0,0,0,0.0,20.047672400000003,0.0,0.0,0,1000,0,19763.788165100064,19763.788165100064,20066.360492700063,19944.0,19944.0,20274.0,-207.63950729993667,0.0
2020-05-07,5403.742346200064,0,1000,1000,0.0,5.2931465,0.0,0.0,1000,0,0,20066.360492700063,20053.742346200066,19783.742346200066,20264.0,20164.0,19894.0,-110.2576537999339,0.0
2020-05-08,19816.800910600065,0,0,0,0.0,19.7214356,0.0,0.0,0,1000,0,19883.742346200066,19883.742346200066,19816.800910600065,19994.0,19994.0,19954.0,-137.19908939993547,0.0
2020-05-11,5314.265965700066,0,1000,1000,0.0,5.2899449,0.0,0.0,1000,0,0,19816.800910600065,19804.265965700066,19834.265965700066,20014.0,20004.0,20034.0,-199.73403429993414,0.0
2020-05-12,19517.643623000065,0,0,0,0.0,19.507342700000002,0.0,0.0,0,1000,0,19764.265965700066,19764.265965700066,19517.643623000065,19964.0,19964.0,19744.0,-226.35637699993458,0.0
2020-05-13,5455.3374825000665,0,1000,1000,0.0,5.2811405,0.0,0.0,1000,0,0,19517.643623000065,19505.337482500065,19635.337482500065,19614.0,19564.0,19694.0,-58.66251749993535,0.0
2020-05-14,19119.535664400068,0,0,0,0.0,18.9568181,0.0,0.0,0,1000,0,19525.337482500065,19525.337482500065,19119.535664400068,19584.0,19584.0,19204.0,-84.46433559993238,0.0
2020-05-15,5407.411527400069,0,1000,1000,0.0,5.274137,0.0,0.0,1000,0,0,19119.535664400068,19107.41152740007,19197.41152740007,19254.0,19214.0,19304.0,-106.58847259993126,0.0
2020-05-18,18871.91360730007,0,0,0,0.0,18.752920100000004,0.0,0.0,0,1000,0,19037.41152740007,19037.41152740007,18871.91360730007,19144.0,19144.0,19004.0,-132.08639269993,0.0
2020-05-19,5149.784270200071,0,1000,1000,0.0,5.2743371,0.0,0.0,1000,0,0,18871.91360730007,18859.78427020007,18929.78427020007,19054.0,19224.0,19294.0,-364.21572979992925,0.0
2020-05-20,18973.739333700072,0,0,0,0.0,19.1199365,0.0,0.0,0,1000,0,18939.78427020007,18939.78427020007,18973.739333700072,19304.0,19304.0,19364.0,-390.26066629992783,0.0
2020-05-21,5061.511194700073,0,1000,1000,0.0,5.278139,0.0,0.0,1000,0,0,18973.739333700072,18961.511194700073,18661.511194700073,19394.0,19414.0,19114.0,-452.48880529992675,0.0
2020-05-22,18296.362757300074,0,0,0,0.0,18.518437400000003,0.0,0.0,0,1000,0,18641.511194700073,18641.511194700073,18296.362757300074,19094.0,19094.0,18774.0,-477.637242699926,0.0
2020-05-25,5084.498625300075,0,1000,1000,0.0,5.264132,0.0,0.0,1000,0,0,18296.362757300074,18284.498625300075,18204.498625300075,18764.0,18714.0,18634.0,-429.5013746999248,0.0
2020-05-26,18558.985510300074,0,0,0,0.0,18.763115,0.0,0.0,0,1000,0,18264.498625300075,18264.498625300075,18558.985510300074,18694.0,18694.0,19014.0,-455.01448969992634,0.0
2020-05-27,5026.954975100076,0,1000,1000,0.0,5.2705352,0.0,0.0,1000,0,0,18558.985510300074,18546.954975100074,18506.954975100074,19074.0,19034.0,18994.0,-487.0450248999259,0.0
2020-05-28,18461.502639700077,0,0,0,0.0,18.722335400000002,0.0,0.0,0,1000,0,18526.954975100074,18526.954975100074,18461.502639700077,19014.0,19014.0,18974.0,-512.4973602999235,0.0
2020-05-29,5139.581306600077,0,1000,1000,0.0,5.2663331,0.0,0.0,1000,0,0,18461.502639700077,18449.581306600077,18549.581306600077,18914.0,18824.0,18924.0,-374.41869339992263,0.0
2020-06-01,18993.490785400078,0,0,0,0.0,19.1505212,0.0,0.0,0,1000,0,18599.581306600077,18599.581306600077,18993.490785400078,18974.0,18974.0,19394.0,-400.5092145999224,0.0
2020-06-02,4941.189845000079,0,1000,1000,0.0,5.2809404,0.0,0.0,1000,0,0,18993.490785400078,18981.18984500008,19101.18984500008,19414.0,19554.0,19674.0,-572.8101549999192,0.0
2020-06-03,19134.58269720008,0,0,0,0.0,19.4971478,0.0,0.0,0,1000,0,19211.18984500008,19211.18984500008,19134.58269720008,19784.0,19784.0,19734.0,-599.4173027999204,0.0
2020-06-04,4982.229755800079,0,1000,1000,0.0,5.2829414,0.0,0.0,1000,0,0,19134.58269720008,19122.22975580008,19142.22975580008,19764.0,19654.0,19674.0,-531.7702441999209,0.0
2020-06-05,19035.83533660008,0,0,0,0.0,19.354419200000002,0.0,0.0,0,1000,0,19142.22975580008,19142.22975580008,19035.83533660008,19674.0,19674.0,19594.0,-558.1646633999189,0.0
2020-06-08,4573.321192100082,0,1000,1000,0.0,5.2891445,0.0,0.0,1000,0,0,19035.83533660008,19023.321192100084,18833.321192100084,19764.0,19964.0,19774.0,-940.6788078999161,0.0
2020-06-09,19096.21261260008,0,0,0,0.0,19.8335795,0.0,0.0,0,1000,0,18973.321192100084,18973.321192100084,19096.21261260008,19914.0,19914.0,20064.0,-967.7873873999197,0.0
2020-06-10,4663.714068400081,0,1000,1000,0.0,5.2885442000000005,0.0,0.0,1000,0,0,19096.21261260008,19083.71406840008,18943.71406840008,20074.0,19934.0,19794.0,-850.2859315999194,0.0
2020-06-11,18657.41081860008,0,0,0,0.0,19.293249800000005,0.0,0.0,0,1000,0,18913.71406840008,18913.71406840008,18657.41081860008,19764.0,19764.0,19534.0,-876.5891813999187,0.0
2020-06-12,4845.234680600082,0,1000,1000,0.0,5.2761379999999996,0.0,0.0,1000,0,0,18657.41081860008,18645.234680600082,18655.234680600082,19214.0,19314.0,19324.0,-668.7653193999176,0.0
2020-06-15,18489.463252300084,0,0,0,0.0,18.936428300000003,0.0,0.0,0,1000,0,18525.234680600082,18525.234680600082,18489.463252300084,19194.0,19194.0,19184.0,-694.5367476999163,0.0
2020-06-16,4647.2715140000855,0,1000,1000,0.0,5.2767383,0.0,0.0,1000,0,0,18489.463252300084,18477.271514000087,18677.271514000087,19254.0,19344.0,19544.0,-866.7284859999127,0.0
2020-06-17,18870.618781500085,0,0,0,0.0,19.5277325,0.0,0.0,0,1000,0,18617.271514000087,18617.271514000087,18870.618781500085,19484.0,19484.0,19764.0,-893.3812184999151,0.0
2020-06-18,4738.276240300085,0,1000,1000,0.0,5.2825412,0.0,0.0,1000,0,0,18870.618781500085,18858.276240300085,19138.276240300085,19764.0,19634.0,19914.0,-775.7237596999148,0.0
2020-06-19,19061.471558800084,0,0,0,0.0,19.629681500000004,0.0,0.0,0,1000,0,19168.276240300085,19168.276240300085,19061.471558800084,19944.0,19944.0,19864.0,-802.5284411999164,0.0
2020-06-22,4568.9418140000835,0,1000,1000,0.0,5.2897448,0.0,0.0,1000,0,0,19061.471558800084,19048.941814000085,18968.941814000085,19874.0,19994.0,19914.0,-945.0581859999147,0.0
2020-06-23,18652.501810100082,0,0,0,0.0,19.3850039,0.0,0.0,0,1000,0,18928.941814000085,18928.941814000085,18652.501810100082,19874.0,19874.0,19624.0,-971.4981898999176,0.0
2020-06-24,4320.055266900083,0,1000,1000,0.0,5.2865432,0.0,0.0,1000,0,0,18652.501810100082,18640.055266900083,19840.055266900083,19664.0,19834.0,21034.0,-1193.9447330999174,0.0
2020-06-29,19511.928629100083,0,0,0,0.0,20.5166378,0.0,0.0,0,1000,0,19810.055266900083,19810.055266900083,19511.928629100083,21004.0,21004.0,20734.0,-1222.0713708999174,0.0
2020-06-30,4389.071278000085,0,1000,1000,0.0,5.3023511,0.0,0.0,1000,0,0,19511.928629100083,19499.071278000083,19539.071278000083,20904.0,20824.0,20864.0,-1324.928721999917,0.0
2020-07-01,19780.640742200085,0,0,0,0.0,20.7205358,0.0,0.0,0,1000,0,19589.071278000083,19589.071278000083,19780.640742200085,20914.0,20914.0,21134.0,-1353.3592577999152,0.0
2020-07-02,4467.684589200086,0,1000,1000,0.0,5.306153,0.0,0.0,1000,0,0,19780.640742200085,19767.684589200086,20077.684589200086,21054.0,21014.0,21324.0,-1246.3154107999144,0.0
2020-07-03,20348.509503300083,0,0,0,0.0,21.2200859,0.0,0.0,0,1000,0,20117.684589200086,20117.684589200086,20348.509503300083,21364.0,21364.0,21624.0,-1275.4904966999165,0.0
2020-07-06,4085.059340800084,0,1000,1000,0.0,5.3251625,0.0,0.0,1000,0,0,20348.509503300083,20335.059340800086,20575.059340800086,21924.0,21964.0,22204.0,-1628.940659199914,0.0
2020-07-07,20435.170094600086,0,0,0,0.0,21.6992462,0.0,0.0,0,1000,0,20585.059340800086,20585.059340800086,20435.170094600086,22214.0,22214.0,22094.0,-1658.8299053999144,0.0
2020-07-08,4101.6835314000855,0,1000,1000,0.0,5.3265632,0.0,0.0,1000,0,0,20435.170094600086,20421.683531400085,20501.683531400085,22014.0,22034.0,22114.0,-1612.3164685999145,0.0
2020-07-09,20791.277658600084,0,0,0,0.0,22.0458728,0.0,0.0,0,1000,0,20481.683531400085,20481.683531400085,20791.277658600084,22094.0,22094.0,22434.0,-1642.7223413999163,0.0
2020-07-10,4317.718294000086,0,1000,1000,0.0,5.3293646,0.0,0.0,1000,0,0,20791.277658600084,20777.718294000086,20347.718294000086,22394.0,22174.0,21744.0,-1396.2817059999143,0.0
2020-07-13,20787.646709000084,0,0,0,0.0,21.821585000000002,0.0,0.0,0,1000,0,20277.718294000086,20277.718294000086,20787.646709000084,21674.0,21674.0,22214.0,-1426.3532909999158,0.0
2020-07-14,4073.962542000085,0,1000,1000,0.0,5.334167,0.0,0.0,1000,0,0,20787.646709000084,20773.962542000085,20663.962542000085,22244.0,22414.0,22304.0,-1640.0374579999152,0.0
2020-07-15,20244.346804000088,0,0,0,0.0,21.515738000000002,0.0,0.0,0,1000,0,20903.962542000085,20903.962542000085,20244.346804000088,22544.0,22544.0,21914.0,-1669.653195999912,0.0
2020-07-16,4170.99544340009,0,1000,1000,0.0,5.3213606,0.0,0.0,1000,0,0,20244.346804000088,20230.99544340009,19040.99544340009,21844.0,21774.0,20584.0,-1543.0045565999098,0.0
2020-07-17,18933.52218630009,0,0,0,0.0,20.078257100000002,0.0,0.0,0,1000,0,19250.99544340009,19250.99544340009,18933.52218630009,20794.0,20794.0,20504.0,-1570.4778136999084,0.0
2020-07-20,4060.794837700094,0,1000,1000,0.0,5.2973486,0.0,0.0,1000,0,0,18933.52218630009,18920.794837700094,19350.794837700094,20594.0,20574.0,21004.0,-1653.205162299906,0.0
2020-07-21,19462.349107000096,0,0,0,0.0,20.730730700000002,0.0,0.0,0,1000,0,19460.794837700094,19460.794837700094,19462.349107000096,21114.0,21114.0,21144.0,-1681.6508929999036,0.0
2020-07-22,4169.403354200096,0,1000,1000,0.0,5.3057528,0.0,0.0,1000,0,0,19462.349107000096,19449.403354200098,19529.403354200098,21154.0,20994.0,21074.0,-1544.596645799902,0.0
2020-07-23,19121.641394000097,0,0,0,0.0,20.271960200000002,0.0,0.0,0,1000,0,19339.403354200098,19339.403354200098,19121.641394000097,20884.0,20884.0,20694.0,-1572.3586059999034,0.0
2020-07-24,4208.8932450000975,0,1000,1000,0.0,5.298149,0.0,0.0,1000,0,0,19121.641394000097,19108.893245000098,18368.893245000098,20634.0,20614.0,19874.0,-1505.1067549999025,0.0
2020-07-27,18192.605190100097,0,0,0,0.0,19.283054900000003,0.0,0.0,0,1000,0,18438.893245000098,18438.893245000098,18192.605190100097,19944.0,19944.0,19724.0,-1531.3948098999026,0.0
2020-07-28,3880.1690471000984,0,1000,1000,0.0,5.286143,0.0,0.0,1000,0,0,18192.605190100097,18180.1690471001,18090.1690471001,19864.0,20014.0,19924.0,-1833.8309528999016,0.0
2020-07-29,18363.1212472001,0,0,0,0.0,19.792799900000002,0.0,0.0,0,1000,0,18100.1690471001,18100.1690471001,18363.1212472001,19934.0,19934.0,20224.0,-1860.8787527999011,0.0
2020-07-30,3810.5603018001,0,1000,1000,0.0,5.2909454,0.0,0.0,1000,0,0,18363.1212472001,18350.5603018001,18100.5603018001,20224.0,20254.0,20004.0,-1903.4396981999016,0.0
2020-07-31,18373.390942700098,0,0,0,0.0,19.8743591,0.0,0.0,0,1000,0,18090.5603018001,18090.5603018001,18373.390942700098,19994.0,19994.0,20304.0,-1930.609057299902,0.0
2020-08-03,3620.7259953000994,0,1000,1000,0.0,5.2949474,0.0,0.0,1000,0,0,18373.390942700098,18360.725995300098,18510.725995300098,20394.0,20454.0,20604.0,-2093.2740046999024,0.0
2020-08-04,18273.4198821001,0,0,0,0.0,19.966113200000002,0.0,0.0,0,1000,0,18520.725995300098,18520.725995300098,18273.4198821001,20614.0,20614.0,20394.0,-2120.580117899899,0.0
2020-08-05,3550.7705350001015,0,1000,1000,0.0,5.2943471,0.0,0.0,1000,0,0,18273.4198821001,18260.7705350001,18160.7705350001,20544.0,20424.0,20324.0,-2163.2294649998985,0.0
2020-08-06,18023.7379300001,0,0,0,0.0,19.782605,0.0,0.0,0,1000,0,18200.7705350001,18200.7705350001,18023.7379300001,20364.0,20364.0,20214.0,-2190.262069999899,0.0
2020-08-07,3631.260186200103,0,1000,1000,0.0,5.2877438,0.0,0.0,1000,0,0,18023.7379300001,18011.260186200103,17931.260186200103,20194.0,20094.0,20014.0,-2082.739813799897,0.0
2020-08-10,18014.364335300103,0,0,0,0.0,19.6908509,0.0,0.0,0,1000,0,17821.260186200103,17821.260186200103,18014.364335300103,19904.0,19904.0,20124.0,-2109.6356646998975,0.0
2020-08-11,3551.8501908001035,0,1000,1000,0.0,5.2891445,0.0,0.0,1000,0,0,18014.364335300103,18001.850190800105,17711.850190800105,20114.0,20164.0,19874.0,-2162.1498091998947,0.0
2020-08-12,18663.845112200106,0,0,0,0.0,20.4350786,0.0,0.0,0,1000,0,17931.850190800105,17931.850190800105,18663.845112200106,20094.0,20094.0,20854.0,-2190.154887799894,0.0
2020-08-13,3550.992961200107,0,1000,1000,0.0,5.302151,0.0,0.0,1000,0,0,18663.845112200106,18650.992961200107,18720.992961200107,20984.0,20814.0,20884.0,-2163.007038799893,0.0
2020-08-14,18553.155026500106,0,0,0,0.0,20.3229347,0.0,0.0,0,1000,0,18560.992961200107,18560.992961200107,18553.155026500106,20724.0,20724.0,20744.0,-2190.844973499894,0.0
2020-08-17,3550.3600766001073,0,1000,1000,0.0,5.2999499,0.0,0.0,1000,0,0,18553.155026500106,18540.360076600107,18830.360076600107,20804.0,20704.0,20994.0,-2163.6399233998927,0.0
2020-08-18,18702.294218400108,0,0,0,0.0,20.475858200000005,0.0,0.0,0,1000,0,18850.360076600107,18850.360076600107,18702.294218400108,21014.0,21014.0,20894.0,-2191.7057815998924,0.0
2020-08-19,3649.473268000109,0,1000,1000,0.0,5.3009504,0.0,0.0,1000,0,0,18702.294218400108,18689.47326800011,18499.47326800011,20894.0,20754.0,20564.0,-2064.5267319998893,0.0
2020-08-20,18451.939231300108,0,0,0,0.0,20.119036700000002,0.0,0.0,0,1000,0,18399.47326800011,18399.47326800011,18451.939231300108,20464.0,20464.0,20544.0,-2092.060768699892,0.0
2020-08-21,3459.149481500108,0,1000,1000,0.0,5.2997498,0.0,0.0,1000,0,0,18451.939231300108,18439.149481500106,18259.149481500106,20714.0,20694.0,20514.0,-2254.850518499894,0.0
2020-08-24,18421.37232640011,0,0,0,0.0,20.282155100000004,0.0,0.0,0,1000,0,18319.149481500106,18319.149481500106,18421.37232640011,20574.0,20574.0,20704.0,-2282.627673599891,0.0
2020-08-25,3358.54617590011,0,1000,1000,0.0,5.3011505,0.0,0.0,1000,0,0,18421.37232640011,18408.546175900112,18448.546175900112,20754.0,20764.0,20804.0,-2355.453824099888,0.0
2020-08-26,17871.45279130011,0,0,0,0.0,19.823384600000004,0.0,0.0,0,1000,0,18438.546175900112,18438.546175900112,17871.45279130011,20794.0,20794.0,20254.0,-2382.547208699889,0.0
2020-08-27,3268.8658454001106,0,1000,1000,0.0,5.2919459,0.0,0.0,1000,0,0,17871.45279130011,17858.865845400112,17918.865845400112,20314.0,20304.0,20364.0,-2445.1341545998876,0.0
2020-08-28,17991.45336790011,0,0,0,0.0,20.0374775,0.0,0.0,0,1000,0,17828.865845400112,17828.865845400112,17991.45336790011,20274.0,20274.0,20464.0,-2472.5466320998894,0.0
2020-08-31,3108.720819200111,0,1000,1000,0.0,5.2975487,0.0,0.0,1000,0,0,17991.45336790011,17978.720819200113,17848.720819200113,20554.0,20584.0,20454.0,-2605.2791807998874,0.0
2020-09-01,17811.33873150011,0,0,0,0.0,20.0170877,0.0,0.0,0,1000,0,17778.720819200113,17778.720819200113,17811.33873150011,20384.0,20384.0,20444.0,-2632.661268499891,0.0
2020-09-02,2988.6373834001097,0,1000,1000,0.0,5.2963481,0.0,0.0,1000,0,0,17811.33873150011,17798.63738340011,17758.63738340011,20434.0,20524.0,20484.0,-2725.3626165998903,0.0
2020-09-03,17471.58958350011,0,0,0,0.0,19.792799900000002,0.0,0.0,0,1000,0,17828.63738340011,17828.63738340011,17471.58958350011,20554.0,20554.0,20224.0,-2752.41041649989,0.0
2020-09-04,3269.2106416001116,0,1000,1000,0.0,5.2839419,0.0,0.0,1000,0,0,17471.58958350011,17459.21064160011,17439.21064160011,20004.0,19904.0,19884.0,-2444.7893583998884,0.0
2020-09-07,17183.028951000113,0,0,0,0.0,19.211690600000004,0.0,0.0,0,1000,0,17279.21064160011,17279.21064160011,17183.028951000113,19724.0,19724.0,19654.0,-2470.971048999887,0.0
2020-09-08,3170.7488110001123,0,1000,1000,0.0,5.28014,0.0,0.0,1000,0,0,17183.028951000113,17170.748811000114,17380.748811000114,19654.0,19714.0,19924.0,-2543.251188999886,0.0
2020-09-09,17054.612705100113,0,0,0,0.0,19.1811059,0.0,0.0,0,1000,0,17230.748811000114,17230.748811000114,17054.612705100113,19774.0,19774.0,19624.0,-2569.387294899887,0.0
2020-09-10,3062.342965300113,0,1000,1000,0.0,5.2797398,0.0,0.0,1000,0,0,17054.612705100113,17042.342965300115,16622.342965300115,19714.0,19694.0,19274.0,-2651.657034699885,0.0
2020-09-11,16656.647511500116,0,0,0,0.0,18.8854538,0.0,0.0,0,1000,0,16532.342965300115,16532.342965300115,16656.647511500116,19184.0,19184.0,19334.0,-2677.352488499884,0.0
2020-09-14,2974.538974800116,0,1000,1000,0.0,5.2735367,0.0,0.0,1000,0,0,16656.647511500116,16644.538974800118,16824.538974800118,19334.0,19384.0,19564.0,-2739.461025199882,0.0
2020-09-15,16678.676377100117,0,0,0,0.0,18.9975977,0.0,0.0,0,1000,0,16804.538974800118,16804.538974800118,16678.676377100117,19544.0,19544.0,19444.0,-2765.323622899883,0.0
2020-09-16,3076.6094412001166,0,1000,1000,0.0,5.2719359,0.0,0.0,1000,0,0,16678.676377100117,16666.60944120012,16676.60944120012,19404.0,19304.0,19314.0,-2637.3905587998815,0.0
2020-09-17,16611.005156800118,0,0,0,0.0,18.824284400000003,0.0,0.0,0,1000,0,16636.60944120012,16636.60944120012,16611.005156800118,19274.0,19274.0,19274.0,-2662.994843199882,0.0
2020-09-18,2958.912220400118,0,1000,1000,0.0,5.2729364,0.0,0.0,1000,0,0,16611.005156800118,16598.912220400118,16778.912220400118,19284.0,19354.0,19534.0,-2755.087779599882,0.0
2020-09-21,16673.03442780012,0,0,0,0.0,19.007792600000002,0.0,0.0,0,1000,0,16768.912220400118,16768.912220400118,16673.03442780012,19524.0,19524.0,19454.0,-2780.965572199879,0.0
2020-09-22,3010.9362913001223,0,1000,1000,0.0,5.2731365,0.0,0.0,1000,0,0,16673.03442780012,16660.936291300124,16570.936291300124,19364.0,19364.0,19274.0,-2703.063708699876,0.0
2020-09-23,16555.31681200012,0,0,0,0.0,18.8344793,0.0,0.0,0,1000,0,16640.936291300124,16640.936291300124,16555.31681200012,19344.0,19344.0,19284.0,-2728.683187999879,0.0
2020-09-24,3083.317477400122,0,1000,1000,0.0,5.2693346,0.0,0.0,1000,0,0,16555.31681200012,16543.317477400124,16313.317477400122,19164.0,19174.0,18944.0,-2630.682522599878,0.0
2020-09-25,16228.305794100123,0,0,0,0.0,18.4266833,0.0,0.0,0,1000,0,16393.317477400124,16393.317477400124,16228.305794100123,19024.0,19024.0,18884.0,-2655.6942058998775,0.0
2020-09-28,2956.4104615001233,0,1000,1000,0.0,5.2653326,0.0,0.0,1000,0,0,16228.305794100123,16216.410461500123,16236.410461500123,18914.0,18974.0,18994.0,-2757.5895384998767,0.0
2020-09-29,16490.806177100123,0,0,0,0.0,18.824284400000003,0.0,0.0,0,1000,0,16276.410461500123,16276.410461500123,16490.806177100123,19034.0,19034.0,19274.0,-2783.193822899877,0.0
2020-09-30,2878.734041100124,0,1000,1000,0.0,5.272136,0.0,0.0,1000,0,0,16490.806177100123,16478.734041100124,16468.734041100124,19314.0,19314.0,19304.0,-2835.265958899876,0.0
2020-10-09,16702.689104600126,0,0,0,0.0,19.1199365,0.0,0.0,0,1000,0,16688.734041100124,16688.734041100124,16702.689104600126,19524.0,19524.0,19564.0,-2861.3108953998744,0.0
2020-10-12,2810.4713658001274,0,1000,1000,0.0,5.2777388,0.0,0.0,1000,0,0,16702.689104600126,16690.471365800127,16830.471365800127,19614.0,19594.0,19734.0,-2903.5286341998726,0.0
2020-10-13,16714.30487010013,0,0,0,0.0,19.201495700000002,0.0,0.0,0,1000,0,16810.471365800127,16810.471365800127,16714.30487010013,19714.0,19714.0,19644.0,-2929.6951298998683,0.0
2020-10-14,3002.180733100133,0,1000,1000,0.0,5.274137,0.0,0.0,1000,0,0,16714.30487010013,16702.180733100133,16732.180733100133,19514.0,19414.0,19444.0,-2711.819266899867,0.0
2020-10-15,16726.287745600133,0,0,0,0.0,19.0179875,0.0,0.0,0,1000,0,16752.180733100133,16752.180733100133,16726.287745600133,19464.0,19464.0,19464.0,-2737.7122543998667,0.0
2020-10-16,2894.1012074001337,0,1000,1000,0.0,5.2765382,0.0,0.0,1000,0,0,16726.287745600133,16714.101207400134,16674.101207400134,19594.0,19534.0,19494.0,-2819.8987925998663,0.0
2020-10-19,16728.041076000136,0,0,0,0.0,19.130131400000003,0.0,0.0,0,1000,0,16794.101207400134,16794.101207400134,16728.041076000136,19614.0,19614.0,19574.0,-2845.958923999864,0.0
2020-10-20,3035.927339200136,0,1000,1000,0.0,5.2737368,0.0,0.0,1000,0,0,16728.041076000136,16715.927339200134,16885.927339200134,19534.0,19394.0,19564.0,-2678.072660799866,0.0
2020-10-21,16650.201495600137,0,0,0,0.0,18.9058436,0.0,0.0,0,1000,0,16855.927339200134,16855.927339200134,16650.201495600137,19534.0,19534.0,19354.0,-2703.7985043998633,0.0
2020-10-22,3068.144959900137,0,1000,1000,0.0,5.2715357,0.0,0.0,1000,0,0,16650.201495600137,16638.144959900135,16728.144959900135,19294.0,19284.0,19374.0,-2645.8550400998647,0.0
2020-10-23,16632.495090800137,0,0,0,0.0,18.854869100000002,0.0,0.0,0,1000,0,16738.144959900135,16738.144959900135,16632.495090800137,19384.0,19384.0,19304.0,-2671.5049091998626,0.0
2020-10-26,3100.4645556001396,0,1000,1000,0.0,5.2705352,0.0,0.0,1000,0,0,16632.495090800137,16620.46455560014,16780.46455560014,19284.0,19234.0,19394.0,-2613.5354443998585,0.0
2020-10-27,16944.38922930014,0,0,0,0.0,19.1403263,0.0,0.0,0,1000,0,16690.46455560014,16690.46455560014,16944.38922930014,19304.0,19304.0,19584.0,-2639.610770699859,0.0
2020-10-28,3102.1974910001427,0,1000,1000,0.0,5.2767383,0.0,0.0,1000,0,0,16944.38922930014,16932.197491000145,17042.197491000145,19644.0,19544.0,19654.0,-2611.8025089998555,0.0
2020-10-29,17035.985410600144,0,0,0,0.0,19.2320804,0.0,0.0,0,1000,0,16862.197491000145,16862.197491000145,17035.985410600144,19474.0,19474.0,19674.0,-2638.014589399856,0.0
2020-10-30,3153.7728719001443,0,1000,1000,0.0,5.2775387,0.0,0.0,1000,0,0,17035.985410600144,17023.772871900146,16803.772871900146,19614.0,19584.0,19364.0,-2560.227128099854,0.0
2020-11-02,16288.776383500144,0,0,0,0.0,18.4164884,0.0,0.0,0,1000,0,16553.772871900146,16553.772871900146,16288.776383500144,19114.0,19114.0,18874.0,-2585.223616499856,0.0
2020-11-03,3056.9018513001447,0,1000,1000,0.0,5.2645322,0.0,0.0,1000,0,0,16288.776383500144,16276.901851300145,16436.901851300143,18894.0,18934.0,19094.0,-2657.098148699857,0.0
2020-11-04,16501.434321000146,0,0,0,0.0,18.7325303,0.0,0.0,0,1000,0,16456.901851300143,16456.901851300143,16501.434321000146,19114.0,19114.0,19184.0,-2682.565678999854,0.0
2020-11-05,2789.3101840001473,0,1000,1000,0.0,5.274137,0.0,0.0,1000,0,0,16501.434321000146,16489.310184000147,16599.310184000147,19394.0,19414.0,19524.0,-2924.6898159998527,0.0
2020-11-06,16763.03732400015,0,0,0,0.0,19.27286,0.0,0.0,0,1000,0,16639.310184000147,16639.310184000147,16763.03732400015,19564.0,19564.0,19714.0,-2950.96267599985,0.0
2020-11-09,2430.5907808001502,0,1000,1000,0.0,5.2865432,0.0,0.0,1000,0,0,16763.03732400015,16750.59078080015,16830.59078080015,19984.0,20034.0,20114.0,-3283.4092191998498,0.0
2020-11-10,17462.70726140015,0,0,0,0.0,20.353519400000003,0.0,0.0,0,1000,0,16780.59078080015,16780.59078080015,17462.70726140015,20064.0,20064.0,20774.0,-3311.2927385998482,0.0
2020-11-11,2740.0579143001523,0,1000,1000,0.0,5.2943471,0.0,0.0,1000,0,0,17462.70726140015,17450.057914300152,17280.057914300152,20654.0,20424.0,20254.0,-2973.9420856998477,0.0
2020-11-12,17193.05569910015,0,0,0,0.0,19.7622152,0.0,0.0,0,1000,0,17250.057914300152,17250.057914300152,17193.05569910015,20224.0,20224.0,20194.0,-3000.9443008998496,0.0
2020-11-13,2920.640356500151,0,1000,1000,0.0,5.2853426,0.0,0.0,1000,0,0,17193.05569910015,17180.640356500153,17270.640356500153,20024.0,19974.0,20064.0,-2793.359643499847,0.0
2020-11-16,17173.94203930015,0,0,0,0.0,19.5583172,0.0,0.0,0,1000,0,17370.640356500153,17370.640356500153,17173.94203930015,20164.0,20164.0,19994.0,-2820.057960699851,0.0
2020-11-17,3021.5890979001488,0,1000,1000,0.0,5.2829414,0.0,0.0,1000,0,0,17173.94203930015,17161.58909790015,17161.58909790015,19974.0,19854.0,19854.0,-2692.4109020998512,0.0
2020-11-18,17394.708441900148,0,0,0,0.0,19.680656000000003,0.0,0.0,0,1000,0,17161.58909790015,17161.58909790015,17394.708441900148,19854.0,19854.0,20114.0,-2719.2915580998524,0.0
2020-11-19,3092.277499000149,0,1000,1000,0.0,5.2859429,0.0,0.0,1000,0,0,17394.708441900148,17382.27749900015,17432.27749900015,20004.0,20004.0,20054.0,-2621.722500999851,0.0
2020-11-20,17315.62476650015,0,0,0,0.0,19.5277325,0.0,0.0,0,1000,0,17442.27749900015,17442.27749900015,17315.62476650015,20064.0,20064.0,19964.0,-2648.37523349985,0.0
2020-11-23,3103.240624500151,0,1000,1000,0.0,5.284142,0.0,0.0,1000,0,0,17315.62476650015,17303.24062450015,17273.24062450015,19974.0,19914.0,19884.0,-2610.759375499849,0.0
2020-11-24,17246.70945120015,0,0,0,0.0,19.4461733,0.0,0.0,0,1000,0,17253.24062450015,17253.24062450015,17246.70945120015,19864.0,19864.0,19884.0,-2637.2905487998505,0.0
2020-11-25,3024.32010910015,0,1000,1000,0.0,5.2843421,0.0,0.0,1000,0,0,17246.70945120015,17234.32010910015,17114.32010910015,19914.0,19924.0,19804.0,-2689.67989089985,0.0
2020-11-26,16998.04724910015,0,0,0,0.0,19.27286,0.0,0.0,0,1000,0,17084.32010910015,17084.32010910015,16998.04724910015,19774.0,19774.0,19714.0,-2715.952750899851,0.0
2020-11-27,3165.8607109001496,0,1000,1000,0.0,5.2765382,0.0,0.0,1000,0,0,16998.04724910015,16985.86071090015,16995.86071090015,19674.0,19534.0,19544.0,-2548.1392890998504,0.0
2020-11-30,16949.87655400015,0,0,0,0.0,19.0791569,0.0,0.0,0,1000,0,16935.86071090015,16935.86071090015,16949.87655400015,19484.0,19484.0,19524.0,-2574.1234459998486,0.0
2020-12-01,3117.6900158001517,0,1000,1000,0.0,5.2765382,0.0,0.0,1000,0,0,16949.87655400015,16937.69001580015,17197.69001580015,19474.0,19534.0,19794.0,-2596.3099841998483,0.0
2020-12-02,17141.34118130015,0,0,0,0.0,19.323834500000004,0.0,0.0,0,1000,0,17217.69001580015,17217.69001580015,17141.34118130015,19814.0,19814.0,19764.0,-2622.658818699849,0.0
2020-12-03,3199.097442000153,0,1000,1000,0.0,5.2787393,0.0,0.0,1000,0,0,17141.34118130015,17129.09744200015,17069.09744200015,19714.0,19644.0,19584.0,-2514.902557999849,0.0
2020-12-04,17013.067700400155,0,0,0,0.0,19.1097416,0.0,0.0,0,1000,0,16999.09744200015,16999.09744200015,17013.067700400155,19514.0,19514.0,19554.0,-2540.9322995998446,0.0
2020-12-07,3350.9695639001566,0,1000,1000,0.0,5.2731365,0.0,0.0,1000,0,0,17013.067700400155,17000.96956390016,17060.96956390016,19534.0,19364.0,19424.0,-2363.0304360998416,0.0
2020-12-08,17464.483975300158,0,0,0,0.0,19.4155886,0.0,0.0,0,1000,0,17200.96956390016,17200.96956390016,17464.483975300158,19564.0,19564.0,19854.0,-2389.516024699842,0.0
2020-12-09,3272.1102335001597,0,1000,1000,0.0,5.2837418,0.0,0.0,1000,0,0,17464.483975300158,17452.11023350016,17092.11023350016,19884.0,19894.0,19534.0,-2441.8897664998403,0.0
2020-12-10,16676.70348280016,0,0,0,0.0,18.6917507,0.0,0.0,0,1000,0,17032.11023350016,17032.11023350016,16676.70348280016,19474.0,19474.0,19144.0,-2467.2965171998403,0.0
2020-12-11,3214.709348300161,0,1000,1000,0.0,5.2691345,0.0,0.0,1000,0,0,16676.70348280016,16664.70934830016,16684.70934830016,19094.0,19164.0,19184.0,-2499.290651699841,0.0
2020-12-14,16729.13545370016,0,0,0,0.0,18.803894600000003,0.0,0.0,0,1000,0,16734.70934830016,16734.70934830016,16729.13545370016,19234.0,19234.0,19254.0,-2524.8645462998393,0.0
2020-12-15,3337.1777199001626,0,1000,1000,0.0,5.2677338,0.0,0.0,1000,0,0,16729.13545370016,16717.177719900163,16897.177719900163,19074.0,19094.0,19274.0,-2376.8222800998374,0.0
2020-12-16,16841.619020200164,0,0,0,0.0,18.7936997,0.0,0.0,0,1000,0,16897.177719900163,16897.177719900163,16841.619020200164,19274.0,19274.0,19244.0,-2402.3809797998365,0.0
2020-12-17,3419.6456861001643,0,1000,1000,0.0,5.2683341,0.0,0.0,1000,0,0,16841.619020200164,16829.645686100164,16999.645686100164,19244.0,19124.0,19294.0,-2294.3543138998357,0.0
2020-12-18,17043.904647600168,0,0,0,0.0,18.916038500000003,0.0,0.0,0,1000,0,17049.645686100164,17049.645686100164,17043.904647600168,19344.0,19344.0,19364.0,-2320.0953523998323,0.0
2020-12-21,3461.848111900168,0,1000,1000,0.0,5.2715357,0.0,0.0,1000,0,0,17043.904647600168,17031.848111900166,17111.848111900166,19314.0,19284.0,19364.0,-2252.1518880998337,0.0
2020-12-22,16706.684479600168,0,0,0,0.0,18.5286323,0.0,0.0,0,1000,0,17041.848111900166,17041.848111900166,16706.684479600168,19294.0,19294.0,18984.0,-2277.315520399832,0.0
2020-12-23,3394.768346600169,0,1000,1000,0.0,5.266133,0.0,0.0,1000,0,0,16706.684479600168,16694.76834660017,16974.76834660017,19024.0,19014.0,19294.0,-2319.231653399831,0.0
2020-12-24,16749.437570400172,0,0,0,0.0,18.640776200000005,0.0,0.0,0,1000,0,17024.76834660017,17024.76834660017,16749.437570400172,19344.0,19344.0,19094.0,-2344.5624295998277,0.0
2020-12-25,3427.516237300173,0,1000,1000,0.0,5.2663331,0.0,0.0,1000,0,0,16749.437570400172,16737.516237300173,16827.516237300173,19064.0,19024.0,19114.0,-2286.483762699827,0.0
2020-12-28,16672.352605000175,0,0,0,0.0,18.5286323,0.0,0.0,0,1000,0,16847.516237300173,16847.516237300173,16672.352605000175,19134.0,19134.0,18984.0,-2311.6473949998253,0.0
2020-12-29,3340.426071800175,0,1000,1000,0.0,5.2665332,0.0,0.0,1000,0,0,16672.352605000175,16660.426071800175,16850.426071800175,19034.0,19034.0,19224.0,-2373.573928199825,0.0
2020-12-30,16984.654643500176,0,0,0,0.0,18.936428300000003,0.0,0.0,0,1000,0,16830.426071800175,16830.426071800175,16984.654643500176,19204.0,19204.0,19384.0,-2399.3453564998235,0.0
2020-12-31,3272.5305065001776,0,1000,1000,0.0,5.274137,0.0,0.0,1000,0,0,16984.654643500176,16972.530506500178,16962.530506500178,19384.0,19414.0,19404.0,-2441.4694934998224,0.0
2021-01-04,17046.56154450018,0,0,0,0.0,19.068962,0.0,0.0,0,1000,0,16972.530506500178,16972.530506500178,17046.56154450018,19414.0,19414.0,19514.0,-2467.4384554998214,0.0
2021-01-05,3334.4374075001797,0,1000,1000,0.0,5.274137,0.0,0.0,1000,0,0,17046.56154450018,17034.43740750018,17284.43740750018,19514.0,19414.0,19664.0,-2379.5625924998203,0.0
2021-01-06,17178.362081200183,0,0,0,0.0,19.1403263,0.0,0.0,0,1000,0,17294.43740750018,17294.43740750018,17178.362081200183,19674.0,19674.0,19584.0,-2405.6379187998173,0.0
2021-01-07,3366.185943200184,0,1000,1000,0.0,5.2761379999999996,0.0,0.0,1000,0,0,17178.362081200183,17166.185943200184,17096.185943200184,19504.0,19514.0,19444.0,-2347.814056799816,0.0
2021-01-08,17579.548405600184,0,0,0,0.0,19.517537600000004,0.0,0.0,0,1000,0,17226.185943200184,17226.185943200184,17579.548405600184,19574.0,19574.0,19954.0,-2374.451594399816,0.0
2021-01-11,3227.0914622001837,0,1000,1000,0.0,5.2869434,0.0,0.0,1000,0,0,17579.548405600184,17567.091462200184,17587.091462200184,19814.0,20054.0,20074.0,-2486.9085377998163,0.0
2021-01-12,17769.952492900185,0,0,0,0.0,19.853969300000003,0.0,0.0,0,1000,0,17527.091462200184,17527.091462200184,17769.952492900185,20014.0,20014.0,20284.0,-2514.0475070998145,0.0
2021-01-13,2987.2719452001875,0,1000,1000,0.0,5.2955477,0.0,0.0,1000,0,0,17769.952492900185,17757.271945200187,18167.271945200187,20194.0,20484.0,20894.0,-2726.7280547998125,0.0
2021-01-14,18628.461536900188,0,0,0,0.0,20.9754083,0.0,0.0,0,1000,0,18137.271945200187,18137.271945200187,18628.461536900188,20864.0,20864.0,21384.0,-2755.5384630998124,0.0
2021-01-15,2865.2713794001884,0,1000,1000,0.0,5.3151575,0.0,0.0,1000,0,0,18628.461536900188,18615.27137940019,18115.27137940019,21284.0,21464.0,20964.0,-2848.72862059981,0.0
2021-01-18,18716.14187820019,0,0,0,0.0,21.189501200000002,0.0,0.0,0,1000,0,18125.27137940019,18125.27137940019,18716.14187820019,20974.0,20974.0,21594.0,-2877.8581217998108,0.0
2021-01-19,3002.97772120019,0,1000,1000,0.0,5.314157,0.0,0.0,1000,0,0,18716.14187820019,18702.97772120019,18102.97772120019,21574.0,21414.0,20814.0,-2711.02227879981,0.0
2021-01-20,18114.97264260019,0,0,0,0.0,20.4350786,0.0,0.0,0,1000,0,18352.97772120019,18352.97772120019,18114.97264260019,21064.0,21064.0,20854.0,-2739.0273573998093,0.0
2021-01-21,2761.995689200192,0,1000,1000,0.0,5.3069534,0.0,0.0,1000,0,0,18114.97264260019,18101.995689200194,17951.995689200194,20864.0,21054.0,20904.0,-2952.0043107998063,0.0
2021-01-22,17484.583211700192,0,0,0,0.0,20.0374775,0.0,0.0,0,1000,0,17851.995689200194,17851.995689200194,17484.583211700192,20804.0,20804.0,20464.0,-2979.416788299808,0.0
2021-01-25,2932.022266300193,0,1000,1000,0.0,5.2909454,0.0,0.0,1000,0,0,17484.583211700192,17472.02226630019,18132.02226630019,20404.0,20254.0,20914.0,-2781.9777336998086,0.0
2021-01-26,17724.503424500195,0,0,0,0.0,20.1088418,0.0,0.0,0,1000,0,17952.02226630019,17952.02226630019,17724.503424500195,20734.0,20734.0,20534.0,-2809.4965754998047,0.0
2021-01-27,2771.7344751001965,0,1000,1000,0.0,5.2989494,0.0,0.0,1000,0,0,17724.503424500195,17711.734475100195,17631.734475100195,20664.0,20654.0,20574.0,-2942.2655248998053,0.0
2021-01-28,16955.142522200196,0,0,0,0.0,19.486952900000002,0.0,0.0,0,1000,0,17381.734475100195,17381.734475100195,16955.142522200196,20324.0,20324.0,19924.0,-2968.8574777998037,0.0
2021-01-29,2692.7323797001955,0,1000,1000,0.0,5.2851425,0.0,0.0,1000,0,0,16955.142522200196,16942.732379700195,16982.732379700195,20114.0,19964.0,20004.0,-3021.2676202998045,0.0
2021-02-01,16566.611468700197,0,0,0,0.0,19.170911000000004,0.0,0.0,0,1000,0,16742.732379700195,16742.732379700195,16566.611468700197,19764.0,19764.0,19614.0,-3047.3885312998027,0.0
2021-02-02,2784.4509310001995,0,1000,1000,0.0,5.2755377,0.0,0.0,1000,0,0,16566.611468700197,16554.4509310002,16484.4509310002,19644.0,19484.0,19414.0,-2929.5490689998005,0.0
2021-02-03,16029.287298700201,0,0,0,0.0,18.5286323,0.0,0.0,0,1000,0,16454.4509310002,16454.4509310002,16029.287298700201,19384.0,19384.0,18984.0,-2954.712701299799,0.0
2021-02-04,2757.391966100202,0,1000,1000,0.0,5.2653326,0.0,0.0,1000,0,0,16029.287298700201,16017.391966100202,16277.391966100202,18914.0,18974.0,19234.0,-2956.608033899798,0.0
2021-02-05,15942.319503200202,0,0,0,0.0,18.4674629,0.0,0.0,0,1000,0,16267.391966100202,16267.391966100202,15942.319503200202,19224.0,19224.0,18924.0,-2981.6804967997978,0.0
2021-02-08,2700.4397709002023,0,1000,1000,0.0,5.2647323,0.0,0.0,1000,0,0,15942.319503200202,15930.439770900202,15950.439770900202,18864.0,18944.0,18964.0,-3013.5602290997977,0.0
2021-02-09,16294.744317100203,0,0,0,0.0,18.8854538,0.0,0.0,0,1000,0,16000.439770900202,16000.439770900202,16294.744317100203,19014.0,19014.0,19334.0,-3039.2556828997967,0.0
2021-02-10,2732.6981816002044,0,1000,1000,0.0,5.2711355,0.0,0.0,1000,0,0,16294.744317100203,16282.698181600204,16772.698181600204,19224.0,19264.0,19754.0,-2981.3018183997956,0.0
2021-02-18,16666.486101200207,0,0,0,0.0,19.2320804,0.0,0.0,0,1000,0,16852.698181600204,16852.698181600204,16666.486101200207,19834.0,19834.0,19674.0,-3007.5138987997925,0.0
2021-02-19,2664.211161300209,0,1000,1000,0.0,5.2799399000000005,0.0,0.0,1000,0,0,16666.486101200207,16654.21116130021,16854.21116130021,19604.0,19704.0,19904.0,-3049.788838699791,0.0
2021-02-22,16607.983886000213,0,0,0,0.0,19.242275300000003,0.0,0.0,0,1000,0,16914.21116130021,16914.21116130021,16607.983886000213,19964.0,19964.0,19684.0,-3076.016113999787,0.0
2021-02-23,2695.755747000214,0,1000,1000,0.0,5.278139,0.0,0.0,1000,0,0,16607.983886000213,16595.755747000214,16485.755747000214,19564.0,19614.0,19504.0,-3018.244252999786,0.0
2021-02-24,16719.406912500213,0,0,0,0.0,19.323834500000004,0.0,0.0,0,1000,0,16505.755747000214,16505.755747000214,16719.406912500213,19524.0,19524.0,19764.0,-3044.5930874997866,0.0
2021-02-25,2707.1267725002126,0,1000,1000,0.0,5.28014,0.0,0.0,1000,0,0,16719.406912500213,16707.12677250021,16627.12677250021,19764.0,19714.0,19634.0,-3006.873227499789,0.0
2021-02-26,16491.142615600213,0,0,0,0.0,19.0791569,0.0,0.0,0,1000,0,16477.12677250021,16477.12677250021,16491.142615600213,19484.0,19484.0,19524.0,-3032.8573843997874,0.0
2021-03-01,2578.9144766002137,0,1000,1000,0.0,5.278139,0.0,0.0,1000,0,0,16491.142615600213,16478.914476600214,16428.914476600214,19554.0,19614.0,19564.0,-3135.0855233997863,0.0
2021-03-02,16133.279802400215,0,0,0,0.0,18.8446742,0.0,0.0,0,1000,0,16478.914476600214,16478.914476600214,16133.279802400215,19614.0,19614.0,19294.0,-3160.720197599785,0.0
2021-03-03,2521.207666400216,0,1000,1000,0.0,5.272136,0.0,0.0,1000,0,0,16133.279802400215,16121.207666400216,16421.207666400216,19274.0,19314.0,19614.0,-3192.792333599784,0.0
2021-03-04,16125.497017700218,0,0,0,0.0,18.895648700000002,0.0,0.0,0,1000,0,16321.207666400216,16321.207666400216,16125.497017700218,19514.0,19514.0,19344.0,-3218.502982299782,0.0
2021-03-05,2553.4456821002186,0,1000,1000,0.0,5.2713356000000005,0.0,0.0,1000,0,0,16125.497017700218,16113.445682100219,16303.445682100219,19214.0,19274.0,19464.0,-3160.5543178997814,0.0
2021-03-08,16227.62866910022,0,0,0,0.0,18.967013,0.0,0.0,0,1000,0,16313.445682100219,16313.445682100219,16227.62866910022,19474.0,19474.0,19414.0,-3186.3713308997794,0.0
2021-03-09,2375.43173070022,0,1000,1000,0.0,5.2769384,0.0,0.0,1000,0,0,16227.62866910022,16215.43173070022,16275.43173070022,19394.0,19554.0,19614.0,-3338.56826929978,0.0
2021-03-10,16079.569133000221,0,0,0,0.0,18.9975977,0.0,0.0,0,1000,0,16355.43173070022,16355.43173070022,16079.569133000221,19694.0,19694.0,19444.0,-3364.430866999779,0.0
2021-03-11,2467.496997000222,0,1000,1000,0.0,5.272136,0.0,0.0,1000,0,0,16079.569133000221,16067.496997000222,16137.496997000222,19434.0,19314.0,19384.0,-3246.503002999778,0.0
2021-03-12,15971.938297300223,0,0,0,0.0,18.7936997,0.0,0.0,0,1000,0,16157.496997000222,16157.496997000222,15971.938297300223,19404.0,19404.0,19244.0,-3272.061702699777,0.0
2021-03-15,2670.0273644002245,0,1000,1000,0.0,5.2659329,0.0,0.0,1000,0,0,15971.938297300223,15960.027364400225,15990.027364400225,19194.0,19004.0,19034.0,-3043.9726355997755,0.0
2021-03-16,16114.559834100226,0,0,0,0.0,18.7325303,0.0,0.0,0,1000,0,16010.027364400225,16010.027364400225,16114.559834100226,19054.0,19054.0,19184.0,-3069.440165899774,0.0
2021-03-17,2672.576099800226,0,1000,1000,0.0,5.2687343,0.0,0.0,1000,0,0,16114.559834100226,16102.576099800226,16222.576099800226,19164.0,19144.0,19264.0,-3041.423900199774,0.0
2021-03-18,16167.032595000228,0,0,0,0.0,18.783504800000003,0.0,0.0,0,1000,0,16242.576099800226,16242.576099800226,16167.032595000228,19284.0,19284.0,19234.0,-3066.967404999772,0.0
2021-03-19,2544.9552589002287,0,1000,1000,0.0,5.2723361,0.0,0.0,1000,0,0,16167.032595000228,16154.955258900229,16044.955258900229,19234.0,19324.0,19214.0,-3169.0447410997713,0.0
2021-03-22,16069.36616940023,0,0,0,0.0,18.8140895,0.0,0.0,0,1000,0,16024.955258900229,16024.955258900229,16069.36616940023,19194.0,19194.0,19264.0,-3194.6338305997706,0.0
2021-03-23,2407.2680329002305,0,1000,1000,0.0,5.2731365,0.0,0.0,1000,0,0,16069.36616940023,16057.26803290023,16057.26803290023,19274.0,19364.0,19364.0,-3306.7319670997695,0.0
2021-03-24,16241.207901500233,0,0,0,0.0,19.130131400000003,0.0,0.0,0,1000,0,16067.26803290023,16067.26803290023,16241.207901500233,19374.0,19374.0,19574.0,-3332.7920984997672,0.0
2021-03-25,2288.958962100234,0,1000,1000,0.0,5.2789394,0.0,0.0,1000,0,0,16241.207901500233,16228.958962100234,16108.958962100234,19614.0,19654.0,19534.0,-3425.041037899766,0.0
2021-03-26,16302.625322500235,0,0,0,0.0,19.313639600000002,0.0,0.0,0,1000,0,16088.958962100234,16088.958962100234,16302.625322500235,19514.0,19514.0,19754.0,-3451.3746774997653,0.0
2021-03-29,2400.4023836002343,0,1000,1000,0.0,5.2779389,0.0,0.0,1000,0,0,16302.625322500235,16290.402383600234,16050.402383600234,19784.0,19604.0,19364.0,-3313.5976163997657,0.0
2021-03-30,16733.582507200234,0,0,0,0.0,19.639876400000002,0.0,0.0,0,1000,0,16140.402383600234,16140.402383600234,16733.582507200234,19454.0,19454.0,20074.0,-3340.4174927997665,0.0
2021-03-31,2231.047562300235,0,1000,1000,0.0,5.2899449,0.0,0.0,1000,0,0,16733.582507200234,16721.047562300235,16601.047562300235,20014.0,20204.0,20084.0,-3482.952437699765,0.0
2021-04-01,16624.136516500235,0,0,0,0.0,19.701045800000003,0.0,0.0,0,1000,0,16641.047562300235,16641.047562300235,16624.136516500235,20124.0,20124.0,20134.0,-3509.8634834997647,0.0
2021-04-02,2331.710773700235,0,1000,1000,0.0,5.2857428,0.0,0.0,1000,0,0,16624.136516500235,16611.710773700237,16481.710773700237,20084.0,19994.0,19864.0,-3382.289226299763,0.0
2021-04-06,16465.194795300235,0,0,0,0.0,19.435978400000003,0.0,0.0,0,1000,0,16661.710773700237,16661.710773700237,16465.194795300235,20044.0,20044.0,19874.0,-3408.8052046997655,0.0
2021-04-07,2312.841853900234,0,1000,1000,0.0,5.2829414,0.0,0.0,1000,0,0,16465.194795300235,16452.841853900234,16692.841853900234,19904.0,19854.0,20094.0,-3401.158146099766,0.0
2021-04-08,16646.021977500233,0,0,0,0.0,19.639876400000002,0.0,0.0,0,1000,0,16652.841853900234,16652.841853900234,16646.021977500233,20054.0,20054.0,20074.0,-3427.9780224997667,0.0
2021-04-09,2423.632635400234,0,1000,1000,0.0,5.2843421,0.0,0.0,1000,0,0,16646.021977500233,16633.632635400234,16483.632635400234,20004.0,19924.0,19774.0,-3290.367364599766,0.0
2021-04-12,16457.268606000234,0,0,0,0.0,19.334029400000002,0.0,0.0,0,1000,0,16473.632635400234,16473.632635400234,16457.268606000234,19764.0,19764.0,19774.0,-3316.7313939997657,0.0
2021-04-13,2214.868863700234,0,1000,1000,0.0,5.2847423,0.0,0.0,1000,0,0,16457.268606000234,16444.868863700234,16704.868863700234,19774.0,19944.0,20204.0,-3499.131136299766,0.0
2021-04-14,16687.836258700234,0,0,0,0.0,19.782605,0.0,0.0,0,1000,0,16804.868863700234,16804.868863700234,16687.836258700234,20304.0,20304.0,20214.0,-3526.163741299766,0.0
2021-04-15,2375.400115700235,0,1000,1000,0.0,5.286143,0.0,0.0,1000,0,0,16687.836258700234,16675.400115700235,16755.400115700235,20254.0,20014.0,20094.0,-3338.599884299765,0.0
2021-04-16,16748.519459700234,0,0,0,0.0,19.680656000000003,0.0,0.0,0,1000,0,16665.400115700235,16665.400115700235,16748.519459700234,20004.0,20004.0,20114.0,-3365.4805402997663,0.0
2021-04-19,2396.0625163002333,0,1000,1000,0.0,5.2869434,0.0,0.0,1000,0,0,16748.519459700234,16736.062516300233,17106.062516300233,20064.0,20054.0,20424.0,-3317.9374836997667,0.0
2021-04-20,16749.212250100234,0,0,0,0.0,19.660266200000002,0.0,0.0,0,1000,0,17046.062516300233,17046.062516300233,16749.212250100234,20364.0,20364.0,20094.0,-3344.787749899766,0.0
2021-04-21,2466.791707400236,0,1000,1000,0.0,5.2855427,0.0,0.0,1000,0,0,16749.212250100234,16736.791707400236,16886.791707400236,20044.0,19984.0,20134.0,-3247.208292599764,0.0
2021-04-22,16620.245339200235,0,0,0,0.0,19.456368200000004,0.0,0.0,0,1000,0,16896.791707400236,16896.791707400236,16620.245339200235,20144.0,20144.0,19894.0,-3273.7546607997647,0.0
2021-04-23,2507.9131982002364,0,1000,1000,0.0,5.282141,0.0,0.0,1000,0,0,16620.245339200235,16607.913198200236,16687.913198200236,19864.0,19814.0,19894.0,-3206.0868017997636,0.0
2021-04-26,16831.10851670024,0,0,0,0.0,19.629681500000004,0.0,0.0,0,1000,0,16717.913198200236,16717.913198200236,16831.10851670024,19924.0,19924.0,20064.0,-3232.8914832997616,0.0
2021-04-27,2418.6203727002394,0,1000,1000,0.0,5.288144,0.0,0.0,1000,0,0,16831.10851670024,16818.62037270024,16838.62037270024,20054.0,20114.0,20134.0,-3295.3796272997606,0.0
2021-04-28,16941.51179320024,0,0,0,0.0,19.8335795,0.0,0.0,0,1000,0,16848.62037270024,16848.62037270024,16941.51179320024,20144.0,20144.0,20264.0,-3322.4882067997605,0.0
2021-04-29,2248.878046400241,0,1000,1000,0.0,5.2937468,0.0,0.0,1000,0,0,16941.51179320024,16928.87804640024,16948.87804640024,20364.0,20394.0,20414.0,-3465.121953599759,0.0
2021-04-30,15982.969864000243,0,0,0,0.0,19.028182400000002,0.0,0.0,0,1000,0,16898.87804640024,16898.87804640024,15982.969864000243,20364.0,20364.0,19474.0,-3491.0301359997575,0.0
2021-05-06,2430.928928600244,0,1000,1000,0.0,5.2709354,0.0,0.0,1000,0,0,15982.969864000243,15970.928928600244,16100.928928600244,19324.0,19254.0,19384.0,-3283.071071399756,0.0
2021-05-07,15855.491788100246,0,0,0,0.0,18.712140500000004,0.0,0.0,0,1000,0,16100.928928600244,16100.928928600244,15855.491788100246,19384.0,19384.0,19164.0,-3308.5082118997543,0.0
2021-05-10,2383.4924535002465,0,1000,1000,0.0,5.2693346,0.0,0.0,1000,0,0,15855.491788100246,15843.492453500246,15903.492453500246,19214.0,19174.0,19234.0,-3330.5075464997535,0.0
2021-05-11,15847.994533400248,0,0,0,0.0,18.752920100000004,0.0,0.0,0,1000,0,15833.492453500246,15833.492453500246,15847.994533400248,19164.0,19164.0,19204.0,-3356.0054665997523,0.0
2021-05-12,2335.974398400247,0,1000,1000,0.0,5.270135,0.0,0.0,1000,0,0,15847.994533400248,15835.974398400247,15855.974398400247,19134.0,19214.0,19234.0,-3378.025601599753,0.0
2021-05-13,15690.643622200249,0,0,0,0.0,18.640776200000005,0.0,0.0,0,1000,0,15775.974398400247,15775.974398400247,15690.643622200249,19154.0,19154.0,19094.0,-3403.3563777997515,0.0
2021-05-14,2238.65468780025,0,1000,1000,0.0,5.2689344,0.0,0.0,1000,0,0,15690.643622200249,15678.65468780025,15718.65468780025,19114.0,19154.0,19194.0,-3475.34531219975,0.0
2021-05-17,15513.44547080025,0,0,0,0.0,18.559217000000004,0.0,0.0,0,1000,0,15698.65468780025,15698.65468780025,15513.44547080025,19174.0,19174.0,19014.0,-3500.5545291997496,0.0
2021-05-18,2221.5397380002505,0,1000,1000,0.0,5.2657328,0.0,0.0,1000,0,0,15513.44547080025,15501.53973800025,15571.53973800025,19024.0,18994.0,19064.0,-3492.4602619997495,0.0
2021-05-19,15406.46727510025,0,0,0,0.0,18.4674629,0.0,0.0,0,1000,0,15521.53973800025,15521.53973800025,15406.46727510025,19014.0,19014.0,18924.0,-3517.532724899749,0.0
2021-05-20,2184.5979430002517,0,1000,1000,0.0,5.2643321,0.0,0.0,1000,0,0,15406.46727510025,15394.597943000252,15404.597943000252,18914.0,18924.0,18934.0,-3529.4020569997483,0.0
2021-05-21,15269.677429100253,0,0,0,0.0,18.365513900000003,0.0,0.0,0,1000,0,15394.597943000252,15394.597943000252,15269.677429100253,18924.0,18924.0,18824.0,-3554.322570899747,0.0
2021-05-24,2197.886098500254,0,1000,1000,0.0,5.2613306,0.0,0.0,1000,0,0,15269.677429100253,15257.886098500254,14747.886098500254,18824.0,18774.0,18264.0,-3516.113901499746,0.0
2021-05-25,14813.679744900253,0,0,0,0.0,17.8863536,0.0,0.0,0,1000,0,14757.886098500254,14757.886098500254,14813.679744900253,18274.0,18274.0,18354.0,-3540.3202550997466,0.0
2021-05-26,2212.132819000253,0,1000,1000,0.0,5.2519259,0.0,0.0,1000,0,0,14813.679744900253,14802.132819000253,14772.132819000253,18274.0,18304.0,18274.0,-3501.867180999747,0.0
2021-05-27,14807.956855200253,0,0,0,0.0,17.865963800000003,0.0,0.0,0,1000,0,14742.132819000253,14742.132819000253,14807.956855200253,18244.0,18244.0,18334.0,-3526.043144799747,0.0
2021-05-28,2256.4359298002546,0,1000,1000,0.0,5.2509254,0.0,0.0,1000,0,0,14807.956855200253,14796.435929800255,14606.435929800255,18274.0,18254.0,18064.0,-3457.5640701997454,0.0
2021-05-31,14652.563864000256,0,0,0,0.0,17.6620658,0.0,0.0,0,1000,0,14636.435929800255,14636.435929800255,14652.563864000256,18094.0,18094.0,18134.0,-3481.436135999744,0.0
2021-06-01,2271.131340300257,0,1000,1000,0.0,5.2475237,0.0,0.0,1000,0,0,14652.563864000256,14641.131340300257,14701.131340300257,18134.0,18084.0,18144.0,-3442.868659699743,0.0
2021-06-02,14467.563172500259,0,0,0,0.0,17.458167800000002,0.0,0.0,0,1000,0,14691.131340300257,14691.131340300257,14467.563172500259,18134.0,18134.0,17934.0,-3466.4368274997414,0.0
2021-06-03,2266.2242506002585,0,1000,1000,0.0,5.2439219,0.0,0.0,1000,0,0,14467.563172500259,14456.224250600259,14526.224250600259,17934.0,17904.0,17974.0,-3447.7757493997415,0.0
2021-06-04,14462.65608280026,0,0,0,0.0,17.458167800000002,0.0,0.0,0,1000,0,14476.224250600259,14476.224250600259,14462.65608280026,17924.0,17924.0,17934.0,-3471.3439171997397,0.0
2021-06-07,2151.25995980026,0,1000,1000,0.0,5.246123,0.0,0.0,1000,0,0,14462.65608280026,14451.25995980026,14641.25995980026,17944.0,18014.0,18204.0,-3562.74004019974,0.0
2021-06-08,14637.251139900261,0,0,0,0.0,17.753819900000003,0.0,0.0,0,1000,0,14711.25995980026,14711.25995980026,14637.251139900261,18274.0,18274.0,18224.0,-3586.7488600997385,0.0
2021-06-09,2045.7094141002617,0,1000,1000,0.0,5.2517258,0.0,0.0,1000,0,0,14637.251139900261,14625.709414100262,14585.709414100262,18184.0,18294.0,18254.0,-3668.2905858997383,0.0
2021-06-10,14581.624619700262,0,0,0,0.0,17.804794400000002,0.0,0.0,0,1000,0,14555.709414100262,14555.709414100262,14581.624619700262,18224.0,18224.0,18274.0,-3692.375380299738,0.0
2021-06-11,2100.1400950002626,0,1000,1000,0.0,5.2495247,0.0,0.0,1000,0,0,14581.624619700262,14570.140095000263,14600.140095000263,18274.0,18184.0,18214.0,-3613.8599049997374,0.0
2021-06-15,14626.070495500264,0,0,0,0.0,17.794599500000004,0.0,0.0,0,1000,0,14600.140095000263,14600.140095000263,14626.070495500264,18214.0,18214.0,18264.0,-3637.929504499736,0.0
2021-06-16,2144.5859708002645,0,1000,1000,0.0,5.2495247,0.0,0.0,1000,0,0,14626.070495500264,14614.585970800264,14464.585970800264,18214.0,18184.0,18034.0,-3569.4140291997355,0.0
2021-06-17,14570.668320300267,0,0,0,0.0,17.692650500000003,0.0,0.0,0,1000,0,14454.585970800264,14454.585970800264,14570.668320300267,18024.0,18024.0,18164.0,-3593.3316796997333,0.0
2021-06-18,1959.116194300268,0,1000,1000,0.0,5.252126,0.0,0.0,1000,0,0,14570.668320300267,14559.116194300268,14449.116194300268,18194.0,18314.0,18204.0,-3754.883805699732,0.0
2021-06-21,14315.30490810027,0,0,0,0.0,17.6212862,0.0,0.0,0,1000,0,14359.116194300268,14359.116194300268,14315.30490810027,18114.0,18114.0,18094.0,-3778.69509189973,0.0
2021-06-22,1883.8463839002707,0,1000,1000,0.0,5.2485242,0.0,0.0,1000,0,0,14315.30490810027,14303.84638390027,14193.84638390027,18084.0,18134.0,18024.0,-3830.1536160997293,0.0
2021-06-23,14419.761589500271,0,0,0,0.0,17.804794400000002,0.0,0.0,0,1000,0,14203.84638390027,14203.84638390027,14419.761589500271,18034.0,18034.0,18274.0,-3854.238410499729,0.0
2021-06-24,1778.193863200273,0,1000,1000,0.0,5.2527263,0.0,0.0,1000,0,0,14419.761589500271,14408.193863200273,14448.193863200273,18324.0,18344.0,18384.0,-3935.806136799727,0.0
2021-06-25,14364.033094300274,0,0,0,0.0,17.8557689,0.0,0.0,0,1000,0,14468.193863200273,14468.193863200273,14364.033094300274,18404.0,18404.0,18324.0,-3959.9669056997263,0.0
2021-06-28,1732.4705681002742,0,1000,1000,0.0,5.2525262,0.0,0.0,1000,0,0,14364.033094300274,14352.470568100274,14312.470568100274,18374.0,18334.0,18294.0,-3981.5294318997258,0.0
2021-06-29,14118.613697200275,0,0,0,0.0,17.6518709,0.0,0.0,0,1000,0,14312.470568100274,14312.470568100274,14118.613697200275,18294.0,18294.0,18124.0,-4005.386302799725,0.0
2021-06-30,1627.1239724002753,0,1000,1000,0.0,5.2497248,0.0,0.0,1000,0,0,14118.613697200275,14107.123972400275,14037.123972400275,18164.0,18194.0,18124.0,-4086.8760275997247,0.0
2021-07-01,13903.434245400276,0,0,0,0.0,17.539727,0.0,0.0,0,1000,0,14047.123972400275,14047.123972400275,13903.434245400276,18134.0,18134.0,18014.0,-4110.565754599724,0.0
2021-07-02,1652.069323000278,0,1000,1000,0.0,5.2449224,0.0,0.0,1000,0,0,13903.434245400276,13892.069323000278,13622.069323000278,18004.0,17954.0,17684.0,-4061.930676999722,0.0
2021-07-05,13818.54673990028,0,0,0,0.0,17.4275831,0.0,0.0,0,1000,0,13602.069323000278,13602.069323000278,13818.54673990028,17664.0,17664.0,17904.0,-4085.453260099721,0.0
2021-07-06,1687.2442187002798,0,1000,1000,0.0,5.2425212,0.0,0.0,1000,0,0,13818.54673990028,13807.24421870028,13917.24421870028,17904.0,17834.0,17944.0,-4026.75578129972,0.0
2021-07-07,13813.782415200281,0,0,0,0.0,17.386803500000003,0.0,0.0,0,1000,0,13877.24421870028,13877.24421870028,13813.782415200281,17904.0,17904.0,17864.0,-4050.2175847997187,0.0
2021-07-08,1642.4590936002805,0,1000,1000,0.0,5.2433216,0.0,0.0,1000,0,0,13813.782415200281,13802.45909360028,13672.45909360028,17874.0,17874.0,17744.0,-4071.5409063997195,0.0
2021-07-09,13569.301188100282,0,0,0,0.0,17.182905500000004,0.0,0.0,0,1000,0,13662.45909360028,13662.45909360028,13569.301188100282,17734.0,17734.0,17664.0,-4094.698811899718,0.0
2021-07-12,1528.0454678002825,0,1000,1000,0.0,5.2407202999999996,0.0,0.0,1000,0,0,13569.301188100282,13558.045467800282,13528.045467800282,17714.0,17744.0,17714.0,-4185.9545321997175,0.0
2021-07-13,13544.750808200284,0,0,0,0.0,17.2746596,0.0,0.0,0,1000,0,13548.045467800282,13548.045467800282,13544.750808200284,17734.0,17734.0,17754.0,-4209.249191799716,0.0
2021-07-14,1613.5522890002849,0,1000,1000,0.0,5.2385192,0.0,0.0,1000,0,0,13544.750808200284,13533.552289000285,13253.552289000285,17724.0,17634.0,17354.0,-4100.447710999715,0.0
2021-07-15,13340.698281500285,0,0,0,0.0,16.9790075,0.0,0.0,0,1000,0,13273.552289000285,13273.552289000285,13340.698281500285,17374.0,17374.0,17464.0,-4123.301718499715,0.0
2021-07-16,1569.582963900286,0,1000,1000,0.0,5.2353176,0.0,0.0,1000,0,0,13340.698281500285,13329.582963900286,13059.582963900286,17434.0,17474.0,17204.0,-4144.417036099714,0.0
2021-07-19,13107.017659500287,0,0,0,0.0,16.7853044,0.0,0.0,0,1000,0,13069.582963900286,13069.582963900286,13107.017659500287,17214.0,17214.0,17274.0,-4166.982340499713,0.0
2021-07-20,1455.9647431002868,0,1000,1000,0.0,5.2329164,0.0,0.0,1000,0,0,13107.017659500287,13095.964743100287,13175.964743100287,17224.0,17354.0,17434.0,-4258.035256899713,0.0
2021-07-21,13203.080345800287,0,0,0,0.0,16.9993973,0.0,0.0,0,1000,0,13155.964743100287,13155.964743100287,13203.080345800287,17414.0,17414.0,17484.0,-4280.9196541997135,0.0
2021-07-22,1441.9702283002862,0,1000,1000,0.0,5.2351175,0.0,0.0,1000,0,0,13203.080345800287,13191.970228300286,13151.970228300286,17474.0,17464.0,17424.0,-4272.029771699714,0.0
2021-07-23,13179.101025900287,0,0,0,0.0,16.989202400000003,0.0,0.0,0,1000,0,13141.970228300286,13141.970228300286,13179.101025900287,17414.0,17414.0,17474.0,-4294.898974099713,0.0
2021-07-26,1377.9701080002887,0,1000,1000,0.0,5.2359179,0.0,0.0,1000,0,0,13179.101025900287,13167.970108000289,12997.970108000289,17504.0,17504.0,17334.0,-4336.029891999711,0.0
2021-07-27,12835.830260800289,0,0,0,0.0,16.4998472,50.0,250.0,0,1000,0,13007.970108000289,13007.970108000289,12835.830260800289,17394.0,17394.0,17244.0,-4408.169739199711,0.0
2021-07-28,1675.0321493002903,0,1000,1000,0.0,5.2231115,0.0,0.0,1000,0,0,12835.830260800289,12825.03214930029,12675.03214930029,17244.0,17114.0,16964.0,-4288.96785069971,0.0
2021-07-29,12643.332954200292,0,0,0,0.0,16.2041951,0.0,0.0,0,1000,0,12725.03214930029,12725.03214930029,12643.332954200292,17014.0,17014.0,16954.0,-4310.667045799708,0.0
2021-07-30,1802.7012459002926,0,1000,1000,0.0,5.2167083,0.0,0.0,1000,0,0,12643.332954200292,12632.701245900293,13022.701245900293,16924.0,16794.0,17184.0,-4161.298754099707,0.0
2021-08-02,13589.756069000294,0,0,0,0.0,17.040176900000002,0.0,0.0,0,1000,0,13022.701245900293,13022.701245900293,13589.756069000294,17184.0,17184.0,17774.0,-4184.243930999706,0.0
2021-08-03,1728.5939505002953,0,1000,1000,0.0,5.2371185,0.0,0.0,1000,0,0,13589.756069000294,13578.593950500295,13558.593950500295,17814.0,17814.0,17794.0,-4235.406049499705,0.0
2021-08-04,13615.496824600295,0,0,0,0.0,17.142125900000003,0.0,0.0,0,1000,0,13518.593950500295,13518.593950500295,13615.496824600295,17754.0,17754.0,17874.0,-4258.503175399705,0.0
2021-08-05,1514.2099037002954,0,1000,1000,0.0,5.2419209,0.0,0.0,1000,0,0,13615.496824600295,13604.209903700295,13364.209903700295,17944.0,18054.0,17814.0,-4449.790096299705,0.0
2021-08-06,13321.234337000296,0,0,0,0.0,17.060566700000003,0.0,0.0,0,1000,0,13344.209903700295,13344.209903700295,13321.234337000296,17794.0,17794.0,17794.0,-4472.765662999704,0.0
2021-08-09,1460.0722185002978,0,1000,1000,0.0,5.2371185,0.0,0.0,1000,0,0,13321.234337000296,13310.072218500298,13490.072218500298,17764.0,17814.0,17994.0,-4503.927781499702,0.0
2021-08-10,13576.625609900299,0,0,0,0.0,17.3766086,0.0,0.0,0,1000,0,13510.072218500298,13510.072218500298,13576.625609900299,18014.0,18014.0,18104.0,-4527.3743900997015,0.0
2021-08-11,1405.3022883002977,0,1000,1000,0.0,5.2433216,0.0,0.0,1000,0,0,13576.625609900299,13565.302288300298,13185.302288300298,18204.0,18124.0,17744.0,-4558.697711699702,0.0
2021-08-12,13132.448280800298,0,0,0,0.0,16.9790075,0.0,0.0,0,1000,0,13165.302288300298,13165.302288300298,13132.448280800298,17724.0,17724.0,17714.0,-4581.551719199702,0.0
2021-08-13,1431.3693639002977,0,1000,1000,0.0,5.2339169,0.0,0.0,1000,0,0,13132.448280800298,13121.369363900298,13271.369363900298,17704.0,17654.0,17804.0,-4532.630636099702,0.0
2021-08-16,13677.725221600298,0,0,0,0.0,17.5091423,0.0,0.0,0,1000,0,13301.369363900298,13301.369363900298,13677.725221600298,17834.0,17834.0,18234.0,-4556.274778399702,0.0
2021-08-17,1456.375899500299,0,1000,1000,0.0,5.2443221,0.0,0.0,1000,0,0,13677.725221600298,13666.375899500299,13476.375899500299,18234.0,18174.0,17984.0,-4507.624100499701,0.0
2021-08-18,13682.7621470003,0,0,0,0.0,17.4887525,0.0,0.0,0,1000,0,13466.375899500299,13466.375899500299,13682.7621470003,17974.0,17974.0,18214.0,-4531.2378529997,0.0
2021-08-19,1641.5064267003,0,1000,1000,0.0,5.2407202999999996,0.0,0.0,1000,0,0,13682.7621470003,13671.5064267003,13491.5064267003,18164.0,17994.0,17814.0,-4322.4935732997,0.0
2021-08-20,13498.454885500301,0,0,0,0.0,17.1115412,0.0,0.0,0,1000,0,13521.5064267003,13521.5064267003,13498.454885500301,17844.0,17844.0,17844.0,-4345.545114499699,0.0
2021-08-23,1597.2719666003013,0,1000,1000,0.0,5.2379189,0.0,0.0,1000,0,0,13498.454885500301,13487.271966600301,13637.271966600301,17924.0,17854.0,18004.0,-4366.728033399699,0.0
2021-08-24,13623.962112100302,0,0,0,0.0,17.2848545,0.0,0.0,0,1000,0,13747.271966600301,13747.271966600301,13623.962112100302,18114.0,18114.0,18014.0,-4390.037887899698,0.0
2021-08-25,1562.6959916003016,0,1000,1000,0.0,5.2411205,0.0,0.0,1000,0,0,13623.962112100302,13612.695991600302,13542.695991600302,17994.0,18014.0,17944.0,-4401.304008399698,0.0
2021-08-26,13229.933153500302,0,0,0,0.0,16.9178381,0.0,0.0,0,1000,0,13522.695991600302,13522.695991600302,13229.933153500302,17924.0,17924.0,17654.0,-4424.066846499698,0.0
2021-08-27,1478.828236100304,0,1000,1000,0.0,5.2349174,0.0,0.0,1000,0,0,13229.933153500302,13218.828236100304,13188.828236100304,17654.0,17704.0,17674.0,-4485.171763899696,0.0
2021-08-30,12966.338906200304,0,0,0,0.0,16.734329900000002,0.0,0.0,0,1000,0,13228.828236100304,13228.828236100304,12966.338906200304,17714.0,17714.0,17474.0,-4507.661093799696,0.0
2021-08-31,1355.3067902003058,0,1000,1000,0.0,5.232116,0.0,0.0,1000,0,0,12966.338906200304,12955.306790200306,12835.306790200306,17494.0,17564.0,17444.0,-4608.693209799694,0.0
2021-09-01,13042.513562300306,0,0,0,0.0,16.9382279,0.0,0.0,0,1000,0,12835.306790200306,12835.306790200306,13042.513562300306,17444.0,17444.0,17674.0,-4631.486437699694,0.0
2021-09-02,1251.3878445003065,0,1000,1000,0.0,5.2357178,0.0,0.0,1000,0,0,13042.513562300306,13031.387844500307,13001.387844500307,17674.0,17744.0,17714.0,-4712.6121554996935,0.0
2021-09-03,13228.153964500307,0,0,0,0.0,17.23388,0.0,0.0,0,1000,0,13051.387844500307,13051.387844500307,13228.153964500307,17764.0,17764.0,17964.0,-4735.846035499693,0.0
2021-09-06,1186.898244200307,0,1000,1000,0.0,5.2407202999999996,0.0,0.0,1000,0,0,13228.153964500307,13216.898244200307,13236.898244200307,17974.0,17994.0,18014.0,-4777.101755799693,0.0
2021-09-07,13333.406050900308,0,0,0,0.0,17.407193300000003,0.0,0.0,0,1000,0,13236.898244200307,13236.898244200307,13333.406050900308,18014.0,18014.0,18134.0,-4800.593949099692,0.0
2021-09-08,1122.0619289003098,0,1000,1000,0.0,5.244122,0.0,0.0,1000,0,0,13333.406050900308,13322.06192890031,13312.06192890031,18134.0,18164.0,18154.0,-4841.93807109969,0.0
2021-09-09,13278.55454070031,0,0,0,0.0,17.4173882,0.0,0.0,0,1000,0,13362.06192890031,13362.06192890031,13278.55454070031,18204.0,18204.0,18144.0,-4865.44545929969,0.0
2021-09-10,997.1740180003108,0,1000,1000,0.0,5.2455227,0.0,0.0,1000,0,0,13278.55454070031,13267.17401800031,13197.17401800031,18134.0,18234.0,18164.0,-4966.825981999689,0.0
2021-09-13,13143.681824700312,0,0,0,0.0,17.407193300000003,0.0,0.0,0,1000,0,13217.17401800031,13217.17401800031,13143.681824700312,18184.0,18184.0,18134.0,-4990.318175299688,0.0
2021-09-14,932.3377027003135,0,1000,1000,0.0,5.244122,0.0,0.0,1000,0,0,13143.681824700312,13132.337702700313,12872.337702700313,18084.0,18164.0,17904.0,-5031.6622972996865,0.0
2021-09-15,12709.407720700314,0,0,0,0.0,17.029982,0.0,0.0,0,1000,0,12862.337702700313,12862.337702700313,12709.407720700314,17894.0,17894.0,17764.0,-5054.592279299686,0.0
2021-09-16,738.1884011003149,0,1000,1000,0.0,5.2393196,0.0,0.0,1000,0,0,12709.407720700314,12698.188401100315,12488.188401100315,17764.0,17924.0,17714.0,-5225.811598899685,0.0
2021-09-17,12465.334393600315,0,0,0,0.0,16.9790075,0.0,0.0,0,1000,0,12488.188401100315,12488.188401100315,12465.334393600315,17714.0,17714.0,17714.0,-5248.665606399685,0.0
2021-09-22,784.2658769003156,0,1000,1000,0.0,5.2335167,0.0,0.0,1000,0,0,12465.334393600315,12454.265876900316,12474.265876900316,17644.0,17634.0,17654.0,-5179.734123099684,0.0
2021-09-23,12840.910437700317,0,0,0,0.0,17.3154392,0.0,0.0,0,1000,0,12774.265876900316,12774.265876900316,12840.910437700317,17954.0,17954.0,18044.0,-5203.089562299683,0.0
2021-09-24,799.6547174003172,0,1000,1000,0.0,5.2407202999999996,0.0,0.0,1000,0,0,12840.910437700317,12829.654717400317,12659.654717400317,17964.0,17994.0,17824.0,-5164.345282599683,0.0
2021-09-27,12646.618371100318,0,0,0,0.0,17.101346300000003,0.0,0.0,0,1000,0,12699.654717400317,12699.654717400317,12646.618371100318,17864.0,17864.0,17834.0,-5187.381628899682,0.0
2021-09-28,805.4666528003181,0,1000,1000,0.0,5.2367183,0.0,0.0,1000,0,0,12646.618371100318,12635.466652800318,12605.466652800318,17774.0,17794.0,17764.0,-5158.533347199682,0.0
2021-09-29,12622.475891200318,0,0,0,0.0,17.0707616,0.0,0.0,0,1000,0,12605.466652800318,12605.466652800318,12622.475891200318,17764.0,17764.0,17804.0,-5181.524108799682,0.0
2021-09-30,821.3449733003199,0,1000,1000,0.0,5.2359179,0.0,0.0,1000,0,0,12622.475891200318,12611.34497330032,12441.34497330032,17804.0,17754.0,17584.0,-5142.65502669968,0.0
2021-10-08,12917.92875450032,0,0,0,0.0,17.3562188,0.0,0.0,0,1000,0,12561.34497330032,12561.34497330032,12917.92875450032,17704.0,17704.0,18084.0,-5166.071245499679,0.0
2021-10-11,676.5690322003211,0,1000,1000,0.0,5.2447223,0.0,0.0,1000,0,0,12917.92875450032,12906.569032200321,12806.569032200321,18084.0,18194.0,18094.0,-5287.430967799679,0.0
2021-10-12,12533.517491000322,0,0,0,0.0,17.1115412,0.0,0.0,0,1000,0,12846.569032200321,12846.569032200321,12533.517491000322,18134.0,18134.0,17844.0,-5310.4825089996775,0.0
2021-10-13,652.3449723003232,0,1000,1000,0.0,5.2375187,0.0,0.0,1000,0,0,12533.517491000322,12522.344972300323,12542.344972300323,17844.0,17834.0,17854.0,-5311.655027699677,0.0
2021-10-14,12489.323820900325,0,0,0,0.0,17.0911514,0.0,0.0,0,1000,0,12522.344972300323,12522.344972300323,12489.323820900325,17834.0,17834.0,17824.0,-5334.676179099675,0.0
2021-10-15,708.2033032003237,0,1000,1000,0.0,5.2355177,0.0,0.0,1000,0,0,12489.323820900325,12478.203303200324,12438.203303200324,17824.0,17734.0,17694.0,-5255.796696799676,0.0
2021-10-18,12265.607609000324,0,0,0,0.0,16.8056942,0.0,0.0,0,1000,0,12528.203303200324,12528.203303200324,12265.607609000324,17784.0,17784.0,17544.0,-5278.392390999676,0.0
2021-10-19,664.5806931003244,0,1000,1000,0.0,5.2319159,0.0,0.0,1000,0,0,12265.607609000324,12254.580693100324,12304.580693100324,17584.0,17554.0,17604.0,-5299.419306899676,0.0
2021-10-20,12231.969804000324,0,0,0,0.0,16.8158891,0.0,0.0,0,1000,0,12314.580693100324,12314.580693100324,12231.969804000324,17614.0,17614.0,17554.0,-5322.030195999676,0.0
2021-10-21,640.9480882003245,0,1000,1000,0.0,5.2317158,0.0,0.0,1000,0,0,12231.969804000324,12220.948088200324,12130.948088200324,17564.0,17544.0,17454.0,-5323.0519117996755,0.0
2021-10-22,12158.413173600326,0,0,0,0.0,16.764914600000004,0.0,0.0,0,1000,0,12130.948088200324,12130.948088200324,12158.413173600326,17454.0,17454.0,17504.0,-5345.5868263996745,0.0
2021-10-25,747.4850596003271,0,1000,1000,0.0,5.228114,0.0,0.0,1000,0,0,12158.413173600326,12147.485059600327,12127.485059600327,17444.0,17364.0,17344.0,-5216.514940399673,0.0
2021-10-26,12155.117288900326,0,0,0,0.0,16.6527707,0.0,0.0,0,1000,0,12167.485059600327,12167.485059600327,12155.117288900326,17384.0,17384.0,17394.0,-5238.8827110996735,0.0
2021-10-27,844.2411759003262,0,1000,1000,0.0,5.226113,0.0,0.0,1000,0,0,12155.117288900326,12144.241175900326,12124.241175900326,17424.0,17264.0,17244.0,-5119.758824099674,0.0
2021-10-28,11982.283667500325,0,0,0,0.0,16.377508400000004,0.0,0.0,0,1000,0,11974.241175900326,11974.241175900326,11982.283667500325,17094.0,17094.0,17124.0,-5141.7163324996745,0.0
2021-10-29,781.4647556003256,0,1000,1000,0.0,5.2239119,0.0,0.0,1000,0,0,11982.283667500325,11971.464755600326,12131.464755600326,17174.0,17154.0,17314.0,-5182.535244399674,0.0
2021-11-01,12199.081790000326,0,0,0,0.0,16.6629656,0.0,0.0,0,1000,0,12081.464755600326,12081.464755600326,12199.081790000326,17264.0,17264.0,17404.0,-5204.918209999674,0.0
2021-11-02,658.0860747003262,0,1000,1000,0.0,5.2307153,0.0,0.0,1000,0,0,12199.081790000326,12188.086074700326,12088.086074700326,17464.0,17494.0,17394.0,-5305.913925299674,0.0
2021-11-03,12105.657524400327,0,0,0,0.0,16.693550300000002,0.0,0.0,0,1000,0,12038.086074700326,12038.086074700326,12105.657524400327,17344.0,17344.0,17434.0,-5328.342475599673,0.0
2021-11-04,594.6774094003267,0,1000,1000,0.0,5.230115,0.0,0.0,1000,0,0,12105.657524400327,12094.677409400327,12214.677409400327,17484.0,17464.0,17584.0,-5369.322590599673,0.0
2021-11-05,12261.914571300327,0,0,0,0.0,16.9178381,0.0,0.0,0,1000,0,12194.677409400327,12194.677409400327,12261.914571300327,17564.0,17564.0,17654.0,-5392.085428699673,0.0
2021-11-08,630.872055100328,0,1000,1000,0.0,5.2325162,0.0,0.0,1000,0,0,12261.914571300327,12250.872055100328,12280.872055100328,17644.0,17584.0,17614.0,-5333.127944899672,0.0
2021-11-09,12198.261166000328,0,0,0,0.0,16.8158891,0.0,0.0,0,1000,0,12280.872055100328,12280.872055100328,12198.261166000328,17614.0,17614.0,17554.0,-5355.738833999672,0.0
2021-11-10,557.213449700328,0,1000,1000,0.0,5.2327163,0.0,0.0,1000,0,0,12198.261166000328,12187.213449700328,12097.213449700328,17584.0,17594.0,17504.0,-5406.786550299672,0.0
2021-11-11,12264.389832000328,0,0,0,0.0,16.9586177,0.0,0.0,0,1000,0,12077.213449700328,12077.213449700328,12264.389832000328,17484.0,17484.0,17694.0,-5429.610167999672,0.0
2021-11-12,543.3005149003293,0,1000,1000,0.0,5.2343171,0.0,0.0,1000,0,0,12264.389832000328,12253.30051490033,12263.30051490033,17704.0,17674.0,17684.0,-5420.699485099671,0.0
2021-11-15,12390.26416860033,0,0,0,0.0,17.101346300000003,0.0,0.0,0,1000,0,12263.30051490033,12263.30051490033,12390.26416860033,17684.0,17684.0,17834.0,-5443.73583139967,0.0
2021-11-16,529.1020501003313,0,1000,1000,0.0,5.2371185,0.0,0.0,1000,0,0,12390.26416860033,12379.102050100331,12339.102050100331,17834.0,17814.0,17774.0,-5434.897949899669,0.0
2021-11-17,12246.263237500332,0,0,0,0.0,16.9688126,0.0,0.0,0,1000,0,12319.102050100331,12319.102050100331,12246.263237500332,17754.0,17754.0,17704.0,-5457.736762499668,0.0
2021-11-18,505.16352020033264,0,1000,1000,0.0,5.2347173,0.0,0.0,1000,0,0,12246.263237500332,12235.163520200333,12125.163520200333,17704.0,17694.0,17584.0,-5458.836479799667,0.0
2021-11-19,12392.066394300333,0,0,0,0.0,17.142125900000003,0.0,0.0,0,1000,0,12105.163520200333,12105.163520200333,12392.066394300333,17564.0,17564.0,17874.0,-5481.933605699667,0.0
2021-11-22,460.86787510033355,0,1000,1000,0.0,5.2385192,0.0,0.0,1000,0,0,12392.066394300333,12380.867875100334,12320.867875100334,17884.0,17884.0,17824.0,-5503.132124899666,0.0
2021-11-23,12168.044257400334,0,0,0,0.0,16.9586177,0.0,0.0,0,1000,0,12320.867875100334,12320.867875100334,12168.044257400334,17824.0,17824.0,17694.0,-5525.955742599666,0.0
2021-11-24,466.9653405003337,0,1000,1000,0.0,5.2339169,0.0,0.0,1000,0,0,12168.044257400334,12156.965340500334,12176.965340500334,17704.0,17654.0,17674.0,-5497.034659499666,0.0
2021-11-25,12074.293671800335,0,0,0,0.0,16.8566687,0.0,0.0,0,1000,0,12206.965340500334,12206.965340500334,12074.293671800335,17704.0,17704.0,17594.0,-5519.706328199665,0.0
2021-11-26,573.3187569003367,0,1000,1000,0.0,5.2299149,0.0,0.0,1000,0,0,12074.293671800335,12063.318756900337,11743.318756900337,17594.0,17454.0,17134.0,-5390.681243099663,0.0
2021-11-29,11531.634756700338,0,0,0,0.0,16.1940002,0.0,0.0,0,1000,0,11663.318756900337,11663.318756900337,11531.634756700338,17054.0,17054.0,16944.0,-5412.365243299662,0.0
2021-11-30,460.8834461003389,0,1000,1000,0.0,5.2213106,0.0,0.0,1000,0,0,11531.634756700338,11520.883446100339,11630.883446100339,16974.0,17024.0,17134.0,-5503.116553899661,0.0
2021-12-01,11698.773988700339,0,0,0,0.0,16.4794574,0.0,0.0,0,1000,0,11640.883446100339,11640.883446100339,11698.773988700339,17144.0,17144.0,17224.0,-5525.226011299661,0.0
2021-12-02,477.94467660034024,0,1000,1000,0.0,5.2243121,0.0,0.0,1000,0,0,11698.773988700339,11687.94467660034,11677.94467660034,17174.0,17174.0,17164.0,-5486.05532339966,0.0
2021-12-03,11705.85041410034,0,0,0,0.0,16.4692625,0.0,0.0,0,1000,0,11667.94467660034,11667.94467660034,11705.85041410034,17154.0,17154.0,17214.0,-5508.14958589966,0.0
2021-12-06,485.02110200034076,0,1000,1000,0.0,5.2243121,0.0,0.0,1000,0,0,11705.85041410034,11695.02110200034,11765.02110200034,17184.0,17174.0,17244.0,-5478.978897999659,0.0
2021-12-07,11812.774890500341,0,0,0,0.0,16.571211500000004,0.0,0.0,0,1000,0,11805.02110200034,11805.02110200034,11812.774890500341,17284.0,17284.0,17314.0,-5501.225109499659,0.0
2021-12-08,461.877977100341,0,1000,1000,0.0,5.2269134,0.0,0.0,1000,0,0,11812.774890500341,11801.877977100341,12021.877977100341,17334.0,17304.0,17524.0,-5502.122022899659,0.0
2021-12-09,12208.99357980034,0,0,0,0.0,16.9993973,0.0,0.0,0,1000,0,11961.877977100341,11961.877977100341,12208.99357980034,17464.0,17464.0,17734.0,-5525.006420199659,0.0
2021-12-10,317.8158610003429,0,1000,1000,0.0,5.2377188,0.0,0.0,1000,0,0,12208.99357980034,12197.815861000343,12207.815861000343,17714.0,17844.0,17854.0,-5646.184138999657,0.0
2021-12-13,12274.612370800343,0,0,0,0.0,17.213490200000003,0.0,0.0,0,1000,0,12197.815861000343,12197.815861000343,12274.612370800343,17844.0,17844.0,17944.0,-5669.387629199657,0.0
2021-12-14,293.38785110034405,0,1000,1000,0.0,5.2395197,0.0,0.0,1000,0,0,12274.612370800343,12263.387851100344,12263.387851100344,17924.0,17934.0,17934.0,-5670.612148899656,0.0
2021-12-15,12140.351504800345,0,0,0,0.0,17.101346300000003,0.0,0.0,0,1000,0,12223.387851100344,12223.387851100344,12140.351504800345,17894.0,17894.0,17834.0,-5693.648495199655,0.0
2021-12-16,199.14778550034498,0,1000,1000,0.0,5.2387193,0.0,0.0,1000,0,0,12140.351504800345,12129.147785500345,12249.147785500345,17884.0,17894.0,18014.0,-5764.852214499655,0.0
2021-12-17,12315.701176900346,0,0,0,0.0,17.3766086,0.0,0.0,0,1000,0,12239.147785500345,12239.147785500345,12315.701176900346,18004.0,18004.0,18104.0,-5788.298823099654,0.0
2021-12-20,114.36225500034561,0,1000,1000,0.0,5.2439219,0.0,0.0,1000,0,0,12315.701176900346,12304.362255000346,12214.362255000346,18104.0,18154.0,18064.0,-5849.637744999654,0.0
2021-12-21,12240.900451500347,0,0,0,0.0,17.386803500000003,0.0,0.0,0,1000,0,12214.362255000346,12214.362255000346,12240.900451500347,18064.0,18064.0,18114.0,-5873.099548499653,0.0
2021-12-22,289.6915321003471,0,1000,1000,0.0,5.2389194,0.0,0.0,1000,0,0,12240.900451500347,12229.691532100347,12199.691532100347,17964.0,17904.0,17874.0,-5674.308467899653,0.0
2021-12-23,12296.412067400348,0,0,0,0.0,17.2644647,0.0,0.0,0,1000,0,12169.691532100347,12169.691532100347,12296.412067400348,17844.0,17844.0,17994.0,-5697.587932599652,0.0
2021-12-24,345.20314800034794,0,1000,1000,0.0,5.2389194,0.0,0.0,1000,0,0,12296.412067400348,12285.203148000348,12325.203148000348,17964.0,17904.0,17944.0,-5618.796851999652,0.0
2021-12-27,12401.84770880035,0,0,0,0.0,17.3154392,0.0,0.0,0,1000,0,12325.203148000348,12325.203148000348,12401.84770880035,17944.0,17944.0,18044.0,-5642.152291199651,0.0
2021-12-28,390.6075888003488,0,1000,1000,0.0,5.24012,0.0,0.0,1000,0,0,12401.84770880035,12390.607588800349,12440.607588800349,18044.0,17964.0,18014.0,-5573.392411199651,0.0
2021-12-29,12267.52565780035,0,0,0,0.0,17.131931,0.0,0.0,0,1000,0,12390.607588800349,12390.607588800349,12267.52565780035,17964.0,17964.0,17864.0,-5596.47434219965,0.0
2021-12-30,366.34273890035,0,1000,1000,0.0,5.2379189,0.0,0.0,1000,0,0,12267.52565780035,12256.34273890035,12266.34273890035,17874.0,17854.0,17864.0,-5597.65726109965,0.0
2021-12-31,12263.230418100351,0,0,0,0.0,17.152320800000002,0.0,0.0,0,1000,0,12286.34273890035,12286.34273890035,12263.230418100351,17884.0,17884.0,17884.0,-5620.769581899649,0.0
2022-01-04,402.0682996003525,0,1000,1000,0.0,5.2371185,0.0,0.0,1000,0,0,12263.230418100351,12252.068299600352,12442.068299600352,17894.0,17814.0,18004.0,-5561.9317003996475,0.0
2022-01-05,12488.667275700354,0,0,0,0.0,17.346023900000002,0.0,0.0,0,1000,0,12432.068299600352,12432.068299600352,12488.667275700354,17994.0,17994.0,18074.0,-5585.332724299646,0.0
2022-01-06,437.40635530035615,0,1000,1000,0.0,5.2409204,0.0,0.0,1000,0,0,12488.667275700354,12477.406355300356,12327.406355300356,18094.0,18004.0,17854.0,-5526.593644699644,0.0
2022-01-07,12244.430788600357,0,0,0,0.0,17.060566700000003,0.0,0.0,0,1000,0,12357.406355300356,12357.406355300356,12244.430788600357,17884.0,17884.0,17794.0,-5549.569211399643,0.0
2022-01-10,453.3050708003575,0,1000,1000,0.0,5.2357178,0.0,0.0,1000,0,0,12244.430788600357,12233.305070800357,12413.305070800357,17774.0,17744.0,17924.0,-5510.6949291996425,0.0
2022-01-11,12280.299114300358,0,0,0,0.0,17.0809565,0.0,0.0,0,1000,0,12383.305070800357,12383.305070800357,12280.299114300358,17894.0,17894.0,17814.0,-5533.700885699642,0.0
2022-01-12,429.1421959003583,0,1000,1000,0.0,5.2369184,0.0,0.0,1000,0,0,12280.299114300358,12269.142195900358,12249.142195900358,17814.0,17804.0,17784.0,-5534.857804099642,0.0
2022-01-13,11956.592086400358,0,0,0,0.0,16.7751095,0.0,0.0,0,1000,0,12289.142195900358,12289.142195900358,11956.592086400358,17824.0,17824.0,17514.0,-5557.407913599642,0.0
2022-01-14,565.6743726003588,0,1000,1000,0.0,5.2277138,0.0,0.0,1000,0,0,11956.592086400358,11945.674372600359,11905.674372600359,17434.0,17344.0,17304.0,-5398.325627399641,0.0
2022-01-17,11963.32179680036,0,0,0,0.0,16.642575800000003,0.0,0.0,0,1000,0,11905.674372600359,11905.674372600359,11963.32179680036,17304.0,17304.0,17384.0,-5420.678203199641,0.0
2022-01-18,392.3104812003603,0,1000,1000,0.0,5.2313156,0.0,0.0,1000,0,0,11963.32179680036,11952.31048120036,12112.31048120036,17414.0,17524.0,17684.0,-5571.68951879964,0.0
2022-01-19,12009.62361760036,0,0,0,0.0,16.866863600000002,0.0,0.0,0,1000,0,12112.31048120036,12112.31048120036,12009.62361760036,17684.0,17684.0,17604.0,-5594.37638239964,0.0
2022-01-20,278.52910040036113,0,1000,1000,0.0,5.2345172,0.0,0.0,1000,0,0,12009.62361760036,11998.529100400361,12048.529100400361,17654.0,17684.0,17734.0,-5685.470899599639,0.0
2022-01-21,11865.887821500362,0,0,0,0.0,16.836278900000003,0.0,0.0,0,1000,0,11988.529100400361,11988.529100400361,11865.887821500362,17674.0,17674.0,17574.0,-5708.112178499638,0.0
2022-01-24,304.8817060003621,0,1000,1000,0.0,5.2311155,0.0,0.0,1000,0,0,11865.887821500362,11854.881706000362,11794.881706000362,17514.0,17514.0,17454.0,-5659.118293999638,0.0
2022-01-25,11592.696274100363,0,0,0,0.0,16.530431900000004,0.0,0.0,0,1000,0,11864.881706000362,11864.881706000362,11592.696274100363,17524.0,17524.0,17274.0,-5681.303725899637,0.0
2022-01-26,211.78376040036346,0,1000,1000,0.0,5.2275137,0.0,0.0,1000,0,0,11592.696274100363,11581.783760400363,11461.783760400363,17274.0,17334.0,17214.0,-5752.2162395996365,0.0
2022-01-27,11319.871836700364,0,0,0,0.0,16.3469237,0.0,0.0,0,1000,0,11461.783760400363,11461.783760400363,11319.871836700364,17214.0,17214.0,17094.0,-5774.128163299636,0.0
2022-01-28,209.09972570036552,0,1000,1000,0.0,5.222111,0.0,0.0,1000,0,0,11319.871836700364,11309.099725700366,11319.099725700366,17104.0,17064.0,17074.0,-5754.9002742996345,0.0
2022-02-07,11347.142217300365,0,0,0,0.0,16.377508400000004,0.0,0.0,0,1000,0,11409.099725700366,11409.099725700366,11347.142217300365,17164.0,17164.0,17124.0,-5776.857782699635,0.0
2022-02-08,136.31810530036637,0,1000,1000,0.0,5.224112,0.0,0.0,1000,0,0,11347.142217300365,11336.318105300366,11426.318105300366,17114.0,17164.0,17254.0,-5827.681894699634,0.0
2022-02-09,11464.071893800367,0,0,0,0.0,16.571211500000004,0.0,0.0,0,1000,0,11446.318105300366,11446.318105300366,11464.071893800367,17274.0,17274.0,17314.0,-5849.9281061996335,0.0
2022-02-10,83.15938010036734,0,1000,1000,0.0,5.2275137,0.0,0.0,1000,0,0,11464.071893800367,11453.159380100367,11493.159380100367,17334.0,17334.0,17374.0,-5880.840619899633,0.0
2022-02-11,11390.943558400368,0,0,0,0.0,16.5508217,0.0,0.0,0,1000,0,11493.159380100367,11493.159380100367,11390.943558400368,17374.0,17374.0,17294.0,-5903.056441599632,0.0
2022-02-14,160.10904620036854,0,1000,1000,0.0,5.2245122,0.0,0.0,1000,0,0,11390.943558400368,11380.109046200369,11420.109046200369,17234.0,17184.0,17224.0,-5803.8909537996315,0.0
2022-02-15,11378.029978600369,0,0,0,0.0,16.459067600000004,0.0,0.0,0,1000,0,11390.109046200369,11390.109046200369,11378.029978600369,17194.0,17194.0,17204.0,-5825.970021399631,0.0
2022-02-16,27.133065200368947,0,1000,1000,0.0,5.2269134,0.0,0.0,1000,0,0,11378.029978600369,11367.133065200369,11297.133065200369,17264.0,17304.0,17234.0,-5936.866934799631,0.0
2022-02-17,11255.038802700368,0,0,0,0.0,16.4692625,0.0,0.0,0,1000,0,11277.133065200369,11277.133065200369,11255.038802700368,17214.0,17214.0,17214.0,-5958.961197299632,5.811309799631999
2022-02-18,54.219890800368375,0,1000,1000,0.0,5.2239119,0.0,0.0,1000,0,0,11255.038802700368,11244.219890800368,11344.219890800368,17204.0,17154.0,17254.0,-5909.780109199632,0.0
2022-02-21,11431.897704800369,0,0,0,0.0,16.622186000000003,0.0,0.0,0,1000,0,11324.219890800368,11324.219890800368,11431.897704800369,17234.0,17234.0,17364.0,-5932.102295199631,0.0
2022-02-22,191.05799250036944,0,1000,1000,0.0,5.2247123,0.0,0.0,1000,0,0,11431.897704800369,11421.05799250037,11461.05799250037,17304.0,17194.0,17234.0,-5772.942007499631,0.0
2022-02-23,11508.826975900369,0,0,0,0.0,16.561016600000002,0.0,0.0,0,1000,0,11461.05799250037,11461.05799250037,11508.826975900369,17234.0,17234.0,17304.0,-5795.173024099631,0.0
2022-02-24,217.96126310036925,0,1000,1000,0.0,5.2257128,0.0,0.0,1000,0,0,11508.826975900369,11497.96126310037,11417.96126310037,17274.0,17244.0,17164.0,-5746.038736899631,0.0
2022-02-25,11395.94297510037,0,0,0,0.0,16.418288000000004,0.0,0.0,0,1000,0,11417.96126310037,11417.96126310037,11395.94297510037,17164.0,17164.0,17164.0,-5768.05702489963,0.0
2022-02-28,305.18126430037046,0,1000,1000,0.0,5.2217108,0.0,0.0,1000,0,0,11395.94297510037,11385.18126430037,11475.18126430037,17144.0,17044.0,17134.0,-5658.8187356996295,0.0
2022-03-01,11453.20856100037,0,0,0,0.0,16.387703300000002,0.0,0.0,0,1000,0,11465.18126430037,11465.18126430037,11453.20856100037,17124.0,17124.0,17134.0,-5680.7914389996295,0.0
2022-03-02,312.42084970037104,0,1000,1000,0.0,5.2227113,0.0,0.0,1000,0,0,11453.20856100037,11442.420849700371,11522.420849700371,17114.0,17094.0,17174.0,-5651.579150299629,0.0
2022-03-03,11490.402561700372,0,0,0,0.0,16.418288000000004,0.0,0.0,0,1000,0,11542.420849700371,11542.420849700371,11490.402561700372,17194.0,17194.0,17164.0,-5673.597438299628,0.0
2022-03-04,349.61485040037223,0,1000,1000,0.0,5.2227113,0.0,0.0,1000,0,0,11490.402561700372,11479.614850400372,11489.614850400372,17094.0,17094.0,17104.0,-5614.385149599628,0.0
2022-03-07,11148.173968600373,0,0,0,0.0,16.030881800000003,0.0,0.0,0,1000,0,11429.614850400372,11429.614850400372,11148.173968600373,17044.0,17044.0,16784.0,-5635.826031399627,0.0
2022-03-08,357.56826080037354,0,1000,1000,0.0,5.2157078,0.0,0.0,1000,0,0,11148.173968600373,11137.568260800374,10957.568260800374,16734.0,16744.0,16564.0,-5606.4317391996265,0.0
2022-03-09,10736.765564800375,0,0,0,0.0,15.602696000000002,0.0,0.0,0,1000,0,10987.568260800374,10987.568260800374,10736.765564800375,16594.0,16594.0,16364.0,-5627.234435199625,0.0
2022-03-10,276.3314603003764,0,1000,1000,0.0,5.2091045,0.0,0.0,1000,0,0,10736.765564800375,10726.331460300376,10626.331460300376,16514.0,16414.0,16314.0,-5687.668539699624,0.0
2022-03-11,10535.711103100377,0,0,0,0.0,15.480357200000002,0.0,0.0,0,1000,0,10506.331460300376,10506.331460300376,10535.711103100377,16194.0,16194.0,16244.0,-5708.288896899623,0.0
2022-03-14,275.38100060037686,0,1000,1000,0.0,5.2051025,0.0,0.0,1000,0,0,10535.711103100377,10525.381000600377,10455.381000600377,16114.0,16214.0,16144.0,-5688.618999399623,0.0
2022-03-15,10005.565973100376,0,0,0,0.0,14.940027500000001,0.0,0.0,0,1000,0,10465.381000600377,10465.381000600377,10005.565973100376,16154.0,16154.0,15714.0,-5708.434026899624,0.0
2022-03-16,255.50107570037653,0,1000,1000,0.0,5.1948974,0.0,0.0,1000,0,0,10005.565973100376,9995.501075700377,10145.501075700377,15814.0,15704.0,15854.0,-5708.4989242996235,0.0
2022-03-17,10345.139031800376,0,0,0,0.0,15.3070439,0.0,0.0,0,1000,0,10255.501075700377,10255.501075700377,10345.139031800376,15964.0,15964.0,16074.0,-5728.860968199624,0.0
2022-03-18,184.86093030037773,0,1000,1000,0.0,5.2031015,0.0,0.0,1000,0,0,10345.139031800376,10334.860930300378,10384.860930300378,16064.0,16114.0,16164.0,-5779.139069699622,0.0
2022-03-21,10264.514081300378,0,0,0,0.0,15.296849000000002,0.0,0.0,0,1000,0,10404.860930300378,10404.860930300378,10264.514081300378,16184.0,16184.0,16064.0,-5799.485918699622,0.0
2022-03-22,124.24638000037885,0,1000,1000,0.0,5.2027013,0.0,0.0,1000,0,0,10264.514081300378,10254.246380000379,10314.246380000379,16094.0,16094.0,16154.0,-5839.753619999621,0.0
2022-03-23,10493.45887890038,0,0,0,0.0,15.592501100000002,0.0,0.0,0,1000,0,10574.246380000379,10574.246380000379,10493.45887890038,16414.0,16414.0,16354.0,-5860.541121099621,0.0
2022-03-24,53.03517460037983,0,1000,1000,0.0,5.2087043,0.0,0.0,1000,0,0,10493.45887890038,10483.03517460038,10443.03517460038,16384.0,16394.0,16354.0,-5910.96482539962,0.0
2022-03-25,10252.505986800381,0,0,0,0.0,15.419187800000001,0.0,0.0,0,1000,0,10443.03517460038,10443.03517460038,10252.505986800381,16354.0,16354.0,16184.0,-5931.494013199619,0.0
2022-03-28,232.30068670038236,0,1000,1000,0.0,5.2003001,0.0,0.0,1000,0,0,10252.505986800381,10242.300686700382,10472.300686700382,16054.0,15974.0,16204.0,-5731.699313299618,0.0
2022-03-29,10291.984227500383,0,0,0,0.0,15.276459200000001,0.0,0.0,0,1000,0,10472.300686700382,10472.300686700382,10291.984227500383,16204.0,16204.0,16044.0,-5752.015772499617,0.0
2022-03-30,131.70612600038476,0,1000,1000,0.0,5.2031015,0.0,0.0,1000,0,0,10291.984227500383,10281.706126000385,10331.706126000385,16084.0,16114.0,16164.0,-5832.293873999615,0.0
2022-03-31,10261.283302500386,0,0,0,0.0,15.347823500000002,0.0,0.0,0,1000,0,10281.706126000385,10281.706126000385,10261.283302500386,16114.0,16114.0,16114.0,-5852.716697499614,0.0
2022-04-01,191.05200190038704,0,1000,1000,0.0,5.2013006,0.0,0.0,1000,0,0,10261.283302500386,10251.052001900387,10371.052001900387,16034.0,16024.0,16144.0,-5772.947998099613,0.0
2022-04-06,10370.553203900388,0,0,0,0.0,15.398798000000003,0.0,0.0,0,1000,0,10341.052001900387,10341.052001900387,10370.553203900388,16114.0,16114.0,16164.0,-5793.446796099612,0.0
2022-04-07,160.2491019003901,0,1000,1000,0.0,5.204102,0.0,0.0,1000,0,0,10370.553203900388,10360.24910190039,10220.24910190039,16134.0,16164.0,16024.0,-5803.75089809961,0.0
2022-04-08,10289.826278400391,0,0,0,0.0,15.347823500000002,0.0,0.0,0,1000,0,10220.24910190039,10220.24910190039,10289.826278400391,16024.0,16024.0,16114.0,-5824.173721599609,0.0
2022-04-11,269.6209783003924,0,1000,1000,0.0,5.2003001,0.0,0.0,1000,0,0,10289.826278400391,10279.620978300392,10199.620978300392,16074.0,15974.0,15894.0,-5694.379021699608,0.0
2022-04-12,10289.365298700393,0,0,0,0.0,15.235679600000003,0.0,0.0,0,1000,0,10199.620978300392,10199.620978300392,10289.365298700393,15894.0,15894.0,16004.0,-5714.634701299607,0.0
2022-04-13,299.1755989003941,0,1000,1000,0.0,5.1996998,0.0,0.0,1000,0,0,10289.365298700393,10279.175598900394,10299.175598900394,15964.0,15944.0,15964.0,-5664.824401099606,0.0
2022-04-14,10378.828749900395,0,0,0,0.0,15.296849000000002,0.0,0.0,0,1000,0,10429.175598900394,10429.175598900394,10378.828749900395,16094.0,16094.0,16064.0,-5685.1712500996055,0.0
2022-04-15,388.63905010039525,0,1000,1000,0.0,5.1996998,0.0,0.0,1000,0,0,10378.828749900395,10368.639050100395,10428.639050100395,16004.0,15944.0,16004.0,-5575.360949899605,0.0
2022-04-18,10348.474539900395,0,0,0,0.0,15.1745102,0.0,0.0,0,1000,0,10388.639050100395,10388.639050100395,10348.474539900395,15964.0,15964.0,15944.0,-5595.525460099605,0.0
2022-04-19,338.274439900395,0,1000,1000,0.0,5.2001,0.0,0.0,1000,0,0,10348.474539900395,10338.274439900395,10228.274439900395,15944.0,15964.0,15854.0,-5625.725560099605,0.0
2022-04-20,10168.307463400395,0,0,0,0.0,15.041976500000002,0.0,0.0,0,1000,0,10268.274439900395,10268.274439900395,10168.307463400395,15894.0,15894.0,15814.0,-5645.692536599605,0.0
2022-04-21,258.15936440039695,0,1000,1000,0.0,5.198099,0.0,0.0,1000,0,0,10168.307463400395,10158.159364400397,10038.159364400397,15834.0,15864.0,15744.0,-5705.840635599603,0.0
2022-04-22,9958.389921600397,0,0,0,0.0,14.909442800000003,0.0,0.0,0,1000,0,10028.159364400397,10028.159364400397,9958.389921600397,15734.0,15734.0,15684.0,-5725.610078399603,0.0
2022-04-25,338.3926255003971,0,1000,1000,0.0,5.1922961,0.0,0.0,1000,0,0,9958.389921600397,9948.392625500397,9448.392625500397,15564.0,15574.0,15074.0,-5625.607374499603,0.0
2022-04-26,9509.428512400398,0,0,0,0.0,14.369113100000002,0.0,0.0,0,1000,0,9508.392625500397,9508.392625500397,9509.428512400398,15134.0,15134.0,15154.0,-5644.571487599602,0.0
2022-04-27,229.60801970039756,0,1000,1000,0.0,5.1854927,0.0,0.0,1000,0,0,9509.428512400398,9499.608019700398,9599.608019700398,15054.0,15234.0,15334.0,-5734.391980299602,0.0
2022-04-28,9630.2944239004,0,0,0,0.0,14.6035958,0.0,0.0,0,1000,0,9539.608019700398,9539.608019700398,9630.2944239004,15274.0,15274.0,15384.0,-5753.705576099601,0.0
2022-04-29,150.46467655040033,0,1000,1000,0.0,5.09474735,0.0,0.0,1000,0,0,9630.2944239004,9620.4646765504,9670.4646765504,15424.0,15434.0,15484.0,-5813.5353234496,0.0
2022-05-05,9730.973524550402,0,0,0,0.0,14.691152,0.0,0.0,0,1000,0,9710.4646765504,9710.4646765504,9730.973524550402,15524.0,15524.0,15564.0,-5833.026475449598,0.0
2022-05-06,341.1896776504036,0,1000,1000,0.0,5.0938469,0.0,0.0,1000,0,0,9730.973524550402,9721.189677650404,9531.189677650404,15394.0,15344.0,15154.0,-5622.810322349596,0.0
2022-05-09,9532.287228700405,0,0,0,0.0,14.297448950000001,0.0,0.0,0,1000,0,9531.189677650404,9531.189677650404,9532.287228700405,15154.0,15154.0,15174.0,-5641.712771299595,0.0
2022-05-10,402.6359831004047,0,1000,1000,0.0,5.0912456,0.0,0.0,1000,0,0,9532.287228700405,9522.635983100405,9742.635983100405,15074.0,15084.0,15304.0,-5561.364016899595,0.0
2022-05-11,9773.461825050405,0,0,0,0.0,14.47915805,0.0,0.0,0,1000,0,9772.635983100405,9772.635983100405,9773.461825050405,15334.0,15334.0,15354.0,-5580.5381749495955,0.0
2022-05-12,413.6932783004049,0,1000,1000,0.0,5.09354675,0.0,0.0,1000,0,0,9773.461825050405,9763.693278300405,9793.693278300405,15314.0,15314.0,15344.0,-5550.306721699595,0.0
2022-05-13,9774.534215200407,0,0,0,0.0,14.469063100000001,0.0,0.0,0,1000,0,9843.693278300405,9843.693278300405,9774.534215200407,15394.0,15394.0,15344.0,-5569.465784799593,0.0
2022-05-16,364.7401682004074,0,1000,1000,0.0,5.094047,0.0,0.0,1000,0,0,9774.534215200407,9764.740168200407,9664.740168200407,15404.0,15364.0,15264.0,-5599.259831799593,0.0
2022-05-17,9735.566010150407,0,0,0,0.0,14.47915805,0.0,0.0,0,1000,0,9694.740168200407,9694.740168200407,9735.566010150407,15294.0,15294.0,15354.0,-5618.433989849593,0.0
2022-05-18,325.7719631504078,0,1000,1000,0.0,5.094047,0.0,0.0,1000,0,0,9735.566010150407,9725.771963150408,9745.771963150408,15364.0,15364.0,15384.0,-5638.228036849592,0.0
2022-05-19,9656.658184900409,0,0,0,0.0,14.43877825,0.0,0.0,0,1000,0,9655.771963150408,9655.771963150408,9656.658184900409,15294.0,15294.0,15314.0,-5657.341815099591,0.0
2022-05-20,116.79783725040943,0,1000,1000,0.0,5.09534765,0.0,0.0,1000,0,0,9656.658184900409,9646.79783725041,9576.79783725041,15364.0,15494.0,15424.0,-5847.202162749591,0.0
2022-05-23,9527.56329940041,0,0,0,0.0,14.51953785,0.0,0.0,0,1000,0,9626.79783725041,9626.79783725041,9527.56329940041,15474.0,15474.0,15394.0,-5866.43670059959,0.0
2022-05-24,107.76415235040986,0,1000,1000,0.0,5.09414705,0.0,0.0,1000,0,0,9527.56329940041,9517.76415235041,9207.76415235041,15374.0,15374.0,15064.0,-5856.23584764959,0.0
2022-05-25,9228.96736805041,0,0,0,0.0,14.2267843,0.0,0.0,0,1000,0,9217.76415235041,9217.76415235041,9228.96736805041,15074.0,15074.0,15104.0,-5875.032631949591,0.0
2022-05-26,149.34162270040906,0,1000,1000,0.0,5.09074535,0.0,0.0,1000,0,0,9228.96736805041,9219.341622700409,9369.341622700409,15094.0,15034.0,15184.0,-5814.658377299591,0.0
2022-05-27,9370.39388890041,0,0,0,0.0,14.3277338,0.0,0.0,0,1000,0,9379.341622700409,9379.341622700409,9370.39388890041,15194.0,15194.0,15204.0,-5833.606111099591,0.0
2022-05-30,90.66614255040986,0,1000,1000,0.0,5.09274635,0.0,0.0,1000,0,0,9370.39388890041,9360.66614255041,9260.66614255041,15204.0,15234.0,15134.0,-5873.33385744959,0.0
2022-05-31,9481.46179460041,0,0,0,0.0,14.49934795,0.0,0.0,0,1000,0,9260.66614255041,9260.66614255041,9481.46179460041,15134.0,15134.0,15374.0,-5892.538205399591,0.0
2022-06-01,61.66264755040902,0,1000,1000,0.0,5.09414705,0.0,0.0,1000,0,0,9481.46179460041,9471.662647550409,9431.662647550409,15314.0,15374.0,15334.0,-5902.337352449591,0.0
2022-06-02,9442.47339455041,0,0,0,0.0,14.489253000000001,0.0,0.0,0,1000,0,9371.662647550409,9371.662647550409,9442.47339455041,15274.0,15274.0,15364.0,-5921.52660544959,0.0
2022-06-06,92.70994785040966,0,1000,1000,0.0,5.0934467,0.0,0.0,1000,0,0,9442.47339455041,9432.70994785041,9522.70994785041,15354.0,15304.0,15394.0,-5871.29005214959,0.0
2022-06-07,9503.47541000041,0,0,0,0.0,14.51953785,0.0,0.0,0,1000,0,9532.70994785041,9532.70994785041,9503.47541000041,15404.0,15404.0,15394.0,-5890.52458999959,0.0
2022-06-08,63.666062850410526,0,1000,1000,0.0,5.09434715,0.0,0.0,1000,0,0,9503.47541000041,9493.66606285041,9483.66606285041,15414.0,15394.0,15384.0,-5900.3339371495895,0.0
2022-06-09,9374.582474500412,0,0,0,0.0,14.418588350000002,0.0,0.0,0,1000,0,9463.66606285041,9463.66606285041,9374.582474500412,15364.0,15364.0,15294.0,-5919.417525499588,0.0
2022-06-10,64.83942800041223,0,1000,1000,0.0,5.0930465,0.0,0.0,1000,0,0,9374.582474500412,9364.839428000412,9664.839428000412,15234.0,15264.0,15564.0,-5899.160571999588,0.0
2022-06-13,9435.665269950412,0,0,0,0.0,14.47915805,0.0,0.0,0,1000,0,9614.839428000412,9614.839428000412,9435.665269950412,15514.0,15514.0,15354.0,-5918.334730049588,0.0
2022-06-14,145.93242355041184,0,1000,1000,0.0,5.0928464,0.0,0.0,1000,0,0,9435.665269950412,9425.932423550412,9525.932423550412,15274.0,15244.0,15344.0,-5818.067576449588,0.0
2022-06-15,9766.380891750412,0,0,0,0.0,14.7315318,0.0,0.0,0,1000,0,9485.932423550412,9485.932423550412,9766.380891750412,15304.0,15304.0,15604.0,-5837.619108249588,0.0
2022-06-16,16.413443050412752,0,1000,1000,0.0,5.0974487,0.0,0.0,1000,0,0,9766.380891750412,9756.413443050413,9596.413443050413,15644.0,15704.0,15544.0,-5947.586556949587,0.0
2022-06-17,9686.786436500413,0,0,0,0.0,14.782006550000002,0.0,0.0,0,1000,0,9546.413443050413,9546.413443050413,9686.786436500413,15494.0,15494.0,15654.0,-5967.213563499587,13.15551194958607
2022-06-20,965.343272940414,0,900,900,0.0,5.08716356,0.0,0.0,900,0,100,9686.786436500413,9677.343272940414,9686.343272940414,15704.0,15644.0,15654.0,-5967.656727059586,9.15092190458597
2022-06-21,965.343272940414,0,900,900,0.0,0.0,0.0,0.0,0,0,100,9686.343272940414,9686.343272940414,9713.343272940414,15654.0,15654.0,15684.0,-5970.656727059586,12.152451919586156
2022-06-22,965.343272940414,0,900,900,0.0,0.0,0.0,0.0,0,0,100,9704.343272940414,9704.343272940414,9560.343272940414,15674.0,15674.0,15514.0,-5953.656727059586,0.0
2022-06-23,4.856218165413907,0,1000,1000,0.0,5.009554775,0.0,0.0,100,0,0,9560.343272940414,9554.856218165414,9674.856218165414,15514.0,15514.0,15634.0,-5959.143781834586,0.0
2022-06-24,9735.138641915415,0,0,0,0.0,14.84257625,0.0,0.0,0,1000,0,9704.856218165414,9704.856218165414,9735.138641915415,15664.0,15664.0,15714.0,-5978.861358084585,24.833906834584923
2022-06-27,905.6403978154158,0,900,900,0.0,5.0882441,0.0,0.0,900,0,100,9735.138641915415,9725.640397815416,9698.640397815416,15714.0,15764.0,15734.0,-6035.359602184584,76.8578770695841
2022-06-28,905.6403978154158,0,900,900,0.0,0.0,0.0,0.0,0,0,100,9689.640397815416,9689.640397815416,9815.640397815416,15724.0,15724.0,15864.0,-6048.359602184584,89.86450713458407
2022-06-29,905.6403978154158,0,900,900,0.0,0.0,0.0,0.0,0,0,100,9815.640397815416,9815.640397815416,9761.640397815416,15864.0,15864.0,15804.0,-6042.359602184584,83.86144710458416
2022-06-30,905.6403978154158,0,900,900,0.0,0.0,0.0,0.0,0,0,100,9752.640397815416,9752.640397815416,9761.640397815416,15794.0,15794.0,15804.0,-6042.359602184584,83.86144710458416
2022-07-01,905.6403978154158,0,900,900,0.0,0.0,0.0,0.0,0,0,100,9752.640397815416,9752.640397815416,9707.640397815416,15794.0,15794.0,15744.0,-6036.359602184584,77.85838707458402
2022-07-04,905.6403978154158,0,900,900,0.0,0.0,0.0,0.0,0,0,100,9698.640397815416,9698.640397815416,9689.640397815416,15734.0,15734.0,15724.0,-6034.359602184584,75.8573670645842
2022-07-05,905.6403978154158,0,900,900,0.0,0.0,0.0,0.0,0,0,100,9689.640397815416,9689.640397815416,9626.640397815416,15724.0,15724.0,15654.0,-6027.359602184584,68.85379702958414
2022-07-06,905.6403978154158,0,900,900,0.0,0.0,0.0,0.0,0,0,100,9617.640397815416,9617.640397815416,9554.640397815416,15644.0,15644.0,15574.0,-6019.359602184584,60.84971698958407
2022-07-07,905.6403978154158,0,900,900,0.0,0.0,0.0,0.0,0,0,100,9509.640397815416,9509.640397815416,9536.640397815416,15524.0,15524.0,15554.0,-6017.359602184584,58.84869697958413
2022-07-08,905.6403978154158,0,900,900,0.0,0.0,0.0,0.0,0,0,100,9563.640397815416,9563.640397815416,9671.640397815416,15584.0,15584.0,15704.0,-6032.359602184584,73.85634705458415
2022-07-11,905.6403978154158,0,900,900,0.0,0.0,0.0,0.0,0,0,100,9689.640397815416,9689.640397815416,9581.640397815416,15724.0,15724.0,15604.0,-6022.359602184584,63.85124700458414
2022-07-12,905.6403978154158,0,900,900,0.0,0.0,0.0,0.0,0,0,100,9545.640397815416,9545.640397815416,9572.640397815416,15564.0,15564.0,15594.0,-6021.359602184584,62.85073699958434
2022-07-13,905.6403978154158,0,900,900,0.0,0.0,0.0,0.0,0,0,100,9581.640397815416,9581.640397815416,9581.640397815416,15604.0,15604.0,15604.0,-6022.359602184584,63.85124700458414
2022-07-14,905.6403978154158,0,900,900,0.0,0.0,0.0,0.0,0,0,100,9599.640397815416,9599.640397815416,9500.640397815416,15624.0,15624.0,15514.0,-6013.359602184584,54.846656959584266
2022-07-15,905.6403978154158,0,900,900,0.0,0.0,0.0,0.0,0,0,100,9473.640397815416,9473.640397815416,9320.640397815416,15484.0,15484.0,15314.0,-5993.359602184584,34.836456859584246
2022-07-18,905.6403978154158,0,900,900,0.0,0.0,0.0,0.0,0,0,100,9329.640397815416,9329.640397815416,9608.640397815416,15324.0,15324.0,15634.0,-6025.359602184584,66.85277701958421
2022-07-19,905.6403978154158,0,900,900,0.0,0.0,0.0,0.0,0,0,100,9572.640397815416,9572.640397815416,9725.640397815416,15594.0,15594.0,15764.0,-6038.359602184584,79.85940708458418
2022-07-20,905.6403978154158,0,900,900,0.0,0.0,0.0,0.0,0,0,100,9788.640397815416,9788.640397815416,9851.640397815416,15834.0,15834.0,15904.0,-6052.359602184584,93.86654715458417
2022-07-21,905.6403978154158,0,900,900,0.0,0.0,0.0,0.0,0,0,100,9815.640397815416,9815.640397815416,9968.640397815416,15864.0,15864.0,16034.0,-6065.359602184584,106.87317721958414
2022-07-22,905.6403978154158,0,900,900,0.0,0.0,0.0,0.0,0,0,100,9941.640397815416,9941.640397815416,9905.640397815416,16004.0,16004.0,15964.0,-6058.359602184584,99.8696071845842
2022-07-25,905.6403978154158,0,900,900,0.0,0.0,0.0,0.0,0,0,100,9905.640397815416,9905.640397815416,9860.640397815416,15964.0,15964.0,15914.0,-6053.359602184584,94.86705715958408
2022-07-26,905.6403978154158,0,900,900,0.0,0.0,0.0,0.0,0,0,100,9887.640397815416,9887.640397815416,9905.640397815416,15944.0,15944.0,15964.0,-6058.359602184584,99.8696071845842
2022-07-27,905.6403978154158,0,900,900,0.0,0.0,0.0,0.0,0,0,100,9896.640397815416,9896.640397815416,9851.640397815416,15954.0,15954.0,15904.0,-6052.359602184584,93.86654715458417
2022-07-28,905.6403978154158,0,900,900,0.0,0.0,0.0,0.0,0,0,100,9896.640397815416,9896.640397815416,10004.640397815416,15954.0,15954.0,16074.0,-6069.359602184584,110.87521723958423
2022-07-29,905.6403978154158,0,900,900,0.0,0.0,0.0,0.0,0,0,100,9995.640397815416,9995.640397815416,9950.640397815416,16064.0,16064.0,16014.0,-6063.359602184584,104.87215720958432
2022-08-01,905.6403978154158,0,900,900,0.0,0.0,0.0,0.0,0,0,100,9932.640397815416,9932.640397815416,9959.640397815416,15994.0,15994.0,16024.0,-6064.359602184584,105.87266721458411
2022-08-02,905.6403978154158,0,900,900,0.0,0.0,0.0,0.0,0,0,100,9905.640397815416,9905.640397815416,9824.640397815416,15964.0,15964.0,15874.0,-6049.359602184584,90.86501713958421
2022-08-03,905.6403978154158,0,900,900,0.0,0.0,0.0,0.0,0,0,100,9824.640397815416,9824.640397815416,9653.640397815416,15874.0,15874.0,15684.0,-6030.359602184584,71.85532704458433
2022-08-04,905.6403978154158,0,900,900,0.0,0.0,0.0,0.0,0,0,100,9698.640397815416,9698.640397815416,9806.640397815416,15734.0,15734.0,15854.0,-6047.359602184584,88.86399712958416
2022-08-05,1355.6403978154158,0,900,900,45.0,0.0,0.0,450.0,0,0,100,9779.640397815416,9779.640397815416,9941.640397815416,15874.0,15874.0,16054.0,-6112.359602184584,0.0
2022-08-08,391.15130302041587,0,1000,1000,45.0,5.009594795,0.0,0.0,100,0,0,9941.640397815416,9936.151303020415,9966.151303020415,16054.0,16054.0,16084.0,-6117.848696979585,0.0
2022-08-09,10016.524296470416,0,0,0,0.0,14.782006550000002,45.0,0.0,0,1000,0,9946.151303020415,9946.151303020415,10016.524296470416,16064.0,16064.0,16154.0,-6137.475703529584,0.0
2022-08-10,326.5874480704151,0,1000,1000,0.0,5.0968484,0.0,0.0,1000,0,0,10016.524296470416,10006.587448070415,9896.587448070415,16154.0,16144.0,16034.0,-6137.412551929585,0.0
2022-08-11,10116.779302120416,0,0,0,0.0,14.90314595,0.0,0.0,0,1000,0,9926.587448070415,9926.587448070415,10116.779302120416,16064.0,16064.0,16274.0,-6157.220697879584,0.0
2022-08-12,376.8169534704157,0,1000,1000,0.0,5.09734865,0.0,0.0,1000,0,0,10116.779302120416,10106.816953470416,10046.816953470416,16234.0,16194.0,16134.0,-6087.183046529584,0.0
2022-08-15,9917.386181270416,0,0,0,0.0,14.650772200000002,0.0,0.0,0,1000,0,10036.816953470416,10036.816953470416,9917.386181270416,16124.0,16124.0,16024.0,-6106.613818729584,0.0
2022-08-16,367.5207335704181,0,1000,1000,0.0,5.0954477,0.0,0.0,1000,0,0,9917.386181270416,9907.520733570418,9847.520733570418,16044.0,16004.0,15944.0,-6096.479266429582,0.0
2022-08-17,9997.95410682042,0,0,0,0.0,14.741626750000002,0.0,0.0,0,1000,0,9827.520733570418,9827.520733570418,9997.95410682042,15924.0,15924.0,16114.0,-6116.04589317958,0.0
2022-08-18,428.07845902042027,0,1000,1000,0.0,5.0956478,0.0,0.0,1000,0,0,9997.95410682042,9988.07845902042,10038.07845902042,16084.0,16024.0,16074.0,-6035.92154097958,0.0
2022-08-19,9928.70806662042,0,0,0,0.0,14.6103924,0.0,0.0,0,1000,0,9948.07845902042,9948.07845902042,9928.70806662042,15984.0,15984.0,15984.0,-6055.29193337958,0.0
2022-08-22,478.8936194204216,0,1000,1000,0.0,5.0944472,0.0,0.0,1000,0,0,9928.70806662042,9918.893619420422,9998.893619420422,15894.0,15904.0,15984.0,-5985.106380579578,0.0
2022-08-23,9899.643986620422,0,0,0,0.0,14.529632800000002,0.0,0.0,0,1000,0,9958.893619420422,9958.893619420422,9899.643986620422,15944.0,15944.0,15904.0,-6004.356013379578,0.0
2022-08-24,459.8346394704222,0,1000,1000,0.0,5.09434715,0.0,0.0,1000,0,0,9899.643986620422,9889.834639470422,9829.834639470422,15884.0,15894.0,15834.0,-6004.165360529578,0.0
2022-08-25,9750.781241020424,0,0,0,0.0,14.398398450000002,0.0,0.0,0,1000,0,9779.834639470422,9779.834639470422,9750.781241020424,15784.0,15784.0,15774.0,-6023.218758979576,0.0
2022-08-26,371.00249417042505,0,1000,1000,0.0,5.09374685,0.0,0.0,1000,0,0,9750.781241020424,9741.002494170425,9731.002494170425,15824.0,15834.0,15824.0,-6092.997505829575,0.0
2022-08-29,9592.054760370425,0,0,0,0.0,14.3277338,0.0,0.0,0,1000,0,9631.002494170425,9631.002494170425,9592.054760370425,15724.0,15724.0,15704.0,-6111.945239629575,0.0
2022-08-30,332.3372141204254,0,1000,1000,0.0,5.09254625,0.0,0.0,1000,0,0,9592.054760370425,9582.337214120425,9532.337214120425,15734.0,15714.0,15664.0,-6131.662785879575,0.0
2022-08-31,9603.314005570426,0,0,0,0.0,14.378208550000002,0.0,0.0,0,1000,0,9512.337214120425,9512.337214120425,9603.314005570426,15644.0,15644.0,15754.0,-6150.685994429574,0.0
2022-09-01,343.5964593204262,0,1000,1000,0.0,5.09254625,0.0,0.0,1000,0,0,9603.314005570426,9593.596459320426,9563.596459320426,15684.0,15714.0,15684.0,-6120.403540679574,0.0
2022-09-02,9634.543060870428,0,0,0,0.0,14.398398450000002,0.0,0.0,0,1000,0,9563.596459320426,9563.596459320426,9634.543060870428,15684.0,15684.0,15774.0,-6139.456939129572,0.0
2022-09-05,404.84081477043037,0,1000,1000,0.0,5.0922461,0.0,0.0,1000,0,0,9634.543060870428,9624.84081477043,9734.84081477043,15764.0,15684.0,15794.0,-6059.15918522957,0.0
2022-09-06,9825.59118197043,0,0,0,0.0,14.529632800000002,0.0,0.0,0,1000,0,9714.84081477043,9714.84081477043,9825.59118197043,15774.0,15774.0,15904.0,-6078.408818029569,0.0
2022-09-07,425.8022350204301,0,1000,1000,0.0,5.09394695,0.0,0.0,1000,0,0,9825.59118197043,9815.80223502043,9815.80223502043,15894.0,15854.0,15854.0,-6038.19776497957,0.0
2022-09-08,9846.55260222043,0,0,0,0.0,14.529632800000002,0.0,0.0,0,1000,0,9855.80223502043,9855.80223502043,9846.55260222043,15894.0,15894.0,15904.0,-6057.44739777957,0.0
2022-09-09,346.712654770432,0,1000,1000,0.0,5.09494745,0.0,0.0,1000,0,0,9846.55260222043,9836.712654770432,9816.712654770432,15934.0,15954.0,15934.0,-6117.287345229568,0.0
2022-09-13,9817.387547220433,0,0,0,0.0,14.580107550000001,0.0,0.0,0,1000,0,9856.712654770432,9856.712654770432,9817.387547220433,15974.0,15974.0,15954.0,-6136.612452779567,0.0
2022-09-14,437.6088003704335,0,1000,1000,0.0,5.09374685,0.0,0.0,1000,0,0,9817.387547220433,9807.608800370434,9817.608800370434,15924.0,15834.0,15844.0,-6026.3911996295665,0.0
2022-09-15,9798.449737270435,0,0,0,0.0,14.469063100000001,0.0,0.0,0,1000,0,9827.608800370434,9827.608800370434,9798.449737270435,15854.0,15854.0,15844.0,-6045.550262729565,0.0
2022-09-16,418.6709904204363,0,1000,1000,0.0,5.09374685,0.0,0.0,1000,0,0,9798.449737270435,9788.670990420436,9538.670990420436,15804.0,15834.0,15584.0,-6045.329009579564,0.0
2022-09-19,9290.251579870437,0,0,0,0.0,13.97441055,0.0,0.0,0,1000,0,9538.670990420436,9538.670990420436,9290.251579870437,15584.0,15584.0,15354.0,-6063.748420129563,0.0
2022-09-20,370.70743532043707,0,1000,1000,0.0,5.08914455,0.0,0.0,1000,0,0,9290.251579870437,9280.707435320437,9110.707435320437,15384.0,15374.0,15204.0,-6093.292564679563,0.0
2022-09-21,9102.499354070436,0,0,0,0.0,13.833081250000001,0.0,0.0,0,1000,0,9100.707435320437,9100.707435320437,9102.499354070436,15194.0,15194.0,15214.0,-6111.500645929564,0.0
2022-09-22,383.05721052043737,0,1000,1000,0.0,5.08714355,0.0,0.0,1000,0,0,9102.499354070436,9093.057210520437,9063.057210520437,15164.0,15174.0,15144.0,-6080.942789479563,0.0
2022-09-23,9054.939698970438,0,0,0,0.0,13.77251155,0.0,0.0,0,1000,0,9083.057210520437,9083.057210520437,9054.939698970438,15164.0,15164.0,15154.0,-6099.060301029562,0.0
2022-09-26,375.51795562043844,0,1000,1000,0.0,5.08674335,0.0,0.0,1000,0,0,9054.939698970438,9045.517955620438,8925.517955620438,15064.0,15134.0,15014.0,-6088.482044379562,0.0
2022-09-27,9007.46082387044,0,0,0,0.0,13.73213175,0.0,0.0,0,1000,0,8915.517955620438,8915.517955620438,9007.46082387044,15004.0,15004.0,15114.0,-6106.53917612956,0.0
2022-09-28,438.09518107044096,0,1000,1000,0.0,5.0856428,0.0,0.0,1000,0,0,9007.46082387044,8998.095181070441,8998.095181070441,15084.0,15024.0,15024.0,-6025.904818929559,0.0
2022-09-29,8800.445612970443,0,0,0,0.0,13.459568100000002,0.0,0.0,0,1000,0,9108.095181070441,9108.095181070441,8800.445612970443,15134.0,15134.0,14844.0,-6043.554387029557,0.0
2022-09-30,331.1309706704433,0,1000,1000,0.0,5.0846423,0.0,0.0,1000,0,0,8800.445612970443,8791.130970670443,8851.130970670443,14874.0,14924.0,14984.0,-6132.869029329557,0.0
2022-10-10,8473.813491470442,0,0,0,0.0,13.237479200000001,0.0,0.0,0,1000,0,8931.130970670443,8931.130970670443,8473.813491470442,15064.0,15064.0,14624.0,-6150.186508529558,0.0
2022-10-11,284.64165057044283,0,1000,1000,0.0,5.0818408999999996,0.0,0.0,1000,0,0,8473.813491470442,8464.641650570444,8464.641650570444,14704.0,14644.0,14644.0,-6179.358349429556,0.0
2022-10-12,8577.097747120442,0,0,0,0.0,13.38890345,0.0,0.0,0,1000,0,8444.641650570444,8444.641650570444,8577.097747120442,14624.0,14624.0,14774.0,-6196.902252879558,0.0
2022-10-13,247.85450552044313,0,1000,1000,0.0,5.0832416,0.0,0.0,1000,0,0,8577.097747120442,8567.854505520443,8597.854505520443,14714.0,14784.0,14814.0,-6216.145494479557,0.0
2022-10-14,8670.114367720444,0,0,0,0.0,13.5201378,0.0,0.0,0,1000,0,8657.854505520443,8657.854505520443,8670.114367720444,14874.0,14874.0,14904.0,-6233.885632279556,0.0
2022-10-17,200.7997254204438,0,1000,1000,0.0,5.0846423,0.0,0.0,1000,0,0,8670.114367720444,8660.799725420444,8720.799725420444,14904.0,14924.0,14984.0,-6263.200274579556,0.0
2022-10-18,8682.969017920444,0,0,0,0.0,13.5807075,0.0,0.0,0,1000,0,8740.799725420444,8740.799725420444,8682.969017920444,15004.0,15004.0,14964.0,-6281.0309820795555,0.0
2022-10-19,133.61357522044455,0,1000,1000,0.0,5.0854427,0.0,0.0,1000,0,0,8682.969017920444,8673.613575220445,8533.613575220445,14954.0,15004.0,14864.0,-6330.386424779555,0.0
2022-10-20,8615.782867720445,0,0,0,0.0,13.5807075,0.0,0.0,0,1000,0,8513.613575220445,8513.613575220445,8615.782867720445,14844.0,14844.0,14964.0,-6348.217132279555,0.0
2022-10-21,146.46822542044538,0,1000,1000,0.0,5.0846423,0.0,0.0,1000,0,0,8615.782867720445,8606.468225420445,8616.468225420445,14964.0,14924.0,14934.0,-6317.531774579555,0.0
2022-10-24,8418.954511870445,0,0,0,0.0,13.36871355,0.0,0.0,0,1000,0,8546.468225420445,8546.468225420445,8418.954511870445,14864.0,14864.0,14754.0,-6335.045488129555,0.0
2022-10-25,109.72147037044488,0,1000,1000,0.0,5.0830415,0.0,0.0,1000,0,0,8418.954511870445,8409.721470370445,8489.721470370445,14864.0,14764.0,14844.0,-6354.278529629555,0.0
2022-10-26,8392.192661870446,0,0,0,0.0,13.3788085,0.0,0.0,0,1000,0,8449.721470370445,8449.721470370445,8392.192661870446,14804.0,14804.0,14764.0,-6371.807338129554,0.0
2022-10-27,832.3416141154448,0,900,900,0.0,5.075547755,0.0,0.0,900,0,100,8392.192661870446,8383.341614115445,8383.341614115445,14774.0,14854.0,14854.0,-6470.658385884555,12.086280079555195
2022-10-28,832.3416141154448,0,900,900,0.0,0.0,0.0,0.0,0,0,100,8419.341614115445,8419.341614115445,8284.341614115445,14894.0,14894.0,14744.0,-6459.658385884555,1.0806700245550473
2022-10-31,39.9402401804449,0,1000,1000,0.0,5.007873935,0.0,0.0,100,0,0,7915.341614115445,7909.940240180445,8239.940240180445,14334.0,14334.0,14664.0,-6424.0597598195545,0.0
2022-11-01,8582.018962980446,0,0,0,0.0,13.641277200000001,0.0,0.0,0,1000,0,8329.940240180445,8329.940240180445,8582.018962980446,14754.0,14754.0,15024.0,-6441.981037019554,0.0
2022-11-02,92.6941205804469,0,1000,1000,0.0,5.0848424,0.0,0.0,1000,0,0,8582.018962980446,8572.694120580447,8752.694120580447,14954.0,14944.0,15124.0,-6371.305879419553,0.0
2022-11-03,8704.667178730448,0,0,0,0.0,13.711941850000002,0.0,0.0,0,1000,0,8772.694120580447,8772.694120580447,8704.667178730448,15144.0,15144.0,15094.0,-6389.332821269552,0.0
2022-11-04,65.26583558044877,0,1000,1000,0.0,5.08634315,0.0,0.0,1000,0,0,8704.667178730448,8695.265835580449,8755.265835580449,15044.0,15094.0,15154.0,-6398.734164419551,0.0
2022-11-07,8737.14832403045,0,0,0,0.0,13.77251155,0.0,0.0,0,1000,0,8755.265835580449,8755.265835580449,8737.14832403045,15154.0,15154.0,15154.0,-6416.85167596955,0.0
2022-11-08,67.73168073045053,0,1000,1000,0.0,5.0866433,0.0,0.0,1000,0,0,8737.14832403045,8727.73168073045,8787.73168073045,15124.0,15124.0,15184.0,-6396.2683192695495,0.0
2022-11-09,8689.689643930451,0,0,0,0.0,13.722036800000001,0.0,0.0,0,1000,0,8757.73168073045,8757.73168073045,8689.689643930451,15154.0,15154.0,15104.0,-6414.310356069549,0.0
2022-11-10,70.29850088044986,0,1000,1000,0.0,5.08614305,0.0,0.0,1000,0,0,8689.689643930451,8680.29850088045,8690.29850088045,15094.0,15074.0,15084.0,-6393.70149911955,0.0
2022-11-11,8891.95456508045,0,0,0,0.0,13.9239358,0.0,0.0,0,1000,0,8820.29850088045,8820.29850088045,8891.95456508045,15214.0,15214.0,15304.0,-6412.04543491955,0.0
2022-11-14,773.8189345354513,0,900,900,0.0,5.081130545,0.0,0.0,900,0,100,8891.95456508045,8882.818934535451,8828.818934535451,15344.0,15474.0,15414.0,-6585.181065464549,126.63751993954861
2022-11-15,773.8189345354513,0,900,900,0.0,0.0,0.0,0.0,0,0,100,8837.818934535451,8837.818934535451,8918.818934535451,15424.0,15424.0,15514.0,-6595.181065464549,136.64261998954885
2022-11-16,773.8189345354513,0,900,900,0.0,0.0,0.0,0.0,0,0,100,8882.818934535451,8882.818934535451,8864.818934535451,15474.0,15474.0,15454.0,-6589.181065464549,130.6395599595487
2022-11-17,773.8189345354513,0,900,900,0.0,0.0,0.0,0.0,0,0,100,8837.818934535451,8837.818934535451,8882.818934535451,15424.0,15424.0,15474.0,-6591.181065464549,132.64057996954864
2022-11-18,773.8189345354513,0,900,900,0.0,0.0,0.0,0.0,0,0,100,8918.818934535451,8918.818934535451,8828.818934535451,15514.0,15514.0,15414.0,-6585.181065464549,126.63751993954861
2022-11-21,773.8189345354513,0,900,900,0.0,0.0,0.0,0.0,0,0,100,8783.818934535451,8783.818934535451,8873.818934535451,15364.0,15364.0,15464.0,-6590.181065464549,131.64006996454862
2022-11-22,773.8189345354513,0,900,900,0.0,0.0,0.0,0.0,0,0,100,8927.818934535451,8927.818934535451,8963.818934535451,15524.0,15524.0,15564.0,-6600.181065464549,141.64517001454863
2022-11-23,773.8189345354513,0,900,900,0.0,0.0,0.0,0.0,0,0,100,8972.818934535451,8972.818934535451,8918.818934535451,15574.0,15574.0,15514.0,-6595.181065464549,136.64261998954885
2022-11-24,773.8189345354513,0,900,900,0.0,0.0,0.0,0.0,0,0,100,8918.818934535451,8918.818934535451,8837.818934535451,15514.0,15514.0,15424.0,-6586.181065464549,127.63802994454886
2022-11-25,773.8189345354513,0,900,900,0.0,0.0,0.0,0.0,0,0,100,8828.818934535451,8828.818934535451,8918.818934535451,15414.0,15414.0,15514.0,-6595.181065464549,136.64261998954885
2022-11-28,773.8189345354513,0,900,900,0.0,0.0,0.0,0.0,0,0,100,8783.818934535451,8783.818934535451,8657.818934535451,15364.0,15364.0,15224.0,-6566.181065464549,107.62782984454873
2022-11-29,773.8189345354513,0,900,900,0.0,0.0,0.0,0.0,0,0,100,8720.818934535451,8720.818934535451,8972.818934535451,15294.0,15294.0,15574.0,-6601.181065464549,142.64568001954865
2022-11-30,773.8189345354513,0,900,900,0.0,0.0,0.0,0.0,0,0,100,8981.818934535451,8981.818934535451,9008.818934535451,15584.0,15584.0,15614.0,-6605.181065464549,146.64772003954874
2022-12-01,773.8189345354513,0,900,900,0.0,0.0,0.0,0.0,0,0,100,9062.818934535451,9062.818934535451,9044.818934535451,15674.0,15674.0,15654.0,-6609.181065464549,150.64976005954873
2022-12-02,773.8189345354513,0,900,900,0.0,0.0,0.0,0.0,0,0,100,9026.818934535451,9026.818934535451,8999.818934535451,15634.0,15634.0,15604.0,-6604.181065464549,145.64721003454872
2022-12-05,773.8189345354513,0,900,900,0.0,0.0,0.0,0.0,0,0,100,9134.818934535451,9134.818934535451,9125.818934535451,15754.0,15754.0,15744.0,-6618.181065464549,159.6543501045486
2022-12-06,773.8189345354513,0,900,900,0.0,0.0,0.0,0.0,0,0,100,9071.818934535451,9071.818934535451,9269.818934535451,15684.0,15684.0,15904.0,-6634.181065464549,175.66251018454875
2022-12-07,773.8189345354513,0,900,900,0.0,0.0,0.0,0.0,0,0,100,9287.818934535451,9287.818934535451,9251.818934535451,15924.0,15924.0,15884.0,-6632.181065464549,173.6614901745487
2022-12-08,773.8189345354513,0,900,900,0.0,0.0,0.0,0.0,0,0,100,9242.818934535451,9242.818934535451,9251.818934535451,15874.0,15874.0,15884.0,-6632.181065464549,173.6614901745487
2022-12-09,773.8189345354513,0,900,900,0.0,0.0,0.0,0.0,0,0,100,9233.818934535451,9233.818934535451,9287.818934535451,15864.0,15864.0,15924.0,-6636.181065464549,177.6635301945488
2022-12-12,773.8189345354513,0,900,900,0.0,0.0,0.0,0.0,0,0,100,9260.818934535451,9260.818934535451,9287.818934535451,15894.0,15894.0,15924.0,-6636.181065464549,177.6635301945488
2022-12-13,773.8189345354513,0,900,900,0.0,0.0,0.0,0.0,0,0,100,9305.818934535451,9305.818934535451,9278.818934535451,15944.0,15944.0,15914.0,-6635.181065464549,176.66302018954855
2022-12-14,773.8189345354513,0,900,900,0.0,0.0,0.0,0.0,0,0,100,9305.818934535451,9305.818934535451,9251.818934535451,15944.0,15944.0,15884.0,-6632.181065464549,173.6614901745487
2022-12-15,773.8189345354513,0,900,900,0.0,0.0,0.0,0.0,0,0,100,9251.818934535451,9251.818934535451,9287.818934535451,15884.0,15884.0,15924.0,-6636.181065464549,177.6635301945488
2022-12-16,773.8189345354513,0,900,900,0.0,0.0,0.0,0.0,0,0,100,9242.818934535451,9242.818934535451,9323.818934535451,15874.0,15874.0,15964.0,-6640.181065464549,181.66557021454867
2022-12-19,773.8189345354513,0,900,900,0.0,0.0,0.0,0.0,0,0,100,9341.818934535451,9341.818934535451,9206.818934535451,15984.0,15984.0,15834.0,-6627.181065464549,168.65894014954858
2022-12-20,773.8189345354513,0,900,900,0.0,0.0,0.0,0.0,0,0,100,9161.818934535451,9161.818934535451,9134.818934535451,15784.0,15784.0,15754.0,-6619.181065464549,160.6548601095485
2022-12-21,773.8189345354513,0,900,900,0.0,0.0,0.0,0.0,0,0,100,9134.818934535451,9134.818934535451,9188.818934535451,15754.0,15754.0,15814.0,-6625.181065464549,166.65792013954876
2022-12-22,773.8189345354513,0,900,900,0.0,0.0,0.0,0.0,0,0,100,9296.818934535451,9296.818934535451,9134.818934535451,15934.0,15934.0,15754.0,-6619.181065464549,160.6548601095485
2022-12-23,773.8189345354513,0,900,900,0.0,0.0,0.0,0.0,0,0,100,9107.818934535451,9107.818934535451,9035.818934535451,15724.0,15724.0,15644.0,-6608.181065464549,149.6492500545487
2022-12-26,773.8189345354513,0,900,900,0.0,0.0,0.0,0.0,0,0,100,9071.818934535451,9071.818934535451,9017.818934535451,15684.0,15684.0,15624.0,-6606.181065464549,147.64823004454865
2022-12-27,773.8189345354513,0,900,900,0.0,0.0,0.0,0.0,0,0,100,9071.818934535451,9071.818934535451,9062.818934535451,15684.0,15684.0,15674.0,-6611.181065464549,152.65078006954877
2022-12-28,773.8189345354513,0,900,900,0.0,0.0,0.0,0.0,0,0,100,9080.818934535451,9080.818934535451,9026.818934535451,15694.0,15694.0,15634.0,-6607.181065464549,148.64874004954868
2022-12-29,773.8189345354513,0,900,900,0.0,0.0,0.0,0.0,0,0,100,9035.818934535451,9035.818934535451,8936.818934535451,15644.0,15644.0,15534.0,-6597.181065464549,138.64363999954867
2022-12-30,773.8189345354513,0,900,900,0.0,0.0,0.0,0.0,0,0,100,8972.818934535451,8972.818934535451,9035.818934535451,15574.0,15574.0,15644.0,-6608.181065464549,149.6492500545487
2023-01-03,773.8189345354513,0,900,900,0.0,0.0,0.0,0.0,0,0,100,8999.818934535451,8999.818934535451,9152.818934535451,15604.0,15604.0,15774.0,-6621.181065464549,162.65588011954867
2023-01-04,773.8189345354513,0,900,900,0.0,0.0,0.0,0.0,0,0,100,9224.818934535451,9224.818934535451,9188.818934535451,15854.0,15854.0,15814.0,-6625.181065464549,166.65792013954876
2023-01-05,773.8189345354513,0,900,900,0.0,0.0,0.0,0.0,0,0,100,9278.818934535451,9278.818934535451,9314.818934535451,15914.0,15914.0,15954.0,-6639.181065464549,180.66506020954864
2023-01-06,773.8189345354513,0,900,900,0.0,0.0,0.0,0.0,0,0,100,9305.818934535451,9305.818934535451,9215.818934535451,15944.0,15944.0,15844.0,-6628.181065464549,169.65945015454884
2023-01-09,773.8189345354513,0,900,900,0.0,0.0,0.0,0.0,0,0,100,9305.818934535451,9305.818934535451,9332.818934535451,15944.0,15944.0,15974.0,-6641.181065464549,182.6660802195487
2023-01-10,773.8189345354513,0,900,900,0.0,0.0,0.0,0.0,0,0,100,9314.818934535451,9314.818934535451,9233.818934535451,15954.0,15954.0,15864.0,-6630.181065464549,171.66047016454866
2023-01-11,773.8189345354513,0,900,900,0.0,0.0,0.0,0.0,0,0,100,9278.818934535451,9278.818934535451,9197.818934535451,15914.0,15914.0,15824.0,-6626.181065464549,167.65843014454867
2023-01-12,773.8189345354513,0,900,900,0.0,0.0,0.0,0.0,0,0,100,9233.818934535451,9233.818934535451,9161.818934535451,15864.0,15864.0,15784.0,-6622.181065464549,163.65639012454858
2023-01-13,773.8189345354513,0,900,900,0.0,0.0,0.0,0.0,0,0,100,9188.818934535451,9188.818934535451,9260.818934535451,15814.0,15814.0,15894.0,-6633.181065464549,174.66200017954873
2023-01-16,773.8189345354513,0,900,900,0.0,0.0,0.0,0.0,0,0,100,9269.818934535451,9269.818934535451,9323.818934535451,15904.0,15904.0,15964.0,-6640.181065464549,181.66557021454867
2023-01-17,773.8189345354513,0,900,900,0.0,0.0,0.0,0.0,0,0,100,9341.818934535451,9341.818934535451,9341.818934535451,15984.0,15984.0,15984.0,-6642.181065464549,183.6665902245487
2023-01-18,773.8189345354513,0,900,900,0.0,0.0,0.0,0.0,0,0,100,9350.818934535451,9350.818934535451,9350.818934535451,15994.0,15994.0,15994.0,-6643.181065464549,184.66710022954862
2023-01-19,773.8189345354513,0,900,900,0.0,0.0,0.0,0.0,0,0,100,9314.818934535451,9314.818934535451,9350.818934535451,15954.0,15954.0,15994.0,-6643.181065464549,184.66710022954862
2023-01-20,773.8189345354513,0,900,900,0.0,0.0,0.0,0.0,0,0,100,9368.818934535451,9368.818934535451,9350.818934535451,16014.0,16014.0,15994.0,-6643.181065464549,184.66710022954862
2023-01-30,773.8189345354513,0,900,900,0.0,0.0,0.0,0.0,0,0,100,9476.818934535451,9476.818934535451,9449.818934535451,16134.0,16134.0,16104.0,-6654.181065464549,195.67271028454866
2023-01-31,773.8189345354513,0,900,900,0.0,0.0,0.0,0.0,0,0,100,9503.818934535451,9503.818934535451,9332.818934535451,16164.0,16164.0,15974.0,-6641.181065464549,182.6660802195487
2023-02-01,773.8189345354513,0,900,900,0.0,0.0,0.0,0.0,0,0,100,9359.818934535451,9359.818934535451,9395.818934535451,16004.0,16004.0,16044.0,-6648.181065464549,189.66965025454863
2023-02-02,773.8189345354513,0,900,900,0.0,0.0,0.0,0.0,0,0,100,9413.818934535451,9413.818934535451,9368.818934535451,16064.0,16064.0,16014.0,-6645.181065464549,186.66812023954878
2023-02-03,773.8189345354513,0,900,900,0.0,0.0,0.0,0.0,0,0,100,9323.818934535451,9323.818934535451,9197.818934535451,15964.0,15964.0,15824.0,-6626.181065464549,167.65843014454867
2023-02-06,773.8189345354513,0,900,900,0.0,0.0,0.0,0.0,0,0,100,9152.818934535451,9152.818934535451,9170.818934535451,15774.0,15774.0,15794.0,-6623.181065464549,164.65690012954872
2023-02-07,773.8189345354513,0,900,900,0.0,0.0,0.0,0.0,0,0,100,9215.818934535451,9215.818934535451,9116.818934535451,15844.0,15844.0,15734.0,-6617.181065464549,158.6538400995487
2023-02-08,773.8189345354513,0,900,900,0.0,0.0,0.0,0.0,0,0,100,9143.818934535451,9143.818934535451,9107.818934535451,15764.0,15764.0,15724.0,-6616.181065464549,157.65333009454866
2023-02-09,773.8189345354513,0,900,900,0.0,0.0,0.0,0.0,0,0,100,9089.818934535451,9089.818934535451,9278.818934535451,15704.0,15704.0,15914.0,-6635.181065464549,176.66302018954855
2023-02-10,773.8189345354513,0,900,900,0.0,0.0,0.0,0.0,0,0,100,9251.818934535451,9251.818934535451,9575.818934535451,15884.0,15884.0,16244.0,-6668.181065464549,209.67985035454853
2023-02-13,773.8189345354513,0,900,900,0.0,0.0,0.0,0.0,0,0,100,9521.818934535451,9521.818934535451,9467.818934535451,16184.0,16184.0,16124.0,-6656.181065464549,197.6737302945487
2023-02-14,773.8189345354513,0,900,900,0.0,0.0,0.0,0.0,0,0,100,9449.818934535451,9449.818934535451,9503.818934535451,16104.0,16104.0,16164.0,-6660.181065464549,201.67577031454857
2023-02-15,773.8189345354513,0,900,900,0.0,0.0,0.0,0.0,0,0,100,9512.818934535451,9512.818934535451,9818.818934535451,16174.0,16174.0,16514.0,-6695.181065464549,236.69362048954883
2023-02-16,773.8189345354513,0,900,900,0.0,0.0,0.0,0.0,0,0,100,9845.818934535451,9845.818934535451,9674.818934535451,16544.0,16544.0,16354.0,-6679.181065464549,220.68546040954868
2023-02-17,773.8189345354513,0,900,900,0.0,0.0,0.0,0.0,0,0,100,9656.818934535451,9656.818934535451,9512.818934535451,16334.0,16334.0,16174.0,-6661.181065464549,202.67628031954882
2023-02-20,773.8189345354513,0,900,900,0.0,0.0,0.0,0.0,0,0,100,9512.818934535451,9512.818934535451,9692.818934535451,16174.0,16174.0,16374.0,-6681.181065464549,222.68648041954873
2023-02-21,773.8189345354513,0,900,900,0.0,0.0,0.0,0.0,0,0,100,9665.818934535451,9665.818934535451,9665.818934535451,16344.0,16344.0,16344.0,-6678.181065464549,219.68495040454877
2023-02-22,773.8189345354513,0,900,900,0.0,0.0,0.0,0.0,0,0,100,9602.818934535451,9602.818934535451,9548.818934535451,16274.0,16274.0,16214.0,-6665.181065464549,206.6783203395487
2023-02-23,773.8189345354513,0,900,900,0.0,0.0,0.0,0.0,0,0,100,9620.818934535451,9620.818934535451,9503.818934535451,16294.0,16294.0,16164.0,-6660.181065464549,201.67577031454857
2023-02-24,773.8189345354513,0,900,900,0.0,0.0,0.0,0.0,0,0,100,9467.818934535451,9467.818934535451,9431.818934535451,16124.0,16124.0,16084.0,-6652.181065464549,193.6716902745486
2023-02-27,773.8189345354513,0,900,900,0.0,0.0,0.0,0.0,0,0,100,9395.818934535451,9395.818934535451,9341.818934535451,16044.0,16044.0,15984.0,-6642.181065464549,183.6665902245487
2023-02-28,773.8189345354513,0,900,900,0.0,0.0,0.0,0.0,0,0,100,9422.818934535451,9422.818934535451,9413.818934535451,16074.0,16074.0,16064.0,-6650.181065464549,191.67067026454868
2023-03-01,773.8189345354513,0,900,900,0.0,0.0,0.0,0.0,0,0,100,9422.818934535451,9422.818934535451,9737.818934535451,16074.0,16074.0,16424.0,-6686.181065464549,227.68903044454873
2023-03-02,773.8189345354513,0,900,900,0.0,0.0,0.0,0.0,0,0,100,9746.818934535451,9746.818934535451,10079.818934535451,16434.0,16434.0,16804.0,-6724.181065464549,265.7084106345487
2023-03-03,773.8189345354513,0,900,900,0.0,0.0,0.0,0.0,0,0,100,10025.818934535451,10025.818934535451,11006.818934535451,16744.0,16744.0,17834.0,-6827.181065464549,368.76094114954867
2023-03-06,773.8189345354513,0,900,900,0.0,0.0,0.0,0.0,0,0,100,11123.818934535451,11123.818934535451,10727.818934535451,17964.0,17964.0,17524.0,-6796.181065464549,337.7451309945486
2023-03-07,773.8189345354513,0,900,900,0.0,0.0,0.0,0.0,0,0,100,10727.818934535451,10727.818934535451,10232.818934535451,17524.0,17524.0,16974.0,-6741.181065464549,282.7170807195487
2023-03-08,773.8189345354513,0,900,900,0.0,0.0,0.0,0.0,0,0,100,10160.818934535451,10160.818934535451,10286.818934535451,16894.0,16894.0,17034.0,-6747.181065464549,288.7201407495486
2023-03-09,773.8189345354513,0,900,900,0.0,0.0,0.0,0.0,0,0,100,10403.818934535451,10403.818934535451,10808.818934535451,17164.0,17164.0,17614.0,-6805.181065464549,346.7497210395486
2023-03-10,773.8189345354513,0,900,900,0.0,0.0,0.0,0.0,0,0,100,10673.818934535451,10673.818934535451,10538.818934535451,17464.0,17464.0,17314.0,-6775.181065464549,316.7344208895488
2023-03-13,773.8189345354513,0,900,900,0.0,0.0,0.0,0.0,0,0,100,10565.818934535451,10565.818934535451,11222.818934535451,17344.0,17344.0,18074.0,-6851.181065464549,392.7731812695488
2023-03-14,773.8189345354513,0,900,900,0.0,0.0,0.0,0.0,0,0,100,11213.818934535451,11213.818934535451,11357.818934535451,18064.0,18064.0,18224.0,-6866.181065464549,407.7808313445487
2023-03-15,773.8189345354513,0,900,900,0.0,0.0,0.0,0.0,0,0,100,11537.818934535451,11537.818934535451,11636.818934535451,18424.0,18424.0,18534.0,-6897.181065464549,438.79664149954874
2023-03-16,773.8189345354513,0,900,900,0.0,0.0,0.0,0.0,0,0,100,11573.818934535451,11573.818934535451,11888.818934535451,18464.0,18464.0,18814.0,-6925.181065464549,466.8109216395485
2023-03-17,773.8189345354513,0,900,900,0.0,0.0,0.0,0.0,0,0,100,12068.818934535451,12068.818934535451,13004.818934535451,19014.0,19014.0,20054.0,-7049.181065464549,590.8741622595487
2023-03-20,773.8189345354513,0,900,900,0.0,0.0,0.0,0.0,0,0,100,13724.818934535451,13724.818934535451,14165.818934535451,20854.0,20854.0,21344.0,-7178.181065464549,719.9399529045486
2023-03-21,773.8189345354513,0,900,900,0.0,0.0,0.0,0.0,0,0,100,14174.818934535451,14174.818934535451,13913.818934535451,21354.0,21354.0,21064.0,-7150.181065464549,691.9256727645488
2023-03-22,773.8189345354513,0,900,900,0.0,0.0,0.0,0.0,0,0,100,14273.818934535451,14273.818934535451,15227.81893453545,21464.0,21464.0,22524.0,-7296.181065464551,838.0001334945484
2023-03-23,773.8189345354513,0,900,900,0.0,0.0,0.0,0.0,0,0,100,15794.818934535453,15794.818934535453,16064.81893453545,23154.0,23154.0,23454.0,-7389.181065464551,931.0475639595484
2023-03-24,773.8189345354513,0,900,900,0.0,0.0,0.0,0.0,0,0,100,15938.818934535453,15938.818934535453,16667.81893453545,23314.0,23314.0,24124.0,-7456.181065464549,998.0817342945486
2023-03-27,773.8189345354513,0,900,900,0.0,0.0,0.0,0.0,0,0,100,16145.81893453545,16145.81893453545,16640.81893453545,23544.0,23544.0,24094.0,-7453.181065464549,995.0802042795488
2023-03-28,773.8189345354513,0,900,900,0.0,0.0,0.0,0.0,0,0,100,16145.81893453545,16145.81893453545,15578.818934535451,23544.0,23544.0,22914.0,-7335.181065464549,877.0200236895487
2023-03-29,773.8189345354513,0,900,900,0.0,0.0,0.0,0.0,0,0,100,15803.818934535451,15803.818934535451,15317.818934535451,23164.0,23164.0,22624.0,-7306.181065464549,848.0052335445487
2023-03-30,773.8189345354513,0,900,900,0.0,0.0,0.0,0.0,0,0,100,15362.818934535451,15362.818934535451,15965.818934535451,22674.0,22674.0,23344.0,-7378.181065464549,920.0419539045486
2023-03-31,773.8189345354513,0,900,900,0.0,0.0,0.0,0.0,0,0,100,15803.818934535451,15803.818934535451,16271.81893453545,23164.0,23164.0,23684.0,-7412.181065464551,954.0592940745487
2023-04-03,773.8189345354513,0,900,900,0.0,0.0,0.0,0.0,0,0,100,16154.818934535451,16154.818934535451,16757.818934535455,23554.0,23554.0,24224.0,-7466.181065464545,1008.0868343445488
2023-04-04,773.8189345354513,0,900,900,0.0,0.0,0.0,0.0,0,0,100,16289.81893453545,16289.81893453545,16442.81893453545,23704.0,23704.0,23874.0,-7431.181065464549,973.0689841695487
2023-04-06,773.8189345354513,0,900,900,0.0,0.0,0.0,0.0,0,0,100,16973.81893453545,16973.81893453545,17873.81893453545,24464.0,24464.0,25464.0,-7590.181065464549,1132.1500749645486
2023-04-07,773.8189345354513,0,900,900,0.0,0.0,0.0,0.0,0,0,100,17675.81893453545,17675.81893453545,17306.81893453545,25244.0,25244.0,24834.0,-7527.181065464549,1069.1179446495487
2023-04-10,773.8189345354513,0,900,900,0.0,0.0,0.0,0.0,0,0,100,17027.818934535448,17027.818934535448,16496.818934535448,24524.0,24524.0,23934.0,-7437.181065464552,979.0720441995486
2023-04-11,773.8189345354513,0,900,900,0.0,0.0,0.0,0.0,0,0,100,16649.81893453545,16649.81893453545,16388.818934535455,24104.0,24104.0,23814.0,-7425.181065464545,967.0659241395488
2023-04-12,773.8189345354513,0,900,900,0.0,0.0,0.0,0.0,0,0,100,16541.81893453545,16541.81893453545,17351.81893453545,23984.0,23984.0,24884.0,-7532.181065464549,1074.1204946745488
2023-04-13,773.8189345354513,0,900,900,0.0,0.0,0.0,0.0,0,0,100,17198.81893453545,17198.81893453545,16667.81893453545,24714.0,24714.0,24124.0,-7456.181065464549,998.0817342945486
2023-04-14,773.8189345354513,0,900,900,0.0,0.0,0.0,0.0,0,0,100,16595.818934535448,16595.818934535448,17036.81893453545,24044.0,24044.0,24534.0,-7497.181065464549,1039.1026444995487
2023-04-17,773.8189345354513,0,900,900,0.0,0.0,0.0,0.0,0,0,100,16964.818934535448,16964.818934535448,16910.81893453545,24454.0,24454.0,24394.0,-7483.181065464549,1025.0955044295486
2023-04-18,773.8189345354513,0,900,900,0.0,0.0,0.0,0.0,0,0,100,16865.81893453545,16865.81893453545,18044.81893453545,24344.0,24344.0,25654.0,-7609.181065464549,1151.1597650595488
2023-04-19,773.8189345354513,0,900,900,0.0,0.0,0.0,0.0,0,0,100,17945.81893453545,17945.81893453545,16316.818934535451,25544.0,25544.0,23734.0,-7417.181065464549,959.0618440995486
2023-04-20,773.8189345354513,0,900,900,0.0,0.0,0.0,0.0,0,0,100,16316.818934535451,16316.818934535451,17873.81893453545,23734.0,23734.0,25464.0,-7590.181065464549,1132.1500749645486
2023-04-21,773.8189345354513,0,900,900,0.0,0.0,0.0,0.0,0,0,100,18323.81893453545,18323.81893453545,17684.81893453545,25964.0,25964.0,25254.0,-7569.181065464549,1111.1393648595488
2023-04-24,773.8189345354513,0,900,900,0.0,0.0,0.0,0.0,0,0,100,17729.81893453545,17729.81893453545,17270.81893453545,25304.0,25304.0,24794.0,-7523.181065464549,1065.1159046295484
2023-04-25,773.8189345354513,0,900,900,0.0,0.0,0.0,0.0,0,0,100,17027.818934535448,17027.818934535448,17423.81893453545,24524.0,24524.0,24964.0,-7540.181065464549,1082.1245747145488
2023-04-26,773.8189345354513,0,900,900,0.0,0.0,0.0,0.0,0,0,100,17675.81893453545,17675.81893453545,15758.81893453545,25244.0,25244.0,23114.0,-7355.181065464551,897.0302237895485
2023-04-27,773.8189345354513,0,900,900,0.0,0.0,0.0,0.0,0,0,100,15083.818934535451,15083.818934535451,15263.818934535453,22364.0,22364.0,22564.0,-7300.181065464547,842.0021735145488
2023-04-28,773.8189345354513,0,900,900,0.0,0.0,0.0,0.0,0,0,100,15290.818934535451,15290.818934535451,15281.818934535451,22594.0,22594.0,22584.0,-7302.181065464549,844.0031935245486
2023-05-04,773.8189345354513,0,900,900,0.0,0.0,0.0,0.0,0,0,100,15155.818934535451,15155.818934535451,14615.818934535451,22444.0,22444.0,21844.0,-7228.181065464549,769.9654531545486
2023-05-05,773.8189345354513,0,900,900,0.0,0.0,0.0,0.0,0,0,100,14570.818934535451,14570.818934535451,14066.818934535451,21794.0,21794.0,21234.0,-7167.181065464549,708.9343428495486
2023-05-08,773.8189345354513,0,900,900,0.0,0.0,0.0,0.0,0,0,100,14030.818934535451,14030.818934535451,13985.818934535451,21194.0,21194.0,21144.0,-7158.181065464549,699.9297528045486
2023-05-09,773.8189345354513,0,900,900,0.0,0.0,0.0,0.0,0,0,100,13985.818934535451,13985.818934535451,14003.818934535451,21144.0,21144.0,21164.0,-7160.181065464549,701.9307728145486
2023-05-10,773.8189345354513,0,900,900,0.0,0.0,0.0,0.0,0,0,100,14003.818934535451,14003.818934535451,13913.818934535451,21164.0,21164.0,21064.0,-7150.181065464549,691.9256727645488
2023-05-11,773.8189345354513,0,900,900,0.0,0.0,0.0,0.0,0,0,100,13832.818934535451,13832.818934535451,13787.818934535451,20974.0,20974.0,20924.0,-7136.181065464549,677.9185326945487
2023-05-12,773.8189345354513,0,900,900,0.0,0.0,0.0,0.0,0,0,100,13679.818934535451,13679.818934535451,13697.818934535451,20804.0,20804.0,20824.0,-7126.181065464549,667.9134326445485
2023-05-15,773.8189345354513,0,900,900,0.0,0.0,0.0,0.0,0,0,100,13931.818934535451,13931.818934535451,14381.818934535451,21084.0,21084.0,21584.0,-7202.181065464549,743.9521930245487
2023-05-16,773.8189345354513,0,900,900,0.0,0.0,0.0,0.0,0,0,100,14354.818934535451,14354.818934535451,14075.818934535451,21554.0,21554.0,21244.0,-7168.181065464549,709.9348528545486
2023-05-17,773.8189345354513,0,900,900,0.0,0.0,0.0,0.0,0,0,100,14138.818934535451,14138.818934535451,14768.818934535451,21314.0,21314.0,22014.0,-7245.181065464549,786.9741232395486
2023-05-18,773.8189345354513,0,900,900,0.0,0.0,0.0,0.0,0,0,100,15092.818934535451,15092.818934535451,15488.818934535453,22374.0,22374.0,22814.0,-7325.181065464547,867.0149236395489
2023-05-19,773.8189345354513,0,900,900,0.0,0.0,0.0,0.0,0,0,100,15623.818934535451,15623.818934535451,15317.818934535451,22964.0,22964.0,22624.0,-7306.181065464549,848.0052335445487
2023-05-22,773.8189345354513,0,900,900,0.0,0.0,0.0,0.0,0,0,100,15182.818934535453,15182.818934535453,14642.818934535451,22474.0,22474.0,21874.0,-7231.181065464549,772.9669831695485
2023-05-23,773.8189345354513,0,900,900,0.0,0.0,0.0,0.0,0,0,100,14615.818934535451,14615.818934535451,14480.818934535451,21844.0,21844.0,21694.0,-7213.181065464549,754.9578030795485
2023-05-24,773.8189345354513,0,900,900,0.0,0.0,0.0,0.0,0,0,100,14399.818934535451,14399.818934535451,14111.818934535451,21604.0,21604.0,21284.0,-7172.181065464549,713.9368928745487
2023-05-25,773.8189345354513,0,900,900,0.0,0.0,0.0,0.0,0,0,100,15173.818934535451,15173.818934535451,15443.818934535451,22464.0,22464.0,22764.0,-7320.181065464549,862.0123736145486
2023-05-26,773.8189345354513,0,900,900,0.0,0.0,0.0,0.0,0,0,100,15470.81893453545,15470.81893453545,15884.818934535451,22794.0,22794.0,23254.0,-7369.181065464549,911.0373638595486
2023-05-29,773.8189345354513,0,900,900,0.0,0.0,0.0,0.0,0,0,100,16334.818934535451,16334.818934535451,16883.818934535448,23754.0,23754.0,24364.0,-7480.181065464552,1022.0939744145485
2023-05-30,773.8189345354513,0,900,900,0.0,0.0,0.0,0.0,0,0,100,16451.818934535455,16451.818934535455,17000.818934535455,23884.0,23884.0,24494.0,-7493.181065464545,1035.1006044795488
2023-05-31,773.8189345354513,0,900,900,0.0,0.0,0.0,0.0,0,0,100,17072.81893453545,17072.81893453545,17018.81893453545,24574.0,24574.0,24514.0,-7495.181065464549,1037.1016244895486
2023-06-01,773.8189345354513,0,900,900,0.0,0.0,0.0,0.0,0,0,100,16613.818934535455,16613.818934535455,16901.818934535455,24064.0,24064.0,24384.0,-7482.181065464545,1024.094994424549
2023-06-02,773.8189345354513,0,900,900,0.0,0.0,0.0,0.0,0,0,100,17153.81893453545,17153.81893453545,16820.818934535448,24664.0,24664.0,24294.0,-7473.181065464552,1015.0904043795485
2023-06-05,773.8189345354513,0,900,900,0.0,0.0,0.0,0.0,0,0,100,17027.818934535448,17027.818934535448,17810.81893453545,24524.0,24524.0,25394.0,-7583.181065464549,1125.1465049295484
2023-06-06,773.8189345354513,0,900,900,0.0,0.0,0.0,0.0,0,0,100,17513.81893453545,17513.81893453545,17171.81893453545,25064.0,25064.0,24684.0,-7512.181065464549,1054.1102945745486
2023-06-07,773.8189345354513,0,900,900,0.0,0.0,0.0,0.0,0,0,100,17153.81893453545,17153.81893453545,17000.818934535455,24664.0,24664.0,24494.0,-7493.181065464545,1035.1006044795488
2023-06-08,773.8189345354513,0,900,900,0.0,0.0,0.0,0.0,0,0,100,16883.818934535448,16883.818934535448,16838.818934535455,24364.0,24364.0,24314.0,-7475.181065464545,1017.0914243895488
2023-06-09,773.8189345354513,0,900,900,0.0,0.0,0.0,0.0,0,0,100,16838.818934535455,16838.818934535455,18449.81893453545,24314.0,24314.0,26104.0,-7654.181065464549,1196.1827152845487
2023-06-12,773.8189345354513,0,900,900,0.0,0.0,0.0,0.0,0,0,100,19052.81893453545,19052.81893453545,19988.81893453545,26774.0,26774.0,27814.0,-7825.181065464549,1367.2699261395487
2023-06-13,773.8189345354513,0,900,900,0.0,0.0,0.0,0.0,0,0,100,19853.81893453545,19853.81893453545,20591.81893453545,27664.0,27664.0,28484.0,-7892.181065464549,1434.3040964745483
2023-06-14,773.8189345354513,0,900,900,0.0,0.0,0.0,0.0,0,0,100,20348.81893453545,20348.81893453545,21284.81893453545,28214.0,28214.0,29254.0,-7969.181065464549,1511.3433668595485
2023-06-15,773.8189345354513,0,900,900,0.0,0.0,0.0,0.0,0,0,100,21113.81893453545,21113.81893453545,21149.81893453545,29064.0,29064.0,29104.0,-7954.181065464549,1496.3357167845488
2023-06-16,773.8189345354513,0,900,900,0.0,0.0,0.0,0.0,0,0,100,21149.81893453545,21149.81893453545,22427.81893453545,29104.0,29104.0,30524.0,-8096.181065464549,1638.4081374945486
2023-06-19,773.8189345354513,0,900,900,0.0,0.0,0.0,0.0,0,0,100,22823.81893453545,22823.81893453545,24587.81893453545,30964.0,30964.0,32924.0,-8336.181065464549,1878.5305386945488
2023-06-20,773.8189345354513,0,900,900,0.0,0.0,0.0,0.0,0,0,100,24056.81893453545,24056.81893453545,24200.81893453545,32334.0,32334.0,32494.0,-8293.181065464549,1835.508608479549
2023-06-21,773.8189345354513,0,900,900,0.0,0.0,0.0,0.0,0,0,100,23723.81893453545,23723.81893453545,22823.81893453545,31964.0,31964.0,30964.0,-8140.181065464549,1682.4305777145487
2023-06-26,773.8189345354513,0,900,900,0.0,0.0,0.0,0.0,0,0,100,22283.81893453545,22283.81893453545,21554.81893453545,30364.0,30364.0,29554.0,-7999.181065464549,1541.3586670095488
2023-06-27,773.8189345354513,0,900,900,0.0,0.0,0.0,0.0,0,0,100,21842.81893453545,21842.81893453545,21482.81893453545,29874.0,29874.0,29474.0,-7991.181065464549,1533.3545869695486
2023-06-28,773.8189345354513,0,900,900,0.0,0.0,0.0,0.0,0,0,100,20564.81893453545,20564.81893453545,21455.81893453545,28454.0,28454.0,29444.0,-7988.181065464549,1530.3530569545487
2023-06-29,773.8189345354513,0,900,900,0.0,0.0,0.0,0.0,0,0,100,21482.81893453545,21482.81893453545,22193.81893453545,29474.0,29474.0,30264.0,-8070.181065464549,1612.3948773645488
2023-06-30,773.8189345354513,0,900,900,0.0,0.0,0.0,0.0,0,0,100,21968.81893453545,21968.81893453545,23453.81893453545,30014.0,30014.0,31664.0,-8210.181065464549,1752.4662780645485
2023-07-03,773.8189345354513,0,900,900,0.0,0.0,0.0,0.0,0,0,100,23633.81893453545,23633.81893453545,22706.81893453545,31864.0,31864.0,30834.0,-8127.181065464549,1669.4239476495486
2023-07-04,773.8189345354513,0,900,900,0.0,0.0,0.0,0.0,0,0,100,22373.81893453545,22373.81893453545,22895.81893453545,30464.0,30464.0,31044.0,-8148.181065464549,1690.4346577545484
2023-07-05,773.8189345354513,0,900,900,0.0,0.0,0.0,0.0,0,0,100,22643.81893453545,22643.81893453545,22247.81893453545,30764.0,30764.0,30324.0,-8076.181065464549,1618.3979373945485
2023-07-06,773.8189345354513,0,900,900,0.0,0.0,0.0,0.0,0,0,100,22013.81893453545,22013.81893453545,22265.81893453545,30064.0,30064.0,30344.0,-8078.181065464549,1620.3989574045486
2023-07-07,773.8189345354513,0,900,900,0.0,0.0,0.0,0.0,0,0,100,22193.81893453545,22193.81893453545,22067.81893453545,30264.0,30264.0,30124.0,-8056.181065464549,1598.3877372945485
2023-07-10,773.8189345354513,0,900,900,0.0,0.0,0.0,0.0,0,0,100,22373.81893453545,22373.81893453545,22193.81893453545,30464.0,30464.0,30264.0,-8070.181065464549,1612.3948773645488
2023-07-11,773.8189345354513,0,900,900,0.0,0.0,0.0,0.0,0,0,100,22373.81893453545,22373.81893453545,22589.81893453545,30464.0,30464.0,30704.0,-8114.181065464549,1656.4173175845485
2023-07-12,773.8189345354513,0,900,900,0.0,0.0,0.0,0.0,0,0,100,22373.81893453545,22373.81893453545,21050.81893453545,30464.0,30464.0,28994.0,-7943.181065464549,1485.3301067295488
2023-07-13,773.8189345354513,0,900,900,0.0,0.0,0.0,0.0,0,0,100,21455.81893453545,21455.81893453545,23075.81893453545,29444.0,29444.0,31244.0,-8168.181065464549,1710.444857854549
2023-07-14,773.8189345354513,0,900,900,0.0,0.0,0.0,0.0,0,0,100,23912.81893453545,23912.81893453545,25307.81893453545,32174.0,32174.0,33724.0,-8416.181065464549,1958.5713390945484
2023-07-17,773.8189345354513,0,900,900,0.0,0.0,0.0,0.0,0,0,100,24974.81893453545,24974.81893453545,24272.81893453545,33354.0,33354.0,32574.0,-8301.181065464549,1843.5126885195486
2023-07-18,773.8189345354513,0,900,900,0.0,0.0,0.0,0.0,0,0,100,24245.81893453545,24245.81893453545,23750.81893453545,32544.0,32544.0,31994.0,-8243.181065464549,1785.4831082295486
2023-07-19,773.8189345354513,0,900,900,0.0,0.0,0.0,0.0,0,0,100,24101.81893453545,24101.81893453545,23354.81893453545,32384.0,32384.0,31554.0,-8199.181065464549,1741.460668009549
2023-07-20,773.8189345354513,0,900,900,0.0,0.0,0.0,0.0,0,0,100,23183.81893453545,23183.81893453545,21698.81893453545,31364.0,31364.0,29714.0,-8015.181065464549,1557.3668270895487
2023-07-21,773.8189345354513,0,900,900,0.0,0.0,0.0,0.0,0,0,100,21509.81893453545,21509.81893453545,21509.81893453545,29504.0,29504.0,29504.0,-7994.181065464549,1536.3561169845489
2023-07-24,773.8189345354513,0,900,900,0.0,0.0,0.0,0.0,0,0,100,21284.81893453545,21284.81893453545,22067.81893453545,29254.0,29254.0,30124.0,-8056.181065464549,1598.3877372945485
2023-07-25,773.8189345354513,0,900,900,0.0,0.0,0.0,0.0,0,0,100,22418.81893453545,22418.81893453545,22373.81893453545,30514.0,30514.0,30464.0,-8090.181065464549,1632.4050774645484
2023-07-26,773.8189345354513,0,900,900,0.0,0.0,0.0,0.0,0,0,100,21923.81893453545,21923.81893453545,21698.81893453545,29964.0,29964.0,29714.0,-8015.181065464549,1557.3668270895487
2023-07-27,773.8189345354513,0,900,900,0.0,0.0,0.0,0.0,0,0,100,21590.81893453545,21590.81893453545,21185.81893453545,29594.0,29594.0,29144.0,-7958.181065464549,1500.337756804549
2023-07-28,1268.8189345354513,0,900,900,49.50000000000001,0.0,0.0,495.00000000000006,0,0,100,21289.31893453545,21289.31893453545,21253.31893453545,29314.0,29314.0,29274.0,-8020.681065464549,1012.8163365945484
2023-07-31,1268.8189345354513,0,900,900,49.50000000000001,0.0,0.0,0.0,0,0,100,21244.31893453545,21244.31893453545,21316.31893453545,29264.0,29264.0,29344.0,-8027.681065464549,1019.8199066295488
2023-08-01,1268.8189345354513,0,900,900,49.50000000000001,0.0,0.0,0.0,0,0,100,21199.31893453545,21199.31893453545,21622.31893453545,29214.0,29214.0,29684.0,-8061.681065464549,1053.8372467995487
2023-08-02,1268.8189345354513,0,900,900,49.50000000000001,0.0,0.0,0.0,0,0,100,21244.31893453545,21244.31893453545,21307.31893453545,29264.0,29264.0,29334.0,-8026.681065464549,1018.8193966245485
2023-08-03,1268.8189345354513,0,900,900,49.50000000000001,0.0,0.0,0.0,0,0,100,20893.31893453545,20893.31893453545,21469.31893453545,28874.0,28874.0,29514.0,-8044.681065464549,1036.828576714549
2023-08-04,1268.8189345354513,0,900,900,49.50000000000001,0.0,0.0,0.0,0,0,100,21109.31893453545,21109.31893453545,22612.31893453545,29114.0,29114.0,30784.0,-8171.681065464549,1163.8933473495485
2023-08-07,1268.8189345354513,0,900,900,49.50000000000001,0.0,0.0,0.0,0,0,100,22549.31893453545,22549.31893453545,23701.31893453545,30714.0,30714.0,31994.0,-8292.681065464549,1284.9550579545485
2023-08-08,1268.8189345354513,0,900,900,49.50000000000001,0.0,0.0,0.0,0,0,100,23359.31893453545,23359.31893453545,22981.31893453545,31614.0,31614.0,31194.0,-8212.681065464549,1204.9142575545484
2023-08-09,1268.8189345354513,0,900,900,49.50000000000001,0.0,0.0,0.0,0,0,100,22189.31893453545,22189.31893453545,21244.31893453545,30314.0,30314.0,29264.0,-8019.681065464549,1011.8158265895486
2023-08-10,1268.8189345354513,0,900,900,49.50000000000001,0.0,0.0,0.0,0,0,100,21010.31893453545,21010.31893453545,20569.31893453545,29004.0,29004.0,28514.0,-7944.681065464549,936.7775762145484
2023-08-11,1268.8189345354513,0,900,900,49.50000000000001,0.0,0.0,0.0,0,0,100,20767.31893453545,20767.31893453545,20569.31893453545,28734.0,28734.0,28514.0,-7944.681065464549,936.7775762145484
2023-08-14,1268.8189345354513,0,900,900,49.50000000000001,0.0,0.0,0.0,0,0,100,20200.31893453545,20200.31893453545,20479.31893453545,28104.0,28104.0,28414.0,-7934.681065464549,926.7724761645486
2023-08-15,1268.8189345354513,0,900,900,49.50000000000001,0.0,0.0,0.0,0,0,100,21055.31893453545,21055.31893453545,20470.31893453545,29054.0,29054.0,28404.0,-7933.681065464549,925.7719661595488
2023-08-16,1268.8189345354513,0,900,900,49.50000000000001,0.0,0.0,0.0,0,0,100,20119.31893453545,20119.31893453545,20020.31893453545,28014.0,28014.0,27904.0,-7883.681065464549,875.7464659095485
2023-08-17,1268.8189345354513,0,900,900,49.50000000000001,0.0,0.0,0.0,0,0,100,19516.31893453545,19516.31893453545,20038.31893453545,27344.0,27344.0,27924.0,-7885.681065464549,877.7474859195486
2023-08-18,1268.8189345354513,0,900,900,49.50000000000001,0.0,0.0,0.0,0,0,100,20020.31893453545,20020.31893453545,19309.31893453545,27904.0,27904.0,27114.0,-7804.681065464549,796.7061755145489
2023-08-21,1268.8189345354513,0,900,900,49.50000000000001,0.0,0.0,0.0,0,0,100,19354.31893453545,19354.31893453545,19588.31893453545,27164.0,27164.0,27424.0,-7835.681065464549,827.7219856695485
2023-08-22,1268.8189345354513,0,900,900,49.50000000000001,0.0,0.0,0.0,0,0,100,20299.31893453545,20299.31893453545,21424.31893453545,28214.0,28214.0,29464.0,-8039.681065464549,1031.8260266895486
2023-08-23,1268.8189345354513,0,900,900,49.50000000000001,0.0,0.0,0.0,0,0,100,21172.31893453545,21172.31893453545,20425.31893453545,29184.0,29184.0,28354.0,-7928.681065464549,920.7694161345489
2023-08-24,1268.8189345354513,0,900,900,49.50000000000001,0.0,0.0,0.0,0,0,100,21469.31893453545,21469.31893453545,21406.31893453545,29514.0,29514.0,29444.0,-8037.681065464549,1029.8250066795486
2023-08-25,1268.8189345354513,0,900,900,49.50000000000001,0.0,0.0,0.0,0,0,100,20299.31893453545,20299.31893453545,19507.31893453545,28214.0,28214.0,27334.0,-7826.681065464549,818.7173956245485
2023-08-28,1268.8189345354513,0,900,900,49.50000000000001,0.0,0.0,0.0,0,0,100,20506.31893453545,20506.31893453545,19831.31893453545,28444.0,28444.0,27694.0,-7862.681065464549,854.7357558045487
2023-08-29,1268.8189345354513,0,900,900,49.50000000000001,0.0,0.0,0.0,0,0,100,19714.31893453545,19714.31893453545,20650.31893453545,27564.0,27564.0,28604.0,-7953.681065464549,945.7821662595484
2023-08-30,1268.8189345354513,0,900,900,49.50000000000001,0.0,0.0,0.0,0,0,100,20920.31893453545,20920.31893453545,20839.31893453545,28904.0,28904.0,28814.0,-7974.681065464549,966.7928763645486
2023-08-31,1268.8189345354513,0,900,900,49.50000000000001,0.0,0.0,0.0,0,0,100,20623.31893453545,20623.31893453545,20938.31893453545,28574.0,28574.0,28924.0,-7985.681065464549,977.7984864195487
2023-09-01,1268.8189345354513,0,900,900,49.50000000000001,0.0,0.0,0.0,0,0,100,20830.31893453545,20830.31893453545,20344.31893453545,28804.0,28804.0,28264.0,-7919.681065464549,911.7648260895489
2023-09-04,1268.8189345354513,0,900,900,49.50000000000001,0.0,0.0,0.0,0,0,100,20479.31893453545,20479.31893453545,20110.31893453545,28414.0,28414.0,28004.0,-7893.681065464549,885.7515659595488
2023-09-05,1268.8189345354513,0,900,900,49.50000000000001,0.0,0.0,0.0,0,0,100,19912.31893453545,19912.31893453545,19498.31893453545,27784.0,27784.0,27324.0,-7825.681065464549,817.7168856195485
2023-09-06,1268.8189345354513,0,900,900,49.50000000000001,0.0,0.0,0.0,0,0,100,19291.31893453545,19291.31893453545,19417.31893453545,27094.0,27094.0,27234.0,-7816.681065464549,808.7122955745488
2023-09-07,1268.8189345354513,0,900,900,49.50000000000001,0.0,0.0,0.0,0,0,100,19201.31893453545,19201.31893453545,18499.31893453545,26994.0,26994.0,26214.0,-7714.681065464549,706.6602750645486
2023-09-08,1268.8189345354513,0,900,900,49.50000000000001,0.0,0.0,0.0,0,0,100,18328.31893453545,18328.31893453545,18391.31893453545,26024.0,26024.0,26094.0,-7702.681065464549,694.6541550045486
2023-09-11,1268.8189345354513,0,900,900,49.50000000000001,0.0,0.0,0.0,0,0,100,18319.31893453545,18319.31893453545,18733.31893453545,26014.0,26014.0,26474.0,-7740.681065464549,732.6735351945488
2023-09-12,1268.8189345354513,0,900,900,49.50000000000001,0.0,0.0,0.0,0,0,100,18490.31893453545,18490.31893453545,18571.31893453545,26204.0,26204.0,26294.0,-7722.681065464549,714.6643551045486
2023-09-13,1268.8189345354513,0,900,900,49.50000000000001,0.0,0.0,0.0,0,0,100,18463.31893453545,18463.31893453545,18193.31893453545,26174.0,26174.0,25874.0,-7680.681065464549,672.6429348945487
2023-09-14,1268.8189345354513,0,900,900,49.50000000000001,0.0,0.0,0.0,0,0,100,18301.31893453545,18301.31893453545,17950.31893453545,25994.0,25994.0,25604.0,-7653.681065464549,645.6291647595488
2023-09-15,1268.8189345354513,0,900,900,49.50000000000001,0.0,0.0,0.0,0,0,100,17986.31893453545,17986.31893453545,17536.31893453545,25644.0,25644.0,25144.0,-7607.681065464549,599.6057045295486
2023-09-18,1268.8189345354513,0,900,900,49.50000000000001,0.0,0.0,0.0,0,0,100,17491.318934535448,17491.318934535448,17689.31893453545,25094.0,25094.0,25314.0,-7624.681065464549,616.6143746145488
2023-09-19,1268.8189345354513,0,900,900,49.50000000000001,0.0,0.0,0.0,0,0,100,17707.31893453545,17707.31893453545,17851.31893453545,25334.0,25334.0,25494.0,-7642.681065464549,634.6235547045487
2023-09-20,1268.8189345354513,0,900,900,49.50000000000001,0.0,0.0,0.0,0,0,100,17860.31893453545,17860.31893453545,17779.31893453545,25504.0,25504.0,25414.0,-7634.681065464549,626.6194746645483
2023-09-21,1268.8189345354513,0,900,900,49.50000000000001,0.0,0.0,0.0,0,0,100,17653.31893453545,17653.31893453545,17698.31893453545,25274.0,25274.0,25324.0,-7625.681065464549,617.6148846195483
2023-09-22,1268.8189345354513,0,900,900,49.50000000000001,0.0,0.0,0.0,0,0,100,17689.31893453545,17689.31893453545,19165.31893453545,25314.0,25314.0,26954.0,-7788.681065464549,780.6980154345488
2023-09-25,1268.8189345354513,0,900,900,49.50000000000001,0.0,0.0,0.0,0,0,100,19003.31893453545,19003.31893453545,18580.31893453545,26774.0,26774.0,26304.0,-7723.681065464549,715.6648651095486
2023-09-26,1268.8189345354513,0,900,900,49.50000000000001,0.0,0.0,0.0,0,0,100,18760.31893453545,18760.31893453545,18976.31893453545,26504.0,26504.0,26744.0,-7767.681065464549,759.6873053295487
2023-09-27,1268.8189345354513,0,900,900,49.50000000000001,0.0,0.0,0.0,0,0,100,18859.31893453545,18859.31893453545,19039.31893453545,26614.0,26614.0,26814.0,-7774.681065464549,766.6908753645484
2023-09-28,1268.8189345354513,0,900,900,49.50000000000001,0.0,0.0,0.0,0,0,100,19246.31893453545,19246.31893453545,18949.31893453545,27044.0,27044.0,26714.0,-7764.681065464549,756.6857753145487
2023-10-09,1268.8189345354513,0,900,900,49.50000000000001,0.0,0.0,0.0,0,0,100,18742.31893453545,18742.31893453545,18553.31893453545,26484.0,26484.0,26274.0,-7720.681065464549,712.663335094549
2023-10-10,1268.8189345354513,0,900,900,49.50000000000001,0.0,0.0,0.0,0,0,100,18526.31893453545,18526.31893453545,18193.31893453545,26244.0,26244.0,25874.0,-7680.681065464549,672.6429348945487
2023-10-11,1268.8189345354513,0,900,900,49.50000000000001,0.0,0.0,0.0,0,0,100,18463.31893453545,18463.31893453545,18472.31893453545,26174.0,26174.0,26184.0,-7711.681065464549,703.658745049549
2023-10-12,1268.8189345354513,0,900,900,49.50000000000001,0.0,0.0,0.0,0,0,100,18679.31893453545,18679.31893453545,18094.31893453545,26414.0,26414.0,25764.0,-7669.681065464549,661.6373248395487
2023-10-13,1268.8189345354513,0,900,900,49.50000000000001,0.0,0.0,0.0,0,0,100,17968.31893453545,17968.31893453545,17311.31893453545,25624.0,25624.0,24894.0,-7582.681065464549,574.5929544045487
2023-10-16,1268.8189345354513,0,900,900,49.50000000000001,0.0,0.0,0.0,0,0,100,17320.31893453545,17320.31893453545,16897.318934535455,24904.0,24904.0,24434.0,-7536.681065464545,528.5694941745489
2023-10-17,1268.8189345354513,0,900,900,49.50000000000001,0.0,0.0,0.0,0,0,100,16987.31893453545,16987.31893453545,16771.318934535455,24534.0,24534.0,24294.0,-7522.681065464545,514.5623541045486
2023-10-18,1268.8189345354513,0,900,900,49.50000000000001,0.0,0.0,0.0,0,0,100,16159.318934535453,16159.318934535453,16447.318934535455,23614.0,23614.0,23934.0,-7486.681065464545,478.5439939245489
2023-10-19,1268.8189345354513,0,900,900,49.50000000000001,0.0,0.0,0.0,0,0,100,16141.31893453545,16141.31893453545,16096.318934535453,23594.0,23594.0,23544.0,-7447.681065464547,439.52410372954864
2023-10-20,1268.8189345354513,0,900,900,49.50000000000001,0.0,0.0,0.0,0,0,100,16123.31893453545,16123.31893453545,15772.318934535453,23574.0,23574.0,23184.0,-7411.681065464547,403.5057435495489
2023-10-23,1268.8189345354513,0,900,900,49.50000000000001,0.0,0.0,0.0,0,0,100,14314.318934535451,14314.318934535451,14314.318934535451,21564.0,21564.0,21564.0,-7249.681065464549,241.42312273954872
2023-10-24,1268.8189345354513,0,900,900,49.50000000000001,0.0,0.0,0.0,0,0,100,13198.318934535451,13198.318934535451,13603.318934535451,20324.0,20324.0,20774.0,-7170.681065464549,162.38283234454866
2023-10-25,1268.8189345354513,0,900,900,49.50000000000001,0.0,0.0,0.0,0,0,100,13657.318934535451,13657.318934535451,13405.318934535451,20834.0,20834.0,20554.0,-7148.681065464549,140.3716122345486
2023-10-26,1268.8189345354513,0,900,900,49.50000000000001,0.0,0.0,0.0,0,0,100,13279.318934535451,13279.318934535451,13666.318934535451,20414.0,20414.0,20844.0,-7177.681065464549,169.3864023795486
2023-10-27,1268.8189345354513,0,900,900,49.50000000000001,0.0,0.0,0.0,0,0,100,13666.318934535451,13666.318934535451,13882.318934535451,20844.0,20844.0,21084.0,-7201.681065464549,193.3986424995485
2023-10-30,1268.8189345354513,0,900,900,49.50000000000001,0.0,0.0,0.0,0,0,100,13882.318934535451,13882.318934535451,14359.318934535451,21084.0,21084.0,21614.0,-7254.681065464549,246.42567276454884
2023-10-31,1268.8189345354513,0,900,900,49.50000000000001,0.0,0.0,0.0,0,0,100,14557.318934535451,14557.318934535451,14467.318934535451,21834.0,21834.0,21734.0,-7266.681065464549,258.43179282454867
2023-11-01,1268.8189345354513,0,900,900,49.50000000000001,0.0,0.0,0.0,0,0,100,14503.318934535451,14503.318934535451,14296.318934535451,21774.0,21774.0,21544.0,-7247.681065464549,239.42210272954867
2023-11-02,1268.8189345354513,0,900,900,49.50000000000001,0.0,0.0,0.0,0,0,100,14611.318934535451,14611.318934535451,14359.318934535451,21894.0,21894.0,21614.0,-7254.681065464549,246.42567276454884
2023-11-03,1268.8189345354513,0,900,900,49.50000000000001,0.0,0.0,0.0,0,0,100,14431.318934535451,14431.318934535451,14494.318934535451,21694.0,21694.0,21764.0,-7269.681065464549,261.43332283954874
2023-11-06,1268.8189345354513,0,900,900,49.50000000000001,0.0,0.0,0.0,0,0,100,14647.318934535451,14647.318934535451,14692.318934535451,21934.0,21934.0,21984.0,-7291.681065464549,283.4445429495486
2023-11-07,1268.8189345354513,0,900,900,49.50000000000001,0.0,0.0,0.0,0,0,100,14692.318934535451,14692.318934535451,15070.318934535451,21984.0,21984.0,22404.0,-7333.681065464549,325.46596315954866
2023-11-08,1268.8189345354513,0,900,900,49.50000000000001,0.0,0.0,0.0,0,0,100,15034.318934535451,15034.318934535451,14989.318934535451,22364.0,22364.0,22314.0,-7324.681065464549,316.4613731145487
2023-11-09,1268.8189345354513,0,900,900,49.50000000000001,0.0,0.0,0.0,0,0,100,15169.318934535451,15169.318934535451,15250.318934535451,22514.0,22514.0,22604.0,-7353.681065464549,345.4761632595487
2023-11-10,1268.8189345354513,0,900,900,49.50000000000001,0.0,0.0,0.0,0,0,100,15079.318934535451,15079.318934535451,15088.318934535451,22414.0,22414.0,22424.0,-7335.681065464549,327.4669831695485
2023-11-13,1268.8189345354513,0,900,900,49.50000000000001,0.0,0.0,0.0,0,0,100,15304.318934535451,15304.318934535451,15718.318934535451,22664.0,22664.0,23124.0,-7405.681065464549,397.5026835195488
2023-11-14,1268.8189345354513,0,900,900,49.50000000000001,0.0,0.0,0.0,0,0,100,15754.31893453545,15754.31893453545,15952.318934535451,23164.0,23164.0,23384.0,-7431.681065464549,423.5159436495485
2023-11-15,1268.8189345354513,0,900,900,0.0,0.0,0.0,0.0,0,0,100,16100.818934535451,16100.818934535451,16037.818934535451,23494.0,23494.0,23424.0,-7386.181065464549,378.0179836695486
2023-11-16,1268.8189345354513,0,900,900,0.0,0.0,0.0,0.0,0,0,100,15848.818934535451,15848.818934535451,15614.818934535451,23214.0,23214.0,22954.0,-7339.181065464549,330.99401343454883
2023-11-17,1268.8189345354513,0,900,900,0.0,0.0,0.0,0.0,0,0,100,15551.818934535451,15551.818934535451,15983.818934535453,22884.0,22884.0,23364.0,-7380.181065464547,372.0149236395489
2023-11-20,1268.8189345354513,0,900,900,0.0,0.0,0.0,0.0,0,0,100,15929.818934535451,15929.818934535451,15776.818934535451,23304.0,23304.0,23134.0,-7357.181065464549,349.0031935245486
2023-11-21,1268.8189345354513,0,900,900,0.0,0.0,0.0,0.0,0,0,100,15839.818934535453,15839.818934535453,15632.818934535451,23204.0,23204.0,22974.0,-7341.181065464549,332.99503344454865
2023-11-22,1268.8189345354513,0,900,900,0.0,0.0,0.0,0.0,0,0,100,15578.818934535451,15578.818934535451,15281.818934535451,22914.0,22914.0,22584.0,-7302.181065464549,293.97514324954864
2023-11-23,1268.8189345354513,0,900,900,0.0,0.0,0.0,0.0,0,0,100,15425.818934535451,15425.818934535451,15416.818934535451,22744.0,22744.0,22734.0,-7317.181065464549,308.98279332454854
2023-11-24,1268.8189345354513,0,900,900,0.0,0.0,0.0,0.0,0,0,100,15488.818934535451,15488.818934535451,15128.818934535451,22814.0,22814.0,22414.0,-7285.181065464549,276.9664731645487
2023-11-27,1268.8189345354513,0,900,900,0.0,0.0,0.0,0.0,0,0,100,14858.818934535451,14858.818934535451,14669.818934535451,22114.0,22114.0,21904.0,-7234.181065464549,225.94046290954884
2023-11-28,1268.8189345354513,0,900,900,0.0,0.0,0.0,0.0,0,0,100,14561.818934535451,14561.818934535451,14903.818934535451,21784.0,21784.0,22164.0,-7260.181065464549,251.95372303954878
2023-11-29,1268.8189345354513,0,900,900,0.0,0.0,0.0,0.0,0,0,100,14903.818934535451,14903.818934535451,14723.818934535451,22164.0,22164.0,21964.0,-7240.181065464549,231.94352293954876
2023-11-30,1268.8189345354513,0,900,900,0.0,0.0,0.0,0.0,0,0,100,14840.818934535451,14840.818934535451,14858.818934535451,22094.0,22094.0,22114.0,-7255.181065464549,246.95117301454866
2023-12-01,1268.8189345354513,0,900,900,0.0,0.0,0.0,0.0,0,0,100,14813.818934535451,14813.818934535451,14903.818934535451,22064.0,22064.0,22164.0,-7260.181065464549,251.95372303954878
2023-12-04,1268.8189345354513,0,900,900,0.0,0.0,0.0,0.0,0,0,100,14957.818934535451,14957.818934535451,14570.818934535451,22224.0,22224.0,21794.0,-7223.181065464549,214.93485285454858
2023-12-05,1268.8189345354513,0,900,900,0.0,0.0,0.0,0.0,0,0,100,14543.818934535451,14543.818934535451,14003.818934535451,21764.0,21764.0,21164.0,-7160.181065464549,151.90272253954868
2023-12-06,1268.8189345354513,0,900,900,0.0,0.0,0.0,0.0,0,0,100,13994.818934535451,13994.818934535451,14093.818934535451,21154.0,21154.0,21264.0,-7170.181065464549,161.9078225895487
2023-12-07,1268.8189345354513,0,900,900,0.0,0.0,0.0,0.0,0,0,100,14210.818934535451,14210.818934535451,14165.818934535451,21394.0,21394.0,21344.0,-7178.181065464549,169.91190262954865
2023-12-08,1268.8189345354513,0,900,900,0.0,0.0,0.0,0.0,0,0,100,14192.818934535451,14192.818934535451,15452.818934535451,21374.0,21374.0,22774.0,-7321.181065464549,312.98483334454886
2023-12-11,1268.8189345354513,0,900,900,0.0,0.0,0.0,0.0,0,0,100,15461.818934535451,15461.818934535451,15299.818934535451,22784.0,22784.0,22604.0,-7304.181065464549,295.9761632595487
2023-12-12,1268.8189345354513,0,900,900,0.0,0.0,0.0,0.0,0,0,100,15317.818934535451,15317.818934535451,15002.818934535451,22624.0,22624.0,22274.0,-7271.181065464549,262.9593330945486
2023-12-13,1268.8189345354513,0,900,900,0.0,0.0,0.0,0.0,0,0,100,15002.818934535451,15002.818934535451,14840.818934535451,22274.0,22274.0,22094.0,-7253.181065464549,244.9501530045486
2023-12-14,1268.8189345354513,0,900,900,0.0,0.0,0.0,0.0,0,0,100,14930.818934535451,14930.818934535451,14768.818934535451,22194.0,22194.0,22014.0,-7245.181065464549,236.94607296454865
2023-12-15,1268.8189345354513,0,900,900,0.0,0.0,0.0,0.0,0,0,100,14858.818934535451,14858.818934535451,14570.818934535451,22114.0,22114.0,21794.0,-7223.181065464549,214.93485285454858
2023-12-18,1268.8189345354513,0,900,900,0.0,0.0,0.0,0.0,0,0,100,14570.818934535451,14570.818934535451,14795.818934535451,21794.0,21794.0,22044.0,-7248.181065464549,239.9476029795485
2023-12-19,1268.8189345354513,0,900,900,0.0,0.0,0.0,0.0,0,0,100,14732.818934535451,14732.818934535451,14921.818934535451,21974.0,21974.0,22184.0,-7262.181065464549,253.9547430495486
2023-12-20,1268.8189345354513,0,900,900,0.0,0.0,0.0,0.0,0,0,100,14921.818934535451,14921.818934535451,14363.818934535451,22184.0,22184.0,21564.0,-7200.181065464549,191.92312273954872
2023-12-21,1268.8189345354513,0,900,900,0.0,0.0,0.0,0.0,0,0,100,14363.818934535451,14363.818934535451,14381.818934535451,21564.0,21564.0,21584.0,-7202.181065464549,193.92414274954876
2023-12-22,1268.8189345354513,0,900,900,0.0,0.0,0.0,0.0,0,0,100,14327.818934535451,14327.818934535451,14156.818934535451,21524.0,21524.0,21334.0,-7177.181065464549,168.91139262454863
2023-12-25,1268.8189345354513,0,900,900,0.0,0.0,0.0,0.0,0,0,100,14048.818934535451,14048.818934535451,14057.818934535451,21214.0,21214.0,21224.0,-7166.181065464549,157.9057825695486
2023-12-26,1268.8189345354513,0,900,900,0.0,0.0,0.0,0.0,0,0,100,13976.818934535451,13976.818934535451,13751.818934535451,21134.0,21134.0,20884.0,-7132.181065464549,123.8884423995487
2023-12-27,1268.8189345354513,0,900,900,0.0,0.0,0.0,0.0,0,0,100,13823.818934535451,13823.818934535451,13805.818934535451,20964.0,20964.0,20944.0,-7138.181065464549,129.89150242954884
2023-12-28,1268.8189345354513,0,900,900,0.0,0.0,0.0,0.0,0,0,100,14039.818934535451,14039.818934535451,14588.818934535451,21204.0,21204.0,21814.0,-7225.181065464549,216.93587286454886
2023-12-29,1268.8189345354513,0,900,900,0.0,0.0,0.0,0.0,0,0,100,14588.818934535451,14588.818934535451,14876.818934535451,21814.0,21814.0,22134.0,-7257.181065464549,248.9521930245487
2024-01-02,1268.8189345354513,0,900,900,0.0,0.0,0.0,0.0,0,0,100,14768.818934535451,14768.818934535451,14048.818934535451,22014.0,22014.0,21214.0,-7165.181065464549,156.90527256454857
2024-01-03,1268.8189345354513,0,900,900,0.0,0.0,0.0,0.0,0,0,100,13967.818934535451,13967.818934535451,13760.818934535451,21124.0,21124.0,20894.0,-7133.181065464549,124.88895240454872
2024-01-04,1268.8189345354513,0,900,900,0.0,0.0,0.0,0.0,0,0,100,13670.818934535451,13670.818934535451,13391.818934535451,20794.0,20794.0,20484.0,-7092.181065464549,83.86804219954865
2024-01-05,1268.8189345354513,0,900,900,0.0,0.0,0.0,0.0,0,0,100,13373.818934535451,13373.818934535451,13238.818934535451,20464.0,20464.0,20314.0,-7075.181065464549,66.8593721145487
2024-01-08,1268.8189345354513,0,900,900,0.0,0.0,0.0,0.0,0,0,100,13184.818934535451,13184.818934535451,13040.818934535451,20254.0,20254.0,20094.0,-7053.181065464549,44.84815200454864
2024-01-09,1268.8189345354513,0,900,900,0.0,0.0,0.0,0.0,0,0,100,13265.818934535451,13265.818934535451,13139.818934535451,20344.0,20344.0,20204.0,-7064.181065464549,55.85376205954867
2024-01-10,1268.8189345354513,0,900,900,0.0,0.0,0.0,0.0,0,0,100,13040.818934535451,13040.818934535451,12887.818934535451,20094.0,20094.0,19924.0,-7036.181065464549,27.83948191954869
2024-01-11,1268.8189345354513,0,900,900,0.0,0.0,0.0,0.0,0,0,100,12932.818934535451,12932.818934535451,13103.818934535451,19974.0,19974.0,20164.0,-7060.181065464549,51.851722039548804
2024-01-12,1268.8189345354513,0,900,900,0.0,0.0,0.0,0.0,0,0,100,12968.818934535451,12968.818934535451,12842.818934535451,20014.0,20014.0,19874.0,-7031.181065464549,22.836931894548798
2024-01-15,1268.8189345354513,0,900,900,0.0,0.0,0.0,0.0,0,0,100,12788.818934535451,12788.818934535451,12716.818934535451,19814.0,19814.0,19734.0,-7017.181065464549,8.829791824548693
2024-01-16,1268.8189345354513,0,900,900,0.0,0.0,0.0,0.0,0,0,100,12644.818934535451,12644.818934535451,12887.818934535451,19654.0,19654.0,19924.0,-7036.181065464549,27.83948191954869
2024-01-17,1268.8189345354513,0,900,900,0.0,0.0,0.0,0.0,0,0,100,12851.818934535451,12851.818934535451,12680.818934535451,19884.0,19884.0,19694.0,-7013.181065464549,4.827751804548825
2024-01-18,1268.8189345354513,0,900,900,0.0,0.0,0.0,0.0,0,0,100,12680.818934535451,12680.818934535451,13607.818934535451,19694.0,19694.0,20724.0,-7116.181065464549,107.88028231954854
2024-01-19,1268.8189345354513,0,900,900,0.0,0.0,0.0,0.0,0,0,100,13724.818934535451,13724.818934535451,14048.818934535451,20854.0,20854.0,21214.0,-7165.181065464549,156.90527256454857
2024-01-22,1268.8189345354513,0,900,900,0.0,0.0,0.0,0.0,0,0,100,14507.818934535451,14507.818934535451,14228.818934535451,21724.0,21724.0,21414.0,-7185.181065464549,176.91547266454882
2024-01-23,1268.8189345354513,0,900,900,0.0,0.0,0.0,0.0,0,0,100,13913.818934535451,13913.818934535451,14318.818934535451,21064.0,21064.0,21514.0,-7195.181065464549,186.9205727145486
2024-01-24,1268.8189345354513,0,900,900,0.0,0.0,0.0,0.0,0,0,100,14426.818934535451,14426.818934535451,14318.818934535451,21634.0,21634.0,21514.0,-7195.181065464549,186.9205727145486
2024-01-25,1268.8189345354513,0,900,900,0.0,0.0,0.0,0.0,0,0,100,14273.818934535451,14273.818934535451,14840.818934535451,21464.0,21464.0,22094.0,-7253.181065464549,244.9501530045486
2024-01-26,1268.8189345354513,0,900,900,0.0,0.0,0.0,0.0,0,0,100,14615.818934535451,14615.818934535451,14237.818934535451,21844.0,21844.0,21424.0,-7186.181065464549,177.9159826695486
2024-01-29,1268.8189345354513,0,900,900,0.0,0.0,0.0,0.0,0,0,100,14066.818934535451,14066.818934535451,13499.818934535451,21234.0,21234.0,20604.0,-7104.181065464549,95.87416225954871
2024-01-30,1268.8189345354513,0,900,900,0.0,0.0,0.0,0.0,0,0,100,13463.818934535451,13463.818934535451,13418.818934535451,20564.0,20564.0,20514.0,-7095.181065464549,86.86957221454873
2024-01-31,1268.8189345354513,0,900,900,0.0,0.0,0.0,0.0,0,0,100,13238.818934535451,13238.818934535451,13247.818934535451,20314.0,20314.0,20324.0,-7076.181065464549,67.8598821195485
2024-02-01,1268.8189345354513,0,900,900,0.0,0.0,0.0,0.0,0,0,100,13085.818934535451,13085.818934535451,14372.818934535451,20144.0,20144.0,21574.0,-7201.181065464549,192.9236327445485
2024-02-02,1268.8189345354513,0,900,900,0.0,0.0,0.0,0.0,0,0,100,14354.818934535451,14354.818934535451,13796.818934535451,21554.0,21554.0,20934.0,-7137.181065464549,128.89099242454859
2024-02-05,1268.8189345354513,0,900,900,0.0,0.0,0.0,0.0,0,0,100,13760.818934535451,13760.818934535451,14561.818934535451,20894.0,20894.0,21784.0,-7222.181065464549,213.93434284954856
2024-02-06,1268.8189345354513,0,900,900,0.0,0.0,0.0,0.0,0,0,100,14138.818934535451,14138.818934535451,15245.818934535451,21314.0,21314.0,22544.0,-7298.181065464549,289.97310322954877
2024-02-07,1268.8189345354513,0,900,900,0.0,0.0,0.0,0.0,0,0,100,15011.818934535451,15011.818934535451,15038.818934535451,22284.0,22284.0,22314.0,-7275.181065464549,266.9613731145487
2024-02-08,1268.8189345354513,0,900,900,0.0,0.0,0.0,0.0,0,0,100,15218.818934535451,15218.818934535451,15398.818934535451,22514.0,22514.0,22714.0,-7315.181065464549,306.9817733145485
2024-02-19,1268.8189345354513,0,900,900,0.0,0.0,0.0,0.0,0,0,100,16298.818934535451,16298.818934535451,16811.81893453545,23714.0,23714.0,24284.0,-7472.181065464549,464.0618440995486
2024-02-20,1268.8189345354513,0,900,900,0.0,0.0,0.0,0.0,0,0,100,17378.818934535448,17378.818934535448,17909.81893453545,24914.0,24914.0,25504.0,-7594.181065464549,586.1240647095483
2024-02-21,1268.8189345354513,0,900,900,0.0,0.0,0.0,0.0,0,0,100,17225.81893453545,17225.81893453545,17063.81893453545,24744.0,24744.0,24564.0,-7500.181065464549,492.07612423954856
2024-02-22,1268.8189345354513,0,900,900,0.0,0.0,0.0,0.0,0,0,100,17693.81893453545,17693.81893453545,17639.818934535455,25264.0,25264.0,25204.0,-7564.181065464545,556.108764559549
2024-02-23,1268.8189345354513,0,900,900,0.0,0.0,0.0,0.0,0,0,100,18206.81893453545,18206.81893453545,17621.818934535455,25834.0,25834.0,25184.0,-7562.181065464545,554.1077445495489
2024-02-26,1268.8189345354513,0,900,900,0.0,0.0,0.0,0.0,0,0,100,17108.818934535455,17108.818934535455,17171.818934535455,24614.0,24614.0,24684.0,-7512.181065464545,504.08224429954885
2024-02-27,1268.8189345354513,0,900,900,0.0,0.0,0.0,0.0,0,0,100,17099.81893453545,17099.81893453545,18665.81893453545,24604.0,24604.0,26344.0,-7678.181065464549,670.1669051295485
2024-02-28,1268.8189345354513,0,900,900,0.0,0.0,0.0,0.0,0,0,100,18413.81893453545,18413.81893453545,17648.81893453545,26064.0,26064.0,25214.0,-7565.181065464549,557.1092745645485
2024-02-29,1268.8189345354513,0,900,900,0.0,0.0,0.0,0.0,0,0,100,17612.81893453545,17612.81893453545,18089.81893453545,25174.0,25174.0,25704.0,-7614.181065464549,606.1342648095488
2024-03-01,1268.8189345354513,0,900,900,0.0,0.0,0.0,0.0,0,0,100,18413.81893453545,18413.81893453545,19286.81893453545,26064.0,26064.0,27034.0,-7747.181065464549,739.2020954745487
2024-03-04,1268.8189345354513,0,900,900,0.0,0.0,0.0,0.0,0,0,100,19988.81893453545,19988.81893453545,21086.81893453545,27814.0,27814.0,29034.0,-7947.181065464549,939.3040964745483
2024-03-05,1268.8189345354513,0,900,900,0.0,0.0,0.0,0.0,0,0,100,20798.81893453545,20798.81893453545,21743.81893453545,28714.0,28714.0,29764.0,-8020.181065464549,1012.3413268395484
2024-03-06,1268.8189345354513,0,900,900,0.0,0.0,0.0,0.0,0,0,100,21131.81893453545,21131.81893453545,21077.81893453545,29084.0,29084.0,29024.0,-7946.181065464549,938.3035864695489
2024-03-07,1268.8189345354513,0,900,900,0.0,0.0,0.0,0.0,0,0,100,21491.81893453545,21491.81893453545,21617.81893453545,29484.0,29484.0,29624.0,-8006.181065464549,998.3341867695485
2024-03-08,1268.8189345354513,0,900,900,0.0,0.0,0.0,0.0,0,0,100,22058.81893453545,22058.81893453545,23651.81893453545,30114.0,30114.0,31884.0,-8232.181065464549,1224.4494478995489
2024-03-11,1268.8189345354513,0,900,900,0.0,0.0,0.0,0.0,0,0,100,22580.81893453545,22580.81893453545,24506.81893453545,30694.0,30694.0,32834.0,-8327.181065464549,1319.4978983745486
2024-03-12,1268.8189345354513,0,900,900,0.0,0.0,0.0,0.0,0,0,100,24002.81893453545,24002.81893453545,23588.81893453545,32274.0,32274.0,31814.0,-8225.181065464549,1217.4458778645485
2024-03-13,1268.8189345354513,0,900,900,0.0,0.0,0.0,0.0,0,0,100,24254.81893453545,24254.81893453545,23183.81893453545,32554.0,32554.0,31364.0,-8180.181065464549,1172.4229276395486
2024-03-14,1268.8189345354513,0,900,900,0.0,0.0,0.0,0.0,0,0,100,21761.81893453545,21761.81893453545,21833.81893453545,29784.0,29784.0,29864.0,-8030.181065464549,1022.3464268895486
2024-03-15,1268.8189345354513,0,900,900,0.0,0.0,0.0,0.0,0,0,100,21509.81893453545,21509.81893453545,22040.81893453545,29504.0,29504.0,30094.0,-8053.181065464549,1045.358157004549
2024-03-18,1268.8189345354513,0,900,900,0.0,0.0,0.0,0.0,0,0,100,22373.81893453545,22373.81893453545,23777.81893453545,30464.0,30464.0,32024.0,-8246.181065464549,1238.4565879695483
2024-03-19,1268.8189345354513,0,900,900,0.0,0.0,0.0,0.0,0,0,100,23228.81893453545,23228.81893453545,24227.81893453545,31414.0,31414.0,32524.0,-8296.181065464549,1288.4820882195486
2024-03-20,1268.8189345354513,0,900,900,0.0,0.0,0.0,0.0,0,0,100,24038.81893453545,24038.81893453545,23840.81893453545,32314.0,32314.0,32094.0,-8253.181065464549,1245.4601580045487
2024-03-21,1268.8189345354513,0,900,900,0.0,0.0,0.0,0.0,0,0,100,23840.81893453545,23840.81893453545,23759.81893453545,32094.0,32094.0,32004.0,-8244.181065464549,1236.4555679595487
2024-03-22,1268.8189345354513,0,900,900,0.0,0.0,0.0,0.0,0,0,100,23606.81893453545,23606.81893453545,23255.81893453545,31834.0,31834.0,31444.0,-8188.181065464549,1180.4270076795483
2024-03-25,1268.8189345354513,0,900,900,0.0,0.0,0.0,0.0,0,0,100,23633.81893453545,23633.81893453545,22787.81893453545,31864.0,31864.0,30924.0,-8136.181065464549,1128.4004874195484
2024-03-26,1268.8189345354513,0,900,900,0.0,0.0,0.0,0.0,0,0,100,22868.81893453545,22868.81893453545,22625.81893453545,31014.0,31014.0,30744.0,-8118.181065464549,1110.3913073295485
2024-03-27,1268.8189345354513,0,900,900,0.0,0.0,0.0,0.0,0,0,100,22301.81893453545,22301.81893453545,21437.81893453545,30384.0,30384.0,29424.0,-7986.181065464549,978.3239866695485
2024-03-28,1268.8189345354513,0,900,900,0.0,0.0,0.0,0.0,0,0,100,21446.81893453545,21446.81893453545,22373.81893453545,29434.0,29434.0,30464.0,-8090.181065464549,1082.3770271895482
2024-03-29,1268.8189345354513,0,900,900,0.0,0.0,0.0,0.0,0,0,100,22094.81893453545,22094.81893453545,21761.81893453545,30154.0,30154.0,29784.0,-8022.181065464549,1014.3423468495489
2024-04-01,1268.8189345354513,0,900,900,0.0,0.0,0.0,0.0,0,0,100,21878.81893453545,21878.81893453545,22247.81893453545,29914.0,29914.0,30324.0,-8076.181065464549,1068.3698871195488
2024-04-02,1268.8189345354513,0,900,900,0.0,0.0,0.0,0.0,0,0,100,22184.81893453545,22184.81893453545,21878.81893453545,30254.0,30254.0,29914.0,-8035.181065464549,1027.3489769145485
2024-04-03,1268.8189345354513,0,900,900,0.0,0.0,0.0,0.0,0,0,100,21698.81893453545,21698.81893453545,20996.81893453545,29714.0,29714.0,28934.0,-7937.181065464549,929.2989964245489
2024-04-08,1268.8189345354513,0,900,900,0.0,0.0,0.0,0.0,0,0,100,20798.81893453545,20798.81893453545,21068.81893453545,28714.0,28714.0,29014.0,-7945.181065464549,937.3030764645487
2024-04-09,1268.8189345354513,0,900,900,0.0,0.0,0.0,0.0,0,0,100,21203.81893453545,21203.81893453545,20969.81893453545,29164.0,29164.0,28904.0,-7934.181065464549,926.2974664095486
2024-04-10,1268.8189345354513,0,900,900,0.0,0.0,0.0,0.0,0,0,100,20789.81893453545,20789.81893453545,20258.81893453545,28704.0,28704.0,28114.0,-7855.181065464549,847.2571760145483
2024-04-11,1268.8189345354513,0,900,900,0.0,0.0,0.0,0.0,0,0,100,20375.81893453545,20375.81893453545,20393.81893453545,28244.0,28244.0,28264.0,-7870.181065464549,862.2648260895489
2024-04-12,1268.8189345354513,0,900,900,0.0,0.0,0.0,0.0,0,0,100,20888.81893453545,20888.81893453545,21302.81893453545,28814.0,28814.0,29274.0,-7971.181065464549,963.3163365945484
2024-04-15,1268.8189345354513,0,900,900,0.0,0.0,0.0,0.0,0,0,100,20960.81893453545,20960.81893453545,21284.81893453545,28894.0,28894.0,29254.0,-7969.181065464549,961.3153165845488
2024-04-16,1268.8189345354513,0,900,900,0.0,0.0,0.0,0.0,0,0,100,20645.81893453545,20645.81893453545,20897.81893453545,28544.0,28544.0,28824.0,-7926.181065464549,918.2933863695484
2024-04-17,1268.8189345354513,0,900,900,0.0,0.0,0.0,0.0,0,0,100,21518.81893453545,21518.81893453545,21518.81893453545,29514.0,29514.0,29514.0,-7995.181065464549,987.328576714549
2024-04-18,1268.8189345354513,0,900,900,0.0,0.0,0.0,0.0,0,0,100,20942.81893453545,20942.81893453545,21878.81893453545,28874.0,28874.0,29914.0,-8035.181065464549,1027.3489769145485
2024-04-19,1268.8189345354513,0,900,900,0.0,0.0,0.0,0.0,0,0,100,21437.81893453545,21437.81893453545,21113.81893453545,29424.0,29424.0,29064.0,-7950.181065464549,942.3056264895486
2024-04-22,1268.8189345354513,0,900,900,0.0,0.0,0.0,0.0,0,0,100,19610.81893453545,19610.81893453545,20024.81893453545,27394.0,27394.0,27854.0,-7829.181065464549,821.2439158845486
2024-04-23,1268.8189345354513,0,900,900,0.0,0.0,0.0,0.0,0,0,100,20213.81893453545,20213.81893453545,19799.81893453545,28064.0,28064.0,27604.0,-7804.181065464549,796.2311657595487
2024-04-24,1268.8189345354513,0,900,900,0.0,0.0,0.0,0.0,0,0,100,20186.81893453545,20186.81893453545,21284.81893453545,28034.0,28034.0,29254.0,-7969.181065464549,961.3153165845488
2024-04-25,1268.8189345354513,0,900,900,0.0,0.0,0.0,0.0,0,0,100,20762.81893453545,20762.81893453545,21239.81893453545,28674.0,28674.0,29204.0,-7964.181065464549,956.3127665595489
2024-04-26,1268.8189345354513,0,900,900,0.0,0.0,0.0,0.0,0,0,100,22166.81893453545,22166.81893453545,23237.81893453545,30234.0,30234.0,31424.0,-8186.181065464549,1178.4259876695487
2024-04-29,1268.8189345354513,0,900,900,0.0,0.0,0.0,0.0,0,0,100,23552.81893453545,23552.81893453545,23336.81893453545,31774.0,31774.0,31534.0,-8197.181065464549,1189.4315977245483
2024-04-30,1268.8189345354513,0,900,900,0.0,0.0,0.0,0.0,0,0,100,24038.81893453545,24038.81893453545,23318.81893453545,32314.0,32314.0,31514.0,-8195.181065464549,1187.4305777145487
2024-05-06,1268.8189345354513,0,900,900,0.0,0.0,0.0,0.0,0,0,100,23768.81893453545,23768.81893453545,23606.81893453545,32014.0,32014.0,31834.0,-8227.181065464549,1219.4468978745485
2024-05-07,1268.8189345354513,0,900,900,0.0,0.0,0.0,0.0,0,0,100,23948.81893453545,23948.81893453545,24110.81893453545,32214.0,32214.0,32394.0,-8283.181065464549,1275.4754581545485
2024-05-08,1268.8189345354513,0,900,900,0.0,0.0,0.0,0.0,0,0,100,23534.81893453545,23534.81893453545,23282.81893453545,31754.0,31754.0,31474.0,-8191.181065464549,1183.4285376945486
2024-05-09,1268.8189345354513,0,900,900,0.0,0.0,0.0,0.0,0,0,100,23138.81893453545,23138.81893453545,23066.81893453545,31314.0,31314.0,31234.0,-8167.181065464549,1159.4162975745485
2024-05-10,1268.8189345354513,0,900,900,0.0,0.0,0.0,0.0,0,0,100,22868.81893453545,22868.81893453545,22796.81893453545,31014.0,31014.0,30934.0,-8137.181065464549,1129.4009974245487
2024-05-13,1268.8189345354513,0,900,900,0.0,0.0,0.0,0.0,0,0,100,22805.81893453545,22805.81893453545,22868.81893453545,30944.0,30944.0,31014.0,-8145.181065464549,1137.4050774645484
2024-05-14,1268.8189345354513,0,900,900,0.0,0.0,0.0,0.0,0,0,100,23228.81893453545,23228.81893453545,22688.81893453545,31414.0,31414.0,30814.0,-8125.181065464549,1117.3948773645488
2024-05-15,1268.8189345354513,0,900,900,0.0,0.0,0.0,0.0,0,0,100,22760.81893453545,22760.81893453545,23138.81893453545,30894.0,30894.0,31314.0,-8175.181065464549,1167.4203776145482
2024-05-16,1268.8189345354513,0,900,900,0.0,0.0,0.0,0.0,0,0,100,24425.81893453545,24425.81893453545,24290.81893453545,32744.0,32744.0,32594.0,-8303.181065464549,1295.4856582545485
2024-05-17,1268.8189345354513,0,900,900,0.0,0.0,0.0,0.0,0,0,100,23948.81893453545,23948.81893453545,24398.81893453545,32214.0,32214.0,32714.0,-8315.181065464549,1307.4917783145488
2024-05-20,1268.8189345354513,0,900,900,0.0,0.0,0.0,0.0,0,0,100,24038.81893453545,24038.81893453545,24866.81893453545,32314.0,32314.0,33234.0,-8367.181065464549,1359.5182985745482
2024-05-21,1268.8189345354513,0,900,900,0.0,0.0,0.0,0.0,0,0,100,24614.81893453545,24614.81893453545,24416.81893453545,32954.0,32954.0,32734.0,-8317.181065464549,1309.4927983245489
2024-05-22,1268.8189345354513,0,900,900,0.0,0.0,0.0,0.0,0,0,100,24389.81893453545,24389.81893453545,24155.81893453545,32704.0,32704.0,32444.0,-8288.181065464549,1280.4780081795484
2024-05-23,1268.8189345354513,0,900,900,0.0,0.0,0.0,0.0,0,0,100,24668.81893453545,24668.81893453545,24326.81893453545,33014.0,33014.0,32634.0,-8307.181065464549,1299.4876982745486
2024-05-24,1268.8189345354513,0,900,900,0.0,0.0,0.0,0.0,0,0,100,23948.81893453545,23948.81893453545,23003.81893453545,32214.0,32214.0,31164.0,-8160.181065464549,1152.4127275395485
2024-05-27,1268.8189345354513,0,900,900,0.0,0.0,0.0,0.0,0,0,100,23408.81893453545,23408.81893453545,23642.81893453545,31614.0,31614.0,31874.0,-8231.181065464549,1223.4489378945486
2024-05-28,1268.8189345354513,0,900,900,0.0,0.0,0.0,0.0,0,0,100,23453.81893453545,23453.81893453545,22976.81893453545,31664.0,31664.0,31134.0,-8157.181065464549,1149.4111975245482
2024-05-29,1268.8189345354513,0,900,900,0.0,0.0,0.0,0.0,0,0,100,23543.81893453545,23543.81893453545,23057.81893453545,31764.0,31764.0,31224.0,-8166.181065464549,1158.4157875695482
2024-05-30,1268.8189345354513,0,900,900,0.0,0.0,0.0,0.0,0,0,100,22868.81893453545,22868.81893453545,22814.81893453545,31014.0,31014.0,30954.0,-8139.181065464549,1131.4020174345483
2024-05-31,1268.8189345354513,0,900,900,0.0,0.0,0.0,0.0,0,0,100,22571.81893453545,22571.81893453545,21887.81893453545,30684.0,30684.0,29924.0,-8036.181065464549,1028.3494869195488
2024-06-03,1268.8189345354513,0,900,900,0.0,0.0,0.0,0.0,0,0,100,21887.81893453545,21887.81893453545,22751.81893453545,29924.0,29924.0,30884.0,-8132.181065464549,1124.3984473995488
2024-06-04,1268.8189345354513,0,900,900,0.0,0.0,0.0,0.0,0,0,100,22751.81893453545,22751.81893453545,22679.81893453545,30884.0,30884.0,30804.0,-8124.181065464549,1116.3943673595486
2024-06-05,1268.8189345354513,0,900,900,0.0,0.0,0.0,0.0,0,0,100,22571.81893453545,22571.81893453545,22598.81893453545,30684.0,30684.0,30714.0,-8115.181065464549,1107.3897773145486
2024-06-06,1268.8189345354513,0,900,900,0.0,0.0,0.0,0.0,0,0,100,23660.81893453545,23660.81893453545,24731.81893453545,31894.0,31894.0,33084.0,-8352.181065464549,1344.5106484995486
2024-06-07,1268.8189345354513,0,900,900,0.0,0.0,0.0,0.0,0,0,100,24533.81893453545,24533.81893453545,23345.81893453545,32864.0,32864.0,31544.0,-8198.181065464549,1190.4321077295485
2024-06-11,1268.8189345354513,0,900,900,0.0,0.0,0.0,0.0,0,0,100,23318.81893453545,23318.81893453545,23057.81893453545,31514.0,31514.0,31224.0,-8166.181065464549,1158.4157875695482
2024-06-12,1268.8189345354513,0,900,900,0.0,0.0,0.0,0.0,0,0,100,23363.81893453545,23363.81893453545,23201.81893453545,31564.0,31564.0,31384.0,-8182.181065464549,1174.4239476495486
2024-06-13,1268.8189345354513,0,900,900,0.0,0.0,0.0,0.0,0,0,100,23588.81893453545,23588.81893453545,24578.81893453545,31814.0,31814.0,32914.0,-8335.181065464549,1327.5019784145488
2024-06-14,1268.8189345354513,0,900,900,0.0,0.0,0.0,0.0,0,0,100,24713.81893453545,24713.81893453545,25775.81893453545,33064.0,33064.0,34244.0,-8468.181065464549,1460.5698090795486
2024-06-17,1268.8189345354513,0,900,900,0.0,0.0,0.0,0.0,0,0,100,25631.81893453545,25631.81893453545,26027.81893453545,34084.0,34084.0,34524.0,-8496.181065464549,1488.5840892195483
2024-06-18,1268.8189345354513,0,900,900,0.0,0.0,0.0,0.0,0,0,100,26045.81893453545,26045.81893453545,27026.81893453545,34544.0,34544.0,35634.0,-8607.181065464549,1599.640699774549
2024-06-19,1268.8189345354513,0,900,900,0.0,0.0,0.0,0.0,0,0,100,27539.81893453545,27539.81893453545,26891.81893453545,36204.0,36204.0,35484.0,-8592.181065464549,1584.6330496995488
2024-06-20,1268.8189345354513,0,900,900,0.0,0.0,0.0,0.0,0,0,100,26891.81893453545,26891.81893453545,27017.81893453545,35484.0,35484.0,35624.0,-8606.181065464549,1598.6401897695487
2024-06-21,1268.8189345354513,0,900,900,0.0,0.0,0.0,0.0,0,0,100,26018.81893453545,26018.81893453545,26891.81893453545,34514.0,34514.0,35484.0,-8592.181065464549,1584.6330496995488
2024-06-24,1268.8189345354513,0,900,900,0.0,0.0,0.0,0.0,0,0,100,26288.81893453545,26288.81893453545,26063.81893453545,34814.0,34814.0,34564.0,-8500.181065464549,1492.5861292395489
2024-06-25,1268.8189345354513,0,900,900,0.0,0.0,0.0,0.0,0,0,100,25352.81893453545,25352.81893453545,25064.81893453545,33774.0,33774.0,33454.0,-8389.181065464549,1381.5295186845483
2024-06-26,1268.8189345354513,0,900,900,0.0,0.0,0.0,0.0,0,0,100,25676.81893453545,25676.81893453545,25721.81893453545,34134.0,34134.0,34184.0,-8462.181065464549,1454.5667490495484
2024-06-27,1268.8189345354513,0,900,900,0.0,0.0,0.0,0.0,0,0,100,25271.81893453545,25271.81893453545,25397.81893453545,33684.0,33684.0,33824.0,-8426.181065464549,1418.5483888695485
2024-06-28,1268.8189345354513,0,900,900,0.0,0.0,0.0,0.0,0,0,100,25298.81893453545,25298.81893453545,25928.81893453545,33714.0,33714.0,34414.0,-8485.181065464549,1477.5784791645488
2024-07-01,1268.8189345354513,0,900,900,0.0,0.0,0.0,0.0,0,0,100,25937.81893453545,25937.81893453545,26468.81893453545,34424.0,34424.0,35014.0,-8545.181065464549,1537.6090794645484
2024-07-02,1268.8189345354513,0,900,900,0.0,0.0,0.0,0.0,0,0,100,26243.81893453545,26243.81893453545,25892.81893453545,34764.0,34764.0,34374.0,-8481.181065464549,1473.5764391445487
2024-07-03,1268.8189345354513,0,900,900,0.0,0.0,0.0,0.0,0,0,100,25703.81893453545,25703.81893453545,25910.81893453545,34164.0,34164.0,34394.0,-8483.181065464549,1475.5774591545483
2024-07-04,1268.8189345354513,0,900,900,0.0,0.0,0.0,0.0,0,0,100,26243.81893453545,26243.81893453545,25811.81893453545,34764.0,34764.0,34284.0,-8472.181065464549,1464.5718490995487
2024-07-05,1268.8189345354513,0,900,900,0.0,0.0,0.0,0.0,0,0,100,25568.81893453545,25568.81893453545,25640.81893453545,34014.0,34014.0,34094.0,-8453.181065464549,1445.5621590045484
2024-07-08,1268.8189345354513,0,900,900,0.0,0.0,0.0,0.0,0,0,100,25451.81893453545,25451.81893453545,25532.81893453545,33884.0,33884.0,33974.0,-8441.181065464549,1433.5560389445486
2024-07-09,1268.8189345354513,0,900,900,0.0,0.0,0.0,0.0,0,0,100,25658.81893453545,25658.81893453545,27368.81893453545,34114.0,34114.0,36014.0,-8645.181065464549,1637.6600799645485
2024-07-10,1268.8189345354513,0,900,900,0.0,0.0,0.0,0.0,0,0,100,27368.81893453545,27368.81893453545,27323.81893453545,36014.0,36014.0,35964.0,-8640.181065464549,1632.6575299395486
2024-07-11,1268.8189345354513,0,900,900,0.0,0.0,0.0,0.0,0,0,100,27773.81893453545,27773.81893453545,27152.81893453545,36464.0,36464.0,35774.0,-8621.181065464549,1613.6478398445483
2024-07-12,1268.8189345354513,0,900,900,0.0,0.0,0.0,0.0,0,0,100,26153.81893453545,26153.81893453545,25802.81893453545,34664.0,34664.0,34274.0,-8471.181065464549,1463.5713390945484
2024-07-15,1268.8189345354513,0,900,900,0.0,0.0,0.0,0.0,0,0,100,25703.81893453545,25703.81893453545,25532.81893453545,34164.0,34164.0,33974.0,-8441.181065464549,1433.5560389445486
2024-07-16,1268.8189345354513,0,900,900,0.0,0.0,0.0,0.0,0,0,100,25532.81893453545,25532.81893453545,25982.81893453545,33974.0,33974.0,34474.0,-8491.181065464549,1483.581539194549
2024-07-17,1268.8189345354513,0,900,900,0.0,0.0,0.0,0.0,0,0,100,25622.81893453545,25622.81893453545,24623.81893453545,34074.0,34074.0,32964.0,-8340.181065464549,1332.5045284395483
2024-07-18,1268.8189345354513,0,900,900,0.0,0.0,0.0,0.0,0,0,100,23606.81893453545,23606.81893453545,24137.81893453545,31834.0,31834.0,32424.0,-8286.181065464549,1278.4769881695488
2024-07-19,1268.8189345354513,0,900,900,0.0,0.0,0.0,0.0,0,0,100,23741.81893453545,23741.81893453545,23462.81893453545,31984.0,31984.0,31674.0,-8211.181065464549,1203.4387377945486
2024-07-22,1268.8189345354513,0,900,900,0.0,0.0,0.0,0.0,0,0,100,23309.81893453545,23309.81893453545,23687.81893453545,31504.0,31504.0,31924.0,-8236.181065464549,1228.4514879195485
2024-07-23,1268.8189345354513,0,900,900,0.0,0.0,0.0,0.0,0,0,100,24083.81893453545,24083.81893453545,23354.81893453545,32364.0,32364.0,31554.0,-8199.181065464549,1191.4326177345488
2024-07-24,1268.8189345354513,0,900,900,0.0,0.0,0.0,0.0,0,0,100,23228.81893453545,23228.81893453545,23138.81893453545,31414.0,31414.0,31314.0,-8175.181065464549,1167.4203776145482
2024-07-25,1268.8189345354513,0,900,900,0.0,0.0,0.0,0.0,0,0,100,22418.81893453545,22418.81893453545,22148.81893453545,30514.0,30514.0,30214.0,-8065.181065464549,1057.3642770645488
2024-07-26,1268.8189345354513,0,900,900,0.0,0.0,0.0,0.0,0,0,100,22148.81893453545,22148.81893453545,22418.81893453545,30214.0,30214.0,30514.0,-8095.181065464549,1087.3795772145486
2024-07-29,1268.8189345354513,0,900,900,0.0,0.0,0.0,0.0,0,0,100,22328.81893453545,22328.81893453545,22688.81893453545,30414.0,30414.0,30814.0,-8125.181065464549,1117.3948773645488
2024-07-30,1268.8189345354513,0,900,900,0.0,0.0,0.0,0.0,0,0,100,22409.81893453545,22409.81893453545,21833.81893453545,30504.0,30504.0,29864.0,-8030.181065464549,1022.3464268895486
2024-07-31,1268.8189345354513,0,900,900,0.0,0.0,0.0,0.0,0,0,100,21752.81893453545,21752.81893453545,22724.81893453545,29774.0,29774.0,30854.0,-8129.181065464549,1121.396917384549
2024-08-01,1268.8189345354513,0,900,900,0.0,0.0,0.0,0.0,0,0,100,23408.81893453545,23408.81893453545,22841.81893453545,31614.0,31614.0,30984.0,-8142.181065464549,1134.4035474495486
2024-08-02,1268.8189345354513,0,900,900,0.0,0.0,0.0,0.0,0,0,100,21905.81893453545,21905.81893453545,21365.81893453545,29944.0,29944.0,29344.0,-7978.181065464549,970.3199066295488
2024-08-05,1268.8189345354513,0,900,900,0.0,0.0,0.0,0.0,0,0,100,20258.81893453545,20258.81893453545,19646.81893453545,28114.0,28114.0,27434.0,-7787.181065464549,779.222495674549
2024-08-06,1268.8189345354513,0,900,900,0.0,0.0,0.0,0.0,0,0,100,20195.81893453545,20195.81893453545,19997.81893453545,28044.0,28044.0,27824.0,-7826.181065464549,818.2423858695488
2024-08-07,1268.8189345354513,0,900,900,0.0,0.0,0.0,0.0,0,0,100,19808.81893453545,19808.81893453545,19628.81893453545,27614.0,27614.0,27414.0,-7785.181065464549,777.2214756645485
2024-08-08,1268.8189345354513,0,900,900,0.0,0.0,0.0,0.0,0,0,100,19268.81893453545,19268.81893453545,19700.81893453545,27014.0,27014.0,27494.0,-7793.181065464549,785.2255557045487
2024-08-09,1268.8189345354513,0,900,900,0.0,0.0,0.0,0.0,0,0,100,19988.81893453545,19988.81893453545,19979.81893453545,27814.0,27814.0,27804.0,-7824.181065464549,816.2413658595488
2024-08-12,1268.8189345354513,0,900,900,0.0,0.0,0.0,0.0,0,0,100,19727.81893453545,19727.81893453545,19844.81893453545,27524.0,27524.0,27654.0,-7809.181065464549,801.2337157845486
2024-08-13,1268.8189345354513,0,900,900,0.0,0.0,0.0,0.0,0,0,100,20033.81893453545,20033.81893453545,19970.81893453545,27864.0,27864.0,27794.0,-7823.181065464549,815.2408558545485
2024-08-14,1268.8189345354513,0,900,900,0.0,0.0,0.0,0.0,0,0,100,20348.81893453545,20348.81893453545,20510.81893453545,28214.0,28214.0,28394.0,-7883.181065464549,875.2714561545486
2024-08-15,1790.8189345354513,0,900,900,0.0,0.0,0.0,522.0,0,0,100,20456.81893453545,20456.81893453545,20384.81893453545,28334.0,28334.0,28254.0,-7869.181065464549,281.23473579454867
2024-08-16,1790.8189345354513,0,900,900,0.0,0.0,0.0,0.0,0,0,100,20699.81893453545,20699.81893453545,20744.81893453545,28604.0,28604.0,28654.0,-7909.181065464549,321.2551359945487
2024-08-19,1790.8189345354513,0,900,900,0.0,0.0,0.0,0.0,0,0,100,20690.81893453545,20690.81893453545,20492.81893453545,28594.0,28594.0,28374.0,-7881.181065464549,293.2408558545485
2024-08-20,1790.8189345354513,0,900,900,0.0,0.0,0.0,0.0,0,0,100,20789.81893453545,20789.81893453545,20375.81893453545,28704.0,28704.0,28244.0,-7868.181065464549,280.2342257895484
2024-08-21,1790.8189345354513,0,900,900,0.0,0.0,0.0,0.0,0,0,100,20060.81893453545,20060.81893453545,20483.81893453545,27894.0,27894.0,28364.0,-7880.181065464549,292.2403458495487
2024-08-22,1790.8189345354513,0,900,900,0.0,0.0,0.0,0.0,0,0,100,20492.81893453545,20492.81893453545,20141.81893453545,28374.0,28374.0,27984.0,-7842.181065464549,254.2209656595487
2024-08-23,1790.8189345354513,0,900,900,0.0,0.0,0.0,0.0,0,0,100,19970.81893453545,19970.81893453545,20204.81893453545,27794.0,27794.0,28054.0,-7849.181065464549,261.22453569454865
2024-08-26,1790.8189345354513,0,900,900,0.0,0.0,0.0,0.0,0,0,100,20330.81893453545,20330.81893453545,19898.81893453545,28194.0,28194.0,27714.0,-7815.181065464549,227.20719552454852
2024-08-27,1790.8189345354513,0,900,900,0.0,0.0,0.0,0.0,0,0,100,19790.81893453545,19790.81893453545,19565.81893453545,27594.0,27594.0,27344.0,-7778.181065464549,190.18832533954878
2024-08-28,1790.8189345354513,0,900,900,0.0,0.0,0.0,0.0,0,0,100,19430.81893453545,19430.81893453545,19583.81893453545,27194.0,27194.0,27364.0,-7780.181065464549,192.1893453495486
2024-08-29,1790.8189345354513,0,900,900,0.0,0.0,0.0,0.0,0,0,100,18890.81893453545,18890.81893453545,19088.81893453545,26594.0,26594.0,26814.0,-7725.181065464549,137.16129507454843
2024-08-30,1790.8189345354513,0,900,900,0.0,0.0,0.0,0.0,0,0,100,18962.81893453545,18962.81893453545,20213.81893453545,26674.0,26674.0,28064.0,-7850.181065464549,262.22504569954845
2024-09-02,1790.8189345354513,0,900,900,0.0,0.0,0.0,0.0,0,0,100,20123.81893453545,20123.81893453545,19295.81893453545,27964.0,27964.0,27044.0,-7748.181065464549,160.17302518954853
2024-09-03,1790.8189345354513,0,900,900,0.0,0.0,0.0,0.0,0,0,100,19196.81893453545,19196.81893453545,19286.81893453545,26934.0,26934.0,27034.0,-7747.181065464549,159.17251518454896
2024-09-04,1790.8189345354513,0,900,900,0.0,0.0,0.0,0.0,0,0,100,18440.81893453545,18440.81893453545,18818.81893453545,26094.0,26094.0,26514.0,-7695.181065464549,107.14599492454886
2024-09-05,1790.8189345354513,0,900,900,0.0,0.0,0.0,0.0,0,0,100,18764.81893453545,18764.81893453545,18782.81893453545,26454.0,26454.0,26474.0,-7691.181065464549,103.14395490454876
2024-09-06,1790.8189345354513,0,900,900,0.0,0.0,0.0,0.0,0,0,100,18773.81893453545,18773.81893453545,18314.81893453545,26464.0,26464.0,25954.0,-7639.181065464549,51.117434644548666
2024-09-09,1790.8189345354513,0,900,900,0.0,0.0,0.0,0.0,0,0,100,18107.81893453545,18107.81893453545,18530.81893453545,25724.0,25724.0,26194.0,-7663.181065464549,75.12967476454878
2024-09-10,1790.8189345354513,0,900,900,0.0,0.0,0.0,0.0,0,0,100,18530.81893453545,18530.81893453545,18728.81893453545,26194.0,26194.0,26414.0,-7685.181065464549,97.14089487454862
2024-09-11,1790.8189345354513,0,900,900,0.0,0.0,0.0,0.0,0,0,100,18638.81893453545,18638.81893453545,18692.81893453545,26314.0,26314.0,26374.0,-7681.181065464549,93.13885485454853
2024-09-12,1790.8189345354513,0,900,900,0.0,0.0,0.0,0.0,0,0,100,19241.81893453545,19241.81893453545,18746.81893453545,26984.0,26984.0,26434.0,-7687.181065464549,99.14191488454867
2024-09-13,1790.8189345354513,0,900,900,0.0,0.0,0.0,0.0,0,0,100,18764.81893453545,18764.81893453545,19115.81893453545,26454.0,26454.0,26844.0,-7728.181065464549,140.1628250895485
2024-09-18,1790.8189345354513,0,900,900,0.0,0.0,0.0,0.0,0,0,100,18890.81893453545,18890.81893453545,18665.81893453545,26594.0,26594.0,26344.0,-7678.181065464549,90.13732483954868
2024-09-19,1790.8189345354513,0,900,900,0.0,0.0,0.0,0.0,0,0,100,18773.81893453545,18773.81893453545,18755.81893453545,26464.0,26464.0,26444.0,-7688.181065464549,100.14242488954892
2024-09-20,1790.8189345354513,0,900,900,0.0,0.0,0.0,0.0,0,0,100,18890.81893453545,18890.81893453545,18764.81893453545,26594.0,26594.0,26454.0,-7689.181065464549,101.14293489454872
2024-09-23,1790.8189345354513,0,900,900,0.0,0.0,0.0,0.0,0,0,100,18575.81893453545,18575.81893453545,18629.81893453545,26244.0,26244.0,26304.0,-7674.181065464549,86.13528481954859
2024-09-24,1790.8189345354513,0,900,900,0.0,0.0,0.0,0.0,0,0,100,18800.81893453545,18800.81893453545,20312.81893453545,26494.0,26494.0,28174.0,-7861.181065464549,273.23065575454893
2024-09-25,1790.8189345354513,0,900,900,0.0,0.0,0.0,0.0,0,0,100,20978.81893453545,20978.81893453545,20753.81893453545,28914.0,28914.0,28664.0,-7910.181065464549,322.2556459995485
2024-09-26,1790.8189345354513,0,900,900,0.0,0.0,0.0,0.0,0,0,100,20789.81893453545,20789.81893453545,21284.81893453545,28704.0,28704.0,29254.0,-7969.181065464549,381.28573629454877
2024-09-27,1790.8189345354513,0,900,900,0.0,0.0,0.0,0.0,0,0,100,21608.81893453545,21608.81893453545,22490.81893453545,29614.0,29614.0,30594.0,-8103.181065464549,515.3540769645488
2024-09-30,1790.8189345354513,0,900,900,0.0,0.0,0.0,0.0,0,0,100,23660.81893453545,23660.81893453545,24461.81893453545,31894.0,31894.0,32784.0,-8322.181065464549,734.4657680595483
2024-10-08,1790.8189345354513,0,900,900,0.0,0.0,0.0,0.0,0,0,100,26729.81893453545,26729.81893453545,26729.81893453545,35304.0,35304.0,35304.0,-8574.181065464549,986.5942893195488
2024-10-09,1790.8189345354513,0,900,900,0.0,0.0,0.0,0.0,0,0,100,26720.81893453545,26720.81893453545,25190.81893453545,35294.0,35294.0,33594.0,-8403.181065464549,815.5070784645486
2024-10-10,1790.8189345354513,0,900,900,0.0,0.0,0.0,0.0,0,0,100,25658.81893453545,25658.81893453545,25010.81893453545,34114.0,34114.0,33394.0,-8383.181065464549,795.4968783645486
2024-10-11,1790.8189345354513,0,900,900,0.0,0.0,0.0,0.0,0,0,100,24650.81893453545,24650.81893453545,23921.81893453545,32994.0,32994.0,32184.0,-8262.181065464549,674.4351677595487
2024-10-14,1790.8189345354513,0,900,900,0.0,0.0,0.0,0.0,0,0,100,23876.81893453545,23876.81893453545,24434.81893453545,32134.0,32134.0,32754.0,-8319.181065464549,731.4642380445484
2024-10-15,1790.8189345354513,0,900,900,0.0,0.0,0.0,0.0,0,0,100,24461.81893453545,24461.81893453545,23930.81893453545,32784.0,32784.0,32194.0,-8263.181065464549,675.4356777645489
2024-10-16,1790.8189345354513,0,900,900,0.0,0.0,0.0,0.0,0,0,100,23039.81893453545,23039.81893453545,22967.81893453545,31204.0,31204.0,31124.0,-8156.181065464549,568.3811072295489
2024-10-17,1790.8189345354513,0,900,900,0.0,0.0,0.0,0.0,0,0,100,23183.81893453545,23183.81893453545,23129.81893453545,31364.0,31364.0,31304.0,-8174.181065464549,586.3902873195489
2024-10-18,1790.8189345354513,0,900,900,0.0,0.0,0.0,0.0,0,0,100,23372.81893453545,23372.81893453545,25262.81893453545,31574.0,31574.0,33674.0,-8411.181065464549,823.5111585045483
2024-10-21,1790.8189345354513,0,900,900,0.0,0.0,0.0,0.0,0,0,100,25919.81893453545,25919.81893453545,25370.81893453545,34404.0,34404.0,33794.0,-8423.181065464549,835.5172785645486
2024-10-22,1790.8189345354513,0,900,900,0.0,0.0,0.0,0.0,0,0,100,25631.81893453545,25631.81893453545,25424.81893453545,34084.0,34084.0,33854.0,-8429.181065464549,841.5203385945483
2024-10-23,1790.8189345354513,0,900,900,0.0,0.0,0.0,0.0,0,0,100,25001.81893453545,25001.81893453545,24839.81893453545,33384.0,33384.0,33204.0,-8364.181065464549,776.4871882695484
2024-10-24,1790.8189345354513,0,900,900,0.0,0.0,0.0,0.0,0,0,100,24434.81893453545,24434.81893453545,24605.81893453545,32754.0,32754.0,32944.0,-8338.181065464549,750.4739281395487
2024-10-25,1790.8189345354513,0,900,900,0.0,0.0,0.0,0.0,0,0,100,24641.81893453545,24641.81893453545,24884.81893453545,32984.0,32984.0,33254.0,-8369.181065464549,781.4897382945487
2024-10-28,1790.8189345354513,0,900,900,0.0,0.0,0.0,0.0,0,0,100,24569.81893453545,24569.81893453545,24524.81893453545,32904.0,32904.0,32854.0,-8329.181065464549,741.4693380945487
2024-10-29,1790.8189345354513,0,900,900,0.0,0.0,0.0,0.0,0,0,100,24470.81893453545,24470.81893453545,24335.81893453545,32794.0,32794.0,32644.0,-8308.181065464549,720.4586279895489
2024-10-30,1790.8189345354513,0,900,900,0.0,0.0,0.0,0.0,0,0,100,24200.81893453545,24200.81893453545,24146.81893453545,32494.0,32494.0,32434.0,-8287.181065464549,699.4479178845486
2024-10-31,1790.8189345354513,0,900,900,0.0,0.0,0.0,0.0,0,0,100,23840.81893453545,23840.81893453545,23615.81893453545,32094.0,32094.0,31844.0,-8228.181065464549,640.4178275895488
2024-11-01,1790.8189345354513,0,900,900,0.0,0.0,0.0,0.0,0,0,100,23255.81893453545,23255.81893453545,23102.81893453545,31444.0,31444.0,31274.0,-8171.181065464549,583.3887573045486
2024-11-04,1790.8189345354513,0,900,900,0.0,0.0,0.0,0.0,0,0,100,23192.81893453545,23192.81893453545,23687.81893453545,31374.0,31374.0,31924.0,-8236.181065464549,648.4219076295485
2024-11-05,1790.8189345354513,0,900,900,0.0,0.0,0.0,0.0,0,0,100,23696.81893453545,23696.81893453545,24065.81893453545,31934.0,31934.0,32344.0,-8278.181065464549,690.4433278395486
2024-11-06,1790.8189345354513,0,900,900,0.0,0.0,0.0,0.0,0,0,100,24290.81893453545,24290.81893453545,23552.81893453545,32594.0,32594.0,31774.0,-8221.181065464549,633.4142575545484
2024-11-07,1790.8189345354513,0,900,900,0.0,0.0,0.0,0.0,0,0,100,23354.81893453545,23354.81893453545,23966.81893453545,31554.0,31554.0,32234.0,-8267.181065464549,679.4377177845486
2024-11-08,1790.8189345354513,0,900,900,0.0,0.0,0.0,0.0,0,0,100,24200.81893453545,24200.81893453545,25172.81893453545,32494.0,32494.0,33574.0,-8401.181065464549,813.5060584545486
2024-11-11,1790.8189345354513,0,900,900,0.0,0.0,0.0,0.0,0,0,100,24560.81893453545,24560.81893453545,26099.81893453545,32894.0,32894.0,34604.0,-8504.181065464549,916.558588969549
2024-11-12,1790.8189345354513,0,900,900,0.0,0.0,0.0,0.0,0,0,100,26099.81893453545,26099.81893453545,24938.81893453545,34604.0,34604.0,33314.0,-8375.181065464549,787.4927983245489
2024-11-13,1790.8189345354513,0,900,900,0.0,0.0,0.0,0.0,0,0,100,24713.81893453545,24713.81893453545,25613.81893453545,33064.0,33064.0,34064.0,-8450.181065464549,862.5310486995486
2024-11-14,1790.8189345354513,0,900,900,0.0,0.0,0.0,0.0,0,0,100,25712.81893453545,25712.81893453545,24173.81893453545,34174.0,34174.0,32464.0,-8290.181065464549,702.4494478995489
2024-11-15,1790.8189345354513,0,900,900,0.0,0.0,0.0,0.0,0,0,100,24110.81893453545,24110.81893453545,23318.81893453545,32394.0,32394.0,31514.0,-8195.181065464549,607.4009974245487
2024-11-18,1790.8189345354513,0,900,900,0.0,0.0,0.0,0.0,0,0,100,23318.81893453545,23318.81893453545,22706.81893453545,31514.0,31514.0,30834.0,-8127.181065464549,539.3663170845484
2024-11-19,1790.8189345354513,0,900,900,0.0,0.0,0.0,0.0,0,0,100,22895.81893453545,22895.81893453545,23138.81893453545,31044.0,31044.0,31314.0,-8175.181065464549,587.3907973245487
2024-11-20,1790.8189345354513,0,900,900,0.0,0.0,0.0,0.0,0,0,100,23120.81893453545,23120.81893453545,23390.81893453545,31294.0,31294.0,31594.0,-8203.181065464549,615.4050774645484
2024-11-21,1790.8189345354513,0,900,900,0.0,0.0,0.0,0.0,0,0,100,23030.81893453545,23030.81893453545,22877.81893453545,31194.0,31194.0,31024.0,-8146.181065464549,558.3760071795487
2024-11-22,1790.8189345354513,0,900,900,0.0,0.0,0.0,0.0,0,0,100,22931.81893453545,22931.81893453545,22346.81893453545,31084.0,31084.0,30434.0,-8087.181065464549,499.3459168845484
2024-11-25,1790.8189345354513,0,900,900,0.0,0.0,0.0,0.0,0,0,100,22346.81893453545,22346.81893453545,21689.81893453545,30434.0,30434.0,29704.0,-8014.181065464549,426.30868651954825
2024-11-26,1790.8189345354513,0,900,900,0.0,0.0,0.0,0.0,0,0,100,21491.81893453545,21491.81893453545,21671.81893453545,29484.0,29484.0,29684.0,-8012.181065464549,424.30766650954865
2024-11-27,1790.8189345354513,0,900,900,0.0,0.0,0.0,0.0,0,0,100,21518.81893453545,21518.81893453545,21878.81893453545,29514.0,29514.0,29914.0,-8035.181065464549,447.3193966245485
2024-11-28,1790.8189345354513,0,900,900,0.0,0.0,0.0,0.0,0,0,100,21878.81893453545,21878.81893453545,21455.81893453545,29914.0,29914.0,29444.0,-7988.181065464549,400.29542638954854
2024-11-29,1790.8189345354513,0,900,900,0.0,0.0,0.0,0.0,0,0,100,21455.81893453545,21455.81893453545,21761.81893453545,29444.0,29444.0,29784.0,-8022.181065464549,434.3127665595489
2024-12-02,1790.8189345354513,0,900,900,0.0,0.0,0.0,0.0,0,0,100,21653.81893453545,21653.81893453545,22094.81893453545,29664.0,29664.0,30154.0,-8059.181065464549,471.33163674454863
2024-12-03,1790.8189345354513,0,900,900,0.0,0.0,0.0,0.0,0,0,100,22202.81893453545,22202.81893453545,21806.81893453545,30274.0,30274.0,29834.0,-8027.181065464549,439.3153165845488
2024-12-04,1790.8189345354513,0,900,900,0.0,0.0,0.0,0.0,0,0,100,21815.81893453545,21815.81893453545,21482.81893453545,29844.0,29844.0,29474.0,-7991.181065464549,403.29695640454884
2024-12-05,1790.8189345354513,0,900,900,0.0,0.0,0.0,0.0,0,0,100,21518.81893453545,21518.81893453545,22076.81893453545,29514.0,29514.0,30134.0,-8057.181065464549,469.3306167345486
2024-12-06,1790.8189345354513,0,900,900,0.0,0.0,0.0,0.0,0,0,100,22076.81893453545,22076.81893453545,22130.81893453545,30134.0,30134.0,30194.0,-8063.181065464549,475.3336767645483
2024-12-09,1790.8189345354513,0,900,900,0.0,0.0,0.0,0.0,0,0,100,22148.81893453545,22148.81893453545,21707.81893453545,30214.0,30214.0,29724.0,-8016.181065464549,428.30970652954875
2024-12-10,1790.8189345354513,0,900,900,0.0,0.0,0.0,0.0,0,0,100,22139.81893453545,22139.81893453545,21716.81893453545,30204.0,30204.0,29734.0,-8017.181065464549,429.31021653454854
2024-12-11,1790.8189345354513,0,900,900,0.0,0.0,0.0,0.0,0,0,100,21680.81893453545,21680.81893453545,21887.81893453545,29694.0,29694.0,29924.0,-8036.181065464549,448.31990662954877
2024-12-12,1790.8189345354513,0,900,900,0.0,0.0,0.0,0.0,0,0,100,21923.81893453545,21923.81893453545,21896.81893453545,29964.0,29964.0,29934.0,-8037.181065464549,449.32041663454856
2024-12-13,1790.8189345354513,0,900,900,0.0,0.0,0.0,0.0,0,0,100,21743.81893453545,21743.81893453545,21005.81893453545,29764.0,29764.0,28944.0,-7938.181065464549,350.2699261395487
2024-12-16,1790.8189345354513,0,900,900,0.0,0.0,0.0,0.0,0,0,100,20870.81893453545,20870.81893453545,20744.81893453545,28794.0,28794.0,28654.0,-7909.181065464549,321.2551359945487
2024-12-17,1790.8189345354513,0,900,900,0.0,0.0,0.0,0.0,0,0,100,20681.81893453545,20681.81893453545,21230.81893453545,28584.0,28584.0,29194.0,-7963.181065464549,375.2826762645486
2024-12-18,1790.8189345354513,0,900,900,0.0,0.0,0.0,0.0,0,0,100,21248.81893453545,21248.81893453545,21059.81893453545,29214.0,29214.0,29004.0,-7944.181065464549,356.2729861695484
2024-12-19,1790.8189345354513,0,900,900,0.0,0.0,0.0,0.0,0,0,100,20870.81893453545,20870.81893453545,21761.81893453545,28794.0,28794.0,29784.0,-8022.181065464549,434.3127665595489
2024-12-20,1790.8189345354513,0,900,900,0.0,0.0,0.0,0.0,0,0,100,21617.81893453545,21617.81893453545,21608.81893453545,29624.0,29624.0,29614.0,-8005.181065464549,417.30409647454826
2024-12-23,1790.8189345354513,0,900,900,0.0,0.0,0.0,0.0,0,0,100,21797.81893453545,21797.81893453545,21635.81893453545,29824.0,29824.0,29644.0,-8008.181065464549,420.30562648954856
2024-12-24,1790.8189345354513,0,900,900,0.0,0.0,0.0,0.0,0,0,100,21689.81893453545,21689.81893453545,22490.81893453545,29704.0,29704.0,30594.0,-8103.181065464549,515.3540769645488
2024-12-25,1790.8189345354513,0,900,900,0.0,0.0,0.0,0.0,0,0,100,22517.81893453545,22517.81893453545,22238.81893453545,30624.0,30624.0,30314.0,-8075.181065464549,487.33979682454856
2024-12-26,1790.8189345354513,0,900,900,0.0,0.0,0.0,0.0,0,0,100,22166.81893453545,22166.81893453545,22787.81893453545,30234.0,30234.0,30924.0,-8136.181065464549,548.3709071295484
2024-12-27,1790.8189345354513,0,900,900,0.0,0.0,0.0,0.0,0,0,100,22634.81893453545,22634.81893453545,22139.81893453545,30754.0,30754.0,30204.0,-8064.181065464549,476.3341867695485
2024-12-30,1790.8189345354513,0,900,900,0.0,0.0,0.0,0.0,0,0,100,22085.81893453545,22085.81893453545,21995.81893453545,30144.0,30144.0,30044.0,-8048.181065464549,460.3260266895486
2024-12-31,1790.8189345354513,0,900,900,0.0,0.0,0.0,0.0,0,0,100,22004.81893453545,22004.81893453545,21140.81893453545,30054.0,30054.0,29094.0,-7953.181065464549,365.2775762145484
2025-01-02,1790.8189345354513,0,900,900,0.0,0.0,0.0,0.0,0,0,100,21050.81893453545,21050.81893453545,20429.81893453545,28994.0,28994.0,28304.0,-7874.181065464549,286.23728581954856
2025-01-03,1790.8189345354513,0,900,900,0.0,0.0,0.0,0.0,0,0,100,20366.81893453545,20366.81893453545,20285.81893453545,28234.0,28234.0,28144.0,-7858.181065464549,270.22912573954864
2025-01-06,1790.8189345354513,0,900,900,0.0,0.0,0.0,0.0,0,0,100,20501.81893453545,20501.81893453545,20393.81893453545,28384.0,28384.0,28264.0,-7870.181065464549,282.2352457995489
2025-01-07,1790.8189345354513,0,900,900,0.0,0.0,0.0,0.0,0,0,100,20519.81893453545,20519.81893453545,20915.81893453545,28404.0,28404.0,28844.0,-7928.181065464549,340.26482608954893
2025-01-08,1790.8189345354513,0,900,900,0.0,0.0,0.0,0.0,0,0,100,20600.81893453545,20600.81893453545,20357.81893453545,28494.0,28494.0,28224.0,-7866.181065464549,278.2332057795488
2025-01-09,1790.8189345354513,0,900,900,0.0,0.0,0.0,0.0,0,0,100,20348.81893453545,20348.81893453545,20276.81893453545,28214.0,28214.0,28134.0,-7857.181065464549,269.22861573454884
2025-01-10,1790.8189345354513,0,900,900,0.0,0.0,0.0,0.0,0,0,100,20231.81893453545,20231.81893453545,19565.81893453545,28084.0,28084.0,27344.0,-7778.181065464549,190.18832533954878
2025-01-13,1790.8189345354513,0,900,900,0.0,0.0,0.0,0.0,0,0,100,19322.81893453545,19322.81893453545,19538.81893453545,27074.0,27074.0,27314.0,-7775.181065464549,187.1867953245487
2025-01-14,1790.8189345354513,0,900,900,0.0,0.0,0.0,0.0,0,0,100,19565.81893453545,19565.81893453545,20303.81893453545,27344.0,27344.0,28164.0,-7860.181065464549,272.2301457495487
2025-01-15,1790.8189345354513,0,900,900,0.0,0.0,0.0,0.0,0,0,100,20240.81893453545,20240.81893453545,19916.81893453545,28094.0,28094.0,27734.0,-7817.181065464549,229.20821553454857
2025-01-16,1790.8189345354513,0,900,900,0.0,0.0,0.0,0.0,0,0,100,20105.81893453545,20105.81893453545,20546.81893453545,27944.0,27944.0,28434.0,-7887.181065464549,299.24391588454864
2025-01-17,1790.8189345354513,0,900,900,0.0,0.0,0.0,0.0,0,0,100,20402.81893453545,20402.81893453545,20384.81893453545,28274.0,28274.0,28254.0,-7869.181065464549,281.23473579454867
2025-01-20,1790.8189345354513,0,900,900,0.0,0.0,0.0,0.0,0,0,100,20609.81893453545,20609.81893453545,20483.81893453545,28504.0,28504.0,28364.0,-7880.181065464549,292.2403458495487
2025-01-21,1790.8189345354513,0,900,900,0.0,0.0,0.0,0.0,0,0,100,20654.81893453545,20654.81893453545,20879.81893453545,28554.0,28554.0,28804.0,-7924.181065464549,336.26278606954884
2025-01-22,1790.8189345354513,0,900,900,0.0,0.0,0.0,0.0,0,0,100,21068.81893453545,21068.81893453545,22787.81893453545,29014.0,29014.0,30924.0,-8136.181065464549,548.3709071295484
2025-01-23,1790.8189345354513,0,900,900,0.0,0.0,0.0,0.0,0,0,100,23219.81893453545,23219.81893453545,22490.81893453545,31404.0,31404.0,30594.0,-8103.181065464549,515.3540769645488
2025-01-24,1790.8189345354513,0,900,900,0.0,0.0,0.0,0.0,0,0,100,22229.81893453545,22229.81893453545,22805.81893453545,30304.0,30304.0,30944.0,-8138.181065464549,550.3719271395489
2025-01-27,1790.8189345354513,0,900,900,0.0,0.0,0.0,0.0,0,0,100,22085.81893453545,22085.81893453545,21095.81893453545,30144.0,30144.0,29044.0,-7948.181065464549,360.2750261895485
2025-02-05,1790.8189345354513,0,900,900,0.0,0.0,0.0,0.0,0,0,100,20294.81893453545,20294.81893453545,19790.81893453545,28154.0,28154.0,27594.0,-7803.181065464549,215.2010754645487
2025-02-06,1790.8189345354513,0,900,900,0.0,0.0,0.0,0.0,0,0,100,20069.81893453545,20069.81893453545,20222.81893453545,27904.0,27904.0,28074.0,-7851.181065464549,263.2255557045487
2025-02-07,1790.8189345354513,0,900,900,0.0,0.0,0.0,0.0,0,0,100,20393.81893453545,20393.81893453545,21185.81893453545,28264.0,28264.0,29144.0,-7958.181065464549,370.28012623954874
2025-02-10,1790.8189345354513,0,900,900,0.0,0.0,0.0,0.0,0,0,100,21284.81893453545,21284.81893453545,21338.81893453545,29254.0,29254.0,29314.0,-7975.181065464549,387.28879632454846
2025-02-11,1790.8189345354513,0,900,900,0.0,0.0,0.0,0.0,0,0,100,21410.81893453545,21410.81893453545,21383.81893453545,29394.0,29394.0,29364.0,-7980.181065464549,392.2913463495488
2025-02-12,1790.8189345354513,0,900,900,0.0,0.0,0.0,0.0,0,0,100,21338.81893453545,21338.81893453545,21725.81893453545,29314.0,29314.0,29744.0,-8018.181065464549,430.3107265395488
2025-02-13,1790.8189345354513,0,900,900,0.0,0.0,0.0,0.0,0,0,100,21635.81893453545,21635.81893453545,21401.81893453545,29644.0,29644.0,29384.0,-7982.181065464549,394.29236635954885
2025-02-14,1790.8189345354513,0,900,900,0.0,0.0,0.0,0.0,0,0,100,21419.81893453545,21419.81893453545,21680.81893453545,29404.0,29404.0,29694.0,-8013.181065464549,425.3081765145489
2025-02-17,1790.8189345354513,0,900,900,0.0,0.0,0.0,0.0,0,0,100,22004.81893453545,22004.81893453545,22400.81893453545,30054.0,30054.0,30494.0,-8093.181065464549,505.34897691454853
2025-02-18,1790.8189345354513,0,900,900,0.0,0.0,0.0,0.0,0,0,100,22400.81893453545,22400.81893453545,22202.81893453545,30494.0,30494.0,30274.0,-8071.181065464549,483.3377568045489
2025-02-19,1790.8189345354513,0,900,900,0.0,0.0,0.0,0.0,0,0,100,22130.81893453545,22130.81893453545,22706.81893453545,30194.0,30194.0,30834.0,-8127.181065464549,539.3663170845484
2025-02-20,1790.8189345354513,0,900,900,0.0,0.0,0.0,0.0,0,0,100,22535.81893453545,22535.81893453545,22148.81893453545,30644.0,30644.0,30214.0,-8065.181065464549,477.3346967745488
2025-02-21,1790.8189345354513,0,900,900,0.0,0.0,0.0,0.0,0,0,100,22373.81893453545,22373.81893453545,22670.81893453545,30464.0,30464.0,30794.0,-8123.181065464549,535.3642770645488
2025-02-24,1790.8189345354513,0,900,900,0.0,0.0,0.0,0.0,0,0,100,22832.81893453545,22832.81893453545,22679.81893453545,30974.0,30974.0,30804.0,-8124.181065464549,536.3647870695486
2025-02-25,1790.8189345354513,0,900,900,0.0,0.0,0.0,0.0,0,0,100,22310.81893453545,22310.81893453545,22562.81893453545,30394.0,30394.0,30674.0,-8111.181065464549,523.358157004549
2025-02-26,1790.8189345354513,0,900,900,0.0,0.0,0.0,0.0,0,0,100,22481.81893453545,22481.81893453545,22283.81893453545,30584.0,30584.0,30364.0,-8080.181065464549,492.3423468495489
2025-02-27,1790.8189345354513,0,900,900,0.0,0.0,0.0,0.0,0,0,100,22400.81893453545,22400.81893453545,21554.81893453545,30494.0,30494.0,29554.0,-7999.181065464549,411.3010364445486
2025-02-28,1790.8189345354513,0,900,900,0.0,0.0,0.0,0.0,0,0,100,20780.81893453545,20780.81893453545,20861.81893453545,28694.0,28694.0,28784.0,-7922.181065464549,334.2617660595488
2025-03-03,1790.8189345354513,0,900,900,0.0,0.0,0.0,0.0,0,0,100,21023.81893453545,21023.81893453545,20753.81893453545,28964.0,28964.0,28664.0,-7910.181065464549,322.2556459995485
2025-03-04,1790.8189345354513,0,900,900,0.0,0.0,0.0,0.0,0,0,100,20141.81893453545,20141.81893453545,20726.81893453545,27984.0,27984.0,28634.0,-7907.181065464549,319.2541159845482
2025-03-05,1790.8189345354513,0,900,900,0.0,0.0,0.0,0.0,0,0,100,20726.81893453545,20726.81893453545,20726.81893453545,28634.0,28634.0,28634.0,-7907.181065464549,319.2541159845482
2025-03-06,1790.8189345354513,0,900,900,0.0,0.0,0.0,0.0,0,0,100,20870.81893453545,20870.81893453545,20978.81893453545,28794.0,28794.0,28914.0,-7935.181065464549,347.2683961245484
2025-03-07,1790.8189345354513,0,900,900,0.0,0.0,0.0,0.0,0,0,100,20807.81893453545,20807.81893453545,20573.81893453545,28724.0,28724.0,28464.0,-7890.181065464549,302.2454458995485
2025-03-10,1790.8189345354513,0,900,900,0.0,0.0,0.0,0.0,0,0,100,20627.81893453545,20627.81893453545,20717.81893453545,28524.0,28524.0,28624.0,-7906.181065464549,318.25360597954887
2025-03-11,1790.8189345354513,0,900,900,0.0,0.0,0.0,0.0,0,0,100,20339.81893453545,20339.81893453545,20528.81893453545,28204.0,28204.0,28414.0,-7885.181065464549,297.2428958745486
2025-03-12,1790.8189345354513,0,900,900,0.0,0.0,0.0,0.0,0,0,100,20618.81893453545,20618.81893453545,20609.81893453545,28514.0,28514.0,28504.0,-7894.181065464549,306.2474859195486
2025-03-13,1790.8189345354513,0,900,900,0.0,0.0,0.0,0.0,0,0,100,20717.81893453545,20717.81893453545,20393.81893453545,28624.0,28624.0,28264.0,-7870.181065464549,282.2352457995489
2025-03-14,1790.8189345354513,0,900,900,0.0,0.0,0.0,0.0,0,0,100,20519.81893453545,20519.81893453545,20924.81893453545,28404.0,28404.0,28854.0,-7929.181065464549,341.26533609454873
2025-03-17,1790.8189345354513,0,900,900,0.0,0.0,0.0,0.0,0,0,100,21230.81893453545,21230.81893453545,21158.81893453545,29194.0,29194.0,29114.0,-7955.181065464549,367.2785962245489
2025-03-18,1790.8189345354513,0,900,900,0.0,0.0,0.0,0.0,0,0,100,21122.81893453545,21122.81893453545,21176.81893453545,29074.0,29074.0,29134.0,-7957.181065464549,369.2796162345485
2025-03-19,1790.8189345354513,0,900,900,0.0,0.0,0.0,0.0,0,0,100,21050.81893453545,21050.81893453545,20708.81893453545,28994.0,28994.0,28614.0,-7905.181065464549,317.2530959745486
2025-03-20,1790.8189345354513,0,900,900,0.0,0.0,0.0,0.0,0,0,100,20789.81893453545,20789.81893453545,20555.81893453545,28704.0,28704.0,28444.0,-7888.181065464549,300.2444258895489
2025-03-21,1790.8189345354513,0,900,900,0.0,0.0,0.0,0.0,0,0,100,20492.81893453545,20492.81893453545,20357.81893453545,28374.0,28374.0,28224.0,-7866.181065464549,278.2332057795488
2025-03-24,1790.8189345354513,0,900,900,0.0,0.0,0.0,0.0,0,0,100,20411.81893453545,20411.81893453545,20546.81893453545,28284.0,28284.0,28434.0,-7887.181065464549,299.24391588454864
2025-03-25,1790.8189345354513,0,900,900,0.0,0.0,0.0,0.0,0,0,100,20501.81893453545,20501.81893453545,20249.81893453545,28384.0,28384.0,28104.0,-7854.181065464549,266.22708571954854
2025-03-26,1790.8189345354513,0,900,900,0.0,0.0,0.0,0.0,0,0,100,20177.81893453545,20177.81893453545,20132.81893453545,28024.0,28024.0,27974.0,-7841.181065464549,253.22045565454846
2025-03-27,1790.8189345354513,0,900,900,0.0,0.0,0.0,0.0,0,0,100,19979.81893453545,19979.81893453545,19988.81893453545,27804.0,27804.0,27814.0,-7825.181065464549,237.21229557454876
2025-03-28,1790.8189345354513,0,900,900,0.0,0.0,0.0,0.0,0,0,100,19970.81893453545,19970.81893453545,19772.81893453545,27794.0,27794.0,27574.0,-7801.181065464549,213.20005545454865
2025-03-31,1790.8189345354513,0,900,900,0.0,0.0,0.0,0.0,0,0,100,19610.81893453545,19610.81893453545,19664.81893453545,27394.0,27394.0,27454.0,-7789.181065464549,201.1939353945486
2025-04-01,1790.8189345354513,0,900,900,0.0,0.0,0.0,0.0,0,0,100,19745.81893453545,19745.81893453545,19808.81893453545,27544.0,27544.0,27614.0,-7805.181065464549,217.20209547454874
2025-04-02,1790.8189345354513,0,900,900,0.0,0.0,0.0,0.0,0,0,100,19745.81893453545,19745.81893453545,19790.81893453545,27544.0,27544.0,27594.0,-7803.181065464549,215.2010754645487
2025-04-03,1790.8189345354513,0,900,900,0.0,0.0,0.0,0.0,0,0,100,19475.81893453545,19475.81893453545,18935.81893453545,27244.0,27244.0,26644.0,-7708.181065464549,120.15262498954871
2025-04-07,69.9442759604517,0,1000,1000,0.0,5.017158575,0.0,0.0,100,0,0,17225.818934535448,17219.94427596045,17219.94427596045,24744.0,24744.0,24744.0,-7524.05572403955,0.0
2025-04-08,69.9442759604517,0,1000,1000,0.0,0.0,0.0,0.0,0,0,0,16359.944275960452,16359.944275960452,15509.944275960452,23884.0,23884.0,23034.0,-7524.055724039548,0.0
2025-04-09,16378.45514011045,0,0,0,0.0,13.32413585,0.0,0.0,0,1000,0,14649.944275960452,14649.944275960452,16378.45514011045,22174.0,22174.0,23924.0,-7545.544859889549,0.0
2025-04-10,381.3032201904498,0,900,900,0.0,5.15991992,0.0,0.0,900,0,100,16378.45514011045,16365.303220190452,16545.30322019045,25494.0,25354.0,25554.0,-9008.69677980955,1420.61274878955
2025-04-11,381.3032201904498,0,900,900,0.0,0.0,0.0,0.0,0,0,100,16266.303220190448,16266.303220190448,16401.30322019045,25244.0,25244.0,25394.0,-8992.69677980955,1404.6045887095502
2025-04-14,381.3032201904498,0,900,900,0.0,0.0,0.0,0.0,0,0,100,16941.30322019045,16941.30322019045,16509.30322019045,25994.0,25994.0,25514.0,-9004.69677980955,1416.6107087695505
2025-04-15,381.3032201904498,0,900,900,0.0,0.0,0.0,0.0,0,0,100,16509.30322019045,16509.30322019045,16671.30322019045,25514.0,25514.0,25694.0,-9022.69677980955,1434.6198888595504
2025-04-16,381.3032201904498,0,900,900,0.0,0.0,0.0,0.0,0,0,100,16581.30322019045,16581.30322019045,16131.30322019045,25594.0,25594.0,25094.0,-8962.69677980955,1374.5892885595501
2025-04-17,381.3032201904498,0,900,900,0.0,0.0,0.0,0.0,0,0,100,15879.303220190448,15879.303220190448,16041.303220190448,24814.0,24814.0,24994.0,-8952.696779809552,1364.58418850955
2025-04-18,381.3032201904498,0,900,900,0.0,0.0,0.0,0.0,0,0,100,16041.303220190448,16041.303220190448,16185.303220190448,24994.0,24994.0,25154.0,-8968.696779809552,1380.5923485895498
2025-04-21,381.3032201904498,0,900,900,0.0,0.0,0.0,0.0,0,0,100,16176.30322019045,16176.30322019045,16410.30322019045,25144.0,25144.0,25404.0,-8993.69677980955,1405.60509871455
2025-04-22,381.3032201904498,0,900,900,0.0,0.0,0.0,0.0,0,0,100,16311.30322019045,16311.30322019045,16383.303220190452,25294.0,25294.0,25374.0,-8990.696779809548,1402.6035686995501
2025-04-23,381.3032201904498,0,900,900,0.0,0.0,0.0,0.0,0,0,100,16752.30322019045,16752.30322019045,16797.30322019045,25784.0,25784.0,25834.0,-9036.69677980955,1448.6270289295499
2025-04-24,381.3032201904498,0,900,900,0.0,0.0,0.0,0.0,0,0,100,16815.30322019045,16815.30322019045,16509.30322019045,25854.0,25854.0,25514.0,-9004.69677980955,1416.6107087695505
2025-04-25,381.3032201904498,0,900,900,0.0,0.0,0.0,0.0,0,0,100,16662.30322019045,16662.30322019045,16797.30322019045,25684.0,25684.0,25834.0,-9036.69677980955,1448.6270289295499
2025-04-28,381.3032201904498,0,900,900,0.0,0.0,0.0,0.0,0,0,100,16815.30322019045,16815.30322019045,16581.30322019045,25854.0,25854.0,25594.0,-9012.69677980955,1424.61478880955
2025-04-29,381.3032201904498,0,900,900,0.0,0.0,0.0,0.0,0,0,100,16572.30322019045,16572.30322019045,16662.30322019045,25584.0,25584.0,25684.0,-9021.69677980955,1433.6193788545502
2025-04-30,381.3032201904498,0,900,900,0.0,0.0,0.0,0.0,0,0,100,16806.30322019045,16806.30322019045,16635.30322019045,25844.0,25844.0,25654.0,-9018.69677980955,1430.6178488395499
2025-05-06,381.3032201904498,0,900,900,0.0,0.0,0.0,0.0,0,0,100,16851.30322019045,16851.30322019045,17310.30322019045,25894.0,25894.0,26404.0,-9093.69677980955,1505.6560992145498
2025-05-07,381.3032201904498,0,900,900,0.0,0.0,0.0,0.0,0,0,100,17562.30322019045,17562.30322019045,17148.30322019045,26684.0,26684.0,26224.0,-9075.69677980955,1487.64691912455
2025-05-08,381.3032201904498,0,900,900,0.0,0.0,0.0,0.0,0,0,100,17211.30322019045,17211.30322019045,17508.30322019045,26294.0,26294.0,26624.0,-9115.69677980955,1527.6673193245501
2025-05-09,381.3032201904498,0,900,900,0.0,0.0,0.0,0.0,0,0,100,17400.30322019045,17400.30322019045,17202.30322019045,26504.0,26504.0,26284.0,-9081.69677980955,1493.6499791545502
2025-05-12,381.3032201904498,0,900,900,0.0,0.0,0.0,0.0,0,0,100,17580.30322019045,17580.30322019045,17724.30322019045,26704.0,26704.0,26864.0,-9139.69677980955,1551.67955944455
2025-05-13,381.3032201904498,0,900,900,0.0,0.0,0.0,0.0,0,0,100,18201.30322019045,18201.30322019045,17562.30322019045,27394.0,27394.0,26684.0,-9121.69677980955,1533.67037935455
2025-05-14,381.3032201904498,0,900,900,0.0,0.0,0.0,0.0,0,0,100,17913.30322019045,17913.30322019045,17976.30322019045,27074.0,27074.0,27144.0,-9167.69677980955,1579.6938395845502
2025-05-15,381.3032201904498,0,900,900,0.0,0.0,0.0,0.0,0,0,100,17985.30322019045,17985.30322019045,17571.30322019045,27154.0,27154.0,26694.0,-9122.69677980955,1534.6708893595503
2025-05-16,381.3032201904498,0,900,900,0.0,0.0,0.0,0.0,0,0,100,17481.30322019045,17481.30322019045,17679.30322019045,26594.0,26594.0,26814.0,-9134.69677980955,1546.67700941955
2025-05-19,381.3032201904498,0,900,900,0.0,0.0,0.0,0.0,0,0,100,17535.30322019045,17535.30322019045,17526.30322019045,26654.0,26654.0,26644.0,-9117.69677980955,1529.6683393345502
2025-05-20,381.3032201904498,0,900,900,0.0,0.0,0.0,0.0,0,0,100,17526.30322019045,17526.30322019045,17535.30322019045,26644.0,26644.0,26654.0,-9118.69677980955,1530.66884933955
2025-05-21,381.3032201904498,0,900,900,0.0,0.0,0.0,0.0,0,0,100,17535.30322019045,17535.30322019045,17454.30322019045,26654.0,26654.0,26564.0,-9109.69677980955,1521.6642592945502
2025-05-22,381.3032201904498,0,900,900,0.0,0.0,0.0,0.0,0,0,100,17373.30322019045,17373.30322019045,17526.30322019045,26474.0,26474.0,26644.0,-9117.69677980955,1529.6683393345502
2025-05-23,381.3032201904498,0,900,900,0.0,0.0,0.0,0.0,0,0,100,17553.30322019045,17553.30322019045,17292.30322019045,26674.0,26674.0,26384.0,-9091.69677980955,1503.6550792045502
2025-05-26,381.3032201904498,0,900,900,0.0,0.0,0.0,0.0,0,0,100,17337.30322019045,17337.30322019045,17265.30322019045,26434.0,26434.0,26354.0,-9088.69677980955,1500.6535491895504
2025-05-27,381.3032201904498,0,900,900,0.0,0.0,0.0,0.0,0,0,100,17265.30322019045,17265.30322019045,17004.30322019045,26354.0,26354.0,26064.0,-9059.69677980955,1471.6387590445502
2025-05-28,381.3032201904498,0,900,900,0.0,0.0,0.0,0.0,0,0,100,17031.30322019045,17031.30322019045,17103.30322019045,26094.0,26094.0,26174.0,-9070.69677980955,1482.6443690995497
2025-05-29,381.3032201904498,0,900,900,0.0,0.0,0.0,0.0,0,0,100,17310.30322019045,17310.30322019045,18111.30322019045,26404.0,26404.0,27294.0,-9182.69677980955,1594.7014896595501
2025-05-30,381.3032201904498,0,900,900,0.0,0.0,0.0,0.0,0,0,100,17769.30322019045,17769.30322019045,17418.30322019045,26914.0,26914.0,26524.0,-9105.69677980955,1517.66221927455
2025-06-03,381.3032201904498,0,900,900,0.0,0.0,0.0,0.0,0,0,100,17319.30322019045,17319.30322019045,17292.30322019045,26414.0,26414.0,26384.0,-9091.69677980955,1503.6550792045502
2025-06-04,381.3032201904498,0,900,900,0.0,0.0,0.0,0.0,0,0,100,17436.30322019045,17436.30322019045,17868.30322019045,26544.0,26544.0,27024.0,-9155.69677980955,1567.6877195245502
2025-06-05,381.3032201904498,0,900,900,0.0,0.0,0.0,0.0,0,0,100,17823.30322019045,17823.30322019045,18885.30322019045,26974.0,26974.0,28154.0,-9268.69677980955,1680.74535008955
2025-06-06,381.3032201904498,0,900,900,0.0,0.0,0.0,0.0,0,0,100,18831.30322019045,18831.30322019045,18660.30322019045,28094.0,28094.0,27904.0,-9243.69677980955,1655.73259996455
2025-06-09,381.3032201904498,0,900,900,0.0,0.0,0.0,0.0,0,0,100,18849.30322019045,18849.30322019045,18768.30322019045,28114.0,28114.0,28024.0,-9255.69677980955,1667.7387200245498
2025-06-10,381.3032201904498,0,900,900,0.0,0.0,0.0,0.0,0,0,100,18786.30322019045,18786.30322019045,18525.30322019045,28044.0,28044.0,27754.0,-9228.69677980955,1640.72494988955
2025-06-11,381.3032201904498,0,900,900,0.0,0.0,0.0,0.0,0,0,100,18606.30322019045,18606.30322019045,18741.30322019045,27844.0,27844.0,27994.0,-9252.69677980955,1664.73719000955
2025-06-12,381.3032201904498,0,900,900,0.0,0.0,0.0,0.0,0,0,100,18606.30322019045,18606.30322019045,18975.30322019045,27844.0,27844.0,28254.0,-9278.69677980955,1690.7504501395501
2025-06-13,381.3032201904498,0,900,900,0.0,0.0,0.0,0.0,0,0,100,18921.30322019045,18921.30322019045,19191.30322019045,28194.0,28194.0,28494.0,-9302.69677980955,1714.7626902595503
2025-06-16,381.3032201904498,0,900,900,0.0,0.0,0.0,0.0,0,0,100,19146.30322019045,19146.30322019045,19479.30322019045,28444.0,28444.0,28814.0,-9334.69677980955,1746.77901041955
2025-06-17,381.3032201904498,0,900,900,0.0,0.0,0.0,0.0,0,0,100,19560.30322019045,19560.30322019045,18921.30322019045,28904.0,28904.0,28194.0,-9272.69677980955,1684.74739010955
2025-06-18,381.3032201904498,0,900,900,0.0,0.0,0.0,0.0,0,0,100,18966.30322019045,18966.30322019045,19425.30322019045,28244.0,28244.0,28754.0,-9328.69677980955,1740.7759503895504
2025-06-19,381.3032201904498,0,900,900,0.0,0.0,0.0,0.0,0,0,100,19371.30322019045,19371.30322019045,19110.30322019045,28694.0,28694.0,28404.0,-9293.69677980955,1705.7581002145503
2025-06-20,381.3032201904498,0,900,900,0.0,0.0,0.0,0.0,0,0,100,19200.30322019045,19200.30322019045,18912.30322019045,28504.0,28504.0,28184.0,-9271.69677980955,1683.7468801045502
2025-06-23,381.3032201904498,0,900,900,0.0,0.0,0.0,0.0,0,0,100,18768.30322019045,18768.30322019045,18561.30322019045,28024.0,28024.0,27794.0,-9232.69677980955,1644.7269899095502
2025-06-24,381.3032201904498,0,900,900,0.0,0.0,0.0,0.0,0,0,100,18750.30322019045,18750.30322019045,18642.30322019045,28004.0,28004.0,27884.0,-9241.69677980955,1653.7315799545502
2025-06-25,381.3032201904498,0,900,900,0.0,0.0,0.0,0.0,0,0,100,18822.30322019045,18822.30322019045,19263.30322019045,28084.0,28084.0,28574.0,-9310.69677980955,1722.76677029955
2025-06-26,381.3032201904498,0,900,900,0.0,0.0,0.0,0.0,0,0,100,19641.30322019045,19641.30322019045,19317.30322019045,28994.0,28994.0,28634.0,-9316.69677980955,1728.7698303295497
2025-06-27,381.3032201904498,0,900,900,0.0,0.0,0.0,0.0,0,0,100,19317.30322019045,19317.30322019045,19596.30322019045,28634.0,28634.0,28944.0,-9347.69677980955,1759.7856404845502
2025-06-30,381.3032201904498,0,900,900,0.0,0.0,0.0,0.0,0,0,100,19713.30322019045,19713.30322019045,19623.30322019045,29074.0,29074.0,28974.0,-9350.69677980955,1762.78717049955
2025-07-01,381.3032201904498,0,900,900,0.0,0.0,0.0,0.0,0,0,100,19515.30322019045,19515.30322019045,19641.30322019045,28854.0,28854.0,28994.0,-9352.69677980955,1764.78819050955
2025-07-02,381.3032201904498,0,900,900,0.0,0.0,0.0,0.0,0,0,100,19461.30322019045,19461.30322019045,19425.30322019045,28794.0,28794.0,28754.0,-9328.69677980955,1740.7759503895504
2025-07-03,381.3032201904498,0,900,900,0.0,0.0,0.0,0.0,0,0,100,19515.30322019045,19515.30322019045,21333.30322019045,28854.0,28854.0,30874.0,-9540.69677980955,1952.88407144955
2025-07-04,381.3032201904498,0,900,900,0.0,0.0,0.0,0.0,0,0,100,21360.30322019045,21360.30322019045,21810.30322019045,30904.0,30904.0,31404.0,-9593.69677980955,2005.91110171455
2025-07-07,381.3032201904498,0,900,900,0.0,0.0,0.0,0.0,0,0,100,21801.30322019045,21801.30322019045,21963.30322019045,31394.0,31394.0,31574.0,-9610.69677980955,2022.9197717995503
2025-07-08,381.3032201904498,0,900,900,0.0,0.0,0.0,0.0,0,0,100,22773.30322019045,22773.30322019045,24123.30322019045,32474.0,32474.0,33974.0,-9850.69677980955,2263.04217299955
2025-07-09,381.3032201904498,0,900,900,0.0,0.0,0.0,0.0,0,0,100,24681.30322019045,24681.30322019045,24321.30322019045,34594.0,34594.0,34194.0,-9872.69677980955,2285.05339310955
2025-07-10,381.3032201904498,0,900,900,0.0,0.0,0.0,0.0,0,0,100,24591.30322019045,24591.30322019045,23925.30322019045,34494.0,34494.0,33754.0,-9828.69677980955,2241.03095288955
2025-07-11,381.3032201904498,0,900,900,0.0,0.0,0.0,0.0,0,0,100,23871.30322019045,23871.30322019045,23781.30322019045,33694.0,33694.0,33594.0,-9812.69677980955,2225.02279280955
2025-07-14,381.3032201904498,0,900,900,0.0,0.0,0.0,0.0,0,0,100,23781.30322019045,23781.30322019045,23709.30322019045,33594.0,33594.0,33514.0,-9804.69677980955,2217.01871276955
2025-07-15,381.3032201904498,0,900,900,0.0,0.0,0.0,0.0,0,0,100,24051.30322019045,24051.30322019045,24906.30322019045,33894.0,33894.0,34844.0,-9937.69677980955,2350.08654343455
2025-07-16,381.3032201904498,0,900,900,0.0,0.0,0.0,0.0,0,0,100,24672.30322019045,24672.30322019045,24438.30322019045,34584.0,34584.0,34324.0,-9885.69677980955,2298.06002317455
2025-07-17,381.3032201904498,0,900,900,0.0,0.0,0.0,0.0,0,0,100,24348.30322019045,24348.30322019045,25131.30322019045,34224.0,34224.0,35094.0,-9962.69677980955,2375.09929355955
2025-07-18,381.3032201904498,0,900,900,0.0,0.0,0.0,0.0,0,0,100,25122.30322019045,25122.30322019045,24780.30322019045,35084.0,35084.0,34704.0,-9923.69677980955,2336.0794033645498
2025-07-21,381.3032201904498,0,900,900,0.0,0.0,0.0,0.0,0,0,100,24681.30322019045,24681.30322019045,24699.30322019045,34594.0,34594.0,34614.0,-9914.69677980955,2327.07481331955
2025-07-22,381.3032201904498,0,900,900,0.0,0.0,0.0,0.0,0,0,100,24681.30322019045,24681.30322019045,24645.30322019045,34594.0,34594.0,34554.0,-9908.69677980955,2321.07175328955
2025-07-23,381.3032201904498,0,900,900,0.0,0.0,0.0,0.0,0,0,100,24231.30322019045,24231.30322019045,24303.30322019045,34094.0,34094.0,34174.0,-9870.69677980955,2283.05237309955
2025-07-24,381.3032201904498,0,900,900,0.0,0.0,0.0,0.0,0,0,100,24852.30322019045,24852.30322019045,25986.30322019045,34784.0,34784.0,36044.0,-10057.69677980955,2470.1477440345498
2025-07-25,381.3032201904498,0,900,900,0.0,0.0,0.0,0.0,0,0,100,25986.30322019045,25986.30322019045,26175.30322019045,36044.0,36044.0,36254.0,-10078.69677980955,2491.15845413955
2025-07-28,381.3032201904498,0,900,900,0.0,0.0,0.0,0.0,0,0,100,26427.30322019045,26427.30322019045,26994.30322019045,36534.0,36534.0,37164.0,-10169.69677980955,2582.20486459455
2025-07-29,381.3032201904498,0,900,900,0.0,0.0,0.0,0.0,0,0,100,26985.30322019045,26985.30322019045,28452.30322019045,37154.0,37154.0,38784.0,-10331.69677980955,2744.28748540455
2025-07-30,381.3032201904498,0,900,900,0.0,0.0,0.0,0.0,0,0,100,28281.30322019045,28281.30322019045,30333.30322019045,38594.0,38594.0,40874.0,-10540.69677980955,2953.39407644955
2025-07-31,957.3032201904498,0,900,900,57.6,0.0,0.0,576.0,0,0,100,30833.70322019045,30833.70322019045,32048.70322019045,41494.0,41494.0,42844.0,-10795.296779809549,2568.0619071145497
2025-08-01,957.3032201904498,0,900,900,57.6,0.0,0.0,0.0,0,0,100,31499.70322019045,31499.70322019045,30599.70322019045,42234.0,42234.0,41234.0,-10634.296779809549,2406.97979630955
2025-08-04,957.3032201904498,0,900,900,57.6,0.0,0.0,0.0,0,0,100,30059.70322019045,30059.70322019045,30572.70322019045,40634.0,40634.0,41204.0,-10631.296779809549,2403.97826629455
2025-08-05,957.3032201904498,0,900,900,57.6,0.0,0.0,0.0,0,0,100,31049.70322019045,31049.70322019045,32444.703220190448,41734.0,41734.0,43284.0,-10839.296779809552,2612.0843473345494
2025-08-06,957.3032201904498,0,900,900,57.6,0.0,0.0,0.0,0,0,100,31589.70322019045,31589.70322019045,31769.703220190448,42334.0,42334.0,42534.0,-10764.296779809552,2537.0460969595492
2025-08-07,957.3032201904498,0,900,900,57.6,0.0,0.0,0.0,0,0,100,33479.70322019046,33479.70322019046,32984.70322019045,44434.0,44434.0,43884.0,-10899.296779809549,2672.11494763455
2025-08-08,957.3032201904498,0,900,900,57.6,0.0,0.0,0.0,0,0,100,33056.703220190444,33056.703220190444,33830.70322019045,43964.0,43964.0,44824.0,-10993.296779809549,2766.1628881045503
2025-08-11,957.3032201904498,0,900,900,57.6,0.0,0.0,0.0,0,0,100,33749.70322019045,33749.70322019045,33614.70322019045,44734.0,44734.0,44584.0,-10969.296779809549,2742.15064798455
2025-08-12,957.3032201904498,0,900,900,57.6,0.0,0.0,0.0,0,0,100,33722.70322019045,33722.70322019045,36638.70322019045,44704.0,44704.0,47944.0,-11305.296779809549,3078.32200966455
2025-08-13,957.3032201904498,0,900,900,57.6,0.0,0.0,0.0,0,0,100,36647.70322019045,36647.70322019045,40211.70322019045,47954.0,47954.0,51914.0,-11702.296779809549,3475.52448164955
2025-08-14,957.3032201904498,0,900,900,57.6,0.0,0.0,0.0,0,0,100,40463.70322019045,40463.70322019045,39797.70322019045,52194.0,52194.0,51454.0,-11656.296779809549,3429.5010214195504
2025-08-15,957.3032201904498,0,900,900,57.6,0.0,0.0,0.0,0,0,100,39230.70322019045,39230.70322019045,41273.70322019045,50824.0,50824.0,53094.0,-11820.296779809549,3593.5846622395497
2025-08-18,957.3032201904498,0,900,900,57.6,0.0,0.0,0.0,0,0,100,41219.70322019045,41219.70322019045,40913.70322019045,53034.0,53034.0,52694.0,-11780.296779809549,3553.5642620395497
2025-08-19,957.3032201904498,0,900,900,57.6,0.0,0.0,0.0,0,0,100,40517.70322019045,40517.70322019045,44918.70322019045,52254.0,52254.0,57144.0,-12225.296779809549,3998.7912142645496
2025-08-20,957.3032201904498,0,900,900,57.6,0.0,0.0,0.0,0,0,100,42749.70322019045,42749.70322019045,44018.70322019045,54734.0,54734.0,56144.0,-12125.296779809549,3898.74021376455
2025-08-21,957.3032201904498,0,900,900,57.6,0.0,0.0,0.0,0,0,100,43577.70322019045,43577.70322019045,41660.70322019045,55654.0,55654.0,53524.0,-11863.296779809549,3636.6065924545496
2025-08-22,957.3032201904498,0,900,900,57.6,0.0,0.0,0.0,0,0,100,40949.70322019045,40949.70322019045,42146.70322019045,52734.0,52734.0,54064.0,-11917.296779809549,3690.6341327245495
2025-08-25,957.3032201904498,0,900,900,57.6,0.0,0.0,0.0,0,0,100,42749.70322019045,42749.70322019045,44099.70322019045,54734.0,54734.0,56234.0,-12134.296779809549,3907.7448038095495
2025-08-26,957.3032201904498,0,900,900,57.6,0.0,0.0,0.0,0,0,100,43091.70322019045,43091.70322019045,41831.70322019045,55114.0,55114.0,53714.0,-11882.296779809549,3655.61628254955
2025-08-27,957.3032201904498,0,900,900,57.6,0.0,0.0,0.0,0,0,100,41399.70322019045,41399.70322019045,42047.70322019045,53234.0,53234.0,53954.0,-11906.296779809549,3679.6285226695504
2025-08-28,957.3032201904498,0,900,900,57.6,0.0,0.0,0.0,0,0,100,41039.70322019045,41039.70322019045,44945.70322019045,52834.0,52834.0,57174.0,-12228.296779809549,4001.7927442795503
2025-08-29,957.3032201904498,0,900,900,57.6,0.0,0.0,0.0,0,0,100,44099.70322019045,44099.70322019045,49346.70322019045,56234.0,56234.0,62064.0,-12717.296779809549,4491.042136724551
2025-09-01,957.3032201904498,0,900,900,57.6,0.0,0.0,0.0,0,0,100,49490.70322019045,49490.70322019045,50957.70322019045,62224.0,62224.0,63854.0,-12896.296779809549,4670.13342761955
2025-09-02,957.3032201904498,0,900,900,57.6,0.0,0.0,0.0,0,0,100,51929.70322019045,51929.70322019045,49391.70322019045,64934.0,64934.0,62114.0,-12722.296779809549,4496.04468674955
2025-09-03,957.3032201904498,0,900,900,57.6,0.0,0.0,0.0,0,0,100,49391.70322019045,49391.70322019045,49715.70322019045,62114.0,62114.0,62474.0,-12758.296779809549,4532.06304692955
2025-09-04,957.3032201904498,0,900,900,57.6,0.0,0.0,0.0,0,0,100,51749.70322019045,51749.70322019045,48716.70322019045,64734.0,64734.0,61364.0,-12647.296779809549,4421.0064363745505
2025-09-05,957.3032201904498,0,900,900,57.6,0.0,0.0,0.0,0,0,100,48869.70322019045,48869.70322019045,51146.70322019045,61534.0,61534.0,64064.0,-12917.296779809549,4691.14413772455
2025-09-08,957.3032201904498,0,900,900,57.6,0.0,0.0,0.0,0,0,100,50399.70322019045,50399.70322019045,47159.70322019045,63234.0,63234.0,59634.0,-12474.296779809549,4247.918205509551
2025-09-09,957.3032201904498,0,900,900,57.6,0.0,0.0,0.0,0,0,100,46259.70322019045,46259.70322019045,44810.70322019045,58634.0,58634.0,57024.0,-12213.296779809549,3986.7850942045493
2025-09-10,957.3032201904498,0,900,900,57.6,0.0,0.0,0.0,0,0,100,47339.70322019045,47339.70322019045,49202.70322019045,59834.0,59834.0,61904.0,-12701.296779809549,4475.03397664455
2025-09-11,957.3032201904498,0,900,900,57.6,0.0,0.0,0.0,0,0,100,51119.70322019045,51119.70322019045,54035.70322019045,64034.0,64034.0,67274.0,-13238.296779809549,5012.30784932955
2025-09-12,957.3032201904498,0,900,900,57.6,0.0,0.0,0.0,0,0,100,53891.70322019045,53891.70322019045,56609.70322019045,67114.0,67114.0,70134.0,-13524.296779809549,5298.45371075955
2025-09-15,957.3032201904498,0,900,900,57.6,0.0,0.0,0.0,0,0,100,54899.70322019045,54899.70322019045,54809.70322019045,68234.0,68234.0,68134.0,-13324.296779809549,5098.35170975955
2025-09-16,957.3032201904498,0,900,900,57.6,0.0,0.0,0.0,0,0,100,54782.70322019045,54782.70322019045,54656.70322019045,68104.0,68104.0,67964.0,-13307.296779809549,5081.343039674551
2025-09-17,957.3032201904498,0,900,900,57.6,0.0,0.0,0.0,0,0,100,53909.70322019045,53909.70322019045,55907.70322019045,67134.0,67134.0,69354.0,-13446.296779809549,5220.41393036955
2025-09-18,957.3032201904498,0,900,900,57.6,0.0,0.0,0.0,0,0,100,54350.70322019045,54350.70322019045,58823.70322019045,67624.0,67624.0,72594.0,-13770.296779809549,5544.579171989551
2025-09-19,957.3032201904498,0,900,900,57.6,0.0,0.0,0.0,0,0,100,59975.70322019045,59975.70322019045,60389.703220190444,73874.0,73874.0,74334.0,-13944.296779809556,5718.667912859549
2025-09-22,957.3032201904498,0,900,900,57.6,0.0,0.0,0.0,0,0,100,60794.70322019045,60794.70322019045,64349.70322019045,74784.0,74784.0,78734.0,-14384.296779809549,6158.89231505955
2025-09-23,957.3032201904498,0,900,900,57.6,0.0,0.0,0.0,0,0,100,68147.70322019045,68147.70322019045,64682.70322019046,82954.0,82954.0,79104.0,-14421.296779809541,6195.91118524455
2025-09-24,957.3032201904498,0,900,900,57.6,0.0,0.0,0.0,0,0,100,62819.70322019045,62819.70322019045,62666.703220190444,77034.0,77034.0,76864.0,-14197.296779809556,5971.7969441245505
2025-09-25,957.3032201904498,0,900,900,57.6,0.0,0.0,0.0,0,0,100,61991.703220190444,61991.703220190444,62513.703220190444,76114.0,76114.0,76694.0,-14180.296779809556,5954.78827403955
2025-09-26,957.3032201904498,0,900,900,57.6,0.0,0.0,0.0,0,0,100,61694.70322019045,61694.70322019045,59282.70322019046,75784.0,75784.0,73104.0,-13821.296779809541,5595.60518224455
2025-09-29,957.3032201904498,0,900,900,57.6,0.0,0.0,0.0,0,0,100,59264.703220190444,59264.703220190444,60821.70322019045,73084.0,73084.0,74814.0,-13992.296779809549,5766.69239309955
2025-09-30,957.3032201904498,0,900,900,57.6,0.0,0.0,0.0,0,0,100,61019.70322019045,61019.70322019045,60308.70322019046,75034.0,75034.0,74244.0,-13935.296779809541,5709.663322814551
2025-10-09,957.3032201904498,0,900,900,57.6,0.0,0.0,0.0,0,0,100,61298.70322019045,61298.70322019045,62504.70322019045,75344.0,75344.0,76684.0,-14179.296779809549,5953.7877640345505
2025-10-10,957.3032201904498,0,900,900,57.6,0.0,0.0,0.0,0,0,100,62378.70322019045,62378.70322019045,60668.70322019045,76544.0,76544.0,74644.0,-13975.296779809549,5749.68372301455
2025-10-13,957.3032201904498,0,900,900,57.6,0.0,0.0,0.0,0,0,100,55799.70322019045,55799.70322019045,58031.70322019045,69234.0,69234.0,71714.0,-13682.296779809549,5456.53429154955
2025-10-14,957.3032201904498,0,900,900,57.6,0.0,0.0,0.0,0,0,100,59390.703220190444,59390.703220190444,54647.70322019045,73224.0,73224.0,67954.0,-13306.296779809549,5080.3425296695505
2025-10-15,957.3032201904498,0,900,900,57.6,0.0,0.0,0.0,0,0,100,54647.70322019045,54647.70322019045,57941.70322019045,67954.0,67954.0,71614.0,-13672.296779809549,5446.5291914995505
2025-10-16,957.3032201904498,0,900,900,57.6,0.0,0.0,0.0,0,0,100,56699.70322019045,56699.70322019045,58130.70322019045,70234.0,70234.0,71824.0,-13693.296779809549,5467.539901604549
2025-10-17,957.3032201904498,0,900,900,57.6,0.0,0.0,0.0,0,0,100,57599.70322019045,57599.70322019045,54908.70322019045,71234.0,71234.0,68244.0,-13335.296779809549,5109.3573198145505
2025-10-20,957.3032201904498,0,900,900,57.6,0.0,0.0,0.0,0,0,100,56699.70322019045,56699.70322019045,56753.70322019045,70234.0,70234.0,70294.0,-13540.296779809549,5314.461870839551
2025-10-21,957.3032201904498,0,900,900,57.6,0.0,0.0,0.0,0,0,100,57545.70322019045,57545.70322019045,62099.70322019045,71174.0,71174.0,76234.0,-14134.296779809549,5908.76481380955
2025-10-22,957.3032201904498,0,900,900,57.6,0.0,0.0,0.0,0,0,100,61190.703220190444,61190.703220190444,59813.703220190444,75224.0,75224.0,73694.0,-13880.296779809556,5654.635272539549
2025-10-23,957.3032201904498,0,900,900,57.6,0.0,0.0,0.0,0,0,100,59219.70322019045,59219.70322019045,58490.70322019045,73034.0,73034.0,72224.0,-13733.296779809549,5507.56030180455
2025-10-24,957.3032201904498,0,900,900,57.6,0.0,0.0,0.0,0,0,100,59561.70322019046,59561.70322019046,61424.70322019045,73414.0,73414.0,75484.0,-14059.296779809549,5833.7265634345495
2025-10-27,957.3032201904498,0,900,900,57.6,0.0,0.0,0.0,0,0,100,63233.70322019046,63233.70322019046,66383.70322019045,77494.0,77494.0,80994.0,-14610.296779809549,6385.007576189551
2025-10-28,957.3032201904498,0,900,900,57.6,0.0,0.0,0.0,0,0,100,64961.70322019046,64961.70322019046,67490.70322019045,79414.0,79414.0,82224.0,-14733.296779809549,6508.07030680455
2025-10-29,957.3032201904498,0,900,900,57.6,0.0,0.0,0.0,0,0,100,71207.70322019045,71207.70322019045,73619.70322019045,86354.0,86354.0,89034.0,-15414.296779809549,7189.4176202095505
2025-10-30,957.3032201904498,0,900,900,57.6,0.0,0.0,0.0,0,0,100,72899.70322019045,72899.70322019045,71072.70322019045,88234.0,88234.0,86204.0,-15131.296779809549,6906.27328879455
2025-10-31,957.3032201904498,0,900,900,57.6,0.0,0.0,0.0,0,0,100,71054.70322019045,71054.70322019045,65699.70322019045,86184.0,86184.0,80234.0,-14534.296779809549,6308.96881580955
2025-11-03,957.3032201904498,0,900,900,57.6,0.0,0.0,0.0,0,0,100,64223.70322019045,64223.70322019045,68300.70322019045,78594.0,78594.0,83124.0,-14823.296779809549,6598.11620725455
2025-11-04,957.3032201904498,0,900,900,57.6,0.0,0.0,0.0,0,0,100,68192.70322019045,68192.70322019045,67040.70322019045,83004.0,83004.0,81724.0,-14683.296779809549,6458.044806554549
2025-11-05,957.3032201904498,0,900,900,57.6,0.0,0.0,0.0,0,0,100,64178.70322019045,64178.70322019045,68615.70322019045,78544.0,78544.0,83474.0,-14858.296779809549,6633.134057429549
2025-11-06,957.3032201904498,0,900,900,57.6,0.0,0.0,0.0,0,0,100,68615.70322019045,68615.70322019045,69497.70322019045,83474.0,83474.0,84454.0,-14956.296779809549,6731.18403791955
2025-11-07,957.3032201904498,0,900,900,57.6,0.0,0.0,0.0,0,0,100,67562.70322019045,67562.70322019045,66329.70322019045,82304.0,82304.0,80934.0,-14604.296779809549,6379.00451615955
2025-11-10,957.3032201904498,0,900,900,57.6,0.0,0.0,0.0,0,0,100,65699.70322019045,65699.70322019045,65249.70322019045,80234.0,80234.0,79734.0,-14484.296779809549,6258.943315559551
2025-11-11,957.3032201904498,0,900,900,57.6,0.0,0.0,0.0,0,0,100,65699.70322019045,65699.70322019045,62126.70322019045,80234.0,80234.0,76264.0,-14137.296779809549,5911.766343824551
2025-11-12,957.3032201904498,0,900,900,57.6,0.0,0.0,0.0,0,0,100,60704.70322019045,60704.70322019045,62639.703220190444,74684.0,74684.0,76834.0,-14194.296779809556,5968.795414109549
2025-11-13,957.3032201904498,0,900,900,57.6,0.0,0.0,0.0,0,0,100,61721.70322019045,61721.70322019045,62090.703220190444,75814.0,75814.0,76224.0,-14133.296779809556,5907.764303804549
2025-11-14,957.3032201904498,0,900,900,57.6,0.0,0.0,0.0,0,0,100,60119.70322019045,60119.70322019045,58742.70322019045,74034.0,74034.0,72504.0,-13761.296779809549,5535.57458194455
2025-11-17,957.3032201904498,0,900,900,57.6,0.0,0.0,0.0,0,0,100,58850.70322019045,58850.70322019045,59345.70322019045,72624.0,72624.0,73174.0,-13828.296779809549,5602.60875227955
2025-11-18,957.3032201904498,0,900,900,57.6,0.0,0.0,0.0,0,0,100,58184.70322019045,58184.70322019045,59147.70322019045,71884.0,71884.0,72954.0,-13806.296779809549,5580.5975321695505
2025-11-19,957.3032201904498,0,900,900,57.6,0.0,0.0,0.0,0,0,100,58949.70322019045,58949.70322019045,59453.70322019045,72734.0,72734.0,73294.0,-13840.296779809549,5614.61487233955
2025-11-20,957.3032201904498,0,900,900,57.6,0.0,0.0,0.0,0,0,100,62153.70322019045,62153.70322019045,60245.70322019045,76294.0,76294.0,74174.0,-13928.296779809549,5702.65975277955
2025-11-21,957.3032201904498,0,900,900,57.6,0.0,0.0,0.0,0,0,100,57644.70322019045,57644.70322019045,55502.70322019045,71284.0,71284.0,68904.0,-13401.296779809549,5175.39098014455
2025-11-24,957.3032201904498,0,900,900,57.6,0.0,0.0,0.0,0,0,100,55799.70322019045,55799.70322019045,51245.70322019045,69234.0,69234.0,64174.0,-12928.296779809549,4702.14974777955
2025-11-25,957.3032201904498,0,900,900,57.6,0.0,0.0,0.0,0,0,100,51623.70322019045,51623.70322019045,51848.70322019045,64594.0,64594.0,64844.0,-12995.296779809549,4769.183918114551
2025-11-26,957.3032201904498,0,900,900,57.6,0.0,0.0,0.0,0,0,100,50678.70322019045,50678.70322019045,53936.70322019045,63544.0,63544.0,67164.0,-13227.296779809549,5001.302239274551
2025-11-27,957.3032201904498,0,900,900,57.6,0.0,0.0,0.0,0,0,100,54917.70322019045,54917.70322019045,55142.70322019045,68254.0,68254.0,68504.0,-13361.296779809549,5135.370579944551
2025-11-28,957.3032201904498,0,900,900,57.6,0.0,0.0,0.0,0,0,100,55115.70322019045,55115.70322019045,55547.70322019045,68474.0,68474.0,68954.0,-13406.296779809549,5180.393530169551
2025-12-01,957.3032201904498,0,900,900,57.6,0.0,0.0,0.0,0,0,100,54926.70322019045,54926.70322019045,54728.70322019045,68264.0,68264.0,68044.0,-13315.296779809549,5089.347119714551
2025-12-02,957.3032201904498,0,900,900,57.6,0.0,0.0,0.0,0,0,100,54746.70322019045,54746.70322019045,55763.70322019045,68064.0,68064.0,69194.0,-13430.296779809549,5204.405770289551
2025-12-03,957.3032201904498,0,900,900,57.6,0.0,0.0,0.0,0,0,100,55799.70322019045,55799.70322019045,56411.70322019045,69234.0,69234.0,69914.0,-13502.296779809549,5276.442490649551
2025-12-04,957.3032201904498,0,900,900,57.6,0.0,0.0,0.0,0,0,100,55691.70322019045,55691.70322019045,56159.70322019045,69114.0,69114.0,69634.0,-13474.296779809549,5248.42821050955
2025-12-05,957.3032201904498,0,900,900,57.6,0.0,0.0,0.0,0,0,100,56690.70322019045,56690.70322019045,55907.70322019045,70224.0,70224.0,69354.0,-13446.296779809549,5220.41393036955
2025-12-08,957.3032201904498,0,900,900,57.6,0.0,0.0,0.0,0,0,100,55574.70322019045,55574.70322019045,57968.70322019045,68984.0,68984.0,71644.0,-13675.296779809549,5449.530721514549
2025-12-09,957.3032201904498,0,900,900,57.6,0.0,0.0,0.0,0,0,100,58499.70322019045,58499.70322019045,62090.703220190444,72234.0,72234.0,76224.0,-14133.296779809556,5907.764303804549
2025-12-10,957.3032201904498,0,900,900,57.6,0.0,0.0,0.0,0,0,100,61055.70322019045,61055.70322019045,59588.703220190444,75074.0,75074.0,73444.0,-13855.296779809556,5629.622522414549
2025-12-11,957.3032201904498,0,900,900,57.6,0.0,0.0,0.0,0,0,100,58508.70322019046,58508.70322019046,56969.70322019045,72244.0,72244.0,70534.0,-13564.296779809549,5338.474110959551
2025-12-12,957.3032201904498,0,900,900,57.6,0.0,0.0,0.0,0,0,100,55799.70322019045,55799.70322019045,56474.70322019045,69234.0,69234.0,69984.0,-13509.296779809549,5283.4460606845505
2025-12-15,957.3032201904498,0,900,900,57.6,0.0,0.0,0.0,0,0,100,54449.70322019045,54449.70322019045,54125.70322019045,67734.0,67734.0,67374.0,-13248.296779809549,5022.31294937955
2025-12-16,957.3032201904498,0,900,900,57.6,0.0,0.0,0.0,0,0,100,53954.70322019045,53954.70322019045,53954.70322019045,67184.0,67184.0,67184.0,-13229.296779809549,5003.30325928455
2025-12-17,957.3032201904498,0,900,900,57.6,0.0,0.0,0.0,0,0,100,54089.70322019045,54089.70322019045,56249.70322019045,67334.0,67334.0,69734.0,-13484.296779809549,5258.433310559551
2025-12-18,957.3032201904498,0,900,900,57.6,0.0,0.0,0.0,0,0,100,54503.70322019045,54503.70322019045,53351.70322019045,67794.0,67794.0,66514.0,-13162.296779809549,4936.269088949551
2025-12-19,957.3032201904498,0,900,900,57.6,0.0,0.0,0.0,0,0,100,54170.70322019045,54170.70322019045,53369.70322019045,67424.0,67424.0,66534.0,-13164.296779809549,4938.27010895955
2025-12-22,957.3032201904498,0,900,900,57.6,0.0,0.0,0.0,0,0,100,54422.70322019045,54422.70322019045,55457.70322019045,67704.0,67704.0,68854.0,-13396.296779809549,5170.38843011955
2025-12-23,957.3032201904498,0,900,900,57.6,0.0,0.0,0.0,0,0,100,55403.70322019045,55403.70322019045,57473.70322019045,68794.0,68794.0,71094.0,-13620.296779809549,5394.50267123955
2025-12-24,957.3032201904498,0,900,900,57.6,0.0,0.0,0.0,0,0,100,58661.70322019046,58661.70322019046,59525.70322019045,72414.0,72414.0,73374.0,-13848.296779809549,5622.61895237955
2025-12-25,957.3032201904498,0,900,900,57.6,0.0,0.0,0.0,0,0,100,59759.70322019046,59759.70322019046,60947.70322019045,73634.0,73634.0,74954.0,-14006.296779809549,5780.69953316955
2025-12-26,957.3032201904498,0,900,900,57.6,0.0,0.0,0.0,0,0,100,60749.70322019045,60749.70322019045,58355.70322019045,74734.0,74734.0,72074.0,-13718.296779809549,5492.55265172955
2025-12-29,957.3032201904498,0,900,900,57.6,0.0,0.0,0.0,0,0,100,58265.70322019045,58265.70322019045,59615.703220190444,71974.0,71974.0,73474.0,-13858.296779809556,5632.624052429549
2025-12-30,957.3032201904498,0,900,900,57.6,0.0,0.0,0.0,0,0,100,58319.70322019045,58319.70322019045,58706.70322019045,72034.0,72034.0,72464.0,-13757.296779809549,5531.57254192455
2025-12-31,957.3032201904498,0,900,900,57.6,0.0,0.0,0.0,0,0,100,58715.703220190444,58715.703220190444,56744.70322019045,72474.0,72474.0,70284.0,-13539.296779809549,5313.461360834551
2026-01-05,957.3032201904498,0,900,900,57.6,0.0,0.0,0.0,0,0,100,57860.70322019045,57860.70322019045,58202.70322019045,71524.0,71524.0,71904.0,-13701.296779809549,5475.5439816445505
2026-01-06,957.3032201904498,0,900,900,57.6,0.0,0.0,0.0,0,0,100,58202.70322019045,58202.70322019045,58544.70322019045,71904.0,71904.0,72284.0,-13739.296779809549,5513.56336183455
2026-01-07,957.3032201904498,0,900,900,57.6,0.0,0.0,0.0,0,0,100,57968.70322019045,57968.70322019045,57734.70322019045,71644.0,71644.0,71384.0,-13649.296779809549,5423.51746138455
2026-01-08,957.3032201904498,0,900,900,57.6,0.0,0.0,0.0,0,0,100,57878.70322019045,57878.70322019045,56096.70322019045,71544.0,71544.0,69564.0,-13467.296779809549,5241.424640474551
2026-01-09,957.3032201904498,0,900,900,57.6,0.0,0.0,0.0,0,0,100,55349.70322019045,55349.70322019045,56231.70322019045,68734.0,68734.0,69714.0,-13482.296779809549,5256.43229054955
2026-01-12,957.3032201904498,0,900,900,57.6,0.0,0.0,0.0,0,0,100,56240.70322019045,56240.70322019045,55736.70322019045,69724.0,69724.0,69164.0,-13427.296779809549,5201.40424027455
2026-01-13,957.3032201904498,0,900,900,57.6,0.0,0.0,0.0,0,0,100,55601.70322019045,55601.70322019045,54386.70322019045,69014.0,69014.0,67664.0,-13277.296779809549,5051.32773952455
2026-01-14,957.3032201904498,0,900,900,57.6,0.0,0.0,0.0,0,0,100,54989.70322019045,54989.70322019045,54899.70322019045,68334.0,68334.0,68234.0,-13334.296779809549,5108.35680980955
2026-01-15,957.3032201904498,0,900,900,57.6,0.0,0.0,0.0,0,0,100,54269.70322019045,54269.70322019045,55610.70322019045,67534.0,67534.0,69024.0,-13413.296779809549,5187.39710020455
2026-01-16,1254.3032201904498,0,900,900,87.30000000000001,0.0,0.0,297.0,0,0,100,56247.00322019045,56247.00322019045,57867.00322019045,69764.0,69764.0,71564.0,-13696.996779809553,5141.20981130955
2026-01-19,1254.3032201904498,0,900,900,87.30000000000001,0.0,0.0,0.0,0,0,100,57066.00322019045,57066.00322019045,55977.00322019045,70674.0,70674.0,69464.0,-13486.996779809553,4931.102710259551
2026-01-20,1254.3032201904498,0,900,900,87.30000000000001,0.0,0.0,0.0,0,0,100,55437.00322019045,55437.00322019045,54870.00322019045,68864.0,68864.0,68234.0,-13363.996779809553,4808.03997964455
2026-01-21,1254.3032201904498,0,900,900,87.30000000000001,0.0,0.0,0.0,0,0,100,54006.00322019045,54006.00322019045,56571.00322019045,67274.0,67274.0,70124.0,-13552.996779809553,4997.13637058955
2026-01-22,1254.3032201904498,0,900,900,87.30000000000001,0.0,0.0,0.0,0,0,100,56688.00322019045,56688.00322019045,57642.00322019045,70254.0,70254.0,71314.0,-13671.996779809553,5116.19706118455
2026-01-23,1254.3032201904498,0,900,900,87.30000000000001,0.0,0.0,0.0,0,0,100,56967.00322019045,56967.00322019045,55266.00322019045,70564.0,70564.0,68674.0,-13407.996779809553,4852.06241986455
2026-01-26,1254.3032201904498,0,900,900,87.30000000000001,0.0,0.0,0.0,0,0,100,55248.00322019045,55248.00322019045,54501.00322019045,68654.0,68654.0,67824.0,-13322.996779809553,4767.019069439551
2026-01-27,1254.3032201904498,0,900,900,87.30000000000001,0.0,0.0,0.0,0,0,100,54726.00322019045,54726.00322019045,56040.00322019045,68074.0,68074.0,69534.0,-13493.996779809553,4938.10628029455
2026-01-28,1254.3032201904498,0,900,900,87.30000000000001,0.0,0.0,0.0,0,0,100,57237.00322019045,57237.00322019045,55788.00322019045,70864.0,70864.0,69254.0,-13465.996779809553,4910.09200015455
2026-01-29,1254.3032201904498,0,900,900,87.30000000000001,0.0,0.0,0.0,0,0,100,55779.00322019045,55779.00322019045,53007.00322019045,69244.0,69244.0,66164.0,-13156.996779809553,4600.934408609551
2026-01-30,1254.3032201904498,0,900,900,87.30000000000001,0.0,0.0,0.0,0,0,100,52467.00322019045,52467.00322019045,53097.00322019045,65564.0,65564.0,66264.0,-13166.996779809553,4610.93950865955
2026-02-02,1254.3032201904498,0,900,900,87.30000000000001,0.0,0.0,0.0,0,0,100,52287.00322019045,52287.00322019045,51279.00322019045,65364.0,65364.0,64244.0,-12964.996779809553,4408.83648764955
2026-02-03,1254.3032201904498,0,900,900,87.30000000000001,0.0,0.0,0.0,0,0,100,51837.00322019045,51837.00322019045,51342.00322019045,64864.0,64864.0,64314.0,-12971.996779809553,4415.84005768455
2026-02-04,1254.3032201904498,0,900,900,87.30000000000001,0.0,0.0,0.0,0,0,100,50388.00322019045,50388.00322019045,49236.00322019045,63254.0,63254.0,61974.0,-12737.996779809553,4181.72071651455
2026-02-05,1254.3032201904498,0,900,900,87.30000000000001,0.0,0.0,0.0,0,0,100,48210.00322019045,48210.00322019045,49659.00322019045,60834.0,60834.0,62444.0,-12784.996779809553,4228.74468674955
2026-02-06,1254.3032201904498,0,900,900,87.30000000000001,0.0,0.0,0.0,0,0,100,48867.00322019045,48867.00322019045,50127.00322019045,61564.0,61564.0,62964.0,-12836.996779809553,4280.7712070095495
2026-02-09,1254.3032201904498,0,900,900,87.30000000000001,0.0,0.0,0.0,0,0,100,51747.00322019045,51747.00322019045,51135.00322019045,64764.0,64764.0,64084.0,-12948.996779809553,4392.82832756955
2026-02-10,1254.3032201904498,0,900,900,87.30000000000001,0.0,0.0,0.0,0,0,100,51324.00322019045,51324.00322019045,51630.00322019045,64294.0,64294.0,64634.0,-13003.996779809553,4447.8563778445505
2026-02-11,1254.3032201904498,0,900,900,87.30000000000001,0.0,0.0,0.0,0,0,100,51207.00322019045,51207.00322019045,50847.00322019045,64164.0,64164.0,63764.0,-12916.996779809553,4360.81200740955
2026-02-12,1254.3032201904498,0,900,900,87.30000000000001,0.0,0.0,0.0,0,0,100,50982.00322019045,50982.00322019045,50964.00322019045,63914.0,63914.0,63894.0,-12929.996779809553,4373.81863747455
2026-02-13,1254.3032201904498,0,900,900,87.30000000000001,0.0,0.0,0.0,0,0,100,50172.00322019045,50172.00322019045,50442.00322019045,63014.0,63014.0,63314.0,-12871.996779809553,4315.78905718455
2026-02-24,1254.3032201904498,0,900,900,87.30000000000001,0.0,0.0,0.0,0,0,100,51036.00322019045,51036.00322019045,51009.00322019045,63974.0,63974.0,63944.0,-12934.996779809553,4378.8211874995495
2026-02-25,1254.3032201904498,0,900,900,87.30000000000001,0.0,0.0,0.0,0,0,100,51396.00322019045,51396.00322019045,52818.00322019045,64374.0,64374.0,65954.0,-13135.996779809553,4579.92369850455
2026-02-26,1254.3032201904498,0,900,900,87.30000000000001,0.0,0.0,0.0,0,0,100,52827.00322019045,52827.00322019045,53322.00322019045,65964.0,65964.0,66514.0,-13191.996779809553,4635.95225878455
2026-02-27,1254.3032201904498,0,900,900,87.30000000000001,0.0,0.0,0.0,0,0,100,51837.00322019045,51837.00322019045,51297.00322019045,64864.0,64864.0,64264.0,-12966.996779809553,4410.83750765955
2026-03-02,1254.3032201904498,0,900,900,87.30000000000001,0.0,0.0,0.0,0,0,100,49767.00322019045,49767.00322019045,51144.00322019045,62564.0,62564.0,64094.0,-12949.996779809553,4393.828837574551
2026-03-03,1254.3032201904498,0,900,900,87.30000000000001,0.0,0.0,0.0,0,0,100,51423.00322019045,51423.00322019045,50559.00322019045,64404.0,64404.0,63444.0,-12884.996779809553,4328.79568724955
2026-03-04,1254.3032201904498,0,900,900,87.30000000000001,0.0,0.0,0.0,0,0,100,49749.00322019045,49749.00322019045,49551.00322019045,62544.0,62544.0,62324.0,-12772.996779809553,4216.738566689551
2026-03-05,1254.3032201904498,0,900,900,87.30000000000001,0.0,0.0,0.0,0,0,100,50478.00322019045,50478.00322019045,50757.00322019045,63354.0,63354.0,63664.0,-12906.996779809553,4350.806907359551
2026-03-06,1254.3032201904498,0,900,900,87.30000000000001,0.0,0.0,0.0,0,0,100,50487.00322019045,50487.00322019045,50064.00322019045,63364.0,63364.0,62894.0,-12829.996779809553,4273.7676369745495
2026-03-09,1254.3032201904498,0,900,900,87.30000000000001,0.0,0.0,0.0,0,0,100,48651.00322019045,48651.00322019045,48678.00322019045,61324.0,61324.0,61354.0,-12675.996779809553,4119.68909620455
2026-03-10,1254.3032201904498,0,900,900,87.30000000000001,0.0,0.0,0.0,0,0,100,49434.00322019045,49434.00322019045,50091.00322019045,62194.0,62194.0,62924.0,-12832.996779809553,4276.76916698955
2026-03-11,1254.3032201904498,0,900,900,87.30000000000001,0.0,0.0,0.0,0,0,100,50397.00322019045,50397.00322019045,49668.00322019045,63264.0,63264.0,62454.0,-12785.996779809553,4229.74519675455
2026-03-12,1254.3032201904498,0,900,900,87.30000000000001,0.0,0.0,0.0,0,0,100,49677.00322019045,49677.00322019045,48453.00322019045,62464.0,62464.0,61104.0,-12650.996779809553,4094.67634607955
2026-03-13,1254.3032201904498,0,900,900,87.30000000000001,0.0,0.0,0.0,0,0,100,47985.00322019045,47985.00322019045,48408.00322019045,60584.0,60584.0,61054.0,-12645.996779809553,4089.6737960545506
2026-03-16,1254.3032201904498,0,900,900,87.30000000000001,0.0,0.0,0.0,0,0,100,48129.00322019045,48129.00322019045,48597.00322019045,60744.0,60744.0,61264.0,-12666.996779809553,4110.6845061595495
2026-03-17,1254.3032201904498,0,900,900,87.30000000000001,0.0,0.0,0.0,0,0,100,48858.00322019045,48858.00322019045,46977.00322019045,61554.0,61554.0,59464.0,-12486.996779809553,3930.5927052595507
2026-03-18,1254.3032201904498,0,900,900,87.30000000000001,0.0,0.0,0.0,0,0,100,47337.00322019045,47337.00322019045,48021.00322019045,59864.0,59864.0,60624.0,-12602.996779809553,4046.6518658395507
2026-03-19,1254.3032201904498,0,900,900,87.30000000000001,0.0,0.0,0.0,0,0,100,47067.00322019045,47067.00322019045,46581.00322019045,59564.0,59564.0,59024.0,-12442.996779809553,3886.5702650395506
2026-03-20,1254.3032201904498,0,900,900,87.30000000000001,0.0,0.0,0.0,0,0,100,47049.00322019045,47049.00322019045,46437.00322019045,59544.0,59544.0,58864.0,-12426.996779809553,3870.56210495955
2026-03-23,1254.3032201904498,0,900,900,87.30000000000001,0.0,0.0,0.0,0,0,100,45222.00322019045,45222.00322019045,44007.00322019045,57514.0,57514.0,56164.0,-12156.996779809553,3600.4244036095506
2026-03-24,1254.3032201904498,0,900,900,87.30000000000001,0.0,0.0,0.0,0,0,100,44880.00322019045,44880.00322019045,45123.00322019045,57134.0,57134.0,57404.0,-12280.996779809553,3724.487644229551
2026-03-25,1254.3032201904498,0,900,900,87.30000000000001,0.0,0.0,0.0,0,0,100,45618.00322019045,45618.00322019045,46446.00322019045,57954.0,57954.0,58874.0,-12427.996779809553,3871.5626149645495
2026-03-26,1254.3032201904498,0,900,900,87.30000000000001,0.0,0.0,0.0,0,0,100,46167.00322019045,46167.00322019045,45933.00322019045,58564.0,58564.0,58304.0,-12370.996779809553,3814.5335446795507
2026-03-27,1254.3032201904498,0,900,900,87.30000000000001,0.0,0.0,0.0,0,0,100,44934.00322019045,44934.00322019045,45744.00322019045,57194.0,57194.0,58094.0,-12349.996779809553,3793.52283457455
2026-03-30,1254.3032201904498,0,900,900,87.30000000000001,0.0,0.0,0.0,0,0,100,44781.00322019045,44781.00322019045,45510.00322019045,57024.0,57024.0,57834.0,-12323.996779809553,3767.50957444455
2026-03-31,1254.3032201904498,0,900,900,87.30000000000001,0.0,0.0,0.0,0,0,100,45267.00322019045,45267.00322019045,47481.00322019045,57564.0,57564.0,60024.0,-12542.996779809553,3986.62126553955
2026-04-01,1254.3032201904498,0,900,900,87.30000000000001,0.0,0.0,0.0,0,0,100,48867.00322019045,48867.00322019045,49155.00322019045,61564.0,61564.0,61884.0,-12728.996779809553,4172.71612646955
2026-04-02,1254.3032201904498,0,900,900,87.30000000000001,0.0,0.0,0.0,0,0,100,48561.00322019045,48561.00322019045,47967.00322019045,61224.0,61224.0,60564.0,-12596.996779809553,4040.64880580955
2026-04-03,1254.3032201904498,0,900,900,87.30000000000001,0.0,0.0,0.0,0,0,100,48507.00322019045,48507.00322019045,48129.00322019045,61164.0,61164.0,60744.0,-12614.996779809553,4058.65798589955
2026-04-07,1254.3032201904498,0,900,900,87.30000000000001,0.0,0.0,0.0,0,0,100,48849.00322019045,48849.00322019045,48489.00322019045,61544.0,61544.0,61144.0,-12654.996779809553,4098.67838609955
2026-04-08,1254.3032201904498,0,900,900,87.30000000000001,0.0,0.0,0.0,0,0,100,49911.00322019045,49911.00322019045,52116.00322019045,62724.0,62724.0,65174.0,-13057.996779809553,4501.88391811455
2026-04-09,1254.3032201904498,0,900,900,87.30000000000001,0.0,0.0,0.0,0,0,100,50667.00322019045,50667.00322019045,50685.00322019045,63564.0,63564.0,63584.0,-12898.996779809553,4342.80282731955
2026-04-10,1254.3032201904498,0,900,900,87.30000000000001,0.0,0.0,0.0,0,0,100,51207.00322019045,51207.00322019045,52035.00322019045,64164.0,64164.0,65084.0,-13048.996779809553,4492.879328069551
2026-04-13,1254.3032201904498,0,900,900,0.0,0.0,0.0,0.0,0,0,100,51654.30322019045,51654.30322019045,51384.30322019045,64564.0,64564.0,64264.0,-12879.69677980955,4323.53750765955
2026-04-14,1254.3032201904498,0,900,900,0.0,0.0,0.0,0.0,0,0,100,52077.30322019045,52077.30322019045,54282.30322019045,65034.0,65034.0,67484.0,-13201.69677980955,4645.70172926955
2026-04-15,1254.3032201904498,0,900,900,0.0,0.0,0.0,0.0,0,0,100,54678.30322019045,54678.30322019045,53292.30322019045,67924.0,67924.0,66384.0,-13091.69677980955,4535.64562871955
2026-04-16,1254.3032201904498,0,900,900,0.0,0.0,0.0,0.0,0,0,100,53445.30322019045,53445.30322019045,54642.30322019045,66554.0,66554.0,67884.0,-13241.69677980955,4685.72212946955
2026-04-17,1254.3032201904498,0,900,900,0.0,0.0,0.0,0.0,0,0,100,54894.30322019045,54894.30322019045,56127.30322019045,68164.0,68164.0,69534.0,-13406.69677980955,4850.80628029455
2026-04-20,1254.3032201904498,0,900,900,0.0,0.0,0.0,0.0,0,0,100,56955.30322019045,56955.30322019045,56613.30322019045,70454.0,70454.0,70074.0,-13460.69677980955,4904.8338205645505
2026-04-21,1254.3032201904498,0,900,900,0.0,0.0,0.0,0.0,0,0,100,56127.30322019045,56127.30322019045,56523.30322019045,69534.0,69534.0,69974.0,-13450.69677980955,4894.82872051455
2026-04-22,1254.3032201904498,0,900,900,0.0,0.0,0.0,0.0,0,0,100,56325.30322019045,56325.30322019045,61455.30322019045,69754.0,69754.0,75454.0,-13998.69677980955,5443.108203254549
2026-04-23,1254.3032201904498,0,900,900,0.0,0.0,0.0,0.0,0,0,100,61536.30322019045,61536.30322019045,62382.30322019045,75544.0,75544.0,76484.0,-14101.69677980955,5546.16073376955
2026-04-24,1254.3032201904498,0,900,900,0.0,0.0,0.0,0.0,0,0,100,61167.30322019044,61167.30322019044,59763.30322019046,75134.0,75134.0,73574.0,-13810.696779809543,5255.01232231455
2026-04-27,1254.3032201904498,0,900,900,0.0,0.0,0.0,0.0,0,0,100,60663.30322019046,60663.30322019046,61779.30322019045,74574.0,74574.0,75814.0,-14034.69677980955,5479.126563434549
2026-04-28,1254.3032201904498,0,900,900,0.0,0.0,0.0,0.0,0,0,100,61779.30322019045,61779.30322019045,62634.30322019045,75814.0,75814.0,76764.0,-14129.69677980955,5574.17501390955
2026-04-29,1254.3032201904498,0,900,900,0.0,0.0,0.0,0.0,0,0,100,62247.30322019045,62247.30322019045,60888.30322019046,76334.0,76334.0,74824.0,-13935.696779809543,5380.076072939551
2026-04-30,1254.3032201904498,0,900,900,0.0,0.0,0.0,0.0,0,0,100,60564.30322019046,60564.30322019046,57846.30322019045,74464.0,74464.0,71444.0,-13597.69677980955,5041.903691249549
2026-05-06,1254.3032201904498,0,900,900,0.0,0.0,0.0,0.0,0,0,100,58206.30322019045,58206.30322019045,58026.30322019045,71844.0,71844.0,71644.0,-13617.69677980955,5061.91389134955
2026-05-07,1254.3032201904498,0,900,900,0.0,0.0,0.0,0.0,0,0,100,58935.30322019045,58935.30322019045,59016.30322019046,72654.0,72654.0,72744.0,-13727.696779809543,5171.969991899551
2026-05-08,1254.3032201904498,0,900,900,0.0,0.0,0.0,0.0,0,0,100,57954.30322019045,57954.30322019045,58206.30322019045,71564.0,71564.0,71844.0,-13637.69677980955,5081.92409144955
2026-05-11,1254.3032201904498,0,900,900,0.0,0.0,0.0,0.0,0,0,100,59034.30322019045,59034.30322019045,60519.30322019044,72764.0,72764.0,74414.0,-13894.696779809557,5339.0551627345485
2026-05-12,1254.3032201904498,0,900,900,0.0,0.0,0.0,0.0,0,0,100,60537.30322019046,60537.30322019046,59214.30322019046,74434.0,74434.0,72964.0,-13749.696779809543,5193.98121200955
2026-05-13,1254.3032201904498,0,900,900,0.0,0.0,0.0,0.0,0,0,100,58944.30322019044,58944.30322019044,65010.30322019045,72664.0,72664.0,79404.0,-14393.69677980955,5838.30965522955
2026-05-14,1254.3032201904498,0,900,900,0.0,0.0,0.0,0.0,0,0,100,67854.30322019046,67854.30322019046,62994.30322019044,82564.0,82564.0,77164.0,-14169.696779809557,5614.195414109548
2026-05-15,1254.3032201904498,0,900,900,0.0,0.0,0.0,0.0,0,0,100,63804.30322019045,63804.30322019045,62112.30322019046,78064.0,78064.0,76184.0,-14071.696779809543,5516.145433619549
2026-05-18,1254.3032201904498,0,900,900,0.0,0.0,0.0,0.0,0,0,100,60546.30322019044,60546.30322019044,63336.30322019045,74444.0,74444.0,77544.0,-14207.69677980955,5652.21479429955
2026-05-19,1254.3032201904498,0,900,900,0.0,0.0,0.0,0.0,0,0,100,62724.30322019045,62724.30322019045,62958.30322019045,76864.0,76864.0,77124.0,-14165.69677980955,5610.19337408955
2026-05-20,1254.3032201904498,0,900,900,0.0,0.0,0.0,0.0,0,0,100,62634.30322019045,62634.30322019045,62589.30322019046,76764.0,76764.0,76714.0,-14124.696779809543,5569.172463884551
2026-05-21,1254.3032201904498,0,900,900,0.0,0.0,0.0,0.0,0,0,100,63534.30322019045,63534.30322019045,60204.30322019045,77764.0,77764.0,74064.0,-13859.69677980955,5304.03731255955
2026-05-22,1254.3032201904498,0,900,900,0.0,0.0,0.0,0.0,0,0,100,60753.30322019045,60753.30322019045,61698.30322019045,74674.0,74674.0,75724.0,-14025.69677980955,5470.12197338955
2026-05-25,1254.3032201904498,0,900,900,0.0,0.0,0.0,0.0,0,0,100,62454.30322019045,62454.30322019045,64524.30322019045,76564.0,76564.0,78864.0,-14339.69677980955,5784.282114959549
2026-05-26,1254.3032201904498,0,900,900,0.0,0.0,0.0,0.0,0,0,100,64128.30322019045,64128.30322019045,64236.30322019045,78424.0,78424.0,78544.0,-14307.69677980955,5752.26579479955
2026-05-27,1254.3032201904498,0,900,900,0.0,0.0,0.0,0.0,0,0,100,64164.30322019046,64164.30322019046,64326.30322019045,78464.0,78464.0,78644.0,-14317.69677980955,5762.27089484955
2026-05-28,1254.3032201904498,0,900,900,0.0,0.0,0.0,0.0,0,0,100,64254.30322019045,64254.30322019045,68754.30322019046,78564.0,78564.0,83564.0,-14809.696779809543,6254.52181730955
2026-05-29,1254.3032201904498,0,900,900,0.0,0.0,0.0,0.0,0,0,100,72129.30322019046,72129.30322019046,67314.30322019046,87314.0,87314.0,81964.0,-14649.696779809543,6094.44021650955
2026-06-01,1254.3032201904498,0,900,900,0.0,0.0,0.0,0.0,0,0,100,68934.30322019046,68934.30322019046,67629.30322019046,83764.0,83764.0,82314.0,-14684.696779809543,6129.45806668455
2026-06-02,1254.3032201904498,0,900,900,0.0,0.0,0.0,0.0,0,0,100,68754.30322019046,68754.30322019046,73263.30322019046,83564.0,83564.0,88574.0,-15310.696779809543,6755.77732981455
2026-06-03,1254.3032201904498,0,900,900,0.0,0.0,0.0,0.0,0,0,100,73209.30322019046,73209.30322019046,74199.30322019046,88514.0,88514.0,89614.0,-15414.696779809543,6859.83037033455
2026-06-04,1254.3032201904498,0,900,900,0.0,0.0,0.0,0.0,0,0,100,73254.30322019046,73254.30322019046,71949.30322019046,88564.0,88564.0,87114.0,-15164.696779809543,6609.70286908455
2026-06-05,1254.3032201904498,0,900,900,0.0,0.0,0.0,0.0,0,0,100,71004.30322019046,71004.30322019046,67908.30322019046,86064.0,86064.0,82624.0,-14715.696779809543,6160.47387683955
2026-06-08,1254.3032201904498,0,900,900,0.0,0.0,0.0,0.0,0,0,100,64245.30322019044,64245.30322019044,64686.30322019045,78554.0,78554.0,79044.0,-14357.69677980955,5802.291295049549
2026-06-09,1254.3032201904498,0,900,900,0.0,0.0,0.0,0.0,0,0,100,66045.30322019044,66045.30322019044,68520.30322019046,80554.0,80554.0,83304.0,-14783.696779809543,6228.508557179549
2026-06-10,1254.3032201904498,0,900,900,0.0,0.0,0.0,0.0,0,0,100,66864.30322019046,66864.30322019046,65271.30322019044,81464.0,81464.0,79694.0,-14422.696779809557,5867.32444537455
2026-06-11,1254.3032201904498,0,900,900,0.0,0.0,0.0,0.0,0,0,100,64092.30322019044,64092.30322019044,63822.30322019045,78384.0,78384.0,78084.0,-14261.69677980955,5706.24233456955
2026-06-12,1254.3032201904498,0,900,900,0.0,0.0,0.0,0.0,0,0,100,66000.30322019046,66000.30322019046,64371.30322019044,80504.0,80504.0,78694.0,-14322.696779809557,5767.27344487455
2026-06-15,1254.3032201904498,0,900,900,0.0,0.0,0.0,0.0,0,0,100,65577.30322019046,65577.30322019046,67314.30322019046,80034.0,80034.0,81964.0,-14649.696779809543,6094.44021650955
2026-06-16,1254.3032201904498,0,900,900,0.0,0.0,0.0,0.0,0,0,100,67314.30322019046,67314.30322019046,66864.30322019046,81964.0,81964.0,81464.0,-14599.696779809543,6044.414716259551
2026-06-17,1254.3032201904498,0,900,900,0.0,0.0,0.0,0.0,0,0,100,65784.30322019046,65784.30322019046,66630.30322019046,80264.0,80264.0,81204.0,-14573.696779809543,6018.40145612955
2026-06-18,1254.3032201904498,0,900,900,0.0,0.0,0.0,0.0,0,0,100,66054.30322019046,66054.30322019046,71526.30322019046,80564.0,80564.0,86644.0,-15117.696779809543,6562.67889884955
2026-06-22,1254.3032201904498,0,900,900,0.0,0.0,0.0,0.0,0,0,100,71526.30322019046,71526.30322019046,72246.30322019046,86644.0,86644.0,87444.0,-15197.696779809543,6642.71969924955
2026-06-23,1254.3032201904498,0,900,900,0.0,0.0,0.0,0.0,0,0,100,72246.30322019046,72246.30322019046,67944.30322019046,87444.0,87444.0,82664.0,-14719.696779809543,6164.475916859549
2026-06-24,1254.3032201904498,0,900,900,0.0,0.0,0.0,0.0,0,0,100,66954.30322019046,66954.30322019046,70356.30322019046,81564.0,81564.0,85344.0,-14987.696779809543,6432.61259819955
2026-06-25,1254.3032201904498,0,900,900,0.0,0.0,0.0,0.0,0,0,100,71085.30322019046,71085.30322019046,70545.30322019046,86154.0,86154.0,85554.0,-15008.696779809543,6453.623308304549
2026-06-26,1254.3032201904498,0,900,900,0.0,0.0,0.0,0.0,0,0,100,68754.30322019046,68754.30322019046,64452.30322019045,83564.0,83564.0,78784.0,-14331.69677980955,5776.27803491955
2026-06-29,1254.3032201904498,0,900,900,0.0,0.0,0.0,0.0,0,0,100,63624.30322019045,63624.30322019045,63903.30322019045,77864.0,77864.0,78174.0,-14270.69677980955,5715.24692461455
2026-06-30,1254.3032201904498,0,900,900,0.0,0.0,0.0,0.0,0,0,100,63858.30322019045,63858.30322019045,66189.30322019046,78124.0,78124.0,80714.0,-14524.696779809543,5969.37646588455
2026-07-01,1254.3032201904498,0,900,900,0.0,0.0,0.0,0.0,0,0,100,66954.30322019046,66954.30322019046,64254.30322019045,81564.0,81564.0,78564.0,-14309.69677980955,5754.26681480955
2026-07-02,1254.3032201904498,0,900,900,0.0,0.0,0.0,0.0,0,0,100,61968.30322019044,61968.30322019044,58872.30322019045,76024.0,76024.0,72584.0,-13711.69677980955,5155.96183181955
2026-07-03,1254.3032201904498,0,900,900,0.0,0.0,0.0,0.0,0,0,100,58404.30322019045,58404.30322019045,59502.30322019045,72064.0,72064.0,73284.0,-13781.69677980955,5225.99753216955
2026-07-06,1254.3032201904498,0,900,900,0.0,0.0,0.0,0.0,0,0,100,60447.30322019045,60447.30322019045,58485.30322019045,74334.0,74334.0,72154.0,-13668.69677980955,5112.939901604549
2026-07-07,1254.3032201904498,0,900,900,0.0,0.0,0.0,0.0,0,0,100,58107.30322019045,58107.30322019045,58656.30322019045,71734.0,71734.0,72344.0,-13687.69677980955,5131.949591699549
2026-07-08,1254.3032201904498,0,900,900,0.0,0.0,0.0,0.0,0,0,100,59754.30322019045,59754.30322019045,60663.30322019046,73564.0,73564.0,74574.0,-13910.696779809543,5355.063322814551
2026-07-09,1254.3032201904498,0,900,900,0.0,0.0,0.0,0.0,0,0,100,61203.30322019045,61203.30322019045,63831.30322019045,75174.0,75174.0,78094.0,-14262.69677980955,5707.24284457455
2026-07-10,1254.3032201904498,0,900,900,0.0,0.0,0.0,0.0,0,0,100,65154.30322019045,65154.30322019045,60897.30322019045,79564.0,79564.0,74834.0,-13936.69677980955,5381.07658294455
2026-07-13,1254.3032201904498,0,900,900,0.0,0.0,0.0,0.0,0,0,100,60024.30322019045,60024.30322019045,58026.30322019045,73864.0,73864.0,71644.0,-13617.69677980955,5061.91389134955
2026-07-14,1254.3032201904498,0,900,900,0.0,0.0,0.0,0.0,0,0,100,57864.30322019045,57864.30322019045,60294.30322019044,71464.0,71464.0,74164.0,-13869.696779809557,5314.042412609549
2026-07-15,1254.3032201904498,0,900,900,0.0,0.0,0.0,0.0,0,0,100,60546.30322019044,60546.30322019044,58512.30322019045,74444.0,74444.0,72184.0,-13671.69677980955,5115.94143161955
2026-07-16,1254.3032201904498,0,900,900,0.0,0.0,0.0,0.0,0,0,100,57369.30322019045,57369.30322019045,57972.30322019045,70914.0,70914.0,71584.0,-13611.69677980955,5055.91083131955
2026-07-17,1254.3032201904498,0,900,900,0.0,0.0,0.0,0.0,0,0,100,57072.30322019045,57072.30322019045,53085.30322019045,70584.0,70584.0,66154.0,-13068.69677980955,4512.63389860455
2026-07-20,1254.3032201904498,0,900,900,0.0,0.0,0.0,0.0,0,0,100,54246.30322019045,54246.30322019045,52104.30322019045,67444.0,67444.0,65064.0,-12959.69677980955,4403.57830805955
2026-07-21,1254.3032201904498,0,900,900,0.0,0.0,0.0,0.0,0,0,100,53004.30322019045,53004.30322019045,56136.30322019045,66064.0,66064.0,69544.0,-13407.69677980955,4851.80679029955
2026-07-22,1254.3032201904498,0,900,900,0.0,0.0,0.0,0.0,0,0,100,55488.30322019045,55488.30322019045,55893.30322019045,68824.0,68824.0,69274.0,-13380.69677980955,4824.79302016455
2026-07-23,1254.3032201904498,0,900,900,0.0,0.0,0.0,0.0,0,0,100,57045.30322019045,57045.30322019045,57846.30322019045,70554.0,70554.0,71444.0,-13597.69677980955,5041.903691249549
2026-07-24,1254.3032201904498,0,900,900,0.0,0.0,0.0,0.0,0,0,100,56199.30322019045,56199.30322019045,55479.30322019045,69614.0,69614.0,68814.0,-13334.69677980955,4778.76955993455
2026-07-27,1254.3032201904498,0,900,900,0.0,0.0,0.0,0.0,0,0,100,55146.30322019045,55146.30322019045,56649.30322019045,68444.0,68444.0,70114.0,-13464.69677980955,4908.83586058455
2026-07-28,1254.3032201904498,0,900,900,0.0,0.0,0.0,0.0,0,0,100,54246.30322019045,54246.30322019045,53526.30322019045,67444.0,67444.0,66644.0,-13117.69677980955,4561.65888884955
2026-07-29,1254.3032201904498,0,900,900,0.0,0.0,0.0,0.0,0,0,100,53526.30322019045,53526.30322019045,53229.30322019045,66644.0,66644.0,66314.0,-13084.69677980955,4528.64205868455
2026-07-30,1254.3032201904498,0,900,900,0.0,0.0,0.0,0.0,0,0,100,52554.30322019045,52554.30322019045,49674.30322019045,65564.0,65564.0,62364.0,-12689.69677980955,4133.44060670955
2026-07-31,1254.3032201904498,0,900,900,0.0,0.0,0.0,0.0,0,0,100,52680.30322019045,52680.30322019045,52284.30322019045,65704.0,65704.0,65264.0,-12979.69677980955,4423.588508159551
2026-08-03,1839.3032201904498,0,900,900,0.0,0.0,0.0,585.0,0,0,100,51816.30322019045,51816.30322019045,52149.30322019045,64744.0,64744.0,65114.0,-12964.69677980955,3758.5477077595506
2026-08-04,1839.3032201904498,0,900,900,0.0,0.0,0.0,0.0,0,0,100,52968.30322019045,52968.30322019045,55776.30322019045,66024.0,66024.0,69144.0,-13367.69677980955,4161.75323977455
2026-08-05,1839.3032201904498,0,900,900,0.0,0.0,0.0,0.0,0,0,100,54939.30322019045,54939.30322019045,61167.30322019045,68214.0,68214.0,75134.0,-13966.69677980955,4761.058732769549
2026-08-06,1839.3032201904498,0,900,900,0.0,0.0,0.0,0.0,0,0,100,60834.30322019045,60834.30322019045,63282.30322019045,74764.0,74764.0,77484.0,-14201.69677980955,4996.17858394455
2026-08-07,1839.3032201904498,0,900,900,0.0,0.0,0.0,0.0,0,0,100,63282.30322019045,63282.30322019045,63201.30322019046,77484.0,77484.0,77394.0,-14192.696779809543,4987.173993899551
2026-08-10,1839.3032201904498,0,900,900,0.0,0.0,0.0,0.0,0,0,100,63939.30322019045,63939.30322019045,64101.30322019046,78214.0,78214.0,78394.0,-14292.696779809543,5087.224994399551
2026-08-11,1839.3032201904498,0,900,900,0.0,0.0,0.0,0.0,0,0,100,62976.30322019046,62976.30322019046,61248.30322019046,77144.0,77144.0,75224.0,-13975.696779809543,4770.063322814551
2026-08-12,1839.3032201904498,0,900,900,0.0,0.0,0.0,0.0,0,0,100,61653.30322019044,61653.30322019044,60879.30322019044,75674.0,75674.0,74814.0,-13934.696779809557,4729.042412609549
2026-08-13,1839.3032201904498,0,900,900,0.0,0.0,0.0,0.0,0,0,100,63030.30322019044,63030.30322019044,60546.30322019045,77204.0,77204.0,74444.0,-13897.69677980955,4692.02354242455
2026-08-14,1839.3032201904498,0,900,900,0.0,0.0,0.0,0.0,0,0,100,60879.30322019044,60879.30322019044,61410.30322019045,74814.0,74814.0,75404.0,-13993.69677980955,4788.07250290455
2026-08-17,1839.3032201904498,0,900,900,0.0,0.0,0.0,0.0,0,0,100,62139.30322019045,62139.30322019045,63246.30322019045,76214.0,76214.0,77444.0,-14197.69677980955,4992.176543924549
2026-08-18,1839.3032201904498,0,900,900,0.0,0.0,0.0,0.0,0,0,100,62769.30322019045,62769.30322019045,61419.30322019045,76914.0,76914.0,75414.0,-13994.69677980955,4789.07301290955
2026-08-19,1839.3032201904498,0,900,900,0.0,0.0,0.0,0.0,0,0,100,59529.30322019044,59529.30322019044,57486.30322019045,73314.0,73314.0,71044.0,-13557.69677980955,4351.850140724549
2026-08-20,1839.3032201904498,0,900,900,0.0,0.0,0.0,0.0,0,0,100,58089.30322019045,58089.30322019045,57756.30322019045,71714.0,71714.0,71344.0,-13587.69677980955,4381.86544087455
2026-08-21,1839.3032201904498,0,900,900,0.0,0.0,0.0,0.0,0,0,100,57324.30322019045,57324.30322019045,58395.30322019045,70864.0,70864.0,72054.0,-13658.69677980955,4452.90165122955
2026-08-24,1839.3032201904498,0,900,900,0.0,0.0,0.0,0.0,0,0,100,58269.30322019045,58269.30322019045,56199.30322019045,71914.0,71914.0,69614.0,-13414.69677980955,4208.77721000955
2026-08-25,1839.3032201904498,0,900,900,0.0,0.0,0.0,0.0,0,0,100,54714.30322019045,54714.30322019045,55974.30322019045,67964.0,67964.0,69364.0,-13389.69677980955,4183.76445988455
2026-08-26,1839.3032201904498,0,900,900,0.0,0.0,0.0,0.0,0,0,100,56019.30322019045,56019.30322019045,56352.30322019045,69414.0,69414.0,69784.0,-13431.69677980955,4225.78588009455
2026-08-27,1839.3032201904498,0,900,900,0.0,0.0,0.0,0.0,0,0,100,57639.30322019045,57639.30322019045,59313.30322019045,71214.0,71214.0,73074.0,-13760.69677980955,4554.9536717395495
2026-08-28,1839.3032201904498,0,900,900,0.0,0.0,0.0,0.0,0,0,100,59475.30322019046,59475.30322019046,59475.30322019046,73254.0,73254.0,73254.0,-13778.696779809543,4572.96285182955
2026-08-31,1839.3032201904498,0,900,900,0.0,0.0,0.0,0.0,0,0,100,58674.30322019045,58674.30322019045,60195.30322019045,72364.0,72364.0,74054.0,-13858.69677980955,4653.0036522295495
2026-09-01,1839.3032201904498,0,900,900,0.0,0.0,0.0,0.0,0,0,100,59754.30322019044,59754.30322019044,58485.30322019045,73564.0,73564.0,72154.0,-13668.69677980955,4462.90675127955
2026-09-02,1839.3032201904498,0,900,900,0.0,0.0,0.0,0.0,0,0,100,57387.30322019045,57387.30322019045,57459.30322019045,70934.0,70934.0,71014.0,-13554.69677980955,4348.84861070955
2026-09-03,1839.3032201904498,0,900,900,0.0,0.0,0.0,0.0,0,0,100,58539.30322019045,58539.30322019045,58719.30322019045,72214.0,72214.0,72414.0,-13694.69677980955,4488.92001140955
2026-09-04,1839.3032201904498,0,900,900,0.0,0.0,0.0,0.0,0,0,100,59295.30322019045,59295.30322019045,59160.30322019045,73054.0,73054.0,72904.0,-13743.69677980955,4537.94500165455
2026-09-07,1839.3032201904498,0,900,900,0.0,0.0,0.0,0.0,0,0,100,59979.30322019044,59979.30322019044,61752.30322019044,73814.0,73814.0,75784.0,-14031.696779809557,4826.091883094549
2026-09-08,1839.3032201904498,0,900,900,0.0,0.0,0.0,0.0,0,0,100,61509.30322019045,61509.30322019045,60114.30322019045,75514.0,75514.0,73964.0,-13849.69677980955,4643.999062184549
2026-09-09,1839.3032201904498,0,900,900,0.0,0.0,0.0,0.0,0,0,100,60249.30322019046,60249.30322019046,60555.30322019044,74114.0,74114.0,74454.0,-13898.696779809557,4693.024052429549
2026-09-10,1839.3032201904498,0,900,900,0.0,0.0,0.0,0.0,0,0,100,59889.30322019045,59889.30322019045,59358.30322019045,73714.0,73714.0,73124.0,-13765.69677980955,4559.95622176455
2026-09-11,1839.3032201904498,0,900,900,0.0,0.0,0.0,0.0,0,0,100,58233.30322019045,58233.30322019045,59502.30322019044,71874.0,71874.0,73284.0,-13781.696779809557,4575.964381844549
