date,cash,receivable,shares,settled_next_day,dividend_tax_reserve,fees,dividend_tax_paid,dividend_received,buy_quantity,sell_quantity,restoration_missing_shares,equity_open_before,equity_open,equity_close,hold_equity_open,hold_equity_after,hold_equity_close,relative_equity,restore_cash_gap
2020-01-02,18347.071773800002,0.0,0,0,0.0,23.738226200000003,0.0,0.0,0,1000,0,18330.0,18330.0,18347.071773800002,18330.0,18330.0,18380.0,-32.92822619999788,47.486009999996895
2020-01-03,1692.4182873900027,0.0,900,900,0.0,5.33298641,0.0,0.0,900,0,100,18347.071773800002,18333.418287390003,18090.418287390003,18490.0,18490.0,18220.0,-129.58171260999734,135.52917082999716
2020-01-06,1692.4182873900027,0.0,900,900,0.0,0.0,0.0,0.0,0,0,100,17901.418287390006,17901.418287390006,17802.41828739,18010.0,18010.0,17900.0,-97.58171261000098,103.51253050999708
2020-01-07,1692.4182873900027,0.0,900,900,0.0,0.0,0.0,0.0,0,0,100,17820.418287390006,17820.418287390006,17766.418287390003,17920.0,17920.0,17860.0,-93.58171260999734,99.51045046999707
2020-01-08,1692.4182873900027,0.0,900,900,0.0,0.0,0.0,0.0,0,0,100,17550.418287390003,17550.418287390003,17460.418287390003,17620.0,17620.0,17520.0,-59.58171260999734,65.49277012999733
2020-01-09,1692.4182873900027,0.0,900,900,0.0,0.0,0.0,0.0,0,0,100,17577.41828739,17577.41828739,18162.418287390003,17650.0,17650.0,18300.0,-137.58171260999734,143.5333309099974
2020-01-10,1692.4182873900027,0.0,900,900,0.0,0.0,0.0,0.0,0,0,100,18261.418287390003,18261.418287390003,17919.418287390006,18410.0,18410.0,18030.0,-110.5817126099937,116.51929063999728
2020-01-13,1692.4182873900027,0.0,900,900,0.0,0.0,0.0,0.0,0,0,100,17910.418287390003,17910.418287390003,18441.418287390003,18020.0,18020.0,18610.0,-168.58171260999734,174.5494512199973
2020-01-14,1692.4182873900027,0.0,900,900,0.0,0.0,0.0,0.0,0,0,100,18477.418287390003,18477.418287390003,18243.418287390003,18650.0,18650.0,18390.0,-146.58171260999734,152.53801099999737
2020-01-15,1692.4182873900027,0.0,900,900,0.0,0.0,0.0,0.0,0,0,100,18207.418287390003,18207.418287390003,18522.418287390003,18350.0,18350.0,18700.0,-177.58171260999734,183.55413130999727
2020-01-16,1692.4182873900027,0.0,900,900,0.0,0.0,0.0,0.0,0,0,100,18477.418287390003,18477.418287390003,18261.418287390003,18650.0,18650.0,18410.0,-148.58171260999734,154.53905101999726
2020-01-17,1692.4182873900027,0.0,900,900,0.0,0.0,0.0,0.0,0,0,100,18261.418287390003,18261.418287390003,18783.418287390003,18410.0,18410.0,18990.0,-206.58171260999734,212.56921159999706
2020-01-20,1692.4182873900027,0.0,900,900,0.0,0.0,0.0,0.0,0,0,100,18684.418287390003,18684.418287390003,19098.418287390003,18880.0,18880.0,19340.0,-241.58171260999734,247.5874119499972
2020-01-21,1692.4182873900027,0.0,900,900,0.0,0.0,0.0,0.0,0,0,100,18972.418287390003,18972.418287390003,18873.418287390003,19200.0,19200.0,19090.0,-216.58171260999734,222.5744116999972
2020-01-22,1692.4182873900027,0.0,900,900,0.0,0.0,0.0,0.0,0,0,100,18702.418287390003,18702.418287390003,20457.418287390003,18900.0,18900.0,20850.0,-392.58171260999734,398.6659334599972
2020-01-23,1692.4182873900027,0.0,900,900,0.0,0.0,0.0,0.0,0,0,100,20142.418287390003,20142.418287390003,19692.418287390003,20500.0,20500.0,20000.0,-307.58171260999734,313.62173260999725
2020-02-03,1692.4182873900027,0.0,900,900,0.0,0.0,0.0,0.0,0,0,100,17892.418287390003,17892.418287390003,17892.418287390003,18000.0,18000.0,18000.0,-107.58171260999734,113.51773060999722
2020-02-04,1692.4182873900027,0.0,900,900,0.0,0.0,0.0,0.0,0,0,100,17082.418287390006,17082.418287390006,17910.418287390003,17100.0,17100.0,18020.0,-109.58171260999734,115.5187706299971
2020-02-05,1692.4182873900027,0.0,900,900,0.0,0.0,0.0,0.0,0,0,100,18036.418287390003,18036.418287390003,18513.418287390003,18160.0,18160.0,18690.0,-176.58171260999734,182.55361129999733
2020-02-06,1692.4182873900027,0.0,900,900,0.0,0.0,0.0,0.0,0,0,100,18378.418287390003,18378.418287390003,18720.418287390003,18540.0,18540.0,18920.0,-199.58171260999734,205.56557152999744
2020-02-07,1692.4182873900027,0.0,900,900,0.0,0.0,0.0,0.0,0,0,100,19602.418287390003,19602.418287390003,19062.418287390003,19900.0,19900.0,19300.0,-237.58171260999734,243.5853319099972
2020-02-10,1692.4182873900027,0.0,900,900,0.0,0.0,0.0,0.0,0,0,100,18702.418287390003,18702.418287390003,18711.418287390003,18900.0,18900.0,18910.0,-198.58171260999734,204.56505151999704
2020-02-11,1692.4182873900027,0.0,900,900,0.0,0.0,0.0,0.0,0,0,100,18621.418287390003,18621.418287390003,18999.418287390003,18810.0,18810.0,19230.0,-230.58171260999734,236.58169183999712
2020-02-12,1692.4182873900027,0.0,900,900,0.0,0.0,0.0,0.0,0,0,100,18864.418287390003,18864.418287390003,18927.418287390003,19080.0,19080.0,19150.0,-222.58171260999734,228.5775317599971
2020-02-13,1692.4182873900027,0.0,900,900,0.0,0.0,0.0,0.0,0,0,100,18891.418287390003,18891.418287390003,18270.418287390003,19110.0,19110.0,18420.0,-149.58171260999734,155.53957102999743
2020-02-14,1692.4182873900027,0.0,900,900,0.0,0.0,0.0,0.0,0,0,100,18126.418287390003,18126.418287390003,18207.418287390003,18260.0,18260.0,18350.0,-142.58171260999734,148.53593095999736
2020-02-17,1692.4182873900027,0.0,900,900,0.0,0.0,0.0,0.0,0,0,100,18288.418287390003,18288.418287390003,18963.418287390003,18440.0,18440.0,19190.0,-226.58171260999734,232.57961179999756
2020-02-18,1692.4182873900027,0.0,900,900,0.0,0.0,0.0,0.0,0,0,100,18972.418287390003,18972.418287390003,18657.418287390003,19200.0,19200.0,18850.0,-192.58171260999734,198.56193145999737
2020-02-19,1692.4182873900027,0.0,900,900,0.0,0.0,0.0,0.0,0,0,100,18477.418287390003,18477.418287390003,18333.418287390003,18650.0,18650.0,18490.0,-156.58171260999734,162.54321109999705
2020-02-20,1692.4182873900027,0.0,900,900,0.0,0.0,0.0,0.0,0,0,100,18423.418287390003,18423.418287390003,18621.418287390003,18590.0,18590.0,18810.0,-188.58171260999734,194.55985141999713
2020-02-21,1692.4182873900027,0.0,900,900,0.0,0.0,0.0,0.0,0,0,100,18495.418287390003,18495.418287390003,19332.418287390003,18670.0,18670.0,19600.0,-267.58171260999734,273.6009322099974
2020-02-24,1692.4182873900027,0.0,900,900,0.0,0.0,0.0,0.0,0,0,100,19467.418287390003,19467.418287390003,19818.418287390003,19750.0,19750.0,20140.0,-321.58171260999734,327.6290127499972
2020-02-25,1692.4182873900027,0.0,900,900,0.0,0.0,0.0,0.0,0,0,100,19377.418287390003,19377.418287390003,19656.418287390003,19650.0,19650.0,19960.0,-303.58171260999734,309.61965256999724
2020-02-26,1692.4182873900027,0.0,900,900,0.0,0.0,0.0,0.0,0,0,100,19287.418287390003,19287.418287390003,18531.418287390003,19550.0,19550.0,18710.0,-178.58171260999734,184.55465131999722
2020-02-27,1692.4182873900027,0.0,900,900,0.0,0.0,0.0,0.0,0,0,100,18468.418287390003,18468.418287390003,18702.418287390003,18640.0,18640.0,18900.0,-197.58171260999734,203.5645315099971
2020-02-28,1692.4182873900027,0.0,900,900,0.0,0.0,0.0,0.0,0,0,100,17964.41828739,17964.41828739,17064.41828739,18080.0,18080.0,17080.0,-15.581712610000977,21.46988968999699
2020-03-02,1692.4182873900027,0.0,900,900,0.0,0.0,0.0,0.0,0,0,100,17262.418287390003,17262.418287390003,17388.418287390006,17300.0,17300.0,17440.0,-51.5817126099937,57.488610049997305
2020-03-03,1692.4182873900027,0.0,900,900,0.0,0.0,0.0,0.0,0,0,100,17739.41828739,17739.41828739,17388.418287390006,17830.0,17830.0,17440.0,-51.5817126099937,57.488610049997305
2020-03-04,1692.4182873900027,0.0,900,900,0.0,0.0,0.0,0.0,0,0,100,17199.418287390003,17199.418287390003,16776.418287390006,17230.0,17230.0,16760.0,16.4182873900063,0.0
2020-03-05,1692.4182873900027,0.0,900,900,0.0,0.0,0.0,0.0,0,0,100,17082.418287390006,17082.418287390006,17136.418287390003,17100.0,17100.0,17160.0,-23.58171260999734,29.474049769997237
2020-03-06,3.5431105600027877,0.0,1000,1000,0.0,5.03367683,0.0,0.0,100,0,0,16839.41828739,16833.543110560004,16993.543110560004,16830.0,16830.0,16990.0,3.543110560003697,0.0
2020-03-09,3.5431105600027877,0.0,1000,1000,0.0,0.0,0.0,0.0,0,0,0,16683.543110560004,16683.543110560004,16183.543110560004,16680.0,16680.0,16180.0,3.543110560003697,0.0
2020-03-10,3.5431105600027877,0.0,1000,1000,0.0,0.0,0.0,0.0,0,0,0,15983.543110560004,15983.543110560004,16593.543110560004,15980.0,15980.0,16590.0,3.543110560003697,0.0
2020-03-11,16513.41074596,0.0,0,0,0.0,21.8623646,0.0,0.0,0,1000,0,16673.543110560004,16673.543110560004,16513.41074596,16670.0,16670.0,16540.0,-26.589254039998195,40.190219439999055
2020-03-12,249.96058346000245,0.0,1000,1000,0.0,5.3251625,0.0,0.0,1000,0,0,16513.41074596,16499.96058346,16349.960583460004,16250.0,16250.0,16100.000000000002,249.96058346000245,0.0
2020-03-13,249.96058346000245,0.0,1000,1000,0.0,0.0,0.0,0.0,0,0,0,15429.960583460002,15429.960583460002,15899.960583460002,15180.0,15180.0,15650.0,249.96058346000245,0.0
2020-03-16,249.96058346000245,0.0,1000,1000,0.0,0.0,0.0,0.0,0,0,0,15929.960583460002,15929.960583460002,14549.960583460002,15680.0,15680.0,14300.0,249.96058346000245,0.0
2020-03-17,249.96058346000245,0.0,1000,1000,0.0,0.0,0.0,0.0,0,0,0,14639.960583460002,14639.960583460002,14159.960583460002,14390.0,14390.0,13910.0,249.96058346000245,0.0
2020-03-18,249.96058346000245,0.0,1000,1000,0.0,0.0,0.0,0.0,0,0,0,14299.960583460002,14299.960583460002,13809.960583460002,14050.0,14050.0,13560.0,249.96058346000245,0.0
2020-03-19,249.96058346000245,0.0,1000,1000,0.0,0.0,0.0,0.0,0,0,0,13799.960583460002,13799.960583460002,13759.960583460002,13550.0,13550.0,13510.0,249.96058346000245,0.0
2020-03-20,249.96058346000245,0.0,1000,1000,0.0,0.0,0.0,0.0,0,0,0,13929.960583460002,13929.960583460002,13819.960583460002,13680.0,13680.0,13570.0,249.96058346000245,0.0
2020-03-23,249.96058346000245,0.0,1000,1000,0.0,0.0,0.0,0.0,0,0,0,13349.960583460002,13349.960583460002,12769.960583460002,13100.0,13100.0,12520.0,249.96058346000245,0.0
2020-03-24,249.96058346000245,0.0,1000,1000,0.0,0.0,0.0,0.0,0,0,0,12999.960583460002,12999.960583460002,13269.960583460002,12750.0,12750.0,13020.0,249.96058346000245,0.0
2020-03-25,13774.371493960003,0.0,0,0,0.0,18.8140895,0.0,0.0,0,1000,0,13649.960583460002,13649.960583460002,13774.371493960003,13400.0,13400.0,13550.0,224.37149396000314,0.0
2020-03-26,352.39815986000394,0.0,1000,1000,0.0,5.2683341,0.0,0.0,1000,0,0,13774.371493960003,13762.398159860004,13642.398159860004,13410.0,13410.0,13290.0,352.39815986000394,0.0
2020-03-27,352.39815986000394,0.0,1000,1000,0.0,0.0,0.0,0.0,0,0,0,13852.398159860004,13852.398159860004,13422.398159860004,13500.0,13500.0,13070.0,352.39815986000394,0.0
2020-03-30,352.39815986000394,0.0,1000,1000,0.0,0.0,0.0,0.0,0,0,0,13192.398159860004,13192.398159860004,13172.398159860004,12840.0,12840.0,12820.0,352.39815986000394,0.0
2020-03-31,352.39815986000394,0.0,1000,1000,0.0,0.0,0.0,0.0,0,0,0,13642.398159860004,13642.398159860004,13562.398159860004,13290.0,13290.0,13210.0,352.39815986000394,0.0
2020-04-01,352.39815986000394,0.0,1000,1000,0.0,0.0,0.0,0.0,0,0,0,13482.398159860004,13482.398159860004,13762.398159860004,13130.0,13130.0,13410.0,352.39815986000394,0.0
2020-04-02,352.39815986000394,0.0,1000,1000,0.0,0.0,0.0,0.0,0,0,0,13692.398159860004,13692.398159860004,14332.398159860004,13340.0,13340.0,13980.0,352.39815986000394,0.0
2020-04-03,14286.186079460005,0.0,0,0,0.0,19.2320804,0.0,0.0,0,1000,0,14252.398159860004,14252.398159860004,14286.186079460005,13900.0,13900.0,13960.0,326.1860794600052,0.0
2020-04-07,1359.470150310006,0.0,900,900,0.0,5.2584291499999996,0.0,0.0,900,0,100,14286.186079460005,14274.470150310006,14094.470150310006,14350.0,14350.0,14150.0,-55.52984968999408,61.26566383999398
2020-04-08,1359.470150310006,0.0,900,900,0.0,0.0,0.0,0.0,0,0,100,14004.470150310006,14004.470150310006,14085.470150310006,14050.0,14050.0,14140.0,-54.52984968999408,60.26514382999403
2020-04-09,1359.470150310006,0.0,900,900,0.0,0.0,0.0,0.0,0,0,100,14112.470150310006,14112.470150310006,13914.470150310006,14170.0,14170.0,13950.0,-35.52984968999408,41.255263639994155
2020-04-10,1359.470150310006,0.0,900,900,0.0,0.0,0.0,0.0,0,0,100,13905.470150310006,13905.470150310006,13617.470150310006,13940.0,13940.0,13620.0,-2.52984968999408,8.238103309993903
2020-04-13,9.7712568700058,0.0,1000,1000,0.0,5.02689344,0.0,0.0,100,0,0,13455.470150310006,13449.771256870006,13159.771256870006,13440.0,13440.0,13150.0,9.771256870006255,0.0
2020-04-14,9.7712568700058,0.0,1000,1000,0.0,0.0,0.0,0.0,0,0,0,13289.771256870006,13289.771256870006,13819.771256870006,13280.0,13280.0,13810.0,9.771256870006255,0.0
2020-04-15,13853.695930570007,0.0,0,0,0.0,19.1403263,0.0,0.0,0,1000,0,13819.771256870006,13819.771256870006,13853.695930570007,13810.0,13810.0,13870.0,-16.304069429992524,28.516608129992164
2020-04-16,91.54579307000677,0.0,1000,1000,0.0,5.2751375,0.0,0.0,1000,0,0,13853.695930570007,13841.545793070007,14141.545793070007,13750.0,13750.0,14050.0,91.54579307000677,0.0
2020-04-17,14055.288127970009,0.0,0,0,0.0,19.2626651,0.0,0.0,0,1000,0,14311.545793070007,14311.545793070007,14055.288127970009,14220.0,14220.0,13990.0,65.28812797000865,0.0
2020-04-20,1389.7079214300102,0.0,900,900,0.0,5.25320654,0.0,0.0,900,0,100,14055.288127970009,14043.70792143001,14412.70792143001,14060.0,14060.0,14470.0,-57.292078569989826,63.044533039989574
2020-04-21,1389.7079214300102,0.0,900,900,0.0,0.0,0.0,0.0,0,0,100,14259.70792143001,14259.70792143001,14133.70792143001,14300.0,14300.0,14160.0,-26.292078569989826,32.02841272998967
2020-04-22,1389.7079214300102,0.0,900,900,0.0,0.0,0.0,0.0,0,0,100,14043.70792143001,14043.70792143001,14043.70792143001,14060.0,14060.0,14060.0,-16.292078569989826,22.023212629989757
2020-04-23,1389.7079214300102,0.0,900,900,0.0,0.0,0.0,0.0,0,0,100,14214.70792143001,14214.70792143001,13953.70792143001,14250.0,14250.0,13960.0,-6.292078569989826,12.018012529989619
2020-04-24,1389.7079214300102,0.0,900,900,0.0,0.0,0.0,0.0,0,0,100,13953.70792143001,13953.70792143001,13944.70792143001,13960.0,13960.0,13950.0,-5.292078569989826,11.0174925199899
2020-04-27,1389.7079214300102,0.0,900,900,0.0,0.0,0.0,0.0,0,0,100,13989.70792143001,13989.70792143001,13944.70792143001,14000.0,14000.0,13950.0,-5.292078569989826,11.0174925199899
2020-04-28,1389.7079214300102,0.0,900,900,0.0,0.0,0.0,0.0,0,0,100,13998.70792143001,13998.70792143001,14178.70792143001,14010.0,14010.0,14210.0,-31.292078569989826,37.03101277998985
2020-04-29,1389.7079214300102,0.0,900,900,0.0,0.0,0.0,0.0,0,0,100,14133.70792143001,14133.70792143001,14205.70792143001,14160.0,14160.0,14240.0,-34.292078569989826,40.032572809989915
2020-04-30,1389.7079214300102,0.0,900,900,0.0,0.0,0.0,0.0,0,0,100,14268.70792143001,14268.70792143001,14610.70792143001,14310.0,14310.0,14690.0,-79.29207856998983,85.05597325998974
2020-05-06,1389.7079214300102,0.0,900,900,0.0,0.0,0.0,0.0,0,0,100,14376.70792143001,14376.70792143001,14673.70792143001,14430.0,14430.0,14760.0,-86.29207856998983,92.05961332998959
2020-05-07,1389.7079214300102,0.0,900,900,0.0,0.0,0.0,0.0,0,0,100,14664.70792143001,14664.70792143001,14331.70792143001,14750.0,14750.0,14380.0,-48.292078569989826,54.03985294998961
2020-05-08,1389.7079214300102,0.0,900,900,0.0,0.0,0.0,0.0,0,0,100,14421.70792143001,14421.70792143001,14385.70792143001,14480.0,14480.0,14440.0,-54.292078569989826,60.04297300998974
2020-05-11,1389.7079214300102,0.0,900,900,0.0,0.0,0.0,0.0,0,0,100,14439.70792143001,14439.70792143001,14457.70792143001,14500.0,14500.0,14520.0,-62.292078569989826,68.04713308998976
2020-05-12,1389.7079214300102,0.0,900,900,0.0,0.0,0.0,0.0,0,0,100,14394.70792143001,14394.70792143001,14196.70792143001,14450.0,14450.0,14230.0,-33.292078569989826,39.03205279998974
2020-05-13,1389.7079214300102,0.0,900,900,0.0,0.0,0.0,0.0,0,0,100,14079.70792143001,14079.70792143001,14151.70792143001,14100.0,14100.0,14180.0,-28.292078569989826,34.02945274998956
2020-05-14,1389.7079214300102,0.0,900,900,0.0,0.0,0.0,0.0,0,0,100,14052.70792143001,14052.70792143001,13710.70792143001,14070.0,14070.0,13690.0,20.707921430010174,0.0
2020-05-15,9.993427690010321,0.0,1000,1000,0.0,5.02749374,0.0,0.0,100,0,0,13755.70792143001,13749.99342769001,13799.99342769001,13740.0,13740.0,13790.0,9.993427690009412,0.0
2020-05-18,9.993427690010321,0.0,1000,1000,0.0,0.0,0.0,0.0,0,0,0,13639.99342769001,13639.99342769001,13499.99342769001,13630.0,13630.0,13490.0,9.993427690009412,0.0
2020-05-19,9.993427690010321,0.0,1000,1000,0.0,0.0,0.0,0.0,0,0,0,13549.99342769001,13549.99342769001,13789.99342769001,13540.0,13540.0,13780.0,9.993427690009412,0.0
2020-05-20,13833.94849119001,0.0,0,0,0.0,19.1199365,0.0,0.0,0,1000,0,13799.99342769001,13799.99342769001,13833.94849119001,13790.0,13790.0,13850.0,-16.051508809989173,28.253647309988082
2020-05-21,1330.4525262700117,0.0,900,900,0.0,5.24996492,0.0,0.0,900,0,100,13833.94849119001,13822.452526270012,13570.452526270012,13880.0,13880.0,13600.0,-29.54747372998827,35.2546873299882
2020-05-22,1330.4525262700117,0.0,900,900,0.0,0.0,0.0,0.0,0,0,100,13552.452526270012,13552.452526270012,13264.452526270012,13580.0,13580.0,13260.0,4.452526270011731,1.237006989988231
2020-05-25,1330.4525262700117,0.0,900,900,0.0,0.0,0.0,0.0,0,0,100,13255.452526270012,13255.452526270012,13138.452526270012,13250.0,13250.0,13120.0,18.45252627001173,0.0
2020-05-26,6.767153090011789,0.0,1000,1000,0.0,5.02637318,0.0,0.0,100,0,0,13192.452526270012,13186.767153090012,13506.767153090012,13180.0,13180.0,13500.0,6.767153090011561,0.0
2020-05-27,13461.284427890012,0.0,0,0,0.0,18.742725200000002,0.0,0.0,0,1000,0,13566.767153090012,13566.767153090012,13461.284427890012,13560.0,13560.0,13480.0,-18.71557210998799,30.72530690998792
2020-05-28,1299.9663063900134,0.0,900,900,0.0,5.2431215,0.0,0.0,900,0,100,13461.284427890012,13449.966306390013,13413.966306390013,13500.0,13500.0,13460.0,-46.033693609986585,51.733627069986596
2020-05-29,1299.9663063900134,0.0,900,900,0.0,0.0,0.0,0.0,0,0,100,13359.966306390013,13359.966306390013,13368.966306390013,13400.0,13400.0,13410.0,-41.033693609986585,46.73102701998664
2020-06-01,1299.9663063900134,0.0,900,900,0.0,0.0,0.0,0.0,0,0,100,13413.966306390013,13413.966306390013,13791.966306390013,13460.0,13460.0,13880.0,-88.03369360998659,93.75546748998659
2020-06-02,1299.9663063900134,0.0,900,900,0.0,0.0,0.0,0.0,0,0,100,13809.966306390013,13809.966306390013,14043.966306390013,13900.0,13900.0,14160.0,-116.03369360998659,121.77002776998643
2020-06-03,1299.9663063900134,0.0,900,900,0.0,0.0,0.0,0.0,0,0,100,14142.966306390013,14142.966306390013,14097.966306390013,14270.0,14270.0,14220.0,-122.03369360998659,127.77314782998656
2020-06-04,1299.9663063900134,0.0,900,900,0.0,0.0,0.0,0.0,0,0,100,14124.966306390013,14124.966306390013,14043.966306390013,14250.0,14250.0,14160.0,-116.03369360998659,121.77002776998643
2020-06-05,1299.9663063900134,0.0,900,900,0.0,0.0,0.0,0.0,0,0,100,14043.966306390013,14043.966306390013,13971.966306390013,14160.0,14160.0,14080.0,-108.03369360998659,113.76586768998664
2020-06-08,1299.9663063900134,0.0,900,900,0.0,0.0,0.0,0.0,0,0,100,14124.966306390013,14124.966306390013,14133.966306390013,14250.0,14250.0,14260.0,-126.03369360998659,131.77522786998657
2020-06-09,1299.9663063900134,0.0,900,900,0.0,0.0,0.0,0.0,0,0,100,14259.966306390013,14259.966306390013,14394.966306390013,14400.0,14400.0,14550.0,-155.03369360998659,160.79030815998658
2020-06-10,1299.9663063900134,0.0,900,900,0.0,0.0,0.0,0.0,0,0,100,14403.966306390013,14403.966306390013,14151.966306390013,14560.0,14560.0,14280.0,-128.03369360998659,133.77626788998646
2020-06-11,1299.9663063900134,0.0,900,900,0.0,0.0,0.0,0.0,0,0,100,14124.966306390013,14124.966306390013,13917.966306390013,14250.0,14250.0,14020.0,-102.03369360998659,107.7627476299865
2020-06-12,1299.9663063900134,0.0,900,900,0.0,0.0,0.0,0.0,0,0,100,13629.966306390013,13629.966306390013,13728.966306390013,13700.0,13700.0,13810.0,-81.03369360998659,86.75182741998651
2020-06-15,1299.9663063900134,0.0,900,900,0.0,0.0,0.0,0.0,0,0,100,13611.966306390013,13611.966306390013,13602.966306390013,13680.0,13680.0,13670.0,-67.03369360998659,72.74454727998636
2020-06-16,1299.9663063900134,0.0,900,900,0.0,0.0,0.0,0.0,0,0,100,13665.966306390013,13665.966306390013,13926.966306390013,13740.0,13740.0,14030.0,-103.03369360998659,108.76326763998645
2020-06-17,1299.9663063900134,0.0,900,900,0.0,0.0,0.0,0.0,0,0,100,13872.966306390013,13872.966306390013,14124.966306390013,13970.0,13970.0,14250.0,-125.03369360998659,130.7747078599864
2020-06-18,1299.9663063900134,0.0,900,900,0.0,0.0,0.0,0.0,0,0,100,14124.966306390013,14124.966306390013,14259.966306390013,14250.0,14250.0,14400.0,-140.03369360998659,145.7825080099867
2020-06-19,1299.9663063900134,0.0,900,900,0.0,0.0,0.0,0.0,0,0,100,14286.966306390013,14286.966306390013,14214.966306390013,14430.0,14430.0,14350.0,-135.03369360998659,140.77990795998653
2020-06-22,1299.9663063900134,0.0,900,900,0.0,0.0,0.0,0.0,0,0,100,14223.966306390013,14223.966306390013,14259.966306390013,14360.0,14360.0,14400.0,-140.03369360998659,145.7825080099867
2020-06-23,1299.9663063900134,0.0,900,900,0.0,0.0,0.0,0.0,0,0,100,14223.966306390013,14223.966306390013,13998.966306390013,14360.0,14360.0,14110.0,-111.03369360998659,116.7674277199867
2020-06-24,1299.9663063900134,0.0,900,900,0.0,0.0,0.0,0.0,0,0,100,14034.966306390013,14034.966306390013,15267.966306390013,14150.0,14150.0,15520.0,-252.03369360998659,257.84074912998653
2020-06-29,1299.9663063900134,0.0,900,900,0.0,0.0,0.0,0.0,0,0,100,15240.966306390013,15240.966306390013,14997.966306390013,15490.0,15490.0,15220.0,-222.03369360998659,227.82514882998657
2020-06-30,1299.9663063900134,180.0,900,900,18.0,0.0,0.0,0.0,0,0,100,15132.966306390013,15132.966306390013,15096.966306390013,15390.0,15390.0,15350.0,-253.03369360998659,238.8215087599865
2020-07-01,1299.9663063900134,180.0,900,900,18.0,0.0,0.0,0.0,0,0,100,15141.966306390013,15141.966306390013,15339.966306390013,15400.0,15400.0,15620.0,-280.0336936099866,265.8355490299866
2020-07-02,1299.9663063900134,180.0,900,900,18.0,0.0,0.0,0.0,0,0,100,15267.966306390013,15267.966306390013,15510.966306390013,15540.0,15540.0,15810.0,-299.0336936099866,284.8454292199865
2020-07-03,1299.9663063900134,180.0,900,900,18.0,0.0,0.0,0.0,0,0,100,15546.966306390013,15546.966306390013,15780.966306390013,15850.0,15850.0,16110.0,-329.0336936099866,314.86102951998646
2020-07-06,1299.9663063900134,180.0,900,900,18.0,0.0,0.0,0.0,0,0,100,16050.966306390013,16050.966306390013,16302.966306390012,16410.0,16410.0,16690.0,-387.0336936099884,372.89119009998626
2020-07-07,1299.9663063900134,180.0,900,900,18.0,0.0,0.0,0.0,0,0,100,16311.966306390013,16311.966306390013,16203.966306390013,16700.0,16700.0,16580.0,-376.0336936099866,361.88546998998663
2020-07-08,1299.9663063900134,180.0,900,900,18.0,0.0,0.0,0.0,0,0,100,16131.966306390013,16131.966306390013,16221.966306390012,16500.0,16500.0,16600.0,-378.0336936099884,363.8865100099863
2020-07-09,1299.9663063900134,180.0,900,900,18.0,0.0,0.0,0.0,0,0,100,16203.966306390013,16203.966306390013,16509.96630639001,16580.0,16580.0,16920.0,-410.0336936099884,395.9031503299866
2020-07-10,1299.9663063900134,180.0,900,900,18.0,0.0,0.0,0.0,0,0,100,16473.966306390015,16473.966306390015,15888.966306390015,16880.0,16880.0,16230.000000000002,-341.0336936099866,326.8672696399865
2020-07-13,1299.9663063900134,180.0,900,900,18.0,0.0,0.0,0.0,0,0,100,15825.966306390013,15825.966306390013,16311.966306390013,16160.0,16160.0,16700.0,-388.0336936099866,373.89171010998643
2020-07-14,1299.9663063900134,180.0,900,900,18.0,0.0,0.0,0.0,0,0,100,16338.966306390015,16338.966306390015,16392.966306390015,16730.0,16730.0,16790.0,-397.03369360998477,382.8963901999864
2020-07-15,1299.9663063900134,180.0,900,900,18.0,0.0,0.0,0.0,0,0,100,16608.96630639001,16608.96630639001,16041.966306390013,17030.0,17030.0,16400.0,-358.0336936099866,343.8761098099865
2020-07-16,1299.9663063900134,180.0,900,900,18.0,0.0,0.0,0.0,0,0,100,15978.966306390013,15978.966306390013,14844.966306390013,16329.999999999998,16329.999999999998,15070.0,-225.03369360998659,210.80694847998643
2020-07-17,1299.9663063900134,180.0,900,900,18.0,0.0,0.0,0.0,0,0,100,15033.966306390013,15033.966306390013,14772.966306390013,15280.0,15280.0,14990.0,-217.03369360998659,202.8027883999864
2020-07-20,1299.9663063900134,180.0,900,900,18.0,0.0,0.0,0.0,0,0,100,14853.966306390013,14853.966306390013,15222.966306390013,15080.0,15080.0,15490.0,-267.0336936099866,252.82878889998665
2020-07-21,1299.9663063900134,180.0,900,900,18.0,0.0,0.0,0.0,0,0,100,15321.966306390013,15321.966306390013,15348.966306390013,15600.0,15600.0,15630.0,-281.0336936099866,266.83606903998634
2020-07-22,1299.9663063900134,180.0,900,900,18.0,0.0,0.0,0.0,0,0,100,15357.966306390013,15357.966306390013,15285.966306390013,15640.0,15640.0,15560.0,-274.0336936099866,259.8324289699867
2020-07-23,1299.9663063900134,180.0,900,900,18.0,0.0,0.0,0.0,0,0,100,15114.966306390013,15114.966306390013,14943.966306390013,15370.0,15370.0,15180.0,-236.03369360998659,221.81266858998652
2020-07-24,1299.9663063900134,180.0,900,900,18.0,0.0,0.0,0.0,0,0,100,14889.966306390013,14889.966306390013,14205.966306390013,15120.0,15120.0,14360.0,-154.03369360998659,139.77002776998643
2020-07-27,1299.9663063900134,180.0,900,900,18.0,0.0,0.0,0.0,0,0,100,14268.966306390013,14268.966306390013,14070.966306390013,14430.0,14430.0,14210.0,-139.03369360998659,124.76222761998656
2020-07-28,1299.9663063900134,180.0,900,900,18.0,0.0,0.0,0.0,0,0,100,14196.966306390013,14196.966306390013,14250.966306390013,14350.0,14350.0,14410.0,-159.03369360998659,144.7726278199866
2020-07-29,1299.9663063900134,180.0,900,900,18.0,0.0,0.0,0.0,0,0,100,14259.966306390013,14259.966306390013,14520.966306390013,14420.0,14420.0,14710.0,-189.03369360998659,174.78822811998657
2020-07-30,1299.9663063900134,180.0,900,900,18.0,0.0,0.0,0.0,0,0,100,14520.966306390013,14520.966306390013,14322.966306390013,14710.0,14710.0,14490.0,-167.03369360998659,152.7767878999864
2020-07-31,1299.9663063900134,180.0,900,900,18.0,0.0,0.0,0.0,0,0,100,14313.966306390013,14313.966306390013,14592.966306390013,14480.0,14480.0,14790.0,-197.03369360998659,182.7923881999866
2020-08-03,1299.9663063900134,180.0,900,900,18.0,0.0,0.0,0.0,0,0,100,14673.966306390013,14673.966306390013,14862.966306390013,14880.0,14880.0,15090.0,-227.03369360998659,212.80798849998655
2020-08-04,1299.9663063900134,180.0,900,900,18.0,0.0,0.0,0.0,0,0,100,14871.966306390013,14871.966306390013,14673.966306390013,15100.0,15100.0,14880.0,-206.03369360998659,191.79706828998656
2020-08-05,1299.9663063900134,180.0,900,900,18.0,0.0,0.0,0.0,0,0,100,14808.966306390013,14808.966306390013,14610.966306390013,15030.0,15030.0,14810.0,-199.03369360998659,184.79342821998648
2020-08-06,1299.9663063900134,180.0,900,900,18.0,0.0,0.0,0.0,0,0,100,14646.966306390013,14646.966306390013,14511.966306390013,14850.0,14850.0,14700.0,-188.03369360998659,173.7877081099864
2020-08-07,1299.9663063900134,180.0,900,900,18.0,0.0,0.0,0.0,0,0,100,14493.966306390013,14493.966306390013,14331.966306390013,14680.0,14680.0,14500.0,-168.03369360998659,153.77730790998658
2020-08-10,1299.9663063900134,180.0,900,900,18.0,0.0,0.0,0.0,0,0,100,14232.966306390013,14232.966306390013,14430.966306390013,14390.0,14390.0,14610.0,-179.03369360998659,164.78302801998643
2020-08-11,1299.9663063900134,180.0,900,900,18.0,0.0,0.0,0.0,0,0,100,14421.966306390013,14421.966306390013,14205.966306390013,14600.0,14600.0,14360.0,-154.03369360998659,139.77002776998643
2020-08-12,1299.9663063900134,180.0,900,900,18.0,0.0,0.0,0.0,0,0,100,14403.966306390013,14403.966306390013,15087.966306390013,14580.0,14580.0,15340.0,-252.03369360998659,237.82098874998633
2020-08-13,1299.9663063900134,180.0,900,900,18.0,0.0,0.0,0.0,0,0,100,15204.966306390013,15204.966306390013,15114.966306390013,15470.0,15470.0,15370.0,-255.03369360998659,240.8225487799864
2020-08-14,1299.9663063900134,180.0,900,900,18.0,0.0,0.0,0.0,0,0,100,14970.966306390013,14970.966306390013,14988.966306390013,15210.0,15210.0,15230.0,-241.03369360998659,226.81526863998647
2020-08-17,1299.9663063900134,180.0,900,900,18.0,0.0,0.0,0.0,0,0,100,15042.966306390013,15042.966306390013,15213.966306390013,15290.0,15290.0,15480.0,-266.0336936099866,251.82826888998648
2020-08-18,1299.9663063900134,180.0,900,900,18.0,0.0,0.0,0.0,0,0,100,15231.966306390013,15231.966306390013,15123.966306390013,15500.0,15500.0,15380.0,-256.0336936099866,241.82306878998656
2020-08-19,1299.9663063900134,180.0,900,900,18.0,0.0,0.0,0.0,0,0,100,15123.966306390013,15123.966306390013,14826.966306390013,15380.0,15380.0,15050.0,-223.03369360998659,208.8059084599863
2020-08-20,1299.9663063900134,180.0,900,900,18.0,0.0,0.0,0.0,0,0,100,14736.966306390013,14736.966306390013,14808.966306390013,14950.0,14950.0,15030.0,-221.03369360998659,206.80486843998642
2020-08-21,1299.9663063900134,180.0,900,900,18.0,0.0,0.0,0.0,0,0,100,14961.966306390013,14961.966306390013,14781.966306390013,15200.0,15200.0,15000.0,-218.03369360998659,203.80330840998658
2020-08-24,1299.9663063900134,180.0,900,900,18.0,0.0,0.0,0.0,0,0,100,14835.966306390013,14835.966306390013,14952.966306390013,15060.0,15060.0,15190.0,-237.03369360998659,222.81318859998646
2020-08-25,1299.9663063900134,180.0,900,900,18.0,0.0,0.0,0.0,0,0,100,14997.966306390013,14997.966306390013,15042.966306390013,15240.0,15240.0,15290.0,-247.03369360998659,232.8183886999866
2020-08-26,1299.9663063900134,180.0,900,900,18.0,0.0,0.0,0.0,0,0,100,15033.966306390013,15033.966306390013,14547.966306390013,15280.0,15280.0,14740.0,-192.03369360998659,177.7897881499864
2020-08-27,1299.9663063900134,180.0,900,900,18.0,0.0,0.0,0.0,0,0,100,14601.966306390013,14601.966306390013,14646.966306390013,14800.0,14800.0,14850.0,-203.03369360998659,188.7955082599865
2020-08-28,1299.9663063900134,180.0,900,900,18.0,0.0,0.0,0.0,0,0,100,14565.966306390013,14565.966306390013,14736.966306390013,14760.0,14760.0,14950.0,-213.03369360998659,198.80070835998663
2020-08-31,1299.9663063900134,180.0,900,900,18.0,0.0,0.0,0.0,0,0,100,14817.966306390013,14817.966306390013,14727.966306390013,15040.0,15040.0,14940.0,-212.03369360998659,197.80018834998646
2020-09-01,1299.9663063900134,180.0,900,900,18.0,0.0,0.0,0.0,0,0,100,14664.966306390013,14664.966306390013,14718.966306390013,14870.0,14870.0,14930.0,-211.03369360998659,196.7996683399865
2020-09-02,1299.9663063900134,180.0,900,900,18.0,0.0,0.0,0.0,0,0,100,14709.966306390013,14709.966306390013,14754.966306390013,14920.0,14920.0,14970.0,-215.03369360998659,200.80174837998652
2020-09-03,1299.9663063900134,180.0,900,900,18.0,0.0,0.0,0.0,0,0,100,14817.966306390013,14817.966306390013,14520.966306390013,15040.0,15040.0,14710.0,-189.03369360998659,174.78822811998657
2020-09-04,1299.9663063900134,180.0,900,900,18.0,0.0,0.0,0.0,0,0,100,14322.966306390013,14322.966306390013,14214.966306390013,14490.0,14490.0,14370.0,-155.03369360998659,140.7705477799866
2020-09-07,1299.9663063900134,180.0,900,900,18.0,0.0,0.0,0.0,0,0,100,14070.966306390013,14070.966306390013,14007.966306390013,14210.0,14210.0,14140.0,-132.03369360998659,117.75858754998649
2020-09-08,1299.9663063900134,180.0,900,900,18.0,0.0,0.0,0.0,0,0,100,14007.966306390013,14007.966306390013,14250.966306390013,14140.0,14140.0,14410.0,-159.03369360998659,144.7726278199866
2020-09-09,1299.9663063900134,180.0,900,900,18.0,0.0,0.0,0.0,0,0,100,14115.966306390013,14115.966306390013,13980.966306390013,14260.0,14260.0,14110.0,-129.03369360998659,114.75702751998642
2020-09-10,1299.9663063900134,180.0,900,900,18.0,0.0,0.0,0.0,0,0,100,14061.966306390013,14061.966306390013,13665.966306390013,14200.0,14200.0,13760.0,-94.03369360998659,79.73882716998651
2020-09-11,1299.9663063900134,180.0,900,900,18.0,0.0,0.0,0.0,0,0,100,13584.966306390013,13584.966306390013,13719.966306390013,13670.0,13670.0,13820.0,-100.03369360998659,85.74194722998641
2020-09-14,1299.9663063900134,180.0,900,900,18.0,0.0,0.0,0.0,0,0,100,13719.966306390013,13719.966306390013,13926.966306390013,13820.0,13820.0,14050.0,-123.03369360998659,108.75390745998652
2020-09-15,1299.9663063900134,180.0,900,900,18.0,0.0,0.0,0.0,0,0,100,13908.966306390013,13908.966306390013,13818.966306390013,14030.0,14030.0,13930.0,-111.03369360998659,96.74766733998672
2020-09-16,1299.9663063900134,180.0,900,900,18.0,0.0,0.0,0.0,0,0,100,13782.966306390013,13782.966306390013,13701.966306390013,13890.0,13890.0,13800.0,-98.03369360998659,83.74090720998652
2020-09-17,1299.9663063900134,180.0,900,900,18.0,0.0,0.0,0.0,0,0,100,13665.966306390013,13665.966306390013,13665.966306390013,13760.0,13760.0,13760.0,-94.03369360998659,79.73882716998651
2020-09-18,1299.9663063900134,180.0,900,900,18.0,0.0,0.0,0.0,0,0,100,13674.966306390013,13674.966306390013,13899.966306390013,13770.0,13770.0,14020.0,-120.03369360998659,105.75234742998668
2020-09-21,1299.9663063900134,180.0,900,900,18.0,0.0,0.0,0.0,0,0,100,13890.966306390013,13890.966306390013,13827.966306390013,14010.0,14010.0,13940.0,-112.03369360998659,97.74818734998644
2020-09-22,1299.9663063900134,180.0,900,900,18.0,0.0,0.0,0.0,0,0,100,13746.966306390013,13746.966306390013,13665.966306390013,13850.0,13850.0,13760.0,-94.03369360998659,79.73882716998651
2020-09-23,1299.9663063900134,180.0,900,900,18.0,0.0,0.0,0.0,0,0,100,13728.966306390013,13728.966306390013,13674.966306390013,13830.0,13830.0,13770.0,-95.03369360998659,80.73934717998668
2020-09-24,1299.9663063900134,180.0,900,900,18.0,0.0,0.0,0.0,0,0,100,13566.966306390013,13566.966306390013,13368.966306390013,13650.0,13650.0,13430.0,-61.033693609986585,46.72166683998648
2020-09-25,1299.9663063900134,180.0,900,900,18.0,0.0,0.0,0.0,0,0,100,13440.966306390013,13440.966306390013,13314.966306390013,13510.0,13510.0,13370.0,-55.033693609986585,40.71854677998658
2020-09-28,1299.9663063900134,180.0,900,900,18.0,0.0,0.0,0.0,0,0,100,13341.966306390013,13341.966306390013,13413.966306390013,13400.0,13400.0,13480.0,-66.03369360998659,51.724266889986666
2020-09-29,1299.9663063900134,180.0,900,900,18.0,0.0,0.0,0.0,0,0,100,13449.966306390013,13449.966306390013,13665.966306390013,13520.0,13520.0,13760.0,-94.03369360998659,79.73882716998651
2020-09-30,1299.9663063900134,180.0,900,900,18.0,0.0,0.0,0.0,0,0,100,13701.966306390013,13701.966306390013,13692.966306390013,13800.0,13800.0,13790.0,-97.03369360998659,82.74038719998657
2020-10-09,1299.9663063900134,180.0,900,900,18.0,0.0,0.0,0.0,0,0,100,13890.966306390013,13890.966306390013,13926.966306390013,14010.0,14010.0,14050.0,-123.03369360998659,108.75390745998652
2020-10-12,1299.9663063900134,180.0,900,900,18.0,0.0,0.0,0.0,0,0,100,13971.966306390013,13971.966306390013,14079.966306390013,14100.0,14100.0,14220.0,-140.03369360998659,125.7627476299865
2020-10-13,1299.9663063900134,180.0,900,900,18.0,0.0,0.0,0.0,0,0,100,14061.966306390013,14061.966306390013,13998.966306390013,14200.0,14200.0,14130.0,-131.03369360998659,116.75806753998654
2020-10-14,1299.9663063900134,180.0,900,900,18.0,0.0,0.0,0.0,0,0,100,13881.966306390013,13881.966306390013,13818.966306390013,14000.0,14000.0,13930.0,-111.03369360998659,96.74766733998672
2020-10-15,1299.9663063900134,180.0,900,900,18.0,0.0,0.0,0.0,0,0,100,13836.966306390013,13836.966306390013,13836.966306390013,13950.0,13950.0,13950.0,-113.03369360998659,98.74870735998661
2020-10-16,1299.9663063900134,180.0,900,900,18.0,0.0,0.0,0.0,0,0,100,13953.966306390013,13953.966306390013,13863.966306390013,14080.0,14080.0,13980.0,-116.03369360998659,101.75026738998645
2020-10-19,1299.9663063900134,180.0,900,900,18.0,0.0,0.0,0.0,0,0,100,13971.966306390013,13971.966306390013,13935.966306390013,14100.0,14100.0,14060.0,-124.03369360998659,109.75442746998647
2020-10-20,1299.9663063900134,180.0,900,900,18.0,0.0,0.0,0.0,0,0,100,13899.966306390013,13899.966306390013,13926.966306390013,14020.0,14020.0,14050.0,-123.03369360998659,108.75390745998652
2020-10-21,1299.9663063900134,180.0,900,900,18.0,0.0,0.0,0.0,0,0,100,13899.966306390013,13899.966306390013,13737.966306390013,14020.0,14020.0,13840.0,-102.03369360998659,87.74298724998653
2020-10-22,1299.9663063900134,180.0,900,900,18.0,0.0,0.0,0.0,0,0,100,13683.966306390013,13683.966306390013,13755.966306390013,13780.0,13780.0,13860.0,-104.03369360998659,89.74402726998665
2020-10-23,1299.9663063900134,180.0,900,900,18.0,0.0,0.0,0.0,0,0,100,13764.966306390013,13764.966306390013,13692.966306390013,13870.0,13870.0,13790.0,-97.03369360998659,82.74038719998657
2020-10-26,1299.9663063900134,180.0,900,900,18.0,0.0,0.0,0.0,0,0,100,13674.966306390013,13674.966306390013,13773.966306390013,13770.0,13770.0,13880.0,-106.03369360998659,91.74506728998654
2020-10-27,1299.9663063900134,180.0,900,900,18.0,0.0,0.0,0.0,0,0,100,13692.966306390013,13692.966306390013,13944.966306390013,13790.0,13790.0,14070.0,-125.03369360998659,110.75494747998641
2020-10-28,1299.9663063900134,180.0,900,900,18.0,0.0,0.0,0.0,0,0,100,13998.966306390013,13998.966306390013,14007.966306390013,14130.0,14130.0,14140.0,-132.03369360998659,117.75858754998649
2020-10-29,1299.9663063900134,180.0,900,900,18.0,0.0,0.0,0.0,0,0,100,13845.966306390013,13845.966306390013,14025.966306390013,13960.0,13960.0,14160.0,-134.03369360998659,119.75962756998638
2020-10-30,1299.9663063900134,180.0,900,900,18.0,0.0,0.0,0.0,0,0,100,13971.966306390013,13971.966306390013,13746.966306390013,14100.0,14100.0,13850.0,-103.03369360998659,88.74350725998647
2020-11-02,1299.9663063900134,180.0,900,900,18.0,0.0,0.0,0.0,0,0,100,13521.966306390013,13521.966306390013,13305.966306390013,13600.0,13600.0,13360.0,-54.033693609986585,39.71802676998641
2020-11-03,1299.9663063900134,180.0,900,900,18.0,0.0,0.0,0.0,0,0,100,13323.966306390013,13323.966306390013,13503.966306390013,13380.0,13380.0,13580.0,-76.03369360998659,61.72946698998635
2020-11-04,1299.9663063900134,180.0,900,900,18.0,0.0,0.0,0.0,0,0,100,13521.966306390013,13521.966306390013,13584.966306390013,13600.0,13600.0,13670.0,-85.03369360998659,70.73414707998654
2020-11-05,1299.9663063900134,180.0,900,900,18.0,0.0,0.0,0.0,0,0,100,13773.966306390013,13773.966306390013,13890.966306390013,13880.0,13880.0,14010.0,-119.03369360998659,104.75182741998651
2020-11-06,1299.9663063900134,180.0,900,900,18.0,0.0,0.0,0.0,0,0,100,13926.966306390013,13926.966306390013,14061.966306390013,14050.0,14050.0,14200.0,-138.03369360998659,123.76170760998639
2020-11-09,1299.9663063900134,180.0,900,900,18.0,0.0,0.0,0.0,0,0,100,14304.966306390013,14304.966306390013,14421.966306390013,14470.0,14470.0,14600.0,-178.03369360998659,163.7825080099867
2020-11-10,1299.9663063900134,180.0,900,900,18.0,0.0,0.0,0.0,0,0,100,14376.966306390013,14376.966306390013,15015.966306390013,14550.0,14550.0,15260.0,-244.03369360998659,229.81682866998653
2020-11-11,1299.9663063900134,180.0,900,900,18.0,0.0,0.0,0.0,0,0,100,14907.966306390013,14907.966306390013,14547.966306390013,15140.0,15140.0,14740.0,-192.03369360998659,177.7897881499864
2020-11-12,1299.9663063900134,180.0,900,900,18.0,0.0,0.0,0.0,0,0,100,14520.966306390013,14520.966306390013,14493.966306390013,14710.0,14710.0,14680.0,-186.03369360998659,171.7866680899865
2020-11-13,1299.9663063900134,180.0,900,900,18.0,0.0,0.0,0.0,0,0,100,14340.966306390013,14340.966306390013,14376.966306390013,14510.0,14510.0,14550.0,-173.03369360998659,158.77990795998653
2020-11-16,1299.9663063900134,180.0,900,900,18.0,0.0,0.0,0.0,0,0,100,14466.966306390013,14466.966306390013,14313.966306390013,14650.0,14650.0,14480.0,-166.03369360998659,151.77626788998646
2020-11-17,1299.9663063900134,180.0,900,900,18.0,0.0,0.0,0.0,0,0,100,14295.966306390013,14295.966306390013,14187.966306390013,14460.0,14460.0,14340.0,-152.03369360998659,137.76898774998654
2020-11-18,1299.9663063900134,180.0,900,900,18.0,0.0,0.0,0.0,0,0,100,14187.966306390013,14187.966306390013,14421.966306390013,14340.0,14340.0,14600.0,-178.03369360998659,163.7825080099867
2020-11-19,1299.9663063900134,180.0,900,900,18.0,0.0,0.0,0.0,0,0,100,14322.966306390013,14322.966306390013,14367.966306390013,14490.0,14490.0,14540.0,-172.03369360998659,157.77938794998636
2020-11-20,1299.9663063900134,180.0,900,900,18.0,0.0,0.0,0.0,0,0,100,14376.966306390013,14376.966306390013,14286.966306390013,14550.0,14550.0,14450.0,-163.03369360998659,148.7747078599864
2020-11-23,1299.9663063900134,180.0,900,900,18.0,0.0,0.0,0.0,0,0,100,14295.966306390013,14295.966306390013,14214.966306390013,14460.0,14460.0,14370.0,-155.03369360998659,140.7705477799866
2020-11-24,1299.9663063900134,180.0,900,900,18.0,0.0,0.0,0.0,0,0,100,14196.966306390013,14196.966306390013,14214.966306390013,14350.0,14350.0,14370.0,-155.03369360998659,140.7705477799866
2020-11-25,1299.9663063900134,180.0,900,900,18.0,0.0,0.0,0.0,0,0,100,14241.966306390013,14241.966306390013,14142.966306390013,14400.0,14400.0,14290.0,-147.03369360998659,132.76638769998635
2020-11-26,1299.9663063900134,180.0,900,900,18.0,0.0,0.0,0.0,0,0,100,14115.966306390013,14115.966306390013,14061.966306390013,14260.0,14260.0,14200.0,-138.03369360998659,123.76170760998639
2020-11-27,1299.9663063900134,180.0,900,900,18.0,0.0,0.0,0.0,0,0,100,14025.966306390013,14025.966306390013,13908.966306390013,14160.0,14160.0,14030.0,-121.03369360998659,106.7528674399864
2020-11-30,1299.9663063900134,180.0,900,900,18.0,0.0,0.0,0.0,0,0,100,13854.966306390013,13854.966306390013,13890.966306390013,13970.0,13970.0,14010.0,-119.03369360998659,104.75182741998651
2020-12-01,1299.9663063900134,180.0,900,900,18.0,0.0,0.0,0.0,0,0,100,13845.966306390013,13845.966306390013,14133.966306390013,13960.0,13960.0,14280.0,-146.03369360998659,131.76586768998664
2020-12-02,1299.9663063900134,180.0,900,900,18.0,0.0,0.0,0.0,0,0,100,14151.966306390013,14151.966306390013,14106.966306390013,14300.0,14300.0,14250.0,-143.03369360998659,128.76430765998657
2020-12-03,1299.9663063900134,180.0,900,900,18.0,0.0,0.0,0.0,0,0,100,14061.966306390013,14061.966306390013,13944.966306390013,14200.0,14200.0,14070.0,-125.03369360998659,110.75494747998641
2020-12-04,1299.9663063900134,180.0,900,900,18.0,0.0,0.0,0.0,0,0,100,13881.966306390013,13881.966306390013,13917.966306390013,14000.0,14000.0,14040.0,-122.03369360998659,107.75338744998658
2020-12-07,1299.9663063900134,180.0,900,900,18.0,0.0,0.0,0.0,0,0,100,13899.966306390013,13899.966306390013,13800.966306390013,14020.0,14020.0,13910.0,-109.03369360998659,94.74662731998637
2020-12-08,1299.9663063900134,180.0,900,900,18.0,0.0,0.0,0.0,0,0,100,13926.966306390013,13926.966306390013,14187.966306390013,14050.0,14050.0,14340.0,-152.03369360998659,137.76898774998654
2020-12-09,1299.9663063900134,180.0,900,900,18.0,0.0,0.0,0.0,0,0,100,14214.966306390013,14214.966306390013,13899.966306390013,14370.0,14370.0,14020.0,-120.03369360998659,105.75234742998668
2020-12-10,1299.9663063900134,180.0,900,900,18.0,0.0,0.0,0.0,0,0,100,13845.966306390013,13845.966306390013,13548.966306390013,13960.0,13960.0,13630.0,-81.03369360998659,66.73206703998653
2020-12-11,1299.9663063900134,180.0,900,900,18.0,0.0,0.0,0.0,0,0,100,13503.966306390013,13503.966306390013,13584.966306390013,13580.0,13580.0,13670.0,-85.03369360998659,70.73414707998654
2020-12-14,1299.9663063900134,180.0,900,900,18.0,0.0,0.0,0.0,0,0,100,13629.966306390013,13629.966306390013,13647.966306390013,13720.0,13720.0,13740.0,-92.03369360998659,77.73778714998639
2020-12-15,1299.9663063900134,180.0,900,900,18.0,0.0,0.0,0.0,0,0,100,13485.966306390013,13485.966306390013,13665.966306390013,13560.0,13560.0,13760.0,-94.03369360998659,79.73882716998651
2020-12-16,1299.9663063900134,180.0,900,900,18.0,0.0,0.0,0.0,0,0,100,13665.966306390013,13665.966306390013,13638.966306390013,13760.0,13760.0,13730.0,-91.03369360998659,76.73726713998667
2020-12-17,1299.9663063900134,180.0,900,900,18.0,0.0,0.0,0.0,0,0,100,13638.966306390013,13638.966306390013,13683.966306390013,13730.0,13730.0,13780.0,-96.03369360998659,81.7398671899864
2020-12-18,1299.9663063900134,180.0,900,900,18.0,0.0,0.0,0.0,0,0,100,13728.966306390013,13728.966306390013,13746.966306390013,13830.0,13830.0,13850.0,-103.03369360998659,88.74350725998647
2020-12-21,1299.9663063900134,180.0,900,900,18.0,0.0,0.0,0.0,0,0,100,13701.966306390013,13701.966306390013,13746.966306390013,13800.0,13800.0,13850.0,-103.03369360998659,88.74350725998647
2020-12-22,1299.9663063900134,180.0,900,900,18.0,0.0,0.0,0.0,0,0,100,13683.966306390013,13683.966306390013,13404.966306390013,13780.0,13780.0,13470.0,-65.03369360998659,50.72374687998649
2020-12-23,1299.9663063900134,180.0,900,900,18.0,0.0,0.0,0.0,0,0,100,13440.966306390013,13440.966306390013,13683.966306390013,13510.0,13510.0,13780.0,-96.03369360998659,81.7398671899864
2020-12-24,1299.9663063900134,180.0,900,900,18.0,0.0,0.0,0.0,0,0,100,13728.966306390013,13728.966306390013,13503.966306390013,13830.0,13830.0,13580.0,-76.03369360998659,61.72946698998635
2020-12-25,1299.9663063900134,180.0,900,900,18.0,0.0,0.0,0.0,0,0,100,13476.966306390013,13476.966306390013,13521.966306390013,13550.0,13550.0,13600.0,-78.03369360998659,63.73050700998647
2020-12-28,1299.9663063900134,180.0,900,900,18.0,0.0,0.0,0.0,0,0,100,13539.966306390013,13539.966306390013,13404.966306390013,13620.0,13620.0,13470.0,-65.03369360998659,50.72374687998649
2020-12-29,1299.9663063900134,180.0,900,900,18.0,0.0,0.0,0.0,0,0,100,13449.966306390013,13449.966306390013,13620.966306390013,13520.0,13520.0,13710.0,-89.03369360998659,74.73622711998632
2020-12-30,1299.9663063900134,180.0,900,900,18.0,0.0,0.0,0.0,0,0,100,13602.966306390013,13602.966306390013,13764.966306390013,13690.0,13690.0,13870.0,-105.03369360998659,90.74454727998636
2020-12-31,1299.9663063900134,180.0,900,900,18.0,0.0,0.0,0.0,0,0,100,13764.966306390013,13764.966306390013,13782.966306390013,13870.0,13870.0,13890.0,-107.03369360998659,92.74558729998648
2021-01-04,1299.9663063900134,180.0,900,900,18.0,0.0,0.0,0.0,0,0,100,13791.966306390013,13791.966306390013,13881.966306390013,13900.0,13900.0,14000.0,-118.03369360998659,103.75130740998634
2021-01-05,1299.9663063900134,180.0,900,900,18.0,0.0,0.0,0.0,0,0,100,13881.966306390013,13881.966306390013,14016.966306390013,14000.0,14000.0,14150.0,-133.03369360998659,118.75910755998666
2021-01-06,1299.9663063900134,180.0,900,900,18.0,0.0,0.0,0.0,0,0,100,14025.966306390013,14025.966306390013,13944.966306390013,14160.0,14160.0,14070.0,-125.03369360998659,110.75494747998641
2021-01-07,1299.9663063900134,180.0,900,900,18.0,0.0,0.0,0.0,0,0,100,13872.966306390013,13872.966306390013,13818.966306390013,13990.0,13990.0,13930.0,-111.03369360998659,96.74766733998672
2021-01-08,1299.9663063900134,180.0,900,900,18.0,0.0,0.0,0.0,0,0,100,13935.966306390013,13935.966306390013,14277.966306390013,14060.0,14060.0,14440.0,-162.03369360998659,147.77418784998667
2021-01-11,1299.9663063900134,180.0,900,900,18.0,0.0,0.0,0.0,0,0,100,14151.966306390013,14151.966306390013,14385.966306390013,14300.0,14300.0,14560.0,-174.03369360998659,159.78042796998648
2021-01-12,1299.9663063900134,180.0,900,900,18.0,0.0,0.0,0.0,0,0,100,14331.966306390013,14331.966306390013,14574.966306390013,14500.0,14500.0,14770.0,-195.03369360998659,180.79134817998647
2021-01-13,1299.9663063900134,180.0,900,900,18.0,0.0,0.0,0.0,0,0,100,14493.966306390013,14493.966306390013,15123.966306390013,14680.0,14680.0,15380.0,-256.0336936099866,241.82306878998656
2021-01-14,1299.9663063900134,180.0,900,900,18.0,0.0,0.0,0.0,0,0,100,15096.966306390013,15096.966306390013,15564.966306390013,15350.0,15350.0,15870.0,-305.0336936099866,290.8485492799866
2021-01-15,1299.9663063900134,180.0,900,900,18.0,0.0,0.0,0.0,0,0,100,15474.966306390013,15474.966306390013,15186.966306390013,15770.0,15770.0,15450.0,-263.0336936099866,248.8267088599864
2021-01-18,1299.9663063900134,180.0,900,900,18.0,0.0,0.0,0.0,0,0,100,15195.966306390013,15195.966306390013,15753.966306390013,15460.0,15460.0,16080.0,-326.0336936099866,311.8594694899864
2021-01-19,1299.9663063900134,180.0,900,900,18.0,0.0,0.0,0.0,0,0,100,15735.966306390013,15735.966306390013,15051.966306390013,16060.0,16060.0,15300.0,-248.03369360998659,233.81890870998654
2021-01-20,1299.9663063900134,180.0,900,900,18.0,0.0,0.0,0.0,0,0,100,15276.966306390013,15276.966306390013,15087.966306390013,15550.0,15550.0,15340.0,-252.03369360998659,237.82098874998633
2021-01-21,1299.9663063900134,180.0,900,900,18.0,0.0,0.0,0.0,0,0,100,15096.966306390013,15096.966306390013,15132.966306390013,15350.0,15350.0,15390.0,-257.0336936099866,242.8235887999865
2021-01-22,1299.9663063900134,180.0,900,900,18.0,0.0,0.0,0.0,0,0,100,15042.966306390013,15042.966306390013,14736.966306390013,15290.0,15290.0,14950.0,-213.03369360998659,198.80070835998663
2021-01-25,1299.9663063900134,180.0,900,900,18.0,0.0,0.0,0.0,0,0,100,14682.966306390013,14682.966306390013,15141.966306390013,14890.0,14890.0,15400.0,-258.0336936099866,243.82410880998668
2021-01-26,1299.9663063900134,180.0,900,900,18.0,0.0,0.0,0.0,0,0,100,14979.966306390013,14979.966306390013,14799.966306390013,15220.0,15220.0,15020.0,-220.03369360998659,205.80434842998648
2021-01-27,1299.9663063900134,180.0,900,900,18.0,0.0,0.0,0.0,0,0,100,14916.966306390013,14916.966306390013,14835.966306390013,15150.0,15150.0,15060.0,-224.03369360998659,209.80642846998649
2021-01-28,1299.9663063900134,180.0,900,900,18.0,0.0,0.0,0.0,0,0,100,14610.966306390013,14610.966306390013,14250.966306390013,14810.0,14810.0,14410.0,-159.03369360998659,144.7726278199866
2021-01-29,1299.9663063900134,180.0,900,900,18.0,0.0,0.0,0.0,0,0,100,14421.966306390013,14421.966306390013,14322.966306390013,14600.0,14600.0,14490.0,-167.03369360998659,152.7767878999864
2021-02-01,1299.9663063900134,180.0,900,900,18.0,0.0,0.0,0.0,0,0,100,14106.966306390013,14106.966306390013,13971.966306390013,14250.0,14250.0,14100.0,-128.03369360998659,113.75650750998648
2021-02-02,1299.9663063900134,180.0,900,900,18.0,0.0,0.0,0.0,0,0,100,13998.966306390013,13998.966306390013,13791.966306390013,14130.0,14130.0,13900.0,-108.03369360998659,93.74610730998643
2021-02-03,1299.9663063900134,180.0,900,900,18.0,0.0,0.0,0.0,0,0,100,13764.966306390013,13764.966306390013,13404.966306390013,13870.0,13870.0,13470.0,-65.03369360998659,50.72374687998649
2021-02-04,1299.9663063900134,180.0,900,900,18.0,0.0,0.0,0.0,0,0,100,13341.966306390013,13341.966306390013,13629.966306390013,13400.0,13400.0,13720.0,-90.03369360998659,75.7367471299865
2021-02-05,1299.9663063900134,180.0,900,900,18.0,0.0,0.0,0.0,0,0,100,13620.966306390013,13620.966306390013,13350.966306390013,13710.0,13710.0,13410.0,-59.033693609986585,44.72062681998659
2021-02-08,1299.9663063900134,180.0,900,900,18.0,0.0,0.0,0.0,0,0,100,13296.966306390013,13296.966306390013,13386.966306390013,13350.0,13350.0,13450.0,-63.033693609986585,48.7227068599866
2021-02-09,1299.9663063900134,180.0,900,900,18.0,0.0,0.0,0.0,0,0,100,13431.966306390013,13431.966306390013,13719.966306390013,13500.0,13500.0,13820.0,-100.03369360998659,85.74194722998641
2021-02-10,1299.9663063900134,180.0,900,900,18.0,0.0,0.0,0.0,0,0,100,13620.966306390013,13620.966306390013,14097.966306390013,13710.0,13710.0,14240.0,-142.03369360998659,127.76378764998663
2021-02-18,1299.9663063900134,180.0,900,900,18.0,0.0,0.0,0.0,0,0,100,14169.966306390013,14169.966306390013,14025.966306390013,14320.0,14320.0,14160.0,-134.03369360998659,119.75962756998638
2021-02-19,1299.9663063900134,180.0,900,900,18.0,0.0,0.0,0.0,0,0,100,13962.966306390013,13962.966306390013,14232.966306390013,14090.0,14090.0,14390.0,-157.03369360998659,142.7715877999865
2021-02-22,1299.9663063900134,180.0,900,900,18.0,0.0,0.0,0.0,0,0,100,14286.966306390013,14286.966306390013,14034.966306390013,14450.0,14450.0,14170.0,-135.03369360998659,120.76014757998655
2021-02-23,1299.9663063900134,180.0,900,900,18.0,0.0,0.0,0.0,0,0,100,13926.966306390013,13926.966306390013,13872.966306390013,14050.0,14050.0,13990.0,-117.03369360998659,102.75078739998662
2021-02-24,1299.9663063900134,180.0,900,900,18.0,0.0,0.0,0.0,0,0,100,13890.966306390013,13890.966306390013,14106.966306390013,14010.0,14010.0,14250.0,-143.03369360998659,128.76430765998657
2021-02-25,1299.9663063900134,180.0,900,900,18.0,0.0,0.0,0.0,0,0,100,14106.966306390013,14106.966306390013,13989.966306390013,14250.0,14250.0,14120.0,-130.03369360998659,115.7575475299866
2021-02-26,1299.9663063900134,180.0,900,900,18.0,0.0,0.0,0.0,0,0,100,13854.966306390013,13854.966306390013,13890.966306390013,13970.0,13970.0,14010.0,-119.03369360998659,104.75182741998651
2021-03-01,1299.9663063900134,180.0,900,900,18.0,0.0,0.0,0.0,0,0,100,13917.966306390013,13917.966306390013,13926.966306390013,14040.0,14040.0,14050.0,-123.03369360998659,108.75390745998652
2021-03-02,1299.9663063900134,180.0,900,900,18.0,0.0,0.0,0.0,0,0,100,13971.966306390013,13971.966306390013,13683.966306390013,14100.0,14100.0,13780.0,-96.03369360998659,81.7398671899864
2021-03-03,1299.9663063900134,180.0,900,900,18.0,0.0,0.0,0.0,0,0,100,13665.966306390013,13665.966306390013,13971.966306390013,13760.0,13760.0,14100.0,-128.03369360998659,113.75650750998648
2021-03-04,1299.9663063900134,180.0,900,900,18.0,0.0,0.0,0.0,0,0,100,13881.966306390013,13881.966306390013,13728.966306390013,14000.0,14000.0,13830.0,-101.03369360998659,86.74246723998658
2021-03-05,1299.9663063900134,180.0,900,900,18.0,0.0,0.0,0.0,0,0,100,13611.966306390013,13611.966306390013,13836.966306390013,13700.0,13700.0,13950.0,-113.03369360998659,98.74870735998661
2021-03-08,1299.9663063900134,180.0,900,900,18.0,0.0,0.0,0.0,0,0,100,13845.966306390013,13845.966306390013,13791.966306390013,13960.0,13960.0,13900.0,-108.03369360998659,93.74610730998643
2021-03-09,1299.9663063900134,180.0,900,900,18.0,0.0,0.0,0.0,0,0,100,13773.966306390013,13773.966306390013,13971.966306390013,13880.0,13880.0,14100.0,-128.03369360998659,113.75650750998648
2021-03-10,1299.9663063900134,180.0,900,900,18.0,0.0,0.0,0.0,0,0,100,14043.966306390013,14043.966306390013,13818.966306390013,14180.0,14180.0,13930.0,-111.03369360998659,96.74766733998672
2021-03-11,1299.9663063900134,180.0,900,900,18.0,0.0,0.0,0.0,0,0,100,13809.966306390013,13809.966306390013,13764.966306390013,13920.0,13920.0,13870.0,-105.03369360998659,90.74454727998636
2021-03-12,1299.9663063900134,180.0,900,900,18.0,0.0,0.0,0.0,0,0,100,13782.966306390013,13782.966306390013,13638.966306390013,13890.0,13890.0,13730.0,-91.03369360998659,76.73726713998667
2021-03-15,1299.9663063900134,180.0,900,900,18.0,0.0,0.0,0.0,0,0,100,13593.966306390013,13593.966306390013,13449.966306390013,13680.0,13680.0,13520.0,-70.03369360998659,55.72634692998645
2021-03-16,1299.9663063900134,180.0,900,900,18.0,0.0,0.0,0.0,0,0,100,13467.966306390013,13467.966306390013,13584.966306390013,13540.0,13540.0,13670.0,-85.03369360998659,70.73414707998654
2021-03-17,1299.9663063900134,180.0,900,900,18.0,0.0,0.0,0.0,0,0,100,13566.966306390013,13566.966306390013,13656.966306390013,13650.0,13650.0,13750.0,-93.03369360998659,78.73830715998656
2021-03-18,1299.9663063900134,180.0,900,900,18.0,0.0,0.0,0.0,0,0,100,13674.966306390013,13674.966306390013,13629.966306390013,13770.0,13770.0,13720.0,-90.03369360998659,75.7367471299865
2021-03-19,1299.9663063900134,180.0,900,900,18.0,0.0,0.0,0.0,0,0,100,13629.966306390013,13629.966306390013,13611.966306390013,13720.0,13720.0,13700.0,-88.03369360998659,73.7357071099866
2021-03-22,1299.9663063900134,180.0,900,900,18.0,0.0,0.0,0.0,0,0,100,13593.966306390013,13593.966306390013,13656.966306390013,13680.0,13680.0,13750.0,-93.03369360998659,78.73830715998656
2021-03-23,1299.9663063900134,180.0,900,900,18.0,0.0,0.0,0.0,0,0,100,13665.966306390013,13665.966306390013,13746.966306390013,13760.0,13760.0,13850.0,-103.03369360998659,88.74350725998647
2021-03-24,1299.9663063900134,180.0,900,900,18.0,0.0,0.0,0.0,0,0,100,13755.966306390013,13755.966306390013,13935.966306390013,13860.0,13860.0,14060.0,-124.03369360998659,109.75442746998647
2021-03-25,1299.9663063900134,180.0,900,900,18.0,0.0,0.0,0.0,0,0,100,13971.966306390013,13971.966306390013,13899.966306390013,14100.0,14100.0,14020.0,-120.03369360998659,105.75234742998668
2021-03-26,1299.9663063900134,180.0,900,900,18.0,0.0,0.0,0.0,0,0,100,13881.966306390013,13881.966306390013,14097.966306390013,14000.0,14000.0,14240.0,-142.03369360998659,127.76378764998663
2021-03-29,1299.9663063900134,180.0,900,900,18.0,0.0,0.0,0.0,0,0,100,14124.966306390013,14124.966306390013,13746.966306390013,14270.0,14270.0,13850.0,-103.03369360998659,88.74350725998647
2021-03-30,1299.9663063900134,180.0,900,900,18.0,0.0,0.0,0.0,0,0,100,13827.966306390013,13827.966306390013,14385.966306390013,13940.0,13940.0,14560.0,-174.03369360998659,159.78042796998648
2021-03-31,1299.9663063900134,180.0,900,900,18.0,0.0,0.0,0.0,0,0,100,14331.966306390013,14331.966306390013,14394.966306390013,14500.0,14500.0,14570.0,-175.03369360998659,160.78094797998642
2021-04-01,1299.9663063900134,180.0,900,900,18.0,0.0,0.0,0.0,0,0,100,14430.966306390013,14430.966306390013,14439.966306390013,14610.0,14610.0,14620.0,-180.03369360998659,165.7835480299866
2021-04-02,1299.9663063900134,180.0,900,900,18.0,0.0,0.0,0.0,0,0,100,14394.966306390013,14394.966306390013,14196.966306390013,14570.0,14570.0,14350.0,-153.03369360998659,138.76950775998648
2021-04-06,1299.9663063900134,180.0,900,900,18.0,0.0,0.0,0.0,0,0,100,14358.966306390013,14358.966306390013,14205.966306390013,14530.0,14530.0,14360.0,-154.03369360998659,139.77002776998643
2021-04-07,1299.9663063900134,180.0,900,900,18.0,0.0,0.0,0.0,0,0,100,14232.966306390013,14232.966306390013,14403.966306390013,14390.0,14390.0,14580.0,-176.03369360998659,161.78146798998637
2021-04-08,1299.9663063900134,180.0,900,900,18.0,0.0,0.0,0.0,0,0,100,14367.966306390013,14367.966306390013,14385.966306390013,14540.0,14540.0,14560.0,-174.03369360998659,159.78042796998648
2021-04-09,1299.9663063900134,180.0,900,900,18.0,0.0,0.0,0.0,0,0,100,14322.966306390013,14322.966306390013,14115.966306390013,14490.0,14490.0,14260.0,-144.03369360998659,129.76482766998652
2021-04-12,1299.9663063900134,180.0,900,900,18.0,0.0,0.0,0.0,0,0,100,14106.966306390013,14106.966306390013,14115.966306390013,14250.0,14250.0,14260.0,-144.03369360998659,129.76482766998652
2021-04-13,1299.9663063900134,180.0,900,900,18.0,0.0,0.0,0.0,0,0,100,14115.966306390013,14115.966306390013,14502.966306390013,14260.0,14260.0,14690.0,-187.03369360998659,172.78718809998645
2021-04-14,1299.9663063900134,180.0,900,900,18.0,0.0,0.0,0.0,0,0,100,14592.966306390013,14592.966306390013,14511.966306390013,14790.0,14790.0,14700.0,-188.03369360998659,173.7877081099864
2021-04-15,1299.9663063900134,180.0,900,900,18.0,0.0,0.0,0.0,0,0,100,14547.966306390013,14547.966306390013,14403.966306390013,14740.0,14740.0,14580.0,-176.03369360998659,161.78146798998637
2021-04-16,1299.9663063900134,180.0,900,900,18.0,0.0,0.0,0.0,0,0,100,14322.966306390013,14322.966306390013,14421.966306390013,14490.0,14490.0,14600.0,-178.03369360998659,163.7825080099867
2021-04-19,1299.9663063900134,180.0,900,900,18.0,0.0,0.0,0.0,0,0,100,14376.966306390013,14376.966306390013,14700.966306390013,14550.0,14550.0,14910.0,-209.03369360998659,194.79862831998662
2021-04-20,1299.9663063900134,180.0,900,900,18.0,0.0,0.0,0.0,0,0,100,14646.966306390013,14646.966306390013,14403.966306390013,14850.0,14850.0,14580.0,-176.03369360998659,161.78146798998637
2021-04-21,1299.9663063900134,180.0,900,900,18.0,0.0,0.0,0.0,0,0,100,14358.966306390013,14358.966306390013,14439.966306390013,14530.0,14530.0,14620.0,-180.03369360998659,165.7835480299866
2021-04-22,1299.9663063900134,180.0,900,900,18.0,0.0,0.0,0.0,0,0,100,14448.966306390013,14448.966306390013,14223.966306390013,14630.0,14630.0,14380.0,-156.03369360998659,141.77106778998632
2021-04-23,1299.9663063900134,180.0,900,900,18.0,0.0,0.0,0.0,0,0,100,14196.966306390013,14196.966306390013,14223.966306390013,14350.0,14350.0,14380.0,-156.03369360998659,141.77106778998632
2021-04-26,1299.9663063900134,180.0,900,900,18.0,0.0,0.0,0.0,0,0,100,14250.966306390013,14250.966306390013,14376.966306390013,14410.0,14410.0,14550.0,-173.03369360998659,158.77990795998653
2021-04-27,1299.9663063900134,180.0,900,900,18.0,0.0,0.0,0.0,0,0,100,14367.966306390013,14367.966306390013,14439.966306390013,14540.0,14540.0,14620.0,-180.03369360998659,165.7835480299866
2021-04-28,1299.9663063900134,180.0,900,900,18.0,0.0,0.0,0.0,0,0,100,14448.966306390013,14448.966306390013,14556.966306390013,14630.0,14630.0,14750.0,-193.03369360998659,178.79030815998658
2021-04-29,1299.9663063900134,180.0,900,900,18.0,0.0,0.0,0.0,0,0,100,14646.966306390013,14646.966306390013,14691.966306390013,14850.0,14850.0,14900.0,-208.03369360998659,193.79810830998645
2021-04-30,1299.9663063900134,180.0,900,900,18.0,0.0,0.0,0.0,0,0,100,14646.966306390013,14646.966306390013,13845.966306390013,14850.0,14850.0,13960.0,-114.03369360998659,99.74922736998656
2021-05-06,1299.9663063900134,180.0,900,900,18.0,0.0,0.0,0.0,0,0,100,13710.966306390013,13710.966306390013,13764.966306390013,13810.0,13810.0,13870.0,-105.03369360998659,90.74454727998636
2021-05-07,1299.9663063900134,180.0,900,900,18.0,0.0,0.0,0.0,0,0,100,13764.966306390013,13764.966306390013,13566.966306390013,13870.0,13870.0,13650.0,-83.03369360998659,68.73310705998642
2021-05-10,1299.9663063900134,180.0,900,900,18.0,0.0,0.0,0.0,0,0,100,13611.966306390013,13611.966306390013,13629.966306390013,13700.0,13700.0,13720.0,-90.03369360998659,75.7367471299865
2021-05-11,1299.9663063900134,180.0,900,900,18.0,0.0,0.0,0.0,0,0,100,13566.966306390013,13566.966306390013,13602.966306390013,13650.0,13650.0,13690.0,-87.03369360998659,72.73518709998643
2021-05-12,1299.9663063900134,180.0,900,900,18.0,0.0,0.0,0.0,0,0,100,13539.966306390013,13539.966306390013,13629.966306390013,13620.0,13620.0,13720.0,-90.03369360998659,75.7367471299865
2021-05-13,1299.9663063900134,180.0,900,900,18.0,0.0,0.0,0.0,0,0,100,13557.966306390013,13557.966306390013,13503.966306390013,13640.0,13640.0,13580.0,-76.03369360998659,61.72946698998635
2021-05-14,1299.9663063900134,180.0,900,900,18.0,0.0,0.0,0.0,0,0,100,13521.966306390013,13521.966306390013,13593.966306390013,13600.0,13600.0,13680.0,-86.03369360998659,71.73466708998649
2021-05-17,1299.9663063900134,180.0,900,900,18.0,0.0,0.0,0.0,0,0,100,13575.966306390013,13575.966306390013,13431.966306390013,13660.0,13660.0,13500.0,-68.03369360998659,53.72530690998656
2021-05-18,1299.9663063900134,180.0,900,900,18.0,0.0,0.0,0.0,0,0,100,13440.966306390013,13440.966306390013,13476.966306390013,13510.0,13510.0,13550.0,-73.03369360998659,58.72790695998651
2021-05-19,1299.9663063900134,180.0,900,900,18.0,0.0,0.0,0.0,0,0,100,13431.966306390013,13431.966306390013,13350.966306390013,13500.0,13500.0,13410.0,-59.033693609986585,44.72062681998659
2021-05-20,1299.9663063900134,180.0,900,900,18.0,0.0,0.0,0.0,0,0,100,13341.966306390013,13341.966306390013,13359.966306390013,13400.0,13400.0,13420.0,-60.033693609986585,45.72114682998631
2021-05-21,1299.9663063900134,180.0,900,900,18.0,0.0,0.0,0.0,0,0,100,13350.966306390013,13350.966306390013,13260.966306390013,13410.0,13410.0,13310.0,-49.033693609986585,34.71542671998645
2021-05-24,1299.9663063900134,180.0,900,900,18.0,0.0,0.0,0.0,0,0,100,13260.966306390013,13260.966306390013,12756.966306390013,13310.0,13310.0,12750.0,6.966306390013415,0.0
2021-05-25,38.31317383001351,180.0,1000,1000,18.0,5.02513256,0.0,0.0,100,0,0,12765.966306390013,12760.313173830014,12840.313173830014,12760.0,12760.0,12840.0,0.3131738300144207,0.0
2021-05-26,12556.228379430013,180.0,0,0,0.0,17.804794400000002,18.0,0.0,0,1000,0,12760.313173830014,12760.313173830014,12736.228379430013,12760.0,12760.0,12760.0,-23.771620569987135,15.302946169986171
2021-05-27,14.712654130013107,180.0,1000,1000,0.0,5.2507253,0.0,0.0,1000,0,0,12736.228379430013,12724.712654130013,12814.712654130013,12730.0,12730.0,12820.0,-5.287345869986893,0.0
2021-05-28,14.712654130013107,180.0,1000,1000,0.0,0.0,0.0,0.0,0,0,0,12754.712654130013,12754.712654130013,12544.712654130013,12760.0,12760.0,12550.0,-5.287345869986893,0.0
2021-05-31,14.712654130013107,180.0,1000,1000,0.0,0.0,0.0,0.0,0,0,0,12574.712654130013,12574.712654130013,12614.712654130013,12580.0,12580.0,12620.0,-5.287345869986893,0.0
2021-06-01,12420.825393430014,180.0,0,0,0.0,17.672260700000002,0.0,0.0,0,1000,0,12614.712654130013,12614.712654130013,12600.825393430014,12620.0,12620.0,12630.0,-29.17460656998628,20.63833086998602
2021-06-02,1232.0127216500132,180.0,900,900,0.0,5.22367178,0.0,0.0,900,0,100,12600.825393430014,12590.012721650013,12410.012721650013,12620.0,12620.0,12420.0,-9.98727834998681,0.0
2021-06-03,4.377269430013257,180.0,1000,1000,0.0,5.02445222,0.0,0.0,100,0,0,12410.012721650013,12404.377269430013,12444.377269430013,12420.0,12420.0,12460.0,-15.622730569986743,0.0
2021-06-04,4.377269430013257,180.0,1000,1000,0.0,0.0,0.0,0.0,0,0,0,12394.377269430013,12394.377269430013,12404.377269430013,12410.0,12410.0,12420.0,-15.622730569986743,0.0
2021-06-07,4.377269430013257,180.0,1000,1000,0.0,0.0,0.0,0.0,0,0,0,12414.377269430013,12414.377269430013,12674.377269430013,12430.0,12430.0,12690.0,-15.622730569986743,0.0
2021-06-08,12490.368449530015,180.0,0,0,0.0,17.753819900000003,0.0,0.0,0,1000,0,12744.377269430013,12744.377269430013,12670.368449530015,12760.0,12760.0,12710.0,-39.631550469985086,31.136875569984113
2021-06-09,8.88392483001553,180.0,1000,1000,0.0,5.2495247,0.0,0.0,1000,0,0,12670.368449530015,12658.883924830016,12728.883924830016,12670.0,12670.0,12740.0,-11.11607516998447,0.0
2021-06-10,8.88392483001553,180.0,1000,1000,0.0,0.0,0.0,0.0,0,0,0,12698.883924830016,12698.883924830016,12748.883924830016,12710.0,12710.0,12760.0,-11.11607516998447,0.0
2021-06-11,8.88392483001553,180.0,1000,1000,0.0,0.0,0.0,0.0,0,0,0,12748.883924830016,12748.883924830016,12688.883924830016,12760.0,12760.0,12700.0,-11.11607516998447,0.0
2021-06-15,8.88392483001553,180.0,1000,1000,0.0,0.0,0.0,0.0,0,0,0,12688.883924830016,12688.883924830016,12738.883924830016,12700.0,12700.0,12750.0,-11.11607516998447,0.0
2021-06-16,8.88392483001553,180.0,1000,1000,0.0,0.0,0.0,0.0,0,0,0,12688.883924830016,12688.883924830016,12508.883924830016,12700.0,12700.0,12520.0,-11.11607516998447,0.0
2021-06-17,8.88392483001553,180.0,1000,1000,0.0,0.0,0.0,0.0,0,0,0,12498.883924830016,12498.883924830016,12638.883924830016,12510.0,12510.0,12650.0,-11.11607516998447,0.0
2021-06-18,12474.905494730017,180.0,0,0,0.0,17.7334301,0.0,0.0,0,1000,0,12668.883924830016,12668.883924830016,12654.905494730017,12680.0,12680.0,12690.0,-35.09450526998262,26.589430169980915
2021-06-21,63.45737073001874,180.0,1000,1000,0.0,5.248124,0.0,0.0,1000,0,0,12654.905494730017,12643.457370730019,12623.457370730019,12600.0,12600.0,12580.0,43.45737073001874,0.0
2021-06-22,63.45737073001874,180.0,1000,1000,0.0,0.0,0.0,0.0,0,0,0,12613.457370730019,12613.457370730019,12553.457370730019,12570.0,12570.0,12510.0,43.45737073001874,0.0
2021-06-23,63.45737073001874,180.0,1000,1000,0.0,0.0,0.0,0.0,0,0,0,12563.457370730019,12563.457370730019,12803.457370730019,12520.0,12520.0,12760.0,43.45737073001874,0.0
2021-06-24,63.45737073001874,180.0,1000,1000,0.0,0.0,0.0,0.0,0,0,0,12853.457370730019,12853.457370730019,12913.457370730019,12810.0,12810.0,12870.0,43.45737073001874,0.0
2021-06-25,12649.29660183002,180.0,0,0,0.0,17.8557689,0.0,0.0,0,1000,0,12933.457370730019,12933.457370730019,12829.29660183002,12890.0,12890.0,12810.0,19.296601830019426,0.0
2021-06-28,1244.3716078900197,180.0,900,900,0.0,5.22799394,0.0,0.0,900,0,100,12829.29660183002,12818.37160789002,12746.37160789002,12860.0,12860.0,12780.0,-33.62839210998027,19.282564689980063
2021-06-29,1244.3716078900197,180.0,900,900,0.0,0.0,0.0,0.0,0,0,100,12746.37160789002,12746.37160789002,12593.37160789002,12780.0,12780.0,12610.0,-16.62839210998027,2.2737245199803056
2021-06-30,1244.3716078900197,180.0,900,900,0.0,0.0,0.0,0.0,0,0,100,12629.37160789002,12629.37160789002,12593.37160789002,12650.0,12650.0,12610.0,-16.62839210998027,2.2737245199803056
2021-07-01,1244.3716078900197,180.0,900,900,0.0,0.0,0.0,0.0,0,0,100,12602.37160789002,12602.37160789002,12494.37160789002,12620.0,12620.0,12500.0,-5.628392109980268,0.0
2021-07-02,9.732515600019724,180.0,1000,1000,0.0,5.02459229,0.0,0.0,100,0,0,12485.37160789002,12479.732515600019,12159.732515600019,12490.0,12490.0,12170.0,-10.267484399981186,0.0
2021-07-05,9.732515600019724,180.0,1000,1000,0.0,0.0,0.0,0.0,0,0,0,12139.732515600019,12139.732515600019,12379.732515600019,12150.0,12150.0,12390.0,-10.267484399981186,0.0
2021-07-06,12216.14915290002,180.0,0,0,0.0,17.4683627,0.0,0.0,0,1000,0,12379.732515600019,12379.732515600019,12396.14915290002,12390.0,12390.0,12430.0,-33.850847099980456,25.21056939998016
2021-07-07,14.810231000019485,180.0,1000,1000,0.0,5.2439219,0.0,0.0,1000,0,0,12396.14915290002,12384.81023100002,12344.81023100002,12390.0,12390.0,12350.0,-5.189768999980515,0.0
2021-07-08,14.810231000019485,180.0,1000,1000,0.0,0.0,0.0,0.0,0,0,0,12354.81023100002,12354.81023100002,12224.81023100002,12360.0,12360.0,12230.0,-5.189768999980515,0.0
2021-07-09,14.810231000019485,180.0,1000,1000,0.0,0.0,0.0,0.0,0,0,0,12214.81023100002,12214.81023100002,12144.81023100002,12220.0,12220.0,12150.0,-5.189768999980515,0.0
2021-07-12,14.810231000019485,180.0,1000,1000,0.0,0.0,0.0,0.0,0,0,0,12194.81023100002,12194.81023100002,12194.81023100002,12200.0,12200.0,12200.0,-5.189768999980515,0.0
2021-07-13,14.810231000019485,180.0,1000,1000,0.0,0.0,0.0,0.0,0,0,0,12214.81023100002,12214.81023100002,12234.81023100002,12220.0,12220.0,12240.0,-5.189768999980515,0.0
2021-07-14,14.810231000019485,180.0,1000,1000,0.0,0.0,0.0,0.0,0,0,0,12204.81023100002,12204.81023100002,11834.81023100002,12210.0,12210.0,11840.0,-5.189768999980515,0.0
2021-07-15,14.810231000019485,180.0,1000,1000,0.0,0.0,0.0,0.0,0,0,0,11854.81023100002,11854.81023100002,11944.81023100002,11860.0,11860.0,11950.0,-5.189768999980515,0.0
2021-07-16,11482.35129090002,180.0,0,0,0.0,16.713940100000002,0.0,0.0,0,1000,0,11914.81023100002,11914.81023100002,11662.35129090002,11920.0,11920.0,11690.0,-27.648709099979897,18.623623999978008
2021-07-19,1121.96918740002,180.0,900,900,0.0,5.2071035,0.0,0.0,900,0,100,11662.35129090002,11651.96918740002,11705.96918740002,11700.0,11700.0,11760.0,-54.03081259997998,39.63194415997987
2021-07-20,1121.96918740002,180.0,900,900,0.0,0.0,0.0,0.0,0,0,100,11660.96918740002,11660.96918740002,11849.96918740002,11710.0,11710.0,11920.0,-70.03081259997998,55.640264319979906
2021-07-21,1121.96918740002,180.0,900,900,0.0,0.0,0.0,0.0,0,0,100,11831.96918740002,11831.96918740002,11894.96918740002,11900.0,11900.0,11970.0,-75.03081259997998,60.64286436997986
2021-07-22,1121.96918740002,180.0,900,900,0.0,0.0,0.0,0.0,0,0,100,11885.96918740002,11885.96918740002,11840.96918740002,11960.0,11960.0,11910.0,-69.03081259997998,54.63974430997996
2021-07-23,1121.96918740002,180.0,900,900,0.0,0.0,0.0,0.0,0,0,100,11831.96918740002,11831.96918740002,11885.96918740002,11900.0,11900.0,11960.0,-74.03081259997998,59.642344359979916
2021-07-26,1121.96918740002,180.0,900,900,0.0,0.0,0.0,0.0,0,0,100,11912.96918740002,11912.96918740002,11759.96918740002,11990.0,11990.0,11820.0,-60.03081259997998,45.635064219979995
2021-07-27,1121.96918740002,405.0,900,900,45.0,0.0,0.0,0.0,0,0,100,11768.96918740002,11768.96918740002,11633.96918740002,11880.0,11880.0,11730.0,-96.03081259997998,56.6173838799798
2021-07-28,1121.96918740002,405.0,900,900,45.0,0.0,0.0,0.0,0,0,100,11633.96918740002,11633.96918740002,11381.96918740002,11730.0,11730.0,11450.0,-68.03081259997998,28.602823599979956
2021-07-29,1121.96918740002,405.0,900,900,45.0,0.0,0.0,0.0,0,0,100,11426.96918740002,11426.96918740002,11372.96918740002,11500.0,11500.0,11440.0,-67.03081259997998,27.602303589979783
2021-07-30,1121.96918740002,405.0,900,900,45.0,0.0,0.0,0.0,0,0,100,11345.96918740002,11345.96918740002,11579.96918740002,11410.0,11410.0,11670.0,-90.03081259997998,50.6142638199799
2021-08-02,1121.96918740002,405.0,900,900,45.0,0.0,0.0,0.0,0,0,100,11579.96918740002,11579.96918740002,12110.96918740002,11670.0,11670.0,12260.0,-149.03081259997998,109.6449444099801
2021-08-03,1121.96918740002,405.0,900,900,45.0,0.0,0.0,0.0,0,0,100,12146.96918740002,12146.96918740002,12128.96918740002,12300.0,12300.0,12280.0,-151.03081259997998,111.64598442997999
2021-08-04,1121.96918740002,405.0,900,900,45.0,0.0,0.0,0.0,0,0,100,12092.96918740002,12092.96918740002,12200.96918740002,12240.0,12240.0,12360.0,-159.03081259997998,119.65014450997978
2021-08-05,1121.96918740002,405.0,900,900,45.0,0.0,0.0,0.0,0,0,100,12263.96918740002,12263.96918740002,12146.96918740002,12430.0,12430.0,12300.0,-153.03081259997998,113.64702444997988
2021-08-06,1121.96918740002,405.0,900,900,45.0,0.0,0.0,0.0,0,0,100,12128.96918740002,12128.96918740002,12128.96918740002,12280.0,12280.0,12280.0,-151.03081259997998,111.64598442997999
2021-08-09,1121.96918740002,405.0,900,900,45.0,0.0,0.0,0.0,0,0,100,12101.96918740002,12101.96918740002,12308.96918740002,12250.0,12250.0,12480.0,-171.03081259997998,131.65638462998004
2021-08-10,1121.96918740002,405.0,900,900,45.0,0.0,0.0,0.0,0,0,100,12326.96918740002,12326.96918740002,12407.96918740002,12500.0,12500.0,12590.0,-182.03081259997998,142.6621047399799
2021-08-11,1121.96918740002,405.0,900,900,45.0,0.0,0.0,0.0,0,0,100,12497.96918740002,12497.96918740002,12083.96918740002,12690.0,12690.0,12230.0,-146.03081259997998,106.64338437998003
2021-08-12,1121.96918740002,405.0,900,900,45.0,0.0,0.0,0.0,0,0,100,12065.96918740002,12065.96918740002,12056.96918740002,12210.0,12210.0,12200.0,-143.03081259997998,103.64182434997974
2021-08-13,1121.96918740002,405.0,900,900,45.0,0.0,0.0,0.0,0,0,100,12047.96918740002,12047.96918740002,12137.96918740002,12190.0,12190.0,12290.0,-152.03081259997998,112.64650443997994
2021-08-16,1121.96918740002,405.0,900,900,45.0,0.0,0.0,0.0,0,0,100,12164.96918740002,12164.96918740002,12524.96918740002,12320.0,12320.0,12720.0,-195.03081259997998,155.66886486997987
2021-08-17,1121.96918740002,405.0,900,900,45.0,0.0,0.0,0.0,0,0,100,12524.96918740002,12524.96918740002,12299.96918740002,12720.0,12720.0,12470.0,-170.03081259997998,130.65586461997987
2021-08-18,1121.96918740002,405.0,900,900,45.0,0.0,0.0,0.0,0,0,100,12290.96918740002,12290.96918740002,12506.96918740002,12460.0,12460.0,12700.0,-193.03081259997998,153.66782484997998
2021-08-19,1121.96918740002,405.0,900,900,45.0,0.0,0.0,0.0,0,0,100,12461.96918740002,12461.96918740002,12146.96918740002,12650.0,12650.0,12300.0,-153.03081259997998,113.64702444997988
2021-08-20,1121.96918740002,405.0,900,900,22.5,0.0,0.0,0.0,0,0,100,12196.46918740002,12196.46918740002,12196.46918740002,12330.0,12330.0,12330.0,-133.53081259997998,94.14858447997972
2021-08-23,1121.96918740002,405.0,900,900,22.5,0.0,0.0,0.0,0,0,100,12268.46918740002,12268.46918740002,12340.46918740002,12410.0,12410.0,12490.0,-149.53081259997998,110.15690463997976
2021-08-24,1121.96918740002,405.0,900,900,22.5,0.0,0.0,0.0,0,0,100,12439.46918740002,12439.46918740002,12349.46918740002,12600.0,12600.0,12500.0,-150.53081259997998,111.15742464997993
2021-08-25,1121.96918740002,405.0,900,900,22.5,0.0,0.0,0.0,0,0,100,12331.46918740002,12331.46918740002,12286.46918740002,12480.0,12480.0,12430.0,-143.53081259997998,104.15378457997986
2021-08-26,1121.96918740002,405.0,900,900,22.5,0.0,0.0,0.0,0,0,100,12268.46918740002,12268.46918740002,12025.46918740002,12410.0,12410.0,12140.0,-114.53081259997998,75.13870428997984
2021-08-27,1121.96918740002,405.0,900,900,22.5,0.0,0.0,0.0,0,0,100,12025.46918740002,12025.46918740002,12043.46918740002,12140.0,12140.0,12160.0,-116.53081259997998,77.13974430997996
2021-08-30,1121.96918740002,405.0,900,900,22.5,0.0,0.0,0.0,0,0,100,12079.46918740002,12079.46918740002,11863.46918740002,12200.0,12200.0,11960.0,-96.53081259997998,57.12934410997991
2021-08-31,1121.96918740002,405.0,900,900,22.5,0.0,0.0,0.0,0,0,100,11881.46918740002,11881.46918740002,11836.46918740002,11980.0,11980.0,11930.0,-93.53081259997998,54.12778407997985
2021-09-01,1121.96918740002,405.0,900,900,22.5,0.0,0.0,0.0,0,0,100,11836.46918740002,11836.46918740002,12043.46918740002,11930.0,11930.0,12160.0,-116.53081259997998,77.13974430997996
2021-09-02,1121.96918740002,405.0,900,900,22.5,0.0,0.0,0.0,0,0,100,12043.46918740002,12043.46918740002,12079.46918740002,12160.0,12160.0,12200.0,-120.53081259997998,81.14182434997974
2021-09-03,1121.96918740002,405.0,900,900,22.5,0.0,0.0,0.0,0,0,100,12124.46918740002,12124.46918740002,12304.46918740002,12250.0,12250.0,12450.0,-145.53081259997998,106.15482459997997
2021-09-06,1121.96918740002,405.0,900,900,22.5,0.0,0.0,0.0,0,0,100,12313.46918740002,12313.46918740002,12349.46918740002,12460.0,12460.0,12500.0,-150.53081259997998,111.15742464997993
2021-09-07,1121.96918740002,405.0,900,900,22.5,0.0,0.0,0.0,0,0,100,12349.46918740002,12349.46918740002,12457.46918740002,12500.0,12500.0,12620.0,-162.53081259997998,123.16366476997973
2021-09-08,1121.96918740002,405.0,900,900,22.5,0.0,0.0,0.0,0,0,100,12457.46918740002,12457.46918740002,12475.46918740002,12620.0,12620.0,12640.0,-164.53081259997998,125.16470478998008
2021-09-09,1121.96918740002,405.0,900,900,22.5,0.0,0.0,0.0,0,0,100,12520.46918740002,12520.46918740002,12466.46918740002,12690.0,12690.0,12630.0,-163.53081259997998,124.1641847799799
2021-09-10,1121.96918740002,405.0,900,900,22.5,0.0,0.0,0.0,0,0,100,12457.46918740002,12457.46918740002,12484.46918740002,12620.0,12620.0,12650.0,-165.53081259997998,126.1652247999798
2021-09-13,1121.96918740002,405.0,900,900,22.5,0.0,0.0,0.0,0,0,100,12502.46918740002,12502.46918740002,12457.46918740002,12670.0,12670.0,12620.0,-162.53081259997998,123.16366476997973
2021-09-14,1121.96918740002,405.0,900,900,22.5,0.0,0.0,0.0,0,0,100,12412.46918740002,12412.46918740002,12250.46918740002,12570.0,12570.0,12390.0,-139.53081259997998,100.15170453998007
2021-09-15,1121.96918740002,405.0,900,900,22.5,0.0,0.0,0.0,0,0,100,12241.46918740002,12241.46918740002,12124.46918740002,12380.0,12380.0,12250.0,-125.53081259997998,86.14442439997993
2021-09-16,1121.96918740002,405.0,900,900,22.5,0.0,0.0,0.0,0,0,100,12124.46918740002,12124.46918740002,12079.46918740002,12250.0,12250.0,12200.0,-120.53081259997998,81.14182434997974
2021-09-17,1121.96918740002,405.0,900,900,22.5,0.0,0.0,0.0,0,0,100,12079.46918740002,12079.46918740002,12079.46918740002,12200.0,12200.0,12200.0,-120.53081259997998,81.14182434997974
2021-09-22,1121.96918740002,405.0,900,900,22.5,0.0,0.0,0.0,0,0,100,12016.46918740002,12016.46918740002,12025.46918740002,12130.0,12130.0,12140.0,-114.53081259997998,75.13870428997984
2021-09-23,1121.96918740002,405.0,900,900,22.5,0.0,0.0,0.0,0,0,100,12295.46918740002,12295.46918740002,12376.46918740002,12440.0,12440.0,12530.0,-153.53081259997998,114.15898467998
2021-09-24,1121.96918740002,405.0,900,900,22.5,0.0,0.0,0.0,0,0,100,12304.46918740002,12304.46918740002,12178.46918740002,12450.0,12450.0,12310.0,-131.53081259997998,92.14754445997983
2021-09-27,1121.96918740002,405.0,900,900,22.5,0.0,0.0,0.0,0,0,100,12214.46918740002,12214.46918740002,12187.46918740002,12350.0,12350.0,12320.0,-132.53081259997998,93.14806446998
2021-09-28,1121.96918740002,405.0,900,900,22.5,0.0,0.0,0.0,0,0,100,12133.46918740002,12133.46918740002,12124.46918740002,12260.0,12260.0,12250.0,-125.53081259997998,86.14442439997993
2021-09-29,1121.96918740002,405.0,900,900,22.5,0.0,0.0,0.0,0,0,100,12124.46918740002,12124.46918740002,12160.46918740002,12250.0,12250.0,12290.0,-129.53081259997998,90.14650443997994
2021-09-30,1121.96918740002,405.0,900,900,22.5,0.0,0.0,0.0,0,0,100,12160.46918740002,12160.46918740002,11962.46918740002,12290.0,12290.0,12070.0,-107.53081259997998,68.13506421998
2021-10-08,1121.96918740002,405.0,900,900,22.5,0.0,0.0,0.0,0,0,100,12070.46918740002,12070.46918740002,12412.46918740002,12190.0,12190.0,12570.0,-157.53081259997998,118.16106471998
2021-10-11,1121.96918740002,405.0,900,900,22.5,0.0,0.0,0.0,0,0,100,12412.46918740002,12412.46918740002,12421.46918740002,12570.0,12570.0,12580.0,-158.53081259997998,119.16158472997995
2021-10-12,1121.96918740002,405.0,900,900,22.5,0.0,0.0,0.0,0,0,100,12457.46918740002,12457.46918740002,12196.46918740002,12620.0,12620.0,12330.0,-133.53081259997998,94.14858447997972
2021-10-13,1121.96918740002,405.0,900,900,22.5,0.0,0.0,0.0,0,0,100,12196.46918740002,12196.46918740002,12205.46918740002,12330.0,12330.0,12340.0,-134.53081259997998,95.14910448997989
2021-10-14,1121.96918740002,405.0,900,900,22.5,0.0,0.0,0.0,0,0,100,12187.46918740002,12187.46918740002,12178.46918740002,12320.0,12320.0,12310.0,-131.53081259997998,92.14754445997983
2021-10-15,1121.96918740002,405.0,900,900,22.5,0.0,0.0,0.0,0,0,100,12178.46918740002,12178.46918740002,12061.46918740002,12310.0,12310.0,12180.0,-118.53081259997998,79.14078432997985
2021-10-18,1121.96918740002,405.0,900,900,22.5,0.0,0.0,0.0,0,0,100,12142.46918740002,12142.46918740002,11926.46918740002,12270.0,12270.0,12030.0,-103.53081259997998,64.13298417997999
2021-10-19,1121.96918740002,405.0,900,900,22.5,0.0,0.0,0.0,0,0,100,11962.46918740002,11962.46918740002,11980.46918740002,12070.0,12070.0,12090.0,-109.53081259997998,70.13610423997989
2021-10-20,1121.96918740002,405.0,900,900,22.5,0.0,0.0,0.0,0,0,100,11989.46918740002,11989.46918740002,11935.46918740002,12100.0,12100.0,12040.0,-104.53081259997998,65.1335041899797
2021-10-21,1121.96918740002,405.0,900,900,22.5,0.0,0.0,0.0,0,0,100,11944.46918740002,11944.46918740002,11845.46918740002,12050.0,12050.0,11940.0,-94.53081259997998,55.12830408998002
2021-10-22,1121.96918740002,405.0,900,900,22.5,0.0,0.0,0.0,0,0,100,11845.46918740002,11845.46918740002,11890.46918740002,11940.0,11940.0,11990.0,-99.53081259997998,60.130904139979975
2021-10-25,1121.96918740002,405.0,900,900,22.5,0.0,0.0,0.0,0,0,100,11836.46918740002,11836.46918740002,11746.46918740002,11930.0,11930.0,11830.0,-83.53081259997998,44.122583979979936
2021-10-26,1121.96918740002,405.0,900,900,22.5,0.0,0.0,0.0,0,0,100,11782.46918740002,11782.46918740002,11791.46918740002,11870.0,11870.0,11880.0,-88.53081259997998,49.12518402997989
2021-10-27,1121.96918740002,405.0,900,900,22.5,0.0,0.0,0.0,0,0,100,11818.46918740002,11818.46918740002,11656.46918740002,11910.0,11910.0,11730.0,-73.53081259997998,34.1173838799798
2021-10-28,1121.96918740002,405.0,900,900,22.5,0.0,0.0,0.0,0,0,100,11521.46918740002,11521.46918740002,11548.46918740002,11580.0,11580.0,11610.0,-61.53081259997998,22.111143759979996
2021-10-29,1121.96918740002,405.0,900,900,22.5,0.0,0.0,0.0,0,0,100,11593.46918740002,11593.46918740002,11719.46918740002,11660.0,11660.0,11800.0,-80.53081259997998,41.12102394997987
2021-11-01,1121.96918740002,405.0,900,900,22.5,0.0,0.0,0.0,0,0,100,11674.46918740002,11674.46918740002,11800.46918740002,11750.0,11750.0,11890.0,-89.53081259997998,50.12570403997984
2021-11-02,1121.96918740002,405.0,900,900,22.5,0.0,0.0,0.0,0,0,100,11854.46918740002,11854.46918740002,11791.46918740002,11950.0,11950.0,11880.0,-88.53081259997998,49.12518402997989
2021-11-03,1121.96918740002,405.0,900,900,22.5,0.0,0.0,0.0,0,0,100,11746.46918740002,11746.46918740002,11827.46918740002,11830.0,11830.0,11920.0,-92.53081259997998,53.1272640699799
2021-11-04,1121.96918740002,405.0,900,900,22.5,0.0,0.0,0.0,0,0,100,11872.46918740002,11872.46918740002,11962.46918740002,11970.0,11970.0,12070.0,-107.53081259997998,68.13506421998
2021-11-05,1121.96918740002,405.0,900,900,22.5,0.0,0.0,0.0,0,0,100,11944.46918740002,11944.46918740002,12025.46918740002,12050.0,12050.0,12140.0,-114.53081259997998,75.13870428997984
2021-11-08,1121.96918740002,405.0,900,900,22.5,0.0,0.0,0.0,0,0,100,12016.46918740002,12016.46918740002,11989.46918740002,12130.0,12130.0,12100.0,-110.53081259997998,71.13662424998006
2021-11-09,1121.96918740002,405.0,900,900,22.5,0.0,0.0,0.0,0,0,100,11989.46918740002,11989.46918740002,11935.46918740002,12100.0,12100.0,12040.0,-104.53081259997998,65.1335041899797
2021-11-10,1121.96918740002,405.0,900,900,22.5,0.0,0.0,0.0,0,0,100,11962.46918740002,11962.46918740002,11890.46918740002,12070.0,12070.0,11990.0,-99.53081259997998,60.130904139979975
2021-11-11,1121.96918740002,405.0,900,900,22.5,0.0,0.0,0.0,0,0,100,11872.46918740002,11872.46918740002,12061.46918740002,11970.0,11970.0,12180.0,-118.53081259997998,79.14078432997985
2021-11-12,1121.96918740002,405.0,900,900,22.5,0.0,0.0,0.0,0,0,100,12070.46918740002,12070.46918740002,12052.46918740002,12190.0,12190.0,12170.0,-117.53081259997998,78.1402643199799
2021-11-15,1121.96918740002,405.0,900,900,22.5,0.0,0.0,0.0,0,0,100,12052.46918740002,12052.46918740002,12187.46918740002,12170.0,12170.0,12320.0,-132.53081259997998,93.14806446998
2021-11-16,1121.96918740002,405.0,900,900,22.5,0.0,0.0,0.0,0,0,100,12187.46918740002,12187.46918740002,12133.46918740002,12320.0,12320.0,12260.0,-126.53081259997998,87.1449444099801
2021-11-17,1121.96918740002,405.0,900,900,22.5,0.0,0.0,0.0,0,0,100,12115.46918740002,12115.46918740002,12070.46918740002,12240.0,12240.0,12190.0,-119.53081259997998,80.14130433998002
2021-11-18,1121.96918740002,405.0,900,900,22.5,0.0,0.0,0.0,0,0,100,12070.46918740002,12070.46918740002,11962.46918740002,12190.0,12190.0,12070.0,-107.53081259997998,68.13506421998
2021-11-19,1121.96918740002,405.0,900,900,22.5,0.0,0.0,0.0,0,0,100,11944.46918740002,11944.46918740002,12223.46918740002,12050.0,12050.0,12360.0,-136.53081259997998,97.15014450997978
2021-11-22,1121.96918740002,405.0,900,900,22.5,0.0,0.0,0.0,0,0,100,12232.46918740002,12232.46918740002,12178.46918740002,12370.0,12370.0,12310.0,-131.53081259997998,92.14754445997983
2021-11-23,1121.96918740002,405.0,900,900,22.5,0.0,0.0,0.0,0,0,100,12178.46918740002,12178.46918740002,12061.46918740002,12310.0,12310.0,12180.0,-118.53081259997998,79.14078432997985
2021-11-24,1121.96918740002,405.0,900,900,22.5,0.0,0.0,0.0,0,0,100,12070.46918740002,12070.46918740002,12043.46918740002,12190.0,12190.0,12160.0,-116.53081259997998,77.13974430997996
2021-11-25,1121.96918740002,405.0,900,900,22.5,0.0,0.0,0.0,0,0,100,12070.46918740002,12070.46918740002,11971.46918740002,12190.0,12190.0,12080.0,-108.53081259997998,69.13558422997994
2021-11-26,1121.96918740002,405.0,900,900,22.5,0.0,0.0,0.0,0,0,100,11971.46918740002,11971.46918740002,11557.46918740002,12080.0,12080.0,11620.0,-62.53081259997998,23.11166376997994
2021-11-29,1121.96918740002,405.0,900,900,22.5,0.0,0.0,0.0,0,0,100,11485.46918740002,11485.46918740002,11386.46918740002,11540.0,11540.0,11430.0,-43.53081259997998,4.101783579980065
2021-11-30,1121.96918740002,405.0,900,900,22.5,0.0,0.0,0.0,0,0,100,11413.46918740002,11413.46918740002,11557.46918740002,11460.0,11460.0,11620.0,-62.53081259997998,23.11166376997994
2021-12-01,1121.96918740002,405.0,900,900,22.5,0.0,0.0,0.0,0,0,100,11566.46918740002,11566.46918740002,11638.46918740002,11630.0,11630.0,11710.0,-71.53081259997998,32.11634385997991
2021-12-02,1121.96918740002,405.0,900,900,22.5,0.0,0.0,0.0,0,0,100,11593.46918740002,11593.46918740002,11584.46918740002,11660.0,11660.0,11650.0,-65.53081259997998,26.113223799980005
2021-12-03,1121.96918740002,405.0,900,900,22.5,0.0,0.0,0.0,0,0,100,11575.46918740002,11575.46918740002,11629.46918740002,11640.0,11640.0,11700.0,-70.53081259997998,31.11582384997996
2021-12-06,1121.96918740002,405.0,900,900,22.5,0.0,0.0,0.0,0,0,100,11602.46918740002,11602.46918740002,11656.46918740002,11670.0,11670.0,11730.0,-73.53081259997998,34.1173838799798
2021-12-07,1121.96918740002,405.0,900,900,22.5,0.0,0.0,0.0,0,0,100,11692.46918740002,11692.46918740002,11719.46918740002,11770.0,11770.0,11800.0,-80.53081259997998,41.12102394997987
2021-12-08,1121.96918740002,405.0,900,900,22.5,0.0,0.0,0.0,0,0,100,11737.46918740002,11737.46918740002,11908.46918740002,11820.0,11820.0,12010.0,-101.53081259997998,62.13194415997987
2021-12-09,1121.96918740002,405.0,900,900,22.5,0.0,0.0,0.0,0,0,100,11854.46918740002,11854.46918740002,12097.46918740002,11950.0,11950.0,12220.0,-122.53081259997998,83.14286436997986
2021-12-10,1121.96918740002,405.0,900,900,22.5,0.0,0.0,0.0,0,0,100,12079.46918740002,12079.46918740002,12205.46918740002,12200.0,12200.0,12340.0,-134.53081259997998,95.14910448997989
2021-12-13,1121.96918740002,405.0,900,900,22.5,0.0,0.0,0.0,0,0,100,12196.46918740002,12196.46918740002,12286.46918740002,12330.0,12330.0,12430.0,-143.53081259997998,104.15378457997986
2021-12-14,1121.96918740002,405.0,900,900,22.5,0.0,0.0,0.0,0,0,100,12268.46918740002,12268.46918740002,12277.46918740002,12410.0,12410.0,12420.0,-142.53081259997998,103.15326456997991
2021-12-15,1121.96918740002,405.0,900,900,22.5,0.0,0.0,0.0,0,0,100,12241.46918740002,12241.46918740002,12187.46918740002,12380.0,12380.0,12320.0,-132.53081259997998,93.14806446998
2021-12-16,1121.96918740002,405.0,900,900,22.5,0.0,0.0,0.0,0,0,100,12232.46918740002,12232.46918740002,12349.46918740002,12370.0,12370.0,12500.0,-150.53081259997998,111.15742464997993
2021-12-17,1121.96918740002,405.0,900,900,22.5,0.0,0.0,0.0,0,0,100,12340.46918740002,12340.46918740002,12430.46918740002,12490.0,12490.0,12590.0,-159.53081259997998,120.1621047399799
2021-12-20,1121.96918740002,405.0,900,900,22.5,0.0,0.0,0.0,0,0,100,12430.46918740002,12430.46918740002,12394.46918740002,12590.0,12590.0,12550.0,-155.53081259997998,116.16002469998011
2021-12-21,1121.96918740002,405.0,900,900,22.5,0.0,0.0,0.0,0,0,100,12394.46918740002,12394.46918740002,12439.46918740002,12550.0,12550.0,12600.0,-160.53081259997998,121.16262474997984
2021-12-22,1121.96918740002,405.0,900,900,22.5,0.0,0.0,0.0,0,0,100,12304.46918740002,12304.46918740002,12223.46918740002,12450.0,12450.0,12360.0,-136.53081259997998,97.15014450997978
2021-12-23,1121.96918740002,405.0,900,900,22.5,0.0,0.0,0.0,0,0,100,12196.46918740002,12196.46918740002,12331.46918740002,12330.0,12330.0,12480.0,-148.53081259997998,109.15638462998004
2021-12-24,1121.96918740002,405.0,900,900,22.5,0.0,0.0,0.0,0,0,100,12304.46918740002,12304.46918740002,12286.46918740002,12450.0,12450.0,12430.0,-143.53081259997998,104.15378457997986
2021-12-27,1121.96918740002,405.0,900,900,22.5,0.0,0.0,0.0,0,0,100,12286.46918740002,12286.46918740002,12376.46918740002,12430.0,12430.0,12530.0,-153.53081259997998,114.15898467998
2021-12-28,1121.96918740002,405.0,900,900,22.5,0.0,0.0,0.0,0,0,100,12376.46918740002,12376.46918740002,12349.46918740002,12530.0,12530.0,12500.0,-150.53081259997998,111.15742464997993
2021-12-29,1121.96918740002,405.0,900,900,22.5,0.0,0.0,0.0,0,0,100,12304.46918740002,12304.46918740002,12214.46918740002,12450.0,12450.0,12350.0,-135.53081259997998,96.14962449998006
2021-12-30,1121.96918740002,405.0,900,900,22.5,0.0,0.0,0.0,0,0,100,12223.46918740002,12223.46918740002,12214.46918740002,12360.0,12360.0,12350.0,-135.53081259997998,96.14962449998006
2021-12-31,1121.96918740002,405.0,900,900,22.5,0.0,0.0,0.0,0,0,100,12232.46918740002,12232.46918740002,12232.46918740002,12370.0,12370.0,12370.0,-137.53081259997998,98.15066451997996
2022-01-04,1121.96918740002,405.0,900,900,22.5,0.0,0.0,0.0,0,0,100,12241.46918740002,12241.46918740002,12340.46918740002,12380.0,12380.0,12490.0,-149.53081259997998,110.15690463997976
2022-01-05,1121.96918740002,405.0,900,900,22.5,0.0,0.0,0.0,0,0,100,12331.46918740002,12331.46918740002,12403.46918740002,12480.0,12480.0,12560.0,-156.53081259997998,117.16054470997983
2022-01-06,1121.96918740002,405.0,900,900,22.5,0.0,0.0,0.0,0,0,100,12421.46918740002,12421.46918740002,12205.46918740002,12580.0,12580.0,12340.0,-134.53081259997998,95.14910448997989
2022-01-07,1121.96918740002,405.0,900,900,22.5,0.0,0.0,0.0,0,0,100,12232.46918740002,12232.46918740002,12151.46918740002,12370.0,12370.0,12280.0,-128.53081259997998,89.14598442997999
2022-01-10,1121.96918740002,405.0,900,900,22.5,0.0,0.0,0.0,0,0,100,12133.46918740002,12133.46918740002,12268.46918740002,12260.0,12260.0,12410.0,-141.53081259997998,102.15274455997996
2022-01-11,1121.96918740002,405.0,900,900,22.5,0.0,0.0,0.0,0,0,100,12241.46918740002,12241.46918740002,12169.46918740002,12380.0,12380.0,12300.0,-130.53081259997998,91.14702444997988
2022-01-12,1121.96918740002,405.0,900,900,22.5,0.0,0.0,0.0,0,0,100,12169.46918740002,12169.46918740002,12142.46918740002,12300.0,12300.0,12270.0,-127.53081259997998,88.14546441997982
2022-01-13,1121.96918740002,405.0,900,900,22.5,0.0,0.0,0.0,0,0,100,12178.46918740002,12178.46918740002,11899.46918740002,12310.0,12310.0,12000.0,-100.53081259997998,61.13142414997992
2022-01-14,1121.96918740002,405.0,900,900,22.5,0.0,0.0,0.0,0,0,100,11827.46918740002,11827.46918740002,11710.46918740002,11920.0,11920.0,11790.0,-79.53081259997998,40.120503939979926
2022-01-17,1121.96918740002,405.0,900,900,22.5,0.0,0.0,0.0,0,0,100,11710.46918740002,11710.46918740002,11782.46918740002,11790.0,11790.0,11870.0,-87.53081259997998,48.124664019979946
2022-01-18,1121.96918740002,405.0,900,900,22.5,0.0,0.0,0.0,0,0,100,11809.46918740002,11809.46918740002,12052.46918740002,11900.0,11900.0,12170.0,-117.53081259997998,78.1402643199799
2022-01-19,1121.96918740002,405.0,900,900,22.5,0.0,0.0,0.0,0,0,100,12052.46918740002,12052.46918740002,11980.46918740002,12170.0,12170.0,12090.0,-109.53081259997998,70.13610423997989
2022-01-20,1121.96918740002,405.0,900,900,22.5,0.0,0.0,0.0,0,0,100,12025.46918740002,12025.46918740002,12097.46918740002,12140.0,12140.0,12220.0,-122.53081259997998,83.14286436997986
2022-01-21,1121.96918740002,405.0,900,900,22.5,0.0,0.0,0.0,0,0,100,12043.46918740002,12043.46918740002,11953.46918740002,12160.0,12160.0,12060.0,-106.53081259997998,67.13454420998005
2022-01-24,1121.96918740002,405.0,900,900,22.5,0.0,0.0,0.0,0,0,100,11899.46918740002,11899.46918740002,11845.46918740002,12000.0,12000.0,11940.0,-94.53081259997998,55.12830408998002
2022-01-25,1121.96918740002,405.0,900,900,22.5,0.0,0.0,0.0,0,0,100,11908.46918740002,11908.46918740002,11683.46918740002,12010.0,12010.0,11760.0,-76.53081259997998,37.11894390997986
2022-01-26,1121.96918740002,405.0,900,900,22.5,0.0,0.0,0.0,0,0,100,11683.46918740002,11683.46918740002,11629.46918740002,11760.0,11760.0,11700.0,-70.53081259997998,31.11582384997996
2022-01-27,1121.96918740002,405.0,900,900,22.5,0.0,0.0,0.0,0,0,100,11629.46918740002,11629.46918740002,11521.46918740002,11700.0,11700.0,11580.0,-58.53081259997998,19.10958372997993
2022-01-28,1121.96918740002,405.0,900,900,22.5,0.0,0.0,0.0,0,0,100,11530.46918740002,11530.46918740002,11503.46918740002,11590.0,11590.0,11560.0,-56.53081259997998,17.108543709979813
2022-02-07,1121.96918740002,405.0,900,900,22.5,0.0,0.0,0.0,0,0,100,11584.46918740002,11584.46918740002,11548.46918740002,11650.0,11650.0,11610.0,-61.53081259997998,22.111143759979996
2022-02-08,1121.96918740002,405.0,900,900,22.5,0.0,0.0,0.0,0,0,100,11539.46918740002,11539.46918740002,11665.46918740002,11600.0,11600.0,11740.0,-74.53081259997998,35.11790388997997
2022-02-09,1121.96918740002,405.0,900,900,22.5,0.0,0.0,0.0,0,0,100,11683.46918740002,11683.46918740002,11719.46918740002,11760.0,11760.0,11800.0,-80.53081259997998,41.12102394997987
2022-02-10,1121.96918740002,405.0,900,900,22.5,0.0,0.0,0.0,0,0,100,11737.46918740002,11737.46918740002,11773.46918740002,11820.0,11820.0,11860.0,-86.53081259997998,47.12414400998
2022-02-11,1121.96918740002,405.0,900,900,22.5,0.0,0.0,0.0,0,0,100,11773.46918740002,11773.46918740002,11701.46918740002,11860.0,11860.0,11780.0,-78.53081259997998,39.11998392997998
2022-02-14,1121.96918740002,405.0,900,900,22.5,0.0,0.0,0.0,0,0,100,11647.46918740002,11647.46918740002,11638.46918740002,11720.0,11720.0,11710.0,-71.53081259997998,32.11634385997991
2022-02-15,1121.96918740002,405.0,900,900,22.5,0.0,0.0,0.0,0,0,100,11611.46918740002,11611.46918740002,11620.46918740002,11680.0,11680.0,11690.0,-69.53081259997998,30.115303839979788
2022-02-16,1121.96918740002,405.0,900,900,22.5,0.0,0.0,0.0,0,0,100,11674.46918740002,11674.46918740002,11647.46918740002,11750.0,11750.0,11720.0,-72.53081259997998,33.11686386997985
2022-02-17,1121.96918740002,405.0,900,900,22.5,0.0,0.0,0.0,0,0,100,11629.46918740002,11629.46918740002,11629.46918740002,11700.0,11700.0,11700.0,-70.53081259997998,31.11582384997996
2022-02-18,1121.96918740002,405.0,900,900,22.5,0.0,0.0,0.0,0,0,100,11620.46918740002,11620.46918740002,11665.46918740002,11690.0,11690.0,11740.0,-74.53081259997998,35.11790388997997
2022-02-21,1121.96918740002,405.0,900,900,22.5,0.0,0.0,0.0,0,0,100,11647.46918740002,11647.46918740002,11764.46918740002,11720.0,11720.0,11850.0,-85.53081259997998,46.12362399997983
2022-02-22,1121.96918740002,405.0,900,900,22.5,0.0,0.0,0.0,0,0,100,11710.46918740002,11710.46918740002,11647.46918740002,11790.0,11790.0,11720.0,-72.53081259997998,33.11686386997985
2022-02-23,1121.96918740002,405.0,900,900,22.5,0.0,0.0,0.0,0,0,100,11647.46918740002,11647.46918740002,11710.46918740002,11720.0,11720.0,11790.0,-79.53081259997998,40.120503939979926
2022-02-24,1121.96918740002,405.0,900,900,22.5,0.0,0.0,0.0,0,0,100,11683.46918740002,11683.46918740002,11584.46918740002,11760.0,11760.0,11650.0,-65.53081259997998,26.113223799980005
2022-02-25,1121.96918740002,405.0,900,900,22.5,0.0,0.0,0.0,0,0,100,11584.46918740002,11584.46918740002,11584.46918740002,11650.0,11650.0,11650.0,-65.53081259997998,26.113223799980005
2022-02-28,1121.96918740002,405.0,900,900,22.5,0.0,0.0,0.0,0,0,100,11566.46918740002,11566.46918740002,11557.46918740002,11630.0,11630.0,11620.0,-62.53081259997998,23.11166376997994
2022-03-01,1121.96918740002,405.0,900,900,22.5,0.0,0.0,0.0,0,0,100,11548.46918740002,11548.46918740002,11557.46918740002,11610.0,11610.0,11620.0,-62.53081259997998,23.11166376997994
2022-03-02,1121.96918740002,405.0,900,900,22.5,0.0,0.0,0.0,0,0,100,11539.46918740002,11539.46918740002,11593.46918740002,11600.0,11600.0,11660.0,-66.53081259997998,27.11374380997995
2022-03-03,1121.96918740002,405.0,900,900,22.5,0.0,0.0,0.0,0,0,100,11611.46918740002,11611.46918740002,11584.46918740002,11680.0,11680.0,11650.0,-65.53081259997998,26.113223799980005
2022-03-04,1121.96918740002,405.0,900,900,22.5,0.0,0.0,0.0,0,0,100,11521.46918740002,11521.46918740002,11530.46918740002,11580.0,11580.0,11590.0,-59.53081259997998,20.110103739980104
2022-03-07,1121.96918740002,405.0,900,900,22.5,0.0,0.0,0.0,0,0,100,11476.46918740002,11476.46918740002,11242.46918740002,11530.0,11530.0,11270.0,-27.53081259997998,0.0
2022-03-08,39.40913663002016,405.0,1000,1000,22.5,5.02155077,0.0,0.0,100,0,0,11197.46918740002,11191.90913663002,11021.90913663002,11220.0,11220.0,11050.0,-28.09086336998007,0.0
2022-03-09,39.40913663002016,405.0,1000,1000,22.5,0.0,0.0,0.0,0,0,0,11051.90913663002,11051.90913663002,10821.90913663002,11080.0,11080.0,10850.0,-28.09086336998007,0.0
2022-03-10,39.40913663002016,405.0,1000,1000,22.5,0.0,0.0,0.0,0,0,0,10971.90913663002,10971.90913663002,10771.90913663002,11000.0,11000.0,10800.0,-28.09086336998007,0.0
2022-03-11,39.40913663002016,405.0,1000,1000,22.5,0.0,0.0,0.0,0,0,0,10651.90913663002,10651.90913663002,10701.90913663002,10680.0,10680.0,10730.0,-28.09086336998007,0.0
2022-03-14,10176.44072843002,405.0,0,0,0.0,15.3784082,22.5,0.0,0,1000,0,10571.90913663002,10571.90913663002,10581.44072843002,10600.0,10600.0,10630.0,-48.55927156998041,13.852973369979736
2022-03-15,995.6717167200204,405.0,900,900,0.0,5.18351171,0.0,0.0,900,0,100,10581.44072843002,10571.67171672002,10175.67171672002,10640.0,10640.0,10200.0,-24.328283279979587,0.0
2022-03-16,5.1595068700204365,405.0,1000,1000,0.0,5.01970985,0.0,0.0,100,0,0,10265.67171672002,10260.15950687002,10300.15950687002,10300.0,10300.0,10340.0,-39.84049312997922,0.0
2022-03-17,10094.79746297002,405.0,0,0,0.0,15.3070439,0.0,0.0,0,1000,0,10410.15950687002,10410.15950687002,10499.79746297002,10450.0,10450.0,10560.0,-60.202537029979794,25.4598381299802
2022-03-18,995.0705720700207,405.0,900,900,0.0,5.1818909,0.0,0.0,900,0,100,10499.79746297002,10490.07057207002,10580.07057207002,10550.0,10550.0,10650.0,-69.92942792997928,30.45983812997906
2022-03-21,995.0705720700207,405.0,900,900,0.0,0.0,0.0,0.0,0,0,100,10598.07057207002,10598.07057207002,10490.07057207002,10670.0,10670.0,10550.0,-59.92942792997928,20.454638029979265
2022-03-22,995.0705720700207,405.0,900,900,0.0,0.0,0.0,0.0,0,0,100,10517.07057207002,10517.07057207002,10571.07057207002,10580.0,10580.0,10640.0,-68.92942792997928,29.459318119979116
2022-03-23,995.0705720700207,405.0,900,900,0.0,0.0,0.0,0.0,0,0,100,10805.07057207002,10805.07057207002,10751.07057207002,10900.0,10900.0,10840.0,-88.92942792997928,49.469718319979165
2022-03-24,995.0705720700207,405.0,900,900,0.0,0.0,0.0,0.0,0,0,100,10778.07057207002,10778.07057207002,10751.07057207002,10870.0,10870.0,10840.0,-88.92942792997928,49.469718319979165
2022-03-25,995.0705720700207,405.0,900,900,0.0,0.0,0.0,0.0,0,0,100,10751.07057207002,10751.07057207002,10598.07057207002,10840.0,10840.0,10670.0,-71.92942792997928,32.46087814997941
2022-03-28,995.0705720700207,405.0,900,900,0.0,0.0,0.0,0.0,0,0,100,10481.07057207002,10481.07057207002,10616.07057207002,10540.0,10540.0,10690.0,-73.92942792997928,34.4619181699793
2022-03-29,995.0705720700207,405.0,900,900,0.0,0.0,0.0,0.0,0,0,100,10616.07057207002,10616.07057207002,10472.07057207002,10690.0,10690.0,10530.0,-57.92942792997928,18.453598009979146
2022-03-30,995.0705720700207,405.0,900,900,0.0,0.0,0.0,0.0,0,0,100,10508.07057207002,10508.07057207002,10580.07057207002,10570.0,10570.0,10650.0,-69.92942792997928,30.45983812997906
2022-03-31,995.0705720700207,405.0,900,900,0.0,0.0,0.0,0.0,0,0,100,10535.07057207002,10535.07057207002,10535.07057207002,10600.0,10600.0,10600.0,-64.92942792997928,25.45723807997922
2022-04-01,995.0705720700207,405.0,900,900,0.0,0.0,0.0,0.0,0,0,100,10463.07057207002,10463.07057207002,10562.07057207002,10520.0,10520.0,10630.0,-67.92942792997928,28.45879810997917
2022-04-06,995.0705720700207,405.0,900,900,0.0,0.0,0.0,0.0,0,0,100,10535.07057207002,10535.07057207002,10580.07057207002,10600.0,10600.0,10650.0,-69.92942792997928,30.45983812997906
2022-04-07,995.0705720700207,405.0,900,900,0.0,0.0,0.0,0.0,0,0,100,10553.07057207002,10553.07057207002,10454.07057207002,10620.0,10620.0,10510.0,-55.92942792997928,16.452557989979255
2022-04-08,995.0705720700207,405.0,900,900,0.0,0.0,0.0,0.0,0,0,100,10454.07057207002,10454.07057207002,10535.07057207002,10510.0,10510.0,10600.0,-64.92942792997928,25.45723807997922
2022-04-11,995.0705720700207,405.0,900,900,0.0,0.0,0.0,0.0,0,0,100,10499.07057207002,10499.07057207002,10337.07057207002,10560.0,10560.0,10380.0,-42.92942792997928,3.4457978599792796
2022-04-12,995.0705720700207,405.0,900,900,0.0,0.0,0.0,0.0,0,0,100,10337.07057207002,10337.07057207002,10436.07057207002,10380.0,10380.0,10490.0,-53.92942792997928,14.451517969979136
2022-04-13,995.0705720700207,405.0,900,900,0.0,0.0,0.0,0.0,0,0,100,10400.07057207002,10400.07057207002,10400.07057207002,10450.0,10450.0,10450.0,-49.92942792997928,10.44943792997924
2022-04-14,995.0705720700207,405.0,900,900,0.0,0.0,0.0,0.0,0,0,100,10517.07057207002,10517.07057207002,10490.07057207002,10580.0,10580.0,10550.0,-59.92942792997928,20.454638029979265
2022-04-15,995.0705720700207,405.0,900,900,0.0,0.0,0.0,0.0,0,0,100,10436.07057207002,10436.07057207002,10436.07057207002,10490.0,10490.0,10490.0,-53.92942792997928,14.451517969979136
2022-04-18,995.0705720700207,405.0,900,900,0.0,0.0,0.0,0.0,0,0,100,10400.07057207002,10400.07057207002,10382.07057207002,10450.0,10450.0,10430.0,-47.92942792997928,8.448397909979235
2022-04-19,995.0705720700207,405.0,900,900,0.0,0.0,0.0,0.0,0,0,100,10382.07057207002,10382.07057207002,10301.07057207002,10430.0,10430.0,10340.0,-38.92942792997928,0.0
2022-04-20,995.0705720700207,405.0,900,900,0.0,0.0,0.0,0.0,0,0,100,10337.07057207002,10337.07057207002,10265.07057207002,10380.0,10380.0,10300.0,-34.92942792997928,0.0
2022-04-21,2.557322200020849,405.0,1000,1000,0.0,5.01974987,0.0,0.0,100,0,0,10283.07057207002,10277.55732220002,10187.55732220002,10320.0,10320.0,10230.0,-42.44267779997972,0.0
2022-04-22,2.557322200020849,405.0,1000,1000,0.0,0.0,0.0,0.0,0,0,0,10177.55732220002,10177.55732220002,10127.55732220002,10220.0,10220.0,10170.0,-42.44267779997972,0.0
2022-04-25,2.557322200020849,405.0,1000,1000,0.0,0.0,0.0,0.0,0,0,0,10007.55732220002,10007.55732220002,9517.55732220002,10050.0,10050.0,9560.0,-42.44267779997972,0.0
2022-04-26,2.557322200020849,405.0,1000,1000,0.0,0.0,0.0,0.0,0,0,0,9577.55732220002,9577.55732220002,9597.55732220002,9620.0,9620.0,9640.0,-42.44267779997972,0.0
2022-04-27,2.557322200020849,405.0,1000,1000,0.0,0.0,0.0,0.0,0,0,0,9497.55732220002,9497.55732220002,9777.55732220002,9540.0,9540.0,9820.0,-42.44267779997972,0.0
2022-04-28,9403.243726400022,405.0,0,0,0.0,14.6035958,0.0,0.0,0,1000,0,9717.55732220002,9717.55732220002,9808.243726400022,9760.0,9760.0,9870.0,-61.75627359997816,26.65476779997698
2022-04-29,879.901543830023,405.0,900,900,0.0,5.08518257,0.0,0.0,900,0,100,9808.243726400022,9798.901543830023,9852.901543830023,9910.0,9910.0,9970.0,-117.098456169977,77.58398092997697
2022-05-05,879.901543830023,405.0,900,900,0.0,0.0,0.0,0.0,0,0,100,9888.901543830023,9888.901543830023,9924.901543830023,10010.0,10010.0,10050.0,-125.098456169977,85.58806096997694
2022-05-06,879.901543830023,405.0,900,900,0.0,0.0,0.0,0.0,0,0,100,9771.901543830023,9771.901543830023,9555.901543830023,9880.0,9880.0,9640.0,-84.098456169977,44.56715076497699
2022-05-09,879.901543830023,405.0,900,900,0.0,0.0,0.0,0.0,0,0,100,9555.901543830023,9555.901543830023,9573.901543830023,9640.0,9640.0,9660.0,-86.098456169977,46.568170774977034
2022-05-10,879.901543830023,405.0,900,900,0.0,0.0,0.0,0.0,0,0,100,9483.901543830023,9483.901543830023,9690.901543830023,9560.0,9560.0,9790.0,-99.098456169977,59.574800839977
2022-05-11,879.901543830023,405.0,900,900,0.0,0.0,0.0,0.0,0,0,100,9717.901543830023,9717.901543830023,9735.901543830023,9820.0,9820.0,9840.0,-104.098456169977,64.57735086497689
2022-05-12,879.901543830023,405.0,900,900,0.0,0.0,0.0,0.0,0,0,100,9699.901543830023,9699.901543830023,9726.901543830023,9800.0,9800.0,9830.0,-103.098456169977,63.576840859977096
2022-05-13,879.901543830023,405.0,900,900,0.0,0.0,0.0,0.0,0,0,100,9771.901543830023,9771.901543830023,9726.901543830023,9880.0,9880.0,9830.0,-103.098456169977,63.576840859977096
2022-05-16,879.901543830023,405.0,900,900,0.0,0.0,0.0,0.0,0,0,100,9780.901543830023,9780.901543830023,9654.901543830023,9890.0,9890.0,9750.0,-95.098456169977,55.57276081997702
2022-05-17,879.901543830023,405.0,900,900,0.0,0.0,0.0,0.0,0,0,100,9681.901543830023,9681.901543830023,9735.901543830023,9780.0,9780.0,9840.0,-104.098456169977,64.57735086497689
2022-05-18,879.901543830023,405.0,900,900,0.0,0.0,0.0,0.0,0,0,100,9744.901543830023,9744.901543830023,9762.901543830023,9850.0,9850.0,9870.0,-107.098456169977,67.57888087997696
2022-05-19,879.901543830023,405.0,900,900,0.0,0.0,0.0,0.0,0,0,100,9681.901543830023,9681.901543830023,9699.901543830023,9780.0,9780.0,9800.0,-100.098456169977,60.575310844977025
2022-05-20,879.901543830023,405.0,900,900,0.0,0.0,0.0,0.0,0,0,100,9744.901543830023,9744.901543830023,9798.901543830023,9850.0,9850.0,9910.0,-111.098456169977,71.58092089997706
2022-05-23,879.901543830023,405.0,900,900,0.0,0.0,0.0,0.0,0,0,100,9843.901543830023,9843.901543830023,9771.901543830023,9960.0,9960.0,9880.0,-108.098456169977,68.57939088497699
2022-05-24,879.901543830023,405.0,900,900,0.0,0.0,0.0,0.0,0,0,100,9753.901543830023,9753.901543830023,9474.901543830023,9860.0,9860.0,9550.0,-75.098456169977,35.56256071997689
2022-05-25,879.901543830023,405.0,900,900,0.0,0.0,0.0,0.0,0,0,100,9483.901543830023,9483.901543830023,9510.901543830023,9560.0,9560.0,9590.0,-79.098456169977,39.56460073997698
2022-05-26,879.901543830023,405.0,900,900,0.0,0.0,0.0,0.0,0,0,100,9501.901543830023,9501.901543830023,9582.901543830023,9580.0,9580.0,9670.0,-87.098456169977,47.56868077997706
2022-05-27,879.901543830023,405.0,900,900,0.0,0.0,0.0,0.0,0,0,100,9591.901543830023,9591.901543830023,9600.901543830023,9680.0,9680.0,9690.0,-89.098456169977,49.56970078997699
2022-05-30,879.901543830023,405.0,900,900,0.0,0.0,0.0,0.0,0,0,100,9600.901543830023,9600.901543830023,9537.901543830023,9690.0,9690.0,9620.0,-82.098456169977,42.56613075497694
2022-05-31,879.901543830023,405.0,900,900,0.0,0.0,0.0,0.0,0,0,100,9537.901543830023,9537.901543830023,9753.901543830023,9620.0,9620.0,9860.0,-106.098456169977,66.57837087497694
2022-06-01,879.901543830023,405.0,900,900,0.0,0.0,0.0,0.0,0,0,100,9699.901543830023,9699.901543830023,9717.901543830023,9800.0,9800.0,9820.0,-102.098456169977,62.576330854976845
2022-06-02,879.901543830023,405.0,900,900,0.0,0.0,0.0,0.0,0,0,100,9663.901543830023,9663.901543830023,9744.901543830023,9760.0,9760.0,9850.0,-105.098456169977,65.57786086997692
2022-06-06,879.901543830023,405.0,900,900,0.0,0.0,0.0,0.0,0,0,100,9735.901543830023,9735.901543830023,9771.901543830023,9840.0,9840.0,9880.0,-108.098456169977,68.57939088497699
2022-06-07,879.901543830023,405.0,900,900,0.0,0.0,0.0,0.0,0,0,100,9780.901543830023,9780.901543830023,9771.901543830023,9890.0,9890.0,9880.0,-108.098456169977,68.57939088497699
2022-06-08,879.901543830023,405.0,900,900,0.0,0.0,0.0,0.0,0,0,100,9789.901543830023,9789.901543830023,9762.901543830023,9900.0,9900.0,9870.0,-107.098456169977,67.57888087997696
2022-06-09,879.901543830023,405.0,900,900,0.0,0.0,0.0,0.0,0,0,100,9744.901543830023,9744.901543830023,9681.901543830023,9850.0,9850.0,9780.0,-98.098456169977,58.57429083497698
2022-06-10,879.901543830023,405.0,900,900,0.0,0.0,0.0,0.0,0,0,100,9627.901543830023,9627.901543830023,9924.901543830023,9720.0,9720.0,10050.0,-125.098456169977,85.58806096997694
2022-06-13,879.901543830023,405.0,900,900,0.0,0.0,0.0,0.0,0,0,100,9879.901543830023,9879.901543830023,9735.901543830023,10000.0,10000.0,9840.0,-104.098456169977,64.57735086497689
2022-06-14,879.901543830023,405.0,900,900,0.0,0.0,0.0,0.0,0,0,100,9663.901543830023,9663.901543830023,9726.901543830023,9760.0,9760.0,9830.0,-103.098456169977,63.576840859977096
2022-06-15,879.901543830023,405.0,900,900,0.0,0.0,0.0,0.0,0,0,100,9690.901543830023,9690.901543830023,9960.901543830023,9790.0,9790.0,10090.0,-129.098456169977,89.59010098997692
2022-06-16,879.901543830023,405.0,900,900,0.0,0.0,0.0,0.0,0,0,100,9996.901543830023,9996.901543830023,9906.901543830023,10130.0,10130.0,10030.0,-123.098456169977,83.58704095997689
2022-06-17,879.901543830023,405.0,900,900,0.0,0.0,0.0,0.0,0,0,100,9861.901543830023,9861.901543830023,10005.901543830023,9980.0,9980.0,10140.0,-134.098456169977,94.59265101497692
2022-06-20,879.901543830023,405.0,900,900,0.0,0.0,0.0,0.0,0,0,100,10050.901543830023,10050.901543830023,10005.901543830023,10190.0,10190.0,10140.0,-134.098456169977,94.59265101497692
2022-06-21,879.901543830023,405.0,900,900,0.0,0.0,0.0,0.0,0,0,100,10005.901543830023,10005.901543830023,10032.901543830023,10140.0,10140.0,10170.0,-137.098456169977,97.59418102997711
2022-06-22,879.901543830023,405.0,900,900,0.0,0.0,0.0,0.0,0,0,100,10023.901543830023,10023.901543830023,9879.901543830023,10160.0,10160.0,10000.0,-120.098456169977,80.58551094497705
2022-06-23,879.901543830023,405.0,900,900,0.0,0.0,0.0,0.0,0,0,100,9879.901543830023,9879.901543830023,9987.901543830023,10000.0,10000.0,10120.0,-132.098456169977,92.59163100497699
2022-06-24,879.901543830023,405.0,900,900,0.0,0.0,0.0,0.0,0,0,100,10014.901543830023,10014.901543830023,10059.901543830023,10150.0,10150.0,10200.0,-140.098456169977,100.59571104497695
2022-06-27,879.901543830023,405.0,900,900,0.0,0.0,0.0,0.0,0,0,100,10059.901543830023,10059.901543830023,10077.901543830023,10200.0,10200.0,10220.0,-142.098456169977,102.59673105497689
2022-06-28,879.901543830023,405.0,900,900,0.0,0.0,0.0,0.0,0,0,100,10068.901543830023,10068.901543830023,10194.901543830023,10210.0,10210.0,10350.0,-155.098456169977,115.60336111997685
2022-06-29,879.901543830023,405.0,900,900,0.0,0.0,0.0,0.0,0,0,100,10194.901543830023,10194.901543830023,10140.901543830023,10350.0,10350.0,10290.0,-149.098456169977,109.60030108997694
2022-06-30,879.901543830023,405.0,900,900,0.0,0.0,0.0,0.0,0,0,100,10131.901543830023,10131.901543830023,10140.901543830023,10280.0,10280.0,10290.0,-149.098456169977,109.60030108997694
2022-07-01,879.901543830023,405.0,900,900,0.0,0.0,0.0,0.0,0,0,100,10131.901543830023,10131.901543830023,10086.901543830023,10280.0,10280.0,10230.0,-143.098456169977,103.5972410599768
2022-07-04,879.901543830023,405.0,900,900,0.0,0.0,0.0,0.0,0,0,100,10077.901543830023,10077.901543830023,10068.901543830023,10220.0,10220.0,10210.0,-141.098456169977,101.59622104997698
2022-07-05,879.901543830023,405.0,900,900,0.0,0.0,0.0,0.0,0,0,100,10068.901543830023,10068.901543830023,10005.901543830023,10210.0,10210.0,10140.0,-134.098456169977,94.59265101497692
2022-07-06,879.901543830023,405.0,900,900,0.0,0.0,0.0,0.0,0,0,100,9996.901543830023,9996.901543830023,9933.901543830023,10130.0,10130.0,10060.0,-126.098456169977,86.58857097497685
2022-07-07,879.901543830023,405.0,900,900,0.0,0.0,0.0,0.0,0,0,100,9888.901543830023,9888.901543830023,9915.901543830023,10010.0,10010.0,10040.0,-124.098456169977,84.58755096497691
2022-07-08,879.901543830023,405.0,900,900,0.0,0.0,0.0,0.0,0,0,100,9942.901543830023,9942.901543830023,10050.901543830023,10070.0,10070.0,10190.0,-139.098456169977,99.59520103997693
2022-07-11,879.901543830023,405.0,900,900,0.0,0.0,0.0,0.0,0,0,100,10068.901543830023,10068.901543830023,9960.901543830023,10210.0,10210.0,10090.0,-129.098456169977,89.59010098997692
2022-07-12,879.901543830023,405.0,900,900,0.0,0.0,0.0,0.0,0,0,100,9924.901543830023,9924.901543830023,9951.901543830023,10050.0,10050.0,10080.0,-128.098456169977,88.58959098497712
2022-07-13,879.901543830023,405.0,900,900,0.0,0.0,0.0,0.0,0,0,100,9960.901543830023,9960.901543830023,9960.901543830023,10090.0,10090.0,10090.0,-129.098456169977,89.59010098997692
2022-07-14,879.901543830023,405.0,900,900,0.0,0.0,0.0,0.0,0,0,100,9978.901543830023,9978.901543830023,9879.901543830023,10110.0,10110.0,10000.0,-120.098456169977,80.58551094497705
2022-07-15,879.901543830023,405.0,900,900,0.0,0.0,0.0,0.0,0,0,100,9852.901543830023,9852.901543830023,9699.901543830023,9970.0,9970.0,9800.0,-100.098456169977,60.575310844977025
2022-07-18,879.901543830023,405.0,900,900,0.0,0.0,0.0,0.0,0,0,100,9708.901543830023,9708.901543830023,9987.901543830023,9810.0,9810.0,10120.0,-132.098456169977,92.59163100497699
2022-07-19,879.901543830023,405.0,900,900,0.0,0.0,0.0,0.0,0,0,100,9951.901543830023,9951.901543830023,10104.901543830023,10080.0,10080.0,10250.0,-145.098456169977,105.59826106997696
2022-07-20,879.901543830023,405.0,900,900,0.0,0.0,0.0,0.0,0,0,100,10167.901543830023,10167.901543830023,10230.901543830023,10320.0,10320.0,10390.0,-159.098456169977,119.60540113997695
2022-07-21,879.901543830023,405.0,900,900,0.0,0.0,0.0,0.0,0,0,100,10194.901543830023,10194.901543830023,10347.901543830023,10350.0,10350.0,10520.0,-172.098456169977,132.61203120497692
2022-07-22,879.901543830023,405.0,900,900,0.0,0.0,0.0,0.0,0,0,100,10320.901543830023,10320.901543830023,10284.901543830023,10490.0,10490.0,10450.0,-165.098456169977,125.60846116997698
2022-07-25,879.901543830023,405.0,900,900,0.0,0.0,0.0,0.0,0,0,100,10284.901543830023,10284.901543830023,10239.901543830023,10450.0,10450.0,10400.0,-160.098456169977,120.60591114497686
2022-07-26,879.901543830023,405.0,900,900,0.0,0.0,0.0,0.0,0,0,100,10266.901543830023,10266.901543830023,10284.901543830023,10430.0,10430.0,10450.0,-165.098456169977,125.60846116997698
2022-07-27,879.901543830023,405.0,900,900,0.0,0.0,0.0,0.0,0,0,100,10275.901543830023,10275.901543830023,10230.901543830023,10440.0,10440.0,10390.0,-159.098456169977,119.60540113997695
2022-07-28,879.901543830023,405.0,900,900,0.0,0.0,0.0,0.0,0,0,100,10275.901543830023,10275.901543830023,10383.901543830023,10440.0,10440.0,10560.0,-176.098456169977,136.614071224977
2022-07-29,879.901543830023,405.0,900,900,0.0,0.0,0.0,0.0,0,0,100,10374.901543830023,10374.901543830023,10329.901543830023,10550.0,10550.0,10500.0,-170.098456169977,130.6110111949771
2022-08-01,879.901543830023,405.0,900,900,0.0,0.0,0.0,0.0,0,0,100,10311.901543830023,10311.901543830023,10338.901543830023,10480.0,10480.0,10510.0,-171.098456169977,131.6115211999769
2022-08-02,879.901543830023,405.0,900,900,0.0,0.0,0.0,0.0,0,0,100,10284.901543830023,10284.901543830023,10203.901543830023,10450.0,10450.0,10360.0,-156.098456169977,116.60387112497699
2022-08-03,879.901543830023,405.0,900,900,0.0,0.0,0.0,0.0,0,0,100,10203.901543830023,10203.901543830023,10032.901543830023,10360.0,10360.0,10170.0,-137.098456169977,97.59418102997711
2022-08-04,879.901543830023,405.0,900,900,0.0,0.0,0.0,0.0,0,0,100,10077.901543830023,10077.901543830023,10185.901543830023,10220.0,10220.0,10340.0,-154.098456169977,114.60285111497694
2022-08-05,879.901543830023,855.0,900,900,45.0,0.0,0.0,0.0,0,0,100,10158.901543830023,10158.901543830023,10320.901543830023,10360.0,10360.0,10540.0,-219.098456169977,129.5875509649769
2022-08-08,879.901543830023,855.0,900,900,45.0,0.0,0.0,0.0,0,0,100,10320.901543830023,10320.901543830023,10347.901543830023,10540.0,10540.0,10570.0,-222.098456169977,132.58908097997687
2022-08-09,879.901543830023,855.0,900,900,45.0,0.0,0.0,0.0,0,0,100,10329.901543830023,10329.901543830023,10410.901543830023,10550.0,10550.0,10640.0,-229.098456169977,139.59265101497692
2022-08-10,879.901543830023,855.0,900,900,45.0,0.0,0.0,0.0,0,0,100,10410.901543830023,10410.901543830023,10302.901543830023,10640.0,10640.0,10520.0,-217.098456169977,127.58653095497698
2022-08-11,879.901543830023,855.0,900,900,45.0,0.0,0.0,0.0,0,0,100,10329.901543830023,10329.901543830023,10518.901543830023,10550.0,10550.0,10760.0,-241.098456169977,151.59877107497698
2022-08-12,879.901543830023,855.0,900,900,45.0,0.0,0.0,0.0,0,0,100,10482.901543830023,10482.901543830023,10392.901543830023,10720.0,10720.0,10620.0,-227.098456169977,137.591631004977
2022-08-15,879.901543830023,855.0,900,900,45.0,0.0,0.0,0.0,0,0,100,10383.901543830023,10383.901543830023,10293.901543830023,10610.0,10610.0,10510.0,-216.098456169977,126.58602094997696
2022-08-16,879.901543830023,855.0,900,900,45.0,0.0,0.0,0.0,0,0,100,10311.901543830023,10311.901543830023,10221.901543830023,10530.0,10530.0,10430.0,-208.098456169977,118.58194090997688
2022-08-17,879.901543830023,855.0,900,900,45.0,0.0,0.0,0.0,0,0,100,10203.901543830023,10203.901543830023,10374.901543830023,10410.0,10410.0,10600.0,-225.098456169977,135.59061099497694
2022-08-18,879.901543830023,855.0,900,900,45.0,0.0,0.0,0.0,0,0,100,10347.901543830023,10347.901543830023,10338.901543830023,10570.0,10570.0,10560.0,-221.098456169977,131.58857097497685
2022-08-19,879.901543830023,855.0,900,900,45.0,0.0,0.0,0.0,0,0,100,10257.901543830023,10257.901543830023,10257.901543830023,10470.0,10470.0,10470.0,-212.098456169977,122.58398092997697
2022-08-22,879.901543830023,855.0,900,900,45.0,0.0,0.0,0.0,0,0,100,10176.901543830023,10176.901543830023,10257.901543830023,10380.0,10380.0,10470.0,-212.098456169977,122.58398092997697
2022-08-23,879.901543830023,855.0,900,900,45.0,0.0,0.0,0.0,0,0,100,10221.901543830023,10221.901543830023,10185.901543830023,10430.0,10430.0,10390.0,-204.098456169977,114.57990088997701
2022-08-24,879.901543830023,855.0,900,900,45.0,0.0,0.0,0.0,0,0,100,10167.901543830023,10167.901543830023,10122.901543830023,10370.0,10370.0,10320.0,-197.098456169977,107.57633085497685
2022-08-25,879.901543830023,855.0,900,900,45.0,0.0,0.0,0.0,0,0,100,10077.901543830023,10077.901543830023,10068.901543830023,10270.0,10270.0,10260.0,-191.098456169977,101.57327082497693
2022-08-26,879.901543830023,855.0,900,900,45.0,0.0,0.0,0.0,0,0,100,10113.901543830023,10113.901543830023,10113.901543830023,10310.0,10310.0,10310.0,-196.098456169977,106.57582084997694
2022-08-29,879.901543830023,855.0,900,900,45.0,0.0,0.0,0.0,0,0,100,10023.901543830023,10023.901543830023,10005.901543830023,10210.0,10210.0,10190.0,-184.098456169977,94.56970078997699
2022-08-30,879.901543830023,855.0,900,900,45.0,0.0,0.0,0.0,0,0,100,10032.901543830023,10032.901543830023,9969.901543830023,10220.0,10220.0,10150.0,-180.098456169977,90.56766076997678
2022-08-31,879.901543830023,855.0,900,900,45.0,0.0,0.0,0.0,0,0,100,9951.901543830023,9951.901543830023,10050.901543830023,10130.0,10130.0,10240.0,-189.098456169977,99.57225081497677
2022-09-01,879.901543830023,855.0,900,900,45.0,0.0,0.0,0.0,0,0,100,9987.901543830023,9987.901543830023,9987.901543830023,10170.0,10170.0,10170.0,-182.098456169977,92.56868077997706
2022-09-02,879.901543830023,855.0,900,900,45.0,0.0,0.0,0.0,0,0,100,9987.901543830023,9987.901543830023,10068.901543830023,10170.0,10170.0,10260.0,-191.098456169977,101.57327082497693
2022-09-05,879.901543830023,855.0,900,900,45.0,0.0,0.0,0.0,0,0,100,10059.901543830023,10059.901543830023,10086.901543830023,10250.0,10250.0,10280.0,-193.098456169977,103.57429083497698
2022-09-06,879.901543830023,855.0,900,900,45.0,0.0,0.0,0.0,0,0,100,10068.901543830023,10068.901543830023,10185.901543830023,10260.0,10260.0,10390.0,-204.098456169977,114.57990088997701
2022-09-07,879.901543830023,855.0,900,900,45.0,0.0,0.0,0.0,0,0,100,10176.901543830023,10176.901543830023,10140.901543830023,10380.0,10380.0,10340.0,-199.098456169977,109.57735086497689
2022-09-08,879.901543830023,855.0,900,900,45.0,0.0,0.0,0.0,0,0,100,10176.901543830023,10176.901543830023,10185.901543830023,10380.0,10380.0,10390.0,-204.098456169977,114.57990088997701
2022-09-09,879.901543830023,855.0,900,900,45.0,0.0,0.0,0.0,0,0,100,10212.901543830023,10212.901543830023,10212.901543830023,10420.0,10420.0,10420.0,-207.098456169977,117.58143090497708
2022-09-13,879.901543830023,855.0,900,900,45.0,0.0,0.0,0.0,0,0,100,10248.901543830023,10248.901543830023,10230.901543830023,10460.0,10460.0,10440.0,-209.098456169977,119.5824509149769
2022-09-14,879.901543830023,855.0,900,900,45.0,0.0,0.0,0.0,0,0,100,10203.901543830023,10203.901543830023,10131.901543830023,10410.0,10410.0,10330.0,-198.098456169977,108.5768408599771
2022-09-15,879.901543830023,855.0,900,900,45.0,0.0,0.0,0.0,0,0,100,10140.901543830023,10140.901543830023,10131.901543830023,10340.0,10340.0,10330.0,-198.098456169977,108.5768408599771
2022-09-16,879.901543830023,855.0,900,900,45.0,0.0,0.0,0.0,0,0,100,10095.901543830023,10095.901543830023,9897.901543830023,10290.0,10290.0,10070.0,-172.098456169977,82.56358072997682
2022-09-19,879.901543830023,855.0,900,900,45.0,0.0,0.0,0.0,0,0,100,9897.901543830023,9897.901543830023,9690.901543830023,10070.0,10070.0,9840.0,-149.098456169977,59.551850614976956
2022-09-20,879.901543830023,855.0,900,900,45.0,0.0,0.0,0.0,0,0,100,9717.901543830023,9717.901543830023,9555.901543830023,9870.0,9870.0,9690.0,-134.098456169977,44.54420053997694
2022-09-21,879.901543830023,855.0,900,900,45.0,0.0,0.0,0.0,0,0,100,9546.901543830023,9546.901543830023,9564.901543830023,9680.0,9680.0,9700.0,-135.098456169977,45.544710544976965
2022-09-22,879.901543830023,855.0,900,900,45.0,0.0,0.0,0.0,0,0,100,9519.901543830023,9519.901543830023,9501.901543830023,9650.0,9650.0,9630.0,-128.098456169977,38.54114050997691
2022-09-23,879.901543830023,855.0,900,900,45.0,0.0,0.0,0.0,0,0,100,9519.901543830023,9519.901543830023,9510.901543830023,9650.0,9650.0,9640.0,-129.098456169977,39.541650514976936
2022-09-26,879.901543830023,855.0,900,900,45.0,0.0,0.0,0.0,0,0,100,9429.901543830023,9429.901543830023,9384.901543830023,9550.0,9550.0,9500.0,-115.098456169977,25.534510444977172
2022-09-27,879.901543830023,855.0,900,900,45.0,0.0,0.0,0.0,0,0,100,9375.901543830023,9375.901543830023,9474.901543830023,9490.0,9490.0,9600.0,-125.098456169977,35.539610494976955
2022-09-28,879.901543830023,855.0,900,900,45.0,0.0,0.0,0.0,0,0,100,9447.901543830023,9447.901543830023,9393.901543830023,9570.0,9570.0,9510.0,-116.098456169977,26.53502044997697
2022-09-29,879.901543830023,855.0,900,900,45.0,0.0,0.0,0.0,0,0,100,9492.901543830023,9492.901543830023,9231.901543830023,9620.0,9620.0,9330.0,-98.098456169977,8.52584035997711
2022-09-30,879.901543830023,855.0,900,900,45.0,0.0,0.0,0.0,0,0,100,9258.901543830023,9258.901543830023,9357.901543830023,9360.0,9360.0,9470.0,-112.098456169977,22.532980429976874
2022-10-10,879.901543830023,855.0,900,900,45.0,0.0,0.0,0.0,0,0,100,9429.901543830023,9429.901543830023,9033.901543830023,9550.0,9550.0,9110.0,-76.098456169977,0.0
2022-10-11,50.48129971002311,855.0,1000,1000,45.0,5.00824412,0.0,0.0,100,0,0,9105.901543830023,9100.481299710023,9040.481299710023,9190.0,9190.0,9130.0,-89.51870028997655,0.0
2022-10-12,50.48129971002311,855.0,1000,1000,45.0,0.0,0.0,0.0,0,0,0,9020.481299710023,9020.481299710023,9170.481299710023,9110.0,9110.0,9260.0,-89.51870028997655,0.0
2022-10-13,8337.877016460025,855.0,0,0,0.0,13.429283250000001,45.0,0.0,0,1000,0,9110.481299710023,9110.481299710023,9192.877016460025,9200.0,9200.0,9300.0,-107.1229835399754,21.38152528997489
2022-10-14,760.0167886150248,855.0,900,900,0.0,5.075727845,0.0,0.0,900,0,100,9192.877016460025,9184.016788615025,9211.016788615025,9360.0,9360.0,9390.0,-178.98321138497522,89.41365560497513
2022-10-17,760.0167886150248,855.0,900,900,0.0,0.0,0.0,0.0,0,0,100,9211.016788615025,9211.016788615025,9283.016788615025,9390.0,9390.0,9470.0,-186.98321138497522,97.4177356449751
2022-10-18,760.0167886150248,855.0,900,900,0.0,0.0,0.0,0.0,0,0,100,9301.016788615023,9301.016788615023,9265.016788615025,9490.0,9490.0,9450.0,-184.98321138497522,95.41671563497516
2022-10-19,760.0167886150248,855.0,900,900,0.0,0.0,0.0,0.0,0,0,100,9256.016788615025,9256.016788615025,9175.016788615025,9440.0,9440.0,9350.0,-174.98321138497522,85.41161558497515
2022-10-20,760.0167886150248,855.0,900,900,0.0,0.0,0.0,0.0,0,0,100,9157.016788615027,9157.016788615027,9265.016788615025,9330.0,9330.0,9450.0,-184.98321138497522,95.41671563497516
2022-10-21,760.0167886150248,855.0,900,900,0.0,0.0,0.0,0.0,0,0,100,9265.016788615025,9265.016788615025,9238.016788615027,9450.0,9450.0,9420.0,-181.9832113849734,92.41518561997532
2022-10-24,760.0167886150248,855.0,900,900,0.0,0.0,0.0,0.0,0,0,100,9175.016788615025,9175.016788615025,9076.016788615023,9350.0,9350.0,9240.0,-163.98321138497704,74.40600552997512
2022-10-25,760.0167886150248,855.0,900,900,0.0,0.0,0.0,0.0,0,0,100,9175.016788615025,9175.016788615025,9157.016788615027,9350.0,9350.0,9330.0,-172.9832113849734,83.41059557497533
2022-10-26,760.0167886150248,855.0,900,900,0.0,0.0,0.0,0.0,0,0,100,9121.016788615025,9121.016788615025,9085.016788615027,9290.0,9290.0,9250.0,-164.9832113849734,75.40651553497526
2022-10-27,760.0167886150248,855.0,900,900,0.0,0.0,0.0,0.0,0,0,100,9094.016788615025,9094.016788615025,9166.016788615027,9260.0,9260.0,9340.0,-173.9832113849734,84.41110557997524
2022-10-28,760.0167886150248,855.0,900,900,0.0,0.0,0.0,0.0,0,0,100,9202.016788615025,9202.016788615025,9067.016788615023,9380.0,9380.0,9230.0,-162.98321138497704,73.4054955249751
2022-10-31,760.0167886150248,855.0,900,900,0.0,0.0,0.0,0.0,0,0,100,8698.016788615025,8698.016788615025,8995.016788615023,8820.0,8820.0,9150.0,-154.98321138497704,65.40141548497513
2022-11-01,760.0167886150248,855.0,900,900,0.0,0.0,0.0,0.0,0,0,100,9076.016788615023,9076.016788615023,9319.016788615025,9240.0,9240.0,9510.0,-190.98321138497522,101.41977566497519
2022-11-02,760.0167886150248,855.0,900,900,0.0,0.0,0.0,0.0,0,0,100,9256.016788615025,9256.016788615025,9409.016788615025,9440.0,9440.0,9610.0,-200.98321138497522,111.4248757149752
2022-11-03,760.0167886150248,855.0,900,900,0.0,0.0,0.0,0.0,0,0,100,9427.016788615025,9427.016788615025,9382.016788615027,9630.0,9630.0,9580.0,-197.9832113849734,108.42334569997524
2022-11-04,760.0167886150248,855.0,900,900,0.0,0.0,0.0,0.0,0,0,100,9337.016788615025,9337.016788615025,9436.016788615025,9530.0,9530.0,9640.0,-203.98321138497522,114.42640572997516
2022-11-07,760.0167886150248,855.0,900,900,0.0,0.0,0.0,0.0,0,0,100,9436.016788615025,9436.016788615025,9436.016788615025,9640.0,9640.0,9640.0,-203.98321138497522,114.42640572997516
2022-11-08,760.0167886150248,855.0,900,900,0.0,0.0,0.0,0.0,0,0,100,9409.016788615025,9409.016788615025,9463.016788615027,9610.0,9610.0,9670.0,-206.9832113849734,117.42793574497523
2022-11-09,760.0167886150248,855.0,900,900,0.0,0.0,0.0,0.0,0,0,100,9436.016788615025,9436.016788615025,9391.016788615027,9640.0,9640.0,9590.0,-198.9832113849734,109.42385570497515
2022-11-10,760.0167886150248,855.0,900,900,0.0,0.0,0.0,0.0,0,0,100,9382.016788615027,9382.016788615027,9373.016788615023,9580.0,9580.0,9570.0,-196.98321138497704,107.42283569497499
2022-11-11,760.0167886150248,855.0,900,900,0.0,0.0,0.0,0.0,0,0,100,9490.016788615025,9490.016788615025,9571.016788615025,9700.0,9700.0,9790.0,-218.98321138497522,129.43405580497517
2022-11-14,760.0167886150248,855.0,900,900,0.0,0.0,0.0,0.0,0,0,100,9607.016788615027,9607.016788615027,9670.016788615023,9830.0,9830.0,9900.0,-229.98321138497704,140.4396658599751
2022-11-15,760.0167886150248,855.0,900,900,0.0,0.0,0.0,0.0,0,0,100,9679.016788615027,9679.016788615027,9760.016788615027,9910.0,9910.0,10000.0,-239.9832113849734,150.44476590997533
2022-11-16,760.0167886150248,855.0,900,900,0.0,0.0,0.0,0.0,0,0,100,9724.016788615025,9724.016788615025,9706.016788615025,9960.0,9960.0,9940.0,-233.98321138497522,144.4417058799752
2022-11-17,760.0167886150248,855.0,900,900,0.0,0.0,0.0,0.0,0,0,100,9679.016788615027,9679.016788615027,9724.016788615025,9910.0,9910.0,9960.0,-235.98321138497522,146.44272588997512
2022-11-18,760.0167886150248,855.0,900,900,0.0,0.0,0.0,0.0,0,0,100,9760.016788615027,9760.016788615027,9670.016788615023,10000.0,10000.0,9900.0,-229.98321138497704,140.4396658599751
2022-11-21,760.0167886150248,855.0,900,900,0.0,0.0,0.0,0.0,0,0,100,9625.016788615025,9625.016788615025,9715.016788615025,9850.0,9850.0,9950.0,-234.98321138497522,145.4422158849751
2022-11-22,760.0167886150248,855.0,900,900,0.0,0.0,0.0,0.0,0,0,100,9769.016788615025,9769.016788615025,9805.016788615025,10010.0,10010.0,10050.0,-244.98321138497522,155.4473159349751
2022-11-23,760.0167886150248,855.0,900,900,0.0,0.0,0.0,0.0,0,0,100,9814.016788615025,9814.016788615025,9760.016788615027,10060.0,10060.0,10000.0,-239.9832113849734,150.44476590997533
2022-11-24,760.0167886150248,855.0,900,900,0.0,0.0,0.0,0.0,0,0,100,9760.016788615027,9760.016788615027,9679.016788615027,10000.0,10000.0,9910.0,-230.9832113849734,141.44017586497534
2022-11-25,760.0167886150248,855.0,900,900,0.0,0.0,0.0,0.0,0,0,100,9670.016788615023,9670.016788615023,9760.016788615027,9900.0,9900.0,10000.0,-239.9832113849734,150.44476590997533
2022-11-28,760.0167886150248,855.0,900,900,0.0,0.0,0.0,0.0,0,0,100,9625.016788615025,9625.016788615025,9499.016788615025,9850.0,9850.0,9710.0,-210.98321138497522,121.42997576497521
2022-11-29,760.0167886150248,855.0,900,900,0.0,0.0,0.0,0.0,0,0,100,9562.016788615025,9562.016788615025,9814.016788615025,9780.0,9780.0,10060.0,-245.98321138497522,156.44782593997513
2022-11-30,760.0167886150248,855.0,900,900,0.0,0.0,0.0,0.0,0,0,100,9823.016788615025,9823.016788615025,9850.016788615025,10070.0,10070.0,10100.0,-249.98321138497522,160.44986595997523
2022-12-01,760.0167886150248,855.0,900,900,0.0,0.0,0.0,0.0,0,0,100,9904.016788615025,9904.016788615025,9886.016788615025,10160.0,10160.0,10140.0,-253.98321138497522,164.4519059799752
2022-12-02,760.0167886150248,855.0,900,900,0.0,0.0,0.0,0.0,0,0,100,9868.016788615025,9868.016788615025,9841.016788615025,10120.0,10120.0,10090.0,-248.98321138497522,159.4493559549752
2022-12-05,760.0167886150248,855.0,900,900,0.0,0.0,0.0,0.0,0,0,100,9976.016788615025,9976.016788615025,9967.016788615025,10240.0,10240.0,10230.0,-262.9832113849752,173.45649602497508
2022-12-06,760.0167886150248,855.0,900,900,0.0,0.0,0.0,0.0,0,0,100,9913.016788615025,9913.016788615025,10111.016788615025,10170.0,10170.0,10390.0,-278.9832113849752,189.46465610497523
2022-12-07,760.0167886150248,855.0,900,900,0.0,0.0,0.0,0.0,0,0,100,10129.016788615025,10129.016788615025,10093.016788615025,10410.0,10410.0,10370.0,-276.9832113849752,187.4636360949752
2022-12-08,760.0167886150248,855.0,900,900,0.0,0.0,0.0,0.0,0,0,100,10084.016788615025,10084.016788615025,10093.016788615025,10360.0,10360.0,10370.0,-276.9832113849752,187.4636360949752
2022-12-09,760.0167886150248,855.0,900,900,0.0,0.0,0.0,0.0,0,0,100,10075.016788615025,10075.016788615025,10129.016788615025,10350.0,10350.0,10410.0,-280.9832113849752,191.46567611497528
2022-12-12,760.0167886150248,855.0,900,900,0.0,0.0,0.0,0.0,0,0,100,10102.016788615025,10102.016788615025,10129.016788615025,10380.0,10380.0,10410.0,-280.9832113849752,191.46567611497528
2022-12-13,760.0167886150248,855.0,900,900,0.0,0.0,0.0,0.0,0,0,100,10147.016788615025,10147.016788615025,10120.016788615025,10430.0,10430.0,10400.0,-279.9832113849752,190.46516610997503
2022-12-14,760.0167886150248,855.0,900,900,0.0,0.0,0.0,0.0,0,0,100,10147.016788615025,10147.016788615025,10093.016788615025,10430.0,10430.0,10370.0,-276.9832113849752,187.4636360949752
2022-12-15,760.0167886150248,855.0,900,900,0.0,0.0,0.0,0.0,0,0,100,10093.016788615025,10093.016788615025,10129.016788615025,10370.0,10370.0,10410.0,-280.9832113849752,191.46567611497528
2022-12-16,760.0167886150248,855.0,900,900,0.0,0.0,0.0,0.0,0,0,100,10084.016788615025,10084.016788615025,10165.016788615025,10360.0,10360.0,10450.0,-284.9832113849752,195.46771613497515
2022-12-19,760.0167886150248,855.0,900,900,0.0,0.0,0.0,0.0,0,0,100,10183.016788615025,10183.016788615025,10048.016788615025,10470.0,10470.0,10320.0,-271.9832113849752,182.46108606997507
2022-12-20,760.0167886150248,855.0,900,900,0.0,0.0,0.0,0.0,0,0,100,10003.016788615025,10003.016788615025,9976.016788615025,10270.0,10270.0,10240.0,-263.9832113849752,174.457006029975
2022-12-21,760.0167886150248,855.0,900,900,0.0,0.0,0.0,0.0,0,0,100,9976.016788615025,9976.016788615025,10030.016788615025,10240.0,10240.0,10300.0,-269.9832113849752,180.46006605997525
2022-12-22,760.0167886150248,855.0,900,900,0.0,0.0,0.0,0.0,0,0,100,10138.016788615025,10138.016788615025,9976.016788615025,10420.0,10420.0,10240.0,-263.9832113849752,174.457006029975
2022-12-23,760.0167886150248,855.0,900,900,0.0,0.0,0.0,0.0,0,0,100,9949.016788615025,9949.016788615025,9877.016788615025,10210.0,10210.0,10130.0,-252.98321138497522,163.45139597497518
2022-12-26,760.0167886150248,855.0,900,900,0.0,0.0,0.0,0.0,0,0,100,9913.016788615025,9913.016788615025,9859.016788615025,10170.0,10170.0,10110.0,-250.98321138497522,161.45037596497514
2022-12-27,760.0167886150248,855.0,900,900,0.0,0.0,0.0,0.0,0,0,100,9913.016788615025,9913.016788615025,9904.016788615025,10170.0,10170.0,10160.0,-255.98321138497522,166.45292598997526
2022-12-28,760.0167886150248,855.0,900,900,0.0,0.0,0.0,0.0,0,0,100,9922.016788615025,9922.016788615025,9868.016788615025,10180.0,10180.0,10120.0,-251.98321138497522,162.45088596997516
2022-12-29,760.0167886150248,855.0,900,900,0.0,0.0,0.0,0.0,0,0,100,9877.016788615025,9877.016788615025,9778.016788615025,10130.0,10130.0,10020.0,-241.98321138497522,152.44578591997515
2022-12-30,760.0167886150248,855.0,900,900,0.0,0.0,0.0,0.0,0,0,100,9814.016788615025,9814.016788615025,9877.016788615025,10060.0,10060.0,10130.0,-252.98321138497522,163.45139597497518
2023-01-03,760.0167886150248,855.0,900,900,0.0,0.0,0.0,0.0,0,0,100,9841.016788615025,9841.016788615025,9994.016788615025,10090.0,10090.0,10260.0,-265.9832113849752,176.45802603997515
2023-01-04,760.0167886150248,855.0,900,900,0.0,0.0,0.0,0.0,0,0,100,10066.016788615025,10066.016788615025,10030.016788615025,10340.0,10340.0,10300.0,-269.9832113849752,180.46006605997525
2023-01-05,760.0167886150248,855.0,900,900,0.0,0.0,0.0,0.0,0,0,100,10120.016788615025,10120.016788615025,10156.016788615025,10400.0,10400.0,10440.0,-283.9832113849752,194.46720612997512
2023-01-06,760.0167886150248,855.0,900,900,0.0,0.0,0.0,0.0,0,0,100,10147.016788615025,10147.016788615025,10057.016788615025,10430.0,10430.0,10330.0,-272.9832113849752,183.46159607497532
2023-01-09,760.0167886150248,855.0,900,900,0.0,0.0,0.0,0.0,0,0,100,10147.016788615025,10147.016788615025,10174.016788615025,10430.0,10430.0,10460.0,-285.9832113849752,196.46822613997517
2023-01-10,760.0167886150248,855.0,900,900,0.0,0.0,0.0,0.0,0,0,100,10156.016788615025,10156.016788615025,10075.016788615025,10440.0,10440.0,10350.0,-274.9832113849752,185.46261608497514
2023-01-11,760.0167886150248,855.0,900,900,0.0,0.0,0.0,0.0,0,0,100,10120.016788615025,10120.016788615025,10039.016788615025,10400.0,10400.0,10310.0,-270.9832113849752,181.46057606497516
2023-01-12,760.0167886150248,855.0,900,900,0.0,0.0,0.0,0.0,0,0,100,10075.016788615025,10075.016788615025,10003.016788615025,10350.0,10350.0,10270.0,-266.9832113849752,177.45853604497506
2023-01-13,760.0167886150248,855.0,900,900,0.0,0.0,0.0,0.0,0,0,100,10030.016788615025,10030.016788615025,10102.016788615025,10300.0,10300.0,10380.0,-277.9832113849752,188.4641460999752
2023-01-16,760.0167886150248,855.0,900,900,0.0,0.0,0.0,0.0,0,0,100,10111.016788615025,10111.016788615025,10165.016788615025,10390.0,10390.0,10450.0,-284.9832113849752,195.46771613497515
2023-01-17,760.0167886150248,855.0,900,900,0.0,0.0,0.0,0.0,0,0,100,10183.016788615025,10183.016788615025,10183.016788615025,10470.0,10470.0,10470.0,-286.9832113849752,197.4687361449752
2023-01-18,760.0167886150248,855.0,900,900,0.0,0.0,0.0,0.0,0,0,100,10192.016788615025,10192.016788615025,10192.016788615025,10480.0,10480.0,10480.0,-287.9832113849752,198.4692461499751
2023-01-19,760.0167886150248,855.0,900,900,0.0,0.0,0.0,0.0,0,0,100,10156.016788615025,10156.016788615025,10192.016788615025,10440.0,10440.0,10480.0,-287.9832113849752,198.4692461499751
2023-01-20,760.0167886150248,855.0,900,900,0.0,0.0,0.0,0.0,0,0,100,10210.016788615025,10210.016788615025,10192.016788615025,10500.0,10500.0,10480.0,-287.9832113849752,198.4692461499751
2023-01-30,760.0167886150248,855.0,900,900,0.0,0.0,0.0,0.0,0,0,100,10318.016788615025,10318.016788615025,10291.016788615025,10620.0,10620.0,10590.0,-298.9832113849752,209.47485620497514
2023-01-31,760.0167886150248,855.0,900,900,0.0,0.0,0.0,0.0,0,0,100,10345.016788615025,10345.016788615025,10174.016788615025,10650.0,10650.0,10460.0,-285.9832113849752,196.46822613997517
2023-02-01,760.0167886150248,855.0,900,900,0.0,0.0,0.0,0.0,0,0,100,10201.016788615025,10201.016788615025,10237.016788615025,10490.0,10490.0,10530.0,-292.9832113849752,203.4717961749751
2023-02-02,760.0167886150248,855.0,900,900,0.0,0.0,0.0,0.0,0,0,100,10255.016788615025,10255.016788615025,10210.016788615025,10550.0,10550.0,10500.0,-289.9832113849752,200.47026615997527
2023-02-03,760.0167886150248,855.0,900,900,0.0,0.0,0.0,0.0,0,0,100,10165.016788615025,10165.016788615025,10039.016788615025,10450.0,10450.0,10310.0,-270.9832113849752,181.46057606497516
2023-02-06,760.0167886150248,855.0,900,900,0.0,0.0,0.0,0.0,0,0,100,9994.016788615025,9994.016788615025,10012.016788615025,10260.0,10260.0,10280.0,-267.9832113849752,178.4590460499752
2023-02-07,760.0167886150248,855.0,900,900,0.0,0.0,0.0,0.0,0,0,100,10057.016788615025,10057.016788615025,9958.016788615025,10330.0,10330.0,10220.0,-261.9832113849752,172.45598601997517
2023-02-08,760.0167886150248,855.0,900,900,0.0,0.0,0.0,0.0,0,0,100,9985.016788615025,9985.016788615025,9949.016788615025,10250.0,10250.0,10210.0,-260.9832113849752,171.45547601497515
2023-02-09,760.0167886150248,855.0,900,900,0.0,0.0,0.0,0.0,0,0,100,9931.016788615025,9931.016788615025,10120.016788615025,10190.0,10190.0,10400.0,-279.9832113849752,190.46516610997503
2023-02-10,760.0167886150248,855.0,900,900,0.0,0.0,0.0,0.0,0,0,100,10093.016788615025,10093.016788615025,10417.016788615025,10370.0,10370.0,10730.0,-312.9832113849752,223.48199627497502
2023-02-13,760.0167886150248,855.0,900,900,0.0,0.0,0.0,0.0,0,0,100,10363.016788615025,10363.016788615025,10309.016788615025,10670.0,10670.0,10610.0,-300.9832113849752,211.4758762149752
2023-02-14,760.0167886150248,855.0,900,900,0.0,0.0,0.0,0.0,0,0,100,10291.016788615025,10291.016788615025,10345.016788615025,10590.0,10590.0,10650.0,-304.9832113849752,215.47791623497505
2023-02-15,760.0167886150248,855.0,900,900,0.0,0.0,0.0,0.0,0,0,100,10354.016788615025,10354.016788615025,10660.016788615025,10660.0,10660.0,11000.0,-339.9832113849752,250.49576640997532
2023-02-16,760.0167886150248,855.0,900,900,0.0,0.0,0.0,0.0,0,0,100,10687.016788615025,10687.016788615025,10516.016788615025,11030.0,11030.0,10840.0,-323.9832113849752,234.48760632997516
2023-02-17,760.0167886150248,855.0,900,900,0.0,0.0,0.0,0.0,0,0,100,10498.016788615025,10498.016788615025,10354.016788615025,10820.0,10820.0,10660.0,-305.9832113849752,216.4784262399753
2023-02-20,760.0167886150248,855.0,900,900,0.0,0.0,0.0,0.0,0,0,100,10354.016788615025,10354.016788615025,10534.016788615025,10660.0,10660.0,10860.0,-325.9832113849752,236.4886263399752
2023-02-21,760.0167886150248,855.0,900,900,0.0,0.0,0.0,0.0,0,0,100,10507.016788615025,10507.016788615025,10507.016788615025,10830.0,10830.0,10830.0,-322.9832113849752,233.48709632497525
2023-02-22,760.0167886150248,855.0,900,900,0.0,0.0,0.0,0.0,0,0,100,10444.016788615025,10444.016788615025,10390.016788615025,10760.0,10760.0,10700.0,-309.9832113849752,220.48046625997517
2023-02-23,760.0167886150248,855.0,900,900,0.0,0.0,0.0,0.0,0,0,100,10462.016788615025,10462.016788615025,10345.016788615025,10780.0,10780.0,10650.0,-304.9832113849752,215.47791623497505
2023-02-24,760.0167886150248,855.0,900,900,0.0,0.0,0.0,0.0,0,0,100,10309.016788615025,10309.016788615025,10273.016788615025,10610.0,10610.0,10570.0,-296.9832113849752,207.4738361949751
2023-02-27,760.0167886150248,855.0,900,900,0.0,0.0,0.0,0.0,0,0,100,10237.016788615025,10237.016788615025,10183.016788615025,10530.0,10530.0,10470.0,-286.9832113849752,197.4687361449752
2023-02-28,760.0167886150248,855.0,900,900,0.0,0.0,0.0,0.0,0,0,100,10264.016788615025,10264.016788615025,10255.016788615025,10560.0,10560.0,10550.0,-294.9832113849752,205.47281618497516
2023-03-01,760.0167886150248,855.0,900,900,0.0,0.0,0.0,0.0,0,0,100,10264.016788615025,10264.016788615025,10579.016788615025,10560.0,10560.0,10910.0,-330.9832113849752,241.49117636497522
2023-03-02,760.0167886150248,855.0,900,900,0.0,0.0,0.0,0.0,0,0,100,10588.016788615025,10588.016788615025,10921.016788615025,10920.0,10920.0,11290.0,-368.9832113849752,279.5105565549752
2023-03-03,760.0167886150248,855.0,900,900,0.0,0.0,0.0,0.0,0,0,100,10867.016788615025,10867.016788615025,11848.016788615025,11230.0,11230.0,12320.0,-471.9832113849752,382.56308706997515
2023-03-06,760.0167886150248,855.0,900,900,0.0,0.0,0.0,0.0,0,0,100,11965.016788615025,11965.016788615025,11569.016788615025,12450.0,12450.0,12010.0,-440.9832113849752,351.5472769149751
2023-03-07,760.0167886150248,855.0,900,900,0.0,0.0,0.0,0.0,0,0,100,11569.016788615025,11569.016788615025,11074.016788615025,12010.0,12010.0,11460.0,-385.9832113849752,296.51922663997516
2023-03-08,760.0167886150248,855.0,900,900,0.0,0.0,0.0,0.0,0,0,100,11002.016788615025,11002.016788615025,11128.016788615025,11380.0,11380.0,11520.0,-391.9832113849752,302.5222866699751
2023-03-09,760.0167886150248,855.0,900,900,0.0,0.0,0.0,0.0,0,0,100,11245.016788615025,11245.016788615025,11650.016788615025,11650.0,11650.0,12100.0,-449.9832113849752,360.5518669599751
2023-03-10,760.0167886150248,855.0,900,900,0.0,0.0,0.0,0.0,0,0,100,11515.016788615025,11515.016788615025,11380.016788615025,11950.0,11950.0,11800.0,-419.9832113849752,330.5365668099753
2023-03-13,760.0167886150248,855.0,900,900,0.0,0.0,0.0,0.0,0,0,100,11407.016788615025,11407.016788615025,12064.016788615025,11830.0,11830.0,12560.0,-495.9832113849752,406.57532718997527
2023-03-14,760.0167886150248,855.0,900,900,0.0,0.0,0.0,0.0,0,0,100,12055.016788615025,12055.016788615025,12199.016788615025,12550.0,12550.0,12710.0,-510.9832113849752,421.58297726497517
2023-03-15,760.0167886150248,855.0,900,900,0.0,0.0,0.0,0.0,0,0,100,12379.016788615025,12379.016788615025,12478.016788615025,12910.0,12910.0,13020.0,-541.9832113849752,452.5987874199752
2023-03-16,760.0167886150248,855.0,900,900,0.0,0.0,0.0,0.0,0,0,100,12415.016788615025,12415.016788615025,12730.016788615025,12950.0,12950.0,13300.0,-569.9832113849752,480.613067559975
2023-03-17,760.0167886150248,855.0,900,900,0.0,0.0,0.0,0.0,0,0,100,12910.016788615025,12910.016788615025,13846.016788615025,13500.0,13500.0,14540.0,-693.9832113849752,604.6763081799752
2023-03-20,760.0167886150248,855.0,900,900,0.0,0.0,0.0,0.0,0,0,100,14566.016788615025,14566.016788615025,15007.016788615025,15340.0,15340.0,15830.0,-822.9832113849752,733.7420988249751
2023-03-21,760.0167886150248,855.0,900,900,0.0,0.0,0.0,0.0,0,0,100,15016.016788615025,15016.016788615025,14755.016788615025,15840.0,15840.0,15550.0,-794.9832113849752,705.7278186849753
2023-03-22,760.0167886150248,855.0,900,900,0.0,0.0,0.0,0.0,0,0,100,15115.016788615025,15115.016788615025,16069.016788615023,15950.0,15950.0,17010.0,-940.983211384977,851.8022794149749
2023-03-23,760.0167886150248,855.0,900,900,0.0,0.0,0.0,0.0,0,0,100,16636.016788615027,16636.016788615027,16906.016788615023,17640.0,17640.0,17940.0,-1033.983211384977,944.8497098799749
2023-03-24,760.0167886150248,855.0,900,900,0.0,0.0,0.0,0.0,0,0,100,16780.016788615027,16780.016788615027,17509.016788615023,17800.0,17800.0,18610.0,-1100.983211384977,1011.8838802149751
2023-03-27,760.0167886150248,855.0,900,900,0.0,0.0,0.0,0.0,0,0,100,16987.016788615023,16987.016788615023,17482.016788615023,18030.0,18030.0,18580.0,-1097.983211384977,1008.8823501999752
2023-03-28,760.0167886150248,855.0,900,900,0.0,0.0,0.0,0.0,0,0,100,16987.016788615023,16987.016788615023,16420.016788615023,18030.0,18030.0,17400.0,-979.983211384977,890.8221696099752
2023-03-29,760.0167886150248,855.0,900,900,0.0,0.0,0.0,0.0,0,0,100,16645.016788615023,16645.016788615023,16159.016788615025,17650.0,17650.0,17110.0,-950.9832113849752,861.8073794649752
2023-03-30,760.0167886150248,855.0,900,900,0.0,0.0,0.0,0.0,0,0,100,16204.016788615025,16204.016788615025,16807.016788615023,17160.0,17160.0,17830.0,-1022.983211384977,933.844099824975
2023-03-31,760.0167886150248,855.0,900,900,0.0,0.0,0.0,0.0,0,0,100,16645.016788615023,16645.016788615023,17113.016788615023,17650.0,17650.0,18170.0,-1056.983211384977,967.8614399949752
2023-04-03,760.0167886150248,855.0,900,900,0.0,0.0,0.0,0.0,0,0,100,16996.016788615023,16996.016788615023,17599.016788615027,18040.0,18040.0,18710.0,-1110.9832113849734,1021.8889802649753
2023-04-04,760.0167886150248,855.0,900,900,0.0,0.0,0.0,0.0,0,0,100,17131.016788615023,17131.016788615023,17284.016788615023,18190.0,18190.0,18360.0,-1075.983211384977,986.8711300899752
2023-04-06,760.0167886150248,855.0,900,900,0.0,0.0,0.0,0.0,0,0,100,17815.016788615023,17815.016788615023,18715.016788615023,18950.0,18950.0,19950.0,-1234.983211384977,1145.952220884975
2023-04-07,760.0167886150248,855.0,900,900,0.0,0.0,0.0,0.0,0,0,100,18517.016788615023,18517.016788615023,18148.016788615023,19730.0,19730.0,19320.0,-1171.983211384977,1082.9200905699752
2023-04-10,760.0167886150248,855.0,900,900,0.0,0.0,0.0,0.0,0,0,100,17869.016788615023,17869.016788615023,17338.016788615023,19010.0,19010.0,18420.0,-1081.983211384977,992.8741901199751
2023-04-11,760.0167886150248,855.0,900,900,0.0,0.0,0.0,0.0,0,0,100,17491.016788615023,17491.016788615023,17230.016788615027,18590.0,18590.0,18300.0,-1069.9832113849734,980.8680700599753
2023-04-12,760.0167886150248,855.0,900,900,0.0,0.0,0.0,0.0,0,0,100,17383.016788615023,17383.016788615023,18193.016788615023,18470.0,18470.0,19370.0,-1176.983211384977,1087.9226405949753
2023-04-13,760.0167886150248,855.0,900,900,0.0,0.0,0.0,0.0,0,0,100,18040.016788615023,18040.016788615023,17509.016788615023,19200.0,19200.0,18610.0,-1100.983211384977,1011.8838802149751
2023-04-14,760.0167886150248,855.0,900,900,0.0,0.0,0.0,0.0,0,0,100,17437.016788615023,17437.016788615023,17878.016788615023,18530.0,18530.0,19020.0,-1141.983211384977,1052.9047904199751
2023-04-17,760.0167886150248,855.0,900,900,0.0,0.0,0.0,0.0,0,0,100,17806.016788615023,17806.016788615023,17752.016788615023,18940.0,18940.0,18880.0,-1127.983211384977,1038.897650349975
2023-04-18,760.0167886150248,855.0,900,900,0.0,0.0,0.0,0.0,0,0,100,17707.016788615023,17707.016788615023,18886.016788615023,18830.0,18830.0,20140.0,-1253.983211384977,1164.9619109799753
2023-04-19,760.0167886150248,855.0,900,900,0.0,0.0,0.0,0.0,0,0,100,18787.016788615023,18787.016788615023,17158.016788615023,20030.0,20030.0,18220.0,-1061.983211384977,972.8639900199751
2023-04-20,760.0167886150248,855.0,900,900,0.0,0.0,0.0,0.0,0,0,100,17158.016788615023,17158.016788615023,18715.016788615023,18220.0,18220.0,19950.0,-1234.983211384977,1145.952220884975
2023-04-21,760.0167886150248,855.0,900,900,0.0,0.0,0.0,0.0,0,0,100,19165.016788615023,19165.016788615023,18526.016788615023,20450.0,20450.0,19740.0,-1213.983211384977,1124.9415107799753
2023-04-24,760.0167886150248,855.0,900,900,0.0,0.0,0.0,0.0,0,0,100,18571.016788615023,18571.016788615023,18112.016788615023,19790.0,19790.0,19280.0,-1167.983211384977,1078.9180505499749
2023-04-25,760.0167886150248,855.0,900,900,0.0,0.0,0.0,0.0,0,0,100,17869.016788615023,17869.016788615023,18265.016788615023,19010.0,19010.0,19450.0,-1184.983211384977,1095.9267206349753
2023-04-26,760.0167886150248,855.0,900,900,0.0,0.0,0.0,0.0,0,0,100,18517.016788615023,18517.016788615023,16600.016788615023,19730.0,19730.0,17600.0,-999.983211384977,910.832369709975
2023-04-27,760.0167886150248,855.0,900,900,0.0,0.0,0.0,0.0,0,0,100,15925.016788615025,15925.016788615025,16105.016788615027,16850.0,16850.0,17050.0,-944.9832113849734,855.8043194349752
2023-04-28,760.0167886150248,855.0,900,900,0.0,0.0,0.0,0.0,0,0,100,16132.016788615025,16132.016788615025,16123.016788615025,17080.0,17080.0,17070.0,-946.9832113849752,857.8053394449751
2023-05-04,760.0167886150248,855.0,900,900,0.0,0.0,0.0,0.0,0,0,100,15997.016788615025,15997.016788615025,15457.016788615025,16930.0,16930.0,16330.0,-872.9832113849752,783.7675990749751
2023-05-05,760.0167886150248,855.0,900,900,0.0,0.0,0.0,0.0,0,0,100,15412.016788615025,15412.016788615025,14908.016788615025,16280.0,16280.0,15720.0,-811.9832113849752,722.736488769975
2023-05-08,760.0167886150248,855.0,900,900,0.0,0.0,0.0,0.0,0,0,100,14872.016788615025,14872.016788615025,14827.016788615025,15680.0,15680.0,15630.0,-802.9832113849752,713.731898724975
2023-05-09,760.0167886150248,855.0,900,900,0.0,0.0,0.0,0.0,0,0,100,14827.016788615025,14827.016788615025,14845.016788615025,15630.0,15630.0,15650.0,-804.9832113849752,715.7329187349751
2023-05-10,760.0167886150248,855.0,900,900,0.0,0.0,0.0,0.0,0,0,100,14845.016788615025,14845.016788615025,14755.016788615025,15650.0,15650.0,15550.0,-794.9832113849752,705.7278186849753
2023-05-11,760.0167886150248,855.0,900,900,0.0,0.0,0.0,0.0,0,0,100,14674.016788615025,14674.016788615025,14629.016788615025,15460.0,15460.0,15410.0,-780.9832113849752,691.7206786149752
2023-05-12,760.0167886150248,855.0,900,900,0.0,0.0,0.0,0.0,0,0,100,14521.016788615025,14521.016788615025,14539.016788615025,15290.0,15290.0,15310.0,-770.9832113849752,681.715578564975
2023-05-15,760.0167886150248,855.0,900,900,0.0,0.0,0.0,0.0,0,0,100,14773.016788615025,14773.016788615025,15223.016788615025,15570.0,15570.0,16070.0,-846.9832113849752,757.7543389449752
2023-05-16,760.0167886150248,855.0,900,900,0.0,0.0,0.0,0.0,0,0,100,15196.016788615025,15196.016788615025,14917.016788615025,16040.0,16040.0,15730.0,-812.9832113849752,723.7369987749751
2023-05-17,760.0167886150248,855.0,900,900,0.0,0.0,0.0,0.0,0,0,100,14980.016788615025,14980.016788615025,15610.016788615025,15800.0,15800.0,16500.0,-889.9832113849752,800.7762691599751
2023-05-18,760.0167886150248,855.0,900,900,0.0,0.0,0.0,0.0,0,0,100,15934.016788615025,15934.016788615025,16330.016788615027,16860.0,16860.0,17300.0,-969.9832113849734,880.8170695599754
2023-05-19,760.0167886150248,855.0,900,900,0.0,0.0,0.0,0.0,0,0,100,16465.016788615023,16465.016788615023,16159.016788615025,17450.0,17450.0,17110.0,-950.9832113849752,861.8073794649752
2023-05-22,760.0167886150248,855.0,900,900,0.0,0.0,0.0,0.0,0,0,100,16024.016788615027,16024.016788615027,15484.016788615025,16960.0,16960.0,16360.0,-875.9832113849752,786.769129089975
2023-05-23,760.0167886150248,855.0,900,900,0.0,0.0,0.0,0.0,0,0,100,15457.016788615025,15457.016788615025,15322.016788615025,16330.0,16330.0,16180.0,-857.9832113849752,768.759948999975
2023-05-24,760.0167886150248,855.0,900,900,0.0,0.0,0.0,0.0,0,0,100,15241.016788615025,15241.016788615025,14953.016788615025,16090.0,16090.0,15770.0,-816.9832113849752,727.7390387949752
2023-05-25,760.0167886150248,855.0,900,900,0.0,0.0,0.0,0.0,0,0,100,16015.016788615025,16015.016788615025,16285.016788615025,16950.0,16950.0,17250.0,-964.9832113849752,875.814519534975
2023-05-26,760.0167886150248,855.0,900,900,0.0,0.0,0.0,0.0,0,0,100,16312.016788615023,16312.016788615023,16726.016788615023,17280.0,17280.0,17740.0,-1013.983211384977,924.8395097799751
2023-05-29,760.0167886150248,855.0,900,900,0.0,0.0,0.0,0.0,0,0,100,17176.016788615023,17176.016788615023,17725.016788615023,18240.0,18240.0,18850.0,-1124.983211384977,1035.896120334975
2023-05-30,760.0167886150248,855.0,900,900,0.0,0.0,0.0,0.0,0,0,100,17293.016788615027,17293.016788615027,17842.016788615027,18370.0,18370.0,18980.0,-1137.9832113849734,1048.9027503999753
2023-05-31,760.0167886150248,855.0,900,900,0.0,0.0,0.0,0.0,0,0,100,17914.016788615023,17914.016788615023,17860.016788615023,19060.0,19060.0,19000.0,-1139.983211384977,1050.903770409975
2023-06-01,760.0167886150248,855.0,900,900,0.0,0.0,0.0,0.0,0,0,100,17455.016788615027,17455.016788615027,17743.016788615027,18550.0,18550.0,18870.0,-1126.9832113849734,1037.8971403449755
2023-06-02,760.0167886150248,855.0,900,900,0.0,0.0,0.0,0.0,0,0,100,17995.016788615023,17995.016788615023,17662.016788615023,19150.0,19150.0,18780.0,-1117.983211384977,1028.892550299975
2023-06-05,760.0167886150248,855.0,900,900,0.0,0.0,0.0,0.0,0,0,100,17869.016788615023,17869.016788615023,18652.016788615023,19010.0,19010.0,19880.0,-1227.983211384977,1138.948650849975
2023-06-06,760.0167886150248,855.0,900,900,0.0,0.0,0.0,0.0,0,0,100,18355.016788615023,18355.016788615023,18013.016788615023,19550.0,19550.0,19170.0,-1156.983211384977,1067.912440494975
2023-06-07,760.0167886150248,855.0,900,900,0.0,0.0,0.0,0.0,0,0,100,17995.016788615023,17995.016788615023,17842.016788615027,19150.0,19150.0,18980.0,-1137.9832113849734,1048.9027503999753
2023-06-08,760.0167886150248,855.0,900,900,0.0,0.0,0.0,0.0,0,0,100,17725.016788615023,17725.016788615023,17680.016788615027,18850.0,18850.0,18800.0,-1119.9832113849734,1030.8935703099753
2023-06-09,760.0167886150248,855.0,900,900,0.0,0.0,0.0,0.0,0,0,100,17680.016788615027,17680.016788615027,19291.016788615023,18800.0,18800.0,20590.0,-1298.983211384977,1209.9848612049752
2023-06-12,760.0167886150248,855.0,900,900,0.0,0.0,0.0,0.0,0,0,100,19894.016788615023,19894.016788615023,20830.016788615023,21260.0,21260.0,22300.0,-1469.983211384977,1381.0720720599752
2023-06-13,760.0167886150248,855.0,900,900,0.0,0.0,0.0,0.0,0,0,100,20695.016788615023,20695.016788615023,21433.016788615023,22150.0,22150.0,22970.0,-1536.983211384977,1448.1062423949747
2023-06-14,760.0167886150248,855.0,900,900,0.0,0.0,0.0,0.0,0,0,100,21190.016788615023,21190.016788615023,22126.016788615023,22700.0,22700.0,23740.0,-1613.983211384977,1525.145512779975
2023-06-15,760.0167886150248,855.0,900,900,0.0,0.0,0.0,0.0,0,0,100,21955.016788615023,21955.016788615023,21991.016788615023,23550.0,23550.0,23590.0,-1598.983211384977,1510.1378627049753
2023-06-16,760.0167886150248,855.0,900,900,0.0,0.0,0.0,0.0,0,0,100,21991.016788615023,21991.016788615023,23269.016788615023,23590.0,23590.0,25010.0,-1740.983211384977,1652.210283414975
2023-06-19,760.0167886150248,855.0,900,900,0.0,0.0,0.0,0.0,0,0,100,23665.016788615023,23665.016788615023,25429.016788615023,25450.0,25450.0,27410.0,-1980.983211384977,1892.3326846149753
2023-06-20,760.0167886150248,855.0,900,900,0.0,0.0,0.0,0.0,0,0,100,24898.016788615023,24898.016788615023,25042.016788615023,26820.0,26820.0,26980.0,-1937.983211384977,1849.3107543999754
2023-06-21,760.0167886150248,855.0,900,900,0.0,0.0,0.0,0.0,0,0,100,24565.016788615023,24565.016788615023,23665.016788615023,26450.0,26450.0,25450.0,-1784.983211384977,1696.2327236349752
2023-06-26,760.0167886150248,855.0,900,900,0.0,0.0,0.0,0.0,0,0,100,23125.016788615023,23125.016788615023,22396.016788615023,24850.0,24850.0,24040.0,-1643.983211384977,1555.1608129299752
2023-06-27,760.0167886150248,855.0,900,900,0.0,0.0,0.0,0.0,0,0,100,22684.016788615023,22684.016788615023,22324.016788615023,24360.0,24360.0,23960.0,-1635.983211384977,1547.156732889975
2023-06-28,760.0167886150248,855.0,900,900,0.0,0.0,0.0,0.0,0,0,100,21406.016788615023,21406.016788615023,22297.016788615023,22940.0,22940.0,23930.0,-1632.983211384977,1544.1552028749752
2023-06-29,760.0167886150248,855.0,900,900,0.0,0.0,0.0,0.0,0,0,100,22324.016788615023,22324.016788615023,23035.016788615023,23960.0,23960.0,24750.0,-1714.983211384977,1626.1970232849753
2023-06-30,760.0167886150248,855.0,900,900,0.0,0.0,0.0,0.0,0,0,100,22810.016788615023,22810.016788615023,24295.016788615023,24500.0,24500.0,26150.0,-1854.983211384977,1766.268423984975
2023-07-03,760.0167886150248,855.0,900,900,0.0,0.0,0.0,0.0,0,0,100,24475.016788615023,24475.016788615023,23548.016788615023,26350.0,26350.0,25320.0,-1771.983211384977,1683.226093569975
2023-07-04,760.0167886150248,855.0,900,900,0.0,0.0,0.0,0.0,0,0,100,23215.016788615023,23215.016788615023,23737.016788615023,24950.0,24950.0,25530.0,-1792.983211384977,1704.236803674975
2023-07-05,760.0167886150248,855.0,900,900,0.0,0.0,0.0,0.0,0,0,100,23485.016788615023,23485.016788615023,23089.016788615023,25250.0,25250.0,24810.0,-1720.983211384977,1632.200083314975
2023-07-06,760.0167886150248,855.0,900,900,0.0,0.0,0.0,0.0,0,0,100,22855.016788615023,22855.016788615023,23107.016788615023,24550.0,24550.0,24830.0,-1722.983211384977,1634.201103324975
2023-07-07,760.0167886150248,855.0,900,900,0.0,0.0,0.0,0.0,0,0,100,23035.016788615023,23035.016788615023,22909.016788615023,24750.0,24750.0,24610.0,-1700.983211384977,1612.189883214975
2023-07-10,760.0167886150248,855.0,900,900,0.0,0.0,0.0,0.0,0,0,100,23215.016788615023,23215.016788615023,23035.016788615023,24950.0,24950.0,24750.0,-1714.983211384977,1626.1970232849753
2023-07-11,760.0167886150248,855.0,900,900,0.0,0.0,0.0,0.0,0,0,100,23215.016788615023,23215.016788615023,23431.016788615023,24950.0,24950.0,25190.0,-1758.983211384977,1670.219463504975
2023-07-12,760.0167886150248,855.0,900,900,0.0,0.0,0.0,0.0,0,0,100,23215.016788615023,23215.016788615023,21892.016788615023,24950.0,24950.0,23480.0,-1587.983211384977,1499.1322526499753
2023-07-13,760.0167886150248,855.0,900,900,0.0,0.0,0.0,0.0,0,0,100,22297.016788615023,22297.016788615023,23917.016788615023,23930.0,23930.0,25730.0,-1812.983211384977,1724.2470037749754
2023-07-14,760.0167886150248,855.0,900,900,0.0,0.0,0.0,0.0,0,0,100,24754.016788615023,24754.016788615023,26149.016788615023,26660.0,26660.0,28210.0,-2060.983211384977,1972.373485014975
2023-07-17,760.0167886150248,855.0,900,900,0.0,0.0,0.0,0.0,0,0,100,25816.016788615023,25816.016788615023,25114.016788615023,27840.0,27840.0,27060.0,-1945.983211384977,1857.3148344399751
2023-07-18,760.0167886150248,855.0,900,900,0.0,0.0,0.0,0.0,0,0,100,25087.016788615023,25087.016788615023,24592.016788615023,27030.0,27030.0,26480.0,-1887.983211384977,1799.2852541499751
2023-07-19,760.0167886150248,855.0,900,900,0.0,0.0,0.0,0.0,0,0,100,24943.016788615023,24943.016788615023,24196.016788615023,26870.0,26870.0,26040.0,-1843.983211384977,1755.2628139299754
2023-07-20,760.0167886150248,855.0,900,900,0.0,0.0,0.0,0.0,0,0,100,24025.016788615023,24025.016788615023,22540.016788615023,25850.0,25850.0,24200.0,-1659.983211384977,1571.1689730099752
2023-07-21,760.0167886150248,855.0,900,900,0.0,0.0,0.0,0.0,0,0,100,22351.016788615023,22351.016788615023,22351.016788615023,23990.0,23990.0,23990.0,-1638.983211384977,1550.1582629049753
2023-07-24,760.0167886150248,855.0,900,900,0.0,0.0,0.0,0.0,0,0,100,22126.016788615023,22126.016788615023,22909.016788615023,23740.0,23740.0,24610.0,-1700.983211384977,1612.189883214975
2023-07-25,760.0167886150248,855.0,900,900,0.0,0.0,0.0,0.0,0,0,100,23260.016788615023,23260.016788615023,23215.016788615023,25000.0,25000.0,24950.0,-1734.983211384977,1646.207223384975
2023-07-26,760.0167886150248,855.0,900,900,0.0,0.0,0.0,0.0,0,0,100,22765.016788615023,22765.016788615023,22540.016788615023,24450.0,24450.0,24200.0,-1659.983211384977,1571.1689730099752
2023-07-27,760.0167886150248,855.0,900,900,0.0,0.0,0.0,0.0,0,0,100,22432.016788615023,22432.016788615023,22027.016788615023,24080.0,24080.0,23630.0,-1602.983211384977,1514.1399027249754
2023-07-28,760.0167886150248,1350.0,900,900,49.50000000000001,0.0,0.0,0.0,0,0,100,22130.516788615023,22130.516788615023,22094.516788615023,23800.0,23800.0,23760.0,-1665.483211384977,1521.6184825149749
2023-07-31,760.0167886150248,1350.0,900,900,49.50000000000001,0.0,0.0,0.0,0,0,100,22085.516788615023,22085.516788615023,22157.516788615023,23750.0,23750.0,23830.0,-1672.483211384977,1528.6220525499753
2023-08-01,760.0167886150248,1350.0,900,900,49.50000000000001,0.0,0.0,0.0,0,0,100,22040.516788615023,22040.516788615023,22463.516788615023,23700.0,23700.0,24170.0,-1706.483211384977,1562.6393927199751
2023-08-02,760.0167886150248,1350.0,900,900,49.50000000000001,0.0,0.0,0.0,0,0,100,22085.516788615023,22085.516788615023,22148.516788615023,23750.0,23750.0,23820.0,-1671.483211384977,1527.621542544975
2023-08-03,760.0167886150248,1350.0,900,900,49.50000000000001,0.0,0.0,0.0,0,0,100,21734.516788615023,21734.516788615023,22310.516788615023,23360.0,23360.0,24000.0,-1689.483211384977,1545.6307226349754
2023-08-04,760.0167886150248,1350.0,900,900,49.50000000000001,0.0,0.0,0.0,0,0,100,21950.516788615023,21950.516788615023,23453.516788615023,23600.0,23600.0,25270.0,-1816.483211384977,1672.695493269975
2023-08-07,760.0167886150248,1350.0,900,900,49.50000000000001,0.0,0.0,0.0,0,0,100,23390.516788615023,23390.516788615023,24542.516788615023,25200.0,25200.0,26480.0,-1937.483211384977,1793.757203874975
2023-08-08,760.0167886150248,1350.0,900,900,49.50000000000001,0.0,0.0,0.0,0,0,100,24200.516788615023,24200.516788615023,23822.516788615023,26100.0,26100.0,25680.0,-1857.483211384977,1713.7164034749749
2023-08-09,760.0167886150248,1350.0,900,900,49.50000000000001,0.0,0.0,0.0,0,0,100,23030.516788615023,23030.516788615023,22085.516788615023,24800.0,24800.0,23750.0,-1664.483211384977,1520.617972509975
2023-08-10,760.0167886150248,1350.0,900,900,49.50000000000001,0.0,0.0,0.0,0,0,100,21851.516788615023,21851.516788615023,21410.516788615023,23490.0,23490.0,23000.0,-1589.483211384977,1445.5797221349749
2023-08-11,760.0167886150248,1350.0,900,900,49.50000000000001,0.0,0.0,0.0,0,0,100,21608.516788615023,21608.516788615023,21410.516788615023,23220.0,23220.0,23000.0,-1589.483211384977,1445.5797221349749
2023-08-14,760.0167886150248,1350.0,900,900,49.50000000000001,0.0,0.0,0.0,0,0,100,21041.516788615023,21041.516788615023,21320.516788615023,22590.0,22590.0,22900.0,-1579.483211384977,1435.574622084975
2023-08-15,760.0167886150248,1350.0,900,900,49.50000000000001,0.0,0.0,0.0,0,0,100,21896.516788615023,21896.516788615023,21311.516788615023,23540.0,23540.0,22890.0,-1578.483211384977,1434.5741120799753
2023-08-16,760.0167886150248,1350.0,900,900,49.50000000000001,0.0,0.0,0.0,0,0,100,20960.516788615023,20960.516788615023,20861.516788615023,22500.0,22500.0,22390.0,-1528.483211384977,1384.548611829975
2023-08-17,760.0167886150248,1350.0,900,900,49.50000000000001,0.0,0.0,0.0,0,0,100,20357.516788615023,20357.516788615023,20879.516788615023,21830.0,21830.0,22410.0,-1530.483211384977,1386.549631839975
2023-08-18,760.0167886150248,1350.0,900,900,49.50000000000001,0.0,0.0,0.0,0,0,100,20861.516788615023,20861.516788615023,20150.516788615023,22390.0,22390.0,21600.0,-1449.483211384977,1305.5083214349754
2023-08-21,760.0167886150248,1350.0,900,900,49.50000000000001,0.0,0.0,0.0,0,0,100,20195.516788615023,20195.516788615023,20429.516788615023,21650.0,21650.0,21910.0,-1480.483211384977,1336.524131589975
2023-08-22,760.0167886150248,1350.0,900,900,49.50000000000001,0.0,0.0,0.0,0,0,100,21140.516788615023,21140.516788615023,22265.516788615023,22700.0,22700.0,23950.0,-1684.483211384977,1540.628172609975
2023-08-23,760.0167886150248,1350.0,900,900,49.50000000000001,0.0,0.0,0.0,0,0,100,22013.516788615023,22013.516788615023,21266.516788615023,23670.0,23670.0,22840.0,-1573.483211384977,1429.5715620549754
2023-08-24,760.0167886150248,1350.0,900,900,49.50000000000001,0.0,0.0,0.0,0,0,100,22310.516788615023,22310.516788615023,22247.516788615023,24000.0,24000.0,23930.0,-1682.483211384977,1538.627152599975
2023-08-25,760.0167886150248,1350.0,900,900,49.50000000000001,0.0,0.0,0.0,0,0,100,21140.516788615023,21140.516788615023,20348.516788615023,22700.0,22700.0,21820.0,-1471.483211384977,1327.519541544975
2023-08-28,760.0167886150248,1350.0,900,900,49.50000000000001,0.0,0.0,0.0,0,0,100,21347.516788615023,21347.516788615023,20672.516788615023,22930.0,22930.0,22180.0,-1507.483211384977,1363.5379017249752
2023-08-29,760.0167886150248,1350.0,900,900,49.50000000000001,0.0,0.0,0.0,0,0,100,20555.516788615023,20555.516788615023,21491.516788615023,22050.0,22050.0,23090.0,-1598.483211384977,1454.5843121799749
2023-08-30,760.0167886150248,1350.0,900,900,49.50000000000001,0.0,0.0,0.0,0,0,100,21761.516788615023,21761.516788615023,21680.516788615023,23390.0,23390.0,23300.0,-1619.483211384977,1475.5950222849751
2023-08-31,760.0167886150248,1350.0,900,900,49.50000000000001,0.0,0.0,0.0,0,0,100,21464.516788615023,21464.516788615023,21779.516788615023,23060.0,23060.0,23410.0,-1630.483211384977,1486.6006323399752
2023-09-01,760.0167886150248,1350.0,900,900,49.50000000000001,0.0,0.0,0.0,0,0,100,21671.516788615023,21671.516788615023,21185.516788615023,23290.0,23290.0,22750.0,-1564.483211384977,1420.5669720099754
2023-09-04,760.0167886150248,1350.0,900,900,49.50000000000001,0.0,0.0,0.0,0,0,100,21320.516788615023,21320.516788615023,20951.516788615023,22900.0,22900.0,22490.0,-1538.483211384977,1394.5537118799753
2023-09-05,760.0167886150248,1350.0,900,900,49.50000000000001,0.0,0.0,0.0,0,0,100,20753.516788615023,20753.516788615023,20339.516788615023,22270.0,22270.0,21810.0,-1470.483211384977,1326.519031539975
2023-09-06,760.0167886150248,1350.0,900,900,49.50000000000001,0.0,0.0,0.0,0,0,100,20132.516788615023,20132.516788615023,20258.516788615023,21580.0,21580.0,21720.0,-1461.483211384977,1317.5144414949752
2023-09-07,760.0167886150248,1350.0,900,900,49.50000000000001,0.0,0.0,0.0,0,0,100,20042.516788615023,20042.516788615023,19340.516788615023,21480.0,21480.0,20700.0,-1359.483211384977,1215.462420984975
2023-09-08,760.0167886150248,1350.0,900,900,49.50000000000001,0.0,0.0,0.0,0,0,100,19169.516788615023,19169.516788615023,19232.516788615023,20510.0,20510.0,20580.0,-1347.483211384977,1203.456300924975
2023-09-11,760.0167886150248,1350.0,900,900,49.50000000000001,0.0,0.0,0.0,0,0,100,19160.516788615023,19160.516788615023,19574.516788615023,20500.0,20500.0,20960.0,-1385.483211384977,1241.4756811149753
2023-09-12,760.0167886150248,1350.0,900,900,49.50000000000001,0.0,0.0,0.0,0,0,100,19331.516788615023,19331.516788615023,19412.516788615023,20690.0,20690.0,20780.0,-1367.483211384977,1223.466501024975
2023-09-13,760.0167886150248,1350.0,900,900,49.50000000000001,0.0,0.0,0.0,0,0,100,19304.516788615023,19304.516788615023,19034.516788615023,20660.0,20660.0,20360.0,-1325.483211384977,1181.4450808149752
2023-09-14,760.0167886150248,1350.0,900,900,49.50000000000001,0.0,0.0,0.0,0,0,100,19142.516788615023,19142.516788615023,18791.516788615023,20480.0,20480.0,20090.0,-1298.483211384977,1154.4313106799752
2023-09-15,760.0167886150248,1350.0,900,900,49.50000000000001,0.0,0.0,0.0,0,0,100,18827.516788615023,18827.516788615023,18377.516788615023,20130.0,20130.0,19630.0,-1252.483211384977,1108.407850449975
2023-09-18,760.0167886150248,1350.0,900,900,49.50000000000001,0.0,0.0,0.0,0,0,100,18332.516788615023,18332.516788615023,18530.516788615023,19580.0,19580.0,19800.0,-1269.483211384977,1125.4165205349752
2023-09-19,760.0167886150248,1350.0,900,900,49.50000000000001,0.0,0.0,0.0,0,0,100,18548.516788615023,18548.516788615023,18692.516788615023,19820.0,19820.0,19980.0,-1287.483211384977,1143.4257006249752
2023-09-20,760.0167886150248,1350.0,900,900,49.50000000000001,0.0,0.0,0.0,0,0,100,18701.516788615023,18701.516788615023,18620.516788615023,19990.0,19990.0,19900.0,-1279.483211384977,1135.4216205849748
2023-09-21,760.0167886150248,1350.0,900,900,49.50000000000001,0.0,0.0,0.0,0,0,100,18494.516788615023,18494.516788615023,18539.516788615023,19760.0,19760.0,19810.0,-1270.483211384977,1126.4170305399748
2023-09-22,760.0167886150248,1350.0,900,900,49.50000000000001,0.0,0.0,0.0,0,0,100,18530.516788615023,18530.516788615023,20006.516788615023,19800.0,19800.0,21440.0,-1433.483211384977,1289.5001613549753
2023-09-25,760.0167886150248,1350.0,900,900,49.50000000000001,0.0,0.0,0.0,0,0,100,19844.516788615023,19844.516788615023,19421.516788615023,21260.0,21260.0,20790.0,-1368.483211384977,1224.467011029975
2023-09-26,760.0167886150248,1350.0,900,900,49.50000000000001,0.0,0.0,0.0,0,0,100,19601.516788615023,19601.516788615023,19817.516788615023,20990.0,20990.0,21230.0,-1412.483211384977,1268.4894512499752
2023-09-27,760.0167886150248,1350.0,900,900,49.50000000000001,0.0,0.0,0.0,0,0,100,19700.516788615023,19700.516788615023,19880.516788615023,21100.0,21100.0,21300.0,-1419.483211384977,1275.493021284975
2023-09-28,760.0167886150248,1350.0,900,900,49.50000000000001,0.0,0.0,0.0,0,0,100,20087.516788615023,20087.516788615023,19790.516788615023,21530.0,21530.0,21200.0,-1409.483211384977,1265.4879212349751
2023-10-09,760.0167886150248,1350.0,900,900,49.50000000000001,0.0,0.0,0.0,0,0,100,19583.516788615023,19583.516788615023,19394.516788615023,20970.0,20970.0,20760.0,-1365.483211384977,1221.4654810149755
2023-10-10,760.0167886150248,1350.0,900,900,49.50000000000001,0.0,0.0,0.0,0,0,100,19367.516788615023,19367.516788615023,19034.516788615023,20730.0,20730.0,20360.0,-1325.483211384977,1181.4450808149752
2023-10-11,760.0167886150248,1350.0,900,900,49.50000000000001,0.0,0.0,0.0,0,0,100,19304.516788615023,19304.516788615023,19313.516788615023,20660.0,20660.0,20670.0,-1356.483211384977,1212.4608909699755
2023-10-12,760.0167886150248,1350.0,900,900,49.50000000000001,0.0,0.0,0.0,0,0,100,19520.516788615023,19520.516788615023,18935.516788615023,20900.0,20900.0,20250.0,-1314.483211384977,1170.4394707599752
2023-10-13,760.0167886150248,1350.0,900,900,49.50000000000001,0.0,0.0,0.0,0,0,100,18809.516788615023,18809.516788615023,18152.516788615023,20110.0,20110.0,19380.0,-1227.483211384977,1083.3951003249751
2023-10-16,760.0167886150248,1350.0,900,900,0.0,0.0,0.0,0.0,0,0,100,18211.016788615023,18211.016788615023,17788.016788615027,19390.0,19390.0,18920.0,-1131.9832113849734,987.8716400949754
2023-10-17,760.0167886150248,1350.0,900,900,0.0,0.0,0.0,0.0,0,0,100,17878.016788615023,17878.016788615023,17662.016788615027,19020.0,19020.0,18780.0,-1117.9832113849734,973.8645000249751
2023-10-18,760.0167886150248,1350.0,900,900,0.0,0.0,0.0,0.0,0,0,100,17050.016788615027,17050.016788615027,17338.016788615027,18100.0,18100.0,18420.0,-1081.9832113849734,937.8461398449754
2023-10-19,760.0167886150248,1350.0,900,900,0.0,0.0,0.0,0.0,0,0,100,17032.016788615023,17032.016788615023,16987.016788615027,18080.0,18080.0,18030.0,-1042.9832113849734,898.8262496499751
2023-10-20,760.0167886150248,1350.0,900,900,0.0,0.0,0.0,0.0,0,0,100,17014.016788615023,17014.016788615023,16663.016788615027,18060.0,18060.0,17670.0,-1006.9832113849734,862.8078894699754
2023-10-23,760.0167886150248,1350.0,900,900,0.0,0.0,0.0,0.0,0,0,100,15205.016788615025,15205.016788615025,15205.016788615025,16050.0,16050.0,16050.0,-844.9832113849752,700.7252686599752
2023-10-24,760.0167886150248,1350.0,900,900,0.0,0.0,0.0,0.0,0,0,100,14089.016788615025,14089.016788615025,14494.016788615025,14810.0,14810.0,15260.0,-765.9832113849752,621.6849782649751
2023-10-25,760.0167886150248,1350.0,900,900,0.0,0.0,0.0,0.0,0,0,100,14548.016788615025,14548.016788615025,14296.016788615025,15320.0,15320.0,15040.0,-743.9832113849752,599.6737581549751
2023-10-26,760.0167886150248,1350.0,900,900,0.0,0.0,0.0,0.0,0,0,100,14170.016788615025,14170.016788615025,14557.016788615025,14900.0,14900.0,15330.0,-772.9832113849752,628.6885482999751
2023-10-27,760.0167886150248,1350.0,900,900,0.0,0.0,0.0,0.0,0,0,100,14557.016788615025,14557.016788615025,14773.016788615025,15330.0,15330.0,15570.0,-796.9832113849752,652.700788419975
2023-10-30,760.0167886150248,1350.0,900,900,0.0,0.0,0.0,0.0,0,0,100,14773.016788615025,14773.016788615025,15250.016788615025,15570.0,15570.0,16100.0,-849.9832113849752,705.7278186849753
2023-10-31,760.0167886150248,1350.0,900,900,0.0,0.0,0.0,0.0,0,0,100,15448.016788615025,15448.016788615025,15358.016788615025,16320.0,16320.0,16220.0,-861.9832113849752,717.7339387449751
2023-11-01,760.0167886150248,1350.0,900,900,0.0,0.0,0.0,0.0,0,0,100,15394.016788615025,15394.016788615025,15187.016788615025,16260.0,16260.0,16030.0,-842.9832113849752,698.7242486499752
2023-11-02,760.0167886150248,1350.0,900,900,0.0,0.0,0.0,0.0,0,0,100,15502.016788615025,15502.016788615025,15250.016788615025,16380.0,16380.0,16100.0,-849.9832113849752,705.7278186849753
2023-11-03,760.0167886150248,1350.0,900,900,0.0,0.0,0.0,0.0,0,0,100,15322.016788615025,15322.016788615025,15385.016788615025,16180.0,16180.0,16250.0,-864.9832113849752,720.7354687599752
2023-11-06,760.0167886150248,1350.0,900,900,0.0,0.0,0.0,0.0,0,0,100,15538.016788615025,15538.016788615025,15583.016788615025,16420.0,16420.0,16470.0,-886.9832113849752,742.7466888699751
2023-11-07,760.0167886150248,1350.0,900,900,0.0,0.0,0.0,0.0,0,0,100,15583.016788615025,15583.016788615025,15961.016788615025,16470.0,16470.0,16890.0,-928.9832113849752,784.7681090799751
2023-11-08,760.0167886150248,1350.0,900,900,0.0,0.0,0.0,0.0,0,0,100,15925.016788615025,15925.016788615025,15880.016788615025,16850.0,16850.0,16800.0,-919.9832113849752,775.7635190349752
2023-11-09,760.0167886150248,1350.0,900,900,0.0,0.0,0.0,0.0,0,0,100,16060.016788615025,16060.016788615025,16141.016788615025,17000.0,17000.0,17090.0,-948.9832113849752,804.7783091799752
2023-11-10,760.0167886150248,1350.0,900,900,0.0,0.0,0.0,0.0,0,0,100,15970.016788615025,15970.016788615025,15979.016788615025,16900.0,16900.0,16910.0,-930.9832113849752,786.769129089975
2023-11-13,760.0167886150248,1350.0,900,900,0.0,0.0,0.0,0.0,0,0,100,16195.016788615025,16195.016788615025,16609.016788615023,17150.0,17150.0,17610.0,-1000.983211384977,856.8048294399753
2023-11-14,760.0167886150248,1350.0,900,900,0.0,0.0,0.0,0.0,0,0,100,16645.016788615023,16645.016788615023,16843.016788615023,17650.0,17650.0,17870.0,-1026.983211384977,882.818089569975
2023-11-15,760.0167886150248,1350.0,900,900,0.0,0.0,0.0,0.0,0,0,100,16942.016788615023,16942.016788615023,16879.016788615023,17980.0,17980.0,17910.0,-1030.983211384977,886.8201295899751
2023-11-16,760.0167886150248,1350.0,900,900,0.0,0.0,0.0,0.0,0,0,100,16690.016788615023,16690.016788615023,16456.016788615023,17700.0,17700.0,17440.0,-983.983211384977,839.7961593549753
2023-11-17,760.0167886150248,1350.0,900,900,0.0,0.0,0.0,0.0,0,0,100,16393.016788615023,16393.016788615023,16825.016788615027,17370.0,17370.0,17850.0,-1024.9832113849734,880.8170695599754
2023-11-20,760.0167886150248,1350.0,900,900,0.0,0.0,0.0,0.0,0,0,100,16771.016788615023,16771.016788615023,16618.016788615023,17790.0,17790.0,17620.0,-1001.983211384977,857.8053394449751
2023-11-21,760.0167886150248,1350.0,900,900,0.0,0.0,0.0,0.0,0,0,100,16681.016788615027,16681.016788615027,16474.016788615023,17690.0,17690.0,17460.0,-985.983211384977,841.7971793649751
2023-11-22,760.0167886150248,1350.0,900,900,0.0,0.0,0.0,0.0,0,0,100,16420.016788615023,16420.016788615023,16123.016788615025,17400.0,17400.0,17070.0,-946.9832113849752,802.7772891699751
2023-11-23,760.0167886150248,1350.0,900,900,0.0,0.0,0.0,0.0,0,0,100,16267.016788615025,16267.016788615025,16258.016788615025,17230.0,17230.0,17220.0,-961.9832113849752,817.784939244975
2023-11-24,760.0167886150248,1350.0,900,900,0.0,0.0,0.0,0.0,0,0,100,16330.016788615025,16330.016788615025,15970.016788615025,17300.0,17300.0,16900.0,-929.9832113849752,785.7686190849752
2023-11-27,760.0167886150248,1350.0,900,900,0.0,0.0,0.0,0.0,0,0,100,15700.016788615025,15700.016788615025,15511.016788615025,16600.0,16600.0,16390.0,-878.9832113849752,734.7426088299753
2023-11-28,760.0167886150248,1350.0,900,900,0.0,0.0,0.0,0.0,0,0,100,15403.016788615025,15403.016788615025,15745.016788615025,16270.0,16270.0,16650.0,-904.9832113849752,760.7558689599753
2023-11-29,760.0167886150248,1350.0,900,900,0.0,0.0,0.0,0.0,0,0,100,15745.016788615025,15745.016788615025,15565.016788615025,16650.0,16650.0,16450.0,-884.9832113849752,740.7456688599752
2023-11-30,760.0167886150248,1350.0,900,900,0.0,0.0,0.0,0.0,0,0,100,15682.016788615025,15682.016788615025,15700.016788615025,16580.0,16580.0,16600.0,-899.9832113849752,755.7533189349751
2023-12-01,760.0167886150248,1350.0,900,900,0.0,0.0,0.0,0.0,0,0,100,15655.016788615025,15655.016788615025,15745.016788615025,16550.0,16550.0,16650.0,-904.9832113849752,760.7558689599753
2023-12-04,760.0167886150248,1350.0,900,900,0.0,0.0,0.0,0.0,0,0,100,15799.016788615025,15799.016788615025,15412.016788615025,16710.0,16710.0,16280.0,-867.9832113849752,723.7369987749751
2023-12-05,760.0167886150248,1350.0,900,900,0.0,0.0,0.0,0.0,0,0,100,15385.016788615025,15385.016788615025,14845.016788615025,16250.0,16250.0,15650.0,-804.9832113849752,660.7048684599752
2023-12-06,760.0167886150248,1350.0,900,900,0.0,0.0,0.0,0.0,0,0,100,14836.016788615025,14836.016788615025,14935.016788615025,15640.0,15640.0,15750.0,-814.9832113849752,670.7099685099752
2023-12-07,760.0167886150248,1350.0,900,900,0.0,0.0,0.0,0.0,0,0,100,15052.016788615025,15052.016788615025,15007.016788615025,15880.0,15880.0,15830.0,-822.9832113849752,678.7140485499751
2023-12-08,760.0167886150248,1350.0,900,900,0.0,0.0,0.0,0.0,0,0,100,15034.016788615025,15034.016788615025,16294.016788615025,15860.0,15860.0,17260.0,-965.9832113849752,821.7869792649753
2023-12-11,760.0167886150248,1350.0,900,900,0.0,0.0,0.0,0.0,0,0,100,16303.016788615025,16303.016788615025,16141.016788615025,17270.0,17270.0,17090.0,-948.9832113849752,804.7783091799752
2023-12-12,760.0167886150248,1350.0,900,900,0.0,0.0,0.0,0.0,0,0,100,16159.016788615025,16159.016788615025,15844.016788615025,17110.0,17110.0,16760.0,-915.9832113849752,771.7614790149751
2023-12-13,760.0167886150248,1350.0,900,900,0.0,0.0,0.0,0.0,0,0,100,15844.016788615025,15844.016788615025,15682.016788615025,16760.0,16760.0,16580.0,-897.9832113849752,753.7522989249751
2023-12-14,760.0167886150248,1350.0,900,900,0.0,0.0,0.0,0.0,0,0,100,15772.016788615025,15772.016788615025,15610.016788615025,16680.0,16680.0,16500.0,-889.9832113849752,745.7482188849751
2023-12-15,760.0167886150248,1350.0,900,900,0.0,0.0,0.0,0.0,0,0,100,15700.016788615025,15700.016788615025,15412.016788615025,16600.0,16600.0,16280.0,-867.9832113849752,723.7369987749751
2023-12-18,760.0167886150248,1350.0,900,900,0.0,0.0,0.0,0.0,0,0,100,15412.016788615025,15412.016788615025,15637.016788615025,16280.0,16280.0,16530.0,-892.9832113849752,748.749748899975
2023-12-19,760.0167886150248,1350.0,900,900,0.0,0.0,0.0,0.0,0,0,100,15574.016788615025,15574.016788615025,15763.016788615025,16460.0,16460.0,16670.0,-906.9832113849752,762.7568889699751
2023-12-20,760.0167886150248,1350.0,900,900,0.0,0.0,0.0,0.0,0,0,100,15763.016788615025,15763.016788615025,15205.016788615025,16670.0,16670.0,16050.0,-844.9832113849752,700.7252686599752
2023-12-21,760.0167886150248,1350.0,900,900,0.0,0.0,0.0,0.0,0,0,100,15205.016788615025,15205.016788615025,15223.016788615025,16050.0,16050.0,16070.0,-846.9832113849752,702.7262886699752
2023-12-22,760.0167886150248,1350.0,900,900,0.0,0.0,0.0,0.0,0,0,100,15169.016788615025,15169.016788615025,14998.016788615025,16010.0,16010.0,15820.0,-821.9832113849752,677.7135385449751
2023-12-25,760.0167886150248,1350.0,900,900,0.0,0.0,0.0,0.0,0,0,100,14890.016788615025,14890.016788615025,14899.016788615025,15700.0,15700.0,15710.0,-810.9832113849752,666.7079284899751
2023-12-26,760.0167886150248,1350.0,900,900,0.0,0.0,0.0,0.0,0,0,100,14818.016788615025,14818.016788615025,14593.016788615025,15620.0,15620.0,15370.0,-776.9832113849752,632.6905883199752
2023-12-27,760.0167886150248,1350.0,900,900,0.0,0.0,0.0,0.0,0,0,100,14665.016788615025,14665.016788615025,14647.016788615025,15450.0,15450.0,15430.0,-782.9832113849752,638.6936483499753
2023-12-28,760.0167886150248,1350.0,900,900,0.0,0.0,0.0,0.0,0,0,100,14881.016788615025,14881.016788615025,15430.016788615025,15690.0,15690.0,16300.0,-869.9832113849752,725.7380187849753
2023-12-29,760.0167886150248,1350.0,900,900,0.0,0.0,0.0,0.0,0,0,100,15430.016788615025,15430.016788615025,15718.016788615025,16300.0,16300.0,16620.0,-901.9832113849752,757.7543389449752
2024-01-02,760.0167886150248,1350.0,900,900,0.0,0.0,0.0,0.0,0,0,100,15610.016788615025,15610.016788615025,14890.016788615025,16500.0,16500.0,15700.0,-809.9832113849752,665.707418484975
2024-01-03,760.0167886150248,1350.0,900,900,0.0,0.0,0.0,0.0,0,0,100,14809.016788615025,14809.016788615025,14602.016788615025,15610.0,15610.0,15380.0,-777.9832113849752,633.6910983249752
2024-01-04,760.0167886150248,1350.0,900,900,0.0,0.0,0.0,0.0,0,0,100,14512.016788615025,14512.016788615025,14233.016788615025,15280.0,15280.0,14970.0,-736.9832113849752,592.6701881199751
2024-01-05,760.0167886150248,1350.0,900,900,0.0,0.0,0.0,0.0,0,0,100,14215.016788615025,14215.016788615025,14080.016788615025,14950.0,14950.0,14800.0,-719.9832113849752,575.6615180349752
2024-01-08,760.0167886150248,1350.0,900,900,0.0,0.0,0.0,0.0,0,0,100,14026.016788615025,14026.016788615025,13882.016788615025,14740.0,14740.0,14580.0,-697.9832113849752,553.6502979249751
2024-01-09,760.0167886150248,1350.0,900,900,0.0,0.0,0.0,0.0,0,0,100,14107.016788615025,14107.016788615025,13981.016788615025,14830.0,14830.0,14690.0,-708.9832113849752,564.6559079799752
2024-01-10,760.0167886150248,1350.0,900,900,0.0,0.0,0.0,0.0,0,0,100,13882.016788615025,13882.016788615025,13729.016788615025,14580.0,14580.0,14410.0,-680.9832113849752,536.6416278399752
2024-01-11,760.0167886150248,1350.0,900,900,0.0,0.0,0.0,0.0,0,0,100,13774.016788615025,13774.016788615025,13945.016788615025,14460.0,14460.0,14650.0,-704.9832113849752,560.6538679599753
2024-01-12,760.0167886150248,1350.0,900,900,0.0,0.0,0.0,0.0,0,0,100,13810.016788615025,13810.016788615025,13684.016788615025,14500.0,14500.0,14360.0,-675.9832113849752,531.6390778149753
2024-01-15,760.0167886150248,1350.0,900,900,0.0,0.0,0.0,0.0,0,0,100,13630.016788615025,13630.016788615025,13558.016788615025,14300.0,14300.0,14220.0,-661.9832113849752,517.6319377449752
2024-01-16,760.0167886150248,1350.0,900,900,0.0,0.0,0.0,0.0,0,0,100,13486.016788615025,13486.016788615025,13729.016788615025,14140.0,14140.0,14410.0,-680.9832113849752,536.6416278399752
2024-01-17,760.0167886150248,1350.0,900,900,0.0,0.0,0.0,0.0,0,0,100,13693.016788615025,13693.016788615025,13522.016788615025,14370.0,14370.0,14180.0,-657.9832113849752,513.6298977249753
2024-01-18,760.0167886150248,1350.0,900,900,0.0,0.0,0.0,0.0,0,0,100,13522.016788615025,13522.016788615025,14449.016788615025,14180.0,14180.0,15210.0,-760.9832113849752,616.682428239975
2024-01-19,760.0167886150248,1350.0,900,900,0.0,0.0,0.0,0.0,0,0,100,14566.016788615025,14566.016788615025,14890.016788615025,15340.0,15340.0,15700.0,-809.9832113849752,665.707418484975
2024-01-22,760.0167886150248,1350.0,900,900,0.0,0.0,0.0,0.0,0,0,100,15349.016788615025,15349.016788615025,15070.016788615025,16210.0,16210.0,15900.0,-829.9832113849752,685.7176185849753
2024-01-23,760.0167886150248,1350.0,900,900,0.0,0.0,0.0,0.0,0,0,100,14755.016788615025,14755.016788615025,15160.016788615025,15550.0,15550.0,16000.0,-839.9832113849752,695.7227186349751
2024-01-24,760.0167886150248,1350.0,900,900,0.0,0.0,0.0,0.0,0,0,100,15268.016788615025,15268.016788615025,15160.016788615025,16120.0,16120.0,16000.0,-839.9832113849752,695.7227186349751
2024-01-25,760.0167886150248,1350.0,900,900,0.0,0.0,0.0,0.0,0,0,100,15115.016788615025,15115.016788615025,15682.016788615025,15950.0,15950.0,16580.0,-897.9832113849752,753.7522989249751
2024-01-26,760.0167886150248,1350.0,900,900,0.0,0.0,0.0,0.0,0,0,100,15457.016788615025,15457.016788615025,15079.016788615025,16330.0,16330.0,15910.0,-830.9832113849752,686.7181285899751
2024-01-29,760.0167886150248,1350.0,900,900,0.0,0.0,0.0,0.0,0,0,100,14908.016788615025,14908.016788615025,14341.016788615025,15720.0,15720.0,15090.0,-748.9832113849752,604.6763081799752
2024-01-30,760.0167886150248,1350.0,900,900,0.0,0.0,0.0,0.0,0,0,100,14305.016788615025,14305.016788615025,14260.016788615025,15050.0,15050.0,15000.0,-739.9832113849752,595.6717181349752
2024-01-31,760.0167886150248,1350.0,900,900,0.0,0.0,0.0,0.0,0,0,100,14080.016788615025,14080.016788615025,14089.016788615025,14800.0,14800.0,14810.0,-720.9832113849752,576.662028039975
2024-02-01,760.0167886150248,1350.0,900,900,0.0,0.0,0.0,0.0,0,0,100,13927.016788615025,13927.016788615025,15214.016788615025,14630.0,14630.0,16060.0,-845.9832113849752,701.725778664975
2024-02-02,760.0167886150248,1350.0,900,900,0.0,0.0,0.0,0.0,0,0,100,15196.016788615025,15196.016788615025,14638.016788615025,16040.0,16040.0,15420.0,-781.9832113849752,637.6931383449751
2024-02-05,760.0167886150248,1350.0,900,900,0.0,0.0,0.0,0.0,0,0,100,14602.016788615025,14602.016788615025,15403.016788615025,15380.0,15380.0,16270.0,-866.9832113849752,722.736488769975
2024-02-06,760.0167886150248,1350.0,900,900,0.0,0.0,0.0,0.0,0,0,100,14980.016788615025,14980.016788615025,16087.016788615025,15800.0,15800.0,17030.0,-942.9832113849752,798.7752491499753
2024-02-07,760.0167886150248,1350.0,900,900,0.0,0.0,0.0,0.0,0,0,100,15853.016788615025,15853.016788615025,15880.016788615025,16770.0,16770.0,16800.0,-919.9832113849752,775.7635190349752
2024-02-08,760.0167886150248,1350.0,900,900,0.0,0.0,0.0,0.0,0,0,100,16060.016788615025,16060.016788615025,16240.016788615025,17000.0,17000.0,17200.0,-959.9832113849752,815.783919234975
2024-02-19,760.0167886150248,1350.0,900,900,0.0,0.0,0.0,0.0,0,0,100,17140.016788615023,17140.016788615023,17653.016788615023,18200.0,18200.0,18770.0,-1116.983211384977,972.8639900199751
2024-02-20,760.0167886150248,1350.0,900,900,0.0,0.0,0.0,0.0,0,0,100,18220.016788615023,18220.016788615023,18751.016788615023,19400.0,19400.0,19990.0,-1238.983211384977,1094.9262106299748
2024-02-21,760.0167886150248,1350.0,900,900,0.0,0.0,0.0,0.0,0,0,100,18067.016788615023,18067.016788615023,17905.016788615023,19230.0,19230.0,19050.0,-1144.983211384977,1000.878270159975
2024-02-22,760.0167886150248,1350.0,900,900,0.0,0.0,0.0,0.0,0,0,100,18535.016788615023,18535.016788615023,18481.016788615027,19750.0,19750.0,19690.0,-1208.9832113849734,1064.9109104799754
2024-02-23,760.0167886150248,1350.0,900,900,0.0,0.0,0.0,0.0,0,0,100,19048.016788615023,19048.016788615023,18463.016788615027,20320.0,20320.0,19670.0,-1206.9832113849734,1062.9098904699754
2024-02-26,760.0167886150248,1350.0,900,900,0.0,0.0,0.0,0.0,0,0,100,17950.016788615027,17950.016788615027,18013.016788615027,19100.0,19100.0,19170.0,-1156.9832113849734,1012.8843902199753
2024-02-27,760.0167886150248,1350.0,900,900,0.0,0.0,0.0,0.0,0,0,100,17941.016788615023,17941.016788615023,19507.016788615023,19090.0,19090.0,20830.0,-1322.983211384977,1178.969051049975
2024-02-28,760.0167886150248,1350.0,900,900,0.0,0.0,0.0,0.0,0,0,100,19255.016788615023,19255.016788615023,18490.016788615023,20550.0,20550.0,19700.0,-1209.983211384977,1065.911420484975
2024-02-29,760.0167886150248,1350.0,900,900,0.0,0.0,0.0,0.0,0,0,100,18454.016788615023,18454.016788615023,18931.016788615023,19660.0,19660.0,20190.0,-1258.983211384977,1114.9364107299753
2024-03-01,760.0167886150248,1350.0,900,900,0.0,0.0,0.0,0.0,0,0,100,19255.016788615023,19255.016788615023,20128.016788615023,20550.0,20550.0,21520.0,-1391.983211384977,1248.0042413949752
2024-03-04,760.0167886150248,1350.0,900,900,0.0,0.0,0.0,0.0,0,0,100,20830.016788615023,20830.016788615023,21928.016788615023,22300.0,22300.0,23520.0,-1591.983211384977,1448.1062423949747
2024-03-05,760.0167886150248,1350.0,900,900,0.0,0.0,0.0,0.0,0,0,100,21640.016788615023,21640.016788615023,22585.016788615023,23200.0,23200.0,24250.0,-1664.983211384977,1521.1434727599749
2024-03-06,760.0167886150248,1350.0,900,900,0.0,0.0,0.0,0.0,0,0,100,21973.016788615023,21973.016788615023,21919.016788615023,23570.0,23570.0,23510.0,-1590.983211384977,1447.1057323899754
2024-03-07,760.0167886150248,1350.0,900,900,0.0,0.0,0.0,0.0,0,0,100,22333.016788615023,22333.016788615023,22459.016788615023,23970.0,23970.0,24110.0,-1650.983211384977,1507.136332689975
2024-03-08,760.0167886150248,1350.0,900,900,0.0,0.0,0.0,0.0,0,0,100,22900.016788615023,22900.016788615023,24493.016788615023,24600.0,24600.0,26370.0,-1876.983211384977,1733.2515938199754
2024-03-11,760.0167886150248,1350.0,900,900,0.0,0.0,0.0,0.0,0,0,100,23422.016788615023,23422.016788615023,25348.016788615023,25180.0,25180.0,27320.0,-1971.983211384977,1828.3000442949751
2024-03-12,760.0167886150248,1350.0,900,900,0.0,0.0,0.0,0.0,0,0,100,24844.016788615023,24844.016788615023,24430.016788615023,26760.0,26760.0,26300.0,-1869.983211384977,1726.248023784975
2024-03-13,760.0167886150248,1350.0,900,900,0.0,0.0,0.0,0.0,0,0,100,25096.016788615023,25096.016788615023,24025.016788615023,27040.0,27040.0,25850.0,-1824.983211384977,1681.225073559975
2024-03-14,760.0167886150248,1350.0,900,900,0.0,0.0,0.0,0.0,0,0,100,22603.016788615023,22603.016788615023,22675.016788615023,24270.0,24270.0,24350.0,-1674.983211384977,1531.1485728099751
2024-03-15,760.0167886150248,1350.0,900,900,0.0,0.0,0.0,0.0,0,0,100,22351.016788615023,22351.016788615023,22882.016788615023,23990.0,23990.0,24580.0,-1697.983211384977,1554.1603029249754
2024-03-18,760.0167886150248,1350.0,900,900,0.0,0.0,0.0,0.0,0,0,100,23215.016788615023,23215.016788615023,24619.016788615023,24950.0,24950.0,26510.0,-1890.983211384977,1747.2587338899748
2024-03-19,760.0167886150248,1350.0,900,900,0.0,0.0,0.0,0.0,0,0,100,24070.016788615023,24070.016788615023,25069.016788615023,25900.0,25900.0,27010.0,-1940.983211384977,1797.284234139975
2024-03-20,760.0167886150248,1350.0,900,900,0.0,0.0,0.0,0.0,0,0,100,24880.016788615023,24880.016788615023,24682.016788615023,26800.0,26800.0,26580.0,-1897.983211384977,1754.2623039249752
2024-03-21,760.0167886150248,1350.0,900,900,0.0,0.0,0.0,0.0,0,0,100,24682.016788615023,24682.016788615023,24601.016788615023,26580.0,26580.0,26490.0,-1888.983211384977,1745.2577138799752
2024-03-22,760.0167886150248,1350.0,900,900,0.0,0.0,0.0,0.0,0,0,100,24448.016788615023,24448.016788615023,24097.016788615023,26320.0,26320.0,25930.0,-1832.983211384977,1689.2291535999748
2024-03-25,760.0167886150248,1350.0,900,900,0.0,0.0,0.0,0.0,0,0,100,24475.016788615023,24475.016788615023,23629.016788615023,26350.0,26350.0,25410.0,-1780.983211384977,1637.202633339975
2024-03-26,760.0167886150248,1350.0,900,900,0.0,0.0,0.0,0.0,0,0,100,23710.016788615023,23710.016788615023,23467.016788615023,25500.0,25500.0,25230.0,-1762.983211384977,1619.193453249975
2024-03-27,760.0167886150248,1350.0,900,900,0.0,0.0,0.0,0.0,0,0,100,23143.016788615023,23143.016788615023,22279.016788615023,24870.0,24870.0,23910.0,-1630.983211384977,1487.126132589975
2024-03-28,760.0167886150248,1350.0,900,900,0.0,0.0,0.0,0.0,0,0,100,22288.016788615023,22288.016788615023,23215.016788615023,23920.0,23920.0,24950.0,-1734.983211384977,1591.1791731099747
2024-03-29,760.0167886150248,1350.0,900,900,0.0,0.0,0.0,0.0,0,0,100,22936.016788615023,22936.016788615023,22603.016788615023,24640.0,24640.0,24270.0,-1666.983211384977,1523.1444927699754
2024-04-01,760.0167886150248,1350.0,900,900,0.0,0.0,0.0,0.0,0,0,100,22720.016788615023,22720.016788615023,23089.016788615023,24400.0,24400.0,24810.0,-1720.983211384977,1577.1720330399753
2024-04-02,760.0167886150248,1350.0,900,900,0.0,0.0,0.0,0.0,0,0,100,23026.016788615023,23026.016788615023,22720.016788615023,24740.0,24740.0,24400.0,-1679.983211384977,1536.151122834975
2024-04-03,760.0167886150248,1350.0,900,900,0.0,0.0,0.0,0.0,0,0,100,22540.016788615023,22540.016788615023,21838.016788615023,24200.0,24200.0,23420.0,-1581.983211384977,1438.1011423449754
2024-04-08,760.0167886150248,1350.0,900,900,0.0,0.0,0.0,0.0,0,0,100,21640.016788615023,21640.016788615023,21910.016788615023,23200.0,23200.0,23500.0,-1589.983211384977,1446.1052223849751
2024-04-09,760.0167886150248,1350.0,900,900,0.0,0.0,0.0,0.0,0,0,100,22045.016788615023,22045.016788615023,21811.016788615023,23650.0,23650.0,23390.0,-1578.983211384977,1435.0996123299751
2024-04-10,760.0167886150248,1350.0,900,900,0.0,0.0,0.0,0.0,0,0,100,21631.016788615023,21631.016788615023,21100.016788615023,23190.0,23190.0,22600.0,-1499.983211384977,1356.0593219349748
2024-04-11,760.0167886150248,1350.0,900,900,0.0,0.0,0.0,0.0,0,0,100,21217.016788615023,21217.016788615023,21235.016788615023,22730.0,22730.0,22750.0,-1514.983211384977,1371.0669720099754
2024-04-12,760.0167886150248,1350.0,900,900,0.0,0.0,0.0,0.0,0,0,100,21730.016788615023,21730.016788615023,22144.016788615023,23300.0,23300.0,23760.0,-1615.983211384977,1472.1184825149749
2024-04-15,760.0167886150248,1350.0,900,900,0.0,0.0,0.0,0.0,0,0,100,21802.016788615023,21802.016788615023,22126.016788615023,23380.0,23380.0,23740.0,-1613.983211384977,1470.1174625049753
2024-04-16,760.0167886150248,1350.0,900,900,0.0,0.0,0.0,0.0,0,0,100,21487.016788615023,21487.016788615023,21739.016788615023,23030.0,23030.0,23310.0,-1570.983211384977,1427.095532289975
2024-04-17,760.0167886150248,1350.0,900,900,0.0,0.0,0.0,0.0,0,0,100,22360.016788615023,22360.016788615023,22360.016788615023,24000.0,24000.0,24000.0,-1639.983211384977,1496.1307226349754
2024-04-18,760.0167886150248,1350.0,900,900,0.0,0.0,0.0,0.0,0,0,100,21784.016788615023,21784.016788615023,22720.016788615023,23360.0,23360.0,24400.0,-1679.983211384977,1536.151122834975
2024-04-19,760.0167886150248,1350.0,900,900,0.0,0.0,0.0,0.0,0,0,100,22279.016788615023,22279.016788615023,21955.016788615023,23910.0,23910.0,23550.0,-1594.983211384977,1451.107772409975
2024-04-22,760.0167886150248,1350.0,900,900,0.0,0.0,0.0,0.0,0,0,100,20452.016788615023,20452.016788615023,20866.016788615023,21880.0,21880.0,22340.0,-1473.983211384977,1330.0460618049751
2024-04-23,760.0167886150248,1350.0,900,900,0.0,0.0,0.0,0.0,0,0,100,21055.016788615023,21055.016788615023,20641.016788615023,22550.0,22550.0,22090.0,-1448.983211384977,1305.0333116799752
2024-04-24,760.0167886150248,1350.0,900,900,0.0,0.0,0.0,0.0,0,0,100,21028.016788615023,21028.016788615023,22126.016788615023,22520.0,22520.0,23740.0,-1613.983211384977,1470.1174625049753
2024-04-25,760.0167886150248,1350.0,900,900,0.0,0.0,0.0,0.0,0,0,100,21604.016788615023,21604.016788615023,22081.016788615023,23160.0,23160.0,23690.0,-1608.983211384977,1465.1149124799754
2024-04-26,760.0167886150248,1350.0,900,900,0.0,0.0,0.0,0.0,0,0,100,23008.016788615023,23008.016788615023,24079.016788615023,24720.0,24720.0,25910.0,-1830.983211384977,1687.2281335899752
2024-04-29,760.0167886150248,1350.0,900,900,0.0,0.0,0.0,0.0,0,0,100,24394.016788615023,24394.016788615023,24178.016788615023,26260.0,26260.0,26020.0,-1841.983211384977,1698.2337436449748
2024-04-30,760.0167886150248,1350.0,900,900,0.0,0.0,0.0,0.0,0,0,100,24880.016788615023,24880.016788615023,24160.016788615023,26800.0,26800.0,26000.0,-1839.983211384977,1696.2327236349752
2024-05-06,760.0167886150248,1350.0,900,900,0.0,0.0,0.0,0.0,0,0,100,24610.016788615023,24610.016788615023,24448.016788615023,26500.0,26500.0,26320.0,-1871.983211384977,1728.249043794975
2024-05-07,760.0167886150248,1350.0,900,900,0.0,0.0,0.0,0.0,0,0,100,24790.016788615023,24790.016788615023,24952.016788615023,26700.0,26700.0,26880.0,-1927.983211384977,1784.277604074975
2024-05-08,760.0167886150248,1350.0,900,900,0.0,0.0,0.0,0.0,0,0,100,24376.016788615023,24376.016788615023,24124.016788615023,26240.0,26240.0,25960.0,-1835.983211384977,1692.230683614975
2024-05-09,760.0167886150248,1350.0,900,900,0.0,0.0,0.0,0.0,0,0,100,23980.016788615023,23980.016788615023,23908.016788615023,25800.0,25800.0,25720.0,-1811.983211384977,1668.218443494975
2024-05-10,760.0167886150248,1350.0,900,900,0.0,0.0,0.0,0.0,0,0,100,23710.016788615023,23710.016788615023,23638.016788615023,25500.0,25500.0,25420.0,-1781.983211384977,1638.2031433449752
2024-05-13,760.0167886150248,1350.0,900,900,0.0,0.0,0.0,0.0,0,0,100,23647.016788615023,23647.016788615023,23710.016788615023,25430.0,25430.0,25500.0,-1789.983211384977,1646.207223384975
2024-05-14,760.0167886150248,1350.0,900,900,0.0,0.0,0.0,0.0,0,0,100,24070.016788615023,24070.016788615023,23530.016788615023,25900.0,25900.0,25300.0,-1769.983211384977,1626.1970232849753
2024-05-15,760.0167886150248,1350.0,900,900,0.0,0.0,0.0,0.0,0,0,100,23602.016788615023,23602.016788615023,23980.016788615023,25380.0,25380.0,25800.0,-1819.983211384977,1676.2225235349747
2024-05-16,760.0167886150248,1350.0,900,900,0.0,0.0,0.0,0.0,0,0,100,25267.016788615023,25267.016788615023,25132.016788615023,27230.0,27230.0,27080.0,-1947.983211384977,1804.287804174975
2024-05-17,760.0167886150248,1350.0,900,900,0.0,0.0,0.0,0.0,0,0,100,24790.016788615023,24790.016788615023,25240.016788615023,26700.0,26700.0,27200.0,-1959.983211384977,1816.2939242349753
2024-05-20,760.0167886150248,1350.0,900,900,0.0,0.0,0.0,0.0,0,0,100,24880.016788615023,24880.016788615023,25708.016788615023,26800.0,26800.0,27720.0,-2011.983211384977,1868.3204444949747
2024-05-21,760.0167886150248,1350.0,900,900,0.0,0.0,0.0,0.0,0,0,100,25456.016788615023,25456.016788615023,25258.016788615023,27440.0,27440.0,27220.0,-1961.983211384977,1818.2949442449753
2024-05-22,760.0167886150248,1350.0,900,900,0.0,0.0,0.0,0.0,0,0,100,25231.016788615023,25231.016788615023,24997.016788615023,27190.0,27190.0,26930.0,-1932.983211384977,1789.2801540999749
2024-05-23,760.0167886150248,1350.0,900,900,0.0,0.0,0.0,0.0,0,0,100,25510.016788615023,25510.016788615023,25168.016788615023,27500.0,27500.0,27120.0,-1951.983211384977,1808.289844194975
2024-05-24,760.0167886150248,1350.0,900,900,0.0,0.0,0.0,0.0,0,0,100,24790.016788615023,24790.016788615023,23845.016788615023,26700.0,26700.0,25650.0,-1804.983211384977,1661.214873459975
2024-05-27,760.0167886150248,1350.0,900,900,0.0,0.0,0.0,0.0,0,0,100,24250.016788615023,24250.016788615023,24484.016788615023,26100.0,26100.0,26360.0,-1875.983211384977,1732.2510838149751
2024-05-28,760.0167886150248,1350.0,900,900,0.0,0.0,0.0,0.0,0,0,100,24295.016788615023,24295.016788615023,23818.016788615023,26150.0,26150.0,25620.0,-1801.983211384977,1658.2133434449747
2024-05-29,760.0167886150248,1350.0,900,900,0.0,0.0,0.0,0.0,0,0,100,24385.016788615023,24385.016788615023,23899.016788615023,26250.0,26250.0,25710.0,-1810.983211384977,1667.2179334899747
2024-05-30,760.0167886150248,1350.0,900,900,0.0,0.0,0.0,0.0,0,0,100,23710.016788615023,23710.016788615023,23656.016788615023,25500.0,25500.0,25440.0,-1783.983211384977,1640.2041633549748
2024-05-31,760.0167886150248,1350.0,900,900,0.0,0.0,0.0,0.0,0,0,100,23413.016788615023,23413.016788615023,22729.016788615023,25170.0,25170.0,24410.0,-1680.983211384977,1537.1516328399753
2024-06-03,760.0167886150248,1350.0,900,900,0.0,0.0,0.0,0.0,0,0,100,22729.016788615023,22729.016788615023,23593.016788615023,24410.0,24410.0,25370.0,-1776.983211384977,1633.2005933199753
2024-06-04,760.0167886150248,1350.0,900,900,0.0,0.0,0.0,0.0,0,0,100,23593.016788615023,23593.016788615023,23521.016788615023,25370.0,25370.0,25290.0,-1768.983211384977,1625.196513279975
2024-06-05,760.0167886150248,1350.0,900,900,0.0,0.0,0.0,0.0,0,0,100,23413.016788615023,23413.016788615023,23440.016788615023,25170.0,25170.0,25200.0,-1759.983211384977,1616.191923234975
2024-06-06,760.0167886150248,1350.0,900,900,0.0,0.0,0.0,0.0,0,0,100,24502.016788615023,24502.016788615023,25573.016788615023,26380.0,26380.0,27570.0,-1996.983211384977,1853.312794419975
2024-06-07,760.0167886150248,1350.0,900,900,0.0,0.0,0.0,0.0,0,0,100,25375.016788615023,25375.016788615023,24187.016788615023,27350.0,27350.0,26030.0,-1842.983211384977,1699.234253649975
2024-06-11,760.0167886150248,1350.0,900,900,0.0,0.0,0.0,0.0,0,0,100,24160.016788615023,24160.016788615023,23899.016788615023,26000.0,26000.0,25710.0,-1810.983211384977,1667.2179334899747
2024-06-12,760.0167886150248,1350.0,900,900,0.0,0.0,0.0,0.0,0,0,100,24205.016788615023,24205.016788615023,24043.016788615023,26050.0,26050.0,25870.0,-1826.983211384977,1683.226093569975
2024-06-13,760.0167886150248,1350.0,900,900,0.0,0.0,0.0,0.0,0,0,100,24430.016788615023,24430.016788615023,25420.016788615023,26300.0,26300.0,27400.0,-1979.983211384977,1836.3041243349753
2024-06-14,760.0167886150248,1350.0,900,900,0.0,0.0,0.0,0.0,0,0,100,25555.016788615023,25555.016788615023,26617.016788615023,27550.0,27550.0,28730.0,-2112.983211384977,1969.371954999975
2024-06-17,760.0167886150248,1350.0,900,900,0.0,0.0,0.0,0.0,0,0,100,26473.016788615023,26473.016788615023,26869.016788615023,28570.0,28570.0,29010.0,-2140.983211384977,1997.3862351399748
2024-06-18,760.0167886150248,1350.0,900,900,0.0,0.0,0.0,0.0,0,0,100,26887.016788615023,26887.016788615023,27868.016788615023,29030.0,29030.0,30120.0,-2251.983211384977,2108.4428456949754
2024-06-19,760.0167886150248,1350.0,900,900,0.0,0.0,0.0,0.0,0,0,100,28381.016788615023,28381.016788615023,27733.016788615023,30690.0,30690.0,29970.0,-2236.983211384977,2093.4351956199753
2024-06-20,760.0167886150248,1350.0,900,900,0.0,0.0,0.0,0.0,0,0,100,27733.016788615023,27733.016788615023,27859.016788615023,29970.0,29970.0,30110.0,-2250.983211384977,2107.442335689975
2024-06-21,760.0167886150248,1350.0,900,900,0.0,0.0,0.0,0.0,0,0,100,26860.016788615023,26860.016788615023,27733.016788615023,29000.0,29000.0,29970.0,-2236.983211384977,2093.4351956199753
2024-06-24,760.0167886150248,1350.0,900,900,0.0,0.0,0.0,0.0,0,0,100,27130.016788615023,27130.016788615023,26905.016788615023,29300.0,29300.0,29050.0,-2144.983211384977,2001.3882751599754
2024-06-25,760.0167886150248,1350.0,900,900,0.0,0.0,0.0,0.0,0,0,100,26194.016788615023,26194.016788615023,25906.016788615023,28260.0,28260.0,27940.0,-2033.983211384977,1890.3316646049748
2024-06-26,760.0167886150248,1350.0,900,900,0.0,0.0,0.0,0.0,0,0,100,26518.016788615023,26518.016788615023,26563.016788615023,28620.0,28620.0,28670.0,-2106.983211384977,1963.368894969975
2024-06-27,760.0167886150248,1350.0,900,900,0.0,0.0,0.0,0.0,0,0,100,26113.016788615023,26113.016788615023,26239.016788615023,28170.0,28170.0,28310.0,-2070.983211384977,1927.350534789975
2024-06-28,760.0167886150248,1350.0,900,900,0.0,0.0,0.0,0.0,0,0,100,26140.016788615023,26140.016788615023,26770.016788615023,28200.0,28200.0,28900.0,-2129.983211384977,1986.3806250849752
2024-07-01,760.0167886150248,1350.0,900,900,0.0,0.0,0.0,0.0,0,0,100,26779.016788615023,26779.016788615023,27310.016788615023,28910.0,28910.0,29500.0,-2189.983211384977,2046.4112253849748
2024-07-02,760.0167886150248,1350.0,900,900,0.0,0.0,0.0,0.0,0,0,100,27085.016788615023,27085.016788615023,26734.016788615023,29250.0,29250.0,28860.0,-2125.983211384977,1982.3785850649751
2024-07-03,760.0167886150248,1350.0,900,900,0.0,0.0,0.0,0.0,0,0,100,26545.016788615023,26545.016788615023,26752.016788615023,28650.0,28650.0,28880.0,-2127.983211384977,1984.3796050749747
2024-07-04,760.0167886150248,1350.0,900,900,0.0,0.0,0.0,0.0,0,0,100,27085.016788615023,27085.016788615023,26653.016788615023,29250.0,29250.0,28770.0,-2116.983211384977,1973.3739950199752
2024-07-05,760.0167886150248,1350.0,900,900,0.0,0.0,0.0,0.0,0,0,100,26410.016788615023,26410.016788615023,26482.016788615023,28500.0,28500.0,28580.0,-2097.983211384977,1954.364304924975
2024-07-08,760.0167886150248,1350.0,900,900,0.0,0.0,0.0,0.0,0,0,100,26293.016788615023,26293.016788615023,26374.016788615023,28370.0,28370.0,28460.0,-2085.983211384977,1942.358184864975
2024-07-09,760.0167886150248,1350.0,900,900,0.0,0.0,0.0,0.0,0,0,100,26500.016788615023,26500.016788615023,28210.016788615023,28600.0,28600.0,30500.0,-2289.983211384977,2146.462225884975
2024-07-10,760.0167886150248,1350.0,900,900,0.0,0.0,0.0,0.0,0,0,100,28210.016788615023,28210.016788615023,28165.016788615023,30500.0,30500.0,30450.0,-2284.983211384977,2141.459675859975
2024-07-11,760.0167886150248,1350.0,900,900,0.0,0.0,0.0,0.0,0,0,100,28615.016788615023,28615.016788615023,27994.016788615023,30950.0,30950.0,30260.0,-2265.983211384977,2122.449985764975
2024-07-12,760.0167886150248,1350.0,900,900,0.0,0.0,0.0,0.0,0,0,100,26995.016788615023,26995.016788615023,26644.016788615023,29150.0,29150.0,28760.0,-2115.983211384977,1972.373485014975
2024-07-15,760.0167886150248,1350.0,900,900,0.0,0.0,0.0,0.0,0,0,100,26545.016788615023,26545.016788615023,26374.016788615023,28650.0,28650.0,28460.0,-2085.983211384977,1942.358184864975
2024-07-16,760.0167886150248,1350.0,900,900,0.0,0.0,0.0,0.0,0,0,100,26374.016788615023,26374.016788615023,26824.016788615023,28460.0,28460.0,28960.0,-2135.983211384977,1992.3836851149754
2024-07-17,760.0167886150248,1350.0,900,900,0.0,0.0,0.0,0.0,0,0,100,26464.016788615023,26464.016788615023,25465.016788615023,28560.0,28560.0,27450.0,-1984.983211384977,1841.3066743599747
2024-07-18,760.0167886150248,1350.0,900,900,0.0,0.0,0.0,0.0,0,0,100,24448.016788615023,24448.016788615023,24979.016788615023,26320.0,26320.0,26910.0,-1930.983211384977,1787.2791340899753
2024-07-19,760.0167886150248,1350.0,900,900,0.0,0.0,0.0,0.0,0,0,100,24583.016788615023,24583.016788615023,24304.016788615023,26470.0,26470.0,26160.0,-1855.983211384977,1712.240883714975
2024-07-22,760.0167886150248,1350.0,900,900,0.0,0.0,0.0,0.0,0,0,100,24151.016788615023,24151.016788615023,24529.016788615023,25990.0,25990.0,26410.0,-1880.983211384977,1737.253633839975
2024-07-23,760.0167886150248,1350.0,900,900,0.0,0.0,0.0,0.0,0,0,100,24925.016788615023,24925.016788615023,24196.016788615023,26850.0,26850.0,26040.0,-1843.983211384977,1700.2347636549753
2024-07-24,760.0167886150248,1350.0,900,900,0.0,0.0,0.0,0.0,0,0,100,24070.016788615023,24070.016788615023,23980.016788615023,25900.0,25900.0,25800.0,-1819.983211384977,1676.2225235349747
2024-07-25,760.0167886150248,1350.0,900,900,0.0,0.0,0.0,0.0,0,0,100,23260.016788615023,23260.016788615023,22990.016788615023,25000.0,25000.0,24700.0,-1709.983211384977,1566.1664229849753
2024-07-26,760.0167886150248,1350.0,900,900,0.0,0.0,0.0,0.0,0,0,100,22990.016788615023,22990.016788615023,23260.016788615023,24700.0,24700.0,25000.0,-1739.983211384977,1596.181723134975
2024-07-29,760.0167886150248,1350.0,900,900,0.0,0.0,0.0,0.0,0,0,100,23170.016788615023,23170.016788615023,23530.016788615023,24900.0,24900.0,25300.0,-1769.983211384977,1626.1970232849753
2024-07-30,760.0167886150248,1350.0,900,900,0.0,0.0,0.0,0.0,0,0,100,23251.016788615023,23251.016788615023,22675.016788615023,24990.0,24990.0,24350.0,-1674.983211384977,1531.1485728099751
2024-07-31,760.0167886150248,1350.0,900,900,0.0,0.0,0.0,0.0,0,0,100,22594.016788615023,22594.016788615023,23566.016788615023,24260.0,24260.0,25340.0,-1773.983211384977,1630.1990633049754
2024-08-01,760.0167886150248,1350.0,900,900,0.0,0.0,0.0,0.0,0,0,100,24250.016788615023,24250.016788615023,23683.016788615023,26100.0,26100.0,25470.0,-1786.983211384977,1643.205693369975
2024-08-02,760.0167886150248,1350.0,900,900,0.0,0.0,0.0,0.0,0,0,100,22747.016788615023,22747.016788615023,22207.016788615023,24430.0,24430.0,23830.0,-1622.983211384977,1479.1220525499753
2024-08-05,760.0167886150248,1350.0,900,900,0.0,0.0,0.0,0.0,0,0,100,21100.016788615023,21100.016788615023,20488.016788615023,22600.0,22600.0,21920.0,-1431.983211384977,1288.0246415949755
2024-08-06,760.0167886150248,1350.0,900,900,0.0,0.0,0.0,0.0,0,0,100,21037.016788615023,21037.016788615023,20839.016788615023,22530.0,22530.0,22310.0,-1470.983211384977,1327.0445317899753
2024-08-07,760.0167886150248,1350.0,900,900,0.0,0.0,0.0,0.0,0,0,100,20650.016788615023,20650.016788615023,20470.016788615023,22100.0,22100.0,21900.0,-1429.983211384977,1286.023621584975
2024-08-08,760.0167886150248,1350.0,900,900,0.0,0.0,0.0,0.0,0,0,100,20110.016788615023,20110.016788615023,20542.016788615023,21500.0,21500.0,21980.0,-1437.983211384977,1294.0277016249752
2024-08-09,760.0167886150248,1350.0,900,900,0.0,0.0,0.0,0.0,0,0,100,20830.016788615023,20830.016788615023,20821.016788615023,22300.0,22300.0,22290.0,-1468.983211384977,1325.0435117799752
2024-08-12,760.0167886150248,1350.0,900,900,0.0,0.0,0.0,0.0,0,0,100,20569.016788615023,20569.016788615023,20686.016788615023,22010.0,22010.0,22140.0,-1453.983211384977,1310.035861704975
2024-08-13,760.0167886150248,1350.0,900,900,0.0,0.0,0.0,0.0,0,0,100,20875.016788615023,20875.016788615023,20812.016788615023,22350.0,22350.0,22280.0,-1467.983211384977,1324.043001774975
2024-08-14,760.0167886150248,1350.0,900,900,0.0,0.0,0.0,0.0,0,0,100,21190.016788615023,21190.016788615023,21352.016788615023,22700.0,22700.0,22880.0,-1527.983211384977,1384.073602074975
2024-08-15,760.0167886150248,1872.0,900,900,0.0,0.0,0.0,0.0,0,0,100,21298.016788615023,21298.016788615023,21226.016788615023,22820.0,22820.0,22740.0,-1513.983211384977,1312.0368817149752
2024-08-16,760.0167886150248,1872.0,900,900,0.0,0.0,0.0,0.0,0,0,100,21541.016788615023,21541.016788615023,21586.016788615023,23090.0,23090.0,23140.0,-1553.983211384977,1352.0572819149752
2024-08-19,760.0167886150248,1872.0,900,900,0.0,0.0,0.0,0.0,0,0,100,21532.016788615023,21532.016788615023,21334.016788615023,23080.0,23080.0,22860.0,-1525.983211384977,1324.043001774975
2024-08-20,760.0167886150248,1872.0,900,900,0.0,0.0,0.0,0.0,0,0,100,21631.016788615023,21631.016788615023,21217.016788615023,23190.0,23190.0,22730.0,-1512.983211384977,1311.036371709975
2024-08-21,760.0167886150248,1872.0,900,900,0.0,0.0,0.0,0.0,0,0,100,20902.016788615023,20902.016788615023,21325.016788615023,22380.0,22380.0,22850.0,-1524.983211384977,1323.0424917699752
2024-08-22,760.0167886150248,1872.0,900,900,0.0,0.0,0.0,0.0,0,0,100,21334.016788615023,21334.016788615023,20983.016788615023,22860.0,22860.0,22470.0,-1486.983211384977,1285.0231115799752
2024-08-23,760.0167886150248,1872.0,900,900,0.0,0.0,0.0,0.0,0,0,100,20812.016788615023,20812.016788615023,21046.016788615023,22280.0,22280.0,22540.0,-1493.983211384977,1292.0266816149751
2024-08-26,760.0167886150248,1872.0,900,900,0.0,0.0,0.0,0.0,0,0,100,21172.016788615023,21172.016788615023,20740.016788615023,22680.0,22680.0,22200.0,-1459.983211384977,1258.009341444975
2024-08-27,760.0167886150248,1872.0,900,900,0.0,0.0,0.0,0.0,0,0,100,20632.016788615023,20632.016788615023,20407.016788615023,22080.0,22080.0,21830.0,-1422.983211384977,1220.9904712599753
2024-08-28,760.0167886150248,1872.0,900,900,0.0,0.0,0.0,0.0,0,0,100,20272.016788615023,20272.016788615023,20425.016788615023,21680.0,21680.0,21850.0,-1424.983211384977,1222.991491269975
2024-08-29,760.0167886150248,1872.0,900,900,0.0,0.0,0.0,0.0,0,0,100,19732.016788615023,19732.016788615023,19930.016788615023,21080.0,21080.0,21300.0,-1369.983211384977,1167.963440994975
2024-08-30,760.0167886150248,1872.0,900,900,0.0,0.0,0.0,0.0,0,0,100,19804.016788615023,19804.016788615023,21055.016788615023,21160.0,21160.0,22550.0,-1494.983211384977,1293.027191619975
2024-09-02,760.0167886150248,1872.0,900,900,0.0,0.0,0.0,0.0,0,0,100,20965.016788615023,20965.016788615023,20137.016788615023,22450.0,22450.0,21530.0,-1392.983211384977,1190.975171109975
2024-09-03,760.0167886150248,1872.0,900,900,0.0,0.0,0.0,0.0,0,0,100,20038.016788615023,20038.016788615023,20128.016788615023,21420.0,21420.0,21520.0,-1391.983211384977,1189.9746611049754
2024-09-04,760.0167886150248,1872.0,900,900,0.0,0.0,0.0,0.0,0,0,100,19282.016788615023,19282.016788615023,19660.016788615023,20580.0,20580.0,21000.0,-1339.983211384977,1137.9481408449753
2024-09-05,760.0167886150248,1872.0,900,900,0.0,0.0,0.0,0.0,0,0,100,19606.016788615023,19606.016788615023,19624.016788615023,20940.0,20940.0,20960.0,-1335.983211384977,1133.9461008249752
2024-09-06,760.0167886150248,1872.0,900,900,0.0,0.0,0.0,0.0,0,0,100,19615.016788615023,19615.016788615023,19156.016788615023,20950.0,20950.0,20440.0,-1283.983211384977,1081.9195805649751
2024-09-09,760.0167886150248,1872.0,900,900,0.0,0.0,0.0,0.0,0,0,100,18949.016788615023,18949.016788615023,19372.016788615023,20210.0,20210.0,20680.0,-1307.983211384977,1105.9318206849753
2024-09-10,760.0167886150248,1872.0,900,900,0.0,0.0,0.0,0.0,0,0,100,19372.016788615023,19372.016788615023,19570.016788615023,20680.0,20680.0,20900.0,-1329.983211384977,1127.943040794975
2024-09-11,760.0167886150248,1872.0,900,900,0.0,0.0,0.0,0.0,0,0,100,19480.016788615023,19480.016788615023,19534.016788615023,20800.0,20800.0,20860.0,-1325.983211384977,1123.941000774975
2024-09-12,760.0167886150248,1872.0,900,900,0.0,0.0,0.0,0.0,0,0,100,20083.016788615023,20083.016788615023,19588.016788615023,21470.0,21470.0,20920.0,-1331.983211384977,1129.9440608049752
2024-09-13,760.0167886150248,1872.0,900,900,0.0,0.0,0.0,0.0,0,0,100,19606.016788615023,19606.016788615023,19957.016788615023,20940.0,20940.0,21330.0,-1372.983211384977,1170.964971009975
2024-09-18,760.0167886150248,1872.0,900,900,0.0,0.0,0.0,0.0,0,0,100,19732.016788615023,19732.016788615023,19507.016788615023,21080.0,21080.0,20830.0,-1322.983211384977,1120.9394707599752
2024-09-19,760.0167886150248,1872.0,900,900,0.0,0.0,0.0,0.0,0,0,100,19615.016788615023,19615.016788615023,19597.016788615023,20950.0,20950.0,20930.0,-1332.983211384977,1130.9445708099754
2024-09-20,760.0167886150248,1872.0,900,900,0.0,0.0,0.0,0.0,0,0,100,19732.016788615023,19732.016788615023,19606.016788615023,21080.0,21080.0,20940.0,-1333.983211384977,1131.9450808149752
2024-09-23,760.0167886150248,1872.0,900,900,0.0,0.0,0.0,0.0,0,0,100,19417.016788615023,19417.016788615023,19471.016788615023,20730.0,20730.0,20790.0,-1318.983211384977,1116.937430739975
2024-09-24,760.0167886150248,1872.0,900,900,0.0,0.0,0.0,0.0,0,0,100,19642.016788615023,19642.016788615023,21154.016788615023,20980.0,20980.0,22660.0,-1505.983211384977,1304.0328016749754
2024-09-25,760.0167886150248,1872.0,900,900,0.0,0.0,0.0,0.0,0,0,100,21820.016788615023,21820.016788615023,21595.016788615023,23400.0,23400.0,23150.0,-1554.983211384977,1353.057791919975
2024-09-26,760.0167886150248,1872.0,900,900,0.0,0.0,0.0,0.0,0,0,100,21631.016788615023,21631.016788615023,22126.016788615023,23190.0,23190.0,23740.0,-1613.983211384977,1412.0878822149753
2024-09-27,760.0167886150248,1872.0,900,900,0.0,0.0,0.0,0.0,0,0,100,22450.016788615023,22450.016788615023,23332.016788615023,24100.0,24100.0,25080.0,-1747.983211384977,1546.1562228849753
2024-09-30,760.0167886150248,1872.0,900,900,0.0,0.0,0.0,0.0,0,0,100,24502.016788615023,24502.016788615023,25303.016788615023,26380.0,26380.0,27270.0,-1966.983211384977,1765.2679139799748
2024-10-08,760.0167886150248,1872.0,900,900,0.0,0.0,0.0,0.0,0,0,100,27571.016788615023,27571.016788615023,27571.016788615023,29790.0,29790.0,29790.0,-2218.983211384977,2017.3964352399753
2024-10-09,760.0167886150248,1872.0,900,900,0.0,0.0,0.0,0.0,0,0,100,27562.016788615023,27562.016788615023,26032.016788615023,29780.0,29780.0,28080.0,-2047.983211384977,1846.309224384975
2024-10-10,760.0167886150248,1872.0,900,900,0.0,0.0,0.0,0.0,0,0,100,26500.016788615023,26500.016788615023,25852.016788615023,28600.0,28600.0,27880.0,-2027.983211384977,1826.299024284975
2024-10-11,760.0167886150248,1872.0,900,900,0.0,0.0,0.0,0.0,0,0,100,25492.016788615023,25492.016788615023,24763.016788615023,27480.0,27480.0,26670.0,-1906.983211384977,1705.2373136799752
2024-10-14,760.0167886150248,1872.0,900,900,0.0,0.0,0.0,0.0,0,0,100,24718.016788615023,24718.016788615023,25276.016788615023,26620.0,26620.0,27240.0,-1963.983211384977,1762.266383964975
2024-10-15,760.0167886150248,1872.0,900,900,0.0,0.0,0.0,0.0,0,0,100,25303.016788615023,25303.016788615023,24772.016788615023,27270.0,27270.0,26680.0,-1907.983211384977,1706.2378236849754
2024-10-16,760.0167886150248,1872.0,900,900,0.0,0.0,0.0,0.0,0,0,100,23881.016788615023,23881.016788615023,23809.016788615023,25690.0,25690.0,25610.0,-1800.983211384977,1599.1832531499754
2024-10-17,760.0167886150248,1872.0,900,900,0.0,0.0,0.0,0.0,0,0,100,24025.016788615023,24025.016788615023,23971.016788615023,25850.0,25850.0,25790.0,-1818.983211384977,1617.1924332399753
2024-10-18,760.0167886150248,1872.0,900,900,0.0,0.0,0.0,0.0,0,0,100,24214.016788615023,24214.016788615023,26104.016788615023,26060.0,26060.0,28160.0,-2055.983211384977,1854.3133044249748
2024-10-21,760.0167886150248,1872.0,900,900,0.0,0.0,0.0,0.0,0,0,100,26761.016788615023,26761.016788615023,26212.016788615023,28890.0,28890.0,28280.0,-2067.983211384977,1866.3194244849751
2024-10-22,760.0167886150248,1872.0,900,900,0.0,0.0,0.0,0.0,0,0,100,26473.016788615023,26473.016788615023,26266.016788615023,28570.0,28570.0,28340.0,-2073.983211384977,1872.3224845149748
2024-10-23,760.0167886150248,1872.0,900,900,0.0,0.0,0.0,0.0,0,0,100,25843.016788615023,25843.016788615023,25681.016788615023,27870.0,27870.0,27690.0,-2008.983211384977,1807.2893341899749
2024-10-24,760.0167886150248,1872.0,900,900,0.0,0.0,0.0,0.0,0,0,100,25276.016788615023,25276.016788615023,25447.016788615023,27240.0,27240.0,27430.0,-1982.983211384977,1781.2760740599751
2024-10-25,760.0167886150248,1872.0,900,900,0.0,0.0,0.0,0.0,0,0,100,25483.016788615023,25483.016788615023,25726.016788615023,27470.0,27470.0,27740.0,-2013.983211384977,1812.2918842149752
2024-10-28,760.0167886150248,1872.0,900,900,0.0,0.0,0.0,0.0,0,0,100,25411.016788615023,25411.016788615023,25366.016788615023,27390.0,27390.0,27340.0,-1973.983211384977,1772.2714840149752
2024-10-29,760.0167886150248,1872.0,900,900,0.0,0.0,0.0,0.0,0,0,100,25312.016788615023,25312.016788615023,25177.016788615023,27280.0,27280.0,27130.0,-1952.983211384977,1751.2607739099753
2024-10-30,760.0167886150248,1872.0,900,900,0.0,0.0,0.0,0.0,0,0,100,25042.016788615023,25042.016788615023,24988.016788615023,26980.0,26980.0,26920.0,-1931.983211384977,1730.250063804975
2024-10-31,760.0167886150248,1872.0,900,900,0.0,0.0,0.0,0.0,0,0,100,24682.016788615023,24682.016788615023,24457.016788615023,26580.0,26580.0,26330.0,-1872.983211384977,1671.2199735099753
2024-11-01,760.0167886150248,1872.0,900,900,0.0,0.0,0.0,0.0,0,0,100,24097.016788615023,24097.016788615023,23944.016788615023,25930.0,25930.0,25760.0,-1815.983211384977,1614.190903224975
2024-11-04,760.0167886150248,1872.0,900,900,0.0,0.0,0.0,0.0,0,0,100,24034.016788615023,24034.016788615023,24529.016788615023,25860.0,25860.0,26410.0,-1880.983211384977,1679.224053549975
2024-11-05,760.0167886150248,1872.0,900,900,0.0,0.0,0.0,0.0,0,0,100,24538.016788615023,24538.016788615023,24907.016788615023,26420.0,26420.0,26830.0,-1922.983211384977,1721.245473759975
2024-11-06,760.0167886150248,1872.0,900,900,0.0,0.0,0.0,0.0,0,0,100,25132.016788615023,25132.016788615023,24394.016788615023,27080.0,27080.0,26260.0,-1865.983211384977,1664.2164034749749
2024-11-07,760.0167886150248,1872.0,900,900,0.0,0.0,0.0,0.0,0,0,100,24196.016788615023,24196.016788615023,24808.016788615023,26040.0,26040.0,26720.0,-1911.983211384977,1710.239863704975
2024-11-08,760.0167886150248,1872.0,900,900,0.0,0.0,0.0,0.0,0,0,100,25042.016788615023,25042.016788615023,26014.016788615023,26980.0,26980.0,28060.0,-2045.983211384977,1844.308204374975
2024-11-11,760.0167886150248,1872.0,900,900,0.0,0.0,0.0,0.0,0,0,100,25402.016788615023,25402.016788615023,26941.016788615023,27380.0,27380.0,29090.0,-2148.983211384977,1947.3607348899754
2024-11-12,760.0167886150248,1872.0,900,900,0.0,0.0,0.0,0.0,0,0,100,26941.016788615023,26941.016788615023,25780.016788615023,29090.0,29090.0,27800.0,-2019.983211384977,1818.2949442449753
2024-11-13,760.0167886150248,1872.0,900,900,0.0,0.0,0.0,0.0,0,0,100,25555.016788615023,25555.016788615023,26455.016788615023,27550.0,27550.0,28550.0,-2094.983211384977,1893.333194619975
2024-11-14,760.0167886150248,1872.0,900,900,0.0,0.0,0.0,0.0,0,0,100,26554.016788615023,26554.016788615023,25015.016788615023,28660.0,28660.0,26950.0,-1934.983211384977,1733.2515938199754
2024-11-15,760.0167886150248,1872.0,900,900,0.0,0.0,0.0,0.0,0,0,100,24952.016788615023,24952.016788615023,24160.016788615023,26880.0,26880.0,26000.0,-1839.983211384977,1638.2031433449752
2024-11-18,760.0167886150248,1872.0,900,900,0.0,0.0,0.0,0.0,0,0,100,24160.016788615023,24160.016788615023,23548.016788615023,26000.0,26000.0,25320.0,-1771.983211384977,1570.168463004975
2024-11-19,760.0167886150248,1872.0,900,900,0.0,0.0,0.0,0.0,0,0,100,23737.016788615023,23737.016788615023,23980.016788615023,25530.0,25530.0,25800.0,-1819.983211384977,1618.1929432449751
2024-11-20,760.0167886150248,1872.0,900,900,0.0,0.0,0.0,0.0,0,0,100,23962.016788615023,23962.016788615023,24232.016788615023,25780.0,25780.0,26080.0,-1847.983211384977,1646.207223384975
2024-11-21,760.0167886150248,1872.0,900,900,0.0,0.0,0.0,0.0,0,0,100,23872.016788615023,23872.016788615023,23719.016788615023,25680.0,25680.0,25510.0,-1790.983211384977,1589.1781530999751
2024-11-22,760.0167886150248,1872.0,900,900,0.0,0.0,0.0,0.0,0,0,100,23773.016788615023,23773.016788615023,23188.016788615023,25570.0,25570.0,24920.0,-1731.983211384977,1530.1480628049749
2024-11-25,760.0167886150248,1872.0,900,900,0.0,0.0,0.0,0.0,0,0,100,23188.016788615023,23188.016788615023,22531.016788615023,24920.0,24920.0,24190.0,-1658.983211384977,1457.1108324399747
2024-11-26,760.0167886150248,1872.0,900,900,0.0,0.0,0.0,0.0,0,0,100,22333.016788615023,22333.016788615023,22513.016788615023,23970.0,23970.0,24170.0,-1656.983211384977,1455.1098124299751
2024-11-27,760.0167886150248,1872.0,900,900,0.0,0.0,0.0,0.0,0,0,100,22360.016788615023,22360.016788615023,22720.016788615023,24000.0,24000.0,24400.0,-1679.983211384977,1478.121542544975
2024-11-28,760.0167886150248,1872.0,900,900,0.0,0.0,0.0,0.0,0,0,100,22720.016788615023,22720.016788615023,22297.016788615023,24400.0,24400.0,23930.0,-1632.983211384977,1431.097572309975
2024-11-29,760.0167886150248,1872.0,900,900,0.0,0.0,0.0,0.0,0,0,100,22297.016788615023,22297.016788615023,22603.016788615023,23930.0,23930.0,24270.0,-1666.983211384977,1465.1149124799754
2024-12-02,760.0167886150248,1872.0,900,900,0.0,0.0,0.0,0.0,0,0,100,22495.016788615023,22495.016788615023,22936.016788615023,24150.0,24150.0,24640.0,-1703.983211384977,1502.1337826649751
2024-12-03,760.0167886150248,1872.0,900,900,0.0,0.0,0.0,0.0,0,0,100,23044.016788615023,23044.016788615023,22648.016788615023,24760.0,24760.0,24320.0,-1671.983211384977,1470.1174625049753
2024-12-04,760.0167886150248,1872.0,900,900,0.0,0.0,0.0,0.0,0,0,100,22657.016788615023,22657.016788615023,22324.016788615023,24330.0,24330.0,23960.0,-1635.983211384977,1434.0991023249753
2024-12-05,760.0167886150248,1872.0,900,900,0.0,0.0,0.0,0.0,0,0,100,22360.016788615023,22360.016788615023,22918.016788615023,24000.0,24000.0,24620.0,-1701.983211384977,1500.132762654975
2024-12-06,760.0167886150248,1872.0,900,900,0.0,0.0,0.0,0.0,0,0,100,22918.016788615023,22918.016788615023,22972.016788615023,24620.0,24620.0,24680.0,-1707.983211384977,1506.1358226849748
2024-12-09,760.0167886150248,1872.0,900,900,0.0,0.0,0.0,0.0,0,0,100,22990.016788615023,22990.016788615023,22549.016788615023,24700.0,24700.0,24210.0,-1660.983211384977,1459.1118524499752
2024-12-10,760.0167886150248,1872.0,900,900,0.0,0.0,0.0,0.0,0,0,100,22981.016788615023,22981.016788615023,22558.016788615023,24690.0,24690.0,24220.0,-1661.983211384977,1460.112362454975
2024-12-11,760.0167886150248,1872.0,900,900,0.0,0.0,0.0,0.0,0,0,100,22522.016788615023,22522.016788615023,22729.016788615023,24180.0,24180.0,24410.0,-1680.983211384977,1479.1220525499753
2024-12-12,760.0167886150248,1872.0,900,900,0.0,0.0,0.0,0.0,0,0,100,22765.016788615023,22765.016788615023,22738.016788615023,24450.0,24450.0,24420.0,-1681.983211384977,1480.122562554975
2024-12-13,760.0167886150248,1872.0,900,900,0.0,0.0,0.0,0.0,0,0,100,22585.016788615023,22585.016788615023,21847.016788615023,24250.0,24250.0,23430.0,-1582.983211384977,1381.0720720599752
2024-12-16,760.0167886150248,1872.0,900,900,0.0,0.0,0.0,0.0,0,0,100,21712.016788615023,21712.016788615023,21586.016788615023,23280.0,23280.0,23140.0,-1553.983211384977,1352.0572819149752
2024-12-17,760.0167886150248,1872.0,900,900,0.0,0.0,0.0,0.0,0,0,100,21523.016788615023,21523.016788615023,22072.016788615023,23070.0,23070.0,23680.0,-1607.983211384977,1406.084822184975
2024-12-18,760.0167886150248,1872.0,900,900,0.0,0.0,0.0,0.0,0,0,100,22090.016788615023,22090.016788615023,21901.016788615023,23700.0,23700.0,23490.0,-1588.983211384977,1387.0751320899749
2024-12-19,760.0167886150248,1872.0,900,900,0.0,0.0,0.0,0.0,0,0,100,21712.016788615023,21712.016788615023,22603.016788615023,23280.0,23280.0,24270.0,-1666.983211384977,1465.1149124799754
2024-12-20,760.0167886150248,1872.0,900,900,0.0,0.0,0.0,0.0,0,0,100,22459.016788615023,22459.016788615023,22450.016788615023,24110.0,24110.0,24100.0,-1649.983211384977,1448.1062423949747
2024-12-23,760.0167886150248,1872.0,900,900,0.0,0.0,0.0,0.0,0,0,100,22639.016788615023,22639.016788615023,22477.016788615023,24310.0,24310.0,24130.0,-1652.983211384977,1451.107772409975
2024-12-24,760.0167886150248,1872.0,900,900,0.0,0.0,0.0,0.0,0,0,100,22531.016788615023,22531.016788615023,23332.016788615023,24190.0,24190.0,25080.0,-1747.983211384977,1546.1562228849753
2024-12-25,760.0167886150248,1872.0,900,900,0.0,0.0,0.0,0.0,0,0,100,23359.016788615023,23359.016788615023,23080.016788615023,25110.0,25110.0,24800.0,-1719.983211384977,1518.141942744975
2024-12-26,760.0167886150248,1872.0,900,900,0.0,0.0,0.0,0.0,0,0,100,23008.016788615023,23008.016788615023,23629.016788615023,24720.0,24720.0,25410.0,-1780.983211384977,1579.173053049975
2024-12-27,760.0167886150248,1872.0,900,900,0.0,0.0,0.0,0.0,0,0,100,23476.016788615023,23476.016788615023,22981.016788615023,25240.0,25240.0,24690.0,-1708.983211384977,1507.136332689975
2024-12-30,760.0167886150248,1872.0,900,900,0.0,0.0,0.0,0.0,0,0,100,22927.016788615023,22927.016788615023,22837.016788615023,24630.0,24630.0,24530.0,-1692.983211384977,1491.128172609975
2024-12-31,760.0167886150248,1872.0,900,900,0.0,0.0,0.0,0.0,0,0,100,22846.016788615023,22846.016788615023,21982.016788615023,24540.0,24540.0,23580.0,-1597.983211384977,1396.0797221349749
2025-01-02,760.0167886150248,1872.0,900,900,0.0,0.0,0.0,0.0,0,0,100,21892.016788615023,21892.016788615023,21271.016788615023,23480.0,23480.0,22790.0,-1518.983211384977,1317.039431739975
2025-01-03,760.0167886150248,1872.0,900,900,0.0,0.0,0.0,0.0,0,0,100,21208.016788615023,21208.016788615023,21127.016788615023,22720.0,22720.0,22630.0,-1502.983211384977,1301.0312716599751
2025-01-06,760.0167886150248,1872.0,900,900,0.0,0.0,0.0,0.0,0,0,100,21343.016788615023,21343.016788615023,21235.016788615023,22870.0,22870.0,22750.0,-1514.983211384977,1313.0373917199754
2025-01-07,760.0167886150248,1872.0,900,900,0.0,0.0,0.0,0.0,0,0,100,21361.016788615023,21361.016788615023,21757.016788615023,22890.0,22890.0,23330.0,-1572.983211384977,1371.0669720099754
2025-01-08,760.0167886150248,1872.0,900,900,0.0,0.0,0.0,0.0,0,0,100,21442.016788615023,21442.016788615023,21199.016788615023,22980.0,22980.0,22710.0,-1510.983211384977,1309.0353516999753
2025-01-09,760.0167886150248,1872.0,900,900,0.0,0.0,0.0,0.0,0,0,100,21190.016788615023,21190.016788615023,21118.016788615023,22700.0,22700.0,22620.0,-1501.983211384977,1300.0307616549753
2025-01-10,760.0167886150248,1872.0,900,900,0.0,0.0,0.0,0.0,0,0,100,21073.016788615023,21073.016788615023,20407.016788615023,22570.0,22570.0,21830.0,-1422.983211384977,1220.9904712599753
2025-01-13,760.0167886150248,1872.0,900,900,0.0,0.0,0.0,0.0,0,0,100,20164.016788615023,20164.016788615023,20380.016788615023,21560.0,21560.0,21800.0,-1419.983211384977,1217.9889412449752
2025-01-14,760.0167886150248,1872.0,900,900,0.0,0.0,0.0,0.0,0,0,100,20407.016788615023,20407.016788615023,21145.016788615023,21830.0,21830.0,22650.0,-1504.983211384977,1303.0322916699752
2025-01-15,760.0167886150248,1872.0,900,900,0.0,0.0,0.0,0.0,0,0,100,21082.016788615023,21082.016788615023,20758.016788615023,22580.0,22580.0,22220.0,-1461.983211384977,1260.010361454975
2025-01-16,760.0167886150248,1872.0,900,900,0.0,0.0,0.0,0.0,0,0,100,20947.016788615023,20947.016788615023,21388.016788615023,22430.0,22430.0,22920.0,-1531.983211384977,1330.0460618049751
2025-01-17,760.0167886150248,1872.0,900,900,0.0,0.0,0.0,0.0,0,0,100,21244.016788615023,21244.016788615023,21226.016788615023,22760.0,22760.0,22740.0,-1513.983211384977,1312.0368817149752
2025-01-20,760.0167886150248,1872.0,900,900,0.0,0.0,0.0,0.0,0,0,100,21451.016788615023,21451.016788615023,21325.016788615023,22990.0,22990.0,22850.0,-1524.983211384977,1323.0424917699752
2025-01-21,760.0167886150248,1872.0,900,900,0.0,0.0,0.0,0.0,0,0,100,21496.016788615023,21496.016788615023,21721.016788615023,23040.0,23040.0,23290.0,-1568.983211384977,1367.0649319899753
2025-01-22,760.0167886150248,1872.0,900,900,0.0,0.0,0.0,0.0,0,0,100,21910.016788615023,21910.016788615023,23629.016788615023,23500.0,23500.0,25410.0,-1780.983211384977,1579.173053049975
2025-01-23,760.0167886150248,1872.0,900,900,0.0,0.0,0.0,0.0,0,0,100,24061.016788615023,24061.016788615023,23332.016788615023,25890.0,25890.0,25080.0,-1747.983211384977,1546.1562228849753
2025-01-24,760.0167886150248,1872.0,900,900,0.0,0.0,0.0,0.0,0,0,100,23071.016788615023,23071.016788615023,23647.016788615023,24790.0,24790.0,25430.0,-1782.983211384977,1581.1740730599754
2025-01-27,760.0167886150248,1872.0,900,900,0.0,0.0,0.0,0.0,0,0,100,22927.016788615023,22927.016788615023,21937.016788615023,24630.0,24630.0,23530.0,-1592.983211384977,1391.077172109975
2025-02-05,760.0167886150248,1872.0,900,900,0.0,0.0,0.0,0.0,0,0,100,21136.016788615023,21136.016788615023,20632.016788615023,22640.0,22640.0,22080.0,-1447.983211384977,1246.0032213849752
2025-02-06,760.0167886150248,1872.0,900,900,0.0,0.0,0.0,0.0,0,0,100,20911.016788615023,20911.016788615023,21064.016788615023,22390.0,22390.0,22560.0,-1495.983211384977,1294.0277016249752
2025-02-07,760.0167886150248,1872.0,900,900,0.0,0.0,0.0,0.0,0,0,100,21235.016788615023,21235.016788615023,22027.016788615023,22750.0,22750.0,23630.0,-1602.983211384977,1401.0822721599752
2025-02-10,760.0167886150248,1872.0,900,900,0.0,0.0,0.0,0.0,0,0,100,22126.016788615023,22126.016788615023,22180.016788615023,23740.0,23740.0,23800.0,-1619.983211384977,1418.090942244975
2025-02-11,760.0167886150248,1872.0,900,900,0.0,0.0,0.0,0.0,0,0,100,22252.016788615023,22252.016788615023,22225.016788615023,23880.0,23880.0,23850.0,-1624.983211384977,1423.0934922699753
2025-02-12,760.0167886150248,1872.0,900,900,0.0,0.0,0.0,0.0,0,0,100,22180.016788615023,22180.016788615023,22567.016788615023,23800.0,23800.0,24230.0,-1662.983211384977,1461.1128724599753
2025-02-13,760.0167886150248,1872.0,900,900,0.0,0.0,0.0,0.0,0,0,100,22477.016788615023,22477.016788615023,22243.016788615023,24130.0,24130.0,23870.0,-1626.983211384977,1425.0945122799753
2025-02-14,760.0167886150248,1872.0,900,900,0.0,0.0,0.0,0.0,0,0,100,22261.016788615023,22261.016788615023,22522.016788615023,23890.0,23890.0,24180.0,-1657.983211384977,1456.1103224349754
2025-02-17,760.0167886150248,1872.0,900,900,0.0,0.0,0.0,0.0,0,0,100,22846.016788615023,22846.016788615023,23242.016788615023,24540.0,24540.0,24980.0,-1737.983211384977,1536.151122834975
2025-02-18,760.0167886150248,1872.0,900,900,0.0,0.0,0.0,0.0,0,0,100,23242.016788615023,23242.016788615023,23044.016788615023,24980.0,24980.0,24760.0,-1715.983211384977,1514.1399027249754
2025-02-19,760.0167886150248,1872.0,900,900,0.0,0.0,0.0,0.0,0,0,100,22972.016788615023,22972.016788615023,23548.016788615023,24680.0,24680.0,25320.0,-1771.983211384977,1570.168463004975
2025-02-20,760.0167886150248,1872.0,900,900,0.0,0.0,0.0,0.0,0,0,100,23377.016788615023,23377.016788615023,22990.016788615023,25130.0,25130.0,24700.0,-1709.983211384977,1508.1368426949753
2025-02-21,760.0167886150248,1872.0,900,900,0.0,0.0,0.0,0.0,0,0,100,23215.016788615023,23215.016788615023,23512.016788615023,24950.0,24950.0,25280.0,-1767.983211384977,1566.1664229849753
2025-02-24,760.0167886150248,1872.0,900,900,0.0,0.0,0.0,0.0,0,0,100,23674.016788615023,23674.016788615023,23521.016788615023,25460.0,25460.0,25290.0,-1768.983211384977,1567.166932989975
2025-02-25,760.0167886150248,1872.0,900,900,0.0,0.0,0.0,0.0,0,0,100,23152.016788615023,23152.016788615023,23404.016788615023,24880.0,24880.0,25160.0,-1755.983211384977,1554.1603029249754
2025-02-26,760.0167886150248,1872.0,900,900,0.0,0.0,0.0,0.0,0,0,100,23323.016788615023,23323.016788615023,23125.016788615023,25070.0,25070.0,24850.0,-1724.983211384977,1523.1444927699754
2025-02-27,760.0167886150248,1872.0,900,900,0.0,0.0,0.0,0.0,0,0,100,23242.016788615023,23242.016788615023,22396.016788615023,24980.0,24980.0,24040.0,-1643.983211384977,1442.103182364975
2025-02-28,760.0167886150248,1872.0,900,900,0.0,0.0,0.0,0.0,0,0,100,21622.016788615023,21622.016788615023,21703.016788615023,23180.0,23180.0,23270.0,-1566.983211384977,1365.0639119799753
2025-03-03,760.0167886150248,1872.0,900,900,0.0,0.0,0.0,0.0,0,0,100,21865.016788615023,21865.016788615023,21595.016788615023,23450.0,23450.0,23150.0,-1554.983211384977,1353.057791919975
2025-03-04,760.0167886150248,1872.0,900,900,0.0,0.0,0.0,0.0,0,0,100,20983.016788615023,20983.016788615023,21568.016788615023,22470.0,22470.0,23120.0,-1551.983211384977,1350.0562619049747
2025-03-05,760.0167886150248,1872.0,900,900,0.0,0.0,0.0,0.0,0,0,100,21568.016788615023,21568.016788615023,21568.016788615023,23120.0,23120.0,23120.0,-1551.983211384977,1350.0562619049747
2025-03-06,760.0167886150248,1872.0,900,900,0.0,0.0,0.0,0.0,0,0,100,21712.016788615023,21712.016788615023,21820.016788615023,23280.0,23280.0,23400.0,-1579.983211384977,1378.070542044975
2025-03-07,760.0167886150248,1872.0,900,900,0.0,0.0,0.0,0.0,0,0,100,21649.016788615023,21649.016788615023,21415.016788615023,23210.0,23210.0,22950.0,-1534.983211384977,1333.047591819975
2025-03-10,760.0167886150248,1872.0,900,900,0.0,0.0,0.0,0.0,0,0,100,21469.016788615023,21469.016788615023,21559.016788615023,23010.0,23010.0,23110.0,-1550.983211384977,1349.0557518999753
2025-03-11,760.0167886150248,1872.0,900,900,0.0,0.0,0.0,0.0,0,0,100,21181.016788615023,21181.016788615023,21370.016788615023,22690.0,22690.0,22900.0,-1529.983211384977,1328.045041794975
2025-03-12,760.0167886150248,1872.0,900,900,0.0,0.0,0.0,0.0,0,0,100,21460.016788615023,21460.016788615023,21451.016788615023,23000.0,23000.0,22990.0,-1538.983211384977,1337.049631839975
2025-03-13,760.0167886150248,1872.0,900,900,0.0,0.0,0.0,0.0,0,0,100,21559.016788615023,21559.016788615023,21235.016788615023,23110.0,23110.0,22750.0,-1514.983211384977,1313.0373917199754
2025-03-14,760.0167886150248,1872.0,900,900,0.0,0.0,0.0,0.0,0,0,100,21361.016788615023,21361.016788615023,21766.016788615023,22890.0,22890.0,23340.0,-1573.983211384977,1372.0674820149752
2025-03-17,760.0167886150248,1872.0,900,900,0.0,0.0,0.0,0.0,0,0,100,22072.016788615023,22072.016788615023,22000.016788615023,23680.0,23680.0,23600.0,-1599.983211384977,1398.0807421449754
2025-03-18,760.0167886150248,1872.0,900,900,0.0,0.0,0.0,0.0,0,0,100,21964.016788615023,21964.016788615023,22018.016788615023,23560.0,23560.0,23620.0,-1601.983211384977,1400.081762154975
2025-03-19,760.0167886150248,1872.0,900,900,0.0,0.0,0.0,0.0,0,0,100,21892.016788615023,21892.016788615023,21550.016788615023,23480.0,23480.0,23100.0,-1549.983211384977,1348.055241894975
2025-03-20,760.0167886150248,1872.0,900,900,0.0,0.0,0.0,0.0,0,0,100,21631.016788615023,21631.016788615023,21397.016788615023,23190.0,23190.0,22930.0,-1532.983211384977,1331.0465718099754
2025-03-21,760.0167886150248,1872.0,900,900,0.0,0.0,0.0,0.0,0,0,100,21334.016788615023,21334.016788615023,21199.016788615023,22860.0,22860.0,22710.0,-1510.983211384977,1309.0353516999753
2025-03-24,760.0167886150248,1872.0,900,900,0.0,0.0,0.0,0.0,0,0,100,21253.016788615023,21253.016788615023,21388.016788615023,22770.0,22770.0,22920.0,-1531.983211384977,1330.0460618049751
2025-03-25,760.0167886150248,1872.0,900,900,0.0,0.0,0.0,0.0,0,0,100,21343.016788615023,21343.016788615023,21091.016788615023,22870.0,22870.0,22590.0,-1498.983211384977,1297.029231639975
2025-03-26,760.0167886150248,1872.0,900,900,0.0,0.0,0.0,0.0,0,0,100,21019.016788615023,21019.016788615023,20974.016788615023,22510.0,22510.0,22460.0,-1485.983211384977,1284.022601574975
2025-03-27,760.0167886150248,1872.0,900,900,0.0,0.0,0.0,0.0,0,0,100,20821.016788615023,20821.016788615023,20830.016788615023,22290.0,22290.0,22300.0,-1469.983211384977,1268.0144414949752
2025-03-28,760.0167886150248,1872.0,900,900,0.0,0.0,0.0,0.0,0,0,100,20812.016788615023,20812.016788615023,20614.016788615023,22280.0,22280.0,22060.0,-1445.983211384977,1244.0022013749751
2025-03-31,760.0167886150248,1872.0,900,900,0.0,0.0,0.0,0.0,0,0,100,20452.016788615023,20452.016788615023,20506.016788615023,21880.0,21880.0,21940.0,-1433.983211384977,1231.996081314975
2025-04-01,760.0167886150248,1872.0,900,900,0.0,0.0,0.0,0.0,0,0,100,20587.016788615023,20587.016788615023,20650.016788615023,22030.0,22030.0,22100.0,-1449.983211384977,1248.0042413949752
2025-04-02,760.0167886150248,1872.0,900,900,0.0,0.0,0.0,0.0,0,0,100,20587.016788615023,20587.016788615023,20632.016788615023,22030.0,22030.0,22080.0,-1447.983211384977,1246.0032213849752
2025-04-03,760.0167886150248,1872.0,900,900,0.0,0.0,0.0,0.0,0,0,100,20317.016788615023,20317.016788615023,19777.016788615023,21730.0,21730.0,21130.0,-1352.983211384977,1150.9547709099752
2025-04-07,760.0167886150248,1872.0,900,900,0.0,0.0,0.0,0.0,0,0,100,18067.016788615023,18067.016788615023,18067.016788615023,19230.0,19230.0,19230.0,-1162.983211384977,960.8578699599748
2025-04-08,760.0167886150248,1872.0,900,900,0.0,0.0,0.0,0.0,0,0,100,17293.016788615023,17293.016788615023,16528.016788615023,18370.0,18370.0,17520.0,-991.983211384977,789.7706591049753
2025-04-09,760.0167886150248,1872.0,900,900,0.0,0.0,0.0,0.0,0,0,100,15754.016788615025,15754.016788615025,17329.016788615023,16660.0,16660.0,18410.0,-1080.983211384977,878.8160495499749
2025-04-10,760.0167886150248,1872.0,900,900,0.0,0.0,0.0,0.0,0,0,100,18742.016788615023,18742.016788615023,18796.016788615023,19980.0,19980.0,20040.0,-1243.983211384977,1041.899180364975
2025-04-11,760.0167886150248,1872.0,900,900,0.0,0.0,0.0,0.0,0,0,100,18517.016788615023,18517.016788615023,18652.016788615023,19730.0,19730.0,19880.0,-1227.983211384977,1025.8910202849752
2025-04-14,760.0167886150248,1872.0,900,900,0.0,0.0,0.0,0.0,0,0,100,19192.016788615023,19192.016788615023,18760.016788615027,20480.0,20480.0,20000.0,-1239.9832113849734,1037.8971403449755
2025-04-15,760.0167886150248,1872.0,900,900,0.0,0.0,0.0,0.0,0,0,100,18760.016788615027,18760.016788615027,18922.016788615027,20000.0,20000.0,20180.0,-1257.9832113849734,1055.9063204349754
2025-04-16,760.0167886150248,1872.0,900,900,0.0,0.0,0.0,0.0,0,0,100,18832.016788615023,18832.016788615023,18382.016788615023,20080.0,20080.0,19580.0,-1197.983211384977,995.8757201349752
2025-04-17,760.0167886150248,1872.0,900,900,0.0,0.0,0.0,0.0,0,0,100,18130.016788615023,18130.016788615023,18292.016788615023,19300.0,19300.0,19480.0,-1187.983211384977,985.8706200849749
2025-04-18,760.0167886150248,1872.0,900,900,0.0,0.0,0.0,0.0,0,0,100,18292.016788615023,18292.016788615023,18436.016788615023,19480.0,19480.0,19640.0,-1203.983211384977,1001.8787801649748
2025-04-21,760.0167886150248,1872.0,900,900,0.0,0.0,0.0,0.0,0,0,100,18427.016788615023,18427.016788615023,18661.016788615023,19630.0,19630.0,19890.0,-1228.983211384977,1026.891530289975
2025-04-22,760.0167886150248,1872.0,900,900,0.0,0.0,0.0,0.0,0,0,100,18562.016788615023,18562.016788615023,18634.016788615027,19780.0,19780.0,19860.0,-1225.9832113849734,1023.8900002749751
2025-04-23,760.0167886150248,1872.0,900,900,0.0,0.0,0.0,0.0,0,0,100,19003.016788615027,19003.016788615027,19048.016788615023,20270.0,20270.0,20320.0,-1271.983211384977,1069.9134605049749
2025-04-24,760.0167886150248,1872.0,900,900,0.0,0.0,0.0,0.0,0,0,100,19066.016788615023,19066.016788615023,18760.016788615027,20340.0,20340.0,20000.0,-1239.9832113849734,1037.8971403449755
2025-04-25,760.0167886150248,1872.0,900,900,0.0,0.0,0.0,0.0,0,0,100,18913.016788615023,18913.016788615023,19048.016788615023,20170.0,20170.0,20320.0,-1271.983211384977,1069.9134605049749
2025-04-28,760.0167886150248,1872.0,900,900,0.0,0.0,0.0,0.0,0,0,100,19066.016788615023,19066.016788615023,18832.016788615023,20340.0,20340.0,20080.0,-1247.983211384977,1045.901220384975
2025-04-29,760.0167886150248,1872.0,900,900,0.0,0.0,0.0,0.0,0,0,100,18823.016788615023,18823.016788615023,18913.016788615023,20070.0,20070.0,20170.0,-1256.983211384977,1054.9058104299752
2025-04-30,760.0167886150248,1872.0,900,900,0.0,0.0,0.0,0.0,0,0,100,19057.016788615023,19057.016788615023,18886.016788615023,20330.0,20330.0,20140.0,-1253.983211384977,1051.904280414975
2025-05-06,760.0167886150248,1872.0,900,900,0.0,0.0,0.0,0.0,0,0,100,19102.016788615023,19102.016788615023,19561.016788615023,20380.0,20380.0,20890.0,-1328.983211384977,1126.9425307899749
2025-05-07,760.0167886150248,1872.0,900,900,0.0,0.0,0.0,0.0,0,0,100,19813.016788615023,19813.016788615023,19399.016788615023,21170.0,21170.0,20710.0,-1310.983211384977,1108.933350699975
2025-05-08,760.0167886150248,1872.0,900,900,0.0,0.0,0.0,0.0,0,0,100,19462.016788615023,19462.016788615023,19759.016788615023,20780.0,20780.0,21110.0,-1350.983211384977,1148.9537508999751
2025-05-09,760.0167886150248,1872.0,900,900,0.0,0.0,0.0,0.0,0,0,100,19651.016788615023,19651.016788615023,19453.016788615023,20990.0,20990.0,20770.0,-1316.983211384977,1114.9364107299753
2025-05-12,760.0167886150248,1872.0,900,900,0.0,0.0,0.0,0.0,0,0,100,19831.016788615023,19831.016788615023,19975.016788615023,21190.0,21190.0,21350.0,-1374.983211384977,1172.965991019975
2025-05-13,760.0167886150248,1872.0,900,900,0.0,0.0,0.0,0.0,0,0,100,20452.016788615023,20452.016788615023,19813.016788615023,21880.0,21880.0,21170.0,-1356.983211384977,1154.956810929975
2025-05-14,760.0167886150248,1872.0,900,900,0.0,0.0,0.0,0.0,0,0,100,20164.016788615023,20164.016788615023,20227.016788615023,21560.0,21560.0,21630.0,-1402.983211384977,1200.9802711599752
2025-05-15,760.0167886150248,1872.0,900,900,0.0,0.0,0.0,0.0,0,0,100,20236.016788615023,20236.016788615023,19822.016788615023,21640.0,21640.0,21180.0,-1357.983211384977,1155.9573209349753
2025-05-16,760.0167886150248,1872.0,900,900,0.0,0.0,0.0,0.0,0,0,100,19732.016788615023,19732.016788615023,19930.016788615023,21080.0,21080.0,21300.0,-1369.983211384977,1167.963440994975
2025-05-19,760.0167886150248,1872.0,900,900,0.0,0.0,0.0,0.0,0,0,100,19786.016788615023,19786.016788615023,19777.016788615023,21140.0,21140.0,21130.0,-1352.983211384977,1150.9547709099752
2025-05-20,760.0167886150248,1872.0,900,900,0.0,0.0,0.0,0.0,0,0,100,19777.016788615023,19777.016788615023,19786.016788615023,21130.0,21130.0,21140.0,-1353.983211384977,1151.955280914975
2025-05-21,760.0167886150248,1872.0,900,900,0.0,0.0,0.0,0.0,0,0,100,19786.016788615023,19786.016788615023,19705.016788615023,21140.0,21140.0,21050.0,-1344.983211384977,1142.9506908699752
2025-05-22,760.0167886150248,1872.0,900,900,0.0,0.0,0.0,0.0,0,0,100,19624.016788615023,19624.016788615023,19777.016788615023,20960.0,20960.0,21130.0,-1352.983211384977,1150.9547709099752
2025-05-23,760.0167886150248,1872.0,900,900,0.0,0.0,0.0,0.0,0,0,100,19804.016788615023,19804.016788615023,19543.016788615023,21160.0,21160.0,20870.0,-1326.983211384977,1124.9415107799753
2025-05-26,760.0167886150248,1872.0,900,900,0.0,0.0,0.0,0.0,0,0,100,19588.016788615023,19588.016788615023,19516.016788615023,20920.0,20920.0,20840.0,-1323.983211384977,1121.9399807649754
2025-05-27,760.0167886150248,1872.0,900,900,0.0,0.0,0.0,0.0,0,0,100,19516.016788615023,19516.016788615023,19255.016788615023,20840.0,20840.0,20550.0,-1294.983211384977,1092.9251906199752
2025-05-28,760.0167886150248,1872.0,900,900,0.0,0.0,0.0,0.0,0,0,100,19282.016788615023,19282.016788615023,19354.016788615023,20580.0,20580.0,20660.0,-1305.983211384977,1103.9308006749748
2025-05-29,760.0167886150248,1872.0,900,900,0.0,0.0,0.0,0.0,0,0,100,19561.016788615023,19561.016788615023,20362.016788615023,20890.0,20890.0,21780.0,-1417.983211384977,1215.9879212349751
2025-05-30,760.0167886150248,1872.0,900,900,0.0,0.0,0.0,0.0,0,0,100,20020.016788615023,20020.016788615023,19669.016788615023,21400.0,21400.0,21010.0,-1340.983211384977,1138.948650849975
2025-06-03,760.0167886150248,1872.0,900,900,0.0,0.0,0.0,0.0,0,0,100,19570.016788615023,19570.016788615023,19543.016788615023,20900.0,20900.0,20870.0,-1326.983211384977,1124.9415107799753
2025-06-04,760.0167886150248,1872.0,900,900,0.0,0.0,0.0,0.0,0,0,100,19687.016788615023,19687.016788615023,20119.016788615023,21030.0,21030.0,21510.0,-1390.983211384977,1188.9741510999752
2025-06-05,760.0167886150248,1872.0,900,900,0.0,0.0,0.0,0.0,0,0,100,20074.016788615023,20074.016788615023,21136.016788615023,21460.0,21460.0,22640.0,-1503.983211384977,1302.031781664975
2025-06-06,760.0167886150248,1872.0,900,900,0.0,0.0,0.0,0.0,0,0,100,21082.016788615023,21082.016788615023,20911.016788615023,22580.0,22580.0,22390.0,-1478.983211384977,1277.019031539975
2025-06-09,760.0167886150248,1872.0,900,900,0.0,0.0,0.0,0.0,0,0,100,21100.016788615023,21100.016788615023,21019.016788615023,22600.0,22600.0,22510.0,-1490.983211384977,1289.0251515999748
2025-06-10,760.0167886150248,1872.0,900,900,0.0,0.0,0.0,0.0,0,0,100,21037.016788615023,21037.016788615023,20776.016788615023,22530.0,22530.0,22240.0,-1463.983211384977,1262.011381464975
2025-06-11,760.0167886150248,1872.0,900,900,0.0,0.0,0.0,0.0,0,0,100,20857.016788615023,20857.016788615023,20992.016788615023,22330.0,22330.0,22480.0,-1487.983211384977,1286.023621584975
2025-06-12,760.0167886150248,1872.0,900,900,0.0,0.0,0.0,0.0,0,0,100,20857.016788615023,20857.016788615023,21226.016788615023,22330.0,22330.0,22740.0,-1513.983211384977,1312.0368817149752
2025-06-13,760.0167886150248,1872.0,900,900,0.0,0.0,0.0,0.0,0,0,100,21172.016788615023,21172.016788615023,21442.016788615023,22680.0,22680.0,22980.0,-1537.983211384977,1336.0491218349753
2025-06-16,760.0167886150248,1872.0,900,900,0.0,0.0,0.0,0.0,0,0,100,21397.016788615023,21397.016788615023,21730.016788615023,22930.0,22930.0,23300.0,-1569.983211384977,1368.0654419949751
2025-06-17,760.0167886150248,1872.0,900,900,0.0,0.0,0.0,0.0,0,0,100,21811.016788615023,21811.016788615023,21172.016788615023,23390.0,23390.0,22680.0,-1507.983211384977,1306.033821684975
2025-06-18,760.0167886150248,1872.0,900,900,0.0,0.0,0.0,0.0,0,0,100,21217.016788615023,21217.016788615023,21676.016788615023,22730.0,22730.0,23240.0,-1563.983211384977,1362.0623819649754
2025-06-19,760.0167886150248,1872.0,900,900,0.0,0.0,0.0,0.0,0,0,100,21622.016788615023,21622.016788615023,21361.016788615023,23180.0,23180.0,22890.0,-1528.983211384977,1327.0445317899753
2025-06-20,760.0167886150248,1872.0,900,900,0.0,0.0,0.0,0.0,0,0,100,21451.016788615023,21451.016788615023,21163.016788615023,22990.0,22990.0,22670.0,-1506.983211384977,1305.0333116799752
2025-06-23,760.0167886150248,1872.0,900,900,0.0,0.0,0.0,0.0,0,0,100,21019.016788615023,21019.016788615023,20812.016788615023,22510.0,22510.0,22280.0,-1467.983211384977,1266.0134214849752
2025-06-24,760.0167886150248,1872.0,900,900,0.0,0.0,0.0,0.0,0,0,100,21001.016788615023,21001.016788615023,20893.016788615023,22490.0,22490.0,22370.0,-1476.983211384977,1275.0180115299752
2025-06-25,760.0167886150248,1872.0,900,900,0.0,0.0,0.0,0.0,0,0,100,21073.016788615023,21073.016788615023,21514.016788615023,22570.0,22570.0,23060.0,-1545.983211384977,1344.053201874975
2025-06-26,760.0167886150248,1872.0,900,900,0.0,0.0,0.0,0.0,0,0,100,21892.016788615023,21892.016788615023,21568.016788615023,23480.0,23480.0,23120.0,-1551.983211384977,1350.0562619049747
2025-06-27,760.0167886150248,1872.0,900,900,0.0,0.0,0.0,0.0,0,0,100,21568.016788615023,21568.016788615023,21847.016788615023,23120.0,23120.0,23430.0,-1582.983211384977,1381.0720720599752
2025-06-30,760.0167886150248,1872.0,900,900,0.0,0.0,0.0,0.0,0,0,100,21964.016788615023,21964.016788615023,21874.016788615023,23560.0,23560.0,23460.0,-1585.983211384977,1384.073602074975
2025-07-01,760.0167886150248,1872.0,900,900,0.0,0.0,0.0,0.0,0,0,100,21766.016788615023,21766.016788615023,21892.016788615023,23340.0,23340.0,23480.0,-1587.983211384977,1386.074622084975
2025-07-02,760.0167886150248,1872.0,900,900,0.0,0.0,0.0,0.0,0,0,100,21712.016788615023,21712.016788615023,21676.016788615023,23280.0,23280.0,23240.0,-1563.983211384977,1362.0623819649754
2025-07-03,760.0167886150248,1872.0,900,900,0.0,0.0,0.0,0.0,0,0,100,21766.016788615023,21766.016788615023,23584.016788615023,23340.0,23340.0,25360.0,-1775.983211384977,1574.170503024975
2025-07-04,760.0167886150248,1872.0,900,900,0.0,0.0,0.0,0.0,0,0,100,23611.016788615023,23611.016788615023,24061.016788615023,25390.0,25390.0,25890.0,-1828.983211384977,1627.1975332899751
2025-07-07,760.0167886150248,1872.0,900,900,0.0,0.0,0.0,0.0,0,0,100,24052.016788615023,24052.016788615023,24214.016788615023,25880.0,25880.0,26060.0,-1845.983211384977,1644.2062033749753
2025-07-08,760.0167886150248,1872.0,900,900,0.0,0.0,0.0,0.0,0,0,100,25024.016788615023,25024.016788615023,26374.016788615023,26960.0,26960.0,28460.0,-2085.983211384977,1884.328604574975
2025-07-09,760.0167886150248,1872.0,900,900,0.0,0.0,0.0,0.0,0,0,100,26932.016788615023,26932.016788615023,26572.016788615023,29080.0,29080.0,28680.0,-2107.983211384977,1906.3398246849752
2025-07-10,760.0167886150248,1872.0,900,900,0.0,0.0,0.0,0.0,0,0,100,26842.016788615023,26842.016788615023,26176.016788615023,28980.0,28980.0,28240.0,-2063.983211384977,1862.317384464975
2025-07-11,760.0167886150248,1872.0,900,900,0.0,0.0,0.0,0.0,0,0,100,26122.016788615023,26122.016788615023,26032.016788615023,28180.0,28180.0,28080.0,-2047.983211384977,1846.309224384975
2025-07-14,760.0167886150248,1872.0,900,900,0.0,0.0,0.0,0.0,0,0,100,26032.016788615023,26032.016788615023,25960.016788615023,28080.0,28080.0,28000.0,-2039.983211384977,1838.305144344975
2025-07-15,760.0167886150248,1872.0,900,900,0.0,0.0,0.0,0.0,0,0,100,26302.016788615023,26302.016788615023,27157.016788615023,28380.0,28380.0,29330.0,-2172.983211384977,1971.372975009975
2025-07-16,760.0167886150248,1872.0,900,900,0.0,0.0,0.0,0.0,0,0,100,26923.016788615023,26923.016788615023,26689.016788615023,29070.0,29070.0,28810.0,-2120.983211384977,1919.3464547499752
2025-07-17,760.0167886150248,1872.0,900,900,0.0,0.0,0.0,0.0,0,0,100,26599.016788615023,26599.016788615023,27382.016788615023,28710.0,28710.0,29580.0,-2197.983211384977,1996.385725134975
2025-07-18,760.0167886150248,1872.0,900,900,0.0,0.0,0.0,0.0,0,0,100,27373.016788615023,27373.016788615023,27031.016788615023,29570.0,29570.0,29190.0,-2158.983211384977,1957.3658349399748
2025-07-21,760.0167886150248,1872.0,900,900,0.0,0.0,0.0,0.0,0,0,100,26932.016788615023,26932.016788615023,26950.016788615023,29080.0,29080.0,29100.0,-2149.983211384977,1948.3612448949748
2025-07-22,760.0167886150248,1872.0,900,900,0.0,0.0,0.0,0.0,0,0,100,26932.016788615023,26932.016788615023,26896.016788615023,29080.0,29080.0,29040.0,-2143.983211384977,1942.358184864975
2025-07-23,760.0167886150248,1872.0,900,900,0.0,0.0,0.0,0.0,0,0,100,26482.016788615023,26482.016788615023,26554.016788615023,28580.0,28580.0,28660.0,-2105.983211384977,1904.338804674975
2025-07-24,760.0167886150248,1872.0,900,900,0.0,0.0,0.0,0.0,0,0,100,27103.016788615023,27103.016788615023,28237.016788615023,29270.0,29270.0,30530.0,-2292.983211384977,2091.434175609975
2025-07-25,760.0167886150248,1872.0,900,900,0.0,0.0,0.0,0.0,0,0,100,28237.016788615023,28237.016788615023,28426.016788615023,30530.0,30530.0,30740.0,-2313.983211384977,2112.444885714975
2025-07-28,760.0167886150248,1872.0,900,900,0.0,0.0,0.0,0.0,0,0,100,28678.016788615023,28678.016788615023,29245.016788615023,31020.0,31020.0,31650.0,-2404.983211384977,2203.491296169975
2025-07-29,760.0167886150248,1872.0,900,900,0.0,0.0,0.0,0.0,0,0,100,29236.016788615023,29236.016788615023,30703.016788615023,31640.0,31640.0,33270.0,-2566.983211384977,2365.573916979975
2025-07-30,760.0167886150248,1872.0,900,900,0.0,0.0,0.0,0.0,0,0,100,30532.016788615023,30532.016788615023,32584.016788615023,33080.0,33080.0,35360.0,-2775.983211384977,2574.680508024975
2025-07-31,760.0167886150248,2448.0,900,900,0.0,0.0,0.0,0.0,0,0,100,33142.01678861502,33142.01678861502,34357.01678861502,35980.0,35980.0,37330.0,-2972.983211384977,2707.748338689975
2025-08-01,760.0167886150248,2448.0,900,900,0.0,0.0,0.0,0.0,0,0,100,33808.01678861502,33808.01678861502,32908.01678861502,36720.0,36720.0,35720.0,-2811.983211384977,2546.666227884975
2025-08-04,760.0167886150248,2448.0,900,900,0.0,0.0,0.0,0.0,0,0,100,32368.016788615023,32368.016788615023,32881.01678861502,35120.0,35120.0,35690.0,-2808.983211384977,2543.664697869975
2025-08-05,760.0167886150248,2448.0,900,900,0.0,0.0,0.0,0.0,0,0,100,33358.01678861502,33358.01678861502,34753.01678861502,36220.0,36220.0,37770.0,-3016.983211384977,2751.7707789099745
2025-08-06,760.0167886150248,2448.0,900,900,0.0,0.0,0.0,0.0,0,0,100,33898.01678861502,33898.01678861502,34078.01678861502,36820.0,36820.0,37020.0,-2941.983211384977,2676.7325285349743
2025-08-07,760.0167886150248,2448.0,900,900,0.0,0.0,0.0,0.0,0,0,100,35788.01678861503,35788.01678861503,35293.01678861502,38920.0,38920.0,38370.0,-3076.983211384977,2811.801379209975
2025-08-08,760.0167886150248,2448.0,900,900,0.0,0.0,0.0,0.0,0,0,100,35365.01678861502,35365.01678861502,36139.01678861502,38450.0,38450.0,39310.0,-3170.983211384977,2905.8493196799755
2025-08-11,760.0167886150248,2448.0,900,900,0.0,0.0,0.0,0.0,0,0,100,36058.01678861502,36058.01678861502,35923.01678861502,39220.0,39220.0,39070.0,-3146.983211384977,2881.837079559975
2025-08-12,760.0167886150248,2448.0,900,900,0.0,0.0,0.0,0.0,0,0,100,36031.01678861502,36031.01678861502,38947.01678861502,39190.0,39190.0,42430.0,-3482.983211384977,3218.008441239975
2025-08-13,760.0167886150248,2448.0,900,900,0.0,0.0,0.0,0.0,0,0,100,38956.01678861502,38956.01678861502,42520.01678861502,42440.0,42440.0,46400.0,-3879.983211384977,3615.2109132249752
2025-08-14,760.0167886150248,2448.0,900,900,0.0,0.0,0.0,0.0,0,0,100,42772.01678861502,42772.01678861502,42106.01678861502,46680.0,46680.0,45940.0,-3833.983211384977,3569.1874529949755
2025-08-15,760.0167886150248,2448.0,900,900,0.0,0.0,0.0,0.0,0,0,100,41539.01678861502,41539.01678861502,43582.01678861502,45310.0,45310.0,47580.0,-3997.983211384977,3733.271093814975
2025-08-18,760.0167886150248,2448.0,900,900,0.0,0.0,0.0,0.0,0,0,100,43528.01678861502,43528.01678861502,43222.01678861502,47520.0,47520.0,47180.0,-3957.983211384977,3693.250693614975
2025-08-19,760.0167886150248,2448.0,900,900,0.0,0.0,0.0,0.0,0,0,100,42826.01678861502,42826.01678861502,47227.01678861502,46740.0,46740.0,51630.0,-4402.983211384977,4138.477645839975
2025-08-20,760.0167886150248,2448.0,900,900,0.0,0.0,0.0,0.0,0,0,100,45058.01678861502,45058.01678861502,46327.01678861502,49220.0,49220.0,50630.0,-4302.983211384977,4038.426645339975
2025-08-21,760.0167886150248,2448.0,900,900,0.0,0.0,0.0,0.0,0,0,100,45886.01678861502,45886.01678861502,43969.01678861502,50140.0,50140.0,48010.0,-4040.983211384977,3776.2930240299747
2025-08-22,760.0167886150248,2448.0,900,900,0.0,0.0,0.0,0.0,0,0,100,43258.01678861502,43258.01678861502,44455.01678861502,47220.0,47220.0,48550.0,-4094.983211384977,3830.3205642999746
2025-08-25,760.0167886150248,2448.0,900,900,0.0,0.0,0.0,0.0,0,0,100,45058.01678861502,45058.01678861502,46408.01678861502,49220.0,49220.0,50720.0,-4311.983211384977,4047.4312353849746
2025-08-26,760.0167886150248,2448.0,900,900,0.0,0.0,0.0,0.0,0,0,100,45400.01678861502,45400.01678861502,44140.01678861502,49600.0,49600.0,48200.0,-4059.983211384977,3795.302714124975
2025-08-27,760.0167886150248,2448.0,900,900,0.0,0.0,0.0,0.0,0,0,100,43708.01678861502,43708.01678861502,44356.01678861502,47720.0,47720.0,48440.0,-4083.983211384977,3819.3149542449755
2025-08-28,760.0167886150248,2448.0,900,900,0.0,0.0,0.0,0.0,0,0,100,43348.01678861502,43348.01678861502,47254.01678861502,47320.0,47320.0,51660.0,-4405.983211384977,4141.479175854975
2025-08-29,760.0167886150248,2448.0,900,900,0.0,0.0,0.0,0.0,0,0,100,46408.01678861502,46408.01678861502,51655.01678861502,50720.0,50720.0,56550.0,-4894.983211384977,4630.728568299975
2025-09-01,760.0167886150248,2448.0,900,900,0.0,0.0,0.0,0.0,0,0,100,51799.01678861502,51799.01678861502,53266.01678861502,56710.0,56710.0,58340.0,-5073.983211384977,4809.819859194975
2025-09-02,760.0167886150248,2448.0,900,900,0.0,0.0,0.0,0.0,0,0,100,54238.01678861502,54238.01678861502,51700.01678861502,59420.0,59420.0,56600.0,-4899.983211384977,4635.731118324975
2025-09-03,760.0167886150248,2448.0,900,900,0.0,0.0,0.0,0.0,0,0,100,51700.01678861502,51700.01678861502,52024.01678861502,56600.0,56600.0,56960.0,-4935.983211384977,4671.749478504975
2025-09-04,760.0167886150248,2448.0,900,900,0.0,0.0,0.0,0.0,0,0,100,54058.01678861502,54058.01678861502,51025.01678861502,59220.0,59220.0,55850.0,-4824.983211384977,4560.692867949975
2025-09-05,760.0167886150248,2448.0,900,900,0.0,0.0,0.0,0.0,0,0,100,51178.01678861502,51178.01678861502,53455.01678861502,56020.0,56020.0,58550.0,-5094.983211384977,4830.830569299975
2025-09-08,760.0167886150248,2448.0,900,900,0.0,0.0,0.0,0.0,0,0,100,52708.01678861502,52708.01678861502,49468.01678861502,57720.0,57720.0,54120.0,-4651.983211384977,4387.604637084975
2025-09-09,760.0167886150248,2448.0,900,900,0.0,0.0,0.0,0.0,0,0,100,48568.01678861502,48568.01678861502,47119.01678861502,53120.0,53120.0,51510.0,-4390.983211384977,4126.471525779974
2025-09-10,760.0167886150248,2448.0,900,900,0.0,0.0,0.0,0.0,0,0,100,49648.01678861502,49648.01678861502,51511.01678861502,54320.0,54320.0,56390.0,-4878.983211384977,4614.720408219975
2025-09-11,760.0167886150248,2448.0,900,900,0.0,0.0,0.0,0.0,0,0,100,53428.01678861502,53428.01678861502,56344.01678861502,58520.0,58520.0,61760.0,-5415.983211384977,5151.994280904974
2025-09-12,760.0167886150248,2448.0,900,900,0.0,0.0,0.0,0.0,0,0,100,56200.01678861502,56200.01678861502,58918.01678861502,61600.0,61600.0,64620.0,-5701.983211384977,5438.140142334974
2025-09-15,760.0167886150248,2448.0,900,900,0.0,0.0,0.0,0.0,0,0,100,57208.01678861502,57208.01678861502,57118.01678861502,62720.0,62720.0,62620.0,-5501.983211384977,5238.038141334975
2025-09-16,760.0167886150248,2448.0,900,900,0.0,0.0,0.0,0.0,0,0,100,57091.01678861502,57091.01678861502,56965.01678861502,62590.0,62590.0,62450.0,-5484.983211384977,5221.029471249975
2025-09-17,760.0167886150248,2448.0,900,900,0.0,0.0,0.0,0.0,0,0,100,56218.01678861502,56218.01678861502,58216.01678861502,61620.0,61620.0,63840.0,-5623.983211384977,5360.100361944975
2025-09-18,760.0167886150248,2448.0,900,900,0.0,0.0,0.0,0.0,0,0,100,56659.01678861502,56659.01678861502,61132.01678861502,62110.0,62110.0,67080.0,-5947.983211384977,5684.265603564975
2025-09-19,760.0167886150248,2448.0,900,900,0.0,0.0,0.0,0.0,0,0,100,62284.01678861502,62284.01678861502,62698.016788615016,68360.0,68360.0,68820.0,-6121.983211384984,5858.354344434973
2025-09-22,760.0167886150248,2448.0,900,900,0.0,0.0,0.0,0.0,0,0,100,63103.01678861502,63103.01678861502,66658.01678861503,69270.0,69270.0,73220.0,-6561.98321138497,6298.578746634975
2025-09-23,760.0167886150248,2448.0,900,900,0.0,0.0,0.0,0.0,0,0,100,70456.01678861503,70456.01678861503,66991.01678861503,77440.0,77440.0,73590.0,-6598.98321138497,6335.597616819975
2025-09-24,760.0167886150248,2448.0,900,900,0.0,0.0,0.0,0.0,0,0,100,65128.01678861502,65128.01678861502,64975.016788615016,71520.0,71520.0,71350.0,-6374.983211384984,6111.483375699975
2025-09-25,760.0167886150248,2448.0,900,900,0.0,0.0,0.0,0.0,0,0,100,64300.016788615016,64300.016788615016,64822.016788615016,70600.0,70600.0,71180.0,-6357.983211384984,6094.4747056149745
2025-09-26,760.0167886150248,2448.0,900,900,0.0,0.0,0.0,0.0,0,0,100,64003.01678861502,64003.01678861502,61591.01678861503,70270.0,70270.0,67590.0,-5998.98321138497,5735.291613819974
2025-09-29,760.0167886150248,2448.0,900,900,0.0,0.0,0.0,0.0,0,0,100,61573.016788615016,61573.016788615016,63130.01678861502,67570.0,67570.0,69300.0,-6169.983211384977,5906.378824674975
2025-09-30,760.0167886150248,2448.0,900,900,0.0,0.0,0.0,0.0,0,0,100,63328.01678861502,63328.01678861502,62617.01678861503,69520.0,69520.0,68730.0,-6112.98321138497,5849.349754389976
2025-10-09,760.0167886150248,2448.0,900,900,0.0,0.0,0.0,0.0,0,0,100,63607.01678861502,63607.01678861502,64813.01678861502,69830.0,69830.0,71170.0,-6356.983211384977,6093.474195609975
2025-10-10,760.0167886150248,2448.0,900,900,0.0,0.0,0.0,0.0,0,0,100,64687.01678861502,64687.01678861502,62977.01678861502,71030.0,71030.0,69130.0,-6152.983211384977,5889.370154589975
2025-10-13,760.0167886150248,2448.0,900,900,0.0,0.0,0.0,0.0,0,0,100,58108.01678861502,58108.01678861502,60340.01678861502,63720.0,63720.0,66200.0,-5859.983211384977,5596.220723124975
2025-10-14,760.0167886150248,2448.0,900,900,0.0,0.0,0.0,0.0,0,0,100,61699.016788615016,61699.016788615016,56956.01678861502,67710.0,67710.0,62440.0,-5483.983211384977,5220.028961244975
2025-10-15,760.0167886150248,2448.0,900,900,0.0,0.0,0.0,0.0,0,0,100,56956.01678861502,56956.01678861502,60250.01678861502,62440.0,62440.0,66100.0,-5849.983211384977,5586.215623074975
2025-10-16,760.0167886150248,2448.0,900,900,0.0,0.0,0.0,0.0,0,0,100,59008.01678861502,59008.01678861502,60439.01678861502,64720.0,64720.0,66310.0,-5870.983211384977,5607.226333179974
2025-10-17,760.0167886150248,2448.0,900,900,0.0,0.0,0.0,0.0,0,0,100,59908.01678861502,59908.01678861502,57217.01678861502,65720.0,65720.0,62730.0,-5512.983211384977,5249.043751389975
2025-10-20,760.0167886150248,2448.0,900,900,0.0,0.0,0.0,0.0,0,0,100,59008.01678861502,59008.01678861502,59062.01678861502,64720.0,64720.0,64780.0,-5717.983211384977,5454.148302414976
2025-10-21,760.0167886150248,2448.0,900,900,0.0,0.0,0.0,0.0,0,0,100,59854.01678861502,59854.01678861502,64408.01678861502,65660.0,65660.0,70720.0,-6311.983211384977,6048.451245384975
2025-10-22,760.0167886150248,2448.0,900,900,0.0,0.0,0.0,0.0,0,0,100,63499.016788615016,63499.016788615016,62122.016788615016,69710.0,69710.0,68180.0,-6057.983211384984,5794.321704114974
2025-10-23,760.0167886150248,2448.0,900,900,0.0,0.0,0.0,0.0,0,0,100,61528.01678861502,61528.01678861502,60799.01678861502,67520.0,67520.0,66710.0,-5910.983211384977,5647.246733379975
2025-10-24,760.0167886150248,2448.0,900,900,0.0,0.0,0.0,0.0,0,0,100,61870.01678861503,61870.01678861503,63733.01678861502,67900.0,67900.0,69970.0,-6236.983211384977,5973.412995009974
2025-10-27,760.0167886150248,2448.0,900,900,0.0,0.0,0.0,0.0,0,0,100,65542.01678861503,65542.01678861503,68692.01678861503,71980.0,71980.0,75480.0,-6787.98321138497,6524.694007764976
2025-10-28,760.0167886150248,2448.0,900,900,0.0,0.0,0.0,0.0,0,0,100,67270.01678861503,67270.01678861503,69799.01678861503,73900.0,73900.0,76710.0,-6910.98321138497,6647.756738379974
2025-10-29,760.0167886150248,2448.0,900,900,0.0,0.0,0.0,0.0,0,0,100,73516.01678861503,73516.01678861503,75928.01678861503,80840.0,80840.0,83520.0,-7591.98321138497,7329.104051784975
2025-10-30,760.0167886150248,2448.0,900,900,0.0,0.0,0.0,0.0,0,0,100,75208.01678861503,75208.01678861503,73381.01678861503,82720.0,82720.0,80690.0,-7308.98321138497,7045.959720369975
2025-10-31,760.0167886150248,2448.0,900,900,0.0,0.0,0.0,0.0,0,0,100,73363.01678861503,73363.01678861503,68008.01678861503,80670.0,80670.0,74720.0,-6711.98321138497,6448.655247384974
2025-11-03,760.0167886150248,2448.0,900,900,0.0,0.0,0.0,0.0,0,0,100,66532.01678861503,66532.01678861503,70609.01678861503,73080.0,73080.0,77610.0,-7000.98321138497,6737.802638829975
2025-11-04,760.0167886150248,2448.0,900,900,0.0,0.0,0.0,0.0,0,0,100,70501.01678861503,70501.01678861503,69349.01678861503,77490.0,77490.0,76210.0,-6860.98321138497,6597.7312381299735
2025-11-05,760.0167886150248,2448.0,900,900,0.0,0.0,0.0,0.0,0,0,100,66487.01678861503,66487.01678861503,70924.01678861503,73030.0,73030.0,77960.0,-7035.98321138497,6772.820489004974
2025-11-06,760.0167886150248,2448.0,900,900,0.0,0.0,0.0,0.0,0,0,100,70924.01678861503,70924.01678861503,71806.01678861503,77960.0,77960.0,78940.0,-7133.98321138497,6870.870469494975
2025-11-07,760.0167886150248,2448.0,900,900,0.0,0.0,0.0,0.0,0,0,100,69871.01678861503,69871.01678861503,68638.01678861503,76790.0,76790.0,75420.0,-6781.98321138497,6518.6909477349745
2025-11-10,760.0167886150248,2448.0,900,900,0.0,0.0,0.0,0.0,0,0,100,68008.01678861503,68008.01678861503,67558.01678861503,74720.0,74720.0,74220.0,-6661.98321138497,6398.629747134975
2025-11-11,760.0167886150248,2448.0,900,900,0.0,0.0,0.0,0.0,0,0,100,68008.01678861503,68008.01678861503,64435.01678861502,74720.0,74720.0,70750.0,-6314.983211384977,6051.4527753999755
2025-11-12,760.0167886150248,2448.0,900,900,0.0,0.0,0.0,0.0,0,0,100,63013.01678861502,63013.01678861502,64948.016788615016,69170.0,69170.0,71320.0,-6371.983211384984,6108.481845684973
2025-11-13,760.0167886150248,2448.0,900,900,0.0,0.0,0.0,0.0,0,0,100,64030.01678861502,64030.01678861502,64399.016788615016,70300.0,70300.0,70710.0,-6310.983211384984,6047.450735379974
2025-11-14,760.0167886150248,2448.0,900,900,0.0,0.0,0.0,0.0,0,0,100,62428.01678861502,62428.01678861502,61051.01678861502,68520.0,68520.0,66990.0,-5938.983211384977,5675.261013519975
2025-11-17,760.0167886150248,2448.0,900,900,0.0,0.0,0.0,0.0,0,0,100,61159.01678861502,61159.01678861502,61654.01678861502,67110.0,67110.0,67660.0,-6005.983211384977,5742.295183854974
2025-11-18,760.0167886150248,2448.0,900,900,0.0,0.0,0.0,0.0,0,0,100,60493.01678861502,60493.01678861502,61456.01678861502,66370.0,66370.0,67440.0,-5983.983211384977,5720.283963744975
2025-11-19,760.0167886150248,2448.0,900,900,0.0,0.0,0.0,0.0,0,0,100,61258.01678861502,61258.01678861502,61762.01678861502,67220.0,67220.0,67780.0,-6017.983211384977,5754.301303914975
2025-11-20,760.0167886150248,2448.0,900,900,0.0,0.0,0.0,0.0,0,0,100,64462.01678861502,64462.01678861502,62554.01678861502,70780.0,70780.0,68660.0,-6105.983211384977,5842.346184354975
2025-11-21,760.0167886150248,2448.0,900,900,0.0,0.0,0.0,0.0,0,0,100,59953.01678861502,59953.01678861502,57811.01678861502,65770.0,65770.0,63390.0,-5578.983211384977,5315.077411719974
2025-11-24,760.0167886150248,2448.0,900,900,0.0,0.0,0.0,0.0,0,0,100,58108.01678861502,58108.01678861502,53554.01678861502,63720.0,63720.0,58660.0,-5105.983211384977,4841.836179354975
2025-11-25,760.0167886150248,2448.0,900,900,0.0,0.0,0.0,0.0,0,0,100,53932.01678861502,53932.01678861502,54157.01678861502,59080.0,59080.0,59330.0,-5172.983211384977,4908.870349689975
2025-11-26,760.0167886150248,2448.0,900,900,0.0,0.0,0.0,0.0,0,0,100,52987.01678861502,52987.01678861502,56245.01678861502,58030.0,58030.0,61650.0,-5404.983211384977,5140.988670849975
2025-11-27,760.0167886150248,2448.0,900,900,0.0,0.0,0.0,0.0,0,0,100,57226.01678861502,57226.01678861502,57451.01678861502,62740.0,62740.0,62990.0,-5538.983211384977,5275.057011519975
2025-11-28,760.0167886150248,2448.0,900,900,0.0,0.0,0.0,0.0,0,0,100,57424.01678861502,57424.01678861502,57856.01678861502,62960.0,62960.0,63440.0,-5583.983211384977,5320.079961744976
2025-12-01,760.0167886150248,2448.0,900,900,0.0,0.0,0.0,0.0,0,0,100,57235.01678861502,57235.01678861502,57037.01678861502,62750.0,62750.0,62530.0,-5492.983211384977,5229.033551289976
2025-12-02,760.0167886150248,2448.0,900,900,0.0,0.0,0.0,0.0,0,0,100,57055.01678861502,57055.01678861502,58072.01678861502,62550.0,62550.0,63680.0,-5607.983211384977,5344.092201864975
2025-12-03,760.0167886150248,2448.0,900,900,0.0,0.0,0.0,0.0,0,0,100,58108.01678861502,58108.01678861502,58720.01678861502,63720.0,63720.0,64400.0,-5679.983211384977,5416.128922224975
2025-12-04,760.0167886150248,2448.0,900,900,0.0,0.0,0.0,0.0,0,0,100,58000.01678861502,58000.01678861502,58468.01678861502,63600.0,63600.0,64120.0,-5651.983211384977,5388.114642084975
2025-12-05,760.0167886150248,2448.0,900,900,0.0,0.0,0.0,0.0,0,0,100,58999.01678861502,58999.01678861502,58216.01678861502,64710.0,64710.0,63840.0,-5623.983211384977,5360.100361944975
2025-12-08,760.0167886150248,2448.0,900,900,0.0,0.0,0.0,0.0,0,0,100,57883.01678861502,57883.01678861502,60277.01678861502,63470.0,63470.0,66130.0,-5852.983211384977,5589.217153089974
2025-12-09,760.0167886150248,2448.0,900,900,0.0,0.0,0.0,0.0,0,0,100,60808.01678861502,60808.01678861502,64399.016788615016,66720.0,66720.0,70710.0,-6310.983211384984,6047.450735379974
2025-12-10,760.0167886150248,2448.0,900,900,0.0,0.0,0.0,0.0,0,0,100,63364.01678861502,63364.01678861502,61897.016788615016,69560.0,69560.0,67930.0,-6032.983211384984,5769.308953989974
2025-12-11,760.0167886150248,2448.0,900,900,0.0,0.0,0.0,0.0,0,0,100,60817.01678861503,60817.01678861503,59278.01678861502,66730.0,66730.0,65020.0,-5741.983211384977,5478.160542534975
2025-12-12,760.0167886150248,2448.0,900,900,0.0,0.0,0.0,0.0,0,0,100,58108.01678861502,58108.01678861502,58783.01678861502,63720.0,63720.0,64470.0,-5686.983211384977,5423.132492259975
2025-12-15,760.0167886150248,2448.0,900,900,0.0,0.0,0.0,0.0,0,0,100,56758.01678861502,56758.01678861502,56434.01678861502,62220.0,62220.0,61860.0,-5425.983211384977,5161.999380954975
2025-12-16,760.0167886150248,2448.0,900,900,0.0,0.0,0.0,0.0,0,0,100,56263.01678861502,56263.01678861502,56263.01678861502,61670.0,61670.0,61670.0,-5406.983211384977,5142.989690859975
2025-12-17,760.0167886150248,2448.0,900,900,0.0,0.0,0.0,0.0,0,0,100,56398.01678861502,56398.01678861502,58558.01678861502,61820.0,61820.0,64220.0,-5661.983211384977,5398.119742134975
2025-12-18,760.0167886150248,2448.0,900,900,0.0,0.0,0.0,0.0,0,0,100,56812.01678861502,56812.01678861502,55660.01678861502,62280.0,62280.0,61000.0,-5339.983211384977,5075.955520524975
2025-12-19,760.0167886150248,2448.0,900,900,0.0,0.0,0.0,0.0,0,0,100,56479.01678861502,56479.01678861502,55678.01678861502,61910.0,61910.0,61020.0,-5341.983211384977,5077.956540534975
2025-12-22,760.0167886150248,2448.0,900,900,0.0,0.0,0.0,0.0,0,0,100,56731.01678861502,56731.01678861502,57766.01678861502,62190.0,62190.0,63340.0,-5573.983211384977,5310.074861694975
2025-12-23,760.0167886150248,2448.0,900,900,0.0,0.0,0.0,0.0,0,0,100,57712.01678861502,57712.01678861502,59782.01678861502,63280.0,63280.0,65580.0,-5797.983211384977,5534.189102814975
2025-12-24,760.0167886150248,2448.0,900,900,0.0,0.0,0.0,0.0,0,0,100,60970.01678861503,60970.01678861503,61834.01678861502,66900.0,66900.0,67860.0,-6025.983211384977,5762.305383954975
2025-12-25,760.0167886150248,2448.0,900,900,0.0,0.0,0.0,0.0,0,0,100,62068.01678861503,62068.01678861503,63256.01678861502,68120.0,68120.0,69440.0,-6183.983211384977,5920.385964744974
2025-12-26,760.0167886150248,2448.0,900,900,0.0,0.0,0.0,0.0,0,0,100,63058.01678861502,63058.01678861502,60664.01678861502,69220.0,69220.0,66560.0,-5895.983211384977,5632.239083304975
2025-12-29,760.0167886150248,2448.0,900,900,0.0,0.0,0.0,0.0,0,0,100,60574.01678861502,60574.01678861502,61924.016788615016,66460.0,66460.0,67960.0,-6035.983211384984,5772.310484004974
2025-12-30,760.0167886150248,2448.0,900,900,0.0,0.0,0.0,0.0,0,0,100,60628.01678861502,60628.01678861502,61015.01678861502,66520.0,66520.0,66950.0,-5934.983211384977,5671.258973499975
2025-12-31,760.0167886150248,2448.0,900,900,0.0,0.0,0.0,0.0,0,0,100,61024.016788615016,61024.016788615016,59053.01678861502,66960.0,66960.0,64770.0,-5716.983211384977,5453.147792409975
2026-01-05,760.0167886150248,2448.0,900,900,0.0,0.0,0.0,0.0,0,0,100,60169.01678861502,60169.01678861502,60511.01678861502,66010.0,66010.0,66390.0,-5878.983211384977,5615.230413219975
2026-01-06,760.0167886150248,2448.0,900,900,0.0,0.0,0.0,0.0,0,0,100,60511.01678861502,60511.01678861502,60853.01678861502,66390.0,66390.0,66770.0,-5916.983211384977,5653.249793409975
2026-01-07,760.0167886150248,2448.0,900,900,0.0,0.0,0.0,0.0,0,0,100,60277.01678861502,60277.01678861502,60043.01678861502,66130.0,66130.0,65870.0,-5826.983211384977,5563.203892959975
2026-01-08,760.0167886150248,2448.0,900,900,0.0,0.0,0.0,0.0,0,0,100,60187.01678861502,60187.01678861502,58405.01678861502,66030.0,66030.0,64050.0,-5644.983211384977,5381.1110720499755
2026-01-09,760.0167886150248,2448.0,900,900,0.0,0.0,0.0,0.0,0,0,100,57658.01678861502,57658.01678861502,58540.01678861502,63220.0,63220.0,64200.0,-5659.983211384977,5396.118722124975
2026-01-12,760.0167886150248,2448.0,900,900,0.0,0.0,0.0,0.0,0,0,100,58549.01678861502,58549.01678861502,58045.01678861502,64210.0,64210.0,63650.0,-5604.983211384977,5341.090671849975
2026-01-13,760.0167886150248,2448.0,900,900,0.0,0.0,0.0,0.0,0,0,100,57910.01678861502,57910.01678861502,56695.01678861502,63500.0,63500.0,62150.0,-5454.983211384977,5191.014171099975
2026-01-14,760.0167886150248,2448.0,900,900,0.0,0.0,0.0,0.0,0,0,100,57298.01678861502,57298.01678861502,57208.01678861502,62820.0,62820.0,62720.0,-5511.983211384977,5248.043241384975
2026-01-15,760.0167886150248,2448.0,900,900,0.0,0.0,0.0,0.0,0,0,100,56578.01678861502,56578.01678861502,57919.01678861502,62020.0,62020.0,63510.0,-5590.983211384977,5327.083531779975
2026-01-16,760.0167886150248,2745.0,900,900,0.0,0.0,0.0,0.0,0,0,100,58585.01678861502,58585.01678861502,60205.01678861502,64250.0,64250.0,66050.0,-5844.983211384977,5548.196242884975
2026-01-19,760.0167886150248,2745.0,900,900,0.0,0.0,0.0,0.0,0,0,100,59404.01678861502,59404.01678861502,58315.01678861502,65160.0,65160.0,63950.0,-5634.983211384977,5338.089141834976
2026-01-20,760.0167886150248,2745.0,900,900,0.0,0.0,0.0,0.0,0,0,100,57775.01678861502,57775.01678861502,57208.01678861502,63350.0,63350.0,62720.0,-5511.983211384977,5215.026411219975
2026-01-21,760.0167886150248,2745.0,900,900,0.0,0.0,0.0,0.0,0,0,100,56344.01678861502,56344.01678861502,58909.01678861502,61760.0,61760.0,64610.0,-5700.983211384977,5404.122802164975
2026-01-22,760.0167886150248,2745.0,900,900,0.0,0.0,0.0,0.0,0,0,100,59026.01678861502,59026.01678861502,59980.01678861502,64740.0,64740.0,65800.0,-5819.983211384977,5523.183492759975
2026-01-23,760.0167886150248,2745.0,900,900,0.0,0.0,0.0,0.0,0,0,100,59305.01678861502,59305.01678861502,57604.01678861502,65050.0,65050.0,63160.0,-5555.983211384977,5259.048851439975
2026-01-26,760.0167886150248,2745.0,900,900,0.0,0.0,0.0,0.0,0,0,100,57586.01678861502,57586.01678861502,56839.01678861502,63140.0,63140.0,62310.0,-5470.983211384977,5174.005501014975
2026-01-27,760.0167886150248,2745.0,900,900,0.0,0.0,0.0,0.0,0,0,100,57064.01678861502,57064.01678861502,58378.01678861502,62560.0,62560.0,64020.0,-5641.983211384977,5345.092711869975
2026-01-28,760.0167886150248,2745.0,900,900,0.0,0.0,0.0,0.0,0,0,100,59575.01678861502,59575.01678861502,58126.01678861502,65350.0,65350.0,63740.0,-5613.983211384977,5317.078431729975
2026-01-29,760.0167886150248,2745.0,900,900,0.0,0.0,0.0,0.0,0,0,100,58117.01678861502,58117.01678861502,55345.01678861502,63730.0,63730.0,60650.0,-5304.983211384977,5007.9208401849755
2026-01-30,760.0167886150248,2745.0,900,900,0.0,0.0,0.0,0.0,0,0,100,54805.01678861502,54805.01678861502,55435.01678861502,60050.0,60050.0,60750.0,-5314.983211384977,5017.925940234974
2026-02-02,760.0167886150248,2745.0,900,900,0.0,0.0,0.0,0.0,0,0,100,54625.01678861502,54625.01678861502,53617.01678861502,59850.0,59850.0,58730.0,-5112.983211384977,4815.822919224975
2026-02-03,760.0167886150248,2745.0,900,900,0.0,0.0,0.0,0.0,0,0,100,54175.01678861502,54175.01678861502,53680.01678861502,59350.0,59350.0,58800.0,-5119.983211384977,4822.826489259975
2026-02-04,760.0167886150248,2745.0,900,900,0.0,0.0,0.0,0.0,0,0,100,52726.01678861502,52726.01678861502,51574.01678861502,57740.0,57740.0,56460.0,-4885.983211384977,4588.707148089975
2026-02-05,760.0167886150248,2745.0,900,900,0.0,0.0,0.0,0.0,0,0,100,50548.01678861502,50548.01678861502,51997.01678861502,55320.0,55320.0,56930.0,-4932.983211384977,4635.731118324975
2026-02-06,760.0167886150248,2745.0,900,900,0.0,0.0,0.0,0.0,0,0,100,51205.01678861502,51205.01678861502,52465.01678861502,56050.0,56050.0,57450.0,-4984.983211384977,4687.757638584974
2026-02-09,760.0167886150248,2745.0,900,900,0.0,0.0,0.0,0.0,0,0,100,54085.01678861502,54085.01678861502,53473.01678861502,59250.0,59250.0,58570.0,-5096.983211384977,4799.814759144975
2026-02-10,760.0167886150248,2745.0,900,900,0.0,0.0,0.0,0.0,0,0,100,53662.01678861502,53662.01678861502,53968.01678861502,58780.0,58780.0,59120.0,-5151.983211384977,4854.842809419975
2026-02-11,760.0167886150248,2745.0,900,900,0.0,0.0,0.0,0.0,0,0,100,53545.01678861502,53545.01678861502,53185.01678861502,58650.0,58650.0,58250.0,-5064.983211384977,4767.798438984974
2026-02-12,760.0167886150248,2745.0,900,900,0.0,0.0,0.0,0.0,0,0,100,53320.01678861502,53320.01678861502,53302.01678861502,58400.0,58400.0,58380.0,-5077.983211384977,4780.805069049975
2026-02-13,760.0167886150248,2745.0,900,900,0.0,0.0,0.0,0.0,0,0,100,52510.01678861502,52510.01678861502,52780.01678861502,57500.0,57500.0,57800.0,-5019.983211384977,4722.775488759975
2026-02-24,760.0167886150248,2745.0,900,900,0.0,0.0,0.0,0.0,0,0,100,53374.01678861502,53374.01678861502,53347.01678861502,58460.0,58460.0,58430.0,-5082.983211384977,4785.807619074974
2026-02-25,760.0167886150248,2745.0,900,900,0.0,0.0,0.0,0.0,0,0,100,53734.01678861502,53734.01678861502,55156.01678861502,58860.0,58860.0,60440.0,-5283.983211384977,4986.910130079975
2026-02-26,760.0167886150248,2745.0,900,900,0.0,0.0,0.0,0.0,0,0,100,55165.01678861502,55165.01678861502,55660.01678861502,60450.0,60450.0,61000.0,-5339.983211384977,5042.938690359975
2026-02-27,760.0167886150248,2745.0,900,900,0.0,0.0,0.0,0.0,0,0,100,54175.01678861502,54175.01678861502,53635.01678861502,59350.0,59350.0,58750.0,-5114.983211384977,4817.823939234975
2026-03-02,760.0167886150248,2745.0,900,900,0.0,0.0,0.0,0.0,0,0,100,52105.01678861502,52105.01678861502,53482.01678861502,57050.0,57050.0,58580.0,-5097.983211384977,4800.815269149975
2026-03-03,760.0167886150248,2745.0,900,900,0.0,0.0,0.0,0.0,0,0,100,53761.01678861502,53761.01678861502,52897.01678861502,58890.0,58890.0,57930.0,-5032.983211384977,4735.7821188249745
2026-03-04,760.0167886150248,2745.0,900,900,0.0,0.0,0.0,0.0,0,0,100,52087.01678861502,52087.01678861502,51889.01678861502,57030.0,57030.0,56810.0,-4920.983211384977,4623.7249982649755
2026-03-05,760.0167886150248,2745.0,900,900,0.0,0.0,0.0,0.0,0,0,100,52816.01678861502,52816.01678861502,53095.01678861502,57840.0,57840.0,58150.0,-5054.983211384977,4757.7933389349755
2026-03-06,760.0167886150248,2745.0,900,900,0.0,0.0,0.0,0.0,0,0,100,52825.01678861502,52825.01678861502,52402.01678861502,57850.0,57850.0,57380.0,-4977.983211384977,4680.754068549974
2026-03-09,760.0167886150248,2745.0,900,900,0.0,0.0,0.0,0.0,0,0,100,50989.01678861502,50989.01678861502,51016.01678861502,55810.0,55810.0,55840.0,-4823.983211384977,4526.675527779975
2026-03-10,760.0167886150248,2745.0,900,900,0.0,0.0,0.0,0.0,0,0,100,51772.01678861502,51772.01678861502,52429.01678861502,56680.0,56680.0,57410.0,-4980.983211384977,4683.755598564975
2026-03-11,760.0167886150248,2745.0,900,900,0.0,0.0,0.0,0.0,0,0,100,52735.01678861502,52735.01678861502,52006.01678861502,57750.0,57750.0,56940.0,-4933.983211384977,4636.731628329975
2026-03-12,760.0167886150248,2745.0,900,900,0.0,0.0,0.0,0.0,0,0,100,52015.01678861502,52015.01678861502,50791.01678861502,56950.0,56950.0,55590.0,-4798.983211384977,4501.662777654975
2026-03-13,760.0167886150248,2745.0,900,900,0.0,0.0,0.0,0.0,0,0,100,50323.01678861502,50323.01678861502,50746.01678861502,55070.0,55070.0,55540.0,-4793.983211384977,4496.660227629975
2026-03-16,760.0167886150248,2745.0,900,900,0.0,0.0,0.0,0.0,0,0,100,50467.01678861502,50467.01678861502,50935.01678861502,55230.0,55230.0,55750.0,-4814.983211384977,4517.670937734974
2026-03-17,760.0167886150248,2745.0,900,900,0.0,0.0,0.0,0.0,0,0,100,51196.01678861502,51196.01678861502,49315.01678861502,56040.0,56040.0,53950.0,-4634.983211384977,4337.5791368349755
2026-03-18,760.0167886150248,2745.0,900,900,0.0,0.0,0.0,0.0,0,0,100,49675.01678861502,49675.01678861502,50359.01678861502,54350.0,54350.0,55110.0,-4750.983211384977,4453.638297414976
2026-03-19,760.0167886150248,2745.0,900,900,0.0,0.0,0.0,0.0,0,0,100,49405.01678861502,49405.01678861502,48919.01678861502,54050.0,54050.0,53510.0,-4590.983211384977,4293.556696614975
2026-03-20,760.0167886150248,2745.0,900,900,0.0,0.0,0.0,0.0,0,0,100,49387.01678861502,49387.01678861502,48775.01678861502,54030.0,54030.0,53350.0,-4574.983211384977,4277.548536534975
2026-03-23,760.0167886150248,2745.0,900,900,0.0,0.0,0.0,0.0,0,0,100,47560.01678861502,47560.01678861502,46345.01678861502,52000.0,52000.0,50650.0,-4304.983211384977,4007.4108351849754
2026-03-24,760.0167886150248,2745.0,900,900,0.0,0.0,0.0,0.0,0,0,100,47218.01678861502,47218.01678861502,47461.01678861502,51620.0,51620.0,51890.0,-4428.983211384977,4131.474075804976
2026-03-25,760.0167886150248,2745.0,900,900,0.0,0.0,0.0,0.0,0,0,100,47956.01678861502,47956.01678861502,48784.01678861502,52440.0,52440.0,53360.0,-4575.983211384977,4278.549046539974
2026-03-26,760.0167886150248,2745.0,900,900,0.0,0.0,0.0,0.0,0,0,100,48505.01678861502,48505.01678861502,48271.01678861502,53050.0,53050.0,52790.0,-4518.983211384977,4221.5199762549755
2026-03-27,760.0167886150248,2745.0,900,900,0.0,0.0,0.0,0.0,0,0,100,47272.01678861502,47272.01678861502,48082.01678861502,51680.0,51680.0,52580.0,-4497.983211384977,4200.509266149975
2026-03-30,760.0167886150248,2745.0,900,900,0.0,0.0,0.0,0.0,0,0,100,47119.01678861502,47119.01678861502,47848.01678861502,51510.0,51510.0,52320.0,-4471.983211384977,4174.496006019975
2026-03-31,760.0167886150248,2745.0,900,900,0.0,0.0,0.0,0.0,0,0,100,47605.01678861502,47605.01678861502,49819.01678861502,52050.0,52050.0,54510.0,-4690.983211384977,4393.607697114975
2026-04-01,760.0167886150248,2745.0,900,900,0.0,0.0,0.0,0.0,0,0,100,51205.01678861502,51205.01678861502,51493.01678861502,56050.0,56050.0,56370.0,-4876.983211384977,4579.7025580449745
2026-04-02,760.0167886150248,2745.0,900,900,0.0,0.0,0.0,0.0,0,0,100,50899.01678861502,50899.01678861502,50305.01678861502,55710.0,55710.0,55050.0,-4744.983211384977,4447.635237384975
2026-04-03,760.0167886150248,2745.0,900,900,0.0,0.0,0.0,0.0,0,0,100,50845.01678861502,50845.01678861502,50467.01678861502,55650.0,55650.0,55230.0,-4762.983211384977,4465.644417474975
2026-04-07,760.0167886150248,2745.0,900,900,0.0,0.0,0.0,0.0,0,0,100,51187.01678861502,51187.01678861502,50827.01678861502,56030.0,56030.0,55630.0,-4802.983211384977,4505.664817674975
2026-04-08,760.0167886150248,2745.0,900,900,0.0,0.0,0.0,0.0,0,0,100,52249.01678861502,52249.01678861502,54454.01678861502,57210.0,57210.0,59660.0,-5205.983211384977,4908.870349689975
2026-04-09,760.0167886150248,2745.0,900,900,0.0,0.0,0.0,0.0,0,0,100,53005.01678861502,53005.01678861502,53023.01678861502,58050.0,58050.0,58070.0,-5046.983211384977,4749.789258894974
2026-04-10,760.0167886150248,2745.0,900,900,0.0,0.0,0.0,0.0,0,0,100,53545.01678861502,53545.01678861502,54373.01678861502,58650.0,58650.0,59570.0,-5196.983211384977,4899.865759644976
2026-04-13,760.0167886150248,2745.0,900,900,0.0,0.0,0.0,0.0,0,0,100,53905.01678861502,53905.01678861502,53635.01678861502,59050.0,59050.0,58750.0,-5114.983211384977,4817.823939234975
2026-04-14,760.0167886150248,2745.0,900,900,0.0,0.0,0.0,0.0,0,0,100,54328.01678861502,54328.01678861502,56533.01678861502,59520.0,59520.0,61970.0,-5436.983211384977,5139.988160844975
2026-04-15,760.0167886150248,2745.0,900,900,0.0,0.0,0.0,0.0,0,0,100,56929.01678861502,56929.01678861502,55543.01678861502,62410.0,62410.0,60870.0,-5326.983211384977,5029.932060294975
2026-04-16,760.0167886150248,2745.0,900,900,0.0,0.0,0.0,0.0,0,0,100,55696.01678861502,55696.01678861502,56893.01678861502,61040.0,61040.0,62370.0,-5476.983211384977,5180.008561044975
2026-04-17,760.0167886150248,2745.0,900,900,0.0,0.0,0.0,0.0,0,0,100,57145.01678861502,57145.01678861502,58378.01678861502,62650.0,62650.0,64020.0,-5641.983211384977,5345.092711869975
2026-04-20,760.0167886150248,2745.0,900,900,0.0,0.0,0.0,0.0,0,0,100,59206.01678861502,59206.01678861502,58864.01678861502,64940.0,64940.0,64560.0,-5695.983211384977,5399.1202521399755
2026-04-21,760.0167886150248,2745.0,900,900,0.0,0.0,0.0,0.0,0,0,100,58378.01678861502,58378.01678861502,58774.01678861502,64020.0,64020.0,64460.0,-5685.983211384977,5389.115152089975
2026-04-22,760.0167886150248,2745.0,900,900,0.0,0.0,0.0,0.0,0,0,100,58576.01678861502,58576.01678861502,63706.01678861502,64240.0,64240.0,69940.0,-6233.983211384977,5937.394634829974
2026-04-23,760.0167886150248,2745.0,900,900,0.0,0.0,0.0,0.0,0,0,100,63787.01678861502,63787.01678861502,64633.01678861502,70030.0,70030.0,70970.0,-6336.983211384977,6040.447165344975
2026-04-24,760.0167886150248,2745.0,900,900,0.0,0.0,0.0,0.0,0,0,100,63418.016788615016,63418.016788615016,62014.01678861503,69620.0,69620.0,68060.0,-6045.98321138497,5749.298753889975
2026-04-27,760.0167886150248,2745.0,900,900,0.0,0.0,0.0,0.0,0,0,100,62914.01678861503,62914.01678861503,64030.01678861502,69060.0,69060.0,70300.0,-6269.983211384977,5973.412995009974
2026-04-28,760.0167886150248,2745.0,900,900,0.0,0.0,0.0,0.0,0,0,100,64030.01678861502,64030.01678861502,64885.01678861502,70300.0,70300.0,71250.0,-6364.983211384977,6068.461445484975
2026-04-29,760.0167886150248,2745.0,900,900,0.0,0.0,0.0,0.0,0,0,100,64498.01678861502,64498.01678861502,63139.01678861503,70820.0,70820.0,69310.0,-6170.98321138497,5874.362504514976
2026-04-30,760.0167886150248,2745.0,900,900,0.0,0.0,0.0,0.0,0,0,100,62815.01678861503,62815.01678861503,60097.01678861502,68950.0,68950.0,65930.0,-5832.983211384977,5536.190122824974
2026-05-06,760.0167886150248,2745.0,900,900,0.0,0.0,0.0,0.0,0,0,100,60457.01678861502,60457.01678861502,60277.01678861502,66330.0,66330.0,66130.0,-5852.983211384977,5556.200322924975
2026-05-07,760.0167886150248,2745.0,900,900,0.0,0.0,0.0,0.0,0,0,100,61186.01678861502,61186.01678861502,61267.01678861503,67140.0,67140.0,67230.0,-5962.98321138497,5666.256423474976
2026-05-08,760.0167886150248,2745.0,900,900,0.0,0.0,0.0,0.0,0,0,100,60205.01678861502,60205.01678861502,60457.01678861502,66050.0,66050.0,66330.0,-5872.983211384977,5576.210523024975
2026-05-11,760.0167886150248,2745.0,900,900,0.0,0.0,0.0,0.0,0,0,100,61285.01678861502,61285.01678861502,62770.016788615016,67250.0,67250.0,68900.0,-6129.983211384984,5833.3415943099735
2026-05-12,760.0167886150248,2745.0,900,900,0.0,0.0,0.0,0.0,0,0,100,62788.01678861503,62788.01678861503,61465.01678861503,68920.0,68920.0,67450.0,-5984.98321138497,5688.267643584975
2026-05-13,760.0167886150248,2745.0,900,900,0.0,0.0,0.0,0.0,0,0,100,61195.016788615016,61195.016788615016,67261.01678861503,67150.0,67150.0,73890.0,-6628.98321138497,6332.596086804975
2026-05-14,760.0167886150248,2745.0,900,900,0.0,0.0,0.0,0.0,0,0,100,70105.01678861503,70105.01678861503,65245.016788615016,77050.0,77050.0,71650.0,-6404.983211384984,6108.481845684973
2026-05-15,760.0167886150248,2745.0,900,900,0.0,0.0,0.0,0.0,0,0,100,66055.01678861503,66055.01678861503,64363.01678861503,72550.0,72550.0,70670.0,-6306.98321138497,6010.431865194974
2026-05-18,760.0167886150248,2745.0,900,900,0.0,0.0,0.0,0.0,0,0,100,62797.016788615016,62797.016788615016,65587.01678861503,68930.0,68930.0,72030.0,-6442.98321138497,6146.501225874975
2026-05-19,760.0167886150248,2745.0,900,900,0.0,0.0,0.0,0.0,0,0,100,64975.01678861502,64975.01678861502,65209.01678861502,71350.0,71350.0,71610.0,-6400.983211384977,6104.479805664975
2026-05-20,760.0167886150248,2745.0,900,900,0.0,0.0,0.0,0.0,0,0,100,64885.01678861502,64885.01678861502,64840.01678861503,71250.0,71250.0,71200.0,-6359.98321138497,6063.458895459976
2026-05-21,760.0167886150248,2745.0,900,900,0.0,0.0,0.0,0.0,0,0,100,65785.01678861503,65785.01678861503,62455.01678861502,72250.0,72250.0,68550.0,-6094.983211384977,5798.323744134975
2026-05-22,760.0167886150248,2745.0,900,900,0.0,0.0,0.0,0.0,0,0,100,63004.01678861502,63004.01678861502,63949.01678861502,69160.0,69160.0,70210.0,-6260.983211384977,5964.408404964975
2026-05-25,760.0167886150248,2745.0,900,900,0.0,0.0,0.0,0.0,0,0,100,64705.01678861502,64705.01678861502,66775.01678861503,71050.0,71050.0,73350.0,-6574.98321138497,6278.568546534974
2026-05-26,760.0167886150248,2745.0,900,900,0.0,0.0,0.0,0.0,0,0,100,66379.01678861503,66379.01678861503,66487.01678861503,72910.0,72910.0,73030.0,-6542.98321138497,6246.552226374975
2026-05-27,760.0167886150248,2745.0,900,900,0.0,0.0,0.0,0.0,0,0,100,66415.01678861503,66415.01678861503,66577.01678861503,72950.0,72950.0,73130.0,-6552.98321138497,6256.557326424975
2026-05-28,760.0167886150248,2745.0,900,900,0.0,0.0,0.0,0.0,0,0,100,66505.01678861503,66505.01678861503,71005.01678861503,73050.0,73050.0,78050.0,-7044.98321138497,6748.808248884975
2026-05-29,760.0167886150248,2745.0,900,900,0.0,0.0,0.0,0.0,0,0,100,74380.01678861503,74380.01678861503,69565.01678861503,81800.0,81800.0,76450.0,-6884.98321138497,6588.726648084975
2026-06-01,760.0167886150248,2745.0,900,900,0.0,0.0,0.0,0.0,0,0,100,71185.01678861503,71185.01678861503,69880.01678861503,78250.0,78250.0,76800.0,-6919.98321138497,6623.744498259975
2026-06-02,760.0167886150248,2745.0,900,900,0.0,0.0,0.0,0.0,0,0,100,71005.01678861503,71005.01678861503,75514.01678861503,78050.0,78050.0,83060.0,-7545.98321138497,7250.063761389975
2026-06-03,760.0167886150248,2745.0,900,900,0.0,0.0,0.0,0.0,0,0,100,75460.01678861503,75460.01678861503,76450.01678861503,83000.0,83000.0,84100.0,-7649.98321138497,7354.116801909975
2026-06-04,760.0167886150248,2745.0,900,900,0.0,0.0,0.0,0.0,0,0,100,75505.01678861503,75505.01678861503,74200.01678861503,83050.0,83050.0,81600.0,-7399.98321138497,7103.989300659975
2026-06-05,760.0167886150248,2745.0,900,900,0.0,0.0,0.0,0.0,0,0,100,73255.01678861503,73255.01678861503,70159.01678861503,80550.0,80550.0,77110.0,-6950.98321138497,6654.760308414975
2026-06-08,760.0167886150248,2745.0,900,900,0.0,0.0,0.0,0.0,0,0,100,66496.01678861502,66496.01678861502,66937.01678861503,73040.0,73040.0,73530.0,-6592.98321138497,6296.577726624974
2026-06-09,760.0167886150248,2745.0,900,900,0.0,0.0,0.0,0.0,0,0,100,68296.01678861502,68296.01678861502,70771.01678861503,75040.0,75040.0,77790.0,-7018.98321138497,6722.794988754974
2026-06-10,760.0167886150248,2745.0,900,900,0.0,0.0,0.0,0.0,0,0,100,69115.01678861503,69115.01678861503,67522.01678861502,75950.0,75950.0,74180.0,-6657.983211384984,6361.610876949975
2026-06-11,760.0167886150248,2745.0,900,900,0.0,0.0,0.0,0.0,0,0,100,66343.01678861502,66343.01678861502,66073.01678861503,72870.0,72870.0,72570.0,-6496.98321138497,6200.528766144975
2026-06-12,760.0167886150248,2745.0,900,900,0.0,0.0,0.0,0.0,0,0,100,68251.01678861503,68251.01678861503,66622.01678861502,74990.0,74990.0,73180.0,-6557.983211384984,6261.559876449975
2026-06-15,760.0167886150248,2745.0,900,900,0.0,0.0,0.0,0.0,0,0,100,67828.01678861503,67828.01678861503,69565.01678861503,74520.0,74520.0,76450.0,-6884.98321138497,6588.726648084975
2026-06-16,760.0167886150248,2745.0,900,900,0.0,0.0,0.0,0.0,0,0,100,69565.01678861503,69565.01678861503,69115.01678861503,76450.0,76450.0,75950.0,-6834.98321138497,6538.701147834976
2026-06-17,760.0167886150248,2745.0,900,900,0.0,0.0,0.0,0.0,0,0,100,68035.01678861503,68035.01678861503,68881.01678861503,74750.0,74750.0,75690.0,-6808.98321138497,6512.687887704975
2026-06-18,760.0167886150248,2745.0,900,900,0.0,0.0,0.0,0.0,0,0,100,68305.01678861503,68305.01678861503,73777.01678861503,75050.0,75050.0,81130.0,-7352.98321138497,7056.965330424975
2026-06-22,760.0167886150248,2745.0,900,900,0.0,0.0,0.0,0.0,0,0,100,73777.01678861503,73777.01678861503,74497.01678861503,81130.0,81130.0,81930.0,-7432.98321138497,7137.006130824975
2026-06-23,760.0167886150248,2745.0,900,900,0.0,0.0,0.0,0.0,0,0,100,74497.01678861503,74497.01678861503,70195.01678861503,81930.0,81930.0,77150.0,-6954.98321138497,6658.762348434974
2026-06-24,760.0167886150248,2745.0,900,900,0.0,0.0,0.0,0.0,0,0,100,69205.01678861503,69205.01678861503,72607.01678861503,76050.0,76050.0,79830.0,-7222.98321138497,6926.899029774975
2026-06-25,760.0167886150248,2745.0,900,900,0.0,0.0,0.0,0.0,0,0,100,73336.01678861503,73336.01678861503,72796.01678861503,80640.0,80640.0,80040.0,-7243.98321138497,6947.909739879974
2026-06-26,760.0167886150248,2745.0,900,900,0.0,0.0,0.0,0.0,0,0,100,71005.01678861503,71005.01678861503,66703.01678861503,78050.0,78050.0,73270.0,-6566.98321138497,6270.564466494975
2026-06-29,760.0167886150248,2745.0,900,900,0.0,0.0,0.0,0.0,0,0,100,65875.01678861503,65875.01678861503,66154.01678861503,72350.0,72350.0,72660.0,-6505.98321138497,6209.533356189975
2026-06-30,760.0167886150248,2745.0,900,900,0.0,0.0,0.0,0.0,0,0,100,66109.01678861503,66109.01678861503,68440.01678861503,72610.0,72610.0,75200.0,-6759.98321138497,6463.662897459975
2026-07-01,760.0167886150248,2745.0,900,900,0.0,0.0,0.0,0.0,0,0,100,69205.01678861503,69205.01678861503,66505.01678861503,76050.0,76050.0,73050.0,-6544.98321138497,6248.553246384975
2026-07-02,760.0167886150248,2745.0,900,900,0.0,0.0,0.0,0.0,0,0,100,64219.016788615016,64219.016788615016,61123.01678861502,70510.0,70510.0,67070.0,-5946.983211384977,5650.248263394975
2026-07-03,760.0167886150248,2745.0,900,900,0.0,0.0,0.0,0.0,0,0,100,60655.01678861502,60655.01678861502,61753.01678861502,66550.0,66550.0,67770.0,-6016.983211384977,5720.283963744975
2026-07-06,760.0167886150248,2745.0,900,900,0.0,0.0,0.0,0.0,0,0,100,62698.01678861502,62698.01678861502,60736.01678861502,68820.0,68820.0,66640.0,-5903.983211384977,5607.226333179974
2026-07-07,760.0167886150248,2745.0,900,900,0.0,0.0,0.0,0.0,0,0,100,60358.01678861502,60358.01678861502,60907.01678861502,66220.0,66220.0,66830.0,-5922.983211384977,5626.236023274974
2026-07-08,760.0167886150248,2745.0,900,900,0.0,0.0,0.0,0.0,0,0,100,62005.01678861502,62005.01678861502,62914.01678861503,68050.0,68050.0,69060.0,-6145.98321138497,5849.349754389976
2026-07-09,760.0167886150248,2745.0,900,900,0.0,0.0,0.0,0.0,0,0,100,63454.01678861502,63454.01678861502,66082.01678861503,69660.0,69660.0,72580.0,-6497.98321138497,6201.529276149975
2026-07-10,760.0167886150248,2745.0,900,900,0.0,0.0,0.0,0.0,0,0,100,67405.01678861503,67405.01678861503,63148.01678861502,74050.0,74050.0,69320.0,-6171.983211384977,5875.363014519975
2026-07-13,760.0167886150248,2745.0,900,900,0.0,0.0,0.0,0.0,0,0,100,62275.01678861502,62275.01678861502,60277.01678861502,68350.0,68350.0,66130.0,-5852.983211384977,5556.200322924975
2026-07-14,760.0167886150248,2745.0,900,900,0.0,0.0,0.0,0.0,0,0,100,60115.01678861502,60115.01678861502,62545.016788615016,65950.0,65950.0,68650.0,-6104.983211384984,5808.328844184974
2026-07-15,760.0167886150248,2745.0,900,900,0.0,0.0,0.0,0.0,0,0,100,62797.016788615016,62797.016788615016,60763.01678861502,68930.0,68930.0,66670.0,-5906.983211384977,5610.227863194975
2026-07-16,760.0167886150248,2745.0,900,900,0.0,0.0,0.0,0.0,0,0,100,59620.01678861502,59620.01678861502,60223.01678861502,65400.0,65400.0,66070.0,-5846.983211384977,5550.197262894975
2026-07-17,760.0167886150248,2745.0,900,900,0.0,0.0,0.0,0.0,0,0,100,59323.01678861502,59323.01678861502,55336.01678861502,65070.0,65070.0,60640.0,-5303.983211384977,5006.920330179975
2026-07-20,760.0167886150248,2745.0,900,900,0.0,0.0,0.0,0.0,0,0,100,56497.01678861502,56497.01678861502,54355.01678861502,61930.0,61930.0,59550.0,-5194.983211384977,4897.864739634975
2026-07-21,760.0167886150248,2745.0,900,900,0.0,0.0,0.0,0.0,0,0,100,55255.01678861502,55255.01678861502,58387.01678861502,60550.0,60550.0,64030.0,-5642.983211384977,5346.093221874975
2026-07-22,760.0167886150248,2745.0,900,900,0.0,0.0,0.0,0.0,0,0,100,57739.01678861502,57739.01678861502,58144.01678861502,63310.0,63310.0,63760.0,-5615.983211384977,5319.079451739975
2026-07-23,760.0167886150248,2745.0,900,900,0.0,0.0,0.0,0.0,0,0,100,59296.01678861502,59296.01678861502,60097.01678861502,65040.0,65040.0,65930.0,-5832.983211384977,5536.190122824974
2026-07-24,760.0167886150248,2745.0,900,900,0.0,0.0,0.0,0.0,0,0,100,58450.01678861502,58450.01678861502,57730.01678861502,64100.0,64100.0,63300.0,-5569.983211384977,5273.055991509975
2026-07-27,760.0167886150248,2745.0,900,900,0.0,0.0,0.0,0.0,0,0,100,57397.01678861502,57397.01678861502,58900.01678861502,62930.0,62930.0,64600.0,-5699.983211384977,5403.122292159975
2026-07-28,760.0167886150248,2745.0,900,900,0.0,0.0,0.0,0.0,0,0,100,56497.01678861502,56497.01678861502,55777.01678861502,61930.0,61930.0,61130.0,-5352.983211384977,5055.945320424975
2026-07-29,760.0167886150248,2745.0,900,900,0.0,0.0,0.0,0.0,0,0,100,55777.01678861502,55777.01678861502,55480.01678861502,61130.0,61130.0,60800.0,-5319.983211384977,5022.928490259975
2026-07-30,760.0167886150248,2745.0,900,900,0.0,0.0,0.0,0.0,0,0,100,54805.01678861502,54805.01678861502,51925.01678861502,60050.0,60050.0,56850.0,-4924.983211384977,4627.727038284975
2026-07-31,760.0167886150248,2745.0,900,900,0.0,0.0,0.0,0.0,0,0,100,54931.01678861502,54931.01678861502,54535.01678861502,60190.0,60190.0,59750.0,-5214.983211384977,4917.874939734976
2026-08-03,760.0167886150248,3330.0,900,900,0.0,0.0,0.0,0.0,0,0,100,54067.01678861502,54067.01678861502,54400.01678861502,59230.0,59230.0,59600.0,-5199.983211384977,4837.834139334976
2026-08-04,760.0167886150248,3330.0,900,900,0.0,0.0,0.0,0.0,0,0,100,55219.01678861502,55219.01678861502,58027.01678861502,60510.0,60510.0,63630.0,-5602.983211384977,5241.039671349975
2026-08-05,760.0167886150248,3330.0,900,900,0.0,0.0,0.0,0.0,0,0,100,57190.01678861502,57190.01678861502,63418.01678861502,62700.0,62700.0,69620.0,-6201.983211384977,5840.345164344974
2026-08-06,760.0167886150248,3330.0,900,900,0.0,0.0,0.0,0.0,0,0,100,63085.01678861502,63085.01678861502,65533.01678861502,69250.0,69250.0,71970.0,-6436.983211384977,6075.465015519975
2026-08-07,760.0167886150248,3330.0,900,900,0.0,0.0,0.0,0.0,0,0,100,65533.01678861502,65533.01678861502,65452.01678861503,71970.0,71970.0,71880.0,-6427.98321138497,6066.460425474976
2026-08-10,760.0167886150248,3330.0,900,900,0.0,0.0,0.0,0.0,0,0,100,66190.01678861503,66190.01678861503,66352.01678861503,72700.0,72700.0,72880.0,-6527.98321138497,6166.511425974976
2026-08-11,760.0167886150248,3330.0,900,900,0.0,0.0,0.0,0.0,0,0,100,65227.01678861503,65227.01678861503,63499.01678861503,71630.0,71630.0,69710.0,-6210.98321138497,5849.349754389976
2026-08-12,760.0167886150248,3330.0,900,900,0.0,0.0,0.0,0.0,0,0,100,63904.016788615016,63904.016788615016,63130.016788615016,70160.0,70160.0,69300.0,-6169.983211384984,5808.328844184974
2026-08-13,760.0167886150248,3330.0,900,900,0.0,0.0,0.0,0.0,0,0,100,65281.016788615016,65281.016788615016,62797.01678861502,71690.0,71690.0,68930.0,-6132.983211384977,5771.309973999975
2026-08-14,760.0167886150248,3330.0,900,900,0.0,0.0,0.0,0.0,0,0,100,63130.016788615016,63130.016788615016,63661.01678861502,69300.0,69300.0,69890.0,-6228.983211384977,5867.358934479975
2026-08-17,760.0167886150248,3330.0,900,900,0.0,0.0,0.0,0.0,0,0,100,64390.01678861502,64390.01678861502,65497.01678861502,70700.0,70700.0,71930.0,-6432.983211384977,6071.462975499974
2026-08-18,760.0167886150248,3330.0,900,900,0.0,0.0,0.0,0.0,0,0,100,65020.01678861502,65020.01678861502,63670.01678861502,71400.0,71400.0,69900.0,-6229.983211384977,5868.359444484975
2026-08-19,760.0167886150248,3330.0,900,900,0.0,0.0,0.0,0.0,0,0,100,61780.016788615016,61780.016788615016,59737.01678861502,67800.0,67800.0,65530.0,-5792.983211384977,5431.136572299974
2026-08-20,760.0167886150248,3330.0,900,900,0.0,0.0,0.0,0.0,0,0,100,60340.01678861502,60340.01678861502,60007.01678861502,66200.0,66200.0,65830.0,-5822.983211384977,5461.151872449975
2026-08-21,760.0167886150248,3330.0,900,900,0.0,0.0,0.0,0.0,0,0,100,59575.01678861502,59575.01678861502,60646.01678861502,65350.0,65350.0,66540.0,-5893.983211384977,5532.188082804975
2026-08-24,760.0167886150248,3330.0,900,900,0.0,0.0,0.0,0.0,0,0,100,60520.01678861502,60520.01678861502,58450.01678861502,66400.0,66400.0,64100.0,-5649.983211384977,5288.063641584975
2026-08-25,760.0167886150248,3330.0,900,900,0.0,0.0,0.0,0.0,0,0,100,56965.01678861502,56965.01678861502,58225.01678861502,62450.0,62450.0,63850.0,-5624.983211384977,5263.050891459975
2026-08-26,760.0167886150248,3330.0,900,900,0.0,0.0,0.0,0.0,0,0,100,58270.01678861502,58270.01678861502,58603.01678861502,63900.0,63900.0,64270.0,-5666.983211384977,5305.072311669975
2026-08-27,760.0167886150248,3330.0,900,900,0.0,0.0,0.0,0.0,0,0,100,59890.01678861502,59890.01678861502,61564.01678861502,65700.0,65700.0,67560.0,-5995.983211384977,5634.2401033149745
2026-08-28,760.0167886150248,3330.0,900,900,0.0,0.0,0.0,0.0,0,0,100,61726.01678861503,61726.01678861503,61726.01678861503,67740.0,67740.0,67740.0,-6013.98321138497,5652.249283404975
2026-08-31,760.0167886150248,3330.0,900,900,0.0,0.0,0.0,0.0,0,0,100,60925.01678861502,60925.01678861502,62446.01678861502,66850.0,66850.0,68540.0,-6093.983211384977,5732.2900838049745
2026-09-01,760.0167886150248,3330.0,900,900,0.0,0.0,0.0,0.0,0,0,100,62005.016788615016,62005.016788615016,60736.01678861502,68050.0,68050.0,66640.0,-5903.983211384977,5542.193182854975
2026-09-02,760.0167886150248,3330.0,900,900,0.0,0.0,0.0,0.0,0,0,100,59638.01678861502,59638.01678861502,59710.01678861502,65420.0,65420.0,65500.0,-5789.983211384977,5428.135042284975
2026-09-03,760.0167886150248,3330.0,900,900,0.0,0.0,0.0,0.0,0,0,100,60790.01678861502,60790.01678861502,60970.01678861502,66700.0,66700.0,66900.0,-5929.983211384977,5568.206442984975
2026-09-04,760.0167886150248,3330.0,900,900,0.0,0.0,0.0,0.0,0,0,100,61546.01678861502,61546.01678861502,61411.01678861502,67540.0,67540.0,67390.0,-5978.983211384977,5617.231433229975
2026-09-07,760.0167886150248,3330.0,900,900,0.0,0.0,0.0,0.0,0,0,100,62230.016788615016,62230.016788615016,64003.016788615016,68300.0,68300.0,70270.0,-6266.983211384984,5905.378314669974
2026-09-08,760.0167886150248,3330.0,900,900,0.0,0.0,0.0,0.0,0,0,100,63760.01678861502,63760.01678861502,62365.01678861502,70000.0,70000.0,68450.0,-6084.983211384977,5723.285493759974
2026-09-09,760.0167886150248,3330.0,900,900,0.0,0.0,0.0,0.0,0,0,100,62500.01678861503,62500.01678861503,62806.016788615016,68600.0,68600.0,68940.0,-6133.983211384984,5772.310484004974
2026-09-10,760.0167886150248,3330.0,900,900,0.0,0.0,0.0,0.0,0,0,100,62140.01678861502,62140.01678861502,61609.01678861502,68200.0,68200.0,67610.0,-6000.983211384977,5639.242653339975
2026-09-11,760.0167886150248,3330.0,900,900,0.0,0.0,0.0,0.0,0,0,100,60484.01678861502,60484.01678861502,61753.016788615016,66360.0,66360.0,67770.0,-6016.983211384984,5655.250813419974
