id,bp,year,n,wins,win,cash,mean,worst,mdd,top3,bottom3,mean_pct
R0000,5,2020,19,7,36.84210526315789,-694.2992938999778,-36.54206809999883,-264.9490622000012,-848.149091199979,412.9138255000071,-662.6597552000003,-0.24108486525933412
R0000,5,2021,7,0,0.0,-425.88124619999144,-60.84017802857021,-139.72672599999896,-425.88124619999144,-53.51993919999586,-312.92809699999634,-0.4607451852463697
R0000,5,2022,14,1,7.142857142857142,-609.0844895499849,-43.50603496785607,-109.3419151499984,-630.187274799986,-16.066009649995973,-298.49512529999447,-0.4490409129802541
R0000,5,2023,11,6,54.54545454545454,435.5282177500194,39.59347434091085,-162.78656314999898,-418.84028364999904,672.7638994500085,-387.457401149999,0.11563082886339533
R0000,5,2024,15,11,73.33333333333333,3042.424212100039,202.82828080666926,-471.5109546499989,-471.5109546499989,2528.5600036500073,-749.2425952999947,0.7748371551022456
R0000,5,2025,17,13,76.47058823529412,15554.69460845109,914.9820357912405,-202.0571407999996,-417.9894064499931,7135.051219704037,-417.9894064499931,1.3662185569740384
R0000,5,2026,18,12,66.66666666666666,8919.274691553139,495.51526064184105,-1172.703728834982,-2896.304491298957,5747.6468567860065,-2686.4765092559683,0.7156602858139197
R0000,11,2020,19,6,31.57894736842105,-1020.2422065800347,-53.69695824105446,-285.5668168400043,-1146.5891045400313,361.86153609999013,-717.3045814400084,-0.36099258645648974
R0000,11,2021,7,0,0.0,-535.2305816400149,-76.46151166285927,-157.2379972000017,-535.2305816400149,-99.67282624000836,-361.75573340000483,-0.5807567876583246
R0000,11,2022,14,1,7.142857142857142,-771.6991170100155,-55.12136550071539,-120.83817333000115,-781.5935245600158,-49.34334123000008,-333.25375566000366,-0.5689451136338833
R0000,11,2023,11,6,54.54545454545454,204.416039049991,18.58327627727191,-180.8000789300022,-492.96378403000017,588.7103787899941,-444.70112253000116,-0.004065737270537758
R0000,11,2024,15,10,66.66666666666666,2606.2019066199573,173.74679377466381,-496.4707802300036,-496.4707802300036,2439.5486880299904,-829.2746696600043,0.6554808882360043
R0000,11,2025,17,13,76.47058823529412,14540.14231859216,855.3024893289505,-227.39482976000363,-495.4000941900049,6878.389185748791,-495.4000941900049,1.247192731074655
R0000,11,2026,18,11,61.111111111111114,7484.850090216467,415.82500501202594,-1255.0933754370053,-3205.1138320578248,5502.549612929171,-2914.983909163224,0.5962444436443922
R0000,20,2020,19,4,21.052631578947366,-1509.1565755999964,-79.42929345263138,-316.49344879999626,-1611.3056627999958,285.28310200000124,-799.2718207999969,-0.5408541682521782
R0000,20,2021,7,0,0.0,-699.2545847999954,-99.89351211428506,-183.50490399999944,-699.2545847999954,-168.90215679999892,-434.99718799999755,-0.7607741912761964
R0000,20,2022,14,0,0.0,-1015.6210582000022,-72.54436130000015,-138.08256060000167,-1015.6210582000022,-99.25933860000077,-385.39170120000017,-0.7488014146142848
R0000,20,2023,11,6,54.54545454545454,-142.25222899999423,-12.932020818181293,-207.82035259999972,-604.1490345999991,462.63009780000357,-530.5667045999999,-0.18361058647140968
R0000,20,2024,15,9,60.0,1951.8684483999969,130.12456322666645,-533.9105186000015,-694.2689387999999,2306.031714599998,-949.3227812000005,0.4764464879366864
R0000,20,2025,17,12,70.58823529411765,13018.313883804021,765.7831696355306,-265.401363200006,-611.5161258000007,6493.396134816008,-611.5161258000007,1.0686539922256106
R0000,20,2026,18,11,61.111111111111114,5333.2131882119575,296.289621567331,-1378.6778453399893,-3668.327843195999,5134.903747143995,-3257.7450090239945,0.41712068039014244
R0001,5,2020,19,7,36.84210526315789,-634.2680932999756,-33.382531226314505,-247.5812670999985,-788.1178905999768,412.9138255000071,-602.6285545999981,-0.22258640581153358
R0001,5,2021,7,1,14.285714285714285,-435.88644629999,-62.269492328569996,-139.72672599999896,-435.88644629999,-23.504338899996583,-352.94889739999417,-0.469113000951504
R0001,5,2022,14,2,14.285714285714285,-549.0538892499844,-39.21813494642746,-109.3419151499984,-570.1566744999855,16.150545500002412,-298.49512529999447,-0.3996411431481273
R0001,5,2023,11,7,63.63636363636363,595.6098185500196,54.14634714091087,-162.78656314999898,-298.70351599999776,672.7638994500085,-307.00728349999554,0.2036699867581323
R0001,5,2024,15,11,73.33333333333333,1901.84280640004,126.78952042666933,-831.6945564499983,-1474.1265908999812,2528.5600036500073,-1843.8756184999947,0.4746095905093121
R0001,5,2025,17,13,76.47058823529412,15584.753258265093,916.7501916626525,-492.2050422499997,-708.1373078999932,7135.051219704037,-708.1373078999932,1.3169484540197653
R0001,5,2026,18,13,72.22222222222221,10870.533363318136,603.9185201843409,-1172.703728834982,-2110.206474224964,5747.6468567860065,-2259.8392002679757,0.907339090095472
R0001,11,2020,19,6,31.57894736842105,-960.1750052600328,-50.5355265926333,-263.86318762000155,-1086.5219032200293,361.86153609999013,-657.2373801200065,-0.3424830334797851
R0001,11,2021,7,1,14.285714285714285,-545.241781860017,-77.89168312285958,-157.2379972000017,-545.241781860017,-69.63922558000922,-401.8005342800061,-0.5891296215437957
R0001,11,2022,14,2,14.285714285714285,-711.6325163500132,-50.830894025000944,-120.83817333000115,-721.5269239000136,-15.801439900000336,-333.25375566000366,-0.5195157187523806
R0001,11,2023,11,7,63.63636363636363,364.59364080998967,33.14487643727179,-180.8000789300022,-352.9779752000013,588.7103787899941,-362.0331437000041,0.08402621772038708
R0001,11,2024,15,9,60.0,1464.9364940799496,97.66243293866331,-856.870384190006,-1659.1804999800224,2439.5486880299904,-1934.1053207000114,0.35507327712757003
R0001,11,2025,17,13,76.47058823529412,14570.21899458296,857.0717055637035,-517.7167329500044,-785.7219973800056,6878.389185748791,-785.7219973800056,1.197893080832253
R0001,11,2026,18,13,72.22222222222221,9437.27893209947,524.2932740055262,-1255.0933754370053,-2351.844464895017,5502.549612929171,-2497.896107789624,0.7880381977336103
R0001,20,2020,19,4,21.052631578947366,-1449.0353731999985,-76.26501964210519,-288.28606840000066,-1551.184460399998,285.28310200000124,-739.1506183999991,-0.5223279749821185
R0001,20,2021,7,0,0.0,-709.2747851999975,-101.32496931428535,-183.50490399999944,-709.2747851999975,-138.8415556,-475.07798959999855,-0.7691545524321668
R0001,20,2022,14,0,0.0,-955.5004570000037,-68.2500326428574,-138.08256060000167,-955.5004570000037,-63.729418000002624,-385.39170120000017,-0.6993275821587234
R0001,20,2023,11,6,54.54545454545454,18.069374200007616,1.6426703818188741,-207.82035259999972,-443.8274313999973,462.63009780000357,-444.5719339999996,-0.09543943583619997
R0001,20,2024,15,9,60.0,809.5770255999962,53.97180170666641,-902.7021053999996,-1936.7613635999987,2306.031714599998,-2069.449873999998,0.17576880705500714
R0001,20,2025,17,13,76.47058823529412,13048.41759906002,767.5539764152953,-555.9842690000041,-902.0990315999989,6493.396134816008,-902.0990315999989,1.019310021051016
R0001,20,2026,18,13,72.22222222222221,7287.397285271953,404.8554047373307,-1378.6778453399893,-2714.3014508999986,5134.903747143995,-2854.9814690720013,0.6090868591908574
R0002,5,2020,19,7,36.84210526315789,-634.2680932999756,-33.382531226314505,-247.5812670999985,-788.1178905999768,412.9138255000071,-602.6285545999981,-0.22258640581153358
R0002,5,2021,7,0,0.0,-605.9748479999889,-86.56783542856985,-145.67332109999916,-605.9748479999889,-107.3526294999956,-412.87812299999496,-0.6625711466521398
R0002,5,2022,14,2,14.285714285714285,-499.0283889999846,-35.64488492857033,-109.3419151499984,-520.1311742499856,66.17604575000223,-298.49512529999447,-0.3584746682880221
R0002,5,2023,11,7,63.63636363636363,645.6353188000194,58.694119890910855,-162.78656314999898,-298.70351599999776,672.7638994500085,-307.00728349999554,0.23118222360023744
R0002,5,2024,15,11,73.33333333333333,2061.9244072000365,137.4616271466691,-831.6945564499983,-1474.1265908999812,2528.5600036500073,-1843.8756184999947,0.5311355794923618
R0002,5,2025,17,13,76.47058823529412,15264.546707001089,897.9145121765347,-492.2050422499997,-708.1373078999932,7135.051219704037,-708.1373078999932,1.2850991481588965
R0002,5,2026,18,13,72.22222222222221,11300.810916579132,627.8228286988407,-1172.703728834982,-2110.206474224964,5747.6468567860065,-2259.8392002679757,0.9465715019032839
R0002,11,2020,19,6,31.57894736842105,-960.1750052600328,-50.5355265926333,-263.86318762000155,-1086.5219032200293,361.86153609999013,-657.2373801200065,-0.3424830334797851
R0002,11,2021,7,0,0.0,-715.432185600017,-102.20459794285956,-160.80378642000323,-715.432185600017,-152.82786490000763,-461.7057906000082,-0.7827037841234133
R0002,11,2022,14,2,14.285714285714285,-661.5770158000141,-47.25550112857244,-120.83817333000115,-671.4714233500144,34.25406064999879,-333.25375566000366,-0.4783245563511304
R0002,11,2023,11,7,63.63636363636363,414.64914135998515,37.695376487271375,-180.8000789300022,-352.9779752000013,588.7103787899941,-362.0331437000041,0.11155495365504885
R0002,11,2024,15,10,66.66666666666666,1625.1140958399483,108.34093972266322,-856.870384190006,-1659.1804999800224,2439.5486880299904,-1934.1053207000114,0.4116331647546882
R0002,11,2025,17,13,76.47058823529412,14249.820415402159,838.2247303177741,-517.7167329500044,-785.7219973800056,6878.389185748791,-785.7219973800056,1.1660246749378844
R0002,11,2026,18,13,72.22222222222221,9867.814522873668,548.211917937426,-1255.0933754370053,-2351.844464895017,5502.549612929171,-2497.896107789624,0.8272941372246654
R0002,20,2020,19,4,21.052631578947366,-1449.0353731999985,-76.26501964210519,-288.28606840000066,-1551.184460399998,285.28310200000124,-739.1506183999991,-0.5223279749821185
R0002,20,2021,7,0,0.0,-879.6181919999981,-125.65974171428545,-183.50490399999944,-879.6181919999981,-221.04071799999838,-534.9472920000007,-0.9629027403302567
R0002,20,2022,14,1,7.142857142857142,-905.3999560000029,-64.67142542857164,-138.08256060000167,-905.3999560000029,-13.62891700000182,-385.39170120000017,-0.6580993884457537
R0002,20,2023,11,7,63.63636363636363,68.16987520000478,6.197261381818617,-207.82035259999972,-434.38966399999845,462.63009780000357,-444.5719339999996,-0.06788595126269881
R0002,20,2024,15,10,66.66666666666666,969.898628799998,64.65990858666653,-902.7021053999996,-1936.7613635999987,2306.031714599998,-2069.449873999998,0.23237954264822816
R0002,20,2025,17,12,70.58823529411765,12727.730978004023,748.6900575296485,-555.9842690000041,-902.0990315999989,6493.396134816008,-902.0990315999989,0.9874129651063983
R0002,20,2026,18,13,72.22222222222221,7718.31993231595,428.79555179533054,-1378.6778453399893,-2714.3014508999986,5134.903747143995,-2854.9814690720013,0.648378090206777
R0010,5,2020,19,8,42.10526315789473,-624.262893199977,-32.85594174736721,-267.5916672999974,-778.1126904999783,412.9138255000071,-682.6701553999992,-0.21468475485705069
R0010,5,2021,7,0,0.0,-425.88124619999144,-60.84017802857021,-139.72672599999896,-425.88124619999144,-53.51993919999586,-312.92809699999634,-0.4607451852463697
R0010,5,2022,14,1,7.142857142857142,-609.0844895499849,-43.50603496785607,-109.3419151499984,-630.187274799986,-16.066009649995973,-298.49512529999447,-0.4490409129802541
R0010,5,2023,11,7,63.63636363636363,485.5537180000192,44.14124709091084,-162.78656314999898,-538.9014842499982,672.7638994500085,-434.3674138999995,0.14324346064834806
R0010,5,2024,15,11,73.33333333333333,3542.679214600037,236.17861430666915,-471.5109546499989,-471.5109546499989,2528.5600036500073,-749.2425952999947,0.937760132630335
R0010,5,2025,17,13,76.47058823529412,15624.730308801089,919.1017828706523,-202.0571407999996,-347.9537060999937,7135.051219704037,-347.9537060999937,1.3853357127949746
R0010,5,2026,18,12,66.66666666666666,8919.274691553139,495.51526064184105,-1172.703728834982,-2896.304491298957,5747.6468567860065,-2686.4765092559683,0.7156602858139197
R0010,11,2020,19,7,36.84210526315789,-950.1638050400361,-50.00862131789663,-285.5668168400043,-1076.5107030000327,361.86153609999013,-737.326981880009,-0.3345766439040409
R0010,11,2021,7,0,0.0,-535.2305816400149,-76.46151166285927,-157.2379972000017,-535.2305816400149,-99.67282624000836,-361.75573340000483,-0.5807567876583246
R0010,11,2022,14,1,7.142857142857142,-771.6991170100155,-55.12136550071539,-120.83817333000115,-781.5935245600158,-49.34334123000008,-333.25375566000366,-0.5689451136338833
R0010,11,2023,11,7,63.63636363636363,254.47153959998832,23.133776327271665,-180.8000789300022,-613.0969853500028,588.7103787899941,-489.1817505800027,0.02356345381383457
R0010,11,2024,15,11,73.33333333333333,3106.756912119956,207.11712747466373,-496.4707802300036,-496.4707802300036,2439.5486880299904,-829.2746696600043,0.8185015706981437
R0010,11,2025,17,13,76.47058823529412,14610.220019362157,859.4247070213033,-227.39482976000363,-425.32239342000685,6878.389185748791,-425.32239342000685,1.2663213514568026
R0010,11,2026,18,11,61.111111111111114,7484.850090216467,415.82500501202594,-1255.0933754370053,-3205.1138320578248,5502.549612929171,-2914.983909163224,0.5962444436443922
R0010,20,2020,19,5,26.31578947368421,-1439.0151727999946,-75.73764067368393,-316.49344879999626,-1541.164259999994,285.28310200000124,-819.3122215999956,-0.5144144774744787
R0010,20,2021,7,0,0.0,-699.2545847999954,-99.89351211428506,-183.50490399999944,-699.2545847999954,-168.90215679999892,-434.99718799999755,-0.7607741912761964
R0010,20,2022,14,0,0.0,-1015.6210582000022,-72.54436130000015,-138.08256060000167,-1015.6210582000022,-99.25933860000077,-385.39170120000017,-0.7488014146142848
R0010,20,2023,11,7,63.63636363636363,-92.15172799999343,-8.37742981818122,-207.82035259999972,-724.3902369999996,462.63009780000357,-571.4032556000002,-0.15595655643790327
R0010,20,2024,15,10,66.66666666666666,2452.8734583999976,163.5248972266665,-533.9105186000015,-694.2689387999999,2306.031714599998,-949.3227812000005,0.639613727799901
R0010,20,2025,17,12,70.58823529411765,13088.454585204021,769.9090932472953,-265.401363200006,-541.3754244000011,6493.396134816008,-541.3754244000011,1.0877998094495764
R0010,20,2026,18,11,61.111111111111114,5333.2131882119575,296.289621567331,-1378.6778453399893,-3668.327843195999,5134.903747143995,-3257.7450090239945,0.41712068039014244
R0011,5,2020,19,8,42.10526315789473,-564.2316925999748,-29.696404873682887,-267.5916672999974,-718.0814898999761,412.9138255000071,-622.638954799997,-0.1961862954092502
R0011,5,2021,7,1,14.285714285714285,-435.88644629999,-62.269492328569996,-139.72672599999896,-435.88644629999,-23.504338899996583,-352.94889739999417,-0.469113000951504
R0011,5,2022,14,2,14.285714285714285,-549.0538892499844,-39.21813494642746,-109.3419151499984,-570.1566744999855,16.150545500002412,-298.49512529999447,-0.3996411431481273
R0011,5,2023,11,8,72.72727272727273,645.6353188000194,58.694119890910855,-162.78656314999898,-418.764716599997,672.7638994500085,-418.764716599997,0.231282618543085
R0011,5,2024,15,11,73.33333333333333,2402.097808900038,160.13985392666922,-831.6945564499983,-1474.1265908999812,2528.5600036500073,-1843.8756184999947,0.6375325680374014
R0011,5,2025,17,13,76.47058823529412,15654.788958615092,920.8699387420643,-492.2050422499997,-638.1016075499938,7135.051219704037,-638.1016075499938,1.3360656098407013
R0011,5,2026,18,13,72.22222222222221,10870.533363318136,603.9185201843409,-1172.703728834982,-2110.206474224964,5747.6468567860065,-2259.8392002679757,0.907339090095472
R0011,11,2020,19,7,36.84210526315789,-890.0966037200342,-46.84718966947548,-283.8855880600022,-1016.4435016800307,361.86153609999013,-677.2597805600071,-0.3160670909273362
R0011,11,2021,7,1,14.285714285714285,-545.241781860017,-77.89168312285958,-157.2379972000017,-545.241781860017,-69.63922558000922,-401.8005342800061,-0.5891296215437957
R0011,11,2022,14,2,14.285714285714285,-711.6325163500132,-50.830894025000944,-120.83817333000115,-721.5269239000136,-15.801439900000336,-333.25375566000366,-0.5195157187523806
R0011,11,2023,11,8,72.72727272727273,414.64914135998697,37.695376487271545,-180.8000789300022,-473.11117652000394,588.7103787899941,-473.11117652000394,0.11165540880475938
R0011,11,2024,15,10,66.66666666666666,1965.4914995799481,131.03276663866322,-856.870384190006,-1659.1804999800224,2439.5486880299904,-1934.1053207000114,0.5180939595897093
R0011,11,2025,17,13,76.47058823529412,14640.296695352958,861.1939232560563,-517.7167329500044,-715.6442966100076,6878.389185748791,-715.6442966100076,1.2170217012144007
R0011,11,2026,18,13,72.22222222222221,9437.27893209947,524.2932740055262,-1255.0933754370053,-2351.844464895017,5502.549612929171,-2497.896107789624,0.7880381977336103
R0011,20,2020,19,5,26.31578947368421,-1378.8939703999968,-72.57336686315773,-308.32646919999934,-1481.0430575999962,285.28310200000124,-759.1910191999978,-0.4958882842044189
R0011,20,2021,7,0,0.0,-709.2747851999975,-101.32496931428535,-183.50490399999944,-709.2747851999975,-138.8415556,-475.07798959999855,-0.7691545524321668
R0011,20,2022,14,0,0.0,-955.5004570000037,-68.2500326428574,-138.08256060000167,-955.5004570000037,-63.729418000002624,-385.39170120000017,-0.6993275821587234
R0011,20,2023,11,7,63.63636363636363,68.16987520000842,6.197261381818947,-207.82035259999972,-564.0686337999978,462.63009780000357,-554.6308663999989,-0.06778540580269353
R0011,20,2024,15,10,66.66666666666666,1310.582035599997,87.37213570666647,-902.7021053999996,-1936.7613635999987,2306.031714599998,-2069.449873999998,0.3389360469182218
R0011,20,2025,17,13,76.47058823529412,13118.55830046002,771.67990002706,-555.9842690000041,-831.9583301999992,6493.396134816008,-831.9583301999992,1.0384558382749822
R0011,20,2026,18,13,72.22222222222221,7287.397285271953,404.8554047373307,-1378.6778453399893,-2714.3014508999986,5134.903747143995,-2854.9814690720013,0.6090868591908574
R0012,5,2020,19,8,42.10526315789473,-564.2316925999748,-29.696404873682887,-267.5916672999974,-718.0814898999761,412.9138255000071,-622.638954799997,-0.1961862954092502
R0012,5,2021,7,0,0.0,-605.9748479999889,-86.56783542856985,-145.67332109999916,-605.9748479999889,-107.3526294999956,-412.87812299999496,-0.6625711466521398
R0012,5,2022,14,2,14.285714285714285,-499.0283889999846,-35.64488492857033,-109.3419151499984,-520.1311742499856,66.17604575000223,-298.49512529999447,-0.3584746682880221
R0012,5,2023,11,8,72.72727272727273,695.6608190500192,63.241892640910834,-162.78656314999898,-418.764716599997,672.7638994500085,-418.764716599997,0.25879485538519015
R0012,5,2024,15,11,73.33333333333333,2562.1794097000347,170.81196064666898,-831.6945564499983,-1474.1265908999812,2528.5600036500073,-1843.8756184999947,0.694058557020451
R0012,5,2025,17,13,76.47058823529412,15334.582407351088,902.0342592559464,-492.2050422499997,-638.1016075499938,7135.051219704037,-638.1016075499938,1.3042163039798325
R0012,5,2026,18,13,72.22222222222221,11300.810916579132,627.8228286988407,-1172.703728834982,-2110.206474224964,5747.6468567860065,-2259.8392002679757,0.9465715019032839
R0012,11,2020,19,7,36.84210526315789,-890.0966037200342,-46.84718966947548,-283.8855880600022,-1016.4435016800307,361.86153609999013,-677.2597805600071,-0.3160670909273362
R0012,11,2021,7,0,0.0,-715.432185600017,-102.20459794285956,-160.80378642000323,-715.432185600017,-152.82786490000763,-461.7057906000082,-0.7827037841234133
R0012,11,2022,14,2,14.285714285714285,-661.5770158000141,-47.25550112857244,-120.83817333000115,-671.4714233500144,34.25406064999879,-333.25375566000366,-0.4783245563511304
R0012,11,2023,11,8,72.72727272727273,464.70464190998246,42.24587653727113,-180.8000789300022,-473.11117652000394,588.7103787899941,-473.11117652000394,0.13918414473942117
R0012,11,2024,15,11,73.33333333333333,2125.669101339947,141.7112734226631,-856.870384190006,-1659.1804999800224,2439.5486880299904,-1934.1053207000114,0.5746538472168276
R0012,11,2025,17,13,76.47058823529412,14319.898116172157,842.3469480101269,-517.7167329500044,-715.6442966100076,6878.389185748791,-715.6442966100076,1.185153295320032
R0012,11,2026,18,13,72.22222222222221,9867.814522873668,548.211917937426,-1255.0933754370053,-2351.844464895017,5502.549612929171,-2497.896107789624,0.8272941372246654
R0012,20,2020,19,5,26.31578947368421,-1378.8939703999968,-72.57336686315773,-308.32646919999934,-1481.0430575999962,285.28310200000124,-759.1910191999978,-0.4958882842044189
R0012,20,2021,7,0,0.0,-879.6181919999981,-125.65974171428545,-183.50490399999944,-879.6181919999981,-221.04071799999838,-534.9472920000007,-0.9629027403302567
R0012,20,2022,14,1,7.142857142857142,-905.3999560000029,-64.67142542857164,-138.08256060000167,-905.3999560000029,-13.62891700000182,-385.39170120000017,-0.6580993884457537
R0012,20,2023,11,8,72.72727272727273,118.27037620000559,10.75185238181869,-207.82035259999972,-554.6308663999989,462.63009780000357,-554.6308663999989,-0.04023192122919241
R0012,20,2024,15,11,73.33333333333333,1470.9036387999988,98.06024258666659,-902.7021053999996,-1936.7613635999987,2306.031714599998,-2069.449873999998,0.3955467825114428
R0012,20,2025,17,12,70.58823529411765,12797.871679404023,752.8159811414131,-555.9842690000041,-831.9583301999992,6493.396134816008,-831.9583301999992,1.0065587823303643
R0012,20,2026,18,13,72.22222222222221,7718.31993231595,428.79555179533054,-1378.6778453399893,-2714.3014508999986,5134.903747143995,-2854.9814690720013,0.648378090206777
R0020,5,2020,19,8,42.10526315789473,-624.262893199977,-32.85594174736721,-267.5916672999974,-778.1126904999783,412.9138255000071,-682.6701553999992,-0.21468475485705069
R0020,5,2021,7,0,0.0,-425.88124619999144,-60.84017802857021,-139.72672599999896,-425.88124619999144,-53.51993919999586,-312.92809699999634,-0.4607451852463697
R0020,5,2022,14,1,7.142857142857142,-609.0844895499849,-43.50603496785607,-109.3419151499984,-630.187274799986,-16.066009649995973,-298.49512529999447,-0.4490409129802541
R0020,5,2023,11,7,63.63636363636363,385.50271750001957,35.04570159091087,-162.78656314999898,-538.9014842499982,672.7638994500085,-434.3674138999995,0.08136900146467481
R0020,5,2024,15,11,73.33333333333333,3542.679214600037,236.17861430666915,-471.5109546499989,-471.5109546499989,2528.5600036500073,-749.2425952999947,0.937760132630335
R0020,5,2025,17,13,76.47058823529412,15624.730308801089,919.1017828706523,-202.0571407999996,-347.9537060999937,7135.051219704037,-347.9537060999937,1.3853357127949746
R0020,5,2026,18,12,66.66666666666666,8919.274691553139,495.51526064184105,-1172.703728834982,-2896.304491298957,5747.6468567860065,-2686.4765092559683,0.7156602858139197
R0020,11,2020,19,7,36.84210526315789,-950.1638050400361,-50.00862131789663,-285.5668168400043,-1076.5107030000327,361.86153609999013,-737.326981880009,-0.3345766439040409
R0020,11,2021,7,0,0.0,-535.2305816400149,-76.46151166285927,-157.2379972000017,-535.2305816400149,-99.67282624000836,-361.75573340000483,-0.5807567876583246
R0020,11,2022,14,1,7.142857142857142,-771.6991170100155,-55.12136550071539,-120.83817333000115,-781.5935245600158,-49.34334123000008,-333.25375566000366,-0.5689451136338833
R0020,11,2023,11,7,63.63636363636363,154.36053849999007,14.032776227271825,-180.8000789300022,-613.0969853500028,588.7103787899941,-489.1817505800027,-0.038348111492286834
R0020,11,2024,15,11,73.33333333333333,3106.756912119956,207.11712747466373,-496.4707802300036,-496.4707802300036,2439.5486880299904,-829.2746696600043,0.8185015706981437
R0020,11,2025,17,13,76.47058823529412,14610.220019362157,859.4247070213033,-227.39482976000363,-425.32239342000685,6878.389185748791,-425.32239342000685,1.2663213514568026
R0020,11,2026,18,11,61.111111111111114,7484.850090216467,415.82500501202594,-1255.0933754370053,-3205.1138320578248,5502.549612929171,-2914.983909163224,0.5962444436443922
R0020,20,2020,19,5,26.31578947368421,-1439.0151727999946,-75.73764067368393,-316.49344879999626,-1541.164259999994,285.28310200000124,-819.3122215999956,-0.5144144774744787
R0020,20,2021,7,0,0.0,-699.2545847999954,-99.89351211428506,-183.50490399999944,-699.2545847999954,-168.90215679999892,-434.99718799999755,-0.7607741912761964
R0020,20,2022,14,0,0.0,-1015.6210582000022,-72.54436130000015,-138.08256060000167,-1015.6210582000022,-99.25933860000077,-385.39170120000017,-0.7488014146142848
R0020,20,2023,11,6,54.54545454545454,-192.352729999995,-17.486611818181363,-207.82035259999972,-724.3902369999996,462.63009780000357,-571.4032556000002,-0.21792378092770015
R0020,20,2024,15,10,66.66666666666666,2452.8734583999976,163.5248972266665,-533.9105186000015,-694.2689387999999,2306.031714599998,-949.3227812000005,0.639613727799901
R0020,20,2025,17,12,70.58823529411765,13088.454585204021,769.9090932472953,-265.401363200006,-541.3754244000011,6493.396134816008,-541.3754244000011,1.0877998094495764
R0020,20,2026,18,11,61.111111111111114,5333.2131882119575,296.289621567331,-1378.6778453399893,-3668.327843195999,5134.903747143995,-3257.7450090239945,0.41712068039014244
R0021,5,2020,19,8,42.10526315789473,-564.2316925999748,-29.696404873682887,-267.5916672999974,-718.0814898999761,412.9138255000071,-622.638954799997,-0.1961862954092502
R0021,5,2021,7,1,14.285714285714285,-435.88644629999,-62.269492328569996,-139.72672599999896,-435.88644629999,-23.504338899996583,-352.94889739999417,-0.469113000951504
R0021,5,2022,14,2,14.285714285714285,-549.0538892499844,-39.21813494642746,-109.3419151499984,-570.1566744999855,16.150545500002412,-298.49512529999447,-0.3996411431481273
R0021,5,2023,11,8,72.72727272727273,545.5843183000197,49.59857439091088,-162.78656314999898,-418.764716599997,672.7638994500085,-418.764716599997,0.16940815935941173
R0021,5,2024,15,11,73.33333333333333,2402.097808900038,160.13985392666922,-831.6945564499983,-1474.1265908999812,2528.5600036500073,-1843.8756184999947,0.6375325680374014
R0021,5,2025,17,13,76.47058823529412,15654.788958615092,920.8699387420643,-492.2050422499997,-638.1016075499938,7135.051219704037,-638.1016075499938,1.3360656098407013
R0021,5,2026,18,13,72.22222222222221,10870.533363318136,603.9185201843409,-1172.703728834982,-2110.206474224964,5747.6468567860065,-2259.8392002679757,0.907339090095472
R0021,11,2020,19,7,36.84210526315789,-890.0966037200342,-46.84718966947548,-283.8855880600022,-1016.4435016800307,361.86153609999013,-677.2597805600071,-0.3160670909273362
R0021,11,2021,7,1,14.285714285714285,-545.241781860017,-77.89168312285958,-157.2379972000017,-545.241781860017,-69.63922558000922,-401.8005342800061,-0.5891296215437957
R0021,11,2022,14,2,14.285714285714285,-711.6325163500132,-50.830894025000944,-120.83817333000115,-721.5269239000136,-15.801439900000336,-333.25375566000366,-0.5195157187523806
R0021,11,2023,11,8,72.72727272727273,314.5381402599887,28.5943763872717,-180.8000789300022,-473.11117652000394,588.7103787899941,-473.11117652000394,0.049743843498638
R0021,11,2024,15,10,66.66666666666666,1965.4914995799481,131.03276663866322,-856.870384190006,-1659.1804999800224,2439.5486880299904,-1934.1053207000114,0.5180939595897093
R0021,11,2025,17,13,76.47058823529412,14640.296695352958,861.1939232560563,-517.7167329500044,-715.6442966100076,6878.389185748791,-715.6442966100076,1.2170217012144007
R0021,11,2026,18,13,72.22222222222221,9437.27893209947,524.2932740055262,-1255.0933754370053,-2351.844464895017,5502.549612929171,-2497.896107789624,0.7880381977336103
R0021,20,2020,19,5,26.31578947368421,-1378.8939703999968,-72.57336686315773,-308.32646919999934,-1481.0430575999962,285.28310200000124,-759.1910191999978,-0.4958882842044189
R0021,20,2021,7,0,0.0,-709.2747851999975,-101.32496931428535,-183.50490399999944,-709.2747851999975,-138.8415556,-475.07798959999855,-0.7691545524321668
R0021,20,2022,14,0,0.0,-955.5004570000037,-68.2500326428574,-138.08256060000167,-955.5004570000037,-63.729418000002624,-385.39170120000017,-0.6993275821587234
R0021,20,2023,11,6,54.54545454545454,-32.03112679999319,-2.911920618181199,-207.82035259999972,-564.0686337999978,462.63009780000357,-554.6308663999989,-0.12975263029249046
R0021,20,2024,15,10,66.66666666666666,1310.582035599997,87.37213570666647,-902.7021053999996,-1936.7613635999987,2306.031714599998,-2069.449873999998,0.3389360469182218
R0021,20,2025,17,13,76.47058823529412,13118.55830046002,771.67990002706,-555.9842690000041,-831.9583301999992,6493.396134816008,-831.9583301999992,1.0384558382749822
R0021,20,2026,18,13,72.22222222222221,7287.397285271953,404.8554047373307,-1378.6778453399893,-2714.3014508999986,5134.903747143995,-2854.9814690720013,0.6090868591908574
R0022,5,2020,19,8,42.10526315789473,-564.2316925999748,-29.696404873682887,-267.5916672999974,-718.0814898999761,412.9138255000071,-622.638954799997,-0.1961862954092502
R0022,5,2021,7,0,0.0,-605.9748479999889,-86.56783542856985,-145.67332109999916,-605.9748479999889,-107.3526294999956,-412.87812299999496,-0.6625711466521398
R0022,5,2022,14,2,14.285714285714285,-499.0283889999846,-35.64488492857033,-109.3419151499984,-520.1311742499856,66.17604575000223,-298.49512529999447,-0.3584746682880221
R0022,5,2023,11,8,72.72727272727273,595.6098185500196,54.14634714091087,-162.78656314999898,-418.764716599997,672.7638994500085,-418.764716599997,0.19692039620151694
R0022,5,2024,15,11,73.33333333333333,2562.1794097000347,170.81196064666898,-831.6945564499983,-1474.1265908999812,2528.5600036500073,-1843.8756184999947,0.694058557020451
R0022,5,2025,17,13,76.47058823529412,15334.582407351088,902.0342592559464,-492.2050422499997,-638.1016075499938,7135.051219704037,-638.1016075499938,1.3042163039798325
R0022,5,2026,18,13,72.22222222222221,11300.810916579132,627.8228286988407,-1172.703728834982,-2110.206474224964,5747.6468567860065,-2259.8392002679757,0.9465715019032839
R0022,11,2020,19,7,36.84210526315789,-890.0966037200342,-46.84718966947548,-283.8855880600022,-1016.4435016800307,361.86153609999013,-677.2597805600071,-0.3160670909273362
R0022,11,2021,7,0,0.0,-715.432185600017,-102.20459794285956,-160.80378642000323,-715.432185600017,-152.82786490000763,-461.7057906000082,-0.7827037841234133
R0022,11,2022,14,2,14.285714285714285,-661.5770158000141,-47.25550112857244,-120.83817333000115,-671.4714233500144,34.25406064999879,-333.25375566000366,-0.4783245563511304
R0022,11,2023,11,8,72.72727272727273,364.5936408099842,33.14487643727129,-180.8000789300022,-473.11117652000394,588.7103787899941,-473.11117652000394,0.07727257943329979
R0022,11,2024,15,11,73.33333333333333,2125.669101339947,141.7112734226631,-856.870384190006,-1659.1804999800224,2439.5486880299904,-1934.1053207000114,0.5746538472168276
R0022,11,2025,17,13,76.47058823529412,14319.898116172157,842.3469480101269,-517.7167329500044,-715.6442966100076,6878.389185748791,-715.6442966100076,1.185153295320032
R0022,11,2026,18,13,72.22222222222221,9867.814522873668,548.211917937426,-1255.0933754370053,-2351.844464895017,5502.549612929171,-2497.896107789624,0.8272941372246654
R0022,20,2020,19,5,26.31578947368421,-1378.8939703999968,-72.57336686315773,-308.32646919999934,-1481.0430575999962,285.28310200000124,-759.1910191999978,-0.4958882842044189
R0022,20,2021,7,0,0.0,-879.6181919999981,-125.65974171428545,-183.50490399999944,-879.6181919999981,-221.04071799999838,-534.9472920000007,-0.9629027403302567
R0022,20,2022,14,1,7.142857142857142,-905.3999560000029,-64.67142542857164,-138.08256060000167,-905.3999560000029,-13.62891700000182,-385.39170120000017,-0.6580993884457537
R0022,20,2023,11,7,63.63636363636363,18.069374200003978,1.6426703818185435,-207.82035259999972,-554.6308663999989,462.63009780000357,-554.6308663999989,-0.10219914571898929
R0022,20,2024,15,11,73.33333333333333,1470.9036387999988,98.06024258666659,-902.7021053999996,-1936.7613635999987,2306.031714599998,-2069.449873999998,0.3955467825114428
R0022,20,2025,17,12,70.58823529411765,12797.871679404023,752.8159811414131,-555.9842690000041,-831.9583301999992,6493.396134816008,-831.9583301999992,1.0065587823303643
R0022,20,2026,18,13,72.22222222222221,7718.31993231595,428.79555179533054,-1378.6778453399893,-2714.3014508999986,5134.903747143995,-2854.9814690720013,0.648378090206777
R0100,5,2020,19,8,42.10526315789473,-294.0912898999759,-15.478488942103994,-264.9490622000012,-709.5468444999915,783.1674142000065,-711.0849508999981,-0.10204757208122583
R0100,5,2021,7,0,0.0,-435.8864462999918,-62.26949232857026,-159.48521099999925,-435.8864462999918,-30.212724199996956,-386.66921249999723,-0.47518840431674747
R0100,5,2022,14,1,7.142857142857142,-819.1915905999867,-58.513685042856196,-219.39801569999872,-819.1915905999867,121.1175060500027,-508.0069868499959,-0.6113543446582916
R0100,5,2023,11,7,63.63636363636363,665.6455189000208,60.51322899091098,-162.78656314999898,-238.7484827499975,672.7638994500085,-322.6099807999981,0.2632240805775139
R0100,5,2024,15,11,73.33333333333333,2902.3528114000364,193.4901874266691,-561.232562549998,-562.7874222999999,2578.585503900009,-1119.431297149993,0.7460212403592713
R0100,5,2025,17,13,76.47058823529412,18386.606640843096,1081.5650965201821,-693.4468557499968,-1048.3107095999912,8558.56952798403,-1048.3107095999912,1.510531338286215
R0100,5,2026,18,13,72.22222222222221,11991.25629274211,666.1809051523394,-877.7715842519974,-995.925999116982,6469.202560995007,-2023.330309411991,0.9666190719702065
R0100,11,2020,19,8,42.10526315789473,-619.7941977800347,-32.620747251580774,-285.5668168400043,-904.6854646800275,732.3731112399946,-764.824251980006,-0.221871912592818
R0100,11,2021,7,0,0.0,-545.2417818600097,-77.89168312285854,-173.9140241999994,-545.2417818600097,-74.56535280000571,-434.7712275000031,-0.5952086683293383
R0100,11,2022,14,1,7.142857142857142,-981.9322193200132,-70.13801566571523,-230.96027454000068,-981.9322193200132,86.20903330999317,-542.567811070001,-0.73135588470123
R0100,11,2023,11,7,63.63636363636363,434.67134157998953,39.515576507271774,-180.8000789300022,-312.7639820500008,588.7103787899941,-378.10371776000284,0.1436160261387598
R0100,11,2024,15,10,66.66666666666666,2466.0465050799576,164.40310033866385,-593.8824776100046,-628.2311290600046,2489.604188579993,-1199.685373730008,0.626647692584639
R0100,11,2025,17,13,76.47058823529412,17373.752649054564,1021.9854499443861,-719.978322650004,-1126.0994011200055,8317.899827164787,-1126.0994011200055,1.3915920567834195
R0100,11,2026,18,12,66.66666666666666,10558.673959232277,586.5929977351266,-956.8080005544108,-1143.3992900574085,6215.209700588981,-2246.258933506426,0.8473537298223649
R0100,20,2020,19,8,42.10526315789473,-1108.3485595999991,-58.334134715789425,-316.49344879999626,-1318.3165175999984,656.1816568000013,-845.4332035999978,-0.4016084233601614
R0100,20,2021,7,0,0.0,-709.2747851999957,-101.3249693142851,-195.55724399999963,-709.2747851999957,-140.95209599999725,-506.9242499999982,-0.775239064348179
R0100,20,2022,14,1,7.142857142857142,-1226.043162400003,-87.5745116000002,-248.3036628000009,-1226.043162400003,33.846324199999785,-594.4090474000004,-0.911358194765602
R0100,20,2023,11,7,63.63636363636363,88.21007560000547,8.01909778181868,-207.82035259999972,-423.78723100000025,462.63009780000357,-461.3443232000009,-0.03579605551933959
R0100,20,2024,15,9,60.0,1811.5870456000011,120.77246970666674,-642.8573501999999,-884.6508425999964,2356.1322155999987,-1320.0664886000013,0.44758737092273476
R0100,20,2025,17,12,70.58823529411765,15854.47166137202,932.615980080707,-759.7755230000039,-1242.782438400005,7956.895275936011,-1242.782438400005,1.2131831345292579
R0100,20,2026,18,12,66.66666666666666,8409.800458967955,467.2111366093308,-1075.3626250080051,-1364.6092264680049,5834.22040998,-2580.6518696480125,0.6684557166006386
R0101,5,2020,19,8,42.10526315789473,-234.0600892999737,-12.318952068419668,-247.5812670999985,-649.5156438999893,783.1674142000065,-651.053750299996,-0.0835491126334253
R0101,5,2021,7,1,14.285714285714285,-445.89164639999035,-63.69880662857005,-159.48521099999925,-445.89164639999035,-0.19712389999767765,-426.69001289999505,-0.4835562200218818
R0101,5,2022,14,2,14.285714285714285,-759.1609902999862,-54.22578502142759,-219.39801569999872,-759.1609902999862,143.4703261500017,-508.0069868499959,-0.5619545748261648
R0101,5,2023,11,8,72.72727272727273,825.7271197000209,75.06610179091099,-162.78656314999898,-162.78656314999898,672.7638994500085,-233.85609564999686,0.3512632384722508
R0101,5,2024,15,11,73.33333333333333,1761.7714057000376,117.45142704666917,-831.6945564499983,-1664.2234918499853,2578.585503900009,-2214.064320349993,0.44579367576633777
R0101,5,2025,17,13,76.47058823529412,18416.6652906571,1083.3332523915942,-693.4468557499968,-1338.4586110499913,8558.56952798403,-1338.4586110499913,1.4612612353319419
R0101,5,2026,18,14,77.77777777777779,13942.514964507107,774.5841646948393,-877.7715842519974,-877.7715842519974,6469.202560995007,-1447.0602743809868,1.1582978762517588
R0101,11,2020,19,8,42.10526315789473,-559.7269964600328,-29.45931560315962,-263.86318762000155,-844.6182633600256,732.3731112399946,-704.7570506600041,-0.20336235961611335
R0101,11,2021,7,1,14.285714285714285,-555.2529820800119,-79.32185458285883,-173.9140241999994,-555.2529820800119,-44.531752140006574,-474.81602838000435,-0.6035815022148093
R0101,11,2022,14,2,14.285714285714285,-921.865618660011,-65.84754419000079,-230.96027454000068,-921.865618660011,109.96515752999585,-542.567811070001,-0.681926489819727
R0101,11,2023,11,8,72.72727272727273,594.8489433399882,54.07717666727165,-180.8000789300022,-180.8000789300022,588.7103787899941,-286.380570430003,0.23170798112968463
R0101,11,2024,15,9,60.0,1324.78109253995,88.31873950266332,-856.870384190006,-1849.391402070025,2489.604188579993,-2304.516024770015,0.32624008147620476
R0101,11,2025,17,13,76.47058823529412,17403.829325045364,1023.7546661791391,-719.978322650004,-1416.4213043100062,8317.899827164787,-1416.4213043100062,1.3422924065410176
R0101,11,2026,18,14,77.77777777777779,12511.102801115281,695.0612667286267,-956.8080005544108,-956.8080005544107,6215.209700588981,-1683.119489238219,1.039147483911583
R0101,20,2020,19,8,42.10526315789473,-1048.2273572000013,-55.16986090526323,-288.28606840000066,-1258.1953152000006,656.1816568000013,-785.3120011999999,-0.3830822300901016
R0101,20,2021,7,0,0.0,-719.2949855999977,-102.7564265142854,-195.55724399999963,-719.2949855999977,-110.89149479999833,-547.0050515999992,-0.7836194255041493
R0101,20,2022,14,1,7.142857142857142,-1165.9225612000046,-83.28018294285746,-248.3036628000009,-1165.9225612000046,59.70740459999796,-594.4090474000004,-0.8618843623100405
R0101,20,2023,11,7,63.63636363636363,248.5316788000073,22.593788981818847,-207.82035259999972,-263.4656277999984,462.63009780000357,-365.16728259999945,0.05237509511587015
R0101,20,2024,15,9,60.0,669.2956228000005,44.6197081866667,-902.7021053999996,-2127.1432673999952,2356.1322155999987,-2440.193581399999,0.14690969004105553
R0101,20,2025,17,13,76.47058823529412,15884.575376628018,934.3867868604716,-759.7755230000039,-1533.3653442000032,7956.895275936011,-1533.3653442000032,1.1638391633546632
R0101,20,2026,18,14,77.77777777777779,10363.98455602795,575.7769197793306,-1075.3626250080051,-1075.3626250080051,5834.22040998,-2037.2083115240166,0.8604218954013535
R0102,5,2020,19,8,42.10526315789473,-234.0600892999737,-12.318952068419668,-247.5812670999985,-649.5156438999893,783.1674142000065,-651.053750299996,-0.0835491126334253
R0102,5,2021,7,0,0.0,-615.9800480999893,-87.9971497285699,-159.48521099999925,-615.9800480999893,-43.61671409999508,-444.8852580999974,-0.6770143657225176
R0102,5,2022,14,2,14.285714285714285,-709.1354900499864,-50.652535003570456,-219.39801569999872,-709.1354900499864,193.49582640000153,-508.0069868499959,-0.5207880999660597
R0102,5,2023,11,8,72.72727272727273,875.7526199500207,79.61387454091097,-162.78656314999898,-162.78656314999898,672.7638994500085,-233.85609564999686,0.378775475314356
R0102,5,2024,15,11,73.33333333333333,1921.853006500034,128.12353376666894,-831.6945564499983,-1664.2234918499853,2578.585503900009,-2214.064320349993,0.5023196647493874
R0102,5,2025,17,13,76.47058823529412,18096.458739393096,1064.4975729054763,-693.4468557499968,-1338.4586110499913,8558.56952798403,-1338.4586110499913,1.429411929471073
R0102,5,2026,18,14,77.77777777777779,14372.792517768103,798.4884732093391,-877.7715842519974,-877.7715842519974,6469.202560995007,-1447.0602743809868,1.1975302880595704
R0102,11,2020,19,8,42.10526315789473,-559.7269964600328,-29.45931560315962,-263.86318762000155,-844.6182633600256,732.3731112399946,-704.7570506600041,-0.20336235961611335
R0102,11,2021,7,0,0.0,-725.4433858200118,-103.63476940285884,-173.9140241999994,-725.4433858200118,-89.82357102000424,-491.95580782000434,-0.797155664794427
R0102,11,2022,14,2,14.285714285714285,-871.8101181100119,-62.27215129357228,-230.96027454000068,-871.8101181100119,160.02065807999497,-542.567811070001,-0.6407353274184769
R0102,11,2023,11,8,72.72727272727273,644.9044438899837,58.62767671727124,-180.8000789300022,-180.8000789300022,588.7103787899941,-286.380570430003,0.25923671706434637
R0102,11,2024,15,10,66.66666666666666,1484.9586942999485,98.99724628666324,-856.870384190006,-1849.391402070025,2489.604188579993,-2304.516024770015,0.3827999691033229
R0102,11,2025,17,13,76.47058823529412,17083.430745864564,1004.9076909332097,-719.978322650004,-1416.4213043100062,8317.899827164787,-1416.4213043100062,1.310424000646649
R0102,11,2026,18,14,77.77777777777779,12941.638391889479,718.9799106605266,-956.8080005544108,-956.8080005544107,6215.209700588981,-1683.119489238219,1.078403423402638
R0102,20,2020,19,8,42.10526315789473,-1048.2273572000013,-55.16986090526323,-288.28606840000066,-1258.1953152000006,656.1816568000013,-785.3120011999999,-0.3830822300901016
R0102,20,2021,7,0,0.0,-889.6383923999983,-127.09119891428547,-195.55724399999963,-889.6383923999983,-159.13385639999797,-562.5616324000002,-0.9773676134022392
R0102,20,2022,14,2,14.285714285714285,-1115.8220602000038,-79.7015757285717,-248.3036628000009,-1115.8220602000038,109.80790559999876,-594.4090474000004,-0.8206561685970708
R0102,20,2023,11,8,72.72727272727273,298.63217980000445,27.148379981818586,-207.82035259999972,-254.02786039999955,462.63009780000357,-365.16728259999945,0.07992857968937131
R0102,20,2024,15,10,66.66666666666666,829.6172260000023,55.30781506666683,-902.7021053999996,-2127.1432673999952,2356.1322155999987,-2440.193581399999,0.20352042563427652
R0102,20,2025,17,12,70.58823529411765,15563.888755572021,915.5228679748247,-759.7755230000039,-1533.3653442000032,7956.895275936011,-1533.3653442000032,1.1319421074100455
R0102,20,2026,18,14,77.77777777777779,10794.907203071947,599.7170668373304,-1075.3626250080051,-1075.3626250080051,5834.22040998,-2037.2083115240166,0.8997131264172731
R0110,5,2020,19,9,47.368421052631575,-224.05488919997515,-11.792362589472376,-267.5916672999974,-709.5468444999915,783.1674142000065,-731.0953510999971,-0.07564746167894243
R0110,5,2021,7,0,0.0,-435.8864462999918,-62.26949232857026,-159.48521099999925,-435.8864462999918,-30.212724199996956,-386.66921249999723,-0.47518840431674747
R0110,5,2022,14,1,7.142857142857142,-819.1915905999867,-58.513685042856196,-219.39801569999872,-819.1915905999867,121.1175060500027,-508.0069868499959,-0.6113543446582916
R0110,5,2023,11,8,72.72727272727273,715.6710191500206,65.06100174091097,-162.78656314999898,-358.8096833499967,672.7638994500085,-434.3674138999995,0.2908367123624665
R0110,5,2024,15,11,73.33333333333333,3402.6078139000347,226.84052092666897,-561.232562549998,-562.7874222999999,2578.585503900009,-1119.431297149993,0.9089442178873608
R0110,5,2025,17,13,76.47058823529412,18456.642341193095,1085.684843599594,-693.4468557499968,-978.2750092499919,8558.56952798403,-978.2750092499919,1.5296484941071513
R0110,5,2026,18,13,72.22222222222221,11991.25629274211,666.1809051523394,-877.7715842519974,-995.925999116982,6469.202560995007,-2023.330309411991,0.9666190719702065
R0110,11,2020,19,9,47.368421052631575,-549.7157962400361,-28.93241032842295,-285.5668168400043,-834.6070631400289,732.3731112399946,-784.8466524200066,-0.19545597004036913
R0110,11,2021,7,0,0.0,-545.2417818600097,-77.89168312285854,-173.9140241999994,-545.2417818600097,-74.56535280000571,-434.7712275000031,-0.5952086683293383
R0110,11,2022,14,1,7.142857142857142,-981.9322193200132,-70.13801566571523,-230.96027454000068,-981.9322193200132,86.20903330999317,-542.567811070001,-0.73135588470123
R0110,11,2023,11,8,72.72727272727273,484.72684212998684,44.06607655727153,-180.8000789300022,-432.8971833700034,588.7103787899941,-489.1817505800027,0.17124521722313207
R0110,11,2024,15,11,73.33333333333333,2966.601510579956,197.77343403866374,-593.8824776100046,-628.2311290600046,2489.604188579993,-1199.685373730008,0.7896683750467782
R0110,11,2025,17,13,76.47058823529412,17443.830349824562,1026.107667636739,-719.978322650004,-1056.0217003500074,8317.899827164787,-1056.0217003500074,1.4107206771655674
R0110,11,2026,18,12,66.66666666666666,10558.673959232277,586.5929977351266,-956.8080005544108,-1143.3992900574085,6215.209700588981,-2246.258933506426,0.8473537298223649
R0110,20,2020,19,9,47.368421052631575,-1038.2071567999974,-54.64248193684197,-316.49344879999626,-1248.1751147999967,656.1816568000013,-865.4736043999965,-0.37516873258246186
R0110,20,2021,7,0,0.0,-709.2747851999957,-101.3249693142851,-195.55724399999963,-709.2747851999957,-140.95209599999725,-506.9242499999982,-0.775239064348179
R0110,20,2022,14,1,7.142857142857142,-1226.043162400003,-87.5745116000002,-248.3036628000009,-1226.043162400003,33.846324199999785,-594.4090474000004,-0.911358194765602
R0110,20,2023,11,8,72.72727272727273,138.31057660000627,12.573688781818753,-207.82035259999972,-544.0284334000007,462.63009780000357,-571.4032556000002,-0.008142025485833194
R0110,20,2024,15,10,66.66666666666666,2312.592055600002,154.1728037066668,-642.8573501999999,-884.6508425999964,2356.1322155999987,-1320.0664886000013,0.6107546107859494
R0110,20,2025,17,12,70.58823529411765,15924.612362772019,936.7419036924717,-759.7755230000039,-1172.6417370000054,7956.895275936011,-1172.6417370000054,1.2323289517532237
R0110,20,2026,18,12,66.66666666666666,8409.800458967955,467.2111366093308,-1075.3626250080051,-1364.6092264680049,5834.22040998,-2580.6518696480125,0.6684557166006386
R0111,5,2020,19,9,47.368421052631575,-164.02368859997296,-8.63282571578805,-267.5916672999974,-649.5156438999893,783.1674142000065,-671.0641504999949,-0.057149002231141915
R0111,5,2021,7,1,14.285714285714285,-445.89164639999035,-63.69880662857005,-159.48521099999925,-445.89164639999035,-0.19712389999767765,-426.69001289999505,-0.4835562200218818
R0111,5,2022,14,2,14.285714285714285,-759.1609902999862,-54.22578502142759,-219.39801569999872,-759.1609902999862,143.4703261500017,-508.0069868499959,-0.5619545748261648
R0111,5,2023,11,9,81.81818181818183,875.7526199500207,79.61387454091097,-162.78656314999898,-238.67291569999543,672.7638994500085,-274.28581309999936,0.37887587025720343
R0111,5,2024,15,11,73.33333333333333,2262.026408200036,150.80176054666904,-831.6945564499983,-1664.2234918499853,2578.585503900009,-2214.064320349993,0.608716653294427
R0111,5,2025,17,13,76.47058823529412,18486.7009910071,1087.4529994710058,-693.4468557499968,-1268.422910699992,8558.56952798403,-1268.422910699992,1.4803783911528778
R0111,5,2026,18,14,77.77777777777779,13942.514964507107,774.5841646948393,-877.7715842519974,-877.7715842519974,6469.202560995007,-1447.0602743809868,1.1582978762517588
R0111,11,2020,19,9,47.368421052631575,-489.64859492003416,-25.770978680001797,-283.8855880600022,-774.539861820027,732.3731112399946,-724.7794511000047,-0.17694641706366449
R0111,11,2021,7,1,14.285714285714285,-555.2529820800119,-79.32185458285883,-173.9140241999994,-555.2529820800119,-44.531752140006574,-474.81602838000435,-0.6035815022148093
R0111,11,2022,14,2,14.285714285714285,-921.865618660011,-65.84754419000079,-230.96027454000068,-921.865618660011,109.96515752999585,-542.567811070001,-0.681926489819727
R0111,11,2023,11,9,81.81818181818183,644.9044438899855,58.627676717271406,-180.8000789300022,-292.91137454000454,588.7103787899941,-329.00414882000405,0.25933717221405683
R0111,11,2024,15,10,66.66666666666666,1825.3360980399484,121.68907320266322,-856.870384190006,-1849.391402070025,2489.604188579993,-2304.516024770015,0.489260763938344
R0111,11,2025,17,13,76.47058823529412,17473.907025815362,1027.8768838714918,-719.978322650004,-1346.3436035400082,8317.899827164787,-1346.3436035400082,1.3614210269231655
R0111,11,2026,18,14,77.77777777777779,12511.102801115281,695.0612667286267,-956.8080005544108,-956.8080005544107,6215.209700588981,-1683.119489238219,1.039147483911583
R0111,20,2020,19,9,47.368421052631575,-978.0859543999995,-51.478208126315764,-308.32646919999934,-1188.0539123999988,656.1816568000013,-805.3524019999986,-0.3566425393124022
R0111,20,2021,7,0,0.0,-719.2949855999977,-102.7564265142854,-195.55724399999963,-719.2949855999977,-110.89149479999833,-547.0050515999992,-0.7836194255041493
R0111,20,2022,14,1,7.142857142857142,-1165.9225612000046,-83.28018294285746,-248.3036628000009,-1165.9225612000046,59.70740459999796,-594.4090474000004,-0.8618843623100405
R0111,20,2023,11,8,72.72727272727273,298.6321798000081,27.148379981818916,-207.82035259999972,-383.7068301999989,462.63009780000357,-411.0816523999983,0.08002912514937656
R0111,20,2024,15,10,66.66666666666666,1170.3006328000013,78.02004218666676,-902.7021053999996,-2127.1432673999952,2356.1322155999987,-2440.193581399999,0.3100769299042702
R0111,20,2025,17,13,76.47058823529412,15954.716078028017,938.5127104722363,-759.7755230000039,-1463.2246428000035,7956.895275936011,-1463.2246428000035,1.1829849805786292
R0111,20,2026,18,14,77.77777777777779,10363.98455602795,575.7769197793306,-1075.3626250080051,-1075.3626250080051,5834.22040998,-2037.2083115240166,0.8604218954013535
R0112,5,2020,19,9,47.368421052631575,-164.02368859997296,-8.63282571578805,-267.5916672999974,-649.5156438999893,783.1674142000065,-671.0641504999949,-0.057149002231141915
R0112,5,2021,7,0,0.0,-615.9800480999893,-87.9971497285699,-159.48521099999925,-615.9800480999893,-43.61671409999508,-444.8852580999974,-0.6770143657225176
R0112,5,2022,14,2,14.285714285714285,-709.1354900499864,-50.652535003570456,-219.39801569999872,-709.1354900499864,193.49582640000153,-508.0069868499959,-0.5207880999660597
R0112,5,2023,11,9,81.81818181818183,925.7781202000206,84.16164729091096,-162.78656314999898,-238.67291569999543,672.7638994500085,-238.67291569999543,0.4063881070993087
R0112,5,2024,15,11,73.33333333333333,2422.1080090000323,161.47386726666883,-831.6945564499983,-1664.2234918499853,2578.585503900009,-2214.064320349993,0.6652426422774766
R0112,5,2025,17,13,76.47058823529412,18166.494439743095,1068.617319984888,-693.4468557499968,-1268.422910699992,8558.56952798403,-1268.422910699992,1.448529085292009
R0112,5,2026,18,14,77.77777777777779,14372.792517768103,798.4884732093391,-877.7715842519974,-877.7715842519974,6469.202560995007,-1447.0602743809868,1.1975302880595704
R0112,11,2020,19,9,47.368421052631575,-489.64859492003416,-25.770978680001797,-283.8855880600022,-774.539861820027,732.3731112399946,-724.7794511000047,-0.17694641706366449
R0112,11,2021,7,0,0.0,-725.4433858200118,-103.63476940285884,-173.9140241999994,-725.4433858200118,-89.82357102000424,-491.95580782000434,-0.797155664794427
R0112,11,2022,14,2,14.285714285714285,-871.8101181100119,-62.27215129357228,-230.96027454000068,-871.8101181100119,160.02065807999497,-542.567811070001,-0.6407353274184769
R0112,11,2023,11,9,81.81818181818183,694.959944439981,63.178176767271,-180.8000789300022,-292.91137454000454,588.7103787899941,-292.91137454000454,0.28686590814871865
R0112,11,2024,15,11,73.33333333333333,1985.513699799947,132.36757998666315,-856.870384190006,-1849.391402070025,2489.604188579993,-2304.516024770015,0.5458206515654621
R0112,11,2025,17,13,76.47058823529412,17153.50844663456,1009.0299086255625,-719.978322650004,-1346.3436035400082,8317.899827164787,-1346.3436035400082,1.329552621028797
R0112,11,2026,18,14,77.77777777777779,12941.638391889479,718.9799106605266,-956.8080005544108,-956.8080005544107,6215.209700588981,-1683.119489238219,1.078403423402638
R0112,20,2020,19,9,47.368421052631575,-978.0859543999995,-51.478208126315764,-308.32646919999934,-1188.0539123999988,656.1816568000013,-805.3524019999986,-0.3566425393124022
R0112,20,2021,7,0,0.0,-889.6383923999983,-127.09119891428547,-195.55724399999963,-889.6383923999983,-159.13385639999797,-562.5616324000002,-0.9773676134022392
R0112,20,2022,14,2,14.285714285714285,-1115.8220602000038,-79.7015757285717,-248.3036628000009,-1115.8220602000038,109.80790559999876,-594.4090474000004,-0.8206561685970708
R0112,20,2023,11,9,81.81818181818183,348.73268080000526,31.70297098181866,-207.82035259999972,-374.26906280000003,462.63009780000357,-374.2690628,0.10758260972287773
R0112,20,2024,15,11,73.33333333333333,1330.622236000003,88.70814906666688,-902.7021053999996,-2127.1432673999952,2356.1322155999987,-2440.193581399999,0.3666876654974912
R0112,20,2025,17,12,70.58823529411765,15634.02945697202,919.6487915865895,-759.7755230000039,-1463.2246428000035,7956.895275936011,-1463.2246428000035,1.1510879246340116
R0112,20,2026,18,14,77.77777777777779,10794.907203071947,599.7170668373304,-1075.3626250080051,-1075.3626250080051,5834.22040998,-2037.2083115240166,0.8997131264172731
R0120,5,2020,19,9,47.368421052631575,-224.05488919997515,-11.792362589472376,-267.5916672999974,-709.5468444999915,783.1674142000065,-731.0953510999971,-0.07564746167894243
R0120,5,2021,7,0,0.0,-435.8864462999918,-62.26949232857026,-159.48521099999925,-435.8864462999918,-30.212724199996956,-386.66921249999723,-0.47518840431674747
R0120,5,2022,14,1,7.142857142857142,-819.1915905999867,-58.513685042856196,-219.39801569999872,-819.1915905999867,121.1175060500027,-508.0069868499959,-0.6113543446582916
R0120,5,2023,11,8,72.72727272727273,615.6200186500209,55.965456240910996,-162.78656314999898,-358.8096833499967,672.7638994500085,-434.3674138999995,0.22896225317879326
R0120,5,2024,15,11,73.33333333333333,3402.6078139000347,226.84052092666897,-561.232562549998,-562.7874222999999,2578.585503900009,-1119.431297149993,0.9089442178873608
R0120,5,2025,17,13,76.47058823529412,18456.642341193095,1085.684843599594,-693.4468557499968,-978.2750092499919,8558.56952798403,-978.2750092499919,1.5296484941071513
R0120,5,2026,18,13,72.22222222222221,11991.25629274211,666.1809051523394,-877.7715842519974,-995.925999116982,6469.202560995007,-2023.330309411991,0.9666190719702065
R0120,11,2020,19,9,47.368421052631575,-549.7157962400361,-28.93241032842295,-285.5668168400043,-834.6070631400289,732.3731112399946,-784.8466524200066,-0.19545597004036913
R0120,11,2021,7,0,0.0,-545.2417818600097,-77.89168312285854,-173.9140241999994,-545.2417818600097,-74.56535280000571,-434.7712275000031,-0.5952086683293383
R0120,11,2022,14,1,7.142857142857142,-981.9322193200132,-70.13801566571523,-230.96027454000068,-981.9322193200132,86.20903330999317,-542.567811070001,-0.73135588470123
R0120,11,2023,11,8,72.72727272727273,384.6158410299886,34.96507645727169,-180.8000789300022,-432.8971833700034,588.7103787899941,-489.1817505800027,0.10933365191701071
R0120,11,2024,15,11,73.33333333333333,2966.601510579956,197.77343403866374,-593.8824776100046,-628.2311290600046,2489.604188579993,-1199.685373730008,0.7896683750467782
R0120,11,2025,17,13,76.47058823529412,17443.830349824562,1026.107667636739,-719.978322650004,-1056.0217003500074,8317.899827164787,-1056.0217003500074,1.4107206771655674
R0120,11,2026,18,12,66.66666666666666,10558.673959232277,586.5929977351266,-956.8080005544108,-1143.3992900574085,6215.209700588981,-2246.258933506426,0.8473537298223649
R0120,20,2020,19,9,47.368421052631575,-1038.2071567999974,-54.64248193684197,-316.49344879999626,-1248.1751147999967,656.1816568000013,-865.4736043999965,-0.37516873258246186
R0120,20,2021,7,0,0.0,-709.2747851999957,-101.3249693142851,-195.55724399999963,-709.2747851999957,-140.95209599999725,-506.9242499999982,-0.775239064348179
R0120,20,2022,14,1,7.142857142857142,-1226.043162400003,-87.5745116000002,-248.3036628000009,-1226.043162400003,33.846324199999785,-594.4090474000004,-0.911358194765602
R0120,20,2023,11,7,63.63636363636363,38.10957460000469,3.464506781818608,-207.82035259999972,-544.0284334000007,462.63009780000357,-571.4032556000002,-0.07010924997563006
R0120,20,2024,15,10,66.66666666666666,2312.592055600002,154.1728037066668,-642.8573501999999,-884.6508425999964,2356.1322155999987,-1320.0664886000013,0.6107546107859494
R0120,20,2025,17,12,70.58823529411765,15924.612362772019,936.7419036924717,-759.7755230000039,-1172.6417370000054,7956.895275936011,-1172.6417370000054,1.2323289517532237
R0120,20,2026,18,12,66.66666666666666,8409.800458967955,467.2111366093308,-1075.3626250080051,-1364.6092264680049,5834.22040998,-2580.6518696480125,0.6684557166006386
R0121,5,2020,19,9,47.368421052631575,-164.02368859997296,-8.63282571578805,-267.5916672999974,-649.5156438999893,783.1674142000065,-671.0641504999949,-0.057149002231141915
R0121,5,2021,7,1,14.285714285714285,-445.89164639999035,-63.69880662857005,-159.48521099999925,-445.89164639999035,-0.19712389999767765,-426.69001289999505,-0.4835562200218818
R0121,5,2022,14,2,14.285714285714285,-759.1609902999862,-54.22578502142759,-219.39801569999872,-759.1609902999862,143.4703261500017,-508.0069868499959,-0.5619545748261648
R0121,5,2023,11,9,81.81818181818183,775.7016194500211,70.51832904091101,-162.78656314999898,-238.67291569999543,672.7638994500085,-283.8815958999967,0.3170014110735302
R0121,5,2024,15,11,73.33333333333333,2262.026408200036,150.80176054666904,-831.6945564499983,-1664.2234918499853,2578.585503900009,-2214.064320349993,0.608716653294427
R0121,5,2025,17,13,76.47058823529412,18486.7009910071,1087.4529994710058,-693.4468557499968,-1268.422910699992,8558.56952798403,-1268.422910699992,1.4803783911528778
R0121,5,2026,18,14,77.77777777777779,13942.514964507107,774.5841646948393,-877.7715842519974,-877.7715842519974,6469.202560995007,-1447.0602743809868,1.1582978762517588
R0121,11,2020,19,9,47.368421052631575,-489.64859492003416,-25.770978680001797,-283.8855880600022,-774.539861820027,732.3731112399946,-724.7794511000047,-0.17694641706366449
R0121,11,2021,7,1,14.285714285714285,-555.2529820800119,-79.32185458285883,-173.9140241999994,-555.2529820800119,-44.531752140006574,-474.81602838000435,-0.6035815022148093
R0121,11,2022,14,2,14.285714285714285,-921.865618660011,-65.84754419000079,-230.96027454000068,-921.865618660011,109.96515752999585,-542.567811070001,-0.681926489819727
R0121,11,2023,11,9,81.81818181818183,544.7934427899872,49.52667661727157,-180.8000789300022,-292.91137454000454,588.7103787899941,-336.43607098000393,0.19742560690793554
R0121,11,2024,15,10,66.66666666666666,1825.3360980399484,121.68907320266322,-856.870384190006,-1849.391402070025,2489.604188579993,-2304.516024770015,0.489260763938344
R0121,11,2025,17,13,76.47058823529412,17473.907025815362,1027.8768838714918,-719.978322650004,-1346.3436035400082,8317.899827164787,-1346.3436035400082,1.3614210269231655
R0121,11,2026,18,14,77.77777777777779,12511.102801115281,695.0612667286267,-956.8080005544108,-956.8080005544107,6215.209700588981,-1683.119489238219,1.039147483911583
R0121,20,2020,19,9,47.368421052631575,-978.0859543999995,-51.478208126315764,-308.32646919999934,-1188.0539123999988,656.1816568000013,-805.3524019999986,-0.3566425393124022
R0121,20,2021,7,0,0.0,-719.2949855999977,-102.7564265142854,-195.55724399999963,-719.2949855999977,-110.89149479999833,-547.0050515999992,-0.7836194255041493
R0121,20,2022,14,1,7.142857142857142,-1165.9225612000046,-83.28018294285746,-248.3036628000009,-1165.9225612000046,59.70740459999796,-594.4090474000004,-0.8618843623100405
R0121,20,2023,11,7,63.63636363636363,198.4311778000065,18.039197981818774,-207.82035259999972,-383.7068301999989,462.63009780000357,-415.2677836000002,0.018061900659579647
R0121,20,2024,15,10,66.66666666666666,1170.3006328000013,78.02004218666676,-902.7021053999996,-2127.1432673999952,2356.1322155999987,-2440.193581399999,0.3100769299042702
R0121,20,2025,17,13,76.47058823529412,15954.716078028017,938.5127104722363,-759.7755230000039,-1463.2246428000035,7956.895275936011,-1463.2246428000035,1.1829849805786292
R0121,20,2026,18,14,77.77777777777779,10363.98455602795,575.7769197793306,-1075.3626250080051,-1075.3626250080051,5834.22040998,-2037.2083115240166,0.8604218954013535
R0122,5,2020,19,9,47.368421052631575,-164.02368859997296,-8.63282571578805,-267.5916672999974,-649.5156438999893,783.1674142000065,-671.0641504999949,-0.057149002231141915
R0122,5,2021,7,0,0.0,-615.9800480999893,-87.9971497285699,-159.48521099999925,-615.9800480999893,-43.61671409999508,-444.8852580999974,-0.6770143657225176
R0122,5,2022,14,2,14.285714285714285,-709.1354900499864,-50.652535003570456,-219.39801569999872,-709.1354900499864,193.49582640000153,-508.0069868499959,-0.5207880999660597
R0122,5,2023,11,9,81.81818181818183,825.7271197000209,75.06610179091099,-162.78656314999898,-238.67291569999543,672.7638994500085,-283.8815958999967,0.3445136479156355
R0122,5,2024,15,11,73.33333333333333,2422.1080090000323,161.47386726666883,-831.6945564499983,-1664.2234918499853,2578.585503900009,-2214.064320349993,0.6652426422774766
R0122,5,2025,17,13,76.47058823529412,18166.494439743095,1068.617319984888,-693.4468557499968,-1268.422910699992,8558.56952798403,-1268.422910699992,1.448529085292009
R0122,5,2026,18,14,77.77777777777779,14372.792517768103,798.4884732093391,-877.7715842519974,-877.7715842519974,6469.202560995007,-1447.0602743809868,1.1975302880595704
R0122,11,2020,19,9,47.368421052631575,-489.64859492003416,-25.770978680001797,-283.8855880600022,-774.539861820027,732.3731112399946,-724.7794511000047,-0.17694641706366449
R0122,11,2021,7,0,0.0,-725.4433858200118,-103.63476940285884,-173.9140241999994,-725.4433858200118,-89.82357102000424,-491.95580782000434,-0.797155664794427
R0122,11,2022,14,2,14.285714285714285,-871.8101181100119,-62.27215129357228,-230.96027454000068,-871.8101181100119,160.02065807999497,-542.567811070001,-0.6407353274184769
R0122,11,2023,11,9,81.81818181818183,594.8489433399827,54.077176667271154,-180.8000789300022,-292.91137454000454,588.7103787899941,-336.43607098000393,0.22495434284259727
R0122,11,2024,15,11,73.33333333333333,1985.513699799947,132.36757998666315,-856.870384190006,-1849.391402070025,2489.604188579993,-2304.516024770015,0.5458206515654621
R0122,11,2025,17,13,76.47058823529412,17153.50844663456,1009.0299086255625,-719.978322650004,-1346.3436035400082,8317.899827164787,-1346.3436035400082,1.329552621028797
R0122,11,2026,18,14,77.77777777777779,12941.638391889479,718.9799106605266,-956.8080005544108,-956.8080005544107,6215.209700588981,-1683.119489238219,1.078403423402638
R0122,20,2020,19,9,47.368421052631575,-978.0859543999995,-51.478208126315764,-308.32646919999934,-1188.0539123999988,656.1816568000013,-805.3524019999986,-0.3566425393124022
R0122,20,2021,7,0,0.0,-889.6383923999983,-127.09119891428547,-195.55724399999963,-889.6383923999983,-159.13385639999797,-562.5616324000002,-0.9773676134022392
R0122,20,2022,14,2,14.285714285714285,-1115.8220602000038,-79.7015757285717,-248.3036628000009,-1115.8220602000038,109.80790559999876,-594.4090474000004,-0.8206561685970708
R0122,20,2023,11,8,72.72727272727273,248.53167880000368,22.593788981818516,-207.82035259999972,-374.26906280000003,462.63009780000357,-415.2677836000002,0.04561538523308081
R0122,20,2024,15,11,73.33333333333333,1330.622236000003,88.70814906666688,-902.7021053999996,-2127.1432673999952,2356.1322155999987,-2440.193581399999,0.3666876654974912
R0122,20,2025,17,12,70.58823529411765,15634.02945697202,919.6487915865895,-759.7755230000039,-1463.2246428000035,7956.895275936011,-1463.2246428000035,1.1510879246340116
R0122,20,2026,18,14,77.77777777777779,10794.907203071947,599.7170668373304,-1075.3626250080051,-1075.3626250080051,5834.22040998,-2037.2083115240166,0.8997131264172731
R0200,5,2020,19,8,42.10526315789473,-364.1276905999748,-19.164615294735516,-488.7666094999968,-839.6144457999908,783.1674142000065,-1001.2969387999965,-0.1275855342763243
R0200,5,2021,7,0,0.0,-405.8708459999925,-57.98154942857036,-139.72672599999896,-405.8708459999925,-30.212724199996956,-356.65361219999795,-0.4393958926306048
R0200,5,2022,14,2,14.285714285714285,-689.1252899499868,-49.22323499642763,-299.4388160999988,-730.2382752999874,172.09217130000252,-578.7994866999961,-0.5101334845172896
R0200,5,2023,11,7,63.63636363636363,665.6455189000208,60.51322899091098,-162.78656314999898,-238.7484827499975,672.7638994500085,-322.6099807999981,0.2632240805775139
R0200,5,2024,15,11,73.33333333333333,1381.577603800033,92.10517358666887,-2082.0077701500013,-2083.5626299000032,2578.585503900009,-2640.2065047499964,0.369964067362238
R0200,5,2025,17,13,76.47058823529412,18686.75964234309,1099.2211554319465,-393.2938542500015,-748.157708099996,8558.56952798403,-748.157708099996,1.5915596031405723
R0200,5,2026,18,13,72.22222222222221,11040.643093677107,613.3690607598393,-1828.3847833170005,-1828.3847833170005,6469.202560995007,-2973.943508476994,0.8859903019053205
R0200,11,2020,19,8,42.10526315789473,-689.8725993200351,-36.309084174738686,-505.816220900002,-974.7638662200279,732.3731112399946,-1055.2462253600079,-0.24742518990767426
R0200,11,2021,7,0,0.0,-515.2081812000106,-73.60116874285866,-157.2379972000017,-515.2081812000106,-74.56535280000571,-404.73762684000394,-0.5593946918685714
R0200,11,2022,14,2,14.285714285714285,-851.787917890013,-60.841994135000924,-311.04907542,-881.7045256600122,137.77741685999536,-613.8220707399978,-0.6300743223952255
R0200,11,2023,11,7,63.63636363636363,434.67134157998953,39.515576507271774,-180.8000789300022,-312.7639820500008,588.7103787899941,-378.10371776000284,0.1436160261387598
R0200,11,2024,15,10,66.66666666666666,944.3592883599595,62.95728589066396,-2115.5696943300027,-2149.9183457800027,2489.604188579993,-2721.372590450006,0.25036499804458007
R0200,11,2025,17,13,76.47058823529412,17674.085652354563,1039.6520971973273,-419.6453193500056,-825.7663978200071,8317.899827164787,-825.7663978200071,1.472668914300359
R0200,11,2026,18,12,66.66666666666666,9607.49067728928,533.7494820716266,-1907.991282497409,-1907.991282497409,6215.209700588981,-3197.442215449424,0.7666766066719836
R0200,20,2020,19,8,42.10526315789473,-1178.4899623999972,-62.0257874947367,-531.390637999999,-1388.4579203999965,656.1816568000013,-1136.1701551999959,-0.4271846733546526
R0200,20,2021,7,0,0.0,-679.2141839999949,-97.030597714285,-183.50490399999944,-679.2141839999949,-140.95209599999725,-476.86364879999746,-0.7393928907254735
R0200,20,2022,14,2,14.285714285714285,-1095.781859800003,-78.27013284285736,-328.4644644,-1108.903901200003,86.30528520000006,-666.3559468000003,-0.8099855792120947
R0200,20,2023,11,7,63.63636363636363,88.21007560000547,8.01909778181868,-207.82035259999972,-423.78723100000025,462.63009780000357,-461.3443232000009,-0.03579605551933959
R0200,20,2024,15,9,60.0,288.5318152,19.235454346666664,-2165.912580600001,-2407.7060729999976,2356.1322155999987,-2843.1217190000025,0.07096639406813497
R0200,20,2025,17,12,70.58823529411765,16155.07466737202,950.2985098454129,-459.1725170000027,-942.1794324000039,7956.895275936011,-942.1794324000039,1.2943328810400698
R0200,20,2026,18,12,66.66666666666666,7457.762052707963,414.3201140393313,-2027.4010312679968,-2027.4010312679968,5834.22040998,-3532.6902759080044,0.5877060638220134
R0201,5,2020,19,8,42.10526315789473,-304.0964899999726,-16.00507842105119,-488.7666094999968,-779.5832451999886,783.1674142000065,-941.2657381999943,-0.10908707482852381
R0201,5,2021,7,1,14.285714285714285,-415.8760460999911,-59.410863728570156,-139.72672599999896,-415.8760460999911,-0.19712389999767765,-396.6744125999958,-0.44776370833573914
R0201,5,2022,14,3,21.428571428571427,-629.0946896499863,-44.93533497499902,-299.4388160999988,-670.2076749999869,193.67758140000115,-578.7994866999961,-0.4607337146851628
R0201,5,2023,11,8,72.72727272727273,825.7271197000209,75.06610179091099,-162.78656314999898,-162.78656314999898,672.7638994500085,-233.85609564999686,0.3512632384722508
R0201,5,2024,15,11,73.33333333333333,240.99619810003412,16.06641320666894,-2082.0077701500013,-3184.9986994499886,2578.585503900009,-3734.8395279499964,0.06973650276930435
R0201,5,2025,17,13,76.47058823529412,18716.818292157095,1100.9893113033586,-492.2050422499997,-1038.305609549996,8558.56952798403,-1038.305609549996,1.542289500186299
R0201,5,2026,18,14,77.77777777777779,12991.901765442104,721.7723203023392,-1828.3847833170005,-1828.3847833170003,6469.202560995007,-2397.6734734459897,1.077669106186873
R0201,11,2020,19,8,42.10526315789473,-629.8053980000332,-33.147652526317536,-505.816220900002,-914.696664900026,732.3731112399946,-995.179024040006,-0.22891563693096958
R0201,11,2021,7,1,14.285714285714285,-525.2193814200127,-75.03134020285896,-157.2379972000017,-525.2193814200127,-44.531752140006574,-444.7824277200052,-0.5677675257540423
R0201,11,2022,14,3,21.428571428571427,-791.7213172300108,-56.55152265928648,-311.04907542,-821.63792500001,160.3103590799965,-613.8220707399978,-0.5806449275137228
R0201,11,2023,11,8,72.72727272727273,594.8489433399882,54.07717666727165,-180.8000789300022,-180.8000789300022,588.7103787899941,-286.380570430003,0.23170798112968463
R0201,11,2024,15,9,60.0,-196.9061241800482,-13.127074945336547,-2115.5696943300027,-3371.078618790023,2489.604188579993,-3826.203241490013,-0.05004261306385409
R0201,11,2025,17,13,76.47058823529412,17704.162328345363,1041.42131343208,-517.7167329500044,-1116.0883010100079,8317.899827164787,-1116.0883010100079,1.4233692640579572
R0201,11,2026,18,14,77.77777777777779,11559.919519172283,642.2177510651268,-1907.991282497409,-1907.991282497409,6215.209700588981,-2634.3027711812174,0.9584703607612014
R0201,20,2020,19,8,42.10526315789473,-1118.3687599999994,-58.86151368421049,-531.390637999999,-1328.3367179999987,656.1816568000013,-1076.048952799998,-0.40865848008459277
R0201,20,2021,7,0,0.0,-689.234384399997,-98.46205491428529,-183.50490399999944,-689.234384399997,-110.89149479999833,-516.9444503999985,-0.747773251881444
R0201,20,2022,14,2,14.285714285714285,-1035.6612586000047,-73.97580418571462,-328.4644644,-1048.7833000000046,110.25952559999858,-666.3559468000003,-0.7605117467565332
R0201,20,2023,11,7,63.63636363636363,248.5316788000073,22.593788981818847,-207.82035259999972,-263.4656277999984,462.63009780000357,-365.16728259999945,0.05237509511587015
R0201,20,2024,15,9,60.0,-853.7596076000009,-56.91730717333339,-2165.912580600001,-3650.1984977999964,2356.1322155999987,-3963.2488118,-0.22971128681354422
R0201,20,2025,17,13,76.47058823529412,16185.178382628019,952.0693166251776,-555.9842690000041,-1232.762338200002,7956.895275936011,-1232.762338200002,1.2449889098654752
R0201,20,2026,18,14,77.77777777777779,9411.946149767959,522.885897209331,-2027.4010312679968,-2027.4010312679968,5834.22040998,-2989.246717784008,0.7796722426227283
R0202,5,2020,19,8,42.10526315789473,-304.0964899999726,-16.00507842105119,-488.7666094999968,-779.5832451999886,783.1674142000065,-941.2657381999943,-0.10908707482852381
R0202,5,2021,7,0,0.0,-585.96444779999,-83.70920682857,-145.67332109999916,-585.96444779999,-43.61671409999508,-414.8696577999981,-0.6412218540363749
R0202,5,2022,14,3,21.428571428571427,-579.0691893999865,-41.362084957141896,-299.4388160999988,-646.1560652999888,243.70308165000097,-578.7994866999961,-0.41956723982505756
R0202,5,2023,11,8,72.72727272727273,875.7526199500207,79.61387454091097,-162.78656314999898,-162.78656314999898,672.7638994500085,-233.85609564999686,0.378775475314356
R0202,5,2024,15,11,73.33333333333333,401.07779890003064,26.738519926668708,-2082.0077701500013,-3184.9986994499886,2578.585503900009,-3734.8395279499964,0.12626249175235396
R0202,5,2025,17,13,76.47058823529412,18396.61174089309,1082.1536318172407,-492.2050422499997,-1038.305609549996,8558.56952798403,-1038.305609549996,1.5104401943254302
R0202,5,2026,18,14,77.77777777777779,13422.1793187031,745.6766288168388,-1828.3847833170005,-1828.3847833170003,6469.202560995007,-2397.6734734459897,1.1169015179946848
R0202,11,2020,19,8,42.10526315789473,-629.8053980000332,-33.147652526317536,-505.816220900002,-914.696664900026,732.3731112399946,-995.179024040006,-0.22891563693096958
R0202,11,2021,7,0,0.0,-695.4097851600127,-99.34425502285896,-160.80378642000323,-695.4097851600127,-89.82357102000424,-461.9222071600052,-0.7613416883336601
R0202,11,2022,14,3,21.428571428571427,-741.6658166800116,-52.97612976285797,-311.04907542,-771.5824244500109,210.3658596299956,-613.8220707399978,-0.5394537651124727
R0202,11,2023,11,8,72.72727272727273,644.9044438899837,58.62767671727124,-180.8000789300022,-180.8000789300022,588.7103787899941,-286.380570430003,0.25923671706434637
R0202,11,2024,15,10,66.66666666666666,-36.72852242004956,-2.4485681613366372,-2115.5696943300027,-3371.078618790023,2489.604188579993,-3826.203241490013,0.006517274563264053
R0202,11,2025,17,13,76.47058823529412,17383.763749164562,1022.5743381861507,-517.7167329500044,-1116.0883010100079,8317.899827164787,-1116.0883010100079,1.3915008581635886
R0202,11,2026,18,14,77.77777777777779,11990.45510994648,666.1363949970267,-1907.991282497409,-1907.991282497409,6215.209700588981,-2634.3027711812174,0.9977263002522565
R0202,20,2020,19,8,42.10526315789473,-1118.3687599999994,-58.86151368421049,-531.390637999999,-1328.3367179999987,656.1816568000013,-1076.048952799998,-0.40865848008459277
R0202,20,2021,7,0,0.0,-859.5777911999976,-122.79682731428537,-183.50490399999944,-859.5777911999976,-159.13385639999797,-534.9472920000007,-0.9415214397795337
R0202,20,2022,14,3,21.428571428571427,-985.5607576000039,-70.39719697142884,-328.4644644,-998.6827990000038,160.3600265999994,-666.3559468000003,-0.7192835530435635
R0202,20,2023,11,8,72.72727272727273,298.63217980000445,27.148379981818586,-207.82035259999972,-254.02786039999955,462.63009780000357,-365.16728259999945,0.07992857968937131
R0202,20,2024,15,10,66.66666666666666,-693.438004399999,-46.22920029333327,-2165.912580600001,-3650.1984977999964,2356.1322155999987,-3963.2488118,-0.17310055122032336
R0202,20,2025,17,12,70.58823529411765,15864.491761572022,933.2053977395308,-555.9842690000041,-1232.762338200002,7956.895275936011,-1232.762338200002,1.2130918539208575
R0202,20,2026,18,14,77.77777777777779,9842.868796811956,546.8260442673309,-2027.4010312679968,-2027.4010312679968,5834.22040998,-2989.246717784008,0.818963473638648
R0210,5,2020,19,9,47.368421052631575,-294.0912898999741,-15.4784889421039,-488.7666094999968,-839.6144457999908,783.1674142000065,-1021.3073389999954,-0.10118542387404095
R0210,5,2021,7,0,0.0,-405.8708459999925,-57.98154942857036,-139.72672599999896,-405.8708459999925,-30.212724199996956,-356.65361219999795,-0.4393958926306048
R0210,5,2022,14,2,14.285714285714285,-689.1252899499868,-49.22323499642763,-299.4388160999988,-730.2382752999874,172.09217130000252,-578.7994866999961,-0.5101334845172896
R0210,5,2023,11,8,72.72727272727273,715.6710191500206,65.06100174091097,-162.78656314999898,-358.8096833499967,672.7638994500085,-434.3674138999995,0.2908367123624665
R0210,5,2024,15,11,73.33333333333333,1881.8326063000313,125.45550708666876,-2082.0077701500013,-2083.5626299000032,2578.585503900009,-2640.2065047499964,0.5328870448903273
R0210,5,2025,17,13,76.47058823529412,18756.79534269309,1103.3409025113583,-393.2938542500015,-678.1220077499966,8558.56952798403,-678.1220077499966,1.6106767589615083
R0210,5,2026,18,13,72.22222222222221,11040.643093677107,613.3690607598393,-1828.3847833170005,-1828.3847833170005,6469.202560995007,-2973.943508476994,0.8859903019053205
R0210,11,2020,19,9,47.368421052631575,-619.7941977800365,-32.620747251580866,-505.816220900002,-945.4137007600075,732.3731112399946,-1075.2686258000085,-0.22100924735522537
R0210,11,2021,7,0,0.0,-515.2081812000106,-73.60116874285866,-157.2379972000017,-515.2081812000106,-74.56535280000571,-404.73762684000394,-0.5593946918685714
R0210,11,2022,14,2,14.285714285714285,-851.787917890013,-60.841994135000924,-311.04907542,-881.7045256600122,137.77741685999536,-613.8220707399978,-0.6300743223952255
R0210,11,2023,11,8,72.72727272727273,484.72684212998684,44.06607655727153,-180.8000789300022,-432.8971833700034,588.7103787899941,-489.1817505800027,0.17124521722313207
R0210,11,2024,15,11,73.33333333333333,1444.914293859958,96.32761959066387,-2115.5696943300027,-2149.9183457800027,2489.604188579993,-2721.372590450006,0.4133856805067193
R0210,11,2025,17,13,76.47058823529412,17744.16335312456,1043.77431488968,-419.6453193500056,-755.6886970500091,8317.899827164787,-755.6886970500091,1.4917975346825068
R0210,11,2026,18,12,66.66666666666666,9607.49067728928,533.7494820716266,-1907.991282497409,-1907.991282497409,6215.209700588981,-3197.442215449424,0.7666766066719836
R0210,20,2020,19,9,47.368421052631575,-1108.3485595999955,-58.33413471578924,-531.390637999999,-1318.3165175999948,656.1816568000013,-1156.2105559999945,-0.4007449825769529
R0210,20,2021,7,0,0.0,-679.2141839999949,-97.030597714285,-183.50490399999944,-679.2141839999949,-140.95209599999725,-476.86364879999746,-0.7393928907254735
R0210,20,2022,14,2,14.285714285714285,-1095.781859800003,-78.27013284285736,-328.4644644,-1108.903901200003,86.30528520000006,-666.3559468000003,-0.8099855792120947
R0210,20,2023,11,8,72.72727272727273,138.31057660000627,12.573688781818753,-207.82035259999972,-544.0284334000007,462.63009780000357,-571.4032556000002,-0.008142025485833194
R0210,20,2024,15,10,66.66666666666666,789.5368252000007,52.635788346666715,-2165.912580600001,-2407.7060729999976,2356.1322155999987,-2843.1217190000025,0.23413363393134964
R0210,20,2025,17,12,70.58823529411765,16225.21536877202,954.4244334571777,-459.1725170000027,-872.0387310000042,7956.895275936011,-872.0387310000042,1.3134786982640358
R0210,20,2026,18,12,66.66666666666666,7457.762052707963,414.3201140393313,-2027.4010312679968,-2027.4010312679968,5834.22040998,-3532.6902759080044,0.5877060638220134
R0211,5,2020,19,9,47.368421052631575,-234.06008929997188,-12.318952068419572,-488.7666094999968,-779.5832451999886,783.1674142000065,-961.2761383999932,-0.0826869644262404
R0211,5,2021,7,1,14.285714285714285,-415.8760460999911,-59.410863728570156,-139.72672599999896,-415.8760460999911,-0.19712389999767765,-396.6744125999958,-0.44776370833573914
R0211,5,2022,14,3,21.428571428571427,-629.0946896499863,-44.93533497499902,-299.4388160999988,-670.2076749999869,193.67758140000115,-578.7994866999961,-0.4607337146851628
R0211,5,2023,11,9,81.81818181818183,875.7526199500207,79.61387454091097,-162.78656314999898,-238.67291569999543,672.7638994500085,-274.28581309999936,0.37887587025720343
R0211,5,2024,15,11,73.33333333333333,741.2512006000323,49.416746706668825,-2082.0077701500013,-3184.9986994499886,2578.585503900009,-3734.8395279499964,0.2326594802973937
R0211,5,2025,17,13,76.47058823529412,18786.853992507095,1105.1090583827702,-492.2050422499997,-968.2699091999966,8558.56952798403,-968.2699091999966,1.561406656007235
R0211,5,2026,18,14,77.77777777777779,12991.901765442104,721.7723203023392,-1828.3847833170005,-1828.3847833170003,6469.202560995007,-2397.6734734459897,1.077669106186873
R0211,11,2020,19,9,47.368421052631575,-559.7269964600346,-29.459315603159713,-505.816220900002,-885.3464994400056,732.3731112399946,-1015.2014244800066,-0.20249969437852078
R0211,11,2021,7,1,14.285714285714285,-525.2193814200127,-75.03134020285896,-157.2379972000017,-525.2193814200127,-44.531752140006574,-444.7824277200052,-0.5677675257540423
R0211,11,2022,14,3,21.428571428571427,-791.7213172300108,-56.55152265928648,-311.04907542,-821.63792500001,160.3103590799965,-613.8220707399978,-0.5806449275137228
R0211,11,2023,11,9,81.81818181818183,644.9044438899855,58.627676717271406,-180.8000789300022,-292.91137454000454,588.7103787899941,-329.00414882000405,0.25933717221405683
R0211,11,2024,15,10,66.66666666666666,303.6488813199503,20.243258754663355,-2115.5696943300027,-3371.078618790023,2489.604188579993,-3826.203241490013,0.1129780693982851
R0211,11,2025,17,13,76.47058823529412,17774.24002911536,1045.543531124433,-517.7167329500044,-1046.0106002400098,8317.899827164787,-1046.0106002400098,1.4424978844401048
R0211,11,2026,18,14,77.77777777777779,11559.919519172283,642.2177510651268,-1907.991282497409,-1907.991282497409,6215.209700588981,-2634.3027711812174,0.9584703607612014
R0211,20,2020,19,9,47.368421052631575,-1048.2273571999976,-55.169860905263036,-531.390637999999,-1258.195315199997,656.1816568000013,-1096.0893535999967,-0.38221878930689324
R0211,20,2021,7,0,0.0,-689.234384399997,-98.46205491428529,-183.50490399999944,-689.234384399997,-110.89149479999833,-516.9444503999985,-0.747773251881444
R0211,20,2022,14,2,14.285714285714285,-1035.6612586000047,-73.97580418571462,-328.4644644,-1048.7833000000046,110.25952559999858,-666.3559468000003,-0.7605117467565332
R0211,20,2023,11,8,72.72727272727273,298.6321798000081,27.148379981818916,-207.82035259999972,-383.7068301999989,462.63009780000357,-411.0816523999983,0.08002912514937656
R0211,20,2024,15,10,66.66666666666666,-352.7545976000001,-23.51697317333334,-2165.912580600001,-3650.1984977999964,2356.1322155999987,-3963.2488118,-0.06654404695032956
R0211,20,2025,17,13,76.47058823529412,16255.319084028019,956.1952402369423,-555.9842690000041,-1162.6216368000023,7956.895275936011,-1162.6216368000023,1.2641347270894414
R0211,20,2026,18,14,77.77777777777779,9411.946149767959,522.885897209331,-2027.4010312679968,-2027.4010312679968,5834.22040998,-2989.246717784008,0.7796722426227283
R0212,5,2020,19,9,47.368421052631575,-234.06008929997188,-12.318952068419572,-488.7666094999968,-779.5832451999886,783.1674142000065,-961.2761383999932,-0.0826869644262404
R0212,5,2021,7,0,0.0,-585.96444779999,-83.70920682857,-145.67332109999916,-585.96444779999,-43.61671409999508,-414.8696577999981,-0.6412218540363749
R0212,5,2022,14,3,21.428571428571427,-579.0691893999865,-41.362084957141896,-299.4388160999988,-646.1560652999888,243.70308165000097,-578.7994866999961,-0.41956723982505756
R0212,5,2023,11,9,81.81818181818183,925.7781202000206,84.16164729091096,-162.78656314999898,-238.67291569999543,672.7638994500085,-238.67291569999543,0.4063881070993087
R0212,5,2024,15,11,73.33333333333333,901.3328014000289,60.08885342666859,-2082.0077701500013,-3184.9986994499886,2578.585503900009,-3734.8395279499964,0.2891854692804433
R0212,5,2025,17,13,76.47058823529412,18466.64744124309,1086.2733788966525,-492.2050422499997,-968.2699091999966,8558.56952798403,-968.2699091999966,1.5295573501463662
R0212,5,2026,18,14,77.77777777777779,13422.1793187031,745.6766288168388,-1828.3847833170005,-1828.3847833170003,6469.202560995007,-2397.6734734459897,1.1169015179946848
R0212,11,2020,19,9,47.368421052631575,-559.7269964600346,-29.459315603159713,-505.816220900002,-885.3464994400056,732.3731112399946,-1015.2014244800066,-0.20249969437852078
R0212,11,2021,7,0,0.0,-695.4097851600127,-99.34425502285896,-160.80378642000323,-695.4097851600127,-89.82357102000424,-461.9222071600052,-0.7613416883336601
R0212,11,2022,14,3,21.428571428571427,-741.6658166800116,-52.97612976285797,-311.04907542,-771.5824244500109,210.3658596299956,-613.8220707399978,-0.5394537651124727
R0212,11,2023,11,9,81.81818181818183,694.959944439981,63.178176767271,-180.8000789300022,-292.91137454000454,588.7103787899941,-292.91137454000454,0.28686590814871865
R0212,11,2024,15,11,73.33333333333333,463.82648307994896,30.921765538663262,-2115.5696943300027,-3371.078618790023,2489.604188579993,-3826.203241490013,0.16953795702540328
R0212,11,2025,17,13,76.47058823529412,17453.84144993456,1026.6965558785034,-517.7167329500044,-1046.0106002400098,8317.899827164787,-1046.0106002400098,1.4106294785457363
R0212,11,2026,18,14,77.77777777777779,11990.45510994648,666.1363949970267,-1907.991282497409,-1907.991282497409,6215.209700588981,-2634.3027711812174,0.9977263002522565
R0212,20,2020,19,9,47.368421052631575,-1048.2273571999976,-55.169860905263036,-531.390637999999,-1258.195315199997,656.1816568000013,-1096.0893535999967,-0.38221878930689324
R0212,20,2021,7,0,0.0,-859.5777911999976,-122.79682731428537,-183.50490399999944,-859.5777911999976,-159.13385639999797,-534.9472920000007,-0.9415214397795337
R0212,20,2022,14,3,21.428571428571427,-985.5607576000039,-70.39719697142884,-328.4644644,-998.6827990000038,160.3600265999994,-666.3559468000003,-0.7192835530435635
R0212,20,2023,11,9,81.81818181818183,348.73268080000526,31.70297098181866,-207.82035259999972,-374.26906280000003,462.63009780000357,-374.2690628,0.10758260972287773
R0212,20,2024,15,11,73.33333333333333,-192.43299439999828,-12.828866293333219,-2165.912580600001,-3650.1984977999964,2356.1322155999987,-3963.2488118,-0.009933311357108569
R0212,20,2025,17,12,70.58823529411765,15934.632462972022,937.3313213512954,-555.9842690000041,-1162.6216368000023,7956.895275936011,-1162.6216368000023,1.2322376711448237
R0212,20,2026,18,14,77.77777777777779,9842.868796811956,546.8260442673309,-2027.4010312679968,-2027.4010312679968,5834.22040998,-2989.246717784008,0.818963473638648
R0220,5,2020,19,9,47.368421052631575,-294.0912898999741,-15.4784889421039,-488.7666094999968,-839.6144457999908,783.1674142000065,-1021.3073389999954,-0.10118542387404095
R0220,5,2021,7,0,0.0,-405.8708459999925,-57.98154942857036,-139.72672599999896,-405.8708459999925,-30.212724199996956,-356.65361219999795,-0.4393958926306048
R0220,5,2022,14,2,14.285714285714285,-689.1252899499868,-49.22323499642763,-299.4388160999988,-730.2382752999874,172.09217130000252,-578.7994866999961,-0.5101334845172896
R0220,5,2023,11,8,72.72727272727273,615.6200186500209,55.965456240910996,-162.78656314999898,-358.8096833499967,672.7638994500085,-434.3674138999995,0.22896225317879326
R0220,5,2024,15,11,73.33333333333333,1881.8326063000313,125.45550708666876,-2082.0077701500013,-2083.5626299000032,2578.585503900009,-2640.2065047499964,0.5328870448903273
R0220,5,2025,17,13,76.47058823529412,18756.79534269309,1103.3409025113583,-393.2938542500015,-678.1220077499966,8558.56952798403,-678.1220077499966,1.6106767589615083
R0220,5,2026,18,13,72.22222222222221,11040.643093677107,613.3690607598393,-1828.3847833170005,-1828.3847833170005,6469.202560995007,-2973.943508476994,0.8859903019053205
R0220,11,2020,19,9,47.368421052631575,-619.7941977800365,-32.620747251580866,-505.816220900002,-945.4137007600075,732.3731112399946,-1075.2686258000085,-0.22100924735522537
R0220,11,2021,7,0,0.0,-515.2081812000106,-73.60116874285866,-157.2379972000017,-515.2081812000106,-74.56535280000571,-404.73762684000394,-0.5593946918685714
R0220,11,2022,14,2,14.285714285714285,-851.787917890013,-60.841994135000924,-311.04907542,-881.7045256600122,137.77741685999536,-613.8220707399978,-0.6300743223952255
R0220,11,2023,11,8,72.72727272727273,384.6158410299886,34.96507645727169,-180.8000789300022,-432.8971833700034,588.7103787899941,-489.1817505800027,0.10933365191701071
R0220,11,2024,15,11,73.33333333333333,1444.914293859958,96.32761959066387,-2115.5696943300027,-2149.9183457800027,2489.604188579993,-2721.372590450006,0.4133856805067193
R0220,11,2025,17,13,76.47058823529412,17744.16335312456,1043.77431488968,-419.6453193500056,-755.6886970500091,8317.899827164787,-755.6886970500091,1.4917975346825068
R0220,11,2026,18,12,66.66666666666666,9607.49067728928,533.7494820716266,-1907.991282497409,-1907.991282497409,6215.209700588981,-3197.442215449424,0.7666766066719836
R0220,20,2020,19,9,47.368421052631575,-1108.3485595999955,-58.33413471578924,-531.390637999999,-1318.3165175999948,656.1816568000013,-1156.2105559999945,-0.4007449825769529
R0220,20,2021,7,0,0.0,-679.2141839999949,-97.030597714285,-183.50490399999944,-679.2141839999949,-140.95209599999725,-476.86364879999746,-0.7393928907254735
R0220,20,2022,14,2,14.285714285714285,-1095.781859800003,-78.27013284285736,-328.4644644,-1108.903901200003,86.30528520000006,-666.3559468000003,-0.8099855792120947
R0220,20,2023,11,7,63.63636363636363,38.10957460000469,3.464506781818608,-207.82035259999972,-544.0284334000007,462.63009780000357,-571.4032556000002,-0.07010924997563006
R0220,20,2024,15,10,66.66666666666666,789.5368252000007,52.635788346666715,-2165.912580600001,-2407.7060729999976,2356.1322155999987,-2843.1217190000025,0.23413363393134964
R0220,20,2025,17,12,70.58823529411765,16225.21536877202,954.4244334571777,-459.1725170000027,-872.0387310000042,7956.895275936011,-872.0387310000042,1.3134786982640358
R0220,20,2026,18,12,66.66666666666666,7457.762052707963,414.3201140393313,-2027.4010312679968,-2027.4010312679968,5834.22040998,-3532.6902759080044,0.5877060638220134
R0221,5,2020,19,9,47.368421052631575,-234.06008929997188,-12.318952068419572,-488.7666094999968,-779.5832451999886,783.1674142000065,-961.2761383999932,-0.0826869644262404
R0221,5,2021,7,1,14.285714285714285,-415.8760460999911,-59.410863728570156,-139.72672599999896,-415.8760460999911,-0.19712389999767765,-396.6744125999958,-0.44776370833573914
R0221,5,2022,14,3,21.428571428571427,-629.0946896499863,-44.93533497499902,-299.4388160999988,-670.2076749999869,193.67758140000115,-578.7994866999961,-0.4607337146851628
R0221,5,2023,11,9,81.81818181818183,775.7016194500211,70.51832904091101,-162.78656314999898,-238.67291569999543,672.7638994500085,-283.8815958999967,0.3170014110735302
R0221,5,2024,15,11,73.33333333333333,741.2512006000323,49.416746706668825,-2082.0077701500013,-3184.9986994499886,2578.585503900009,-3734.8395279499964,0.2326594802973937
R0221,5,2025,17,13,76.47058823529412,18786.853992507095,1105.1090583827702,-492.2050422499997,-968.2699091999966,8558.56952798403,-968.2699091999966,1.561406656007235
R0221,5,2026,18,14,77.77777777777779,12991.901765442104,721.7723203023392,-1828.3847833170005,-1828.3847833170003,6469.202560995007,-2397.6734734459897,1.077669106186873
R0221,11,2020,19,9,47.368421052631575,-559.7269964600346,-29.459315603159713,-505.816220900002,-885.3464994400056,732.3731112399946,-1015.2014244800066,-0.20249969437852078
R0221,11,2021,7,1,14.285714285714285,-525.2193814200127,-75.03134020285896,-157.2379972000017,-525.2193814200127,-44.531752140006574,-444.7824277200052,-0.5677675257540423
R0221,11,2022,14,3,21.428571428571427,-791.7213172300108,-56.55152265928648,-311.04907542,-821.63792500001,160.3103590799965,-613.8220707399978,-0.5806449275137228
R0221,11,2023,11,9,81.81818181818183,544.7934427899872,49.52667661727157,-180.8000789300022,-292.91137454000454,588.7103787899941,-336.43607098000393,0.19742560690793554
R0221,11,2024,15,10,66.66666666666666,303.6488813199503,20.243258754663355,-2115.5696943300027,-3371.078618790023,2489.604188579993,-3826.203241490013,0.1129780693982851
R0221,11,2025,17,13,76.47058823529412,17774.24002911536,1045.543531124433,-517.7167329500044,-1046.0106002400098,8317.899827164787,-1046.0106002400098,1.4424978844401048
R0221,11,2026,18,14,77.77777777777779,11559.919519172283,642.2177510651268,-1907.991282497409,-1907.991282497409,6215.209700588981,-2634.3027711812174,0.9584703607612014
R0221,20,2020,19,9,47.368421052631575,-1048.2273571999976,-55.169860905263036,-531.390637999999,-1258.195315199997,656.1816568000013,-1096.0893535999967,-0.38221878930689324
R0221,20,2021,7,0,0.0,-689.234384399997,-98.46205491428529,-183.50490399999944,-689.234384399997,-110.89149479999833,-516.9444503999985,-0.747773251881444
R0221,20,2022,14,2,14.285714285714285,-1035.6612586000047,-73.97580418571462,-328.4644644,-1048.7833000000046,110.25952559999858,-666.3559468000003,-0.7605117467565332
R0221,20,2023,11,7,63.63636363636363,198.4311778000065,18.039197981818774,-207.82035259999972,-383.7068301999989,462.63009780000357,-415.2677836000002,0.018061900659579647
R0221,20,2024,15,10,66.66666666666666,-352.7545976000001,-23.51697317333334,-2165.912580600001,-3650.1984977999964,2356.1322155999987,-3963.2488118,-0.06654404695032956
R0221,20,2025,17,13,76.47058823529412,16255.319084028019,956.1952402369423,-555.9842690000041,-1162.6216368000023,7956.895275936011,-1162.6216368000023,1.2641347270894414
R0221,20,2026,18,14,77.77777777777779,9411.946149767959,522.885897209331,-2027.4010312679968,-2027.4010312679968,5834.22040998,-2989.246717784008,0.7796722426227283
R0222,5,2020,19,9,47.368421052631575,-234.06008929997188,-12.318952068419572,-488.7666094999968,-779.5832451999886,783.1674142000065,-961.2761383999932,-0.0826869644262404
R0222,5,2021,7,0,0.0,-585.96444779999,-83.70920682857,-145.67332109999916,-585.96444779999,-43.61671409999508,-414.8696577999981,-0.6412218540363749
R0222,5,2022,14,3,21.428571428571427,-579.0691893999865,-41.362084957141896,-299.4388160999988,-646.1560652999888,243.70308165000097,-578.7994866999961,-0.41956723982505756
R0222,5,2023,11,9,81.81818181818183,825.7271197000209,75.06610179091099,-162.78656314999898,-238.67291569999543,672.7638994500085,-283.8815958999967,0.3445136479156355
R0222,5,2024,15,11,73.33333333333333,901.3328014000289,60.08885342666859,-2082.0077701500013,-3184.9986994499886,2578.585503900009,-3734.8395279499964,0.2891854692804433
R0222,5,2025,17,13,76.47058823529412,18466.64744124309,1086.2733788966525,-492.2050422499997,-968.2699091999966,8558.56952798403,-968.2699091999966,1.5295573501463662
R0222,5,2026,18,14,77.77777777777779,13422.1793187031,745.6766288168388,-1828.3847833170005,-1828.3847833170003,6469.202560995007,-2397.6734734459897,1.1169015179946848
R0222,11,2020,19,9,47.368421052631575,-559.7269964600346,-29.459315603159713,-505.816220900002,-885.3464994400056,732.3731112399946,-1015.2014244800066,-0.20249969437852078
R0222,11,2021,7,0,0.0,-695.4097851600127,-99.34425502285896,-160.80378642000323,-695.4097851600127,-89.82357102000424,-461.9222071600052,-0.7613416883336601
R0222,11,2022,14,3,21.428571428571427,-741.6658166800116,-52.97612976285797,-311.04907542,-771.5824244500109,210.3658596299956,-613.8220707399978,-0.5394537651124727
R0222,11,2023,11,9,81.81818181818183,594.8489433399827,54.077176667271154,-180.8000789300022,-292.91137454000454,588.7103787899941,-336.43607098000393,0.22495434284259727
R0222,11,2024,15,11,73.33333333333333,463.82648307994896,30.921765538663262,-2115.5696943300027,-3371.078618790023,2489.604188579993,-3826.203241490013,0.16953795702540328
R0222,11,2025,17,13,76.47058823529412,17453.84144993456,1026.6965558785034,-517.7167329500044,-1046.0106002400098,8317.899827164787,-1046.0106002400098,1.4106294785457363
R0222,11,2026,18,14,77.77777777777779,11990.45510994648,666.1363949970267,-1907.991282497409,-1907.991282497409,6215.209700588981,-2634.3027711812174,0.9977263002522565
R0222,20,2020,19,9,47.368421052631575,-1048.2273571999976,-55.169860905263036,-531.390637999999,-1258.195315199997,656.1816568000013,-1096.0893535999967,-0.38221878930689324
R0222,20,2021,7,0,0.0,-859.5777911999976,-122.79682731428537,-183.50490399999944,-859.5777911999976,-159.13385639999797,-534.9472920000007,-0.9415214397795337
R0222,20,2022,14,3,21.428571428571427,-985.5607576000039,-70.39719697142884,-328.4644644,-998.6827990000038,160.3600265999994,-666.3559468000003,-0.7192835530435635
R0222,20,2023,11,8,72.72727272727273,248.53167880000368,22.593788981818516,-207.82035259999972,-374.26906280000003,462.63009780000357,-415.2677836000002,0.04561538523308081
R0222,20,2024,15,11,73.33333333333333,-192.43299439999828,-12.828866293333219,-2165.912580600001,-3650.1984977999964,2356.1322155999987,-3963.2488118,-0.009933311357108569
R0222,20,2025,17,12,70.58823529411765,15934.632462972022,937.3313213512954,-555.9842690000041,-1162.6216368000023,7956.895275936011,-1162.6216368000023,1.2322376711448237
R0222,20,2026,18,14,77.77777777777779,9842.868796811956,546.8260442673309,-2027.4010312679968,-2027.4010312679968,5834.22040998,-2989.246717784008,0.818963473638648
R1000,5,2020,19,8,42.10526315789473,-784.3460947999756,-41.281373410525035,-290.20222730000023,-938.1958920999768,491.2626413000071,-802.7325566,-0.2813162481790694
R1000,5,2021,7,0,0.0,-455.8968464999907,-65.1281209285701,-169.74232629999824,-455.8968464999907,-53.51993919999586,-342.9436972999956,-0.4902155831845133
R1000,5,2022,14,1,7.142857142857142,-859.2133914999849,-61.37238510714178,-189.62318129999767,-880.316176749986,-16.20737464999547,-418.7415118999961,-0.6126177155461232
R1000,5,2023,11,6,54.54545454545454,1536.0892232500228,139.64447484091116,-162.78656314999898,-418.84028364999904,1773.3249049500118,-387.457401149999,0.48265577567190704
R1000,5,2024,15,11,73.33333333333333,3422.6180140000397,228.17453426666933,-471.5109546499989,-471.5109546499989,2576.7466064000073,-749.2425952999947,0.8715047884355792
R1000,5,2025,17,11,64.70588235294117,13283.413621494074,781.3772718525926,-1187.9773081499989,-1372.0545605499865,8616.00651930002,-2570.9926132849796,1.034900783350506
R1000,5,2026,18,12,66.66666666666666,15023.21207502314,834.6228930568411,-1740.351460411992,-3756.8595978209632,10978.795522326014,-3983.438277811969,1.191447109011076
R1000,11,2020,19,7,36.84210526315789,-1110.343008560032,-58.4391057136859,-308.03138006000154,-1236.6899065200287,439.2628508599937,-857.4613845200074,-0.4012480961425935
R1000,11,2021,7,0,0.0,-565.264182300014,-80.75202604285914,-187.27159786000084,-565.264182300014,-99.67282624000836,-391.78933406000397,-0.61024485899853
R1000,11,2022,14,1,7.142857142857142,-1021.9780213000158,-72.99843009285827,-204.141958860002,-1031.8724288500161,-49.56866423000065,-456.5286861800032,-0.7326200132327758
R1000,11,2023,11,6,54.54545454545454,1305.6370511499902,118.69427737727183,-180.8000789300022,-492.96378403000017,1689.9313908899933,-444.70112253000116,0.3631793144535998
R1000,11,2024,15,10,66.66666666666666,2986.6237107999586,199.10824738666392,-496.4707802300036,-496.4707802300036,2486.3136540799896,-829.2746696600043,0.7522064931635408
R1000,11,2025,17,11,64.70588235294117,12267.499244086757,721.6176025933387,-1268.878427937001,-1531.7767932100103,8360.232614459994,-2722.347215627011,0.9156762661326083
R1000,11,2026,18,11,61.111111111111114,13592.448005850441,755.1360003250245,-1817.900438506404,-4066.185013606235,10733.999437117163,-4224.19491838642,1.0723165962707502
R1000,20,2020,19,4,21.052631578947366,-1599.3383791999968,-84.17570416842088,-334.77510919999986,-1701.4874663999963,361.2631652,-939.5546263999968,-0.581145868087836
R1000,20,2021,7,0,0.0,-729.3151859999962,-104.18788371428516,-213.5655052000002,-729.3151859999962,-168.90215679999892,-465.0577891999983,-0.7902887727194962
R1000,20,2022,14,0,0.0,-1266.124966000003,-90.43749757142879,-225.92012520000023,-1266.124966000003,-99.61059860000023,-513.209447600002,-0.9126234597627121
R1000,20,2023,11,6,54.54545454545454,959.9587930000052,87.26898118181866,-207.82035259999972,-604.1490345999991,1564.841119800003,-530.5667045999999,0.18396462262616914
R1000,20,2024,15,9,60.0,2332.632255999997,155.50881706666647,-533.9105186000015,-533.9105186000015,2350.6642256000014,-949.3227812000005,0.5732590502555269
R1000,20,2025,17,10,58.82352941176471,10743.627677976041,631.978098704473,-1400.758823340002,-1771.3601421999956,7976.571757200014,-2949.3791191400087,0.7368394903057937
R1000,20,2026,18,10,55.55555555555556,11446.301902092018,635.9056612273343,-1934.223905648003,-4606.338197675992,10366.805309304,-4585.329879247976,0.8936208271603133
R1001,5,2020,19,8,42.10526315789473,-724.3148941999734,-38.1218365368407,-290.20222730000023,-878.1646914999747,491.2626413000071,-742.7013559999978,-0.26281778873126893
R1001,5,2021,7,1,14.285714285714285,-465.90204659998926,-66.5574352285699,-169.74232629999824,-465.90204659998926,-23.504338899996583,-382.96449769999344,-0.49858339888964764
R1001,5,2022,14,2,14.285714285714285,-799.1827911999844,-57.084485085713176,-189.62318129999767,-820.2855764499855,16.150545500002412,-418.7415118999961,-0.5632179457139964
R1001,5,2023,11,7,63.63636363636363,1696.170824050023,154.19734764091118,-162.78656314999898,-298.70351599999776,1773.3249049500118,-307.00728349999554,0.5706949335666439
R1001,5,2024,15,11,73.33333333333333,2282.036608300041,152.1357738866694,-831.6945564499983,-1093.9327889999804,2576.7466064000073,-1843.8756184999947,0.5712772238426456
R1001,5,2025,17,11,64.70588235294117,13313.472271308077,783.1454277240045,-1187.9773081499989,-1662.2024619999866,8616.00651930002,-2861.1405147349797,0.9856306803962328
R1001,5,2026,18,13,72.22222222222221,16974.470746788138,943.026152599341,-1740.351460411992,-2970.76158074697,10978.795522326014,-3983.438277811969,1.3831259132926284
R1001,11,2020,19,7,36.84210526315789,-1050.2758072400302,-55.27767406526475,-308.03138006000154,-1176.6227052000268,439.2628508599937,-797.3941832000055,-0.3827385431658888
R1001,11,2021,7,1,14.285714285714285,-575.2753825200161,-82.18219750285945,-187.27159786000084,-575.2753825200161,-69.63922558000922,-431.83413494000524,-0.618617692884001
R1001,11,2022,14,2,14.285714285714285,-961.9114206400136,-68.70795861714383,-204.141958860002,-971.8058281900139,-15.801439900000336,-456.5286861800032,-0.683190618351273
R1001,11,2023,11,7,63.63636363636363,1465.8146529099888,133.25587753727172,-180.8000789300022,-352.9779752000013,1689.9313908899933,-362.0331437000041,0.4512712694445246
R1001,11,2024,15,9,60.0,1845.358298259951,123.02388655066339,-856.870384190006,-1278.758695800021,2486.3136540799896,-1934.1053207000114,0.4517988820551066
R1001,11,2025,17,11,64.70588235294117,12297.575920077557,723.3868188280916,-1268.878427937001,-1822.098696400011,8360.232614459994,-3012.6691188170116,0.8663766158902062
R1001,11,2026,18,13,72.22222222222221,15544.876847733445,863.6042693185248,-1817.900438506404,-3212.9156464434272,10733.999437117163,-4224.19491838642,1.2641103503599682
R1001,20,2020,19,4,21.052631578947366,-1539.217176799999,-81.01143035789468,-334.77510919999986,-1641.3662639999984,361.2631652,-879.4334239999989,-0.5626196748177762
R1001,20,2021,7,0,0.0,-739.3353863999982,-105.61934091428546,-213.5655052000002,-739.3353863999982,-138.8415556,-505.1385907999993,-0.7986691338754666
R1001,20,2022,14,0,0.0,-1206.0043648000046,-86.14316891428605,-225.92012520000023,-1206.0043648000046,-63.729418000002624,-513.209447600002,-0.8631496273071505
R1001,20,2023,11,6,54.54545454545454,1120.280396200007,101.84367238181882,-207.82035259999972,-443.8274313999973,1564.841119800003,-444.5719339999996,0.27213577326137894
R1001,20,2024,15,9,60.0,1190.3408331999965,79.35605554666644,-902.7021053999996,-1555.9975559999984,2350.6642256000014,-2069.449873999998,0.2725813693738478
R1001,20,2025,17,11,64.70588235294117,10773.73139323204,633.7489054842376,-1400.758823340002,-2061.9430479999937,7976.571757200014,-3239.962024940007,0.6874955191311992
R1001,20,2026,18,12,66.66666666666666,13400.485999152013,744.471444397334,-1934.223905648003,-3652.3118053799917,10366.805309304,-4585.329879247976,1.0855870059610282
R1002,5,2020,19,8,42.10526315789473,-724.3148941999734,-38.1218365368407,-290.20222730000023,-878.1646914999747,491.2626413000071,-742.7013559999978,-0.26281778873126893
R1002,5,2021,7,0,0.0,-635.9904482999882,-90.85577832856974,-169.74232629999824,-635.9904482999882,-107.3526294999956,-442.89372329999424,-0.6920415445902834
R1002,5,2022,14,2,14.285714285714285,-749.1572909499846,-53.51123506785604,-189.62318129999767,-770.2600761999856,66.17604575000223,-418.7415118999961,-0.5220514708538911
R1002,5,2023,11,7,63.63636363636363,1746.1963243000228,158.74512039091115,-162.78656314999898,-298.70351599999776,1773.3249049500118,-307.00728349999554,0.598207170408749
R1002,5,2024,15,11,73.33333333333333,2442.1182091000373,162.80788060666916,-831.6945564499983,-1093.9327889999804,2576.7466064000073,-1843.8756184999947,0.6278032128256952
R1002,5,2025,17,11,64.70588235294117,12993.265720044074,764.3097482378867,-1187.9773081499989,-1662.2024619999866,8616.00651930002,-2861.1405147349797,0.9537813745353638
R1002,5,2026,18,13,72.22222222222221,17404.748300049134,966.9304611138408,-1740.351460411992,-2970.76158074697,10978.795522326014,-3983.438277811969,1.4223583251004401
R1002,11,2020,19,7,36.84210526315789,-1050.2758072400302,-55.27767406526475,-308.03138006000154,-1176.6227052000268,439.2628508599937,-797.3941832000055,-0.3827385431658888
R1002,11,2021,7,0,0.0,-745.4657862600161,-106.49511232285944,-187.27159786000084,-745.4657862600161,-152.82786490000763,-491.7393912600073,-0.8121918554636187
R1002,11,2022,14,2,14.285714285714285,-911.8559200900145,-65.13256572071532,-204.141958860002,-921.7503276400148,34.25406064999879,-456.5286861800032,-0.6419994559500228
R1002,11,2023,11,7,63.63636363636363,1515.8701534599843,137.8063775872713,-180.8000789300022,-352.9779752000013,1689.9313908899933,-362.0331437000041,0.4788000053791864
R1002,11,2024,15,10,66.66666666666666,2005.5359000199496,133.7023933346633,-856.870384190006,-1278.758695800021,2486.3136540799896,-1934.1053207000114,0.5083587696822247
R1002,11,2025,17,11,64.70588235294117,11977.177340896757,704.5398435821621,-1268.878427937001,-1822.098696400011,8360.232614459994,-3012.6691188170116,0.8345082099958379
R1002,11,2026,18,13,72.22222222222221,15975.412438507643,887.5229132504246,-1817.900438506404,-3212.9156464434272,10733.999437117163,-4224.19491838642,1.3033662898510234
R1002,20,2020,19,4,21.052631578947366,-1539.217176799999,-81.01143035789468,-334.77510919999986,-1641.3662639999984,361.2631652,-879.4334239999989,-0.5626196748177762
R1002,20,2021,7,0,0.0,-909.6787931999988,-129.95411331428554,-213.5655052000002,-909.6787931999988,-221.04071799999838,-565.0078932000015,-0.9924173217735565
R1002,20,2022,14,1,7.142857142857142,-1155.9038638000038,-82.56456170000027,-225.92012520000023,-1155.9038638000038,-13.62891700000182,-513.209447600002,-0.8219214335941808
R1002,20,2023,11,7,63.63636363636363,1170.3808972000043,106.39826338181857,-207.82035259999972,-434.38966399999845,1564.841119800003,-444.5719339999996,0.29968925783488004
R1002,20,2024,15,10,66.66666666666666,1350.6624363999983,90.04416242666656,-902.7021053999996,-1555.9975559999984,2350.6642256000014,-2069.449873999998,0.3291921049670688
R1002,20,2025,17,10,58.82352941176471,10453.044772176043,614.8849865985908,-1400.758823340002,-2061.9430479999937,7976.571757200014,-3239.962024940007,0.6555984631865815
R1002,20,2026,18,12,66.66666666666666,13831.40864619601,768.4115914553339,-1934.223905648003,-3652.3118053799917,10366.805309304,-4585.329879247976,1.1248782369769479
R1010,5,2020,19,9,47.368421052631575,-714.3096940999749,-37.59524705789342,-290.20222730000023,-868.1594913999761,491.2626413000071,-822.7429567999989,-0.25491613777678607
R1010,5,2021,7,0,0.0,-455.8968464999907,-65.1281209285701,-169.74232629999824,-455.8968464999907,-53.51993919999586,-342.9436972999956,-0.4902155831845133
R1010,5,2022,14,1,7.142857142857142,-859.2133914999849,-61.37238510714178,-189.62318129999767,-880.316176749986,-16.20737464999547,-418.7415118999961,-0.6126177155461232
R1010,5,2023,11,7,63.63636363636363,1586.1147235000226,144.19224759091114,-162.78656314999898,-538.9014842499982,1773.3249049500118,-434.3674138999995,0.5102684074568599
R1010,5,2024,15,11,73.33333333333333,3922.873016500038,261.5248677666692,-471.5109546499989,-471.5109546499989,2576.7466064000073,-749.2425952999947,1.0344277659636685
R1010,5,2025,17,11,64.70588235294117,13353.449321844073,785.4970189320043,-1187.9773081499989,-1302.018860199987,8616.00651930002,-2570.9926132849796,1.0540179391714422
R1010,5,2026,18,12,66.66666666666666,15023.21207502314,834.6228930568411,-1740.351460411992,-3756.8595978209632,10978.795522326014,-3983.438277811969,1.191447109011076
R1010,11,2020,19,8,42.10526315789473,-1040.2646070200335,-54.75076879052808,-308.03138006000154,-1166.61150498003,439.2628508599937,-877.483784960008,-0.3748321535901447
R1010,11,2021,7,0,0.0,-565.264182300014,-80.75202604285914,-187.27159786000084,-565.264182300014,-99.67282624000836,-391.78933406000397,-0.61024485899853
R1010,11,2022,14,1,7.142857142857142,-1021.9780213000158,-72.99843009285827,-204.141958860002,-1031.8724288500161,-49.56866423000065,-456.5286861800032,-0.7326200132327758
R1010,11,2023,11,7,63.63636363636363,1355.6925516999875,123.24477742727159,-180.8000789300022,-613.0969853500028,1689.9313908899933,-489.1817505800027,0.3908085055379722
R1010,11,2024,15,11,73.33333333333333,3487.178716299957,232.4785810866638,-496.4707802300036,-496.4707802300036,2486.3136540799896,-829.2746696600043,0.9152271756256802
R1010,11,2025,17,11,64.70588235294117,12337.576944856755,725.7398202856915,-1268.878427937001,-1461.6990924400122,8360.232614459994,-2722.347215627011,0.934804886514756
R1010,11,2026,18,11,61.111111111111114,13592.448005850441,755.1360003250245,-1817.900438506404,-4066.185013606235,10733.999437117163,-4224.19491838642,1.0723165962707502
R1010,20,2020,19,5,26.31578947368421,-1529.196976399995,-80.48405138947342,-334.77510919999986,-1631.3460635999945,361.2631652,-959.5950271999955,-0.5547061773101365
R1010,20,2021,7,0,0.0,-729.3151859999962,-104.18788371428516,-213.5655052000002,-729.3151859999962,-168.90215679999892,-465.0577891999983,-0.7902887727194962
R1010,20,2022,14,0,0.0,-1266.124966000003,-90.43749757142879,-225.92012520000023,-1266.124966000003,-99.61059860000023,-513.209447600002,-0.9126234597627121
R1010,20,2023,11,7,63.63636363636363,1010.059294000006,91.82357218181873,-207.82035259999972,-724.3902369999996,1564.841119800003,-571.4032556000002,0.21161865265967555
R1010,20,2024,15,10,66.66666666666666,2833.637265999998,188.90915106666654,-533.9105186000015,-533.9105186000015,2350.6642256000014,-949.3227812000005,0.7364262901187417
R1010,20,2025,17,10,58.82352941176471,10813.76837937604,636.1040223162377,-1400.758823340002,-1701.219440799996,7976.571757200014,-2949.3791191400087,0.7559853075297598
R1010,20,2026,18,10,55.55555555555556,11446.301902092018,635.9056612273343,-1934.223905648003,-4606.338197675992,10366.805309304,-4585.329879247976,0.8936208271603133
R1011,5,2020,19,9,47.368421052631575,-654.2784934999727,-34.435710184209086,-290.20222730000023,-808.1282907999739,491.2626413000071,-762.7117561999967,-0.23641767832898553
R1011,5,2021,7,1,14.285714285714285,-465.90204659998926,-66.5574352285699,-169.74232629999824,-465.90204659998926,-23.504338899996583,-382.96449769999344,-0.49858339888964764
R1011,5,2022,14,2,14.285714285714285,-799.1827911999844,-57.084485085713176,-189.62318129999767,-820.2855764499855,16.150545500002412,-418.7415118999961,-0.5632179457139964
R1011,5,2023,11,8,72.72727272727273,1746.1963243000228,158.74512039091115,-162.78656314999898,-418.764716599997,1773.3249049500118,-418.764716599997,0.5983075653515967
R1011,5,2024,15,11,73.33333333333333,2782.291610800039,185.48610738666926,-831.6945564499983,-1093.9327889999804,2576.7466064000073,-1843.8756184999947,0.7342002013707348
R1011,5,2025,17,11,64.70588235294117,13383.507971658077,787.2651748034162,-1187.9773081499989,-1592.1667616499872,8616.00651930002,-2861.1405147349797,1.004747836217169
R1011,5,2026,18,13,72.22222222222221,16974.470746788138,943.026152599341,-1740.351460411992,-2970.76158074697,10978.795522326014,-3983.438277811969,1.3831259132926284
R1011,11,2020,19,8,42.10526315789473,-980.1974057000316,-51.58933714210693,-308.03138006000154,-1106.5443036600282,439.2628508599937,-817.4165836400061,-0.35632260061344
R1011,11,2021,7,1,14.285714285714285,-575.2753825200161,-82.18219750285945,-187.27159786000084,-575.2753825200161,-69.63922558000922,-431.83413494000524,-0.618617692884001
R1011,11,2022,14,2,14.285714285714285,-961.9114206400136,-68.70795861714383,-204.141958860002,-971.8058281900139,-15.801439900000336,-456.5286861800032,-0.683190618351273
R1011,11,2023,11,8,72.72727272727273,1515.870153459986,137.80637758727147,-180.8000789300022,-473.11117652000394,1689.9313908899933,-473.11117652000394,0.4789004605288969
R1011,11,2024,15,10,66.66666666666666,2345.9133037599495,156.3942202506633,-856.870384190006,-1278.758695800021,2486.3136540799896,-1934.1053207000114,0.614819564517246
R1011,11,2025,17,11,64.70588235294117,12367.653620847555,727.5090365204444,-1268.878427937001,-1752.020995630013,8360.232614459994,-3012.6691188170116,0.8855052362723539
R1011,11,2026,18,13,72.22222222222221,15544.876847733445,863.6042693185248,-1817.900438506404,-3212.9156464434272,10733.999437117163,-4224.19491838642,1.2641103503599682
R1011,20,2020,19,5,26.31578947368421,-1469.0757739999972,-77.31977757894722,-334.77510919999986,-1571.2248611999967,361.2631652,-899.4738247999976,-0.5361799840400767
R1011,20,2021,7,0,0.0,-739.3353863999982,-105.61934091428546,-213.5655052000002,-739.3353863999982,-138.8415556,-505.1385907999993,-0.7986691338754666
R1011,20,2022,14,0,0.0,-1206.0043648000046,-86.14316891428605,-225.92012520000023,-1206.0043648000046,-63.729418000002624,-513.209447600002,-0.8631496273071505
R1011,20,2023,11,7,63.63636363636363,1170.380897200008,106.3982633818189,-207.82035259999972,-564.0686337999978,1564.841119800003,-554.6308663999989,0.29978980329488536
R1011,20,2024,15,10,66.66666666666666,1691.3458431999973,112.75638954666648,-902.7021053999996,-1555.9975559999984,2350.6642256000014,-2069.449873999998,0.43574860923706255
R1011,20,2025,17,11,64.70588235294117,10843.872094632039,637.8748290960023,-1400.758823340002,-1991.802346599994,7976.571757200014,-3239.962024940007,0.7066413363551652
R1011,20,2026,18,12,66.66666666666666,13400.485999152013,744.471444397334,-1934.223905648003,-3652.3118053799917,10366.805309304,-4585.329879247976,1.0855870059610282
R1012,5,2020,19,9,47.368421052631575,-654.2784934999727,-34.435710184209086,-290.20222730000023,-808.1282907999739,491.2626413000071,-762.7117561999967,-0.23641767832898553
R1012,5,2021,7,0,0.0,-635.9904482999882,-90.85577832856974,-169.74232629999824,-635.9904482999882,-107.3526294999956,-442.89372329999424,-0.6920415445902834
R1012,5,2022,14,2,14.285714285714285,-749.1572909499846,-53.51123506785604,-189.62318129999767,-770.2600761999856,66.17604575000223,-418.7415118999961,-0.5220514708538911
R1012,5,2023,11,8,72.72727272727273,1796.2218245500226,163.29289314091113,-162.78656314999898,-418.764716599997,1773.3249049500118,-418.764716599997,0.625819802193702
R1012,5,2024,15,11,73.33333333333333,2942.3732116000356,196.15821410666905,-831.6945564499983,-1093.9327889999804,2576.7466064000073,-1843.8756184999947,0.7907261903537844
R1012,5,2025,17,11,64.70588235294117,13063.301420394073,768.4294953172985,-1187.9773081499989,-1592.1667616499872,8616.00651930002,-2861.1405147349797,0.9728985303563
R1012,5,2026,18,13,72.22222222222221,17404.748300049134,966.9304611138408,-1740.351460411992,-2970.76158074697,10978.795522326014,-3983.438277811969,1.4223583251004401
R1012,11,2020,19,8,42.10526315789473,-980.1974057000316,-51.58933714210693,-308.03138006000154,-1106.5443036600282,439.2628508599937,-817.4165836400061,-0.35632260061344
R1012,11,2021,7,0,0.0,-745.4657862600161,-106.49511232285944,-187.27159786000084,-745.4657862600161,-152.82786490000763,-491.7393912600073,-0.8121918554636187
R1012,11,2022,14,2,14.285714285714285,-911.8559200900145,-65.13256572071532,-204.141958860002,-921.7503276400148,34.25406064999879,-456.5286861800032,-0.6419994559500228
R1012,11,2023,11,8,72.72727272727273,1565.9256540099816,142.35687763727105,-180.8000789300022,-473.11117652000394,1689.9313908899933,-473.11117652000394,0.5064291964635587
R1012,11,2024,15,11,73.33333333333333,2506.090905519948,167.07272703466322,-856.870384190006,-1278.758695800021,2486.3136540799896,-1934.1053207000114,0.6713794521443641
R1012,11,2025,17,11,64.70588235294117,12047.255041666755,708.6620612745149,-1268.878427937001,-1752.020995630013,8360.232614459994,-3012.6691188170116,0.8536368303779855
R1012,11,2026,18,13,72.22222222222221,15975.412438507643,887.5229132504246,-1817.900438506404,-3212.9156464434272,10733.999437117163,-4224.19491838642,1.3033662898510234
R1012,20,2020,19,5,26.31578947368421,-1469.0757739999972,-77.31977757894722,-334.77510919999986,-1571.2248611999967,361.2631652,-899.4738247999976,-0.5361799840400767
R1012,20,2021,7,0,0.0,-909.6787931999988,-129.95411331428554,-213.5655052000002,-909.6787931999988,-221.04071799999838,-565.0078932000015,-0.9924173217735565
R1012,20,2022,14,1,7.142857142857142,-1155.9038638000038,-82.56456170000027,-225.92012520000023,-1155.9038638000038,-13.62891700000182,-513.209447600002,-0.8219214335941808
R1012,20,2023,11,8,72.72727272727273,1220.481398200005,110.95285438181864,-207.82035259999972,-554.6308663999989,1564.841119800003,-554.6308663999989,0.32734328786838646
R1012,20,2024,15,11,73.33333333333333,1851.667446399999,123.4444964266666,-902.7021053999996,-1555.9975559999984,2350.6642256000014,-2069.449873999998,0.49235934483028354
R1012,20,2025,17,10,58.82352941176471,10523.185473576043,619.0109102103554,-1400.758823340002,-1991.802346599994,7976.571757200014,-3239.962024940007,0.6747442804105477
R1012,20,2026,18,12,66.66666666666666,13831.40864619601,768.4115914553339,-1934.223905648003,-3652.3118053799917,10366.805309304,-4585.329879247976,1.1248782369769479
R1020,5,2020,19,9,47.368421052631575,-714.3096940999749,-37.59524705789342,-290.20222730000023,-868.1594913999761,491.2626413000071,-822.7429567999989,-0.25491613777678607
R1020,5,2021,7,0,0.0,-455.8968464999907,-65.1281209285701,-169.74232629999824,-455.8968464999907,-53.51993919999586,-342.9436972999956,-0.4902155831845133
R1020,5,2022,14,1,7.142857142857142,-859.2133914999849,-61.37238510714178,-189.62318129999767,-880.316176749986,-16.20737464999547,-418.7415118999961,-0.6126177155461232
R1020,5,2023,11,7,63.63636363636363,1486.063723000023,135.09670209091118,-162.78656314999898,-538.9014842499982,1773.3249049500118,-434.3674138999995,0.44839394827318646
R1020,5,2024,15,11,73.33333333333333,3922.873016500038,261.5248677666692,-471.5109546499989,-471.5109546499989,2576.7466064000073,-749.2425952999947,1.0344277659636685
R1020,5,2025,17,11,64.70588235294117,13353.449321844073,785.4970189320043,-1187.9773081499989,-1302.018860199987,8616.00651930002,-2570.9926132849796,1.0540179391714422
R1020,5,2026,18,12,66.66666666666666,15023.21207502314,834.6228930568411,-1740.351460411992,-3756.8595978209632,10978.795522326014,-3983.438277811969,1.191447109011076
R1020,11,2020,19,8,42.10526315789473,-1040.2646070200335,-54.75076879052808,-308.03138006000154,-1166.61150498003,439.2628508599937,-877.483784960008,-0.3748321535901447
R1020,11,2021,7,0,0.0,-565.264182300014,-80.75202604285914,-187.27159786000084,-565.264182300014,-99.67282624000836,-391.78933406000397,-0.61024485899853
R1020,11,2022,14,1,7.142857142857142,-1021.9780213000158,-72.99843009285827,-204.141958860002,-1031.8724288500161,-49.56866423000065,-456.5286861800032,-0.7326200132327758
R1020,11,2023,11,7,63.63636363636363,1255.5815505999892,114.14377732727175,-180.8000789300022,-613.0969853500028,1689.9313908899933,-489.1817505800027,0.3288969402318508
R1020,11,2024,15,11,73.33333333333333,3487.178716299957,232.4785810866638,-496.4707802300036,-496.4707802300036,2486.3136540799896,-829.2746696600043,0.9152271756256802
R1020,11,2025,17,11,64.70588235294117,12337.576944856755,725.7398202856915,-1268.878427937001,-1461.6990924400122,8360.232614459994,-2722.347215627011,0.934804886514756
R1020,11,2026,18,11,61.111111111111114,13592.448005850441,755.1360003250245,-1817.900438506404,-4066.185013606235,10733.999437117163,-4224.19491838642,1.0723165962707502
R1020,20,2020,19,5,26.31578947368421,-1529.196976399995,-80.48405138947342,-334.77510919999986,-1631.3460635999945,361.2631652,-959.5950271999955,-0.5547061773101365
R1020,20,2021,7,0,0.0,-729.3151859999962,-104.18788371428516,-213.5655052000002,-729.3151859999962,-168.90215679999892,-465.0577891999983,-0.7902887727194962
R1020,20,2022,14,0,0.0,-1266.124966000003,-90.43749757142879,-225.92012520000023,-1266.124966000003,-99.61059860000023,-513.209447600002,-0.9126234597627121
R1020,20,2023,11,6,54.54545454545454,909.8582920000044,82.71439018181859,-207.82035259999972,-724.3902369999996,1564.841119800003,-571.4032556000002,0.14965142816987861
R1020,20,2024,15,10,66.66666666666666,2833.637265999998,188.90915106666654,-533.9105186000015,-533.9105186000015,2350.6642256000014,-949.3227812000005,0.7364262901187417
R1020,20,2025,17,10,58.82352941176471,10813.76837937604,636.1040223162377,-1400.758823340002,-1701.219440799996,7976.571757200014,-2949.3791191400087,0.7559853075297598
R1020,20,2026,18,10,55.55555555555556,11446.301902092018,635.9056612273343,-1934.223905648003,-4606.338197675992,10366.805309304,-4585.329879247976,0.8936208271603133
R1021,5,2020,19,9,47.368421052631575,-654.2784934999727,-34.435710184209086,-290.20222730000023,-808.1282907999739,491.2626413000071,-762.7117561999967,-0.23641767832898553
R1021,5,2021,7,1,14.285714285714285,-465.90204659998926,-66.5574352285699,-169.74232629999824,-465.90204659998926,-23.504338899996583,-382.96449769999344,-0.49858339888964764
R1021,5,2022,14,2,14.285714285714285,-799.1827911999844,-57.084485085713176,-189.62318129999767,-820.2855764499855,16.150545500002412,-418.7415118999961,-0.5632179457139964
R1021,5,2023,11,8,72.72727272727273,1646.145323800023,149.6495748909112,-162.78656314999898,-418.764716599997,1773.3249049500118,-418.764716599997,0.5364331061679235
R1021,5,2024,15,11,73.33333333333333,2782.291610800039,185.48610738666926,-831.6945564499983,-1093.9327889999804,2576.7466064000073,-1843.8756184999947,0.7342002013707348
R1021,5,2025,17,11,64.70588235294117,13383.507971658077,787.2651748034162,-1187.9773081499989,-1592.1667616499872,8616.00651930002,-2861.1405147349797,1.004747836217169
R1021,5,2026,18,13,72.22222222222221,16974.470746788138,943.026152599341,-1740.351460411992,-2970.76158074697,10978.795522326014,-3983.438277811969,1.3831259132926284
R1021,11,2020,19,8,42.10526315789473,-980.1974057000316,-51.58933714210693,-308.03138006000154,-1106.5443036600282,439.2628508599937,-817.4165836400061,-0.35632260061344
R1021,11,2021,7,1,14.285714285714285,-575.2753825200161,-82.18219750285945,-187.27159786000084,-575.2753825200161,-69.63922558000922,-431.83413494000524,-0.618617692884001
R1021,11,2022,14,2,14.285714285714285,-961.9114206400136,-68.70795861714383,-204.141958860002,-971.8058281900139,-15.801439900000336,-456.5286861800032,-0.683190618351273
R1021,11,2023,11,8,72.72727272727273,1415.7591523599879,128.70537748727162,-180.8000789300022,-473.11117652000394,1689.9313908899933,-473.11117652000394,0.41698889522277566
R1021,11,2024,15,10,66.66666666666666,2345.9133037599495,156.3942202506633,-856.870384190006,-1278.758695800021,2486.3136540799896,-1934.1053207000114,0.614819564517246
R1021,11,2025,17,11,64.70588235294117,12367.653620847555,727.5090365204444,-1268.878427937001,-1752.020995630013,8360.232614459994,-3012.6691188170116,0.8855052362723539
R1021,11,2026,18,13,72.22222222222221,15544.876847733445,863.6042693185248,-1817.900438506404,-3212.9156464434272,10733.999437117163,-4224.19491838642,1.2641103503599682
R1021,20,2020,19,5,26.31578947368421,-1469.0757739999972,-77.31977757894722,-334.77510919999986,-1571.2248611999967,361.2631652,-899.4738247999976,-0.5361799840400767
R1021,20,2021,7,0,0.0,-739.3353863999982,-105.61934091428546,-213.5655052000002,-739.3353863999982,-138.8415556,-505.1385907999993,-0.7986691338754666
R1021,20,2022,14,0,0.0,-1206.0043648000046,-86.14316891428605,-225.92012520000023,-1206.0043648000046,-63.729418000002624,-513.209447600002,-0.8631496273071505
R1021,20,2023,11,6,54.54545454545454,1070.1798952000063,97.28908138181875,-207.82035259999972,-564.0686337999978,1564.841119800003,-554.6308663999989,0.2378225788050884
R1021,20,2024,15,10,66.66666666666666,1691.3458431999973,112.75638954666648,-902.7021053999996,-1555.9975559999984,2350.6642256000014,-2069.449873999998,0.43574860923706255
R1021,20,2025,17,11,64.70588235294117,10843.872094632039,637.8748290960023,-1400.758823340002,-1991.802346599994,7976.571757200014,-3239.962024940007,0.7066413363551652
R1021,20,2026,18,12,66.66666666666666,13400.485999152013,744.471444397334,-1934.223905648003,-3652.3118053799917,10366.805309304,-4585.329879247976,1.0855870059610282
R1022,5,2020,19,9,47.368421052631575,-654.2784934999727,-34.435710184209086,-290.20222730000023,-808.1282907999739,491.2626413000071,-762.7117561999967,-0.23641767832898553
R1022,5,2021,7,0,0.0,-635.9904482999882,-90.85577832856974,-169.74232629999824,-635.9904482999882,-107.3526294999956,-442.89372329999424,-0.6920415445902834
R1022,5,2022,14,2,14.285714285714285,-749.1572909499846,-53.51123506785604,-189.62318129999767,-770.2600761999856,66.17604575000223,-418.7415118999961,-0.5220514708538911
R1022,5,2023,11,8,72.72727272727273,1696.170824050023,154.19734764091118,-162.78656314999898,-418.764716599997,1773.3249049500118,-418.764716599997,0.5639453430100286
R1022,5,2024,15,11,73.33333333333333,2942.3732116000356,196.15821410666905,-831.6945564499983,-1093.9327889999804,2576.7466064000073,-1843.8756184999947,0.7907261903537844
R1022,5,2025,17,11,64.70588235294117,13063.301420394073,768.4294953172985,-1187.9773081499989,-1592.1667616499872,8616.00651930002,-2861.1405147349797,0.9728985303563
R1022,5,2026,18,13,72.22222222222221,17404.748300049134,966.9304611138408,-1740.351460411992,-2970.76158074697,10978.795522326014,-3983.438277811969,1.4223583251004401
R1022,11,2020,19,8,42.10526315789473,-980.1974057000316,-51.58933714210693,-308.03138006000154,-1106.5443036600282,439.2628508599937,-817.4165836400061,-0.35632260061344
R1022,11,2021,7,0,0.0,-745.4657862600161,-106.49511232285944,-187.27159786000084,-745.4657862600161,-152.82786490000763,-491.7393912600073,-0.8121918554636187
R1022,11,2022,14,2,14.285714285714285,-911.8559200900145,-65.13256572071532,-204.141958860002,-921.7503276400148,34.25406064999879,-456.5286861800032,-0.6419994559500228
R1022,11,2023,11,8,72.72727272727273,1465.8146529099834,133.2558775372712,-180.8000789300022,-473.11117652000394,1689.9313908899933,-473.11117652000394,0.4445176311574373
R1022,11,2024,15,11,73.33333333333333,2506.090905519948,167.07272703466322,-856.870384190006,-1278.758695800021,2486.3136540799896,-1934.1053207000114,0.6713794521443641
R1022,11,2025,17,11,64.70588235294117,12047.255041666755,708.6620612745149,-1268.878427937001,-1752.020995630013,8360.232614459994,-3012.6691188170116,0.8536368303779855
R1022,11,2026,18,13,72.22222222222221,15975.412438507643,887.5229132504246,-1817.900438506404,-3212.9156464434272,10733.999437117163,-4224.19491838642,1.3033662898510234
R1022,20,2020,19,5,26.31578947368421,-1469.0757739999972,-77.31977757894722,-334.77510919999986,-1571.2248611999967,361.2631652,-899.4738247999976,-0.5361799840400767
R1022,20,2021,7,0,0.0,-909.6787931999988,-129.95411331428554,-213.5655052000002,-909.6787931999988,-221.04071799999838,-565.0078932000015,-0.9924173217735565
R1022,20,2022,14,1,7.142857142857142,-1155.9038638000038,-82.56456170000027,-225.92012520000023,-1155.9038638000038,-13.62891700000182,-513.209447600002,-0.8219214335941808
R1022,20,2023,11,7,63.63636363636363,1120.2803962000035,101.8436723818185,-207.82035259999972,-554.6308663999989,1564.841119800003,-554.6308663999989,0.2653760633785895
R1022,20,2024,15,11,73.33333333333333,1851.667446399999,123.4444964266666,-902.7021053999996,-1555.9975559999984,2350.6642256000014,-2069.449873999998,0.49235934483028354
R1022,20,2025,17,10,58.82352941176471,10523.185473576043,619.0109102103554,-1400.758823340002,-1991.802346599994,7976.571757200014,-3239.962024940007,0.6747442804105477
R1022,20,2026,18,12,66.66666666666666,13831.40864619601,768.4115914553339,-1934.223905648003,-3652.3118053799917,10366.805309304,-4585.329879247976,1.1248782369769479
R1100,5,2020,19,9,47.368421052631575,-384.1380907999737,-20.217794252630195,-290.20222730000023,-778.1449607999948,860.7004300000062,-802.7325566,-0.1422789550009611
R1100,5,2021,7,0,0.0,-465.9020465999911,-66.55743522857016,-169.74232629999824,-465.9020465999911,-30.212724199996956,-416.6848127999965,-0.5046588022548911
R1100,5,2022,14,1,7.142857142857142,-1069.3204925499867,-76.38003518214191,-219.39801569999872,-1069.3204925499867,121.1175060500027,-558.0051125999944,-0.7749311472241607
R1100,5,2023,11,7,63.63636363636363,1766.2065244000241,160.5642294909113,-162.78656314999898,-238.7484827499975,1773.3249049500118,-322.6099807999981,0.6302490273860256
R1100,5,2024,15,11,73.33333333333333,3282.5466133000373,218.83644088666915,-561.232562549998,-562.7874222999999,2626.772106650009,-1119.431297149993,0.8426888736926049
R1100,5,2025,17,11,64.70588235294117,16115.32565388608,947.9603325815342,-1187.9773081499989,-2002.3758636999846,9984.762782172009,-3062.3823282349767,1.1792135646626825
R1100,5,2026,18,13,72.22222222222221,18095.19367621211,1005.2885375673395,-1740.351460411992,-1856.481105638988,10978.795522326014,-3688.5061332289843,1.4424058951673626
R1100,11,2020,19,9,47.368421052631575,-709.8949997600321,-37.36289472421222,-308.03138006000154,-994.7862666600249,808.4788659999977,-857.4613845200074,-0.2621274222789218
R1100,11,2021,7,0,0.0,-575.2753825200089,-82.18219750285841,-187.27159786000084,-575.2753825200089,-74.56535280000571,-464.8048281600022,-0.6246967396695436
R1100,11,2022,14,1,7.142857142857142,-1232.2111236100136,-88.01508025785812,-230.96027454000068,-1232.2111236100136,86.20903330999317,-595.3965277200023,-0.8950307843001225
R1100,11,2023,11,7,63.63636363636363,1535.8923536799887,139.62657760727168,-180.8000789300022,-312.7639820500008,1689.9313908899933,-378.10371776000284,0.5108610778628973
R1100,11,2024,15,10,66.66666666666666,2846.468309259959,189.76455395066392,-593.8824776100046,-628.2311290600046,2536.3691546299924,-1199.685373730008,0.7233732975121756
R1100,11,2025,17,11,64.70588235294117,15101.109574549162,888.3005632087743,-1268.878427937001,-2162.476100140011,9735.083675978385,-3214.930708517011,1.0600755918413731
R1100,11,2026,18,12,66.66666666666666,16666.271874866252,925.9039930481251,-1817.900438506404,-2004.4704716058186,10733.999437117163,-3925.9095435038257,1.3234258824487228
R1100,20,2020,19,8,42.10526315789473,-1198.5303631999996,-63.080545431578926,-334.77510919999986,-1408.4983211999988,730.1465200000002,-939.5546263999968,-0.4419001231958192
R1100,20,2021,7,0,0.0,-739.3353863999964,-105.6193409142852,-213.5655052000002,-739.3353863999964,-140.95209599999725,-536.984851199999,-0.8047536457914787
R1100,20,2022,14,1,7.142857142857142,-1476.5470702000039,-105.46764787142885,-248.3036628000009,-1476.5470702000039,33.846324199999785,-651.4836503999995,-1.0751802399140291
R1100,20,2023,11,7,63.63636363636363,1190.421097600005,108.22009978181863,-207.82035259999972,-423.78723100000025,1564.841119800003,-461.3443232000009,0.3317791535782391
R1100,20,2024,15,9,60.0,2192.3508532000014,146.15672354666677,-642.8573501999999,-747.3299769999976,2400.764726600002,-1320.0664886000013,0.5443999332415753
R1100,20,2025,17,10,58.82352941176471,13579.785455544039,798.8109091496493,-1400.758823340002,-2402.6264548,9360.565016688022,-3443.7532789400066,0.8813686326094409
R1100,20,2026,18,11,61.111111111111114,14522.889172848016,806.8271762693342,-1934.223905648003,-2226.4545205559843,10366.805309304,-4282.014658915992,1.1449558633708092
R1101,5,2020,19,9,47.368421052631575,-324.10689019997153,-17.05825737894587,-290.20222730000023,-718.1137601999926,860.7004300000062,-742.7013559999978,-0.12378049555316062
R1101,5,2021,7,1,14.285714285714285,-475.9072466999896,-67.98674952856994,-169.74232629999824,-475.9072466999896,-0.19712389999767765,-456.70561319999433,-0.5130266179600255
R1101,5,2022,14,2,14.285714285714285,-1009.2898922499862,-72.0921351607133,-219.39801569999872,-1009.2898922499862,143.4703261500017,-558.0051125999944,-0.7255313773920337
R1101,5,2023,11,8,72.72727272727273,1926.2881252000243,175.1171022909113,-162.78656314999898,-162.78656314999898,1773.3249049500118,-233.85609564999686,0.7182881852807624
R1101,5,2024,15,11,73.33333333333333,2141.9652076000384,142.79768050666922,-831.6945564499983,-1383.9246236499966,2626.772106650009,-2214.064320349993,0.5424613090996713
R1101,5,2025,17,11,64.70588235294117,16145.384303700084,949.7284884529462,-1187.9773081499989,-2292.5237651499847,9984.762782172009,-3062.3823282349767,1.1299434617084094
R1101,5,2026,18,14,77.77777777777779,20046.45234797711,1113.6917971098394,-1740.351460411992,-1740.3514604119919,10978.795522326014,-3688.5061332289843,1.634084699448915
R1101,11,2020,19,9,47.368421052631575,-649.8277984400302,-34.20146307579106,-308.03138006000154,-934.719065340023,808.4788659999977,-797.3941832000055,-0.24361786930221715
R1101,11,2021,7,1,14.285714285714285,-585.286582740011,-83.61236896285871,-187.27159786000084,-585.286582740011,-44.531752140006574,-504.8496290400035,-0.6330695735550146
R1101,11,2022,14,2,14.285714285714285,-1172.1445229500114,-83.72460878214368,-230.96027454000068,-1172.1445229500114,109.96515752999585,-595.3965277200023,-0.8456013894186197
R1101,11,2023,11,8,72.72727272727273,1696.0699554399873,154.18817776727158,-180.8000789300022,-180.8000789300022,1689.9313908899933,-286.380570430003,0.5989530328538222
R1101,11,2024,15,9,60.0,1705.2028967199512,113.68019311466341,-856.870384190006,-1481.994292030009,2536.3691546299924,-2304.516024770015,0.4229656864037413
R1101,11,2025,17,11,64.70588235294117,15131.186250539962,890.0697794435272,-1268.878427937001,-2452.798003330012,9735.083675978385,-3214.930708517011,1.010775941598971
R1101,11,2026,18,14,77.77777777777779,18618.700716749256,1034.3722620416254,-1817.900438506404,-1817.9004385064036,10733.999437117163,-3925.9095435038257,1.5152196365379411
R1101,20,2020,19,8,42.10526315789473,-1138.4091608000017,-59.91627162105272,-334.77510919999986,-1348.377118800001,730.1465200000002,-879.4334239999989,-0.42337392992575956
R1101,20,2021,7,0,0.0,-749.3555867999985,-107.0507981142855,-213.5655052000002,-749.3555867999985,-110.89149479999833,-577.0656528,-0.813134006947449
R1101,20,2022,14,1,7.142857142857142,-1416.4264690000055,-101.17331921428611,-248.3036628000009,-1416.4264690000055,59.70740459999796,-651.4836503999995,-1.0257064074584676
R1101,20,2023,11,7,63.63636363636363,1350.7427008000068,122.79479098181879,-207.82035259999972,-263.4656277999984,1564.841119800003,-365.16728259999945,0.4199503042134489
R1101,20,2024,15,9,60.0,1050.0594304000008,70.00396202666671,-902.7021053999996,-1746.379459799995,2400.764726600002,-2440.193581399999,0.24372225235989617
R1101,20,2025,17,11,64.70588235294117,13609.889170800037,800.5817159294139,-1400.758823340002,-2693.209360599998,9360.565016688022,-3443.7532789400066,0.8320246614348463
R1101,20,2026,18,13,72.22222222222221,16477.07326990801,915.3929594393339,-1934.223905648003,-1934.223905648003,10366.805309304,-4282.014658915992,1.3369220421715242
R1102,5,2020,19,9,47.368421052631575,-324.10689019997153,-17.05825737894587,-290.20222730000023,-718.1137601999926,860.7004300000062,-742.7013559999978,-0.12378049555316062
R1102,5,2021,7,0,0.0,-645.9956483999886,-92.2850926285698,-169.74232629999824,-645.9956483999886,-43.61671409999508,-474.90085839999665,-0.7064847636606613
R1102,5,2022,14,2,14.285714285714285,-959.2643919999864,-68.51888514285618,-219.39801569999872,-959.2643919999864,193.49582640000153,-558.0051125999944,-0.6843649025319287
R1102,5,2023,11,8,72.72727272727273,1976.3136254500241,179.66487504091128,-162.78656314999898,-162.78656314999898,1773.3249049500118,-233.85609564999686,0.7458004221228675
R1102,5,2024,15,11,73.33333333333333,2302.046808400035,153.46978722666898,-831.6945564499983,-1383.9246236499966,2626.772106650009,-2214.064320349993,0.5989872980827209
R1102,5,2025,17,11,64.70588235294117,15825.17775243608,930.8928089668283,-1187.9773081499989,-2292.5237651499847,9984.762782172009,-3062.3823282349767,1.0980941558475406
R1102,5,2026,18,14,77.77777777777779,20476.729901238105,1137.596105624339,-1740.351460411992,-1740.3514604119919,10978.795522326014,-3688.5061332289843,1.673317111256727
R1102,11,2020,19,9,47.368421052631575,-649.8277984400302,-34.20146307579106,-308.03138006000154,-934.719065340023,808.4788659999977,-797.3941832000055,-0.24361786930221715
R1102,11,2021,7,0,0.0,-755.476986480011,-107.92528378285871,-187.27159786000084,-755.476986480011,-89.82357102000424,-521.9894084800035,-0.8266437361346324
R1102,11,2022,14,2,14.285714285714285,-1122.0890224000123,-80.14921588571517,-230.96027454000068,-1122.0890224000123,160.02065807999497,-595.3965277200023,-0.8044102270173694
R1102,11,2023,11,8,72.72727272727273,1746.1254559899828,158.73867781727117,-180.8000789300022,-180.8000789300022,1689.9313908899933,-286.380570430003,0.626481768788484
R1102,11,2024,15,10,66.66666666666666,1865.38049847995,124.35869989866333,-856.870384190006,-1481.994292030009,2536.3691546299924,-2304.516024770015,0.47952557403085944
R1102,11,2025,17,11,64.70588235294117,14810.787671359161,871.2228041975977,-1268.878427937001,-2452.798003330012,9735.083675978385,-3214.930708517011,0.9789075357046025
R1102,11,2026,18,14,77.77777777777779,19049.236307523453,1058.2909059735252,-1817.900438506404,-1817.9004385064036,10733.999437117163,-3925.9095435038257,1.554475576028996
R1102,20,2020,19,8,42.10526315789473,-1138.4091608000017,-59.91627162105272,-334.77510919999986,-1348.377118800001,730.1465200000002,-879.4334239999989,-0.42337392992575956
R1102,20,2021,7,0,0.0,-919.6989935999991,-131.38557051428558,-213.5655052000002,-919.6989935999991,-159.13385639999797,-592.622233600001,-1.006882194845539
R1102,20,2022,14,2,14.285714285714285,-1366.3259680000047,-97.59471200000033,-248.3036628000009,-1366.3259680000047,109.80790559999876,-651.4836503999995,-0.9844782137454978
R1102,20,2023,11,8,72.72727272727273,1400.843201800004,127.34938198181854,-207.82035259999972,-254.02786039999955,1564.841119800003,-365.16728259999945,0.4475037887869501
R1102,20,2024,15,10,66.66666666666666,1210.3810336000026,80.69206890666685,-902.7021053999996,-1746.379459799995,2400.764726600002,-2440.193581399999,0.3003329879531172
R1102,20,2025,17,10,58.82352941176471,13289.20254974404,781.7177970437671,-1400.758823340002,-2693.209360599998,9360.565016688022,-3443.7532789400066,0.8001276054902288
R1102,20,2026,18,13,72.22222222222221,16907.995916952008,939.3331064973338,-1934.223905648003,-1934.223905648003,10366.805309304,-4282.014658915992,1.3762132731874437
R1110,5,2020,19,10,52.63157894736842,-314.101690099973,-16.531667899998578,-290.20222730000023,-778.1449607999948,860.7004300000062,-822.7429567999989,-0.11587884459867773
R1110,5,2021,7,0,0.0,-465.9020465999911,-66.55743522857016,-169.74232629999824,-465.9020465999911,-30.212724199996956,-416.6848127999965,-0.5046588022548911
R1110,5,2022,14,1,7.142857142857142,-1069.3204925499867,-76.38003518214191,-219.39801569999872,-1069.3204925499867,121.1175060500027,-558.0051125999944,-0.7749311472241607
R1110,5,2023,11,8,72.72727272727273,1816.232024650024,165.11200224091127,-162.78656314999898,-358.8096833499967,1773.3249049500118,-434.3674138999995,0.6578616591709783
R1110,5,2024,15,11,73.33333333333333,3782.8016158000355,252.18677438666904,-561.232562549998,-562.7874222999999,2626.772106650009,-1119.431297149993,1.0056118512206942
R1110,5,2025,17,11,64.70588235294117,16185.36135423608,952.0800796609459,-1187.9773081499989,-1932.3401633499852,9984.762782172009,-3062.3823282349767,1.1983307204836187
R1110,5,2026,18,13,72.22222222222221,18095.19367621211,1005.2885375673395,-1740.351460411992,-1856.481105638988,10978.795522326014,-3688.5061332289843,1.4424058951673626
R1110,11,2020,19,10,52.63157894736842,-639.8165982200335,-33.67455780105439,-308.03138006000154,-924.7078651200263,808.4788659999977,-877.483784960008,-0.23571147972647294
R1110,11,2021,7,0,0.0,-575.2753825200089,-82.18219750285841,-187.27159786000084,-575.2753825200089,-74.56535280000571,-464.8048281600022,-0.6246967396695436
R1110,11,2022,14,1,7.142857142857142,-1232.2111236100136,-88.01508025785812,-230.96027454000068,-1232.2111236100136,86.20903330999317,-595.3965277200023,-0.8950307843001225
R1110,11,2023,11,8,72.72727272727273,1585.947854229986,144.17707765727144,-180.8000789300022,-432.8971833700034,1689.9313908899933,-489.1817505800027,0.5384902689472696
R1110,11,2024,15,11,73.33333333333333,3347.0233147599574,223.13488765066384,-593.8824776100046,-628.2311290600046,2536.3691546299924,-1199.685373730008,0.8863939799743148
R1110,11,2025,17,11,64.70588235294117,15171.18727531916,892.4227809011271,-1268.878427937001,-2092.398399370013,9735.083675978385,-3214.930708517011,1.0792042122235208
R1110,11,2026,18,12,66.66666666666666,16666.271874866252,925.9039930481251,-1817.900438506404,-2004.4704716058186,10733.999437117163,-3925.9095435038257,1.3234258824487228
R1110,20,2020,19,9,47.368421052631575,-1128.3889603999978,-59.38889265263146,-334.77510919999986,-1338.356918399997,730.1465200000002,-959.5950271999955,-0.41546043241811975
R1110,20,2021,7,0,0.0,-739.3353863999964,-105.6193409142852,-213.5655052000002,-739.3353863999964,-140.95209599999725,-536.984851199999,-0.8047536457914787
R1110,20,2022,14,1,7.142857142857142,-1476.5470702000039,-105.46764787142885,-248.3036628000009,-1476.5470702000039,33.846324199999785,-651.4836503999995,-1.0751802399140291
R1110,20,2023,11,8,72.72727272727273,1240.5215986000057,112.7746907818187,-207.82035259999972,-544.0284334000007,1564.841119800003,-571.4032556000002,0.35943318361174553
R1110,20,2024,15,10,66.66666666666666,2693.355863200002,179.5570575466668,-642.8573501999999,-747.3299769999976,2400.764726600002,-1320.0664886000013,0.70756717310479
R1110,20,2025,17,10,58.82352941176471,13649.926156944039,802.936832761414,-1400.758823340002,-2332.4857534000002,9360.565016688022,-3443.7532789400066,0.9005144498334069
R1110,20,2026,18,11,61.111111111111114,14522.889172848016,806.8271762693342,-1934.223905648003,-2226.4545205559843,10366.805309304,-4282.014658915992,1.1449558633708092
R1111,5,2020,19,10,52.63157894736842,-254.0704894999708,-13.372131026314252,-290.20222730000023,-718.1137601999926,860.7004300000062,-762.7117561999967,-0.09738038515087725
R1111,5,2021,7,1,14.285714285714285,-475.9072466999896,-67.98674952856994,-169.74232629999824,-475.9072466999896,-0.19712389999767765,-456.70561319999433,-0.5130266179600255
R1111,5,2022,14,2,14.285714285714285,-1009.2898922499862,-72.0921351607133,-219.39801569999872,-1009.2898922499862,143.4703261500017,-558.0051125999944,-0.7255313773920337
R1111,5,2023,11,9,81.81818181818183,1976.3136254500241,179.66487504091128,-162.78656314999898,-238.67291569999543,1773.3249049500118,-274.28581309999936,0.7459008170657152
R1111,5,2024,15,11,73.33333333333333,2642.2202101000366,176.14801400666911,-831.6945564499983,-1383.9246236499966,2626.772106650009,-2214.064320349993,0.7053842866277605
R1111,5,2025,17,11,64.70588235294117,16215.420004050084,953.8482355323579,-1187.9773081499989,-2222.4880647999853,9984.762782172009,-3062.3823282349767,1.1490606175293454
R1111,5,2026,18,14,77.77777777777779,20046.45234797711,1113.6917971098394,-1740.351460411992,-1740.3514604119919,10978.795522326014,-3688.5061332289843,1.634084699448915
R1111,11,2020,19,10,52.63157894736842,-579.7493969000316,-30.51312615263324,-308.03138006000154,-864.6406638000244,808.4788659999977,-817.4165836400061,-0.21720192674976832
R1111,11,2021,7,1,14.285714285714285,-585.286582740011,-83.61236896285871,-187.27159786000084,-585.286582740011,-44.531752140006574,-504.8496290400035,-0.6330695735550146
R1111,11,2022,14,2,14.285714285714285,-1172.1445229500114,-83.72460878214368,-230.96027454000068,-1172.1445229500114,109.96515752999585,-595.3965277200023,-0.8456013894186197
R1111,11,2023,11,9,81.81818181818183,1746.1254559899846,158.73867781727134,-180.8000789300022,-292.91137454000454,1689.9313908899933,-329.00414882000405,0.6265822239381946
R1111,11,2024,15,10,66.66666666666666,2205.7579022199498,147.05052681466333,-856.870384190006,-1481.994292030009,2536.3691546299924,-2304.516024770015,0.5859863688658805
R1111,11,2025,17,11,64.70588235294117,15201.26395130996,894.19199713588,-1268.878427937001,-2382.720302560014,9735.083675978385,-3214.930708517011,1.0299045619811187
R1111,11,2026,18,14,77.77777777777779,18618.700716749256,1034.3722620416254,-1817.900438506404,-1817.9004385064036,10733.999437117163,-3925.9095435038257,1.5152196365379411
R1111,20,2020,19,9,47.368421052631575,-1068.267758,-56.22461884210526,-334.77510919999986,-1278.2357159999992,730.1465200000002,-899.4738247999976,-0.39693423914806
R1111,20,2021,7,0,0.0,-749.3555867999985,-107.0507981142855,-213.5655052000002,-749.3555867999985,-110.89149479999833,-577.0656528,-0.813134006947449
R1111,20,2022,14,1,7.142857142857142,-1416.4264690000055,-101.17331921428611,-248.3036628000009,-1416.4264690000055,59.70740459999796,-651.4836503999995,-1.0257064074584676
R1111,20,2023,11,8,72.72727272727273,1400.8432018000076,127.34938198181887,-207.82035259999972,-383.7068301999989,1564.841119800003,-411.0816523999983,0.44760433424695534
R1111,20,2024,15,10,66.66666666666666,1551.0644404000016,103.40429602666677,-902.7021053999996,-1746.379459799995,2400.764726600002,-2440.193581399999,0.4068894922231109
R1111,20,2025,17,11,64.70588235294117,13680.029872200037,804.7076395411787,-1400.758823340002,-2623.0686591999984,9360.565016688022,-3443.7532789400066,0.8511704786588123
R1111,20,2026,18,13,72.22222222222221,16477.07326990801,915.3929594393339,-1934.223905648003,-1934.223905648003,10366.805309304,-4282.014658915992,1.3369220421715242
R1112,5,2020,19,10,52.63157894736842,-254.0704894999708,-13.372131026314252,-290.20222730000023,-718.1137601999926,860.7004300000062,-762.7117561999967,-0.09738038515087725
R1112,5,2021,7,0,0.0,-645.9956483999886,-92.2850926285698,-169.74232629999824,-645.9956483999886,-43.61671409999508,-474.90085839999665,-0.7064847636606613
R1112,5,2022,14,2,14.285714285714285,-959.2643919999864,-68.51888514285618,-219.39801569999872,-959.2643919999864,193.49582640000153,-558.0051125999944,-0.6843649025319287
R1112,5,2023,11,9,81.81818181818183,2026.339125700024,184.21264779091126,-162.78656314999898,-238.67291569999543,1773.3249049500118,-238.67291569999543,0.7734130539078202
R1112,5,2024,15,11,73.33333333333333,2802.301810900033,186.82012072666888,-831.6945564499983,-1383.9246236499966,2626.772106650009,-2214.064320349993,0.7619102756108103
R1112,5,2025,17,11,64.70588235294117,15895.21345278608,935.01255604624,-1187.9773081499989,-2222.4880647999853,9984.762782172009,-3062.3823282349767,1.1172113116684765
R1112,5,2026,18,14,77.77777777777779,20476.729901238105,1137.596105624339,-1740.351460411992,-1740.3514604119919,10978.795522326014,-3688.5061332289843,1.673317111256727
R1112,11,2020,19,10,52.63157894736842,-579.7493969000316,-30.51312615263324,-308.03138006000154,-864.6406638000244,808.4788659999977,-817.4165836400061,-0.21720192674976832
R1112,11,2021,7,0,0.0,-755.476986480011,-107.92528378285871,-187.27159786000084,-755.476986480011,-89.82357102000424,-521.9894084800035,-0.8266437361346324
R1112,11,2022,14,2,14.285714285714285,-1122.0890224000123,-80.14921588571517,-230.96027454000068,-1122.0890224000123,160.02065807999497,-595.3965277200023,-0.8044102270173694
R1112,11,2023,11,9,81.81818181818183,1796.18095653998,163.2891778672709,-180.8000789300022,-292.91137454000454,1689.9313908899933,-292.91137454000454,0.6541109598728564
R1112,11,2024,15,11,73.33333333333333,2365.9355039799484,157.72903359866322,-856.870384190006,-1481.994292030009,2536.3691546299924,-2304.516024770015,0.6425462564929987
R1112,11,2025,17,11,64.70588235294117,14880.86537212916,875.3450218899505,-1268.878427937001,-2382.720302560014,9735.083675978385,-3214.930708517011,0.9980361560867502
R1112,11,2026,18,14,77.77777777777779,19049.236307523453,1058.2909059735252,-1817.900438506404,-1817.9004385064036,10733.999437117163,-3925.9095435038257,1.554475576028996
R1112,20,2020,19,9,47.368421052631575,-1068.267758,-56.22461884210526,-334.77510919999986,-1278.2357159999992,730.1465200000002,-899.4738247999976,-0.39693423914806
R1112,20,2021,7,0,0.0,-919.6989935999991,-131.38557051428558,-213.5655052000002,-919.6989935999991,-159.13385639999797,-592.622233600001,-1.006882194845539
R1112,20,2022,14,2,14.285714285714285,-1366.3259680000047,-97.59471200000033,-248.3036628000009,-1366.3259680000047,109.80790559999876,-651.4836503999995,-0.9844782137454978
R1112,20,2023,11,9,81.81818181818183,1450.9437028000048,131.9039729818186,-207.82035259999972,-374.26906280000003,1564.841119800003,-374.2690628,0.47515781882045655
R1112,20,2024,15,11,73.33333333333333,1711.3860436000034,114.09240290666689,-902.7021053999996,-1746.379459799995,2400.764726600002,-2440.193581399999,0.4635002278163318
R1112,20,2025,17,10,58.82352941176471,13359.34325114404,785.8437206555318,-1400.758823340002,-2623.0686591999984,9360.565016688022,-3443.7532789400066,0.8192734227141947
R1112,20,2026,18,13,72.22222222222221,16907.995916952008,939.3331064973338,-1934.223905648003,-1934.223905648003,10366.805309304,-4282.014658915992,1.3762132731874437
R1120,5,2020,19,10,52.63157894736842,-314.101690099973,-16.531667899998578,-290.20222730000023,-778.1449607999948,860.7004300000062,-822.7429567999989,-0.11587884459867773
R1120,5,2021,7,0,0.0,-465.9020465999911,-66.55743522857016,-169.74232629999824,-465.9020465999911,-30.212724199996956,-416.6848127999965,-0.5046588022548911
R1120,5,2022,14,1,7.142857142857142,-1069.3204925499867,-76.38003518214191,-219.39801569999872,-1069.3204925499867,121.1175060500027,-558.0051125999944,-0.7749311472241607
R1120,5,2023,11,8,72.72727272727273,1716.1810241500243,156.0164567409113,-162.78656314999898,-358.8096833499967,1773.3249049500118,-434.3674138999995,0.5959871999873051
R1120,5,2024,15,11,73.33333333333333,3782.8016158000355,252.18677438666904,-561.232562549998,-562.7874222999999,2626.772106650009,-1119.431297149993,1.0056118512206942
R1120,5,2025,17,11,64.70588235294117,16185.36135423608,952.0800796609459,-1187.9773081499989,-1932.3401633499852,9984.762782172009,-3062.3823282349767,1.1983307204836187
R1120,5,2026,18,13,72.22222222222221,18095.19367621211,1005.2885375673395,-1740.351460411992,-1856.481105638988,10978.795522326014,-3688.5061332289843,1.4424058951673626
R1120,11,2020,19,10,52.63157894736842,-639.8165982200335,-33.67455780105439,-308.03138006000154,-924.7078651200263,808.4788659999977,-877.483784960008,-0.23571147972647294
R1120,11,2021,7,0,0.0,-575.2753825200089,-82.18219750285841,-187.27159786000084,-575.2753825200089,-74.56535280000571,-464.8048281600022,-0.6246967396695436
R1120,11,2022,14,1,7.142857142857142,-1232.2111236100136,-88.01508025785812,-230.96027454000068,-1232.2111236100136,86.20903330999317,-595.3965277200023,-0.8950307843001225
R1120,11,2023,11,8,72.72727272727273,1485.8368531299877,135.07607755727162,-180.8000789300022,-432.8971833700034,1689.9313908899933,-489.1817505800027,0.4765787036411482
R1120,11,2024,15,11,73.33333333333333,3347.0233147599574,223.13488765066384,-593.8824776100046,-628.2311290600046,2536.3691546299924,-1199.685373730008,0.8863939799743148
R1120,11,2025,17,11,64.70588235294117,15171.18727531916,892.4227809011271,-1268.878427937001,-2092.398399370013,9735.083675978385,-3214.930708517011,1.0792042122235208
R1120,11,2026,18,12,66.66666666666666,16666.271874866252,925.9039930481251,-1817.900438506404,-2004.4704716058186,10733.999437117163,-3925.9095435038257,1.3234258824487228
R1120,20,2020,19,9,47.368421052631575,-1128.3889603999978,-59.38889265263146,-334.77510919999986,-1338.356918399997,730.1465200000002,-959.5950271999955,-0.41546043241811975
R1120,20,2021,7,0,0.0,-739.3353863999964,-105.6193409142852,-213.5655052000002,-739.3353863999964,-140.95209599999725,-536.984851199999,-0.8047536457914787
R1120,20,2022,14,1,7.142857142857142,-1476.5470702000039,-105.46764787142885,-248.3036628000009,-1476.5470702000039,33.846324199999785,-651.4836503999995,-1.0751802399140291
R1120,20,2023,11,7,63.63636363636363,1140.3205966000041,103.66550878181856,-207.82035259999972,-544.0284334000007,1564.841119800003,-571.4032556000002,0.2974659591219487
R1120,20,2024,15,10,66.66666666666666,2693.355863200002,179.5570575466668,-642.8573501999999,-747.3299769999976,2400.764726600002,-1320.0664886000013,0.70756717310479
R1120,20,2025,17,10,58.82352941176471,13649.926156944039,802.936832761414,-1400.758823340002,-2332.4857534000002,9360.565016688022,-3443.7532789400066,0.9005144498334069
R1120,20,2026,18,11,61.111111111111114,14522.889172848016,806.8271762693342,-1934.223905648003,-2226.4545205559843,10366.805309304,-4282.014658915992,1.1449558633708092
R1121,5,2020,19,10,52.63157894736842,-254.0704894999708,-13.372131026314252,-290.20222730000023,-718.1137601999926,860.7004300000062,-762.7117561999967,-0.09738038515087725
R1121,5,2021,7,1,14.285714285714285,-475.9072466999896,-67.98674952856994,-169.74232629999824,-475.9072466999896,-0.19712389999767765,-456.70561319999433,-0.5130266179600255
R1121,5,2022,14,2,14.285714285714285,-1009.2898922499862,-72.0921351607133,-219.39801569999872,-1009.2898922499862,143.4703261500017,-558.0051125999944,-0.7255313773920337
R1121,5,2023,11,9,81.81818181818183,1876.2626249500245,170.56932954091133,-162.78656314999898,-238.67291569999543,1773.3249049500118,-283.8815958999967,0.684026357882042
R1121,5,2024,15,11,73.33333333333333,2642.2202101000366,176.14801400666911,-831.6945564499983,-1383.9246236499966,2626.772106650009,-2214.064320349993,0.7053842866277605
R1121,5,2025,17,11,64.70588235294117,16215.420004050084,953.8482355323579,-1187.9773081499989,-2222.4880647999853,9984.762782172009,-3062.3823282349767,1.1490606175293454
R1121,5,2026,18,14,77.77777777777779,20046.45234797711,1113.6917971098394,-1740.351460411992,-1740.3514604119919,10978.795522326014,-3688.5061332289843,1.634084699448915
R1121,11,2020,19,10,52.63157894736842,-579.7493969000316,-30.51312615263324,-308.03138006000154,-864.6406638000244,808.4788659999977,-817.4165836400061,-0.21720192674976832
R1121,11,2021,7,1,14.285714285714285,-585.286582740011,-83.61236896285871,-187.27159786000084,-585.286582740011,-44.531752140006574,-504.8496290400035,-0.6330695735550146
R1121,11,2022,14,2,14.285714285714285,-1172.1445229500114,-83.72460878214368,-230.96027454000068,-1172.1445229500114,109.96515752999585,-595.3965277200023,-0.8456013894186197
R1121,11,2023,11,9,81.81818181818183,1646.0144548899864,149.6376777172715,-180.8000789300022,-292.91137454000454,1689.9313908899933,-336.43607098000393,0.5646706586320732
R1121,11,2024,15,10,66.66666666666666,2205.7579022199498,147.05052681466333,-856.870384190006,-1481.994292030009,2536.3691546299924,-2304.516024770015,0.5859863688658805
R1121,11,2025,17,11,64.70588235294117,15201.26395130996,894.19199713588,-1268.878427937001,-2382.720302560014,9735.083675978385,-3214.930708517011,1.0299045619811187
R1121,11,2026,18,14,77.77777777777779,18618.700716749256,1034.3722620416254,-1817.900438506404,-1817.9004385064036,10733.999437117163,-3925.9095435038257,1.5152196365379411
R1121,20,2020,19,9,47.368421052631575,-1068.267758,-56.22461884210526,-334.77510919999986,-1278.2357159999992,730.1465200000002,-899.4738247999976,-0.39693423914806
R1121,20,2021,7,0,0.0,-749.3555867999985,-107.0507981142855,-213.5655052000002,-749.3555867999985,-110.89149479999833,-577.0656528,-0.813134006947449
R1121,20,2022,14,1,7.142857142857142,-1416.4264690000055,-101.17331921428611,-248.3036628000009,-1416.4264690000055,59.70740459999796,-651.4836503999995,-1.0257064074584676
R1121,20,2023,11,7,63.63636363636363,1300.642199800006,118.24019998181872,-207.82035259999972,-383.7068301999989,1564.841119800003,-415.2677836000002,0.3856371097571584
R1121,20,2024,15,10,66.66666666666666,1551.0644404000016,103.40429602666677,-902.7021053999996,-1746.379459799995,2400.764726600002,-2440.193581399999,0.4068894922231109
R1121,20,2025,17,11,64.70588235294117,13680.029872200037,804.7076395411787,-1400.758823340002,-2623.0686591999984,9360.565016688022,-3443.7532789400066,0.8511704786588123
R1121,20,2026,18,13,72.22222222222221,16477.07326990801,915.3929594393339,-1934.223905648003,-1934.223905648003,10366.805309304,-4282.014658915992,1.3369220421715242
R1122,5,2020,19,10,52.63157894736842,-254.0704894999708,-13.372131026314252,-290.20222730000023,-718.1137601999926,860.7004300000062,-762.7117561999967,-0.09738038515087725
R1122,5,2021,7,0,0.0,-645.9956483999886,-92.2850926285698,-169.74232629999824,-645.9956483999886,-43.61671409999508,-474.90085839999665,-0.7064847636606613
R1122,5,2022,14,2,14.285714285714285,-959.2643919999864,-68.51888514285618,-219.39801569999872,-959.2643919999864,193.49582640000153,-558.0051125999944,-0.6843649025319287
R1122,5,2023,11,9,81.81818181818183,1926.2881252000243,175.1171022909113,-162.78656314999898,-238.67291569999543,1773.3249049500118,-283.8815958999967,0.7115385947241472
R1122,5,2024,15,11,73.33333333333333,2802.301810900033,186.82012072666888,-831.6945564499983,-1383.9246236499966,2626.772106650009,-2214.064320349993,0.7619102756108103
R1122,5,2025,17,11,64.70588235294117,15895.21345278608,935.01255604624,-1187.9773081499989,-2222.4880647999853,9984.762782172009,-3062.3823282349767,1.1172113116684765
R1122,5,2026,18,14,77.77777777777779,20476.729901238105,1137.596105624339,-1740.351460411992,-1740.3514604119919,10978.795522326014,-3688.5061332289843,1.673317111256727
R1122,11,2020,19,10,52.63157894736842,-579.7493969000316,-30.51312615263324,-308.03138006000154,-864.6406638000244,808.4788659999977,-817.4165836400061,-0.21720192674976832
R1122,11,2021,7,0,0.0,-755.476986480011,-107.92528378285871,-187.27159786000084,-755.476986480011,-89.82357102000424,-521.9894084800035,-0.8266437361346324
R1122,11,2022,14,2,14.285714285714285,-1122.0890224000123,-80.14921588571517,-230.96027454000068,-1122.0890224000123,160.02065807999497,-595.3965277200023,-0.8044102270173694
R1122,11,2023,11,9,81.81818181818183,1696.0699554399819,154.18817776727107,-180.8000789300022,-292.91137454000454,1689.9313908899933,-336.43607098000393,0.592199394566735
R1122,11,2024,15,11,73.33333333333333,2365.9355039799484,157.72903359866322,-856.870384190006,-1481.994292030009,2536.3691546299924,-2304.516024770015,0.6425462564929987
R1122,11,2025,17,11,64.70588235294117,14880.86537212916,875.3450218899505,-1268.878427937001,-2382.720302560014,9735.083675978385,-3214.930708517011,0.9980361560867502
R1122,11,2026,18,14,77.77777777777779,19049.236307523453,1058.2909059735252,-1817.900438506404,-1817.9004385064036,10733.999437117163,-3925.9095435038257,1.554475576028996
R1122,20,2020,19,9,47.368421052631575,-1068.267758,-56.22461884210526,-334.77510919999986,-1278.2357159999992,730.1465200000002,-899.4738247999976,-0.39693423914806
R1122,20,2021,7,0,0.0,-919.6989935999991,-131.38557051428558,-213.5655052000002,-919.6989935999991,-159.13385639999797,-592.622233600001,-1.006882194845539
R1122,20,2022,14,2,14.285714285714285,-1366.3259680000047,-97.59471200000033,-248.3036628000009,-1366.3259680000047,109.80790559999876,-651.4836503999995,-0.9844782137454978
R1122,20,2023,11,8,72.72727272727273,1350.7427008000031,122.79479098181847,-207.82035259999972,-374.26906280000003,1564.841119800003,-415.2677836000002,0.4131905943306596
R1122,20,2024,15,11,73.33333333333333,1711.3860436000034,114.09240290666689,-902.7021053999996,-1746.379459799995,2400.764726600002,-2440.193581399999,0.4635002278163318
R1122,20,2025,17,10,58.82352941176471,13359.34325114404,785.8437206555318,-1400.758823340002,-2623.0686591999984,9360.565016688022,-3443.7532789400066,0.8192734227141947
R1122,20,2026,18,13,72.22222222222221,16907.995916952008,939.3331064973338,-1934.223905648003,-1934.223905648003,10366.805309304,-4282.014658915992,1.3762132731874437
R1200,5,2020,19,9,47.368421052631575,-454.17449149997265,-23.903920605261717,-488.7666094999968,-908.2125620999941,860.7004300000062,-1043.9178989999982,-0.16781691719605965
R1200,5,2021,7,0,0.0,-435.8864462999918,-62.26949232857026,-169.74232629999824,-435.8864462999918,-30.212724199996956,-386.66921249999723,-0.46886629056874835
R1200,5,2022,14,2,14.285714285714285,-939.2541918999868,-67.08958513571335,-299.4388160999988,-980.3671772499874,172.09217130000252,-669.2123281499953,-0.6737102870831586
R1200,5,2023,11,7,63.63636363636363,1766.2065244000241,160.5642294909113,-162.78656314999898,-238.7484827499975,1773.3249049500118,-322.6099807999981,0.6302490273860256
R1200,5,2024,15,11,73.33333333333333,1761.771405700034,117.45142704666893,-2082.0077701500013,-2083.5626299000032,2626.772106650009,-2640.2065047499964,0.4666317006955715
R1200,5,2025,17,11,64.70588235294117,16415.478655386076,965.6163914932986,-1187.9773081499989,-1702.2228621999893,9984.762782172009,-2762.2293267349814,1.2602418295170397
R1200,5,2026,18,13,72.22222222222221,17144.58047714711,952.4766931748394,-1828.3847833170005,-1856.481105638988,10978.795522326014,-4639.119332293987,1.3617771251024768
R1200,11,2020,19,9,47.368421052631575,-779.9734013000325,-41.05123164737013,-505.816220900002,-1064.8646682000253,808.4788659999977,-1099.4144178000079,-0.28768069959377807
R1200,11,2021,7,0,0.0,-545.2417818600097,-77.89168312285854,-187.27159786000084,-545.2417818600097,-74.56535280000571,-434.7712275000031,-0.5888827632087767
R1200,11,2022,14,2,14.285714285714285,-1102.0668221800133,-78.7190587271438,-311.04907542,-1131.9834299500126,137.77741685999536,-707.3534019300005,-0.793749221994118
R1200,11,2023,11,7,63.63636363636363,1535.8923536799887,139.62657760727168,-180.8000789300022,-312.7639820500008,1689.9313908899933,-378.10371776000284,0.5108610778628973
R1200,11,2024,15,10,66.66666666666666,1324.7810925399608,88.31873950266406,-2115.5696943300027,-2149.9183457800027,2536.3691546299924,-2721.372590450006,0.3470906029721166
R1200,11,2025,17,11,64.70588235294117,15401.44257784916,905.9672104617154,-1268.878427937001,-1862.1430968400125,9735.083675978385,-2914.597705217013,1.1411524493583123
R1200,11,2026,18,12,66.66666666666666,15715.088592923254,873.0604773846252,-1907.991282497409,-2004.4704716058186,10733.999437117163,-4877.092825446824,1.2427487592983413
R1200,20,2020,19,8,42.10526315789473,-1268.6717659999977,-66.7721982105262,-531.390637999999,-1478.639723999997,730.1465200000002,-1182.659195999995,-0.4674763731903104
R1200,20,2021,7,0,0.0,-709.2747851999957,-101.3249693142851,-213.5655052000002,-709.2747851999957,-140.95209599999725,-506.9242499999982,-0.7689074721687732
R1200,20,2022,14,2,14.285714285714285,-1346.285767600004,-96.163269114286,-328.4644644,-1359.407809000004,86.30528520000006,-764.5650126,-0.9738076243605217
R1200,20,2023,11,7,63.63636363636363,1190.421097600005,108.22009978181863,-207.82035259999972,-423.78723100000025,1564.841119800003,-461.3443232000009,0.3317791535782391
R1200,20,2024,15,9,60.0,669.2956228000003,44.619708186666685,-2165.912580600001,-2270.3852073999988,2400.764726600002,-2843.1217190000025,0.16777895638697563
R1200,20,2025,17,10,58.82352941176471,13880.38846154404,816.4934389143554,-1400.758823340002,-2102.0234487999987,9360.565016688022,-3143.1502729400054,0.9625183791202528
R1200,20,2026,18,11,61.111111111111114,13570.850766588024,753.9361536993347,-2027.4010312679968,-2331.467479559993,10366.805309304,-5234.053065175984,1.064206210592184
R1201,5,2020,19,9,47.368421052631575,-394.14329089997045,-20.744383731577393,-488.7666094999968,-848.1813614999919,860.7004300000062,-1026.5501038999955,-0.14931845774825914
R1201,5,2021,7,1,14.285714285714285,-445.89164639999035,-63.69880662857005,-169.74232629999824,-445.89164639999035,-0.19712389999767765,-426.69001289999505,-0.4772341062738827
R1201,5,2022,14,3,21.428571428571427,-879.2235915999863,-62.80168511428474,-299.4388160999988,-920.3365769499869,193.67758140000115,-669.2123281499953,-0.6243105172510317
R1201,5,2023,11,8,72.72727272727273,1926.2881252000243,175.1171022909113,-162.78656314999898,-162.78656314999898,1773.3249049500118,-233.85609564999686,0.7182881852807624
R1201,5,2024,15,11,73.33333333333333,621.190000000035,41.412666666669,-2082.0077701500013,-2904.69983125,2626.772106650009,-3734.8395279499964,0.1664041361026379
R1201,5,2025,17,11,64.70588235294117,16445.53730520008,967.3845473647106,-1187.9773081499989,-1992.3707636499894,9984.762782172009,-2861.1405147349797,1.2109717265627664
R1201,5,2026,18,14,77.77777777777779,19095.839148912106,1060.8799527173392,-1828.3847833170005,-1828.3847833170003,10978.795522326014,-4639.119332293987,1.5534559293840293
R1201,11,2020,19,9,47.368421052631575,-719.9061999800306,-37.88979999894898,-505.816220900002,-1004.7974668800234,808.4788659999977,-1077.710788580005,-0.2691711466170734
R1201,11,2021,7,1,14.285714285714285,-555.2529820800119,-79.32185458285883,-187.27159786000084,-555.2529820800119,-44.531752140006574,-474.81602838000435,-0.5972555970942476
R1201,11,2022,14,3,21.428571428571427,-1042.000221520011,-74.42858725142936,-311.04907542,-1071.9168292900104,160.3103590799965,-707.3534019300005,-0.7443198271126151
R1201,11,2023,11,8,72.72727272727273,1696.0699554399873,154.18817776727158,-180.8000789300022,-180.8000789300022,1689.9313908899933,-286.380570430003,0.5989530328538222
R1201,11,2024,15,9,60.0,183.51567999995314,12.234378666663542,-2115.5696943300027,-3003.681508750007,2536.3691546299924,-3826.203241490013,0.04668299186368247
R1201,11,2025,17,11,64.70588235294117,15431.51925383996,907.7364266964682,-1268.878427937001,-2152.4650000300135,9735.083675978385,-3012.6691188170116,1.0918527991159104
R1201,11,2026,18,14,77.77777777777779,17667.517434806257,981.5287463781254,-1907.991282497409,-1907.991282497409,10733.999437117163,-4877.092825446824,1.4345425133875596
R1201,20,2020,19,8,42.10526315789473,-1208.5505635999998,-63.60792439999999,-531.390637999999,-1418.518521599999,730.1465200000002,-1154.4518155999995,-0.4489501799202507
R1201,20,2021,7,0,0.0,-719.2949855999977,-102.7564265142854,-213.5655052000002,-719.2949855999977,-110.89149479999833,-547.0050515999992,-0.7772878333247436
R1201,20,2022,14,2,14.285714285714285,-1286.1651664000055,-91.86894045714325,-328.4644644,-1299.2872078000055,110.25952559999858,-764.5650126,-0.9243337919049602
R1201,20,2023,11,7,63.63636363636363,1350.7427008000068,122.79479098181879,-207.82035259999972,-263.4656277999984,1564.841119800003,-365.16728259999945,0.4199503042134489
R1201,20,2024,15,9,60.0,-472.9958000000006,-31.533053333333374,-2165.912580600001,-3269.434690199996,2400.764726600002,-3963.2488118,-0.13289872449470352
R1201,20,2025,17,11,64.70588235294117,13910.492176800039,818.26424569412,-1400.758823340002,-2392.606354599997,9360.565016688022,-3239.962024940007,0.9131744079456584
R1201,20,2026,18,13,72.22222222222221,15525.03486364802,862.5019368693344,-2027.4010312679968,-2103.56609166001,10366.805309304,-5234.053065175984,1.2561723893928989
R1202,5,2020,19,9,47.368421052631575,-394.14329089997045,-20.744383731577393,-488.7666094999968,-848.1813614999919,860.7004300000062,-1026.5501038999955,-0.14931845774825914
R1202,5,2021,7,0,0.0,-615.9800480999893,-87.9971497285699,-169.74232629999824,-615.9800480999893,-43.61671409999508,-444.8852580999974,-0.6706922519745184
R1202,5,2022,14,3,21.428571428571427,-829.1980913499865,-59.22843509642761,-299.4388160999988,-896.2849672499888,243.70308165000097,-669.2123281499953,-0.5831440423909264
R1202,5,2023,11,8,72.72727272727273,1976.3136254500241,179.66487504091128,-162.78656314999898,-162.78656314999898,1773.3249049500118,-233.85609564999686,0.7458004221228675
R1202,5,2024,15,11,73.33333333333333,781.2716008000315,52.084773386668765,-2082.0077701500013,-2904.69983125,2626.772106650009,-3734.8395279499964,0.2229301250856875
R1202,5,2025,17,11,64.70588235294117,16125.330753936076,948.5488678785927,-1187.9773081499989,-1992.3707636499894,9984.762782172009,-2861.1405147349797,1.1791224207018975
R1202,5,2026,18,14,77.77777777777779,19526.1167021731,1084.784261231839,-1828.3847833170005,-1828.3847833170003,10978.795522326014,-4639.119332293987,1.5926883411918413
R1202,11,2020,19,9,47.368421052631575,-719.9061999800306,-37.88979999894898,-505.816220900002,-1004.7974668800234,808.4788659999977,-1077.710788580005,-0.2691711466170734
R1202,11,2021,7,0,0.0,-725.4433858200118,-103.63476940285884,-187.27159786000084,-725.4433858200118,-89.82357102000424,-491.95580782000434,-0.7908297596738655
R1202,11,2022,14,3,21.428571428571427,-991.944720970012,-70.85319435500085,-311.04907542,-1021.8613287400112,210.3658596299956,-707.3534019300005,-0.7031286647113649
R1202,11,2023,11,8,72.72727272727273,1746.1254559899828,158.73867781727117,-180.8000789300022,-180.8000789300022,1689.9313908899933,-286.380570430003,0.626481768788484
R1202,11,2024,15,10,66.66666666666666,343.6932817599518,22.912885450663453,-2115.5696943300027,-3003.681508750007,2536.3691546299924,-3826.203241490013,0.10324287949080062
R1202,11,2025,17,11,64.70588235294117,15111.12067465916,888.8894514505388,-1268.878427937001,-2152.4650000300135,9735.083675978385,-3012.6691188170116,1.0599843932215418
R1202,11,2026,18,14,77.77777777777779,18098.053025580455,1005.4473903100253,-1907.991282497409,-1907.991282497409,10733.999437117163,-4877.092825446824,1.4737984528786148
R1202,20,2020,19,8,42.10526315789473,-1208.5505635999998,-63.60792439999999,-531.390637999999,-1418.518521599999,730.1465200000002,-1154.4518155999995,-0.4489501799202507
R1202,20,2021,7,0,0.0,-889.6383923999983,-127.09119891428547,-213.5655052000002,-889.6383923999983,-159.13385639999797,-565.0078932000015,-0.9710360212228336
R1202,20,2022,14,3,21.428571428571427,-1236.0646654000047,-88.29033324285749,-328.4644644,-1249.1867068000047,160.3600265999994,-764.5650126,-0.8831055981919905
R1202,20,2023,11,8,72.72727272727273,1400.843201800004,127.34938198181854,-207.82035259999972,-254.02786039999955,1564.841119800003,-365.16728259999945,0.4475037887869501
R1202,20,2024,15,10,66.66666666666666,-312.67419679999875,-20.84494645333325,-2165.912580600001,-3269.434690199996,2400.764726600002,-3963.2488118,-0.0762879889014826
R1202,20,2025,17,10,58.82352941176471,13589.805555744042,799.4003268084731,-1400.758823340002,-2392.606354599997,9360.565016688022,-3239.962024940007,0.8812773520010408
R1202,20,2026,18,13,72.22222222222221,15955.957510692017,886.4420839273342,-2027.4010312679968,-2103.56609166001,10366.805309304,-5234.053065175984,1.2954636204088184
R1210,5,2020,19,10,52.63157894736842,-384.1380907999719,-20.2177942526301,-488.7666094999968,-908.2125620999941,860.7004300000062,-1046.5605040999944,-0.14141680679377627
R1210,5,2021,7,0,0.0,-435.8864462999918,-62.26949232857026,-169.74232629999824,-435.8864462999918,-30.212724199996956,-386.66921249999723,-0.46886629056874835
R1210,5,2022,14,2,14.285714285714285,-939.2541918999868,-67.08958513571335,-299.4388160999988,-980.3671772499874,172.09217130000252,-669.2123281499953,-0.6737102870831586
R1210,5,2023,11,8,72.72727272727273,1816.232024650024,165.11200224091127,-162.78656314999898,-358.8096833499967,1773.3249049500118,-434.3674138999995,0.6578616591709783
R1210,5,2024,15,11,73.33333333333333,2262.026408200032,150.80176054666882,-2082.0077701500013,-2083.5626299000032,2626.772106650009,-2640.2065047499964,0.6295546782236608
R1210,5,2025,17,11,64.70588235294117,16485.514355736075,969.7361385727103,-1187.9773081499989,-1632.18716184999,9984.762782172009,-2762.2293267349814,1.2793589853379759
R1210,5,2026,18,13,72.22222222222221,17144.58047714711,952.4766931748394,-1828.3847833170005,-1856.481105638988,10978.795522326014,-4639.119332293987,1.3617771251024768
R1210,11,2020,19,10,52.63157894736842,-709.8949997600339,-37.36289472421231,-505.816220900002,-995.583076620007,808.4788659999977,-1099.4144178000079,-0.2612647570413292
R1210,11,2021,7,0,0.0,-545.2417818600097,-77.89168312285854,-187.27159786000084,-545.2417818600097,-74.56535280000571,-434.7712275000031,-0.5888827632087767
R1210,11,2022,14,2,14.285714285714285,-1102.0668221800133,-78.7190587271438,-311.04907542,-1131.9834299500126,137.77741685999536,-707.3534019300005,-0.793749221994118
R1210,11,2023,11,8,72.72727272727273,1585.947854229986,144.17707765727144,-180.8000789300022,-432.8971833700034,1689.9313908899933,-489.1817505800027,0.5384902689472696
R1210,11,2024,15,11,73.33333333333333,1825.3360980399593,121.68907320266395,-2115.5696943300027,-2149.9183457800027,2536.3691546299924,-2721.372590450006,0.5101112854342559
R1210,11,2025,17,11,64.70588235294117,15471.520278619158,910.0894281540682,-1268.878427937001,-1792.0653960700145,9735.083675978385,-2914.597705217013,1.16028106974046
R1210,11,2026,18,12,66.66666666666666,15715.088592923254,873.0604773846252,-1907.991282497409,-2004.4704716058186,10733.999437117163,-4877.092825446824,1.2427487592983413
R1210,20,2020,19,9,47.368421052631575,-1198.530363199996,-63.080545431578734,-531.390637999999,-1408.4983211999952,730.1465200000002,-1182.659195999995,-0.44103668241261096
R1210,20,2021,7,0,0.0,-709.2747851999957,-101.3249693142851,-213.5655052000002,-709.2747851999957,-140.95209599999725,-506.9242499999982,-0.7689074721687732
R1210,20,2022,14,2,14.285714285714285,-1346.285767600004,-96.163269114286,-328.4644644,-1359.407809000004,86.30528520000006,-764.5650126,-0.9738076243605217
R1210,20,2023,11,8,72.72727272727273,1240.5215986000057,112.7746907818187,-207.82035259999972,-544.0284334000007,1564.841119800003,-571.4032556000002,0.35943318361174553
R1210,20,2024,15,10,66.66666666666666,1170.300632800001,78.02004218666674,-2165.912580600001,-2270.3852073999988,2400.764726600002,-2843.1217190000025,0.3309461962501903
R1210,20,2025,17,10,58.82352941176471,13950.52916294404,820.61936252612,-1400.758823340002,-2031.882747399999,9360.565016688022,-3143.1502729400054,0.981664196344219
R1210,20,2026,18,11,61.111111111111114,13570.850766588024,753.9361536993347,-2027.4010312679968,-2331.467479559993,10366.805309304,-5234.053065175984,1.064206210592184
R1211,5,2020,19,10,52.63157894736842,-324.1068901999697,-17.058257378945775,-488.7666094999968,-848.1813614999919,860.7004300000062,-1046.5605040999944,-0.12291834734597577
R1211,5,2021,7,1,14.285714285714285,-445.89164639999035,-63.69880662857005,-169.74232629999824,-445.89164639999035,-0.19712389999767765,-426.69001289999505,-0.4772341062738827
R1211,5,2022,14,3,21.428571428571427,-879.2235915999863,-62.80168511428474,-299.4388160999988,-920.3365769499869,193.67758140000115,-669.2123281499953,-0.6243105172510317
R1211,5,2023,11,9,81.81818181818183,1976.3136254500241,179.66487504091128,-162.78656314999898,-238.67291569999543,1773.3249049500118,-274.28581309999936,0.7459008170657152
R1211,5,2024,15,11,73.33333333333333,1121.4450025000333,74.76300016666889,-2082.0077701500013,-2904.69983125,2626.772106650009,-3734.8395279499964,0.3293271136307272
R1211,5,2025,17,11,64.70588235294117,16515.57300555008,971.5042944441223,-1187.9773081499989,-1922.33506329999,9984.762782172009,-2861.1405147349797,1.2300888823837026
R1211,5,2026,18,14,77.77777777777779,19095.839148912106,1060.8799527173392,-1828.3847833170005,-1828.3847833170003,10978.795522326014,-4639.119332293987,1.5534559293840293
R1211,11,2020,19,10,52.63157894736842,-649.827798440032,-34.20146307579116,-505.816220900002,-935.5158753000051,808.4788659999977,-1097.7331890200057,-0.24275520406462453
R1211,11,2021,7,1,14.285714285714285,-555.2529820800119,-79.32185458285883,-187.27159786000084,-555.2529820800119,-44.531752140006574,-474.81602838000435,-0.5972555970942476
R1211,11,2022,14,3,21.428571428571427,-1042.000221520011,-74.42858725142936,-311.04907542,-1071.9168292900104,160.3103590799965,-707.3534019300005,-0.7443198271126151
R1211,11,2023,11,9,81.81818181818183,1746.1254559899846,158.73867781727134,-180.8000789300022,-292.91137454000454,1689.9313908899933,-329.00414882000405,0.6265822239381946
R1211,11,2024,15,10,66.66666666666666,684.0706854999517,45.60471236666344,-2115.5696943300027,-3003.681508750007,2536.3691546299924,-3826.203241490013,0.20970367432582168
R1211,11,2025,17,11,64.70588235294117,15501.596954609959,911.8586443888211,-1268.878427937001,-2082.3872992600154,9735.083675978385,-3012.6691188170116,1.110981419498058
R1211,11,2026,18,14,77.77777777777779,17667.517434806257,981.5287463781254,-1907.991282497409,-1907.991282497409,10733.999437117163,-4877.092825446824,1.4345425133875596
R1211,20,2020,19,9,47.368421052631575,-1138.409160799998,-59.91627162105253,-531.390637999999,-1348.3771187999973,730.1465200000002,-1174.4922163999981,-0.4225104891425512
R1211,20,2021,7,0,0.0,-719.2949855999977,-102.7564265142854,-213.5655052000002,-719.2949855999977,-110.89149479999833,-547.0050515999992,-0.7772878333247436
R1211,20,2022,14,2,14.285714285714285,-1286.1651664000055,-91.86894045714325,-328.4644644,-1299.2872078000055,110.25952559999858,-764.5650126,-0.9243337919049602
R1211,20,2023,11,8,72.72727272727273,1400.8432018000076,127.34938198181887,-207.82035259999972,-383.7068301999989,1564.841119800003,-411.0816523999983,0.44760433424695534
R1211,20,2024,15,10,66.66666666666666,28.009210000000166,1.8672806666666777,-2165.912580600001,-3269.434690199996,2400.764726600002,-3963.2488118,0.030268515368511193
R1211,20,2025,17,11,64.70588235294117,13980.632878200038,822.3901693058846,-1400.758823340002,-2322.465653199997,9360.565016688022,-3239.962024940007,0.9323202251696244
R1211,20,2026,18,13,72.22222222222221,15525.03486364802,862.5019368693344,-2027.4010312679968,-2103.56609166001,10366.805309304,-5234.053065175984,1.2561723893928989
R1212,5,2020,19,10,52.63157894736842,-324.1068901999697,-17.058257378945775,-488.7666094999968,-848.1813614999919,860.7004300000062,-1046.5605040999944,-0.12291834734597577
R1212,5,2021,7,0,0.0,-615.9800480999893,-87.9971497285699,-169.74232629999824,-615.9800480999893,-43.61671409999508,-444.8852580999974,-0.6706922519745184
R1212,5,2022,14,3,21.428571428571427,-829.1980913499865,-59.22843509642761,-299.4388160999988,-896.2849672499888,243.70308165000097,-669.2123281499953,-0.5831440423909264
R1212,5,2023,11,9,81.81818181818183,2026.339125700024,184.21264779091126,-162.78656314999898,-238.67291569999543,1773.3249049500118,-238.67291569999543,0.7734130539078202
R1212,5,2024,15,11,73.33333333333333,1281.5266033000298,85.43510688666865,-2082.0077701500013,-2904.69983125,2626.772106650009,-3734.8395279499964,0.38585310261377687
R1212,5,2025,17,11,64.70588235294117,16195.366454286075,952.6686149580045,-1187.9773081499989,-1922.33506329999,9984.762782172009,-2861.1405147349797,1.1982395765228337
R1212,5,2026,18,14,77.77777777777779,19526.1167021731,1084.784261231839,-1828.3847833170005,-1828.3847833170003,10978.795522326014,-4639.119332293987,1.5926883411918413
R1212,11,2020,19,10,52.63157894736842,-649.827798440032,-34.20146307579116,-505.816220900002,-935.5158753000051,808.4788659999977,-1097.7331890200057,-0.24275520406462453
R1212,11,2021,7,0,0.0,-725.4433858200118,-103.63476940285884,-187.27159786000084,-725.4433858200118,-89.82357102000424,-491.95580782000434,-0.7908297596738655
R1212,11,2022,14,3,21.428571428571427,-991.944720970012,-70.85319435500085,-311.04907542,-1021.8613287400112,210.3658596299956,-707.3534019300005,-0.7031286647113649
R1212,11,2023,11,9,81.81818181818183,1796.18095653998,163.2891778672709,-180.8000789300022,-292.91137454000454,1689.9313908899933,-292.91137454000454,0.6541109598728564
R1212,11,2024,15,11,73.33333333333333,844.2482872599503,56.283219150663356,-2115.5696943300027,-3003.681508750007,2536.3691546299924,-3826.203241490013,0.2662635619529398
R1212,11,2025,17,11,64.70588235294117,15181.198375429158,893.0116691428916,-1268.878427937001,-2082.3872992600154,9735.083675978385,-3012.6691188170116,1.0791130136036895
R1212,11,2026,18,14,77.77777777777779,18098.053025580455,1005.4473903100253,-1907.991282497409,-1907.991282497409,10733.999437117163,-4877.092825446824,1.4737984528786148
R1212,20,2020,19,9,47.368421052631575,-1138.409160799998,-59.91627162105253,-531.390637999999,-1348.3771187999973,730.1465200000002,-1174.4922163999981,-0.4225104891425512
R1212,20,2021,7,0,0.0,-889.6383923999983,-127.09119891428547,-213.5655052000002,-889.6383923999983,-159.13385639999797,-565.0078932000015,-0.9710360212228336
R1212,20,2022,14,3,21.428571428571427,-1236.0646654000047,-88.29033324285749,-328.4644644,-1249.1867068000047,160.3600265999994,-764.5650126,-0.8831055981919905
R1212,20,2023,11,9,81.81818181818183,1450.9437028000048,131.9039729818186,-207.82035259999972,-374.26906280000003,1564.841119800003,-374.2690628,0.47515781882045655
R1212,20,2024,15,11,73.33333333333333,188.330813200002,12.5553875466668,-2165.912580600001,-3269.434690199996,2400.764726600002,-3963.2488118,0.08687925096173216
R1212,20,2025,17,10,58.82352941176471,13659.946257144042,803.5262504202377,-1400.758823340002,-2322.465653199997,9360.565016688022,-3239.962024940007,0.9004231692250068
R1212,20,2026,18,13,72.22222222222221,15955.957510692017,886.4420839273342,-2027.4010312679968,-2103.56609166001,10366.805309304,-5234.053065175984,1.2954636204088184
R1220,5,2020,19,10,52.63157894736842,-384.1380907999719,-20.2177942526301,-488.7666094999968,-908.2125620999941,860.7004300000062,-1046.5605040999944,-0.14141680679377627
R1220,5,2021,7,0,0.0,-435.8864462999918,-62.26949232857026,-169.74232629999824,-435.8864462999918,-30.212724199996956,-386.66921249999723,-0.46886629056874835
R1220,5,2022,14,2,14.285714285714285,-939.2541918999868,-67.08958513571335,-299.4388160999988,-980.3671772499874,172.09217130000252,-669.2123281499953,-0.6737102870831586
R1220,5,2023,11,8,72.72727272727273,1716.1810241500243,156.0164567409113,-162.78656314999898,-358.8096833499967,1773.3249049500118,-434.3674138999995,0.5959871999873051
R1220,5,2024,15,11,73.33333333333333,2262.026408200032,150.80176054666882,-2082.0077701500013,-2083.5626299000032,2626.772106650009,-2640.2065047499964,0.6295546782236608
R1220,5,2025,17,11,64.70588235294117,16485.514355736075,969.7361385727103,-1187.9773081499989,-1632.18716184999,9984.762782172009,-2762.2293267349814,1.2793589853379759
R1220,5,2026,18,13,72.22222222222221,17144.58047714711,952.4766931748394,-1828.3847833170005,-1856.481105638988,10978.795522326014,-4639.119332293987,1.3617771251024768
R1220,11,2020,19,10,52.63157894736842,-709.8949997600339,-37.36289472421231,-505.816220900002,-995.583076620007,808.4788659999977,-1099.4144178000079,-0.2612647570413292
R1220,11,2021,7,0,0.0,-545.2417818600097,-77.89168312285854,-187.27159786000084,-545.2417818600097,-74.56535280000571,-434.7712275000031,-0.5888827632087767
R1220,11,2022,14,2,14.285714285714285,-1102.0668221800133,-78.7190587271438,-311.04907542,-1131.9834299500126,137.77741685999536,-707.3534019300005,-0.793749221994118
R1220,11,2023,11,8,72.72727272727273,1485.8368531299877,135.07607755727162,-180.8000789300022,-432.8971833700034,1689.9313908899933,-489.1817505800027,0.4765787036411482
R1220,11,2024,15,11,73.33333333333333,1825.3360980399593,121.68907320266395,-2115.5696943300027,-2149.9183457800027,2536.3691546299924,-2721.372590450006,0.5101112854342559
R1220,11,2025,17,11,64.70588235294117,15471.520278619158,910.0894281540682,-1268.878427937001,-1792.0653960700145,9735.083675978385,-2914.597705217013,1.16028106974046
R1220,11,2026,18,12,66.66666666666666,15715.088592923254,873.0604773846252,-1907.991282497409,-2004.4704716058186,10733.999437117163,-4877.092825446824,1.2427487592983413
R1220,20,2020,19,9,47.368421052631575,-1198.530363199996,-63.080545431578734,-531.390637999999,-1408.4983211999952,730.1465200000002,-1182.659195999995,-0.44103668241261096
R1220,20,2021,7,0,0.0,-709.2747851999957,-101.3249693142851,-213.5655052000002,-709.2747851999957,-140.95209599999725,-506.9242499999982,-0.7689074721687732
R1220,20,2022,14,2,14.285714285714285,-1346.285767600004,-96.163269114286,-328.4644644,-1359.407809000004,86.30528520000006,-764.5650126,-0.9738076243605217
R1220,20,2023,11,7,63.63636363636363,1140.3205966000041,103.66550878181856,-207.82035259999972,-544.0284334000007,1564.841119800003,-571.4032556000002,0.2974659591219487
R1220,20,2024,15,10,66.66666666666666,1170.300632800001,78.02004218666674,-2165.912580600001,-2270.3852073999988,2400.764726600002,-2843.1217190000025,0.3309461962501903
R1220,20,2025,17,10,58.82352941176471,13950.52916294404,820.61936252612,-1400.758823340002,-2031.882747399999,9360.565016688022,-3143.1502729400054,0.981664196344219
R1220,20,2026,18,11,61.111111111111114,13570.850766588024,753.9361536993347,-2027.4010312679968,-2331.467479559993,10366.805309304,-5234.053065175984,1.064206210592184
R1221,5,2020,19,10,52.63157894736842,-324.1068901999697,-17.058257378945775,-488.7666094999968,-848.1813614999919,860.7004300000062,-1046.5605040999944,-0.12291834734597577
R1221,5,2021,7,1,14.285714285714285,-445.89164639999035,-63.69880662857005,-169.74232629999824,-445.89164639999035,-0.19712389999767765,-426.69001289999505,-0.4772341062738827
R1221,5,2022,14,3,21.428571428571427,-879.2235915999863,-62.80168511428474,-299.4388160999988,-920.3365769499869,193.67758140000115,-669.2123281499953,-0.6243105172510317
R1221,5,2023,11,9,81.81818181818183,1876.2626249500245,170.56932954091133,-162.78656314999898,-238.67291569999543,1773.3249049500118,-283.8815958999967,0.684026357882042
R1221,5,2024,15,11,73.33333333333333,1121.4450025000333,74.76300016666889,-2082.0077701500013,-2904.69983125,2626.772106650009,-3734.8395279499964,0.3293271136307272
R1221,5,2025,17,11,64.70588235294117,16515.57300555008,971.5042944441223,-1187.9773081499989,-1922.33506329999,9984.762782172009,-2861.1405147349797,1.2300888823837026
R1221,5,2026,18,14,77.77777777777779,19095.839148912106,1060.8799527173392,-1828.3847833170005,-1828.3847833170003,10978.795522326014,-4639.119332293987,1.5534559293840293
R1221,11,2020,19,10,52.63157894736842,-649.827798440032,-34.20146307579116,-505.816220900002,-935.5158753000051,808.4788659999977,-1097.7331890200057,-0.24275520406462453
R1221,11,2021,7,1,14.285714285714285,-555.2529820800119,-79.32185458285883,-187.27159786000084,-555.2529820800119,-44.531752140006574,-474.81602838000435,-0.5972555970942476
R1221,11,2022,14,3,21.428571428571427,-1042.000221520011,-74.42858725142936,-311.04907542,-1071.9168292900104,160.3103590799965,-707.3534019300005,-0.7443198271126151
R1221,11,2023,11,9,81.81818181818183,1646.0144548899864,149.6376777172715,-180.8000789300022,-292.91137454000454,1689.9313908899933,-336.43607098000393,0.5646706586320732
R1221,11,2024,15,10,66.66666666666666,684.0706854999517,45.60471236666344,-2115.5696943300027,-3003.681508750007,2536.3691546299924,-3826.203241490013,0.20970367432582168
R1221,11,2025,17,11,64.70588235294117,15501.596954609959,911.8586443888211,-1268.878427937001,-2082.3872992600154,9735.083675978385,-3012.6691188170116,1.110981419498058
R1221,11,2026,18,14,77.77777777777779,17667.517434806257,981.5287463781254,-1907.991282497409,-1907.991282497409,10733.999437117163,-4877.092825446824,1.4345425133875596
R1221,20,2020,19,9,47.368421052631575,-1138.409160799998,-59.91627162105253,-531.390637999999,-1348.3771187999973,730.1465200000002,-1174.4922163999981,-0.4225104891425512
R1221,20,2021,7,0,0.0,-719.2949855999977,-102.7564265142854,-213.5655052000002,-719.2949855999977,-110.89149479999833,-547.0050515999992,-0.7772878333247436
R1221,20,2022,14,2,14.285714285714285,-1286.1651664000055,-91.86894045714325,-328.4644644,-1299.2872078000055,110.25952559999858,-764.5650126,-0.9243337919049602
R1221,20,2023,11,7,63.63636363636363,1300.642199800006,118.24019998181872,-207.82035259999972,-383.7068301999989,1564.841119800003,-415.2677836000002,0.3856371097571584
R1221,20,2024,15,10,66.66666666666666,28.009210000000166,1.8672806666666777,-2165.912580600001,-3269.434690199996,2400.764726600002,-3963.2488118,0.030268515368511193
R1221,20,2025,17,11,64.70588235294117,13980.632878200038,822.3901693058846,-1400.758823340002,-2322.465653199997,9360.565016688022,-3239.962024940007,0.9323202251696244
R1221,20,2026,18,13,72.22222222222221,15525.03486364802,862.5019368693344,-2027.4010312679968,-2103.56609166001,10366.805309304,-5234.053065175984,1.2561723893928989
R1222,5,2020,19,10,52.63157894736842,-324.1068901999697,-17.058257378945775,-488.7666094999968,-848.1813614999919,860.7004300000062,-1046.5605040999944,-0.12291834734597577
R1222,5,2021,7,0,0.0,-615.9800480999893,-87.9971497285699,-169.74232629999824,-615.9800480999893,-43.61671409999508,-444.8852580999974,-0.6706922519745184
R1222,5,2022,14,3,21.428571428571427,-829.1980913499865,-59.22843509642761,-299.4388160999988,-896.2849672499888,243.70308165000097,-669.2123281499953,-0.5831440423909264
R1222,5,2023,11,9,81.81818181818183,1926.2881252000243,175.1171022909113,-162.78656314999898,-238.67291569999543,1773.3249049500118,-283.8815958999967,0.7115385947241472
R1222,5,2024,15,11,73.33333333333333,1281.5266033000298,85.43510688666865,-2082.0077701500013,-2904.69983125,2626.772106650009,-3734.8395279499964,0.38585310261377687
R1222,5,2025,17,11,64.70588235294117,16195.366454286075,952.6686149580045,-1187.9773081499989,-1922.33506329999,9984.762782172009,-2861.1405147349797,1.1982395765228337
R1222,5,2026,18,14,77.77777777777779,19526.1167021731,1084.784261231839,-1828.3847833170005,-1828.3847833170003,10978.795522326014,-4639.119332293987,1.5926883411918413
R1222,11,2020,19,10,52.63157894736842,-649.827798440032,-34.20146307579116,-505.816220900002,-935.5158753000051,808.4788659999977,-1097.7331890200057,-0.24275520406462453
R1222,11,2021,7,0,0.0,-725.4433858200118,-103.63476940285884,-187.27159786000084,-725.4433858200118,-89.82357102000424,-491.95580782000434,-0.7908297596738655
R1222,11,2022,14,3,21.428571428571427,-991.944720970012,-70.85319435500085,-311.04907542,-1021.8613287400112,210.3658596299956,-707.3534019300005,-0.7031286647113649
R1222,11,2023,11,9,81.81818181818183,1696.0699554399819,154.18817776727107,-180.8000789300022,-292.91137454000454,1689.9313908899933,-336.43607098000393,0.592199394566735
R1222,11,2024,15,11,73.33333333333333,844.2482872599503,56.283219150663356,-2115.5696943300027,-3003.681508750007,2536.3691546299924,-3826.203241490013,0.2662635619529398
R1222,11,2025,17,11,64.70588235294117,15181.198375429158,893.0116691428916,-1268.878427937001,-2082.3872992600154,9735.083675978385,-3012.6691188170116,1.0791130136036895
R1222,11,2026,18,14,77.77777777777779,18098.053025580455,1005.4473903100253,-1907.991282497409,-1907.991282497409,10733.999437117163,-4877.092825446824,1.4737984528786148
R1222,20,2020,19,9,47.368421052631575,-1138.409160799998,-59.91627162105253,-531.390637999999,-1348.3771187999973,730.1465200000002,-1174.4922163999981,-0.4225104891425512
R1222,20,2021,7,0,0.0,-889.6383923999983,-127.09119891428547,-213.5655052000002,-889.6383923999983,-159.13385639999797,-565.0078932000015,-0.9710360212228336
R1222,20,2022,14,3,21.428571428571427,-1236.0646654000047,-88.29033324285749,-328.4644644,-1249.1867068000047,160.3600265999994,-764.5650126,-0.8831055981919905
R1222,20,2023,11,8,72.72727272727273,1350.7427008000031,122.79479098181847,-207.82035259999972,-374.26906280000003,1564.841119800003,-415.2677836000002,0.4131905943306596
R1222,20,2024,15,11,73.33333333333333,188.330813200002,12.5553875466668,-2165.912580600001,-3269.434690199996,2400.764726600002,-3963.2488118,0.08687925096173216
R1222,20,2025,17,10,58.82352941176471,13659.946257144042,803.5262504202377,-1400.758823340002,-2322.465653199997,9360.565016688022,-3239.962024940007,0.9004231692250068
R1222,20,2026,18,13,72.22222222222221,15955.957510692017,886.4420839273342,-2027.4010312679968,-2103.56609166001,10366.805309304,-5234.053065175984,1.2954636204088184
R2000,5,2020,19,8,42.10526315789473,-514.2056920999712,-27.063457478945853,-264.9490622000012,-668.0554893999724,491.2626413000071,-681.6608055999986,-0.18479833119329384
R2000,5,2021,7,0,0.0,-465.9020465999911,-66.55743522857016,-179.7475263999986,-465.9020465999911,-53.51993919999586,-352.948897399996,-0.5000390491638952
R2000,5,2022,14,1,7.142857142857142,-859.2130913499859,-61.372363667856135,-159.6075809999984,-880.315876599987,-16.20737464999547,-418.7412117499971,-0.6167548608027233
R2000,5,2023,11,6,54.54545454545454,1536.0892232500228,139.64447484091116,-162.78656314999898,-418.84028364999904,1773.3249049500118,-387.457401149999,0.48265577567190704
R2000,5,2024,15,11,73.33333333333333,3422.6180140000397,228.17453426666933,-471.5109546499989,-471.5109546499989,2576.7466064000073,-749.2425952999947,0.8715047884355792
R2000,5,2025,17,11,64.70588235294117,12362.921387385086,727.2306698461815,-1938.3598118999944,-2122.437064299982,8616.00651930002,-3491.4848473939674,0.8796279067507947
R2000,5,2026,18,12,66.66666666666666,16083.896276085157,893.549793115842,-1172.703728834982,-3616.7692316429457,10978.795522326014,-2933.247971384946,1.2871336774106337
R2000,11,2020,19,7,36.84210526315789,-840.040602620029,-44.212663295790996,-285.5668168400043,-966.3875005800255,439.2628508599937,-735.7299323200059,-0.3046722973475316
R2000,11,2021,7,0,0.0,-575.2753825200143,-82.18219750285918,-197.2827980800012,-575.2753825200143,-99.67282624000836,-401.80053428000434,-0.6200742161119324
R2000,11,2022,14,1,7.142857142857142,-1021.9777209700169,-72.9984086407155,-174.10835820000284,-1031.8721285200172,-49.56866423000065,-456.52838585000427,-0.7367596395360066
R2000,11,2023,11,6,54.54545454545454,1305.6370511499902,118.69427737727183,-180.8000789300022,-492.96378403000017,1689.9313908899933,-444.70112253000116,0.3631793144535998
R2000,11,2024,15,10,66.66666666666666,2986.6237107999586,199.10824738666392,-496.4707802300036,-496.4707802300036,2486.3136540799896,-829.2746696600043,0.7522064931635408
R2000,11,2025,17,11,64.70588235294117,11346.454990646955,667.4385288615856,-1976.9064661800005,-2282.6093014600046,8360.232614459994,-3643.3914690668134,0.7603102723655198
R2000,11,2026,18,11,61.111111111111114,14653.768299386851,814.098238854825,-1255.0933754370053,-3926.0106352146177,10733.999437117163,-3190.4582578470145,1.1680605479197221
R2000,20,2020,19,4,21.052631578947366,-1328.7929683999973,-69.9364720210525,-316.49344879999626,-1430.9420555999968,361.2631652,-816.8336223999959,-0.4844832465788452
R2000,20,2021,7,0,0.0,-739.3353863999964,-105.6193409142852,-223.58570560000044,-739.3353863999964,-168.90215679999892,-475.07798959999855,-0.8001269665339293
R2000,20,2022,14,0,0.0,-1266.1246654000042,-90.4374761000003,-195.8595239999995,-1266.1246654000042,-99.61059860000023,-513.2091470000032,-0.916766807635889
R2000,20,2023,11,6,54.54545454545454,959.9587930000052,87.26898118181866,-207.82035259999972,-604.1490345999991,1564.841119800003,-530.5667045999999,0.18396462262616914
R2000,20,2024,15,9,60.0,2332.632255999997,155.50881706666647,-533.9105186000015,-533.9105186000015,2350.6642256000014,-949.3227812000005,0.5732590502555269
R2000,20,2025,17,10,58.82352941176471,9821.755395540029,577.7503173847076,-2034.7264476000016,-2522.8676571999968,7976.571757200014,-3871.2514015760207,0.5813338207876397
R2000,20,2026,18,10,55.55555555555556,12508.57633434001,694.920907463334,-1378.6778453399893,-4466.037800964004,10366.805309304,-3576.273687539986,0.9894508536834061
R2001,5,2020,19,8,42.10526315789473,-454.174491499969,-23.903920605261526,-247.5812670999985,-608.0242887999702,491.2626413000071,-621.6296049999964,-0.16629987174549332
R2001,5,2021,7,1,14.285714285714285,-475.9072466999896,-67.98674952856994,-179.7475263999986,-475.9072466999896,-23.504338899996583,-392.9696977999938,-0.5084068648690295
R2001,5,2022,14,2,14.285714285714285,-799.1824910499854,-57.08446364642753,-159.6075809999984,-820.2852762999864,16.150545500002412,-418.7412117499971,-0.5673550909705964
R2001,5,2023,11,7,63.63636363636363,1696.170824050023,154.19734764091118,-162.78656314999898,-298.70351599999776,1773.3249049500118,-307.00728349999554,0.5706949335666439
R2001,5,2024,15,11,73.33333333333333,2282.036608300041,152.1357738866694,-831.6945564499983,-1093.9327889999804,2576.7466064000073,-1843.8756184999947,0.5712772238426456
R2001,5,2025,17,11,64.70588235294117,12392.98003719909,728.9988257175935,-1938.3598118999944,-2412.584965749982,8616.00651930002,-3781.6327488439674,0.8303578037965217
R2001,5,2026,18,13,72.22222222222221,18035.154947850155,1001.9530526583419,-1172.703728834982,-2830.6712145689526,10978.795522326014,-2933.247971384946,1.4788124816921857
R2001,11,2020,19,7,36.84210526315789,-779.973401300027,-41.051231647369846,-263.86318762000155,-906.3202992600236,439.2628508599937,-675.662731000004,-0.2861627443708269
R2001,11,2021,7,1,14.285714285714285,-585.2865827400165,-83.61236896285949,-197.2827980800012,-585.2865827400165,-69.63922558000922,-441.8453351600056,-0.6284470499974033
R2001,11,2022,14,2,14.285714285714285,-961.9111203100147,-68.70793716500104,-174.10835820000284,-971.805527860015,-15.801439900000336,-456.52838585000427,-0.6873302446545039
R2001,11,2023,11,7,63.63636363636363,1465.8146529099888,133.25587753727172,-180.8000789300022,-352.9779752000013,1689.9313908899933,-362.0331437000041,0.4512712694445246
R2001,11,2024,15,9,60.0,1845.358298259951,123.02388655066339,-856.870384190006,-1278.758695800021,2486.3136540799896,-1934.1053207000114,0.4517988820551066
R2001,11,2025,17,11,64.70588235294117,11376.531666637755,669.2077450963385,-1976.9064661800005,-2572.9312046500054,8360.232614459994,-3933.713372256814,0.7110106221231176
R2001,11,2026,18,13,72.22222222222221,16606.197141269855,922.5665078483253,-1255.0933754370053,-3072.74126805181,10733.999437117163,-3190.4582578470145,1.3598543020089402
R2001,20,2020,19,4,21.052631578947366,-1268.6717659999995,-66.77219821052628,-288.28606840000066,-1370.820853199999,361.2631652,-756.712419999998,-0.4659570533087855
R2001,20,2021,7,0,0.0,-749.3555867999985,-107.0507981142855,-223.58570560000044,-749.3555867999985,-138.8415556,-515.1587911999995,-0.8085073276898997
R2001,20,2022,14,0,0.0,-1206.0040642000058,-86.14314744285755,-195.8595239999995,-1206.0040642000058,-63.729418000002624,-513.2091470000032,-0.8672929751803276
R2001,20,2023,11,6,54.54545454545454,1120.280396200007,101.84367238181882,-207.82035259999972,-443.8274313999973,1564.841119800003,-444.5719339999996,0.27213577326137894
R2001,20,2024,15,9,60.0,1190.3408331999965,79.35605554666644,-902.7021053999996,-1555.9975559999984,2350.6642256000014,-2069.449873999998,0.2725813693738478
R2001,20,2025,17,11,64.70588235294117,9851.859110796027,579.5211241644722,-2034.7264476000016,-2813.450562999995,7976.571757200014,-4161.834307376019,0.5319898496130451
R2001,20,2026,18,12,66.66666666666666,14462.760431400005,803.4866906333336,-1378.6778453399893,-3512.011408668004,10366.805309304,-3576.273687539986,1.1814170324841209
R2002,5,2020,19,8,42.10526315789473,-454.174491499969,-23.903920605261526,-247.5812670999985,-608.0242887999702,491.2626413000071,-621.6296049999964,-0.16629987174549332
R2002,5,2021,7,0,0.0,-645.9956483999886,-92.2850926285698,-179.7475263999986,-645.9956483999886,-107.3526294999956,-452.8989233999946,-0.7018650105696651
R2002,5,2022,14,2,14.285714285714285,-749.1569907999856,-53.511213628570395,-159.6075809999984,-770.2597760499866,66.17604575000223,-418.7412117499971,-0.5261886161104913
R2002,5,2023,11,7,63.63636363636363,1746.1963243000228,158.74512039091115,-162.78656314999898,-298.70351599999776,1773.3249049500118,-307.00728349999554,0.598207170408749
R2002,5,2024,15,11,73.33333333333333,2442.1182091000373,162.80788060666916,-831.6945564499983,-1093.9327889999804,2576.7466064000073,-1843.8756184999947,0.6278032128256952
R2002,5,2025,17,11,64.70588235294117,12072.773485935086,710.1631462314756,-1938.3598118999944,-2412.584965749982,8616.00651930002,-3781.6327488439674,0.7985084979356527
R2002,5,2026,18,13,72.22222222222221,18465.43250111115,1025.8573611728416,-1172.703728834982,-2830.6712145689526,10978.795522326014,-2933.247971384946,1.518044893499998
R2002,11,2020,19,7,36.84210526315789,-779.973401300027,-41.051231647369846,-263.86318762000155,-906.3202992600236,439.2628508599937,-675.662731000004,-0.2861627443708269
R2002,11,2021,7,0,0.0,-755.4769864800164,-107.9252837828595,-197.2827980800012,-755.4769864800164,-152.82786490000763,-501.7505914800077,-0.8220212125770211
R2002,11,2022,14,2,14.285714285714285,-911.8556197600155,-65.13254426857254,-174.10835820000284,-921.7500273100159,34.25406064999879,-456.52838585000427,-0.6461390822532537
R2002,11,2023,11,7,63.63636363636363,1515.8701534599843,137.8063775872713,-180.8000789300022,-352.9779752000013,1689.9313908899933,-362.0331437000041,0.4788000053791864
R2002,11,2024,15,10,66.66666666666666,2005.5359000199496,133.7023933346633,-856.870384190006,-1278.758695800021,2486.3136540799896,-1934.1053207000114,0.5083587696822247
R2002,11,2025,17,11,64.70588235294117,11056.133087456954,650.360769850409,-1976.9064661800005,-2572.9312046500054,8360.232614459994,-3933.713372256814,0.6791422162287493
R2002,11,2026,18,13,72.22222222222221,17036.732732044053,946.4851517802251,-1255.0933754370053,-3072.74126805181,10733.999437117163,-3190.4582578470145,1.3991102414999954
R2002,20,2020,19,4,21.052631578947366,-1268.6717659999995,-66.77219821052628,-288.28606840000066,-1370.820853199999,361.2631652,-756.712419999998,-0.4659570533087855
R2002,20,2021,7,0,0.0,-919.6989935999991,-131.38557051428558,-223.58570560000044,-919.6989935999991,-221.04071799999838,-575.0280936000017,-1.0022555155879895
R2002,20,2022,14,1,7.142857142857142,-1155.903563200005,-82.56454022857179,-195.8595239999995,-1155.903563200005,-13.62891700000182,-513.2091470000032,-0.8260647814673578
R2002,20,2023,11,7,63.63636363636363,1170.3808972000043,106.39826338181857,-207.82035259999972,-434.38966399999845,1564.841119800003,-444.5719339999996,0.29968925783488004
R2002,20,2024,15,10,66.66666666666666,1350.6624363999983,90.04416242666656,-902.7021053999996,-1555.9975559999984,2350.6642256000014,-2069.449873999998,0.3291921049670688
R2002,20,2025,17,10,58.82352941176471,9531.17248974003,560.6572052788254,-2034.7264476000016,-2813.450562999995,7976.571757200014,-4161.834307376019,0.5000927936684275
R2002,20,2026,18,12,66.66666666666666,14893.683078444003,827.4268376913335,-1378.6778453399893,-3512.011408668004,10366.805309304,-3576.273687539986,1.2207082635000406
R2010,5,2020,19,9,47.368421052631575,-444.16929139997046,-23.377331126314235,-267.5916672999974,-598.0190886999717,491.2626413000071,-701.6712057999976,-0.15839822079101049
R2010,5,2021,7,0,0.0,-465.9020465999911,-66.55743522857016,-179.7475263999986,-465.9020465999911,-53.51993919999586,-352.948897399996,-0.5000390491638952
R2010,5,2022,14,1,7.142857142857142,-859.2130913499859,-61.372363667856135,-159.6075809999984,-880.315876599987,-16.20737464999547,-418.7412117499971,-0.6167548608027233
R2010,5,2023,11,7,63.63636363636363,1586.1147235000226,144.19224759091114,-162.78656314999898,-538.9014842499982,1773.3249049500118,-434.3674138999995,0.5102684074568599
R2010,5,2024,15,11,73.33333333333333,3922.873016500038,261.5248677666692,-471.5109546499989,-471.5109546499989,2576.7466064000073,-749.2425952999947,1.0344277659636685
R2010,5,2025,17,11,64.70588235294117,12432.957087735085,731.3504169255932,-1938.3598118999944,-2052.4013639499826,8616.00651930002,-3491.4848473939674,0.8987450625717308
R2010,5,2026,18,12,66.66666666666666,16083.896276085157,893.549793115842,-1172.703728834982,-3616.7692316429457,10978.795522326014,-2933.247971384946,1.2871336774106337
R2010,11,2020,19,8,42.10526315789473,-769.9622010800304,-40.524326372633176,-285.5668168400043,-896.3090990400269,439.2628508599937,-755.7523327600065,-0.2782563547950827
R2010,11,2021,7,0,0.0,-575.2753825200143,-82.18219750285918,-197.2827980800012,-575.2753825200143,-99.67282624000836,-401.80053428000434,-0.6200742161119324
R2010,11,2022,14,1,7.142857142857142,-1021.9777209700169,-72.9984086407155,-174.10835820000284,-1031.8721285200172,-49.56866423000065,-456.52838585000427,-0.7367596395360066
R2010,11,2023,11,7,63.63636363636363,1355.6925516999875,123.24477742727159,-180.8000789300022,-613.0969853500028,1689.9313908899933,-489.1817505800027,0.3908085055379722
R2010,11,2024,15,11,73.33333333333333,3487.178716299957,232.4785810866638,-496.4707802300036,-496.4707802300036,2486.3136540799896,-829.2746696600043,0.9152271756256802
R2010,11,2025,17,11,64.70588235294117,11416.532691416953,671.5607465539384,-1976.9064661800005,-2212.5316006900066,8360.232614459994,-3643.3914690668134,0.7794388927476675
R2010,11,2026,18,11,61.111111111111114,14653.768299386851,814.098238854825,-1255.0933754370053,-3926.0106352146177,10733.999437117163,-3190.4582578470145,1.1680605479197221
R2010,20,2020,19,5,26.31578947368421,-1258.6515655999956,-66.24481924210504,-316.49344879999626,-1360.800652799995,361.2631652,-836.8740231999946,-0.4580435558011457
R2010,20,2021,7,0,0.0,-739.3353863999964,-105.6193409142852,-223.58570560000044,-739.3353863999964,-168.90215679999892,-475.07798959999855,-0.8001269665339293
R2010,20,2022,14,0,0.0,-1266.1246654000042,-90.4374761000003,-195.8595239999995,-1266.1246654000042,-99.61059860000023,-513.2091470000032,-0.916766807635889
R2010,20,2023,11,7,63.63636363636363,1010.059294000006,91.82357218181873,-207.82035259999972,-724.3902369999996,1564.841119800003,-571.4032556000002,0.21161865265967555
R2010,20,2024,15,10,66.66666666666666,2833.637265999998,188.90915106666654,-533.9105186000015,-533.9105186000015,2350.6642256000014,-949.3227812000005,0.7364262901187417
R2010,20,2025,17,10,58.82352941176471,9891.896096940029,581.8762409964722,-2034.7264476000016,-2452.726955799997,7976.571757200014,-3871.2514015760207,0.6004796380116056
R2010,20,2026,18,10,55.55555555555556,12508.57633434001,694.920907463334,-1378.6778453399893,-4466.037800964004,10366.805309304,-3576.273687539986,0.9894508536834061
R2011,5,2020,19,9,47.368421052631575,-384.13809079996827,-20.217794252629908,-267.5916672999974,-537.9878880999695,491.2626413000071,-641.6400051999954,-0.13989976134320994
R2011,5,2021,7,1,14.285714285714285,-475.9072466999896,-67.98674952856994,-179.7475263999986,-475.9072466999896,-23.504338899996583,-392.9696977999938,-0.5084068648690295
R2011,5,2022,14,2,14.285714285714285,-799.1824910499854,-57.08446364642753,-159.6075809999984,-820.2852762999864,16.150545500002412,-418.7412117499971,-0.5673550909705964
R2011,5,2023,11,8,72.72727272727273,1746.1963243000228,158.74512039091115,-162.78656314999898,-418.764716599997,1773.3249049500118,-418.764716599997,0.5983075653515967
R2011,5,2024,15,11,73.33333333333333,2782.291610800039,185.48610738666926,-831.6945564499983,-1093.9327889999804,2576.7466064000073,-1843.8756184999947,0.7342002013707348
R2011,5,2025,17,11,64.70588235294117,12463.015737549089,733.1185727970052,-1938.3598118999944,-2342.5492653999827,8616.00651930002,-3781.6327488439674,0.8494749596174577
R2011,5,2026,18,13,72.22222222222221,18035.154947850155,1001.9530526583419,-1172.703728834982,-2830.6712145689526,10978.795522326014,-2933.247971384946,1.4788124816921857
R2011,11,2020,19,8,42.10526315789473,-709.8949997600284,-37.362894724212026,-283.8855880600022,-836.241897720025,439.2628508599937,-695.6851314400046,-0.25974680181837806
R2011,11,2021,7,1,14.285714285714285,-585.2865827400165,-83.61236896285949,-197.2827980800012,-585.2865827400165,-69.63922558000922,-441.8453351600056,-0.6284470499974033
R2011,11,2022,14,2,14.285714285714285,-961.9111203100147,-68.70793716500104,-174.10835820000284,-971.805527860015,-15.801439900000336,-456.52838585000427,-0.6873302446545039
R2011,11,2023,11,8,72.72727272727273,1515.870153459986,137.80637758727147,-180.8000789300022,-473.11117652000394,1689.9313908899933,-473.11117652000394,0.4789004605288969
R2011,11,2024,15,10,66.66666666666666,2345.9133037599495,156.3942202506633,-856.870384190006,-1278.758695800021,2486.3136540799896,-1934.1053207000114,0.614819564517246
R2011,11,2025,17,11,64.70588235294117,11446.609367407753,673.3299627886913,-1976.9064661800005,-2502.8535038800073,8360.232614459994,-3933.713372256814,0.7301392425052653
R2011,11,2026,18,13,72.22222222222221,16606.197141269855,922.5665078483253,-1255.0933754370053,-3072.74126805181,10733.999437117163,-3190.4582578470145,1.3598543020089402
R2011,20,2020,19,5,26.31578947368421,-1198.5303631999977,-63.08054543157883,-308.32646919999934,-1300.6794503999972,361.2631652,-776.7528207999967,-0.43951736253108603
R2011,20,2021,7,0,0.0,-749.3555867999985,-107.0507981142855,-223.58570560000044,-749.3555867999985,-138.8415556,-515.1587911999995,-0.8085073276898997
R2011,20,2022,14,0,0.0,-1206.0040642000058,-86.14314744285755,-195.8595239999995,-1206.0040642000058,-63.729418000002624,-513.2091470000032,-0.8672929751803276
R2011,20,2023,11,7,63.63636363636363,1170.380897200008,106.3982633818189,-207.82035259999972,-564.0686337999978,1564.841119800003,-554.6308663999989,0.29978980329488536
R2011,20,2024,15,10,66.66666666666666,1691.3458431999973,112.75638954666648,-902.7021053999996,-1555.9975559999984,2350.6642256000014,-2069.449873999998,0.43574860923706255
R2011,20,2025,17,11,64.70588235294117,9921.999812196027,583.6470477762368,-2034.7264476000016,-2743.309861599995,7976.571757200014,-4161.834307376019,0.5511356668370112
R2011,20,2026,18,12,66.66666666666666,14462.760431400005,803.4866906333336,-1378.6778453399893,-3512.011408668004,10366.805309304,-3576.273687539986,1.1814170324841209
R2012,5,2020,19,9,47.368421052631575,-384.13809079996827,-20.217794252629908,-267.5916672999974,-537.9878880999695,491.2626413000071,-641.6400051999954,-0.13989976134320994
R2012,5,2021,7,0,0.0,-645.9956483999886,-92.2850926285698,-179.7475263999986,-645.9956483999886,-107.3526294999956,-452.8989233999946,-0.7018650105696651
R2012,5,2022,14,2,14.285714285714285,-749.1569907999856,-53.511213628570395,-159.6075809999984,-770.2597760499866,66.17604575000223,-418.7412117499971,-0.5261886161104913
R2012,5,2023,11,8,72.72727272727273,1796.2218245500226,163.29289314091113,-162.78656314999898,-418.764716599997,1773.3249049500118,-418.764716599997,0.625819802193702
R2012,5,2024,15,11,73.33333333333333,2942.3732116000356,196.15821410666905,-831.6945564499983,-1093.9327889999804,2576.7466064000073,-1843.8756184999947,0.7907261903537844
R2012,5,2025,17,11,64.70588235294117,12142.809186285085,714.2828933108874,-1938.3598118999944,-2342.5492653999827,8616.00651930002,-3781.6327488439674,0.8176256537565888
R2012,5,2026,18,13,72.22222222222221,18465.43250111115,1025.8573611728416,-1172.703728834982,-2830.6712145689526,10978.795522326014,-2933.247971384946,1.518044893499998
R2012,11,2020,19,8,42.10526315789473,-709.8949997600284,-37.362894724212026,-283.8855880600022,-836.241897720025,439.2628508599937,-695.6851314400046,-0.25974680181837806
R2012,11,2021,7,0,0.0,-755.4769864800164,-107.9252837828595,-197.2827980800012,-755.4769864800164,-152.82786490000763,-501.7505914800077,-0.8220212125770211
R2012,11,2022,14,2,14.285714285714285,-911.8556197600155,-65.13254426857254,-174.10835820000284,-921.7500273100159,34.25406064999879,-456.52838585000427,-0.6461390822532537
R2012,11,2023,11,8,72.72727272727273,1565.9256540099816,142.35687763727105,-180.8000789300022,-473.11117652000394,1689.9313908899933,-473.11117652000394,0.5064291964635587
R2012,11,2024,15,11,73.33333333333333,2506.090905519948,167.07272703466322,-856.870384190006,-1278.758695800021,2486.3136540799896,-1934.1053207000114,0.6713794521443641
R2012,11,2025,17,11,64.70588235294117,11126.210788226952,654.4829875427619,-1976.9064661800005,-2502.8535038800073,8360.232614459994,-3933.713372256814,0.698270836610897
R2012,11,2026,18,13,72.22222222222221,17036.732732044053,946.4851517802251,-1255.0933754370053,-3072.74126805181,10733.999437117163,-3190.4582578470145,1.3991102414999954
R2012,20,2020,19,5,26.31578947368421,-1198.5303631999977,-63.08054543157883,-308.32646919999934,-1300.6794503999972,361.2631652,-776.7528207999967,-0.43951736253108603
R2012,20,2021,7,0,0.0,-919.6989935999991,-131.38557051428558,-223.58570560000044,-919.6989935999991,-221.04071799999838,-575.0280936000017,-1.0022555155879895
R2012,20,2022,14,1,7.142857142857142,-1155.903563200005,-82.56454022857179,-195.8595239999995,-1155.903563200005,-13.62891700000182,-513.2091470000032,-0.8260647814673578
R2012,20,2023,11,8,72.72727272727273,1220.481398200005,110.95285438181864,-207.82035259999972,-554.6308663999989,1564.841119800003,-554.6308663999989,0.32734328786838646
R2012,20,2024,15,11,73.33333333333333,1851.667446399999,123.4444964266666,-902.7021053999996,-1555.9975559999984,2350.6642256000014,-2069.449873999998,0.49235934483028354
R2012,20,2025,17,10,58.82352941176471,9601.31319114003,564.78312889059,-2034.7264476000016,-2743.309861599995,7976.571757200014,-4161.834307376019,0.5192386108923935
R2012,20,2026,18,12,66.66666666666666,14893.683078444003,827.4268376913335,-1378.6778453399893,-3512.011408668004,10366.805309304,-3576.273687539986,1.2207082635000406
R2020,5,2020,19,9,47.368421052631575,-444.16929139997046,-23.377331126314235,-267.5916672999974,-598.0190886999717,491.2626413000071,-701.6712057999976,-0.15839822079101049
R2020,5,2021,7,0,0.0,-465.9020465999911,-66.55743522857016,-179.7475263999986,-465.9020465999911,-53.51993919999586,-352.948897399996,-0.5000390491638952
R2020,5,2022,14,1,7.142857142857142,-859.2130913499859,-61.372363667856135,-159.6075809999984,-880.315876599987,-16.20737464999547,-418.7412117499971,-0.6167548608027233
R2020,5,2023,11,7,63.63636363636363,1486.063723000023,135.09670209091118,-162.78656314999898,-538.9014842499982,1773.3249049500118,-434.3674138999995,0.44839394827318646
R2020,5,2024,15,11,73.33333333333333,3922.873016500038,261.5248677666692,-471.5109546499989,-471.5109546499989,2576.7466064000073,-749.2425952999947,1.0344277659636685
R2020,5,2025,17,11,64.70588235294117,12432.957087735085,731.3504169255932,-1938.3598118999944,-2052.4013639499826,8616.00651930002,-3491.4848473939674,0.8987450625717308
R2020,5,2026,18,12,66.66666666666666,16083.896276085157,893.549793115842,-1172.703728834982,-3616.7692316429457,10978.795522326014,-2933.247971384946,1.2871336774106337
R2020,11,2020,19,8,42.10526315789473,-769.9622010800304,-40.524326372633176,-285.5668168400043,-896.3090990400269,439.2628508599937,-755.7523327600065,-0.2782563547950827
R2020,11,2021,7,0,0.0,-575.2753825200143,-82.18219750285918,-197.2827980800012,-575.2753825200143,-99.67282624000836,-401.80053428000434,-0.6200742161119324
R2020,11,2022,14,1,7.142857142857142,-1021.9777209700169,-72.9984086407155,-174.10835820000284,-1031.8721285200172,-49.56866423000065,-456.52838585000427,-0.7367596395360066
R2020,11,2023,11,7,63.63636363636363,1255.5815505999892,114.14377732727175,-180.8000789300022,-613.0969853500028,1689.9313908899933,-489.1817505800027,0.3288969402318508
R2020,11,2024,15,11,73.33333333333333,3487.178716299957,232.4785810866638,-496.4707802300036,-496.4707802300036,2486.3136540799896,-829.2746696600043,0.9152271756256802
R2020,11,2025,17,11,64.70588235294117,11416.532691416953,671.5607465539384,-1976.9064661800005,-2212.5316006900066,8360.232614459994,-3643.3914690668134,0.7794388927476675
R2020,11,2026,18,11,61.111111111111114,14653.768299386851,814.098238854825,-1255.0933754370053,-3926.0106352146177,10733.999437117163,-3190.4582578470145,1.1680605479197221
R2020,20,2020,19,5,26.31578947368421,-1258.6515655999956,-66.24481924210504,-316.49344879999626,-1360.800652799995,361.2631652,-836.8740231999946,-0.4580435558011457
R2020,20,2021,7,0,0.0,-739.3353863999964,-105.6193409142852,-223.58570560000044,-739.3353863999964,-168.90215679999892,-475.07798959999855,-0.8001269665339293
R2020,20,2022,14,0,0.0,-1266.1246654000042,-90.4374761000003,-195.8595239999995,-1266.1246654000042,-99.61059860000023,-513.2091470000032,-0.916766807635889
R2020,20,2023,11,6,54.54545454545454,909.8582920000044,82.71439018181859,-207.82035259999972,-724.3902369999996,1564.841119800003,-571.4032556000002,0.14965142816987861
R2020,20,2024,15,10,66.66666666666666,2833.637265999998,188.90915106666654,-533.9105186000015,-533.9105186000015,2350.6642256000014,-949.3227812000005,0.7364262901187417
R2020,20,2025,17,10,58.82352941176471,9891.896096940029,581.8762409964722,-2034.7264476000016,-2452.726955799997,7976.571757200014,-3871.2514015760207,0.6004796380116056
R2020,20,2026,18,10,55.55555555555556,12508.57633434001,694.920907463334,-1378.6778453399893,-4466.037800964004,10366.805309304,-3576.273687539986,0.9894508536834061
R2021,5,2020,19,9,47.368421052631575,-384.13809079996827,-20.217794252629908,-267.5916672999974,-537.9878880999695,491.2626413000071,-641.6400051999954,-0.13989976134320994
R2021,5,2021,7,1,14.285714285714285,-475.9072466999896,-67.98674952856994,-179.7475263999986,-475.9072466999896,-23.504338899996583,-392.9696977999938,-0.5084068648690295
R2021,5,2022,14,2,14.285714285714285,-799.1824910499854,-57.08446364642753,-159.6075809999984,-820.2852762999864,16.150545500002412,-418.7412117499971,-0.5673550909705964
R2021,5,2023,11,8,72.72727272727273,1646.145323800023,149.6495748909112,-162.78656314999898,-418.764716599997,1773.3249049500118,-418.764716599997,0.5364331061679235
R2021,5,2024,15,11,73.33333333333333,2782.291610800039,185.48610738666926,-831.6945564499983,-1093.9327889999804,2576.7466064000073,-1843.8756184999947,0.7342002013707348
R2021,5,2025,17,11,64.70588235294117,12463.015737549089,733.1185727970052,-1938.3598118999944,-2342.5492653999827,8616.00651930002,-3781.6327488439674,0.8494749596174577
R2021,5,2026,18,13,72.22222222222221,18035.154947850155,1001.9530526583419,-1172.703728834982,-2830.6712145689526,10978.795522326014,-2933.247971384946,1.4788124816921857
R2021,11,2020,19,8,42.10526315789473,-709.8949997600284,-37.362894724212026,-283.8855880600022,-836.241897720025,439.2628508599937,-695.6851314400046,-0.25974680181837806
R2021,11,2021,7,1,14.285714285714285,-585.2865827400165,-83.61236896285949,-197.2827980800012,-585.2865827400165,-69.63922558000922,-441.8453351600056,-0.6284470499974033
R2021,11,2022,14,2,14.285714285714285,-961.9111203100147,-68.70793716500104,-174.10835820000284,-971.805527860015,-15.801439900000336,-456.52838585000427,-0.6873302446545039
R2021,11,2023,11,8,72.72727272727273,1415.7591523599879,128.70537748727162,-180.8000789300022,-473.11117652000394,1689.9313908899933,-473.11117652000394,0.41698889522277566
R2021,11,2024,15,10,66.66666666666666,2345.9133037599495,156.3942202506633,-856.870384190006,-1278.758695800021,2486.3136540799896,-1934.1053207000114,0.614819564517246
R2021,11,2025,17,11,64.70588235294117,11446.609367407753,673.3299627886913,-1976.9064661800005,-2502.8535038800073,8360.232614459994,-3933.713372256814,0.7301392425052653
R2021,11,2026,18,13,72.22222222222221,16606.197141269855,922.5665078483253,-1255.0933754370053,-3072.74126805181,10733.999437117163,-3190.4582578470145,1.3598543020089402
R2021,20,2020,19,5,26.31578947368421,-1198.5303631999977,-63.08054543157883,-308.32646919999934,-1300.6794503999972,361.2631652,-776.7528207999967,-0.43951736253108603
R2021,20,2021,7,0,0.0,-749.3555867999985,-107.0507981142855,-223.58570560000044,-749.3555867999985,-138.8415556,-515.1587911999995,-0.8085073276898997
R2021,20,2022,14,0,0.0,-1206.0040642000058,-86.14314744285755,-195.8595239999995,-1206.0040642000058,-63.729418000002624,-513.2091470000032,-0.8672929751803276
R2021,20,2023,11,6,54.54545454545454,1070.1798952000063,97.28908138181875,-207.82035259999972,-564.0686337999978,1564.841119800003,-554.6308663999989,0.2378225788050884
R2021,20,2024,15,10,66.66666666666666,1691.3458431999973,112.75638954666648,-902.7021053999996,-1555.9975559999984,2350.6642256000014,-2069.449873999998,0.43574860923706255
R2021,20,2025,17,11,64.70588235294117,9921.999812196027,583.6470477762368,-2034.7264476000016,-2743.309861599995,7976.571757200014,-4161.834307376019,0.5511356668370112
R2021,20,2026,18,12,66.66666666666666,14462.760431400005,803.4866906333336,-1378.6778453399893,-3512.011408668004,10366.805309304,-3576.273687539986,1.1814170324841209
R2022,5,2020,19,9,47.368421052631575,-384.13809079996827,-20.217794252629908,-267.5916672999974,-537.9878880999695,491.2626413000071,-641.6400051999954,-0.13989976134320994
R2022,5,2021,7,0,0.0,-645.9956483999886,-92.2850926285698,-179.7475263999986,-645.9956483999886,-107.3526294999956,-452.8989233999946,-0.7018650105696651
R2022,5,2022,14,2,14.285714285714285,-749.1569907999856,-53.511213628570395,-159.6075809999984,-770.2597760499866,66.17604575000223,-418.7412117499971,-0.5261886161104913
R2022,5,2023,11,8,72.72727272727273,1696.170824050023,154.19734764091118,-162.78656314999898,-418.764716599997,1773.3249049500118,-418.764716599997,0.5639453430100286
R2022,5,2024,15,11,73.33333333333333,2942.3732116000356,196.15821410666905,-831.6945564499983,-1093.9327889999804,2576.7466064000073,-1843.8756184999947,0.7907261903537844
R2022,5,2025,17,11,64.70588235294117,12142.809186285085,714.2828933108874,-1938.3598118999944,-2342.5492653999827,8616.00651930002,-3781.6327488439674,0.8176256537565888
R2022,5,2026,18,13,72.22222222222221,18465.43250111115,1025.8573611728416,-1172.703728834982,-2830.6712145689526,10978.795522326014,-2933.247971384946,1.518044893499998
R2022,11,2020,19,8,42.10526315789473,-709.8949997600284,-37.362894724212026,-283.8855880600022,-836.241897720025,439.2628508599937,-695.6851314400046,-0.25974680181837806
R2022,11,2021,7,0,0.0,-755.4769864800164,-107.9252837828595,-197.2827980800012,-755.4769864800164,-152.82786490000763,-501.7505914800077,-0.8220212125770211
R2022,11,2022,14,2,14.285714285714285,-911.8556197600155,-65.13254426857254,-174.10835820000284,-921.7500273100159,34.25406064999879,-456.52838585000427,-0.6461390822532537
R2022,11,2023,11,8,72.72727272727273,1465.8146529099834,133.2558775372712,-180.8000789300022,-473.11117652000394,1689.9313908899933,-473.11117652000394,0.4445176311574373
R2022,11,2024,15,11,73.33333333333333,2506.090905519948,167.07272703466322,-856.870384190006,-1278.758695800021,2486.3136540799896,-1934.1053207000114,0.6713794521443641
R2022,11,2025,17,11,64.70588235294117,11126.210788226952,654.4829875427619,-1976.9064661800005,-2502.8535038800073,8360.232614459994,-3933.713372256814,0.698270836610897
R2022,11,2026,18,13,72.22222222222221,17036.732732044053,946.4851517802251,-1255.0933754370053,-3072.74126805181,10733.999437117163,-3190.4582578470145,1.3991102414999954
R2022,20,2020,19,5,26.31578947368421,-1198.5303631999977,-63.08054543157883,-308.32646919999934,-1300.6794503999972,361.2631652,-776.7528207999967,-0.43951736253108603
R2022,20,2021,7,0,0.0,-919.6989935999991,-131.38557051428558,-223.58570560000044,-919.6989935999991,-221.04071799999838,-575.0280936000017,-1.0022555155879895
R2022,20,2022,14,1,7.142857142857142,-1155.903563200005,-82.56454022857179,-195.8595239999995,-1155.903563200005,-13.62891700000182,-513.2091470000032,-0.8260647814673578
R2022,20,2023,11,7,63.63636363636363,1120.2803962000035,101.8436723818185,-207.82035259999972,-554.6308663999989,1564.841119800003,-554.6308663999989,0.2653760633785895
R2022,20,2024,15,11,73.33333333333333,1851.667446399999,123.4444964266666,-902.7021053999996,-1555.9975559999984,2350.6642256000014,-2069.449873999998,0.49235934483028354
R2022,20,2025,17,10,58.82352941176471,9601.31319114003,564.78312889059,-2034.7264476000016,-2743.309861599995,7976.571757200014,-4161.834307376019,0.5192386108923935
R2022,20,2026,18,12,66.66666666666666,14893.683078444003,827.4268376913335,-1378.6778453399893,-3512.011408668004,10366.805309304,-3576.273687539986,1.2207082635000406
R2100,5,2020,19,9,47.368421052631575,-113.99768809996931,-5.999878321051017,-264.9490622000012,-768.1397606999926,860.7004300000062,-711.0849508999981,-0.045761038015185586
R2100,5,2021,7,0,0.0,-475.90724669999145,-67.9867495285702,-179.7475263999986,-475.90724669999145,-30.212724199996956,-426.6900128999969,-0.5144822682342729
R2100,5,2022,14,1,7.142857142857142,-1069.3201923999877,-76.38001374285626,-219.39801569999872,-1069.3201923999877,121.1175060500027,-528.7973122999974,-0.7790682924807607
R2100,5,2023,11,7,63.63636363636363,1766.2065244000241,160.5642294909113,-162.78656314999898,-238.7484827499975,1773.3249049500118,-322.6099807999981,0.6302490273860256
R2100,5,2024,15,11,73.33333333333333,3282.5466133000373,218.83644088666915,-561.232562549998,-562.7874222999999,2626.772106650009,-1119.431297149993,0.8426888736926049
R2100,5,2025,17,11,64.70588235294117,15194.833419777093,893.8137305751231,-1938.3598118999944,-2752.75836744998,9984.762782172009,-3982.8745623439645,1.0239406880629713
R2100,5,2026,18,13,72.22222222222221,19155.877877274128,1064.2154376263404,-930.2927223869774,-1716.3907394609705,10978.795522326014,-2638.3158268019615,1.5380924635669204
R2100,11,2020,19,9,47.368421052631575,-439.5925938200289,-23.136452306317313,-285.5668168400043,-855.4262735400043,808.4788659999977,-764.824251980006,-0.16555162348385988
R2100,11,2021,7,0,0.0,-585.2865827400092,-83.61236896285845,-197.2827980800012,-585.2865827400092,-74.56535280000571,-474.8160283800026,-0.634526096782946
R2100,11,2022,14,1,7.142857142857142,-1232.2108232800147,-88.01505880571533,-230.96027454000068,-1232.2108232800147,86.20903330999317,-566.6504870600038,-0.8991704106033532
R2100,11,2023,11,7,63.63636363636363,1535.8923536799887,139.62657760727168,-180.8000789300022,-312.7639820500008,1689.9313908899933,-378.10371776000284,0.5108610778628973
R2100,11,2024,15,10,66.66666666666666,2846.468309259959,189.76455395066392,-593.8824776100046,-628.2311290600046,2536.3691546299924,-1199.685373730008,0.7233732975121756
R2100,11,2025,17,11,64.70588235294117,14180.06532110936,834.1214894770211,-1976.9064661800005,-2913.3086083900052,9735.083675978385,-4135.974961956814,0.9047095980742847
R2100,11,2026,18,12,66.66666666666666,17727.59216840266,984.8662315779256,-1011.0267260513938,-1864.2960932142014,10733.999437117163,-2892.17288296442,1.419169834097695
R2100,20,2020,19,8,42.10526315789473,-927.9849524000001,-48.841313284210536,-316.49344879999626,-1137.9529103999994,730.1465200000002,-845.4332035999978,-0.3452375016868283
R2100,20,2021,7,0,0.0,-749.3555867999967,-107.05079811428524,-223.58570560000044,-749.3555867999967,-140.95209599999725,-547.0050515999992,-0.814591839605912
R2100,20,2022,14,1,7.142857142857142,-1476.546769600005,-105.46762640000036,-248.3036628000009,-1476.546769600005,33.846324199999785,-623.4302492000024,-1.079323587787206
R2100,20,2023,11,7,63.63636363636363,1190.421097600005,108.22009978181863,-207.82035259999972,-423.78723100000025,1564.841119800003,-461.3443232000009,0.3317791535782391
R2100,20,2024,15,9,60.0,2192.3508532000014,146.15672354666677,-642.8573501999999,-747.3299769999976,2400.764726600002,-1320.0664886000013,0.5443999332415753
R2100,20,2025,17,10,58.82352941176471,12657.913173108027,744.5831278298839,-2034.7264476000016,-3154.133969800001,9360.565016688022,-4365.625561376019,0.7258629630912868
R2100,20,2026,18,11,61.111111111111114,15585.163605096008,865.8424225053337,-1132.1277315479963,-2086.154123843997,10366.805309304,-3272.958467208002,1.2407858898939021
R2101,5,2020,19,9,47.368421052631575,-53.966487499967116,-2.8403414473666904,-247.5812670999985,-708.1085600999904,860.7004300000062,-651.053750299996,-0.027262578567385093
R2101,5,2021,7,1,14.285714285714285,-485.91244679999,-69.41606382857,-179.7475263999986,-485.91244679999,-0.19712389999767765,-466.7108132999947,-0.5228500839394072
R2101,5,2022,14,2,14.285714285714285,-1009.2895920999872,-72.09211372142765,-219.39801569999872,-1009.2895920999872,143.4703261500017,-528.7973122999974,-0.7296685226486339
R2101,5,2023,11,8,72.72727272727273,1926.2881252000243,175.1171022909113,-162.78656314999898,-162.78656314999898,1773.3249049500118,-233.85609564999686,0.7182881852807624
R2101,5,2024,15,11,73.33333333333333,2141.9652076000384,142.79768050666922,-831.6945564499983,-1383.9246236499966,2626.772106650009,-2214.064320349993,0.5424613090996713
R2101,5,2025,17,11,64.70588235294117,15224.892069591097,895.5818864465351,-1938.3598118999944,-3042.90626889998,9984.762782172009,-3982.8745623439645,0.9746705851086981
R2101,5,2026,18,14,77.77777777777779,21107.136549039125,1172.6186971688403,-930.2927223869774,-930.2927223869774,10978.795522326014,-2638.3158268019615,1.7297712678484727
R2101,11,2020,19,9,47.368421052631575,-379.525392500027,-19.97502065789616,-263.86318762000155,-795.3590722200024,808.4788659999977,-704.7570506600041,-0.1470420705071552
R2101,11,2021,7,1,14.285714285714285,-595.2977829600113,-85.04254042285876,-197.2827980800012,-595.2977829600113,-44.531752140006574,-514.8608292600038,-0.642898930668417
R2101,11,2022,14,2,14.285714285714285,-1172.1442226200124,-83.72458733000089,-230.96027454000068,-1172.1442226200124,109.96515752999585,-566.6504870600038,-0.8497410157218503
R2101,11,2023,11,8,72.72727272727273,1696.0699554399873,154.18817776727158,-180.8000789300022,-180.8000789300022,1689.9313908899933,-286.380570430003,0.5989530328538222
R2101,11,2024,15,9,60.0,1705.2028967199512,113.68019311466341,-856.870384190006,-1481.994292030009,2536.3691546299924,-2304.516024770015,0.4229656864037413
R2101,11,2025,17,11,64.70588235294117,14210.14199710016,835.8907057117741,-1976.9064661800005,-3203.630511580006,9735.083675978385,-4135.974961956814,0.8554099478318826
R2101,11,2026,18,14,77.77777777777779,19680.021010285665,1093.334500571426,-1011.0267260513938,-1011.0267260513938,10733.999437117163,-2892.17288296442,1.610963588186913
R2101,20,2020,19,8,42.10526315789473,-867.8637500000023,-45.67703947368433,-288.28606840000066,-1077.8317080000015,730.1465200000002,-785.3120011999999,-0.32671130841676865
R2101,20,2021,7,0,0.0,-759.3757871999987,-108.48225531428554,-223.58570560000044,-759.3757871999987,-110.89149479999833,-587.0858532000002,-0.8229722007618824
R2101,20,2022,14,1,7.142857142857142,-1416.4261684000066,-101.17329774285761,-248.3036628000009,-1416.4261684000066,59.70740459999796,-623.4302492000024,-1.0298497553316446
R2101,20,2023,11,7,63.63636363636363,1350.7427008000068,122.79479098181879,-207.82035259999972,-263.4656277999984,1564.841119800003,-365.16728259999945,0.4199503042134489
R2101,20,2024,15,9,60.0,1050.0594304000008,70.00396202666671,-902.7021053999996,-1746.379459799995,2400.764726600002,-2440.193581399999,0.24372225235989617
R2101,20,2025,17,11,64.70588235294117,12688.016888364025,746.3539346096486,-2034.7264476000016,-3444.716875599999,9360.565016688022,-4365.625561376019,0.6765189919166922
R2101,20,2026,18,13,72.22222222222221,17539.347702156003,974.4082056753335,-1132.1277315479963,-1151.5276854000185,10366.805309304,-3272.958467208002,1.4327520686946171
R2102,5,2020,19,9,47.368421052631575,-53.966487499967116,-2.8403414473666904,-247.5812670999985,-708.1085600999904,860.7004300000062,-651.053750299996,-0.027262578567385093
R2102,5,2021,7,0,0.0,-656.0008484999889,-93.71440692856984,-179.7475263999986,-656.0008484999889,-43.61671409999508,-484.906058499997,-0.7163082296400429
R2102,5,2022,14,2,14.285714285714285,-959.2640918499874,-68.51886370357053,-219.39801569999872,-959.2640918499874,193.49582640000153,-528.7973122999974,-0.6885020477885286
R2102,5,2023,11,8,72.72727272727273,1976.3136254500241,179.66487504091128,-162.78656314999898,-162.78656314999898,1773.3249049500118,-233.85609564999686,0.7458004221228675
R2102,5,2024,15,11,73.33333333333333,2302.046808400035,153.46978722666898,-831.6945564499983,-1383.9246236499966,2626.772106650009,-2214.064320349993,0.5989872980827209
R2102,5,2025,17,11,64.70588235294117,14904.685518327093,876.7462069604172,-1938.3598118999944,-3042.90626889998,9984.762782172009,-3982.8745623439645,0.9428212792478293
R2102,5,2026,18,14,77.77777777777779,21537.41410230012,1196.52300568334,-930.2927223869774,-930.2927223869774,10978.795522326014,-2638.3158268019615,1.7690036796562845
R2102,11,2020,19,9,47.368421052631575,-379.525392500027,-19.97502065789616,-263.86318762000155,-795.3590722200024,808.4788659999977,-704.7570506600041,-0.1470420705071552
R2102,11,2021,7,0,0.0,-765.4881867000113,-109.35545524285875,-197.2827980800012,-765.4881867000113,-89.82357102000424,-532.0006087000038,-0.8364730932480349
R2102,11,2022,14,2,14.285714285714285,-1122.0887220700133,-80.14919443357238,-230.96027454000068,-1122.0887220700133,160.02065807999497,-566.6504870600038,-0.8085498533206003
R2102,11,2023,11,8,72.72727272727273,1746.1254559899828,158.73867781727117,-180.8000789300022,-180.8000789300022,1689.9313908899933,-286.380570430003,0.626481768788484
R2102,11,2024,15,10,66.66666666666666,1865.38049847995,124.35869989866333,-856.870384190006,-1481.994292030009,2536.3691546299924,-2304.516024770015,0.47952557403085944
R2102,11,2025,17,11,64.70588235294117,13889.743417919359,817.0437304658446,-1976.9064661800005,-3203.630511580006,9735.083675978385,-4135.974961956814,0.8235415419375143
R2102,11,2026,18,14,77.77777777777779,20110.556601059863,1117.2531445033258,-1011.0267260513938,-1011.0267260513938,10733.999437117163,-2892.17288296442,1.6502195276779679
R2102,20,2020,19,8,42.10526315789473,-867.8637500000023,-45.67703947368433,-288.28606840000066,-1077.8317080000015,730.1465200000002,-785.3120011999999,-0.32671130841676865
R2102,20,2021,7,0,0.0,-929.7191939999993,-132.81702771428562,-223.58570560000044,-929.7191939999993,-159.13385639999797,-602.6424340000012,-1.0167203886599723
R2102,20,2022,14,2,14.285714285714285,-1366.3256674000058,-97.59469052857185,-248.3036628000009,-1366.3256674000058,109.80790559999876,-623.4302492000024,-0.9886215616186748
R2102,20,2023,11,8,72.72727272727273,1400.843201800004,127.34938198181854,-207.82035259999972,-254.02786039999955,1564.841119800003,-365.16728259999945,0.4475037887869501
R2102,20,2024,15,10,66.66666666666666,1210.3810336000026,80.69206890666685,-902.7021053999996,-1746.379459799995,2400.764726600002,-2440.193581399999,0.3003329879531172
R2102,20,2025,17,10,58.82352941176471,12367.330267308029,727.4900157240018,-2034.7264476000016,-3444.716875599999,9360.565016688022,-4365.625561376019,0.6446219359720746
R2102,20,2026,18,13,72.22222222222221,17970.2703492,998.3483527333333,-1132.1277315479963,-1151.5276854000185,10366.805309304,-3272.958467208002,1.4720432997105368
R2110,5,2020,19,10,52.63157894736842,-43.96128739996857,-2.3137519684193983,-267.5916672999974,-768.1397606999926,860.7004300000062,-731.0953510999971,-0.01936092761290216
R2110,5,2021,7,0,0.0,-475.90724669999145,-67.9867495285702,-179.7475263999986,-475.90724669999145,-30.212724199996956,-426.6900128999969,-0.5144822682342729
R2110,5,2022,14,1,7.142857142857142,-1069.3201923999877,-76.38001374285626,-219.39801569999872,-1069.3201923999877,121.1175060500027,-528.7973122999974,-0.7790682924807607
R2110,5,2023,11,8,72.72727272727273,1816.232024650024,165.11200224091127,-162.78656314999898,-358.8096833499967,1773.3249049500118,-434.3674138999995,0.6578616591709783
R2110,5,2024,15,11,73.33333333333333,3782.8016158000355,252.18677438666904,-561.232562549998,-562.7874222999999,2626.772106650009,-1119.431297149993,1.0056118512206942
R2110,5,2025,17,11,64.70588235294117,15264.869120127092,897.9334776545348,-1938.3598118999944,-2682.7226670999808,9984.762782172009,-3982.8745623439645,1.043057843883907
R2110,5,2026,18,13,72.22222222222221,19155.877877274128,1064.2154376263404,-930.2927223869774,-1716.3907394609705,10978.795522326014,-2638.3158268019615,1.5380924635669204
R2110,11,2020,19,10,52.63157894736842,-369.51419228003033,-19.44811538315949,-285.5668168400043,-855.4262735400043,808.4788659999977,-784.8466524200066,-0.139135680931411
R2110,11,2021,7,0,0.0,-585.2865827400092,-83.61236896285845,-197.2827980800012,-585.2865827400092,-74.56535280000571,-474.8160283800026,-0.634526096782946
R2110,11,2022,14,1,7.142857142857142,-1232.2108232800147,-88.01505880571533,-230.96027454000068,-1232.2108232800147,86.20903330999317,-566.6504870600038,-0.8991704106033532
R2110,11,2023,11,8,72.72727272727273,1585.947854229986,144.17707765727144,-180.8000789300022,-432.8971833700034,1689.9313908899933,-489.1817505800027,0.5384902689472696
R2110,11,2024,15,11,73.33333333333333,3347.0233147599574,223.13488765066384,-593.8824776100046,-628.2311290600046,2536.3691546299924,-1199.685373730008,0.8863939799743148
R2110,11,2025,17,11,64.70588235294117,14250.143021879358,838.2437071693739,-1976.9064661800005,-2843.230907620007,9735.083675978385,-4135.974961956814,0.9238382184564324
R2110,11,2026,18,12,66.66666666666666,17727.59216840266,984.8662315779256,-1011.0267260513938,-1864.2960932142014,10733.999437117163,-2892.17288296442,1.419169834097695
R2110,20,2020,19,9,47.368421052631575,-857.8435495999984,-45.14966050526307,-316.49344879999626,-1067.8115075999976,730.1465200000002,-865.4736043999965,-0.3187978109091289
R2110,20,2021,7,0,0.0,-749.3555867999967,-107.05079811428524,-223.58570560000044,-749.3555867999967,-140.95209599999725,-547.0050515999992,-0.814591839605912
R2110,20,2022,14,1,7.142857142857142,-1476.546769600005,-105.46762640000036,-248.3036628000009,-1476.546769600005,33.846324199999785,-623.4302492000024,-1.079323587787206
R2110,20,2023,11,8,72.72727272727273,1240.5215986000057,112.7746907818187,-207.82035259999972,-544.0284334000007,1564.841119800003,-571.4032556000002,0.35943318361174553
R2110,20,2024,15,10,66.66666666666666,2693.355863200002,179.5570575466668,-642.8573501999999,-747.3299769999976,2400.764726600002,-1320.0664886000013,0.70756717310479
R2110,20,2025,17,10,58.82352941176471,12728.053874508027,748.7090514416486,-2034.7264476000016,-3083.9932684000014,9360.565016688022,-4365.625561376019,0.7450087803152529
R2110,20,2026,18,11,61.111111111111114,15585.163605096008,865.8424225053337,-1132.1277315479963,-2086.154123843997,10366.805309304,-3272.958467208002,1.2407858898939021
R2111,5,2020,19,10,52.63157894736842,16.069913200033625,0.8457849052649277,-267.5916672999974,-708.1085600999904,860.7004300000062,-671.0641504999949,-0.000862468165101645
R2111,5,2021,7,1,14.285714285714285,-485.91244679999,-69.41606382857,-179.7475263999986,-485.91244679999,-0.19712389999767765,-466.7108132999947,-0.5228500839394072
R2111,5,2022,14,2,14.285714285714285,-1009.2895920999872,-72.09211372142765,-219.39801569999872,-1009.2895920999872,143.4703261500017,-528.7973122999974,-0.7296685226486339
R2111,5,2023,11,9,81.81818181818183,1976.3136254500241,179.66487504091128,-162.78656314999898,-238.67291569999543,1773.3249049500118,-274.28581309999936,0.7459008170657152
R2111,5,2024,15,11,73.33333333333333,2642.2202101000366,176.14801400666911,-831.6945564499983,-1383.9246236499966,2626.772106650009,-2214.064320349993,0.7053842866277605
R2111,5,2025,17,11,64.70588235294117,15294.927769941096,899.7016335259468,-1938.3598118999944,-2972.870568549981,9984.762782172009,-3982.8745623439645,0.9937877409296343
R2111,5,2026,18,14,77.77777777777779,21107.136549039125,1172.6186971688403,-930.2927223869774,-930.2927223869774,10978.795522326014,-2638.3158268019615,1.7297712678484727
R2111,11,2020,19,10,52.63157894736842,-309.4469909600284,-16.286683734738336,-283.8855880600022,-795.3590722200024,808.4788659999977,-724.7794511000047,-0.1206261279547063
R2111,11,2021,7,1,14.285714285714285,-595.2977829600113,-85.04254042285876,-197.2827980800012,-595.2977829600113,-44.531752140006574,-514.8608292600038,-0.642898930668417
R2111,11,2022,14,2,14.285714285714285,-1172.1442226200124,-83.72458733000089,-230.96027454000068,-1172.1442226200124,109.96515752999585,-566.6504870600038,-0.8497410157218503
R2111,11,2023,11,9,81.81818181818183,1746.1254559899846,158.73867781727134,-180.8000789300022,-292.91137454000454,1689.9313908899933,-329.00414882000405,0.6265822239381946
R2111,11,2024,15,10,66.66666666666666,2205.7579022199498,147.05052681466333,-856.870384190006,-1481.994292030009,2536.3691546299924,-2304.516024770015,0.5859863688658805
R2111,11,2025,17,11,64.70588235294117,14280.219697870158,840.0129234041269,-1976.9064661800005,-3133.552810810008,9735.083675978385,-4135.974961956814,0.8745385682140303
R2111,11,2026,18,14,77.77777777777779,19680.021010285665,1093.334500571426,-1011.0267260513938,-1011.0267260513938,10733.999437117163,-2892.17288296442,1.610963588186913
R2111,20,2020,19,9,47.368421052631575,-797.7223472000005,-41.98538669473687,-308.32646919999934,-1007.6903051999998,730.1465200000002,-805.3524019999986,-0.3002716176390691
R2111,20,2021,7,0,0.0,-759.3757871999987,-108.48225531428554,-223.58570560000044,-759.3757871999987,-110.89149479999833,-587.0858532000002,-0.8229722007618824
R2111,20,2022,14,1,7.142857142857142,-1416.4261684000066,-101.17329774285761,-248.3036628000009,-1416.4261684000066,59.70740459999796,-623.4302492000024,-1.0298497553316446
R2111,20,2023,11,8,72.72727272727273,1400.8432018000076,127.34938198181887,-207.82035259999972,-383.7068301999989,1564.841119800003,-411.0816523999983,0.44760433424695534
R2111,20,2024,15,10,66.66666666666666,1551.0644404000016,103.40429602666677,-902.7021053999996,-1746.379459799995,2400.764726600002,-2440.193581399999,0.4068894922231109
R2111,20,2025,17,11,64.70588235294117,12758.157589764025,750.4798582214132,-2034.7264476000016,-3374.5761741999995,9360.565016688022,-4365.625561376019,0.6956648091406583
R2111,20,2026,18,13,72.22222222222221,17539.347702156003,974.4082056753335,-1132.1277315479963,-1151.5276854000185,10366.805309304,-3272.958467208002,1.4327520686946171
R2112,5,2020,19,10,52.63157894736842,16.069913200033625,0.8457849052649277,-267.5916672999974,-708.1085600999904,860.7004300000062,-671.0641504999949,-0.000862468165101645
R2112,5,2021,7,0,0.0,-656.0008484999889,-93.71440692856984,-179.7475263999986,-656.0008484999889,-43.61671409999508,-484.906058499997,-0.7163082296400429
R2112,5,2022,14,2,14.285714285714285,-959.2640918499874,-68.51886370357053,-219.39801569999872,-959.2640918499874,193.49582640000153,-528.7973122999974,-0.6885020477885286
R2112,5,2023,11,9,81.81818181818183,2026.339125700024,184.21264779091126,-162.78656314999898,-238.67291569999543,1773.3249049500118,-238.67291569999543,0.7734130539078202
R2112,5,2024,15,11,73.33333333333333,2802.301810900033,186.82012072666888,-831.6945564499983,-1383.9246236499966,2626.772106650009,-2214.064320349993,0.7619102756108103
R2112,5,2025,17,11,64.70588235294117,14974.721218677092,880.8659540398289,-1938.3598118999944,-2972.870568549981,9984.762782172009,-3982.8745623439645,0.9619384350687653
R2112,5,2026,18,14,77.77777777777779,21537.41410230012,1196.52300568334,-930.2927223869774,-930.2927223869774,10978.795522326014,-2638.3158268019615,1.7690036796562845
R2112,11,2020,19,10,52.63157894736842,-309.4469909600284,-16.286683734738336,-283.8855880600022,-795.3590722200024,808.4788659999977,-724.7794511000047,-0.1206261279547063
R2112,11,2021,7,0,0.0,-765.4881867000113,-109.35545524285875,-197.2827980800012,-765.4881867000113,-89.82357102000424,-532.0006087000038,-0.8364730932480349
R2112,11,2022,14,2,14.285714285714285,-1122.0887220700133,-80.14919443357238,-230.96027454000068,-1122.0887220700133,160.02065807999497,-566.6504870600038,-0.8085498533206003
R2112,11,2023,11,9,81.81818181818183,1796.18095653998,163.2891778672709,-180.8000789300022,-292.91137454000454,1689.9313908899933,-292.91137454000454,0.6541109598728564
R2112,11,2024,15,11,73.33333333333333,2365.9355039799484,157.72903359866322,-856.870384190006,-1481.994292030009,2536.3691546299924,-2304.516024770015,0.6425462564929987
R2112,11,2025,17,11,64.70588235294117,13959.821118689357,821.1659481581975,-1976.9064661800005,-3133.552810810008,9735.083675978385,-4135.974961956814,0.842670162319662
R2112,11,2026,18,14,77.77777777777779,20110.556601059863,1117.2531445033258,-1011.0267260513938,-1011.0267260513938,10733.999437117163,-2892.17288296442,1.6502195276779679
R2112,20,2020,19,9,47.368421052631575,-797.7223472000005,-41.98538669473687,-308.32646919999934,-1007.6903051999998,730.1465200000002,-805.3524019999986,-0.3002716176390691
R2112,20,2021,7,0,0.0,-929.7191939999993,-132.81702771428562,-223.58570560000044,-929.7191939999993,-159.13385639999797,-602.6424340000012,-1.0167203886599723
R2112,20,2022,14,2,14.285714285714285,-1366.3256674000058,-97.59469052857185,-248.3036628000009,-1366.3256674000058,109.80790559999876,-623.4302492000024,-0.9886215616186748
R2112,20,2023,11,9,81.81818181818183,1450.9437028000048,131.9039729818186,-207.82035259999972,-374.26906280000003,1564.841119800003,-374.2690628,0.47515781882045655
R2112,20,2024,15,11,73.33333333333333,1711.3860436000034,114.09240290666689,-902.7021053999996,-1746.379459799995,2400.764726600002,-2440.193581399999,0.4635002278163318
R2112,20,2025,17,10,58.82352941176471,12437.470968708029,731.6159393357664,-2034.7264476000016,-3374.5761741999995,9360.565016688022,-4365.625561376019,0.6637677531960408
R2112,20,2026,18,13,72.22222222222221,17970.2703492,998.3483527333333,-1132.1277315479963,-1151.5276854000185,10366.805309304,-3272.958467208002,1.4720432997105368
R2120,5,2020,19,10,52.63157894736842,-43.96128739996857,-2.3137519684193983,-267.5916672999974,-768.1397606999926,860.7004300000062,-731.0953510999971,-0.01936092761290216
R2120,5,2021,7,0,0.0,-475.90724669999145,-67.9867495285702,-179.7475263999986,-475.90724669999145,-30.212724199996956,-426.6900128999969,-0.5144822682342729
R2120,5,2022,14,1,7.142857142857142,-1069.3201923999877,-76.38001374285626,-219.39801569999872,-1069.3201923999877,121.1175060500027,-528.7973122999974,-0.7790682924807607
R2120,5,2023,11,8,72.72727272727273,1716.1810241500243,156.0164567409113,-162.78656314999898,-358.8096833499967,1773.3249049500118,-434.3674138999995,0.5959871999873051
R2120,5,2024,15,11,73.33333333333333,3782.8016158000355,252.18677438666904,-561.232562549998,-562.7874222999999,2626.772106650009,-1119.431297149993,1.0056118512206942
R2120,5,2025,17,11,64.70588235294117,15264.869120127092,897.9334776545348,-1938.3598118999944,-2682.7226670999808,9984.762782172009,-3982.8745623439645,1.043057843883907
R2120,5,2026,18,13,72.22222222222221,19155.877877274128,1064.2154376263404,-930.2927223869774,-1716.3907394609705,10978.795522326014,-2638.3158268019615,1.5380924635669204
R2120,11,2020,19,10,52.63157894736842,-369.51419228003033,-19.44811538315949,-285.5668168400043,-855.4262735400043,808.4788659999977,-784.8466524200066,-0.139135680931411
R2120,11,2021,7,0,0.0,-585.2865827400092,-83.61236896285845,-197.2827980800012,-585.2865827400092,-74.56535280000571,-474.8160283800026,-0.634526096782946
R2120,11,2022,14,1,7.142857142857142,-1232.2108232800147,-88.01505880571533,-230.96027454000068,-1232.2108232800147,86.20903330999317,-566.6504870600038,-0.8991704106033532
R2120,11,2023,11,8,72.72727272727273,1485.8368531299877,135.07607755727162,-180.8000789300022,-432.8971833700034,1689.9313908899933,-489.1817505800027,0.4765787036411482
R2120,11,2024,15,11,73.33333333333333,3347.0233147599574,223.13488765066384,-593.8824776100046,-628.2311290600046,2536.3691546299924,-1199.685373730008,0.8863939799743148
R2120,11,2025,17,11,64.70588235294117,14250.143021879358,838.2437071693739,-1976.9064661800005,-2843.230907620007,9735.083675978385,-4135.974961956814,0.9238382184564324
R2120,11,2026,18,12,66.66666666666666,17727.59216840266,984.8662315779256,-1011.0267260513938,-1864.2960932142014,10733.999437117163,-2892.17288296442,1.419169834097695
R2120,20,2020,19,9,47.368421052631575,-857.8435495999984,-45.14966050526307,-316.49344879999626,-1067.8115075999976,730.1465200000002,-865.4736043999965,-0.3187978109091289
R2120,20,2021,7,0,0.0,-749.3555867999967,-107.05079811428524,-223.58570560000044,-749.3555867999967,-140.95209599999725,-547.0050515999992,-0.814591839605912
R2120,20,2022,14,1,7.142857142857142,-1476.546769600005,-105.46762640000036,-248.3036628000009,-1476.546769600005,33.846324199999785,-623.4302492000024,-1.079323587787206
R2120,20,2023,11,7,63.63636363636363,1140.3205966000041,103.66550878181856,-207.82035259999972,-544.0284334000007,1564.841119800003,-571.4032556000002,0.2974659591219487
R2120,20,2024,15,10,66.66666666666666,2693.355863200002,179.5570575466668,-642.8573501999999,-747.3299769999976,2400.764726600002,-1320.0664886000013,0.70756717310479
R2120,20,2025,17,10,58.82352941176471,12728.053874508027,748.7090514416486,-2034.7264476000016,-3083.9932684000014,9360.565016688022,-4365.625561376019,0.7450087803152529
R2120,20,2026,18,11,61.111111111111114,15585.163605096008,865.8424225053337,-1132.1277315479963,-2086.154123843997,10366.805309304,-3272.958467208002,1.2407858898939021
R2121,5,2020,19,10,52.63157894736842,16.069913200033625,0.8457849052649277,-267.5916672999974,-708.1085600999904,860.7004300000062,-671.0641504999949,-0.000862468165101645
R2121,5,2021,7,1,14.285714285714285,-485.91244679999,-69.41606382857,-179.7475263999986,-485.91244679999,-0.19712389999767765,-466.7108132999947,-0.5228500839394072
R2121,5,2022,14,2,14.285714285714285,-1009.2895920999872,-72.09211372142765,-219.39801569999872,-1009.2895920999872,143.4703261500017,-528.7973122999974,-0.7296685226486339
R2121,5,2023,11,9,81.81818181818183,1876.2626249500245,170.56932954091133,-162.78656314999898,-238.67291569999543,1773.3249049500118,-283.8815958999967,0.684026357882042
R2121,5,2024,15,11,73.33333333333333,2642.2202101000366,176.14801400666911,-831.6945564499983,-1383.9246236499966,2626.772106650009,-2214.064320349993,0.7053842866277605
R2121,5,2025,17,11,64.70588235294117,15294.927769941096,899.7016335259468,-1938.3598118999944,-2972.870568549981,9984.762782172009,-3982.8745623439645,0.9937877409296343
R2121,5,2026,18,14,77.77777777777779,21107.136549039125,1172.6186971688403,-930.2927223869774,-930.2927223869774,10978.795522326014,-2638.3158268019615,1.7297712678484727
R2121,11,2020,19,10,52.63157894736842,-309.4469909600284,-16.286683734738336,-283.8855880600022,-795.3590722200024,808.4788659999977,-724.7794511000047,-0.1206261279547063
R2121,11,2021,7,1,14.285714285714285,-595.2977829600113,-85.04254042285876,-197.2827980800012,-595.2977829600113,-44.531752140006574,-514.8608292600038,-0.642898930668417
R2121,11,2022,14,2,14.285714285714285,-1172.1442226200124,-83.72458733000089,-230.96027454000068,-1172.1442226200124,109.96515752999585,-566.6504870600038,-0.8497410157218503
R2121,11,2023,11,9,81.81818181818183,1646.0144548899864,149.6376777172715,-180.8000789300022,-292.91137454000454,1689.9313908899933,-336.43607098000393,0.5646706586320732
R2121,11,2024,15,10,66.66666666666666,2205.7579022199498,147.05052681466333,-856.870384190006,-1481.994292030009,2536.3691546299924,-2304.516024770015,0.5859863688658805
R2121,11,2025,17,11,64.70588235294117,14280.219697870158,840.0129234041269,-1976.9064661800005,-3133.552810810008,9735.083675978385,-4135.974961956814,0.8745385682140303
R2121,11,2026,18,14,77.77777777777779,19680.021010285665,1093.334500571426,-1011.0267260513938,-1011.0267260513938,10733.999437117163,-2892.17288296442,1.610963588186913
R2121,20,2020,19,9,47.368421052631575,-797.7223472000005,-41.98538669473687,-308.32646919999934,-1007.6903051999998,730.1465200000002,-805.3524019999986,-0.3002716176390691
R2121,20,2021,7,0,0.0,-759.3757871999987,-108.48225531428554,-223.58570560000044,-759.3757871999987,-110.89149479999833,-587.0858532000002,-0.8229722007618824
R2121,20,2022,14,1,7.142857142857142,-1416.4261684000066,-101.17329774285761,-248.3036628000009,-1416.4261684000066,59.70740459999796,-623.4302492000024,-1.0298497553316446
R2121,20,2023,11,7,63.63636363636363,1300.642199800006,118.24019998181872,-207.82035259999972,-383.7068301999989,1564.841119800003,-415.2677836000002,0.3856371097571584
R2121,20,2024,15,10,66.66666666666666,1551.0644404000016,103.40429602666677,-902.7021053999996,-1746.379459799995,2400.764726600002,-2440.193581399999,0.4068894922231109
R2121,20,2025,17,11,64.70588235294117,12758.157589764025,750.4798582214132,-2034.7264476000016,-3374.5761741999995,9360.565016688022,-4365.625561376019,0.6956648091406583
R2121,20,2026,18,13,72.22222222222221,17539.347702156003,974.4082056753335,-1132.1277315479963,-1151.5276854000185,10366.805309304,-3272.958467208002,1.4327520686946171
R2122,5,2020,19,10,52.63157894736842,16.069913200033625,0.8457849052649277,-267.5916672999974,-708.1085600999904,860.7004300000062,-671.0641504999949,-0.000862468165101645
R2122,5,2021,7,0,0.0,-656.0008484999889,-93.71440692856984,-179.7475263999986,-656.0008484999889,-43.61671409999508,-484.906058499997,-0.7163082296400429
R2122,5,2022,14,2,14.285714285714285,-959.2640918499874,-68.51886370357053,-219.39801569999872,-959.2640918499874,193.49582640000153,-528.7973122999974,-0.6885020477885286
R2122,5,2023,11,9,81.81818181818183,1926.2881252000243,175.1171022909113,-162.78656314999898,-238.67291569999543,1773.3249049500118,-283.8815958999967,0.7115385947241472
R2122,5,2024,15,11,73.33333333333333,2802.301810900033,186.82012072666888,-831.6945564499983,-1383.9246236499966,2626.772106650009,-2214.064320349993,0.7619102756108103
R2122,5,2025,17,11,64.70588235294117,14974.721218677092,880.8659540398289,-1938.3598118999944,-2972.870568549981,9984.762782172009,-3982.8745623439645,0.9619384350687653
R2122,5,2026,18,14,77.77777777777779,21537.41410230012,1196.52300568334,-930.2927223869774,-930.2927223869774,10978.795522326014,-2638.3158268019615,1.7690036796562845
R2122,11,2020,19,10,52.63157894736842,-309.4469909600284,-16.286683734738336,-283.8855880600022,-795.3590722200024,808.4788659999977,-724.7794511000047,-0.1206261279547063
R2122,11,2021,7,0,0.0,-765.4881867000113,-109.35545524285875,-197.2827980800012,-765.4881867000113,-89.82357102000424,-532.0006087000038,-0.8364730932480349
R2122,11,2022,14,2,14.285714285714285,-1122.0887220700133,-80.14919443357238,-230.96027454000068,-1122.0887220700133,160.02065807999497,-566.6504870600038,-0.8085498533206003
R2122,11,2023,11,9,81.81818181818183,1696.0699554399819,154.18817776727107,-180.8000789300022,-292.91137454000454,1689.9313908899933,-336.43607098000393,0.592199394566735
R2122,11,2024,15,11,73.33333333333333,2365.9355039799484,157.72903359866322,-856.870384190006,-1481.994292030009,2536.3691546299924,-2304.516024770015,0.6425462564929987
R2122,11,2025,17,11,64.70588235294117,13959.821118689357,821.1659481581975,-1976.9064661800005,-3133.552810810008,9735.083675978385,-4135.974961956814,0.842670162319662
R2122,11,2026,18,14,77.77777777777779,20110.556601059863,1117.2531445033258,-1011.0267260513938,-1011.0267260513938,10733.999437117163,-2892.17288296442,1.6502195276779679
R2122,20,2020,19,9,47.368421052631575,-797.7223472000005,-41.98538669473687,-308.32646919999934,-1007.6903051999998,730.1465200000002,-805.3524019999986,-0.3002716176390691
R2122,20,2021,7,0,0.0,-929.7191939999993,-132.81702771428562,-223.58570560000044,-929.7191939999993,-159.13385639999797,-602.6424340000012,-1.0167203886599723
R2122,20,2022,14,2,14.285714285714285,-1366.3256674000058,-97.59469052857185,-248.3036628000009,-1366.3256674000058,109.80790559999876,-623.4302492000024,-0.9886215616186748
R2122,20,2023,11,8,72.72727272727273,1350.7427008000031,122.79479098181847,-207.82035259999972,-374.26906280000003,1564.841119800003,-415.2677836000002,0.4131905943306596
R2122,20,2024,15,11,73.33333333333333,1711.3860436000034,114.09240290666689,-902.7021053999996,-1746.379459799995,2400.764726600002,-2440.193581399999,0.4635002278163318
R2122,20,2025,17,10,58.82352941176471,12437.470968708029,731.6159393357664,-2034.7264476000016,-3374.5761741999995,9360.565016688022,-4365.625561376019,0.6637677531960408
R2122,20,2026,18,13,72.22222222222221,17970.2703492,998.3483527333333,-1132.1277315479963,-1151.5276854000185,10366.805309304,-3272.958467208002,1.4720432997105368
R2200,5,2020,19,9,47.368421052631575,-184.03408879996823,-9.686004673682538,-488.7666094999968,-898.2073619999919,860.7004300000062,-1001.2969387999965,-0.07129900021028407
R2200,5,2021,7,0,0.0,-445.89164639999217,-63.69880662857031,-179.7475263999986,-445.89164639999217,-30.212724199996956,-396.6744125999976,-0.4786897565481302
R2200,5,2022,14,2,14.285714285714285,-939.2538917499878,-67.0895636964277,-299.4388160999988,-980.3668770999884,172.09217130000252,-639.196727849996,-0.6778474323397586
R2200,5,2023,11,7,63.63636363636363,1766.2065244000241,160.5642294909113,-162.78656314999898,-238.7484827499975,1773.3249049500118,-322.6099807999981,0.6302490273860256
R2200,5,2024,15,11,73.33333333333333,1761.771405700034,117.45142704666893,-2082.0077701500013,-2083.5626299000032,2626.772106650009,-2640.2065047499964,0.4666317006955715
R2200,5,2025,17,11,64.70588235294117,15494.986421277088,911.4697894868875,-1938.3598118999944,-2452.605365949985,9984.762782172009,-3682.721560843969,1.1049689529173283
R2200,5,2026,18,13,72.22222222222221,18205.264678209125,1011.4035932338403,-1828.3847833170005,-1828.3847833170003,10978.795522326014,-3588.9290258669644,1.4574636935020346
R2200,11,2020,19,9,47.368421052631575,-509.67099536002934,-26.82478922947523,-505.816220900002,-985.5718764000048,808.4788659999977,-1055.2462253600079,-0.19110490079871612
R2200,11,2021,7,0,0.0,-555.2529820800102,-79.32185458285859,-197.2827980800012,-555.2529820800102,-74.56535280000571,-444.7824277200035,-0.598712120322179
R2200,11,2022,14,2,14.285714285714285,-1102.0665218500144,-78.71903727500103,-311.04907542,-1131.9831296200136,137.77741685999536,-677.3198012700013,-0.7978888482973489
R2200,11,2023,11,7,63.63636363636363,1535.8923536799887,139.62657760727168,-180.8000789300022,-312.7639820500008,1689.9313908899933,-378.10371776000284,0.5108610778628973
R2200,11,2024,15,10,66.66666666666666,1324.7810925399608,88.31873950266406,-2115.5696943300027,-2149.9183457800027,2536.3691546299924,-2721.372590450006,0.3470906029721166
R2200,11,2025,17,11,64.70588235294117,14480.398324409358,851.7881367299623,-1976.9064661800005,-2612.975605090007,9735.083675978385,-3835.6419586568154,0.9857864555912239
R2200,11,2026,18,12,66.66666666666666,16776.408886459663,932.0227159144257,-1907.991282497409,-1907.991282497409,10733.999437117163,-3843.356164907418,1.3384927109473133
R2200,20,2020,19,8,42.10526315789473,-998.1263551999982,-52.5329660631578,-531.390637999999,-1208.0943131999975,730.1465200000002,-1136.1701551999959,-0.37081375168131947
R2200,20,2021,7,0,0.0,-719.2949855999959,-102.75642651428514,-223.58570560000044,-719.2949855999959,-140.95209599999725,-516.9444503999985,-0.7787456659832065
R2200,20,2022,14,2,14.285714285714285,-1346.2854670000052,-96.16324764285751,-328.4644644,-1359.407508400005,86.30528520000006,-734.5044113999993,-0.9779509722336988
R2200,20,2023,11,7,63.63636363636363,1190.421097600005,108.22009978181863,-207.82035259999972,-423.78723100000025,1564.841119800003,-461.3443232000009,0.3317791535782391
R2200,20,2024,15,9,60.0,669.2956228000003,44.619708186666685,-2165.912580600001,-2270.3852073999988,2400.764726600002,-2843.1217190000025,0.16777895638697563
R2200,20,2025,17,10,58.82352941176471,12958.516179108028,762.2656575945899,-2034.7264476000016,-2853.5309638,9360.565016688022,-4065.0225553760174,0.8070127096020989
R2200,20,2026,18,11,61.111111111111114,14633.125198836016,812.9513999353343,-2027.4010312679968,-2191.1670828480055,10366.805309304,-4224.996873467993,1.1600362371152768
R2201,5,2020,19,9,47.368421052631575,-124.00288819996604,-6.526467799998213,-488.7666094999968,-838.1761613999897,860.7004300000062,-941.2657381999943,-0.05280054076248358
R2201,5,2021,7,1,14.285714285714285,-455.8968464999907,-65.1281209285701,-179.7475263999986,-455.8968464999907,-0.19712389999767765,-436.6952129999954,-0.4870575722532645
R2201,5,2022,14,3,21.428571428571427,-879.2232914499873,-62.80166367499909,-299.4388160999988,-920.3362767999879,193.67758140000115,-639.196727849996,-0.6284476625076317
R2201,5,2023,11,8,72.72727272727273,1926.2881252000243,175.1171022909113,-162.78656314999898,-162.78656314999898,1773.3249049500118,-233.85609564999686,0.7182881852807624
R2201,5,2024,15,11,73.33333333333333,621.190000000035,41.412666666669,-2082.0077701500013,-2904.69983125,2626.772106650009,-3734.8395279499964,0.1664041361026379
R2201,5,2025,17,11,64.70588235294117,15525.045071091092,913.2379453582995,-1938.3598118999944,-2742.753267399985,9984.762782172009,-3781.6327488439674,1.0556988499630553
R2201,5,2026,18,14,77.77777777777779,20156.523349974123,1119.80685277634,-1828.3847833170005,-1828.3847833170003,10978.795522326014,-3588.9290258669644,1.6491424977835871
R2201,11,2020,19,9,47.368421052631575,-449.6037940400274,-23.663357581054075,-505.816220900002,-925.5046750800029,808.4788659999977,-995.179024040006,-0.17259534782201147
R2201,11,2021,7,1,14.285714285714285,-565.2641823000123,-80.7520260428589,-197.2827980800012,-565.2641823000123,-44.531752140006574,-484.8272286000048,-0.6070849542076502
R2201,11,2022,14,3,21.428571428571427,-1041.9999211900122,-74.42856579928659,-311.04907542,-1071.9165289600114,160.3103590799965,-677.3198012700013,-0.748459453415846
R2201,11,2023,11,8,72.72727272727273,1696.0699554399873,154.18817776727158,-180.8000789300022,-180.8000789300022,1689.9313908899933,-286.380570430003,0.5989530328538222
R2201,11,2024,15,9,60.0,183.51567999995314,12.234378666663542,-2115.5696943300027,-3003.681508750007,2536.3691546299924,-3826.203241490013,0.04668299186368247
R2201,11,2025,17,11,64.70588235294117,14510.475000400158,853.5573529647152,-1976.9064661800005,-2903.2975082800076,9735.083675978385,-3933.713372256814,0.9364868053488218
R2201,11,2026,18,14,77.77777777777779,18728.837728342667,1040.4909849079258,-1907.991282497409,-1907.991282497409,10733.999437117163,-3843.356164907418,1.5302864650365315
R2201,20,2020,19,8,42.10526315789473,-938.0051528000004,-49.3686922526316,-531.390637999999,-1147.9731107999996,730.1465200000002,-1076.048952799998,-0.3522875584112598
R2201,20,2021,7,0,0.0,-729.315185999998,-104.18788371428543,-223.58570560000044,-729.315185999998,-110.89149479999833,-557.0252519999995,-0.7871260271391769
R2201,20,2022,14,2,14.285714285714285,-1286.1648658000067,-91.86891898571477,-328.4644644,-1299.2869072000067,110.25952559999858,-734.5044113999993,-0.9284771397781373
R2201,20,2023,11,7,63.63636363636363,1350.7427008000068,122.79479098181879,-207.82035259999972,-263.4656277999984,1564.841119800003,-365.16728259999945,0.4199503042134489
R2201,20,2024,15,9,60.0,-472.9958000000006,-31.533053333333374,-2165.912580600001,-3269.434690199996,2400.764726600002,-3963.2488118,-0.13289872449470352
R2201,20,2025,17,11,64.70588235294117,12988.619894364027,764.0364643743545,-2034.7264476000016,-3144.113869599998,9360.565016688022,-4161.834307376019,0.7576687384275043
R2201,20,2026,18,13,72.22222222222221,16587.30929589601,921.517183105334,-2027.4010312679968,-2103.56609166001,10366.805309304,-4224.996873467993,1.3520024159159918
R2202,5,2020,19,9,47.368421052631575,-124.00288819996604,-6.526467799998213,-488.7666094999968,-838.1761613999897,860.7004300000062,-941.2657381999943,-0.05280054076248358
R2202,5,2021,7,0,0.0,-625.9852481999897,-89.42646402856995,-179.7475263999986,-625.9852481999897,-43.61671409999508,-454.89045819999774,-0.6805157179539003
R2202,5,2022,14,3,21.428571428571427,-829.1977911999875,-59.228413657141964,-299.4388160999988,-896.2846670999897,243.70308165000097,-639.196727849996,-0.5872811876475266
R2202,5,2023,11,8,72.72727272727273,1976.3136254500241,179.66487504091128,-162.78656314999898,-162.78656314999898,1773.3249049500118,-233.85609564999686,0.7458004221228675
R2202,5,2024,15,11,73.33333333333333,781.2716008000315,52.084773386668765,-2082.0077701500013,-2904.69983125,2626.772106650009,-3734.8395279499964,0.2229301250856875
R2202,5,2025,17,11,64.70588235294117,15204.838519827088,894.4022658721816,-1938.3598118999944,-2742.753267399985,9984.762782172009,-3781.6327488439674,1.0238495441021862
R2202,5,2026,18,14,77.77777777777779,20586.80090323512,1143.71116129084,-1828.3847833170005,-1828.3847833170003,10978.795522326014,-3588.9290258669644,1.6883749095913987
R2202,11,2020,19,9,47.368421052631575,-449.6037940400274,-23.663357581054075,-505.816220900002,-925.5046750800029,808.4788659999977,-995.179024040006,-0.17259534782201147
R2202,11,2021,7,0,0.0,-735.4545860400121,-105.06494086285888,-197.2827980800012,-735.4545860400121,-89.82357102000424,-501.96700804000477,-0.800659116787268
R2202,11,2022,14,3,21.428571428571427,-991.944420640013,-70.85317290285808,-311.04907542,-1021.8610284100123,210.3658596299956,-677.3198012700013,-0.7072682910145958
R2202,11,2023,11,8,72.72727272727273,1746.1254559899828,158.73867781727117,-180.8000789300022,-180.8000789300022,1689.9313908899933,-286.380570430003,0.626481768788484
R2202,11,2024,15,10,66.66666666666666,343.6932817599518,22.912885450663453,-2115.5696943300027,-3003.681508750007,2536.3691546299924,-3826.203241490013,0.10324287949080062
R2202,11,2025,17,11,64.70588235294117,14190.076421219357,834.7103777187857,-1976.9064661800005,-2903.2975082800076,9735.083675978385,-3933.713372256814,0.9046183994544535
R2202,11,2026,18,14,77.77777777777779,19159.373319116865,1064.409628839826,-1907.991282497409,-1907.991282497409,10733.999437117163,-3843.356164907418,1.5695424045275863
R2202,20,2020,19,8,42.10526315789473,-938.0051528000004,-49.3686922526316,-531.390637999999,-1147.9731107999996,730.1465200000002,-1076.048952799998,-0.3522875584112598
R2202,20,2021,7,0,0.0,-899.6585927999986,-128.52265611428552,-223.58570560000044,-899.6585927999986,-159.13385639999797,-575.0280936000017,-0.9808742150372668
R2202,20,2022,14,3,21.428571428571427,-1236.064364800006,-88.29031177142899,-328.4644644,-1249.1864062000059,160.3600265999994,-734.5044113999993,-0.8872489460651675
R2202,20,2023,11,8,72.72727272727273,1400.843201800004,127.34938198181854,-207.82035259999972,-254.02786039999955,1564.841119800003,-365.16728259999945,0.4475037887869501
R2202,20,2024,15,10,66.66666666666666,-312.67419679999875,-20.84494645333325,-2165.912580600001,-3269.434690199996,2400.764726600002,-3963.2488118,-0.0762879889014826
R2202,20,2025,17,10,58.82352941176471,12667.93327330803,745.1725454887077,-2034.7264476000016,-3144.113869599998,9360.565016688022,-4161.834307376019,0.7257716824828867
R2202,20,2026,18,13,72.22222222222221,17018.23194294001,945.4573301633338,-2027.4010312679968,-2103.56609166001,10366.805309304,-4224.996873467993,1.3912936469319115
R2210,5,2020,19,10,52.63157894736842,-113.99768809996749,-5.999878321050921,-488.7666094999968,-898.2073619999919,860.7004300000062,-1021.3073389999954,-0.04489888980800072
R2210,5,2021,7,0,0.0,-445.89164639999217,-63.69880662857031,-179.7475263999986,-445.89164639999217,-30.212724199996956,-396.6744125999976,-0.4786897565481302
R2210,5,2022,14,2,14.285714285714285,-939.2538917499878,-67.0895636964277,-299.4388160999988,-980.3668770999884,172.09217130000252,-639.196727849996,-0.6778474323397586
R2210,5,2023,11,8,72.72727272727273,1816.232024650024,165.11200224091127,-162.78656314999898,-358.8096833499967,1773.3249049500118,-434.3674138999995,0.6578616591709783
R2210,5,2024,15,11,73.33333333333333,2262.026408200032,150.80176054666882,-2082.0077701500013,-2083.5626299000032,2626.772106650009,-2640.2065047499964,0.6295546782236608
R2210,5,2025,17,11,64.70588235294117,15565.022121627087,915.5895365662992,-1938.3598118999944,-2382.5696655999855,9984.762782172009,-3682.721560843969,1.1240861087382643
R2210,5,2026,18,13,72.22222222222221,18205.264678209125,1011.4035932338403,-1828.3847833170005,-1828.3847833170003,10978.795522326014,-3588.9290258669644,1.4574636935020346
R2210,11,2020,19,10,52.63157894736842,-439.59259382003074,-23.13645230631741,-505.816220900002,-985.5718764000048,808.4788659999977,-1075.2686258000085,-0.16468895824626723
R2210,11,2021,7,0,0.0,-555.2529820800102,-79.32185458285859,-197.2827980800012,-555.2529820800102,-74.56535280000571,-444.7824277200035,-0.598712120322179
R2210,11,2022,14,2,14.285714285714285,-1102.0665218500144,-78.71903727500103,-311.04907542,-1131.9831296200136,137.77741685999536,-677.3198012700013,-0.7978888482973489
R2210,11,2023,11,8,72.72727272727273,1585.947854229986,144.17707765727144,-180.8000789300022,-432.8971833700034,1689.9313908899933,-489.1817505800027,0.5384902689472696
R2210,11,2024,15,11,73.33333333333333,1825.3360980399593,121.68907320266395,-2115.5696943300027,-2149.9183457800027,2536.3691546299924,-2721.372590450006,0.5101112854342559
R2210,11,2025,17,11,64.70588235294117,14550.476025179356,855.9103544223151,-1976.9064661800005,-2542.897904320009,9735.083675978385,-3835.6419586568154,1.0049150759733716
R2210,11,2026,18,12,66.66666666666666,16776.408886459663,932.0227159144257,-1907.991282497409,-1907.991282497409,10733.999437117163,-3843.356164907418,1.3384927109473133
R2210,20,2020,19,9,47.368421052631575,-927.9849523999965,-48.841313284210344,-531.390637999999,-1144.1933847999953,730.1465200000002,-1156.2105559999945,-0.34437406090362005
R2210,20,2021,7,0,0.0,-719.2949855999959,-102.75642651428514,-223.58570560000044,-719.2949855999959,-140.95209599999725,-516.9444503999985,-0.7787456659832065
R2210,20,2022,14,2,14.285714285714285,-1346.2854670000052,-96.16324764285751,-328.4644644,-1359.407508400005,86.30528520000006,-734.5044113999993,-0.9779509722336988
R2210,20,2023,11,8,72.72727272727273,1240.5215986000057,112.7746907818187,-207.82035259999972,-544.0284334000007,1564.841119800003,-571.4032556000002,0.35943318361174553
R2210,20,2024,15,10,66.66666666666666,1170.300632800001,78.02004218666674,-2165.912580600001,-2270.3852073999988,2400.764726600002,-2843.1217190000025,0.3309461962501903
R2210,20,2025,17,10,58.82352941176471,13028.656880508028,766.3915812063545,-2034.7264476000016,-2783.3902624,9360.565016688022,-4065.0225553760174,0.8261585268260649
R2210,20,2026,18,11,61.111111111111114,14633.125198836016,812.9513999353343,-2027.4010312679968,-2191.1670828480055,10366.805309304,-4224.996873467993,1.1600362371152768
R2211,5,2020,19,10,52.63157894736842,-53.9664874999653,-2.8403414473665944,-488.7666094999968,-838.1761613999897,860.7004300000062,-961.2761383999932,-0.026400430360200206
R2211,5,2021,7,1,14.285714285714285,-455.8968464999907,-65.1281209285701,-179.7475263999986,-455.8968464999907,-0.19712389999767765,-436.6952129999954,-0.4870575722532645
R2211,5,2022,14,3,21.428571428571427,-879.2232914499873,-62.80166367499909,-299.4388160999988,-920.3362767999879,193.67758140000115,-639.196727849996,-0.6284476625076317
R2211,5,2023,11,9,81.81818181818183,1976.3136254500241,179.66487504091128,-162.78656314999898,-238.67291569999543,1773.3249049500118,-274.28581309999936,0.7459008170657152
R2211,5,2024,15,11,73.33333333333333,1121.4450025000333,74.76300016666889,-2082.0077701500013,-2904.69983125,2626.772106650009,-3734.8395279499964,0.3293271136307272
R2211,5,2025,17,11,64.70588235294117,15595.080771441091,917.3576924377112,-1938.3598118999944,-2672.7175670499855,9984.762782172009,-3781.6327488439674,1.0748160057839915
R2211,5,2026,18,14,77.77777777777779,20156.523349974123,1119.80685277634,-1828.3847833170005,-1828.3847833170003,10978.795522326014,-3588.9290258669644,1.6491424977835871
R2211,11,2020,19,10,52.63157894736842,-379.52539250002883,-19.975020657896255,-505.816220900002,-925.5046750800029,808.4788659999977,-1015.2014244800066,-0.14617940526956258
R2211,11,2021,7,1,14.285714285714285,-565.2641823000123,-80.7520260428589,-197.2827980800012,-565.2641823000123,-44.531752140006574,-484.8272286000048,-0.6070849542076502
R2211,11,2022,14,3,21.428571428571427,-1041.9999211900122,-74.42856579928659,-311.04907542,-1071.9165289600114,160.3103590799965,-677.3198012700013,-0.748459453415846
R2211,11,2023,11,9,81.81818181818183,1746.1254559899846,158.73867781727134,-180.8000789300022,-292.91137454000454,1689.9313908899933,-329.00414882000405,0.6265822239381946
R2211,11,2024,15,10,66.66666666666666,684.0706854999517,45.60471236666344,-2115.5696943300027,-3003.681508750007,2536.3691546299924,-3826.203241490013,0.20970367432582168
R2211,11,2025,17,11,64.70588235294117,14580.552701170156,857.679570657068,-1976.9064661800005,-2833.2198075100096,9735.083675978385,-3933.713372256814,0.9556154257309696
R2211,11,2026,18,14,77.77777777777779,18728.837728342667,1040.4909849079258,-1907.991282497409,-1907.991282497409,10733.999437117163,-3843.356164907418,1.5302864650365315
R2211,20,2020,19,9,47.368421052631575,-867.8637499999986,-45.67703947368414,-531.390637999999,-1084.0721823999975,730.1465200000002,-1096.0893535999967,-0.3258478676335603
R2211,20,2021,7,0,0.0,-729.315185999998,-104.18788371428543,-223.58570560000044,-729.315185999998,-110.89149479999833,-557.0252519999995,-0.7871260271391769
R2211,20,2022,14,2,14.285714285714285,-1286.1648658000067,-91.86891898571477,-328.4644644,-1299.2869072000067,110.25952559999858,-734.5044113999993,-0.9284771397781373
R2211,20,2023,11,8,72.72727272727273,1400.8432018000076,127.34938198181887,-207.82035259999972,-383.7068301999989,1564.841119800003,-411.0816523999983,0.44760433424695534
R2211,20,2024,15,10,66.66666666666666,28.009210000000166,1.8672806666666777,-2165.912580600001,-3269.434690199996,2400.764726600002,-3963.2488118,0.030268515368511193
R2211,20,2025,17,11,64.70588235294117,13058.760595764026,768.1623879861191,-2034.7264476000016,-3073.9731681999983,9360.565016688022,-4161.834307376019,0.7768145556514705
R2211,20,2026,18,13,72.22222222222221,16587.30929589601,921.517183105334,-2027.4010312679968,-2103.56609166001,10366.805309304,-4224.996873467993,1.3520024159159918
R2212,5,2020,19,10,52.63157894736842,-53.9664874999653,-2.8403414473665944,-488.7666094999968,-838.1761613999897,860.7004300000062,-961.2761383999932,-0.026400430360200206
R2212,5,2021,7,0,0.0,-625.9852481999897,-89.42646402856995,-179.7475263999986,-625.9852481999897,-43.61671409999508,-454.89045819999774,-0.6805157179539003
R2212,5,2022,14,3,21.428571428571427,-829.1977911999875,-59.228413657141964,-299.4388160999988,-896.2846670999897,243.70308165000097,-639.196727849996,-0.5872811876475266
R2212,5,2023,11,9,81.81818181818183,2026.339125700024,184.21264779091126,-162.78656314999898,-238.67291569999543,1773.3249049500118,-238.67291569999543,0.7734130539078202
R2212,5,2024,15,11,73.33333333333333,1281.5266033000298,85.43510688666865,-2082.0077701500013,-2904.69983125,2626.772106650009,-3734.8395279499964,0.38585310261377687
R2212,5,2025,17,11,64.70588235294117,15274.874220177087,898.5220129515934,-1938.3598118999944,-2672.7175670499855,9984.762782172009,-3781.6327488439674,1.0429666999231224
R2212,5,2026,18,14,77.77777777777779,20586.80090323512,1143.71116129084,-1828.3847833170005,-1828.3847833170003,10978.795522326014,-3588.9290258669644,1.6883749095913987
R2212,11,2020,19,10,52.63157894736842,-379.52539250002883,-19.975020657896255,-505.816220900002,-925.5046750800029,808.4788659999977,-1015.2014244800066,-0.14617940526956258
R2212,11,2021,7,0,0.0,-735.4545860400121,-105.06494086285888,-197.2827980800012,-735.4545860400121,-89.82357102000424,-501.96700804000477,-0.800659116787268
R2212,11,2022,14,3,21.428571428571427,-991.944420640013,-70.85317290285808,-311.04907542,-1021.8610284100123,210.3658596299956,-677.3198012700013,-0.7072682910145958
R2212,11,2023,11,9,81.81818181818183,1796.18095653998,163.2891778672709,-180.8000789300022,-292.91137454000454,1689.9313908899933,-292.91137454000454,0.6541109598728564
R2212,11,2024,15,11,73.33333333333333,844.2482872599503,56.283219150663356,-2115.5696943300027,-3003.681508750007,2536.3691546299924,-3826.203241490013,0.2662635619529398
R2212,11,2025,17,11,64.70588235294117,14260.154121989355,838.8325954111385,-1976.9064661800005,-2833.2198075100096,9735.083675978385,-3933.713372256814,0.9237470198366012
R2212,11,2026,18,14,77.77777777777779,19159.373319116865,1064.409628839826,-1907.991282497409,-1907.991282497409,10733.999437117163,-3843.356164907418,1.5695424045275863
R2212,20,2020,19,9,47.368421052631575,-867.8637499999986,-45.67703947368414,-531.390637999999,-1084.0721823999975,730.1465200000002,-1096.0893535999967,-0.3258478676335603
R2212,20,2021,7,0,0.0,-899.6585927999986,-128.52265611428552,-223.58570560000044,-899.6585927999986,-159.13385639999797,-575.0280936000017,-0.9808742150372668
R2212,20,2022,14,3,21.428571428571427,-1236.064364800006,-88.29031177142899,-328.4644644,-1249.1864062000059,160.3600265999994,-734.5044113999993,-0.8872489460651675
R2212,20,2023,11,9,81.81818181818183,1450.9437028000048,131.9039729818186,-207.82035259999972,-374.26906280000003,1564.841119800003,-374.2690628,0.47515781882045655
R2212,20,2024,15,11,73.33333333333333,188.330813200002,12.5553875466668,-2165.912580600001,-3269.434690199996,2400.764726600002,-3963.2488118,0.08687925096173216
R2212,20,2025,17,10,58.82352941176471,12738.07397470803,749.2984691004723,-2034.7264476000016,-3073.9731681999983,9360.565016688022,-4161.834307376019,0.7449174997068528
R2212,20,2026,18,13,72.22222222222221,17018.23194294001,945.4573301633338,-2027.4010312679968,-2103.56609166001,10366.805309304,-4224.996873467993,1.3912936469319115
R2220,5,2020,19,10,52.63157894736842,-113.99768809996749,-5.999878321050921,-488.7666094999968,-898.2073619999919,860.7004300000062,-1021.3073389999954,-0.04489888980800072
R2220,5,2021,7,0,0.0,-445.89164639999217,-63.69880662857031,-179.7475263999986,-445.89164639999217,-30.212724199996956,-396.6744125999976,-0.4786897565481302
R2220,5,2022,14,2,14.285714285714285,-939.2538917499878,-67.0895636964277,-299.4388160999988,-980.3668770999884,172.09217130000252,-639.196727849996,-0.6778474323397586
R2220,5,2023,11,8,72.72727272727273,1716.1810241500243,156.0164567409113,-162.78656314999898,-358.8096833499967,1773.3249049500118,-434.3674138999995,0.5959871999873051
R2220,5,2024,15,11,73.33333333333333,2262.026408200032,150.80176054666882,-2082.0077701500013,-2083.5626299000032,2626.772106650009,-2640.2065047499964,0.6295546782236608
R2220,5,2025,17,11,64.70588235294117,15565.022121627087,915.5895365662992,-1938.3598118999944,-2382.5696655999855,9984.762782172009,-3682.721560843969,1.1240861087382643
R2220,5,2026,18,13,72.22222222222221,18205.264678209125,1011.4035932338403,-1828.3847833170005,-1828.3847833170003,10978.795522326014,-3588.9290258669644,1.4574636935020346
R2220,11,2020,19,10,52.63157894736842,-439.59259382003074,-23.13645230631741,-505.816220900002,-985.5718764000048,808.4788659999977,-1075.2686258000085,-0.16468895824626723
R2220,11,2021,7,0,0.0,-555.2529820800102,-79.32185458285859,-197.2827980800012,-555.2529820800102,-74.56535280000571,-444.7824277200035,-0.598712120322179
R2220,11,2022,14,2,14.285714285714285,-1102.0665218500144,-78.71903727500103,-311.04907542,-1131.9831296200136,137.77741685999536,-677.3198012700013,-0.7978888482973489
R2220,11,2023,11,8,72.72727272727273,1485.8368531299877,135.07607755727162,-180.8000789300022,-432.8971833700034,1689.9313908899933,-489.1817505800027,0.4765787036411482
R2220,11,2024,15,11,73.33333333333333,1825.3360980399593,121.68907320266395,-2115.5696943300027,-2149.9183457800027,2536.3691546299924,-2721.372590450006,0.5101112854342559
R2220,11,2025,17,11,64.70588235294117,14550.476025179356,855.9103544223151,-1976.9064661800005,-2542.897904320009,9735.083675978385,-3835.6419586568154,1.0049150759733716
R2220,11,2026,18,12,66.66666666666666,16776.408886459663,932.0227159144257,-1907.991282497409,-1907.991282497409,10733.999437117163,-3843.356164907418,1.3384927109473133
R2220,20,2020,19,9,47.368421052631575,-927.9849523999965,-48.841313284210344,-531.390637999999,-1144.1933847999953,730.1465200000002,-1156.2105559999945,-0.34437406090362005
R2220,20,2021,7,0,0.0,-719.2949855999959,-102.75642651428514,-223.58570560000044,-719.2949855999959,-140.95209599999725,-516.9444503999985,-0.7787456659832065
R2220,20,2022,14,2,14.285714285714285,-1346.2854670000052,-96.16324764285751,-328.4644644,-1359.407508400005,86.30528520000006,-734.5044113999993,-0.9779509722336988
R2220,20,2023,11,7,63.63636363636363,1140.3205966000041,103.66550878181856,-207.82035259999972,-544.0284334000007,1564.841119800003,-571.4032556000002,0.2974659591219487
R2220,20,2024,15,10,66.66666666666666,1170.300632800001,78.02004218666674,-2165.912580600001,-2270.3852073999988,2400.764726600002,-2843.1217190000025,0.3309461962501903
R2220,20,2025,17,10,58.82352941176471,13028.656880508028,766.3915812063545,-2034.7264476000016,-2783.3902624,9360.565016688022,-4065.0225553760174,0.8261585268260649
R2220,20,2026,18,11,61.111111111111114,14633.125198836016,812.9513999353343,-2027.4010312679968,-2191.1670828480055,10366.805309304,-4224.996873467993,1.1600362371152768
R2221,5,2020,19,10,52.63157894736842,-53.9664874999653,-2.8403414473665944,-488.7666094999968,-838.1761613999897,860.7004300000062,-961.2761383999932,-0.026400430360200206
R2221,5,2021,7,1,14.285714285714285,-455.8968464999907,-65.1281209285701,-179.7475263999986,-455.8968464999907,-0.19712389999767765,-436.6952129999954,-0.4870575722532645
R2221,5,2022,14,3,21.428571428571427,-879.2232914499873,-62.80166367499909,-299.4388160999988,-920.3362767999879,193.67758140000115,-639.196727849996,-0.6284476625076317
R2221,5,2023,11,9,81.81818181818183,1876.2626249500245,170.56932954091133,-162.78656314999898,-238.67291569999543,1773.3249049500118,-283.8815958999967,0.684026357882042
R2221,5,2024,15,11,73.33333333333333,1121.4450025000333,74.76300016666889,-2082.0077701500013,-2904.69983125,2626.772106650009,-3734.8395279499964,0.3293271136307272
R2221,5,2025,17,11,64.70588235294117,15595.080771441091,917.3576924377112,-1938.3598118999944,-2672.7175670499855,9984.762782172009,-3781.6327488439674,1.0748160057839915
R2221,5,2026,18,14,77.77777777777779,20156.523349974123,1119.80685277634,-1828.3847833170005,-1828.3847833170003,10978.795522326014,-3588.9290258669644,1.6491424977835871
R2221,11,2020,19,10,52.63157894736842,-379.52539250002883,-19.975020657896255,-505.816220900002,-925.5046750800029,808.4788659999977,-1015.2014244800066,-0.14617940526956258
R2221,11,2021,7,1,14.285714285714285,-565.2641823000123,-80.7520260428589,-197.2827980800012,-565.2641823000123,-44.531752140006574,-484.8272286000048,-0.6070849542076502
R2221,11,2022,14,3,21.428571428571427,-1041.9999211900122,-74.42856579928659,-311.04907542,-1071.9165289600114,160.3103590799965,-677.3198012700013,-0.748459453415846
R2221,11,2023,11,9,81.81818181818183,1646.0144548899864,149.6376777172715,-180.8000789300022,-292.91137454000454,1689.9313908899933,-336.43607098000393,0.5646706586320732
R2221,11,2024,15,10,66.66666666666666,684.0706854999517,45.60471236666344,-2115.5696943300027,-3003.681508750007,2536.3691546299924,-3826.203241490013,0.20970367432582168
R2221,11,2025,17,11,64.70588235294117,14580.552701170156,857.679570657068,-1976.9064661800005,-2833.2198075100096,9735.083675978385,-3933.713372256814,0.9556154257309696
R2221,11,2026,18,14,77.77777777777779,18728.837728342667,1040.4909849079258,-1907.991282497409,-1907.991282497409,10733.999437117163,-3843.356164907418,1.5302864650365315
R2221,20,2020,19,9,47.368421052631575,-867.8637499999986,-45.67703947368414,-531.390637999999,-1084.0721823999975,730.1465200000002,-1096.0893535999967,-0.3258478676335603
R2221,20,2021,7,0,0.0,-729.315185999998,-104.18788371428543,-223.58570560000044,-729.315185999998,-110.89149479999833,-557.0252519999995,-0.7871260271391769
R2221,20,2022,14,2,14.285714285714285,-1286.1648658000067,-91.86891898571477,-328.4644644,-1299.2869072000067,110.25952559999858,-734.5044113999993,-0.9284771397781373
R2221,20,2023,11,7,63.63636363636363,1300.642199800006,118.24019998181872,-207.82035259999972,-383.7068301999989,1564.841119800003,-415.2677836000002,0.3856371097571584
R2221,20,2024,15,10,66.66666666666666,28.009210000000166,1.8672806666666777,-2165.912580600001,-3269.434690199996,2400.764726600002,-3963.2488118,0.030268515368511193
R2221,20,2025,17,11,64.70588235294117,13058.760595764026,768.1623879861191,-2034.7264476000016,-3073.9731681999983,9360.565016688022,-4161.834307376019,0.7768145556514705
R2221,20,2026,18,13,72.22222222222221,16587.30929589601,921.517183105334,-2027.4010312679968,-2103.56609166001,10366.805309304,-4224.996873467993,1.3520024159159918
R2222,5,2020,19,10,52.63157894736842,-53.9664874999653,-2.8403414473665944,-488.7666094999968,-838.1761613999897,860.7004300000062,-961.2761383999932,-0.026400430360200206
R2222,5,2021,7,0,0.0,-625.9852481999897,-89.42646402856995,-179.7475263999986,-625.9852481999897,-43.61671409999508,-454.89045819999774,-0.6805157179539003
R2222,5,2022,14,3,21.428571428571427,-829.1977911999875,-59.228413657141964,-299.4388160999988,-896.2846670999897,243.70308165000097,-639.196727849996,-0.5872811876475266
R2222,5,2023,11,9,81.81818181818183,1926.2881252000243,175.1171022909113,-162.78656314999898,-238.67291569999543,1773.3249049500118,-283.8815958999967,0.7115385947241472
R2222,5,2024,15,11,73.33333333333333,1281.5266033000298,85.43510688666865,-2082.0077701500013,-2904.69983125,2626.772106650009,-3734.8395279499964,0.38585310261377687
R2222,5,2025,17,11,64.70588235294117,15274.874220177087,898.5220129515934,-1938.3598118999944,-2672.7175670499855,9984.762782172009,-3781.6327488439674,1.0429666999231224
R2222,5,2026,18,14,77.77777777777779,20586.80090323512,1143.71116129084,-1828.3847833170005,-1828.3847833170003,10978.795522326014,-3588.9290258669644,1.6883749095913987
R2222,11,2020,19,10,52.63157894736842,-379.52539250002883,-19.975020657896255,-505.816220900002,-925.5046750800029,808.4788659999977,-1015.2014244800066,-0.14617940526956258
R2222,11,2021,7,0,0.0,-735.4545860400121,-105.06494086285888,-197.2827980800012,-735.4545860400121,-89.82357102000424,-501.96700804000477,-0.800659116787268
R2222,11,2022,14,3,21.428571428571427,-991.944420640013,-70.85317290285808,-311.04907542,-1021.8610284100123,210.3658596299956,-677.3198012700013,-0.7072682910145958
R2222,11,2023,11,9,81.81818181818183,1696.0699554399819,154.18817776727107,-180.8000789300022,-292.91137454000454,1689.9313908899933,-336.43607098000393,0.592199394566735
R2222,11,2024,15,11,73.33333333333333,844.2482872599503,56.283219150663356,-2115.5696943300027,-3003.681508750007,2536.3691546299924,-3826.203241490013,0.2662635619529398
R2222,11,2025,17,11,64.70588235294117,14260.154121989355,838.8325954111385,-1976.9064661800005,-2833.2198075100096,9735.083675978385,-3933.713372256814,0.9237470198366012
R2222,11,2026,18,14,77.77777777777779,19159.373319116865,1064.409628839826,-1907.991282497409,-1907.991282497409,10733.999437117163,-3843.356164907418,1.5695424045275863
R2222,20,2020,19,9,47.368421052631575,-867.8637499999986,-45.67703947368414,-531.390637999999,-1084.0721823999975,730.1465200000002,-1096.0893535999967,-0.3258478676335603
R2222,20,2021,7,0,0.0,-899.6585927999986,-128.52265611428552,-223.58570560000044,-899.6585927999986,-159.13385639999797,-575.0280936000017,-0.9808742150372668
R2222,20,2022,14,3,21.428571428571427,-1236.064364800006,-88.29031177142899,-328.4644644,-1249.1864062000059,160.3600265999994,-734.5044113999993,-0.8872489460651675
R2222,20,2023,11,8,72.72727272727273,1350.7427008000031,122.79479098181847,-207.82035259999972,-374.26906280000003,1564.841119800003,-415.2677836000002,0.4131905943306596
R2222,20,2024,15,11,73.33333333333333,188.330813200002,12.5553875466668,-2165.912580600001,-3269.434690199996,2400.764726600002,-3963.2488118,0.08687925096173216
R2222,20,2025,17,10,58.82352941176471,12738.07397470803,749.2984691004723,-2034.7264476000016,-3073.9731681999983,9360.565016688022,-4161.834307376019,0.7449174997068528
R2222,20,2026,18,13,72.22222222222221,17018.23194294001,945.4573301633338,-2027.4010312679968,-2103.56609166001,10366.805309304,-4224.996873467993,1.3912936469319115
