date,cash,hold_cash,shares,receivable,hold_receivable,tax_reserve,fee,tax,payment,hold_payment,deposit,external,equity,hold_equity,relative,pool_ex_external,relative_cash_pool
2020-01-02,0.0,0.0,3000,0,0,0.0,0.0,0.0,0.0,0.0,0.0,0.0,55140.0,55140.0,0.0,0.0,0.0
2020-01-03,0.0,0.0,3000,0,0,0.0,0.0,0.0,0.0,0.0,0.0,0.0,54660.0,54660.0,0.0,0.0,0.0
2020-01-06,0.0,0.0,3000,0,0,0.0,0.0,0.0,0.0,0.0,0.0,0.0,53699.99999999999,53699.99999999999,0.0,0.0,0.0
2020-01-07,0.0,0.0,3000,0,0,0.0,0.0,0.0,0.0,0.0,0.0,0.0,53580.0,53580.0,0.0,0.0,0.0
2020-01-08,0.0,0.0,3000,0,0,0.0,0.0,0.0,0.0,0.0,0.0,0.0,52560.0,52560.0,0.0,0.0,0.0
2020-01-09,0.0,0.0,3000,0,0,0.0,0.0,0.0,0.0,0.0,0.0,0.0,54900.0,54900.0,0.0,0.0,0.0
2020-01-10,0.0,0.0,3000,0,0,0.0,0.0,0.0,0.0,0.0,0.0,0.0,54090.0,54090.0,0.0,0.0,0.0
2020-01-13,0.0,0.0,3000,0,0,0.0,0.0,0.0,0.0,0.0,0.0,0.0,55830.0,55830.0,0.0,0.0,0.0
2020-01-14,0.0,0.0,3000,0,0,0.0,0.0,0.0,0.0,0.0,0.0,0.0,55170.0,55170.0,0.0,0.0,0.0
2020-01-15,0.0,0.0,3000,0,0,0.0,0.0,0.0,0.0,0.0,0.0,0.0,56100.0,56100.0,0.0,0.0,0.0
2020-01-16,0.0,0.0,3000,0,0,0.0,0.0,0.0,0.0,0.0,0.0,0.0,55230.0,55230.0,0.0,0.0,0.0
2020-01-17,0.0,0.0,3000,0,0,0.0,0.0,0.0,0.0,0.0,0.0,0.0,56969.99999999999,56969.99999999999,0.0,0.0,0.0
2020-01-20,0.0,0.0,3000,0,0,0.0,0.0,0.0,0.0,0.0,0.0,0.0,58020.0,58020.0,0.0,0.0,0.0
2020-01-21,0.0,0.0,3000,0,0,0.0,0.0,0.0,0.0,0.0,0.0,0.0,57270.0,57270.0,0.0,0.0,0.0
2020-01-22,0.0,0.0,3000,0,0,0.0,0.0,0.0,0.0,0.0,0.0,0.0,62550.00000000001,62550.00000000001,0.0,0.0,0.0
2020-01-23,0.0,0.0,3000,0,0,0.0,0.0,0.0,0.0,0.0,0.0,0.0,60000.0,60000.0,0.0,0.0,0.0
2020-02-03,0.0,0.0,3000,0,0,0.0,0.0,0.0,0.0,0.0,0.0,0.0,54000.0,54000.0,0.0,0.0,0.0
2020-02-04,0.0,0.0,3000,0,0,0.0,0.0,0.0,0.0,0.0,0.0,0.0,54060.0,54060.0,0.0,0.0,0.0
2020-02-05,0.0,0.0,3000,0,0,0.0,0.0,0.0,0.0,0.0,0.0,0.0,56070.00000000001,56070.00000000001,0.0,0.0,0.0
2020-02-06,0.0,0.0,3000,0,0,0.0,0.0,0.0,0.0,0.0,0.0,0.0,56760.00000000001,56760.00000000001,0.0,0.0,0.0
2020-02-07,0.0,0.0,3000,0,0,0.0,0.0,0.0,0.0,0.0,0.0,0.0,57900.0,57900.0,0.0,0.0,0.0
2020-02-10,0.0,0.0,3000,0,0,0.0,0.0,0.0,0.0,0.0,0.0,0.0,56730.0,56730.0,0.0,0.0,0.0
2020-02-11,0.0,0.0,3000,0,0,0.0,0.0,0.0,0.0,0.0,0.0,0.0,57690.0,57690.0,0.0,0.0,0.0
2020-02-12,0.0,0.0,3000,0,0,0.0,0.0,0.0,0.0,0.0,0.0,0.0,57449.99999999999,57449.99999999999,0.0,0.0,0.0
2020-02-13,0.0,0.0,3000,0,0,0.0,0.0,0.0,0.0,0.0,0.0,0.0,55260.00000000001,55260.00000000001,0.0,0.0,0.0
2020-02-14,0.0,0.0,3000,0,0,0.0,0.0,0.0,0.0,0.0,0.0,0.0,55050.00000000001,55050.00000000001,0.0,0.0,0.0
2020-02-17,0.0,0.0,3000,0,0,0.0,0.0,0.0,0.0,0.0,0.0,0.0,57570.00000000001,57570.00000000001,0.0,0.0,0.0
2020-02-18,0.0,0.0,3000,0,0,0.0,0.0,0.0,0.0,0.0,0.0,0.0,56550.00000000001,56550.00000000001,0.0,0.0,0.0
2020-02-19,0.0,0.0,3000,0,0,0.0,0.0,0.0,0.0,0.0,0.0,0.0,55469.99999999999,55469.99999999999,0.0,0.0,0.0
2020-02-20,0.0,0.0,3000,0,0,0.0,0.0,0.0,0.0,0.0,0.0,0.0,56429.99999999999,56429.99999999999,0.0,0.0,0.0
2020-02-21,0.0,0.0,3000,0,0,0.0,0.0,0.0,0.0,0.0,0.0,0.0,58800.00000000001,58800.00000000001,0.0,0.0,0.0
2020-02-24,0.0,0.0,3000,0,0,0.0,0.0,0.0,0.0,0.0,0.0,0.0,60420.0,60420.0,0.0,0.0,0.0
2020-02-25,0.0,0.0,3000,0,0,0.0,0.0,0.0,0.0,0.0,0.0,0.0,59880.0,59880.0,0.0,0.0,0.0
2020-02-26,0.0,0.0,3000,0,0,0.0,0.0,0.0,0.0,0.0,0.0,0.0,56130.0,56130.0,0.0,0.0,0.0
2020-02-27,0.0,0.0,3000,0,0,0.0,0.0,0.0,0.0,0.0,0.0,0.0,56699.99999999999,56699.99999999999,0.0,0.0,0.0
2020-02-28,17023.4532432,0.0,2000,0,0,0.0,22.3867568,0.0,0.0,0.0,0.0,0.0,51183.4532432,51239.99999999999,-56.54675679999491,17023.4532432,17023.4532432
2020-03-02,0.0,186.23084359999848,3000,0,0,0.0,5.3440868,0.0,0.0,0.0,186.23084359999848,186.23084359999848,52320.00000000001,52506.2308436,-186.23084359999484,-186.23084359999848,-186.23084359999848
2020-03-03,17382.3667776,186.23084359999848,2000,0,0,0.0,22.7532224,0.0,0.0,0.0,0.0,186.23084359999848,52262.3667776,52506.2308436,-243.8640660000019,17196.135934,17196.135934
2020-03-04,262.8644944000007,186.23084359999848,3000,0,0,0.0,5.3422832,0.0,0.0,0.0,0.0,186.23084359999848,50542.86449440001,50466.2308436,76.63365080000949,76.63365080000221,76.63365080000221
2020-03-05,262.8644944000007,186.23084359999848,3000,0,0,0.0,0.0,0.0,0.0,0.0,0.0,186.23084359999848,51742.8644944,51666.2308436,76.63365079999494,76.63365080000221,76.63365080000221
2020-03-06,262.8644944000007,186.23084359999848,3000,0,0,0.0,0.0,0.0,0.0,0.0,0.0,186.23084359999848,51232.8644944,51156.23084359999,76.63365080000949,76.63365080000221,76.63365080000221
2020-03-09,16389.0339016,186.23084359999848,2000,0,0,0.0,21.470592800000002,0.0,0.0,0.0,0.0,186.23084359999848,48749.0339016,48726.2308436,22.80305799999769,16202.803058000001,16202.803058000001
2020-03-10,552.1172695999994,186.23084359999848,3000,0,0,0.0,5.316632,0.0,0.0,0.0,0.0,186.23084359999848,50322.1172696,49956.2308436,365.8864259999973,365.88642600000094,365.88642600000094
2020-03-11,17037.200211199997,186.23084359999848,2000,0,0,0.0,21.8370584,0.0,0.0,0.0,0.0,186.23084359999848,50117.2002112,49806.2308436,310.96936759999517,16850.9693676,16850.9693676
2020-03-12,689.2533587999988,186.23084359999848,3000,0,0,0.0,5.3268524,0.0,0.0,0.0,0.0,186.23084359999848,48989.25335880001,48486.2308436,503.0225152000057,503.02251520000027,503.02251520000027
2020-03-13,689.2533587999988,186.23084359999848,3000,0,0,0.0,0.0,0.0,0.0,0.0,0.0,186.23084359999848,47639.2533588,47136.2308436,503.02251519999845,503.02251520000027,503.02251520000027
2020-03-16,14941.096530799998,186.23084359999848,2000,0,0,0.0,19.556828000000003,0.0,0.0,0.0,0.0,186.23084359999848,43541.0965308,43086.2308436,454.86568719999923,14754.8656872,14754.8656872
2020-03-17,1058.1189767999967,186.23084359999848,3000,0,0,0.0,5.277554,0.0,0.0,0.0,0.0,186.23084359999848,42788.1189768,41916.2308436,871.8881331999946,871.8881331999983,871.8881331999983
2020-03-18,14572.195439199995,186.23084359999848,2000,0,0,0.0,18.8035376,0.0,0.0,0.0,0.0,186.23084359999848,41692.1954392,40866.2308436,825.9645955999949,14385.964595599997,14385.964595599997
2020-03-19,989.8238971999945,186.23084359999848,3000,0,0,0.0,5.271542,0.0,0.0,0.0,0.0,186.23084359999848,41519.823897199996,40716.2308436,803.5930535999942,803.593053599996,803.593053599996
2020-03-20,989.8238971999945,186.23084359999848,3000,0,0,0.0,0.0,0.0,0.0,0.0,0.0,186.23084359999848,41699.823897199996,40896.2308436,803.5930535999942,803.593053599996,803.593053599996
2020-03-23,13467.039037999994,186.23084359999848,2000,0,0,0.0,17.7448592,0.0,0.0,0.0,0.0,186.23084359999848,38507.039037999995,37746.2308436,760.8081943999932,13280.808194399995,13280.808194399995
2020-03-24,626.162325599993,186.23084359999848,3000,0,0,0.0,5.2567124,0.0,0.0,0.0,0.0,186.23084359999848,39686.162325599995,39246.2308436,439.9314819999927,439.9314819999945,439.9314819999945
2020-03-25,626.162325599993,186.23084359999848,3000,0,0,0.0,0.0,0.0,0.0,0.0,0.0,186.23084359999848,41276.162325599995,40836.2308436,439.9314819999927,439.9314819999945,439.9314819999945
2020-03-26,626.162325599993,186.23084359999848,3000,0,0,0.0,0.0,0.0,0.0,0.0,0.0,186.23084359999848,40496.162325599995,40056.2308436,439.9314819999927,439.9314819999945,439.9314819999945
2020-03-27,626.162325599993,186.23084359999848,3000,0,0,0.0,0.0,0.0,0.0,0.0,0.0,186.23084359999848,39836.162325599995,39396.2308436,439.9314819999927,439.9314819999945,439.9314819999945
2020-03-30,626.162325599993,186.23084359999848,3000,0,0,0.0,0.0,0.0,0.0,0.0,0.0,186.23084359999848,39086.162325599995,38646.2308436,439.9314819999927,439.9314819999945,439.9314819999945
2020-03-31,626.162325599993,186.23084359999848,3000,0,0,0.0,0.0,0.0,0.0,0.0,0.0,186.23084359999848,40256.162325599995,39816.2308436,439.9314819999927,439.9314819999945,439.9314819999945
2020-04-01,626.162325599993,186.23084359999848,3000,0,0,0.0,0.0,0.0,0.0,0.0,0.0,186.23084359999848,40856.162325599995,40416.2308436,439.9314819999927,439.9314819999945,439.9314819999945
2020-04-02,626.162325599993,186.23084359999848,3000,0,0,0.0,0.0,0.0,0.0,0.0,0.0,186.23084359999848,42566.162325599995,42126.2308436,439.9314819999927,439.9314819999945,439.9314819999945
2020-04-03,626.162325599993,186.23084359999848,3000,0,0,0.0,0.0,0.0,0.0,0.0,0.0,186.23084359999848,42506.162325599995,42066.2308436,439.9314819999927,439.9314819999945,439.9314819999945
2020-04-07,626.162325599993,186.23084359999848,3000,0,0,0.0,0.0,0.0,0.0,0.0,0.0,186.23084359999848,43076.162325599995,42636.2308436,439.9314819999927,439.9314819999945,439.9314819999945
2020-04-08,626.162325599993,186.23084359999848,3000,0,0,0.0,0.0,0.0,0.0,0.0,0.0,186.23084359999848,43046.162325599995,42606.2308436,439.9314819999927,439.9314819999945,439.9314819999945
2020-04-09,626.162325599993,186.23084359999848,3000,0,0,0.0,0.0,0.0,0.0,0.0,0.0,186.23084359999848,42476.162325599995,42036.2308436,439.9314819999927,439.9314819999945,439.9314819999945
2020-04-10,626.162325599993,186.23084359999848,3000,0,0,0.0,0.0,0.0,0.0,0.0,0.0,186.23084359999848,41486.162325599995,41046.2308436,439.9314819999927,439.9314819999945,439.9314819999945
2020-04-13,626.162325599993,186.23084359999848,3000,0,0,0.0,0.0,0.0,0.0,0.0,0.0,186.23084359999848,40076.162325599995,39636.2308436,439.9314819999927,439.9314819999945,439.9314819999945
2020-04-14,626.162325599993,186.23084359999848,3000,0,0,0.0,0.0,0.0,0.0,0.0,0.0,186.23084359999848,42056.162325599995,41616.2308436,439.9314819999927,439.9314819999945,439.9314819999945
2020-04-15,626.162325599993,186.23084359999848,3000,0,0,0.0,0.0,0.0,0.0,0.0,0.0,186.23084359999848,42236.162325599995,41796.2308436,439.9314819999927,439.9314819999945,439.9314819999945
2020-04-16,626.162325599993,186.23084359999848,3000,0,0,0.0,0.0,0.0,0.0,0.0,0.0,186.23084359999848,42776.162325599995,42336.2308436,439.9314819999927,439.9314819999945,439.9314819999945
2020-04-17,626.162325599993,186.23084359999848,3000,0,0,0.0,0.0,0.0,0.0,0.0,0.0,186.23084359999848,42596.162325599995,42156.2308436,439.9314819999927,439.9314819999945,439.9314819999945
2020-04-20,626.162325599993,186.23084359999848,3000,0,0,0.0,0.0,0.0,0.0,0.0,0.0,186.23084359999848,44036.162325599995,43596.2308436,439.9314819999927,439.9314819999945,439.9314819999945
2020-04-21,626.162325599993,186.23084359999848,3000,0,0,0.0,0.0,0.0,0.0,0.0,0.0,186.23084359999848,43106.162325599995,42666.2308436,439.9314819999927,439.9314819999945,439.9314819999945
2020-04-22,626.162325599993,186.23084359999848,3000,0,0,0.0,0.0,0.0,0.0,0.0,0.0,186.23084359999848,42806.162325599995,42366.2308436,439.9314819999927,439.9314819999945,439.9314819999945
2020-04-23,626.162325599993,186.23084359999848,3000,0,0,0.0,0.0,0.0,0.0,0.0,0.0,186.23084359999848,42506.162325599995,42066.2308436,439.9314819999927,439.9314819999945,439.9314819999945
2020-04-24,626.162325599993,186.23084359999848,3000,0,0,0.0,0.0,0.0,0.0,0.0,0.0,186.23084359999848,42476.162325599995,42036.2308436,439.9314819999927,439.9314819999945,439.9314819999945
2020-04-27,626.162325599993,186.23084359999848,3000,0,0,0.0,0.0,0.0,0.0,0.0,0.0,186.23084359999848,42476.162325599995,42036.2308436,439.9314819999927,439.9314819999945,439.9314819999945
2020-04-28,626.162325599993,186.23084359999848,3000,0,0,0.0,0.0,0.0,0.0,0.0,0.0,186.23084359999848,43256.162325599995,42816.2308436,439.9314819999927,439.9314819999945,439.9314819999945
2020-04-29,626.162325599993,186.23084359999848,3000,0,0,0.0,0.0,0.0,0.0,0.0,0.0,186.23084359999848,43346.162325599995,42906.2308436,439.9314819999927,439.9314819999945,439.9314819999945
2020-04-30,626.162325599993,186.23084359999848,3000,0,0,0.0,0.0,0.0,0.0,0.0,0.0,186.23084359999848,44696.162325599995,44256.2308436,439.9314819999927,439.9314819999945,439.9314819999945
2020-05-06,626.162325599993,186.23084359999848,3000,0,0,0.0,0.0,0.0,0.0,0.0,0.0,186.23084359999848,44906.162325599995,44466.2308436,439.9314819999927,439.9314819999945,439.9314819999945
2020-05-07,626.162325599993,186.23084359999848,3000,0,0,0.0,0.0,0.0,0.0,0.0,0.0,186.23084359999848,43766.162325599995,43326.2308436,439.9314819999927,439.9314819999945,439.9314819999945
2020-05-08,626.162325599993,186.23084359999848,3000,0,0,0.0,0.0,0.0,0.0,0.0,0.0,186.23084359999848,43946.162325599995,43506.2308436,439.9314819999927,439.9314819999945,439.9314819999945
2020-05-11,626.162325599993,186.23084359999848,3000,0,0,0.0,0.0,0.0,0.0,0.0,0.0,186.23084359999848,44186.162325599995,43746.2308436,439.9314819999927,439.9314819999945,439.9314819999945
2020-05-12,626.162325599993,186.23084359999848,3000,0,0,0.0,0.0,0.0,0.0,0.0,0.0,186.23084359999848,43316.162325599995,42876.2308436,439.9314819999927,439.9314819999945,439.9314819999945
2020-05-13,626.162325599993,186.23084359999848,3000,0,0,0.0,0.0,0.0,0.0,0.0,0.0,186.23084359999848,43166.162325599995,42726.2308436,439.9314819999927,439.9314819999945,439.9314819999945
2020-05-14,626.162325599993,186.23084359999848,3000,0,0,0.0,0.0,0.0,0.0,0.0,0.0,186.23084359999848,41696.162325599995,41256.2308436,439.9314819999927,439.9314819999945,439.9314819999945
2020-05-15,626.162325599993,186.23084359999848,3000,0,0,0.0,0.0,0.0,0.0,0.0,0.0,186.23084359999848,41996.162325599995,41556.2308436,439.9314819999927,439.9314819999945,439.9314819999945
2020-05-18,626.162325599993,186.23084359999848,3000,0,0,0.0,0.0,0.0,0.0,0.0,0.0,186.23084359999848,41096.162325599995,40656.2308436,439.9314819999927,439.9314819999945,439.9314819999945
2020-05-19,626.162325599993,186.23084359999848,3000,0,0,0.0,0.0,0.0,0.0,0.0,0.0,186.23084359999848,41966.162325599995,41526.2308436,439.9314819999927,439.9314819999945,439.9314819999945
2020-05-20,626.162325599993,186.23084359999848,3000,0,0,0.0,0.0,0.0,0.0,0.0,0.0,186.23084359999848,42176.162325599995,41736.2308436,439.9314819999927,439.9314819999945,439.9314819999945
2020-05-21,626.162325599993,186.23084359999848,3000,0,0,0.0,0.0,0.0,0.0,0.0,0.0,186.23084359999848,41426.162325599995,40986.2308436,439.9314819999927,439.9314819999945,439.9314819999945
2020-05-22,626.162325599993,186.23084359999848,3000,0,0,0.0,0.0,0.0,0.0,0.0,0.0,186.23084359999848,40406.162325599995,39966.2308436,439.9314819999927,439.9314819999945,439.9314819999945
2020-05-25,626.162325599993,186.23084359999848,3000,0,0,0.0,0.0,0.0,0.0,0.0,0.0,186.23084359999848,39986.162325599995,39546.2308436,439.9314819999927,439.9314819999945,439.9314819999945
2020-05-26,626.162325599993,186.23084359999848,3000,0,0,0.0,0.0,0.0,0.0,0.0,0.0,186.23084359999848,41126.162325599995,40686.2308436,439.9314819999927,439.9314819999945,439.9314819999945
2020-05-27,626.162325599993,186.23084359999848,3000,0,0,0.0,0.0,0.0,0.0,0.0,0.0,186.23084359999848,41066.162325599995,40626.2308436,439.9314819999927,439.9314819999945,439.9314819999945
2020-05-28,626.162325599993,186.23084359999848,3000,0,0,0.0,0.0,0.0,0.0,0.0,0.0,186.23084359999848,41006.162325599995,40566.2308436,439.9314819999927,439.9314819999945,439.9314819999945
2020-05-29,626.162325599993,186.23084359999848,3000,0,0,0.0,0.0,0.0,0.0,0.0,0.0,186.23084359999848,40856.162325599995,40416.2308436,439.9314819999927,439.9314819999945,439.9314819999945
2020-06-01,626.162325599993,186.23084359999848,3000,0,0,0.0,0.0,0.0,0.0,0.0,0.0,186.23084359999848,42266.162325599995,41826.2308436,439.9314819999927,439.9314819999945,439.9314819999945
2020-06-02,626.162325599993,186.23084359999848,3000,0,0,0.0,0.0,0.0,0.0,0.0,0.0,186.23084359999848,43106.162325599995,42666.2308436,439.9314819999927,439.9314819999945,439.9314819999945
2020-06-03,626.162325599993,186.23084359999848,3000,0,0,0.0,0.0,0.0,0.0,0.0,0.0,186.23084359999848,43286.162325599995,42846.2308436,439.9314819999927,439.9314819999945,439.9314819999945
2020-06-04,626.162325599993,186.23084359999848,3000,0,0,0.0,0.0,0.0,0.0,0.0,0.0,186.23084359999848,43106.162325599995,42666.2308436,439.9314819999927,439.9314819999945,439.9314819999945
2020-06-05,626.162325599993,186.23084359999848,3000,0,0,0.0,0.0,0.0,0.0,0.0,0.0,186.23084359999848,42866.162325599995,42426.2308436,439.9314819999927,439.9314819999945,439.9314819999945
2020-06-08,626.162325599993,186.23084359999848,3000,0,0,0.0,0.0,0.0,0.0,0.0,0.0,186.23084359999848,43406.162325599995,42966.2308436,439.9314819999927,439.9314819999945,439.9314819999945
2020-06-09,626.162325599993,186.23084359999848,3000,0,0,0.0,0.0,0.0,0.0,0.0,0.0,186.23084359999848,44276.162325599995,43836.2308436,439.9314819999927,439.9314819999945,439.9314819999945
2020-06-10,626.162325599993,186.23084359999848,3000,0,0,0.0,0.0,0.0,0.0,0.0,0.0,186.23084359999848,43466.162325599995,43026.2308436,439.9314819999927,439.9314819999945,439.9314819999945
2020-06-11,626.162325599993,186.23084359999848,3000,0,0,0.0,0.0,0.0,0.0,0.0,0.0,186.23084359999848,42686.162325599995,42246.2308436,439.9314819999927,439.9314819999945,439.9314819999945
2020-06-12,626.162325599993,186.23084359999848,3000,0,0,0.0,0.0,0.0,0.0,0.0,0.0,186.23084359999848,42056.162325599995,41616.2308436,439.9314819999927,439.9314819999945,439.9314819999945
2020-06-15,14249.906812399993,186.23084359999848,2000,0,0,0.0,18.9155132,0.0,0.0,0.0,0.0,186.23084359999848,41589.90681239999,41196.2308436,393.67596879998746,14063.675968799995,14063.675968799995
2020-06-16,386.96965919999275,186.23084359999848,3000,0,0,0.0,5.2771532,0.0,0.0,0.0,0.0,186.23084359999848,42476.9696592,42276.2308436,200.73881559999427,200.73881559999427,200.73881559999427
2020-06-17,386.96965919999275,186.23084359999848,3000,0,0,0.0,0.0,0.0,0.0,0.0,0.0,186.23084359999848,43136.9696592,42936.2308436,200.73881559999427,200.73881559999427,200.73881559999427
2020-06-18,386.96965919999275,186.23084359999848,3000,0,0,0.0,0.0,0.0,0.0,0.0,0.0,186.23084359999848,43586.9696592,43386.2308436,200.73881559999427,200.73881559999427,200.73881559999427
2020-06-19,386.96965919999275,186.23084359999848,3000,0,0,0.0,0.0,0.0,0.0,0.0,0.0,186.23084359999848,43436.9696592,43236.2308436,200.73881559999427,200.73881559999427,200.73881559999427
2020-06-22,386.96965919999275,186.23084359999848,3000,0,0,0.0,0.0,0.0,0.0,0.0,0.0,186.23084359999848,43586.9696592,43386.2308436,200.73881559999427,200.73881559999427,200.73881559999427
2020-06-23,386.96965919999275,186.23084359999848,3000,0,0,0.0,0.0,0.0,0.0,0.0,0.0,186.23084359999848,42716.9696592,42516.2308436,200.73881559999427,200.73881559999427,200.73881559999427
2020-06-24,386.96965919999275,186.23084359999848,3000,0,0,0.0,0.0,0.0,0.0,0.0,0.0,186.23084359999848,46946.9696592,46746.2308436,200.73881559999427,200.73881559999427,200.73881559999427
2020-06-29,386.96965919999275,186.23084359999848,3000,0,0,0.0,0.0,0.0,0.0,0.0,0.0,186.23084359999848,46046.9696592,45846.2308436,200.73881559999427,200.73881559999427,200.73881559999427
2020-06-30,986.9696591999927,786.2308435999985,3000,0,0,80.0,0.0,0.0,600.0,600.0,0.0,186.23084359999848,46356.9696592,46236.2308436,120.73881559999427,800.7388155999943,200.73881559999427
2020-07-01,986.9696591999927,786.2308435999985,3000,0,0,80.0,0.0,0.0,0.0,0.0,0.0,186.23084359999848,47166.9696592,47046.2308436,120.73881559999427,800.7388155999943,200.73881559999427
2020-07-02,986.9696591999927,786.2308435999985,3000,0,0,80.0,0.0,0.0,0.0,0.0,0.0,186.23084359999848,47736.9696592,47616.2308436,120.73881559999427,800.7388155999943,200.73881559999427
2020-07-03,986.9696591999927,786.2308435999985,3000,0,0,80.0,0.0,0.0,0.0,0.0,0.0,186.23084359999848,48636.9696592,48516.2308436,120.73881559999427,800.7388155999943,200.73881559999427
2020-07-06,986.9696591999927,786.2308435999985,3000,0,0,80.0,0.0,0.0,0.0,0.0,0.0,186.23084359999848,50376.96965919998,50256.23084359999,120.73881559999427,800.7388155999943,200.73881559999427
2020-07-07,986.9696591999927,786.2308435999985,3000,0,0,80.0,0.0,0.0,0.0,0.0,0.0,186.23084359999848,50046.9696592,49926.2308436,120.73881559999427,800.7388155999943,200.73881559999427
2020-07-08,986.9696591999927,786.2308435999985,3000,0,0,80.0,0.0,0.0,0.0,0.0,0.0,186.23084359999848,50106.96965919998,49986.23084359999,120.73881559999427,800.7388155999943,200.73881559999427
2020-07-09,986.9696591999927,786.2308435999985,3000,0,0,80.0,0.0,0.0,0.0,0.0,0.0,186.23084359999848,51066.9696592,50946.2308436,120.73881559999427,800.7388155999943,200.73881559999427
2020-07-10,986.9696591999927,786.2308435999985,3000,0,0,80.0,0.0,0.0,0.0,0.0,0.0,186.23084359999848,48996.9696592,48876.2308436,120.73881559999427,800.7388155999943,200.73881559999427
2020-07-13,986.9696591999927,786.2308435999985,3000,0,0,80.0,0.0,0.0,0.0,0.0,0.0,186.23084359999848,50406.9696592,50286.2308436,120.73881559999427,800.7388155999943,200.73881559999427
2020-07-14,986.9696591999927,786.2308435999985,3000,0,0,80.0,0.0,0.0,0.0,0.0,0.0,186.23084359999848,50676.9696592,50556.2308436,120.73881559999427,800.7388155999943,200.73881559999427
2020-07-15,986.9696591999927,786.2308435999985,3000,0,0,80.0,0.0,0.0,0.0,0.0,0.0,186.23084359999848,49506.9696592,49386.2308436,120.73881559999427,800.7388155999943,200.73881559999427
2020-07-16,986.9696591999927,786.2308435999985,3000,0,0,80.0,0.0,0.0,0.0,0.0,0.0,186.23084359999848,45516.9696592,45396.2308436,120.73881559999427,800.7388155999943,200.73881559999427
2020-07-17,986.9696591999927,786.2308435999985,3000,0,0,60.0,0.0,0.0,0.0,0.0,0.0,186.23084359999848,45296.9696592,45156.2308436,140.73881559999427,800.7388155999943,200.73881559999427
2020-07-20,986.9696591999927,786.2308435999985,3000,0,0,60.0,0.0,0.0,0.0,0.0,0.0,186.23084359999848,46796.9696592,46656.2308436,140.73881559999427,800.7388155999943,200.73881559999427
2020-07-21,986.9696591999927,786.2308435999985,3000,0,0,60.0,0.0,0.0,0.0,0.0,0.0,186.23084359999848,47216.9696592,47076.2308436,140.73881559999427,800.7388155999943,200.73881559999427
2020-07-22,986.9696591999927,786.2308435999985,3000,0,0,60.0,0.0,0.0,0.0,0.0,0.0,186.23084359999848,47006.9696592,46866.2308436,140.73881559999427,800.7388155999943,200.73881559999427
2020-07-23,986.9696591999927,786.2308435999985,3000,0,0,60.0,0.0,0.0,0.0,0.0,0.0,186.23084359999848,45866.9696592,45726.2308436,140.73881559999427,800.7388155999943,200.73881559999427
2020-07-24,15079.235345599993,786.2308435999985,2000,0,0,40.0,19.4143136,20.0,0.0,0.0,0.0,186.23084359999848,43359.23534559999,43266.2308436,93.00450199998886,14893.004501999994,14293.004501999994
2020-07-27,915.6921803999921,786.2308435999985,3000,0,0,40.0,5.2831652,0.0,0.0,0.0,0.0,186.23084359999848,42905.692180399994,42816.2308436,89.46133679999184,729.4613367999937,129.46133679999366
2020-07-28,915.6921803999921,786.2308435999985,3000,0,0,40.0,0.0,0.0,0.0,0.0,0.0,186.23084359999848,43505.692180399994,43416.2308436,89.46133679999184,729.4613367999937,129.46133679999366
2020-07-29,915.6921803999921,786.2308435999985,3000,0,0,40.0,0.0,0.0,0.0,0.0,0.0,186.23084359999848,44405.692180399994,44316.2308436,89.46133679999184,729.4613367999937,129.46133679999366
2020-07-30,915.6921803999921,786.2308435999985,3000,0,0,40.0,0.0,0.0,0.0,0.0,0.0,186.23084359999848,43745.692180399994,43656.2308436,89.46133679999184,729.4613367999937,129.46133679999366
2020-07-31,915.6921803999921,786.2308435999985,3000,0,0,40.0,0.0,0.0,0.0,0.0,0.0,186.23084359999848,44645.692180399994,44556.2308436,89.46133679999184,729.4613367999937,129.46133679999366
2020-08-03,915.6921803999921,786.2308435999985,3000,0,0,40.0,0.0,0.0,0.0,0.0,0.0,186.23084359999848,45545.692180399994,45456.2308436,89.46133679999184,729.4613367999937,129.46133679999366
2020-08-04,915.6921803999921,786.2308435999985,3000,0,0,40.0,0.0,0.0,0.0,0.0,0.0,186.23084359999848,44915.692180399994,44826.2308436,89.46133679999184,729.4613367999937,129.46133679999366
2020-08-05,915.6921803999921,786.2308435999985,3000,0,0,40.0,0.0,0.0,0.0,0.0,0.0,186.23084359999848,44705.692180399994,44616.2308436,89.46133679999184,729.4613367999937,129.46133679999366
2020-08-06,915.6921803999921,786.2308435999985,3000,0,0,40.0,0.0,0.0,0.0,0.0,0.0,186.23084359999848,44375.692180399994,44286.2308436,89.46133679999184,729.4613367999937,129.46133679999366
2020-08-07,915.6921803999921,786.2308435999985,3000,0,0,40.0,0.0,0.0,0.0,0.0,0.0,186.23084359999848,43775.692180399994,43686.2308436,89.46133679999184,729.4613367999937,129.46133679999366
2020-08-10,915.6921803999921,786.2308435999985,3000,0,0,40.0,0.0,0.0,0.0,0.0,0.0,186.23084359999848,44105.692180399994,44016.2308436,89.46133679999184,729.4613367999937,129.46133679999366
2020-08-11,915.6921803999921,786.2308435999985,3000,0,0,40.0,0.0,0.0,0.0,0.0,0.0,186.23084359999848,43355.692180399994,43266.2308436,89.46133679999184,729.4613367999937,129.46133679999366
2020-08-12,915.6921803999921,786.2308435999985,3000,0,0,40.0,0.0,0.0,0.0,0.0,0.0,186.23084359999848,46295.692180399994,46206.2308436,89.46133679999184,729.4613367999937,129.46133679999366
2020-08-13,915.6921803999921,786.2308435999985,3000,0,0,40.0,0.0,0.0,0.0,0.0,0.0,186.23084359999848,46385.692180399994,46296.2308436,89.46133679999184,729.4613367999937,129.46133679999366
2020-08-14,915.6921803999921,786.2308435999985,3000,0,0,40.0,0.0,0.0,0.0,0.0,0.0,186.23084359999848,45965.692180399994,45876.2308436,89.46133679999184,729.4613367999937,129.46133679999366
2020-08-17,915.6921803999921,786.2308435999985,3000,0,0,40.0,0.0,0.0,0.0,0.0,0.0,186.23084359999848,46715.692180399994,46626.2308436,89.46133679999184,729.4613367999937,129.46133679999366
2020-08-18,915.6921803999921,786.2308435999985,3000,0,0,40.0,0.0,0.0,0.0,0.0,0.0,186.23084359999848,46415.692180399994,46326.2308436,89.46133679999184,729.4613367999937,129.46133679999366
2020-08-19,915.6921803999921,786.2308435999985,3000,0,0,40.0,0.0,0.0,0.0,0.0,0.0,186.23084359999848,45425.692180399994,45336.2308436,89.46133679999184,729.4613367999937,129.46133679999366
2020-08-20,915.6921803999921,786.2308435999985,3000,0,0,40.0,0.0,0.0,0.0,0.0,0.0,186.23084359999848,45365.692180399994,45276.2308436,89.46133679999184,729.4613367999937,129.46133679999366
2020-08-21,915.6921803999921,786.2308435999985,3000,0,0,40.0,0.0,0.0,0.0,0.0,0.0,186.23084359999848,45275.692180399994,45186.2308436,89.46133679999184,729.4613367999937,129.46133679999366
2020-08-24,915.6921803999921,786.2308435999985,3000,0,0,40.0,0.0,0.0,0.0,0.0,0.0,186.23084359999848,45845.692180399994,45756.2308436,89.46133679999184,729.4613367999937,129.46133679999366
2020-08-25,915.6921803999921,786.2308435999985,3000,0,0,40.0,0.0,0.0,0.0,0.0,0.0,186.23084359999848,46145.692180399994,46056.2308436,89.46133679999184,729.4613367999937,129.46133679999366
2020-08-26,915.6921803999921,786.2308435999985,3000,0,0,40.0,0.0,0.0,0.0,0.0,0.0,186.23084359999848,44495.692180399994,44406.2308436,89.46133679999184,729.4613367999937,129.46133679999366
2020-08-27,915.6921803999921,786.2308435999985,3000,0,0,40.0,0.0,0.0,0.0,0.0,0.0,186.23084359999848,44825.692180399994,44736.2308436,89.46133679999184,729.4613367999937,129.46133679999366
2020-08-28,915.6921803999921,786.2308435999985,3000,0,0,40.0,0.0,0.0,0.0,0.0,0.0,186.23084359999848,45125.692180399994,45036.2308436,89.46133679999184,729.4613367999937,129.46133679999366
2020-08-31,15586.207449999993,786.2308435999985,2000,0,0,20.0,20.0047304,20.0,0.0,0.0,0.0,186.23084359999848,45046.207449999994,45006.2308436,39.976606399992306,15399.976606399994,14799.976606399994
2020-09-01,821.4522607999934,786.2308435999985,3000,0,0,20.0,5.2951892,0.0,0.0,0.0,0.0,186.23084359999848,44991.4522608,44976.2308436,15.221417199994903,635.2214171999949,35.2214171999949
2020-09-02,821.4522607999934,786.2308435999985,3000,0,0,20.0,0.0,0.0,0.0,0.0,0.0,186.23084359999848,45111.4522608,45096.2308436,15.221417199994903,635.2214171999949,35.2214171999949
2020-09-03,821.4522607999934,786.2308435999985,3000,0,0,20.0,0.0,0.0,0.0,0.0,0.0,186.23084359999848,44331.4522608,44316.2308436,15.221417199994903,635.2214171999949,35.2214171999949
2020-09-04,821.4522607999934,786.2308435999985,3000,0,0,20.0,0.0,0.0,0.0,0.0,0.0,186.23084359999848,43311.4522608,43296.2308436,15.221417199994903,635.2214171999949,35.2214171999949
2020-09-07,821.4522607999934,786.2308435999985,3000,0,0,20.0,0.0,0.0,0.0,0.0,0.0,186.23084359999848,42621.4522608,42606.2308436,15.221417199994903,635.2214171999949,35.2214171999949
2020-09-08,821.4522607999934,786.2308435999985,3000,0,0,20.0,0.0,0.0,0.0,0.0,0.0,186.23084359999848,43431.4522608,43416.2308436,15.221417199994903,635.2214171999949,35.2214171999949
2020-09-09,821.4522607999934,786.2308435999985,3000,0,0,20.0,0.0,0.0,0.0,0.0,0.0,186.23084359999848,42531.4522608,42516.2308436,15.221417199994903,635.2214171999949,35.2214171999949
2020-09-10,821.4522607999934,786.2308435999985,3000,0,0,20.0,0.0,0.0,0.0,0.0,0.0,186.23084359999848,41481.4522608,41466.2308436,15.221417199994903,635.2214171999949,35.2214171999949
2020-09-11,821.4522607999934,786.2308435999985,3000,0,0,20.0,0.0,0.0,0.0,0.0,0.0,186.23084359999848,41661.4522608,41646.2308436,15.221417199994903,635.2214171999949,35.2214171999949
2020-09-14,821.4522607999934,786.2308435999985,3000,0,0,20.0,0.0,0.0,0.0,0.0,0.0,186.23084359999848,42351.4522608,42336.2308436,15.221417199994903,635.2214171999949,35.2214171999949
2020-09-15,821.4522607999934,786.2308435999985,3000,0,0,20.0,0.0,0.0,0.0,0.0,0.0,186.23084359999848,41991.4522608,41976.2308436,15.221417199994903,635.2214171999949,35.2214171999949
2020-09-16,821.4522607999934,786.2308435999985,3000,0,0,20.0,0.0,0.0,0.0,0.0,0.0,186.23084359999848,41601.4522608,41586.2308436,15.221417199994903,635.2214171999949,35.2214171999949
2020-09-17,821.4522607999934,786.2308435999985,3000,0,0,20.0,0.0,0.0,0.0,0.0,0.0,186.23084359999848,41481.4522608,41466.2308436,15.221417199994903,635.2214171999949,35.2214171999949
2020-09-18,821.4522607999934,786.2308435999985,3000,0,0,20.0,0.0,0.0,0.0,0.0,0.0,186.23084359999848,42261.4522608,42246.2308436,15.221417199994903,635.2214171999949,35.2214171999949
2020-09-21,821.4522607999934,786.2308435999985,3000,0,0,20.0,0.0,0.0,0.0,0.0,0.0,186.23084359999848,42021.4522608,42006.2308436,15.221417199994903,635.2214171999949,35.2214171999949
2020-09-22,821.4522607999934,786.2308435999985,3000,0,0,20.0,0.0,0.0,0.0,0.0,0.0,186.23084359999848,41481.4522608,41466.2308436,15.221417199994903,635.2214171999949,35.2214171999949
2020-09-23,821.4522607999934,786.2308435999985,3000,0,0,20.0,0.0,0.0,0.0,0.0,0.0,186.23084359999848,41511.4522608,41496.2308436,15.221417199994903,635.2214171999949,35.2214171999949
2020-09-24,821.4522607999934,786.2308435999985,3000,0,0,20.0,0.0,0.0,0.0,0.0,0.0,186.23084359999848,40491.4522608,40476.2308436,15.221417199994903,635.2214171999949,35.2214171999949
2020-09-25,821.4522607999934,786.2308435999985,3000,0,0,20.0,0.0,0.0,0.0,0.0,0.0,186.23084359999848,40311.4522608,40296.2308436,15.221417199994903,635.2214171999949,35.2214171999949
2020-09-28,821.4522607999934,786.2308435999985,3000,0,0,20.0,0.0,0.0,0.0,0.0,0.0,186.23084359999848,40641.4522608,40626.2308436,15.221417199994903,635.2214171999949,35.2214171999949
2020-09-29,821.4522607999934,786.2308435999985,3000,0,0,20.0,0.0,0.0,0.0,0.0,0.0,186.23084359999848,41481.4522608,41466.2308436,15.221417199994903,635.2214171999949,35.2214171999949
2020-09-30,821.4522607999934,786.2308435999985,3000,0,0,20.0,0.0,0.0,0.0,0.0,0.0,186.23084359999848,41571.4522608,41556.2308436,15.221417199994903,635.2214171999949,35.2214171999949
2020-10-09,821.4522607999934,786.2308435999985,3000,0,0,20.0,0.0,0.0,0.0,0.0,0.0,186.23084359999848,42351.4522608,42336.2308436,15.221417199994903,635.2214171999949,35.2214171999949
2020-10-12,821.4522607999934,786.2308435999985,3000,0,0,20.0,0.0,0.0,0.0,0.0,0.0,186.23084359999848,42861.4522608,42846.2308436,15.221417199994903,635.2214171999949,35.2214171999949
2020-10-13,821.4522607999934,786.2308435999985,3000,0,0,20.0,0.0,0.0,0.0,0.0,0.0,186.23084359999848,42591.4522608,42576.2308436,15.221417199994903,635.2214171999949,35.2214171999949
2020-10-14,821.4522607999934,786.2308435999985,3000,0,0,20.0,0.0,0.0,0.0,0.0,0.0,186.23084359999848,41991.4522608,41976.2308436,15.221417199994903,635.2214171999949,35.2214171999949
2020-10-15,821.4522607999934,786.2308435999985,3000,0,0,20.0,0.0,0.0,0.0,0.0,0.0,186.23084359999848,42051.4522608,42036.2308436,15.221417199994903,635.2214171999949,35.2214171999949
2020-10-16,821.4522607999934,786.2308435999985,3000,0,0,20.0,0.0,0.0,0.0,0.0,0.0,186.23084359999848,42141.4522608,42126.2308436,15.221417199994903,635.2214171999949,35.2214171999949
2020-10-19,821.4522607999934,786.2308435999985,3000,0,0,20.0,0.0,0.0,0.0,0.0,0.0,186.23084359999848,42381.4522608,42366.2308436,15.221417199994903,635.2214171999949,35.2214171999949
2020-10-20,821.4522607999934,786.2308435999985,3000,0,0,20.0,0.0,0.0,0.0,0.0,0.0,186.23084359999848,42351.4522608,42336.2308436,15.221417199994903,635.2214171999949,35.2214171999949
2020-10-21,821.4522607999934,786.2308435999985,3000,0,0,20.0,0.0,0.0,0.0,0.0,0.0,186.23084359999848,41721.4522608,41706.2308436,15.221417199994903,635.2214171999949,35.2214171999949
2020-10-22,821.4522607999934,786.2308435999985,3000,0,0,20.0,0.0,0.0,0.0,0.0,0.0,186.23084359999848,41781.4522608,41766.2308436,15.221417199994903,635.2214171999949,35.2214171999949
2020-10-23,821.4522607999934,786.2308435999985,3000,0,0,20.0,0.0,0.0,0.0,0.0,0.0,186.23084359999848,41571.4522608,41556.2308436,15.221417199994903,635.2214171999949,35.2214171999949
2020-10-26,821.4522607999934,786.2308435999985,3000,0,0,20.0,0.0,0.0,0.0,0.0,0.0,186.23084359999848,41841.4522608,41826.2308436,15.221417199994903,635.2214171999949,35.2214171999949
2020-10-27,821.4522607999934,786.2308435999985,3000,0,0,20.0,0.0,0.0,0.0,0.0,0.0,186.23084359999848,42411.4522608,42396.2308436,15.221417199994903,635.2214171999949,35.2214171999949
2020-10-28,821.4522607999934,786.2308435999985,3000,0,0,20.0,0.0,0.0,0.0,0.0,0.0,186.23084359999848,42621.4522608,42606.2308436,15.221417199994903,635.2214171999949,35.2214171999949
2020-10-29,821.4522607999934,786.2308435999985,3000,0,0,20.0,0.0,0.0,0.0,0.0,0.0,186.23084359999848,42681.4522608,42666.2308436,15.221417199994903,635.2214171999949,35.2214171999949
2020-10-30,821.4522607999934,786.2308435999985,3000,0,0,20.0,0.0,0.0,0.0,0.0,0.0,186.23084359999848,41751.4522608,41736.2308436,15.221417199994903,635.2214171999949,35.2214171999949
2020-11-02,821.4522607999934,786.2308435999985,3000,0,0,20.0,0.0,0.0,0.0,0.0,0.0,186.23084359999848,40281.4522608,40266.2308436,15.221417199994903,635.2214171999949,35.2214171999949
2020-11-03,821.4522607999934,786.2308435999985,3000,0,0,20.0,0.0,0.0,0.0,0.0,0.0,186.23084359999848,40941.4522608,40926.2308436,15.221417199994903,635.2214171999949,35.2214171999949
2020-11-04,821.4522607999934,786.2308435999985,3000,0,0,20.0,0.0,0.0,0.0,0.0,0.0,186.23084359999848,41211.4522608,41196.2308436,15.221417199994903,635.2214171999949,35.2214171999949
2020-11-05,821.4522607999934,786.2308435999985,3000,0,0,20.0,0.0,0.0,0.0,0.0,0.0,186.23084359999848,42231.4522608,42216.2308436,15.221417199994903,635.2214171999949,35.2214171999949
2020-11-06,821.4522607999934,786.2308435999985,3000,0,0,20.0,0.0,0.0,0.0,0.0,0.0,186.23084359999848,42801.4522608,42786.2308436,15.221417199994903,635.2214171999949,35.2214171999949
2020-11-09,821.4522607999934,786.2308435999985,3000,0,0,20.0,0.0,0.0,0.0,0.0,0.0,186.23084359999848,44001.4522608,43986.2308436,15.221417199994903,635.2214171999949,35.2214171999949
2020-11-10,821.4522607999934,786.2308435999985,3000,0,0,20.0,0.0,0.0,0.0,0.0,0.0,186.23084359999848,45981.4522608,45966.2308436,15.221417199994903,635.2214171999949,35.2214171999949
2020-11-11,821.4522607999934,786.2308435999985,3000,0,0,20.0,0.0,0.0,0.0,0.0,0.0,186.23084359999848,44421.4522608,44406.2308436,15.221417199994903,635.2214171999949,35.2214171999949
2020-11-12,821.4522607999934,786.2308435999985,3000,0,0,20.0,0.0,0.0,0.0,0.0,0.0,186.23084359999848,44241.4522608,44226.2308436,15.221417199994903,635.2214171999949,35.2214171999949
2020-11-13,821.4522607999934,786.2308435999985,3000,0,0,20.0,0.0,0.0,0.0,0.0,0.0,186.23084359999848,43851.4522608,43836.2308436,15.221417199994903,635.2214171999949,35.2214171999949
2020-11-16,821.4522607999934,786.2308435999985,3000,0,0,20.0,0.0,0.0,0.0,0.0,0.0,186.23084359999848,43641.4522608,43626.2308436,15.221417199994903,635.2214171999949,35.2214171999949
2020-11-17,821.4522607999934,786.2308435999985,3000,0,0,20.0,0.0,0.0,0.0,0.0,0.0,186.23084359999848,43221.4522608,43206.2308436,15.221417199994903,635.2214171999949,35.2214171999949
2020-11-18,821.4522607999934,786.2308435999985,3000,0,0,20.0,0.0,0.0,0.0,0.0,0.0,186.23084359999848,44001.4522608,43986.2308436,15.221417199994903,635.2214171999949,35.2214171999949
2020-11-19,821.4522607999934,786.2308435999985,3000,0,0,20.0,0.0,0.0,0.0,0.0,0.0,186.23084359999848,43821.4522608,43806.2308436,15.221417199994903,635.2214171999949,35.2214171999949
2020-11-20,821.4522607999934,786.2308435999985,3000,0,0,20.0,0.0,0.0,0.0,0.0,0.0,186.23084359999848,43551.4522608,43536.2308436,15.221417199994903,635.2214171999949,35.2214171999949
2020-11-23,821.4522607999934,786.2308435999985,3000,0,0,20.0,0.0,0.0,0.0,0.0,0.0,186.23084359999848,43311.4522608,43296.2308436,15.221417199994903,635.2214171999949,35.2214171999949
2020-11-24,821.4522607999934,786.2308435999985,3000,0,0,20.0,0.0,0.0,0.0,0.0,0.0,186.23084359999848,43311.4522608,43296.2308436,15.221417199994903,635.2214171999949,35.2214171999949
2020-11-25,821.4522607999934,786.2308435999985,3000,0,0,20.0,0.0,0.0,0.0,0.0,0.0,186.23084359999848,43071.4522608,43056.2308436,15.221417199994903,635.2214171999949,35.2214171999949
2020-11-26,821.4522607999934,786.2308435999985,3000,0,0,20.0,0.0,0.0,0.0,0.0,0.0,186.23084359999848,42801.4522608,42786.2308436,15.221417199994903,635.2214171999949,35.2214171999949
2020-11-27,821.4522607999934,786.2308435999985,3000,0,0,20.0,0.0,0.0,0.0,0.0,0.0,186.23084359999848,42291.4522608,42276.2308436,15.221417199994903,635.2214171999949,35.2214171999949
2020-11-30,821.4522607999934,786.2308435999985,3000,0,0,20.0,0.0,0.0,0.0,0.0,0.0,186.23084359999848,42231.4522608,42216.2308436,15.221417199994903,635.2214171999949,35.2214171999949
2020-12-01,821.4522607999934,786.2308435999985,3000,0,0,20.0,0.0,0.0,0.0,0.0,0.0,186.23084359999848,43041.4522608,43026.2308436,15.221417199994903,635.2214171999949,35.2214171999949
2020-12-02,821.4522607999934,786.2308435999985,3000,0,0,20.0,0.0,0.0,0.0,0.0,0.0,186.23084359999848,42951.4522608,42936.2308436,15.221417199994903,635.2214171999949,35.2214171999949
2020-12-03,821.4522607999934,786.2308435999985,3000,0,0,20.0,0.0,0.0,0.0,0.0,0.0,186.23084359999848,42411.4522608,42396.2308436,15.221417199994903,635.2214171999949,35.2214171999949
2020-12-04,821.4522607999934,786.2308435999985,3000,0,0,20.0,0.0,0.0,0.0,0.0,0.0,186.23084359999848,42321.4522608,42306.2308436,15.221417199994903,635.2214171999949,35.2214171999949
2020-12-07,821.4522607999934,786.2308435999985,3000,0,0,20.0,0.0,0.0,0.0,0.0,0.0,186.23084359999848,41931.4522608,41916.2308436,15.221417199994903,635.2214171999949,35.2214171999949
2020-12-08,821.4522607999934,786.2308435999985,3000,0,0,20.0,0.0,0.0,0.0,0.0,0.0,186.23084359999848,43221.4522608,43206.2308436,15.221417199994903,635.2214171999949,35.2214171999949
2020-12-09,821.4522607999934,786.2308435999985,3000,0,0,20.0,0.0,0.0,0.0,0.0,0.0,186.23084359999848,42261.4522608,42246.2308436,15.221417199994903,635.2214171999949,35.2214171999949
2020-12-10,821.4522607999934,786.2308435999985,3000,0,0,20.0,0.0,0.0,0.0,0.0,0.0,186.23084359999848,41091.4522608,41076.2308436,15.221417199994903,635.2214171999949,35.2214171999949
2020-12-11,821.4522607999934,786.2308435999985,3000,0,0,20.0,0.0,0.0,0.0,0.0,0.0,186.23084359999848,41211.4522608,41196.2308436,15.221417199994903,635.2214171999949,35.2214171999949
2020-12-14,821.4522607999934,786.2308435999985,3000,0,0,20.0,0.0,0.0,0.0,0.0,0.0,186.23084359999848,41421.4522608,41406.2308436,15.221417199994903,635.2214171999949,35.2214171999949
2020-12-15,821.4522607999934,786.2308435999985,3000,0,0,20.0,0.0,0.0,0.0,0.0,0.0,186.23084359999848,41481.4522608,41466.2308436,15.221417199994903,635.2214171999949,35.2214171999949
2020-12-16,821.4522607999934,786.2308435999985,3000,0,0,20.0,0.0,0.0,0.0,0.0,0.0,186.23084359999848,41391.4522608,41376.2308436,15.221417199994903,635.2214171999949,35.2214171999949
2020-12-17,821.4522607999934,786.2308435999985,3000,0,0,20.0,0.0,0.0,0.0,0.0,0.0,186.23084359999848,41541.4522608,41526.2308436,15.221417199994903,635.2214171999949,35.2214171999949
2020-12-18,821.4522607999934,786.2308435999985,3000,0,0,20.0,0.0,0.0,0.0,0.0,0.0,186.23084359999848,41751.4522608,41736.2308436,15.221417199994903,635.2214171999949,35.2214171999949
2020-12-21,821.4522607999934,786.2308435999985,3000,0,0,20.0,0.0,0.0,0.0,0.0,0.0,186.23084359999848,41751.4522608,41736.2308436,15.221417199994903,635.2214171999949,35.2214171999949
2020-12-22,821.4522607999934,786.2308435999985,3000,0,0,20.0,0.0,0.0,0.0,0.0,0.0,186.23084359999848,40611.4522608,40596.2308436,15.221417199994903,635.2214171999949,35.2214171999949
2020-12-23,821.4522607999934,786.2308435999985,3000,0,0,20.0,0.0,0.0,0.0,0.0,0.0,186.23084359999848,41541.4522608,41526.2308436,15.221417199994903,635.2214171999949,35.2214171999949
2020-12-24,821.4522607999934,786.2308435999985,3000,0,0,20.0,0.0,0.0,0.0,0.0,0.0,186.23084359999848,40941.4522608,40926.2308436,15.221417199994903,635.2214171999949,35.2214171999949
2020-12-25,821.4522607999934,786.2308435999985,3000,0,0,20.0,0.0,0.0,0.0,0.0,0.0,186.23084359999848,41001.4522608,40986.2308436,15.221417199994903,635.2214171999949,35.2214171999949
2020-12-28,821.4522607999934,786.2308435999985,3000,0,0,20.0,0.0,0.0,0.0,0.0,0.0,186.23084359999848,40611.4522608,40596.2308436,15.221417199994903,635.2214171999949,35.2214171999949
2020-12-29,821.4522607999934,786.2308435999985,3000,0,0,20.0,0.0,0.0,0.0,0.0,0.0,186.23084359999848,41331.4522608,41316.2308436,15.221417199994903,635.2214171999949,35.2214171999949
2020-12-30,821.4522607999934,786.2308435999985,3000,0,0,20.0,0.0,0.0,0.0,0.0,0.0,186.23084359999848,41811.4522608,41796.2308436,15.221417199994903,635.2214171999949,35.2214171999949
2020-12-31,821.4522607999934,786.2308435999985,3000,0,0,20.0,0.0,0.0,0.0,0.0,0.0,186.23084359999848,41871.4522608,41856.2308436,15.221417199994903,635.2214171999949,35.2214171999949
2021-01-04,821.4522607999934,786.2308435999985,3000,0,0,20.0,0.0,0.0,0.0,0.0,0.0,186.23084359999848,42201.4522608,42186.2308436,15.221417199994903,635.2214171999949,35.2214171999949
2021-01-05,821.4522607999934,786.2308435999985,3000,0,0,20.0,0.0,0.0,0.0,0.0,0.0,186.23084359999848,42651.4522608,42636.2308436,15.221417199994903,635.2214171999949,35.2214171999949
2021-01-06,821.4522607999934,786.2308435999985,3000,0,0,20.0,0.0,0.0,0.0,0.0,0.0,186.23084359999848,42411.4522608,42396.2308436,15.221417199994903,635.2214171999949,35.2214171999949
2021-01-07,821.4522607999934,786.2308435999985,3000,0,0,20.0,0.0,0.0,0.0,0.0,0.0,186.23084359999848,41991.4522608,41976.2308436,15.221417199994903,635.2214171999949,35.2214171999949
2021-01-08,821.4522607999934,786.2308435999985,3000,0,0,20.0,0.0,0.0,0.0,0.0,0.0,186.23084359999848,43521.4522608,43506.2308436,15.221417199994903,635.2214171999949,35.2214171999949
2021-01-11,821.4522607999934,786.2308435999985,3000,0,0,20.0,0.0,0.0,0.0,0.0,0.0,186.23084359999848,43881.4522608,43866.2308436,15.221417199994903,635.2214171999949,35.2214171999949
2021-01-12,821.4522607999934,786.2308435999985,3000,0,0,20.0,0.0,0.0,0.0,0.0,0.0,186.23084359999848,44511.4522608,44496.2308436,15.221417199994903,635.2214171999949,35.2214171999949
2021-01-13,821.4522607999934,786.2308435999985,3000,0,0,20.0,0.0,0.0,0.0,0.0,0.0,186.23084359999848,46341.4522608,46326.2308436,15.221417199994903,635.2214171999949,35.2214171999949
2021-01-14,821.4522607999934,786.2308435999985,3000,0,0,20.0,0.0,0.0,0.0,0.0,0.0,186.23084359999848,47811.4522608,47796.2308436,15.221417199994903,635.2214171999949,35.2214171999949
2021-01-15,821.4522607999934,786.2308435999985,3000,0,0,20.0,0.0,0.0,0.0,0.0,0.0,186.23084359999848,46551.4522608,46536.2308436,15.221417199994903,635.2214171999949,35.2214171999949
2021-01-18,821.4522607999934,786.2308435999985,3000,0,0,20.0,0.0,0.0,0.0,0.0,0.0,186.23084359999848,48441.4522608,48426.2308436,15.221417199994903,635.2214171999949,35.2214171999949
2021-01-19,821.4522607999934,786.2308435999985,3000,0,0,20.0,0.0,0.0,0.0,0.0,0.0,186.23084359999848,46101.4522608,46086.2308436,15.221417199994903,635.2214171999949,35.2214171999949
2021-01-20,821.4522607999934,786.2308435999985,3000,0,0,20.0,0.0,0.0,0.0,0.0,0.0,186.23084359999848,46221.4522608,46206.2308436,15.221417199994903,635.2214171999949,35.2214171999949
2021-01-21,821.4522607999934,786.2308435999985,3000,0,0,20.0,0.0,0.0,0.0,0.0,0.0,186.23084359999848,46371.4522608,46356.2308436,15.221417199994903,635.2214171999949,35.2214171999949
2021-01-22,821.4522607999934,786.2308435999985,3000,0,0,20.0,0.0,0.0,0.0,0.0,0.0,186.23084359999848,45051.4522608,45036.2308436,15.221417199994903,635.2214171999949,35.2214171999949
2021-01-25,821.4522607999934,786.2308435999985,3000,0,0,20.0,0.0,0.0,0.0,0.0,0.0,186.23084359999848,46401.4522608,46386.2308436,15.221417199994903,635.2214171999949,35.2214171999949
2021-01-26,821.4522607999934,786.2308435999985,3000,0,0,20.0,0.0,0.0,0.0,0.0,0.0,186.23084359999848,45261.4522608,45246.2308436,15.221417199994903,635.2214171999949,35.2214171999949
2021-01-27,821.4522607999934,786.2308435999985,3000,0,0,20.0,0.0,0.0,0.0,0.0,0.0,186.23084359999848,45381.4522608,45366.2308436,15.221417199994903,635.2214171999949,35.2214171999949
2021-01-28,821.4522607999934,786.2308435999985,3000,0,0,20.0,0.0,0.0,0.0,0.0,0.0,186.23084359999848,43431.4522608,43416.2308436,15.221417199994903,635.2214171999949,35.2214171999949
2021-01-29,821.4522607999934,786.2308435999985,3000,0,0,20.0,0.0,0.0,0.0,0.0,0.0,186.23084359999848,43671.4522608,43656.2308436,15.221417199994903,635.2214171999949,35.2214171999949
2021-02-01,821.4522607999934,786.2308435999985,3000,0,0,20.0,0.0,0.0,0.0,0.0,0.0,186.23084359999848,42501.4522608,42486.2308436,15.221417199994903,635.2214171999949,35.2214171999949
2021-02-02,14455.106208799994,786.2308435999985,2000,0,0,0.0,18.946052,20.0,0.0,0.0,0.0,186.23084359999848,41855.106208799996,41886.2308436,-31.12463480000588,14268.875365199996,13668.875365199996
2021-02-03,14077.645936799994,786.2308435999985,2000,0,0,0.0,23.780271999999997,0.0,0.0,0.0,0.0,186.23084359999848,40617.64593679999,40596.2308436,21.415093199990224,13891.415093199996,13291.415093199996
2021-02-04,785.8602063999933,786.2308435999985,3000,0,0,0.0,5.2657304,0.0,0.0,0.0,0.0,186.23084359999848,41345.86020639999,41346.2308436,-0.37063720000878675,599.6293627999949,-0.37063720000514877
2021-02-05,13950.992954799993,786.2308435999985,2000,0,0,0.0,18.4472516,0.0,0.0,0.0,0.0,186.23084359999848,40370.99295479999,40416.2308436,-45.23788880000939,13764.762111199994,13164.762111199994
2021-02-08,689.2678255999945,786.2308435999985,3000,0,0,0.0,5.2651292,0.0,0.0,0.0,0.0,186.23084359999848,40439.26782559999,40536.2308436,-96.96301800000947,503.036981999996,-96.96301800000401
2021-02-09,689.2678255999945,786.2308435999985,3000,0,0,0.0,0.0,0.0,0.0,0.0,0.0,186.23084359999848,41549.26782559999,41646.2308436,-96.96301800000947,503.036981999996,-96.96301800000401
2021-02-10,689.2678255999945,786.2308435999985,3000,0,0,0.0,0.0,0.0,0.0,0.0,0.0,186.23084359999848,42809.26782559999,42906.2308436,-96.96301800000947,503.036981999996,-96.96301800000401
2021-02-18,689.2678255999945,786.2308435999985,3000,0,0,0.0,0.0,0.0,0.0,0.0,0.0,186.23084359999848,42569.26782559999,42666.2308436,-96.96301800000947,503.036981999996,-96.96301800000401
2021-02-19,689.2678255999945,786.2308435999985,3000,0,0,0.0,0.0,0.0,0.0,0.0,0.0,186.23084359999848,43259.26782559999,43356.2308436,-96.96301800000947,503.036981999996,-96.96301800000401
2021-02-22,689.2678255999945,786.2308435999985,3000,0,0,0.0,0.0,0.0,0.0,0.0,0.0,186.23084359999848,42599.26782559999,42696.2308436,-96.96301800000947,503.036981999996,-96.96301800000401
2021-02-23,689.2678255999945,786.2308435999985,3000,0,0,0.0,0.0,0.0,0.0,0.0,0.0,186.23084359999848,42059.26782559999,42156.2308436,-96.96301800000947,503.036981999996,-96.96301800000401
2021-02-24,689.2678255999945,786.2308435999985,3000,0,0,0.0,0.0,0.0,0.0,0.0,0.0,186.23084359999848,42839.26782559999,42936.2308436,-96.96301800000947,503.036981999996,-96.96301800000401
2021-02-25,689.2678255999945,786.2308435999985,3000,0,0,0.0,0.0,0.0,0.0,0.0,0.0,186.23084359999848,42449.26782559999,42546.2308436,-96.96301800000947,503.036981999996,-96.96301800000401
2021-02-26,689.2678255999945,786.2308435999985,3000,0,0,0.0,0.0,0.0,0.0,0.0,0.0,186.23084359999848,42119.26782559999,42216.2308436,-96.96301800000947,503.036981999996,-96.96301800000401
2021-03-01,689.2678255999945,786.2308435999985,3000,0,0,0.0,0.0,0.0,0.0,0.0,0.0,186.23084359999848,42239.26782559999,42336.2308436,-96.96301800000947,503.036981999996,-96.96301800000401
2021-03-02,689.2678255999945,786.2308435999985,3000,0,0,0.0,0.0,0.0,0.0,0.0,0.0,186.23084359999848,41429.26782559999,41526.2308436,-96.96301800000947,503.036981999996,-96.96301800000401
2021-03-03,689.2678255999945,786.2308435999985,3000,0,0,0.0,0.0,0.0,0.0,0.0,0.0,186.23084359999848,42389.26782559999,42486.2308436,-96.96301800000947,503.036981999996,-96.96301800000401
2021-03-04,689.2678255999945,786.2308435999985,3000,0,0,0.0,0.0,0.0,0.0,0.0,0.0,186.23084359999848,41579.26782559999,41676.2308436,-96.96301800000947,503.036981999996,-96.96301800000401
2021-03-05,689.2678255999945,786.2308435999985,3000,0,0,0.0,0.0,0.0,0.0,0.0,0.0,186.23084359999848,41939.26782559999,42036.2308436,-96.96301800000947,503.036981999996,-96.96301800000401
2021-03-08,689.2678255999945,786.2308435999985,3000,0,0,0.0,0.0,0.0,0.0,0.0,0.0,186.23084359999848,41789.26782559999,41886.2308436,-96.96301800000947,503.036981999996,-96.96301800000401
2021-03-09,689.2678255999945,786.2308435999985,3000,0,0,0.0,0.0,0.0,0.0,0.0,0.0,186.23084359999848,42389.26782559999,42486.2308436,-96.96301800000947,503.036981999996,-96.96301800000401
2021-03-10,689.2678255999945,786.2308435999985,3000,0,0,0.0,0.0,0.0,0.0,0.0,0.0,186.23084359999848,41879.26782559999,41976.2308436,-96.96301800000947,503.036981999996,-96.96301800000401
2021-03-11,689.2678255999945,786.2308435999985,3000,0,0,0.0,0.0,0.0,0.0,0.0,0.0,186.23084359999848,41699.26782559999,41796.2308436,-96.96301800000947,503.036981999996,-96.96301800000401
2021-03-12,689.2678255999945,786.2308435999985,3000,0,0,0.0,0.0,0.0,0.0,0.0,0.0,186.23084359999848,41279.26782559999,41376.2308436,-96.96301800000947,503.036981999996,-96.96301800000401
2021-03-15,689.2678255999945,786.2308435999985,3000,0,0,0.0,0.0,0.0,0.0,0.0,0.0,186.23084359999848,40649.26782559999,40746.2308436,-96.96301800000947,503.036981999996,-96.96301800000401
2021-03-16,689.2678255999945,786.2308435999985,3000,0,0,0.0,0.0,0.0,0.0,0.0,0.0,186.23084359999848,41099.26782559999,41196.2308436,-96.96301800000947,503.036981999996,-96.96301800000401
2021-03-17,689.2678255999945,786.2308435999985,3000,0,0,0.0,0.0,0.0,0.0,0.0,0.0,186.23084359999848,41339.26782559999,41436.2308436,-96.96301800000947,503.036981999996,-96.96301800000401
2021-03-18,689.2678255999945,786.2308435999985,3000,0,0,0.0,0.0,0.0,0.0,0.0,0.0,186.23084359999848,41249.26782559999,41346.2308436,-96.96301800000947,503.036981999996,-96.96301800000401
2021-03-19,689.2678255999945,786.2308435999985,3000,0,0,0.0,0.0,0.0,0.0,0.0,0.0,186.23084359999848,41189.26782559999,41286.2308436,-96.96301800000947,503.036981999996,-96.96301800000401
2021-03-22,689.2678255999945,786.2308435999985,3000,0,0,0.0,0.0,0.0,0.0,0.0,0.0,186.23084359999848,41339.26782559999,41436.2308436,-96.96301800000947,503.036981999996,-96.96301800000401
2021-03-23,689.2678255999945,786.2308435999985,3000,0,0,0.0,0.0,0.0,0.0,0.0,0.0,186.23084359999848,41639.26782559999,41736.2308436,-96.96301800000947,503.036981999996,-96.96301800000401
2021-03-24,689.2678255999945,786.2308435999985,3000,0,0,0.0,0.0,0.0,0.0,0.0,0.0,186.23084359999848,42269.26782559999,42366.2308436,-96.96301800000947,503.036981999996,-96.96301800000401
2021-03-25,689.2678255999945,786.2308435999985,3000,0,0,0.0,0.0,0.0,0.0,0.0,0.0,186.23084359999848,42149.26782559999,42246.2308436,-96.96301800000947,503.036981999996,-96.96301800000401
2021-03-26,689.2678255999945,786.2308435999985,3000,0,0,0.0,0.0,0.0,0.0,0.0,0.0,186.23084359999848,42809.26782559999,42906.2308436,-96.96301800000947,503.036981999996,-96.96301800000401
2021-03-29,689.2678255999945,786.2308435999985,3000,0,0,0.0,0.0,0.0,0.0,0.0,0.0,186.23084359999848,41639.26782559999,41736.2308436,-96.96301800000947,503.036981999996,-96.96301800000401
2021-03-30,689.2678255999945,786.2308435999985,3000,0,0,0.0,0.0,0.0,0.0,0.0,0.0,186.23084359999848,43769.26782559999,43866.2308436,-96.96301800000947,503.036981999996,-96.96301800000401
2021-03-31,689.2678255999945,786.2308435999985,3000,0,0,0.0,0.0,0.0,0.0,0.0,0.0,186.23084359999848,43799.26782559999,43896.2308436,-96.96301800000947,503.036981999996,-96.96301800000401
2021-04-01,689.2678255999945,786.2308435999985,3000,0,0,0.0,0.0,0.0,0.0,0.0,0.0,186.23084359999848,43949.26782559999,44046.2308436,-96.96301800000947,503.036981999996,-96.96301800000401
2021-04-02,689.2678255999945,786.2308435999985,3000,0,0,0.0,0.0,0.0,0.0,0.0,0.0,186.23084359999848,43139.26782559999,43236.2308436,-96.96301800000947,503.036981999996,-96.96301800000401
2021-04-06,689.2678255999945,786.2308435999985,3000,0,0,0.0,0.0,0.0,0.0,0.0,0.0,186.23084359999848,43169.26782559999,43266.2308436,-96.96301800000947,503.036981999996,-96.96301800000401
2021-04-07,689.2678255999945,786.2308435999985,3000,0,0,0.0,0.0,0.0,0.0,0.0,0.0,186.23084359999848,43829.26782559999,43926.2308436,-96.96301800000947,503.036981999996,-96.96301800000401
2021-04-08,689.2678255999945,786.2308435999985,3000,0,0,0.0,0.0,0.0,0.0,0.0,0.0,186.23084359999848,43769.26782559999,43866.2308436,-96.96301800000947,503.036981999996,-96.96301800000401
2021-04-09,689.2678255999945,786.2308435999985,3000,0,0,0.0,0.0,0.0,0.0,0.0,0.0,186.23084359999848,42869.26782559999,42966.2308436,-96.96301800000947,503.036981999996,-96.96301800000401
2021-04-12,689.2678255999945,786.2308435999985,3000,0,0,0.0,0.0,0.0,0.0,0.0,0.0,186.23084359999848,42869.26782559999,42966.2308436,-96.96301800000947,503.036981999996,-96.96301800000401
2021-04-13,689.2678255999945,786.2308435999985,3000,0,0,0.0,0.0,0.0,0.0,0.0,0.0,186.23084359999848,44159.26782559999,44256.2308436,-96.96301800000947,503.036981999996,-96.96301800000401
2021-04-14,689.2678255999945,786.2308435999985,3000,0,0,0.0,0.0,0.0,0.0,0.0,0.0,186.23084359999848,44189.26782559999,44286.2308436,-96.96301800000947,503.036981999996,-96.96301800000401
2021-04-15,689.2678255999945,786.2308435999985,3000,0,0,0.0,0.0,0.0,0.0,0.0,0.0,186.23084359999848,43829.26782559999,43926.2308436,-96.96301800000947,503.036981999996,-96.96301800000401
2021-04-16,689.2678255999945,786.2308435999985,3000,0,0,0.0,0.0,0.0,0.0,0.0,0.0,186.23084359999848,43889.26782559999,43986.2308436,-96.96301800000947,503.036981999996,-96.96301800000401
2021-04-19,689.2678255999945,786.2308435999985,3000,0,0,0.0,0.0,0.0,0.0,0.0,0.0,186.23084359999848,44819.26782559999,44916.2308436,-96.96301800000947,503.036981999996,-96.96301800000401
2021-04-20,689.2678255999945,786.2308435999985,3000,0,0,0.0,0.0,0.0,0.0,0.0,0.0,186.23084359999848,43829.26782559999,43926.2308436,-96.96301800000947,503.036981999996,-96.96301800000401
2021-04-21,689.2678255999945,786.2308435999985,3000,0,0,0.0,0.0,0.0,0.0,0.0,0.0,186.23084359999848,43949.26782559999,44046.2308436,-96.96301800000947,503.036981999996,-96.96301800000401
2021-04-22,689.2678255999945,786.2308435999985,3000,0,0,0.0,0.0,0.0,0.0,0.0,0.0,186.23084359999848,43229.26782559999,43326.2308436,-96.96301800000947,503.036981999996,-96.96301800000401
2021-04-23,689.2678255999945,786.2308435999985,3000,0,0,0.0,0.0,0.0,0.0,0.0,0.0,186.23084359999848,43229.26782559999,43326.2308436,-96.96301800000947,503.036981999996,-96.96301800000401
2021-04-26,689.2678255999945,786.2308435999985,3000,0,0,0.0,0.0,0.0,0.0,0.0,0.0,186.23084359999848,43739.26782559999,43836.2308436,-96.96301800000947,503.036981999996,-96.96301800000401
2021-04-27,689.2678255999945,786.2308435999985,3000,0,0,0.0,0.0,0.0,0.0,0.0,0.0,186.23084359999848,43949.26782559999,44046.2308436,-96.96301800000947,503.036981999996,-96.96301800000401
2021-04-28,689.2678255999945,786.2308435999985,3000,0,0,0.0,0.0,0.0,0.0,0.0,0.0,186.23084359999848,44339.26782559999,44436.2308436,-96.96301800000947,503.036981999996,-96.96301800000401
2021-04-29,689.2678255999945,786.2308435999985,3000,0,0,0.0,0.0,0.0,0.0,0.0,0.0,186.23084359999848,44789.26782559999,44886.2308436,-96.96301800000947,503.036981999996,-96.96301800000401
2021-04-30,689.2678255999945,786.2308435999985,3000,0,0,0.0,0.0,0.0,0.0,0.0,0.0,186.23084359999848,41969.26782559999,42066.2308436,-96.96301800000947,503.036981999996,-96.96301800000401
2021-05-06,689.2678255999945,786.2308435999985,3000,0,0,0.0,0.0,0.0,0.0,0.0,0.0,186.23084359999848,41699.26782559999,41796.2308436,-96.96301800000947,503.036981999996,-96.96301800000401
2021-05-07,14093.676263599995,786.2308435999985,2000,0,0,0.0,18.691562,0.0,0.0,0.0,0.0,186.23084359999848,40993.67626359999,41136.2308436,-142.5545800000109,13907.445419999996,13307.445419999996
2021-05-10,601.4865251999945,786.2308435999985,3000,0,0,0.0,5.2697384,0.0,0.0,0.0,0.0,186.23084359999848,41161.486525199995,41346.2308436,-184.74431840000761,415.255681599996,-184.74431840000398
2021-05-11,601.4865251999945,786.2308435999985,3000,0,0,0.0,0.0,0.0,0.0,0.0,0.0,186.23084359999848,41071.486525199995,41256.2308436,-184.74431840000761,415.255681599996,-184.74431840000398
2021-05-12,601.4865251999945,786.2308435999985,3000,0,0,0.0,0.0,0.0,0.0,0.0,0.0,186.23084359999848,41161.486525199995,41346.2308436,-184.74431840000761,415.255681599996,-184.74431840000398
2021-05-13,601.4865251999945,786.2308435999985,3000,0,0,0.0,0.0,0.0,0.0,0.0,0.0,186.23084359999848,40741.486525199995,40926.2308436,-184.74431840000761,415.255681599996,-184.74431840000398
2021-05-14,601.4865251999945,786.2308435999985,3000,0,0,0.0,0.0,0.0,0.0,0.0,0.0,186.23084359999848,41041.486525199995,41226.2308436,-184.74431840000761,415.255681599996,-184.74431840000398
2021-05-17,601.4865251999945,786.2308435999985,3000,0,0,0.0,0.0,0.0,0.0,0.0,0.0,186.23084359999848,40501.486525199995,40686.2308436,-184.74431840000761,415.255681599996,-184.74431840000398
2021-05-18,601.4865251999945,786.2308435999985,3000,0,0,0.0,0.0,0.0,0.0,0.0,0.0,186.23084359999848,40651.486525199995,40836.2308436,-184.74431840000761,415.255681599996,-184.74431840000398
2021-05-19,601.4865251999945,786.2308435999985,3000,0,0,0.0,0.0,0.0,0.0,0.0,0.0,186.23084359999848,40231.486525199995,40416.2308436,-184.74431840000761,415.255681599996,-184.74431840000398
2021-05-20,601.4865251999945,786.2308435999985,3000,0,0,0.0,0.0,0.0,0.0,0.0,0.0,186.23084359999848,40261.486525199995,40446.2308436,-184.74431840000761,415.255681599996,-184.74431840000398
2021-05-21,601.4865251999945,786.2308435999985,3000,0,0,0.0,0.0,0.0,0.0,0.0,0.0,186.23084359999848,39931.486525199995,40116.2308436,-184.74431840000761,415.255681599996,-184.74431840000398
2021-05-24,601.4865251999945,786.2308435999985,3000,0,0,0.0,0.0,0.0,0.0,0.0,0.0,186.23084359999848,38251.486525199995,38436.2308436,-184.74431840000761,415.255681599996,-184.74431840000398
2021-05-25,601.4865251999945,786.2308435999985,3000,0,0,0.0,0.0,0.0,0.0,0.0,0.0,186.23084359999848,38521.486525199995,38706.2308436,-184.74431840000761,415.255681599996,-184.74431840000398
2021-05-26,601.4865251999945,786.2308435999985,3000,0,0,0.0,0.0,0.0,0.0,0.0,0.0,186.23084359999848,38281.486525199995,38466.2308436,-184.74431840000761,415.255681599996,-184.74431840000398
2021-05-27,601.4865251999945,786.2308435999985,3000,0,0,0.0,0.0,0.0,0.0,0.0,0.0,186.23084359999848,38461.486525199995,38646.2308436,-184.74431840000761,415.255681599996,-184.74431840000398
2021-05-28,601.4865251999945,786.2308435999985,3000,0,0,0.0,0.0,0.0,0.0,0.0,0.0,186.23084359999848,37651.486525199995,37836.2308436,-184.74431840000761,415.255681599996,-184.74431840000398
2021-05-31,601.4865251999945,786.2308435999985,3000,0,0,0.0,0.0,0.0,0.0,0.0,0.0,186.23084359999848,37861.486525199995,38046.2308436,-184.74431840000761,415.255681599996,-184.74431840000398
2021-06-01,601.4865251999945,786.2308435999985,3000,0,0,0.0,0.0,0.0,0.0,0.0,0.0,186.23084359999848,37891.486525199995,38076.2308436,-184.74431840000761,415.255681599996,-184.74431840000398
2021-06-02,601.4865251999945,786.2308435999985,3000,0,0,0.0,0.0,0.0,0.0,0.0,0.0,186.23084359999848,37261.486525199995,37446.2308436,-184.74431840000761,415.255681599996,-184.74431840000398
2021-06-03,601.4865251999945,786.2308435999985,3000,0,0,0.0,0.0,0.0,0.0,0.0,0.0,186.23084359999848,37381.486525199995,37566.2308436,-184.74431840000761,415.255681599996,-184.74431840000398
2021-06-04,601.4865251999945,786.2308435999985,3000,0,0,0.0,0.0,0.0,0.0,0.0,0.0,186.23084359999848,37261.486525199995,37446.2308436,-184.74431840000761,415.255681599996,-184.74431840000398
2021-06-07,601.4865251999945,786.2308435999985,3000,0,0,0.0,0.0,0.0,0.0,0.0,0.0,186.23084359999848,38071.486525199995,38256.2308436,-184.74431840000761,415.255681599996,-184.74431840000398
2021-06-08,601.4865251999945,786.2308435999985,3000,0,0,0.0,0.0,0.0,0.0,0.0,0.0,186.23084359999848,38131.486525199995,38316.2308436,-184.74431840000761,415.255681599996,-184.74431840000398
2021-06-09,601.4865251999945,786.2308435999985,3000,0,0,0.0,0.0,0.0,0.0,0.0,0.0,186.23084359999848,38221.486525199995,38406.2308436,-184.74431840000761,415.255681599996,-184.74431840000398
2021-06-10,601.4865251999945,786.2308435999985,3000,0,0,0.0,0.0,0.0,0.0,0.0,0.0,186.23084359999848,38281.486525199995,38466.2308436,-184.74431840000761,415.255681599996,-184.74431840000398
2021-06-11,601.4865251999945,786.2308435999985,3000,0,0,0.0,0.0,0.0,0.0,0.0,0.0,186.23084359999848,38101.486525199995,38286.2308436,-184.74431840000761,415.255681599996,-184.74431840000398
2021-06-15,601.4865251999945,786.2308435999985,3000,0,0,0.0,0.0,0.0,0.0,0.0,0.0,186.23084359999848,38251.486525199995,38436.2308436,-184.74431840000761,415.255681599996,-184.74431840000398
2021-06-16,601.4865251999945,786.2308435999985,3000,0,0,0.0,0.0,0.0,0.0,0.0,0.0,186.23084359999848,37561.486525199995,37746.2308436,-184.74431840000761,415.255681599996,-184.74431840000398
2021-06-17,601.4865251999945,786.2308435999985,3000,0,0,0.0,0.0,0.0,0.0,0.0,0.0,186.23084359999848,37951.486525199995,38136.2308436,-184.74431840000761,415.255681599996,-184.74431840000398
2021-06-18,601.4865251999945,786.2308435999985,3000,0,0,0.0,0.0,0.0,0.0,0.0,0.0,186.23084359999848,38071.486525199995,38256.2308436,-184.74431840000761,415.255681599996,-184.74431840000398
2021-06-21,601.4865251999945,786.2308435999985,3000,0,0,0.0,0.0,0.0,0.0,0.0,0.0,186.23084359999848,37741.486525199995,37926.2308436,-184.74431840000761,415.255681599996,-184.74431840000398
2021-06-22,601.4865251999945,786.2308435999985,3000,0,0,0.0,0.0,0.0,0.0,0.0,0.0,186.23084359999848,37531.486525199995,37716.2308436,-184.74431840000761,415.255681599996,-184.74431840000398
2021-06-23,601.4865251999945,786.2308435999985,3000,0,0,0.0,0.0,0.0,0.0,0.0,0.0,186.23084359999848,38281.486525199995,38466.2308436,-184.74431840000761,415.255681599996,-184.74431840000398
2021-06-24,601.4865251999945,786.2308435999985,3000,0,0,0.0,0.0,0.0,0.0,0.0,0.0,186.23084359999848,38611.486525199995,38796.2308436,-184.74431840000761,415.255681599996,-184.74431840000398
2021-06-25,601.4865251999945,786.2308435999985,3000,0,0,0.0,0.0,0.0,0.0,0.0,0.0,186.23084359999848,38431.486525199995,38616.2308436,-184.74431840000761,415.255681599996,-184.74431840000398
2021-06-28,601.4865251999945,786.2308435999985,3000,0,0,0.0,0.0,0.0,0.0,0.0,0.0,186.23084359999848,38341.486525199995,38526.2308436,-184.74431840000761,415.255681599996,-184.74431840000398
2021-06-29,601.4865251999945,786.2308435999985,3000,0,0,0.0,0.0,0.0,0.0,0.0,0.0,186.23084359999848,37831.486525199995,38016.2308436,-184.74431840000761,415.255681599996,-184.74431840000398
2021-06-30,601.4865251999945,786.2308435999985,3000,0,0,0.0,0.0,0.0,0.0,0.0,0.0,186.23084359999848,37831.486525199995,38016.2308436,-184.74431840000761,415.255681599996,-184.74431840000398
2021-07-01,601.4865251999945,786.2308435999985,3000,0,0,0.0,0.0,0.0,0.0,0.0,0.0,186.23084359999848,37501.486525199995,37686.2308436,-184.74431840000761,415.255681599996,-184.74431840000398
2021-07-02,12530.361543999994,786.2308435999985,2000,0,0,0.0,17.184981200000003,0.0,0.0,0.0,0.0,186.23084359999848,36470.36154399999,36696.2308436,-225.86929960000998,12344.130700399995,11744.130700399995
2021-07-05,420.9594607999934,786.2308435999985,3000,0,0,0.0,5.2420832,0.0,0.0,0.0,0.0,186.23084359999848,36990.95946079999,37356.2308436,-365.27138280001236,234.72861719999491,-365.2713828000051
2021-07-06,420.9594607999934,786.2308435999985,3000,0,0,0.0,0.0,0.0,0.0,0.0,0.0,186.23084359999848,37110.95946079999,37476.2308436,-365.27138280001236,234.72861719999491,-365.2713828000051
2021-07-07,420.9594607999934,786.2308435999985,3000,0,0,0.0,0.0,0.0,0.0,0.0,0.0,186.23084359999848,36870.95946079999,37236.2308436,-365.27138280001236,234.72861719999491,-365.2713828000051
2021-07-08,420.9594607999934,786.2308435999985,3000,0,0,0.0,0.0,0.0,0.0,0.0,0.0,186.23084359999848,36510.95946079999,36876.2308436,-365.27138280001236,234.72861719999491,-365.2713828000051
2021-07-09,420.9594607999934,786.2308435999985,3000,0,0,0.0,0.0,0.0,0.0,0.0,0.0,186.23084359999848,36270.95946079999,36636.2308436,-365.27138280001236,234.72861719999491,-365.2713828000051
2021-07-12,420.9594607999934,786.2308435999985,3000,0,0,0.0,0.0,0.0,0.0,0.0,0.0,186.23084359999848,36420.95946079999,36786.2308436,-365.27138280001236,234.72861719999491,-365.2713828000051
2021-07-13,420.9594607999934,786.2308435999985,3000,0,0,0.0,0.0,0.0,0.0,0.0,0.0,186.23084359999848,36540.95946079999,36906.2308436,-365.27138280001236,234.72861719999491,-365.2713828000051
2021-07-14,420.9594607999934,786.2308435999985,3000,0,0,0.0,0.0,0.0,0.0,0.0,0.0,186.23084359999848,35340.95946079999,35706.2308436,-365.27138280001236,234.72861719999491,-365.2713828000051
2021-07-15,420.9594607999934,786.2308435999985,3000,0,0,0.0,0.0,0.0,0.0,0.0,0.0,186.23084359999848,35670.95946079999,36036.2308436,-365.27138280001236,234.72861719999491,-365.2713828000051
2021-07-16,11871.283100399995,786.2308435999985,2000,0,0,0.0,16.696360400000003,0.0,0.0,0.0,0.0,186.23084359999848,34851.283100399996,35256.2308436,-404.9477432000058,11685.052256799996,11085.052256799996
2021-07-19,363.09304119999615,786.2308435999985,3000,0,0,0.0,5.2300592,0.0,0.0,0.0,0.0,186.23084359999848,35043.093041199994,35466.2308436,-423.1378024000078,176.86219759999767,-423.13780240000233
2021-07-20,363.09304119999615,786.2308435999985,3000,0,0,0.0,0.0,0.0,0.0,0.0,0.0,186.23084359999848,35523.093041199994,35946.2308436,-423.1378024000078,176.86219759999767,-423.13780240000233
2021-07-21,363.09304119999615,786.2308435999985,3000,0,0,0.0,0.0,0.0,0.0,0.0,0.0,186.23084359999848,35673.093041199994,36096.2308436,-423.1378024000078,176.86219759999767,-423.13780240000233
2021-07-22,363.09304119999615,786.2308435999985,3000,0,0,0.0,0.0,0.0,0.0,0.0,0.0,186.23084359999848,35493.093041199994,35916.2308436,-423.1378024000078,176.86219759999767,-423.13780240000233
2021-07-23,363.09304119999615,786.2308435999985,3000,0,0,0.0,0.0,0.0,0.0,0.0,0.0,186.23084359999848,35643.093041199994,36066.2308436,-423.1378024000078,176.86219759999767,-423.13780240000233
2021-07-26,363.09304119999615,786.2308435999985,3000,0,0,0.0,0.0,0.0,0.0,0.0,0.0,186.23084359999848,35223.093041199994,35646.2308436,-423.1378024000078,176.86219759999767,-423.13780240000233
2021-07-27,1113.0930411999962,1536.2308435999985,3000,0,0,125.0,0.0,0.0,750.0,750.0,0.0,186.23084359999848,34828.093041199994,35376.2308436,-548.1378024000078,926.8621975999977,-423.13780240000233
2021-07-28,1113.0930411999962,1536.2308435999985,3000,0,0,125.0,0.0,0.0,0.0,0.0,0.0,186.23084359999848,33988.093041199994,34536.2308436,-548.1378024000078,926.8621975999977,-423.13780240000233
2021-07-29,12039.925660799996,1536.2308435999985,2000,0,0,100.0,16.187380400000002,25.0,0.0,0.0,0.0,186.23084359999848,33919.9256608,34506.2308436,-586.3051828000025,11853.694817199997,10503.694817199997
2021-07-30,1183.0486275999956,1536.2308435999985,3000,0,0,100.0,5.2170332,0.0,0.0,0.0,0.0,186.23084359999848,34743.048627599994,35196.2308436,-453.18221600000834,996.8177839999971,-353.1822160000029
2021-08-02,1183.0486275999956,1536.2308435999985,3000,0,0,100.0,0.0,0.0,0.0,0.0,0.0,186.23084359999848,36513.048627599994,36966.2308436,-453.18221600000834,996.8177839999971,-353.1822160000029
2021-08-03,1183.0486275999956,1536.2308435999985,3000,0,0,100.0,0.0,0.0,0.0,0.0,0.0,186.23084359999848,36573.048627599994,37026.2308436,-453.18221600000834,996.8177839999971,-353.1822160000029
2021-08-04,1183.0486275999956,1536.2308435999985,3000,0,0,100.0,0.0,0.0,0.0,0.0,0.0,186.23084359999848,36813.048627599994,37266.2308436,-453.18221600000834,996.8177839999971,-353.1822160000029
2021-08-05,1183.0486275999956,1536.2308435999985,3000,0,0,100.0,0.0,0.0,0.0,0.0,0.0,186.23084359999848,36633.048627599994,37086.2308436,-453.18221600000834,996.8177839999971,-353.1822160000029
2021-08-06,1183.0486275999956,1536.2308435999985,3000,0,0,75.0,0.0,0.0,0.0,0.0,0.0,186.23084359999848,36598.048627599994,37026.2308436,-428.18221600000834,996.8177839999971,-353.1822160000029
2021-08-09,1183.0486275999956,1536.2308435999985,3000,0,0,75.0,0.0,0.0,0.0,0.0,0.0,186.23084359999848,37198.048627599994,37626.2308436,-428.18221600000834,996.8177839999971,-353.1822160000029
2021-08-10,1183.0486275999956,1536.2308435999985,3000,0,0,75.0,0.0,0.0,0.0,0.0,0.0,186.23084359999848,37528.048627599994,37956.2308436,-428.18221600000834,996.8177839999971,-353.1822160000029
2021-08-11,1183.0486275999956,1536.2308435999985,3000,0,0,75.0,0.0,0.0,0.0,0.0,0.0,186.23084359999848,36448.048627599994,36876.2308436,-428.18221600000834,996.8177839999971,-353.1822160000029
2021-08-12,1183.0486275999956,1536.2308435999985,3000,0,0,75.0,0.0,0.0,0.0,0.0,0.0,186.23084359999848,36358.048627599994,36786.2308436,-428.18221600000834,996.8177839999971,-353.1822160000029
2021-08-13,1183.0486275999956,1536.2308435999985,3000,0,0,75.0,0.0,0.0,0.0,0.0,0.0,186.23084359999848,36628.048627599994,37056.2308436,-428.18221600000834,996.8177839999971,-353.1822160000029
2021-08-16,1183.0486275999956,1536.2308435999985,3000,0,0,75.0,0.0,0.0,0.0,0.0,0.0,186.23084359999848,37918.048627599994,38346.2308436,-428.18221600000834,996.8177839999971,-353.1822160000029
2021-08-17,1183.0486275999956,1536.2308435999985,3000,0,0,75.0,0.0,0.0,0.0,0.0,0.0,186.23084359999848,37168.048627599994,37596.2308436,-428.18221600000834,996.8177839999971,-353.1822160000029
2021-08-18,1183.0486275999956,1536.2308435999985,3000,0,0,75.0,0.0,0.0,0.0,0.0,0.0,186.23084359999848,37858.048627599994,38286.2308436,-428.18221600000834,996.8177839999971,-353.1822160000029
2021-08-19,1183.0486275999956,1536.2308435999985,3000,0,0,75.0,0.0,0.0,0.0,0.0,0.0,186.23084359999848,36658.048627599994,37086.2308436,-428.18221600000834,996.8177839999971,-353.1822160000029
2021-08-20,1183.0486275999956,1536.2308435999985,3000,0,0,50.0,0.0,0.0,0.0,0.0,0.0,186.23084359999848,36773.048627599994,37176.2308436,-403.18221600000834,996.8177839999971,-353.1822160000029
2021-08-23,1183.0486275999956,1536.2308435999985,3000,0,0,50.0,0.0,0.0,0.0,0.0,0.0,186.23084359999848,37253.048627599994,37656.2308436,-403.18221600000834,996.8177839999971,-353.1822160000029
2021-08-24,1183.0486275999956,1536.2308435999985,3000,0,0,50.0,0.0,0.0,0.0,0.0,0.0,186.23084359999848,37283.048627599994,37686.2308436,-403.18221600000834,996.8177839999971,-353.1822160000029
2021-08-25,1183.0486275999956,1536.2308435999985,3000,0,0,50.0,0.0,0.0,0.0,0.0,0.0,186.23084359999848,37073.048627599994,37476.2308436,-403.18221600000834,996.8177839999971,-353.1822160000029
2021-08-26,1183.0486275999956,1536.2308435999985,3000,0,0,50.0,0.0,0.0,0.0,0.0,0.0,186.23084359999848,36203.048627599994,36606.2308436,-403.18221600000834,996.8177839999971,-353.1822160000029
2021-08-27,12827.708315999995,1536.2308435999985,2000,0,0,25.0,16.9203116,25.0,0.0,0.0,0.0,186.23084359999848,36222.708316,36666.2308436,-443.52252760000556,12641.477472399996,11291.477472399996
2021-08-30,12584.417929999996,1536.2308435999985,2000,0,0,0.0,21.950386,25.0,0.0,0.0,0.0,186.23084359999848,35604.417929999996,36066.2308436,-461.81291360000614,12398.187086399997,11048.187086399997
2021-08-31,955.9854659999946,1536.2308435999985,3000,0,0,0.0,5.232464,0.0,0.0,0.0,0.0,186.23084359999848,35395.985466,35976.2308436,-580.2453776000038,769.7546223999962,-580.2453776000038
2021-09-01,955.9854659999946,1536.2308435999985,3000,0,0,0.0,0.0,0.0,0.0,0.0,0.0,186.23084359999848,36085.985466,36666.2308436,-580.2453776000038,769.7546223999962,-580.2453776000038
2021-09-02,955.9854659999946,1536.2308435999985,3000,0,0,0.0,0.0,0.0,0.0,0.0,0.0,186.23084359999848,36205.985466,36786.2308436,-580.2453776000038,769.7546223999962,-580.2453776000038
2021-09-03,955.9854659999946,1536.2308435999985,3000,0,0,0.0,0.0,0.0,0.0,0.0,0.0,186.23084359999848,36955.985466,37536.2308436,-580.2453776000038,769.7546223999962,-580.2453776000038
2021-09-06,955.9854659999946,1536.2308435999985,3000,0,0,0.0,0.0,0.0,0.0,0.0,0.0,186.23084359999848,37105.985466,37686.2308436,-580.2453776000038,769.7546223999962,-580.2453776000038
2021-09-07,955.9854659999946,1536.2308435999985,3000,0,0,0.0,0.0,0.0,0.0,0.0,0.0,186.23084359999848,37465.985466,38046.2308436,-580.2453776000038,769.7546223999962,-580.2453776000038
2021-09-08,955.9854659999946,1536.2308435999985,3000,0,0,0.0,0.0,0.0,0.0,0.0,0.0,186.23084359999848,37525.985466,38106.2308436,-580.2453776000038,769.7546223999962,-580.2453776000038
2021-09-09,955.9854659999946,1536.2308435999985,3000,0,0,0.0,0.0,0.0,0.0,0.0,0.0,186.23084359999848,37495.985466,38076.2308436,-580.2453776000038,769.7546223999962,-580.2453776000038
2021-09-10,955.9854659999946,1536.2308435999985,3000,0,0,0.0,0.0,0.0,0.0,0.0,0.0,186.23084359999848,37555.985466,38136.2308436,-580.2453776000038,769.7546223999962,-580.2453776000038
2021-09-13,955.9854659999946,1536.2308435999985,3000,0,0,0.0,0.0,0.0,0.0,0.0,0.0,186.23084359999848,37465.985466,38046.2308436,-580.2453776000038,769.7546223999962,-580.2453776000038
2021-09-14,955.9854659999946,1536.2308435999985,3000,0,0,0.0,0.0,0.0,0.0,0.0,0.0,186.23084359999848,36775.985466,37356.2308436,-580.2453776000038,769.7546223999962,-580.2453776000038
2021-09-15,955.9854659999946,1536.2308435999985,3000,0,0,0.0,0.0,0.0,0.0,0.0,0.0,186.23084359999848,36355.985466,36936.2308436,-580.2453776000038,769.7546223999962,-580.2453776000038
2021-09-16,12665.524435999994,1536.2308435999985,2000,0,0,0.0,16.96103,0.0,0.0,0.0,0.0,186.23084359999848,36165.52443599999,36786.2308436,-620.7064076000097,12479.293592399996,11129.293592399996
2021-09-17,916.8495671999935,1536.2308435999985,3000,0,0,0.0,5.2348688,0.0,0.0,0.0,0.0,186.23084359999848,36166.84956719999,36786.2308436,-619.3812764000104,730.6187235999951,-619.3812764000049
2021-09-22,916.8495671999935,1536.2308435999985,3000,0,0,0.0,0.0,0.0,0.0,0.0,0.0,186.23084359999848,35986.84956719999,36606.2308436,-619.3812764000104,730.6187235999951,-619.3812764000049
2021-09-23,916.8495671999935,1536.2308435999985,3000,0,0,0.0,0.0,0.0,0.0,0.0,0.0,186.23084359999848,37156.84956719999,37776.2308436,-619.3812764000104,730.6187235999951,-619.3812764000049
2021-09-24,916.8495671999935,1536.2308435999985,3000,0,0,0.0,0.0,0.0,0.0,0.0,0.0,186.23084359999848,36496.84956719999,37116.2308436,-619.3812764000104,730.6187235999951,-619.3812764000049
2021-09-27,916.8495671999935,1536.2308435999985,3000,0,0,0.0,0.0,0.0,0.0,0.0,0.0,186.23084359999848,36526.84956719999,37146.2308436,-619.3812764000104,730.6187235999951,-619.3812764000049
2021-09-28,916.8495671999935,1536.2308435999985,3000,0,0,0.0,0.0,0.0,0.0,0.0,0.0,186.23084359999848,36316.84956719999,36936.2308436,-619.3812764000104,730.6187235999951,-619.3812764000049
2021-09-29,916.8495671999935,1536.2308435999985,3000,0,0,0.0,0.0,0.0,0.0,0.0,0.0,186.23084359999848,36436.84956719999,37056.2308436,-619.3812764000104,730.6187235999951,-619.3812764000049
2021-09-30,916.8495671999935,1536.2308435999985,3000,0,0,0.0,0.0,0.0,0.0,0.0,0.0,186.23084359999848,35776.84956719999,36396.2308436,-619.3812764000104,730.6187235999951,-619.3812764000049
2021-10-08,916.8495671999935,1536.2308435999985,3000,0,0,0.0,0.0,0.0,0.0,0.0,0.0,186.23084359999848,37276.84956719999,37896.2308436,-619.3812764000104,730.6187235999951,-619.3812764000049
2021-10-11,916.8495671999935,1536.2308435999985,3000,0,0,0.0,0.0,0.0,0.0,0.0,0.0,186.23084359999848,37306.84956719999,37926.2308436,-619.3812764000104,730.6187235999951,-619.3812764000049
2021-10-12,916.8495671999935,1536.2308435999985,3000,0,0,0.0,0.0,0.0,0.0,0.0,0.0,186.23084359999848,36556.84956719999,37176.2308436,-619.3812764000104,730.6187235999951,-619.3812764000049
2021-10-13,916.8495671999935,1536.2308435999985,3000,0,0,0.0,0.0,0.0,0.0,0.0,0.0,186.23084359999848,36586.84956719999,37206.2308436,-619.3812764000104,730.6187235999951,-619.3812764000049
2021-10-14,916.8495671999935,1536.2308435999985,3000,0,0,0.0,0.0,0.0,0.0,0.0,0.0,186.23084359999848,36496.84956719999,37116.2308436,-619.3812764000104,730.6187235999951,-619.3812764000049
2021-10-15,12606.448896399994,1536.2308435999985,2000,0,0,0.0,16.9406708,0.0,0.0,0.0,0.0,186.23084359999848,36066.44889639999,36726.2308436,-659.7819472000119,12420.218052799995,11070.218052799995
2021-10-18,907.8750295999944,1536.2308435999985,3000,0,0,0.0,5.2338668,0.0,0.0,0.0,0.0,186.23084359999848,35647.87502959999,36276.2308436,-628.3558140000096,721.6441859999959,-628.3558140000041
2021-10-19,907.8750295999944,1536.2308435999985,3000,0,0,0.0,0.0,0.0,0.0,0.0,0.0,186.23084359999848,35827.87502959999,36456.2308436,-628.3558140000096,721.6441859999959,-628.3558140000041
2021-10-20,907.8750295999944,1536.2308435999985,3000,0,0,0.0,0.0,0.0,0.0,0.0,0.0,186.23084359999848,35677.87502959999,36306.2308436,-628.3558140000096,721.6441859999959,-628.3558140000041
2021-10-21,907.8750295999944,1536.2308435999985,3000,0,0,0.0,0.0,0.0,0.0,0.0,0.0,186.23084359999848,35377.87502959999,36006.2308436,-628.3558140000096,721.6441859999959,-628.3558140000041
2021-10-22,907.8750295999944,1536.2308435999985,3000,0,0,0.0,0.0,0.0,0.0,0.0,0.0,186.23084359999848,35527.87502959999,36156.2308436,-628.3558140000096,721.6441859999959,-628.3558140000041
2021-10-25,907.8750295999944,1536.2308435999985,3000,0,0,0.0,0.0,0.0,0.0,0.0,0.0,186.23084359999848,35047.87502959999,35676.2308436,-628.3558140000096,721.6441859999959,-628.3558140000041
2021-10-26,907.8750295999944,1536.2308435999985,3000,0,0,0.0,0.0,0.0,0.0,0.0,0.0,186.23084359999848,35197.87502959999,35826.2308436,-628.3558140000096,721.6441859999959,-628.3558140000041
2021-10-27,907.8750295999944,1536.2308435999985,3000,0,0,0.0,0.0,0.0,0.0,0.0,0.0,186.23084359999848,34747.87502959999,35376.2308436,-628.3558140000096,721.6441859999959,-628.3558140000041
2021-10-28,12029.194595999994,1536.2308435999985,2000,0,0,0.0,16.3604336,0.0,0.0,0.0,0.0,186.23084359999848,34349.194595999994,35016.2308436,-667.0362476000082,11842.963752399995,10492.963752399995
2021-10-29,811.5903483999955,1536.2308435999985,3000,0,0,0.0,5.2242476,0.0,0.0,0.0,0.0,186.23084359999848,34861.590348399994,35586.2308436,-724.6404952000084,625.359504799997,-724.640495200003
2021-11-01,811.5903483999955,1536.2308435999985,3000,0,0,0.0,0.0,0.0,0.0,0.0,0.0,186.23084359999848,35131.590348399994,35856.2308436,-724.6404952000084,625.359504799997,-724.640495200003
2021-11-02,811.5903483999955,1536.2308435999985,3000,0,0,0.0,0.0,0.0,0.0,0.0,0.0,186.23084359999848,35101.590348399994,35826.2308436,-724.6404952000084,625.359504799997,-724.640495200003
2021-11-03,811.5903483999955,1536.2308435999985,3000,0,0,0.0,0.0,0.0,0.0,0.0,0.0,186.23084359999848,35221.590348399994,35946.2308436,-724.6404952000084,625.359504799997,-724.640495200003
2021-11-04,811.5903483999955,1536.2308435999985,3000,0,0,0.0,0.0,0.0,0.0,0.0,0.0,186.23084359999848,35671.590348399994,36396.2308436,-724.6404952000084,625.359504799997,-724.640495200003
2021-11-05,811.5903483999955,1536.2308435999985,3000,0,0,0.0,0.0,0.0,0.0,0.0,0.0,186.23084359999848,35881.590348399994,36606.2308436,-724.6404952000084,625.359504799997,-724.640495200003
2021-11-08,811.5903483999955,1536.2308435999985,3000,0,0,0.0,0.0,0.0,0.0,0.0,0.0,186.23084359999848,35761.590348399994,36486.2308436,-724.6404952000084,625.359504799997,-724.640495200003
2021-11-09,811.5903483999955,1536.2308435999985,3000,0,0,0.0,0.0,0.0,0.0,0.0,0.0,186.23084359999848,35581.590348399994,36306.2308436,-724.6404952000084,625.359504799997,-724.640495200003
2021-11-10,811.5903483999955,1536.2308435999985,3000,0,0,0.0,0.0,0.0,0.0,0.0,0.0,186.23084359999848,35431.590348399994,36156.2308436,-724.6404952000084,625.359504799997,-724.640495200003
2021-11-11,811.5903483999955,1536.2308435999985,3000,0,0,0.0,0.0,0.0,0.0,0.0,0.0,186.23084359999848,36001.590348399994,36726.2308436,-724.6404952000084,625.359504799997,-724.640495200003
2021-11-12,811.5903483999955,1536.2308435999985,3000,0,0,0.0,0.0,0.0,0.0,0.0,0.0,186.23084359999848,35971.590348399994,36696.2308436,-724.6404952000084,625.359504799997,-724.640495200003
2021-11-15,811.5903483999955,1536.2308435999985,3000,0,0,0.0,0.0,0.0,0.0,0.0,0.0,186.23084359999848,36421.590348399994,37146.2308436,-724.6404952000084,625.359504799997,-724.640495200003
2021-11-16,811.5903483999955,1536.2308435999985,3000,0,0,0.0,0.0,0.0,0.0,0.0,0.0,186.23084359999848,36241.590348399994,36966.2308436,-724.6404952000084,625.359504799997,-724.640495200003
2021-11-17,811.5903483999955,1536.2308435999985,3000,0,0,0.0,0.0,0.0,0.0,0.0,0.0,186.23084359999848,36031.590348399994,36756.2308436,-724.6404952000084,625.359504799997,-724.640495200003
2021-11-18,811.5903483999955,1536.2308435999985,3000,0,0,0.0,0.0,0.0,0.0,0.0,0.0,186.23084359999848,35671.590348399994,36396.2308436,-724.6404952000084,625.359504799997,-724.640495200003
2021-11-19,811.5903483999955,1536.2308435999985,3000,0,0,0.0,0.0,0.0,0.0,0.0,0.0,186.23084359999848,36541.590348399994,37266.2308436,-724.6404952000084,625.359504799997,-724.640495200003
2021-11-22,811.5903483999955,1536.2308435999985,3000,0,0,0.0,0.0,0.0,0.0,0.0,0.0,186.23084359999848,36391.590348399994,37116.2308436,-724.6404952000084,625.359504799997,-724.640495200003
2021-11-23,811.5903483999955,1536.2308435999985,3000,0,0,0.0,0.0,0.0,0.0,0.0,0.0,186.23084359999848,36001.590348399994,36726.2308436,-724.6404952000084,625.359504799997,-724.640495200003
2021-11-24,811.5903483999955,1536.2308435999985,3000,0,0,0.0,0.0,0.0,0.0,0.0,0.0,186.23084359999848,35941.590348399994,36666.2308436,-724.6404952000084,625.359504799997,-724.640495200003
2021-11-25,811.5903483999955,1536.2308435999985,3000,0,0,0.0,0.0,0.0,0.0,0.0,0.0,186.23084359999848,35701.590348399994,36426.2308436,-724.6404952000084,625.359504799997,-724.640495200003
2021-11-26,811.5903483999955,1536.2308435999985,3000,0,0,0.0,0.0,0.0,0.0,0.0,0.0,186.23084359999848,34321.590348399994,35046.2308436,-724.6404952000084,625.359504799997,-724.640495200003
2021-11-29,11753.453147599996,1536.2308435999985,2000,0,0,0.0,16.1772008,0.0,0.0,0.0,0.0,186.23084359999848,33713.4531476,34476.2308436,-762.7776960000047,11567.222303999997,10217.222303999997
2021-11-30,666.111505199995,1536.2308435999985,3000,0,0,0.0,5.2216424,0.0,0.0,0.0,0.0,186.23084359999848,34176.111505199995,35046.2308436,-870.1193384000071,479.88066159999653,-870.1193384000035
2021-12-01,666.111505199995,1536.2308435999985,3000,0,0,0.0,0.0,0.0,0.0,0.0,0.0,186.23084359999848,34446.111505199995,35316.2308436,-870.1193384000071,479.88066159999653,-870.1193384000035
2021-12-02,666.111505199995,1536.2308435999985,3000,0,0,0.0,0.0,0.0,0.0,0.0,0.0,186.23084359999848,34266.111505199995,35136.2308436,-870.1193384000071,479.88066159999653,-870.1193384000035
2021-12-03,666.111505199995,1536.2308435999985,3000,0,0,0.0,0.0,0.0,0.0,0.0,0.0,186.23084359999848,34416.111505199995,35286.2308436,-870.1193384000071,479.88066159999653,-870.1193384000035
2021-12-06,666.111505199995,1536.2308435999985,3000,0,0,0.0,0.0,0.0,0.0,0.0,0.0,186.23084359999848,34506.111505199995,35376.2308436,-870.1193384000071,479.88066159999653,-870.1193384000035
2021-12-07,666.111505199995,1536.2308435999985,3000,0,0,0.0,0.0,0.0,0.0,0.0,0.0,186.23084359999848,34716.111505199995,35586.2308436,-870.1193384000071,479.88066159999653,-870.1193384000035
2021-12-08,666.111505199995,1536.2308435999985,3000,0,0,0.0,0.0,0.0,0.0,0.0,0.0,186.23084359999848,35346.111505199995,36216.2308436,-870.1193384000071,479.88066159999653,-870.1193384000035
2021-12-09,666.111505199995,1536.2308435999985,3000,0,0,0.0,0.0,0.0,0.0,0.0,0.0,186.23084359999848,35976.111505199995,36846.2308436,-870.1193384000071,479.88066159999653,-870.1193384000035
2021-12-10,666.111505199995,1536.2308435999985,3000,0,0,0.0,0.0,0.0,0.0,0.0,0.0,186.23084359999848,36336.111505199995,37206.2308436,-870.1193384000071,479.88066159999653,-870.1193384000035
2021-12-13,666.111505199995,1536.2308435999985,3000,0,0,0.0,0.0,0.0,0.0,0.0,0.0,186.23084359999848,36606.111505199995,37476.2308436,-870.1193384000071,479.88066159999653,-870.1193384000035
2021-12-14,666.111505199995,1536.2308435999985,3000,0,0,0.0,0.0,0.0,0.0,0.0,0.0,186.23084359999848,36576.111505199995,37446.2308436,-870.1193384000071,479.88066159999653,-870.1193384000035
2021-12-15,666.111505199995,1536.2308435999985,3000,0,0,0.0,0.0,0.0,0.0,0.0,0.0,186.23084359999848,36276.111505199995,37146.2308436,-870.1193384000071,479.88066159999653,-870.1193384000035
2021-12-16,666.111505199995,1536.2308435999985,3000,0,0,0.0,0.0,0.0,0.0,0.0,0.0,186.23084359999848,36816.111505199995,37686.2308436,-870.1193384000071,479.88066159999653,-870.1193384000035
2021-12-17,666.111505199995,1536.2308435999985,3000,0,0,0.0,0.0,0.0,0.0,0.0,0.0,186.23084359999848,37086.111505199995,37956.2308436,-870.1193384000071,479.88066159999653,-870.1193384000035
2021-12-20,666.111505199995,1536.2308435999985,3000,0,0,0.0,0.0,0.0,0.0,0.0,0.0,186.23084359999848,36966.111505199995,37836.2308436,-870.1193384000071,479.88066159999653,-870.1193384000035
2021-12-21,666.111505199995,1536.2308435999985,3000,0,0,0.0,0.0,0.0,0.0,0.0,0.0,186.23084359999848,37116.111505199995,37986.2308436,-870.1193384000071,479.88066159999653,-870.1193384000035
2021-12-22,666.111505199995,1536.2308435999985,3000,0,0,0.0,0.0,0.0,0.0,0.0,0.0,186.23084359999848,36396.111505199995,37266.2308436,-870.1193384000071,479.88066159999653,-870.1193384000035
2021-12-23,666.111505199995,1536.2308435999985,3000,0,0,0.0,0.0,0.0,0.0,0.0,0.0,186.23084359999848,36756.111505199995,37626.2308436,-870.1193384000071,479.88066159999653,-870.1193384000035
2021-12-24,666.111505199995,1536.2308435999985,3000,0,0,0.0,0.0,0.0,0.0,0.0,0.0,186.23084359999848,36606.111505199995,37476.2308436,-870.1193384000071,479.88066159999653,-870.1193384000035
2021-12-27,666.111505199995,1536.2308435999985,3000,0,0,0.0,0.0,0.0,0.0,0.0,0.0,186.23084359999848,36906.111505199995,37776.2308436,-870.1193384000071,479.88066159999653,-870.1193384000035
2021-12-28,666.111505199995,1536.2308435999985,3000,0,0,0.0,0.0,0.0,0.0,0.0,0.0,186.23084359999848,36816.111505199995,37686.2308436,-870.1193384000071,479.88066159999653,-870.1193384000035
2021-12-29,666.111505199995,1536.2308435999985,3000,0,0,0.0,0.0,0.0,0.0,0.0,0.0,186.23084359999848,36366.111505199995,37236.2308436,-870.1193384000071,479.88066159999653,-870.1193384000035
2021-12-30,666.111505199995,1536.2308435999985,3000,0,0,0.0,0.0,0.0,0.0,0.0,0.0,186.23084359999848,36366.111505199995,37236.2308436,-870.1193384000071,479.88066159999653,-870.1193384000035
2021-12-31,666.111505199995,1536.2308435999985,3000,0,0,0.0,0.0,0.0,0.0,0.0,0.0,186.23084359999848,36426.111505199995,37296.2308436,-870.1193384000071,479.88066159999653,-870.1193384000035
2022-01-04,666.111505199995,1536.2308435999985,3000,0,0,0.0,0.0,0.0,0.0,0.0,0.0,186.23084359999848,36786.111505199995,37656.2308436,-870.1193384000071,479.88066159999653,-870.1193384000035
2022-01-05,666.111505199995,1536.2308435999985,3000,0,0,0.0,0.0,0.0,0.0,0.0,0.0,186.23084359999848,36996.111505199995,37866.2308436,-870.1193384000071,479.88066159999653,-870.1193384000035
2022-01-06,666.111505199995,1536.2308435999985,3000,0,0,0.0,0.0,0.0,0.0,0.0,0.0,186.23084359999848,36336.111505199995,37206.2308436,-870.1193384000071,479.88066159999653,-870.1193384000035
2022-01-07,666.111505199995,1536.2308435999985,3000,0,0,0.0,0.0,0.0,0.0,0.0,0.0,186.23084359999848,36156.111505199995,37026.2308436,-870.1193384000071,479.88066159999653,-870.1193384000035
2022-01-10,666.111505199995,1536.2308435999985,3000,0,0,0.0,0.0,0.0,0.0,0.0,0.0,186.23084359999848,36546.111505199995,37416.2308436,-870.1193384000071,479.88066159999653,-870.1193384000035
2022-01-11,666.111505199995,1536.2308435999985,3000,0,0,0.0,0.0,0.0,0.0,0.0,0.0,186.23084359999848,36216.111505199995,37086.2308436,-870.1193384000071,479.88066159999653,-870.1193384000035
2022-01-12,666.111505199995,1536.2308435999985,3000,0,0,0.0,0.0,0.0,0.0,0.0,0.0,186.23084359999848,36126.111505199995,36996.2308436,-870.1193384000071,479.88066159999653,-870.1193384000035
2022-01-13,666.111505199995,1536.2308435999985,3000,0,0,0.0,0.0,0.0,0.0,0.0,0.0,186.23084359999848,35316.111505199995,36186.2308436,-870.1193384000071,479.88066159999653,-870.1193384000035
2022-01-14,666.111505199995,1536.2308435999985,3000,0,0,0.0,0.0,0.0,0.0,0.0,0.0,186.23084359999848,34686.111505199995,35556.2308436,-870.1193384000071,479.88066159999653,-870.1193384000035
2022-01-17,666.111505199995,1536.2308435999985,3000,0,0,0.0,0.0,0.0,0.0,0.0,0.0,186.23084359999848,34926.111505199995,35796.2308436,-870.1193384000071,479.88066159999653,-870.1193384000035
2022-01-18,666.111505199995,1536.2308435999985,3000,0,0,0.0,0.0,0.0,0.0,0.0,0.0,186.23084359999848,35826.111505199995,36696.2308436,-870.1193384000071,479.88066159999653,-870.1193384000035
2022-01-19,666.111505199995,1536.2308435999985,3000,0,0,0.0,0.0,0.0,0.0,0.0,0.0,186.23084359999848,35586.111505199995,36456.2308436,-870.1193384000071,479.88066159999653,-870.1193384000035
2022-01-20,666.111505199995,1536.2308435999985,3000,0,0,0.0,0.0,0.0,0.0,0.0,0.0,186.23084359999848,35976.111505199995,36846.2308436,-870.1193384000071,479.88066159999653,-870.1193384000035
2022-01-21,666.111505199995,1536.2308435999985,3000,0,0,0.0,0.0,0.0,0.0,0.0,0.0,186.23084359999848,35496.111505199995,36366.2308436,-870.1193384000071,479.88066159999653,-870.1193384000035
2022-01-24,666.111505199995,1536.2308435999985,3000,0,0,0.0,0.0,0.0,0.0,0.0,0.0,186.23084359999848,35136.111505199995,36006.2308436,-870.1193384000071,479.88066159999653,-870.1193384000035
2022-01-25,666.111505199995,1536.2308435999985,3000,0,0,0.0,0.0,0.0,0.0,0.0,0.0,186.23084359999848,34596.111505199995,35466.2308436,-870.1193384000071,479.88066159999653,-870.1193384000035
2022-01-26,666.111505199995,1536.2308435999985,3000,0,0,0.0,0.0,0.0,0.0,0.0,0.0,186.23084359999848,34416.111505199995,35286.2308436,-870.1193384000071,479.88066159999653,-870.1193384000035
2022-01-27,11757.521610399996,1536.2308435999985,2000,0,0,0.0,16.329894799999998,0.0,0.0,0.0,0.0,186.23084359999848,34017.5216104,34926.2308436,-908.7092332000029,11571.290766799997,10221.290766799997
2022-01-28,11701.569630799995,1536.2308435999985,2000,0,0,0.0,21.531979600000003,0.0,0.0,0.0,0.0,186.23084359999848,33921.5696308,34866.2308436,-944.6612128000052,11515.338787199997,10165.338787199997
2022-02-07,473.94518279999465,1536.2308435999985,3000,0,0,0.0,5.224448,0.0,0.0,0.0,0.0,186.23084359999848,33953.945182799995,35016.2308436,-1062.2856608000075,287.7143391999962,-1062.2856608000038
2022-02-08,473.94518279999465,1536.2308435999985,3000,0,0,0.0,0.0,0.0,0.0,0.0,0.0,186.23084359999848,34343.945182799995,35406.2308436,-1062.2856608000075,287.7143391999962,-1062.2856608000038
2022-02-09,473.94518279999465,1536.2308435999985,3000,0,0,0.0,0.0,0.0,0.0,0.0,0.0,186.23084359999848,34523.945182799995,35586.2308436,-1062.2856608000075,287.7143391999962,-1062.2856608000038
2022-02-10,473.94518279999465,1536.2308435999985,3000,0,0,0.0,0.0,0.0,0.0,0.0,0.0,186.23084359999848,34703.945182799995,35766.2308436,-1062.2856608000075,287.7143391999962,-1062.2856608000038
2022-02-11,473.94518279999465,1536.2308435999985,3000,0,0,0.0,0.0,0.0,0.0,0.0,0.0,186.23084359999848,34463.945182799995,35526.2308436,-1062.2856608000075,287.7143391999962,-1062.2856608000038
2022-02-14,473.94518279999465,1536.2308435999985,3000,0,0,0.0,0.0,0.0,0.0,0.0,0.0,186.23084359999848,34253.945182799995,35316.2308436,-1062.2856608000075,287.7143391999962,-1062.2856608000038
2022-02-15,473.94518279999465,1536.2308435999985,3000,0,0,0.0,0.0,0.0,0.0,0.0,0.0,186.23084359999848,34193.945182799995,35256.2308436,-1062.2856608000075,287.7143391999962,-1062.2856608000038
2022-02-16,473.94518279999465,1536.2308435999985,3000,0,0,0.0,0.0,0.0,0.0,0.0,0.0,186.23084359999848,34283.945182799995,35346.2308436,-1062.2856608000075,287.7143391999962,-1062.2856608000038
2022-02-17,473.94518279999465,1536.2308435999985,3000,0,0,0.0,0.0,0.0,0.0,0.0,0.0,186.23084359999848,34223.945182799995,35286.2308436,-1062.2856608000075,287.7143391999962,-1062.2856608000038
2022-02-18,473.94518279999465,1536.2308435999985,3000,0,0,0.0,0.0,0.0,0.0,0.0,0.0,186.23084359999848,34343.945182799995,35406.2308436,-1062.2856608000075,287.7143391999962,-1062.2856608000038
2022-02-21,473.94518279999465,1536.2308435999985,3000,0,0,0.0,0.0,0.0,0.0,0.0,0.0,186.23084359999848,34673.945182799995,35736.2308436,-1062.2856608000075,287.7143391999962,-1062.2856608000038
2022-02-22,473.94518279999465,1536.2308435999985,3000,0,0,0.0,0.0,0.0,0.0,0.0,0.0,186.23084359999848,34283.945182799995,35346.2308436,-1062.2856608000075,287.7143391999962,-1062.2856608000038
2022-02-23,473.94518279999465,1536.2308435999985,3000,0,0,0.0,0.0,0.0,0.0,0.0,0.0,186.23084359999848,34493.945182799995,35556.2308436,-1062.2856608000075,287.7143391999962,-1062.2856608000038
2022-02-24,473.94518279999465,1536.2308435999985,3000,0,0,0.0,0.0,0.0,0.0,0.0,0.0,186.23084359999848,34073.945182799995,35136.2308436,-1062.2856608000075,287.7143391999962,-1062.2856608000038
2022-02-25,473.94518279999465,1536.2308435999985,3000,0,0,0.0,0.0,0.0,0.0,0.0,0.0,186.23084359999848,34073.945182799995,35136.2308436,-1062.2856608000075,287.7143391999962,-1062.2856608000038
2022-02-28,473.94518279999465,1536.2308435999985,3000,0,0,0.0,0.0,0.0,0.0,0.0,0.0,186.23084359999848,33983.945182799995,35046.2308436,-1062.2856608000075,287.7143391999962,-1062.2856608000038
2022-03-01,473.94518279999465,1536.2308435999985,3000,0,0,0.0,0.0,0.0,0.0,0.0,0.0,186.23084359999848,33983.945182799995,35046.2308436,-1062.2856608000075,287.7143391999962,-1062.2856608000038
2022-03-02,473.94518279999465,1536.2308435999985,3000,0,0,0.0,0.0,0.0,0.0,0.0,0.0,186.23084359999848,34103.945182799995,35166.2308436,-1062.2856608000075,287.7143391999962,-1062.2856608000038
2022-03-03,473.94518279999465,1536.2308435999985,3000,0,0,0.0,0.0,0.0,0.0,0.0,0.0,186.23084359999848,34073.945182799995,35136.2308436,-1062.2856608000075,287.7143391999962,-1062.2856608000038
2022-03-04,473.94518279999465,1536.2308435999985,3000,0,0,0.0,0.0,0.0,0.0,0.0,0.0,186.23084359999848,33893.945182799995,34956.2308436,-1062.2856608000075,287.7143391999962,-1062.2856608000038
2022-03-07,473.94518279999465,1536.2308435999985,3000,0,0,0.0,0.0,0.0,0.0,0.0,0.0,186.23084359999848,32933.945182799995,33996.2308436,-1062.2856608000075,287.7143391999962,-1062.2856608000038
2022-03-08,11036.954806799993,1536.2308435999985,2000,0,0,0.0,15.790376,0.0,0.0,0.0,0.0,186.23084359999848,32236.954806799993,33336.2308436,-1099.276036800009,10850.723963199995,9500.723963199995
2022-03-09,340.40097999999307,1536.2308435999985,3000,0,0,0.0,5.2138268,0.0,0.0,0.0,0.0,186.23084359999848,31540.40097999999,32736.2308436,-1195.8298636000072,154.1701363999946,-1195.8298636000054
2022-03-10,10654.165093999993,1536.2308435999985,2000,0,0,0.0,15.535886,0.0,0.0,0.0,0.0,186.23084359999848,31354.165093999993,32586.2308436,-1232.0657496000058,10467.934250399994,9117.934250399994
2022-03-11,518.7424895999939,1536.2308435999985,3000,0,0,0.0,5.2026044,0.0,0.0,0.0,0.0,186.23084359999848,31358.74248959999,32376.230843599995,-1017.4883540000046,332.5116459999954,-1017.4883540000046
2022-03-14,518.7424895999939,1536.2308435999985,3000,0,0,0.0,0.0,0.0,0.0,0.0,0.0,186.23084359999848,31058.742489599994,32076.2308436,-1017.4883540000046,332.5116459999954,-1017.4883540000046
2022-03-15,10234.317379599994,1536.2308435999985,2000,0,0,0.0,14.92511,0.0,0.0,0.0,0.0,186.23084359999848,29734.317379599994,30786.2308436,-1051.9134640000048,10048.086535999995,8698.086535999995
2022-03-16,469.642189999995,1536.2308435999985,3000,0,0,0.0,5.1951896,0.0,0.0,0.0,0.0,186.23084359999848,30139.642189999995,31206.2308436,-1066.5886536000035,283.41134639999655,-1066.5886536000035
2022-03-17,469.642189999995,1536.2308435999985,3000,0,0,0.0,0.0,0.0,0.0,0.0,0.0,186.23084359999848,30799.642189999995,31866.2308436,-1066.5886536000035,283.41134639999655,-1066.5886536000035
2022-03-18,469.642189999995,1536.2308435999985,3000,0,0,0.0,0.0,0.0,0.0,0.0,0.0,186.23084359999848,31069.64218999999,32136.230843599995,-1066.5886536000035,283.41134639999655,-1066.5886536000035
2022-03-21,469.642189999995,1536.2308435999985,3000,0,0,0.0,0.0,0.0,0.0,0.0,0.0,186.23084359999848,30769.642189999995,31836.2308436,-1066.5886536000035,283.41134639999655,-1066.5886536000035
2022-03-22,469.642189999995,1536.2308435999985,3000,0,0,0.0,0.0,0.0,0.0,0.0,0.0,186.23084359999848,31039.642189999995,32106.2308436,-1066.5886536000035,283.41134639999655,-1066.5886536000035
2022-03-23,469.642189999995,1536.2308435999985,3000,0,0,0.0,0.0,0.0,0.0,0.0,0.0,186.23084359999848,31639.642189999995,32706.2308436,-1066.5886536000035,283.41134639999655,-1066.5886536000035
2022-03-24,469.642189999995,1536.2308435999985,3000,0,0,0.0,0.0,0.0,0.0,0.0,0.0,186.23084359999848,31639.642189999995,32706.2308436,-1066.5886536000035,283.41134639999655,-1066.5886536000035
2022-03-25,469.642189999995,1536.2308435999985,3000,0,0,0.0,0.0,0.0,0.0,0.0,0.0,186.23084359999848,31129.64219,32196.230843600002,-1066.5886536000035,283.41134639999655,-1066.5886536000035
2022-03-28,469.642189999995,1536.2308435999985,3000,0,0,0.0,0.0,0.0,0.0,0.0,0.0,186.23084359999848,31189.642189999995,32256.2308436,-1066.5886536000035,283.41134639999655,-1066.5886536000035
2022-03-29,469.642189999995,1536.2308435999985,3000,0,0,0.0,0.0,0.0,0.0,0.0,0.0,186.23084359999848,30709.642189999995,31776.2308436,-1066.5886536000035,283.41134639999655,-1066.5886536000035
2022-03-30,469.642189999995,1536.2308435999985,3000,0,0,0.0,0.0,0.0,0.0,0.0,0.0,186.23084359999848,31069.64218999999,32136.230843599995,-1066.5886536000035,283.41134639999655,-1066.5886536000035
2022-03-31,469.642189999995,1536.2308435999985,3000,0,0,0.0,0.0,0.0,0.0,0.0,0.0,186.23084359999848,30919.642189999995,31986.2308436,-1066.5886536000035,283.41134639999655,-1066.5886536000035
2022-04-01,469.642189999995,1536.2308435999985,3000,0,0,0.0,0.0,0.0,0.0,0.0,0.0,186.23084359999848,31009.642189999995,32076.2308436,-1066.5886536000035,283.41134639999655,-1066.5886536000035
2022-04-06,469.642189999995,1536.2308435999985,3000,0,0,0.0,0.0,0.0,0.0,0.0,0.0,186.23084359999848,31069.64218999999,32136.230843599995,-1066.5886536000035,283.41134639999655,-1066.5886536000035
2022-04-07,469.642189999995,1536.2308435999985,3000,0,0,0.0,0.0,0.0,0.0,0.0,0.0,186.23084359999848,30649.642189999995,31716.2308436,-1066.5886536000035,283.41134639999655,-1066.5886536000035
2022-04-08,469.642189999995,1536.2308435999985,3000,0,0,0.0,0.0,0.0,0.0,0.0,0.0,186.23084359999848,30919.642189999995,31986.2308436,-1066.5886536000035,283.41134639999655,-1066.5886536000035
2022-04-11,469.642189999995,1536.2308435999985,3000,0,0,0.0,0.0,0.0,0.0,0.0,0.0,186.23084359999848,30259.642189999995,31326.2308436,-1066.5886536000035,283.41134639999655,-1066.5886536000035
2022-04-12,469.642189999995,1536.2308435999985,3000,0,0,0.0,0.0,0.0,0.0,0.0,0.0,186.23084359999848,30589.64218999999,31656.230843599995,-1066.5886536000035,283.41134639999655,-1066.5886536000035
2022-04-13,469.642189999995,1536.2308435999985,3000,0,0,0.0,0.0,0.0,0.0,0.0,0.0,186.23084359999848,30469.642189999995,31536.2308436,-1066.5886536000035,283.41134639999655,-1066.5886536000035
2022-04-14,469.642189999995,1536.2308435999985,3000,0,0,0.0,0.0,0.0,0.0,0.0,0.0,186.23084359999848,30769.642189999995,31836.2308436,-1066.5886536000035,283.41134639999655,-1066.5886536000035
2022-04-15,469.642189999995,1536.2308435999985,3000,0,0,0.0,0.0,0.0,0.0,0.0,0.0,186.23084359999848,30589.64218999999,31656.230843599995,-1066.5886536000035,283.41134639999655,-1066.5886536000035
2022-04-18,469.642189999995,1536.2308435999985,3000,0,0,0.0,0.0,0.0,0.0,0.0,0.0,186.23084359999848,30409.642189999995,31476.2308436,-1066.5886536000035,283.41134639999655,-1066.5886536000035
2022-04-19,469.642189999995,1536.2308435999985,3000,0,0,0.0,0.0,0.0,0.0,0.0,0.0,186.23084359999848,30139.642189999995,31206.2308436,-1066.5886536000035,283.41134639999655,-1066.5886536000035
2022-04-20,10284.915283999995,1536.2308435999985,2000,0,0,0.0,15.026906,0.0,0.0,0.0,0.0,186.23084359999848,29984.915283999995,31086.2308436,-1101.3155596000033,10098.684440399997,8748.684440399997
2022-04-21,359.9168879999961,1536.2308435999985,3000,0,0,0.0,5.198396,0.0,0.0,0.0,0.0,186.23084359999848,29699.916887999992,30876.230843599995,-1176.3139556000024,173.68604439999763,-1176.3139556000024
2022-04-22,359.9168879999961,1536.2308435999985,3000,0,0,0.0,0.0,0.0,0.0,0.0,0.0,186.23084359999848,29519.916888,30696.230843600002,-1176.3139556000024,173.68604439999763,-1176.3139556000024
2022-04-25,359.9168879999961,1536.2308435999985,3000,0,0,0.0,0.0,0.0,0.0,0.0,0.0,186.23084359999848,27689.916887999996,28866.2308436,-1176.3139556000024,173.68604439999763,-1176.3139556000024
2022-04-26,359.9168879999961,1536.2308435999985,3000,0,0,0.0,0.0,0.0,0.0,0.0,0.0,186.23084359999848,27929.916887999996,29106.2308436,-1176.3139556000024,173.68604439999763,-1176.3139556000024
2022-04-27,359.9168879999961,1536.2308435999985,3000,0,0,0.0,0.0,0.0,0.0,0.0,0.0,186.23084359999848,28469.916887999992,29646.230843599995,-1176.3139556000024,173.68604439999763,-1176.3139556000024
2022-04-28,359.9168879999961,1536.2308435999985,3000,0,0,0.0,0.0,0.0,0.0,0.0,0.0,186.23084359999848,28619.916887999996,29796.2308436,-1176.3139556000024,173.68604439999763,-1176.3139556000024
2022-04-29,359.9168879999961,1536.2308435999985,3000,0,0,0.0,0.0,0.0,0.0,0.0,0.0,186.23084359999848,28919.916887999996,30096.2308436,-1176.3139556000024,173.68604439999763,-1176.3139556000024
2022-05-05,359.9168879999961,1536.2308435999985,3000,0,0,0.0,0.0,0.0,0.0,0.0,0.0,186.23084359999848,29159.916887999996,30336.2308436,-1176.3139556000024,173.68604439999763,-1176.3139556000024
2022-05-06,359.9168879999961,1536.2308435999985,3000,0,0,0.0,0.0,0.0,0.0,0.0,0.0,186.23084359999848,27929.916887999996,29106.2308436,-1176.3139556000024,173.68604439999763,-1176.3139556000024
2022-05-09,359.9168879999961,1536.2308435999985,3000,0,0,0.0,0.0,0.0,0.0,0.0,0.0,186.23084359999848,27989.916888,29166.230843600002,-1176.3139556000024,173.68604439999763,-1176.3139556000024
2022-05-10,359.9168879999961,1536.2308435999985,3000,0,0,0.0,0.0,0.0,0.0,0.0,0.0,186.23084359999848,28379.916887999996,29556.2308436,-1176.3139556000024,173.68604439999763,-1176.3139556000024
2022-05-11,359.9168879999961,1536.2308435999985,3000,0,0,0.0,0.0,0.0,0.0,0.0,0.0,186.23084359999848,28529.916887999996,29706.2308436,-1176.3139556000024,173.68604439999763,-1176.3139556000024
2022-05-12,359.9168879999961,1536.2308435999985,3000,0,0,0.0,0.0,0.0,0.0,0.0,0.0,186.23084359999848,28499.916888,29676.230843600002,-1176.3139556000024,173.68604439999763,-1176.3139556000024
2022-05-13,359.9168879999961,1536.2308435999985,3000,0,0,0.0,0.0,0.0,0.0,0.0,0.0,186.23084359999848,28499.916888,29676.230843600002,-1176.3139556000024,173.68604439999763,-1176.3139556000024
2022-05-16,359.9168879999961,1536.2308435999985,3000,0,0,0.0,0.0,0.0,0.0,0.0,0.0,186.23084359999848,28259.916888,29436.230843600002,-1176.3139556000024,173.68604439999763,-1176.3139556000024
2022-05-17,359.9168879999961,1536.2308435999985,3000,0,0,0.0,0.0,0.0,0.0,0.0,0.0,186.23084359999848,28529.916887999996,29706.2308436,-1176.3139556000024,173.68604439999763,-1176.3139556000024
2022-05-18,359.9168879999961,1536.2308435999985,3000,0,0,0.0,0.0,0.0,0.0,0.0,0.0,186.23084359999848,28619.916887999996,29796.2308436,-1176.3139556000024,173.68604439999763,-1176.3139556000024
2022-05-19,359.9168879999961,1536.2308435999985,3000,0,0,0.0,0.0,0.0,0.0,0.0,0.0,186.23084359999848,28409.916887999996,29586.2308436,-1176.3139556000024,173.68604439999763,-1176.3139556000024
2022-05-20,359.9168879999961,1536.2308435999985,3000,0,0,0.0,0.0,0.0,0.0,0.0,0.0,186.23084359999848,28739.916888,29916.230843600002,-1176.3139556000024,173.68604439999763,-1176.3139556000024
2022-05-23,359.9168879999961,1536.2308435999985,3000,0,0,0.0,0.0,0.0,0.0,0.0,0.0,186.23084359999848,28649.916887999996,29826.2308436,-1176.3139556000024,173.68604439999763,-1176.3139556000024
2022-05-24,359.9168879999961,1536.2308435999985,3000,0,0,0.0,0.0,0.0,0.0,0.0,0.0,186.23084359999848,27659.916887999996,28836.2308436,-1176.3139556000024,173.68604439999763,-1176.3139556000024
2022-05-25,359.9168879999961,1536.2308435999985,3000,0,0,0.0,0.0,0.0,0.0,0.0,0.0,186.23084359999848,27779.916887999996,28956.2308436,-1176.3139556000024,173.68604439999763,-1176.3139556000024
2022-05-26,359.9168879999961,1536.2308435999985,3000,0,0,0.0,0.0,0.0,0.0,0.0,0.0,186.23084359999848,28019.916888,29196.230843600002,-1176.3139556000024,173.68604439999763,-1176.3139556000024
2022-05-27,359.9168879999961,1536.2308435999985,3000,0,0,0.0,0.0,0.0,0.0,0.0,0.0,186.23084359999848,28079.916887999996,29256.2308436,-1176.3139556000024,173.68604439999763,-1176.3139556000024
2022-05-30,359.9168879999961,1536.2308435999985,3000,0,0,0.0,0.0,0.0,0.0,0.0,0.0,186.23084359999848,27869.916887999996,29046.2308436,-1176.3139556000024,173.68604439999763,-1176.3139556000024
2022-05-31,359.9168879999961,1536.2308435999985,3000,0,0,0.0,0.0,0.0,0.0,0.0,0.0,186.23084359999848,28589.916887999996,29766.2308436,-1176.3139556000024,173.68604439999763,-1176.3139556000024
2022-06-01,359.9168879999961,1536.2308435999985,3000,0,0,0.0,0.0,0.0,0.0,0.0,0.0,186.23084359999848,28469.916887999992,29646.230843599995,-1176.3139556000024,173.68604439999763,-1176.3139556000024
2022-06-02,359.9168879999961,1536.2308435999985,3000,0,0,0.0,0.0,0.0,0.0,0.0,0.0,186.23084359999848,28559.916887999996,29736.2308436,-1176.3139556000024,173.68604439999763,-1176.3139556000024
2022-06-06,359.9168879999961,1536.2308435999985,3000,0,0,0.0,0.0,0.0,0.0,0.0,0.0,186.23084359999848,28649.916887999996,29826.2308436,-1176.3139556000024,173.68604439999763,-1176.3139556000024
2022-06-07,359.9168879999961,1536.2308435999985,3000,0,0,0.0,0.0,0.0,0.0,0.0,0.0,186.23084359999848,28649.916887999996,29826.2308436,-1176.3139556000024,173.68604439999763,-1176.3139556000024
2022-06-08,359.9168879999961,1536.2308435999985,3000,0,0,0.0,0.0,0.0,0.0,0.0,0.0,186.23084359999848,28619.916887999996,29796.2308436,-1176.3139556000024,173.68604439999763,-1176.3139556000024
2022-06-09,359.9168879999961,1536.2308435999985,3000,0,0,0.0,0.0,0.0,0.0,0.0,0.0,186.23084359999848,28349.916887999996,29526.2308436,-1176.3139556000024,173.68604439999763,-1176.3139556000024
2022-06-10,359.9168879999961,1536.2308435999985,3000,0,0,0.0,0.0,0.0,0.0,0.0,0.0,186.23084359999848,29159.916887999996,30336.2308436,-1176.3139556000024,173.68604439999763,-1176.3139556000024
2022-06-13,359.9168879999961,1536.2308435999985,3000,0,0,0.0,0.0,0.0,0.0,0.0,0.0,186.23084359999848,28529.916887999996,29706.2308436,-1176.3139556000024,173.68604439999763,-1176.3139556000024
2022-06-14,359.9168879999961,1536.2308435999985,3000,0,0,0.0,0.0,0.0,0.0,0.0,0.0,186.23084359999848,28499.916888,29676.230843600002,-1176.3139556000024,173.68604439999763,-1176.3139556000024
2022-06-15,359.9168879999961,1536.2308435999985,3000,0,0,0.0,0.0,0.0,0.0,0.0,0.0,186.23084359999848,29279.916887999996,30456.2308436,-1176.3139556000024,173.68604439999763,-1176.3139556000024
2022-06-16,359.9168879999961,1536.2308435999985,3000,0,0,0.0,0.0,0.0,0.0,0.0,0.0,186.23084359999848,29099.916887999996,30276.2308436,-1176.3139556000024,173.68604439999763,-1176.3139556000024
2022-06-17,359.9168879999961,1536.2308435999985,3000,0,0,0.0,0.0,0.0,0.0,0.0,0.0,186.23084359999848,29429.916887999996,30606.2308436,-1176.3139556000024,173.68604439999763,-1176.3139556000024
2022-06-20,359.9168879999961,1536.2308435999985,3000,0,0,0.0,0.0,0.0,0.0,0.0,0.0,186.23084359999848,29429.916887999996,30606.2308436,-1176.3139556000024,173.68604439999763,-1176.3139556000024
2022-06-21,359.9168879999961,1536.2308435999985,3000,0,0,0.0,0.0,0.0,0.0,0.0,0.0,186.23084359999848,29519.916888,30696.230843600002,-1176.3139556000024,173.68604439999763,-1176.3139556000024
2022-06-22,359.9168879999961,1536.2308435999985,3000,0,0,0.0,0.0,0.0,0.0,0.0,0.0,186.23084359999848,29009.916888,30186.230843600002,-1176.3139556000024,173.68604439999763,-1176.3139556000024
2022-06-23,359.9168879999961,1536.2308435999985,3000,0,0,0.0,0.0,0.0,0.0,0.0,0.0,186.23084359999848,29369.916887999996,30546.2308436,-1176.3139556000024,173.68604439999763,-1176.3139556000024
2022-06-24,359.9168879999961,1536.2308435999985,3000,0,0,0.0,0.0,0.0,0.0,0.0,0.0,186.23084359999848,29609.916887999996,30786.2308436,-1176.3139556000024,173.68604439999763,-1176.3139556000024
2022-06-27,359.9168879999961,1536.2308435999985,3000,0,0,0.0,0.0,0.0,0.0,0.0,0.0,186.23084359999848,29669.916887999996,30846.2308436,-1176.3139556000024,173.68604439999763,-1176.3139556000024
2022-06-28,359.9168879999961,1536.2308435999985,3000,0,0,0.0,0.0,0.0,0.0,0.0,0.0,186.23084359999848,30059.916887999996,31236.2308436,-1176.3139556000024,173.68604439999763,-1176.3139556000024
2022-06-29,359.9168879999961,1536.2308435999985,3000,0,0,0.0,0.0,0.0,0.0,0.0,0.0,186.23084359999848,29879.916887999996,31056.2308436,-1176.3139556000024,173.68604439999763,-1176.3139556000024
2022-06-30,359.9168879999961,1536.2308435999985,3000,0,0,0.0,0.0,0.0,0.0,0.0,0.0,186.23084359999848,29879.916887999996,31056.2308436,-1176.3139556000024,173.68604439999763,-1176.3139556000024
2022-07-01,359.9168879999961,1536.2308435999985,3000,0,0,0.0,0.0,0.0,0.0,0.0,0.0,186.23084359999848,29699.916887999992,30876.230843599995,-1176.3139556000024,173.68604439999763,-1176.3139556000024
2022-07-04,359.9168879999961,1536.2308435999985,3000,0,0,0.0,0.0,0.0,0.0,0.0,0.0,186.23084359999848,29639.916887999996,30816.2308436,-1176.3139556000024,173.68604439999763,-1176.3139556000024
2022-07-05,359.9168879999961,1536.2308435999985,3000,0,0,0.0,0.0,0.0,0.0,0.0,0.0,186.23084359999848,29429.916887999996,30606.2308436,-1176.3139556000024,173.68604439999763,-1176.3139556000024
2022-07-06,359.9168879999961,1536.2308435999985,3000,0,0,0.0,0.0,0.0,0.0,0.0,0.0,186.23084359999848,29189.916887999996,30366.2308436,-1176.3139556000024,173.68604439999763,-1176.3139556000024
2022-07-07,359.9168879999961,1536.2308435999985,3000,0,0,0.0,0.0,0.0,0.0,0.0,0.0,186.23084359999848,29129.916887999996,30306.2308436,-1176.3139556000024,173.68604439999763,-1176.3139556000024
2022-07-08,359.9168879999961,1536.2308435999985,3000,0,0,0.0,0.0,0.0,0.0,0.0,0.0,186.23084359999848,29579.916887999996,30756.2308436,-1176.3139556000024,173.68604439999763,-1176.3139556000024
2022-07-11,359.9168879999961,1536.2308435999985,3000,0,0,0.0,0.0,0.0,0.0,0.0,0.0,186.23084359999848,29279.916887999996,30456.2308436,-1176.3139556000024,173.68604439999763,-1176.3139556000024
2022-07-12,359.9168879999961,1536.2308435999985,3000,0,0,0.0,0.0,0.0,0.0,0.0,0.0,186.23084359999848,29249.916888,30426.230843600002,-1176.3139556000024,173.68604439999763,-1176.3139556000024
2022-07-13,359.9168879999961,1536.2308435999985,3000,0,0,0.0,0.0,0.0,0.0,0.0,0.0,186.23084359999848,29279.916887999996,30456.2308436,-1176.3139556000024,173.68604439999763,-1176.3139556000024
2022-07-14,359.9168879999961,1536.2308435999985,3000,0,0,0.0,0.0,0.0,0.0,0.0,0.0,186.23084359999848,29009.916888,30186.230843600002,-1176.3139556000024,173.68604439999763,-1176.3139556000024
2022-07-15,359.9168879999961,1536.2308435999985,3000,0,0,0.0,0.0,0.0,0.0,0.0,0.0,186.23084359999848,28409.916887999996,29586.2308436,-1176.3139556000024,173.68604439999763,-1176.3139556000024
2022-07-18,359.9168879999961,1536.2308435999985,3000,0,0,0.0,0.0,0.0,0.0,0.0,0.0,186.23084359999848,29369.916887999996,30546.2308436,-1176.3139556000024,173.68604439999763,-1176.3139556000024
2022-07-19,359.9168879999961,1536.2308435999985,3000,0,0,0.0,0.0,0.0,0.0,0.0,0.0,186.23084359999848,29759.916888,30936.230843600002,-1176.3139556000024,173.68604439999763,-1176.3139556000024
2022-07-20,359.9168879999961,1536.2308435999985,3000,0,0,0.0,0.0,0.0,0.0,0.0,0.0,186.23084359999848,30179.916887999996,31356.2308436,-1176.3139556000024,173.68604439999763,-1176.3139556000024
2022-07-21,359.9168879999961,1536.2308435999985,3000,0,0,0.0,0.0,0.0,0.0,0.0,0.0,186.23084359999848,30569.916887999996,31746.2308436,-1176.3139556000024,173.68604439999763,-1176.3139556000024
2022-07-22,359.9168879999961,1536.2308435999985,3000,0,0,0.0,0.0,0.0,0.0,0.0,0.0,186.23084359999848,30359.916887999996,31536.2308436,-1176.3139556000024,173.68604439999763,-1176.3139556000024
2022-07-25,359.9168879999961,1536.2308435999985,3000,0,0,0.0,0.0,0.0,0.0,0.0,0.0,186.23084359999848,30209.916887999992,31386.230843599995,-1176.3139556000024,173.68604439999763,-1176.3139556000024
2022-07-26,359.9168879999961,1536.2308435999985,3000,0,0,0.0,0.0,0.0,0.0,0.0,0.0,186.23084359999848,30359.916887999996,31536.2308436,-1176.3139556000024,173.68604439999763,-1176.3139556000024
2022-07-27,359.9168879999961,1536.2308435999985,3000,0,0,0.0,0.0,0.0,0.0,0.0,0.0,186.23084359999848,30179.916887999996,31356.2308436,-1176.3139556000024,173.68604439999763,-1176.3139556000024
2022-07-28,359.9168879999961,1536.2308435999985,3000,0,0,0.0,0.0,0.0,0.0,0.0,0.0,186.23084359999848,30689.916887999996,31866.2308436,-1176.3139556000024,173.68604439999763,-1176.3139556000024
2022-07-29,359.9168879999961,1536.2308435999985,3000,0,0,0.0,0.0,0.0,0.0,0.0,0.0,186.23084359999848,30509.916888,31686.230843600002,-1176.3139556000024,173.68604439999763,-1176.3139556000024
2022-08-01,359.9168879999961,1536.2308435999985,3000,0,0,0.0,0.0,0.0,0.0,0.0,0.0,186.23084359999848,30539.916887999996,31716.2308436,-1176.3139556000024,173.68604439999763,-1176.3139556000024
2022-08-02,359.9168879999961,1536.2308435999985,3000,0,0,0.0,0.0,0.0,0.0,0.0,0.0,186.23084359999848,30089.916887999996,31266.2308436,-1176.3139556000024,173.68604439999763,-1176.3139556000024
2022-08-03,359.9168879999961,1536.2308435999985,3000,0,0,0.0,0.0,0.0,0.0,0.0,0.0,186.23084359999848,29519.916888,30696.230843600002,-1176.3139556000024,173.68604439999763,-1176.3139556000024
2022-08-04,359.9168879999961,1536.2308435999985,3000,0,0,0.0,0.0,0.0,0.0,0.0,0.0,186.23084359999848,30029.916887999996,31206.2308436,-1176.3139556000024,173.68604439999763,-1176.3139556000024
2022-08-05,1859.916887999996,3036.2308435999985,3000,0,0,150.0,0.0,0.0,1500.0,1500.0,0.0,186.23084359999848,30479.916887999996,31806.2308436,-1326.3139556000024,1673.6860443999976,-1176.3139556000024
2022-08-08,1859.916887999996,3036.2308435999985,3000,0,0,150.0,0.0,0.0,0.0,0.0,0.0,186.23084359999848,30569.916887999992,31896.230843599995,-1326.3139556000024,1673.6860443999976,-1176.3139556000024
2022-08-09,1859.916887999996,3036.2308435999985,3000,0,0,150.0,0.0,0.0,0.0,0.0,0.0,186.23084359999848,30779.916887999996,32106.2308436,-1326.3139556000024,1673.6860443999976,-1176.3139556000024
2022-08-10,1859.916887999996,3036.2308435999985,3000,0,0,150.0,0.0,0.0,0.0,0.0,0.0,186.23084359999848,30419.916887999996,31746.2308436,-1326.3139556000024,1673.6860443999976,-1176.3139556000024
2022-08-11,1859.916887999996,3036.2308435999985,3000,0,0,150.0,0.0,0.0,0.0,0.0,0.0,186.23084359999848,31139.916887999996,32466.2308436,-1326.3139556000024,1673.6860443999976,-1176.3139556000024
2022-08-12,1859.916887999996,3036.2308435999985,3000,0,0,150.0,0.0,0.0,0.0,0.0,0.0,186.23084359999848,30719.916887999996,32046.2308436,-1326.3139556000024,1673.6860443999976,-1176.3139556000024
2022-08-15,1859.916887999996,3036.2308435999985,3000,0,0,150.0,0.0,0.0,0.0,0.0,0.0,186.23084359999848,30389.916887999996,31716.2308436,-1326.3139556000024,1673.6860443999976,-1176.3139556000024
2022-08-16,1859.916887999996,3036.2308435999985,3000,0,0,150.0,0.0,0.0,0.0,0.0,0.0,186.23084359999848,30149.916887999996,31476.2308436,-1326.3139556000024,1673.6860443999976,-1176.3139556000024
2022-08-17,1859.916887999996,3036.2308435999985,3000,0,0,150.0,0.0,0.0,0.0,0.0,0.0,186.23084359999848,30659.916887999996,31986.2308436,-1326.3139556000024,1673.6860443999976,-1176.3139556000024
2022-08-18,1859.916887999996,3036.2308435999985,3000,0,0,150.0,0.0,0.0,0.0,0.0,0.0,186.23084359999848,30539.916887999996,31866.2308436,-1326.3139556000024,1673.6860443999976,-1176.3139556000024
2022-08-19,1859.916887999996,3036.2308435999985,3000,0,0,150.0,0.0,0.0,0.0,0.0,0.0,186.23084359999848,30269.916887999996,31596.2308436,-1326.3139556000024,1673.6860443999976,-1176.3139556000024
2022-08-22,1859.916887999996,3036.2308435999985,3000,0,0,150.0,0.0,0.0,0.0,0.0,0.0,186.23084359999848,30269.916887999996,31596.2308436,-1326.3139556000024,1673.6860443999976,-1176.3139556000024
2022-08-23,1859.916887999996,3036.2308435999985,3000,0,0,150.0,0.0,0.0,0.0,0.0,0.0,186.23084359999848,30029.916887999996,31356.2308436,-1326.3139556000024,1673.6860443999976,-1176.3139556000024
2022-08-24,1859.916887999996,3036.2308435999985,3000,0,0,150.0,0.0,0.0,0.0,0.0,0.0,186.23084359999848,29819.916887999992,31146.230843599995,-1326.3139556000024,1673.6860443999976,-1176.3139556000024
2022-08-25,1859.916887999996,3036.2308435999985,3000,0,0,150.0,0.0,0.0,0.0,0.0,0.0,186.23084359999848,29639.916887999996,30966.2308436,-1326.3139556000024,1673.6860443999976,-1176.3139556000024
2022-08-26,1859.916887999996,3036.2308435999985,3000,0,0,150.0,0.0,0.0,0.0,0.0,0.0,186.23084359999848,29789.916887999996,31116.2308436,-1326.3139556000024,1673.6860443999976,-1176.3139556000024
2022-08-29,1859.916887999996,3036.2308435999985,3000,0,0,150.0,0.0,0.0,0.0,0.0,0.0,186.23084359999848,29429.916887999996,30756.2308436,-1326.3139556000024,1673.6860443999976,-1176.3139556000024
2022-08-30,1859.916887999996,3036.2308435999985,3000,0,0,150.0,0.0,0.0,0.0,0.0,0.0,186.23084359999848,29309.916887999992,30636.230843599995,-1326.3139556000024,1673.6860443999976,-1176.3139556000024
2022-08-31,1859.916887999996,3036.2308435999985,3000,0,0,150.0,0.0,0.0,0.0,0.0,0.0,186.23084359999848,29579.916887999992,30906.230843599995,-1326.3139556000024,1673.6860443999976,-1176.3139556000024
2022-09-01,1859.916887999996,3036.2308435999985,3000,0,0,150.0,0.0,0.0,0.0,0.0,0.0,186.23084359999848,29369.916888,30696.230843600002,-1326.3139556000024,1673.6860443999976,-1176.3139556000024
2022-09-02,1859.916887999996,3036.2308435999985,3000,0,0,150.0,0.0,0.0,0.0,0.0,0.0,186.23084359999848,29639.916887999996,30966.2308436,-1326.3139556000024,1673.6860443999976,-1176.3139556000024
2022-09-05,1859.916887999996,3036.2308435999985,3000,0,0,150.0,0.0,0.0,0.0,0.0,0.0,186.23084359999848,29699.916887999996,31026.2308436,-1326.3139556000024,1673.6860443999976,-1176.3139556000024
2022-09-06,1859.916887999996,3036.2308435999985,3000,0,0,150.0,0.0,0.0,0.0,0.0,0.0,186.23084359999848,30029.916887999996,31356.2308436,-1326.3139556000024,1673.6860443999976,-1176.3139556000024
2022-09-07,1859.916887999996,3036.2308435999985,3000,0,0,150.0,0.0,0.0,0.0,0.0,0.0,186.23084359999848,29879.916887999996,31206.2308436,-1326.3139556000024,1673.6860443999976,-1176.3139556000024
2022-09-08,1859.916887999996,3036.2308435999985,3000,0,0,150.0,0.0,0.0,0.0,0.0,0.0,186.23084359999848,30029.916887999996,31356.2308436,-1326.3139556000024,1673.6860443999976,-1176.3139556000024
2022-09-09,1859.916887999996,3036.2308435999985,3000,0,0,150.0,0.0,0.0,0.0,0.0,0.0,186.23084359999848,30119.916888,31446.230843600002,-1326.3139556000024,1673.6860443999976,-1176.3139556000024
2022-09-13,1859.916887999996,3036.2308435999985,3000,0,0,150.0,0.0,0.0,0.0,0.0,0.0,186.23084359999848,30179.916887999996,31506.2308436,-1326.3139556000024,1673.6860443999976,-1176.3139556000024
2022-09-14,1859.916887999996,3036.2308435999985,3000,0,0,150.0,0.0,0.0,0.0,0.0,0.0,186.23084359999848,29849.916888,31176.230843600002,-1326.3139556000024,1673.6860443999976,-1176.3139556000024
2022-09-15,1859.916887999996,3036.2308435999985,3000,0,0,150.0,0.0,0.0,0.0,0.0,0.0,186.23084359999848,29849.916888,31176.230843600002,-1326.3139556000024,1673.6860443999976,-1176.3139556000024
2022-09-16,1859.916887999996,3036.2308435999985,3000,0,0,150.0,0.0,0.0,0.0,0.0,0.0,186.23084359999848,29069.916887999992,30396.230843599995,-1326.3139556000024,1673.6860443999976,-1176.3139556000024
2022-09-19,10668.175945799996,3036.2308435999985,2000,0,0,100.0,13.9609422,50.0,0.0,0.0,0.0,186.23084359999848,28348.175945799994,29706.2308436,-1358.0548978000043,10481.945102199998,7631.945102199998
2022-09-20,10393.976922399997,3036.2308435999985,2000,0,0,50.0,18.8990234,50.0,0.0,0.0,0.0,186.23084359999848,27823.976922399997,29256.2308436,-1432.253921200001,10207.746078799999,7357.746078799999
2022-09-21,1761.670650199998,3036.2308435999985,3000,0,0,50.0,5.0862722,0.0,0.0,0.0,0.0,186.23084359999848,27961.670650199998,29286.2308436,-1324.5601934000006,1575.4398065999994,-1274.5601934000006
2022-09-22,10360.561383799997,3036.2308435999985,2000,0,0,0.0,13.7492664,50.0,0.0,0.0,0.0,186.23084359999848,27720.5613838,29076.2308436,-1355.6694597999995,10174.330540199999,7324.330540199999
2022-09-23,1638.0742097999973,3036.2308435999985,3000,0,0,0.0,5.087174,0.0,0.0,0.0,0.0,186.23084359999848,27708.074209799997,29106.2308436,-1398.1566338000011,1451.8433661999989,-1398.1566338000011
2022-09-26,1638.0742097999973,3036.2308435999985,3000,0,0,0.0,0.0,0.0,0.0,0.0,0.0,186.23084359999848,27288.0742098,28686.230843600002,-1398.1566338000011,1451.8433661999989,-1398.1566338000011
2022-09-27,1638.0742097999973,3036.2308435999985,3000,0,0,0.0,0.0,0.0,0.0,0.0,0.0,186.23084359999848,27588.074209799997,28986.2308436,-1398.1566338000011,1451.8433661999989,-1398.1566338000011
2022-09-28,1638.0742097999973,3036.2308435999985,3000,0,0,0.0,0.0,0.0,0.0,0.0,0.0,186.23084359999848,27318.074209799997,28716.2308436,-1398.1566338000011,1451.8433661999989,-1398.1566338000011
2022-09-29,1638.0742097999973,3036.2308435999985,3000,0,0,0.0,0.0,0.0,0.0,0.0,0.0,186.23084359999848,26778.0742098,28176.230843600002,-1398.1566338000011,1451.8433661999989,-1398.1566338000011
2022-09-30,1638.0742097999973,3036.2308435999985,3000,0,0,0.0,0.0,0.0,0.0,0.0,0.0,186.23084359999848,27198.074209799997,28596.2308436,-1398.1566338000011,1451.8433661999989,-1398.1566338000011
2022-10-10,1638.0742097999973,3036.2308435999985,3000,0,0,0.0,0.0,0.0,0.0,0.0,0.0,186.23084359999848,26118.074209799997,27516.2308436,-1398.1566338000011,1451.8433661999989,-1398.1566338000011
2022-10-11,1638.0742097999973,3036.2308435999985,3000,0,0,0.0,0.0,0.0,0.0,0.0,0.0,186.23084359999848,26178.074209799997,27576.2308436,-1398.1566338000011,1451.8433661999989,-1398.1566338000011
2022-10-12,1638.0742097999973,3036.2308435999985,3000,0,0,0.0,0.0,0.0,0.0,0.0,0.0,186.23084359999848,26568.074209799997,27966.2308436,-1398.1566338000011,1451.8433661999989,-1398.1566338000011
2022-10-13,1638.0742097999973,3036.2308435999985,3000,0,0,0.0,0.0,0.0,0.0,0.0,0.0,186.23084359999848,26688.074209799997,28086.2308436,-1398.1566338000011,1451.8433661999989,-1398.1566338000011
2022-10-14,1638.0742097999973,3036.2308435999985,3000,0,0,0.0,0.0,0.0,0.0,0.0,0.0,186.23084359999848,26958.074209799997,28356.2308436,-1398.1566338000011,1451.8433661999989,-1398.1566338000011
2022-10-17,1638.0742097999973,3036.2308435999985,3000,0,0,0.0,0.0,0.0,0.0,0.0,0.0,186.23084359999848,27198.074209799997,28596.2308436,-1398.1566338000011,1451.8433661999989,-1398.1566338000011
2022-10-18,1638.0742097999973,3036.2308435999985,3000,0,0,0.0,0.0,0.0,0.0,0.0,0.0,186.23084359999848,27138.074209799997,28536.2308436,-1398.1566338000011,1451.8433661999989,-1398.1566338000011
2022-10-19,1638.0742097999973,3036.2308435999985,3000,0,0,0.0,0.0,0.0,0.0,0.0,0.0,186.23084359999848,26838.074209799997,28236.2308436,-1398.1566338000011,1451.8433661999989,-1398.1566338000011
2022-10-20,1638.0742097999973,3036.2308435999985,3000,0,0,0.0,0.0,0.0,0.0,0.0,0.0,186.23084359999848,27138.074209799997,28536.2308436,-1398.1566338000011,1451.8433661999989,-1398.1566338000011
2022-10-21,1638.0742097999973,3036.2308435999985,3000,0,0,0.0,0.0,0.0,0.0,0.0,0.0,186.23084359999848,27048.0742098,28446.230843600002,-1398.1566338000011,1451.8433661999989,-1398.1566338000011
2022-10-24,1638.0742097999973,3036.2308435999985,3000,0,0,0.0,0.0,0.0,0.0,0.0,0.0,186.23084359999848,26508.074209799994,27906.230843599995,-1398.1566338000011,1451.8433661999989,-1398.1566338000011
2022-10-25,1638.0742097999973,3036.2308435999985,3000,0,0,0.0,0.0,0.0,0.0,0.0,0.0,186.23084359999848,26778.0742098,28176.230843600002,-1398.1566338000011,1451.8433661999989,-1398.1566338000011
2022-10-26,1638.0742097999973,3036.2308435999985,3000,0,0,0.0,0.0,0.0,0.0,0.0,0.0,186.23084359999848,26538.0742098,27936.230843600002,-1398.1566338000011,1451.8433661999989,-1398.1566338000011
2022-10-27,1638.0742097999973,3036.2308435999985,3000,0,0,0.0,0.0,0.0,0.0,0.0,0.0,186.23084359999848,26808.074209799997,28206.2308436,-1398.1566338000011,1451.8433661999989,-1398.1566338000011
2022-10-28,1638.0742097999973,3036.2308435999985,3000,0,0,0.0,0.0,0.0,0.0,0.0,0.0,186.23084359999848,26478.074209799994,27876.230843599995,-1398.1566338000011,1451.8433661999989,-1398.1566338000011
2022-10-31,1638.0742097999973,3036.2308435999985,3000,0,0,0.0,0.0,0.0,0.0,0.0,0.0,186.23084359999848,26238.074209799994,27636.230843599995,-1398.1566338000011,1451.8433661999989,-1398.1566338000011
2022-11-01,1638.0742097999973,3036.2308435999985,3000,0,0,0.0,0.0,0.0,0.0,0.0,0.0,186.23084359999848,27318.074209799997,28716.2308436,-1398.1566338000011,1451.8433661999989,-1398.1566338000011
2022-11-02,1638.0742097999973,3036.2308435999985,3000,0,0,0.0,0.0,0.0,0.0,0.0,0.0,186.23084359999848,27618.074209799997,29016.2308436,-1398.1566338000011,1451.8433661999989,-1398.1566338000011
2022-11-03,1638.0742097999973,3036.2308435999985,3000,0,0,0.0,0.0,0.0,0.0,0.0,0.0,186.23084359999848,27528.0742098,28926.230843600002,-1398.1566338000011,1451.8433661999989,-1398.1566338000011
2022-11-04,1638.0742097999973,3036.2308435999985,3000,0,0,0.0,0.0,0.0,0.0,0.0,0.0,186.23084359999848,27708.074209799997,29106.2308436,-1398.1566338000011,1451.8433661999989,-1398.1566338000011
2022-11-07,1638.0742097999973,3036.2308435999985,3000,0,0,0.0,0.0,0.0,0.0,0.0,0.0,186.23084359999848,27708.074209799997,29106.2308436,-1398.1566338000011,1451.8433661999989,-1398.1566338000011
2022-11-08,1638.0742097999973,3036.2308435999985,3000,0,0,0.0,0.0,0.0,0.0,0.0,0.0,186.23084359999848,27798.0742098,29196.230843600002,-1398.1566338000011,1451.8433661999989,-1398.1566338000011
2022-11-09,1638.0742097999973,3036.2308435999985,3000,0,0,0.0,0.0,0.0,0.0,0.0,0.0,186.23084359999848,27558.074209799997,28956.2308436,-1398.1566338000011,1451.8433661999989,-1398.1566338000011
2022-11-10,1638.0742097999973,3036.2308435999985,3000,0,0,0.0,0.0,0.0,0.0,0.0,0.0,186.23084359999848,27498.074209799994,28896.230843599995,-1398.1566338000011,1451.8433661999989,-1398.1566338000011
2022-11-11,1638.0742097999973,3036.2308435999985,3000,0,0,0.0,0.0,0.0,0.0,0.0,0.0,186.23084359999848,28158.074209799997,29556.2308436,-1398.1566338000011,1451.8433661999989,-1398.1566338000011
2022-11-14,1638.0742097999973,3036.2308435999985,3000,0,0,0.0,0.0,0.0,0.0,0.0,0.0,186.23084359999848,28488.074209799994,29886.230843599995,-1398.1566338000011,1451.8433661999989,-1398.1566338000011
2022-11-15,1638.0742097999973,3036.2308435999985,3000,0,0,0.0,0.0,0.0,0.0,0.0,0.0,186.23084359999848,28788.0742098,30186.230843600002,-1398.1566338000011,1451.8433661999989,-1398.1566338000011
2022-11-16,1638.0742097999973,3036.2308435999985,3000,0,0,0.0,0.0,0.0,0.0,0.0,0.0,186.23084359999848,28608.074209799997,30006.2308436,-1398.1566338000011,1451.8433661999989,-1398.1566338000011
2022-11-17,1638.0742097999973,3036.2308435999985,3000,0,0,0.0,0.0,0.0,0.0,0.0,0.0,186.23084359999848,28668.074209799997,30066.2308436,-1398.1566338000011,1451.8433661999989,-1398.1566338000011
2022-11-18,1638.0742097999973,3036.2308435999985,3000,0,0,0.0,0.0,0.0,0.0,0.0,0.0,186.23084359999848,28488.074209799994,29886.230843599995,-1398.1566338000011,1451.8433661999989,-1398.1566338000011
2022-11-21,1638.0742097999973,3036.2308435999985,3000,0,0,0.0,0.0,0.0,0.0,0.0,0.0,186.23084359999848,28638.074209799997,30036.2308436,-1398.1566338000011,1451.8433661999989,-1398.1566338000011
2022-11-22,1638.0742097999973,3036.2308435999985,3000,0,0,0.0,0.0,0.0,0.0,0.0,0.0,186.23084359999848,28938.074209799997,30336.2308436,-1398.1566338000011,1451.8433661999989,-1398.1566338000011
2022-11-23,1638.0742097999973,3036.2308435999985,3000,0,0,0.0,0.0,0.0,0.0,0.0,0.0,186.23084359999848,28788.0742098,30186.230843600002,-1398.1566338000011,1451.8433661999989,-1398.1566338000011
2022-11-24,1638.0742097999973,3036.2308435999985,3000,0,0,0.0,0.0,0.0,0.0,0.0,0.0,186.23084359999848,28518.0742098,29916.230843600002,-1398.1566338000011,1451.8433661999989,-1398.1566338000011
2022-11-25,1638.0742097999973,3036.2308435999985,3000,0,0,0.0,0.0,0.0,0.0,0.0,0.0,186.23084359999848,28788.0742098,30186.230843600002,-1398.1566338000011,1451.8433661999989,-1398.1566338000011
2022-11-28,1638.0742097999973,3036.2308435999985,3000,0,0,0.0,0.0,0.0,0.0,0.0,0.0,186.23084359999848,27918.074209799997,29316.2308436,-1398.1566338000011,1451.8433661999989,-1398.1566338000011
2022-11-29,1638.0742097999973,3036.2308435999985,3000,0,0,0.0,0.0,0.0,0.0,0.0,0.0,186.23084359999848,28968.074209799997,30366.2308436,-1398.1566338000011,1451.8433661999989,-1398.1566338000011
2022-11-30,1638.0742097999973,3036.2308435999985,3000,0,0,0.0,0.0,0.0,0.0,0.0,0.0,186.23084359999848,29088.074209799997,30486.2308436,-1398.1566338000011,1451.8433661999989,-1398.1566338000011
2022-12-01,1638.0742097999973,3036.2308435999985,3000,0,0,0.0,0.0,0.0,0.0,0.0,0.0,186.23084359999848,29208.074209799997,30606.2308436,-1398.1566338000011,1451.8433661999989,-1398.1566338000011
2022-12-02,1638.0742097999973,3036.2308435999985,3000,0,0,0.0,0.0,0.0,0.0,0.0,0.0,186.23084359999848,29058.074209799997,30456.2308436,-1398.1566338000011,1451.8433661999989,-1398.1566338000011
2022-12-05,1638.0742097999973,3036.2308435999985,3000,0,0,0.0,0.0,0.0,0.0,0.0,0.0,186.23084359999848,29478.074209799994,30876.230843599995,-1398.1566338000011,1451.8433661999989,-1398.1566338000011
2022-12-06,1638.0742097999973,3036.2308435999985,3000,0,0,0.0,0.0,0.0,0.0,0.0,0.0,186.23084359999848,29958.074209799997,31356.2308436,-1398.1566338000011,1451.8433661999989,-1398.1566338000011
2022-12-07,1638.0742097999973,3036.2308435999985,3000,0,0,0.0,0.0,0.0,0.0,0.0,0.0,186.23084359999848,29898.074209799997,31296.2308436,-1398.1566338000011,1451.8433661999989,-1398.1566338000011
2022-12-08,1638.0742097999973,3036.2308435999985,3000,0,0,0.0,0.0,0.0,0.0,0.0,0.0,186.23084359999848,29898.074209799997,31296.2308436,-1398.1566338000011,1451.8433661999989,-1398.1566338000011
2022-12-09,1638.0742097999973,3036.2308435999985,3000,0,0,0.0,0.0,0.0,0.0,0.0,0.0,186.23084359999848,30018.0742098,31416.230843600002,-1398.1566338000011,1451.8433661999989,-1398.1566338000011
2022-12-12,1638.0742097999973,3036.2308435999985,3000,0,0,0.0,0.0,0.0,0.0,0.0,0.0,186.23084359999848,30018.0742098,31416.230843600002,-1398.1566338000011,1451.8433661999989,-1398.1566338000011
2022-12-13,1638.0742097999973,3036.2308435999985,3000,0,0,0.0,0.0,0.0,0.0,0.0,0.0,186.23084359999848,29988.074209799994,31386.230843599995,-1398.1566338000011,1451.8433661999989,-1398.1566338000011
2022-12-14,1638.0742097999973,3036.2308435999985,3000,0,0,0.0,0.0,0.0,0.0,0.0,0.0,186.23084359999848,29898.074209799997,31296.2308436,-1398.1566338000011,1451.8433661999989,-1398.1566338000011
2022-12-15,1638.0742097999973,3036.2308435999985,3000,0,0,0.0,0.0,0.0,0.0,0.0,0.0,186.23084359999848,30018.0742098,31416.230843600002,-1398.1566338000011,1451.8433661999989,-1398.1566338000011
2022-12-16,1638.0742097999973,3036.2308435999985,3000,0,0,0.0,0.0,0.0,0.0,0.0,0.0,186.23084359999848,30138.074209799997,31536.2308436,-1398.1566338000011,1451.8433661999989,-1398.1566338000011
2022-12-19,1638.0742097999973,3036.2308435999985,3000,0,0,0.0,0.0,0.0,0.0,0.0,0.0,186.23084359999848,29748.074209799994,31146.230843599995,-1398.1566338000011,1451.8433661999989,-1398.1566338000011
2022-12-20,1638.0742097999973,3036.2308435999985,3000,0,0,0.0,0.0,0.0,0.0,0.0,0.0,186.23084359999848,29508.074209799994,30906.230843599995,-1398.1566338000011,1451.8433661999989,-1398.1566338000011
2022-12-21,1638.0742097999973,3036.2308435999985,3000,0,0,0.0,0.0,0.0,0.0,0.0,0.0,186.23084359999848,29688.074209799997,31086.2308436,-1398.1566338000011,1451.8433661999989,-1398.1566338000011
2022-12-22,1638.0742097999973,3036.2308435999985,3000,0,0,0.0,0.0,0.0,0.0,0.0,0.0,186.23084359999848,29508.074209799994,30906.230843599995,-1398.1566338000011,1451.8433661999989,-1398.1566338000011
2022-12-23,1638.0742097999973,3036.2308435999985,3000,0,0,0.0,0.0,0.0,0.0,0.0,0.0,186.23084359999848,29178.074209799997,30576.2308436,-1398.1566338000011,1451.8433661999989,-1398.1566338000011
2022-12-26,1638.0742097999973,3036.2308435999985,3000,0,0,0.0,0.0,0.0,0.0,0.0,0.0,186.23084359999848,29118.074209799997,30516.2308436,-1398.1566338000011,1451.8433661999989,-1398.1566338000011
2022-12-27,10815.370713999997,3036.2308435999985,2000,0,0,0.0,14.2834958,0.0,0.0,0.0,0.0,186.23084359999848,29235.370713999997,30666.230843600002,-1430.8601296000052,10629.139870399998,7779.1398703999985
2022-12-28,1491.6775279999965,3036.2308435999985,3000,0,0,0.0,5.093186,0.0,0.0,0.0,0.0,186.23084359999848,29001.677527999997,30546.2308436,-1544.553315600002,1305.446684399998,-1544.553315600002
2022-12-29,1491.6775279999965,3036.2308435999985,3000,0,0,0.0,0.0,0.0,0.0,0.0,0.0,186.23084359999848,28701.677527999997,30246.2308436,-1544.553315600002,1305.446684399998,-1544.553315600002
2022-12-30,1491.6775279999965,3036.2308435999985,3000,0,0,0.0,0.0,0.0,0.0,0.0,0.0,186.23084359999848,29031.677527999997,30576.2308436,-1544.553315600002,1305.446684399998,-1544.553315600002
2023-01-03,1491.6775279999965,3036.2308435999985,3000,0,0,0.0,0.0,0.0,0.0,0.0,0.0,186.23084359999848,29421.677527999997,30966.2308436,-1544.553315600002,1305.446684399998,-1544.553315600002
2023-01-04,1491.6775279999965,3036.2308435999985,3000,0,0,0.0,0.0,0.0,0.0,0.0,0.0,186.23084359999848,29541.677527999997,31086.2308436,-1544.553315600002,1305.446684399998,-1544.553315600002
2023-01-05,1491.6775279999965,3036.2308435999985,3000,0,0,0.0,0.0,0.0,0.0,0.0,0.0,186.23084359999848,29961.677527999997,31506.2308436,-1544.553315600002,1305.446684399998,-1544.553315600002
2023-01-06,1491.6775279999965,3036.2308435999985,3000,0,0,0.0,0.0,0.0,0.0,0.0,0.0,186.23084359999848,29631.677528,31176.230843600002,-1544.553315600002,1305.446684399998,-1544.553315600002
2023-01-09,1491.6775279999965,3036.2308435999985,3000,0,0,0.0,0.0,0.0,0.0,0.0,0.0,186.23084359999848,30021.677527999997,31566.2308436,-1544.553315600002,1305.446684399998,-1544.553315600002
2023-01-10,1491.6775279999965,3036.2308435999985,3000,0,0,0.0,0.0,0.0,0.0,0.0,0.0,186.23084359999848,29691.677527999997,31236.2308436,-1544.553315600002,1305.446684399998,-1544.553315600002
2023-01-11,1491.6775279999965,3036.2308435999985,3000,0,0,0.0,0.0,0.0,0.0,0.0,0.0,186.23084359999848,29571.677527999997,31116.2308436,-1544.553315600002,1305.446684399998,-1544.553315600002
2023-01-12,1491.6775279999965,3036.2308435999985,3000,0,0,0.0,0.0,0.0,0.0,0.0,0.0,186.23084359999848,29451.677527999997,30996.2308436,-1544.553315600002,1305.446684399998,-1544.553315600002
2023-01-13,1491.6775279999965,3036.2308435999985,3000,0,0,0.0,0.0,0.0,0.0,0.0,0.0,186.23084359999848,29781.677527999997,31326.2308436,-1544.553315600002,1305.446684399998,-1544.553315600002
2023-01-16,1491.6775279999965,3036.2308435999985,3000,0,0,0.0,0.0,0.0,0.0,0.0,0.0,186.23084359999848,29991.677527999997,31536.2308436,-1544.553315600002,1305.446684399998,-1544.553315600002
2023-01-17,1491.6775279999965,3036.2308435999985,3000,0,0,0.0,0.0,0.0,0.0,0.0,0.0,186.23084359999848,30051.677527999997,31596.2308436,-1544.553315600002,1305.446684399998,-1544.553315600002
2023-01-18,1491.6775279999965,3036.2308435999985,3000,0,0,0.0,0.0,0.0,0.0,0.0,0.0,186.23084359999848,30081.677527999993,31626.230843599995,-1544.553315600002,1305.446684399998,-1544.553315600002
2023-01-19,1491.6775279999965,3036.2308435999985,3000,0,0,0.0,0.0,0.0,0.0,0.0,0.0,186.23084359999848,30081.677527999993,31626.230843599995,-1544.553315600002,1305.446684399998,-1544.553315600002
2023-01-20,1491.6775279999965,3036.2308435999985,3000,0,0,0.0,0.0,0.0,0.0,0.0,0.0,186.23084359999848,30081.677527999993,31626.230843599995,-1544.553315600002,1305.446684399998,-1544.553315600002
2023-01-30,1491.6775279999965,3036.2308435999985,3000,0,0,0.0,0.0,0.0,0.0,0.0,0.0,186.23084359999848,30411.677527999997,31956.2308436,-1544.553315600002,1305.446684399998,-1544.553315600002
2023-01-31,1491.6775279999965,3036.2308435999985,3000,0,0,0.0,0.0,0.0,0.0,0.0,0.0,186.23084359999848,30021.677527999997,31566.2308436,-1544.553315600002,1305.446684399998,-1544.553315600002
2023-02-01,1491.6775279999965,3036.2308435999985,3000,0,0,0.0,0.0,0.0,0.0,0.0,0.0,186.23084359999848,30231.677527999997,31776.2308436,-1544.553315600002,1305.446684399998,-1544.553315600002
2023-02-02,1491.6775279999965,3036.2308435999985,3000,0,0,0.0,0.0,0.0,0.0,0.0,0.0,186.23084359999848,30141.677528,31686.230843600002,-1544.553315600002,1305.446684399998,-1544.553315600002
2023-02-03,1491.6775279999965,3036.2308435999985,3000,0,0,0.0,0.0,0.0,0.0,0.0,0.0,186.23084359999848,29571.677527999997,31116.2308436,-1544.553315600002,1305.446684399998,-1544.553315600002
2023-02-06,1491.6775279999965,3036.2308435999985,3000,0,0,0.0,0.0,0.0,0.0,0.0,0.0,186.23084359999848,29481.677527999997,31026.2308436,-1544.553315600002,1305.446684399998,-1544.553315600002
2023-02-07,10728.793553399995,3036.2308435999985,2000,0,0,0.0,14.3439746,0.0,0.0,0.0,0.0,186.23084359999848,29268.793553399995,30846.2308436,-1577.4372902000032,10542.562709799997,7692.562709799997
2023-02-08,10592.166071799995,3036.2308435999985,2000,0,0,0.0,19.4274816,0.0,0.0,0.0,0.0,186.23084359999848,29112.166071799995,30816.2308436,-1704.0647718000037,10405.935228199996,7555.935228199996
2023-02-09,1328.5934869999946,3036.2308435999985,3000,0,0,0.0,5.0925848,0.0,0.0,0.0,0.0,186.23084359999848,29678.59348699999,31386.230843599995,-1707.6373566000038,1142.3626433999962,-1707.6373566000038
2023-02-10,1328.5934869999946,3036.2308435999985,3000,0,0,0.0,0.0,0.0,0.0,0.0,0.0,186.23084359999848,30668.59348699999,32376.230843599995,-1707.6373566000038,1142.3626433999962,-1707.6373566000038
2023-02-13,1328.5934869999946,3036.2308435999985,3000,0,0,0.0,0.0,0.0,0.0,0.0,0.0,186.23084359999848,30308.593486999995,32016.2308436,-1707.6373566000038,1142.3626433999962,-1707.6373566000038
2023-02-14,1328.5934869999946,3036.2308435999985,3000,0,0,0.0,0.0,0.0,0.0,0.0,0.0,186.23084359999848,30428.59348699999,32136.230843599995,-1707.6373566000038,1142.3626433999962,-1707.6373566000038
2023-02-15,1328.5934869999946,3036.2308435999985,3000,0,0,0.0,0.0,0.0,0.0,0.0,0.0,186.23084359999848,31478.593487,33186.2308436,-1707.6373566000038,1142.3626433999962,-1707.6373566000038
2023-02-16,1328.5934869999946,3036.2308435999985,3000,0,0,0.0,0.0,0.0,0.0,0.0,0.0,186.23084359999848,30998.593486999995,32706.2308436,-1707.6373566000038,1142.3626433999962,-1707.6373566000038
2023-02-17,1328.5934869999946,3036.2308435999985,3000,0,0,0.0,0.0,0.0,0.0,0.0,0.0,186.23084359999848,30458.593487,32166.230843600002,-1707.6373566000038,1142.3626433999962,-1707.6373566000038
2023-02-20,1328.5934869999946,3036.2308435999985,3000,0,0,0.0,0.0,0.0,0.0,0.0,0.0,186.23084359999848,31058.593486999995,32766.2308436,-1707.6373566000038,1142.3626433999962,-1707.6373566000038
2023-02-21,1328.5934869999946,3036.2308435999985,3000,0,0,0.0,0.0,0.0,0.0,0.0,0.0,186.23084359999848,30968.593487,32676.230843600002,-1707.6373566000038,1142.3626433999962,-1707.6373566000038
2023-02-22,1328.5934869999946,3036.2308435999985,3000,0,0,0.0,0.0,0.0,0.0,0.0,0.0,186.23084359999848,30578.593486999995,32286.2308436,-1707.6373566000038,1142.3626433999962,-1707.6373566000038
2023-02-23,1328.5934869999946,3036.2308435999985,3000,0,0,0.0,0.0,0.0,0.0,0.0,0.0,186.23084359999848,30428.59348699999,32136.230843599995,-1707.6373566000038,1142.3626433999962,-1707.6373566000038
2023-02-24,1328.5934869999946,3036.2308435999985,3000,0,0,0.0,0.0,0.0,0.0,0.0,0.0,186.23084359999848,30188.59348699999,31896.230843599995,-1707.6373566000038,1142.3626433999962,-1707.6373566000038
2023-02-27,10814.957517399993,3036.2308435999985,2000,0,0,0.0,14.5959696,0.0,0.0,0.0,0.0,186.23084359999848,29854.95751739999,31596.2308436,-1741.2733262000074,10628.726673799994,7778.726673799994
2023-02-28,1080.440223199992,3036.2308435999985,3000,0,0,0.0,5.0972942,0.0,0.0,0.0,0.0,186.23084359999848,29880.440223199992,31836.2308436,-1955.7906204000064,894.2093795999936,-1955.7906204000064
2023-03-01,1080.440223199992,3036.2308435999985,3000,0,0,0.0,0.0,0.0,0.0,0.0,0.0,186.23084359999848,30960.440223199996,32916.2308436,-1955.7906204000064,894.2093795999936,-1955.7906204000064
2023-03-02,1080.440223199992,3036.2308435999985,3000,0,0,0.0,0.0,0.0,0.0,0.0,0.0,186.23084359999848,32100.440223199992,34056.2308436,-1955.79062040001,894.2093795999936,-1955.7906204000064
2023-03-03,1080.440223199992,3036.2308435999985,3000,0,0,0.0,0.0,0.0,0.0,0.0,0.0,186.23084359999848,35190.44022319999,37146.2308436,-1955.79062040001,894.2093795999936,-1955.7906204000064
2023-03-06,1080.440223199992,3036.2308435999985,3000,0,0,0.0,0.0,0.0,0.0,0.0,0.0,186.23084359999848,34260.44022319999,36216.2308436,-1955.79062040001,894.2093795999936,-1955.7906204000064
2023-03-07,1080.440223199992,3036.2308435999985,3000,0,0,0.0,0.0,0.0,0.0,0.0,0.0,186.23084359999848,32610.440223199992,34566.2308436,-1955.79062040001,894.2093795999936,-1955.7906204000064
2023-03-08,1080.440223199992,3036.2308435999985,3000,0,0,0.0,0.0,0.0,0.0,0.0,0.0,186.23084359999848,32790.44022319999,34746.2308436,-1955.79062040001,894.2093795999936,-1955.7906204000064
2023-03-09,1080.440223199992,3036.2308435999985,3000,0,0,0.0,0.0,0.0,0.0,0.0,0.0,186.23084359999848,34530.44022319999,36486.2308436,-1955.79062040001,894.2093795999936,-1955.7906204000064
2023-03-10,1080.440223199992,3036.2308435999985,3000,0,0,0.0,0.0,0.0,0.0,0.0,0.0,186.23084359999848,33630.44022319999,35586.2308436,-1955.79062040001,894.2093795999936,-1955.7906204000064
2023-03-13,1080.440223199992,3036.2308435999985,3000,0,0,0.0,0.0,0.0,0.0,0.0,0.0,186.23084359999848,35910.44022319999,37866.2308436,-1955.79062040001,894.2093795999936,-1955.7906204000064
2023-03-14,1080.440223199992,3036.2308435999985,3000,0,0,0.0,0.0,0.0,0.0,0.0,0.0,186.23084359999848,36360.44022319999,38316.2308436,-1955.79062040001,894.2093795999936,-1955.7906204000064
2023-03-15,1080.440223199992,3036.2308435999985,3000,0,0,0.0,0.0,0.0,0.0,0.0,0.0,186.23084359999848,37290.44022319999,39246.2308436,-1955.79062040001,894.2093795999936,-1955.7906204000064
2023-03-16,1080.440223199992,3036.2308435999985,3000,0,0,0.0,0.0,0.0,0.0,0.0,0.0,186.23084359999848,38130.44022319999,40086.2308436,-1955.79062040001,894.2093795999936,-1955.7906204000064
2023-03-17,1080.440223199992,3036.2308435999985,3000,0,0,0.0,0.0,0.0,0.0,0.0,0.0,186.23084359999848,41850.44022319999,43806.2308436,-1955.79062040001,894.2093795999936,-1955.7906204000064
2023-03-20,1080.440223199992,3036.2308435999985,3000,0,0,0.0,0.0,0.0,0.0,0.0,0.0,186.23084359999848,45720.44022319999,47676.2308436,-1955.79062040001,894.2093795999936,-1955.7906204000064
2023-03-21,1080.440223199992,3036.2308435999985,3000,0,0,0.0,0.0,0.0,0.0,0.0,0.0,186.23084359999848,44880.44022319999,46836.2308436,-1955.79062040001,894.2093795999936,-1955.7906204000064
2023-03-22,1080.440223199992,3036.2308435999985,3000,0,0,0.0,0.0,0.0,0.0,0.0,0.0,186.23084359999848,49260.440223199985,51216.23084359999,-1955.7906204000028,894.2093795999936,-1955.7906204000064
2023-03-23,1080.440223199992,3036.2308435999985,3000,0,0,0.0,0.0,0.0,0.0,0.0,0.0,186.23084359999848,52050.440223199985,54006.23084359999,-1955.7906204000028,894.2093795999936,-1955.7906204000064
2023-03-24,1080.440223199992,3036.2308435999985,3000,0,0,0.0,0.0,0.0,0.0,0.0,0.0,186.23084359999848,54060.44022319999,56016.2308436,-1955.79062040001,894.2093795999936,-1955.7906204000064
2023-03-27,1080.440223199992,3036.2308435999985,3000,0,0,0.0,0.0,0.0,0.0,0.0,0.0,186.23084359999848,53970.44022319999,55926.2308436,-1955.79062040001,894.2093795999936,-1955.7906204000064
2023-03-28,1080.440223199992,3036.2308435999985,3000,0,0,0.0,0.0,0.0,0.0,0.0,0.0,186.23084359999848,50430.44022319999,52386.2308436,-1955.79062040001,894.2093795999936,-1955.7906204000064
2023-03-29,1080.440223199992,3036.2308435999985,3000,0,0,0.0,0.0,0.0,0.0,0.0,0.0,186.23084359999848,49560.44022319999,51516.2308436,-1955.79062040001,894.2093795999936,-1955.7906204000064
2023-03-30,1080.440223199992,3036.2308435999985,3000,0,0,0.0,0.0,0.0,0.0,0.0,0.0,186.23084359999848,51720.44022319999,53676.2308436,-1955.79062040001,894.2093795999936,-1955.7906204000064
2023-03-31,1080.440223199992,3036.2308435999985,3000,0,0,0.0,0.0,0.0,0.0,0.0,0.0,186.23084359999848,52740.44022319999,54696.2308436,-1955.79062040001,894.2093795999936,-1955.7906204000064
2023-04-03,1080.440223199992,3036.2308435999985,3000,0,0,0.0,0.0,0.0,0.0,0.0,0.0,186.23084359999848,54360.4402232,56316.2308436,-1955.7906204000028,894.2093795999936,-1955.7906204000064
2023-04-04,1080.440223199992,3036.2308435999985,3000,0,0,0.0,0.0,0.0,0.0,0.0,0.0,186.23084359999848,53310.44022319999,55266.2308436,-1955.79062040001,894.2093795999936,-1955.7906204000064
2023-04-06,1080.440223199992,3036.2308435999985,3000,0,0,0.0,0.0,0.0,0.0,0.0,0.0,186.23084359999848,58080.44022319999,60036.2308436,-1955.79062040001,894.2093795999936,-1955.7906204000064
2023-04-07,1080.440223199992,3036.2308435999985,3000,0,0,0.0,0.0,0.0,0.0,0.0,0.0,186.23084359999848,56190.44022319999,58146.2308436,-1955.79062040001,894.2093795999936,-1955.7906204000064
2023-04-10,1080.440223199992,3036.2308435999985,3000,0,0,0.0,0.0,0.0,0.0,0.0,0.0,186.23084359999848,53490.44022319999,55446.2308436,-1955.79062040001,894.2093795999936,-1955.7906204000064
2023-04-11,1080.440223199992,3036.2308435999985,3000,0,0,0.0,0.0,0.0,0.0,0.0,0.0,186.23084359999848,53130.4402232,55086.2308436,-1955.7906204000028,894.2093795999936,-1955.7906204000064
2023-04-12,1080.440223199992,3036.2308435999985,3000,0,0,0.0,0.0,0.0,0.0,0.0,0.0,186.23084359999848,56340.4402232,58296.2308436,-1955.7906204000028,894.2093795999936,-1955.7906204000064
2023-04-13,1080.440223199992,3036.2308435999985,3000,0,0,0.0,0.0,0.0,0.0,0.0,0.0,186.23084359999848,54060.44022319999,56016.2308436,-1955.79062040001,894.2093795999936,-1955.7906204000064
2023-04-14,1080.440223199992,3036.2308435999985,3000,0,0,0.0,0.0,0.0,0.0,0.0,0.0,186.23084359999848,55290.44022319999,57246.2308436,-1955.79062040001,894.2093795999936,-1955.7906204000064
2023-04-17,1080.440223199992,3036.2308435999985,3000,0,0,0.0,0.0,0.0,0.0,0.0,0.0,186.23084359999848,54870.44022319999,56826.2308436,-1955.79062040001,894.2093795999936,-1955.7906204000064
2023-04-18,1080.440223199992,3036.2308435999985,3000,0,0,0.0,0.0,0.0,0.0,0.0,0.0,186.23084359999848,58650.4402232,60606.2308436,-1955.7906204000028,894.2093795999936,-1955.7906204000064
2023-04-19,1080.440223199992,3036.2308435999985,3000,0,0,0.0,0.0,0.0,0.0,0.0,0.0,186.23084359999848,52890.44022319999,54846.2308436,-1955.79062040001,894.2093795999936,-1955.7906204000064
2023-04-20,1080.440223199992,3036.2308435999985,3000,0,0,0.0,0.0,0.0,0.0,0.0,0.0,186.23084359999848,58080.44022319999,60036.2308436,-1955.79062040001,894.2093795999936,-1955.7906204000064
2023-04-21,1080.440223199992,3036.2308435999985,3000,0,0,0.0,0.0,0.0,0.0,0.0,0.0,186.23084359999848,57450.44022319999,59406.2308436,-1955.79062040001,894.2093795999936,-1955.7906204000064
2023-04-24,19350.303949799993,3036.2308435999985,2000,0,0,0.0,23.4762734,0.0,0.0,0.0,0.0,186.23084359999848,56010.30394979999,58026.23084359999,-2015.926893799995,19164.073106199994,16314.073106199994
2023-04-25,1088.6813853999956,3036.2308435999985,3000,0,0,0.0,5.1825644,0.0,0.0,0.0,0.0,186.23084359999848,56588.68138539999,58536.2308436,-1947.5494582000101,902.4505417999972,-1947.5494582000028
2023-04-26,1088.6813853999956,3036.2308435999985,3000,0,0,0.0,0.0,0.0,0.0,0.0,0.0,186.23084359999848,51038.68138539999,52986.23084359999,-1947.5494581999956,902.4505417999972,-1947.5494582000028
2023-04-27,17135.252907399998,3036.2308435999985,2000,0,0,0.0,21.228478000000003,0.0,0.0,0.0,0.0,186.23084359999848,49335.252907400005,51336.2308436,-2000.9779361999972,16949.0220638,14099.0220638
2023-04-28,446.78607439999905,3036.2308435999985,3000,0,0,0.0,5.1668330000000005,0.0,0.0,0.0,0.0,186.23084359999848,48806.7860744,51396.2308436,-2589.444769200003,260.5552308000006,-2589.4447691999994
2023-05-04,446.78607439999905,3036.2308435999985,3000,0,0,0.0,0.0,0.0,0.0,0.0,0.0,186.23084359999848,46586.7860744,49176.2308436,-2589.444769200003,260.5552308000006,-2589.4447691999994
2023-05-05,446.78607439999905,3036.2308435999985,3000,0,0,0.0,0.0,0.0,0.0,0.0,0.0,186.23084359999848,44756.7860744,47346.2308436,-2589.444769200003,260.5552308000006,-2589.4447691999994
2023-05-08,446.78607439999905,3036.2308435999985,3000,0,0,0.0,0.0,0.0,0.0,0.0,0.0,186.23084359999848,44486.7860744,47076.2308436,-2589.444769200003,260.5552308000006,-2589.4447691999994
2023-05-09,446.78607439999905,3036.2308435999985,3000,0,0,0.0,0.0,0.0,0.0,0.0,0.0,186.23084359999848,44546.7860744,47136.2308436,-2589.444769200003,260.5552308000006,-2589.4447691999994
2023-05-10,446.78607439999905,3036.2308435999985,3000,0,0,0.0,0.0,0.0,0.0,0.0,0.0,186.23084359999848,44246.7860744,46836.2308436,-2589.444769200003,260.5552308000006,-2589.4447691999994
2023-05-11,446.78607439999905,3036.2308435999985,3000,0,0,0.0,0.0,0.0,0.0,0.0,0.0,186.23084359999848,43826.7860744,46416.2308436,-2589.444769200003,260.5552308000006,-2589.4447691999994
2023-05-12,446.78607439999905,3036.2308435999985,3000,0,0,0.0,0.0,0.0,0.0,0.0,0.0,186.23084359999848,43526.7860744,46116.2308436,-2589.444769200003,260.5552308000006,-2589.4447691999994
2023-05-15,446.78607439999905,3036.2308435999985,3000,0,0,0.0,0.0,0.0,0.0,0.0,0.0,186.23084359999848,45806.7860744,48396.2308436,-2589.444769200003,260.5552308000006,-2589.4447691999994
2023-05-16,446.78607439999905,3036.2308435999985,3000,0,0,0.0,0.0,0.0,0.0,0.0,0.0,186.23084359999848,44786.7860744,47376.2308436,-2589.444769200003,260.5552308000006,-2589.4447691999994
2023-05-17,446.78607439999905,3036.2308435999985,3000,0,0,0.0,0.0,0.0,0.0,0.0,0.0,186.23084359999848,47096.7860744,49686.2308436,-2589.444769200003,260.5552308000006,-2589.4447691999994
2023-05-18,446.78607439999905,3036.2308435999985,3000,0,0,0.0,0.0,0.0,0.0,0.0,0.0,186.23084359999848,49496.786074400006,52086.2308436,-2589.444769199996,260.5552308000006,-2589.4447691999994
2023-05-19,446.78607439999905,3036.2308435999985,3000,0,0,0.0,0.0,0.0,0.0,0.0,0.0,186.23084359999848,48926.7860744,51516.2308436,-2589.444769200003,260.5552308000006,-2589.4447691999994
2023-05-22,446.78607439999905,3036.2308435999985,3000,0,0,0.0,0.0,0.0,0.0,0.0,0.0,186.23084359999848,46676.7860744,49266.2308436,-2589.444769200003,260.5552308000006,-2589.4447691999994
2023-05-23,446.78607439999905,3036.2308435999985,3000,0,0,0.0,0.0,0.0,0.0,0.0,0.0,186.23084359999848,46136.7860744,48726.2308436,-2589.444769200003,260.5552308000006,-2589.4447691999994
2023-05-24,446.78607439999905,3036.2308435999985,3000,0,0,0.0,0.0,0.0,0.0,0.0,0.0,186.23084359999848,44906.7860744,47496.2308436,-2589.444769200003,260.5552308000006,-2589.4447691999994
2023-05-25,446.78607439999905,3036.2308435999985,3000,0,0,0.0,0.0,0.0,0.0,0.0,0.0,186.23084359999848,49346.7860744,51936.2308436,-2589.444769200003,260.5552308000006,-2589.4447691999994
2023-05-26,446.78607439999905,3036.2308435999985,3000,0,0,0.0,0.0,0.0,0.0,0.0,0.0,186.23084359999848,50816.7860744,53406.2308436,-2589.444769200003,260.5552308000006,-2589.4447691999994
2023-05-29,446.78607439999905,3036.2308435999985,3000,0,0,0.0,0.0,0.0,0.0,0.0,0.0,186.23084359999848,54146.78607439999,56736.23084359999,-2589.444769199996,260.5552308000006,-2589.4447691999994
2023-05-30,446.78607439999905,3036.2308435999985,3000,0,0,0.0,0.0,0.0,0.0,0.0,0.0,186.23084359999848,54536.7860744,57126.2308436,-2589.444769200003,260.5552308000006,-2589.4447691999994
2023-05-31,446.78607439999905,3036.2308435999985,3000,0,0,0.0,0.0,0.0,0.0,0.0,0.0,186.23084359999848,54596.7860744,57186.2308436,-2589.444769200003,260.5552308000006,-2589.4447691999994
2023-06-01,446.78607439999905,3036.2308435999985,3000,0,0,0.0,0.0,0.0,0.0,0.0,0.0,186.23084359999848,54206.786074400006,56796.2308436,-2589.444769199996,260.5552308000006,-2589.4447691999994
2023-06-02,446.78607439999905,3036.2308435999985,3000,0,0,0.0,0.0,0.0,0.0,0.0,0.0,186.23084359999848,53936.78607439999,56526.23084359999,-2589.444769199996,260.5552308000006,-2589.4447691999994
2023-06-05,446.78607439999905,3036.2308435999985,3000,0,0,0.0,0.0,0.0,0.0,0.0,0.0,186.23084359999848,57236.7860744,59826.2308436,-2589.444769200003,260.5552308000006,-2589.4447691999994
2023-06-06,446.78607439999905,3036.2308435999985,3000,0,0,0.0,0.0,0.0,0.0,0.0,0.0,186.23084359999848,55106.7860744,57696.2308436,-2589.444769200003,260.5552308000006,-2589.4447691999994
2023-06-07,446.78607439999905,3036.2308435999985,3000,0,0,0.0,0.0,0.0,0.0,0.0,0.0,186.23084359999848,54536.7860744,57126.2308436,-2589.444769200003,260.5552308000006,-2589.4447691999994
2023-06-08,446.78607439999905,3036.2308435999985,3000,0,0,0.0,0.0,0.0,0.0,0.0,0.0,186.23084359999848,53996.786074400006,56586.2308436,-2589.444769199996,260.5552308000006,-2589.4447691999994
2023-06-09,446.78607439999905,3036.2308435999985,3000,0,0,0.0,0.0,0.0,0.0,0.0,0.0,186.23084359999848,59366.7860744,61956.2308436,-2589.444769200003,260.5552308000006,-2589.4447691999994
2023-06-12,446.78607439999905,3036.2308435999985,3000,0,0,0.0,0.0,0.0,0.0,0.0,0.0,186.23084359999848,64496.786074400006,67086.2308436,-2589.444769199996,260.5552308000006,-2589.4447691999994
2023-06-13,446.78607439999905,3036.2308435999985,3000,0,0,0.0,0.0,0.0,0.0,0.0,0.0,186.23084359999848,66506.7860744,69096.2308436,-2589.444769199996,260.5552308000006,-2589.4447691999994
2023-06-14,446.78607439999905,3036.2308435999985,3000,0,0,0.0,0.0,0.0,0.0,0.0,0.0,186.23084359999848,68816.7860744,71406.2308436,-2589.444769199996,260.5552308000006,-2589.4447691999994
2023-06-15,446.78607439999905,3036.2308435999985,3000,0,0,0.0,0.0,0.0,0.0,0.0,0.0,186.23084359999848,68366.7860744,70956.2308436,-2589.444769199996,260.5552308000006,-2589.4447691999994
2023-06-16,446.78607439999905,3036.2308435999985,3000,0,0,0.0,0.0,0.0,0.0,0.0,0.0,186.23084359999848,72626.7860744,75216.2308436,-2589.444769199996,260.5552308000006,-2589.4447691999994
2023-06-19,446.78607439999905,3036.2308435999985,3000,0,0,0.0,0.0,0.0,0.0,0.0,0.0,186.23084359999848,79826.7860744,82416.2308436,-2589.444769199996,260.5552308000006,-2589.4447691999994
2023-06-20,446.78607439999905,3036.2308435999985,3000,0,0,0.0,0.0,0.0,0.0,0.0,0.0,186.23084359999848,78536.7860744,81126.2308436,-2589.444769199996,260.5552308000006,-2589.4447691999994
2023-06-21,446.78607439999905,3036.2308435999985,3000,0,0,0.0,0.0,0.0,0.0,0.0,0.0,186.23084359999848,73946.7860744,76536.2308436,-2589.444769199996,260.5552308000006,-2589.4447691999994
2023-06-26,446.78607439999905,3036.2308435999985,3000,0,0,0.0,0.0,0.0,0.0,0.0,0.0,186.23084359999848,69716.7860744,72306.2308436,-2589.444769199996,260.5552308000006,-2589.4447691999994
2023-06-27,446.78607439999905,3036.2308435999985,3000,0,0,0.0,0.0,0.0,0.0,0.0,0.0,186.23084359999848,69476.7860744,72066.2308436,-2589.444769199996,260.5552308000006,-2589.4447691999994
2023-06-28,446.78607439999905,3036.2308435999985,3000,0,0,0.0,0.0,0.0,0.0,0.0,0.0,186.23084359999848,69386.7860744,71976.2308436,-2589.444769199996,260.5552308000006,-2589.4447691999994
2023-06-29,446.78607439999905,3036.2308435999985,3000,0,0,0.0,0.0,0.0,0.0,0.0,0.0,186.23084359999848,71846.7860744,74436.2308436,-2589.444769199996,260.5552308000006,-2589.4447691999994
2023-06-30,446.78607439999905,3036.2308435999985,3000,0,0,0.0,0.0,0.0,0.0,0.0,0.0,186.23084359999848,76046.7860744,78636.2308436,-2589.444769199996,260.5552308000006,-2589.4447691999994
2023-07-03,446.78607439999905,3036.2308435999985,3000,0,0,0.0,0.0,0.0,0.0,0.0,0.0,186.23084359999848,73556.7860744,76146.2308436,-2589.444769199996,260.5552308000006,-2589.4447691999994
2023-07-04,446.78607439999905,3036.2308435999985,3000,0,0,0.0,0.0,0.0,0.0,0.0,0.0,186.23084359999848,74186.7860744,76776.2308436,-2589.444769199996,260.5552308000006,-2589.4447691999994
2023-07-05,446.78607439999905,3036.2308435999985,3000,0,0,0.0,0.0,0.0,0.0,0.0,0.0,186.23084359999848,72026.7860744,74616.2308436,-2589.444769199996,260.5552308000006,-2589.4447691999994
2023-07-06,446.78607439999905,3036.2308435999985,3000,0,0,0.0,0.0,0.0,0.0,0.0,0.0,186.23084359999848,72086.7860744,74676.2308436,-2589.444769199996,260.5552308000006,-2589.4447691999994
2023-07-07,446.78607439999905,3036.2308435999985,3000,0,0,0.0,0.0,0.0,0.0,0.0,0.0,186.23084359999848,71426.7860744,74016.2308436,-2589.444769199996,260.5552308000006,-2589.4447691999994
2023-07-10,446.78607439999905,3036.2308435999985,3000,0,0,0.0,0.0,0.0,0.0,0.0,0.0,186.23084359999848,71846.7860744,74436.2308436,-2589.444769199996,260.5552308000006,-2589.4447691999994
2023-07-11,446.78607439999905,3036.2308435999985,3000,0,0,0.0,0.0,0.0,0.0,0.0,0.0,186.23084359999848,73166.7860744,75756.2308436,-2589.444769199996,260.5552308000006,-2589.4447691999994
2023-07-12,446.78607439999905,3036.2308435999985,3000,0,0,0.0,0.0,0.0,0.0,0.0,0.0,186.23084359999848,68036.7860744,70626.2308436,-2589.444769199996,260.5552308000006,-2589.4447691999994
2023-07-13,446.78607439999905,3036.2308435999985,3000,0,0,0.0,0.0,0.0,0.0,0.0,0.0,186.23084359999848,74786.7860744,77376.2308436,-2589.444769199996,260.5552308000006,-2589.4447691999994
2023-07-14,446.78607439999905,3036.2308435999985,3000,0,0,0.0,0.0,0.0,0.0,0.0,0.0,186.23084359999848,82226.7860744,84816.2308436,-2589.444769199996,260.5552308000006,-2589.4447691999994
2023-07-17,446.78607439999905,3036.2308435999985,3000,0,0,0.0,0.0,0.0,0.0,0.0,0.0,186.23084359999848,78776.7860744,81366.2308436,-2589.444769199996,260.5552308000006,-2589.4447691999994
2023-07-18,446.78607439999905,3036.2308435999985,3000,0,0,0.0,0.0,0.0,0.0,0.0,0.0,186.23084359999848,77036.7860744,79626.2308436,-2589.444769199996,260.5552308000006,-2589.4447691999994
2023-07-19,446.78607439999905,3036.2308435999985,3000,0,0,0.0,0.0,0.0,0.0,0.0,0.0,186.23084359999848,75716.7860744,78306.2308436,-2589.444769199996,260.5552308000006,-2589.4447691999994
2023-07-20,23621.8505394,3036.2308435999985,2000,0,0,0.0,28.435535,0.0,0.0,0.0,0.0,186.23084359999848,70121.8505394,72786.2308436,-2664.3803042000072,23435.6196958,20585.6196958
2023-07-21,280.0371735999979,3036.2308435999985,3000,0,0,0.0,5.2333658,0.0,0.0,0.0,0.0,186.23084359999848,69400.0371736,72156.2308436,-2756.193670000008,93.80632999999943,-2756.1936700000006
2023-07-24,280.0371735999979,3036.2308435999985,3000,0,0,0.0,0.0,0.0,0.0,0.0,0.0,186.23084359999848,71260.0371736,74016.2308436,-2756.193670000008,93.80632999999943,-2756.1936700000006
2023-07-25,280.0371735999979,3036.2308435999985,3000,0,0,0.0,0.0,0.0,0.0,0.0,0.0,186.23084359999848,72280.0371736,75036.2308436,-2756.193670000008,93.80632999999943,-2756.1936700000006
2023-07-26,280.0371735999979,3036.2308435999985,3000,0,0,0.0,0.0,0.0,0.0,0.0,0.0,186.23084359999848,70030.0371736,72786.2308436,-2756.193670000008,93.80632999999943,-2756.1936700000006
2023-07-27,280.0371735999979,3036.2308435999985,3000,0,0,0.0,0.0,0.0,0.0,0.0,0.0,186.23084359999848,68320.0371736,71076.2308436,-2756.193670000008,93.80632999999943,-2756.1936700000006
2023-07-28,1930.0371735999981,4686.2308435999985,3000,0,0,220.0,0.0,0.0,1650.0000000000002,1650.0000000000002,0.0,186.23084359999848,68490.0371736,71466.2308436,-2976.193670000008,1743.8063299999997,-2756.1936700000006
2023-07-31,1930.0371735999981,4686.2308435999985,3000,0,0,220.0,0.0,0.0,0.0,0.0,0.0,186.23084359999848,68700.0371736,71676.2308436,-2976.193670000008,1743.8063299999997,-2756.1936700000006
2023-08-01,1930.0371735999981,4686.2308435999985,3000,0,0,220.0,0.0,0.0,0.0,0.0,0.0,186.23084359999848,69720.0371736,72696.2308436,-2976.193670000008,1743.8063299999997,-2756.1936700000006
2023-08-02,1930.0371735999981,4686.2308435999985,3000,0,0,220.0,0.0,0.0,0.0,0.0,0.0,186.23084359999848,68670.0371736,71646.2308436,-2976.193670000008,1743.8063299999997,-2756.1936700000006
2023-08-03,1930.0371735999981,4686.2308435999985,3000,0,0,220.0,0.0,0.0,0.0,0.0,0.0,186.23084359999848,69210.0371736,72186.2308436,-2976.193670000008,1743.8063299999997,-2756.1936700000006
2023-08-04,1930.0371735999981,4686.2308435999985,3000,0,0,220.0,0.0,0.0,0.0,0.0,0.0,186.23084359999848,73020.0371736,75996.2308436,-2976.193670000008,1743.8063299999997,-2756.1936700000006
2023-08-07,1930.0371735999981,4686.2308435999985,3000,0,0,220.0,0.0,0.0,0.0,0.0,0.0,186.23084359999848,76650.0371736,79626.2308436,-2976.193670000008,1743.8063299999997,-2756.1936700000006
2023-08-08,1930.0371735999981,4686.2308435999985,3000,0,0,220.0,0.0,0.0,0.0,0.0,0.0,186.23084359999848,74250.0371736,77226.2308436,-2976.193670000008,1743.8063299999997,-2756.1936700000006
2023-08-09,1930.0371735999981,4686.2308435999985,3000,0,0,220.0,0.0,0.0,0.0,0.0,0.0,186.23084359999848,68460.0371736,71436.2308436,-2976.193670000008,1743.8063299999997,-2756.1936700000006
2023-08-10,1930.0371735999981,4686.2308435999985,3000,0,0,220.0,0.0,0.0,0.0,0.0,0.0,186.23084359999848,66210.0371736,69186.2308436,-2976.193670000008,1743.8063299999997,-2756.1936700000006
2023-08-11,23305.3656036,4686.2308435999985,2000,0,0,165.0,26.671570000000003,55.0,0.0,0.0,0.0,186.23084359999848,66140.3656036,69186.2308436,-3045.865239999999,23119.13476,18619.13476
2023-08-14,2177.9943820000008,4686.2308435999985,3000,0,0,165.0,5.2112216,0.0,0.0,0.0,0.0,186.23084359999848,66212.99438199999,68886.23084359999,-2673.2364615999977,1991.7635384000023,-2508.2364615999977
2023-08-15,23443.6536898,4686.2308435999985,2000,0,0,110.0,26.560692200000002,55.0,0.0,0.0,0.0,186.23084359999848,66113.6536898,68856.2308436,-2742.577153799997,23257.422846200003,18757.422846200003
2023-08-16,2416.4834702000007,4686.2308435999985,3000,0,0,110.0,5.2102196,0.0,0.0,0.0,0.0,186.23084359999848,64976.4834702,67356.2308436,-2379.7473734000014,2230.2526266000023,-2269.7473733999977
2023-08-17,2416.4834702000007,4686.2308435999985,3000,0,0,110.0,0.0,0.0,0.0,0.0,0.0,186.23084359999848,65036.4834702,67416.2308436,-2379.7473734000014,2230.2526266000023,-2269.7473733999977
2023-08-18,22341.0230722,4686.2308435999985,2000,0,0,0.0,25.260398,110.0,0.0,0.0,0.0,186.23084359999848,62541.0230722,64986.2308436,-2445.2077714000043,22154.792228600003,17654.792228600003
2023-08-21,1945.1191652000016,4686.2308435999985,3000,0,0,0.0,5.203907,0.0,0.0,0.0,0.0,186.23084359999848,63175.1191652,65916.2308436,-2741.111678400004,1758.888321600003,-2741.111678399997
2023-08-22,1945.1191652000016,4686.2308435999985,3000,0,0,0.0,0.0,0.0,0.0,0.0,0.0,186.23084359999848,69295.1191652,72036.2308436,-2741.111678400004,1758.888321600003,-2741.111678399997
2023-08-23,1945.1191652000016,4686.2308435999985,3000,0,0,0.0,0.0,0.0,0.0,0.0,0.0,186.23084359999848,65965.1191652,68706.2308436,-2741.111678400004,1758.888321600003,-2741.111678399997
2023-08-24,1945.1191652000016,4686.2308435999985,3000,0,0,0.0,0.0,0.0,0.0,0.0,0.0,186.23084359999848,69235.1191652,71976.2308436,-2741.111678400004,1758.888321600003,-2741.111678399997
2023-08-25,1945.1191652000016,4686.2308435999985,3000,0,0,0.0,0.0,0.0,0.0,0.0,0.0,186.23084359999848,62905.1191652,65646.2308436,-2741.111678400004,1758.888321600003,-2741.111678399997
2023-08-28,1945.1191652000016,4686.2308435999985,3000,0,0,0.0,0.0,0.0,0.0,0.0,0.0,186.23084359999848,63985.1191652,66726.2308436,-2741.111678400004,1758.888321600003,-2741.111678399997
2023-08-29,1945.1191652000016,4686.2308435999985,3000,0,0,0.0,0.0,0.0,0.0,0.0,0.0,186.23084359999848,66715.1191652,69456.2308436,-2741.111678400004,1758.888321600003,-2741.111678399997
2023-08-30,1945.1191652000016,4686.2308435999985,3000,0,0,0.0,0.0,0.0,0.0,0.0,0.0,186.23084359999848,67345.1191652,70086.2308436,-2741.111678400004,1758.888321600003,-2741.111678399997
2023-08-31,1945.1191652000016,4686.2308435999985,3000,0,0,0.0,0.0,0.0,0.0,0.0,0.0,186.23084359999848,67675.1191652,70416.2308436,-2741.111678400004,1758.888321600003,-2741.111678399997
2023-09-01,1945.1191652000016,4686.2308435999985,3000,0,0,0.0,0.0,0.0,0.0,0.0,0.0,186.23084359999848,65695.1191652,68436.2308436,-2741.111678400004,1758.888321600003,-2741.111678399997
2023-09-04,1945.1191652000016,4686.2308435999985,3000,0,0,0.0,0.0,0.0,0.0,0.0,0.0,186.23084359999848,64915.1191652,67656.23084359999,-2741.1116783999896,1758.888321600003,-2741.111678399997
2023-09-05,22199.161781400002,4686.2308435999985,2000,0,0,0.0,15.337383800000001,0.0,0.0,0.0,0.0,186.23084359999848,62819.161781400006,65616.23084359999,-2797.069062199982,22012.930937800003,17512.930937800003
2023-09-06,2404.463886400001,4686.2308435999985,3000,0,0,0.0,5.197895,0.0,0.0,0.0,0.0,186.23084359999848,63064.4638864,65346.2308436,-2281.7669572000013,2218.2330428000023,-2281.7669571999977
2023-09-07,21551.2914704,4686.2308435999985,2000,0,0,0.0,14.772416,0.0,0.0,0.0,0.0,186.23084359999848,59951.2914704,62286.2308436,-2334.9393732000026,21365.0606268,16865.0606268
2023-09-08,2668.4226935999977,4686.2308435999985,3000,0,0,0.0,5.1887768,0.0,0.0,0.0,0.0,186.23084359999848,59908.42269359999,61926.23084359999,-2017.808149999997,2482.1918499999992,-2017.8081500000008
2023-09-11,2668.4226935999977,4686.2308435999985,3000,0,0,0.0,0.0,0.0,0.0,0.0,0.0,186.23084359999848,61048.4226936,63066.2308436,-2017.8081500000044,2482.1918499999992,-2017.8081500000008
2023-09-12,2668.4226935999977,4686.2308435999985,3000,0,0,0.0,0.0,0.0,0.0,0.0,0.0,186.23084359999848,60508.4226936,62526.2308436,-2017.8081500000044,2482.1918499999992,-2017.8081500000008
2023-09-13,2668.4226935999977,4686.2308435999985,3000,0,0,0.0,0.0,0.0,0.0,0.0,0.0,186.23084359999848,59248.4226936,61266.2308436,-2017.8081500000044,2482.1918499999992,-2017.8081500000008
2023-09-14,2668.4226935999977,4686.2308435999985,3000,0,0,0.0,0.0,0.0,0.0,0.0,0.0,186.23084359999848,58438.4226936,60456.2308436,-2017.8081500000044,2482.1918499999992,-2017.8081500000008
2023-09-15,20747.9348862,4686.2308435999985,2000,0,0,0.0,14.227807400000001,0.0,0.0,0.0,0.0,186.23084359999848,57007.934886200004,59076.2308436,-2068.295957399998,20561.704042600002,16061.704042600002
2023-09-18,2245.8299170000028,4686.2308435999985,3000,0,0,0.0,5.1849692,0.0,0.0,0.0,0.0,186.23084359999848,57145.829917,59586.2308436,-2440.4009265999994,2059.5990734000043,-2440.4009265999957
2023-09-19,2245.8299170000028,4686.2308435999985,3000,0,0,0.0,0.0,0.0,0.0,0.0,0.0,186.23084359999848,57685.829917,60126.2308436,-2440.4009265999994,2059.5990734000043,-2440.4009265999957
2023-09-20,2245.8299170000028,4686.2308435999985,3000,0,0,0.0,0.0,0.0,0.0,0.0,0.0,186.23084359999848,57445.829916999995,59886.23084359999,-2440.400926599992,2059.5990734000043,-2440.4009265999957
2023-09-21,2245.8299170000028,4686.2308435999985,3000,0,0,0.0,0.0,0.0,0.0,0.0,0.0,186.23084359999848,57175.829916999995,59616.23084359999,-2440.400926599992,2059.5990734000043,-2440.4009265999957
2023-09-22,2245.8299170000028,4686.2308435999985,3000,0,0,0.0,0.0,0.0,0.0,0.0,0.0,186.23084359999848,62065.82991700001,64506.2308436,-2440.400926599992,2059.5990734000043,-2440.4009265999957
2023-09-25,2245.8299170000028,4686.2308435999985,3000,0,0,0.0,0.0,0.0,0.0,0.0,0.0,186.23084359999848,60115.829917,62556.2308436,-2440.4009265999994,2059.5990734000043,-2440.4009265999957
2023-09-26,2245.8299170000028,4686.2308435999985,3000,0,0,0.0,0.0,0.0,0.0,0.0,0.0,186.23084359999848,61435.829917,63876.2308436,-2440.4009265999994,2059.5990734000043,-2440.4009265999957
2023-09-27,2245.8299170000028,4686.2308435999985,3000,0,0,0.0,0.0,0.0,0.0,0.0,0.0,186.23084359999848,61645.829917,64086.2308436,-2440.4009265999994,2059.5990734000043,-2440.4009265999957
2023-09-28,2245.8299170000028,4686.2308435999985,3000,0,0,0.0,0.0,0.0,0.0,0.0,0.0,186.23084359999848,61345.829917,63786.2308436,-2440.4009265999994,2059.5990734000043,-2440.4009265999957
2023-10-09,2245.8299170000028,4686.2308435999985,3000,0,0,0.0,0.0,0.0,0.0,0.0,0.0,186.23084359999848,60025.82991700001,62466.2308436,-2440.400926599992,2059.5990734000043,-2440.4009265999957
2023-10-10,2245.8299170000028,4686.2308435999985,3000,0,0,0.0,0.0,0.0,0.0,0.0,0.0,186.23084359999848,58825.829917,61266.2308436,-2440.4009265999994,2059.5990734000043,-2440.4009265999957
2023-10-11,2245.8299170000028,4686.2308435999985,3000,0,0,0.0,0.0,0.0,0.0,0.0,0.0,186.23084359999848,59755.82991700001,62196.2308436,-2440.400926599992,2059.5990734000043,-2440.4009265999957
2023-10-12,20943.786542,4686.2308435999985,2000,0,0,0.0,14.543375000000001,0.0,0.0,0.0,0.0,186.23084359999848,58443.786542,60936.2308436,-2492.4443016000005,20757.555698400003,16257.555698400003
2023-10-13,20632.544617600004,4686.2308435999985,2000,0,0,0.0,19.2819244,0.0,0.0,0.0,0.0,186.23084359999848,56392.544617600004,58326.2308436,-1933.686225999998,20446.313774000006,15946.313774000006
2023-10-16,20273.280932200003,4686.2308435999985,2000,0,0,0.0,19.0436854,0.0,0.0,0.0,0.0,186.23084359999848,55113.2809322,56946.2308436,-1832.949911399999,20087.050088600005,15587.050088600005
2023-10-17,20095.011710400002,4686.2308435999985,2000,0,0,0.0,18.9692218,0.0,0.0,0.0,0.0,186.23084359999848,54655.0117104,56526.2308436,-1871.2191332000002,19908.780866800003,15408.780866800003
2023-10-18,3626.9870818000018,4686.2308435999985,3000,0,0,0.0,5.1646286,0.0,0.0,0.0,0.0,186.23084359999848,54386.987081800005,55446.2308436,-1059.2437617999967,3440.7562382000033,-1059.2437617999967
2023-10-19,20110.5136424,4686.2308435999985,2000,0,0,0.0,13.4134394,0.0,0.0,0.0,0.0,186.23084359999848,53170.5136424,54276.2308436,-1105.717201200001,19924.282798800003,15424.282798800003
2023-10-20,19786.959007600002,4686.2308435999985,2000,0,0,0.0,18.3946348,0.0,0.0,0.0,0.0,186.23084359999848,52126.9590076,53196.2308436,-1069.271836,19600.728164000004,15100.728164000004
2023-10-23,5202.713216600001,4686.2308435999985,3000,0,0,0.0,5.145791,0.0,0.0,0.0,0.0,186.23084359999848,48852.7132166,48336.2308436,516.4823729999989,5016.482373000003,516.4823730000026
2023-10-24,5202.713216600001,4686.2308435999985,3000,0,0,0.0,0.0,0.0,0.0,0.0,0.0,186.23084359999848,46482.7132166,45966.2308436,516.4823729999989,5016.482373000003,516.4823730000026
2023-10-25,18703.7416274,4686.2308435999985,2000,0,0,0.0,11.8915892,0.0,0.0,0.0,0.0,186.23084359999848,45783.7416274,45306.2308436,477.5107837999967,18517.5107838,14017.5107838
2023-10-26,5361.988261199998,4686.2308435999985,3000,0,0,0.0,5.1333662,0.0,0.0,0.0,0.0,186.23084359999848,46851.9882612,46176.2308436,675.757417599998,5175.7574176,675.7574175999998
2023-10-27,5361.988261199998,4686.2308435999985,3000,0,0,0.0,0.0,0.0,0.0,0.0,0.0,186.23084359999848,47571.9882612,46896.2308436,675.757417599998,5175.7574176,675.7574175999998
2023-10-30,5361.988261199998,4686.2308435999985,3000,0,0,0.0,0.0,0.0,0.0,0.0,0.0,186.23084359999848,49161.9882612,48486.2308436,675.757417599998,5175.7574176,675.7574175999998
2023-10-31,5361.988261199998,4686.2308435999985,3000,0,0,0.0,0.0,0.0,0.0,0.0,0.0,186.23084359999848,49521.9882612,48846.2308436,675.757417599998,5175.7574176,675.7574175999998
2023-11-01,5361.988261199998,4686.2308435999985,3000,0,0,0.0,0.0,0.0,0.0,0.0,0.0,186.23084359999848,48951.9882612,48276.2308436,675.757417599998,5175.7574176,675.7574175999998
2023-11-02,5361.988261199998,4686.2308435999985,3000,0,0,0.0,0.0,0.0,0.0,0.0,0.0,186.23084359999848,49161.9882612,48486.2308436,675.757417599998,5175.7574176,675.7574175999998
2023-11-03,5361.988261199998,4686.2308435999985,3000,0,0,0.0,0.0,0.0,0.0,0.0,0.0,186.23084359999848,49611.9882612,48936.2308436,675.757417599998,5175.7574176,675.7574175999998
2023-11-06,5361.988261199998,4686.2308435999985,3000,0,0,0.0,0.0,0.0,0.0,0.0,0.0,186.23084359999848,50271.9882612,49596.2308436,675.757417599998,5175.7574176,675.7574175999998
2023-11-07,5361.988261199998,4686.2308435999985,3000,0,0,0.0,0.0,0.0,0.0,0.0,0.0,186.23084359999848,51531.9882612,50856.2308436,675.757417599998,5175.7574176,675.7574175999998
2023-11-08,5361.988261199998,4686.2308435999985,3000,0,0,0.0,0.0,0.0,0.0,0.0,0.0,186.23084359999848,51261.9882612,50586.2308436,675.757417599998,5175.7574176,675.7574175999998
2023-11-09,5361.988261199998,4686.2308435999985,3000,0,0,0.0,0.0,0.0,0.0,0.0,0.0,186.23084359999848,52131.9882612,51456.2308436,675.757417599998,5175.7574176,675.7574175999998
2023-11-10,5361.988261199998,4686.2308435999985,3000,0,0,0.0,0.0,0.0,0.0,0.0,0.0,186.23084359999848,51591.9882612,50916.2308436,675.757417599998,5175.7574176,675.7574175999998
2023-11-13,5361.988261199998,4686.2308435999985,3000,0,0,0.0,0.0,0.0,0.0,0.0,0.0,186.23084359999848,53691.9882612,53016.2308436,675.757417599998,5175.7574176,675.7574175999998
2023-11-14,5361.988261199998,4686.2308435999985,3000,0,0,0.0,0.0,0.0,0.0,0.0,0.0,186.23084359999848,54471.9882612,53796.2308436,675.757417599998,5175.7574176,675.7574175999998
2023-11-15,5361.988261199998,4686.2308435999985,3000,0,0,0.0,0.0,0.0,0.0,0.0,0.0,186.23084359999848,54591.9882612,53916.2308436,675.757417599998,5175.7574176,675.7574175999998
2023-11-16,5361.988261199998,4686.2308435999985,3000,0,0,0.0,0.0,0.0,0.0,0.0,0.0,186.23084359999848,53181.9882612,52506.2308436,675.757417599998,5175.7574176,675.7574175999998
2023-11-17,5361.988261199998,4686.2308435999985,3000,0,0,0.0,0.0,0.0,0.0,0.0,0.0,186.23084359999848,54411.98826120001,53736.2308436,675.7574176000053,5175.7574176,675.7574175999998
2023-11-20,5361.988261199998,4686.2308435999985,3000,0,0,0.0,0.0,0.0,0.0,0.0,0.0,186.23084359999848,53721.9882612,53046.2308436,675.757417599998,5175.7574176,675.7574175999998
2023-11-21,5361.988261199998,4686.2308435999985,3000,0,0,0.0,0.0,0.0,0.0,0.0,0.0,186.23084359999848,53241.9882612,52566.2308436,675.757417599998,5175.7574176,675.7574175999998
2023-11-22,5361.988261199998,4686.2308435999985,3000,0,0,0.0,0.0,0.0,0.0,0.0,0.0,186.23084359999848,52071.9882612,51396.2308436,675.757417599998,5175.7574176,675.7574175999998
2023-11-23,5361.988261199998,4686.2308435999985,3000,0,0,0.0,0.0,0.0,0.0,0.0,0.0,186.23084359999848,52521.9882612,51846.2308436,675.757417599998,5175.7574176,675.7574175999998
2023-11-24,5361.988261199998,4686.2308435999985,3000,0,0,0.0,0.0,0.0,0.0,0.0,0.0,186.23084359999848,51561.9882612,50886.2308436,675.757417599998,5175.7574176,675.7574175999998
2023-11-27,20209.629548999997,4686.2308435999985,2000,0,0,0.0,12.5787122,0.0,0.0,0.0,0.0,186.23084359999848,49989.629549,49356.2308436,633.3987053999954,20023.3987054,15523.398705399999
2023-11-28,5274.680250999998,4686.2308435999985,3000,0,0,0.0,5.149298,0.0,0.0,0.0,0.0,186.23084359999848,50724.680251,50136.2308436,588.4494073999958,5088.4494073999995,588.4494073999995
2023-11-29,20182.171,4686.2308435999985,2000,0,0,0.0,12.609251,0.0,0.0,0.0,0.0,186.23084359999848,50082.171,49536.2308436,545.9401564,19995.9401564,15495.9401564
2023-11-30,5257.241802199998,4686.2308435999985,3000,0,0,0.0,5.1491978,0.0,0.0,0.0,0.0,186.23084359999848,50557.2418022,49986.2308436,571.0109585999962,5071.0109586,571.0109585999999
2023-12-01,5257.241802199998,4686.2308435999985,3000,0,0,0.0,0.0,0.0,0.0,0.0,0.0,186.23084359999848,50707.2418022,50136.2308436,571.0109585999962,5071.0109586,571.0109585999999
2023-12-04,5257.241802199998,4686.2308435999985,3000,0,0,0.0,0.0,0.0,0.0,0.0,0.0,186.23084359999848,49597.2418022,49026.2308436,571.0109585999962,5071.0109586,571.0109585999999
2023-12-05,5257.241802199998,4686.2308435999985,3000,0,0,0.0,0.0,0.0,0.0,0.0,0.0,186.23084359999848,47707.2418022,47136.2308436,571.0109585999962,5071.0109586,571.0109585999999
2023-12-06,5257.241802199998,4686.2308435999985,3000,0,0,0.0,0.0,0.0,0.0,0.0,0.0,186.23084359999848,48007.2418022,47436.2308436,571.0109585999962,5071.0109586,571.0109585999999
2023-12-07,5257.241802199998,4686.2308435999985,3000,0,0,0.0,0.0,0.0,0.0,0.0,0.0,186.23084359999848,48247.2418022,47676.2308436,571.0109585999962,5071.0109586,571.0109585999999
2023-12-08,5257.241802199998,4686.2308435999985,3000,0,0,0.0,0.0,0.0,0.0,0.0,0.0,186.23084359999848,52537.2418022,51966.2308436,571.0109585999962,5071.0109586,571.0109585999999
2023-12-11,5257.241802199998,4686.2308435999985,3000,0,0,0.0,0.0,0.0,0.0,0.0,0.0,186.23084359999848,52027.2418022,51456.2308436,571.0109585999962,5071.0109586,571.0109585999999
2023-12-12,5257.241802199998,4686.2308435999985,3000,0,0,0.0,0.0,0.0,0.0,0.0,0.0,186.23084359999848,51037.2418022,50466.2308436,571.0109585999962,5071.0109586,571.0109585999999
2023-12-13,5257.241802199998,4686.2308435999985,3000,0,0,0.0,0.0,0.0,0.0,0.0,0.0,186.23084359999848,50497.2418022,49926.2308436,571.0109585999962,5071.0109586,571.0109585999999
2023-12-14,20214.607102199996,4686.2308435999985,2000,0,0,0.0,12.6347,0.0,0.0,0.0,0.0,186.23084359999848,50214.607102199996,49686.2308436,528.3762585999939,20028.376258599998,15528.376258599998
2023-12-15,20027.595179999997,4686.2308435999985,2000,0,0,0.0,17.6719222,0.0,0.0,0.0,0.0,186.23084359999848,49587.59518,49026.2308436,561.3643363999945,19841.364336399998,15341.364336399998
2023-12-18,5102.6659821999965,4686.2308435999985,3000,0,0,0.0,5.1491978,0.0,0.0,0.0,0.0,186.23084359999848,50192.66598219999,49776.2308436,416.43513859999075,4916.435138599998,416.435138599998
2023-12-19,5102.6659821999965,4686.2308435999985,3000,0,0,0.0,0.0,0.0,0.0,0.0,0.0,186.23084359999848,50612.66598219999,50196.2308436,416.43513859999075,4916.435138599998,416.435138599998
2023-12-20,5102.6659821999965,4686.2308435999985,3000,0,0,0.0,0.0,0.0,0.0,0.0,0.0,186.23084359999848,48752.66598219999,48336.2308436,416.43513859999075,4916.435138599998,416.435138599998
2023-12-21,5102.6659821999965,4686.2308435999985,3000,0,0,0.0,0.0,0.0,0.0,0.0,0.0,186.23084359999848,48812.66598219999,48396.2308436,416.43513859999075,4916.435138599998,416.435138599998
2023-12-22,19381.7373886,4686.2308435999985,2000,0,0,0.0,12.2885936,0.0,0.0,0.0,0.0,186.23084359999848,48021.7373886,47646.2308436,375.50654499999655,19195.506545,14695.506545
2023-12-25,19137.180695199997,4686.2308435999985,2000,0,0,0.0,17.3766934,0.0,0.0,0.0,0.0,186.23084359999848,47557.1806952,47316.2308436,240.94985159999487,18950.9498516,14450.949851599999
2023-12-26,18954.281063,4686.2308435999985,2000,0,0,0.0,17.1996322,0.0,0.0,0.0,0.0,186.23084359999848,46694.281063,46296.2308436,398.05021940000006,18768.0502194,14268.0502194
2023-12-27,4851.000081599999,4686.2308435999985,3000,0,0,0.0,5.1409814,0.0,0.0,0.0,0.0,186.23084359999848,46641.000081599996,46476.2308436,164.7692379999935,4664.769238000001,164.76923800000077
2023-12-28,4851.000081599999,4686.2308435999985,3000,0,0,0.0,0.0,0.0,0.0,0.0,0.0,186.23084359999848,49251.000081599996,49086.2308436,164.7692379999935,4664.769238000001,164.76923800000077
2023-12-29,4851.000081599999,4686.2308435999985,3000,0,0,0.0,0.0,0.0,0.0,0.0,0.0,186.23084359999848,50211.000081599996,50046.2308436,164.7692379999935,4664.769238000001,164.76923800000077
2024-01-02,4851.000081599999,4686.2308435999985,3000,0,0,0.0,0.0,0.0,0.0,0.0,0.0,186.23084359999848,47451.000081599996,47286.2308436,164.7692379999935,4664.769238000001,164.76923800000077
2024-01-03,4851.000081599999,4686.2308435999985,3000,0,0,0.0,0.0,0.0,0.0,0.0,0.0,186.23084359999848,46491.000081599996,46326.2308436,164.7692379999935,4664.769238000001,164.76923800000077
2024-01-04,4851.000081599999,4686.2308435999985,3000,0,0,0.0,0.0,0.0,0.0,0.0,0.0,186.23084359999848,45261.000081599996,45096.2308436,164.7692379999935,4664.769238000001,164.76923800000077
2024-01-05,18112.6306476,4686.2308435999985,2000,0,0,0.0,11.769434,0.0,0.0,0.0,0.0,186.23084359999848,44712.6306476,44586.2308436,126.39980400000059,17926.399804,13426.399804
2024-01-08,17853.140223799997,4686.2308435999985,2000,0,0,0.0,16.7904238,0.0,0.0,0.0,0.0,186.23084359999848,44013.1402238,43926.2308436,86.90938019999885,17666.9093802,13166.909380199999
2024-01-09,17492.951708,4686.2308435999985,2000,0,0,0.0,16.8485158,0.0,0.0,0.0,0.0,186.23084359999848,43872.951708,44256.2308436,-383.2791356000016,17306.720864400002,12806.720864400002
2024-01-10,4612.122950999999,4686.2308435999985,3000,0,0,0.0,5.128757,0.0,0.0,0.0,0.0,186.23084359999848,43342.122951,43416.2308436,-74.10789260000456,4425.892107400001,-74.1078925999991
2024-01-11,4612.122950999999,4686.2308435999985,3000,0,0,0.0,0.0,0.0,0.0,0.0,0.0,186.23084359999848,44062.122951,44136.2308436,-74.10789260000456,4425.892107400001,-74.1078925999991
2024-01-12,4612.122950999999,4686.2308435999985,3000,0,0,0.0,0.0,0.0,0.0,0.0,0.0,186.23084359999848,43192.122951,43266.2308436,-74.10789260000456,4425.892107400001,-74.1078925999991
2024-01-15,4612.122950999999,4686.2308435999985,3000,0,0,0.0,0.0,0.0,0.0,0.0,0.0,186.23084359999848,42772.122951,42846.2308436,-74.10789260000456,4425.892107400001,-74.1078925999991
2024-01-16,4612.122950999999,4686.2308435999985,3000,0,0,0.0,0.0,0.0,0.0,0.0,0.0,186.23084359999848,43342.122951,43416.2308436,-74.10789260000456,4425.892107400001,-74.1078925999991
2024-01-17,4612.122950999999,4686.2308435999985,3000,0,0,0.0,0.0,0.0,0.0,0.0,0.0,186.23084359999848,42652.122951,42726.2308436,-74.10789260000456,4425.892107400001,-74.1078925999991
2024-01-18,4612.122950999999,4686.2308435999985,3000,0,0,0.0,0.0,0.0,0.0,0.0,0.0,186.23084359999848,45742.122951,45816.2308436,-74.10789260000456,4425.892107400001,-74.1078925999991
2024-01-19,4612.122950999999,4686.2308435999985,3000,0,0,0.0,0.0,0.0,0.0,0.0,0.0,186.23084359999848,47212.122951,47286.2308436,-74.10789260000456,4425.892107400001,-74.1078925999991
2024-01-22,4612.122950999999,4686.2308435999985,3000,0,0,0.0,0.0,0.0,0.0,0.0,0.0,186.23084359999848,47812.122951,47886.2308436,-74.10789260000456,4425.892107400001,-74.1078925999991
2024-01-23,4612.122950999999,4686.2308435999985,3000,0,0,0.0,0.0,0.0,0.0,0.0,0.0,186.23084359999848,48112.122951,48186.2308436,-74.10789260000456,4425.892107400001,-74.1078925999991
2024-01-24,4612.122950999999,4686.2308435999985,3000,0,0,0.0,0.0,0.0,0.0,0.0,0.0,186.23084359999848,48112.122951,48186.2308436,-74.10789260000456,4425.892107400001,-74.1078925999991
2024-01-25,4612.122950999999,4686.2308435999985,3000,0,0,0.0,0.0,0.0,0.0,0.0,0.0,186.23084359999848,49852.122951,49926.2308436,-74.10789260000456,4425.892107400001,-74.1078925999991
2024-01-26,4612.122950999999,4686.2308435999985,3000,0,0,0.0,0.0,0.0,0.0,0.0,0.0,186.23084359999848,47842.122951,47916.2308436,-74.10789260000456,4425.892107400001,-74.1078925999991
2024-01-29,4612.122950999999,4686.2308435999985,3000,0,0,0.0,0.0,0.0,0.0,0.0,0.0,186.23084359999848,45382.122951,45456.2308436,-74.10789260000456,4425.892107400001,-74.1078925999991
2024-01-30,18073.251721,4686.2308435999985,2000,0,0,0.0,11.87123,0.0,0.0,0.0,0.0,186.23084359999848,45073.251721,45186.2308436,-112.97912260000157,17887.020877400002,13387.020877400002
2024-01-31,4651.337553199999,4686.2308435999985,3000,0,0,0.0,5.1341678,0.0,0.0,0.0,0.0,186.23084359999848,44581.3375532,44616.2308436,-34.893290400003025,4465.106709600001,-34.89329039999939
2024-02-01,4651.337553199999,4686.2308435999985,3000,0,0,0.0,0.0,0.0,0.0,0.0,0.0,186.23084359999848,48331.3375532,48366.2308436,-34.893290400003025,4465.106709600001,-34.89329039999939
2024-02-02,4651.337553199999,4686.2308435999985,3000,0,0,0.0,0.0,0.0,0.0,0.0,0.0,186.23084359999848,46411.3375532,46446.2308436,-34.893290400003025,4465.106709600001,-34.89329039999939
2024-02-05,4651.337553199999,4686.2308435999985,3000,0,0,0.0,0.0,0.0,0.0,0.0,0.0,186.23084359999848,48961.3375532,48996.2308436,-34.893290400003025,4465.106709600001,-34.89329039999939
2024-02-06,4651.337553199999,4686.2308435999985,3000,0,0,0.0,0.0,0.0,0.0,0.0,0.0,186.23084359999848,51241.3375532,51276.2308436,-34.893290400003025,4465.106709600001,-34.89329039999939
2024-02-07,4651.337553199999,4686.2308435999985,3000,0,0,0.0,0.0,0.0,0.0,0.0,0.0,186.23084359999848,50551.3375532,50586.2308436,-34.893290400003025,4465.106709600001,-34.89329039999939
2024-02-08,4651.337553199999,4686.2308435999985,3000,0,0,0.0,0.0,0.0,0.0,0.0,0.0,186.23084359999848,51751.3375532,51786.2308436,-34.893290400003025,4465.106709600001,-34.89329039999939
2024-02-19,4651.337553199999,4686.2308435999985,3000,0,0,0.0,0.0,0.0,0.0,0.0,0.0,186.23084359999848,56461.3375532,56496.2308436,-34.893290400003025,4465.106709600001,-34.89329039999939
2024-02-20,4651.337553199999,4686.2308435999985,3000,0,0,0.0,0.0,0.0,0.0,0.0,0.0,186.23084359999848,60121.33755319999,60156.23084359999,-34.89329039999575,4465.106709600001,-34.89329039999939
2024-02-21,4651.337553199999,4686.2308435999985,3000,0,0,0.0,0.0,0.0,0.0,0.0,0.0,186.23084359999848,57301.3375532,57336.2308436,-34.893290400003025,4465.106709600001,-34.89329039999939
2024-02-22,4651.337553199999,4686.2308435999985,3000,0,0,0.0,0.0,0.0,0.0,0.0,0.0,186.23084359999848,59221.33755320001,59256.2308436,-34.89329039999575,4465.106709600001,-34.89329039999939
2024-02-23,4651.337553199999,4686.2308435999985,3000,0,0,0.0,0.0,0.0,0.0,0.0,0.0,186.23084359999848,59161.33755320001,59196.2308436,-34.89329039999575,4465.106709600001,-34.89329039999939
2024-02-26,4651.337553199999,4686.2308435999985,3000,0,0,0.0,0.0,0.0,0.0,0.0,0.0,186.23084359999848,57661.33755320001,57696.2308436,-34.89329039999575,4465.106709600001,-34.89329039999939
2024-02-27,4651.337553199999,4686.2308435999985,3000,0,0,0.0,0.0,0.0,0.0,0.0,0.0,186.23084359999848,62641.33755319999,62676.23084359999,-34.89329039999575,4465.106709600001,-34.89329039999939
2024-02-28,4651.337553199999,4686.2308435999985,3000,0,0,0.0,0.0,0.0,0.0,0.0,0.0,186.23084359999848,59251.3375532,59286.2308436,-34.893290400003025,4465.106709600001,-34.89329039999939
2024-02-29,4651.337553199999,4686.2308435999985,3000,0,0,0.0,0.0,0.0,0.0,0.0,0.0,186.23084359999848,60721.33755320001,60756.2308436,-34.89329039999575,4465.106709600001,-34.89329039999939
2024-03-01,4651.337553199999,4686.2308435999985,3000,0,0,0.0,0.0,0.0,0.0,0.0,0.0,186.23084359999848,64711.3375532,64746.2308436,-34.893290400003025,4465.106709600001,-34.89329039999939
2024-03-04,4651.337553199999,4686.2308435999985,3000,0,0,0.0,0.0,0.0,0.0,0.0,0.0,186.23084359999848,70711.33755319999,70746.2308436,-34.8932904000103,4465.106709600001,-34.89329039999939
2024-03-05,4651.337553199999,4686.2308435999985,3000,0,0,0.0,0.0,0.0,0.0,0.0,0.0,186.23084359999848,72901.33755319999,72936.2308436,-34.8932904000103,4465.106709600001,-34.89329039999939
2024-03-06,4651.337553199999,4686.2308435999985,3000,0,0,0.0,0.0,0.0,0.0,0.0,0.0,186.23084359999848,70681.33755319999,70716.2308436,-34.8932904000103,4465.106709600001,-34.89329039999939
2024-03-07,4651.337553199999,4686.2308435999985,3000,0,0,0.0,0.0,0.0,0.0,0.0,0.0,186.23084359999848,72481.33755319999,72516.2308436,-34.8932904000103,4465.106709600001,-34.89329039999939
2024-03-08,4651.337553199999,4686.2308435999985,3000,0,0,0.0,0.0,0.0,0.0,0.0,0.0,186.23084359999848,79261.33755319999,79296.2308436,-34.8932904000103,4465.106709600001,-34.89329039999939
2024-03-11,4651.337553199999,4686.2308435999985,3000,0,0,0.0,0.0,0.0,0.0,0.0,0.0,186.23084359999848,82111.33755319999,82146.2308436,-34.8932904000103,4465.106709600001,-34.89329039999939
2024-03-12,4651.337553199999,4686.2308435999985,3000,0,0,0.0,0.0,0.0,0.0,0.0,0.0,186.23084359999848,79051.33755319999,79086.2308436,-34.8932904000103,4465.106709600001,-34.89329039999939
2024-03-13,4651.337553199999,4686.2308435999985,3000,0,0,0.0,0.0,0.0,0.0,0.0,0.0,186.23084359999848,77701.33755319999,77736.2308436,-34.8932904000103,4465.106709600001,-34.89329039999939
2024-03-14,4651.337553199999,4686.2308435999985,3000,0,0,0.0,0.0,0.0,0.0,0.0,0.0,186.23084359999848,73201.33755319999,73236.2308436,-34.8932904000103,4465.106709600001,-34.89329039999939
2024-03-15,4651.337553199999,4686.2308435999985,3000,0,0,0.0,0.0,0.0,0.0,0.0,0.0,186.23084359999848,73891.33755319999,73926.2308436,-34.8932904000103,4465.106709600001,-34.89329039999939
2024-03-18,4651.337553199999,4686.2308435999985,3000,0,0,0.0,0.0,0.0,0.0,0.0,0.0,186.23084359999848,79681.33755319999,79716.2308436,-34.8932904000103,4465.106709600001,-34.89329039999939
2024-03-19,4651.337553199999,4686.2308435999985,3000,0,0,0.0,0.0,0.0,0.0,0.0,0.0,186.23084359999848,81181.33755319999,81216.2308436,-34.8932904000103,4465.106709600001,-34.89329039999939
2024-03-20,4651.337553199999,4686.2308435999985,3000,0,0,0.0,0.0,0.0,0.0,0.0,0.0,186.23084359999848,79891.33755319999,79926.2308436,-34.8932904000103,4465.106709600001,-34.89329039999939
2024-03-21,4651.337553199999,4686.2308435999985,3000,0,0,0.0,0.0,0.0,0.0,0.0,0.0,186.23084359999848,79621.33755319999,79656.2308436,-34.8932904000103,4465.106709600001,-34.89329039999939
2024-03-22,4651.337553199999,4686.2308435999985,3000,0,0,0.0,0.0,0.0,0.0,0.0,0.0,186.23084359999848,77941.33755319999,77976.2308436,-34.8932904000103,4465.106709600001,-34.89329039999939
2024-03-25,28496.3478414,4686.2308435999985,2000,0,0,0.0,17.1697118,0.0,0.0,0.0,0.0,186.23084359999848,76316.3478414,76416.2308436,-99.88300220000383,28310.1169978,23810.1169978
2024-03-26,4322.866158999997,4686.2308435999985,3000,0,0,0.0,5.2416824,0.0,0.0,0.0,0.0,186.23084359999848,75512.866159,75876.2308436,-363.3646846000047,4136.635315399999,-363.36468460000106
2024-03-27,26671.6399172,4686.2308435999985,2000,0,0,0.0,16.4062418,0.0,0.0,0.0,0.0,186.23084359999848,71491.6399172,71916.2308436,-424.59092640000745,26485.4090736,21985.4090736
2024-03-28,3900.972262799998,4686.2308435999985,3000,0,0,0.0,5.2276544,0.0,0.0,0.0,0.0,186.23084359999848,74250.9722628,75036.2308436,-785.2585808000003,3714.7414191999997,-785.2585808000003
2024-03-29,3900.972262799998,4686.2308435999985,3000,0,0,0.0,0.0,0.0,0.0,0.0,0.0,186.23084359999848,72210.9722628,72996.2308436,-785.2585808000003,3714.7414191999997,-785.2585808000003
2024-04-01,3900.972262799998,4686.2308435999985,3000,0,0,0.0,0.0,0.0,0.0,0.0,0.0,186.23084359999848,73830.9722628,74616.2308436,-785.2585808000003,3714.7414191999997,-785.2585808000003
2024-04-02,3900.972262799998,4686.2308435999985,3000,0,0,0.0,0.0,0.0,0.0,0.0,0.0,186.23084359999848,72600.9722628,73386.2308436,-785.2585808000003,3714.7414191999997,-785.2585808000003
2024-04-03,3900.972262799998,4686.2308435999985,3000,0,0,0.0,0.0,0.0,0.0,0.0,0.0,186.23084359999848,69660.9722628,70446.2308436,-785.2585808000003,3714.7414191999997,-785.2585808000003
2024-04-08,3900.972262799998,4686.2308435999985,3000,0,0,0.0,0.0,0.0,0.0,0.0,0.0,186.23084359999848,69900.9722628,70686.2308436,-785.2585808000003,3714.7414191999997,-785.2585808000003
2024-04-09,3900.972262799998,4686.2308435999985,3000,0,0,0.0,0.0,0.0,0.0,0.0,0.0,186.23084359999848,69570.9722628,70356.2308436,-785.2585808000003,3714.7414191999997,-785.2585808000003
2024-04-10,24943.032784799998,4686.2308435999985,2000,0,0,0.0,15.739478,0.0,0.0,0.0,0.0,186.23084359999848,67143.0327848,67986.2308436,-843.1980588000006,24756.8019412,20256.8019412
2024-04-11,3464.9580561999974,4686.2308435999985,3000,0,0,0.0,5.2147286,0.0,0.0,0.0,0.0,186.23084359999848,67214.9580562,68436.2308436,-1221.2727873999975,3278.727212599999,-1221.272787400001
2024-04-12,3464.9580561999974,4686.2308435999985,3000,0,0,0.0,0.0,0.0,0.0,0.0,0.0,186.23084359999848,70244.9580562,71466.2308436,-1221.2727873999975,3278.727212599999,-1221.272787400001
2024-04-15,3464.9580561999974,4686.2308435999985,3000,0,0,0.0,0.0,0.0,0.0,0.0,0.0,186.23084359999848,70184.9580562,71406.2308436,-1221.2727873999975,3278.727212599999,-1221.272787400001
2024-04-16,3464.9580561999974,4686.2308435999985,3000,0,0,0.0,0.0,0.0,0.0,0.0,0.0,186.23084359999848,68894.95805619999,70116.23084359999,-1221.2727873999975,3278.727212599999,-1221.272787400001
2024-04-17,3464.9580561999974,4686.2308435999985,3000,0,0,0.0,0.0,0.0,0.0,0.0,0.0,186.23084359999848,70964.9580562,72186.2308436,-1221.2727873999975,3278.727212599999,-1221.272787400001
2024-04-18,3464.9580561999974,4686.2308435999985,3000,0,0,0.0,0.0,0.0,0.0,0.0,0.0,186.23084359999848,72164.9580562,73386.2308436,-1221.2727873999975,3278.727212599999,-1221.272787400001
2024-04-19,3464.9580561999974,4686.2308435999985,3000,0,0,0.0,0.0,0.0,0.0,0.0,0.0,186.23084359999848,69614.9580562,70836.2308436,-1221.2727873999975,3278.727212599999,-1221.272787400001
2024-04-22,3464.9580561999974,4686.2308435999985,3000,0,0,0.0,0.0,0.0,0.0,0.0,0.0,186.23084359999848,65984.9580562,67206.2308436,-1221.2727873999975,3278.727212599999,-1221.272787400001
2024-04-23,3464.9580561999974,4686.2308435999985,3000,0,0,0.0,0.0,0.0,0.0,0.0,0.0,186.23084359999848,65234.9580562,66456.2308436,-1221.2727874000047,3278.727212599999,-1221.272787400001
2024-04-24,3464.9580561999974,4686.2308435999985,3000,0,0,0.0,0.0,0.0,0.0,0.0,0.0,186.23084359999848,70184.9580562,71406.2308436,-1221.2727873999975,3278.727212599999,-1221.272787400001
2024-04-25,3464.9580561999974,4686.2308435999985,3000,0,0,0.0,0.0,0.0,0.0,0.0,0.0,186.23084359999848,70034.9580562,71256.2308436,-1221.2727873999975,3278.727212599999,-1221.272787400001
2024-04-26,3464.9580561999974,4686.2308435999985,3000,0,0,0.0,0.0,0.0,0.0,0.0,0.0,186.23084359999848,76694.9580562,77916.2308436,-1221.2727873999975,3278.727212599999,-1221.272787400001
2024-04-29,3464.9580561999974,4686.2308435999985,3000,0,0,0.0,0.0,0.0,0.0,0.0,0.0,186.23084359999848,77024.9580562,78246.2308436,-1221.2727873999975,3278.727212599999,-1221.272787400001
2024-04-30,3464.9580561999974,4686.2308435999985,3000,0,0,0.0,0.0,0.0,0.0,0.0,0.0,186.23084359999848,76964.9580562,78186.2308436,-1221.2727873999975,3278.727212599999,-1221.272787400001
2024-05-06,3464.9580561999974,4686.2308435999985,3000,0,0,0.0,0.0,0.0,0.0,0.0,0.0,186.23084359999848,77924.9580562,79146.2308436,-1221.2727873999975,3278.727212599999,-1221.272787400001
2024-05-07,3464.9580561999974,4686.2308435999985,3000,0,0,0.0,0.0,0.0,0.0,0.0,0.0,186.23084359999848,79604.9580562,80826.2308436,-1221.2727873999975,3278.727212599999,-1221.272787400001
2024-05-08,3464.9580561999974,4686.2308435999985,3000,0,0,0.0,0.0,0.0,0.0,0.0,0.0,186.23084359999848,76844.9580562,78066.2308436,-1221.2727873999975,3278.727212599999,-1221.272787400001
2024-05-09,3464.9580561999974,4686.2308435999985,3000,0,0,0.0,0.0,0.0,0.0,0.0,0.0,186.23084359999848,76124.9580562,77346.2308436,-1221.2727873999975,3278.727212599999,-1221.272787400001
2024-05-10,3464.9580561999974,4686.2308435999985,3000,0,0,0.0,0.0,0.0,0.0,0.0,0.0,186.23084359999848,75224.9580562,76446.2308436,-1221.2727873999975,3278.727212599999,-1221.272787400001
2024-05-13,3464.9580561999974,4686.2308435999985,3000,0,0,0.0,0.0,0.0,0.0,0.0,0.0,186.23084359999848,75464.9580562,76686.2308436,-1221.2727873999975,3278.727212599999,-1221.272787400001
2024-05-14,3464.9580561999974,4686.2308435999985,3000,0,0,0.0,0.0,0.0,0.0,0.0,0.0,186.23084359999848,74864.9580562,76086.2308436,-1221.2727873999975,3278.727212599999,-1221.272787400001
2024-05-15,3464.9580561999974,4686.2308435999985,3000,0,0,0.0,0.0,0.0,0.0,0.0,0.0,186.23084359999848,76364.9580562,77586.2308436,-1221.2727873999975,3278.727212599999,-1221.272787400001
2024-05-16,3464.9580561999974,4686.2308435999985,3000,0,0,0.0,0.0,0.0,0.0,0.0,0.0,186.23084359999848,80204.9580562,81426.2308436,-1221.2727873999975,3278.727212599999,-1221.272787400001
2024-05-17,3464.9580561999974,4686.2308435999985,3000,0,0,0.0,0.0,0.0,0.0,0.0,0.0,186.23084359999848,80564.9580562,81786.2308436,-1221.2727873999975,3278.727212599999,-1221.272787400001
2024-05-20,3464.9580561999974,4686.2308435999985,3000,0,0,0.0,0.0,0.0,0.0,0.0,0.0,186.23084359999848,82124.9580562,83346.2308436,-1221.2727873999975,3278.727212599999,-1221.272787400001
2024-05-21,3464.9580561999974,4686.2308435999985,3000,0,0,0.0,0.0,0.0,0.0,0.0,0.0,186.23084359999848,80624.9580562,81846.2308436,-1221.2727873999975,3278.727212599999,-1221.272787400001
2024-05-22,3464.9580561999974,4686.2308435999985,3000,0,0,0.0,0.0,0.0,0.0,0.0,0.0,186.23084359999848,79754.9580562,80976.2308436,-1221.2727873999975,3278.727212599999,-1221.272787400001
2024-05-23,3464.9580561999974,4686.2308435999985,3000,0,0,0.0,0.0,0.0,0.0,0.0,0.0,186.23084359999848,80324.9580562,81546.2308436,-1221.2727873999975,3278.727212599999,-1221.272787400001
2024-05-24,27549.3661892,4686.2308435999985,2000,0,0,0.0,17.291867000000003,0.0,0.0,0.0,0.0,186.23084359999848,75849.3661892,77136.2308436,-1286.8646544000076,27363.1353456,22863.1353456
2024-05-27,2574.276490799999,4686.2308435999985,3000,0,0,0.0,5.2496984,0.0,0.0,0.0,0.0,186.23084359999848,77154.2764908,79266.2308436,-2111.9543528000067,2388.0456472000005,-2111.9543527999995
2024-05-28,26628.759893199996,4686.2308435999985,2000,0,0,0.0,17.276597600000002,0.0,0.0,0.0,0.0,186.23084359999848,74868.7598932,77046.2308436,-2177.4709504000057,26442.529049599998,21942.529049599998
2024-05-29,26238.812197799998,4686.2308435999985,2000,0,0,0.0,22.5676954,0.0,0.0,0.0,0.0,186.23084359999848,74658.8121978,77316.2308436,-2657.418645800004,26052.5813542,21552.5813542
2024-05-30,1975.1496135999987,4686.2308435999985,3000,0,0,0.0,5.2425842,0.0,0.0,0.0,0.0,186.23084359999848,73795.14961359999,76506.2308436,-2711.0812300000107,1788.9187700000002,-2711.08123
2024-05-31,24822.6688818,4686.2308435999985,2000,0,0,0.0,16.6607318,0.0,0.0,0.0,0.0,186.23084359999848,70642.6688818,73416.2308436,-2773.5619618000055,24636.4380382,20136.4380382
2024-06-03,1380.6545140000017,4686.2308435999985,3000,0,0,0.0,5.2343678,0.0,0.0,0.0,0.0,186.23084359999848,72990.654514,76296.2308436,-3305.5763296000077,1194.4236704000032,-3305.576329599997
2024-06-04,1380.6545140000017,4686.2308435999985,3000,0,0,0.0,0.0,0.0,0.0,0.0,0.0,186.23084359999848,72750.654514,76056.2308436,-3305.5763296000077,1194.4236704000032,-3305.576329599997
2024-06-05,1380.6545140000017,4686.2308435999985,3000,0,0,0.0,0.0,0.0,0.0,0.0,0.0,186.23084359999848,72480.654514,75786.2308436,-3305.5763296000077,1194.4236704000032,-3305.576329599997
2024-06-06,1380.6545140000017,4686.2308435999985,3000,0,0,0.0,0.0,0.0,0.0,0.0,0.0,186.23084359999848,79590.654514,82896.2308436,-3305.5763296000077,1194.4236704000032,-3305.576329599997
2024-06-07,1380.6545140000017,4686.2308435999985,3000,0,0,0.0,0.0,0.0,0.0,0.0,0.0,186.23084359999848,74970.654514,78276.2308436,-3305.5763296000077,1194.4236704000032,-3305.576329599997
2024-06-11,1380.6545140000017,4686.2308435999985,3000,0,0,0.0,0.0,0.0,0.0,0.0,0.0,186.23084359999848,74010.654514,77316.2308436,-3305.5763296000077,1194.4236704000032,-3305.576329599997
2024-06-12,1380.6545140000017,4686.2308435999985,3000,0,0,0.0,0.0,0.0,0.0,0.0,0.0,186.23084359999848,74490.654514,77796.2308436,-3305.5763296000077,1194.4236704000032,-3305.576329599997
2024-06-13,1380.6545140000017,4686.2308435999985,3000,0,0,0.0,0.0,0.0,0.0,0.0,0.0,186.23084359999848,79080.654514,82386.2308436,-3305.5763296000077,1194.4236704000032,-3305.576329599997
2024-06-14,1380.6545140000017,4686.2308435999985,3000,0,0,0.0,0.0,0.0,0.0,0.0,0.0,186.23084359999848,83070.654514,86376.2308436,-3305.5763296000077,1194.4236704000032,-3305.576329599997
2024-06-17,1380.6545140000017,4686.2308435999985,3000,0,0,0.0,0.0,0.0,0.0,0.0,0.0,186.23084359999848,83910.654514,87216.2308436,-3305.5763296000077,1194.4236704000032,-3305.576329599997
2024-06-18,1380.6545140000017,4686.2308435999985,3000,0,0,0.0,0.0,0.0,0.0,0.0,0.0,186.23084359999848,87240.654514,90546.2308436,-3305.5763296000077,1194.4236704000032,-3305.576329599997
2024-06-19,1380.6545140000017,4686.2308435999985,3000,0,0,0.0,0.0,0.0,0.0,0.0,0.0,186.23084359999848,86790.654514,90096.2308436,-3305.5763296000077,1194.4236704000032,-3305.576329599997
2024-06-20,1380.6545140000017,4686.2308435999985,3000,0,0,0.0,0.0,0.0,0.0,0.0,0.0,186.23084359999848,87210.654514,90516.2308436,-3305.5763296000077,1194.4236704000032,-3305.576329599997
2024-06-21,1380.6545140000017,4686.2308435999985,3000,0,0,0.0,0.0,0.0,0.0,0.0,0.0,186.23084359999848,86790.654514,90096.2308436,-3305.5763296000077,1194.4236704000032,-3305.576329599997
2024-06-24,1380.6545140000017,4686.2308435999985,3000,0,0,0.0,0.0,0.0,0.0,0.0,0.0,186.23084359999848,84030.654514,87336.2308436,-3305.5763296000077,1194.4236704000032,-3305.576329599997
2024-06-25,1380.6545140000017,4686.2308435999985,3000,0,0,0.0,0.0,0.0,0.0,0.0,0.0,186.23084359999848,80700.654514,84006.2308436,-3305.5763296000077,1194.4236704000032,-3305.576329599997
2024-06-26,1380.6545140000017,4686.2308435999985,3000,0,0,0.0,0.0,0.0,0.0,0.0,0.0,186.23084359999848,82890.654514,86196.2308436,-3305.5763296000077,1194.4236704000032,-3305.576329599997
2024-06-27,1380.6545140000017,4686.2308435999985,3000,0,0,0.0,0.0,0.0,0.0,0.0,0.0,186.23084359999848,81810.654514,85116.2308436,-3305.5763296000077,1194.4236704000032,-3305.576329599997
2024-06-28,1380.6545140000017,4686.2308435999985,3000,0,0,0.0,0.0,0.0,0.0,0.0,0.0,186.23084359999848,83580.654514,86886.2308436,-3305.5763296000077,1194.4236704000032,-3305.576329599997
2024-07-01,1380.6545140000017,4686.2308435999985,3000,0,0,0.0,0.0,0.0,0.0,0.0,0.0,186.23084359999848,85380.654514,88686.2308436,-3305.5763296000077,1194.4236704000032,-3305.576329599997
2024-07-02,1380.6545140000017,4686.2308435999985,3000,0,0,0.0,0.0,0.0,0.0,0.0,0.0,186.23084359999848,83460.654514,86766.2308436,-3305.5763296000077,1194.4236704000032,-3305.576329599997
2024-07-03,1380.6545140000017,4686.2308435999985,3000,0,0,0.0,0.0,0.0,0.0,0.0,0.0,186.23084359999848,83520.654514,86826.2308436,-3305.5763296000077,1194.4236704000032,-3305.576329599997
2024-07-04,1380.6545140000017,4686.2308435999985,3000,0,0,0.0,0.0,0.0,0.0,0.0,0.0,186.23084359999848,83190.654514,86496.2308436,-3305.5763296000077,1194.4236704000032,-3305.576329599997
2024-07-05,1380.6545140000017,4686.2308435999985,3000,0,0,0.0,0.0,0.0,0.0,0.0,0.0,186.23084359999848,82620.654514,85926.2308436,-3305.5763296000077,1194.4236704000032,-3305.576329599997
2024-07-08,1380.6545140000017,4686.2308435999985,3000,0,0,0.0,0.0,0.0,0.0,0.0,0.0,186.23084359999848,82260.654514,85566.2308436,-3305.5763296000077,1194.4236704000032,-3305.576329599997
2024-07-09,1380.6545140000017,4686.2308435999985,3000,0,0,0.0,0.0,0.0,0.0,0.0,0.0,186.23084359999848,88380.654514,91686.2308436,-3305.5763296000077,1194.4236704000032,-3305.576329599997
2024-07-10,1380.6545140000017,4686.2308435999985,3000,0,0,0.0,0.0,0.0,0.0,0.0,0.0,186.23084359999848,88230.654514,91536.2308436,-3305.5763296000077,1194.4236704000032,-3305.576329599997
2024-07-11,1380.6545140000017,4686.2308435999985,3000,0,0,0.0,0.0,0.0,0.0,0.0,0.0,186.23084359999848,87660.654514,90966.2308436,-3305.5763296000077,1194.4236704000032,-3305.576329599997
2024-07-12,1380.6545140000017,4686.2308435999985,3000,0,0,0.0,0.0,0.0,0.0,0.0,0.0,186.23084359999848,83160.654514,86466.2308436,-3305.5763296000077,1194.4236704000032,-3305.576329599997
2024-07-15,1380.6545140000017,4686.2308435999985,3000,0,0,0.0,0.0,0.0,0.0,0.0,0.0,186.23084359999848,82260.654514,85566.2308436,-3305.5763296000077,1194.4236704000032,-3305.576329599997
2024-07-16,1380.6545140000017,4686.2308435999985,3000,0,0,0.0,0.0,0.0,0.0,0.0,0.0,186.23084359999848,83760.654514,87066.2308436,-3305.5763296000077,1194.4236704000032,-3305.576329599997
2024-07-17,27260.546483000002,4686.2308435999985,2000,0,0,0.0,18.208031,0.0,0.0,0.0,0.0,186.23084359999848,79160.546483,82536.2308436,-3375.684360600004,27074.315639400003,22574.315639400003
2024-07-18,2245.376383800005,4686.2308435999985,3000,0,0,0.0,5.2500992,0.0,0.0,0.0,0.0,186.23084359999848,78475.3763838,80916.2308436,-2440.8544598000008,2059.1455402000065,-2440.8544597999935
2024-07-19,26838.504937000005,4686.2308435999985,2000,0,0,0.0,17.5514468,0.0,0.0,0.0,0.0,186.23084359999848,76158.504937,78666.2308436,-2507.725906599997,26652.274093400007,22152.274093400007
2024-07-22,2264.219246600005,4686.2308435999985,3000,0,0,0.0,5.2456904,0.0,0.0,0.0,0.0,186.23084359999848,76994.2192466,79416.2308436,-2422.0115970000043,2077.9884030000067,-2422.0115969999933
2024-07-23,26737.648877400003,4686.2308435999985,2000,0,0,0.0,17.4903692,0.0,0.0,0.0,0.0,186.23084359999848,75817.6488774,78306.2308436,-2488.5819661999994,26551.418033800004,22051.418033800004
2024-07-24,26086.771866800005,4686.2308435999985,2000,0,0,0.0,22.6170106,0.0,0.0,0.0,0.0,186.23084359999848,74686.7718668,77586.2308436,-2899.4589768000005,25900.541023200007,21400.541023200007
2024-07-25,2624.717298600004,4686.2308435999985,3000,0,0,0.0,5.2345682,0.0,0.0,0.0,0.0,186.23084359999848,72224.71729860001,74286.2308436,-2061.5135449999943,2438.4864550000057,-2061.5135449999943
2024-07-26,2624.717298600004,4686.2308435999985,3000,0,0,0.0,0.0,0.0,0.0,0.0,0.0,186.23084359999848,73124.71729860001,75186.2308436,-2061.5135449999943,2438.4864550000057,-2061.5135449999943
2024-07-29,2624.717298600004,4686.2308435999985,3000,0,0,0.0,0.0,0.0,0.0,0.0,0.0,186.23084359999848,74024.71729860001,76086.2308436,-2061.5135449999943,2438.4864550000057,-2061.5135449999943
2024-07-30,25412.387105600003,4686.2308435999985,2000,0,0,0.0,16.630193,0.0,0.0,0.0,0.0,186.23084359999848,71112.3871056,73236.2308436,-2123.843737999996,25226.156262000004,20726.156262000004
2024-07-31,2050.533539400003,4686.2308435999985,3000,0,0,0.0,5.2335662,0.0,0.0,0.0,0.0,186.23084359999848,73570.5335394,76206.2308436,-2635.6973042000027,1864.3026958000046,-2635.6973041999954
2024-08-01,2050.533539400003,4686.2308435999985,3000,0,0,0.0,0.0,0.0,0.0,0.0,0.0,186.23084359999848,73960.5335394,76596.2308436,-2635.6973042000027,1864.3026958000046,-2635.6973041999954
2024-08-02,2050.533539400003,4686.2308435999985,3000,0,0,0.0,0.0,0.0,0.0,0.0,0.0,186.23084359999848,69040.5335394,71676.2308436,-2635.6973042000027,1864.3026958000046,-2635.6973041999954
2024-08-05,22414.300167800004,4686.2308435999985,2000,0,0,0.0,15.3933716,0.0,0.0,0.0,0.0,186.23084359999848,63254.3001678,65946.2308436,-2691.930675800002,22228.069324200005,17728.069324200005
2024-08-06,1607.5721526000016,4686.2308435999985,3000,0,0,0.0,5.2080152,0.0,0.0,0.0,0.0,186.23084359999848,64037.5721526,67116.23084359999,-3078.6586909999896,1421.341309000003,-3078.658690999997
2024-08-07,21951.3889606,4686.2308435999985,2000,0,0,0.0,15.383192000000001,0.0,0.0,0.0,0.0,186.23084359999848,62751.3889606,65886.23084359999,-3134.8418829999864,21765.158117000003,17265.158117000003
2024-08-08,1956.2890616000004,4686.2308435999985,3000,0,0,0.0,5.199899,0.0,0.0,0.0,0.0,186.23084359999848,63396.2890616,66126.2308436,-2729.9417820000017,1770.058218000002,-2729.941781999998
2024-08-09,1956.2890616000004,4686.2308435999985,3000,0,0,0.0,0.0,0.0,0.0,0.0,0.0,186.23084359999848,64326.2890616,67056.2308436,-2729.9417820000017,1770.058218000002,-2729.941781999998
2024-08-12,1956.2890616000004,4686.2308435999985,3000,0,0,0.0,0.0,0.0,0.0,0.0,0.0,186.23084359999848,63876.2890616,66606.2308436,-2729.9417820000017,1770.058218000002,-2729.941781999998
2024-08-13,1956.2890616000004,4686.2308435999985,3000,0,0,0.0,0.0,0.0,0.0,0.0,0.0,186.23084359999848,64296.2890616,67026.2308436,-2729.9417820000017,1770.058218000002,-2729.941781999998
2024-08-14,1956.2890616000004,4686.2308435999985,3000,0,0,0.0,0.0,0.0,0.0,0.0,0.0,186.23084359999848,66096.2890616,68826.2308436,-2729.941782000009,1770.058218000002,-2729.941781999998
2024-08-15,3696.2890616000004,6426.2308435999985,3000,0,0,348.0,0.0,0.0,1739.9999999999998,1739.9999999999998,0.0,186.23084359999848,65328.28906159999,68406.2308436,-3077.941782000009,3510.058218000002,-2729.941781999998
2024-08-16,3696.2890616000004,6426.2308435999985,3000,0,0,348.0,0.0,0.0,0.0,0.0,0.0,186.23084359999848,66528.2890616,69606.23084359999,-3077.9417819999944,3510.058218000002,-2729.941781999998
2024-08-19,3696.2890616000004,6426.2308435999985,3000,0,0,348.0,0.0,0.0,0.0,0.0,0.0,186.23084359999848,65688.2890616,68766.2308436,-3077.941782000009,3510.058218000002,-2729.941781999998
2024-08-20,3696.2890616000004,6426.2308435999985,3000,0,0,348.0,0.0,0.0,0.0,0.0,0.0,186.23084359999848,65298.28906159999,68376.23084359999,-3077.9417819999944,3510.058218000002,-2729.941781999998
2024-08-21,3696.2890616000004,6426.2308435999985,3000,0,0,348.0,0.0,0.0,0.0,0.0,0.0,186.23084359999848,65658.2890616,68736.2308436,-3077.941782000009,3510.058218000002,-2729.941781999998
2024-08-22,3696.2890616000004,6426.2308435999985,3000,0,0,348.0,0.0,0.0,0.0,0.0,0.0,186.23084359999848,64518.2890616,67596.2308436,-3077.9417820000017,3510.058218000002,-2729.941781999998
2024-08-23,3696.2890616000004,6426.2308435999985,3000,0,0,348.0,0.0,0.0,0.0,0.0,0.0,186.23084359999848,64728.2890616,67806.2308436,-3077.9417820000017,3510.058218000002,-2729.941781999998
2024-08-26,3696.2890616000004,6426.2308435999985,3000,0,0,348.0,0.0,0.0,0.0,0.0,0.0,186.23084359999848,63708.2890616,66786.2308436,-3077.9417820000017,3510.058218000002,-2729.941781999998
2024-08-27,23275.7367066,6426.2308435999985,2000,0,0,232.0,15.052355,116.0,0.0,0.0,0.0,186.23084359999848,62543.7367066,65676.2308436,-3132.4941370000015,23089.505863000002,16849.505863000002
2024-08-28,3280.6368076,6426.2308435999985,3000,0,0,232.0,5.199899,0.0,0.0,0.0,0.0,186.23084359999848,62358.6368076,65736.2308436,-3377.5940360000022,3094.4059640000014,-3145.5940359999986
2024-08-29,3280.6368076,6426.2308435999985,3000,0,0,232.0,0.0,0.0,0.0,0.0,0.0,186.23084359999848,60708.6368076,64086.2308436,-3377.5940360000022,3094.4059640000014,-3145.5940359999986
2024-08-30,3280.6368076,6426.2308435999985,3000,0,0,232.0,0.0,0.0,0.0,0.0,0.0,186.23084359999848,64458.6368076,67836.2308436,-3377.5940360000022,3094.4059640000014,-3145.5940359999986
2024-09-02,3280.6368076,6426.2308435999985,3000,0,0,232.0,0.0,0.0,0.0,0.0,0.0,186.23084359999848,61398.6368076,64776.2308436,-3377.5940360000022,3094.4059640000014,-3145.5940359999986
2024-09-03,3280.6368076,6426.2308435999985,3000,0,0,232.0,0.0,0.0,0.0,0.0,0.0,186.23084359999848,61368.63680760001,64746.2308436,-3377.594035999995,3094.4059640000014,-3145.5940359999986
2024-09-04,3280.6368076,6426.2308435999985,3000,0,0,232.0,0.0,0.0,0.0,0.0,0.0,186.23084359999848,59808.63680760001,63186.2308436,-3377.594035999995,3094.4059640000014,-3145.5940359999986
2024-09-05,3280.6368076,6426.2308435999985,3000,0,0,232.0,0.0,0.0,0.0,0.0,0.0,186.23084359999848,59688.6368076,63066.2308436,-3377.5940360000022,3094.4059640000014,-3145.5940359999986
2024-09-06,21473.5719348,6426.2308435999985,2000,0,0,116.0,14.3448728,116.0,0.0,0.0,0.0,186.23084359999848,58077.5719348,61506.2308436,-3428.6589088000037,21287.3410912,15047.3410912
2024-09-09,3091.7081679999974,6426.2308435999985,3000,0,0,58.0,5.1837668,0.0,0.0,0.0,0.0,186.23084359999848,58833.708168000005,62226.2308436,-3392.5226755999975,2905.477324399999,-3334.522675600001
2024-09-10,3091.7081679999974,6426.2308435999985,3000,0,0,58.0,0.0,0.0,0.0,0.0,0.0,186.23084359999848,59493.708168,62886.2308436,-3392.5226756000047,2905.477324399999,-3334.522675600001
2024-09-11,3091.7081679999974,6426.2308435999985,3000,0,0,58.0,0.0,0.0,0.0,0.0,0.0,186.23084359999848,59373.708168,62766.2308436,-3392.5226756000047,2905.477324399999,-3334.522675600001
2024-09-12,3091.7081679999974,6426.2308435999985,3000,0,0,58.0,0.0,0.0,0.0,0.0,0.0,186.23084359999848,59553.708168,62946.2308436,-3392.5226756000047,2905.477324399999,-3334.522675600001
2024-09-13,3091.7081679999974,6426.2308435999985,3000,0,0,58.0,0.0,0.0,0.0,0.0,0.0,186.23084359999848,60783.708168,64176.2308436,-3392.5226756000047,2905.477324399999,-3334.522675600001
2024-09-18,3091.7081679999974,6426.2308435999985,3000,0,0,58.0,0.0,0.0,0.0,0.0,0.0,186.23084359999848,59283.708168,62676.2308436,-3392.5226756000047,2905.477324399999,-3334.522675600001
2024-09-19,3091.7081679999974,6426.2308435999985,3000,0,0,58.0,0.0,0.0,0.0,0.0,0.0,186.23084359999848,59583.708168000005,62976.2308436,-3392.5226755999975,2905.477324399999,-3334.522675600001
2024-09-20,3091.7081679999974,6426.2308435999985,3000,0,0,58.0,0.0,0.0,0.0,0.0,0.0,186.23084359999848,59613.708168,63006.2308436,-3392.5226756000047,2905.477324399999,-3334.522675600001
2024-09-23,3091.7081679999974,6426.2308435999985,3000,0,0,58.0,0.0,0.0,0.0,0.0,0.0,186.23084359999848,59163.708168,62556.2308436,-3392.5226756000047,2905.477324399999,-3334.522675600001
2024-09-24,3091.7081679999974,6426.2308435999985,3000,0,0,58.0,0.0,0.0,0.0,0.0,0.0,186.23084359999848,64773.70816799999,68166.23084359999,-3392.5226755999975,2905.477324399999,-3334.522675600001
2024-09-25,3091.7081679999974,6426.2308435999985,3000,0,0,58.0,0.0,0.0,0.0,0.0,0.0,186.23084359999848,66243.708168,69636.2308436,-3392.5226756000047,2905.477324399999,-3334.522675600001
2024-09-26,3091.7081679999974,6426.2308435999985,3000,0,0,58.0,0.0,0.0,0.0,0.0,0.0,186.23084359999848,68013.708168,71406.2308436,-3392.5226756000047,2905.477324399999,-3334.522675600001
2024-09-27,3091.7081679999974,6426.2308435999985,3000,0,0,58.0,0.0,0.0,0.0,0.0,0.0,186.23084359999848,72033.708168,75426.2308436,-3392.5226756000047,2905.477324399999,-3334.522675600001
2024-09-30,3091.7081679999974,6426.2308435999985,3000,0,0,58.0,0.0,0.0,0.0,0.0,0.0,186.23084359999848,78603.708168,81996.2308436,-3392.5226756000047,2905.477324399999,-3334.522675600001
2024-10-08,3091.7081679999974,6426.2308435999985,3000,0,0,58.0,0.0,0.0,0.0,0.0,0.0,186.23084359999848,86163.708168,89556.2308436,-3392.5226756000047,2905.477324399999,-3334.522675600001
2024-10-09,3091.7081679999974,6426.2308435999985,3000,0,0,58.0,0.0,0.0,0.0,0.0,0.0,186.23084359999848,81033.708168,84426.2308436,-3392.5226756000047,2905.477324399999,-3334.522675600001
2024-10-10,3091.7081679999974,6426.2308435999985,3000,0,0,58.0,0.0,0.0,0.0,0.0,0.0,186.23084359999848,80433.708168,83826.2308436,-3392.5226756000047,2905.477324399999,-3334.522675600001
2024-10-11,3091.7081679999974,6426.2308435999985,3000,0,0,58.0,0.0,0.0,0.0,0.0,0.0,186.23084359999848,76803.708168,80196.2308436,-3392.5226756000047,2905.477324399999,-3334.522675600001
2024-10-14,3091.7081679999974,6426.2308435999985,3000,0,0,58.0,0.0,0.0,0.0,0.0,0.0,186.23084359999848,78513.708168,81906.2308436,-3392.5226756000047,2905.477324399999,-3334.522675600001
2024-10-15,27566.987259999998,6426.2308435999985,2000,0,0,0.0,17.520908,58.0,0.0,0.0,0.0,186.23084359999848,76766.98726,80226.2308436,-3459.2435836000077,27380.7564164,21140.7564164
2024-10-16,3784.2894854000006,6426.2308435999985,3000,0,0,0.0,5.2377746,0.0,0.0,0.0,0.0,186.23084359999848,74374.2894854,77016.2308436,-2641.941358199998,3598.058641800002,-2641.941358199998
2024-10-17,27429.801569600004,6426.2308435999985,2000,0,0,0.0,17.0679158,0.0,0.0,0.0,0.0,186.23084359999848,74849.80156960001,77556.2308436,-2706.4292739999946,27243.570726000005,21003.570726000005
2024-10-18,2424.6515706000027,6426.2308435999985,3000,0,0,0.0,5.249999,0.0,0.0,0.0,0.0,186.23084359999848,80664.6515706,84666.2308436,-4001.5792729999957,2238.4207270000043,-4001.5792729999957
2024-10-21,2424.6515706000027,6426.2308435999985,3000,0,0,0.0,0.0,0.0,0.0,0.0,0.0,186.23084359999848,81024.6515706,85026.2308436,-4001.5792729999957,2238.4207270000043,-4001.5792729999957
2024-10-22,2424.6515706000027,6426.2308435999985,3000,0,0,0.0,0.0,0.0,0.0,0.0,0.0,186.23084359999848,81204.6515706,85206.2308436,-4001.5792729999957,2238.4207270000043,-4001.5792729999957
2024-10-23,2424.6515706000027,6426.2308435999985,3000,0,0,0.0,0.0,0.0,0.0,0.0,0.0,186.23084359999848,79254.6515706,83256.2308436,-4001.5792729999957,2238.4207270000043,-4001.5792729999957
2024-10-24,2424.6515706000027,6426.2308435999985,3000,0,0,0.0,0.0,0.0,0.0,0.0,0.0,186.23084359999848,78474.6515706,82476.2308436,-4001.5792729999957,2238.4207270000043,-4001.5792729999957
2024-10-25,2424.6515706000027,6426.2308435999985,3000,0,0,0.0,0.0,0.0,0.0,0.0,0.0,186.23084359999848,79404.6515706,83406.2308436,-4001.5792729999957,2238.4207270000043,-4001.5792729999957
2024-10-28,2424.6515706000027,6426.2308435999985,3000,0,0,0.0,0.0,0.0,0.0,0.0,0.0,186.23084359999848,78204.6515706,82206.2308436,-4001.5792729999957,2238.4207270000043,-4001.5792729999957
2024-10-29,2424.6515706000027,6426.2308435999985,3000,0,0,0.0,0.0,0.0,0.0,0.0,0.0,186.23084359999848,77574.6515706,81576.2308436,-4001.5792729999957,2238.4207270000043,-4001.5792729999957
2024-10-30,2424.6515706000027,6426.2308435999985,3000,0,0,0.0,0.0,0.0,0.0,0.0,0.0,186.23084359999848,76944.6515706,80946.2308436,-4001.5792729999957,2238.4207270000043,-4001.5792729999957
2024-10-31,2424.6515706000027,6426.2308435999985,3000,0,0,0.0,0.0,0.0,0.0,0.0,0.0,186.23084359999848,75174.6515706,79176.2308436,-4001.5792729999957,2238.4207270000043,-4001.5792729999957
2024-11-01,26040.238924200003,6426.2308435999985,2000,0,0,0.0,17.0526464,0.0,0.0,0.0,0.0,186.23084359999848,73400.2389242,77466.2308436,-4065.991919399996,25854.008080600004,19614.008080600004
2024-11-04,1736.4959392000019,6426.2308435999985,3000,0,0,0.0,5.242985,0.0,0.0,0.0,0.0,186.23084359999848,74726.4959392,79416.2308436,-4689.7349044,1550.2650956000034,-4689.734904399997
2024-11-05,1736.4959392000019,6426.2308435999985,3000,0,0,0.0,0.0,0.0,0.0,0.0,0.0,186.23084359999848,75986.4959392,80676.2308436,-4689.7349044,1550.2650956000034,-4689.734904399997
2024-11-06,1736.4959392000019,6426.2308435999985,3000,0,0,0.0,0.0,0.0,0.0,0.0,0.0,186.23084359999848,74276.4959392,78966.2308436,-4689.7349044,1550.2650956000034,-4689.734904399997
2024-11-07,1736.4959392000019,6426.2308435999985,3000,0,0,0.0,0.0,0.0,0.0,0.0,0.0,186.23084359999848,75656.4959392,80346.2308436,-4689.7349044,1550.2650956000034,-4689.734904399997
2024-11-08,1736.4959392000019,6426.2308435999985,3000,0,0,0.0,0.0,0.0,0.0,0.0,0.0,186.23084359999848,79676.4959392,84366.2308436,-4689.7349044,1550.2650956000034,-4689.734904399997
2024-11-11,1736.4959392000019,6426.2308435999985,3000,0,0,0.0,0.0,0.0,0.0,0.0,0.0,186.23084359999848,82766.4959392,87456.2308436,-4689.7349044,1550.2650956000034,-4689.734904399997
2024-11-12,1736.4959392000019,6426.2308435999985,3000,0,0,0.0,0.0,0.0,0.0,0.0,0.0,186.23084359999848,78896.4959392,83586.2308436,-4689.7349044,1550.2650956000034,-4689.734904399997
2024-11-13,1736.4959392000019,6426.2308435999985,3000,0,0,0.0,0.0,0.0,0.0,0.0,0.0,186.23084359999848,81146.4959392,85836.2308436,-4689.7349044,1550.2650956000034,-4689.734904399997
2024-11-14,1736.4959392000019,6426.2308435999985,3000,0,0,0.0,0.0,0.0,0.0,0.0,0.0,186.23084359999848,76346.4959392,81036.2308436,-4689.7349044,1550.2650956000034,-4689.734904399997
2024-11-15,25591.481137600003,6426.2308435999985,2000,0,0,0.0,17.174801600000002,0.0,0.0,0.0,0.0,186.23084359999848,73431.4811376,78186.2308436,-4754.749706000002,25405.250294000005,19165.250294000005
2024-11-18,25296.097774,6426.2308435999985,2000,0,0,0.0,22.0633636,0.0,0.0,0.0,0.0,186.23084359999848,71776.097774,76146.2308436,-4370.133069600008,25109.866930400003,18869.866930400003
2024-11-19,1773.922604600004,6426.2308435999985,3000,0,0,0.0,5.2351694,0.0,0.0,0.0,0.0,186.23084359999848,72933.9226046,77586.2308436,-4652.308239000005,1587.6917610000055,-4652.3082389999945
2024-11-20,1773.922604600004,6426.2308435999985,3000,0,0,0.0,0.0,0.0,0.0,0.0,0.0,186.23084359999848,73773.9226046,78426.2308436,-4652.308239000005,1587.6917610000055,-4652.3082389999945
2024-11-21,1773.922604600004,6426.2308435999985,3000,0,0,0.0,0.0,0.0,0.0,0.0,0.0,186.23084359999848,72063.9226046,76716.2308436,-4652.308239000005,1587.6917610000055,-4652.3082389999945
2024-11-22,1773.922604600004,6426.2308435999985,3000,0,0,0.0,0.0,0.0,0.0,0.0,0.0,186.23084359999848,70293.9226046,74946.2308436,-4652.308239000005,1587.6917610000055,-4652.3082389999945
2024-11-25,1773.922604600004,6426.2308435999985,3000,0,0,0.0,0.0,0.0,0.0,0.0,0.0,186.23084359999848,68103.9226046,72756.2308436,-4652.308239000005,1587.6917610000055,-4652.3082389999945
2024-11-26,1773.922604600004,6426.2308435999985,3000,0,0,0.0,0.0,0.0,0.0,0.0,0.0,186.23084359999848,68043.9226046,72696.2308436,-4652.308239000005,1587.6917610000055,-4652.3082389999945
2024-11-27,1773.922604600004,6426.2308435999985,3000,0,0,0.0,0.0,0.0,0.0,0.0,0.0,186.23084359999848,68733.9226046,73386.2308436,-4652.308239000005,1587.6917610000055,-4652.3082389999945
2024-11-28,23564.101391600005,6426.2308435999985,2000,0,0,0.0,16.121213,0.0,0.0,0.0,0.0,186.23084359999848,67264.10139160001,71976.2308436,-4712.129451999994,23377.870548000006,17137.870548000006
2024-11-29,1544.9412522000057,6426.2308435999985,3000,0,0,0.0,5.2201394,0.0,0.0,0.0,0.0,186.23084359999848,68114.9412522,72996.2308436,-4881.289591399996,1358.7104086000072,-4881.289591399993
2024-12-02,1544.9412522000057,6426.2308435999985,3000,0,0,0.0,0.0,0.0,0.0,0.0,0.0,186.23084359999848,69224.9412522,74106.2308436,-4881.289591399996,1358.7104086000072,-4881.289591399993
2024-12-03,1544.9412522000057,6426.2308435999985,3000,0,0,0.0,0.0,0.0,0.0,0.0,0.0,186.23084359999848,68264.9412522,73146.2308436,-4881.289591399996,1358.7104086000072,-4881.289591399993
2024-12-04,1544.9412522000057,6426.2308435999985,3000,0,0,0.0,0.0,0.0,0.0,0.0,0.0,186.23084359999848,67184.9412522,72066.2308436,-4881.289591399996,1358.7104086000072,-4881.289591399993
2024-12-05,1544.9412522000057,6426.2308435999985,3000,0,0,0.0,0.0,0.0,0.0,0.0,0.0,186.23084359999848,69164.9412522,74046.2308436,-4881.289591399996,1358.7104086000072,-4881.289591399993
2024-12-06,1544.9412522000057,6426.2308435999985,3000,0,0,0.0,0.0,0.0,0.0,0.0,0.0,186.23084359999848,69344.9412522,74226.2308436,-4881.289591399996,1358.7104086000072,-4881.289591399993
2024-12-09,1544.9412522000057,6426.2308435999985,3000,0,0,0.0,0.0,0.0,0.0,0.0,0.0,186.23084359999848,67934.9412522,72816.2308436,-4881.289591399996,1358.7104086000072,-4881.289591399993
2024-12-10,1544.9412522000057,6426.2308435999985,3000,0,0,0.0,0.0,0.0,0.0,0.0,0.0,186.23084359999848,67964.9412522,72846.2308436,-4881.289591399996,1358.7104086000072,-4881.289591399993
2024-12-11,1544.9412522000057,6426.2308435999985,3000,0,0,0.0,0.0,0.0,0.0,0.0,0.0,186.23084359999848,68534.9412522,73416.2308436,-4881.289591399996,1358.7104086000072,-4881.289591399993
2024-12-12,1544.9412522000057,6426.2308435999985,3000,0,0,0.0,0.0,0.0,0.0,0.0,0.0,186.23084359999848,68564.9412522,73446.2308436,-4881.289591399996,1358.7104086000072,-4881.289591399993
2024-12-13,1544.9412522000057,6426.2308435999985,3000,0,0,0.0,0.0,0.0,0.0,0.0,0.0,186.23084359999848,65594.94125220002,70476.2308436,-4881.289591399982,1358.7104086000072,-4881.289591399993
2024-12-16,1544.9412522000057,6426.2308435999985,3000,0,0,0.0,0.0,0.0,0.0,0.0,0.0,186.23084359999848,64724.9412522,69606.23084359999,-4881.289591399989,1358.7104086000072,-4881.289591399993
2024-12-17,1544.9412522000057,6426.2308435999985,3000,0,0,0.0,0.0,0.0,0.0,0.0,0.0,186.23084359999848,66344.94125220002,71226.2308436,-4881.289591399982,1358.7104086000072,-4881.289591399993
2024-12-18,1544.9412522000057,6426.2308435999985,3000,0,0,0.0,0.0,0.0,0.0,0.0,0.0,186.23084359999848,65774.9412522,70656.2308436,-4881.289591399996,1358.7104086000072,-4881.289591399993
2024-12-19,1544.9412522000057,6426.2308435999985,3000,0,0,0.0,0.0,0.0,0.0,0.0,0.0,186.23084359999848,68114.9412522,72996.2308436,-4881.289591399996,1358.7104086000072,-4881.289591399993
2024-12-20,1544.9412522000057,6426.2308435999985,3000,0,0,0.0,0.0,0.0,0.0,0.0,0.0,186.23084359999848,67604.9412522,72486.2308436,-4881.289591399996,1358.7104086000072,-4881.289591399993
2024-12-23,1544.9412522000057,6426.2308435999985,3000,0,0,0.0,0.0,0.0,0.0,0.0,0.0,186.23084359999848,67694.9412522,72576.2308436,-4881.289591399996,1358.7104086000072,-4881.289591399993
2024-12-24,1544.9412522000057,6426.2308435999985,3000,0,0,0.0,0.0,0.0,0.0,0.0,0.0,186.23084359999848,70544.9412522,75426.2308436,-4881.289591399996,1358.7104086000072,-4881.289591399993
2024-12-25,1544.9412522000057,6426.2308435999985,3000,0,0,0.0,0.0,0.0,0.0,0.0,0.0,186.23084359999848,69704.9412522,74586.2308436,-4881.289591399996,1358.7104086000072,-4881.289591399993
2024-12-26,1544.9412522000057,6426.2308435999985,3000,0,0,0.0,0.0,0.0,0.0,0.0,0.0,186.23084359999848,71534.9412522,76416.2308436,-4881.289591399996,1358.7104086000072,-4881.289591399993
2024-12-27,1544.9412522000057,6426.2308435999985,3000,0,0,0.0,0.0,0.0,0.0,0.0,0.0,186.23084359999848,69374.9412522,74256.2308436,-4881.289591399996,1358.7104086000072,-4881.289591399993
2024-12-30,1544.9412522000057,6426.2308435999985,3000,0,0,0.0,0.0,0.0,0.0,0.0,0.0,186.23084359999848,68894.9412522,73776.2308436,-4881.289591399996,1358.7104086000072,-4881.289591399993
2024-12-31,1544.9412522000057,6426.2308435999985,3000,0,0,0.0,0.0,0.0,0.0,0.0,0.0,186.23084359999848,66044.9412522,70926.2308436,-4881.289591399996,1358.7104086000072,-4881.289591399993
2025-01-02,22197.98027640001,6426.2308435999985,2000,0,0,0.0,15.540975800000002,0.0,0.0,0.0,0.0,186.23084359999848,63617.980276400005,68556.2308436,-4938.250567199997,22011.74943280001,15771.74943280001
2025-01-03,21774.471620000008,6426.2308435999985,2000,0,0,0.0,20.668656400000003,0.0,0.0,0.0,0.0,186.23084359999848,62874.47162000001,68076.2308436,-5201.759223599991,21588.24077640001,15348.240776400009
2025-01-06,907.6230036000088,6426.2308435999985,3000,0,0,0.0,5.2086164,0.0,0.0,0.0,0.0,186.23084359999848,62917.62300360002,68436.2308436,-5518.607839999982,721.3921600000103,-5518.60783999999
2025-01-07,907.6230036000088,6426.2308435999985,3000,0,0,0.0,0.0,0.0,0.0,0.0,0.0,186.23084359999848,64657.623003600005,70176.2308436,-5518.607839999997,721.3921600000103,-5518.60783999999
2025-01-08,907.6230036000088,6426.2308435999985,3000,0,0,0.0,0.0,0.0,0.0,0.0,0.0,186.23084359999848,62797.623003600005,68316.2308436,-5518.607839999997,721.3921600000103,-5518.60783999999
2025-01-09,907.6230036000088,6426.2308435999985,3000,0,0,0.0,0.0,0.0,0.0,0.0,0.0,186.23084359999848,62527.623003600005,68046.2308436,-5518.607839999997,721.3921600000103,-5518.60783999999
2025-01-10,907.6230036000088,6426.2308435999985,3000,0,0,0.0,0.0,0.0,0.0,0.0,0.0,186.23084359999848,60157.623003600005,65676.2308436,-5518.607839999997,721.3921600000103,-5518.60783999999
2025-01-13,907.6230036000088,6426.2308435999985,3000,0,0,0.0,0.0,0.0,0.0,0.0,0.0,186.23084359999848,60067.623003600005,65586.2308436,-5518.607839999997,721.3921600000103,-5518.60783999999
2025-01-14,907.6230036000088,6426.2308435999985,3000,0,0,0.0,0.0,0.0,0.0,0.0,0.0,186.23084359999848,62617.623003600005,68136.2308436,-5518.607839999997,721.3921600000103,-5518.60783999999
2025-01-15,907.6230036000088,6426.2308435999985,3000,0,0,0.0,0.0,0.0,0.0,0.0,0.0,186.23084359999848,61327.623003600005,66846.2308436,-5518.607839999997,721.3921600000103,-5518.60783999999
2025-01-16,907.6230036000088,6426.2308435999985,3000,0,0,0.0,0.0,0.0,0.0,0.0,0.0,186.23084359999848,63427.623003600005,68946.2308436,-5518.607839999997,721.3921600000103,-5518.60783999999
2025-01-17,907.6230036000088,6426.2308435999985,3000,0,0,0.0,0.0,0.0,0.0,0.0,0.0,186.23084359999848,62887.623003600005,68406.2308436,-5518.607839999997,721.3921600000103,-5518.60783999999
2025-01-20,907.6230036000088,6426.2308435999985,3000,0,0,0.0,0.0,0.0,0.0,0.0,0.0,186.23084359999848,63217.623003600005,68736.2308436,-5518.607839999997,721.3921600000103,-5518.60783999999
2025-01-21,907.6230036000088,6426.2308435999985,3000,0,0,0.0,0.0,0.0,0.0,0.0,0.0,186.23084359999848,64537.623003600005,70056.2308436,-5518.607839999997,721.3921600000103,-5518.60783999999
2025-01-22,907.6230036000088,6426.2308435999985,3000,0,0,0.0,0.0,0.0,0.0,0.0,0.0,186.23084359999848,70897.6230036,76416.2308436,-5518.607839999997,721.3921600000103,-5518.60783999999
2025-01-23,907.6230036000088,6426.2308435999985,3000,0,0,0.0,0.0,0.0,0.0,0.0,0.0,186.23084359999848,69907.6230036,75426.2308436,-5518.607839999997,721.3921600000103,-5518.60783999999
2025-01-24,907.6230036000088,6426.2308435999985,3000,0,0,0.0,0.0,0.0,0.0,0.0,0.0,186.23084359999848,70957.6230036,76476.2308436,-5518.607839999997,721.3921600000103,-5518.60783999999
2025-01-27,907.6230036000088,6426.2308435999985,3000,0,0,0.0,0.0,0.0,0.0,0.0,0.0,186.23084359999848,65257.623003600005,70776.2308436,-5518.607839999997,721.3921600000103,-5518.60783999999
2025-02-05,20852.44340360001,6426.2308435999985,2000,0,0,0.0,15.1796,0.0,0.0,0.0,0.0,186.23084359999848,60852.44340360001,66426.2308436,-5573.787439999993,20666.21256000001,14426.21256000001
2025-02-06,576.7806990000099,6426.2308435999985,3000,0,0,0.0,5.2027046,0.0,0.0,0.0,0.0,186.23084359999848,62016.78069900001,67866.2308436,-5849.450144599992,390.54985540001144,-5849.450144599989
2025-02-07,576.7806990000099,6426.2308435999985,3000,0,0,0.0,0.0,0.0,0.0,0.0,0.0,186.23084359999848,65226.78069900001,71076.2308436,-5849.450144599992,390.54985540001144,-5849.450144599989
2025-02-10,576.7806990000099,6426.2308435999985,3000,0,0,0.0,0.0,0.0,0.0,0.0,0.0,186.23084359999848,65736.78069900001,71586.2308436,-5849.450144599992,390.54985540001144,-5849.450144599989
2025-02-11,576.7806990000099,6426.2308435999985,3000,0,0,0.0,0.0,0.0,0.0,0.0,0.0,186.23084359999848,65886.78069900001,71736.2308436,-5849.450144599992,390.54985540001144,-5849.450144599989
2025-02-12,576.7806990000099,6426.2308435999985,3000,0,0,0.0,0.0,0.0,0.0,0.0,0.0,186.23084359999848,67026.78069900001,72876.2308436,-5849.450144599992,390.54985540001144,-5849.450144599989
2025-02-13,576.7806990000099,6426.2308435999985,3000,0,0,0.0,0.0,0.0,0.0,0.0,0.0,186.23084359999848,65946.78069900001,71796.2308436,-5849.450144599992,390.54985540001144,-5849.450144599989
2025-02-14,576.7806990000099,6426.2308435999985,3000,0,0,0.0,0.0,0.0,0.0,0.0,0.0,186.23084359999848,66876.78069900001,72726.2308436,-5849.450144599992,390.54985540001144,-5849.450144599989
2025-02-17,576.7806990000099,6426.2308435999985,3000,0,0,0.0,0.0,0.0,0.0,0.0,0.0,186.23084359999848,69276.78069900001,75126.2308436,-5849.450144599992,390.54985540001144,-5849.450144599989
2025-02-18,576.7806990000099,6426.2308435999985,3000,0,0,0.0,0.0,0.0,0.0,0.0,0.0,186.23084359999848,68616.78069900001,74466.2308436,-5849.450144599992,390.54985540001144,-5849.450144599989
2025-02-19,576.7806990000099,6426.2308435999985,3000,0,0,0.0,0.0,0.0,0.0,0.0,0.0,186.23084359999848,70296.78069900001,76146.2308436,-5849.450144599992,390.54985540001144,-5849.450144599989
2025-02-20,576.7806990000099,6426.2308435999985,3000,0,0,0.0,0.0,0.0,0.0,0.0,0.0,186.23084359999848,68436.78069900001,74286.2308436,-5849.450144599992,390.54985540001144,-5849.450144599989
2025-02-21,576.7806990000099,6426.2308435999985,3000,0,0,0.0,0.0,0.0,0.0,0.0,0.0,186.23084359999848,70176.78069900001,76026.2308436,-5849.450144599992,390.54985540001144,-5849.450144599989
2025-02-24,576.7806990000099,6426.2308435999985,3000,0,0,0.0,0.0,0.0,0.0,0.0,0.0,186.23084359999848,70206.78069900001,76056.2308436,-5849.450144599992,390.54985540001144,-5849.450144599989
2025-02-25,576.7806990000099,6426.2308435999985,3000,0,0,0.0,0.0,0.0,0.0,0.0,0.0,186.23084359999848,69816.78069900001,75666.2308436,-5849.450144599992,390.54985540001144,-5849.450144599989
2025-02-26,576.7806990000099,6426.2308435999985,3000,0,0,0.0,0.0,0.0,0.0,0.0,0.0,186.23084359999848,68886.78069900001,74736.2308436,-5849.450144599992,390.54985540001144,-5849.450144599989
2025-02-27,576.7806990000099,6426.2308435999985,3000,0,0,0.0,0.0,0.0,0.0,0.0,0.0,186.23084359999848,66456.78069900001,72306.2308436,-5849.450144599992,390.54985540001144,-5849.450144599989
2025-02-28,21708.61541280001,6426.2308435999985,2000,0,0,0.0,15.7852862,0.0,0.0,0.0,0.0,186.23084359999848,64088.615412800005,69996.2308436,-5907.615430799997,21522.38456920001,15282.38456920001
2025-03-03,661.4049928000095,6426.2308435999985,3000,0,0,0.0,5.21042,0.0,0.0,0.0,0.0,186.23084359999848,63871.40499280001,69636.2308436,-5764.825850799993,475.174149200011,-5764.825850799989
2025-03-04,661.4049928000095,6426.2308435999985,3000,0,0,0.0,0.0,0.0,0.0,0.0,0.0,186.23084359999848,63781.40499280001,69546.2308436,-5764.825850799993,475.174149200011,-5764.825850799989
2025-03-05,661.4049928000095,6426.2308435999985,3000,0,0,0.0,0.0,0.0,0.0,0.0,0.0,186.23084359999848,63781.40499280001,69546.2308436,-5764.825850799993,475.174149200011,-5764.825850799989
2025-03-06,661.4049928000095,6426.2308435999985,3000,0,0,0.0,0.0,0.0,0.0,0.0,0.0,186.23084359999848,64621.40499280001,70386.2308436,-5764.825850799993,475.174149200011,-5764.825850799989
2025-03-07,661.4049928000095,6426.2308435999985,3000,0,0,0.0,0.0,0.0,0.0,0.0,0.0,186.23084359999848,63271.40499280001,69036.2308436,-5764.825850799993,475.174149200011,-5764.825850799989
2025-03-10,661.4049928000095,6426.2308435999985,3000,0,0,0.0,0.0,0.0,0.0,0.0,0.0,186.23084359999848,63751.40499280001,69516.2308436,-5764.825850799993,475.174149200011,-5764.825850799989
2025-03-11,661.4049928000095,6426.2308435999985,3000,0,0,0.0,0.0,0.0,0.0,0.0,0.0,186.23084359999848,63121.40499280001,68886.2308436,-5764.825850799993,475.174149200011,-5764.825850799989
2025-03-12,661.4049928000095,6426.2308435999985,3000,0,0,0.0,0.0,0.0,0.0,0.0,0.0,186.23084359999848,63391.40499280001,69156.2308436,-5764.825850799993,475.174149200011,-5764.825850799989
2025-03-13,661.4049928000095,6426.2308435999985,3000,0,0,0.0,0.0,0.0,0.0,0.0,0.0,186.23084359999848,62671.40499280002,68436.2308436,-5764.825850799985,475.174149200011,-5764.825850799989
2025-03-14,661.4049928000095,6426.2308435999985,3000,0,0,0.0,0.0,0.0,0.0,0.0,0.0,186.23084359999848,64441.40499280002,70206.2308436,-5764.825850799985,475.174149200011,-5764.825850799989
2025-03-17,661.4049928000095,6426.2308435999985,3000,0,0,0.0,0.0,0.0,0.0,0.0,0.0,186.23084359999848,65221.40499280001,70986.2308436,-5764.825850799993,475.174149200011,-5764.825850799989
2025-03-18,661.4049928000095,6426.2308435999985,3000,0,0,0.0,0.0,0.0,0.0,0.0,0.0,186.23084359999848,65281.40499280001,71046.2308436,-5764.825850799993,475.174149200011,-5764.825850799989
2025-03-19,661.4049928000095,6426.2308435999985,3000,0,0,0.0,0.0,0.0,0.0,0.0,0.0,186.23084359999848,63721.40499280001,69486.2308436,-5764.825850799993,475.174149200011,-5764.825850799989
2025-03-20,661.4049928000095,6426.2308435999985,3000,0,0,0.0,0.0,0.0,0.0,0.0,0.0,186.23084359999848,63211.40499280002,68976.2308436,-5764.825850799985,475.174149200011,-5764.825850799989
2025-03-21,21234.644735400012,6426.2308435999985,2000,0,0,0.0,15.500257400000002,0.0,0.0,0.0,0.0,186.23084359999848,62494.64473540001,68316.2308436,-5821.58610819999,21048.413891800014,14808.413891800014
2025-03-24,548.157922600014,6426.2308435999985,3000,0,0,0.0,5.2068128,0.0,0.0,0.0,0.0,186.23084359999848,63068.15792260002,68946.2308436,-5878.0729209999845,361.9270790000155,-5878.0729209999845
2025-03-25,548.157922600014,6426.2308435999985,3000,0,0,0.0,0.0,0.0,0.0,0.0,0.0,186.23084359999848,62078.15792260002,67956.2308436,-5878.0729209999845,361.9270790000155,-5878.0729209999845
2025-03-26,548.157922600014,6426.2308435999985,3000,0,0,0.0,0.0,0.0,0.0,0.0,0.0,186.23084359999848,61688.15792260002,67566.2308436,-5878.0729209999845,361.9270790000155,-5878.0729209999845
2025-03-27,548.157922600014,6426.2308435999985,3000,0,0,0.0,0.0,0.0,0.0,0.0,0.0,186.23084359999848,61208.15792260002,67086.2308436,-5878.0729209999845,361.9270790000155,-5878.0729209999845
2025-03-28,20473.028502200013,6426.2308435999985,2000,0,0,0.0,15.169420400000002,0.0,0.0,0.0,0.0,186.23084359999848,60433.02850220002,66366.2308436,-5933.202341399985,20286.797658600015,14046.797658600015
2025-03-31,618.2100060000157,6426.2308435999985,3000,0,0,0.0,5.1984962,0.0,0.0,0.0,0.0,186.23084359999848,60198.210006000016,66006.2308436,-5808.020837599986,431.97916240001723,-5808.020837599983
2025-04-01,618.2100060000157,6426.2308435999985,3000,0,0,0.0,0.0,0.0,0.0,0.0,0.0,186.23084359999848,60678.210006000016,66486.2308436,-5808.020837599986,431.97916240001723,-5808.020837599983
2025-04-02,618.2100060000157,6426.2308435999985,3000,0,0,0.0,0.0,0.0,0.0,0.0,0.0,186.23084359999848,60618.210006000016,66426.2308436,-5808.020837599986,431.97916240001723,-5808.020837599983
2025-04-03,618.2100060000157,6426.2308435999985,3000,0,0,0.0,0.0,0.0,0.0,0.0,0.0,186.23084359999848,57768.210006000016,63576.2308436,-5808.020837599986,431.97916240001723,-5808.020837599983
2025-04-07,618.2100060000157,6426.2308435999985,3000,0,0,0.0,0.0,0.0,0.0,0.0,0.0,186.23084359999848,52068.21000600001,57876.23084359999,-5808.020837599979,431.97916240001723,-5808.020837599983
2025-04-08,618.2100060000157,6426.2308435999985,3000,0,0,0.0,0.0,0.0,0.0,0.0,0.0,186.23084359999848,46938.210006000016,52746.2308436,-5808.020837599986,431.97916240001723,-5808.020837599983
2025-04-09,618.2100060000157,6426.2308435999985,3000,0,0,0.0,0.0,0.0,0.0,0.0,0.0,186.23084359999848,49608.21000600001,55416.23084359999,-5808.020837599979,431.97916240001723,-5808.020837599983
2025-04-10,618.2100060000157,6426.2308435999985,3000,0,0,0.0,0.0,0.0,0.0,0.0,0.0,186.23084359999848,54498.210006000016,60306.2308436,-5808.020837599986,431.97916240001723,-5808.020837599983
2025-04-11,618.2100060000157,6426.2308435999985,3000,0,0,0.0,0.0,0.0,0.0,0.0,0.0,186.23084359999848,54018.210006000016,59826.2308436,-5808.020837599986,431.97916240001723,-5808.020837599983
2025-04-14,618.2100060000157,6426.2308435999985,3000,0,0,0.0,0.0,0.0,0.0,0.0,0.0,186.23084359999848,54378.21000600002,60186.2308436,-5808.020837599979,431.97916240001723,-5808.020837599983
2025-04-15,618.2100060000157,6426.2308435999985,3000,0,0,0.0,0.0,0.0,0.0,0.0,0.0,186.23084359999848,54918.21000600002,60726.2308436,-5808.020837599979,431.97916240001723,-5808.020837599983
2025-04-16,618.2100060000157,6426.2308435999985,3000,0,0,0.0,0.0,0.0,0.0,0.0,0.0,186.23084359999848,53118.210006000016,58926.2308436,-5808.020837599986,431.97916240001723,-5808.020837599983
2025-04-17,618.2100060000157,6426.2308435999985,3000,0,0,0.0,0.0,0.0,0.0,0.0,0.0,186.23084359999848,52818.21000600001,58626.23084359999,-5808.020837599979,431.97916240001723,-5808.020837599983
2025-04-18,618.2100060000157,6426.2308435999985,3000,0,0,0.0,0.0,0.0,0.0,0.0,0.0,186.23084359999848,53298.21000600001,59106.23084359999,-5808.020837599979,431.97916240001723,-5808.020837599983
2025-04-21,618.2100060000157,6426.2308435999985,3000,0,0,0.0,0.0,0.0,0.0,0.0,0.0,186.23084359999848,54048.21000600001,59856.23084359999,-5808.020837599979,431.97916240001723,-5808.020837599983
2025-04-22,618.2100060000157,6426.2308435999985,3000,0,0,0.0,0.0,0.0,0.0,0.0,0.0,186.23084359999848,53958.210006000016,59766.2308436,-5808.020837599986,431.97916240001723,-5808.020837599983
2025-04-23,618.2100060000157,6426.2308435999985,3000,0,0,0.0,0.0,0.0,0.0,0.0,0.0,186.23084359999848,55338.21000600001,61146.23084359999,-5808.020837599979,431.97916240001723,-5808.020837599983
2025-04-24,618.2100060000157,6426.2308435999985,3000,0,0,0.0,0.0,0.0,0.0,0.0,0.0,186.23084359999848,54378.21000600002,60186.2308436,-5808.020837599979,431.97916240001723,-5808.020837599983
2025-04-25,618.2100060000157,6426.2308435999985,3000,0,0,0.0,0.0,0.0,0.0,0.0,0.0,186.23084359999848,55338.21000600001,61146.23084359999,-5808.020837599979,431.97916240001723,-5808.020837599983
2025-04-28,618.2100060000157,6426.2308435999985,3000,0,0,0.0,0.0,0.0,0.0,0.0,0.0,186.23084359999848,54618.210006000016,60426.2308436,-5808.020837599986,431.97916240001723,-5808.020837599983
2025-04-29,618.2100060000157,6426.2308435999985,3000,0,0,0.0,0.0,0.0,0.0,0.0,0.0,186.23084359999848,54888.210006000016,60696.2308436,-5808.020837599986,431.97916240001723,-5808.020837599983
2025-04-30,618.2100060000157,6426.2308435999985,3000,0,0,0.0,0.0,0.0,0.0,0.0,0.0,186.23084359999848,54798.21000600001,60606.23084359999,-5808.020837599979,431.97916240001723,-5808.020837599983
2025-05-06,618.2100060000157,6426.2308435999985,3000,0,0,0.0,0.0,0.0,0.0,0.0,0.0,186.23084359999848,57048.21000600001,62856.23084359999,-5808.020837599979,431.97916240001723,-5808.020837599983
2025-05-07,618.2100060000157,6426.2308435999985,3000,0,0,0.0,0.0,0.0,0.0,0.0,0.0,186.23084359999848,56508.210006000016,62316.2308436,-5808.020837599986,431.97916240001723,-5808.020837599983
2025-05-08,618.2100060000157,6426.2308435999985,3000,0,0,0.0,0.0,0.0,0.0,0.0,0.0,186.23084359999848,57708.210006000016,63516.2308436,-5808.020837599986,431.97916240001723,-5808.020837599983
2025-05-09,618.2100060000157,6426.2308435999985,3000,0,0,0.0,0.0,0.0,0.0,0.0,0.0,186.23084359999848,56688.21000600002,62496.2308436,-5808.020837599979,431.97916240001723,-5808.020837599983
2025-05-12,618.2100060000157,6426.2308435999985,3000,0,0,0.0,0.0,0.0,0.0,0.0,0.0,186.23084359999848,58428.210006000016,64236.2308436,-5808.020837599986,431.97916240001723,-5808.020837599983
2025-05-13,618.2100060000157,6426.2308435999985,3000,0,0,0.0,0.0,0.0,0.0,0.0,0.0,186.23084359999848,57888.210006000016,63696.2308436,-5808.020837599986,431.97916240001723,-5808.020837599983
2025-05-14,618.2100060000157,6426.2308435999985,3000,0,0,0.0,0.0,0.0,0.0,0.0,0.0,186.23084359999848,59268.210006000016,65076.2308436,-5808.020837599986,431.97916240001723,-5808.020837599983
2025-05-15,618.2100060000157,6426.2308435999985,3000,0,0,0.0,0.0,0.0,0.0,0.0,0.0,186.23084359999848,57918.21000600002,63726.2308436,-5808.020837599979,431.97916240001723,-5808.020837599983
2025-05-16,618.2100060000157,6426.2308435999985,3000,0,0,0.0,0.0,0.0,0.0,0.0,0.0,186.23084359999848,58278.210006000016,64086.2308436,-5808.020837599986,431.97916240001723,-5808.020837599983
2025-05-19,618.2100060000157,6426.2308435999985,3000,0,0,0.0,0.0,0.0,0.0,0.0,0.0,186.23084359999848,57768.210006000016,63576.2308436,-5808.020837599986,431.97916240001723,-5808.020837599983
2025-05-20,618.2100060000157,6426.2308435999985,3000,0,0,0.0,0.0,0.0,0.0,0.0,0.0,186.23084359999848,57798.21000600001,63606.23084359999,-5808.020837599979,431.97916240001723,-5808.020837599983
2025-05-21,618.2100060000157,6426.2308435999985,3000,0,0,0.0,0.0,0.0,0.0,0.0,0.0,186.23084359999848,57528.210006000016,63336.2308436,-5808.020837599986,431.97916240001723,-5808.020837599983
2025-05-22,618.2100060000157,6426.2308435999985,3000,0,0,0.0,0.0,0.0,0.0,0.0,0.0,186.23084359999848,57768.210006000016,63576.2308436,-5808.020837599986,431.97916240001723,-5808.020837599983
2025-05-23,618.2100060000157,6426.2308435999985,3000,0,0,0.0,0.0,0.0,0.0,0.0,0.0,186.23084359999848,56988.210006000016,62796.2308436,-5808.020837599986,431.97916240001723,-5808.020837599983
2025-05-26,618.2100060000157,6426.2308435999985,3000,0,0,0.0,0.0,0.0,0.0,0.0,0.0,186.23084359999848,56898.21000600002,62706.2308436,-5808.020837599979,431.97916240001723,-5808.020837599983
2025-05-27,618.2100060000157,6426.2308435999985,3000,0,0,0.0,0.0,0.0,0.0,0.0,0.0,186.23084359999848,56028.210006000016,61836.2308436,-5808.020837599986,431.97916240001723,-5808.020837599983
2025-05-28,618.2100060000157,6426.2308435999985,3000,0,0,0.0,0.0,0.0,0.0,0.0,0.0,186.23084359999848,56358.21000600001,62166.23084359999,-5808.020837599979,431.97916240001723,-5808.020837599983
2025-05-29,618.2100060000157,6426.2308435999985,3000,0,0,0.0,0.0,0.0,0.0,0.0,0.0,186.23084359999848,59718.210006000016,65526.2308436,-5808.020837599986,431.97916240001723,-5808.020837599983
2025-05-30,618.2100060000157,6426.2308435999985,3000,0,0,0.0,0.0,0.0,0.0,0.0,0.0,186.23084359999848,57408.210006000016,63216.2308436,-5808.020837599986,431.97916240001723,-5808.020837599983
2025-06-03,618.2100060000157,6426.2308435999985,3000,0,0,0.0,0.0,0.0,0.0,0.0,0.0,186.23084359999848,56988.210006000016,62796.2308436,-5808.020837599986,431.97916240001723,-5808.020837599983
2025-06-04,618.2100060000157,6426.2308435999985,3000,0,0,0.0,0.0,0.0,0.0,0.0,0.0,186.23084359999848,58908.210006000016,64716.2308436,-5808.020837599986,431.97916240001723,-5808.020837599983
2025-06-05,618.2100060000157,6426.2308435999985,3000,0,0,0.0,0.0,0.0,0.0,0.0,0.0,186.23084359999848,62298.21000600001,68106.23084359999,-5808.020837599979,431.97916240001723,-5808.020837599983
2025-06-06,618.2100060000157,6426.2308435999985,3000,0,0,0.0,0.0,0.0,0.0,0.0,0.0,186.23084359999848,61548.21000600001,67356.23084359999,-5808.020837599979,431.97916240001723,-5808.020837599983
2025-06-09,618.2100060000157,6426.2308435999985,3000,0,0,0.0,0.0,0.0,0.0,0.0,0.0,186.23084359999848,61908.210006000016,67716.2308436,-5808.020837599986,431.97916240001723,-5808.020837599983
2025-06-10,618.2100060000157,6426.2308435999985,3000,0,0,0.0,0.0,0.0,0.0,0.0,0.0,186.23084359999848,61098.210006000016,66906.2308436,-5808.020837599986,431.97916240001723,-5808.020837599983
2025-06-11,618.2100060000157,6426.2308435999985,3000,0,0,0.0,0.0,0.0,0.0,0.0,0.0,186.23084359999848,61818.21000600001,67626.23084359999,-5808.020837599979,431.97916240001723,-5808.020837599983
2025-06-12,618.2100060000157,6426.2308435999985,3000,0,0,0.0,0.0,0.0,0.0,0.0,0.0,186.23084359999848,62598.210006000016,68406.2308436,-5808.020837599986,431.97916240001723,-5808.020837599983
2025-06-13,618.2100060000157,6426.2308435999985,3000,0,0,0.0,0.0,0.0,0.0,0.0,0.0,186.23084359999848,63318.21000600001,69126.23084359999,-5808.020837599979,431.97916240001723,-5808.020837599983
2025-06-16,618.2100060000157,6426.2308435999985,3000,0,0,0.0,0.0,0.0,0.0,0.0,0.0,186.23084359999848,64278.210006000016,70086.2308436,-5808.020837599986,431.97916240001723,-5808.020837599983
2025-06-17,618.2100060000157,6426.2308435999985,3000,0,0,0.0,0.0,0.0,0.0,0.0,0.0,186.23084359999848,62418.21000600002,68226.2308436,-5808.020837599979,431.97916240001723,-5808.020837599983
2025-06-18,618.2100060000157,6426.2308435999985,3000,0,0,0.0,0.0,0.0,0.0,0.0,0.0,186.23084359999848,64098.210006000016,69906.2308436,-5808.020837599986,431.97916240001723,-5808.020837599983
2025-06-19,618.2100060000157,6426.2308435999985,3000,0,0,0.0,0.0,0.0,0.0,0.0,0.0,186.23084359999848,63048.21000600001,68856.23084359999,-5808.020837599979,431.97916240001723,-5808.020837599983
2025-06-20,618.2100060000157,6426.2308435999985,3000,0,0,0.0,0.0,0.0,0.0,0.0,0.0,186.23084359999848,62388.210006000016,68196.2308436,-5808.020837599986,431.97916240001723,-5808.020837599983
2025-06-23,618.2100060000157,6426.2308435999985,3000,0,0,0.0,0.0,0.0,0.0,0.0,0.0,186.23084359999848,61218.210006000016,67026.2308436,-5808.020837599986,431.97916240001723,-5808.020837599983
2025-06-24,20852.302801800015,6426.2308435999985,2000,0,0,0.0,15.3272042,0.0,0.0,0.0,0.0,186.23084359999848,61432.30280180002,67296.2308436,-5863.9280417999835,20666.071958200017,14426.071958200017
2025-06-25,0.0,6581.0580609999815,3000,0,0,0.0,5.2100192,0.0,0.0,0.0,154.82721739998306,341.05806099998154,62940.0,69521.05806099999,-6581.058060999989,-341.05806099998154,-6581.0580609999815
2025-06-26,0.0,6581.0580609999815,3000,0,0,0.0,0.0,0.0,0.0,0.0,0.0,341.05806099998154,63120.0,69701.05806099999,-6581.058060999989,-341.05806099998154,-6581.0580609999815
2025-06-27,0.0,6581.0580609999815,3000,0,0,0.0,0.0,0.0,0.0,0.0,0.0,341.05806099998154,64050.00000000001,70631.05806099999,-6581.0580609999815,-341.05806099998154,-6581.0580609999815
2025-06-30,0.0,6581.0580609999815,3000,0,0,0.0,0.0,0.0,0.0,0.0,0.0,341.05806099998154,64140.0,70721.05806099999,-6581.058060999989,-341.05806099998154,-6581.0580609999815
2025-07-01,0.0,6581.0580609999815,3000,0,0,0.0,0.0,0.0,0.0,0.0,0.0,341.05806099998154,64199.99999999999,70781.05806099997,-6581.0580609999815,-341.05806099998154,-6581.0580609999815
2025-07-02,0.0,6581.0580609999815,3000,0,0,0.0,0.0,0.0,0.0,0.0,0.0,341.05806099998154,63480.0,70061.05806099999,-6581.058060999989,-341.05806099998154,-6581.0580609999815
2025-07-03,0.0,6581.0580609999815,3000,0,0,0.0,0.0,0.0,0.0,0.0,0.0,341.05806099998154,69840.0,76421.05806099999,-6581.058060999989,-341.05806099998154,-6581.0580609999815
2025-07-04,0.0,6581.0580609999815,3000,0,0,0.0,0.0,0.0,0.0,0.0,0.0,341.05806099998154,71430.0,78011.05806099999,-6581.058060999989,-341.05806099998154,-6581.0580609999815
2025-07-07,0.0,6581.0580609999815,3000,0,0,0.0,0.0,0.0,0.0,0.0,0.0,341.05806099998154,71940.0,78521.05806099999,-6581.058060999989,-341.05806099998154,-6581.0580609999815
2025-07-08,0.0,6581.0580609999815,3000,0,0,0.0,0.0,0.0,0.0,0.0,0.0,341.05806099998154,79140.0,85721.05806099999,-6581.058060999989,-341.05806099998154,-6581.0580609999815
2025-07-09,0.0,6581.0580609999815,3000,0,0,0.0,0.0,0.0,0.0,0.0,0.0,341.05806099998154,79800.0,86381.05806099999,-6581.058060999989,-341.05806099998154,-6581.0580609999815
2025-07-10,0.0,6581.0580609999815,3000,0,0,0.0,0.0,0.0,0.0,0.0,0.0,341.05806099998154,78480.0,85061.05806099999,-6581.058060999989,-341.05806099998154,-6581.0580609999815
2025-07-11,0.0,6581.0580609999815,3000,0,0,0.0,0.0,0.0,0.0,0.0,0.0,341.05806099998154,78000.0,84581.05806099999,-6581.058060999989,-341.05806099998154,-6581.0580609999815
2025-07-14,0.0,6581.0580609999815,3000,0,0,0.0,0.0,0.0,0.0,0.0,0.0,341.05806099998154,77760.0,84341.05806099999,-6581.058060999989,-341.05806099998154,-6581.0580609999815
2025-07-15,0.0,6581.0580609999815,3000,0,0,0.0,0.0,0.0,0.0,0.0,0.0,341.05806099998154,81750.0,88331.05806099999,-6581.058060999989,-341.05806099998154,-6581.0580609999815
2025-07-16,0.0,6581.0580609999815,3000,0,0,0.0,0.0,0.0,0.0,0.0,0.0,341.05806099998154,80190.0,86771.05806099999,-6581.058060999989,-341.05806099998154,-6581.0580609999815
2025-07-17,0.0,6581.0580609999815,3000,0,0,0.0,0.0,0.0,0.0,0.0,0.0,341.05806099998154,82500.0,89081.05806099999,-6581.058060999989,-341.05806099998154,-6581.0580609999815
2025-07-18,0.0,6581.0580609999815,3000,0,0,0.0,0.0,0.0,0.0,0.0,0.0,341.05806099998154,81330.0,87911.05806099999,-6581.058060999989,-341.05806099998154,-6581.0580609999815
2025-07-21,0.0,6581.0580609999815,3000,0,0,0.0,0.0,0.0,0.0,0.0,0.0,341.05806099998154,81060.0,87641.05806099999,-6581.058060999989,-341.05806099998154,-6581.0580609999815
2025-07-22,0.0,6581.0580609999815,3000,0,0,0.0,0.0,0.0,0.0,0.0,0.0,341.05806099998154,80880.0,87461.05806099999,-6581.058060999989,-341.05806099998154,-6581.0580609999815
2025-07-23,0.0,6581.0580609999815,3000,0,0,0.0,0.0,0.0,0.0,0.0,0.0,341.05806099998154,79740.0,86321.05806099999,-6581.058060999989,-341.05806099998154,-6581.0580609999815
2025-07-24,0.0,6581.0580609999815,3000,0,0,0.0,0.0,0.0,0.0,0.0,0.0,341.05806099998154,85350.0,91931.05806099999,-6581.058060999989,-341.05806099998154,-6581.0580609999815
2025-07-25,0.0,6581.0580609999815,3000,0,0,0.0,0.0,0.0,0.0,0.0,0.0,341.05806099998154,85980.0,92561.05806099999,-6581.058060999989,-341.05806099998154,-6581.0580609999815
2025-07-28,0.0,6581.0580609999815,3000,0,0,0.0,0.0,0.0,0.0,0.0,0.0,341.05806099998154,88710.0,95291.05806099999,-6581.058060999989,-341.05806099998154,-6581.0580609999815
2025-07-29,0.0,6581.0580609999815,3000,0,0,0.0,0.0,0.0,0.0,0.0,0.0,341.05806099998154,93570.0,100151.05806099999,-6581.058060999989,-341.05806099998154,-6581.0580609999815
2025-07-30,0.0,6581.0580609999815,3000,0,0,0.0,0.0,0.0,0.0,0.0,0.0,341.05806099998154,99840.0,106421.05806099999,-6581.058060999989,-341.05806099998154,-6581.0580609999815
2025-07-31,1920.0,8501.058060999982,3000,0,0,192.0,0.0,0.0,1920.0,1920.0,0.0,341.05806099998154,105558.0,112331.05806099999,-6773.058060999989,1578.9419390000185,-6581.0580609999815
2025-08-01,1920.0,8501.058060999982,3000,0,0,192.0,0.0,0.0,0.0,0.0,0.0,341.05806099998154,100728.0,107501.05806099999,-6773.058060999989,1578.9419390000185,-6581.0580609999815
2025-08-04,1920.0,8501.058060999982,3000,0,0,192.0,0.0,0.0,0.0,0.0,0.0,341.05806099998154,100638.0,107411.05806099999,-6773.058060999989,1578.9419390000185,-6581.0580609999815
2025-08-05,1920.0,8501.058060999982,3000,0,0,192.0,0.0,0.0,0.0,0.0,0.0,341.05806099998154,106877.99999999999,113651.05806099996,-6773.058060999974,1578.9419390000185,-6581.0580609999815
2025-08-06,1920.0,8501.058060999982,3000,0,0,192.0,0.0,0.0,0.0,0.0,0.0,341.05806099998154,104627.99999999999,111401.05806099996,-6773.058060999974,1578.9419390000185,-6581.0580609999815
2025-08-07,1920.0,8501.058060999982,3000,0,0,192.0,0.0,0.0,0.0,0.0,0.0,341.05806099998154,108678.0,115451.05806099999,-6773.058060999989,1578.9419390000185,-6581.0580609999815
2025-08-08,1920.0,8501.058060999982,3000,0,0,192.0,0.0,0.0,0.0,0.0,0.0,341.05806099998154,111498.00000000001,118271.05806099999,-6773.058060999974,1578.9419390000185,-6581.0580609999815
2025-08-11,1920.0,8501.058060999982,3000,0,0,192.0,0.0,0.0,0.0,0.0,0.0,341.05806099998154,110778.0,117551.05806099999,-6773.058060999989,1578.9419390000185,-6581.0580609999815
2025-08-12,1920.0,8501.058060999982,3000,0,0,192.0,0.0,0.0,0.0,0.0,0.0,341.05806099998154,120858.0,127631.05806099999,-6773.058060999989,1578.9419390000185,-6581.0580609999815
2025-08-13,1920.0,8501.058060999982,3000,0,0,192.0,0.0,0.0,0.0,0.0,0.0,341.05806099998154,132768.0,139541.058061,-6773.058060999989,1578.9419390000185,-6581.0580609999815
2025-08-14,1920.0,8501.058060999982,3000,0,0,192.0,0.0,0.0,0.0,0.0,0.0,341.05806099998154,131388.0,138161.058061,-6773.058060999989,1578.9419390000185,-6581.0580609999815
2025-08-15,1920.0,8501.058060999982,3000,0,0,192.0,0.0,0.0,0.0,0.0,0.0,341.05806099998154,136308.0,143081.058061,-6773.058060999989,1578.9419390000185,-6581.0580609999815
2025-08-18,1920.0,8501.058060999982,3000,0,0,192.0,0.0,0.0,0.0,0.0,0.0,341.05806099998154,135108.0,141881.058061,-6773.058060999989,1578.9419390000185,-6581.0580609999815
2025-08-19,1920.0,8501.058060999982,3000,0,0,192.0,0.0,0.0,0.0,0.0,0.0,341.05806099998154,148458.0,155231.058061,-6773.058060999989,1578.9419390000185,-6581.0580609999815
2025-08-20,1920.0,8501.058060999982,3000,0,0,192.0,0.0,0.0,0.0,0.0,0.0,341.05806099998154,145458.0,152231.058061,-6773.058060999989,1578.9419390000185,-6581.0580609999815
2025-08-21,1920.0,8501.058060999982,3000,0,0,192.0,0.0,0.0,0.0,0.0,0.0,341.05806099998154,137598.0,144371.058061,-6773.058060999989,1578.9419390000185,-6581.0580609999815
2025-08-22,1920.0,8501.058060999982,3000,0,0,192.0,0.0,0.0,0.0,0.0,0.0,341.05806099998154,139218.0,145991.058061,-6773.058060999989,1578.9419390000185,-6581.0580609999815
2025-08-25,1920.0,8501.058060999982,3000,0,0,192.0,0.0,0.0,0.0,0.0,0.0,341.05806099998154,145728.0,152501.058061,-6773.058060999989,1578.9419390000185,-6581.0580609999815
2025-08-26,1920.0,8501.058060999982,3000,0,0,192.0,0.0,0.0,0.0,0.0,0.0,341.05806099998154,138168.0,144941.058061,-6773.058060999989,1578.9419390000185,-6581.0580609999815
2025-08-27,1920.0,8501.058060999982,3000,0,0,192.0,0.0,0.0,0.0,0.0,0.0,341.05806099998154,138888.0,145661.058061,-6773.058060999989,1578.9419390000185,-6581.0580609999815
2025-08-28,1920.0,8501.058060999982,3000,0,0,192.0,0.0,0.0,0.0,0.0,0.0,341.05806099998154,148548.0,155321.058061,-6773.058060999989,1578.9419390000185,-6581.0580609999815
2025-08-29,1920.0,8501.058060999982,3000,0,0,192.0,0.0,0.0,0.0,0.0,0.0,341.05806099998154,163218.0,169991.058061,-6773.058060999989,1578.9419390000185,-6581.0580609999815
2025-09-01,1920.0,8501.058060999982,3000,0,0,192.0,0.0,0.0,0.0,0.0,0.0,341.05806099998154,168588.0,175361.058061,-6773.058060999989,1578.9419390000185,-6581.0580609999815
2025-09-02,1920.0,8501.058060999982,3000,0,0,192.0,0.0,0.0,0.0,0.0,0.0,341.05806099998154,163368.0,170141.058061,-6773.058060999989,1578.9419390000185,-6581.0580609999815
2025-09-03,1920.0,8501.058060999982,3000,0,0,192.0,0.0,0.0,0.0,0.0,0.0,341.05806099998154,164448.0,171221.058061,-6773.058060999989,1578.9419390000185,-6581.0580609999815
2025-09-04,1920.0,8501.058060999982,3000,0,0,192.0,0.0,0.0,0.0,0.0,0.0,341.05806099998154,161118.0,167891.058061,-6773.058060999989,1578.9419390000185,-6581.0580609999815
2025-09-05,1920.0,8501.058060999982,3000,0,0,192.0,0.0,0.0,0.0,0.0,0.0,341.05806099998154,169218.0,175991.058061,-6773.058060999989,1578.9419390000185,-6581.0580609999815
2025-09-08,1920.0,8501.058060999982,3000,0,0,192.0,0.0,0.0,0.0,0.0,0.0,341.05806099998154,155928.0,162701.058061,-6773.058060999989,1578.9419390000185,-6581.0580609999815
2025-09-09,1920.0,8501.058060999982,3000,0,0,192.0,0.0,0.0,0.0,0.0,0.0,341.05806099998154,148098.0,154871.058061,-6773.058060999989,1578.9419390000185,-6581.0580609999815
2025-09-10,1920.0,8501.058060999982,3000,0,0,192.0,0.0,0.0,0.0,0.0,0.0,341.05806099998154,162738.0,169511.058061,-6773.058060999989,1578.9419390000185,-6581.0580609999815
2025-09-11,1920.0,8501.058060999982,3000,0,0,192.0,0.0,0.0,0.0,0.0,0.0,341.05806099998154,178848.0,185621.058061,-6773.058060999989,1578.9419390000185,-6581.0580609999815
2025-09-12,1920.0,8501.058060999982,3000,0,0,192.0,0.0,0.0,0.0,0.0,0.0,341.05806099998154,187428.0,194201.058061,-6773.058060999989,1578.9419390000185,-6581.0580609999815
2025-09-15,1920.0,8501.058060999982,3000,0,0,192.0,0.0,0.0,0.0,0.0,0.0,341.05806099998154,181428.0,188201.058061,-6773.058060999989,1578.9419390000185,-6581.0580609999815
2025-09-16,1920.0,8501.058060999982,3000,0,0,192.0,0.0,0.0,0.0,0.0,0.0,341.05806099998154,180918.0,187691.058061,-6773.058060999989,1578.9419390000185,-6581.0580609999815
2025-09-17,1920.0,8501.058060999982,3000,0,0,192.0,0.0,0.0,0.0,0.0,0.0,341.05806099998154,185088.0,191861.058061,-6773.058060999989,1578.9419390000185,-6581.0580609999815
2025-09-18,1920.0,8501.058060999982,3000,0,0,192.0,0.0,0.0,0.0,0.0,0.0,341.05806099998154,194808.0,201581.058061,-6773.058060999989,1578.9419390000185,-6581.0580609999815
2025-09-19,1920.0,8501.058060999982,3000,0,0,192.0,0.0,0.0,0.0,0.0,0.0,341.05806099998154,200027.99999999997,206801.05806099996,-6773.058060999989,1578.9419390000185,-6581.0580609999815
2025-09-22,1920.0,8501.058060999982,3000,0,0,192.0,0.0,0.0,0.0,0.0,0.0,341.05806099998154,213228.0,220001.058061,-6773.058060999989,1578.9419390000185,-6581.0580609999815
2025-09-23,1920.0,8501.058060999982,3000,0,0,192.0,0.0,0.0,0.0,0.0,0.0,341.05806099998154,214338.0,221111.058061,-6773.058060999989,1578.9419390000185,-6581.0580609999815
2025-09-24,1920.0,8501.058060999982,3000,0,0,192.0,0.0,0.0,0.0,0.0,0.0,341.05806099998154,207618.0,214391.058061,-6773.058060999989,1578.9419390000185,-6581.0580609999815
2025-09-25,1920.0,8501.058060999982,3000,0,0,192.0,0.0,0.0,0.0,0.0,0.0,341.05806099998154,207107.99999999997,213881.05806099996,-6773.058060999989,1578.9419390000185,-6581.0580609999815
2025-09-26,66554.476636196,8501.058060999982,2000,0,0,128.0,41.78336380400001,64.0,0.0,0.0,0.0,341.05806099998154,196166.47663619602,203111.058061,-6944.581424803968,66213.41857519603,58053.418575196025
2025-09-29,128.0,9078.042311691977,3000,0,0,128.0,9.740886888,0.0,0.0,0.0,576.9842506919958,918.0423116919774,199740.0,208818.04231169197,-9078.04231169197,-790.0423116919774,-8950.042311691977
2025-09-30,65899.46235170799,9078.042311691977,2000,0,0,64.0,42.517648292000004,64.0,0.0,0.0,0.0,918.0423116919774,197855.46235170797,207108.042311692,-9252.579959984025,64981.42004001601,56821.42004001601
2025-10-09,64.0,12009.81726268,3000,0,0,64.0,9.997302696000002,0.0,0.0,0.0,2931.774950988023,3849.8172626800006,205350.0,217359.81726268,-12009.817262680008,-3785.8172626800006,-11945.81726268
2025-10-10,64.0,12009.81726268,3000,0,0,64.0,0.0,0.0,0.0,0.0,0.0,3849.8172626800006,199230.0,211239.81726268,-12009.817262680008,-3785.8172626800006,-11945.81726268
2025-10-13,64.0,12009.81726268,3000,0,0,64.0,0.0,0.0,0.0,0.0,0.0,3849.8172626800006,190440.0,202449.81726268,-12009.817262680008,-3785.8172626800006,-11945.81726268
2025-10-14,59562.093798575996,12009.81726268,2000,0,0,0.0,38.466201424000005,64.0,0.0,0.0,0.0,3849.8172626800006,179002.09379857598,191169.81726268,-12167.723464104027,55712.276535895995,47552.276535895995
2025-10-15,716.0988347999955,12009.81726268,3000,0,0,0.0,8.554963776000001,0.0,0.0,0.0,0.0,3849.8172626800006,190856.0988348,202149.81726268,-11293.718427879998,-3133.718427880005,-11293.718427880005
2025-10-16,716.0988347999955,12009.81726268,3000,0,0,0.0,0.0,0.0,0.0,0.0,0.0,3849.8172626800006,191486.0988348,202779.81726268,-11293.718427879998,-3133.718427880005,-11293.718427880005
2025-10-17,716.0988347999955,12009.81726268,3000,0,0,0.0,0.0,0.0,0.0,0.0,0.0,3849.8172626800006,180746.0988348,192039.81726268,-11293.718427879998,-3133.718427880005,-11293.718427880005
2025-10-20,716.0988347999955,12009.81726268,3000,0,0,0.0,0.0,0.0,0.0,0.0,0.0,3849.8172626800006,186896.0988348,198189.81726268,-11293.718427879998,-3133.718427880005,-11293.718427880005
2025-10-21,716.0988347999955,12009.81726268,3000,0,0,0.0,0.0,0.0,0.0,0.0,0.0,3849.8172626800006,204716.0988348,216009.81726268,-11293.718427879998,-3133.718427880005,-11293.718427880005
2025-10-22,716.0988347999955,12009.81726268,3000,0,0,0.0,0.0,0.0,0.0,0.0,0.0,3849.8172626800006,197096.09883479995,208389.81726267998,-11293.718427880027,-3133.718427880005,-11293.718427880005
2025-10-23,716.0988347999955,12009.81726268,3000,0,0,0.0,0.0,0.0,0.0,0.0,0.0,3849.8172626800006,192686.0988348,203979.81726268,-11293.718427879998,-3133.718427880005,-11293.718427880005
2025-10-24,716.0988347999955,12009.81726268,3000,0,0,0.0,0.0,0.0,0.0,0.0,0.0,3849.8172626800006,202466.0988348,213759.81726268,-11293.718427879998,-3133.718427880005,-11293.718427880005
2025-10-27,716.0988347999955,12009.81726268,3000,0,0,0.0,0.0,0.0,0.0,0.0,0.0,3849.8172626800006,218996.0988348,230289.81726268004,-11293.718427880027,-3133.718427880005,-11293.718427880005
2025-10-28,716.0988347999955,12009.81726268,3000,0,0,0.0,0.0,0.0,0.0,0.0,0.0,3849.8172626800006,222686.09883479995,233979.81726267998,-11293.718427880027,-3133.718427880005,-11293.718427880005
2025-10-29,716.0988347999955,12009.81726268,3000,0,0,0.0,0.0,0.0,0.0,0.0,0.0,3849.8172626800006,243116.0988348,254409.81726268,-11293.718427879998,-3133.718427880005,-11293.718427880005
2025-10-30,716.0988347999955,12009.81726268,3000,0,0,0.0,0.0,0.0,0.0,0.0,0.0,3849.8172626800006,234626.0988348,245919.81726268,-11293.718427879998,-3133.718427880005,-11293.718427880005
2025-10-31,716.0988347999955,12009.81726268,3000,0,0,0.0,0.0,0.0,0.0,0.0,0.0,3849.8172626800006,216716.0988348,228009.81726268,-11293.718427879998,-3133.718427880005,-11293.718427880005
2025-11-03,716.0988347999955,12009.81726268,3000,0,0,0.0,0.0,0.0,0.0,0.0,0.0,3849.8172626800006,225386.0988348,236679.81726268,-11293.718427879998,-3133.718427880005,-11293.718427880005
2025-11-04,716.0988347999955,12009.81726268,3000,0,0,0.0,0.0,0.0,0.0,0.0,0.0,3849.8172626800006,221186.09883479995,232479.81726267998,-11293.718427880027,-3133.718427880005,-11293.718427880005
2025-11-05,716.0988347999955,12009.81726268,3000,0,0,0.0,0.0,0.0,0.0,0.0,0.0,3849.8172626800006,226436.09883479995,237729.81726267998,-11293.718427880027,-3133.718427880005,-11293.718427880005
2025-11-06,716.0988347999955,12009.81726268,3000,0,0,0.0,0.0,0.0,0.0,0.0,0.0,3849.8172626800006,229376.0988348,240669.81726268,-11293.718427879998,-3133.718427880005,-11293.718427880005
2025-11-07,716.0988347999955,12009.81726268,3000,0,0,0.0,0.0,0.0,0.0,0.0,0.0,3849.8172626800006,218816.0988348,230109.81726268,-11293.718427879998,-3133.718427880005,-11293.718427880005
2025-11-10,716.0988347999955,12009.81726268,3000,0,0,0.0,0.0,0.0,0.0,0.0,0.0,3849.8172626800006,215216.0988348,226509.81726268,-11293.718427879998,-3133.718427880005,-11293.718427880005
2025-11-11,68566.220085924,12009.81726268,2000,0,0,0.0,43.81874887600001,0.0,0.0,0.0,0.0,3849.8172626800006,204626.220085924,216099.81726268,-11473.597176756011,64716.402823243996,56556.402823243996
2025-11-12,1562.7591990359942,12009.81726268,3000,0,0,0.0,9.740886888,0.0,0.0,0.0,0.0,3849.8172626800006,207362.75919903597,217809.81726267998,-10447.058063644014,-2287.0580636440063,-10447.058063644006
2025-11-13,1562.7591990359942,12009.81726268,3000,0,0,0.0,0.0,0.0,0.0,0.0,0.0,3849.8172626800006,205532.75919903597,215979.81726267998,-10447.058063644014,-2287.0580636440063,-10447.058063644006
2025-11-14,65662.82230075198,12009.81726268,2000,0,0,0.0,41.396898283999995,0.0,0.0,0.0,0.0,3849.8172626800006,194202.82230075198,204819.81726268,-10616.994961928023,61813.005038071984,53653.005038071984
2025-11-17,0.0,12047.666450776007,3000,0,0,0.0,9.551488848,0.0,0.0,0.0,37.8491880960064,3887.666450776007,194820.0,206867.666450776,-12047.666450776014,-3887.666450776007,-12047.666450776007
2025-11-18,0.0,12047.666450776007,3000,0,0,0.0,0.0,0.0,0.0,0.0,0.0,3887.666450776007,194160.0,206207.666450776,-12047.666450776014,-3887.666450776007,-12047.666450776007
2025-11-19,0.0,12047.666450776007,3000,0,0,0.0,0.0,0.0,0.0,0.0,0.0,3887.666450776007,195180.0,207227.666450776,-12047.666450776014,-3887.666450776007,-12047.666450776007
2025-11-20,0.0,12047.666450776007,3000,0,0,0.0,0.0,0.0,0.0,0.0,0.0,3887.666450776007,197820.0,209867.666450776,-12047.666450776014,-3887.666450776007,-12047.666450776007
2025-11-21,0.0,12047.666450776007,3000,0,0,0.0,0.0,0.0,0.0,0.0,0.0,3887.666450776007,182010.0,194057.666450776,-12047.666450776014,-3887.666450776007,-12047.666450776007
2025-11-24,55792.088531352005,12047.666450776007,2000,0,0,0.0,36.031468648,0.0,0.0,0.0,0.0,3887.666450776007,167672.088531352,179867.666450776,-12195.577919424017,51904.422080576,43744.422080576
2025-11-25,56460.316978188,13137.367329232002,2000,0,0,0.0,44.73243162,0.0,0.0,0.0,1089.7008784559948,4977.367329232002,169680.316978188,182967.367329232,-13287.050351043988,51482.949648956,43322.949648956
2025-11-26,640.8020006279985,13137.367329232002,3000,0,0,0.0,8.114977560000002,0.0,0.0,0.0,0.0,4977.367329232002,177430.802000628,189927.367329232,-12496.565328603989,-4336.565328604003,-12496.565328604003
2025-11-27,60751.441539144,13137.367329232002,2000,0,0,0.0,38.820461484000006,0.0,0.0,0.0,0.0,4977.367329232002,181291.441539144,193947.367329232,-12655.92579008799,55774.074209911996,47614.074209911996
2025-11-28,472.3782375239971,13137.367329232002,3000,0,0,0.0,8.763301620000002,0.0,0.0,0.0,0.0,4977.367329232002,182632.378237524,195297.367329232,-12664.989091707976,-4504.989091708005,-12664.989091708005
2025-12-01,472.3782375239971,13137.367329232002,3000,0,0,0.0,0.0,0.0,0.0,0.0,0.0,4977.367329232002,179902.378237524,192567.367329232,-12664.989091707976,-4504.989091708005,-12664.989091708005
2025-12-02,472.3782375239971,13137.367329232002,3000,0,0,0.0,0.0,0.0,0.0,0.0,0.0,4977.367329232002,183352.378237524,196017.367329232,-12664.989091707976,-4504.989091708005,-12664.989091708005
2025-12-03,472.3782375239971,13137.367329232002,3000,0,0,0.0,0.0,0.0,0.0,0.0,0.0,4977.367329232002,185512.378237524,198177.367329232,-12664.989091707976,-4504.989091708005,-12664.989091708005
2025-12-04,472.3782375239971,13137.367329232002,3000,0,0,0.0,0.0,0.0,0.0,0.0,0.0,4977.367329232002,184672.378237524,197337.367329232,-12664.989091707976,-4504.989091708005,-12664.989091708005
2025-12-05,472.3782375239971,13137.367329232002,3000,0,0,0.0,0.0,0.0,0.0,0.0,0.0,4977.367329232002,183832.378237524,196497.367329232,-12664.989091707976,-4504.989091708005,-12664.989091708005
2025-12-08,472.3782375239971,13137.367329232002,3000,0,0,0.0,0.0,0.0,0.0,0.0,0.0,4977.367329232002,190702.378237524,203367.367329232,-12664.989091707976,-4504.989091708005,-12664.989091708005
2025-12-09,472.3782375239971,13137.367329232002,3000,0,0,0.0,0.0,0.0,0.0,0.0,0.0,4977.367329232002,204442.37823752395,217107.367329232,-12664.989091708034,-4504.989091708005,-12664.989091708005
2025-12-10,472.3782375239971,13137.367329232002,3000,0,0,0.0,0.0,0.0,0.0,0.0,0.0,4977.367329232002,196102.37823752395,208767.367329232,-12664.989091708034,-4504.989091708005,-12664.989091708005
2025-12-11,472.3782375239971,13137.367329232002,3000,0,0,0.0,0.0,0.0,0.0,0.0,0.0,4977.367329232002,187372.378237524,200037.367329232,-12664.989091707976,-4504.989091708005,-12664.989091708005
2025-12-12,472.3782375239971,13137.367329232002,3000,0,0,0.0,0.0,0.0,0.0,0.0,0.0,4977.367329232002,185722.378237524,198387.367329232,-12664.989091707976,-4504.989091708005,-12664.989091708005
2025-12-15,59456.005619436,13137.367329232002,2000,0,0,0.0,38.092618088,0.0,0.0,0.0,0.0,4977.367329232002,177736.005619436,190557.367329232,-12821.36170979598,54478.638290204,46318.638290204
2025-12-16,0.0,13709.888588716007,3000,0,0,0.0,8.726878920000003,0.0,0.0,0.0,572.521259484005,5549.888588716007,176850.0,190559.888588716,-13709.888588716014,-5549.888588716007,-13709.888588716007
2025-12-17,0.0,13709.888588716007,3000,0,0,0.0,0.0,0.0,0.0,0.0,0.0,5549.888588716007,184500.0,198209.888588716,-13709.888588716014,-5549.888588716007,-13709.888588716007
2025-12-18,0.0,13709.888588716007,3000,0,0,0.0,0.0,0.0,0.0,0.0,0.0,5549.888588716007,174840.0,188549.888588716,-13709.888588716014,-5549.888588716007,-13709.888588716007
2025-12-19,0.0,13709.888588716007,3000,0,0,0.0,0.0,0.0,0.0,0.0,0.0,5549.888588716007,174900.0,188609.888588716,-13709.888588716014,-5549.888588716007,-13709.888588716007
2025-12-22,0.0,13709.888588716007,3000,0,0,0.0,0.0,0.0,0.0,0.0,0.0,5549.888588716007,181860.0,195569.888588716,-13709.888588716014,-5549.888588716007,-13709.888588716007
2025-12-23,0.0,13709.888588716007,3000,0,0,0.0,0.0,0.0,0.0,0.0,0.0,5549.888588716007,188580.0,202289.888588716,-13709.888588716014,-5549.888588716007,-13709.888588716007
2025-12-24,0.0,13709.888588716007,3000,0,0,0.0,0.0,0.0,0.0,0.0,0.0,5549.888588716007,195420.0,209129.888588716,-13709.888588716014,-5549.888588716007,-13709.888588716007
2025-12-25,0.0,13709.888588716007,3000,0,0,0.0,0.0,0.0,0.0,0.0,0.0,5549.888588716007,200160.0,213869.888588716,-13709.888588716014,-5549.888588716007,-13709.888588716007
2025-12-26,0.0,13709.888588716007,3000,0,0,0.0,0.0,0.0,0.0,0.0,0.0,5549.888588716007,191520.0,205229.888588716,-13709.888588716014,-5549.888588716007,-13709.888588716007
2025-12-29,0.0,13709.888588716007,3000,0,0,0.0,0.0,0.0,0.0,0.0,0.0,5549.888588716007,195719.99999999997,209429.88858871598,-13709.888588716014,-5549.888588716007,-13709.888588716007
2025-12-30,0.0,13709.888588716007,3000,0,0,0.0,0.0,0.0,0.0,0.0,0.0,5549.888588716007,192690.0,206399.888588716,-13709.888588716014,-5549.888588716007,-13709.888588716007
2025-12-31,61885.93302414,13709.888588716007,2000,0,0,0.0,39.966975860000005,0.0,0.0,0.0,0.0,5549.888588716007,185985.93302414002,199859.888588716,-13873.955564575997,56336.044435423995,48176.044435423995
2026-01-05,0.0,15630.571697812004,3000,0,0,0.0,9.276133236,0.0,0.0,0.0,1920.6831090959968,7470.571697812004,191010.0,206640.571697812,-15630.571697812004,-7470.571697812004,-15630.571697812004
2026-01-06,0.0,15630.571697812004,3000,0,0,0.0,0.0,0.0,0.0,0.0,0.0,7470.571697812004,192150.0,207780.571697812,-15630.571697812004,-7470.571697812004,-15630.571697812004
2026-01-07,0.0,15630.571697812004,3000,0,0,0.0,0.0,0.0,0.0,0.0,0.0,7470.571697812004,189450.0,205080.571697812,-15630.571697812004,-7470.571697812004,-15630.571697812004
2026-01-08,0.0,15630.571697812004,3000,0,0,0.0,0.0,0.0,0.0,0.0,0.0,7470.571697812004,183990.0,199620.571697812,-15630.571697812004,-7470.571697812004,-15630.571697812004
2026-01-09,0.0,15630.571697812004,3000,0,0,0.0,0.0,0.0,0.0,0.0,0.0,7470.571697812004,184440.0,200070.571697812,-15630.571697812004,-7470.571697812004,-15630.571697812004
2026-01-12,0.0,15630.571697812004,3000,0,0,0.0,0.0,0.0,0.0,0.0,0.0,7470.571697812004,182790.0,198420.571697812,-15630.571697812004,-7470.571697812004,-15630.571697812004
2026-01-13,59272.860590243996,15630.571697812004,2000,0,0,0.0,38.27940975600001,0.0,0.0,0.0,0.0,7470.571697812004,178132.860590244,193920.571697812,-15787.711107568,51802.28889243199,43642.28889243199
2026-01-14,0.0,16366.19507267201,3000,0,0,0.0,8.723965104000001,0.0,0.0,0.0,735.6233748600062,8206.19507267201,180000.0,196366.195072672,-16366.19507267201,-8206.19507267201,-16366.19507267201
2026-01-15,0.0,16366.19507267201,3000,0,0,0.0,0.0,0.0,0.0,0.0,0.0,8206.19507267201,182370.0,198736.195072672,-16366.19507267201,-8206.19507267201,-16366.19507267201
2026-01-16,990.0,17356.19507267201,3000,0,0,198.0,0.0,0.0,990.0,990.0,0.0,8206.19507267201,189792.0,206356.195072672,-16564.19507267201,-7216.19507267201,-16366.19507267201
2026-01-19,990.0,17356.19507267201,3000,0,0,165.0,0.0,0.0,0.0,0.0,0.0,8206.19507267201,183525.0,200056.195072672,-16531.19507267201,-7216.19507267201,-16366.19507267201
2026-01-20,990.0,17356.19507267201,3000,0,0,165.0,0.0,0.0,0.0,0.0,0.0,8206.19507267201,179835.0,196366.195072672,-16531.19507267201,-7216.19507267201,-16366.19507267201
2026-01-21,990.0,17356.19507267201,3000,0,0,165.0,0.0,0.0,0.0,0.0,0.0,8206.19507267201,185505.0,202036.195072672,-16531.19507267201,-7216.19507267201,-16366.19507267201
2026-01-22,990.0,17356.19507267201,3000,0,0,165.0,0.0,0.0,0.0,0.0,0.0,8206.19507267201,189075.0,205606.195072672,-16531.19507267201,-7216.19507267201,-16366.19507267201
2026-01-23,990.0,17356.19507267201,3000,0,0,165.0,0.0,0.0,0.0,0.0,0.0,8206.19507267201,181155.0,197686.195072672,-16531.19507267201,-7216.19507267201,-16366.19507267201
2026-01-26,990.0,17356.19507267201,3000,0,0,165.0,0.0,0.0,0.0,0.0,0.0,8206.19507267201,178605.0,195136.195072672,-16531.19507267201,-7216.19507267201,-16366.19507267201
2026-01-27,990.0,17356.19507267201,3000,0,0,165.0,0.0,0.0,0.0,0.0,0.0,8206.19507267201,183735.0,200266.195072672,-16531.19507267201,-7216.19507267201,-16366.19507267201
2026-01-28,61486.529012652005,17356.19507267201,2000,0,0,132.0,39.090987348000006,33.0,0.0,0.0,0.0,8206.19507267201,182734.529012652,199426.195072672,-16691.666060020012,53280.333939979995,44130.333939979995
2026-01-29,1748.6243840640018,17356.19507267201,3000,0,0,132.0,8.684628588,0.0,0.0,0.0,0.0,8206.19507267201,174416.624384064,190156.195072672,-15739.570688608015,-6457.570688608008,-15607.570688608008
2026-01-30,1748.6243840640018,17356.19507267201,3000,0,0,132.0,0.0,0.0,0.0,0.0,0.0,8206.19507267201,174716.624384064,190456.195072672,-15739.570688608015,-6457.570688608008,-15607.570688608008
2026-02-02,57215.400383808,17356.19507267201,2000,0,0,66.0,35.864000256,66.0,0.0,0.0,0.0,8206.19507267201,168509.400383808,184396.195072672,-15886.794688864,49009.20531113599,39859.20531113599
2026-02-03,964.9627592039978,17356.19507267201,3000,0,0,66.0,8.177624604000002,0.0,0.0,0.0,0.0,8206.19507267201,168148.962759204,184606.195072672,-16457.232313468005,-7241.232313468012,-16391.232313468012
2026-02-04,964.9627592039978,17356.19507267201,3000,0,0,66.0,0.0,0.0,0.0,0.0,0.0,8206.19507267201,161128.962759204,177586.195072672,-16457.232313468005,-7241.232313468012,-16391.232313468012
2026-02-05,964.9627592039978,17356.19507267201,3000,0,0,66.0,0.0,0.0,0.0,0.0,0.0,8206.19507267201,162538.962759204,178996.195072672,-16457.232313468005,-7241.232313468012,-16391.232313468012
2026-02-06,964.9627592039978,17356.19507267201,3000,0,0,66.0,0.0,0.0,0.0,0.0,0.0,8206.19507267201,164098.962759204,180556.195072672,-16457.232313468005,-7241.232313468012,-16391.232313468012
2026-02-09,56272.16181642,17356.19507267201,2000,0,0,0.0,35.760942784,66.0,0.0,0.0,0.0,8206.19507267201,167312.16181642,183916.195072672,-16604.033256252005,48065.96674374799,38915.96674374799
2026-02-10,0.0,18025.951407508015,3000,0,0,0.0,8.278151256000001,0.0,0.0,0.0,669.7563348360054,8875.951407508015,168210.0,186235.95140750802,-18025.951407508022,-8875.951407508015,-18025.951407508015
2026-02-11,0.0,18025.951407508015,3000,0,0,0.0,0.0,0.0,0.0,0.0,0.0,8875.951407508015,165600.0,183625.95140750802,-18025.951407508022,-8875.951407508015,-18025.951407508015
2026-02-12,0.0,18025.951407508015,3000,0,0,0.0,0.0,0.0,0.0,0.0,0.0,8875.951407508015,165990.0,184015.95140750802,-18025.951407508022,-8875.951407508015,-18025.951407508015
2026-02-13,0.0,18025.951407508015,3000,0,0,0.0,0.0,0.0,0.0,0.0,0.0,8875.951407508015,164250.0,182275.95140750802,-18025.951407508022,-8875.951407508015,-18025.951407508015
2026-02-24,0.0,18025.951407508015,3000,0,0,0.0,0.0,0.0,0.0,0.0,0.0,8875.951407508015,166140.0,184165.95140750802,-18025.951407508022,-8875.951407508015,-18025.951407508015
2026-02-25,0.0,18025.951407508015,3000,0,0,0.0,0.0,0.0,0.0,0.0,0.0,8875.951407508015,172170.0,190195.95140750802,-18025.951407508022,-8875.951407508015,-18025.951407508015
2026-02-26,0.0,18025.951407508015,3000,0,0,0.0,0.0,0.0,0.0,0.0,0.0,8875.951407508015,173850.0,191875.95140750802,-18025.951407508022,-8875.951407508015,-18025.951407508015
2026-02-27,0.0,18025.951407508015,3000,0,0,0.0,0.0,0.0,0.0,0.0,0.0,8875.951407508015,167100.0,185125.95140750802,-18025.951407508022,-8875.951407508015,-18025.951407508015
2026-03-02,0.0,18025.951407508015,3000,0,0,0.0,0.0,0.0,0.0,0.0,0.0,8875.951407508015,166590.0,184615.95140750802,-18025.951407508022,-8875.951407508015,-18025.951407508015
2026-03-03,54734.891287104,18025.951407508015,2000,0,0,0.0,35.348712896,0.0,0.0,0.0,0.0,8875.951407508015,164494.891287104,182665.95140750802,-18171.06012040403,45858.939879595986,36708.939879595986
2026-03-04,54307.02687166801,18025.951407508015,2000,0,0,0.0,42.484415436000006,0.0,0.0,0.0,0.0,8875.951407508015,161827.026871668,179305.95140750802,-17478.924535840022,45431.07546415999,36281.07546415999
2026-03-05,0.0,18646.529848588012,3000,0,0,0.0,7.985312748000001,0.0,0.0,0.0,620.578441079997,9496.529848588012,165300.0,183946.52984858802,-18646.52984858802,-9496.529848588012,-18646.529848588012
2026-03-06,0.0,18646.529848588012,3000,0,0,0.0,0.0,0.0,0.0,0.0,0.0,9496.529848588012,162990.0,181636.52984858802,-18646.52984858802,-9496.529848588012,-18646.529848588012
2026-03-09,0.0,18646.529848588012,3000,0,0,0.0,0.0,0.0,0.0,0.0,0.0,9496.529848588012,158370.0,177016.52984858802,-18646.52984858802,-9496.529848588012,-18646.529848588012
2026-03-10,0.0,18646.529848588012,3000,0,0,0.0,0.0,0.0,0.0,0.0,0.0,9496.529848588012,163080.0,181726.52984858802,-18646.52984858802,-9496.529848588012,-18646.529848588012
2026-03-11,0.0,18646.529848588012,3000,0,0,0.0,0.0,0.0,0.0,0.0,0.0,9496.529848588012,161670.0,180316.52984858802,-18646.52984858802,-9496.529848588012,-18646.529848588012
2026-03-12,0.0,18646.529848588012,3000,0,0,0.0,0.0,0.0,0.0,0.0,0.0,9496.529848588012,157620.0,176266.52984858802,-18646.52984858802,-9496.529848588012,-18646.529848588012
2026-03-13,0.0,18646.529848588012,3000,0,0,0.0,0.0,0.0,0.0,0.0,0.0,9496.529848588012,157470.0,176116.52984858802,-18646.52984858802,-9496.529848588012,-18646.529848588012
2026-03-16,0.0,18646.529848588012,3000,0,0,0.0,0.0,0.0,0.0,0.0,0.0,9496.529848588012,158100.0,176746.52984858802,-18646.52984858802,-9496.529848588012,-18646.529848588012
2026-03-17,50765.41484172,18646.529848588012,2000,0,0,0.0,32.78515828,0.0,0.0,0.0,0.0,9496.529848588012,152565.41484172,171346.52984858802,-18781.11500686803,41268.884993131986,32118.884993131986
2026-03-18,0.0,19211.01728964402,3000,0,0,0.0,7.462282776000001,0.0,0.0,0.0,564.4874410560078,10061.01728964402,156180.0,175391.01728964402,-19211.01728964402,-10061.01728964402,-19211.01728964402
2026-03-19,0.0,19211.01728964402,3000,0,0,0.0,0.0,0.0,0.0,0.0,0.0,10061.01728964402,151380.0,170591.01728964402,-19211.01728964402,-10061.01728964402,-19211.01728964402
2026-03-20,50167.00130724,19211.01728964402,2000,0,0,0.0,32.39869276,0.0,0.0,0.0,0.0,10061.01728964402,150767.00130724,170111.01728964402,-19344.01598240403,40105.98401759598,30955.984017595983
2026-03-23,1302.3774238320038,19211.01728964402,3000,0,0,0.0,7.103883408,0.0,0.0,0.0,0.0,10061.01728964402,144102.37742383202,162011.01728964402,-17908.639865812,-8758.639865812016,-17908.639865812016
2026-03-24,1302.3774238320038,19211.01728964402,3000,0,0,0.0,0.0,0.0,0.0,0.0,0.0,10061.01728964402,147822.37742383202,165731.01728964402,-17908.639865812,-8758.639865812016,-17908.639865812016
2026-03-25,1302.3774238320038,19211.01728964402,3000,0,0,0.0,0.0,0.0,0.0,0.0,0.0,10061.01728964402,152232.37742383202,170141.01728964402,-17908.639865812,-8758.639865812016,-17908.639865812016
2026-03-26,1302.3774238320038,19211.01728964402,3000,0,0,0.0,0.0,0.0,0.0,0.0,0.0,10061.01728964402,150522.37742383202,168431.01728964402,-17908.639865812,-8758.639865812016,-17908.639865812016
2026-03-27,1302.3774238320038,19211.01728964402,3000,0,0,0.0,0.0,0.0,0.0,0.0,0.0,10061.01728964402,149892.37742383202,167801.01728964402,-17908.639865812,-8758.639865812016,-17908.639865812016
2026-03-30,1302.3774238320038,19211.01728964402,3000,0,0,0.0,0.0,0.0,0.0,0.0,0.0,10061.01728964402,149112.37742383202,167021.01728964402,-17908.639865812,-8758.639865812016,-17908.639865812016
2026-03-31,1302.3774238320038,19211.01728964402,3000,0,0,0.0,0.0,0.0,0.0,0.0,0.0,10061.01728964402,155682.37742383202,173591.01728964402,-17908.639865812,-8758.639865812016,-17908.639865812016
2026-04-01,1302.3774238320038,19211.01728964402,3000,0,0,0.0,0.0,0.0,0.0,0.0,0.0,10061.01728964402,161262.37742383202,179171.01728964402,-17908.639865812,-8758.639865812016,-17908.639865812016
2026-04-02,1302.3774238320038,19211.01728964402,3000,0,0,0.0,0.0,0.0,0.0,0.0,0.0,10061.01728964402,157302.37742383202,175211.01728964402,-17908.639865812,-8758.639865812016,-17908.639865812016
2026-04-03,1302.3774238320038,19211.01728964402,3000,0,0,0.0,0.0,0.0,0.0,0.0,0.0,10061.01728964402,157842.37742383202,175751.01728964402,-17908.639865812,-8758.639865812016,-17908.639865812016
2026-04-07,1302.3774238320038,19211.01728964402,3000,0,0,0.0,0.0,0.0,0.0,0.0,0.0,10061.01728964402,159042.37742383202,176951.01728964402,-17908.639865812,-8758.639865812016,-17908.639865812016
2026-04-08,1302.3774238320038,19211.01728964402,3000,0,0,0.0,0.0,0.0,0.0,0.0,0.0,10061.01728964402,171132.37742383202,189041.01728964402,-17908.639865812,-8758.639865812016,-17908.639865812016
2026-04-09,1302.3774238320038,19211.01728964402,3000,0,0,0.0,0.0,0.0,0.0,0.0,0.0,10061.01728964402,166362.37742383202,184271.01728964402,-17908.639865812,-8758.639865812016,-17908.639865812016
2026-04-10,1302.3774238320038,19211.01728964402,3000,0,0,0.0,0.0,0.0,0.0,0.0,0.0,10061.01728964402,170862.37742383202,188771.01728964402,-17908.639865812,-8758.639865812016,-17908.639865812016
2026-04-13,1302.3774238320038,19211.01728964402,3000,0,0,0.0,0.0,0.0,0.0,0.0,0.0,10061.01728964402,168402.37742383202,186311.01728964402,-17908.639865812,-8758.639865812016,-17908.639865812016
2026-04-14,1302.3774238320038,19211.01728964402,3000,0,0,0.0,0.0,0.0,0.0,0.0,0.0,10061.01728964402,178062.37742383202,195971.01728964402,-17908.639865812,-8758.639865812016,-17908.639865812016
2026-04-15,1302.3774238320038,19211.01728964402,3000,0,0,0.0,0.0,0.0,0.0,0.0,0.0,10061.01728964402,174762.37742383202,192671.01728964402,-17908.639865812,-8758.639865812016,-17908.639865812016
2026-04-16,1302.3774238320038,19211.01728964402,3000,0,0,0.0,0.0,0.0,0.0,0.0,0.0,10061.01728964402,179262.37742383202,197171.01728964402,-17908.639865812,-8758.639865812016,-17908.639865812016
2026-04-17,1302.3774238320038,19211.01728964402,3000,0,0,0.0,0.0,0.0,0.0,0.0,0.0,10061.01728964402,184212.37742383202,202121.01728964402,-17908.639865812,-8758.639865812016,-17908.639865812016
2026-04-20,1302.3774238320038,19211.01728964402,3000,0,0,0.0,0.0,0.0,0.0,0.0,0.0,10061.01728964402,185832.37742383202,203741.01728964402,-17908.639865812,-8758.639865812016,-17908.639865812016
2026-04-21,1302.3774238320038,19211.01728964402,3000,0,0,0.0,0.0,0.0,0.0,0.0,0.0,10061.01728964402,185532.37742383202,203441.01728964402,-17908.639865812,-8758.639865812016,-17908.639865812016
2026-04-22,1302.3774238320038,19211.01728964402,3000,0,0,0.0,0.0,0.0,0.0,0.0,0.0,10061.01728964402,201972.37742383202,219881.01728964402,-17908.639865812,-8758.639865812016,-17908.639865812016
2026-04-23,1302.3774238320038,19211.01728964402,3000,0,0,0.0,0.0,0.0,0.0,0.0,0.0,10061.01728964402,205062.37742383202,222971.01728964402,-17908.639865812,-8758.639865812016,-17908.639865812016
2026-04-24,1302.3774238320038,19211.01728964402,3000,0,0,0.0,0.0,0.0,0.0,0.0,0.0,10061.01728964402,196332.37742383202,214241.01728964405,-17908.63986581203,-8758.639865812016,-17908.639865812016
2026-04-27,1302.3774238320038,19211.01728964402,3000,0,0,0.0,0.0,0.0,0.0,0.0,0.0,10061.01728964402,203052.37742383202,220961.01728964402,-17908.639865812,-8758.639865812016,-17908.639865812016
2026-04-28,1302.3774238320038,19211.01728964402,3000,0,0,0.0,0.0,0.0,0.0,0.0,0.0,10061.01728964402,205902.37742383202,223811.01728964402,-17908.639865812,-8758.639865812016,-17908.639865812016
2026-04-29,1302.3774238320038,19211.01728964402,3000,0,0,0.0,0.0,0.0,0.0,0.0,0.0,10061.01728964402,200082.37742383202,217991.01728964405,-17908.63986581203,-8758.639865812016,-17908.639865812016
2026-04-30,1302.3774238320038,19211.01728964402,3000,0,0,0.0,0.0,0.0,0.0,0.0,0.0,10061.01728964402,189942.37742383202,207851.01728964402,-17908.639865812,-8758.639865812016,-17908.639865812016
2026-05-06,1302.3774238320038,19211.01728964402,3000,0,0,0.0,0.0,0.0,0.0,0.0,0.0,10061.01728964402,190542.37742383202,208451.01728964402,-17908.639865812,-8758.639865812016,-17908.639865812016
2026-05-07,1302.3774238320038,19211.01728964402,3000,0,0,0.0,0.0,0.0,0.0,0.0,0.0,10061.01728964402,193842.37742383202,211751.01728964405,-17908.63986581203,-8758.639865812016,-17908.639865812016
2026-05-08,1302.3774238320038,19211.01728964402,3000,0,0,0.0,0.0,0.0,0.0,0.0,0.0,10061.01728964402,191142.37742383202,209051.01728964402,-17908.639865812,-8758.639865812016,-17908.639865812016
2026-05-11,1302.3774238320038,19211.01728964402,3000,0,0,0.0,0.0,0.0,0.0,0.0,0.0,10061.01728964402,198852.37742383196,216761.017289644,-17908.63986581203,-8758.639865812016,-17908.639865812016
2026-05-12,1302.3774238320038,19211.01728964402,3000,0,0,0.0,0.0,0.0,0.0,0.0,0.0,10061.01728964402,194502.37742383202,212411.01728964405,-17908.63986581203,-8758.639865812016,-17908.639865812016
2026-05-13,1302.3774238320038,19211.01728964402,3000,0,0,0.0,0.0,0.0,0.0,0.0,0.0,10061.01728964402,213822.37742383202,231731.01728964402,-17908.639865812,-8758.639865812016,-17908.639865812016
2026-05-14,1302.3774238320038,19211.01728964402,3000,0,0,0.0,0.0,0.0,0.0,0.0,0.0,10061.01728964402,207102.37742383196,225011.017289644,-17908.63986581203,-8758.639865812016,-17908.639865812016
2026-05-15,1302.3774238320038,19211.01728964402,3000,0,0,0.0,0.0,0.0,0.0,0.0,0.0,10061.01728964402,204162.37742383202,222071.01728964402,-17908.639865812,-8758.639865812016,-17908.639865812016
2026-05-18,1302.3774238320038,19211.01728964402,3000,0,0,0.0,0.0,0.0,0.0,0.0,0.0,10061.01728964402,208242.37742383202,226151.01728964402,-17908.639865812,-8758.639865812016,-17908.639865812016
2026-05-19,1302.3774238320038,19211.01728964402,3000,0,0,0.0,0.0,0.0,0.0,0.0,0.0,10061.01728964402,206982.37742383202,224891.01728964402,-17908.639865812,-8758.639865812016,-17908.639865812016
2026-05-20,1302.3774238320038,19211.01728964402,3000,0,0,0.0,0.0,0.0,0.0,0.0,0.0,10061.01728964402,205752.37742383202,223661.01728964405,-17908.63986581203,-8758.639865812016,-17908.639865812016
2026-05-21,1302.3774238320038,19211.01728964402,3000,0,0,0.0,0.0,0.0,0.0,0.0,0.0,10061.01728964402,197802.37742383202,215711.01728964402,-17908.639865812,-8758.639865812016,-17908.639865812016
2026-05-22,1302.3774238320038,19211.01728964402,3000,0,0,0.0,0.0,0.0,0.0,0.0,0.0,10061.01728964402,202782.37742383202,220691.01728964402,-17908.639865812,-8758.639865812016,-17908.639865812016
2026-05-25,1302.3774238320038,19211.01728964402,3000,0,0,0.0,0.0,0.0,0.0,0.0,0.0,10061.01728964402,212202.37742383202,230111.01728964402,-17908.639865812,-8758.639865812016,-17908.639865812016
2026-05-26,1302.3774238320038,19211.01728964402,3000,0,0,0.0,0.0,0.0,0.0,0.0,0.0,10061.01728964402,211242.37742383202,229151.01728964402,-17908.639865812,-8758.639865812016,-17908.639865812016
2026-05-27,1302.3774238320038,19211.01728964402,3000,0,0,0.0,0.0,0.0,0.0,0.0,0.0,10061.01728964402,211542.37742383202,229451.01728964402,-17908.639865812,-8758.639865812016,-17908.639865812016
2026-05-28,1302.3774238320038,19211.01728964402,3000,0,0,0.0,0.0,0.0,0.0,0.0,0.0,10061.01728964402,226302.37742383202,244211.01728964402,-17908.639865812,-8758.639865812016,-17908.639865812016
2026-05-29,1302.3774238320038,19211.01728964402,3000,0,0,0.0,0.0,0.0,0.0,0.0,0.0,10061.01728964402,221502.37742383202,239411.01728964405,-17908.63986581203,-8758.639865812016,-17908.639865812016
2026-06-01,1302.3774238320038,19211.01728964402,3000,0,0,0.0,0.0,0.0,0.0,0.0,0.0,10061.01728964402,222552.37742383202,240461.01728964402,-17908.639865812,-8758.639865812016,-17908.639865812016
2026-06-02,1302.3774238320038,19211.01728964402,3000,0,0,0.0,0.0,0.0,0.0,0.0,0.0,10061.01728964402,241332.37742383202,259241.01728964405,-17908.63986581203,-8758.639865812016,-17908.639865812016
2026-06-03,1302.3774238320038,19211.01728964402,3000,0,0,0.0,0.0,0.0,0.0,0.0,0.0,10061.01728964402,244452.37742383202,262361.017289644,-17908.639865811972,-8758.639865812016,-17908.639865812016
2026-06-04,1302.3774238320038,19211.01728964402,3000,0,0,0.0,0.0,0.0,0.0,0.0,0.0,10061.01728964402,236952.37742383202,254861.01728964402,-17908.639865812,-8758.639865812016,-17908.639865812016
2026-06-05,1302.3774238320038,19211.01728964402,3000,0,0,0.0,0.0,0.0,0.0,0.0,0.0,10061.01728964402,223482.37742383202,241391.01728964402,-17908.639865812,-8758.639865812016,-17908.639865812016
2026-06-08,1302.3774238320038,19211.01728964402,3000,0,0,0.0,0.0,0.0,0.0,0.0,0.0,10061.01728964402,212742.37742383202,230651.01728964402,-17908.639865812,-8758.639865812016,-17908.639865812016
2026-06-09,1302.3774238320038,19211.01728964402,3000,0,0,0.0,0.0,0.0,0.0,0.0,0.0,10061.01728964402,225522.37742383196,243431.017289644,-17908.63986581203,-8758.639865812016,-17908.639865812016
2026-06-10,1302.3774238320038,19211.01728964402,3000,0,0,0.0,0.0,0.0,0.0,0.0,0.0,10061.01728964402,214692.37742383202,232601.01728964402,-17908.639865812,-8758.639865812016,-17908.639865812016
2026-06-11,1302.3774238320038,19211.01728964402,3000,0,0,0.0,0.0,0.0,0.0,0.0,0.0,10061.01728964402,209862.37742383202,227771.01728964402,-17908.639865812,-8758.639865812016,-17908.639865812016
2026-06-12,1302.3774238320038,19211.01728964402,3000,0,0,0.0,0.0,0.0,0.0,0.0,0.0,10061.01728964402,211692.37742383202,229601.01728964402,-17908.639865812,-8758.639865812016,-17908.639865812016
2026-06-15,1302.3774238320038,19211.01728964402,3000,0,0,0.0,0.0,0.0,0.0,0.0,0.0,10061.01728964402,221502.37742383202,239411.01728964405,-17908.63986581203,-8758.639865812016,-17908.639865812016
2026-06-16,1302.3774238320038,19211.01728964402,3000,0,0,0.0,0.0,0.0,0.0,0.0,0.0,10061.01728964402,220002.37742383202,237911.01728964405,-17908.63986581203,-8758.639865812016,-17908.639865812016
2026-06-17,1302.3774238320038,19211.01728964402,3000,0,0,0.0,0.0,0.0,0.0,0.0,0.0,10061.01728964402,219222.37742383202,237131.01728964402,-17908.639865812,-8758.639865812016,-17908.639865812016
2026-06-18,1302.3774238320038,19211.01728964402,3000,0,0,0.0,0.0,0.0,0.0,0.0,0.0,10061.01728964402,235542.37742383202,253451.01728964402,-17908.639865812,-8758.639865812016,-17908.639865812016
2026-06-22,1302.3774238320038,19211.01728964402,3000,0,0,0.0,0.0,0.0,0.0,0.0,0.0,10061.01728964402,237942.37742383202,255851.01728964402,-17908.639865812,-8758.639865812016,-17908.639865812016
2026-06-23,1302.3774238320038,19211.01728964402,3000,0,0,0.0,0.0,0.0,0.0,0.0,0.0,10061.01728964402,223602.37742383196,241511.017289644,-17908.63986581203,-8758.639865812016,-17908.639865812016
2026-06-24,1302.3774238320038,19211.01728964402,3000,0,0,0.0,0.0,0.0,0.0,0.0,0.0,10061.01728964402,231642.37742383202,249551.01728964402,-17908.639865812,-8758.639865812016,-17908.639865812016
2026-06-25,1302.3774238320038,19211.01728964402,3000,0,0,0.0,0.0,0.0,0.0,0.0,0.0,10061.01728964402,232272.37742383196,250181.017289644,-17908.63986581203,-8758.639865812016,-17908.639865812016
2026-06-26,71336.708075808,19211.01728964402,2000,0,0,0.0,45.229348024000004,0.0,0.0,0.0,0.0,10061.01728964402,211776.708075808,229871.01728964402,-18094.309213836008,61275.69078616398,52125.69078616398
2026-06-29,1707.625479023991,19211.01728964402,3000,0,0,0.0,10.122596784000002,0.0,0.0,0.0,0.0,10061.01728964402,210537.625479024,228041.01728964402,-17503.39181062003,-8353.391810620029,-17503.39181062003
2026-06-30,1707.625479023991,19211.01728964402,3000,0,0,0.0,0.0,0.0,0.0,0.0,0.0,10061.01728964402,218157.62547902402,235661.01728964405,-17503.39181062003,-8353.391810620029,-17503.39181062003
2026-07-01,71522.53783502399,19211.01728964402,2000,0,0,0.0,45.087644000000004,0.0,0.0,0.0,0.0,10061.01728964402,211522.537835024,229211.01728964402,-17688.479454620014,61461.52054537997,52311.52054537997
2026-07-02,5531.244095843998,19211.01728964402,3000,0,0,0.0,9.59373918,0.0,0.0,0.0,0.0,10061.01728964402,197591.24409584398,211271.01728964402,-13679.773193800036,-4529.7731938000215,-13679.773193800022
2026-07-03,5531.244095843998,19211.01728964402,3000,0,0,0.0,0.0,0.0,0.0,0.0,0.0,10061.01728964402,199691.24409584398,213371.01728964402,-13679.773193800036,-4529.7731938000215,-13679.773193800022
2026-07-06,5531.244095843998,19211.01728964402,3000,0,0,0.0,0.0,0.0,0.0,0.0,0.0,10061.01728964402,196301.24409584398,209981.01728964402,-13679.773193800036,-4529.7731938000215,-13679.773193800022
2026-07-07,5531.244095843998,19211.01728964402,3000,0,0,0.0,0.0,0.0,0.0,0.0,0.0,10061.01728964402,196871.24409584398,210551.01728964402,-13679.773193800036,-4529.7731938000215,-13679.773193800022
2026-07-08,5531.244095843998,19211.01728964402,3000,0,0,0.0,0.0,0.0,0.0,0.0,0.0,10061.01728964402,203561.24409584404,217241.01728964405,-13679.773193800007,-4529.7731938000215,-13679.773193800022
2026-07-09,5531.244095843998,19211.01728964402,3000,0,0,0.0,0.0,0.0,0.0,0.0,0.0,10061.01728964402,214121.24409584398,227801.01728964402,-13679.773193800036,-4529.7731938000215,-13679.773193800022
2026-07-10,5531.244095843998,19211.01728964402,3000,0,0,0.0,0.0,0.0,0.0,0.0,0.0,10061.01728964402,204341.24409584398,218021.01728964402,-13679.773193800036,-4529.7731938000215,-13679.773193800022
2026-07-13,5531.244095843998,19211.01728964402,3000,0,0,0.0,0.0,0.0,0.0,0.0,0.0,10061.01728964402,194771.24409584398,208451.01728964402,-13679.773193800036,-4529.7731938000215,-13679.773193800022
2026-07-14,5531.244095843998,19211.01728964402,3000,0,0,0.0,0.0,0.0,0.0,0.0,0.0,10061.01728964402,202331.24409584398,216011.017289644,-13679.773193800007,-4529.7731938000215,-13679.773193800022
2026-07-15,68983.02586854,19211.01728964402,2000,0,0,0.0,40.97822730400001,0.0,0.0,0.0,0.0,10061.01728964402,196223.02586854,210071.01728964402,-13847.99142110403,58922.008578895984,49772.008578895984
2026-07-16,5807.761520508,19211.01728964402,3000,0,0,0.0,9.184348032,0.0,0.0,0.0,0.0,10061.01728964402,194867.761520508,208271.01728964402,-13403.255769136013,-4253.25576913602,-13403.25576913602
2026-07-17,5807.761520508,19211.01728964402,3000,0,0,0.0,0.0,0.0,0.0,0.0,0.0,10061.01728964402,178577.761520508,191981.01728964402,-13403.255769136013,-4253.25576913602,-13403.25576913602
2026-07-20,5807.761520508,19211.01728964402,3000,0,0,0.0,0.0,0.0,0.0,0.0,0.0,10061.01728964402,175307.761520508,188711.01728964402,-13403.255769136013,-4253.25576913602,-13403.25576913602
2026-07-21,5807.761520508,19211.01728964402,3000,0,0,0.0,0.0,0.0,0.0,0.0,0.0,10061.01728964402,188747.761520508,202151.01728964402,-13403.255769136013,-4253.25576913602,-13403.25576913602
2026-07-22,5807.761520508,19211.01728964402,3000,0,0,0.0,0.0,0.0,0.0,0.0,0.0,10061.01728964402,187937.761520508,201341.01728964402,-13403.255769136013,-4253.25576913602,-13403.25576913602
2026-07-23,5807.761520508,19211.01728964402,3000,0,0,0.0,0.0,0.0,0.0,0.0,0.0,10061.01728964402,194447.761520508,207851.01728964402,-13403.255769136013,-4253.25576913602,-13403.25576913602
2026-07-24,5807.761520508,19211.01728964402,3000,0,0,0.0,0.0,0.0,0.0,0.0,0.0,10061.01728964402,186557.761520508,199961.01728964402,-13403.255769136013,-4253.25576913602,-13403.25576913602
2026-07-27,5807.761520508,19211.01728964402,3000,0,0,0.0,0.0,0.0,0.0,0.0,0.0,10061.01728964402,190457.761520508,203861.01728964402,-13403.255769136013,-4253.25576913602,-13403.25576913602
2026-07-28,5807.761520508,19211.01728964402,3000,0,0,0.0,0.0,0.0,0.0,0.0,0.0,10061.01728964402,180047.761520508,193451.01728964402,-13403.255769136013,-4253.25576913602,-13403.25576913602
2026-07-29,5807.761520508,19211.01728964402,3000,0,0,0.0,0.0,0.0,0.0,0.0,0.0,10061.01728964402,179057.761520508,192461.01728964402,-13403.255769136013,-4253.25576913602,-13403.25576913602
2026-07-30,59465.508445548,19211.01728964402,2000,0,0,0.0,34.653074960000005,0.0,0.0,0.0,0.0,10061.01728964402,167065.508445548,180611.01728964402,-13545.50884409601,49404.49115590398,40254.49115590398
2026-07-31,2493.525923568006,19211.01728964402,3000,0,0,0.0,8.28252198,0.0,0.0,0.0,0.0,10061.01728964402,172593.525923568,189311.01728964402,-16717.49136607602,-7567.491366076014,-16717.491366076014
2026-08-03,4443.525923568006,21161.01728964402,3000,0,0,325.0,0.0,0.0,1950.0,1950.0,0.0,10061.01728964402,171818.525923568,188861.01728964402,-17042.49136607602,-5617.491366076014,-16717.491366076014
2026-08-04,4443.525923568006,21161.01728964402,3000,0,0,325.0,0.0,0.0,0.0,0.0,0.0,10061.01728964402,183908.525923568,200951.01728964402,-17042.49136607602,-5617.491366076014,-16717.491366076014
2026-08-05,4443.525923568006,21161.01728964402,3000,0,0,325.0,0.0,0.0,0.0,0.0,0.0,10061.01728964402,201878.525923568,218921.01728964402,-17042.49136607602,-5617.491366076014,-16717.491366076014
2026-08-06,4443.525923568006,21161.01728964402,3000,0,0,325.0,0.0,0.0,0.0,0.0,0.0,10061.01728964402,208928.525923568,225971.01728964402,-17042.49136607602,-5617.491366076014,-16717.491366076014
2026-08-07,4443.525923568006,21161.01728964402,3000,0,0,325.0,0.0,0.0,0.0,0.0,0.0,10061.01728964402,208658.52592356803,225701.01728964405,-17042.49136607602,-5617.491366076014,-16717.491366076014
2026-08-10,4443.525923568006,21161.01728964402,3000,0,0,325.0,0.0,0.0,0.0,0.0,0.0,10061.01728964402,211658.52592356803,228701.01728964405,-17042.49136607602,-5617.491366076014,-16717.491366076014
2026-08-11,4443.525923568006,21161.01728964402,3000,0,0,325.0,0.0,0.0,0.0,0.0,0.0,10061.01728964402,202148.52592356803,219191.01728964405,-17042.49136607602,-5617.491366076014,-16717.491366076014
2026-08-12,4443.525923568006,21161.01728964402,3000,0,0,325.0,0.0,0.0,0.0,0.0,0.0,10061.01728964402,200918.52592356797,217961.017289644,-17042.49136607602,-5617.491366076014,-16717.491366076014
2026-08-13,69436.05068045201,21161.01728964402,2000,0,0,260.0,42.01524311600001,65.0,0.0,0.0,0.0,10061.01728964402,199636.05068045203,216851.01728964402,-17214.966609191993,59375.03339080799,48275.03339080799
2026-08-14,3765.443562328015,21161.01728964402,3000,0,0,260.0,9.547118124,0.0,0.0,0.0,0.0,10061.01728964402,202075.443562328,219731.01728964402,-17655.57372731602,-6295.573727316005,-17395.573727316005
2026-08-17,3765.443562328015,21161.01728964402,3000,0,0,195.0,0.0,0.0,0.0,0.0,0.0,10061.01728964402,208260.443562328,225851.01728964402,-17590.57372731602,-6295.573727316005,-17395.573727316005
2026-08-18,3765.443562328015,21161.01728964402,3000,0,0,195.0,0.0,0.0,0.0,0.0,0.0,10061.01728964402,202170.443562328,219761.01728964402,-17590.57372731602,-6295.573727316005,-17395.573727316005
2026-08-19,3765.443562328015,21161.01728964402,3000,0,0,195.0,0.0,0.0,0.0,0.0,0.0,10061.01728964402,189060.443562328,206651.01728964402,-17590.57372731602,-6295.573727316005,-17395.573727316005
2026-08-20,3765.443562328015,21161.01728964402,3000,0,0,195.0,0.0,0.0,0.0,0.0,0.0,10061.01728964402,189960.443562328,207551.01728964402,-17590.57372731602,-6295.573727316005,-17395.573727316005
2026-08-21,3765.443562328015,21161.01728964402,3000,0,0,195.0,0.0,0.0,0.0,0.0,0.0,10061.01728964402,192090.443562328,209681.01728964402,-17590.57372731602,-6295.573727316005,-17395.573727316005
2026-08-24,3765.443562328015,21161.01728964402,3000,0,0,195.0,0.0,0.0,0.0,0.0,0.0,10061.01728964402,184770.443562328,202361.01728964402,-17590.57372731602,-6295.573727316005,-17395.573727316005
2026-08-25,3765.443562328015,21161.01728964402,3000,0,0,195.0,0.0,0.0,0.0,0.0,0.0,10061.01728964402,184020.443562328,201611.01728964402,-17590.57372731602,-6295.573727316005,-17395.573727316005
2026-08-26,3765.443562328015,21161.01728964402,3000,0,0,195.0,0.0,0.0,0.0,0.0,0.0,10061.01728964402,185280.443562328,202871.01728964402,-17590.57372731602,-6295.573727316005,-17395.573727316005
2026-08-27,3765.443562328015,21161.01728964402,3000,0,0,195.0,0.0,0.0,0.0,0.0,0.0,10061.01728964402,195150.443562328,212741.01728964402,-17590.57372731602,-6295.573727316005,-17395.573727316005
2026-08-28,3765.443562328015,21161.01728964402,3000,0,0,195.0,0.0,0.0,0.0,0.0,0.0,10061.01728964402,195690.44356232806,213281.01728964405,-17590.57372731599,-6295.573727316005,-17395.573727316005
2026-08-31,3765.443562328015,21161.01728964402,3000,0,0,195.0,0.0,0.0,0.0,0.0,0.0,10061.01728964402,198090.443562328,215681.01728964402,-17590.57372731602,-6295.573727316005,-17395.573727316005
2026-09-01,3765.443562328015,21161.01728964402,3000,0,0,130.0,0.0,0.0,0.0,0.0,0.0,10061.01728964402,192455.443562328,209981.01728964402,-17525.57372731602,-6295.573727316005,-17395.573727316005
2026-09-02,3765.443562328015,21161.01728964402,3000,0,0,130.0,0.0,0.0,0.0,0.0,0.0,10061.01728964402,189035.443562328,206561.01728964402,-17525.57372731602,-6295.573727316005,-17395.573727316005
2026-09-03,3765.443562328015,21161.01728964402,3000,0,0,130.0,0.0,0.0,0.0,0.0,0.0,10061.01728964402,193235.443562328,210761.01728964402,-17525.57372731602,-6295.573727316005,-17395.573727316005
2026-09-04,67222.04024738002,21161.01728964402,2000,0,0,65.0,41.02331494800001,65.0,0.0,0.0,0.0,10061.01728964402,194537.04024738003,212231.01728964402,-17693.977042263985,57161.022957736,46061.022957736
2026-09-07,1300.8967065560282,21161.01728964402,3000,0,0,65.0,9.583540824,0.0,0.0,0.0,0.0,10061.01728964402,200945.896706556,220871.017289644,-19925.12058308799,-8760.120583087992,-19860.12058308799
2026-09-08,1300.8967065560282,21161.01728964402,3000,0,0,65.0,0.0,0.0,0.0,0.0,0.0,10061.01728964402,195485.89670655603,215411.01728964402,-19925.12058308799,-8760.120583087992,-19860.12058308799
2026-09-09,1300.8967065560282,21161.01728964402,3000,0,0,65.0,0.0,0.0,0.0,0.0,0.0,10061.01728964402,196955.896706556,216881.017289644,-19925.12058308799,-8760.120583087992,-19860.12058308799
2026-09-10,1300.8967065560282,21161.01728964402,3000,0,0,65.0,0.0,0.0,0.0,0.0,0.0,10061.01728964402,192965.89670655603,212891.01728964402,-19925.12058308799,-8760.120583087992,-19860.12058308799
2026-09-11,1300.8967065560282,21161.01728964402,3000,0,0,65.0,0.0,0.0,0.0,0.0,0.0,10061.01728964402,193445.896706556,213371.017289644,-19925.12058308799,-8760.120583087992,-19860.12058308799
