date,cash,hold_cash,shares,receivable,hold_receivable,tax_reserve,fee,tax,payment,hold_payment,deposit,external,equity,hold_equity,relative,pool_ex_external,relative_cash_pool
2020-01-02,0.0,0.0,3000,0,0,0.0,0.0,0.0,0.0,0.0,0.0,0.0,55140.0,55140.0,0.0,0.0,0.0
2020-01-03,0.0,0.0,3000,0,0,0.0,0.0,0.0,0.0,0.0,0.0,0.0,54660.0,54660.0,0.0,0.0,0.0
2020-01-06,0.0,0.0,3000,0,0,0.0,0.0,0.0,0.0,0.0,0.0,0.0,53699.99999999999,53699.99999999999,0.0,0.0,0.0
2020-01-07,0.0,0.0,3000,0,0,0.0,0.0,0.0,0.0,0.0,0.0,0.0,53580.0,53580.0,0.0,0.0,0.0
2020-01-08,0.0,0.0,3000,0,0,0.0,0.0,0.0,0.0,0.0,0.0,0.0,52560.0,52560.0,0.0,0.0,0.0
2020-01-09,0.0,0.0,3000,0,0,0.0,0.0,0.0,0.0,0.0,0.0,0.0,54900.0,54900.0,0.0,0.0,0.0
2020-01-10,17986.796629660003,0.0,2000,0,0,0.0,23.37037034,0.0,0.0,0.0,0.0,0.0,54046.796629660006,54090.0,-43.20337033999385,17986.796629660003,17986.796629660003
2020-01-13,111.80423696000071,0.0,3000,0,0,0.0,5.3573927,0.0,0.0,0.0,0.0,0.0,55941.80423696,55830.0,111.80423696000071,111.80423696000071,111.80423696000071
2020-01-14,18457.83807054,0.0,2000,0,0,0.0,23.73716642,0.0,0.0,0.0,0.0,0.0,55237.838070540005,55170.0,67.83807054000499,18457.83807054,18457.83807054
2020-01-15,72.27446661999784,0.0,3000,0,0,0.0,5.3676039200000005,0.0,0.0,0.0,0.0,0.0,56172.27446662,56100.0,72.27446662000148,72.27446661999784,72.27446661999784
2020-01-16,72.27446661999784,0.0,3000,0,0,0.0,0.0,0.0,0.0,0.0,0.0,0.0,55302.27446662,55230.0,72.27446662000148,72.27446661999784,72.27446661999784
2020-01-17,72.27446661999784,0.0,3000,0,0,0.0,0.0,0.0,0.0,0.0,0.0,0.0,57042.27446661999,56969.99999999999,72.2744666199942,72.27446661999784,72.27446661999784
2020-01-20,72.27446661999784,0.0,3000,0,0,0.0,0.0,0.0,0.0,0.0,0.0,0.0,58092.27446662,58020.0,72.27446662000148,72.27446661999784,72.27446661999784
2020-01-21,72.27446661999784,0.0,3000,0,0,0.0,0.0,0.0,0.0,0.0,0.0,0.0,57342.27446662,57270.0,72.27446662000148,72.27446661999784,72.27446661999784
2020-01-22,72.27446661999784,0.0,3000,0,0,0.0,0.0,0.0,0.0,0.0,0.0,0.0,62622.27446662,62550.00000000001,72.2744666199942,72.27446661999784,72.27446661999784
2020-01-23,20024.896906619997,0.0,2000,0,0,0.0,25.377560000000003,0.0,0.0,0.0,0.0,0.0,60024.89690661999,60000.0,24.896906619993388,20024.896906619997,20024.896906619997
2020-02-03,1999.736510619994,0.0,3000,0,0,0.0,5.360396,0.0,0.0,0.0,0.0,0.0,55999.736510619994,54000.0,1999.736510619994,1999.736510619994,1999.736510619994
2020-02-04,1999.736510619994,0.0,3000,0,0,0.0,0.0,0.0,0.0,0.0,0.0,0.0,56059.736510619994,54060.0,1999.736510619994,1999.736510619994,1999.736510619994
2020-02-05,1999.736510619994,0.0,3000,0,0,0.0,0.0,0.0,0.0,0.0,0.0,0.0,58069.73651062,56070.00000000001,1999.736510619994,1999.736510619994,1999.736510619994
2020-02-06,1999.736510619994,0.0,3000,0,0,0.0,0.0,0.0,0.0,0.0,0.0,0.0,58759.73651062,56760.00000000001,1999.736510619994,1999.736510619994,1999.736510619994
2020-02-07,1999.736510619994,0.0,3000,0,0,0.0,0.0,0.0,0.0,0.0,0.0,0.0,59899.736510619994,57900.0,1999.736510619994,1999.736510619994,1999.736510619994
2020-02-10,1999.736510619994,0.0,3000,0,0,0.0,0.0,0.0,0.0,0.0,0.0,0.0,58729.736510619994,56730.0,1999.736510619994,1999.736510619994,1999.736510619994
2020-02-11,21183.990486679995,0.0,2000,0,0,0.0,24.593023940000002,0.0,0.0,0.0,0.0,0.0,59643.99048667999,57690.0,1953.9904866799916,21183.990486679995,21183.990486679995
2020-02-12,2237.799670439992,0.0,3000,0,0,0.0,5.37881624,0.0,0.0,0.0,0.0,0.0,59687.799670439985,57449.99999999999,2237.799670439992,2237.799670439992,2237.799670439992
2020-02-13,2237.799670439992,0.0,3000,0,0,0.0,0.0,0.0,0.0,0.0,0.0,0.0,57497.79967044,55260.00000000001,2237.799670439992,2237.799670439992,2237.799670439992
2020-02-14,2237.799670439992,0.0,3000,0,0,0.0,0.0,0.0,0.0,0.0,0.0,0.0,57287.79967044,55050.00000000001,2237.799670439992,2237.799670439992,2237.799670439992
2020-02-17,2237.799670439992,0.0,3000,0,0,0.0,0.0,0.0,0.0,0.0,0.0,0.0,59807.79967044,57570.00000000001,2237.799670439992,2237.799670439992,2237.799670439992
2020-02-18,21042.85882013999,0.0,2000,0,0,0.0,24.2058503,0.0,0.0,0.0,0.0,0.0,58742.85882013999,56550.00000000001,2192.8588201399834,21042.85882013999,21042.85882013999
2020-02-19,2397.004010499986,0.0,3000,0,0,0.0,5.37280964,0.0,0.0,0.0,0.0,0.0,57867.00401049998,55469.99999999999,2397.004010499986,2397.004010499986,2397.004010499986
2020-02-20,2397.004010499986,0.0,3000,0,0,0.0,0.0,0.0,0.0,0.0,0.0,0.0,58827.00401049998,56429.99999999999,2397.004010499986,2397.004010499986,2397.004010499986
2020-02-21,2397.004010499986,0.0,3000,0,0,0.0,0.0,0.0,0.0,0.0,0.0,0.0,61197.00401049999,58800.00000000001,2397.004010499986,2397.004010499986,2397.004010499986
2020-02-24,22489.329807579987,0.0,2000,0,0,0.0,25.520202920000003,0.0,0.0,0.0,0.0,0.0,62769.32980757998,60420.0,2349.329807579983,22489.329807579987,22489.329807579987
2020-02-25,2501.974168459983,0.0,3000,0,0,0.0,5.39963912,0.0,0.0,0.0,0.0,0.0,62381.97416845999,59880.0,2501.9741684599867,2501.974168459983,2501.974168459983
2020-02-26,2501.974168459983,0.0,3000,0,0,0.0,0.0,0.0,0.0,0.0,0.0,0.0,58631.97416845999,56130.0,2501.9741684599867,2501.974168459983,2501.974168459983
2020-02-27,2501.974168459983,0.0,3000,0,0,0.0,0.0,0.0,0.0,0.0,0.0,0.0,59201.97416845997,56699.99999999999,2501.9741684599794,2501.974168459983,2501.974168459983
2020-02-28,2501.974168459983,0.0,3000,0,0,0.0,0.0,0.0,0.0,0.0,0.0,0.0,53741.97416845997,51239.99999999999,2501.9741684599794,2501.974168459983,2501.974168459983
2020-03-02,2501.974168459983,0.0,3000,0,0,0.0,0.0,0.0,0.0,0.0,0.0,0.0,54821.97416845999,52320.00000000001,2501.9741684599794,2501.974168459983,2501.974168459983
2020-03-03,2501.974168459983,0.0,3000,0,0,0.0,0.0,0.0,0.0,0.0,0.0,0.0,54821.97416845999,52320.00000000001,2501.9741684599794,2501.974168459983,2501.974168459983
2020-03-04,2501.974168459983,0.0,3000,0,0,0.0,0.0,0.0,0.0,0.0,0.0,0.0,52781.97416845999,50280.00000000001,2501.9741684599794,2501.974168459983,2501.974168459983
2020-03-05,2501.974168459983,0.0,3000,0,0,0.0,0.0,0.0,0.0,0.0,0.0,0.0,53981.97416845999,51480.0,2501.9741684599867,2501.974168459983,2501.974168459983
2020-03-06,2501.974168459983,0.0,3000,0,0,0.0,0.0,0.0,0.0,0.0,0.0,0.0,53471.97416845997,50969.99999999999,2501.9741684599794,2501.974168459983,2501.974168459983
2020-03-09,2501.974168459983,0.0,3000,0,0,0.0,0.0,0.0,0.0,0.0,0.0,0.0,51041.97416845999,48540.0,2501.9741684599867,2501.974168459983,2501.974168459983
2020-03-10,2501.974168459983,0.0,3000,0,0,0.0,0.0,0.0,0.0,0.0,0.0,0.0,52271.97416845999,49770.0,2501.9741684599867,2501.974168459983,2501.974168459983
2020-03-11,19001.927926339984,0.0,2000,0,0,0.0,21.852242120000003,0.0,0.0,0.0,0.0,0.0,52081.92792633998,49620.0,2461.9279263399803,19001.927926339984,19001.927926339984
2020-03-12,2668.660367519984,0.0,3000,0,0,0.0,5.32655882,0.0,0.0,0.0,0.0,0.0,50968.66036751999,48300.00000000001,2668.6603675199804,2668.660367519984,2668.660367519984
2020-03-13,2668.660367519984,0.0,3000,0,0,0.0,0.0,0.0,0.0,0.0,0.0,0.0,49618.66036751999,46950.0,2668.6603675199876,2668.660367519984,2668.660367519984
2020-03-16,2668.660367519984,0.0,3000,0,0,0.0,0.0,0.0,0.0,0.0,0.0,0.0,45568.66036751999,42900.0,2668.6603675199876,2668.660367519984,2668.660367519984
2020-03-17,2668.660367519984,0.0,3000,0,0,0.0,0.0,0.0,0.0,0.0,0.0,0.0,44398.66036751999,41730.0,2668.6603675199876,2668.660367519984,2668.660367519984
2020-03-18,2668.660367519984,0.0,3000,0,0,0.0,0.0,0.0,0.0,0.0,0.0,0.0,43348.66036751999,40680.0,2668.6603675199876,2668.660367519984,2668.660367519984
2020-03-19,2668.660367519984,0.0,3000,0,0,0.0,0.0,0.0,0.0,0.0,0.0,0.0,43198.66036751999,40530.0,2668.6603675199876,2668.660367519984,2668.660367519984
2020-03-20,2668.660367519984,0.0,3000,0,0,0.0,0.0,0.0,0.0,0.0,0.0,0.0,43378.66036751999,40710.0,2668.6603675199876,2668.660367519984,2668.660367519984
2020-03-23,2668.660367519984,0.0,3000,0,0,0.0,0.0,0.0,0.0,0.0,0.0,0.0,40228.66036751999,37560.0,2668.6603675199876,2668.660367519984,2668.660367519984
2020-03-24,2668.660367519984,0.0,3000,0,0,0.0,0.0,0.0,0.0,0.0,0.0,0.0,41728.66036751999,39060.0,2668.6603675199876,2668.660367519984,2668.660367519984
2020-03-25,2668.660367519984,0.0,3000,0,0,0.0,0.0,0.0,0.0,0.0,0.0,0.0,43318.66036751999,40650.0,2668.6603675199876,2668.660367519984,2668.660367519984
2020-03-26,2668.660367519984,0.0,3000,0,0,0.0,0.0,0.0,0.0,0.0,0.0,0.0,42538.66036751999,39870.0,2668.6603675199876,2668.660367519984,2668.660367519984
2020-03-27,2668.660367519984,0.0,3000,0,0,0.0,0.0,0.0,0.0,0.0,0.0,0.0,41878.66036751999,39210.0,2668.6603675199876,2668.660367519984,2668.660367519984
2020-03-30,2668.660367519984,0.0,3000,0,0,0.0,0.0,0.0,0.0,0.0,0.0,0.0,41128.66036751999,38460.0,2668.6603675199876,2668.660367519984,2668.660367519984
2020-03-31,2668.660367519984,0.0,3000,0,0,0.0,0.0,0.0,0.0,0.0,0.0,0.0,42298.66036751999,39630.0,2668.6603675199876,2668.660367519984,2668.660367519984
2020-04-01,2668.660367519984,0.0,3000,0,0,0.0,0.0,0.0,0.0,0.0,0.0,0.0,42898.66036751999,40230.0,2668.6603675199876,2668.660367519984,2668.660367519984
2020-04-02,2668.660367519984,0.0,3000,0,0,0.0,0.0,0.0,0.0,0.0,0.0,0.0,44608.66036751999,41940.0,2668.6603675199876,2668.660367519984,2668.660367519984
2020-04-03,2668.660367519984,0.0,3000,0,0,0.0,0.0,0.0,0.0,0.0,0.0,0.0,44548.66036751999,41880.0,2668.6603675199876,2668.660367519984,2668.660367519984
2020-04-07,2668.660367519984,0.0,3000,0,0,0.0,0.0,0.0,0.0,0.0,0.0,0.0,45118.66036751999,42450.0,2668.6603675199876,2668.660367519984,2668.660367519984
2020-04-08,2668.660367519984,0.0,3000,0,0,0.0,0.0,0.0,0.0,0.0,0.0,0.0,45088.66036751999,42420.0,2668.6603675199876,2668.660367519984,2668.660367519984
2020-04-09,2668.660367519984,0.0,3000,0,0,0.0,0.0,0.0,0.0,0.0,0.0,0.0,44518.66036751999,41850.0,2668.6603675199876,2668.660367519984,2668.660367519984
2020-04-10,2668.660367519984,0.0,3000,0,0,0.0,0.0,0.0,0.0,0.0,0.0,0.0,43528.66036751999,40860.0,2668.6603675199876,2668.660367519984,2668.660367519984
2020-04-13,2668.660367519984,0.0,3000,0,0,0.0,0.0,0.0,0.0,0.0,0.0,0.0,42118.66036751999,39450.0,2668.6603675199876,2668.660367519984,2668.660367519984
2020-04-14,2668.660367519984,0.0,3000,0,0,0.0,0.0,0.0,0.0,0.0,0.0,0.0,44098.66036751999,41430.0,2668.6603675199876,2668.660367519984,2668.660367519984
2020-04-15,16504.271529659985,0.0,2000,0,0,0.0,19.13183786,0.0,0.0,0.0,0.0,0.0,44244.271529659985,41610.0,2634.2715296599854,16504.271529659985,16504.271529659985
2020-04-16,2864.016830019984,0.0,3000,0,0,0.0,5.27269964,0.0,0.0,0.0,0.0,0.0,45014.01683001999,42150.0,2864.0168300199875,2864.016830019984,2864.016830019984
2020-04-17,2864.016830019984,0.0,3000,0,0,0.0,0.0,0.0,0.0,0.0,0.0,0.0,44834.01683001999,41970.0,2864.0168300199875,2864.016830019984,2864.016830019984
2020-04-20,2864.016830019984,0.0,3000,0,0,0.0,0.0,0.0,0.0,0.0,0.0,0.0,46274.01683001999,43410.0,2864.0168300199875,2864.016830019984,2864.016830019984
2020-04-21,16989.013517539985,0.0,2000,0,0,0.0,19.42731248,0.0,0.0,0.0,0.0,0.0,45309.013517539985,42480.0,2829.0135175399846,16989.013517539985,16989.013517539985
2020-04-22,2968.3332095399837,0.0,3000,0,0,0.0,5.280308,0.0,0.0,0.0,0.0,0.0,45148.33320953998,42180.0,2968.333209539982,2968.3332095399837,2968.3332095399837
2020-04-23,2968.3332095399837,0.0,3000,0,0,0.0,0.0,0.0,0.0,0.0,0.0,0.0,44848.33320953998,41880.0,2968.333209539982,2968.3332095399837,2968.3332095399837
2020-04-24,2968.3332095399837,0.0,3000,0,0,0.0,0.0,0.0,0.0,0.0,0.0,0.0,44818.33320953998,41850.0,2968.333209539982,2968.3332095399837,2968.3332095399837
2020-04-27,2968.3332095399837,0.0,3000,0,0,0.0,0.0,0.0,0.0,0.0,0.0,0.0,44818.33320953998,41850.0,2968.333209539982,2968.3332095399837,2968.3332095399837
2020-04-28,2968.3332095399837,0.0,3000,0,0,0.0,0.0,0.0,0.0,0.0,0.0,0.0,45598.33320953998,42630.0,2968.333209539982,2968.3332095399837,2968.3332095399837
2020-04-29,2968.3332095399837,0.0,3000,0,0,0.0,0.0,0.0,0.0,0.0,0.0,0.0,45688.33320953998,42720.0,2968.333209539982,2968.3332095399837,2968.3332095399837
2020-04-30,2968.3332095399837,0.0,3000,0,0,0.0,0.0,0.0,0.0,0.0,0.0,0.0,47038.33320953998,44070.0,2968.333209539982,2968.3332095399837,2968.3332095399837
2020-05-06,2968.3332095399837,0.0,3000,0,0,0.0,0.0,0.0,0.0,0.0,0.0,0.0,47248.33320953998,44280.0,2968.333209539982,2968.3332095399837,2968.3332095399837
2020-05-07,2968.3332095399837,0.0,3000,0,0,0.0,0.0,0.0,0.0,0.0,0.0,0.0,46108.33320953998,43140.0,2968.333209539982,2968.3332095399837,2968.3332095399837
2020-05-08,2968.3332095399837,0.0,3000,0,0,0.0,0.0,0.0,0.0,0.0,0.0,0.0,46288.33320953998,43320.0,2968.333209539982,2968.3332095399837,2968.3332095399837
2020-05-11,2968.3332095399837,0.0,3000,0,0,0.0,0.0,0.0,0.0,0.0,0.0,0.0,46528.33320953998,43560.0,2968.333209539982,2968.3332095399837,2968.3332095399837
2020-05-12,2968.3332095399837,0.0,3000,0,0,0.0,0.0,0.0,0.0,0.0,0.0,0.0,45658.33320953998,42690.0,2968.333209539982,2968.3332095399837,2968.3332095399837
2020-05-13,2968.3332095399837,0.0,3000,0,0,0.0,0.0,0.0,0.0,0.0,0.0,0.0,45508.33320953998,42540.0,2968.333209539982,2968.3332095399837,2968.3332095399837
2020-05-14,2968.3332095399837,0.0,3000,0,0,0.0,0.0,0.0,0.0,0.0,0.0,0.0,44038.33320953998,41070.0,2968.333209539982,2968.3332095399837,2968.3332095399837
2020-05-15,2968.3332095399837,0.0,3000,0,0,0.0,0.0,0.0,0.0,0.0,0.0,0.0,44338.33320953998,41370.0,2968.333209539982,2968.3332095399837,2968.3332095399837
2020-05-18,2968.3332095399837,0.0,3000,0,0,0.0,0.0,0.0,0.0,0.0,0.0,0.0,43438.33320953998,40470.0,2968.333209539982,2968.3332095399837,2968.3332095399837
2020-05-19,2968.3332095399837,0.0,3000,0,0,0.0,0.0,0.0,0.0,0.0,0.0,0.0,44308.33320953998,41340.0,2968.333209539982,2968.3332095399837,2968.3332095399837
2020-05-20,16783.986749239983,0.0,2000,0,0,0.0,19.1114603,0.0,0.0,0.0,0.0,0.0,44483.98674923998,41550.0,2933.986749239979,16783.986749239983,16783.986749239983
2020-05-21,2943.508045199982,0.0,3000,0,0,0.0,5.27670404,0.0,0.0,0.0,0.0,0.0,43743.50804519998,40800.0,2943.508045199982,2943.508045199982,2943.508045199982
2020-05-22,2943.508045199982,0.0,3000,0,0,0.0,0.0,0.0,0.0,0.0,0.0,0.0,42723.50804519998,39780.0,2943.508045199982,2943.508045199982,2943.508045199982
2020-05-25,2943.508045199982,0.0,3000,0,0,0.0,0.0,0.0,0.0,0.0,0.0,0.0,42303.50804519998,39360.0,2943.508045199982,2943.508045199982,2943.508045199982
2020-05-26,2943.508045199982,0.0,3000,0,0,0.0,0.0,0.0,0.0,0.0,0.0,0.0,43443.50804519998,40500.0,2943.508045199982,2943.508045199982,2943.508045199982
2020-05-27,2943.508045199982,0.0,3000,0,0,0.0,0.0,0.0,0.0,0.0,0.0,0.0,43383.50804519998,40440.0,2943.508045199982,2943.508045199982,2943.508045199982
2020-05-28,2943.508045199982,0.0,3000,0,0,0.0,0.0,0.0,0.0,0.0,0.0,0.0,43323.50804519998,40380.0,2943.508045199982,2943.508045199982,2943.508045199982
2020-05-29,2943.508045199982,0.0,3000,0,0,0.0,0.0,0.0,0.0,0.0,0.0,0.0,43173.50804519998,40230.0,2943.508045199982,2943.508045199982,2943.508045199982
2020-06-01,2943.508045199982,0.0,3000,0,0,0.0,0.0,0.0,0.0,0.0,0.0,0.0,44583.50804519998,41640.0,2943.508045199982,2943.508045199982,2943.508045199982
2020-06-02,2943.508045199982,0.0,3000,0,0,0.0,0.0,0.0,0.0,0.0,0.0,0.0,45423.50804519998,42480.0,2943.508045199982,2943.508045199982,2943.508045199982
2020-06-03,2943.508045199982,0.0,3000,0,0,0.0,0.0,0.0,0.0,0.0,0.0,0.0,45603.50804519998,42660.0,2943.508045199982,2943.508045199982,2943.508045199982
2020-06-04,2943.508045199982,0.0,3000,0,0,0.0,0.0,0.0,0.0,0.0,0.0,0.0,45423.50804519998,42480.0,2943.508045199982,2943.508045199982,2943.508045199982
2020-06-05,2943.508045199982,0.0,3000,0,0,0.0,0.0,0.0,0.0,0.0,0.0,0.0,45183.50804519998,42240.0,2943.508045199982,2943.508045199982,2943.508045199982
2020-06-08,2943.508045199982,0.0,3000,0,0,0.0,0.0,0.0,0.0,0.0,0.0,0.0,45723.50804519998,42780.0,2943.508045199982,2943.508045199982,2943.508045199982
2020-06-09,2943.508045199982,0.0,3000,0,0,0.0,0.0,0.0,0.0,0.0,0.0,0.0,46593.50804519998,43650.0,2943.508045199982,2943.508045199982,2943.508045199982
2020-06-10,2943.508045199982,0.0,3000,0,0,0.0,0.0,0.0,0.0,0.0,0.0,0.0,45783.50804519998,42840.0,2943.508045199982,2943.508045199982,2943.508045199982
2020-06-11,2943.508045199982,0.0,3000,0,0,0.0,0.0,0.0,0.0,0.0,0.0,0.0,45003.50804519998,42060.0,2943.508045199982,2943.508045199982,2943.508045199982
2020-06-12,2943.508045199982,0.0,3000,0,0,0.0,0.0,0.0,0.0,0.0,0.0,0.0,44373.50804519998,41430.0,2943.508045199982,2943.508045199982,2943.508045199982
2020-06-15,2943.508045199982,0.0,3000,0,0,0.0,0.0,0.0,0.0,0.0,0.0,0.0,43953.50804519998,41010.0,2943.508045199982,2943.508045199982,2943.508045199982
2020-06-16,2943.508045199982,0.0,3000,0,0,0.0,0.0,0.0,0.0,0.0,0.0,0.0,45033.50804519998,42090.0,2943.508045199982,2943.508045199982,2943.508045199982
2020-06-17,17158.314033699982,0.0,2000,0,0,0.0,19.5190115,0.0,0.0,0.0,0.0,0.0,45658.31403369998,42750.0,2908.3140336999786,17158.314033699982,17158.314033699982
2020-06-18,2937.4097212999823,0.0,3000,0,0,0.0,5.2843124,0.0,0.0,0.0,0.0,0.0,46137.409721299984,43200.0,2937.409721299984,2937.4097212999823,2937.4097212999823
2020-06-19,2937.4097212999823,0.0,3000,0,0,0.0,0.0,0.0,0.0,0.0,0.0,0.0,45987.409721299984,43050.0,2937.409721299984,2937.4097212999823,2937.4097212999823
2020-06-22,2937.4097212999823,0.0,3000,0,0,0.0,0.0,0.0,0.0,0.0,0.0,0.0,46137.409721299984,43200.0,2937.409721299984,2937.4097212999823,2937.4097212999823
2020-06-23,2937.4097212999823,0.0,3000,0,0,0.0,0.0,0.0,0.0,0.0,0.0,0.0,45267.409721299984,42330.0,2937.409721299984,2937.4097212999823,2937.4097212999823
2020-06-24,2937.4097212999823,0.0,3000,0,0,0.0,0.0,0.0,0.0,0.0,0.0,0.0,49497.409721299984,46560.0,2937.409721299984,2937.4097212999823,2937.4097212999823
2020-06-29,18120.160398139982,0.0,2000,0,0,0.0,20.50732316,0.0,0.0,0.0,0.0,0.0,48560.16039813998,45660.0,2900.160398139982,18120.160398139982,18120.160398139982
2020-06-30,3428.2816665999817,600.0,3000,0,0,60.0,5.3017315400000005,0.0,400.0,600.0,0.0,0.0,48818.281666599985,46050.0,2768.2816665999853,3428.2816665999817,2828.2816665999817
2020-07-01,3428.2816665999817,600.0,3000,0,0,60.0,0.0,0.0,0.0,0.0,0.0,0.0,49628.281666599985,46860.0,2768.2816665999853,3428.2816665999817,2828.2816665999817
2020-07-02,18980.20598101998,600.0,2000,0,0,40.0,20.90468558,20.0,0.0,0.0,0.0,0.0,50160.20598101998,47430.0,2730.205981019979,18980.20598101998,18380.20598101998
2020-07-03,3037.375230779977,600.0,3000,0,0,40.0,5.31875024,0.0,0.0,0.0,0.0,0.0,50727.37523077997,48330.0,2397.375230779973,3037.375230779977,2437.375230779977
2020-07-06,3037.375230779977,600.0,3000,0,0,40.0,0.0,0.0,0.0,0.0,0.0,0.0,52467.37523077997,50069.99999999999,2397.3752307799805,3037.375230779977,2437.375230779977
2020-07-07,3037.375230779977,600.0,3000,0,0,40.0,0.0,0.0,0.0,0.0,0.0,0.0,52137.37523077997,49740.0,2397.375230779973,3037.375230779977,2437.375230779977
2020-07-08,3037.375230779977,600.0,3000,0,0,40.0,0.0,0.0,0.0,0.0,0.0,0.0,52197.37523077997,49799.99999999999,2397.3752307799805,3037.375230779977,2437.375230779977
2020-07-09,3037.375230779977,600.0,3000,0,0,40.0,0.0,0.0,0.0,0.0,0.0,0.0,53157.37523077997,50760.0,2397.375230779973,3037.375230779977,2437.375230779977
2020-07-10,3037.375230779977,600.0,3000,0,0,40.0,0.0,0.0,0.0,0.0,0.0,0.0,51087.37523077997,48690.0,2397.375230779973,3037.375230779977,2437.375230779977
2020-07-13,3037.375230779977,600.0,3000,0,0,40.0,0.0,0.0,0.0,0.0,0.0,0.0,52497.37523077997,50100.0,2397.375230779973,3037.375230779977,2437.375230779977
2020-07-14,3037.375230779977,600.0,3000,0,0,40.0,0.0,0.0,0.0,0.0,0.0,0.0,52767.37523077997,50370.0,2397.375230779973,3037.375230779977,2437.375230779977
2020-07-15,3037.375230779977,600.0,3000,0,0,40.0,0.0,0.0,0.0,0.0,0.0,0.0,51597.37523077997,49200.0,2397.375230779973,3037.375230779977,2437.375230779977
2020-07-16,3037.375230779977,600.0,3000,0,0,40.0,0.0,0.0,0.0,0.0,0.0,0.0,47607.37523077997,45210.0,2397.375230779973,3037.375230779977,2437.375230779977
2020-07-17,3037.375230779977,600.0,3000,0,0,40.0,0.0,0.0,0.0,0.0,0.0,0.0,47367.37523077997,44970.0,2397.375230779973,3037.375230779977,2437.375230779977
2020-07-20,3037.375230779977,600.0,3000,0,0,20.0,0.0,0.0,0.0,0.0,0.0,0.0,48887.37523077997,46470.0,2417.375230779973,3037.375230779977,2437.375230779977
2020-07-21,18409.680943239975,600.0,2000,0,0,0.0,20.72128754,20.0,0.0,0.0,0.0,0.0,49269.680943239975,46890.0,2379.680943239975,18409.680943239975,17809.680943239975
2020-07-22,3037.488605539973,600.0,3000,0,0,0.0,5.3073377,0.0,0.0,0.0,0.0,0.0,49117.48860553997,46680.0,2437.4886055399693,3037.488605539973,2437.488605539973
2020-07-23,3037.488605539973,600.0,3000,0,0,0.0,0.0,0.0,0.0,0.0,0.0,0.0,47977.48860553997,45540.0,2437.4886055399693,3037.488605539973,2437.488605539973
2020-07-24,3037.488605539973,600.0,3000,0,0,0.0,0.0,0.0,0.0,0.0,0.0,0.0,45517.48860553997,43080.0,2437.4886055399693,3037.488605539973,2437.488605539973
2020-07-27,3037.488605539973,600.0,3000,0,0,0.0,0.0,0.0,0.0,0.0,0.0,0.0,45067.48860553997,42630.0,2437.4886055399693,3037.488605539973,2437.488605539973
2020-07-28,3037.488605539973,600.0,3000,0,0,0.0,0.0,0.0,0.0,0.0,0.0,0.0,45667.48860553997,43230.0,2437.4886055399693,3037.488605539973,2437.488605539973
2020-07-29,3037.488605539973,600.0,3000,0,0,0.0,0.0,0.0,0.0,0.0,0.0,0.0,46567.48860553997,44130.0,2437.4886055399693,3037.488605539973,2437.488605539973
2020-07-30,17292.209838919975,600.0,2000,0,0,0.0,19.55976662,0.0,0.0,0.0,0.0,0.0,45872.209838919975,43470.0,2402.2098389199746,17292.209838919975,16692.209838919975
2020-07-31,2530.700714639972,600.0,3000,0,0,0.0,5.2951242800000005,0.0,0.0,0.0,0.0,0.0,46300.70071463997,44370.0,1930.70071463997,2530.700714639972,1930.700714639972
2020-08-03,2530.700714639972,600.0,3000,0,0,0.0,0.0,0.0,0.0,0.0,0.0,0.0,47200.70071463997,45270.0,1930.70071463997,2530.700714639972,1930.700714639972
2020-08-04,2530.700714639972,600.0,3000,0,0,0.0,0.0,0.0,0.0,0.0,0.0,0.0,46570.70071463997,44640.0,1930.70071463997,2530.700714639972,1930.700714639972
2020-08-05,2530.700714639972,600.0,3000,0,0,0.0,0.0,0.0,0.0,0.0,0.0,0.0,46360.70071463997,44430.0,1930.70071463997,2530.700714639972,1930.700714639972
2020-08-06,2530.700714639972,600.0,3000,0,0,0.0,0.0,0.0,0.0,0.0,0.0,0.0,46030.70071463997,44100.0,1930.70071463997,2530.700714639972,1930.700714639972
2020-08-07,2530.700714639972,600.0,3000,0,0,0.0,0.0,0.0,0.0,0.0,0.0,0.0,45430.70071463997,43500.0,1930.70071463997,2530.700714639972,1930.700714639972
2020-08-10,2530.700714639972,600.0,3000,0,0,0.0,0.0,0.0,0.0,0.0,0.0,0.0,45760.70071463997,43830.0,1930.70071463997,2530.700714639972,1930.700714639972
2020-08-11,2530.700714639972,600.0,3000,0,0,0.0,0.0,0.0,0.0,0.0,0.0,0.0,45010.70071463997,43080.0,1930.70071463997,2530.700714639972,1930.700714639972
2020-08-12,2530.700714639972,600.0,3000,0,0,0.0,0.0,0.0,0.0,0.0,0.0,0.0,47950.70071463997,46020.0,1930.70071463997,2530.700714639972,1930.700714639972
2020-08-13,2530.700714639972,600.0,3000,0,0,0.0,0.0,0.0,0.0,0.0,0.0,0.0,48040.70071463997,46110.0,1930.70071463997,2530.700714639972,1930.700714639972
2020-08-14,2530.700714639972,600.0,3000,0,0,0.0,0.0,0.0,0.0,0.0,0.0,0.0,47620.70071463997,45690.0,1930.70071463997,2530.700714639972,1930.700714639972
2020-08-17,2530.700714639972,600.0,3000,0,0,0.0,0.0,0.0,0.0,0.0,0.0,0.0,48370.70071463997,46440.0,1930.70071463997,2530.700714639972,1930.700714639972
2020-08-18,2530.700714639972,600.0,3000,0,0,0.0,0.0,0.0,0.0,0.0,0.0,0.0,48070.70071463997,46140.0,1930.70071463997,2530.700714639972,1930.700714639972
2020-08-19,2530.700714639972,600.0,3000,0,0,0.0,0.0,0.0,0.0,0.0,0.0,0.0,47080.70071463997,45150.0,1930.70071463997,2530.700714639972,1930.700714639972
2020-08-20,2530.700714639972,600.0,3000,0,0,0.0,0.0,0.0,0.0,0.0,0.0,0.0,47020.70071463997,45090.0,1930.70071463997,2530.700714639972,1930.700714639972
2020-08-21,2530.700714639972,600.0,3000,0,0,0.0,0.0,0.0,0.0,0.0,0.0,0.0,46930.70071463997,45000.0,1930.70071463997,2530.700714639972,1930.700714639972
2020-08-24,2530.700714639972,600.0,3000,0,0,0.0,0.0,0.0,0.0,0.0,0.0,0.0,47500.70071463997,45570.0,1930.70071463997,2530.700714639972,1930.700714639972
2020-08-25,2530.700714639972,600.0,3000,0,0,0.0,0.0,0.0,0.0,0.0,0.0,0.0,47800.70071463997,45870.0,1930.70071463997,2530.700714639972,1930.700714639972
2020-08-26,2530.700714639972,600.0,3000,0,0,0.0,0.0,0.0,0.0,0.0,0.0,0.0,46150.70071463997,44220.0,1930.70071463997,2530.700714639972,1930.700714639972
2020-08-27,2530.700714639972,600.0,3000,0,0,0.0,0.0,0.0,0.0,0.0,0.0,0.0,46480.70071463997,44550.0,1930.70071463997,2530.700714639972,1930.700714639972
2020-08-28,2530.700714639972,600.0,3000,0,0,0.0,0.0,0.0,0.0,0.0,0.0,0.0,46780.70071463997,44850.0,1930.70071463997,2530.700714639972,1930.700714639972
2020-08-31,2530.700714639972,600.0,3000,0,0,0.0,0.0,0.0,0.0,0.0,0.0,0.0,46750.70071463997,44820.0,1930.70071463997,2530.700714639972,1930.700714639972
2020-09-01,2530.700714639972,600.0,3000,0,0,0.0,0.0,0.0,0.0,0.0,0.0,0.0,46720.70071463997,44790.0,1930.70071463997,2530.700714639972,1930.700714639972
2020-09-02,2530.700714639972,600.0,3000,0,0,0.0,0.0,0.0,0.0,0.0,0.0,0.0,46840.70071463997,44910.0,1930.70071463997,2530.700714639972,1930.700714639972
2020-09-03,2530.700714639972,600.0,3000,0,0,0.0,0.0,0.0,0.0,0.0,0.0,0.0,46060.70071463997,44130.0,1930.70071463997,2530.700714639972,1930.700714639972
2020-09-04,2530.700714639972,600.0,3000,0,0,0.0,0.0,0.0,0.0,0.0,0.0,0.0,45040.70071463997,43110.0,1930.70071463997,2530.700714639972,1930.700714639972
2020-09-07,2530.700714639972,600.0,3000,0,0,0.0,0.0,0.0,0.0,0.0,0.0,0.0,44350.70071463997,42420.0,1930.70071463997,2530.700714639972,1930.700714639972
2020-09-08,2530.700714639972,600.0,3000,0,0,0.0,0.0,0.0,0.0,0.0,0.0,0.0,45160.70071463997,43230.0,1930.70071463997,2530.700714639972,1930.700714639972
2020-09-09,16406.227121659973,600.0,2000,0,0,0.0,19.17259298,0.0,0.0,0.0,0.0,0.0,44226.22712165998,42330.0,1896.2271216599765,16406.227121659973,15806.227121659973
2020-09-10,2565.7484176199723,600.0,3000,0,0,0.0,5.27670404,0.0,0.0,0.0,0.0,0.0,43245.74841761997,41280.0,1965.7484176199723,2565.7484176199723,1965.7484176199723
2020-09-11,2565.7484176199723,600.0,3000,0,0,0.0,0.0,0.0,0.0,0.0,0.0,0.0,43425.74841761997,41460.0,1965.7484176199723,2565.7484176199723,1965.7484176199723
2020-09-14,2565.7484176199723,600.0,3000,0,0,0.0,0.0,0.0,0.0,0.0,0.0,0.0,44115.74841761997,42150.0,1965.7484176199723,2565.7484176199723,1965.7484176199723
2020-09-15,2565.7484176199723,600.0,3000,0,0,0.0,0.0,0.0,0.0,0.0,0.0,0.0,43755.74841761997,41790.0,1965.7484176199723,2565.7484176199723,1965.7484176199723
2020-09-16,2565.7484176199723,600.0,3000,0,0,0.0,0.0,0.0,0.0,0.0,0.0,0.0,43365.74841761997,41400.0,1965.7484176199723,2565.7484176199723,1965.7484176199723
2020-09-17,2565.7484176199723,600.0,3000,0,0,0.0,0.0,0.0,0.0,0.0,0.0,0.0,43245.74841761997,41280.0,1965.7484176199723,2565.7484176199723,1965.7484176199723
2020-09-18,2565.7484176199723,600.0,3000,0,0,0.0,0.0,0.0,0.0,0.0,0.0,0.0,44025.74841761997,42060.0,1965.7484176199723,2565.7484176199723,1965.7484176199723
2020-09-21,16271.635033899973,600.0,2000,0,0,0.0,18.99938372,0.0,0.0,0.0,0.0,0.0,43751.63503389998,41820.0,1931.6350338999764,16271.635033899973,15671.635033899973
2020-09-22,2601.346733599972,600.0,3000,0,0,0.0,5.2733003,0.0,0.0,0.0,0.0,0.0,43281.346733599974,41280.0,2001.346733599974,2601.346733599972,2001.3467335999721
2020-09-23,2601.346733599972,600.0,3000,0,0,0.0,0.0,0.0,0.0,0.0,0.0,0.0,43311.346733599974,41310.0,2001.346733599974,2601.346733599972,2001.3467335999721
2020-09-24,2601.346733599972,600.0,3000,0,0,0.0,0.0,0.0,0.0,0.0,0.0,0.0,42291.346733599974,40290.0,2001.346733599974,2601.346733599972,2001.3467335999721
2020-09-25,2601.346733599972,600.0,3000,0,0,0.0,0.0,0.0,0.0,0.0,0.0,0.0,42111.346733599974,40110.0,2001.346733599974,2601.346733599972,2001.3467335999721
2020-09-28,2601.346733599972,600.0,3000,0,0,0.0,0.0,0.0,0.0,0.0,0.0,0.0,42441.346733599974,40440.0,2001.346733599974,2601.346733599972,2001.3467335999721
2020-09-29,2601.346733599972,600.0,3000,0,0,0.0,0.0,0.0,0.0,0.0,0.0,0.0,43281.346733599974,41280.0,2001.346733599974,2601.346733599972,2001.3467335999721
2020-09-30,2601.346733599972,600.0,3000,0,0,0.0,0.0,0.0,0.0,0.0,0.0,0.0,43371.346733599974,41370.0,2001.346733599974,2601.346733599972,2001.3467335999721
2020-10-09,2601.346733599972,600.0,3000,0,0,0.0,0.0,0.0,0.0,0.0,0.0,0.0,44151.346733599974,42150.0,2001.346733599974,2601.346733599972,2001.3467335999721
2020-10-12,2601.346733599972,600.0,3000,0,0,0.0,0.0,0.0,0.0,0.0,0.0,0.0,44661.346733599974,42660.0,2001.346733599974,2601.346733599972,2001.3467335999721
2020-10-13,2601.346733599972,600.0,3000,0,0,0.0,0.0,0.0,0.0,0.0,0.0,0.0,44391.346733599974,42390.0,2001.346733599974,2601.346733599972,2001.3467335999721
2020-10-14,2601.346733599972,600.0,3000,0,0,0.0,0.0,0.0,0.0,0.0,0.0,0.0,43791.346733599974,41790.0,2001.346733599974,2601.346733599972,2001.3467335999721
2020-10-15,2601.346733599972,600.0,3000,0,0,0.0,0.0,0.0,0.0,0.0,0.0,0.0,43851.346733599974,41850.0,2001.346733599974,2601.346733599972,2001.3467335999721
2020-10-16,2601.346733599972,600.0,3000,0,0,0.0,0.0,0.0,0.0,0.0,0.0,0.0,43941.346733599974,41940.0,2001.346733599974,2601.346733599972,2001.3467335999721
2020-10-19,2601.346733599972,600.0,3000,0,0,0.0,0.0,0.0,0.0,0.0,0.0,0.0,44181.346733599974,42180.0,2001.346733599974,2601.346733599972,2001.3467335999721
2020-10-20,2601.346733599972,600.0,3000,0,0,0.0,0.0,0.0,0.0,0.0,0.0,0.0,44151.346733599974,42150.0,2001.346733599974,2601.346733599972,2001.3467335999721
2020-10-21,16207.445237679973,600.0,2000,0,0,0.0,18.897495920000004,0.0,0.0,0.0,0.0,0.0,43487.445237679975,41520.0,1967.4452376799745,16207.445237679973,15607.445237679973
2020-10-22,2617.246539139971,600.0,3000,0,0,0.0,5.27169854,0.0,0.0,0.0,0.0,0.0,43597.246539139975,41580.0,2017.2465391399746,2617.246539139971,2017.246539139971
2020-10-23,2617.246539139971,600.0,3000,0,0,0.0,0.0,0.0,0.0,0.0,0.0,0.0,43387.246539139975,41370.0,2017.2465391399746,2617.246539139971,2017.246539139971
2020-10-26,2617.246539139971,600.0,3000,0,0,0.0,0.0,0.0,0.0,0.0,0.0,0.0,43657.246539139975,41640.0,2017.2465391399746,2617.246539139971,2017.246539139971
2020-10-27,2617.246539139971,600.0,3000,0,0,0.0,0.0,0.0,0.0,0.0,0.0,0.0,44227.246539139975,42210.0,2017.2465391399746,2617.246539139971,2017.246539139971
2020-10-28,2617.246539139971,600.0,3000,0,0,0.0,0.0,0.0,0.0,0.0,0.0,0.0,44437.246539139975,42420.0,2017.2465391399746,2617.246539139971,2017.246539139971
2020-10-29,2617.246539139971,600.0,3000,0,0,0.0,0.0,0.0,0.0,0.0,0.0,0.0,44497.246539139975,42480.0,2017.2465391399746,2617.246539139971,2017.246539139971
2020-10-30,2617.246539139971,600.0,3000,0,0,0.0,0.0,0.0,0.0,0.0,0.0,0.0,43567.246539139975,41550.0,2017.2465391399746,2617.246539139971,2017.246539139971
2020-11-02,2617.246539139971,600.0,3000,0,0,0.0,0.0,0.0,0.0,0.0,0.0,0.0,42097.246539139975,40080.0,2017.2465391399746,2617.246539139971,2017.246539139971
2020-11-03,2617.246539139971,600.0,3000,0,0,0.0,0.0,0.0,0.0,0.0,0.0,0.0,42757.246539139975,40740.0,2017.2465391399746,2617.246539139971,2017.246539139971
2020-11-04,2617.246539139971,600.0,3000,0,0,0.0,0.0,0.0,0.0,0.0,0.0,0.0,43027.246539139975,41010.0,2017.2465391399746,2617.246539139971,2017.246539139971
2020-11-05,2617.246539139971,600.0,3000,0,0,0.0,0.0,0.0,0.0,0.0,0.0,0.0,44047.246539139975,42030.0,2017.2465391399746,2617.246539139971,2017.246539139971
2020-11-06,2617.246539139971,600.0,3000,0,0,0.0,0.0,0.0,0.0,0.0,0.0,0.0,44617.246539139975,42600.0,2017.2465391399746,2617.246539139971,2017.246539139971
2020-11-09,2617.246539139971,600.0,3000,0,0,0.0,0.0,0.0,0.0,0.0,0.0,0.0,45817.246539139975,43800.0,2017.2465391399746,2617.246539139971,2017.246539139971
2020-11-10,2617.246539139971,600.0,3000,0,0,0.0,0.0,0.0,0.0,0.0,0.0,0.0,47797.246539139975,45780.0,2017.2465391399746,2617.246539139971,2017.246539139971
2020-11-11,2617.246539139971,600.0,3000,0,0,0.0,0.0,0.0,0.0,0.0,0.0,0.0,46237.246539139975,44220.0,2017.2465391399746,2617.246539139971,2017.246539139971
2020-11-12,2617.246539139971,600.0,3000,0,0,0.0,0.0,0.0,0.0,0.0,0.0,0.0,46057.246539139975,44040.0,2017.2465391399746,2617.246539139971,2017.246539139971
2020-11-13,2617.246539139971,600.0,3000,0,0,0.0,0.0,0.0,0.0,0.0,0.0,0.0,45667.246539139975,43650.0,2017.2465391399746,2617.246539139971,2017.246539139971
2020-11-16,2617.246539139971,600.0,3000,0,0,0.0,0.0,0.0,0.0,0.0,0.0,0.0,45457.246539139975,43440.0,2017.2465391399746,2617.246539139971,2017.246539139971
2020-11-17,2617.246539139971,600.0,3000,0,0,0.0,0.0,0.0,0.0,0.0,0.0,0.0,45037.246539139975,43020.0,2017.2465391399746,2617.246539139971,2017.246539139971
2020-11-18,2617.246539139971,600.0,3000,0,0,0.0,0.0,0.0,0.0,0.0,0.0,0.0,45817.246539139975,43800.0,2017.2465391399746,2617.246539139971,2017.246539139971
2020-11-19,2617.246539139971,600.0,3000,0,0,0.0,0.0,0.0,0.0,0.0,0.0,0.0,45637.246539139975,43620.0,2017.2465391399746,2617.246539139971,2017.246539139971
2020-11-20,2617.246539139971,600.0,3000,0,0,0.0,0.0,0.0,0.0,0.0,0.0,0.0,45367.246539139975,43350.0,2017.2465391399746,2617.246539139971,2017.246539139971
2020-11-23,2617.246539139971,600.0,3000,0,0,0.0,0.0,0.0,0.0,0.0,0.0,0.0,45127.246539139975,43110.0,2017.2465391399746,2617.246539139971,2017.246539139971
2020-11-24,2617.246539139971,600.0,3000,0,0,0.0,0.0,0.0,0.0,0.0,0.0,0.0,45127.246539139975,43110.0,2017.2465391399746,2617.246539139971,2017.246539139971
2020-11-25,2617.246539139971,600.0,3000,0,0,0.0,0.0,0.0,0.0,0.0,0.0,0.0,44887.246539139975,42870.0,2017.2465391399746,2617.246539139971,2017.246539139971
2020-11-26,2617.246539139971,600.0,3000,0,0,0.0,0.0,0.0,0.0,0.0,0.0,0.0,44617.246539139975,42600.0,2017.2465391399746,2617.246539139971,2017.246539139971
2020-11-27,2617.246539139971,600.0,3000,0,0,0.0,0.0,0.0,0.0,0.0,0.0,0.0,44107.246539139975,42090.0,2017.2465391399746,2617.246539139971,2017.246539139971
2020-11-30,2617.246539139971,600.0,3000,0,0,0.0,0.0,0.0,0.0,0.0,0.0,0.0,44047.246539139975,42030.0,2017.2465391399746,2617.246539139971,2017.246539139971
2020-12-01,2617.246539139971,600.0,3000,0,0,0.0,0.0,0.0,0.0,0.0,0.0,0.0,44857.246539139975,42840.0,2017.2465391399746,2617.246539139971,2017.246539139971
2020-12-02,16632.47630323997,600.0,2000,0,0,0.0,19.3152359,0.0,0.0,0.0,0.0,0.0,44732.47630323997,42750.0,1982.4763032399715,16632.47630323997,16032.476303239971
2020-12-03,2681.874396779969,600.0,3000,0,0,0.0,5.27890646,0.0,0.0,0.0,0.0,0.0,44291.87439677997,42210.0,2081.8743967799674,2681.874396779969,2081.874396779969
2020-12-04,2681.874396779969,600.0,3000,0,0,0.0,0.0,0.0,0.0,0.0,0.0,0.0,44201.87439677997,42120.0,2081.8743967799674,2681.874396779969,2081.874396779969
2020-12-07,2681.874396779969,600.0,3000,0,0,0.0,0.0,0.0,0.0,0.0,0.0,0.0,43811.87439677997,41730.0,2081.8743967799674,2681.874396779969,2081.874396779969
2020-12-08,2681.874396779969,600.0,3000,0,0,0.0,0.0,0.0,0.0,0.0,0.0,0.0,45101.87439677997,43020.0,2081.8743967799674,2681.874396779969,2081.874396779969
2020-12-09,2681.874396779969,600.0,3000,0,0,0.0,0.0,0.0,0.0,0.0,0.0,0.0,44141.87439677997,42060.0,2081.8743967799674,2681.874396779969,2081.874396779969
2020-12-10,2681.874396779969,600.0,3000,0,0,0.0,0.0,0.0,0.0,0.0,0.0,0.0,42971.87439677997,40890.0,2081.8743967799674,2681.874396779969,2081.874396779969
2020-12-11,2681.874396779969,600.0,3000,0,0,0.0,0.0,0.0,0.0,0.0,0.0,0.0,43091.87439677997,41010.0,2081.8743967799674,2681.874396779969,2081.874396779969
2020-12-14,2681.874396779969,600.0,3000,0,0,0.0,0.0,0.0,0.0,0.0,0.0,0.0,43301.87439677997,41220.0,2081.8743967799674,2681.874396779969,2081.874396779969
2020-12-15,16208.14241109997,600.0,2000,0,0,0.0,18.815985680000004,0.0,0.0,0.0,0.0,0.0,43328.14241109997,41280.0,2048.1424110999724,16208.14241109997,15608.14241109997
2020-12-16,2497.8093099199687,600.0,3000,0,0,0.0,5.27410118,0.0,0.0,0.0,0.0,0.0,43087.80930991997,41190.0,1897.8093099199687,2497.8093099199687,1897.8093099199687
2020-12-17,2497.8093099199687,600.0,3000,0,0,0.0,0.0,0.0,0.0,0.0,0.0,0.0,43237.80930991997,41340.0,1897.8093099199687,2497.8093099199687,1897.8093099199687
2020-12-18,2497.8093099199687,600.0,3000,0,0,0.0,0.0,0.0,0.0,0.0,0.0,0.0,43447.80930991997,41550.0,1897.8093099199687,2497.8093099199687,1897.8093099199687
2020-12-21,2497.8093099199687,600.0,3000,0,0,0.0,0.0,0.0,0.0,0.0,0.0,0.0,43447.80930991997,41550.0,1897.8093099199687,2497.8093099199687,1897.8093099199687
2020-12-22,2497.8093099199687,600.0,3000,0,0,0.0,0.0,0.0,0.0,0.0,0.0,0.0,42307.80930991997,40410.0,1897.8093099199687,2497.8093099199687,1897.8093099199687
2020-12-23,2497.8093099199687,600.0,3000,0,0,0.0,0.0,0.0,0.0,0.0,0.0,0.0,43237.80930991997,41340.0,1897.8093099199687,2497.8093099199687,1897.8093099199687
2020-12-24,2497.8093099199687,600.0,3000,0,0,0.0,0.0,0.0,0.0,0.0,0.0,0.0,42637.80930991997,40740.0,1897.8093099199687,2497.8093099199687,1897.8093099199687
2020-12-25,2497.8093099199687,600.0,3000,0,0,0.0,0.0,0.0,0.0,0.0,0.0,0.0,42697.80930991997,40800.0,1897.8093099199687,2497.8093099199687,1897.8093099199687
2020-12-28,2497.8093099199687,600.0,3000,0,0,0.0,0.0,0.0,0.0,0.0,0.0,0.0,42307.80930991997,40410.0,1897.8093099199687,2497.8093099199687,1897.8093099199687
2020-12-29,2497.8093099199687,600.0,3000,0,0,0.0,0.0,0.0,0.0,0.0,0.0,0.0,43027.80930991997,41130.0,1897.8093099199687,2497.8093099199687,1897.8093099199687
2020-12-30,2497.8093099199687,600.0,3000,0,0,0.0,0.0,0.0,0.0,0.0,0.0,0.0,43507.80930991997,41610.0,1897.8093099199687,2497.8093099199687,1897.8093099199687
2020-12-31,16153.80187009997,600.0,2000,0,0,0.0,18.948439820000004,0.0,0.0,0.0,0.0,0.0,43533.80187009997,41670.0,1863.8018700999673,16153.80187009997,15553.80187009997
2021-01-04,2473.502369579968,600.0,3000,0,0,0.0,5.27350052,0.0,0.0,0.0,0.0,0.0,43873.50236957997,42000.0,1873.5023695799682,2473.502369579968,1873.5023695799682
2021-01-05,2473.502369579968,600.0,3000,0,0,0.0,0.0,0.0,0.0,0.0,0.0,0.0,44323.50236957997,42450.0,1873.5023695799682,2473.502369579968,1873.5023695799682
2021-01-06,16309.113531719968,600.0,2000,0,0,0.0,19.13183786,0.0,0.0,0.0,0.0,0.0,44049.113531719966,42210.0,1839.113531719966,16309.113531719968,15709.113531719968
2021-01-07,2588.7692303199656,600.0,3000,0,0,0.0,5.2743014,0.0,0.0,0.0,0.0,0.0,43778.769230319966,41790.0,1988.7692303199656,2588.7692303199656,1988.7692303199656
2021-01-08,2588.7692303199656,600.0,3000,0,0,0.0,0.0,0.0,0.0,0.0,0.0,0.0,45308.769230319966,43320.0,1988.7692303199656,2588.7692303199656,1988.7692303199656
2021-01-11,2588.7692303199656,600.0,3000,0,0,0.0,0.0,0.0,0.0,0.0,0.0,0.0,45668.769230319966,43680.0,1988.7692303199656,2588.7692303199656,1988.7692303199656
2021-01-12,2588.7692303199656,600.0,3000,0,0,0.0,0.0,0.0,0.0,0.0,0.0,0.0,46298.769230319966,44310.0,1988.7692303199656,2588.7692303199656,1988.7692303199656
2021-01-13,17731.604662279966,600.0,2000,0,0,0.0,20.46656804,0.0,0.0,0.0,0.0,0.0,48091.60466227996,46140.0,1951.6046622799622,17731.604662279966,17131.604662279966
2021-01-14,1838.8299131399635,600.0,3000,0,0,0.0,5.31774914,0.0,0.0,0.0,0.0,0.0,48848.82991313996,47610.0,1238.8299131399617,1838.8299131399635,1238.8299131399635
2021-01-15,1838.8299131399635,600.0,3000,0,0,0.0,0.0,0.0,0.0,0.0,0.0,0.0,47588.82991313996,46350.0,1238.8299131399617,1838.8299131399635,1238.8299131399635
2021-01-18,1838.8299131399635,600.0,3000,0,0,0.0,0.0,0.0,0.0,0.0,0.0,0.0,49478.82991313996,48240.0,1238.8299131399617,1838.8299131399635,1238.8299131399635
2021-01-19,16901.834855339963,600.0,2000,0,0,0.0,20.3850578,0.0,0.0,0.0,0.0,0.0,47101.83485533996,45900.0,1201.8348553399628,16901.834855339963,16301.834855339963
2021-01-20,1569.6873185199602,600.0,3000,0,0,0.0,5.30653682,0.0,0.0,0.0,0.0,0.0,46989.68731851996,46020.0,969.6873185199584,1569.6873185199602,969.6873185199602
2021-01-21,1569.6873185199602,600.0,3000,0,0,0.0,0.0,0.0,0.0,0.0,0.0,0.0,47139.68731851996,46170.0,969.6873185199584,1569.6873185199602,969.6873185199602
2021-01-22,1569.6873185199602,600.0,3000,0,0,0.0,0.0,0.0,0.0,0.0,0.0,0.0,45819.68731851996,44850.0,969.6873185199584,1569.6873185199602,969.6873185199602
2021-01-25,1569.6873185199602,600.0,3000,0,0,0.0,0.0,0.0,0.0,0.0,0.0,0.0,47169.68731851996,46200.0,969.6873185199584,1569.6873185199602,969.6873185199602
2021-01-26,16353.28554655996,600.0,2000,0,0,0.0,20.09977196,0.0,0.0,0.0,0.0,0.0,45993.28554655996,45060.0,933.2855465599569,16353.28554655996,15753.28554655996
2021-01-27,1251.3956147999597,600.0,3000,0,0,0.0,5.30193176,0.0,0.0,0.0,0.0,0.0,45831.395614799956,45180.0,651.3956147999561,1251.3956147999597,651.3956147999597
2021-01-28,1251.3956147999597,600.0,3000,0,0,0.0,0.0,0.0,0.0,0.0,0.0,0.0,43881.395614799956,43230.0,651.3956147999561,1251.3956147999597,651.3956147999597
2021-01-29,1251.3956147999597,600.0,3000,0,0,0.0,0.0,0.0,0.0,0.0,0.0,0.0,44121.395614799956,43470.0,651.3956147999561,1251.3956147999597,651.3956147999597
2021-02-01,1251.3956147999597,600.0,3000,0,0,0.0,0.0,0.0,0.0,0.0,0.0,0.0,42951.395614799956,42300.0,651.3956147999561,1251.3956147999597,651.3956147999597
2021-02-02,1251.3956147999597,600.0,3000,0,0,0.0,0.0,0.0,0.0,0.0,0.0,0.0,42351.395614799956,41700.0,651.3956147999561,1251.3956147999597,651.3956147999597
2021-02-03,1251.3956147999597,600.0,3000,0,0,0.0,0.0,0.0,0.0,0.0,0.0,0.0,41061.395614799956,40410.0,651.3956147999561,1251.3956147999597,651.3956147999597
2021-02-04,1251.3956147999597,600.0,3000,0,0,0.0,0.0,0.0,0.0,0.0,0.0,0.0,41811.395614799956,41160.0,651.3956147999561,1251.3956147999597,651.3956147999597
2021-02-05,14428.405236419962,600.0,2000,0,0,0.0,18.459378380000004,0.0,0.0,0.0,0.0,0.0,40848.40523641996,40230.0,618.4052364199597,14428.405236419962,13828.405236419962
2021-02-08,1108.5089438199611,600.0,3000,0,0,0.0,5.2662926,0.0,0.0,0.0,0.0,0.0,40858.508943819965,40350.0,508.50894381996477,1108.5089438199611,508.50894381996113
2021-02-09,1108.5089438199611,600.0,3000,0,0,0.0,0.0,0.0,0.0,0.0,0.0,0.0,41968.508943819965,41460.0,508.50894381996477,1108.5089438199611,508.50894381996113
2021-02-10,15113.759896699961,600.0,2000,0,0,0.0,19.30504712,0.0,0.0,0.0,0.0,0.0,43193.759896699965,42720.0,473.7598966999649,15113.759896699961,14513.759896699961
2021-02-18,1143.1355897999601,600.0,3000,0,0,0.0,5.2793069,0.0,0.0,0.0,0.0,0.0,43023.13558979996,42480.0,543.1355897999601,1143.1355897999601,543.1355897999601
2021-02-19,1143.1355897999601,600.0,3000,0,0,0.0,0.0,0.0,0.0,0.0,0.0,0.0,43713.13558979996,43170.0,543.1355897999601,1143.1355897999601,543.1355897999601
2021-02-22,15078.53486413996,600.0,2000,0,0,0.0,19.23372566,0.0,0.0,0.0,0.0,0.0,43018.53486413996,42510.0,508.5348641399614,15078.53486413996,14478.53486413996
2021-02-23,1157.9665583399583,600.0,3000,0,0,0.0,5.2783058,0.0,0.0,0.0,0.0,0.0,42527.96655833996,41970.0,557.9665583399619,1157.9665583399583,557.9665583399583
2021-02-24,1157.9665583399583,600.0,3000,0,0,0.0,0.0,0.0,0.0,0.0,0.0,0.0,43307.96655833996,42750.0,557.9665583399619,1157.9665583399583,557.9665583399583
2021-02-25,15043.471776579958,600.0,2000,0,0,0.0,19.18278176,0.0,0.0,0.0,0.0,0.0,42883.47177657996,42360.0,523.4717765799578,15043.471776579958,14443.471776579958
2021-02-26,1303.1050747399568,600.0,3000,0,0,0.0,5.27470184,0.0,0.0,0.0,0.0,0.0,42733.10507473996,42030.0,703.1050747399568,1303.1050747399568,703.1050747399568
2021-03-01,1303.1050747399568,600.0,3000,0,0,0.0,0.0,0.0,0.0,0.0,0.0,0.0,42853.10507473996,42150.0,703.1050747399568,1303.1050747399568,703.1050747399568
2021-03-02,1303.1050747399568,600.0,3000,0,0,0.0,0.0,0.0,0.0,0.0,0.0,0.0,42043.10507473996,41340.0,703.1050747399568,1303.1050747399568,703.1050747399568
2021-03-03,1303.1050747399568,600.0,3000,0,0,0.0,0.0,0.0,0.0,0.0,0.0,0.0,43003.10507473996,42300.0,703.1050747399568,1303.1050747399568,703.1050747399568
2021-03-04,1303.1050747399568,600.0,3000,0,0,0.0,0.0,0.0,0.0,0.0,0.0,0.0,42193.10507473996,41490.0,703.1050747399568,1303.1050747399568,703.1050747399568
2021-03-05,1303.1050747399568,600.0,3000,0,0,0.0,0.0,0.0,0.0,0.0,0.0,0.0,42553.10507473996,41850.0,703.1050747399568,1303.1050747399568,703.1050747399568
2021-03-08,1303.1050747399568,600.0,3000,0,0,0.0,0.0,0.0,0.0,0.0,0.0,0.0,42403.10507473996,41700.0,703.1050747399568,1303.1050747399568,703.1050747399568
2021-03-09,1303.1050747399568,600.0,3000,0,0,0.0,0.0,0.0,0.0,0.0,0.0,0.0,43003.10507473996,42300.0,703.1050747399568,1303.1050747399568,703.1050747399568
2021-03-10,1303.1050747399568,600.0,3000,0,0,0.0,0.0,0.0,0.0,0.0,0.0,0.0,42493.10507473996,41790.0,703.1050747399568,1303.1050747399568,703.1050747399568
2021-03-11,1303.1050747399568,600.0,3000,0,0,0.0,0.0,0.0,0.0,0.0,0.0,0.0,42313.10507473996,41610.0,703.1050747399568,1303.1050747399568,703.1050747399568
2021-03-12,1303.1050747399568,600.0,3000,0,0,0.0,0.0,0.0,0.0,0.0,0.0,0.0,41893.10507473996,41190.0,703.1050747399568,1303.1050747399568,703.1050747399568
2021-03-15,1303.1050747399568,600.0,3000,0,0,0.0,0.0,0.0,0.0,0.0,0.0,0.0,41263.10507473996,40560.0,703.1050747399568,1303.1050747399568,703.1050747399568
2021-03-16,1303.1050747399568,600.0,3000,0,0,0.0,0.0,0.0,0.0,0.0,0.0,0.0,41713.10507473996,41010.0,703.1050747399568,1303.1050747399568,703.1050747399568
2021-03-17,14819.394277839956,600.0,2000,0,0,0.0,18.8057969,0.0,0.0,0.0,0.0,0.0,41919.39427783996,41250.0,669.3942778399578,14819.394277839956,14219.394277839956
2021-03-18,1339.318781719956,600.0,3000,0,0,0.0,5.26949612,0.0,0.0,0.0,0.0,0.0,41899.31878171996,41160.0,739.3187817199578,1339.318781719956,739.318781719956
2021-03-19,1339.318781719956,600.0,3000,0,0,0.0,0.0,0.0,0.0,0.0,0.0,0.0,41839.31878171996,41100.0,739.3187817199578,1339.318781719956,739.318781719956
2021-03-22,1339.318781719956,600.0,3000,0,0,0.0,0.0,0.0,0.0,0.0,0.0,0.0,41989.31878171996,41250.0,739.3187817199578,1339.318781719956,739.318781719956
2021-03-23,1339.318781719956,600.0,3000,0,0,0.0,0.0,0.0,0.0,0.0,0.0,0.0,42289.31878171996,41550.0,739.3187817199578,1339.318781719956,739.318781719956
2021-03-24,1339.318781719956,600.0,3000,0,0,0.0,0.0,0.0,0.0,0.0,0.0,0.0,42919.31878171996,42180.0,739.3187817199578,1339.318781719956,739.318781719956
2021-03-25,1339.318781719956,600.0,3000,0,0,0.0,0.0,0.0,0.0,0.0,0.0,0.0,42799.31878171996,42060.0,739.3187817199578,1339.318781719956,739.318781719956
2021-03-26,1339.318781719956,600.0,3000,0,0,0.0,0.0,0.0,0.0,0.0,0.0,0.0,43459.31878171996,42720.0,739.3187817199578,1339.318781719956,739.318781719956
2021-03-29,1339.318781719956,600.0,3000,0,0,0.0,0.0,0.0,0.0,0.0,0.0,0.0,42289.31878171996,41550.0,739.3187817199578,1339.318781719956,739.318781719956
2021-03-30,1339.318781719956,600.0,3000,0,0,0.0,0.0,0.0,0.0,0.0,0.0,0.0,44419.31878171996,43680.0,739.3187817199578,1339.318781719956,739.318781719956
2021-03-31,1339.318781719956,600.0,3000,0,0,0.0,0.0,0.0,0.0,0.0,0.0,0.0,44449.31878171996,43710.0,739.3187817199578,1339.318781719956,739.318781719956
2021-04-01,1339.318781719956,600.0,3000,0,0,0.0,0.0,0.0,0.0,0.0,0.0,0.0,44599.31878171996,43860.0,739.3187817199578,1339.318781719956,739.318781719956
2021-04-02,1339.318781719956,600.0,3000,0,0,0.0,0.0,0.0,0.0,0.0,0.0,0.0,43789.31878171996,43050.0,739.3187817199578,1339.318781719956,739.318781719956
2021-04-06,1339.318781719956,600.0,3000,0,0,0.0,0.0,0.0,0.0,0.0,0.0,0.0,43819.31878171996,43080.0,739.3187817199578,1339.318781719956,739.318781719956
2021-04-07,1339.318781719956,600.0,3000,0,0,0.0,0.0,0.0,0.0,0.0,0.0,0.0,44479.31878171996,43740.0,739.3187817199578,1339.318781719956,739.318781719956
2021-04-08,1339.318781719956,600.0,3000,0,0,0.0,0.0,0.0,0.0,0.0,0.0,0.0,44419.31878171996,43680.0,739.3187817199578,1339.318781719956,739.318781719956
2021-04-09,1339.318781719956,600.0,3000,0,0,0.0,0.0,0.0,0.0,0.0,0.0,0.0,43519.31878171996,42780.0,739.3187817199578,1339.318781719956,739.318781719956
2021-04-12,1339.318781719956,600.0,3000,0,0,0.0,0.0,0.0,0.0,0.0,0.0,0.0,43519.31878171996,42780.0,739.3187817199578,1339.318781719956,739.318781719956
2021-04-13,1339.318781719956,600.0,3000,0,0,0.0,0.0,0.0,0.0,0.0,0.0,0.0,44809.31878171996,44070.0,739.3187817199578,1339.318781719956,739.318781719956
2021-04-14,1339.318781719956,600.0,3000,0,0,0.0,0.0,0.0,0.0,0.0,0.0,0.0,44839.31878171996,44100.0,739.3187817199578,1339.318781719956,739.318781719956
2021-04-15,1339.318781719956,600.0,3000,0,0,0.0,0.0,0.0,0.0,0.0,0.0,0.0,44479.31878171996,43740.0,739.3187817199578,1339.318781719956,739.318781719956
2021-04-16,1339.318781719956,600.0,3000,0,0,0.0,0.0,0.0,0.0,0.0,0.0,0.0,44539.31878171996,43800.0,739.3187817199578,1339.318781719956,739.318781719956
2021-04-19,1339.318781719956,600.0,3000,0,0,0.0,0.0,0.0,0.0,0.0,0.0,0.0,45469.31878171996,44730.0,739.3187817199578,1339.318781719956,739.318781719956
2021-04-20,15683.849316079957,600.0,2000,0,0,0.0,19.65146564,0.0,0.0,0.0,0.0,0.0,44443.849316079955,43740.0,703.8493160799553,15683.849316079957,15083.849316079957
2021-04-21,1392.866602139955,600.0,3000,0,0,0.0,5.28571394,0.0,0.0,0.0,0.0,0.0,44652.866602139955,43860.0,792.8666021399549,1392.866602139955,792.8666021399549
2021-04-22,1392.866602139955,600.0,3000,0,0,0.0,0.0,0.0,0.0,0.0,0.0,0.0,43932.866602139955,43140.0,792.8666021399549,1392.866602139955,792.8666021399549
2021-04-23,1392.866602139955,600.0,3000,0,0,0.0,0.0,0.0,0.0,0.0,0.0,0.0,43932.866602139955,43140.0,792.8666021399549,1392.866602139955,792.8666021399549
2021-04-26,1392.866602139955,600.0,3000,0,0,0.0,0.0,0.0,0.0,0.0,0.0,0.0,44442.866602139955,43650.0,792.8666021399549,1392.866602139955,792.8666021399549
2021-04-27,1392.866602139955,600.0,3000,0,0,0.0,0.0,0.0,0.0,0.0,0.0,0.0,44652.866602139955,43860.0,792.8666021399549,1392.866602139955,792.8666021399549
2021-04-28,15907.036927239955,600.0,2000,0,0,0.0,19.8246749,0.0,0.0,0.0,0.0,0.0,45007.036927239955,44250.0,757.0369272399548,15907.036927239955,15307.036927239955
2021-04-29,1155.5390031799543,600.0,3000,0,0,0.0,5.29492406,0.0,0.0,0.0,0.0,0.0,45255.539003179954,44700.0,555.5390031799543,1155.5390031799543,555.5390031799543
2021-04-30,1155.5390031799543,600.0,3000,0,0,0.0,0.0,0.0,0.0,0.0,0.0,0.0,42435.539003179954,41880.0,555.5390031799543,1155.5390031799543,555.5390031799543
2021-05-06,1155.5390031799543,600.0,3000,0,0,0.0,0.0,0.0,0.0,0.0,0.0,0.0,42165.539003179954,41610.0,555.5390031799543,1155.5390031799543,555.5390031799543
2021-05-07,1155.5390031799543,600.0,3000,0,0,0.0,0.0,0.0,0.0,0.0,0.0,0.0,41505.539003179954,40950.0,555.5390031799543,1155.5390031799543,555.5390031799543
2021-05-10,1155.5390031799543,600.0,3000,0,0,0.0,0.0,0.0,0.0,0.0,0.0,0.0,41715.539003179954,41160.0,555.5390031799543,1155.5390031799543,555.5390031799543
2021-05-11,1155.5390031799543,600.0,3000,0,0,0.0,0.0,0.0,0.0,0.0,0.0,0.0,41625.539003179954,41070.0,555.5390031799543,1155.5390031799543,555.5390031799543
2021-05-12,1155.5390031799543,600.0,3000,0,0,0.0,0.0,0.0,0.0,0.0,0.0,0.0,41715.539003179954,41160.0,555.5390031799543,1155.5390031799543,555.5390031799543
2021-05-13,14502.188415539953,600.0,2000,0,0,0.0,18.63258764,0.0,0.0,0.0,0.0,0.0,41262.18841553995,40740.0,522.188415539953,14502.188415539953,13902.188415539953
2021-05-14,1052.146520079952,600.0,3000,0,0,0.0,5.26889546,0.0,0.0,0.0,0.0,0.0,41492.14652007995,41040.0,452.1465200799503,1052.146520079952,452.1465200799521
2021-05-17,1052.146520079952,600.0,3000,0,0,0.0,0.0,0.0,0.0,0.0,0.0,0.0,40952.14652007995,40500.0,452.1465200799503,1052.146520079952,452.1465200799521
2021-05-18,1052.146520079952,600.0,3000,0,0,0.0,0.0,0.0,0.0,0.0,0.0,0.0,41102.14652007995,40650.0,452.1465200799503,1052.146520079952,452.1465200799521
2021-05-19,1052.146520079952,600.0,3000,0,0,0.0,0.0,0.0,0.0,0.0,0.0,0.0,40682.14652007995,40230.0,452.1465200799503,1052.146520079952,452.1465200799521
2021-05-20,1052.146520079952,600.0,3000,0,0,0.0,0.0,0.0,0.0,0.0,0.0,0.0,40712.14652007995,40260.0,452.1465200799503,1052.146520079952,452.1465200799521
2021-05-21,1052.146520079952,600.0,3000,0,0,0.0,0.0,0.0,0.0,0.0,0.0,0.0,40382.14652007995,39930.0,452.1465200799503,1052.146520079952,452.1465200799521
2021-05-24,1052.146520079952,600.0,3000,0,0,0.0,0.0,0.0,0.0,0.0,0.0,0.0,38702.14652007995,38250.0,452.1465200799503,1052.146520079952,452.1465200799521
2021-05-25,1052.146520079952,600.0,3000,0,0,0.0,0.0,0.0,0.0,0.0,0.0,0.0,38972.14652007995,38520.0,452.1465200799503,1052.146520079952,452.1465200799521
2021-05-26,13580.533412399951,600.0,2000,0,0,0.0,17.79710768,0.0,0.0,0.0,0.0,0.0,38700.53341239995,38280.0,420.53341239994916,13580.533412399951,12980.533412399951
2021-05-27,1061.5331373999488,600.0,3000,0,0,0.0,5.250275,0.0,0.0,0.0,0.0,0.0,38921.53313739995,38460.0,461.53313739995065,1061.5331373999488,461.5331373999488
2021-05-28,1061.5331373999488,600.0,3000,0,0,0.0,0.0,0.0,0.0,0.0,0.0,0.0,38111.53313739995,37650.0,461.53313739995065,1061.5331373999488,461.5331373999488
2021-05-31,1061.5331373999488,600.0,3000,0,0,0.0,0.0,0.0,0.0,0.0,0.0,0.0,38321.53313739995,37860.0,461.53313739995065,1061.5331373999488,461.5331373999488
2021-06-01,13460.195483859949,600.0,2000,0,0,0.0,17.66465354,0.0,0.0,0.0,0.0,0.0,38320.19548385995,37890.0,430.1954838599486,13460.195483859949,12860.195483859949
2021-06-02,1161.4416136999462,600.0,3000,0,0,0.0,5.24587016,0.0,0.0,0.0,0.0,0.0,37821.44161369995,37260.0,561.4416136999498,1161.4416136999462,561.4416136999462
2021-06-03,1161.4416136999462,600.0,3000,0,0,0.0,0.0,0.0,0.0,0.0,0.0,0.0,37941.44161369995,37380.0,561.4416136999498,1161.4416136999462,561.4416136999462
2021-06-04,1161.4416136999462,600.0,3000,0,0,0.0,0.0,0.0,0.0,0.0,0.0,0.0,37821.44161369995,37260.0,561.4416136999498,1161.4416136999462,561.4416136999462
2021-06-07,1161.4416136999462,600.0,3000,0,0,0.0,0.0,0.0,0.0,0.0,0.0,0.0,38631.44161369995,38070.0,561.4416136999498,1161.4416136999462,561.4416136999462
2021-06-08,1161.4416136999462,600.0,3000,0,0,0.0,0.0,0.0,0.0,0.0,0.0,0.0,38691.44161369995,38130.0,561.4416136999498,1161.4416136999462,561.4416136999462
2021-06-09,1161.4416136999462,600.0,3000,0,0,0.0,0.0,0.0,0.0,0.0,0.0,0.0,38781.44161369995,38220.0,561.4416136999498,1161.4416136999462,561.4416136999462
2021-06-10,1161.4416136999462,600.0,3000,0,0,0.0,0.0,0.0,0.0,0.0,0.0,0.0,38841.44161369995,38280.0,561.4416136999498,1161.4416136999462,561.4416136999462
2021-06-11,1161.4416136999462,600.0,3000,0,0,0.0,0.0,0.0,0.0,0.0,0.0,0.0,38661.44161369995,38100.0,561.4416136999498,1161.4416136999462,561.4416136999462
2021-06-15,1161.4416136999462,600.0,3000,0,0,0.0,0.0,0.0,0.0,0.0,0.0,0.0,38811.44161369995,38250.0,561.4416136999498,1161.4416136999462,561.4416136999462
2021-06-16,1161.4416136999462,600.0,3000,0,0,0.0,0.0,0.0,0.0,0.0,0.0,0.0,38121.44161369995,37560.0,561.4416136999498,1161.4416136999462,561.4416136999462
2021-06-17,1161.4416136999462,600.0,3000,0,0,0.0,0.0,0.0,0.0,0.0,0.0,0.0,38511.44161369995,37950.0,561.4416136999498,1161.4416136999462,561.4416136999462
2021-06-18,1161.4416136999462,600.0,3000,0,0,0.0,0.0,0.0,0.0,0.0,0.0,0.0,38631.44161369995,38070.0,561.4416136999498,1161.4416136999462,561.4416136999462
2021-06-21,1161.4416136999462,600.0,3000,0,0,0.0,0.0,0.0,0.0,0.0,0.0,0.0,38301.44161369995,37740.0,561.4416136999498,1161.4416136999462,561.4416136999462
2021-06-22,1161.4416136999462,600.0,3000,0,0,0.0,0.0,0.0,0.0,0.0,0.0,0.0,38091.44161369995,37530.0,561.4416136999498,1161.4416136999462,561.4416136999462
2021-06-23,1161.4416136999462,600.0,3000,0,0,0.0,0.0,0.0,0.0,0.0,0.0,0.0,38841.44161369995,38280.0,561.4416136999498,1161.4416136999462,561.4416136999462
2021-06-24,1161.4416136999462,600.0,3000,0,0,0.0,0.0,0.0,0.0,0.0,0.0,0.0,39171.44161369995,38610.0,561.4416136999498,1161.4416136999462,561.4416136999462
2021-06-25,1161.4416136999462,600.0,3000,0,0,0.0,0.0,0.0,0.0,0.0,0.0,0.0,38991.44161369995,38430.0,561.4416136999498,1161.4416136999462,561.4416136999462
2021-06-28,1161.4416136999462,600.0,3000,0,0,0.0,0.0,0.0,0.0,0.0,0.0,0.0,38901.44161369995,38340.0,561.4416136999498,1161.4416136999462,561.4416136999462
2021-06-29,1161.4416136999462,600.0,3000,0,0,0.0,0.0,0.0,0.0,0.0,0.0,0.0,38391.44161369995,37830.0,561.4416136999498,1161.4416136999462,561.4416136999462
2021-06-30,1161.4416136999462,600.0,3000,0,0,0.0,0.0,0.0,0.0,0.0,0.0,0.0,38391.44161369995,37830.0,561.4416136999498,1161.4416136999462,561.4416136999462
2021-07-01,1161.4416136999462,600.0,3000,0,0,0.0,0.0,0.0,0.0,0.0,0.0,0.0,38061.44161369995,37500.0,561.4416136999498,1161.4416136999462,561.4416136999462
2021-07-02,1161.4416136999462,600.0,3000,0,0,0.0,0.0,0.0,0.0,0.0,0.0,0.0,37071.44161369995,36510.0,561.4416136999498,1161.4416136999462,561.4416136999462
2021-07-05,1161.4416136999462,600.0,3000,0,0,0.0,0.0,0.0,0.0,0.0,0.0,0.0,37731.44161369995,37170.0,561.4416136999498,1161.4416136999462,561.4416136999462
2021-07-06,1161.4416136999462,600.0,3000,0,0,0.0,0.0,0.0,0.0,0.0,0.0,0.0,37851.44161369995,37290.0,561.4416136999498,1161.4416136999462,561.4416136999462
2021-07-07,13280.697245999947,600.0,2000,0,0,0.0,17.379367700000003,0.0,0.0,0.0,0.0,0.0,37580.697245999945,37050.0,530.6972459999452,13280.697245999947,12680.697245999947
2021-07-08,1132.1113791399457,600.0,3000,0,0,0.0,5.24286686,0.0,0.0,0.0,0.0,0.0,37222.11137913995,36690.0,532.1113791399475,1132.1113791399457,532.1113791399457
2021-07-09,1132.1113791399457,600.0,3000,0,0,0.0,0.0,0.0,0.0,0.0,0.0,0.0,36982.11137913995,36450.0,532.1113791399475,1132.1113791399457,532.1113791399457
2021-07-12,1132.1113791399457,600.0,3000,0,0,0.0,0.0,0.0,0.0,0.0,0.0,0.0,37132.11137913995,36600.0,532.1113791399475,1132.1113791399457,532.1113791399457
2021-07-13,1132.1113791399457,600.0,3000,0,0,0.0,0.0,0.0,0.0,0.0,0.0,0.0,37252.11137913995,36720.0,532.1113791399475,1132.1113791399457,532.1113791399457
2021-07-14,1132.1113791399457,600.0,3000,0,0,0.0,0.0,0.0,0.0,0.0,0.0,0.0,36052.11137913995,35520.0,532.1113791399475,1132.1113791399457,532.1113791399457
2021-07-15,1132.1113791399457,600.0,3000,0,0,0.0,0.0,0.0,0.0,0.0,0.0,0.0,36382.11137913995,35850.0,532.1113791399475,1132.1113791399457,532.1113791399457
2021-07-16,12592.765470919947,600.0,2000,0,0,0.0,16.706908220000003,0.0,0.0,0.0,0.0,0.0,35572.76547091995,35070.0,502.7654709199487,12592.765470919947,11992.765470919947
2021-07-19,1154.9748196799446,600.0,3000,0,0,0.0,5.2286512400000005,0.0,0.0,0.0,0.0,0.0,35834.97481967995,35280.0,554.9748196799483,1154.9748196799446,554.9748196799446
2021-07-20,1154.9748196799446,600.0,3000,0,0,0.0,0.0,0.0,0.0,0.0,0.0,0.0,36314.97481967995,35760.0,554.9748196799483,1154.9748196799446,554.9748196799446
2021-07-21,1154.9748196799446,600.0,3000,0,0,0.0,0.0,0.0,0.0,0.0,0.0,0.0,36464.97481967995,35910.0,554.9748196799483,1154.9748196799446,554.9748196799446
2021-07-22,1154.9748196799446,600.0,3000,0,0,0.0,0.0,0.0,0.0,0.0,0.0,0.0,36284.97481967995,35730.0,554.9748196799483,1154.9748196799446,554.9748196799446
2021-07-23,1154.9748196799446,600.0,3000,0,0,0.0,0.0,0.0,0.0,0.0,0.0,0.0,36434.97481967995,35880.0,554.9748196799483,1154.9748196799446,554.9748196799446
2021-07-26,1154.9748196799446,600.0,3000,0,0,0.0,0.0,0.0,0.0,0.0,0.0,0.0,36014.97481967995,35460.0,554.9748196799483,1154.9748196799446,554.9748196799446
2021-07-27,1904.9748196799446,1350.0,3000,0,0,125.0,0.0,0.0,750.0,750.0,0.0,0.0,35619.97481967995,35190.0,429.97481967994827,1904.9748196799446,554.9748196799446
2021-07-28,1904.9748196799446,1350.0,3000,0,0,125.0,0.0,0.0,0.0,0.0,0.0,0.0,34779.97481967995,34350.0,429.97481967994827,1904.9748196799446,554.9748196799446
2021-07-29,1904.9748196799446,1350.0,3000,0,0,125.0,0.0,0.0,0.0,0.0,0.0,0.0,34749.97481967995,34320.0,429.97481967994827,1904.9748196799446,554.9748196799446
2021-07-30,1904.9748196799446,1350.0,3000,0,0,125.0,0.0,0.0,0.0,0.0,0.0,0.0,35439.97481967995,35010.0,429.97481967994827,1904.9748196799446,554.9748196799446
2021-08-02,1904.9748196799446,1350.0,3000,0,0,125.0,0.0,0.0,0.0,0.0,0.0,0.0,37209.97481967995,36780.0,429.97481967994827,1904.9748196799446,554.9748196799446
2021-08-03,1904.9748196799446,1350.0,3000,0,0,125.0,0.0,0.0,0.0,0.0,0.0,0.0,37269.97481967995,36840.0,429.97481967994827,1904.9748196799446,554.9748196799446
2021-08-04,1904.9748196799446,1350.0,3000,0,0,125.0,0.0,0.0,0.0,0.0,0.0,0.0,37509.97481967995,37080.0,429.97481967994827,1904.9748196799446,554.9748196799446
2021-08-05,1904.9748196799446,1350.0,3000,0,0,125.0,0.0,0.0,0.0,0.0,0.0,0.0,37329.97481967995,36900.0,429.97481967994827,1904.9748196799446,554.9748196799446
2021-08-06,1904.9748196799446,1350.0,3000,0,0,125.0,0.0,0.0,0.0,0.0,0.0,0.0,37269.97481967995,36840.0,429.97481967994827,1904.9748196799446,554.9748196799446
2021-08-09,1904.9748196799446,1350.0,3000,0,0,100.0,0.0,0.0,0.0,0.0,0.0,0.0,37894.97481967995,37440.0,454.97481967994827,1904.9748196799446,554.9748196799446
2021-08-10,1904.9748196799446,1350.0,3000,0,0,100.0,0.0,0.0,0.0,0.0,0.0,0.0,38224.97481967995,37770.0,454.97481967994827,1904.9748196799446,554.9748196799446
2021-08-11,13630.014436839943,1350.0,2000,0,0,75.0,17.002382840000003,25.0,0.0,0.0,0.0,0.0,37115.01443683994,36690.0,425.0144368399415,13630.014436839943,12280.014436839943
2021-08-12,1891.8877789999424,1350.0,3000,0,0,75.0,5.23465784,0.0,0.0,0.0,0.0,0.0,37066.88777899994,36600.0,466.88777899993875,1891.8877789999424,541.8877789999424
2021-08-13,1891.8877789999424,1350.0,3000,0,0,75.0,0.0,0.0,0.0,0.0,0.0,0.0,37336.88777899994,36870.0,466.88777899993875,1891.8877789999424,541.8877789999424
2021-08-16,1891.8877789999424,1350.0,3000,0,0,75.0,0.0,0.0,0.0,0.0,0.0,0.0,38626.88777899994,38160.0,466.88777899993875,1891.8877789999424,541.8877789999424
2021-08-17,13856.418865439942,1350.0,2000,0,0,50.0,17.246913560000003,25.0,0.0,0.0,0.0,0.0,37846.41886543994,37410.0,436.4188654399404,13856.418865439942,12506.418865439942
2021-08-18,1888.0346025399413,1350.0,3000,0,0,50.0,5.2392629,0.0,0.0,0.0,0.0,0.0,38588.03460253994,38100.0,488.03460253994126,1888.0346025399413,538.0346025399413
2021-08-19,1888.0346025399413,1350.0,3000,0,0,50.0,0.0,0.0,0.0,0.0,0.0,0.0,37388.03460253994,36900.0,488.03460253994126,1888.0346025399413,538.0346025399413
2021-08-20,1888.0346025399413,1350.0,3000,0,0,25.0,0.0,0.0,0.0,0.0,0.0,0.0,37503.03460253994,36990.0,513.0346025399413,1888.0346025399413,538.0346025399413
2021-08-23,1888.0346025399413,1350.0,3000,0,0,25.0,0.0,0.0,0.0,0.0,0.0,0.0,37983.03460253994,37470.0,513.0346025399413,1888.0346025399413,538.0346025399413
2021-08-24,1888.0346025399413,1350.0,3000,0,0,25.0,0.0,0.0,0.0,0.0,0.0,0.0,38013.03460253994,37500.0,513.0346025399413,1888.0346025399413,538.0346025399413
2021-08-25,1888.0346025399413,1350.0,3000,0,0,25.0,0.0,0.0,0.0,0.0,0.0,0.0,37803.03460253994,37290.0,513.0346025399413,1888.0346025399413,538.0346025399413
2021-08-26,1888.0346025399413,1350.0,3000,0,0,25.0,0.0,0.0,0.0,0.0,0.0,0.0,36933.03460253994,36420.0,513.0346025399413,1888.0346025399413,538.0346025399413
2021-08-27,1888.0346025399413,1350.0,3000,0,0,25.0,0.0,0.0,0.0,0.0,0.0,0.0,36993.03460253994,36480.0,513.0346025399413,1888.0346025399413,538.0346025399413
2021-08-30,1888.0346025399413,1350.0,3000,0,0,25.0,0.0,0.0,0.0,0.0,0.0,0.0,36393.03460253994,35880.0,513.0346025399413,1888.0346025399413,538.0346025399413
2021-08-31,1888.0346025399413,1350.0,3000,0,0,25.0,0.0,0.0,0.0,0.0,0.0,0.0,36303.03460253994,35790.0,513.0346025399413,1888.0346025399413,538.0346025399413
2021-09-01,1888.0346025399413,1350.0,3000,0,0,25.0,0.0,0.0,0.0,0.0,0.0,0.0,36993.03460253994,36480.0,513.0346025399413,1888.0346025399413,538.0346025399413
2021-09-02,1888.0346025399413,1350.0,3000,0,0,25.0,0.0,0.0,0.0,0.0,0.0,0.0,37113.03460253994,36600.0,513.0346025399413,1888.0346025399413,538.0346025399413
2021-09-03,1888.0346025399413,1350.0,3000,0,0,25.0,0.0,0.0,0.0,0.0,0.0,0.0,37863.03460253994,37350.0,513.0346025399413,1888.0346025399413,538.0346025399413
2021-09-06,1888.0346025399413,1350.0,3000,0,0,25.0,0.0,0.0,0.0,0.0,0.0,0.0,38013.03460253994,37500.0,513.0346025399413,1888.0346025399413,538.0346025399413
2021-09-07,1888.0346025399413,1350.0,3000,0,0,25.0,0.0,0.0,0.0,0.0,0.0,0.0,38373.03460253994,37860.0,513.0346025399413,1888.0346025399413,538.0346025399413
2021-09-08,1888.0346025399413,1350.0,3000,0,0,25.0,0.0,0.0,0.0,0.0,0.0,0.0,38433.03460253994,37920.0,513.0346025399413,1888.0346025399413,538.0346025399413
2021-09-09,1888.0346025399413,1350.0,3000,0,0,25.0,0.0,0.0,0.0,0.0,0.0,0.0,38403.03460253994,37890.0,513.0346025399413,1888.0346025399413,538.0346025399413
2021-09-10,1888.0346025399413,1350.0,3000,0,0,25.0,0.0,0.0,0.0,0.0,0.0,0.0,38463.03460253994,37950.0,513.0346025399413,1888.0346025399413,538.0346025399413
2021-09-13,1888.0346025399413,1350.0,3000,0,0,25.0,0.0,0.0,0.0,0.0,0.0,0.0,38373.03460253994,37860.0,513.0346025399413,1888.0346025399413,538.0346025399413
2021-09-14,1888.0346025399413,1350.0,3000,0,0,25.0,0.0,0.0,0.0,0.0,0.0,0.0,37683.03460253994,37170.0,513.0346025399413,1888.0346025399413,538.0346025399413
2021-09-15,1888.0346025399413,1350.0,3000,0,0,25.0,0.0,0.0,0.0,0.0,0.0,0.0,37263.03460253994,36750.0,513.0346025399413,1888.0346025399413,538.0346025399413
2021-09-16,1888.0346025399413,1350.0,3000,0,0,25.0,0.0,0.0,0.0,0.0,0.0,0.0,37113.03460253994,36600.0,513.0346025399413,1888.0346025399413,538.0346025399413
2021-09-17,1888.0346025399413,1350.0,3000,0,0,25.0,0.0,0.0,0.0,0.0,0.0,0.0,37113.03460253994,36600.0,513.0346025399413,1888.0346025399413,538.0346025399413
2021-09-22,1888.0346025399413,1350.0,3000,0,0,25.0,0.0,0.0,0.0,0.0,0.0,0.0,36933.03460253994,36420.0,513.0346025399413,1888.0346025399413,538.0346025399413
2021-09-23,1888.0346025399413,1350.0,3000,0,0,25.0,0.0,0.0,0.0,0.0,0.0,0.0,38103.03460253994,37590.0,513.0346025399413,1888.0346025399413,538.0346025399413
2021-09-24,1888.0346025399413,1350.0,3000,0,0,25.0,0.0,0.0,0.0,0.0,0.0,0.0,37443.03460253994,36930.0,513.0346025399413,1888.0346025399413,538.0346025399413
2021-09-27,1888.0346025399413,1350.0,3000,0,0,25.0,0.0,0.0,0.0,0.0,0.0,0.0,37473.03460253994,36960.0,513.0346025399413,1888.0346025399413,538.0346025399413
2021-09-28,1888.0346025399413,1350.0,3000,0,0,25.0,0.0,0.0,0.0,0.0,0.0,0.0,37263.03460253994,36750.0,513.0346025399413,1888.0346025399413,538.0346025399413
2021-09-29,1888.0346025399413,1350.0,3000,0,0,25.0,0.0,0.0,0.0,0.0,0.0,0.0,37383.03460253994,36870.0,513.0346025399413,1888.0346025399413,538.0346025399413
2021-09-30,1888.0346025399413,1350.0,3000,0,0,25.0,0.0,0.0,0.0,0.0,0.0,0.0,36723.03460253994,36210.0,513.0346025399413,1888.0346025399413,538.0346025399413
2021-10-08,1888.0346025399413,1350.0,3000,0,0,25.0,0.0,0.0,0.0,0.0,0.0,0.0,38223.03460253994,37710.0,513.0346025399413,1888.0346025399413,538.0346025399413
2021-10-11,1888.0346025399413,1350.0,3000,0,0,25.0,0.0,0.0,0.0,0.0,0.0,0.0,38253.03460253994,37740.0,513.0346025399413,1888.0346025399413,538.0346025399413
2021-10-12,1888.0346025399413,1350.0,3000,0,0,25.0,0.0,0.0,0.0,0.0,0.0,0.0,37503.03460253994,36990.0,513.0346025399413,1888.0346025399413,538.0346025399413
2021-10-13,1888.0346025399413,1350.0,3000,0,0,25.0,0.0,0.0,0.0,0.0,0.0,0.0,37533.03460253994,37020.0,513.0346025399413,1888.0346025399413,538.0346025399413
2021-10-14,1888.0346025399413,1350.0,3000,0,0,25.0,0.0,0.0,0.0,0.0,0.0,0.0,37443.03460253994,36930.0,513.0346025399413,1888.0346025399413,538.0346025399413
2021-10-15,1888.0346025399413,1350.0,3000,0,0,25.0,0.0,0.0,0.0,0.0,0.0,0.0,37053.03460253994,36540.0,513.0346025399413,1888.0346025399413,538.0346025399413
2021-10-18,1888.0346025399413,1350.0,3000,0,0,25.0,0.0,0.0,0.0,0.0,0.0,0.0,36603.03460253994,36090.0,513.0346025399413,1888.0346025399413,538.0346025399413
2021-10-19,1888.0346025399413,1350.0,3000,0,0,25.0,0.0,0.0,0.0,0.0,0.0,0.0,36783.03460253994,36270.0,513.0346025399413,1888.0346025399413,538.0346025399413
2021-10-20,1888.0346025399413,1350.0,3000,0,0,25.0,0.0,0.0,0.0,0.0,0.0,0.0,36633.03460253994,36120.0,513.0346025399413,1888.0346025399413,538.0346025399413
2021-10-21,1888.0346025399413,1350.0,3000,0,0,25.0,0.0,0.0,0.0,0.0,0.0,0.0,36333.03460253994,35820.0,513.0346025399413,1888.0346025399413,538.0346025399413
2021-10-22,1888.0346025399413,1350.0,3000,0,0,25.0,0.0,0.0,0.0,0.0,0.0,0.0,36483.03460253994,35970.0,513.0346025399413,1888.0346025399413,538.0346025399413
2021-10-25,1888.0346025399413,1350.0,3000,0,0,25.0,0.0,0.0,0.0,0.0,0.0,0.0,36003.03460253994,35490.0,513.0346025399413,1888.0346025399413,538.0346025399413
2021-10-26,1888.0346025399413,1350.0,3000,0,0,25.0,0.0,0.0,0.0,0.0,0.0,0.0,36153.03460253994,35640.0,513.0346025399413,1888.0346025399413,538.0346025399413
2021-10-27,1888.0346025399413,1350.0,3000,0,0,25.0,0.0,0.0,0.0,0.0,0.0,0.0,35703.03460253994,35190.0,513.0346025399413,1888.0346025399413,538.0346025399413
2021-10-28,1888.0346025399413,1350.0,3000,0,0,25.0,0.0,0.0,0.0,0.0,0.0,0.0,35343.03460253994,34830.0,513.0346025399413,1888.0346025399413,538.0346025399413
2021-10-29,1888.0346025399413,1350.0,3000,0,0,25.0,0.0,0.0,0.0,0.0,0.0,0.0,35913.03460253994,35400.0,513.0346025399413,1888.0346025399413,538.0346025399413
2021-11-01,13273.79463821994,1350.0,2000,0,0,0.0,16.655964320000002,25.0,0.0,0.0,0.0,0.0,36153.794638219944,35670.0,483.7946382199443,13273.79463821994,11923.79463821994
2021-11-02,1705.8583841199397,1350.0,3000,0,0,0.0,5.2312541,0.0,0.0,0.0,0.0,0.0,35995.85838411994,35640.0,355.85838411994337,1705.8583841199397,355.8583841199397
2021-11-03,1705.8583841199397,1350.0,3000,0,0,0.0,0.0,0.0,0.0,0.0,0.0,0.0,36115.85838411994,35760.0,355.85838411994337,1705.8583841199397,355.8583841199397
2021-11-04,1705.8583841199397,1350.0,3000,0,0,0.0,0.0,0.0,0.0,0.0,0.0,0.0,36565.85838411994,36210.0,355.85838411994337,1705.8583841199397,355.8583841199397
2021-11-05,13366.088700299939,1350.0,2000,0,0,0.0,16.910683820000003,0.0,0.0,0.0,0.0,0.0,36746.08870029994,36420.0,326.08870029993705,13366.088700299939,12016.088700299939
2021-11-08,1758.1076453199366,1350.0,3000,0,0,0.0,5.23205498,0.0,0.0,0.0,0.0,0.0,36708.107645319935,36300.0,408.1076453199348,1758.1076453199366,408.10764531993664
2021-11-09,1758.1076453199366,1350.0,3000,0,0,0.0,0.0,0.0,0.0,0.0,0.0,0.0,36528.107645319935,36120.0,408.1076453199348,1758.1076453199366,408.10764531993664
2021-11-10,1758.1076453199366,1350.0,3000,0,0,0.0,0.0,0.0,0.0,0.0,0.0,0.0,36378.107645319935,35970.0,408.1076453199348,1758.1076453199366,408.10764531993664
2021-11-11,1758.1076453199366,1350.0,3000,0,0,0.0,0.0,0.0,0.0,0.0,0.0,0.0,36948.107645319935,36540.0,408.1076453199348,1758.1076453199366,408.10764531993664
2021-11-12,1758.1076453199366,1350.0,3000,0,0,0.0,0.0,0.0,0.0,0.0,0.0,0.0,36918.107645319935,36510.0,408.1076453199348,1758.1076453199366,408.10764531993664
2021-11-15,1758.1076453199366,1350.0,3000,0,0,0.0,0.0,0.0,0.0,0.0,0.0,0.0,37368.107645319935,36960.0,408.1076453199348,1758.1076453199366,408.10764531993664
2021-11-16,1758.1076453199366,1350.0,3000,0,0,0.0,0.0,0.0,0.0,0.0,0.0,0.0,37188.107645319935,36780.0,408.1076453199348,1758.1076453199366,408.10764531993664
2021-11-17,1758.1076453199366,1350.0,3000,0,0,0.0,0.0,0.0,0.0,0.0,0.0,0.0,36978.107645319935,36570.0,408.1076453199348,1758.1076453199366,408.10764531993664
2021-11-18,1758.1076453199366,1350.0,3000,0,0,0.0,0.0,0.0,0.0,0.0,0.0,0.0,36618.107645319935,36210.0,408.1076453199348,1758.1076453199366,408.10764531993664
2021-11-19,1758.1076453199366,1350.0,3000,0,0,0.0,0.0,0.0,0.0,0.0,0.0,0.0,37488.107645319935,37080.0,408.1076453199348,1758.1076453199366,408.10764531993664
2021-11-22,1758.1076453199366,1350.0,3000,0,0,0.0,0.0,0.0,0.0,0.0,0.0,0.0,37338.107645319935,36930.0,408.1076453199348,1758.1076453199366,408.10764531993664
2021-11-23,1758.1076453199366,1350.0,3000,0,0,0.0,0.0,0.0,0.0,0.0,0.0,0.0,36948.107645319935,36540.0,408.1076453199348,1758.1076453199366,408.10764531993664
2021-11-24,1758.1076453199366,1350.0,3000,0,0,0.0,0.0,0.0,0.0,0.0,0.0,0.0,36888.107645319935,36480.0,408.1076453199348,1758.1076453199366,408.10764531993664
2021-11-25,1758.1076453199366,1350.0,3000,0,0,0.0,0.0,0.0,0.0,0.0,0.0,0.0,36648.107645319935,36240.0,408.1076453199348,1758.1076453199366,408.10764531993664
2021-11-26,1758.1076453199366,1350.0,3000,0,0,0.0,0.0,0.0,0.0,0.0,0.0,0.0,35268.107645319935,34860.0,408.1076453199348,1758.1076453199366,408.10764531993664
2021-11-29,1758.1076453199366,1350.0,3000,0,0,0.0,0.0,0.0,0.0,0.0,0.0,0.0,34698.107645319935,34290.0,408.1076453199348,1758.1076453199366,408.10764531993664
2021-11-30,1758.1076453199366,1350.0,3000,0,0,0.0,0.0,0.0,0.0,0.0,0.0,0.0,35268.107645319935,34860.0,408.1076453199348,1758.1076453199366,408.10764531993664
2021-12-01,12989.249079039937,1350.0,2000,0,0,0.0,16.472566280000002,0.0,0.0,0.0,0.0,0.0,35509.24907903994,35130.0,379.2490790399388,12989.249079039937,11639.249079039937
2021-12-02,1761.6936324199341,1350.0,3000,0,0,0.0,5.22444662,0.0,0.0,0.0,0.0,0.0,35361.693632419934,34950.0,411.69363241993415,1761.6936324199341,411.69363241993415
2021-12-03,1761.6936324199341,1350.0,3000,0,0,0.0,0.0,0.0,0.0,0.0,0.0,0.0,35511.693632419934,35100.0,411.69363241993415,1761.6936324199341,411.69363241993415
2021-12-06,1761.6936324199341,1350.0,3000,0,0,0.0,0.0,0.0,0.0,0.0,0.0,0.0,35601.693632419934,35190.0,411.69363241993415,1761.6936324199341,411.69363241993415
2021-12-07,1761.6936324199341,1350.0,3000,0,0,0.0,0.0,0.0,0.0,0.0,0.0,0.0,35811.693632419934,35400.0,411.69363241993415,1761.6936324199341,411.69363241993415
2021-12-08,1761.6936324199341,1350.0,3000,0,0,0.0,0.0,0.0,0.0,0.0,0.0,0.0,36441.693632419934,36030.0,411.69363241993415,1761.6936324199341,411.69363241993415
2021-12-09,1761.6936324199341,1350.0,3000,0,0,0.0,0.0,0.0,0.0,0.0,0.0,0.0,37071.693632419934,36660.0,411.69363241993415,1761.6936324199341,411.69363241993415
2021-12-10,1761.6936324199341,1350.0,3000,0,0,0.0,0.0,0.0,0.0,0.0,0.0,0.0,37431.693632419934,37020.0,411.69363241993415,1761.6936324199341,411.69363241993415
2021-12-13,1761.6936324199341,1350.0,3000,0,0,0.0,0.0,0.0,0.0,0.0,0.0,0.0,37701.693632419934,37290.0,411.69363241993415,1761.6936324199341,411.69363241993415
2021-12-14,1761.6936324199341,1350.0,3000,0,0,0.0,0.0,0.0,0.0,0.0,0.0,0.0,37671.693632419934,37260.0,411.69363241993415,1761.6936324199341,411.69363241993415
2021-12-15,1761.6936324199341,1350.0,3000,0,0,0.0,0.0,0.0,0.0,0.0,0.0,0.0,37371.693632419934,36960.0,411.69363241993415,1761.6936324199341,411.69363241993415
2021-12-16,1761.6936324199341,1350.0,3000,0,0,0.0,0.0,0.0,0.0,0.0,0.0,0.0,37911.693632419934,37500.0,411.69363241993415,1761.6936324199341,411.69363241993415
2021-12-17,1761.6936324199341,1350.0,3000,0,0,0.0,0.0,0.0,0.0,0.0,0.0,0.0,38181.693632419934,37770.0,411.69363241993415,1761.6936324199341,411.69363241993415
2021-12-20,1761.6936324199341,1350.0,3000,0,0,0.0,0.0,0.0,0.0,0.0,0.0,0.0,38061.693632419934,37650.0,411.69363241993415,1761.6936324199341,411.69363241993415
2021-12-21,1761.6936324199341,1350.0,3000,0,0,0.0,0.0,0.0,0.0,0.0,0.0,0.0,38211.693632419934,37800.0,411.69363241993415,1761.6936324199341,411.69363241993415
2021-12-22,1761.6936324199341,1350.0,3000,0,0,0.0,0.0,0.0,0.0,0.0,0.0,0.0,37491.693632419934,37080.0,411.69363241993415,1761.6936324199341,411.69363241993415
2021-12-23,1761.6936324199341,1350.0,3000,0,0,0.0,0.0,0.0,0.0,0.0,0.0,0.0,37851.693632419934,37440.0,411.69363241993415,1761.6936324199341,411.69363241993415
2021-12-24,13711.309473979934,1350.0,2000,0,0,0.0,17.206158440000003,0.0,0.0,0.0,0.0,0.0,37671.309473979934,37290.0,381.3094739799344,13711.309473979934,12361.309473979934
2021-12-27,1602.7684079999344,1350.0,3000,0,0,0.0,5.2420659800000005,0.0,0.0,0.0,0.0,0.0,37842.76840799993,37590.0,252.7684079999308,1602.7684079999344,252.76840799993442
2021-12-28,1602.7684079999344,1350.0,3000,0,0,0.0,0.0,0.0,0.0,0.0,0.0,0.0,37752.76840799993,37500.0,252.7684079999308,1602.7684079999344,252.76840799993442
2021-12-29,1602.7684079999344,1350.0,3000,0,0,0.0,0.0,0.0,0.0,0.0,0.0,0.0,37302.76840799993,37050.0,252.7684079999308,1602.7684079999344,252.76840799993442
2021-12-30,1602.7684079999344,1350.0,3000,0,0,0.0,0.0,0.0,0.0,0.0,0.0,0.0,37302.76840799993,37050.0,252.7684079999308,1602.7684079999344,252.76840799993442
2021-12-31,1602.7684079999344,1350.0,3000,0,0,0.0,0.0,0.0,0.0,0.0,0.0,0.0,37362.76840799993,37110.0,252.7684079999308,1602.7684079999344,252.76840799993442
2022-01-04,1602.7684079999344,1350.0,3000,0,0,0.0,0.0,0.0,0.0,0.0,0.0,0.0,37722.76840799993,37470.0,252.7684079999308,1602.7684079999344,252.76840799993442
2022-01-05,1602.7684079999344,1350.0,3000,0,0,0.0,0.0,0.0,0.0,0.0,0.0,0.0,37932.76840799993,37680.0,252.7684079999308,1602.7684079999344,252.76840799993442
2022-01-06,1602.7684079999344,1350.0,3000,0,0,0.0,0.0,0.0,0.0,0.0,0.0,0.0,37272.76840799993,37020.0,252.7684079999308,1602.7684079999344,252.76840799993442
2022-01-07,1602.7684079999344,1350.0,3000,0,0,0.0,0.0,0.0,0.0,0.0,0.0,0.0,37092.76840799993,36840.0,252.7684079999308,1602.7684079999344,252.76840799993442
2022-01-10,1602.7684079999344,1350.0,3000,0,0,0.0,0.0,0.0,0.0,0.0,0.0,0.0,37482.76840799993,37230.0,252.7684079999308,1602.7684079999344,252.76840799993442
2022-01-11,1602.7684079999344,1350.0,3000,0,0,0.0,0.0,0.0,0.0,0.0,0.0,0.0,37152.76840799993,36900.0,252.7684079999308,1602.7684079999344,252.76840799993442
2022-01-12,1602.7684079999344,1350.0,3000,0,0,0.0,0.0,0.0,0.0,0.0,0.0,0.0,37062.76840799993,36810.0,252.7684079999308,1602.7684079999344,252.76840799993442
2022-01-13,1602.7684079999344,1350.0,3000,0,0,0.0,0.0,0.0,0.0,0.0,0.0,0.0,36252.76840799993,36000.0,252.7684079999308,1602.7684079999344,252.76840799993442
2022-01-14,1602.7684079999344,1350.0,3000,0,0,0.0,0.0,0.0,0.0,0.0,0.0,0.0,35622.76840799993,35370.0,252.7684079999308,1602.7684079999344,252.76840799993442
2022-01-17,1602.7684079999344,1350.0,3000,0,0,0.0,0.0,0.0,0.0,0.0,0.0,0.0,35862.76840799993,35610.0,252.7684079999308,1602.7684079999344,252.76840799993442
2022-01-18,1602.7684079999344,1350.0,3000,0,0,0.0,0.0,0.0,0.0,0.0,0.0,0.0,36762.76840799993,36510.0,252.7684079999308,1602.7684079999344,252.76840799993442
2022-01-19,1602.7684079999344,1350.0,3000,0,0,0.0,0.0,0.0,0.0,0.0,0.0,0.0,36522.76840799993,36270.0,252.7684079999308,1602.7684079999344,252.76840799993442
2022-01-20,1602.7684079999344,1350.0,3000,0,0,0.0,0.0,0.0,0.0,0.0,0.0,0.0,36912.76840799993,36660.0,252.7684079999308,1602.7684079999344,252.76840799993442
2022-01-21,1602.7684079999344,1350.0,3000,0,0,0.0,0.0,0.0,0.0,0.0,0.0,0.0,36432.76840799993,36180.0,252.7684079999308,1602.7684079999344,252.76840799993442
2022-01-24,1602.7684079999344,1350.0,3000,0,0,0.0,0.0,0.0,0.0,0.0,0.0,0.0,36072.76840799993,35820.0,252.7684079999308,1602.7684079999344,252.76840799993442
2022-01-25,1602.7684079999344,1350.0,3000,0,0,0.0,0.0,0.0,0.0,0.0,0.0,0.0,35532.76840799993,35280.0,252.7684079999308,1602.7684079999344,252.76840799993442
2022-01-26,1602.7684079999344,1350.0,3000,0,0,0.0,0.0,0.0,0.0,0.0,0.0,0.0,35352.76840799993,35100.0,252.7684079999308,1602.7684079999344,252.76840799993442
2022-01-27,1602.7684079999344,1350.0,3000,0,0,0.0,0.0,0.0,0.0,0.0,0.0,0.0,34992.76840799993,34740.0,252.7684079999308,1602.7684079999344,252.76840799993442
2022-01-28,1602.7684079999344,1350.0,3000,0,0,0.0,0.0,0.0,0.0,0.0,0.0,0.0,34932.76840799993,34680.0,252.7684079999308,1602.7684079999344,252.76840799993442
2022-02-07,1602.7684079999344,1350.0,3000,0,0,0.0,0.0,0.0,0.0,0.0,0.0,0.0,35082.76840799993,34830.0,252.7684079999308,1602.7684079999344,252.76840799993442
2022-02-08,1602.7684079999344,1350.0,3000,0,0,0.0,0.0,0.0,0.0,0.0,0.0,0.0,35472.76840799993,35220.0,252.7684079999308,1602.7684079999344,252.76840799993442
2022-02-09,12923.719142699934,1350.0,2000,0,0,0.0,16.564265300000002,0.0,0.0,0.0,0.0,0.0,35623.719142699934,35400.0,223.7191426999343,12923.719142699934,11573.719142699934
2022-02-10,1515.962092119933,1350.0,3000,0,0,0.0,5.22805058,0.0,0.0,0.0,0.0,0.0,35745.96209211993,35580.0,165.96209211993119,1515.962092119933,165.962092119933
2022-02-11,1515.962092119933,1350.0,3000,0,0,0.0,0.0,0.0,0.0,0.0,0.0,0.0,35505.96209211993,35340.0,165.96209211993119,1515.962092119933,165.962092119933
2022-02-14,1515.962092119933,1350.0,3000,0,0,0.0,0.0,0.0,0.0,0.0,0.0,0.0,35295.96209211993,35130.0,165.96209211993119,1515.962092119933,165.962092119933
2022-02-15,1515.962092119933,1350.0,3000,0,0,0.0,0.0,0.0,0.0,0.0,0.0,0.0,35235.96209211993,35070.0,165.96209211993119,1515.962092119933,165.962092119933
2022-02-16,1515.962092119933,1350.0,3000,0,0,0.0,0.0,0.0,0.0,0.0,0.0,0.0,35325.96209211993,35160.0,165.96209211993119,1515.962092119933,165.962092119933
2022-02-17,1515.962092119933,1350.0,3000,0,0,0.0,0.0,0.0,0.0,0.0,0.0,0.0,35265.96209211993,35100.0,165.96209211993119,1515.962092119933,165.962092119933
2022-02-18,1515.962092119933,1350.0,3000,0,0,0.0,0.0,0.0,0.0,0.0,0.0,0.0,35385.96209211993,35220.0,165.96209211993119,1515.962092119933,165.962092119933
2022-02-21,12886.806882919935,1350.0,2000,0,0,0.0,16.615209200000002,0.0,0.0,0.0,0.0,0.0,35686.80688291993,35550.0,136.80688291993283,12886.806882919935,11536.806882919935
2022-02-22,12880.349280799934,1350.0,2000,0,0,0.0,21.707602120000004,0.0,0.0,0.0,0.0,0.0,35420.349280799936,35160.0,260.3492807999355,12880.349280799934,11530.349280799934
2022-02-23,1542.6706317599328,1350.0,3000,0,0,0.0,5.22664904,0.0,0.0,0.0,0.0,0.0,35562.67063175993,35370.0,192.67063175993098,1542.6706317599328,192.6706317599328
2022-02-24,12713.939198159933,1350.0,2000,0,0,0.0,16.411433600000002,0.0,0.0,0.0,0.0,0.0,35113.93919815993,34950.0,163.93919815993286,12713.939198159933,11363.939198159933
2022-02-25,1456.3501508799309,1350.0,3000,0,0,0.0,5.22504728,0.0,0.0,0.0,0.0,0.0,35056.35015087993,34950.0,106.35015087993088,1456.3501508799309,106.35015087993088
2022-02-28,1456.3501508799309,1350.0,3000,0,0,0.0,0.0,0.0,0.0,0.0,0.0,0.0,34966.35015087993,34860.0,106.35015087993088,1456.3501508799309,106.35015087993088
2022-03-01,1456.3501508799309,1350.0,3000,0,0,0.0,0.0,0.0,0.0,0.0,0.0,0.0,34966.35015087993,34860.0,106.35015087993088,1456.3501508799309,106.35015087993088
2022-03-02,1456.3501508799309,1350.0,3000,0,0,0.0,0.0,0.0,0.0,0.0,0.0,0.0,35086.35015087993,34980.0,106.35015087993088,1456.3501508799309,106.35015087993088
2022-03-03,1456.3501508799309,1350.0,3000,0,0,0.0,0.0,0.0,0.0,0.0,0.0,0.0,35056.35015087993,34950.0,106.35015087993088,1456.3501508799309,106.35015087993088
2022-03-04,1456.3501508799309,1350.0,3000,0,0,0.0,0.0,0.0,0.0,0.0,0.0,0.0,34876.35015087993,34770.0,106.35015087993088,1456.3501508799309,106.35015087993088
2022-03-07,1456.3501508799309,1350.0,3000,0,0,0.0,0.0,0.0,0.0,0.0,0.0,0.0,33916.35015087993,33810.0,106.35015087993088,1456.3501508799309,106.35015087993088
2022-03-08,1456.3501508799309,1350.0,3000,0,0,0.0,0.0,0.0,0.0,0.0,0.0,0.0,33256.35015087993,33150.0,106.35015087993088,1456.3501508799309,106.35015087993088
2022-03-09,1456.3501508799309,1350.0,3000,0,0,0.0,0.0,0.0,0.0,0.0,0.0,0.0,32656.35015087993,32550.0,106.35015087993088,1456.3501508799309,106.35015087993088
2022-03-10,1456.3501508799309,1350.0,3000,0,0,0.0,0.0,0.0,0.0,0.0,0.0,0.0,32506.35015087993,32400.0,106.35015087993088,1456.3501508799309,106.35015087993088
2022-03-11,1456.3501508799309,1350.0,3000,0,0,0.0,0.0,0.0,0.0,0.0,0.0,0.0,32296.350150879927,32189.999999999996,106.35015087993088,1456.3501508799309,106.35015087993088
2022-03-14,1456.3501508799309,1350.0,3000,0,0,0.0,0.0,0.0,0.0,0.0,0.0,0.0,31996.35015087993,31890.0,106.35015087993088,1456.3501508799309,106.35015087993088
2022-03-15,1456.3501508799309,1350.0,3000,0,0,0.0,0.0,0.0,0.0,0.0,0.0,0.0,30706.35015087993,30600.0,106.35015087993088,1456.3501508799309,106.35015087993088
2022-03-16,1456.3501508799309,1350.0,3000,0,0,0.0,0.0,0.0,0.0,0.0,0.0,0.0,31126.35015087993,31020.0,106.35015087993088,1456.3501508799309,106.35015087993088
2022-03-17,11539.928294299933,1350.0,2000,0,0,0.0,15.300856580000001,0.0,0.0,0.0,0.0,0.0,31759.928294299934,31680.0,79.92829429993435,11539.928294299933,10189.928294299933
2022-03-18,1393.5824714399314,1350.0,3000,0,0,0.0,5.20282286,0.0,0.0,0.0,0.0,0.0,31993.582471439928,31949.999999999996,43.582471439931396,1393.5824714399314,43.582471439931396
2022-03-21,1393.5824714399314,1350.0,3000,0,0,0.0,0.0,0.0,0.0,0.0,0.0,0.0,31693.58247143993,31650.0,43.582471439931396,1393.5824714399314,43.582471439931396
2022-03-22,1393.5824714399314,1350.0,3000,0,0,0.0,0.0,0.0,0.0,0.0,0.0,0.0,31963.58247143993,31920.0,43.582471439931396,1393.5824714399314,43.582471439931396
2022-03-23,1393.5824714399314,1350.0,3000,0,0,0.0,0.0,0.0,0.0,0.0,0.0,0.0,32563.58247143993,32520.0,43.582471439931396,1393.5824714399314,43.582471439931396
2022-03-24,1393.5824714399314,1350.0,3000,0,0,0.0,0.0,0.0,0.0,0.0,0.0,0.0,32563.58247143993,32520.0,43.582471439931396,1393.5824714399314,43.582471439931396
2022-03-25,1393.5824714399314,1350.0,3000,0,0,0.0,0.0,0.0,0.0,0.0,0.0,0.0,32053.582471439935,32010.000000000004,43.582471439931396,1393.5824714399314,43.582471439931396
2022-03-28,1393.5824714399314,1350.0,3000,0,0,0.0,0.0,0.0,0.0,0.0,0.0,0.0,32113.58247143993,32070.0,43.582471439931396,1393.5824714399314,43.582471439931396
2022-03-29,11447.224181199932,1350.0,2000,0,0,0.0,15.270290240000001,0.0,0.0,0.0,0.0,0.0,31607.224181199934,31590.0,17.22418119993381,11447.224181199932,10097.224181199932
2022-03-30,1350.9343594399306,1350.0,3000,0,0,0.0,5.20182176,0.0,0.0,0.0,0.0,0.0,31950.934359439925,31949.999999999996,0.9343594399288122,1350.9343594399306,0.9343594399306312
2022-03-31,1350.9343594399306,1350.0,3000,0,0,0.0,0.0,0.0,0.0,0.0,0.0,0.0,31800.934359439932,31800.0,0.9343594399324502,1350.9343594399306,0.9343594399306312
2022-04-01,1350.9343594399306,1350.0,3000,0,0,0.0,0.0,0.0,0.0,0.0,0.0,0.0,31890.934359439932,31890.0,0.9343594399324502,1350.9343594399306,0.9343594399306312
2022-04-06,1350.9343594399306,1350.0,3000,0,0,0.0,0.0,0.0,0.0,0.0,0.0,0.0,31950.934359439925,31949.999999999996,0.9343594399288122,1350.9343594399306,0.9343594399306312
2022-04-07,1350.9343594399306,1350.0,3000,0,0,0.0,0.0,0.0,0.0,0.0,0.0,0.0,31530.934359439932,31530.0,0.9343594399324502,1350.9343594399306,0.9343594399306312
2022-04-08,1350.9343594399306,1350.0,3000,0,0,0.0,0.0,0.0,0.0,0.0,0.0,0.0,31800.934359439932,31800.0,0.9343594399324502,1350.9343594399306,0.9343594399306312
2022-04-11,11254.89390089993,1350.0,2000,0,0,0.0,15.11745854,0.0,0.0,0.0,0.0,0.0,31114.89390089993,31140.0,-25.106099100070423,11254.89390089993,9904.89390089993
2022-04-12,1398.8728844199286,1350.0,3000,0,0,0.0,5.19701648,0.0,0.0,0.0,0.0,0.0,31518.872884419925,31469.999999999996,48.872884419928596,1398.8728844199286,48.872884419928596
2022-04-13,1398.8728844199286,1350.0,3000,0,0,0.0,0.0,0.0,0.0,0.0,0.0,0.0,31398.87288441993,31350.0,48.872884419928596,1398.8728844199286,48.872884419928596
2022-04-14,1398.8728844199286,1350.0,3000,0,0,0.0,0.0,0.0,0.0,0.0,0.0,0.0,31698.87288441993,31650.0,48.872884419928596,1398.8728844199286,48.872884419928596
2022-04-15,1398.8728844199286,1350.0,3000,0,0,0.0,0.0,0.0,0.0,0.0,0.0,0.0,31518.872884419925,31469.999999999996,48.872884419928596,1398.8728844199286,48.872884419928596
2022-04-18,1398.8728844199286,1350.0,3000,0,0,0.0,0.0,0.0,0.0,0.0,0.0,0.0,31338.87288441993,31290.0,48.872884419928596,1398.8728844199286,48.872884419928596
2022-04-19,1398.8728844199286,1350.0,3000,0,0,0.0,0.0,0.0,0.0,0.0,0.0,0.0,31068.87288441993,31020.0,48.872884419928596,1398.8728844199286,48.872884419928596
2022-04-20,1398.8728844199286,1350.0,3000,0,0,0.0,0.0,0.0,0.0,0.0,0.0,0.0,30948.87288441993,30900.0,48.872884419928596,1398.8728844199286,48.872884419928596
2022-04-21,1398.8728844199286,1350.0,3000,0,0,0.0,0.0,0.0,0.0,0.0,0.0,0.0,30738.872884419925,30689.999999999996,48.872884419928596,1398.8728844199286,48.872884419928596
2022-04-22,1398.8728844199286,1350.0,3000,0,0,0.0,0.0,0.0,0.0,0.0,0.0,0.0,30558.872884419932,30510.000000000004,48.872884419928596,1398.8728844199286,48.872884419928596
2022-04-25,1398.8728844199286,1350.0,3000,0,0,0.0,0.0,0.0,0.0,0.0,0.0,0.0,28728.87288441993,28680.0,48.872884419928596,1398.8728844199286,48.872884419928596
2022-04-26,1398.8728844199286,1350.0,3000,0,0,0.0,0.0,0.0,0.0,0.0,0.0,0.0,28968.87288441993,28920.0,48.872884419928596,1398.8728844199286,48.872884419928596
2022-04-27,1398.8728844199286,1350.0,3000,0,0,0.0,0.0,0.0,0.0,0.0,0.0,0.0,29508.872884419925,29459.999999999996,48.872884419928596,1398.8728844199286,48.872884419928596
2022-04-28,10793.91305365993,1350.0,2000,0,0,0.0,14.59783076,0.0,0.0,0.0,0.0,0.0,29633.91305365993,29610.0,23.913053659929574,10793.91305365993,9443.91305365993
2022-04-29,10863.39122686993,1350.0,2000,0,0,0.0,19.69882679,0.0,0.0,0.0,0.0,0.0,29903.391226869928,29910.0,-6.608773130072223,10863.39122686993,9513.39122686993
2022-05-05,1247.7351212699286,1350.0,3000,0,0,0.0,5.0961056000000005,0.0,0.0,0.0,0.0,0.0,30047.73512126993,30150.0,-102.26487873007136,1247.7351212699286,-102.26487873007136
2022-05-06,1247.7351212699286,1350.0,3000,0,0,0.0,0.0,0.0,0.0,0.0,0.0,0.0,28817.73512126993,28920.0,-102.26487873007136,1247.7351212699286,-102.26487873007136
2022-05-09,1247.7351212699286,1350.0,3000,0,0,0.0,0.0,0.0,0.0,0.0,0.0,0.0,28877.735121269932,28980.000000000004,-102.26487873007136,1247.7351212699286,-102.26487873007136
2022-05-10,1247.7351212699286,1350.0,3000,0,0,0.0,0.0,0.0,0.0,0.0,0.0,0.0,29267.73512126993,29370.0,-102.26487873007136,1247.7351212699286,-102.26487873007136
2022-05-11,1247.7351212699286,1350.0,3000,0,0,0.0,0.0,0.0,0.0,0.0,0.0,0.0,29417.73512126993,29520.0,-102.26487873007136,1247.7351212699286,-102.26487873007136
2022-05-12,1247.7351212699286,1350.0,3000,0,0,0.0,0.0,0.0,0.0,0.0,0.0,0.0,29387.735121269932,29490.000000000004,-102.26487873007136,1247.7351212699286,-102.26487873007136
2022-05-13,1247.7351212699286,1350.0,3000,0,0,0.0,0.0,0.0,0.0,0.0,0.0,0.0,29387.735121269932,29490.000000000004,-102.26487873007136,1247.7351212699286,-102.26487873007136
2022-05-16,1247.7351212699286,1350.0,3000,0,0,0.0,0.0,0.0,0.0,0.0,0.0,0.0,29147.735121269932,29250.000000000004,-102.26487873007136,1247.7351212699286,-102.26487873007136
2022-05-17,1247.7351212699286,1350.0,3000,0,0,0.0,0.0,0.0,0.0,0.0,0.0,0.0,29417.73512126993,29520.0,-102.26487873007136,1247.7351212699286,-102.26487873007136
2022-05-18,10642.86938688993,1350.0,2000,0,0,0.0,14.503734380000001,0.0,0.0,0.0,0.0,0.0,29482.869386889928,29610.0,-127.13061311007186,10642.86938688993,9292.86938688993
2022-05-19,1297.512984259929,1350.0,3000,0,0,0.0,5.09340263,0.0,0.0,0.0,0.0,0.0,29347.512984259927,29400.0,-52.48701574007282,1297.512984259929,-52.487015740071
2022-05-20,1297.512984259929,1350.0,3000,0,0,0.0,0.0,0.0,0.0,0.0,0.0,0.0,29677.512984259934,29730.000000000004,-52.48701574006918,1297.512984259929,-52.487015740071
2022-05-23,1297.512984259929,1350.0,3000,0,0,0.0,0.0,0.0,0.0,0.0,0.0,0.0,29587.512984259927,29640.0,-52.48701574007282,1297.512984259929,-52.487015740071
2022-05-24,1297.512984259929,1350.0,3000,0,0,0.0,0.0,0.0,0.0,0.0,0.0,0.0,28597.512984259927,28650.0,-52.48701574007282,1297.512984259929,-52.487015740071
2022-05-25,1297.512984259929,1350.0,3000,0,0,0.0,0.0,0.0,0.0,0.0,0.0,0.0,28717.512984259927,28770.0,-52.48701574007282,1297.512984259929,-52.487015740071
2022-05-26,1297.512984259929,1350.0,3000,0,0,0.0,0.0,0.0,0.0,0.0,0.0,0.0,28957.512984259934,29010.000000000004,-52.48701574006918,1297.512984259929,-52.487015740071
2022-05-27,1297.512984259929,1350.0,3000,0,0,0.0,0.0,0.0,0.0,0.0,0.0,0.0,29017.512984259927,29070.0,-52.48701574007282,1297.512984259929,-52.487015740071
2022-05-30,1297.512984259929,1350.0,3000,0,0,0.0,0.0,0.0,0.0,0.0,0.0,0.0,28807.512984259927,28860.0,-52.48701574007282,1297.512984259929,-52.487015740071
2022-05-31,1297.512984259929,1350.0,3000,0,0,0.0,0.0,0.0,0.0,0.0,0.0,0.0,29527.512984259927,29580.0,-52.48701574007282,1297.512984259929,-52.487015740071
2022-06-01,10642.752694329929,1350.0,2000,0,0,0.0,14.45328993,0.0,0.0,0.0,0.0,0.0,29382.75269432993,29459.999999999996,-77.24730567006554,10642.752694329929,9292.752694329929
2022-06-02,1317.418491919927,1350.0,3000,0,0,0.0,5.09320241,0.0,0.0,0.0,0.0,0.0,29517.418491919925,29550.0,-32.581508080074855,1317.418491919927,-32.581508080073036
2022-06-06,10722.531668649928,1350.0,2000,0,0,0.0,14.513823270000001,0.0,0.0,0.0,0.0,0.0,29582.531668649928,29640.0,-57.46833135007182,10722.531668649928,9372.531668649928
2022-06-07,10692.188541759928,1350.0,2000,0,0,0.0,19.60812689,0.0,0.0,0.0,0.0,0.0,29552.188541759926,29640.0,-87.81145824007399,10692.188541759928,9342.188541759928
2022-06-08,1196.6656374799259,1350.0,3000,0,0,0.0,5.09490428,0.0,0.0,0.0,0.0,0.0,29456.665637479928,29610.0,-153.33436252007232,1196.6656374799259,-153.33436252007414
2022-06-09,1196.6656374799259,1350.0,3000,0,0,0.0,0.0,0.0,0.0,0.0,0.0,0.0,29186.665637479928,29340.0,-153.33436252007232,1196.6656374799259,-153.33436252007414
2022-06-10,1196.6656374799259,1350.0,3000,0,0,0.0,0.0,0.0,0.0,0.0,0.0,0.0,29996.665637479928,30150.0,-153.33436252007232,1196.6656374799259,-153.33436252007414
2022-06-13,1196.6656374799259,1350.0,3000,0,0,0.0,0.0,0.0,0.0,0.0,0.0,0.0,29366.665637479928,29520.0,-153.33436252007232,1196.6656374799259,-153.33436252007414
2022-06-14,1196.6656374799259,1350.0,3000,0,0,0.0,0.0,0.0,0.0,0.0,0.0,0.0,29336.665637479928,29490.000000000004,-153.33436252007596,1196.6656374799259,-153.33436252007414
2022-06-15,10811.335947519927,1350.0,2000,0,0,0.0,14.72568996,0.0,0.0,0.0,0.0,0.0,30091.335947519925,30270.0,-178.66405248007504,10811.335947519927,9461.335947519927
2022-06-16,1145.6243413699249,1350.0,3000,0,0,0.0,5.09660615,0.0,0.0,0.0,0.0,0.0,29885.624341369927,30090.0,-204.3756586300733,1145.6243413699249,-204.37565863007512
2022-06-17,1145.6243413699249,1350.0,3000,0,0,0.0,0.0,0.0,0.0,0.0,0.0,0.0,30215.624341369927,30420.0,-204.3756586300733,1145.6243413699249,-204.37565863007512
2022-06-20,1145.6243413699249,1350.0,3000,0,0,0.0,0.0,0.0,0.0,0.0,0.0,0.0,30215.624341369927,30420.0,-204.3756586300733,1145.6243413699249,-204.37565863007512
2022-06-21,1145.6243413699249,1350.0,3000,0,0,0.0,0.0,0.0,0.0,0.0,0.0,0.0,30305.624341369927,30510.000000000004,-204.37565863007694,1145.6243413699249,-204.37565863007512
2022-06-22,1145.6243413699249,1350.0,3000,0,0,0.0,0.0,0.0,0.0,0.0,0.0,0.0,29795.624341369927,30000.000000000004,-204.37565863007694,1145.6243413699249,-204.37565863007512
2022-06-23,1145.6243413699249,1350.0,3000,0,0,0.0,0.0,0.0,0.0,0.0,0.0,0.0,30155.624341369927,30360.0,-204.3756586300733,1145.6243413699249,-204.37565863007512
2022-06-24,10870.062673619925,1350.0,2000,0,0,0.0,14.83666775,0.0,0.0,0.0,0.0,0.0,30370.062673619926,30600.0,-229.9373263800735,10870.062673619925,9520.062673619925
2022-06-27,1064.1956659299249,1350.0,3000,0,0,0.0,5.09800769,0.0,0.0,0.0,0.0,0.0,30374.195665929925,30660.0,-285.80433407007513,1064.1956659299249,-285.80433407007513
2022-06-28,1064.1956659299249,1350.0,3000,0,0,0.0,0.0,0.0,0.0,0.0,0.0,0.0,30764.195665929925,31050.0,-285.80433407007513,1064.1956659299249,-285.80433407007513
2022-06-29,10878.444198169924,1350.0,2000,0,0,0.0,14.92746776,0.0,0.0,0.0,0.0,0.0,30558.444198169924,30870.0,-311.55580183007623,10878.444198169924,9528.444198169924
2022-06-30,992.4883895999228,1350.0,3000,0,0,0.0,5.09880857,0.0,0.0,0.0,0.0,0.0,30512.488389599923,30870.0,-357.5116104000772,992.4883895999228,-357.5116104000772
2022-07-01,992.4883895999228,1350.0,3000,0,0,0.0,0.0,0.0,0.0,0.0,0.0,0.0,30332.48838959992,30689.999999999996,-357.5116104000772,992.4883895999228,-357.5116104000772
2022-07-04,992.4883895999228,1350.0,3000,0,0,0.0,0.0,0.0,0.0,0.0,0.0,0.0,30272.488389599923,30630.0,-357.5116104000772,992.4883895999228,-357.5116104000772
2022-07-05,992.4883895999228,1350.0,3000,0,0,0.0,0.0,0.0,0.0,0.0,0.0,0.0,30062.488389599923,30420.0,-357.5116104000772,992.4883895999228,-357.5116104000772
2022-07-06,992.4883895999228,1350.0,3000,0,0,0.0,0.0,0.0,0.0,0.0,0.0,0.0,29822.488389599923,30180.0,-357.5116104000772,992.4883895999228,-357.5116104000772
2022-07-07,992.4883895999228,1350.0,3000,0,0,0.0,0.0,0.0,0.0,0.0,0.0,0.0,29762.488389599923,30120.0,-357.5116104000772,992.4883895999228,-357.5116104000772
2022-07-08,992.4883895999228,1350.0,3000,0,0,0.0,0.0,0.0,0.0,0.0,0.0,0.0,30212.488389599923,30570.0,-357.5116104000772,992.4883895999228,-357.5116104000772
2022-07-11,992.4883895999228,1350.0,3000,0,0,0.0,0.0,0.0,0.0,0.0,0.0,0.0,29912.488389599923,30270.0,-357.5116104000772,992.4883895999228,-357.5116104000772
2022-07-12,992.4883895999228,1350.0,3000,0,0,0.0,0.0,0.0,0.0,0.0,0.0,0.0,29882.488389599926,30240.000000000004,-357.5116104000772,992.4883895999228,-357.5116104000772
2022-07-13,992.4883895999228,1350.0,3000,0,0,0.0,0.0,0.0,0.0,0.0,0.0,0.0,29912.488389599923,30270.0,-357.5116104000772,992.4883895999228,-357.5116104000772
2022-07-14,992.4883895999228,1350.0,3000,0,0,0.0,0.0,0.0,0.0,0.0,0.0,0.0,29642.488389599926,30000.000000000004,-357.5116104000772,992.4883895999228,-357.5116104000772
2022-07-15,992.4883895999228,1350.0,3000,0,0,0.0,0.0,0.0,0.0,0.0,0.0,0.0,29042.488389599923,29400.0,-357.5116104000772,992.4883895999228,-357.5116104000772
2022-07-18,992.4883895999228,1350.0,3000,0,0,0.0,0.0,0.0,0.0,0.0,0.0,0.0,30002.488389599923,30360.0,-357.5116104000772,992.4883895999228,-357.5116104000772
2022-07-19,10766.821277399922,1350.0,2000,0,0,0.0,14.8871122,0.0,0.0,0.0,0.0,0.0,30366.821277399922,30750.000000000004,-383.1787226000815,10766.821277399922,9416.821277399922
2022-07-20,670.6323665199197,1350.0,3000,0,0,0.0,5.10091088,0.0,0.0,0.0,0.0,0.0,30490.63236651992,31170.0,-679.3676334800803,670.6323665199197,-679.3676334800803
2022-07-21,670.6323665199197,1350.0,3000,0,0,0.0,0.0,0.0,0.0,0.0,0.0,0.0,30880.63236651992,31560.0,-679.3676334800803,670.6323665199197,-679.3676334800803
2022-07-22,670.6323665199197,1350.0,3000,0,0,0.0,0.0,0.0,0.0,0.0,0.0,0.0,30670.63236651992,31350.0,-679.3676334800803,670.6323665199197,-679.3676334800803
2022-07-25,670.6323665199197,1350.0,3000,0,0,0.0,0.0,0.0,0.0,0.0,0.0,0.0,30520.632366519916,31199.999999999996,-679.3676334800803,670.6323665199197,-679.3676334800803
2022-07-26,670.6323665199197,1350.0,3000,0,0,0.0,0.0,0.0,0.0,0.0,0.0,0.0,30670.63236651992,31350.0,-679.3676334800803,670.6323665199197,-679.3676334800803
2022-07-27,670.6323665199197,1350.0,3000,0,0,0.0,0.0,0.0,0.0,0.0,0.0,0.0,30490.63236651992,31170.0,-679.3676334800803,670.6323665199197,-679.3676334800803
2022-07-28,670.6323665199197,1350.0,3000,0,0,0.0,0.0,0.0,0.0,0.0,0.0,0.0,31000.63236651992,31680.0,-679.3676334800803,670.6323665199197,-679.3676334800803
2022-07-29,670.6323665199197,1350.0,3000,0,0,0.0,0.0,0.0,0.0,0.0,0.0,0.0,30820.632366519923,31500.000000000004,-679.3676334800803,670.6323665199197,-679.3676334800803
2022-08-01,670.6323665199197,1350.0,3000,0,0,0.0,0.0,0.0,0.0,0.0,0.0,0.0,30850.63236651992,31530.0,-679.3676334800803,670.6323665199197,-679.3676334800803
2022-08-02,670.6323665199197,1350.0,3000,0,0,0.0,0.0,0.0,0.0,0.0,0.0,0.0,30400.63236651992,31080.0,-679.3676334800803,670.6323665199197,-679.3676334800803
2022-08-03,670.6323665199197,1350.0,3000,0,0,0.0,0.0,0.0,0.0,0.0,0.0,0.0,29830.632366519923,30510.000000000004,-679.3676334800803,670.6323665199197,-679.3676334800803
2022-08-04,670.6323665199197,1350.0,3000,0,0,0.0,0.0,0.0,0.0,0.0,0.0,0.0,30340.63236651992,31020.0,-679.3676334800803,670.6323665199197,-679.3676334800803
2022-08-05,2170.6323665199197,2850.0,3000,0,0,200.0,0.0,0.0,1500.0,1500.0,0.0,0.0,30740.63236651992,31620.0,-879.3676334800803,2170.6323665199197,-679.3676334800803
2022-08-08,11715.344854339919,2850.0,2000,0,0,150.0,14.70551218,50.0,0.0,0.0,0.0,0.0,30805.34485433992,31709.999999999996,-904.6551456600755,11715.344854339919,8865.344854339919
2022-08-09,2159.7553493999185,2850.0,3000,0,0,150.0,5.09550494,0.0,0.0,0.0,0.0,0.0,31079.75534939992,31920.0,-840.2446506000815,2159.7553493999185,-690.2446506000815
2022-08-10,11654.573281669918,2850.0,2000,0,0,100.0,14.65506773,50.0,0.0,0.0,0.0,0.0,30694.573281669916,31560.0,-865.4267183300835,11654.573281669918,8804.573281669918
2022-08-11,1918.7839747499165,2850.0,3000,0,0,100.0,5.09730692,0.0,0.0,0.0,0.0,0.0,31248.783974749917,32280.0,-1031.2160252500835,1918.7839747499165,-931.2160252500835
2022-08-12,11463.391018119915,2850.0,2000,0,0,0.0,14.75595663,100.0,0.0,0.0,0.0,0.0,30803.391018119917,31860.0,-1056.6089818800829,11463.391018119915,8613.391018119915
2022-08-15,1927.8237133999137,2850.0,3000,0,0,0.0,5.09530472,0.0,0.0,0.0,0.0,0.0,30607.823713399914,31530.0,-922.1762866000863,1927.8237133999137,-922.1762866000863
2022-08-16,1927.8237133999137,2850.0,3000,0,0,0.0,0.0,0.0,0.0,0.0,0.0,0.0,30367.823713399914,31290.0,-922.1762866000863,1927.8237133999137,-922.1762866000863
2022-08-17,1927.8237133999137,2850.0,3000,0,0,0.0,0.0,0.0,0.0,0.0,0.0,0.0,30877.823713399914,31800.0,-922.1762866000863,1927.8237133999137,-922.1762866000863
2022-08-18,11512.557290109913,2850.0,2000,0,0,0.0,14.69542329,0.0,0.0,0.0,0.0,0.0,30732.557290109915,31680.0,-947.4427098900851,11512.557290109913,8662.557290109913
2022-08-19,1946.9566850599113,2850.0,3000,0,0,0.0,5.09560505,0.0,0.0,0.0,0.0,0.0,30506.95668505991,31410.0,-903.0433149400887,1946.9566850599113,-903.0433149400887
2022-08-22,1946.9566850599113,2850.0,3000,0,0,0.0,0.0,0.0,0.0,0.0,0.0,0.0,30506.95668505991,31410.0,-903.0433149400887,1946.9566850599113,-903.0433149400887
2022-08-23,1946.9566850599113,2850.0,3000,0,0,0.0,0.0,0.0,0.0,0.0,0.0,0.0,30266.95668505991,31170.0,-903.0433149400887,1946.9566850599113,-903.0433149400887
2022-08-24,1946.9566850599113,2850.0,3000,0,0,0.0,0.0,0.0,0.0,0.0,0.0,0.0,30056.956685059908,30959.999999999996,-903.0433149400887,1946.9566850599113,-903.0433149400887
2022-08-25,1946.9566850599113,2850.0,3000,0,0,0.0,0.0,0.0,0.0,0.0,0.0,0.0,29876.95668505991,30780.0,-903.0433149400887,1946.9566850599113,-903.0433149400887
2022-08-26,1946.9566850599113,2850.0,3000,0,0,0.0,0.0,0.0,0.0,0.0,0.0,0.0,30026.95668505991,30930.0,-903.0433149400887,1946.9566850599113,-903.0433149400887
2022-08-29,1946.9566850599113,2850.0,3000,0,0,0.0,0.0,0.0,0.0,0.0,0.0,0.0,29666.95668505991,30570.0,-903.0433149400887,1946.9566850599113,-903.0433149400887
2022-08-30,1946.9566850599113,2850.0,3000,0,0,0.0,0.0,0.0,0.0,0.0,0.0,0.0,29546.956685059908,30449.999999999996,-903.0433149400887,1946.9566850599113,-903.0433149400887
2022-08-31,1946.9566850599113,2850.0,3000,0,0,0.0,0.0,0.0,0.0,0.0,0.0,0.0,29816.956685059908,30719.999999999996,-903.0433149400887,1946.9566850599113,-903.0433149400887
2022-09-01,1946.9566850599113,2850.0,3000,0,0,0.0,0.0,0.0,0.0,0.0,0.0,0.0,29606.956685059915,30510.000000000004,-903.0433149400887,1946.9566850599113,-903.0433149400887
2022-09-02,1946.9566850599113,2850.0,3000,0,0,0.0,0.0,0.0,0.0,0.0,0.0,0.0,29876.95668505991,30780.0,-903.0433149400887,1946.9566850599113,-903.0433149400887
2022-09-05,1946.9566850599113,2850.0,3000,0,0,0.0,0.0,0.0,0.0,0.0,0.0,0.0,29936.95668505991,30840.0,-903.0433149400887,1946.9566850599113,-903.0433149400887
2022-09-06,1946.9566850599113,2850.0,3000,0,0,0.0,0.0,0.0,0.0,0.0,0.0,0.0,30266.95668505991,31170.0,-903.0433149400887,1946.9566850599113,-903.0433149400887
2022-09-07,1946.9566850599113,2850.0,3000,0,0,0.0,0.0,0.0,0.0,0.0,0.0,0.0,30116.95668505991,31020.0,-903.0433149400887,1946.9566850599113,-903.0433149400887
2022-09-08,1946.9566850599113,2850.0,3000,0,0,0.0,0.0,0.0,0.0,0.0,0.0,0.0,30266.95668505991,31170.0,-903.0433149400887,1946.9566850599113,-903.0433149400887
2022-09-09,1946.9566850599113,2850.0,3000,0,0,0.0,0.0,0.0,0.0,0.0,0.0,0.0,30356.956685059915,31260.000000000004,-903.0433149400887,1946.9566850599113,-903.0433149400887
2022-09-13,1946.9566850599113,2850.0,3000,0,0,0.0,0.0,0.0,0.0,0.0,0.0,0.0,30416.95668505991,31320.0,-903.0433149400887,1946.9566850599113,-903.0433149400887
2022-09-14,1946.9566850599113,2850.0,3000,0,0,0.0,0.0,0.0,0.0,0.0,0.0,0.0,30086.956685059915,30990.000000000004,-903.0433149400887,1946.9566850599113,-903.0433149400887
2022-09-15,1946.9566850599113,2850.0,3000,0,0,0.0,0.0,0.0,0.0,0.0,0.0,0.0,30086.956685059915,30990.000000000004,-903.0433149400887,1946.9566850599113,-903.0433149400887
2022-09-16,1946.9566850599113,2850.0,3000,0,0,0.0,0.0,0.0,0.0,0.0,0.0,0.0,29306.956685059908,30209.999999999996,-903.0433149400887,1946.9566850599113,-903.0433149400887
2022-09-19,1946.9566850599113,2850.0,3000,0,0,0.0,0.0,0.0,0.0,0.0,0.0,0.0,28616.95668505991,29520.0,-903.0433149400887,1946.9566850599113,-903.0433149400887
2022-09-20,1946.9566850599113,2850.0,3000,0,0,0.0,0.0,0.0,0.0,0.0,0.0,0.0,28166.95668505991,29070.0,-903.0433149400887,1946.9566850599113,-903.0433149400887
2022-09-21,1946.9566850599113,2850.0,3000,0,0,0.0,0.0,0.0,0.0,0.0,0.0,0.0,28196.95668505991,29100.0,-903.0433149400887,1946.9566850599113,-903.0433149400887
2022-09-22,1946.9566850599113,2850.0,3000,0,0,0.0,0.0,0.0,0.0,0.0,0.0,0.0,27986.95668505991,28890.0,-903.0433149400887,1946.9566850599113,-903.0433149400887
2022-09-23,1946.9566850599113,2850.0,3000,0,0,0.0,0.0,0.0,0.0,0.0,0.0,0.0,28016.95668505991,28920.0,-903.0433149400887,1946.9566850599113,-903.0433149400887
2022-09-26,1946.9566850599113,2850.0,3000,0,0,0.0,0.0,0.0,0.0,0.0,0.0,0.0,27596.956685059915,28500.000000000004,-903.0433149400887,1946.9566850599113,-903.0433149400887
2022-09-27,1946.9566850599113,2850.0,3000,0,0,0.0,0.0,0.0,0.0,0.0,0.0,0.0,27896.95668505991,28800.0,-903.0433149400887,1946.9566850599113,-903.0433149400887
2022-09-28,10483.904595219912,2850.0,2000,0,0,0.0,13.63608984,0.0,0.0,0.0,0.0,0.0,27603.904595219912,28530.0,-926.0954047800878,10483.904595219912,7633.904595219912
2022-09-29,1919.414001169911,2850.0,3000,0,0,0.0,5.08559405,0.0,0.0,0.0,0.0,0.0,27059.414001169913,27990.000000000004,-930.5859988300908,1919.414001169911,-930.585998830089
2022-09-30,1919.414001169911,2850.0,3000,0,0,0.0,0.0,0.0,0.0,0.0,0.0,0.0,27479.414001169913,28410.0,-930.5859988300872,1919.414001169911,-930.585998830089
2022-10-10,1919.414001169911,2850.0,3000,0,0,0.0,0.0,0.0,0.0,0.0,0.0,0.0,26399.414001169913,27330.0,-930.5859988300872,1919.414001169911,-930.585998830089
2022-10-11,1919.414001169911,2850.0,3000,0,0,0.0,0.0,0.0,0.0,0.0,0.0,0.0,26459.414001169913,27390.0,-930.5859988300872,1919.414001169911,-930.585998830089
2022-10-12,1919.414001169911,2850.0,3000,0,0,0.0,0.0,0.0,0.0,0.0,0.0,0.0,26849.414001169913,27780.0,-930.5859988300872,1919.414001169911,-930.585998830089
2022-10-13,10246.804778019912,2850.0,2000,0,0,0.0,13.424223150000001,0.0,0.0,0.0,0.0,0.0,26946.804778019912,27900.0,-953.1952219800878,10246.804778019912,7396.804778019912
2022-10-14,1782.425185069913,2850.0,3000,0,0,0.0,5.08459295,0.0,0.0,0.0,0.0,0.0,27102.425185069915,28170.0,-1067.5748149300853,1782.425185069913,-1067.574814930087
2022-10-17,1782.425185069913,2850.0,3000,0,0,0.0,0.0,0.0,0.0,0.0,0.0,0.0,27342.425185069915,28410.0,-1067.5748149300853,1782.425185069913,-1067.574814930087
2022-10-18,1782.425185069913,2850.0,3000,0,0,0.0,0.0,0.0,0.0,0.0,0.0,0.0,27282.425185069915,28350.0,-1067.5748149300853,1782.425185069913,-1067.574814930087
2022-10-19,1782.425185069913,2850.0,3000,0,0,0.0,0.0,0.0,0.0,0.0,0.0,0.0,26982.425185069915,28050.0,-1067.5748149300853,1782.425185069913,-1067.574814930087
2022-10-20,1782.425185069913,2850.0,3000,0,0,0.0,0.0,0.0,0.0,0.0,0.0,0.0,27282.425185069915,28350.0,-1067.5748149300853,1782.425185069913,-1067.574814930087
2022-10-21,1782.425185069913,2850.0,3000,0,0,0.0,0.0,0.0,0.0,0.0,0.0,0.0,27192.425185069915,28260.000000000004,-1067.574814930089,1782.425185069913,-1067.574814930087
2022-10-24,1782.425185069913,2850.0,3000,0,0,0.0,0.0,0.0,0.0,0.0,0.0,0.0,26652.425185069907,27719.999999999996,-1067.574814930089,1782.425185069913,-1067.574814930087
2022-10-25,1782.425185069913,2850.0,3000,0,0,0.0,0.0,0.0,0.0,0.0,0.0,0.0,26922.425185069915,27990.000000000004,-1067.574814930089,1782.425185069913,-1067.574814930087
2022-10-26,1782.425185069913,2850.0,3000,0,0,0.0,0.0,0.0,0.0,0.0,0.0,0.0,26682.425185069915,27750.000000000004,-1067.574814930089,1782.425185069913,-1067.574814930087
2022-10-27,1782.425185069913,2850.0,3000,0,0,0.0,0.0,0.0,0.0,0.0,0.0,0.0,26952.425185069915,28020.0,-1067.5748149300853,1782.425185069913,-1067.574814930087
2022-10-28,1782.425185069913,2850.0,3000,0,0,0.0,0.0,0.0,0.0,0.0,0.0,0.0,26622.425185069907,27689.999999999996,-1067.574814930089,1782.425185069913,-1067.574814930087
2022-10-31,1782.425185069913,2850.0,3000,0,0,0.0,0.0,0.0,0.0,0.0,0.0,0.0,26382.425185069907,27449.999999999996,-1067.574814930089,1782.425185069913,-1067.574814930087
2022-11-01,1782.425185069913,2850.0,3000,0,0,0.0,0.0,0.0,0.0,0.0,0.0,0.0,27462.425185069915,28530.0,-1067.5748149300853,1782.425185069913,-1067.574814930087
2022-11-02,10419.162206329913,2850.0,2000,0,0,0.0,13.736978740000001,0.0,0.0,0.0,0.0,0.0,27739.162206329915,28830.0,-1090.8377936700854,10419.162206329913,7569.162206329913
2022-11-03,1834.649412059911,2850.0,3000,0,0,0.0,5.08579427,0.0,0.0,0.0,0.0,0.0,27724.649412059916,28740.000000000004,-1015.3505879400873,1834.649412059911,-1015.3505879400891
2022-11-04,1834.649412059911,2850.0,3000,0,0,0.0,0.0,0.0,0.0,0.0,0.0,0.0,27904.64941205991,28920.0,-1015.3505879400909,1834.649412059911,-1015.3505879400891
2022-11-07,1834.649412059911,2850.0,3000,0,0,0.0,0.0,0.0,0.0,0.0,0.0,0.0,27904.64941205991,28920.0,-1015.3505879400909,1834.649412059911,-1015.3505879400891
2022-11-08,1834.649412059911,2850.0,3000,0,0,0.0,0.0,0.0,0.0,0.0,0.0,0.0,27994.649412059916,29010.000000000004,-1015.3505879400873,1834.649412059911,-1015.3505879400891
2022-11-09,10451.428611099911,2850.0,2000,0,0,0.0,13.716800959999999,0.0,0.0,0.0,0.0,0.0,27731.42861109991,28770.0,-1038.5713889000908,10451.428611099911,7601.428611099911
2022-11-10,1846.8936166099102,2850.0,3000,0,0,0.0,5.08599449,0.0,0.0,0.0,0.0,0.0,27706.89361660991,28709.999999999996,-1003.106383390088,1846.8936166099102,-1003.1063833900898
2022-11-11,1846.8936166099102,2850.0,3000,0,0,0.0,0.0,0.0,0.0,0.0,0.0,0.0,28366.89361660991,29370.0,-1003.1063833900917,1846.8936166099102,-1003.1063833900898
2022-11-14,1846.8936166099102,2850.0,3000,0,0,0.0,0.0,0.0,0.0,0.0,0.0,0.0,28696.89361660991,29699.999999999996,-1003.106383390088,1846.8936166099102,-1003.1063833900898
2022-11-15,1846.8936166099102,2850.0,3000,0,0,0.0,0.0,0.0,0.0,0.0,0.0,0.0,28996.893616609916,30000.000000000004,-1003.106383390088,1846.8936166099102,-1003.1063833900898
2022-11-16,10812.93470449991,2850.0,2000,0,0,0.0,14.06991211,0.0,0.0,0.0,0.0,0.0,28792.93470449991,29820.0,-1027.0652955000915,10812.93470449991,7962.93470449991
2022-11-17,1837.9890059399095,2850.0,3000,0,0,0.0,5.08969856,0.0,0.0,0.0,0.0,0.0,28867.98900593991,29880.0,-1012.0109940600887,1837.9890059399095,-1012.0109940600905
2022-11-18,1837.9890059399095,2850.0,3000,0,0,0.0,0.0,0.0,0.0,0.0,0.0,0.0,28687.989005939904,29699.999999999996,-1012.0109940600923,1837.9890059399095,-1012.0109940600905
2022-11-21,1837.9890059399095,2850.0,3000,0,0,0.0,0.0,0.0,0.0,0.0,0.0,0.0,28837.98900593991,29850.0,-1012.0109940600887,1837.9890059399095,-1012.0109940600905
2022-11-22,1837.9890059399095,2850.0,3000,0,0,0.0,0.0,0.0,0.0,0.0,0.0,0.0,29137.98900593991,30150.0,-1012.0109940600887,1837.9890059399095,-1012.0109940600905
2022-11-23,1837.9890059399095,2850.0,3000,0,0,0.0,0.0,0.0,0.0,0.0,0.0,0.0,28987.98900593991,30000.000000000004,-1012.0109940600923,1837.9890059399095,-1012.0109940600905
2022-11-24,1837.9890059399095,2850.0,3000,0,0,0.0,0.0,0.0,0.0,0.0,0.0,0.0,28717.98900593991,29730.000000000004,-1012.0109940600923,1837.9890059399095,-1012.0109940600905
2022-11-25,1837.9890059399095,2850.0,3000,0,0,0.0,0.0,0.0,0.0,0.0,0.0,0.0,28987.98900593991,30000.000000000004,-1012.0109940600923,1837.9890059399095,-1012.0109940600905
2022-11-28,1837.9890059399095,2850.0,3000,0,0,0.0,0.0,0.0,0.0,0.0,0.0,0.0,28117.98900593991,29130.0,-1012.0109940600887,1837.9890059399095,-1012.0109940600905
2022-11-29,1837.9890059399095,2850.0,3000,0,0,0.0,0.0,0.0,0.0,0.0,0.0,0.0,29167.98900593991,30180.0,-1012.0109940600887,1837.9890059399095,-1012.0109940600905
2022-11-30,10963.692671589908,2850.0,2000,0,0,0.0,14.23133435,0.0,0.0,0.0,0.0,0.0,29263.69267158991,30300.0,-1036.3073284100901,10963.692671589908,8113.692671589908
2022-12-01,10874.055480039908,2850.0,2000,0,0,0.0,19.36419155,0.0,0.0,0.0,0.0,0.0,29254.055480039908,30420.0,-1165.9445199600923,10874.055480039908,8024.055480039908
2022-12-02,1648.8322787299057,2850.0,3000,0,0,0.0,5.09220131,0.0,0.0,0.0,0.0,0.0,29068.832278729904,30270.0,-1201.167721270096,1648.8322787299057,-1201.1677212700943
2022-12-05,1648.8322787299057,2850.0,3000,0,0,0.0,0.0,0.0,0.0,0.0,0.0,0.0,29488.832278729904,30689.999999999996,-1201.1677212700924,1648.8322787299057,-1201.1677212700943
2022-12-06,1648.8322787299057,2850.0,3000,0,0,0.0,0.0,0.0,0.0,0.0,0.0,0.0,29968.832278729904,31170.0,-1201.167721270096,1648.8322787299057,-1201.1677212700943
2022-12-07,1648.8322787299057,2850.0,3000,0,0,0.0,0.0,0.0,0.0,0.0,0.0,0.0,29908.832278729904,31110.0,-1201.167721270096,1648.8322787299057,-1201.1677212700943
2022-12-08,1648.8322787299057,2850.0,3000,0,0,0.0,0.0,0.0,0.0,0.0,0.0,0.0,29908.832278729904,31110.0,-1201.167721270096,1648.8322787299057,-1201.1677212700943
2022-12-09,1648.8322787299057,2850.0,3000,0,0,0.0,0.0,0.0,0.0,0.0,0.0,0.0,30028.83227872991,31230.000000000004,-1201.1677212700924,1648.8322787299057,-1201.1677212700943
2022-12-12,1648.8322787299057,2850.0,3000,0,0,0.0,0.0,0.0,0.0,0.0,0.0,0.0,30028.83227872991,31230.000000000004,-1201.1677212700924,1648.8322787299057,-1201.1677212700943
2022-12-13,1648.8322787299057,2850.0,3000,0,0,0.0,0.0,0.0,0.0,0.0,0.0,0.0,29998.832278729904,31199.999999999996,-1201.1677212700924,1648.8322787299057,-1201.1677212700943
2022-12-14,1648.8322787299057,2850.0,3000,0,0,0.0,0.0,0.0,0.0,0.0,0.0,0.0,29908.832278729904,31110.0,-1201.167721270096,1648.8322787299057,-1201.1677212700943
2022-12-15,1648.8322787299057,2850.0,3000,0,0,0.0,0.0,0.0,0.0,0.0,0.0,0.0,30028.83227872991,31230.000000000004,-1201.1677212700924,1648.8322787299057,-1201.1677212700943
2022-12-16,1648.8322787299057,2850.0,3000,0,0,0.0,0.0,0.0,0.0,0.0,0.0,0.0,30148.832278729904,31350.0,-1201.167721270096,1648.8322787299057,-1201.1677212700943
2022-12-19,10994.071988799906,2850.0,2000,0,0,0.0,14.45328993,0.0,0.0,0.0,0.0,0.0,29734.071988799908,30959.999999999996,-1225.9280112000888,10994.071988799906,8144.071988799906
2022-12-20,1498.5490845199038,2850.0,3000,0,0,0.0,5.09490428,0.0,0.0,0.0,0.0,0.0,29368.549084519902,30719.999999999996,-1351.4509154800944,1498.5490845199038,-1351.4509154800962
2022-12-21,1498.5490845199038,2850.0,3000,0,0,0.0,0.0,0.0,0.0,0.0,0.0,0.0,29548.549084519902,30900.0,-1351.450915480098,1498.5490845199038,-1351.4509154800962
2022-12-22,1498.5490845199038,2850.0,3000,0,0,0.0,0.0,0.0,0.0,0.0,0.0,0.0,29368.549084519902,30719.999999999996,-1351.4509154800944,1498.5490845199038,-1351.4509154800962
2022-12-23,1498.5490845199038,2850.0,3000,0,0,0.0,0.0,0.0,0.0,0.0,0.0,0.0,29038.549084519902,30390.0,-1351.450915480098,1498.5490845199038,-1351.4509154800962
2022-12-26,1498.5490845199038,2850.0,3000,0,0,0.0,0.0,0.0,0.0,0.0,0.0,0.0,28978.549084519902,30330.0,-1351.450915480098,1498.5490845199038,-1351.4509154800962
2022-12-27,1498.5490845199038,2850.0,3000,0,0,0.0,0.0,0.0,0.0,0.0,0.0,0.0,29128.54908451991,30480.000000000004,-1351.4509154800944,1498.5490845199038,-1351.4509154800962
2022-12-28,1498.5490845199038,2850.0,3000,0,0,0.0,0.0,0.0,0.0,0.0,0.0,0.0,29008.549084519902,30360.0,-1351.450915480098,1498.5490845199038,-1351.4509154800962
2022-12-29,1498.5490845199038,2850.0,3000,0,0,0.0,0.0,0.0,0.0,0.0,0.0,0.0,28708.549084519902,30060.0,-1351.450915480098,1498.5490845199038,-1351.4509154800962
2022-12-30,1498.5490845199038,2850.0,3000,0,0,0.0,0.0,0.0,0.0,0.0,0.0,0.0,29038.549084519902,30390.0,-1351.450915480098,1498.5490845199038,-1351.4509154800962
2023-01-03,1498.5490845199038,2850.0,3000,0,0,0.0,0.0,0.0,0.0,0.0,0.0,0.0,29428.549084519902,30780.0,-1351.450915480098,1498.5490845199038,-1351.4509154800962
2023-01-04,1498.5490845199038,2850.0,3000,0,0,0.0,0.0,0.0,0.0,0.0,0.0,0.0,29548.549084519902,30900.0,-1351.450915480098,1498.5490845199038,-1351.4509154800962
2023-01-05,1498.5490845199038,2850.0,3000,0,0,0.0,0.0,0.0,0.0,0.0,0.0,0.0,29968.549084519902,31320.0,-1351.450915480098,1498.5490845199038,-1351.4509154800962
2023-01-06,10853.767705699904,2850.0,2000,0,0,0.0,14.46337882,0.0,0.0,0.0,0.0,0.0,29613.767705699902,30990.000000000004,-1376.2322943001018,10853.767705699904,8003.767705699904
2023-01-09,1348.233701309904,2850.0,3000,0,0,0.0,5.09500439,0.0,0.0,0.0,0.0,0.0,29878.233701309902,31380.0,-1501.7662986900978,1348.233701309904,-1501.766298690096
2023-01-10,1348.233701309904,2850.0,3000,0,0,0.0,0.0,0.0,0.0,0.0,0.0,0.0,29548.233701309902,31050.0,-1501.7662986900978,1348.233701309904,-1501.766298690096
2023-01-11,1348.233701309904,2850.0,3000,0,0,0.0,0.0,0.0,0.0,0.0,0.0,0.0,29428.233701309902,30930.0,-1501.7662986900978,1348.233701309904,-1501.766298690096
2023-01-12,1348.233701309904,2850.0,3000,0,0,0.0,0.0,0.0,0.0,0.0,0.0,0.0,29308.233701309902,30810.0,-1501.7662986900978,1348.233701309904,-1501.766298690096
2023-01-13,1348.233701309904,2850.0,3000,0,0,0.0,0.0,0.0,0.0,0.0,0.0,0.0,29638.233701309902,31140.0,-1501.7662986900978,1348.233701309904,-1501.766298690096
2023-01-16,10823.199255809903,2850.0,2000,0,0,0.0,14.5844455,0.0,0.0,0.0,0.0,0.0,29823.1992558099,31350.0,-1526.800744190099,10823.199255809903,7973.199255809903
2023-01-17,1297.6430511999024,2850.0,3000,0,0,0.0,5.09520461,0.0,0.0,0.0,0.0,0.0,29857.643051199902,31410.0,-1552.3569488000976,1297.6430511999024,-1552.3569488000976
2023-01-18,1297.6430511999024,2850.0,3000,0,0,0.0,0.0,0.0,0.0,0.0,0.0,0.0,29887.6430511999,31439.999999999996,-1552.3569488000976,1297.6430511999024,-1552.3569488000976
2023-01-19,1297.6430511999024,2850.0,3000,0,0,0.0,0.0,0.0,0.0,0.0,0.0,0.0,29887.6430511999,31439.999999999996,-1552.3569488000976,1297.6430511999024,-1552.3569488000976
2023-01-20,1297.6430511999024,2850.0,3000,0,0,0.0,0.0,0.0,0.0,0.0,0.0,0.0,29887.6430511999,31439.999999999996,-1552.3569488000976,1297.6430511999024,-1552.3569488000976
2023-01-30,1297.6430511999024,2850.0,3000,0,0,0.0,0.0,0.0,0.0,0.0,0.0,0.0,30217.643051199902,31770.0,-1552.3569488000976,1297.6430511999024,-1552.3569488000976
2023-01-31,1297.6430511999024,2850.0,3000,0,0,0.0,0.0,0.0,0.0,0.0,0.0,0.0,29827.643051199902,31380.0,-1552.3569488000976,1297.6430511999024,-1552.3569488000976
2023-02-01,1297.6430511999024,2850.0,3000,0,0,0.0,0.0,0.0,0.0,0.0,0.0,0.0,30037.643051199902,31590.0,-1552.3569488000976,1297.6430511999024,-1552.3569488000976
2023-02-02,10822.503161249902,2850.0,2000,0,0,0.0,14.634889950000002,0.0,0.0,0.0,0.0,0.0,29922.5031612499,31500.000000000004,-1577.496838750103,10822.503161249902,7972.503161249902
2023-02-03,1367.0246574099,2850.0,3000,0,0,0.0,5.09450384,0.0,0.0,0.0,0.0,0.0,29447.0246574099,30930.0,-1482.9753425901,1367.0246574099,-1482.9753425901
2023-02-06,1367.0246574099,2850.0,3000,0,0,0.0,0.0,0.0,0.0,0.0,0.0,0.0,29357.0246574099,30840.0,-1482.9753425901,1367.0246574099,-1482.9753425901
2023-02-07,1367.0246574099,2850.0,3000,0,0,0.0,0.0,0.0,0.0,0.0,0.0,0.0,29177.0246574099,30660.0,-1482.9753425901,1367.0246574099,-1482.9753425901
2023-02-08,1367.0246574099,2850.0,3000,0,0,0.0,0.0,0.0,0.0,0.0,0.0,0.0,29147.0246574099,30630.0,-1482.9753425901,1367.0246574099,-1482.9753425901
2023-02-09,1367.0246574099,2850.0,3000,0,0,0.0,0.0,0.0,0.0,0.0,0.0,0.0,29717.024657409896,31199.999999999996,-1482.9753425901,1367.0246574099,-1482.9753425901
2023-02-10,11121.3997229899,2850.0,2000,0,0,0.0,14.866934420000002,0.0,0.0,0.0,0.0,0.0,30681.3997229899,32189.999999999996,-1508.6002770100968,11121.3997229899,8271.3997229899
2023-02-13,1495.7325172798974,2850.0,3000,0,0,0.0,5.09620571,0.0,0.0,0.0,0.0,0.0,30475.732517279896,31830.0,-1354.2674827201045,1495.7325172798974,-1354.2674827201026
2023-02-14,1495.7325172798974,2850.0,3000,0,0,0.0,0.0,0.0,0.0,0.0,0.0,0.0,30595.732517279896,31949.999999999996,-1354.2674827201008,1495.7325172798974,-1354.2674827201026
2023-02-15,1495.7325172798974,2850.0,3000,0,0,0.0,0.0,0.0,0.0,0.0,0.0,0.0,31645.732517279903,33000.0,-1354.2674827200972,1495.7325172798974,-1354.2674827201026
2023-02-16,1495.7325172798974,2850.0,3000,0,0,0.0,0.0,0.0,0.0,0.0,0.0,0.0,31165.732517279896,32520.0,-1354.2674827201045,1495.7325172798974,-1354.2674827201026
2023-02-17,1495.7325172798974,2850.0,3000,0,0,0.0,0.0,0.0,0.0,0.0,0.0,0.0,30625.732517279903,31980.000000000004,-1354.2674827201008,1495.7325172798974,-1354.2674827201026
2023-02-20,1495.7325172798974,2850.0,3000,0,0,0.0,0.0,0.0,0.0,0.0,0.0,0.0,31225.732517279896,32580.0,-1354.2674827201045,1495.7325172798974,-1354.2674827201026
2023-02-21,11349.896693959898,2850.0,2000,0,0,0.0,14.96782332,0.0,0.0,0.0,0.0,0.0,31109.896693959898,32490.000000000004,-1380.103306040106,11349.896693959898,8499.896693959898
2023-02-22,1604.0962869298965,2850.0,3000,0,0,0.0,5.09740703,0.0,0.0,0.0,0.0,0.0,30854.096286929896,32100.0,-1245.9037130701035,1604.0962869298965,-1245.9037130701035
2023-02-23,1604.0962869298965,2850.0,3000,0,0,0.0,0.0,0.0,0.0,0.0,0.0,0.0,30704.096286929893,31949.999999999996,-1245.9037130701035,1604.0962869298965,-1245.9037130701035
2023-02-24,1604.0962869298965,2850.0,3000,0,0,0.0,0.0,0.0,0.0,0.0,0.0,0.0,30464.096286929893,31709.999999999996,-1245.9037130701035,1604.0962869298965,-1245.9037130701035
2023-02-27,1604.0962869298965,2850.0,3000,0,0,0.0,0.0,0.0,0.0,0.0,0.0,0.0,30164.096286929896,31410.0,-1245.9037130701035,1604.0962869298965,-1245.9037130701035
2023-02-28,1604.0962869298965,2850.0,3000,0,0,0.0,0.0,0.0,0.0,0.0,0.0,0.0,30404.096286929896,31650.0,-1245.9037130701035,1604.0962869298965,-1245.9037130701035
2023-03-01,1604.0962869298965,2850.0,3000,0,0,0.0,0.0,0.0,0.0,0.0,0.0,0.0,31484.0962869299,32730.000000000004,-1245.9037130701035,1604.0962869298965,-1245.9037130701035
2023-03-02,1604.0962869298965,2850.0,3000,0,0,0.0,0.0,0.0,0.0,0.0,0.0,0.0,32624.096286929896,33870.0,-1245.9037130701035,1604.0962869298965,-1245.9037130701035
2023-03-03,1604.0962869298965,2850.0,3000,0,0,0.0,0.0,0.0,0.0,0.0,0.0,0.0,35714.0962869299,36960.0,-1245.9037130701035,1604.0962869298965,-1245.9037130701035
2023-03-06,12635.771974589898,2850.0,2000,0,0,0.0,16.158312340000002,0.0,0.0,0.0,0.0,0.0,34755.771974589894,36030.0,-1274.228025410106,12635.771974589898,9785.771974589898
2023-03-07,1778.7394553498962,2850.0,3000,0,0,0.0,5.10851924,0.0,0.0,0.0,0.0,0.0,33308.739455349896,34380.0,-1071.2605446501038,1778.7394553498962,-1071.2605446501038
2023-03-08,1778.7394553498962,2850.0,3000,0,0,0.0,0.0,0.0,0.0,0.0,0.0,0.0,33488.739455349896,34560.0,-1071.2605446501038,1778.7394553498962,-1071.2605446501038
2023-03-09,1778.7394553498962,2850.0,3000,0,0,0.0,0.0,0.0,0.0,0.0,0.0,0.0,35228.739455349896,36300.0,-1071.2605446501038,1778.7394553498962,-1071.2605446501038
2023-03-10,1778.7394553498962,2850.0,3000,0,0,0.0,0.0,0.0,0.0,0.0,0.0,0.0,34328.739455349896,35400.0,-1071.2605446501038,1778.7394553498962,-1071.2605446501038
2023-03-13,1778.7394553498962,2850.0,3000,0,0,0.0,0.0,0.0,0.0,0.0,0.0,0.0,36608.739455349896,37680.0,-1071.2605446501038,1778.7394553498962,-1071.2605446501038
2023-03-14,13508.938920709896,2850.0,2000,0,0,0.0,16.864534640000002,0.0,0.0,0.0,0.0,0.0,37028.938920709894,38130.0,-1101.0610792901061,13508.938920709896,10658.938920709896
2023-03-15,1480.6076885998937,2850.0,3000,0,0,0.0,5.12023211,0.0,0.0,0.0,0.0,0.0,37690.60768859989,39060.0,-1369.3923114001082,1480.6076885998937,-1369.3923114001063
2023-03-16,1480.6076885998937,2850.0,3000,0,0,0.0,0.0,0.0,0.0,0.0,0.0,0.0,38530.60768859989,39900.0,-1369.3923114001082,1480.6076885998937,-1369.3923114001063
2023-03-17,1480.6076885998937,2850.0,3000,0,0,0.0,0.0,0.0,0.0,0.0,0.0,0.0,42250.60768859989,43620.0,-1369.3923114001082,1480.6076885998937,-1369.3923114001063
2023-03-20,16324.227420279893,2850.0,2000,0,0,0.0,20.01226832,0.0,0.0,0.0,0.0,0.0,46084.227420279894,47490.0,-1405.7725797201056,16324.227420279893,13474.227420279893
2023-03-21,1492.7881573698924,2850.0,3000,0,0,0.0,5.14826291,0.0,0.0,0.0,0.0,0.0,45292.78815736989,46650.0,-1357.2118426301095,1492.7881573698924,-1357.2118426301076
2023-03-22,1492.7881573698924,2850.0,3000,0,0,0.0,0.0,0.0,0.0,0.0,0.0,0.0,49672.78815736988,51029.99999999999,-1357.2118426301095,1492.7881573698924,-1357.2118426301076
2023-03-23,18441.958133259897,2850.0,2000,0,0,0.0,22.141024110000004,0.0,0.0,0.0,0.0,0.0,52421.9581332599,53819.99999999999,-1398.0418667400954,18441.958133259897,15591.958133259897
2023-03-24,1287.9436448298948,2850.0,3000,0,0,0.0,5.17148843,0.0,0.0,0.0,0.0,0.0,54267.943644829895,55830.0,-1562.0563551701052,1287.9436448298948,-1562.0563551701052
2023-03-27,1287.9436448298948,2850.0,3000,0,0,0.0,0.0,0.0,0.0,0.0,0.0,0.0,54177.943644829895,55740.0,-1562.0563551701052,1287.9436448298948,-1562.0563551701052
2023-03-28,1287.9436448298948,2850.0,3000,0,0,0.0,0.0,0.0,0.0,0.0,0.0,0.0,50637.943644829895,52200.0,-1562.0563551701052,1287.9436448298948,-1562.0563551701052
2023-03-29,1287.9436448298948,2850.0,3000,0,0,0.0,0.0,0.0,0.0,0.0,0.0,0.0,49767.943644829895,51330.0,-1562.0563551701052,1287.9436448298948,-1562.0563551701052
2023-03-30,1287.9436448298948,2850.0,3000,0,0,0.0,0.0,0.0,0.0,0.0,0.0,0.0,51927.943644829895,53490.0,-1562.0563551701052,1287.9436448298948,-1562.0563551701052
2023-03-31,1287.9436448298948,2850.0,3000,0,0,0.0,0.0,0.0,0.0,0.0,0.0,0.0,52947.943644829895,54510.0,-1562.0563551701052,1287.9436448298948,-1562.0563551701052
2023-04-03,1287.9436448298948,2850.0,3000,0,0,0.0,0.0,0.0,0.0,0.0,0.0,0.0,54567.9436448299,56130.00000000001,-1562.0563551701052,1287.9436448298948,-1562.0563551701052
2023-04-04,18656.227887339897,2850.0,2000,0,0,0.0,22.56475749,0.0,0.0,0.0,0.0,0.0,53476.2278873399,55080.0,-1603.7721126601027,18656.227887339897,15806.227887339897
2023-04-06,901.547392309898,2850.0,3000,0,0,0.0,5.17749503,0.0,0.0,0.0,0.0,0.0,57901.5473923099,59850.0,-1948.452607690102,901.547392309898,-1948.452607690102
2023-04-07,19227.807101379898,2850.0,2000,0,0,0.0,23.533290930000003,0.0,0.0,0.0,0.0,0.0,55967.8071013799,57960.0,-1992.192898620102,19227.807101379898,16377.807101379898
2023-04-10,1523.182106899898,2850.0,3000,0,0,0.0,5.17699448,0.0,0.0,0.0,0.0,0.0,53933.1821068999,55260.0,-1326.817893100102,1523.182106899898,-1326.817893100102
2023-04-11,1523.182106899898,2850.0,3000,0,0,0.0,0.0,0.0,0.0,0.0,0.0,0.0,53573.182106899905,54900.00000000001,-1326.817893100102,1523.182106899898,-1326.817893100102
2023-04-12,1523.182106899898,2850.0,3000,0,0,0.0,0.0,0.0,0.0,0.0,0.0,0.0,56783.182106899905,58110.00000000001,-1326.817893100102,1523.182106899898,-1326.817893100102
2023-04-13,1523.182106899898,2850.0,3000,0,0,0.0,0.0,0.0,0.0,0.0,0.0,0.0,54503.1821068999,55830.0,-1326.817893100102,1523.182106899898,-1326.817893100102
2023-04-14,1523.182106899898,2850.0,3000,0,0,0.0,0.0,0.0,0.0,0.0,0.0,0.0,55733.1821068999,57060.0,-1326.817893100102,1523.182106899898,-1326.817893100102
2023-04-17,1523.182106899898,2850.0,3000,0,0,0.0,0.0,0.0,0.0,0.0,0.0,0.0,55313.1821068999,56640.0,-1326.817893100102,1523.182106899898,-1326.817893100102
2023-04-18,1523.182106899898,2850.0,3000,0,0,0.0,0.0,0.0,0.0,0.0,0.0,0.0,59093.182106899905,60420.00000000001,-1326.817893100102,1523.182106899898,-1326.817893100102
2023-04-19,1523.182106899898,2850.0,3000,0,0,0.0,0.0,0.0,0.0,0.0,0.0,0.0,53333.1821068999,54660.0,-1326.817893100102,1523.182106899898,-1326.817893100102
2023-04-20,1523.182106899898,2850.0,3000,0,0,0.0,0.0,0.0,0.0,0.0,0.0,0.0,58523.1821068999,59850.0,-1326.817893100102,1523.182106899898,-1326.817893100102
2023-04-21,20268.5560825899,2850.0,2000,0,0,0.0,23.95702431,0.0,0.0,0.0,0.0,0.0,57848.5560825899,59220.0,-1371.443917410099,20268.5560825899,17418.5560825899
2023-04-24,2243.5758845899,2850.0,3000,0,0,0.0,5.180198,0.0,0.0,0.0,0.0,0.0,57233.575884589896,57839.99999999999,-606.4241154100964,2243.5758845899,-606.4241154101001
2023-04-25,2243.5758845899,2850.0,3000,0,0,0.0,0.0,0.0,0.0,0.0,0.0,0.0,57743.575884589896,58350.0,-606.4241154101037,2243.5758845899,-606.4241154101001
2023-04-26,2243.5758845899,2850.0,3000,0,0,0.0,0.0,0.0,0.0,0.0,0.0,0.0,52193.575884589896,52799.99999999999,-606.4241154100964,2243.5758845899,-606.4241154101001
2023-04-27,2243.5758845899,2850.0,3000,0,0,0.0,0.0,0.0,0.0,0.0,0.0,0.0,50543.57588458991,51150.00000000001,-606.4241154100964,2243.5758845899,-606.4241154101001
2023-04-28,2243.5758845899,2850.0,3000,0,0,0.0,0.0,0.0,0.0,0.0,0.0,0.0,50603.575884589896,51210.0,-606.4241154101037,2243.5758845899,-606.4241154101001
2023-05-04,2243.5758845899,2850.0,3000,0,0,0.0,0.0,0.0,0.0,0.0,0.0,0.0,48383.575884589896,48990.0,-606.4241154101037,2243.5758845899,-606.4241154101001
2023-05-05,2243.5758845899,2850.0,3000,0,0,0.0,0.0,0.0,0.0,0.0,0.0,0.0,46553.575884589896,47160.0,-606.4241154101037,2243.5758845899,-606.4241154101001
2023-05-08,2243.5758845899,2850.0,3000,0,0,0.0,0.0,0.0,0.0,0.0,0.0,0.0,46283.575884589896,46890.0,-606.4241154101037,2243.5758845899,-606.4241154101001
2023-05-09,2243.5758845899,2850.0,3000,0,0,0.0,0.0,0.0,0.0,0.0,0.0,0.0,46343.575884589896,46950.0,-606.4241154101037,2243.5758845899,-606.4241154101001
2023-05-10,2243.5758845899,2850.0,3000,0,0,0.0,0.0,0.0,0.0,0.0,0.0,0.0,46043.575884589896,46650.0,-606.4241154101037,2243.5758845899,-606.4241154101001
2023-05-11,2243.5758845899,2850.0,3000,0,0,0.0,0.0,0.0,0.0,0.0,0.0,0.0,45623.575884589896,46230.0,-606.4241154101037,2243.5758845899,-606.4241154101001
2023-05-12,2243.5758845899,2850.0,3000,0,0,0.0,0.0,0.0,0.0,0.0,0.0,0.0,45323.575884589896,45930.0,-606.4241154101037,2243.5758845899,-606.4241154101001
2023-05-15,2243.5758845899,2850.0,3000,0,0,0.0,0.0,0.0,0.0,0.0,0.0,0.0,47603.575884589896,48210.0,-606.4241154101037,2243.5758845899,-606.4241154101001
2023-05-16,2243.5758845899,2850.0,3000,0,0,0.0,0.0,0.0,0.0,0.0,0.0,0.0,46583.575884589896,47190.0,-606.4241154101037,2243.5758845899,-606.4241154101001
2023-05-17,2243.5758845899,2850.0,3000,0,0,0.0,0.0,0.0,0.0,0.0,0.0,0.0,48893.575884589896,49500.0,-606.4241154101037,2243.5758845899,-606.4241154101001
2023-05-18,2243.5758845899,2850.0,3000,0,0,0.0,0.0,0.0,0.0,0.0,0.0,0.0,51293.57588458991,51900.00000000001,-606.4241154100964,2243.5758845899,-606.4241154101001
2023-05-19,2243.5758845899,2850.0,3000,0,0,0.0,0.0,0.0,0.0,0.0,0.0,0.0,50723.575884589896,51330.0,-606.4241154101037,2243.5758845899,-606.4241154101001
2023-05-22,2243.5758845899,2850.0,3000,0,0,0.0,0.0,0.0,0.0,0.0,0.0,0.0,48473.575884589896,49080.0,-606.4241154101037,2243.5758845899,-606.4241154101001
2023-05-23,2243.5758845899,2850.0,3000,0,0,0.0,0.0,0.0,0.0,0.0,0.0,0.0,47933.575884589896,48540.0,-606.4241154101037,2243.5758845899,-606.4241154101001
2023-05-24,2243.5758845899,2850.0,3000,0,0,0.0,0.0,0.0,0.0,0.0,0.0,0.0,46703.575884589896,47310.0,-606.4241154101037,2243.5758845899,-606.4241154101001
2023-05-25,2243.5758845899,2850.0,3000,0,0,0.0,0.0,0.0,0.0,0.0,0.0,0.0,51143.575884589896,51750.0,-606.4241154101037,2243.5758845899,-606.4241154101001
2023-05-26,18993.167638279898,2850.0,2000,0,0,0.0,21.93924631,0.0,0.0,0.0,0.0,0.0,52573.1676382799,53220.0,-646.8323617201022,18993.167638279898,16143.167638279898
2023-05-29,1719.0199485298945,2850.0,3000,0,0,0.0,5.17268975,0.0,0.0,0.0,0.0,0.0,55419.01994852989,56549.99999999999,-1130.9800514701055,1719.0199485298945,-1130.9800514701055
2023-05-30,1719.0199485298945,2850.0,3000,0,0,0.0,0.0,0.0,0.0,0.0,0.0,0.0,55809.019948529894,56940.0,-1130.9800514701055,1719.0199485298945,-1130.9800514701055
2023-05-31,1719.0199485298945,2850.0,3000,0,0,0.0,0.0,0.0,0.0,0.0,0.0,0.0,55869.019948529894,57000.0,-1130.9800514701055,1719.0199485298945,-1130.9800514701055
2023-06-01,1719.0199485298945,2850.0,3000,0,0,0.0,0.0,0.0,0.0,0.0,0.0,0.0,55479.0199485299,56610.00000000001,-1130.9800514701055,1719.0199485298945,-1130.9800514701055
2023-06-02,1719.0199485298945,2850.0,3000,0,0,0.0,0.0,0.0,0.0,0.0,0.0,0.0,55209.01994852989,56339.99999999999,-1130.9800514701055,1719.0199485298945,-1130.9800514701055
2023-06-05,1719.0199485298945,2850.0,3000,0,0,0.0,0.0,0.0,0.0,0.0,0.0,0.0,58509.019948529894,59640.0,-1130.9800514701055,1719.0199485298945,-1130.9800514701055
2023-06-06,1719.0199485298945,2850.0,3000,0,0,0.0,0.0,0.0,0.0,0.0,0.0,0.0,56379.019948529894,57510.0,-1130.9800514701055,1719.0199485298945,-1130.9800514701055
2023-06-07,1719.0199485298945,2850.0,3000,0,0,0.0,0.0,0.0,0.0,0.0,0.0,0.0,55809.019948529894,56940.0,-1130.9800514701055,1719.0199485298945,-1130.9800514701055
2023-06-08,1719.0199485298945,2850.0,3000,0,0,0.0,0.0,0.0,0.0,0.0,0.0,0.0,55269.0199485299,56400.00000000001,-1130.9800514701055,1719.0199485298945,-1130.9800514701055
2023-06-09,1719.0199485298945,2850.0,3000,0,0,0.0,0.0,0.0,0.0,0.0,0.0,0.0,60639.019948529894,61770.0,-1130.9800514701055,1719.0199485298945,-1130.9800514701055
2023-06-12,23018.995168379894,2850.0,2000,0,0,0.0,26.539780150000002,0.0,0.0,0.0,0.0,0.0,65718.99516837989,66900.0,-1181.0048316201137,23018.995168379894,20168.995168379894
2023-06-13,23809.08069994989,2850.0,2000,0,0,0.0,32.42746843,0.0,0.0,0.0,0.0,0.0,67849.08069994989,68910.0,-1060.919300050111,23809.08069994989,20959.08069994989
2023-06-14,1469.3163545398893,2850.0,3000,0,0,0.0,5.22334541,0.0,0.0,0.0,0.0,0.0,69839.31635453989,71220.0,-1380.6836454601143,1469.3163545398893,-1380.6836454601107
2023-06-15,1469.3163545398893,2850.0,3000,0,0,0.0,0.0,0.0,0.0,0.0,0.0,0.0,69389.31635453989,70770.0,-1380.6836454601143,1469.3163545398893,-1380.6836454601107
2023-06-16,1469.3163545398893,2850.0,3000,0,0,0.0,0.0,0.0,0.0,0.0,0.0,0.0,73649.31635453989,75030.0,-1380.6836454601143,1469.3163545398893,-1380.6836454601107
2023-06-19,1469.3163545398893,2850.0,3000,0,0,0.0,0.0,0.0,0.0,0.0,0.0,0.0,80849.31635453989,82230.0,-1380.6836454601143,1469.3163545398893,-1380.6836454601107
2023-06-20,27439.421973869892,2850.0,2000,0,0,0.0,31.261380670000005,0.0,0.0,0.0,0.0,0.0,79499.42197386989,80940.0,-1440.5780261301115,27439.421973869892,24589.421973869892
2023-06-21,2867.1823039298906,2850.0,3000,0,0,0.0,5.24566994,0.0,0.0,0.0,0.0,0.0,76367.18230392989,76350.0,17.182303929890622,2867.1823039298906,17.182303929890622
2023-06-26,2867.1823039298906,2850.0,3000,0,0,0.0,0.0,0.0,0.0,0.0,0.0,0.0,72137.18230392989,72120.0,17.182303929890622,2867.1823039298906,17.182303929890622
2023-06-27,2867.1823039298906,2850.0,3000,0,0,0.0,0.0,0.0,0.0,0.0,0.0,0.0,71897.18230392989,71880.0,17.182303929890622,2867.1823039298906,17.182303929890622
2023-06-28,2867.1823039298906,2850.0,3000,0,0,0.0,0.0,0.0,0.0,0.0,0.0,0.0,71807.18230392989,71790.0,17.182303929890622,2867.1823039298906,17.182303929890622
2023-06-29,2867.1823039298906,2850.0,3000,0,0,0.0,0.0,0.0,0.0,0.0,0.0,0.0,74267.18230392989,74250.0,17.182303929890622,2867.1823039298906,17.182303929890622
2023-06-30,2867.1823039298906,2850.0,3000,0,0,0.0,0.0,0.0,0.0,0.0,0.0,0.0,78467.18230392989,78450.0,17.182303929890622,2867.1823039298906,17.182303929890622
2023-07-03,2867.1823039298906,2850.0,3000,0,0,0.0,0.0,0.0,0.0,0.0,0.0,0.0,75977.18230392989,75960.0,17.182303929890622,2867.1823039298906,17.182303929890622
2023-07-04,2867.1823039298906,2850.0,3000,0,0,0.0,0.0,0.0,0.0,0.0,0.0,0.0,76607.18230392989,76590.0,17.182303929890622,2867.1823039298906,17.182303929890622
2023-07-05,2867.1823039298906,2850.0,3000,0,0,0.0,0.0,0.0,0.0,0.0,0.0,0.0,74447.18230392989,74430.0,17.182303929890622,2867.1823039298906,17.182303929890622
2023-07-06,2867.1823039298906,2850.0,3000,0,0,0.0,0.0,0.0,0.0,0.0,0.0,0.0,74507.18230392989,74490.0,17.182303929890622,2867.1823039298906,17.182303929890622
2023-07-07,2867.1823039298906,2850.0,3000,0,0,0.0,0.0,0.0,0.0,0.0,0.0,0.0,73847.18230392989,73830.0,17.182303929890622,2867.1823039298906,17.182303929890622
2023-07-10,2867.1823039298906,2850.0,3000,0,0,0.0,0.0,0.0,0.0,0.0,0.0,0.0,74267.18230392989,74250.0,17.182303929890622,2867.1823039298906,17.182303929890622
2023-07-11,2867.1823039298906,2850.0,3000,0,0,0.0,0.0,0.0,0.0,0.0,0.0,0.0,75587.18230392989,75570.0,17.182303929890622,2867.1823039298906,17.182303929890622
2023-07-12,2867.1823039298906,2850.0,3000,0,0,0.0,0.0,0.0,0.0,0.0,0.0,0.0,70457.18230392989,70440.0,17.182303929890622,2867.1823039298906,17.182303929890622
2023-07-13,2867.1823039298906,2850.0,3000,0,0,0.0,0.0,0.0,0.0,0.0,0.0,0.0,77207.18230392989,77190.0,17.182303929890622,2867.1823039298906,17.182303929890622
2023-07-14,30064.69398978989,2850.0,2000,0,0,0.0,32.502314139999996,0.0,0.0,0.0,0.0,0.0,84584.69398978988,84630.0,-45.306010210115346,30064.69398978989,27214.69398978989
2023-07-17,30000.681811119885,2850.0,2000,0,0,0.0,36.60317867,0.0,0.0,0.0,0.0,0.0,82220.68181111988,81180.0,1040.6818111198809,30000.681811119885,27150.681811119885
2023-07-18,4227.110127979882,2850.0,3000,0,0,0.0,5.25768314,0.0,0.0,0.0,0.0,0.0,80817.11012797989,79440.0,1377.1101279798895,4227.110127979882,1377.1101279798822
2023-07-19,4227.110127979882,2850.0,3000,0,0,0.0,0.0,0.0,0.0,0.0,0.0,0.0,79497.11012797989,78120.0,1377.1101279798895,4227.110127979882,1377.1101279798822
2023-07-20,4227.110127979882,2850.0,3000,0,0,0.0,0.0,0.0,0.0,0.0,0.0,0.0,73977.11012797989,72600.0,1377.1101279798895,4227.110127979882,1377.1101279798822
2023-07-21,4227.110127979882,2850.0,3000,0,0,0.0,0.0,0.0,0.0,0.0,0.0,0.0,73347.11012797989,71970.0,1377.1101279798895,4227.110127979882,1377.1101279798822
2023-07-24,4227.110127979882,2850.0,3000,0,0,0.0,0.0,0.0,0.0,0.0,0.0,0.0,75207.11012797989,73830.0,1377.1101279798895,4227.110127979882,1377.1101279798822
2023-07-25,4227.110127979882,2850.0,3000,0,0,0.0,0.0,0.0,0.0,0.0,0.0,0.0,76227.11012797989,74850.0,1377.1101279798895,4227.110127979882,1377.1101279798822
2023-07-26,4227.110127979882,2850.0,3000,0,0,0.0,0.0,0.0,0.0,0.0,0.0,0.0,73977.11012797989,72600.0,1377.1101279798895,4227.110127979882,1377.1101279798822
2023-07-27,4227.110127979882,2850.0,3000,0,0,0.0,0.0,0.0,0.0,0.0,0.0,0.0,72267.11012797989,70890.0,1377.1101279798895,4227.110127979882,1377.1101279798822
2023-07-28,5877.110127979882,4500.0,3000,0,0,275.0,0.0,0.0,1650.0000000000002,1650.0000000000002,0.0,0.0,72382.11012797989,71280.0,1102.1101279798895,5877.110127979882,1377.1101279798822
2023-07-31,5877.110127979882,4500.0,3000,0,0,275.0,0.0,0.0,0.0,0.0,0.0,0.0,72592.11012797989,71490.0,1102.1101279798895,5877.110127979882,1377.1101279798822
2023-08-01,5877.110127979882,4500.0,3000,0,0,275.0,0.0,0.0,0.0,0.0,0.0,0.0,73612.11012797989,72510.0,1102.1101279798895,5877.110127979882,1377.1101279798822
2023-08-02,5877.110127979882,4500.0,3000,0,0,275.0,0.0,0.0,0.0,0.0,0.0,0.0,72562.11012797989,71460.0,1102.1101279798895,5877.110127979882,1377.1101279798822
2023-08-03,5877.110127979882,4500.0,3000,0,0,275.0,0.0,0.0,0.0,0.0,0.0,0.0,73102.11012797989,72000.0,1102.1101279798895,5877.110127979882,1377.1101279798822
2023-08-04,5877.110127979882,4500.0,3000,0,0,275.0,0.0,0.0,0.0,0.0,0.0,0.0,76912.11012797989,75810.0,1102.1101279798895,5877.110127979882,1377.1101279798822
2023-08-07,5877.110127979882,4500.0,3000,0,0,275.0,0.0,0.0,0.0,0.0,0.0,0.0,80542.11012797989,79440.0,1102.1101279798895,5877.110127979882,1377.1101279798822
2023-08-08,5877.110127979882,4500.0,3000,0,0,275.0,0.0,0.0,0.0,0.0,0.0,0.0,78142.11012797989,77040.0,1102.1101279798895,5877.110127979882,1377.1101279798822
2023-08-09,5877.110127979882,4500.0,3000,0,0,275.0,0.0,0.0,0.0,0.0,0.0,0.0,72352.11012797989,71250.0,1102.1101279798895,5877.110127979882,1377.1101279798822
2023-08-10,5877.110127979882,4500.0,3000,0,0,275.0,0.0,0.0,0.0,0.0,0.0,0.0,70102.11012797989,69000.0,1102.1101279798895,5877.110127979882,1377.1101279798822
2023-08-11,5877.110127979882,4500.0,3000,0,0,275.0,0.0,0.0,0.0,0.0,0.0,0.0,70102.11012797989,69000.0,1102.1101279798895,5877.110127979882,1377.1101279798822
2023-08-14,5877.110127979882,4500.0,3000,0,0,275.0,0.0,0.0,0.0,0.0,0.0,0.0,69802.11012797987,68700.0,1102.110127979875,5877.110127979882,1377.1101279798822
2023-08-15,5877.110127979882,4500.0,3000,0,0,275.0,0.0,0.0,0.0,0.0,0.0,0.0,69772.11012797989,68670.0,1102.1101279798895,5877.110127979882,1377.1101279798822
2023-08-16,5877.110127979882,4500.0,3000,0,0,275.0,0.0,0.0,0.0,0.0,0.0,0.0,68272.11012797989,67170.0,1102.1101279798895,5877.110127979882,1377.1101279798822
2023-08-17,5877.110127979882,4500.0,3000,0,0,275.0,0.0,0.0,0.0,0.0,0.0,0.0,68332.11012797989,67230.0,1102.1101279798895,5877.110127979882,1377.1101279798822
2023-08-18,5877.110127979882,4500.0,3000,0,0,220.0,0.0,0.0,0.0,0.0,0.0,0.0,65957.11012797989,64800.00000000001,1157.1101279798822,5877.110127979882,1377.1101279798822
2023-08-21,5877.110127979882,4500.0,3000,0,0,165.0,0.0,0.0,0.0,0.0,0.0,0.0,66942.11012797989,65730.0,1212.1101279798895,5877.110127979882,1377.1101279798822
2023-08-22,5877.110127979882,4500.0,3000,0,0,165.0,0.0,0.0,0.0,0.0,0.0,0.0,73062.11012797989,71850.0,1212.1101279798895,5877.110127979882,1377.1101279798822
2023-08-23,27112.106436719885,4500.0,2000,0,0,110.0,26.529691260000003,55.0,0.0,0.0,0.0,0.0,69682.10643671989,68520.0,1162.106436719885,27112.106436719885,22612.106436719885
2023-08-24,4882.464192519885,4500.0,3000,0,0,110.0,5.2222442000000004,0.0,0.0,0.0,0.0,0.0,72062.46419251988,71790.0,272.4641925198812,4882.464192519885,382.4641925198848
2023-08-25,4882.464192519885,4500.0,3000,0,0,110.0,0.0,0.0,0.0,0.0,0.0,0.0,65732.46419251988,65460.0,272.4641925198812,4882.464192519885,382.4641925198848
2023-08-28,4882.464192519885,4500.0,3000,0,0,110.0,0.0,0.0,0.0,0.0,0.0,0.0,66812.46419251988,66540.0,272.4641925198812,4882.464192519885,382.4641925198848
2023-08-29,4882.464192519885,4500.0,3000,0,0,110.0,0.0,0.0,0.0,0.0,0.0,0.0,69542.46419251988,69270.0,272.4641925198812,4882.464192519885,382.4641925198848
2023-08-30,4882.464192519885,4500.0,3000,0,0,110.0,0.0,0.0,0.0,0.0,0.0,0.0,70172.46419251988,69900.0,272.4641925198812,4882.464192519885,382.4641925198848
2023-08-31,4882.464192519885,4500.0,3000,0,0,110.0,0.0,0.0,0.0,0.0,0.0,0.0,70502.46419251988,70230.0,272.4641925198812,4882.464192519885,382.4641925198848
2023-09-01,4882.464192519885,4500.0,3000,0,0,110.0,0.0,0.0,0.0,0.0,0.0,0.0,68522.46419251988,68250.0,272.4641925198812,4882.464192519885,382.4641925198848
2023-09-04,4882.464192519885,4500.0,3000,0,0,110.0,0.0,0.0,0.0,0.0,0.0,0.0,67742.46419251988,67470.0,272.4641925198812,4882.464192519885,382.4641925198848
2023-09-05,4882.464192519885,4500.0,3000,0,0,110.0,0.0,0.0,0.0,0.0,0.0,0.0,65702.46419251988,65429.99999999999,272.46419251988846,4882.464192519885,382.4641925198848
2023-09-06,4882.464192519885,4500.0,3000,0,0,110.0,0.0,0.0,0.0,0.0,0.0,0.0,65432.46419251988,65160.0,272.4641925198812,4882.464192519885,382.4641925198848
2023-09-07,23991.562963719887,4500.0,2000,0,0,55.0,14.781228800000001,55.0,0.0,0.0,0.0,0.0,62336.56296371989,62100.0,236.5629637198872,23991.562963719887,19491.562963719887
2023-09-08,5165.694756919886,4500.0,3000,0,0,55.0,5.1882068,0.0,0.0,0.0,0.0,0.0,62350.69475691988,61739.99999999999,610.6947569198892,5165.694756919886,665.6947569198855
2023-09-11,5165.694756919886,4500.0,3000,0,0,55.0,0.0,0.0,0.0,0.0,0.0,0.0,63490.69475691988,62880.0,610.6947569198819,5165.694756919886,665.6947569198855
2023-09-12,5165.694756919886,4500.0,3000,0,0,55.0,0.0,0.0,0.0,0.0,0.0,0.0,62950.69475691988,62340.0,610.6947569198819,5165.694756919886,665.6947569198855
2023-09-13,5165.694756919886,4500.0,3000,0,0,55.0,0.0,0.0,0.0,0.0,0.0,0.0,61690.69475691988,61080.0,610.6947569198819,5165.694756919886,665.6947569198855
2023-09-14,5165.694756919886,4500.0,3000,0,0,55.0,0.0,0.0,0.0,0.0,0.0,0.0,60880.69475691988,60270.0,610.6947569198819,5165.694756919886,665.6947569198855
2023-09-15,5165.694756919886,4500.0,3000,0,0,55.0,0.0,0.0,0.0,0.0,0.0,0.0,59500.69475691988,58890.0,610.6947569198819,5165.694756919886,665.6947569198855
2023-09-18,5165.694756919886,4500.0,3000,0,0,55.0,0.0,0.0,0.0,0.0,0.0,0.0,60010.69475691988,59400.0,610.6947569198819,5165.694756919886,665.6947569198855
2023-09-19,5165.694756919886,4500.0,3000,0,0,55.0,0.0,0.0,0.0,0.0,0.0,0.0,60550.69475691988,59940.0,610.6947569198819,5165.694756919886,665.6947569198855
2023-09-20,5165.694756919886,4500.0,3000,0,0,55.0,0.0,0.0,0.0,0.0,0.0,0.0,60310.69475691988,59699.99999999999,610.6947569198892,5165.694756919886,665.6947569198855
2023-09-21,5165.694756919886,4500.0,3000,0,0,55.0,0.0,0.0,0.0,0.0,0.0,0.0,60040.69475691988,59429.99999999999,610.6947569198892,5165.694756919886,665.6947569198855
2023-09-22,5165.694756919886,4500.0,3000,0,0,55.0,0.0,0.0,0.0,0.0,0.0,0.0,64930.6947569199,64320.00000000001,610.6947569198892,5165.694756919886,665.6947569198855
2023-09-25,24364.648678609883,4500.0,2000,0,0,0.0,14.827078310000001,55.0,0.0,0.0,0.0,0.0,62944.64867860988,62370.0,574.6486786098831,24364.648678609883,19864.648678609883
2023-09-26,4647.79256201988,4500.0,3000,0,0,0.0,5.19711659,0.0,0.0,0.0,0.0,0.0,63837.79256201988,63690.0,147.79256201988028,4647.79256201988,147.79256201988028
2023-09-27,4647.79256201988,4500.0,3000,0,0,0.0,0.0,0.0,0.0,0.0,0.0,0.0,64047.79256201988,63900.0,147.79256201988028,4647.79256201988,147.79256201988028
2023-09-28,4647.79256201988,4500.0,3000,0,0,0.0,0.0,0.0,0.0,0.0,0.0,0.0,63747.79256201988,63600.0,147.79256201988028,4647.79256201988,147.79256201988028
2023-10-09,4647.79256201988,4500.0,3000,0,0,0.0,0.0,0.0,0.0,0.0,0.0,0.0,62427.79256201989,62280.00000000001,147.79256201988028,4647.79256201988,147.79256201988028
2023-10-10,4647.79256201988,4500.0,3000,0,0,0.0,0.0,0.0,0.0,0.0,0.0,0.0,61227.79256201988,61080.0,147.79256201988028,4647.79256201988,147.79256201988028
2023-10-11,4647.79256201988,4500.0,3000,0,0,0.0,0.0,0.0,0.0,0.0,0.0,0.0,62157.79256201989,62010.00000000001,147.79256201988028,4647.79256201988,147.79256201988028
2023-10-12,4647.79256201988,4500.0,3000,0,0,0.0,0.0,0.0,0.0,0.0,0.0,0.0,60897.79256201988,60750.0,147.79256201988028,4647.79256201988,147.79256201988028
2023-10-13,4647.79256201988,4500.0,3000,0,0,0.0,0.0,0.0,0.0,0.0,0.0,0.0,58287.79256201988,58140.0,147.79256201988028,4647.79256201988,147.79256201988028
2023-10-16,4647.79256201988,4500.0,3000,0,0,0.0,0.0,0.0,0.0,0.0,0.0,0.0,56907.79256201989,56760.00000000001,147.79256201988028,4647.79256201988,147.79256201988028
2023-10-17,4647.79256201988,4500.0,3000,0,0,0.0,0.0,0.0,0.0,0.0,0.0,0.0,56487.79256201988,56340.0,147.79256201988028,4647.79256201988,147.79256201988028
2023-10-18,4647.79256201988,4500.0,3000,0,0,0.0,0.0,0.0,0.0,0.0,0.0,0.0,55407.79256201989,55260.00000000001,147.79256201988028,4647.79256201988,147.79256201988028
2023-10-19,4647.79256201988,4500.0,3000,0,0,0.0,0.0,0.0,0.0,0.0,0.0,0.0,54237.79256201988,54090.0,147.79256201988028,4647.79256201988,147.79256201988028
2023-10-20,4647.79256201988,4500.0,3000,0,0,0.0,0.0,0.0,0.0,0.0,0.0,0.0,53157.79256201989,53010.00000000001,147.79256201988028,4647.79256201988,147.79256201988028
2023-10-23,4647.79256201988,4500.0,3000,0,0,0.0,0.0,0.0,0.0,0.0,0.0,0.0,48297.79256201988,48150.0,147.79256201988028,4647.79256201988,147.79256201988028
2023-10-24,4647.79256201988,4500.0,3000,0,0,0.0,0.0,0.0,0.0,0.0,0.0,0.0,45927.79256201988,45780.0,147.79256201988028,4647.79256201988,147.79256201988028
2023-10-25,4647.79256201988,4500.0,3000,0,0,0.0,0.0,0.0,0.0,0.0,0.0,0.0,45267.79256201988,45120.0,147.79256201988028,4647.79256201988,147.79256201988028
2023-10-26,4647.79256201988,4500.0,3000,0,0,0.0,0.0,0.0,0.0,0.0,0.0,0.0,46137.79256201988,45990.0,147.79256201988028,4647.79256201988,147.79256201988028
2023-10-27,4647.79256201988,4500.0,3000,0,0,0.0,0.0,0.0,0.0,0.0,0.0,0.0,46857.79256201988,46710.0,147.79256201988028,4647.79256201988,147.79256201988028
2023-10-30,4647.79256201988,4500.0,3000,0,0,0.0,0.0,0.0,0.0,0.0,0.0,0.0,48447.79256201988,48300.0,147.79256201988028,4647.79256201988,147.79256201988028
2023-10-31,4647.79256201988,4500.0,3000,0,0,0.0,0.0,0.0,0.0,0.0,0.0,0.0,48807.79256201988,48660.0,147.79256201988028,4647.79256201988,147.79256201988028
2023-11-01,4647.79256201988,4500.0,3000,0,0,0.0,0.0,0.0,0.0,0.0,0.0,0.0,48237.79256201988,48090.0,147.79256201988028,4647.79256201988,147.79256201988028
2023-11-02,4647.79256201988,4500.0,3000,0,0,0.0,0.0,0.0,0.0,0.0,0.0,0.0,48447.79256201988,48300.0,147.79256201988028,4647.79256201988,147.79256201988028
2023-11-03,4647.79256201988,4500.0,3000,0,0,0.0,0.0,0.0,0.0,0.0,0.0,0.0,48897.79256201988,48750.0,147.79256201988028,4647.79256201988,147.79256201988028
2023-11-06,4647.79256201988,4500.0,3000,0,0,0.0,0.0,0.0,0.0,0.0,0.0,0.0,49557.79256201988,49410.0,147.79256201988028,4647.79256201988,147.79256201988028
2023-11-07,4647.79256201988,4500.0,3000,0,0,0.0,0.0,0.0,0.0,0.0,0.0,0.0,50817.79256201988,50670.0,147.79256201988028,4647.79256201988,147.79256201988028
2023-11-08,4647.79256201988,4500.0,3000,0,0,0.0,0.0,0.0,0.0,0.0,0.0,0.0,50547.79256201988,50400.0,147.79256201988028,4647.79256201988,147.79256201988028
2023-11-09,4647.79256201988,4500.0,3000,0,0,0.0,0.0,0.0,0.0,0.0,0.0,0.0,51417.79256201988,51270.0,147.79256201988028,4647.79256201988,147.79256201988028
2023-11-10,4647.79256201988,4500.0,3000,0,0,0.0,0.0,0.0,0.0,0.0,0.0,0.0,50877.79256201988,50730.0,147.79256201988028,4647.79256201988,147.79256201988028
2023-11-13,4647.79256201988,4500.0,3000,0,0,0.0,0.0,0.0,0.0,0.0,0.0,0.0,52977.79256201988,52830.0,147.79256201988028,4647.79256201988,147.79256201988028
2023-11-14,4647.79256201988,4500.0,3000,0,0,0.0,0.0,0.0,0.0,0.0,0.0,0.0,53757.79256201988,53610.0,147.79256201988028,4647.79256201988,147.79256201988028
2023-11-15,4647.79256201988,4500.0,3000,0,0,0.0,0.0,0.0,0.0,0.0,0.0,0.0,53877.79256201988,53730.0,147.79256201988028,4647.79256201988,147.79256201988028
2023-11-16,4647.79256201988,4500.0,3000,0,0,0.0,0.0,0.0,0.0,0.0,0.0,0.0,52467.79256201988,52320.0,147.79256201988028,4647.79256201988,147.79256201988028
2023-11-17,4647.79256201988,4500.0,3000,0,0,0.0,0.0,0.0,0.0,0.0,0.0,0.0,53697.79256201989,53550.00000000001,147.79256201988028,4647.79256201988,147.79256201988028
2023-11-20,20736.848405339882,4500.0,2000,0,0,0.0,13.212156680000001,0.0,0.0,0.0,0.0,0.0,52976.848405339886,52860.0,116.84840533988609,20736.848405339882,16236.848405339882
2023-11-21,4623.98832834988,4500.0,3000,0,0,0.0,5.16107699,0.0,0.0,0.0,0.0,0.0,52503.98832834988,52380.0,123.98832834987843,4623.98832834988,123.98832834988025
2023-11-22,4623.98832834988,4500.0,3000,0,0,0.0,0.0,0.0,0.0,0.0,0.0,0.0,51333.98832834988,51210.0,123.98832834987843,4623.98832834988,123.98832834988025
2023-11-23,4623.98832834988,4500.0,3000,0,0,0.0,0.0,0.0,0.0,0.0,0.0,0.0,51783.98832834988,51660.0,123.98832834987843,4623.98832834988,123.98832834988025
2023-11-24,4623.98832834988,4500.0,3000,0,0,0.0,0.0,0.0,0.0,0.0,0.0,0.0,50823.98832834988,50700.0,123.98832834987843,4623.98832834988,123.98832834988025
2023-11-27,4623.98832834988,4500.0,3000,0,0,0.0,0.0,0.0,0.0,0.0,0.0,0.0,49293.98832834988,49170.0,123.98832834987843,4623.98832834988,123.98832834988025
2023-11-28,4623.98832834988,4500.0,3000,0,0,0.0,0.0,0.0,0.0,0.0,0.0,0.0,50073.98832834988,49950.0,123.98832834987843,4623.98832834988,123.98832834988025
2023-11-29,19544.927215299882,4500.0,2000,0,0,0.0,12.616113050000001,0.0,0.0,0.0,0.0,0.0,49444.92721529988,49350.0,94.92721529988194,19544.927215299882,15044.927215299882
2023-11-30,4703.47685227988,4500.0,3000,0,0,0.0,5.14836302,0.0,0.0,0.0,0.0,0.0,50003.476852279884,49800.0,203.47685227988404,4703.47685227988,203.4768522798804
2023-12-01,4703.47685227988,4500.0,3000,0,0,0.0,0.0,0.0,0.0,0.0,0.0,0.0,50153.476852279884,49950.0,203.47685227988404,4703.47685227988,203.4768522798804
2023-12-04,4703.47685227988,4500.0,3000,0,0,0.0,0.0,0.0,0.0,0.0,0.0,0.0,49043.476852279884,48840.0,203.47685227988404,4703.47685227988,203.4768522798804
2023-12-05,4703.47685227988,4500.0,3000,0,0,0.0,0.0,0.0,0.0,0.0,0.0,0.0,47153.476852279884,46950.0,203.47685227988404,4703.47685227988,203.4768522798804
2023-12-06,4703.47685227988,4500.0,3000,0,0,0.0,0.0,0.0,0.0,0.0,0.0,0.0,47453.476852279884,47250.0,203.47685227988404,4703.47685227988,203.4768522798804
2023-12-07,4703.47685227988,4500.0,3000,0,0,0.0,0.0,0.0,0.0,0.0,0.0,0.0,47693.476852279884,47490.0,203.47685227988404,4703.47685227988,203.4768522798804
2023-12-08,4703.47685227988,4500.0,3000,0,0,0.0,0.0,0.0,0.0,0.0,0.0,0.0,51983.476852279884,51780.0,203.47685227988404,4703.47685227988,203.4768522798804
2023-12-11,20263.38569826988,4500.0,2000,0,0,0.0,12.942154010000001,0.0,0.0,0.0,0.0,0.0,51443.38569826988,51270.0,173.38569826987805,20263.38569826988,15763.385698269882
2023-12-12,4831.280428759881,4500.0,3000,0,0,0.0,5.15426951,0.0,0.0,0.0,0.0,0.0,50611.280428759885,50280.0,331.28042875988467,4831.280428759881,331.28042875988103
2023-12-13,4831.280428759881,4500.0,3000,0,0,0.0,0.0,0.0,0.0,0.0,0.0,0.0,50071.280428759885,49740.0,331.28042875988467,4831.280428759881,331.28042875988103
2023-12-14,4831.280428759881,4500.0,3000,0,0,0.0,0.0,0.0,0.0,0.0,0.0,0.0,49831.280428759885,49500.0,331.28042875988467,4831.280428759881,331.28042875988103
2023-12-15,4831.280428759881,4500.0,3000,0,0,0.0,0.0,0.0,0.0,0.0,0.0,0.0,49171.280428759885,48840.0,331.28042875988467,4831.280428759881,331.28042875988103
2023-12-18,4831.280428759881,4500.0,3000,0,0,0.0,0.0,0.0,0.0,0.0,0.0,0.0,49921.280428759885,49590.0,331.28042875988467,4831.280428759881,331.28042875988103
2023-12-19,4831.280428759881,4500.0,3000,0,0,0.0,0.0,0.0,0.0,0.0,0.0,0.0,50341.280428759885,50010.0,331.28042875988467,4831.280428759881,331.28042875988103
2023-12-20,19352.863091309882,4500.0,2000,0,0,0.0,12.41233745,0.0,0.0,0.0,0.0,0.0,48452.86309130988,48150.0,302.8630913098823,19352.863091309882,14852.863091309882
2023-12-21,4701.623630379881,4500.0,3000,0,0,0.0,5.14646093,0.0,0.0,0.0,0.0,0.0,48411.62363037988,48210.0,201.62363037987961,4701.623630379881,201.62363037988143
2023-12-22,4701.623630379881,4500.0,3000,0,0,0.0,0.0,0.0,0.0,0.0,0.0,0.0,47661.62363037988,47460.0,201.62363037987961,4701.623630379881,201.62363037988143
2023-12-25,4701.623630379881,4500.0,3000,0,0,0.0,0.0,0.0,0.0,0.0,0.0,0.0,47331.62363037988,47130.0,201.62363037987961,4701.623630379881,201.62363037988143
2023-12-26,4701.623630379881,4500.0,3000,0,0,0.0,0.0,0.0,0.0,0.0,0.0,0.0,46311.62363037988,46110.0,201.62363037987961,4701.623630379881,201.62363037988143
2023-12-27,4701.623630379881,4500.0,3000,0,0,0.0,0.0,0.0,0.0,0.0,0.0,0.0,46491.62363037988,46290.0,201.62363037987961,4701.623630379881,201.62363037988143
2023-12-28,4701.623630379881,4500.0,3000,0,0,0.0,0.0,0.0,0.0,0.0,0.0,0.0,49101.62363037988,48900.0,201.62363037987961,4701.623630379881,201.62363037988143
2023-12-29,4701.623630379881,4500.0,3000,0,0,0.0,0.0,0.0,0.0,0.0,0.0,0.0,50061.62363037988,49860.0,201.62363037987961,4701.623630379881,201.62363037988143
2024-01-02,4701.623630379881,4500.0,3000,0,0,0.0,0.0,0.0,0.0,0.0,0.0,0.0,47301.62363037988,47100.0,201.62363037987961,4701.623630379881,201.62363037988143
2024-01-03,4701.623630379881,4500.0,3000,0,0,0.0,0.0,0.0,0.0,0.0,0.0,0.0,46341.62363037988,46140.0,201.62363037987961,4701.623630379881,201.62363037988143
2024-01-04,4701.623630379881,4500.0,3000,0,0,0.0,0.0,0.0,0.0,0.0,0.0,0.0,45111.62363037988,44910.0,201.62363037987961,4701.623630379881,201.62363037988143
2024-01-05,4701.623630379881,4500.0,3000,0,0,0.0,0.0,0.0,0.0,0.0,0.0,0.0,44601.62363037988,44400.0,201.62363037987961,4701.623630379881,201.62363037988143
2024-01-08,4701.623630379881,4500.0,3000,0,0,0.0,0.0,0.0,0.0,0.0,0.0,0.0,43941.62363037988,43740.0,201.62363037987961,4701.623630379881,201.62363037988143
2024-01-09,4701.623630379881,4500.0,3000,0,0,0.0,0.0,0.0,0.0,0.0,0.0,0.0,44271.62363037988,44070.0,201.62363037987961,4701.623630379881,201.62363037988143
2024-01-10,4701.623630379881,4500.0,3000,0,0,0.0,0.0,0.0,0.0,0.0,0.0,0.0,43431.62363037988,43230.0,201.62363037987961,4701.623630379881,201.62363037988143
2024-01-11,4701.623630379881,4500.0,3000,0,0,0.0,0.0,0.0,0.0,0.0,0.0,0.0,44151.62363037988,43950.0,201.62363037987961,4701.623630379881,201.62363037988143
2024-01-12,4701.623630379881,4500.0,3000,0,0,0.0,0.0,0.0,0.0,0.0,0.0,0.0,43281.62363037988,43080.0,201.62363037987961,4701.623630379881,201.62363037988143
2024-01-15,4701.623630379881,4500.0,3000,0,0,0.0,0.0,0.0,0.0,0.0,0.0,0.0,42861.62363037988,42660.0,201.62363037987961,4701.623630379881,201.62363037988143
2024-01-16,4701.623630379881,4500.0,3000,0,0,0.0,0.0,0.0,0.0,0.0,0.0,0.0,43431.62363037988,43230.0,201.62363037987961,4701.623630379881,201.62363037988143
2024-01-17,4701.623630379881,4500.0,3000,0,0,0.0,0.0,0.0,0.0,0.0,0.0,0.0,42741.62363037988,42540.0,201.62363037987961,4701.623630379881,201.62363037988143
2024-01-18,4701.623630379881,4500.0,3000,0,0,0.0,0.0,0.0,0.0,0.0,0.0,0.0,45831.62363037988,45630.0,201.62363037987961,4701.623630379881,201.62363037988143
2024-01-19,18873.769596579885,4500.0,2000,0,0,0.0,12.2340338,0.0,0.0,0.0,0.0,0.0,47273.769596579885,47100.0,173.76959657988482,18873.769596579885,14373.769596579885
2024-01-22,4102.396934329883,4500.0,3000,0,0,0.0,5.14766225,0.0,0.0,0.0,0.0,0.0,47302.39693432988,47700.0,-397.60306567011867,4102.396934329883,-397.60306567011685
2024-01-23,4102.396934329883,4500.0,3000,0,0,0.0,0.0,0.0,0.0,0.0,0.0,0.0,47602.39693432988,48000.0,-397.60306567011867,4102.396934329883,-397.60306567011685
2024-01-24,4102.396934329883,4500.0,3000,0,0,0.0,0.0,0.0,0.0,0.0,0.0,0.0,47602.39693432988,48000.0,-397.60306567011867,4102.396934329883,-397.60306567011685
2024-01-25,4102.396934329883,4500.0,3000,0,0,0.0,0.0,0.0,0.0,0.0,0.0,0.0,49342.39693432988,49740.0,-397.60306567011867,4102.396934329883,-397.60306567011685
2024-01-26,4102.396934329883,4500.0,3000,0,0,0.0,0.0,0.0,0.0,0.0,0.0,0.0,47332.39693432988,47730.0,-397.60306567011867,4102.396934329883,-397.60306567011685
2024-01-29,4102.396934329883,4500.0,3000,0,0,0.0,0.0,0.0,0.0,0.0,0.0,0.0,44872.39693432988,45270.0,-397.60306567011867,4102.396934329883,-397.60306567011685
2024-01-30,4102.396934329883,4500.0,3000,0,0,0.0,0.0,0.0,0.0,0.0,0.0,0.0,44602.39693432988,45000.0,-397.60306567011867,4102.396934329883,-397.60306567011685
2024-01-31,4102.396934329883,4500.0,3000,0,0,0.0,0.0,0.0,0.0,0.0,0.0,0.0,44032.39693432988,44430.0,-397.60306567011867,4102.396934329883,-397.60306567011685
2024-02-01,4102.396934329883,4500.0,3000,0,0,0.0,0.0,0.0,0.0,0.0,0.0,0.0,47782.39693432988,48180.0,-397.60306567011867,4102.396934329883,-397.60306567011685
2024-02-02,17994.993543449884,4500.0,2000,0,0,0.0,12.09139088,0.0,0.0,0.0,0.0,0.0,45834.993543449884,46260.0,-425.0064565501161,17994.993543449884,13494.993543449884
2024-02-05,3553.9871848298826,4500.0,3000,0,0,0.0,5.14435862,0.0,0.0,0.0,0.0,0.0,47863.98718482988,48810.0,-946.012815170121,3553.9871848298826,-946.0128151701174
2024-02-06,3553.9871848298826,4500.0,3000,0,0,0.0,0.0,0.0,0.0,0.0,0.0,0.0,50143.98718482988,51090.0,-946.012815170121,3553.9871848298826,-946.0128151701174
2024-02-07,3553.9871848298826,4500.0,3000,0,0,0.0,0.0,0.0,0.0,0.0,0.0,0.0,49453.98718482988,50400.0,-946.012815170121,3553.9871848298826,-946.0128151701174
2024-02-08,3553.9871848298826,4500.0,3000,0,0,0.0,0.0,0.0,0.0,0.0,0.0,0.0,50653.98718482988,51600.0,-946.012815170121,3553.9871848298826,-946.0128151701174
2024-02-19,3553.9871848298826,4500.0,3000,0,0,0.0,0.0,0.0,0.0,0.0,0.0,0.0,55363.98718482988,56310.0,-946.012815170121,3553.9871848298826,-946.0128151701174
2024-02-20,22009.228657719883,4500.0,2000,0,0,0.0,14.41952711,0.0,0.0,0.0,0.0,0.0,58989.22865771988,59969.99999999999,-980.7713422801098,22009.228657719883,17509.228657719883
2024-02-21,4214.503762249882,4500.0,3000,0,0,0.0,5.17789547,0.0,0.0,0.0,0.0,0.0,56864.50376224988,57150.0,-285.4962377501215,4214.503762249882,-285.49623775011787
2024-02-22,4214.503762249882,4500.0,3000,0,0,0.0,0.0,0.0,0.0,0.0,0.0,0.0,58784.50376224989,59070.00000000001,-285.49623775011423,4214.503762249882,-285.49623775011787
2024-02-23,4214.503762249882,4500.0,3000,0,0,0.0,0.0,0.0,0.0,0.0,0.0,0.0,58724.50376224989,59010.00000000001,-285.49623775011423,4214.503762249882,-285.49623775011787
2024-02-26,4214.503762249882,4500.0,3000,0,0,0.0,0.0,0.0,0.0,0.0,0.0,0.0,57224.50376224989,57510.00000000001,-285.49623775011423,4214.503762249882,-285.49623775011787
2024-02-27,4214.503762249882,4500.0,3000,0,0,0.0,0.0,0.0,0.0,0.0,0.0,0.0,62204.50376224988,62489.99999999999,-285.49623775011423,4214.503762249882,-285.49623775011787
2024-02-28,22380.21197244988,4500.0,2000,0,0,0.0,14.2717898,0.0,0.0,0.0,0.0,0.0,58780.21197244988,59100.0,-319.78802755012293,22380.21197244988,17880.21197244988
2024-02-29,3864.6878690598787,4500.0,3000,0,0,0.0,5.18510339,0.0,0.0,0.0,0.0,0.0,59934.68786905988,60570.00000000001,-635.3121309401249,3864.6878690598787,-635.3121309401213
2024-03-01,3864.6878690598787,4500.0,3000,0,0,0.0,0.0,0.0,0.0,0.0,0.0,0.0,63924.68786905988,64560.0,-635.3121309401176,3864.6878690598787,-635.3121309401213
2024-03-04,3864.6878690598787,4500.0,3000,0,0,0.0,0.0,0.0,0.0,0.0,0.0,0.0,69924.68786905988,70560.0,-635.3121309401176,3864.6878690598787,-635.3121309401213
2024-03-05,26573.073131809877,4500.0,2000,0,0,0.0,16.58973725,0.0,0.0,0.0,0.0,0.0,72073.07313180988,72750.0,-676.9268681901158,26573.073131809877,22073.073131809877
2024-03-06,4253.330986619872,4500.0,3000,0,0,0.0,5.22314519,0.0,0.0,0.0,0.0,0.0,70283.33098661987,70530.0,-246.66901338013122,4253.330986619872,-246.66901338012758
2024-03-07,4253.330986619872,4500.0,3000,0,0,0.0,0.0,0.0,0.0,0.0,0.0,0.0,72083.33098661987,72330.0,-246.66901338013122,4253.330986619872,-246.66901338012758
2024-03-08,4253.330986619872,4500.0,3000,0,0,0.0,0.0,0.0,0.0,0.0,0.0,0.0,78863.33098661987,79110.0,-246.66901338013122,4253.330986619872,-246.66901338012758
2024-03-11,30026.775271639875,4500.0,2000,0,0,0.0,18.153714980000004,0.0,0.0,0.0,0.0,0.0,81666.77527163987,81960.0,-293.22472836013185,30026.775271639875,25526.775271639875
2024-03-12,4633.625392679871,4500.0,3000,0,0,0.0,5.25387896,0.0,0.0,0.0,0.0,0.0,79033.62539267987,78900.0,133.62539267986722,4633.625392679871,133.62539267987086
2024-03-13,4633.625392679871,4500.0,3000,0,0,0.0,0.0,0.0,0.0,0.0,0.0,0.0,77683.62539267987,77550.0,133.62539267986722,4633.625392679871,133.62539267987086
2024-03-14,4633.625392679871,4500.0,3000,0,0,0.0,0.0,0.0,0.0,0.0,0.0,0.0,73183.62539267987,73050.0,133.62539267986722,4633.625392679871,133.62539267987086
2024-03-15,4633.625392679871,4500.0,3000,0,0,0.0,0.0,0.0,0.0,0.0,0.0,0.0,73873.62539267987,73740.0,133.62539267986722,4633.625392679871,133.62539267987086
2024-03-18,4633.625392679871,4500.0,3000,0,0,0.0,0.0,0.0,0.0,0.0,0.0,0.0,79663.62539267987,79530.0,133.62539267986722,4633.625392679871,133.62539267987086
2024-03-19,4633.625392679871,4500.0,3000,0,0,0.0,0.0,0.0,0.0,0.0,0.0,0.0,81163.62539267987,81030.0,133.62539267986722,4633.625392679871,133.62539267987086
2024-03-20,4633.625392679871,4500.0,3000,0,0,0.0,0.0,0.0,0.0,0.0,0.0,0.0,79873.62539267987,79740.0,133.62539267986722,4633.625392679871,133.62539267987086
2024-03-21,4633.625392679871,4500.0,3000,0,0,0.0,0.0,0.0,0.0,0.0,0.0,0.0,79603.62539267987,79470.0,133.62539267986722,4633.625392679871,133.62539267987086
2024-03-22,4633.625392679871,4500.0,3000,0,0,0.0,0.0,0.0,0.0,0.0,0.0,0.0,77923.62539267987,77790.0,133.62539267986722,4633.625392679871,133.62539267987086
2024-03-25,4633.625392679871,4500.0,3000,0,0,0.0,0.0,0.0,0.0,0.0,0.0,0.0,76363.62539267987,76230.0,133.62539267986722,4633.625392679871,133.62539267987086
2024-03-26,4633.625392679871,4500.0,3000,0,0,0.0,0.0,0.0,0.0,0.0,0.0,0.0,75823.62539267987,75690.0,133.62539267986722,4633.625392679871,133.62539267987086
2024-03-27,4633.625392679871,4500.0,3000,0,0,0.0,0.0,0.0,0.0,0.0,0.0,0.0,71863.62539267987,71730.0,133.62539267986722,4633.625392679871,133.62539267987086
2024-03-28,4633.625392679871,4500.0,3000,0,0,0.0,0.0,0.0,0.0,0.0,0.0,0.0,74983.62539267987,74850.0,133.62539267986722,4633.625392679871,133.62539267987086
2024-03-29,4633.625392679871,4500.0,3000,0,0,0.0,0.0,0.0,0.0,0.0,0.0,0.0,72943.62539267987,72810.0,133.62539267986722,4633.625392679871,133.62539267987086
2024-04-01,4633.625392679871,4500.0,3000,0,0,0.0,0.0,0.0,0.0,0.0,0.0,0.0,74563.62539267987,74430.0,133.62539267986722,4633.625392679871,133.62539267987086
2024-04-02,4633.625392679871,4500.0,3000,0,0,0.0,0.0,0.0,0.0,0.0,0.0,0.0,73333.62539267987,73200.0,133.62539267986722,4633.625392679871,133.62539267987086
2024-04-03,4633.625392679871,4500.0,3000,0,0,0.0,0.0,0.0,0.0,0.0,0.0,0.0,70393.62539267987,70260.0,133.62539267986722,4633.625392679871,133.62539267987086
2024-04-08,4633.625392679871,4500.0,3000,0,0,0.0,0.0,0.0,0.0,0.0,0.0,0.0,70633.62539267987,70500.0,133.62539267986722,4633.625392679871,133.62539267987086
2024-04-09,4633.625392679871,4500.0,3000,0,0,0.0,0.0,0.0,0.0,0.0,0.0,0.0,70303.62539267987,70170.0,133.62539267986722,4633.625392679871,133.62539267987086
2024-04-10,4633.625392679871,4500.0,3000,0,0,0.0,0.0,0.0,0.0,0.0,0.0,0.0,67933.62539267988,67800.0,133.62539267988177,4633.625392679871,133.62539267987086
2024-04-11,4633.625392679871,4500.0,3000,0,0,0.0,0.0,0.0,0.0,0.0,0.0,0.0,68383.62539267987,68250.0,133.62539267986722,4633.625392679871,133.62539267987086
2024-04-12,4633.625392679871,4500.0,3000,0,0,0.0,0.0,0.0,0.0,0.0,0.0,0.0,71413.62539267987,71280.0,133.62539267986722,4633.625392679871,133.62539267987086
2024-04-15,4633.625392679871,4500.0,3000,0,0,0.0,0.0,0.0,0.0,0.0,0.0,0.0,71353.62539267987,71220.0,133.62539267986722,4633.625392679871,133.62539267987086
2024-04-16,4633.625392679871,4500.0,3000,0,0,0.0,0.0,0.0,0.0,0.0,0.0,0.0,70063.62539267987,69930.0,133.62539267986722,4633.625392679871,133.62539267987086
2024-04-17,4633.625392679871,4500.0,3000,0,0,0.0,0.0,0.0,0.0,0.0,0.0,0.0,72133.62539267987,72000.0,133.62539267986722,4633.625392679871,133.62539267987086
2024-04-18,4633.625392679871,4500.0,3000,0,0,0.0,0.0,0.0,0.0,0.0,0.0,0.0,73333.62539267987,73200.0,133.62539267986722,4633.625392679871,133.62539267987086
2024-04-19,4633.625392679871,4500.0,3000,0,0,0.0,0.0,0.0,0.0,0.0,0.0,0.0,70783.62539267987,70650.0,133.62539267986722,4633.625392679871,133.62539267987086
2024-04-22,4633.625392679871,4500.0,3000,0,0,0.0,0.0,0.0,0.0,0.0,0.0,0.0,67153.62539267987,67020.0,133.62539267986722,4633.625392679871,133.62539267987086
2024-04-23,4633.625392679871,4500.0,3000,0,0,0.0,0.0,0.0,0.0,0.0,0.0,0.0,66403.62539267987,66270.0,133.62539267986722,4633.625392679871,133.62539267987086
2024-04-24,4633.625392679871,4500.0,3000,0,0,0.0,0.0,0.0,0.0,0.0,0.0,0.0,71353.62539267987,71220.0,133.62539267986722,4633.625392679871,133.62539267987086
2024-04-25,4633.625392679871,4500.0,3000,0,0,0.0,0.0,0.0,0.0,0.0,0.0,0.0,71203.62539267987,71070.0,133.62539267986722,4633.625392679871,133.62539267987086
2024-04-26,4633.625392679871,4500.0,3000,0,0,0.0,0.0,0.0,0.0,0.0,0.0,0.0,77863.62539267987,77730.0,133.62539267986722,4633.625392679871,133.62539267987086
2024-04-29,29109.161948399873,4500.0,2000,0,0,0.0,17.491444280000003,0.0,0.0,0.0,0.0,0.0,78149.16194839988,78060.0,89.1619483998802,29109.161948399873,24609.161948399873
2024-04-30,4376.744676699873,4500.0,3000,0,0,0.0,5.2472717,0.0,0.0,0.0,0.0,0.0,77876.74467669988,78000.0,-123.25532330012356,4376.744676699873,-123.2553233001272
2024-05-06,4376.744676699873,4500.0,3000,0,0,0.0,0.0,0.0,0.0,0.0,0.0,0.0,78836.74467669988,78960.0,-123.25532330012356,4376.744676699873,-123.2553233001272
2024-05-07,4376.744676699873,4500.0,3000,0,0,0.0,0.0,0.0,0.0,0.0,0.0,0.0,80516.74467669988,80640.0,-123.25532330012356,4376.744676699873,-123.2553233001272
2024-05-08,4376.744676699873,4500.0,3000,0,0,0.0,0.0,0.0,0.0,0.0,0.0,0.0,77756.74467669988,77880.0,-123.25532330012356,4376.744676699873,-123.2553233001272
2024-05-09,4376.744676699873,4500.0,3000,0,0,0.0,0.0,0.0,0.0,0.0,0.0,0.0,77036.74467669988,77160.0,-123.25532330012356,4376.744676699873,-123.2553233001272
2024-05-10,4376.744676699873,4500.0,3000,0,0,0.0,0.0,0.0,0.0,0.0,0.0,0.0,76136.74467669988,76260.0,-123.25532330012356,4376.744676699873,-123.2553233001272
2024-05-13,4376.744676699873,4500.0,3000,0,0,0.0,0.0,0.0,0.0,0.0,0.0,0.0,76376.74467669988,76500.0,-123.25532330012356,4376.744676699873,-123.2553233001272
2024-05-14,4376.744676699873,4500.0,3000,0,0,0.0,0.0,0.0,0.0,0.0,0.0,0.0,75776.74467669988,75900.0,-123.25532330012356,4376.744676699873,-123.2553233001272
2024-05-15,4376.744676699873,4500.0,3000,0,0,0.0,0.0,0.0,0.0,0.0,0.0,0.0,77276.74467669988,77400.0,-123.25532330012356,4376.744676699873,-123.2553233001272
2024-05-16,4376.744676699873,4500.0,3000,0,0,0.0,0.0,0.0,0.0,0.0,0.0,0.0,81116.74467669988,81240.0,-123.25532330012356,4376.744676699873,-123.2553233001272
2024-05-17,4376.744676699873,4500.0,3000,0,0,0.0,0.0,0.0,0.0,0.0,0.0,0.0,81476.74467669988,81600.0,-123.25532330012356,4376.744676699873,-123.2553233001272
2024-05-20,4376.744676699873,4500.0,3000,0,0,0.0,0.0,0.0,0.0,0.0,0.0,0.0,83036.74467669988,83160.0,-123.25532330012356,4376.744676699873,-123.2553233001272
2024-05-21,30050.34990561987,4500.0,2000,0,0,0.0,18.10277108,0.0,0.0,0.0,0.0,0.0,81490.34990561986,81660.0,-169.65009438013658,30050.34990561987,25550.34990561987
2024-05-22,4557.089025559868,4500.0,3000,0,0,0.0,5.25488006,0.0,0.0,0.0,0.0,0.0,80847.08902555986,80790.0,57.08902555986424,4557.089025559868,57.08902555986788
2024-05-23,4557.089025559868,4500.0,3000,0,0,0.0,0.0,0.0,0.0,0.0,0.0,0.0,81417.08902555986,81360.0,57.08902555986424,4557.089025559868,57.08902555986788
2024-05-24,4557.089025559868,4500.0,3000,0,0,0.0,0.0,0.0,0.0,0.0,0.0,0.0,77007.08902555986,76950.0,57.08902555986424,4557.089025559868,57.08902555986788
2024-05-27,4557.089025559868,4500.0,3000,0,0,0.0,0.0,0.0,0.0,0.0,0.0,0.0,79137.08902555986,79080.0,57.08902555986424,4557.089025559868,57.08902555986788
2024-05-28,4557.089025559868,4500.0,3000,0,0,0.0,0.0,0.0,0.0,0.0,0.0,0.0,76917.08902555986,76860.0,57.08902555986424,4557.089025559868,57.08902555986788
2024-05-29,4557.089025559868,4500.0,3000,0,0,0.0,0.0,0.0,0.0,0.0,0.0,0.0,77187.08902555986,77130.0,57.08902555986424,4557.089025559868,57.08902555986788
2024-05-30,4557.089025559868,4500.0,3000,0,0,0.0,0.0,0.0,0.0,0.0,0.0,0.0,76377.08902555986,76320.0,57.08902555986424,4557.089025559868,57.08902555986788
2024-05-31,4557.089025559868,4500.0,3000,0,0,0.0,0.0,0.0,0.0,0.0,0.0,0.0,73287.08902555986,73230.0,57.08902555986424,4557.089025559868,57.08902555986788
2024-06-03,4557.089025559868,4500.0,3000,0,0,0.0,0.0,0.0,0.0,0.0,0.0,0.0,76167.08902555986,76110.0,57.08902555986424,4557.089025559868,57.08902555986788
2024-06-04,4557.089025559868,4500.0,3000,0,0,0.0,0.0,0.0,0.0,0.0,0.0,0.0,75927.08902555986,75870.0,57.08902555986424,4557.089025559868,57.08902555986788
2024-06-05,4557.089025559868,4500.0,3000,0,0,0.0,0.0,0.0,0.0,0.0,0.0,0.0,75657.08902555986,75600.0,57.08902555986424,4557.089025559868,57.08902555986788
2024-06-06,4557.089025559868,4500.0,3000,0,0,0.0,0.0,0.0,0.0,0.0,0.0,0.0,82767.08902555986,82710.0,57.08902555986424,4557.089025559868,57.08902555986788
2024-06-07,29042.60948688987,4500.0,2000,0,0,0.0,17.49653867,0.0,0.0,0.0,0.0,0.0,78102.60948688987,78090.0,12.609486889865366,29042.60948688987,24542.60948688987
2024-06-11,4440.336516619867,4500.0,3000,0,0,0.0,5.24597027,0.0,0.0,0.0,0.0,0.0,77070.33651661986,77130.0,-59.66348338013631,4440.336516619867,-59.663483380132675
2024-06-12,4440.336516619867,4500.0,3000,0,0,0.0,0.0,0.0,0.0,0.0,0.0,0.0,77550.33651661986,77610.0,-59.66348338013631,4440.336516619867,-59.663483380132675
2024-06-13,4440.336516619867,4500.0,3000,0,0,0.0,0.0,0.0,0.0,0.0,0.0,0.0,82140.33651661986,82200.0,-59.66348338013631,4440.336516619867,-59.663483380132675
2024-06-14,4440.336516619867,4500.0,3000,0,0,0.0,0.0,0.0,0.0,0.0,0.0,0.0,86130.33651661986,86190.0,-59.66348338013631,4440.336516619867,-59.663483380132675
2024-06-17,4440.336516619867,4500.0,3000,0,0,0.0,0.0,0.0,0.0,0.0,0.0,0.0,86970.33651661986,87030.0,-59.66348338013631,4440.336516619867,-59.663483380132675
2024-06-18,4440.336516619867,4500.0,3000,0,0,0.0,0.0,0.0,0.0,0.0,0.0,0.0,90300.33651661986,90360.0,-59.66348338013631,4440.336516619867,-59.663483380132675
2024-06-19,4440.336516619867,4500.0,3000,0,0,0.0,0.0,0.0,0.0,0.0,0.0,0.0,89850.33651661986,89910.0,-59.66348338013631,4440.336516619867,-59.663483380132675
2024-06-20,4440.336516619867,4500.0,3000,0,0,0.0,0.0,0.0,0.0,0.0,0.0,0.0,90270.33651661986,90330.0,-59.66348338013631,4440.336516619867,-59.663483380132675
2024-06-21,4440.336516619867,4500.0,3000,0,0,0.0,0.0,0.0,0.0,0.0,0.0,0.0,89850.33651661986,89910.0,-59.66348338013631,4440.336516619867,-59.663483380132675
2024-06-24,4440.336516619867,4500.0,3000,0,0,0.0,0.0,0.0,0.0,0.0,0.0,0.0,87090.33651661986,87150.0,-59.66348338013631,4440.336516619867,-59.663483380132675
2024-06-25,4440.336516619867,4500.0,3000,0,0,0.0,0.0,0.0,0.0,0.0,0.0,0.0,83760.33651661986,83820.0,-59.66348338013631,4440.336516619867,-59.663483380132675
2024-06-26,4440.336516619867,4500.0,3000,0,0,0.0,0.0,0.0,0.0,0.0,0.0,0.0,85950.33651661986,86010.0,-59.66348338013631,4440.336516619867,-59.663483380132675
2024-06-27,4440.336516619867,4500.0,3000,0,0,0.0,0.0,0.0,0.0,0.0,0.0,0.0,84870.33651661986,84930.0,-59.66348338013631,4440.336516619867,-59.663483380132675
2024-06-28,4440.336516619867,4500.0,3000,0,0,0.0,0.0,0.0,0.0,0.0,0.0,0.0,86640.33651661986,86700.0,-59.66348338013631,4440.336516619867,-59.663483380132675
2024-07-01,4440.336516619867,4500.0,3000,0,0,0.0,0.0,0.0,0.0,0.0,0.0,0.0,88440.33651661986,88500.0,-59.66348338013631,4440.336516619867,-59.663483380132675
2024-07-02,4440.336516619867,4500.0,3000,0,0,0.0,0.0,0.0,0.0,0.0,0.0,0.0,86520.33651661986,86580.0,-59.66348338013631,4440.336516619867,-59.663483380132675
2024-07-03,4440.336516619867,4500.0,3000,0,0,0.0,0.0,0.0,0.0,0.0,0.0,0.0,86580.33651661986,86640.0,-59.66348338013631,4440.336516619867,-59.663483380132675
2024-07-04,4440.336516619867,4500.0,3000,0,0,0.0,0.0,0.0,0.0,0.0,0.0,0.0,86250.33651661986,86310.0,-59.66348338013631,4440.336516619867,-59.663483380132675
2024-07-05,4440.336516619867,4500.0,3000,0,0,0.0,0.0,0.0,0.0,0.0,0.0,0.0,85680.33651661986,85740.0,-59.66348338013631,4440.336516619867,-59.663483380132675
2024-07-08,4440.336516619867,4500.0,3000,0,0,0.0,0.0,0.0,0.0,0.0,0.0,0.0,85320.33651661986,85380.0,-59.66348338013631,4440.336516619867,-59.663483380132675
2024-07-09,4440.336516619867,4500.0,3000,0,0,0.0,0.0,0.0,0.0,0.0,0.0,0.0,91440.33651661986,91500.0,-59.66348338013631,4440.336516619867,-59.663483380132675
2024-07-10,33338.74325756986,4500.0,2000,0,0,0.0,19.74825905,0.0,0.0,0.0,0.0,0.0,91238.74325756986,91350.0,-111.25674243013782,33338.74325756986,28838.743257569862
2024-07-11,4471.741640439857,4500.0,3000,0,0,0.0,5.28861713,0.0,0.0,0.0,0.0,0.0,90751.74164043985,90780.0,-28.258359560146346,4471.741640439857,-28.258359560142708
2024-07-12,4471.741640439857,4500.0,3000,0,0,0.0,0.0,0.0,0.0,0.0,0.0,0.0,86251.74164043985,86280.0,-28.258359560146346,4471.741640439857,-28.258359560142708
2024-07-15,4471.741640439857,4500.0,3000,0,0,0.0,0.0,0.0,0.0,0.0,0.0,0.0,85351.74164043985,85380.0,-28.258359560146346,4471.741640439857,-28.258359560142708
2024-07-16,4471.741640439857,4500.0,3000,0,0,0.0,0.0,0.0,0.0,0.0,0.0,0.0,86851.74164043985,86880.0,-28.258359560146346,4471.741640439857,-28.258359560142708
2024-07-17,4471.741640439857,4500.0,3000,0,0,0.0,0.0,0.0,0.0,0.0,0.0,0.0,82321.74164043985,82350.0,-28.258359560146346,4471.741640439857,-28.258359560142708
2024-07-18,4471.741640439857,4500.0,3000,0,0,0.0,0.0,0.0,0.0,0.0,0.0,0.0,80701.74164043985,80730.0,-28.258359560146346,4471.741640439857,-28.258359560142708
2024-07-19,29087.052874699857,4500.0,2000,0,0,0.0,17.562765740000003,0.0,0.0,0.0,0.0,0.0,78407.05287469986,78480.0,-72.9471253001393,29087.052874699857,24587.052874699857
2024-07-22,4534.8354049798545,4500.0,3000,0,0,0.0,5.24546972,0.0,0.0,0.0,0.0,0.0,79264.83540497985,79230.0,34.835404979850864,4534.8354049798545,34.8354049798545
2024-07-23,4534.8354049798545,4500.0,3000,0,0,0.0,0.0,0.0,0.0,0.0,0.0,0.0,78154.83540497985,78120.0,34.835404979850864,4534.8354049798545,34.8354049798545
2024-07-24,4534.8354049798545,4500.0,3000,0,0,0.0,0.0,0.0,0.0,0.0,0.0,0.0,77434.83540497985,77400.0,34.835404979850864,4534.8354049798545,34.8354049798545
2024-07-25,4534.8354049798545,4500.0,3000,0,0,0.0,0.0,0.0,0.0,0.0,0.0,0.0,74134.83540497985,74100.0,34.835404979850864,4534.8354049798545,34.8354049798545
2024-07-26,4534.8354049798545,4500.0,3000,0,0,0.0,0.0,0.0,0.0,0.0,0.0,0.0,75034.83540497985,75000.0,34.835404979850864,4534.8354049798545,34.8354049798545
2024-07-29,4534.8354049798545,4500.0,3000,0,0,0.0,0.0,0.0,0.0,0.0,0.0,0.0,75934.83540497985,75900.0,34.835404979850864,4534.8354049798545,34.8354049798545
2024-07-30,4534.8354049798545,4500.0,3000,0,0,0.0,0.0,0.0,0.0,0.0,0.0,0.0,73084.83540497985,73050.0,34.835404979850864,4534.8354049798545,34.8354049798545
2024-07-31,4534.8354049798545,4500.0,3000,0,0,0.0,0.0,0.0,0.0,0.0,0.0,0.0,76054.83540497985,76020.0,34.835404979850864,4534.8354049798545,34.8354049798545
2024-08-01,28461.257152149858,4500.0,2000,0,0,0.0,17.21125283,0.0,0.0,0.0,0.0,0.0,76401.25715214986,76410.0,-8.742847850138787,28461.257152149858,23961.257152149858
2024-08-02,5460.760199479853,4500.0,3000,0,0,0.0,5.22995267,0.0,0.0,0.0,0.0,0.0,72450.76019947985,71490.0,960.760199479846,5460.760199479853,960.7601994798533
2024-08-05,5460.760199479853,4500.0,3000,0,0,0.0,0.0,0.0,0.0,0.0,0.0,0.0,66720.76019947986,65760.0,960.7601994798606,5460.760199479853,960.7601994798533
2024-08-06,5460.760199479853,4500.0,3000,0,0,0.0,0.0,0.0,0.0,0.0,0.0,0.0,67890.76019947985,66930.0,960.760199479846,5460.760199479853,960.7601994798533
2024-08-07,5460.760199479853,4500.0,3000,0,0,0.0,0.0,0.0,0.0,0.0,0.0,0.0,66660.76019947985,65700.0,960.760199479846,5460.760199479853,960.7601994798533
2024-08-08,5460.760199479853,4500.0,3000,0,0,0.0,0.0,0.0,0.0,0.0,0.0,0.0,66900.76019947985,65940.0,960.760199479846,5460.760199479853,960.7601994798533
2024-08-09,5460.760199479853,4500.0,3000,0,0,0.0,0.0,0.0,0.0,0.0,0.0,0.0,67830.76019947985,66870.0,960.760199479846,5460.760199479853,960.7601994798533
2024-08-12,5460.760199479853,4500.0,3000,0,0,0.0,0.0,0.0,0.0,0.0,0.0,0.0,67380.76019947985,66420.0,960.760199479846,5460.760199479853,960.7601994798533
2024-08-13,5460.760199479853,4500.0,3000,0,0,0.0,0.0,0.0,0.0,0.0,0.0,0.0,67800.76019947985,66840.0,960.760199479846,5460.760199479853,960.7601994798533
2024-08-14,5460.760199479853,4500.0,3000,0,0,0.0,0.0,0.0,0.0,0.0,0.0,0.0,69600.76019947985,68640.0,960.760199479846,5460.760199479853,960.7601994798533
2024-08-15,7200.760199479853,6240.0,3000,0,0,290.0,0.0,0.0,1739.9999999999998,1739.9999999999998,0.0,0.0,68890.76019947985,68220.0,670.760199479846,7200.760199479853,960.7601994798533
2024-08-16,7200.760199479853,6240.0,3000,0,0,290.0,0.0,0.0,0.0,0.0,0.0,0.0,70090.76019947985,69420.0,670.760199479846,7200.760199479853,960.7601994798533
2024-08-19,7200.760199479853,6240.0,3000,0,0,290.0,0.0,0.0,0.0,0.0,0.0,0.0,69250.76019947985,68580.0,670.760199479846,7200.760199479853,960.7601994798533
2024-08-20,7200.760199479853,6240.0,3000,0,0,290.0,0.0,0.0,0.0,0.0,0.0,0.0,68860.76019947985,68190.0,670.760199479846,7200.760199479853,960.7601994798533
2024-08-21,7200.760199479853,6240.0,3000,0,0,290.0,0.0,0.0,0.0,0.0,0.0,0.0,69220.76019947985,68550.0,670.760199479846,7200.760199479853,960.7601994798533
2024-08-22,7200.760199479853,6240.0,3000,0,0,290.0,0.0,0.0,0.0,0.0,0.0,0.0,68080.76019947985,67410.0,670.760199479846,7200.760199479853,960.7601994798533
2024-08-23,7200.760199479853,6240.0,3000,0,0,232.0,0.0,0.0,0.0,0.0,0.0,0.0,68348.76019947985,67620.0,728.760199479846,7200.760199479853,960.7601994798533
2024-08-26,7200.760199479853,6240.0,3000,0,0,232.0,0.0,0.0,0.0,0.0,0.0,0.0,67328.76019947985,66600.0,728.760199479846,7200.760199479853,960.7601994798533
2024-08-27,7200.760199479853,6240.0,3000,0,0,232.0,0.0,0.0,0.0,0.0,0.0,0.0,66218.76019947985,65490.0,728.760199479846,7200.760199479853,960.7601994798533
2024-08-28,7200.760199479853,6240.0,3000,0,0,232.0,0.0,0.0,0.0,0.0,0.0,0.0,66278.76019947985,65550.0,728.760199479846,7200.760199479853,960.7601994798533
2024-08-29,7200.760199479853,6240.0,3000,0,0,232.0,0.0,0.0,0.0,0.0,0.0,0.0,64628.76019947985,63900.0,728.7601994798533,7200.760199479853,960.7601994798533
2024-08-30,7200.760199479853,6240.0,3000,0,0,232.0,0.0,0.0,0.0,0.0,0.0,0.0,68378.76019947985,67650.0,728.760199479846,7200.760199479853,960.7601994798533
2024-09-02,7200.760199479853,6240.0,3000,0,0,232.0,0.0,0.0,0.0,0.0,0.0,0.0,65318.760199479846,64590.0,728.760199479846,7200.760199479853,960.7601994798533
2024-09-03,7200.760199479853,6240.0,3000,0,0,174.0,0.0,0.0,0.0,0.0,0.0,0.0,65346.76019947986,64560.00000000001,786.7601994798533,7200.760199479853,960.7601994798533
2024-09-04,7200.760199479853,6240.0,3000,0,0,174.0,0.0,0.0,0.0,0.0,0.0,0.0,63786.76019947986,63000.00000000001,786.7601994798533,7200.760199479853,960.7601994798533
2024-09-05,7200.760199479853,6240.0,3000,0,0,174.0,0.0,0.0,0.0,0.0,0.0,0.0,63666.76019947985,62880.0,786.7601994798533,7200.760199479853,960.7601994798533
2024-09-06,7200.760199479853,6240.0,3000,0,0,174.0,0.0,0.0,0.0,0.0,0.0,0.0,62106.76019947985,61320.0,786.7601994798533,7200.760199479853,960.7601994798533
2024-09-09,7200.760199479853,6240.0,3000,0,0,174.0,0.0,0.0,0.0,0.0,0.0,0.0,62826.76019947986,62040.00000000001,786.7601994798533,7200.760199479853,960.7601994798533
2024-09-10,25927.47055749985,6240.0,2000,0,0,116.0,14.58764198,58.0,0.0,0.0,0.0,0.0,63451.47055749985,62700.0,751.4705574998516,25927.47055749985,19687.47055749985
2024-09-11,7181.691151579849,6240.0,3000,0,0,116.0,5.18740592,0.0,0.0,0.0,0.0,0.0,63405.69115157985,62580.0,825.6911515798492,7181.691151579849,941.6911515798492
2024-09-12,7181.691151579849,6240.0,3000,0,0,116.0,0.0,0.0,0.0,0.0,0.0,0.0,63585.69115157985,62760.0,825.6911515798492,7181.691151579849,941.6911515798492
2024-09-13,7181.691151579849,6240.0,3000,0,0,116.0,0.0,0.0,0.0,0.0,0.0,0.0,64815.69115157985,63990.0,825.6911515798492,7181.691151579849,941.6911515798492
2024-09-18,7181.691151579849,6240.0,3000,0,0,116.0,0.0,0.0,0.0,0.0,0.0,0.0,63315.69115157985,62490.0,825.6911515798492,7181.691151579849,941.6911515798492
2024-09-19,7181.691151579849,6240.0,3000,0,0,116.0,0.0,0.0,0.0,0.0,0.0,0.0,63615.69115157986,62790.00000000001,825.6911515798492,7181.691151579849,941.6911515798492
2024-09-20,7181.691151579849,6240.0,3000,0,0,116.0,0.0,0.0,0.0,0.0,0.0,0.0,63645.69115157985,62820.0,825.6911515798492,7181.691151579849,941.6911515798492
2024-09-23,7181.691151579849,6240.0,3000,0,0,116.0,0.0,0.0,0.0,0.0,0.0,0.0,63195.69115157985,62370.0,825.6911515798492,7181.691151579849,941.6911515798492
2024-09-24,7181.691151579849,6240.0,3000,0,0,116.0,0.0,0.0,0.0,0.0,0.0,0.0,68805.69115157984,67980.0,825.691151579842,7181.691151579849,941.6911515798492
2024-09-25,28154.78027184985,6240.0,2000,0,0,58.0,15.733879730000002,58.0,0.0,0.0,0.0,0.0,70236.78027184986,69450.0,786.780271849857,28154.78027184985,21914.78027184985
2024-09-26,6936.259138759848,6240.0,3000,0,0,58.0,5.21213309,0.0,0.0,0.0,0.0,0.0,71858.25913875985,71220.0,638.2591387598513,6936.259138759848,696.2591387598477
2024-09-27,29836.242041759848,6240.0,2000,0,0,0.0,16.717097000000003,58.0,0.0,0.0,0.0,0.0,75836.24204175985,75240.0,596.2420417598478,29836.242041759848,23596.242041759848
2024-09-30,30848.949008249845,6240.0,2000,0,0,0.0,23.07403351,0.0,0.0,0.0,0.0,0.0,81228.94900824985,81810.0,-581.0509917501477,30848.949008249845,24608.949008249845
2024-10-08,30773.604148859842,6240.0,2000,0,0,0.0,24.393859390000003,0.0,0.0,0.0,0.0,0.0,86193.60414885984,89370.0,-3176.395851140158,30773.604148859842,24533.604148859842
2024-10-09,29581.66633664984,6240.0,2000,0,0,0.0,23.516812210000005,0.0,0.0,0.0,0.0,0.0,81581.66633664984,84240.0,-2658.3336633501604,29581.66633664984,23341.66633664984
2024-10-10,3367.6062486698356,6240.0,3000,0,0,0.0,5.26208798,0.0,0.0,0.0,0.0,0.0,80767.60624866984,83640.0,-2872.3937513301644,3367.6062486698356,-2872.3937513301644
2024-10-11,3367.6062486698356,6240.0,3000,0,0,0.0,0.0,0.0,0.0,0.0,0.0,0.0,77137.60624866984,80010.0,-2872.3937513301644,3367.6062486698356,-2872.3937513301644
2024-10-14,3367.6062486698356,6240.0,3000,0,0,0.0,0.0,0.0,0.0,0.0,0.0,0.0,78847.60624866984,81720.0,-2872.3937513301644,3367.6062486698356,-2872.3937513301644
2024-10-15,27923.014049269834,6240.0,2000,0,0,0.0,17.5321994,0.0,0.0,0.0,0.0,0.0,77123.01404926984,80040.0,-2916.985950730159,27923.014049269834,21683.014049269834
2024-10-16,4161.6734882398305,6240.0,3000,0,0,0.0,5.23756103,0.0,0.0,0.0,0.0,0.0,74751.67348823983,76830.0,-2078.3265117601695,4161.6734882398305,-2078.3265117601695
2024-10-17,4161.6734882398305,6240.0,3000,0,0,0.0,0.0,0.0,0.0,0.0,0.0,0.0,75291.67348823983,77370.0,-2078.3265117601695,4161.6734882398305,-2078.3265117601695
2024-10-18,4161.6734882398305,6240.0,3000,0,0,0.0,0.0,0.0,0.0,0.0,0.0,0.0,82401.67348823983,84480.0,-2078.3265117601695,4161.6734882398305,-2078.3265117601695
2024-10-21,30314.50618643983,6240.0,2000,0,0,0.0,18.3473018,0.0,0.0,0.0,0.0,0.0,82714.50618643983,84840.0,-2125.4938135601697,30314.50618643983,24074.50618643983
2024-10-22,4330.701400989827,6240.0,3000,0,0,0.0,5.25978545,0.0,0.0,0.0,0.0,0.0,83110.70140098983,85020.0,-1909.2985990101733,4330.701400989827,-1909.2985990101733
2024-10-23,4330.701400989827,6240.0,3000,0,0,0.0,0.0,0.0,0.0,0.0,0.0,0.0,81160.70140098983,83070.0,-1909.2985990101733,4330.701400989827,-1909.2985990101733
2024-10-24,4330.701400989827,6240.0,3000,0,0,0.0,0.0,0.0,0.0,0.0,0.0,0.0,80380.70140098983,82290.0,-1909.2985990101733,4330.701400989827,-1909.2985990101733
2024-10-25,4330.701400989827,6240.0,3000,0,0,0.0,0.0,0.0,0.0,0.0,0.0,0.0,81310.70140098983,83220.0,-1909.2985990101733,4330.701400989827,-1909.2985990101733
2024-10-28,4330.701400989827,6240.0,3000,0,0,0.0,0.0,0.0,0.0,0.0,0.0,0.0,80110.70140098983,82020.0,-1909.2985990101733,4330.701400989827,-1909.2985990101733
2024-10-29,4330.701400989827,6240.0,3000,0,0,0.0,0.0,0.0,0.0,0.0,0.0,0.0,79480.70140098983,81390.0,-1909.2985990101733,4330.701400989827,-1909.2985990101733
2024-10-30,4330.701400989827,6240.0,3000,0,0,0.0,0.0,0.0,0.0,0.0,0.0,0.0,78850.70140098983,80760.0,-1909.2985990101733,4330.701400989827,-1909.2985990101733
2024-10-31,4330.701400989827,6240.0,3000,0,0,0.0,0.0,0.0,0.0,0.0,0.0,0.0,77080.70140098983,78990.0,-1909.2985990101733,4330.701400989827,-1909.2985990101733
2024-11-01,4330.701400989827,6240.0,3000,0,0,0.0,0.0,0.0,0.0,0.0,0.0,0.0,75370.70140098983,77280.0,-1909.2985990101733,4330.701400989827,-1909.2985990101733
2024-11-04,4330.701400989827,6240.0,3000,0,0,0.0,0.0,0.0,0.0,0.0,0.0,0.0,77320.70140098983,79230.0,-1909.2985990101733,4330.701400989827,-1909.2985990101733
2024-11-05,4330.701400989827,6240.0,3000,0,0,0.0,0.0,0.0,0.0,0.0,0.0,0.0,78580.70140098983,80490.0,-1909.2985990101733,4330.701400989827,-1909.2985990101733
2024-11-06,4330.701400989827,6240.0,3000,0,0,0.0,0.0,0.0,0.0,0.0,0.0,0.0,76870.70140098983,78780.0,-1909.2985990101733,4330.701400989827,-1909.2985990101733
2024-11-07,4330.701400989827,6240.0,3000,0,0,0.0,0.0,0.0,0.0,0.0,0.0,0.0,78250.70140098983,80160.0,-1909.2985990101733,4330.701400989827,-1909.2985990101733
2024-11-08,4330.701400989827,6240.0,3000,0,0,0.0,0.0,0.0,0.0,0.0,0.0,0.0,82270.70140098983,84180.0,-1909.2985990101733,4330.701400989827,-1909.2985990101733
2024-11-11,4330.701400989827,6240.0,3000,0,0,0.0,0.0,0.0,0.0,0.0,0.0,0.0,85360.70140098983,87270.0,-1909.2985990101733,4330.701400989827,-1909.2985990101733
2024-11-12,30004.306629909825,6240.0,2000,0,0,0.0,18.10277108,0.0,0.0,0.0,0.0,0.0,81444.30662990983,83400.0,-1955.6933700901718,30004.306629909825,23764.306629909825
2024-11-13,4771.334352709822,6240.0,3000,0,0,0.0,5.2522772,0.0,0.0,0.0,0.0,0.0,84181.33435270982,85650.0,-1468.6656472901814,4771.334352709822,-1468.6656472901777
2024-11-14,4771.334352709822,6240.0,3000,0,0,0.0,0.0,0.0,0.0,0.0,0.0,0.0,79381.33435270982,80850.0,-1468.6656472901814,4771.334352709822,-1468.6656472901777
2024-11-15,4771.334352709822,6240.0,3000,0,0,0.0,0.0,0.0,0.0,0.0,0.0,0.0,76531.33435270982,78000.0,-1468.6656472901814,4771.334352709822,-1468.6656472901777
2024-11-18,4771.334352709822,6240.0,3000,0,0,0.0,0.0,0.0,0.0,0.0,0.0,0.0,74491.33435270982,75960.0,-1468.6656472901814,4771.334352709822,-1468.6656472901777
2024-11-19,4771.334352709822,6240.0,3000,0,0,0.0,0.0,0.0,0.0,0.0,0.0,0.0,75931.33435270982,77400.0,-1468.6656472901814,4771.334352709822,-1468.6656472901777
2024-11-20,4771.334352709822,6240.0,3000,0,0,0.0,0.0,0.0,0.0,0.0,0.0,0.0,76771.33435270982,78240.0,-1468.6656472901814,4771.334352709822,-1468.6656472901777
2024-11-21,4771.334352709822,6240.0,3000,0,0,0.0,0.0,0.0,0.0,0.0,0.0,0.0,75061.33435270982,76530.0,-1468.6656472901814,4771.334352709822,-1468.6656472901777
2024-11-22,4771.334352709822,6240.0,3000,0,0,0.0,0.0,0.0,0.0,0.0,0.0,0.0,73291.33435270982,74760.0,-1468.6656472901814,4771.334352709822,-1468.6656472901777
2024-11-25,4771.334352709822,6240.0,3000,0,0,0.0,0.0,0.0,0.0,0.0,0.0,0.0,71101.33435270982,72570.0,-1468.6656472901814,4771.334352709822,-1468.6656472901777
2024-11-26,4771.334352709822,6240.0,3000,0,0,0.0,0.0,0.0,0.0,0.0,0.0,0.0,71041.33435270982,72510.0,-1468.6656472901814,4771.334352709822,-1468.6656472901777
2024-11-27,4771.334352709822,6240.0,3000,0,0,0.0,0.0,0.0,0.0,0.0,0.0,0.0,71731.33435270982,73200.0,-1468.6656472901814,4771.334352709822,-1468.6656472901777
2024-11-28,4771.334352709822,6240.0,3000,0,0,0.0,0.0,0.0,0.0,0.0,0.0,0.0,70321.33435270982,71790.0,-1468.6656472901814,4771.334352709822,-1468.6656472901777
2024-11-29,4771.334352709822,6240.0,3000,0,0,0.0,0.0,0.0,0.0,0.0,0.0,0.0,71341.33435270982,72810.0,-1468.6656472901814,4771.334352709822,-1468.6656472901777
2024-12-02,4771.334352709822,6240.0,3000,0,0,0.0,0.0,0.0,0.0,0.0,0.0,0.0,72451.33435270982,73920.0,-1468.6656472901814,4771.334352709822,-1468.6656472901777
2024-12-03,4771.334352709822,6240.0,3000,0,0,0.0,0.0,0.0,0.0,0.0,0.0,0.0,71491.33435270982,72960.0,-1468.6656472901814,4771.334352709822,-1468.6656472901777
2024-12-04,4771.334352709822,6240.0,3000,0,0,0.0,0.0,0.0,0.0,0.0,0.0,0.0,70411.33435270982,71880.0,-1468.6656472901814,4771.334352709822,-1468.6656472901777
2024-12-05,4771.334352709822,6240.0,3000,0,0,0.0,0.0,0.0,0.0,0.0,0.0,0.0,72391.33435270982,73860.0,-1468.6656472901814,4771.334352709822,-1468.6656472901777
2024-12-06,4771.334352709822,6240.0,3000,0,0,0.0,0.0,0.0,0.0,0.0,0.0,0.0,72571.33435270982,74040.0,-1468.6656472901814,4771.334352709822,-1468.6656472901777
2024-12-09,4771.334352709822,6240.0,3000,0,0,0.0,0.0,0.0,0.0,0.0,0.0,0.0,71161.33435270982,72630.0,-1468.6656472901814,4771.334352709822,-1468.6656472901777
2024-12-10,4771.334352709822,6240.0,3000,0,0,0.0,0.0,0.0,0.0,0.0,0.0,0.0,71191.33435270982,72660.0,-1468.6656472901814,4771.334352709822,-1468.6656472901777
2024-12-11,4771.334352709822,6240.0,3000,0,0,0.0,0.0,0.0,0.0,0.0,0.0,0.0,71761.33435270982,73230.0,-1468.6656472901814,4771.334352709822,-1468.6656472901777
2024-12-12,4771.334352709822,6240.0,3000,0,0,0.0,0.0,0.0,0.0,0.0,0.0,0.0,71791.33435270982,73260.0,-1468.6656472901814,4771.334352709822,-1468.6656472901777
2024-12-13,4771.334352709822,6240.0,3000,0,0,0.0,0.0,0.0,0.0,0.0,0.0,0.0,68821.33435270983,70290.0,-1468.6656472901668,4771.334352709822,-1468.6656472901777
2024-12-16,4771.334352709822,6240.0,3000,0,0,0.0,0.0,0.0,0.0,0.0,0.0,0.0,67951.33435270982,69420.0,-1468.6656472901814,4771.334352709822,-1468.6656472901777
2024-12-17,4771.334352709822,6240.0,3000,0,0,0.0,0.0,0.0,0.0,0.0,0.0,0.0,69571.33435270983,71040.0,-1468.6656472901668,4771.334352709822,-1468.6656472901777
2024-12-18,4771.334352709822,6240.0,3000,0,0,0.0,0.0,0.0,0.0,0.0,0.0,0.0,69001.33435270982,70470.0,-1468.6656472901814,4771.334352709822,-1468.6656472901777
2024-12-19,4771.334352709822,6240.0,3000,0,0,0.0,0.0,0.0,0.0,0.0,0.0,0.0,71341.33435270982,72810.0,-1468.6656472901814,4771.334352709822,-1468.6656472901777
2024-12-20,4771.334352709822,6240.0,3000,0,0,0.0,0.0,0.0,0.0,0.0,0.0,0.0,70831.33435270982,72300.0,-1468.6656472901814,4771.334352709822,-1468.6656472901777
2024-12-23,4771.334352709822,6240.0,3000,0,0,0.0,0.0,0.0,0.0,0.0,0.0,0.0,70921.33435270982,72390.0,-1468.6656472901814,4771.334352709822,-1468.6656472901777
2024-12-24,4771.334352709822,6240.0,3000,0,0,0.0,0.0,0.0,0.0,0.0,0.0,0.0,73771.33435270982,75240.0,-1468.6656472901814,4771.334352709822,-1468.6656472901777
2024-12-25,27449.767898629823,6240.0,2000,0,0,0.0,16.574454080000002,0.0,0.0,0.0,0.0,0.0,72889.76789862983,74400.0,-1510.232101370173,27449.767898629823,21209.767898629823
2024-12-26,4669.515148379822,6240.0,3000,0,0,0.0,5.22775025,0.0,0.0,0.0,0.0,0.0,74659.51514837983,76230.0,-1570.4848516201746,4669.515148379822,-1570.4848516201782
2024-12-27,27238.125732589822,6240.0,2000,0,0,0.0,16.51841579,0.0,0.0,0.0,0.0,0.0,72458.12573258982,74070.0,-1611.8742674101813,27238.125732589822,20998.125732589822
2024-12-30,4628.061684209821,6240.0,3000,0,0,0.0,5.22604838,0.0,0.0,0.0,0.0,0.0,71978.06168420982,73590.0,-1611.9383157901757,4628.061684209821,-1611.9383157901793
2024-12-31,4628.061684209821,6240.0,3000,0,0,0.0,0.0,0.0,0.0,0.0,0.0,0.0,69128.06168420982,70740.0,-1611.9383157901757,4628.061684209821,-1611.9383157901793
2025-01-02,4628.061684209821,6240.0,3000,0,0,0.0,0.0,0.0,0.0,0.0,0.0,0.0,66758.06168420982,68370.0,-1611.9383157901757,4628.061684209821,-1611.9383157901793
2025-01-03,4628.061684209821,6240.0,3000,0,0,0.0,0.0,0.0,0.0,0.0,0.0,0.0,66278.06168420982,67890.0,-1611.9383157901757,4628.061684209821,-1611.9383157901793
2025-01-06,4628.061684209821,6240.0,3000,0,0,0.0,0.0,0.0,0.0,0.0,0.0,0.0,66638.06168420982,68250.0,-1611.9383157901757,4628.061684209821,-1611.9383157901793
2025-01-07,4628.061684209821,6240.0,3000,0,0,0.0,0.0,0.0,0.0,0.0,0.0,0.0,68378.06168420982,69990.0,-1611.9383157901757,4628.061684209821,-1611.9383157901793
2025-01-08,25219.858957639823,6240.0,2000,0,0,0.0,15.509726570000002,0.0,0.0,0.0,0.0,0.0,66479.85895763982,68130.0,-1650.1410423601774,25219.858957639823,18979.858957639823
2025-01-09,4541.937230489821,6240.0,3000,0,0,0.0,5.20672715,0.0,0.0,0.0,0.0,0.0,66161.93723048983,67860.0,-1698.062769510172,4541.937230489821,-1698.0627695101794
2025-01-10,4541.937230489821,6240.0,3000,0,0,0.0,0.0,0.0,0.0,0.0,0.0,0.0,63791.93723048982,65490.0,-1698.0627695101794,4541.937230489821,-1698.0627695101794
2025-01-13,4541.937230489821,6240.0,3000,0,0,0.0,0.0,0.0,0.0,0.0,0.0,0.0,63701.93723048982,65400.0,-1698.0627695101794,4541.937230489821,-1698.0627695101794
2025-01-14,4541.937230489821,6240.0,3000,0,0,0.0,0.0,0.0,0.0,0.0,0.0,0.0,66251.93723048983,67950.0,-1698.062769510172,4541.937230489821,-1698.0627695101794
2025-01-15,24644.52312902982,6240.0,2000,0,0,0.0,15.260101460000001,0.0,0.0,0.0,0.0,0.0,64924.523129029825,66660.0,-1735.4768709701748,24644.52312902982,18404.52312902982
2025-01-16,4116.767903529817,6240.0,3000,0,0,0.0,5.2052255,0.0,0.0,0.0,0.0,0.0,66636.76790352982,68760.0,-2123.2320964701794,4116.767903529817,-2123.232096470183
2025-01-17,4116.767903529817,6240.0,3000,0,0,0.0,0.0,0.0,0.0,0.0,0.0,0.0,66096.76790352982,68220.0,-2123.2320964701794,4116.767903529817,-2123.232096470183
2025-01-20,4116.767903529817,6240.0,3000,0,0,0.0,0.0,0.0,0.0,0.0,0.0,0.0,66426.76790352982,68550.0,-2123.2320964701794,4116.767903529817,-2123.232096470183
2025-01-21,4116.767903529817,6240.0,3000,0,0,0.0,0.0,0.0,0.0,0.0,0.0,0.0,67746.76790352982,69870.0,-2123.2320964701794,4116.767903529817,-2123.232096470183
2025-01-22,4116.767903529817,6240.0,3000,0,0,0.0,0.0,0.0,0.0,0.0,0.0,0.0,74106.76790352982,76230.0,-2123.2320964701794,4116.767903529817,-2123.232096470183
2025-01-23,27074.750806529817,6240.0,2000,0,0,0.0,16.717097000000003,0.0,0.0,0.0,0.0,0.0,73074.75080652982,75240.0,-2165.249193470183,27074.750806529817,20834.750806529817
2025-01-24,4054.2316536398175,6240.0,3000,0,0,0.0,5.23015289,0.0,0.0,0.0,0.0,0.0,74104.23165363981,76290.0,-2185.768346360186,4054.2316536398175,-2185.7683463601825
2025-01-27,4054.2316536398175,6240.0,3000,0,0,0.0,0.0,0.0,0.0,0.0,0.0,0.0,68404.23165363981,70590.0,-2185.768346360186,4054.2316536398175,-2185.7683463601825
2025-02-05,4054.2316536398175,6240.0,3000,0,0,0.0,0.0,0.0,0.0,0.0,0.0,0.0,64054.231653639814,66240.0,-2185.768346360186,4054.2316536398175,-2185.7683463601825
2025-02-06,4054.2316536398175,6240.0,3000,0,0,0.0,0.0,0.0,0.0,0.0,0.0,0.0,65494.231653639814,67680.0,-2185.768346360186,4054.2316536398175,-2185.7683463601825
2025-02-07,4054.2316536398175,6240.0,3000,0,0,0.0,0.0,0.0,0.0,0.0,0.0,0.0,68704.23165363981,70890.0,-2185.768346360186,4054.2316536398175,-2185.7683463601825
2025-02-10,4054.2316536398175,6240.0,3000,0,0,0.0,0.0,0.0,0.0,0.0,0.0,0.0,69214.23165363981,71400.0,-2185.768346360186,4054.2316536398175,-2185.7683463601825
2025-02-11,4054.2316536398175,6240.0,3000,0,0,0.0,0.0,0.0,0.0,0.0,0.0,0.0,69364.23165363981,71550.0,-2185.768346360186,4054.2316536398175,-2185.7683463601825
2025-02-12,4054.2316536398175,6240.0,3000,0,0,0.0,0.0,0.0,0.0,0.0,0.0,0.0,70504.23165363981,72690.0,-2185.768346360186,4054.2316536398175,-2185.7683463601825
2025-02-13,25804.161977829815,6240.0,2000,0,0,0.0,16.10067581,0.0,0.0,0.0,0.0,0.0,69384.16197782982,71610.0,-2225.838022170181,25804.161977829815,19564.161977829815
2025-02-14,3334.2533309898135,6240.0,3000,0,0,0.0,5.22464684,0.0,0.0,0.0,0.0,0.0,69634.25333098981,72540.0,-2905.7466690101865,3334.2533309898135,-2905.7466690101865
2025-02-17,3334.2533309898135,6240.0,3000,0,0,0.0,0.0,0.0,0.0,0.0,0.0,0.0,72034.25333098981,74940.0,-2905.7466690101865,3334.2533309898135,-2905.7466690101865
2025-02-18,3334.2533309898135,6240.0,3000,0,0,0.0,0.0,0.0,0.0,0.0,0.0,0.0,71374.25333098981,74280.0,-2905.7466690101865,3334.2533309898135,-2905.7466690101865
2025-02-19,3334.2533309898135,6240.0,3000,0,0,0.0,0.0,0.0,0.0,0.0,0.0,0.0,73054.25333098981,75960.0,-2905.7466690101865,3334.2533309898135,-2905.7466690101865
2025-02-20,3334.2533309898135,6240.0,3000,0,0,0.0,0.0,0.0,0.0,0.0,0.0,0.0,71194.25333098981,74100.0,-2905.7466690101865,3334.2533309898135,-2905.7466690101865
2025-02-21,3334.2533309898135,6240.0,3000,0,0,0.0,0.0,0.0,0.0,0.0,0.0,0.0,72934.25333098981,75840.0,-2905.7466690101865,3334.2533309898135,-2905.7466690101865
2025-02-24,3334.2533309898135,6240.0,3000,0,0,0.0,0.0,0.0,0.0,0.0,0.0,0.0,72964.25333098981,75870.0,-2905.7466690101865,3334.2533309898135,-2905.7466690101865
2025-02-25,3334.2533309898135,6240.0,3000,0,0,0.0,0.0,0.0,0.0,0.0,0.0,0.0,72574.25333098981,75480.0,-2905.7466690101865,3334.2533309898135,-2905.7466690101865
2025-02-26,3334.2533309898135,6240.0,3000,0,0,0.0,0.0,0.0,0.0,0.0,0.0,0.0,71644.25333098981,74550.0,-2905.7466690101865,3334.2533309898135,-2905.7466690101865
2025-02-27,3334.2533309898135,6240.0,3000,0,0,0.0,0.0,0.0,0.0,0.0,0.0,0.0,69214.25333098981,72120.0,-2905.7466690101865,3334.2533309898135,-2905.7466690101865
2025-02-28,3334.2533309898135,6240.0,3000,0,0,0.0,0.0,0.0,0.0,0.0,0.0,0.0,66904.25333098983,69810.0,-2905.746669010172,3334.2533309898135,-2905.7466690101865
2025-03-03,3334.2533309898135,6240.0,3000,0,0,0.0,0.0,0.0,0.0,0.0,0.0,0.0,66544.25333098981,69450.0,-2905.7466690101865,3334.2533309898135,-2905.7466690101865
2025-03-04,3334.2533309898135,6240.0,3000,0,0,0.0,0.0,0.0,0.0,0.0,0.0,0.0,66454.25333098981,69360.0,-2905.7466690101865,3334.2533309898135,-2905.7466690101865
2025-03-05,24335.390734429813,6240.0,2000,0,0,0.0,15.71859656,0.0,0.0,0.0,0.0,0.0,66415.39073442982,69360.0,-2944.6092655701796,24335.390734429813,18095.390734429813
2025-03-06,2816.536598039809,6240.0,3000,0,0,0.0,5.21513639,0.0,0.0,0.0,0.0,0.0,66776.5365980398,70200.0,-3423.4634019601945,2816.536598039809,-3423.463401960191
2025-03-07,2816.536598039809,6240.0,3000,0,0,0.0,0.0,0.0,0.0,0.0,0.0,0.0,65426.536598039806,68850.0,-3423.4634019601945,2816.536598039809,-3423.463401960191
2025-03-10,2816.536598039809,6240.0,3000,0,0,0.0,0.0,0.0,0.0,0.0,0.0,0.0,65906.5365980398,69330.0,-3423.4634019601945,2816.536598039809,-3423.463401960191
2025-03-11,2816.536598039809,6240.0,3000,0,0,0.0,0.0,0.0,0.0,0.0,0.0,0.0,65276.536598039806,68700.0,-3423.4634019601945,2816.536598039809,-3423.463401960191
2025-03-12,2816.536598039809,6240.0,3000,0,0,0.0,0.0,0.0,0.0,0.0,0.0,0.0,65546.5365980398,68970.0,-3423.4634019601945,2816.536598039809,-3423.463401960191
2025-03-13,2816.536598039809,6240.0,3000,0,0,0.0,0.0,0.0,0.0,0.0,0.0,0.0,64826.53659803982,68250.0,-3423.46340196018,2816.536598039809,-3423.463401960191
2025-03-14,2816.536598039809,6240.0,3000,0,0,0.0,0.0,0.0,0.0,0.0,0.0,0.0,66596.53659803982,70020.0,-3423.46340196018,2816.536598039809,-3423.463401960191
2025-03-17,24296.90147075981,6240.0,2000,0,0,0.0,15.963127280000002,0.0,0.0,0.0,0.0,0.0,67336.90147075981,70800.0,-3463.0985292401892,24296.90147075981,18056.90147075981
2025-03-18,2828.1028349198095,6240.0,3000,0,0,0.0,5.21463584,0.0,0.0,0.0,0.0,0.0,67448.10283491982,70860.0,-3411.897165080183,2828.1028349198095,-3411.8971650801905
2025-03-19,2828.1028349198095,6240.0,3000,0,0,0.0,0.0,0.0,0.0,0.0,0.0,0.0,65888.10283491982,69300.0,-3411.897165080183,2828.1028349198095,-3411.8971650801905
2025-03-20,2828.1028349198095,6240.0,3000,0,0,0.0,0.0,0.0,0.0,0.0,0.0,0.0,65378.10283491982,68790.0,-3411.897165080183,2828.1028349198095,-3411.8971650801905
2025-03-21,2828.1028349198095,6240.0,3000,0,0,0.0,0.0,0.0,0.0,0.0,0.0,0.0,64718.10283491981,68130.0,-3411.8971650801905,2828.1028349198095,-3411.8971650801905
2025-03-24,2828.1028349198095,6240.0,3000,0,0,0.0,0.0,0.0,0.0,0.0,0.0,0.0,65348.10283491981,68760.0,-3411.8971650801905,2828.1028349198095,-3411.8971650801905
2025-03-25,23300.09324102981,6240.0,2000,0,0,0.0,15.44859389,0.0,0.0,0.0,0.0,0.0,64320.09324102981,67770.0,-3449.906758970188,23300.09324102981,17060.09324102981
2025-03-26,2792.3602157498062,6240.0,3000,0,0,0.0,5.20502528,0.0,0.0,0.0,0.0,0.0,63932.36021574981,67380.0,-3447.63978425019,2792.3602157498062,-3447.6397842501938
2025-03-27,2792.3602157498062,6240.0,3000,0,0,0.0,0.0,0.0,0.0,0.0,0.0,0.0,63452.36021574981,66900.0,-3447.63978425019,2792.3602157498062,-3447.6397842501938
2025-03-28,2792.3602157498062,6240.0,3000,0,0,0.0,0.0,0.0,0.0,0.0,0.0,0.0,62732.36021574981,66180.0,-3447.63978425019,2792.3602157498062,-3447.6397842501938
2025-03-31,2792.3602157498062,6240.0,3000,0,0,0.0,0.0,0.0,0.0,0.0,0.0,0.0,62372.36021574981,65820.0,-3447.63978425019,2792.3602157498062,-3447.6397842501938
2025-04-01,2792.3602157498062,6240.0,3000,0,0,0.0,0.0,0.0,0.0,0.0,0.0,0.0,62852.36021574981,66300.0,-3447.63978425019,2792.3602157498062,-3447.6397842501938
2025-04-02,2792.3602157498062,6240.0,3000,0,0,0.0,0.0,0.0,0.0,0.0,0.0,0.0,62792.36021574981,66240.0,-3447.63978425019,2792.3602157498062,-3447.6397842501938
2025-04-03,2792.3602157498062,6240.0,3000,0,0,0.0,0.0,0.0,0.0,0.0,0.0,0.0,59942.36021574981,63390.0,-3447.63978425019,2792.3602157498062,-3447.6397842501938
2025-04-07,2792.3602157498062,6240.0,3000,0,0,0.0,0.0,0.0,0.0,0.0,0.0,0.0,54242.360215749795,57689.99999999999,-3447.6397842501974,2792.3602157498062,-3447.6397842501938
2025-04-08,2792.3602157498062,6240.0,3000,0,0,0.0,0.0,0.0,0.0,0.0,0.0,0.0,49112.36021574981,52560.0,-3447.63978425019,2792.3602157498062,-3447.6397842501938
2025-04-09,2792.3602157498062,6240.0,3000,0,0,0.0,0.0,0.0,0.0,0.0,0.0,0.0,51782.360215749795,55229.99999999999,-3447.6397842501974,2792.3602157498062,-3447.6397842501938
2025-04-10,20718.454691309806,6240.0,2000,0,0,0.0,14.14952444,0.0,0.0,0.0,0.0,0.0,56638.4546913098,60120.0,-3481.545308690198,20718.454691309806,14478.454691309806
2025-04-11,20740.137282189808,6240.0,2000,0,0,0.0,19.24540912,0.0,0.0,0.0,0.0,0.0,56340.13728218981,59640.0,-3299.8627178101888,20740.137282189808,14500.137282189808
2025-04-14,2534.9572822098053,6240.0,3000,0,0,0.0,5.18199998,0.0,0.0,0.0,0.0,0.0,56294.95728220981,60000.00000000001,-3705.0427177901947,2534.9572822098053,-3705.0427177901947
2025-04-15,2534.9572822098053,6240.0,3000,0,0,0.0,0.0,0.0,0.0,0.0,0.0,0.0,56834.95728220981,60540.00000000001,-3705.0427177901947,2534.9572822098053,-3705.0427177901947
2025-04-16,2534.9572822098053,6240.0,3000,0,0,0.0,0.0,0.0,0.0,0.0,0.0,0.0,55034.957282209805,58740.0,-3705.0427177901947,2534.9572822098053,-3705.0427177901947
2025-04-17,2534.9572822098053,6240.0,3000,0,0,0.0,0.0,0.0,0.0,0.0,0.0,0.0,54734.9572822098,58439.99999999999,-3705.0427177901947,2534.9572822098053,-3705.0427177901947
2025-04-18,2534.9572822098053,6240.0,3000,0,0,0.0,0.0,0.0,0.0,0.0,0.0,0.0,55214.9572822098,58919.99999999999,-3705.0427177901947,2534.9572822098053,-3705.0427177901947
2025-04-21,2534.9572822098053,6240.0,3000,0,0,0.0,0.0,0.0,0.0,0.0,0.0,0.0,55964.9572822098,59669.99999999999,-3705.0427177901947,2534.9572822098053,-3705.0427177901947
2025-04-22,20281.341456789803,6240.0,2000,0,0,0.0,14.05782542,0.0,0.0,0.0,0.0,0.0,55841.3414567898,59580.0,-3738.6585432102,20281.341456789803,14041.341456789803
2025-04-23,2046.128156479801,6240.0,3000,0,0,0.0,5.1823003100000005,0.0,0.0,0.0,0.0,0.0,56766.1281564798,60959.99999999999,-4193.871843520195,2046.128156479801,-4193.871843520199
2025-04-24,2046.128156479801,6240.0,3000,0,0,0.0,0.0,0.0,0.0,0.0,0.0,0.0,55806.12815647981,60000.00000000001,-4193.871843520195,2046.128156479801,-4193.871843520199
2025-04-25,2046.128156479801,6240.0,3000,0,0,0.0,0.0,0.0,0.0,0.0,0.0,0.0,56766.1281564798,60959.99999999999,-4193.871843520195,2046.128156479801,-4193.871843520199
2025-04-28,2046.128156479801,6240.0,3000,0,0,0.0,0.0,0.0,0.0,0.0,0.0,0.0,56046.1281564798,60240.0,-4193.871843520203,2046.128156479801,-4193.871843520199
2025-04-29,2046.128156479801,6240.0,3000,0,0,0.0,0.0,0.0,0.0,0.0,0.0,0.0,56316.1281564798,60510.0,-4193.871843520203,2046.128156479801,-4193.871843520199
2025-04-30,20072.061688139802,6240.0,2000,0,0,0.0,14.200468340000002,0.0,0.0,0.0,0.0,0.0,56192.0616881398,60419.99999999999,-4227.938311860191,20072.061688139802,13832.061688139802
2025-05-06,1606.593085299799,6240.0,3000,0,0,0.0,5.18460284,0.0,0.0,0.0,0.0,0.0,58036.59308529979,62669.99999999999,-4633.406914700201,1606.593085299799,-4633.406914700201
2025-05-07,20201.6092367298,6240.0,2000,0,0,0.0,14.49084857,0.0,0.0,0.0,0.0,0.0,57461.6092367298,62130.0,-4668.390763270203,20201.6092367298,13961.6092367298
2025-05-08,1225.574528279798,6240.0,3000,0,0,0.0,5.18970845,0.0,0.0,0.0,0.0,0.0,58315.5745282798,63330.0,-5014.425471720198,1225.574528279798,-5014.425471720202
2025-05-09,1225.574528279798,6240.0,3000,0,0,0.0,0.0,0.0,0.0,0.0,0.0,0.0,57295.5745282798,62310.00000000001,-5014.425471720206,1225.574528279798,-5014.425471720202
2025-05-12,1225.574528279798,6240.0,3000,0,0,0.0,0.0,0.0,0.0,0.0,0.0,0.0,59035.5745282798,64050.0,-5014.425471720198,1225.574528279798,-5014.425471720202
2025-05-13,1225.574528279798,6240.0,3000,0,0,0.0,0.0,0.0,0.0,0.0,0.0,0.0,58495.5745282798,63510.0,-5014.425471720198,1225.574528279798,-5014.425471720202
2025-05-14,1225.574528279798,6240.0,3000,0,0,0.0,0.0,0.0,0.0,0.0,0.0,0.0,59875.5745282798,64890.0,-5014.425471720198,1225.574528279798,-5014.425471720202
2025-05-15,1225.574528279798,6240.0,3000,0,0,0.0,0.0,0.0,0.0,0.0,0.0,0.0,58525.5745282798,63540.00000000001,-5014.425471720206,1225.574528279798,-5014.425471720202
2025-05-16,1225.574528279798,6240.0,3000,0,0,0.0,0.0,0.0,0.0,0.0,0.0,0.0,58885.5745282798,63900.0,-5014.425471720198,1225.574528279798,-5014.425471720202
2025-05-19,1225.574528279798,6240.0,3000,0,0,0.0,0.0,0.0,0.0,0.0,0.0,0.0,58375.5745282798,63390.0,-5014.425471720198,1225.574528279798,-5014.425471720202
2025-05-20,1225.574528279798,6240.0,3000,0,0,0.0,0.0,0.0,0.0,0.0,0.0,0.0,58405.57452827979,63419.99999999999,-5014.425471720206,1225.574528279798,-5014.425471720202
2025-05-21,1225.574528279798,6240.0,3000,0,0,0.0,0.0,0.0,0.0,0.0,0.0,0.0,58135.5745282798,63150.0,-5014.425471720198,1225.574528279798,-5014.425471720202
2025-05-22,1225.574528279798,6240.0,3000,0,0,0.0,0.0,0.0,0.0,0.0,0.0,0.0,58375.5745282798,63390.0,-5014.425471720198,1225.574528279798,-5014.425471720202
2025-05-23,1225.574528279798,6240.0,3000,0,0,0.0,0.0,0.0,0.0,0.0,0.0,0.0,57595.5745282798,62610.0,-5014.425471720198,1225.574528279798,-5014.425471720202
2025-05-26,1225.574528279798,6240.0,3000,0,0,0.0,0.0,0.0,0.0,0.0,0.0,0.0,57505.5745282798,62520.00000000001,-5014.425471720206,1225.574528279798,-5014.425471720202
2025-05-27,1225.574528279798,6240.0,3000,0,0,0.0,0.0,0.0,0.0,0.0,0.0,0.0,56635.5745282798,61650.0,-5014.425471720198,1225.574528279798,-5014.425471720202
2025-05-28,1225.574528279798,6240.0,3000,0,0,0.0,0.0,0.0,0.0,0.0,0.0,0.0,56965.57452827979,61979.99999999999,-5014.425471720206,1225.574528279798,-5014.425471720202
2025-05-29,1225.574528279798,6240.0,3000,0,0,0.0,0.0,0.0,0.0,0.0,0.0,0.0,60325.5745282798,65340.0,-5014.425471720198,1225.574528279798,-5014.425471720202
2025-05-30,1225.574528279798,6240.0,3000,0,0,0.0,0.0,0.0,0.0,0.0,0.0,0.0,58015.5745282798,63030.0,-5014.425471720198,1225.574528279798,-5014.425471720202
2025-06-03,1225.574528279798,6240.0,3000,0,0,0.0,0.0,0.0,0.0,0.0,0.0,0.0,57595.5745282798,62610.0,-5014.425471720198,1225.574528279798,-5014.425471720202
2025-06-04,1225.574528279798,6240.0,3000,0,0,0.0,0.0,0.0,0.0,0.0,0.0,0.0,59515.5745282798,64530.0,-5014.425471720198,1225.574528279798,-5014.425471720202
2025-06-05,1225.574528279798,6240.0,3000,0,0,0.0,0.0,0.0,0.0,0.0,0.0,0.0,62905.57452827979,67920.0,-5014.425471720213,1225.574528279798,-5014.425471720202
2025-06-06,1225.574528279798,6240.0,3000,0,0,0.0,0.0,0.0,0.0,0.0,0.0,0.0,62155.57452827979,67170.0,-5014.425471720213,1225.574528279798,-5014.425471720202
2025-06-09,1225.574528279798,6240.0,3000,0,0,0.0,0.0,0.0,0.0,0.0,0.0,0.0,62515.5745282798,67530.0,-5014.425471720198,1225.574528279798,-5014.425471720202
2025-06-10,1225.574528279798,6240.0,3000,0,0,0.0,0.0,0.0,0.0,0.0,0.0,0.0,61705.5745282798,66720.0,-5014.425471720198,1225.574528279798,-5014.425471720202
2025-06-11,1225.574528279798,6240.0,3000,0,0,0.0,0.0,0.0,0.0,0.0,0.0,0.0,62425.57452827979,67440.0,-5014.425471720213,1225.574528279798,-5014.425471720202
2025-06-12,1225.574528279798,6240.0,3000,0,0,0.0,0.0,0.0,0.0,0.0,0.0,0.0,63205.5745282798,68220.0,-5014.425471720198,1225.574528279798,-5014.425471720202
2025-06-13,1225.574528279798,6240.0,3000,0,0,0.0,0.0,0.0,0.0,0.0,0.0,0.0,63925.57452827979,68940.0,-5014.425471720213,1225.574528279798,-5014.425471720202
2025-06-16,1225.574528279798,6240.0,3000,0,0,0.0,0.0,0.0,0.0,0.0,0.0,0.0,64885.5745282798,69900.0,-5014.425471720198,1225.574528279798,-5014.425471720202
2025-06-17,1225.574528279798,6240.0,3000,0,0,0.0,0.0,0.0,0.0,0.0,0.0,0.0,63025.5745282798,68040.0,-5014.425471720198,1225.574528279798,-5014.425471720202
2025-06-18,1225.574528279798,6240.0,3000,0,0,0.0,0.0,0.0,0.0,0.0,0.0,0.0,64705.5745282798,69720.0,-5014.425471720198,1225.574528279798,-5014.425471720202
2025-06-19,21997.082102689797,6240.0,2000,0,0,0.0,15.601425590000002,0.0,0.0,0.0,0.0,0.0,63617.0821026898,68670.0,-5052.9178973102025,21997.082102689797,15757.082102689797
2025-06-20,1199.0271742197947,6240.0,3000,0,0,0.0,5.20792847,0.0,0.0,0.0,0.0,0.0,62969.027174219795,68010.0,-5040.972825780205,1199.0271742197947,-5040.972825780205
2025-06-23,1199.0271742197947,6240.0,3000,0,0,0.0,0.0,0.0,0.0,0.0,0.0,0.0,61799.027174219795,66840.0,-5040.972825780205,1199.0271742197947,-5040.972825780205
2025-06-24,1199.0271742197947,6240.0,3000,0,0,0.0,0.0,0.0,0.0,0.0,0.0,0.0,62069.027174219795,67110.0,-5040.972825780205,1199.0271742197947,-5040.972825780205
2025-06-25,1199.0271742197947,6240.0,3000,0,0,0.0,0.0,0.0,0.0,0.0,0.0,0.0,64139.027174219795,69180.0,-5040.972825780205,1199.0271742197947,-5040.972825780205
2025-06-26,1199.0271742197947,6240.0,3000,0,0,0.0,0.0,0.0,0.0,0.0,0.0,0.0,64319.027174219795,69360.0,-5040.972825780205,1199.0271742197947,-5040.972825780205
2025-06-27,1199.0271742197947,6240.0,3000,0,0,0.0,0.0,0.0,0.0,0.0,0.0,0.0,65249.0271742198,70290.0,-5040.972825780198,1199.0271742197947,-5040.972825780205
2025-06-30,1199.0271742197947,6240.0,3000,0,0,0.0,0.0,0.0,0.0,0.0,0.0,0.0,65339.027174219795,70380.0,-5040.972825780205,1199.0271742197947,-5040.972825780205
2025-07-01,1199.0271742197947,6240.0,3000,0,0,0.0,0.0,0.0,0.0,0.0,0.0,0.0,65399.02717421979,70440.0,-5040.972825780213,1199.0271742197947,-5040.972825780205
2025-07-02,1199.0271742197947,6240.0,3000,0,0,0.0,0.0,0.0,0.0,0.0,0.0,0.0,64679.027174219795,69720.0,-5040.972825780205,1199.0271742197947,-5040.972825780205
2025-07-03,1199.0271742197947,6240.0,3000,0,0,0.0,0.0,0.0,0.0,0.0,0.0,0.0,71039.0271742198,76080.0,-5040.972825780205,1199.0271742197947,-5040.972825780205
2025-07-04,24965.706431629795,6240.0,2000,0,0,0.0,17.12974259,0.0,0.0,0.0,0.0,0.0,72585.70643162979,77670.0,-5084.293568370209,24965.706431629795,18725.706431629795
2025-07-07,1464.654473459792,6240.0,3000,0,0,0.0,5.23495817,0.0,0.0,0.0,0.0,0.0,73404.65447345978,78180.0,-4775.345526540215,1464.654473459792,-4775.345526540208
2025-07-08,1464.654473459792,6240.0,3000,0,0,0.0,0.0,0.0,0.0,0.0,0.0,0.0,80604.65447345978,85380.0,-4775.345526540215,1464.654473459792,-4775.345526540208
2025-07-09,28016.843396059794,6240.0,2000,0,0,0.0,18.551077400000004,0.0,0.0,0.0,0.0,0.0,81216.84339605979,86040.0,-4823.15660394021,28016.843396059794,21776.843396059794
2025-07-10,1952.949809729791,6240.0,3000,0,0,0.0,5.26058633,0.0,0.0,0.0,0.0,0.0,80432.94980972979,84720.0,-4287.050190270209,1952.949809729791,-4287.050190270209
2025-07-11,1952.949809729791,6240.0,3000,0,0,0.0,0.0,0.0,0.0,0.0,0.0,0.0,79952.94980972979,84240.0,-4287.050190270209,1952.949809729791,-4287.050190270209
2025-07-14,1952.949809729791,6240.0,3000,0,0,0.0,0.0,0.0,0.0,0.0,0.0,0.0,79712.94980972979,84000.0,-4287.050190270209,1952.949809729791,-4287.050190270209
2025-07-15,1952.949809729791,6240.0,3000,0,0,0.0,0.0,0.0,0.0,0.0,0.0,0.0,83702.94980972979,87990.0,-4287.050190270209,1952.949809729791,-4287.050190270209
2025-07-16,1952.949809729791,6240.0,3000,0,0,0.0,0.0,0.0,0.0,0.0,0.0,0.0,82142.94980972979,86430.0,-4287.050190270209,1952.949809729791,-4287.050190270209
2025-07-17,1952.949809729791,6240.0,3000,0,0,0.0,0.0,0.0,0.0,0.0,0.0,0.0,84452.94980972979,88740.0,-4287.050190270209,1952.949809729791,-4287.050190270209
2025-07-18,1952.949809729791,6240.0,3000,0,0,0.0,0.0,0.0,0.0,0.0,0.0,0.0,83282.94980972979,87570.0,-4287.050190270209,1952.949809729791,-4287.050190270209
2025-07-21,1952.949809729791,6240.0,3000,0,0,0.0,0.0,0.0,0.0,0.0,0.0,0.0,83012.94980972979,87300.0,-4287.050190270209,1952.949809729791,-4287.050190270209
2025-07-22,1952.949809729791,6240.0,3000,0,0,0.0,0.0,0.0,0.0,0.0,0.0,0.0,82832.94980972979,87120.0,-4287.050190270209,1952.949809729791,-4287.050190270209
2025-07-23,1952.949809729791,6240.0,3000,0,0,0.0,0.0,0.0,0.0,0.0,0.0,0.0,81692.94980972979,85980.0,-4287.050190270209,1952.949809729791,-4287.050190270209
2025-07-24,1952.949809729791,6240.0,3000,0,0,0.0,0.0,0.0,0.0,0.0,0.0,0.0,87302.94980972979,91590.0,-4287.050190270209,1952.949809729791,-4287.050190270209
2025-07-25,1952.949809729791,6240.0,3000,0,0,0.0,0.0,0.0,0.0,0.0,0.0,0.0,87932.94980972979,92220.0,-4287.050190270209,1952.949809729791,-4287.050190270209
2025-07-28,1952.949809729791,6240.0,3000,0,0,0.0,0.0,0.0,0.0,0.0,0.0,0.0,90662.94980972979,94950.0,-4287.050190270209,1952.949809729791,-4287.050190270209
2025-07-29,33087.75140731979,6240.0,2000,0,0,0.0,20.889402410000002,0.0,0.0,0.0,0.0,0.0,95467.7514073198,99810.0,-4342.248592680204,33087.75140731979,26847.75140731979
2025-07-30,35650.200740579785,6240.0,2000,0,0,0.0,27.260666739999998,0.0,0.0,0.0,0.0,0.0,102210.20074057978,106080.0,-3869.7992594202224,35650.200740579785,29410.200740579785
2025-07-31,2356.8720607497817,8160.0,3000,0,0,256.0,5.34567983,0.0,1280.0,1920.0,0.0,0.0,105930.87206074978,111990.0,-6059.127939250218,2356.8720607497817,-5803.127939250218
2025-08-01,2356.8720607497817,8160.0,3000,0,0,256.0,0.0,0.0,0.0,0.0,0.0,0.0,101100.87206074978,107160.0,-6059.127939250218,2356.8720607497817,-5803.127939250218
2025-08-04,2356.8720607497817,8160.0,3000,0,0,256.0,0.0,0.0,0.0,0.0,0.0,0.0,101010.87206074978,107070.0,-6059.127939250218,2356.8720607497817,-5803.127939250218
2025-08-05,2356.8720607497817,8160.0,3000,0,0,256.0,0.0,0.0,0.0,0.0,0.0,0.0,107250.87206074977,113309.99999999999,-6059.127939250218,2356.8720607497817,-5803.127939250218
2025-08-06,2356.8720607497817,8160.0,3000,0,0,256.0,0.0,0.0,0.0,0.0,0.0,0.0,105000.87206074977,111059.99999999999,-6059.127939250218,2356.8720607497817,-5803.127939250218
2025-08-07,2356.8720607497817,8160.0,3000,0,0,256.0,0.0,0.0,0.0,0.0,0.0,0.0,109050.87206074978,115110.0,-6059.127939250218,2356.8720607497817,-5803.127939250218
2025-08-08,2356.8720607497817,8160.0,3000,0,0,256.0,0.0,0.0,0.0,0.0,0.0,0.0,111870.8720607498,117930.00000000001,-6059.127939250218,2356.8720607497817,-5803.127939250218
2025-08-11,2356.8720607497817,8160.0,3000,0,0,192.0,0.0,0.0,0.0,0.0,0.0,0.0,111214.87206074978,117210.0,-5995.127939250218,2356.8720607497817,-5803.127939250218
2025-08-12,2356.8720607497817,8160.0,3000,0,0,192.0,0.0,0.0,0.0,0.0,0.0,0.0,121294.87206074978,127290.0,-5995.127939250218,2356.8720607497817,-5803.127939250218
2025-08-13,45896.663998928976,8160.0,2000,0,0,128.0,28.160061820800003,64.0,0.0,0.0,0.0,0.0,133128.66399892897,139200.0,-6071.336001071031,45896.663998928976,37736.663998928976
2025-08-14,43476.73498445857,8160.0,2000,0,0,0.0,34.4690144704,128.0,0.0,0.0,0.0,0.0,129916.73498445857,137820.0,-7903.26501554143,43476.73498445857,35316.73498445857
2025-08-15,0.0,10089.751158820429,3000,0,0,0.0,6.601143279,0.0,0.0,0.0,1929.7511588204288,1929.7511588204288,134580.0,144669.75115882044,-10089.751158820436,-1929.7511588204288,-10089.751158820429
2025-08-18,0.0,10089.751158820429,3000,0,0,0.0,0.0,0.0,0.0,0.0,0.0,1929.7511588204288,133380.0,143469.75115882044,-10089.751158820436,-1929.7511588204288,-10089.751158820429
2025-08-19,0.0,10089.751158820429,3000,0,0,0.0,0.0,0.0,0.0,0.0,0.0,1929.7511588204288,146730.0,156819.75115882044,-10089.751158820436,-1929.7511588204288,-10089.751158820429
2025-08-20,47826.4118992254,10089.751158820429,2000,0,0,0.0,30.887100774600004,0.0,0.0,0.0,0.0,1929.7511588204288,143646.4118992254,153819.75115882044,-10173.339259595028,45896.66074040497,37736.66074040497
2025-08-21,1568.8670299973965,10089.751158820429,3000,0,0,0.0,6.724869228000002,0.0,0.0,0.0,0.0,1929.7511588204288,137438.8670299974,145959.75115882044,-8520.884128823032,-360.88412882303237,-8520.884128823032
2025-08-22,1568.8670299973965,10089.751158820429,3000,0,0,0.0,0.0,0.0,0.0,0.0,0.0,1929.7511588204288,139058.8670299974,147579.75115882044,-8520.884128823032,-360.88412882303237,-8520.884128823032
2025-08-25,1568.8670299973965,10089.751158820429,3000,0,0,0.0,0.0,0.0,0.0,0.0,0.0,1929.7511588204288,145568.8670299974,154089.75115882044,-8520.884128823032,-360.88412882303237,-8520.884128823032
2025-08-26,46969.5185260686,10089.751158820429,2000,0,0,0.0,29.3205039288,0.0,0.0,0.0,0.0,1929.7511588204288,137929.5185260686,146529.75115882044,-8600.232632751839,45039.76736724817,36879.76736724817
2025-08-27,1022.3597804219899,10089.751158820429,3000,0,0,0.0,6.679745646600002,0.0,0.0,0.0,0.0,1929.7511588204288,138182.359780422,147249.75115882044,-9067.391378398432,-907.391378398439,-9067.391378398439
2025-08-28,1022.3597804219899,10089.751158820429,3000,0,0,0.0,0.0,0.0,0.0,0.0,0.0,1929.7511588204288,147842.359780422,156909.75115882044,-9067.391378398432,-907.391378398439,-9067.391378398439
2025-08-29,1022.3597804219899,10089.751158820429,3000,0,0,0.0,0.0,0.0,0.0,0.0,0.0,1929.7511588204288,162512.359780422,171579.75115882044,-9067.391378398432,-907.391378398439,-9067.391378398439
2025-09-01,56545.32011928479,10089.751158820429,2000,0,0,0.0,35.857661137200004,0.0,0.0,0.0,0.0,1929.7511588204288,167785.3201192848,176949.75115882044,-9164.431039535644,54615.56896046436,46455.56896046436
2025-09-02,0.0,10785.639701305437,3000,0,0,0.0,8.3216617698,0.0,0.0,0.0,695.8885424850087,2625.6397013054375,161640.0,172425.63970130542,-10785.639701305423,-2625.6397013054375,-10785.639701305437
2025-09-03,0.0,10785.639701305437,3000,0,0,0.0,0.0,0.0,0.0,0.0,0.0,2625.6397013054375,162720.0,173505.63970130542,-10785.639701305423,-2625.6397013054375,-10785.639701305437
2025-09-04,0.0,10785.639701305437,3000,0,0,0.0,0.0,0.0,0.0,0.0,0.0,2625.6397013054375,159390.0,170175.63970130542,-10785.639701305423,-2625.6397013054375,-10785.639701305437
2025-09-05,0.0,10785.639701305437,3000,0,0,0.0,0.0,0.0,0.0,0.0,0.0,2625.6397013054375,167490.0,178275.63970130542,-10785.639701305423,-2625.6397013054375,-10785.639701305437
2025-09-08,0.0,10785.639701305437,3000,0,0,0.0,0.0,0.0,0.0,0.0,0.0,2625.6397013054375,154200.0,164985.63970130542,-10785.639701305423,-2625.6397013054375,-10785.639701305437
2025-09-09,0.0,10785.639701305437,3000,0,0,0.0,0.0,0.0,0.0,0.0,0.0,2625.6397013054375,146370.0,157155.63970130542,-10785.639701305423,-2625.6397013054375,-10785.639701305437
2025-09-10,0.0,10785.639701305437,3000,0,0,0.0,0.0,0.0,0.0,0.0,0.0,2625.6397013054375,161010.0,171795.63970130542,-10785.639701305423,-2625.6397013054375,-10785.639701305437
2025-09-11,58936.993498857606,10785.639701305437,2000,0,0,0.0,38.0625011424,0.0,0.0,0.0,0.0,2625.6397013054375,177016.9934988576,187905.63970130542,-10888.646202447824,56311.35379755217,48151.35379755217
2025-09-12,61792.00368528601,11973.44207684484,2000,0,0,0.0,48.647189111,0.0,0.0,0.0,1187.8023755394024,3813.44207684484,185592.003685286,197673.44207684483,-12081.438391558826,57978.56160844117,49818.56160844117
2025-09-15,796.1241737411983,11973.44207684484,3000,0,0,0.0,8.867511544800003,0.0,0.0,0.0,0.0,3813.44207684484,180496.1241737412,191673.44207684483,-11177.317903103627,-3017.3179031036416,-11177.317903103642
2025-09-16,796.1241737411983,11973.44207684484,3000,0,0,0.0,0.0,0.0,0.0,0.0,0.0,3813.44207684484,179986.1241737412,191163.44207684483,-11177.317903103627,-3017.3179031036416,-11177.317903103642
2025-09-17,796.1241737411983,11973.44207684484,3000,0,0,0.0,0.0,0.0,0.0,0.0,0.0,3813.44207684484,184156.1241737412,195333.44207684483,-11177.317903103627,-3017.3179031036416,-11177.317903103642
2025-09-18,796.1241737411983,11973.44207684484,3000,0,0,0.0,0.0,0.0,0.0,0.0,0.0,3813.44207684484,193876.1241737412,205053.44207684483,-11177.317903103627,-3017.3179031036416,-11177.317903103642
2025-09-19,796.1241737411983,11973.44207684484,3000,0,0,0.0,0.0,0.0,0.0,0.0,0.0,3813.44207684484,199096.12417374118,210273.4420768448,-11177.317903103627,-3017.3179031036416,-11177.317903103642
2025-09-22,796.1241737411983,11973.44207684484,3000,0,0,0.0,0.0,0.0,0.0,0.0,0.0,3813.44207684484,212296.1241737412,223473.44207684483,-11177.317903103627,-3017.3179031036416,-11177.317903103642
2025-09-23,796.1241737411983,11973.44207684484,3000,0,0,0.0,0.0,0.0,0.0,0.0,0.0,3813.44207684484,213406.1241737412,224583.44207684483,-11177.317903103627,-3017.3179031036416,-11177.317903103642
2025-09-24,796.1241737411983,11973.44207684484,3000,0,0,0.0,0.0,0.0,0.0,0.0,0.0,3813.44207684484,206686.1241737412,217863.44207684483,-11177.317903103627,-3017.3179031036416,-11177.317903103642
2025-09-25,796.1241737411983,11973.44207684484,3000,0,0,0.0,0.0,0.0,0.0,0.0,0.0,3813.44207684484,206176.12417374118,217353.4420768448,-11177.317903103627,-3017.3179031036416,-11177.317903103642
2025-09-26,796.1241737411983,11973.44207684484,3000,0,0,0.0,0.0,0.0,0.0,0.0,0.0,3813.44207684484,195406.1241737412,206583.44207684483,-11177.317903103627,-3017.3179031036416,-11177.317903103642
2025-09-29,796.1241737411983,11973.44207684484,3000,0,0,0.0,0.0,0.0,0.0,0.0,0.0,3813.44207684484,200536.1241737412,211713.44207684483,-11177.317903103627,-3017.3179031036416,-11177.317903103642
2025-09-30,796.1241737411983,11973.44207684484,3000,0,0,0.0,0.0,0.0,0.0,0.0,0.0,3813.44207684484,198826.12417374123,210003.44207684486,-11177.317903103627,-3017.3179031036416,-11177.317903103642
2025-10-09,796.1241737411983,11973.44207684484,3000,0,0,0.0,0.0,0.0,0.0,0.0,0.0,3813.44207684484,206146.1241737412,217323.44207684483,-11177.317903103627,-3017.3179031036416,-11177.317903103642
2025-10-10,796.1241737411983,11973.44207684484,3000,0,0,0.0,0.0,0.0,0.0,0.0,0.0,3813.44207684484,200026.1241737412,211203.44207684483,-11177.317903103627,-3017.3179031036416,-11177.317903103642
2025-10-13,796.1241737411983,11973.44207684484,3000,0,0,0.0,0.0,0.0,0.0,0.0,0.0,3813.44207684484,191236.1241737412,202413.44207684483,-11177.317903103627,-3017.3179031036416,-11177.317903103642
2025-10-14,796.1241737411983,11973.44207684484,3000,0,0,0.0,0.0,0.0,0.0,0.0,0.0,3813.44207684484,179956.1241737412,191133.44207684483,-11177.317903103627,-3017.3179031036416,-11177.317903103642
2025-10-15,796.1241737411983,11973.44207684484,3000,0,0,0.0,0.0,0.0,0.0,0.0,0.0,3813.44207684484,190936.1241737412,202113.44207684483,-11177.317903103627,-3017.3179031036416,-11177.317903103642
2025-10-16,64275.1793328258,11973.44207684484,2000,0,0,0.0,40.9958409154,0.0,0.0,0.0,0.0,3813.44207684484,191455.1793328258,202743.44207684483,-11288.26274401904,60461.73725598096,52301.73725598096
2025-10-17,1897.5809485637947,11973.44207684484,3000,0,0,0.0,9.068384262000002,0.0,0.0,0.0,0.0,3813.44207684484,181927.5809485638,192003.44207684483,-10075.861128281045,-1915.8611282810452,-10075.861128281045
2025-10-20,1897.5809485637947,11973.44207684484,3000,0,0,0.0,0.0,0.0,0.0,0.0,0.0,3813.44207684484,188077.5809485638,198153.44207684483,-10075.861128281045,-1915.8611282810452,-10075.861128281045
2025-10-21,1897.5809485637947,11973.44207684484,3000,0,0,0.0,0.0,0.0,0.0,0.0,0.0,3813.44207684484,205897.5809485638,215973.44207684483,-10075.861128281045,-1915.8611282810452,-10075.861128281045
2025-10-22,67243.37353723618,11973.44207684484,2000,0,0,0.0,42.2014113276,0.0,0.0,0.0,0.0,3813.44207684484,198163.37353723618,208353.4420768448,-10190.06853960862,63429.931460391344,55269.931460391344
2025-10-23,3163.6577010761757,11973.44207684484,3000,0,0,0.0,9.315836160000002,0.0,0.0,0.0,0.0,3813.44207684484,195133.65770107618,203943.44207684483,-8809.78437576865,-649.7843757686642,-8809.784375768664
2025-10-24,3163.6577010761757,11973.44207684484,3000,0,0,0.0,0.0,0.0,0.0,0.0,0.0,3813.44207684484,204913.65770107618,213723.44207684483,-8809.78437576865,-649.7843757686642,-8809.784375768664
2025-10-27,3163.6577010761757,11973.44207684484,3000,0,0,0.0,0.0,0.0,0.0,0.0,0.0,3813.44207684484,221443.6577010762,230253.44207684486,-8809.78437576865,-649.7843757686642,-8809.784375768664
2025-10-28,3163.6577010761757,11973.44207684484,3000,0,0,0.0,0.0,0.0,0.0,0.0,0.0,3813.44207684484,225133.65770107615,233943.4420768448,-8809.78437576865,-649.7843757686642,-8809.784375768664
2025-10-29,3163.6577010761757,11973.44207684484,3000,0,0,0.0,0.0,0.0,0.0,0.0,0.0,3813.44207684484,245563.65770107618,254373.44207684483,-8809.78437576865,-649.7843757686642,-8809.784375768664
2025-10-30,3163.6577010761757,11973.44207684484,3000,0,0,0.0,0.0,0.0,0.0,0.0,0.0,3813.44207684484,237073.65770107618,245883.44207684483,-8809.78437576865,-649.7843757686642,-8809.784375768664
2025-10-31,3163.6577010761757,11973.44207684484,3000,0,0,0.0,0.0,0.0,0.0,0.0,0.0,3813.44207684484,219163.65770107618,227973.44207684483,-8809.78437576865,-649.7843757686642,-8809.784375768664
2025-11-03,3163.6577010761757,11973.44207684484,3000,0,0,0.0,0.0,0.0,0.0,0.0,0.0,3813.44207684484,227833.65770107618,236643.44207684483,-8809.78437576865,-649.7843757686642,-8809.784375768664
2025-11-04,3163.6577010761757,11973.44207684484,3000,0,0,0.0,0.0,0.0,0.0,0.0,0.0,3813.44207684484,223633.65770107615,232443.4420768448,-8809.78437576865,-649.7843757686642,-8809.784375768664
2025-11-05,3163.6577010761757,11973.44207684484,3000,0,0,0.0,0.0,0.0,0.0,0.0,0.0,3813.44207684484,228883.65770107615,237693.4420768448,-8809.78437576865,-649.7843757686642,-8809.784375768664
2025-11-06,79250.67742470297,11973.44207684484,2000,0,0,0.0,49.1382763732,0.0,0.0,0.0,0.0,3813.44207684484,231690.67742470297,240633.44207684483,-8942.764652141865,75437.23534785814,67277.23534785814
2025-11-07,5859.377881100969,11973.44207684484,3000,0,0,0.0,10.669543602000001,0.0,0.0,0.0,0.0,3813.44207684484,223959.37788110098,230073.44207684483,-6114.064195743849,2045.935804256129,-6114.064195743871
2025-11-10,5859.377881100969,11973.44207684484,3000,0,0,0.0,0.0,0.0,0.0,0.0,0.0,3813.44207684484,220359.37788110098,226473.44207684483,-6114.064195743849,2045.935804256129,-6114.064195743871
2025-11-11,5859.377881100969,11973.44207684484,3000,0,0,0.0,0.0,0.0,0.0,0.0,0.0,3813.44207684484,209949.37788110098,216063.44207684483,-6114.064195743849,2045.935804256129,-6114.064195743871
2025-11-12,5859.377881100969,11973.44207684484,3000,0,0,0.0,0.0,0.0,0.0,0.0,0.0,3813.44207684484,211659.37788110093,217773.4420768448,-6114.064195743878,2045.935804256129,-6114.064195743871
2025-11-13,5859.377881100969,11973.44207684484,3000,0,0,0.0,0.0,0.0,0.0,0.0,0.0,3813.44207684484,209829.37788110093,215943.4420768448,-6114.064195743878,2045.935804256129,-6114.064195743871
2025-11-14,5859.377881100969,11973.44207684484,3000,0,0,0.0,0.0,0.0,0.0,0.0,0.0,3813.44207684484,198669.37788110098,204783.44207684483,-6114.064195743849,2045.935804256129,-6114.064195743871
2025-11-17,5859.377881100969,11973.44207684484,3000,0,0,0.0,0.0,0.0,0.0,0.0,0.0,3813.44207684484,200679.37788110098,206793.44207684483,-6114.064195743849,2045.935804256129,-6114.064195743871
2025-11-18,5859.377881100969,11973.44207684484,3000,0,0,0.0,0.0,0.0,0.0,0.0,0.0,3813.44207684484,200019.37788110098,206133.44207684483,-6114.064195743849,2045.935804256129,-6114.064195743871
2025-11-19,5859.377881100969,11973.44207684484,3000,0,0,0.0,0.0,0.0,0.0,0.0,0.0,3813.44207684484,201039.37788110098,207153.44207684483,-6114.064195743849,2045.935804256129,-6114.064195743871
2025-11-20,5859.377881100969,11973.44207684484,3000,0,0,0.0,0.0,0.0,0.0,0.0,0.0,3813.44207684484,203679.37788110098,209793.44207684483,-6114.064195743849,2045.935804256129,-6114.064195743871
2025-11-21,5859.377881100969,11973.44207684484,3000,0,0,0.0,0.0,0.0,0.0,0.0,0.0,3813.44207684484,187869.37788110098,193983.44207684483,-6114.064195743849,2045.935804256129,-6114.064195743871
2025-11-24,5859.377881100969,11973.44207684484,3000,0,0,0.0,0.0,0.0,0.0,0.0,0.0,3813.44207684484,173679.37788110098,179793.44207684483,-6114.064195743849,2045.935804256129,-6114.064195743871
2025-11-25,5859.377881100969,11973.44207684484,3000,0,0,0.0,0.0,0.0,0.0,0.0,0.0,3813.44207684484,175689.37788110098,181803.44207684483,-6114.064195743849,2045.935804256129,-6114.064195743871
2025-11-26,5859.377881100969,11973.44207684484,3000,0,0,0.0,0.0,0.0,0.0,0.0,0.0,3813.44207684484,182649.37788110098,188763.44207684483,-6114.064195743849,2045.935804256129,-6114.064195743871
2025-11-27,5859.377881100969,11973.44207684484,3000,0,0,0.0,0.0,0.0,0.0,0.0,0.0,3813.44207684484,186669.37788110098,192783.44207684483,-6114.064195743849,2045.935804256129,-6114.064195743871
2025-11-28,5859.377881100969,11973.44207684484,3000,0,0,0.0,0.0,0.0,0.0,0.0,0.0,3813.44207684484,188019.37788110098,194133.44207684483,-6114.064195743849,2045.935804256129,-6114.064195743871
2025-12-01,65565.02796861237,11973.44207684484,2000,0,0,0.0,38.5589124886,0.0,0.0,0.0,0.0,3813.44207684484,185185.02796861238,191403.44207684483,-6218.4141082324495,61751.58589176753,53591.58589176753
2025-12-02,4408.949167477156,11973.44207684484,3000,0,0,0.0,8.890801135200002,0.0,0.0,0.0,0.0,3813.44207684484,187288.94916747714,194853.44207684483,-7564.492909367691,595.5070906323162,-7564.492909367684
2025-12-03,4408.949167477156,11973.44207684484,3000,0,0,0.0,0.0,0.0,0.0,0.0,0.0,3813.44207684484,189448.94916747714,197013.44207684483,-7564.492909367691,595.5070906323162,-7564.492909367684
2025-12-04,4408.949167477156,11973.44207684484,3000,0,0,0.0,0.0,0.0,0.0,0.0,0.0,3813.44207684484,188608.94916747714,196173.44207684483,-7564.492909367691,595.5070906323162,-7564.492909367684
2025-12-05,4408.949167477156,11973.44207684484,3000,0,0,0.0,0.0,0.0,0.0,0.0,0.0,3813.44207684484,187768.94916747714,195333.44207684483,-7564.492909367691,595.5070906323162,-7564.492909367684
2025-12-08,4408.949167477156,11973.44207684484,3000,0,0,0.0,0.0,0.0,0.0,0.0,0.0,3813.44207684484,194638.94916747714,202203.44207684483,-7564.492909367691,595.5070906323162,-7564.492909367684
2025-12-09,4408.949167477156,11973.44207684484,3000,0,0,0.0,0.0,0.0,0.0,0.0,0.0,3813.44207684484,208378.94916747714,215943.4420768448,-7564.492909367662,595.5070906323162,-7564.492909367684
2025-12-10,69505.17792866455,11973.44207684484,2000,0,0,0.0,42.040238812599995,0.0,0.0,0.0,0.0,3813.44207684484,199925.17792866455,207603.4420768448,-7678.264148180257,65691.73585181971,57531.73585181971
2025-12-11,4994.926501730333,11973.44207684484,3000,0,0,0.0,9.378426934200004,0.0,0.0,0.0,0.0,3813.44207684484,191894.92650173034,198873.44207684483,-6978.515575114492,1181.4844248854934,-6978.515575114507
2025-12-12,4994.926501730333,11973.44207684484,3000,0,0,0.0,0.0,0.0,0.0,0.0,0.0,3813.44207684484,190244.92650173034,197223.44207684483,-6978.515575114492,1181.4844248854934,-6978.515575114507
2025-12-15,4994.926501730333,11973.44207684484,3000,0,0,0.0,0.0,0.0,0.0,0.0,0.0,3813.44207684484,182414.92650173034,189393.44207684483,-6978.515575114492,1181.4844248854934,-6978.515575114507
2025-12-16,4994.926501730333,11973.44207684484,3000,0,0,0.0,0.0,0.0,0.0,0.0,0.0,3813.44207684484,181844.92650173034,188823.44207684483,-6978.515575114492,1181.4844248854934,-6978.515575114507
2025-12-17,4994.926501730333,11973.44207684484,3000,0,0,0.0,0.0,0.0,0.0,0.0,0.0,3813.44207684484,189494.92650173034,196473.44207684483,-6978.515575114492,1181.4844248854934,-6978.515575114507
2025-12-18,63173.24596503353,11973.44207684484,2000,0,0,0.0,37.5725366968,0.0,0.0,0.0,0.0,3813.44207684484,179733.24596503354,186813.44207684483,-7080.196111811296,59359.80388818869,51199.80388818869
2025-12-19,4350.069318558519,11973.44207684484,3000,0,0,0.0,8.551646475000002,0.0,0.0,0.0,0.0,3813.44207684484,179250.06931855853,186873.44207684483,-7623.372758286307,536.6272417136788,-7623.372758286321
2025-12-22,4350.069318558519,11973.44207684484,3000,0,0,0.0,0.0,0.0,0.0,0.0,0.0,3813.44207684484,186210.06931855853,193833.44207684483,-7623.372758286307,536.6272417136788,-7623.372758286321
2025-12-23,4350.069318558519,11973.44207684484,3000,0,0,0.0,0.0,0.0,0.0,0.0,0.0,3813.44207684484,192930.06931855853,200553.44207684483,-7623.372758286307,536.6272417136788,-7623.372758286321
2025-12-24,4350.069318558519,11973.44207684484,3000,0,0,0.0,0.0,0.0,0.0,0.0,0.0,3813.44207684484,199770.06931855853,207393.44207684483,-7623.372758286307,536.6272417136788,-7623.372758286321
2025-12-25,4350.069318558519,11973.44207684484,3000,0,0,0.0,0.0,0.0,0.0,0.0,0.0,3813.44207684484,204510.06931855853,212133.44207684483,-7623.372758286307,536.6272417136788,-7623.372758286321
2025-12-26,4350.069318558519,11973.44207684484,3000,0,0,0.0,0.0,0.0,0.0,0.0,0.0,3813.44207684484,195870.06931855853,203493.44207684483,-7623.372758286307,536.6272417136788,-7623.372758286321
2025-12-29,4350.069318558519,11973.44207684484,3000,0,0,0.0,0.0,0.0,0.0,0.0,0.0,3813.44207684484,200070.0693185585,207693.4420768448,-7623.372758286307,536.6272417136788,-7623.372758286321
2025-12-30,4350.069318558519,11973.44207684484,3000,0,0,0.0,0.0,0.0,0.0,0.0,0.0,3813.44207684484,197040.06931855853,204663.44207684483,-7623.372758286307,536.6272417136788,-7623.372758286321
2025-12-31,4350.069318558519,11973.44207684484,3000,0,0,0.0,0.0,0.0,0.0,0.0,0.0,3813.44207684484,190500.06931855853,198123.44207684483,-7623.372758286307,536.6272417136788,-7623.372758286321
2026-01-05,4350.069318558519,11973.44207684484,3000,0,0,0.0,0.0,0.0,0.0,0.0,0.0,3813.44207684484,195360.06931855853,202983.44207684483,-7623.372758286307,536.6272417136788,-7623.372758286321
2026-01-06,4350.069318558519,11973.44207684484,3000,0,0,0.0,0.0,0.0,0.0,0.0,0.0,3813.44207684484,196500.06931855853,204123.44207684483,-7623.372758286307,536.6272417136788,-7623.372758286321
2026-01-07,4350.069318558519,11973.44207684484,3000,0,0,0.0,0.0,0.0,0.0,0.0,0.0,3813.44207684484,193800.06931855853,201423.44207684483,-7623.372758286307,536.6272417136788,-7623.372758286321
2026-01-08,4350.069318558519,11973.44207684484,3000,0,0,0.0,0.0,0.0,0.0,0.0,0.0,3813.44207684484,188340.06931855853,195963.44207684483,-7623.372758286307,536.6272417136788,-7623.372758286321
2026-01-09,4350.069318558519,11973.44207684484,3000,0,0,0.0,0.0,0.0,0.0,0.0,0.0,3813.44207684484,188790.06931855853,196413.44207684483,-7623.372758286307,536.6272417136788,-7623.372758286321
2026-01-12,4350.069318558519,11973.44207684484,3000,0,0,0.0,0.0,0.0,0.0,0.0,0.0,3813.44207684484,187140.06931855853,194763.44207684483,-7623.372758286307,536.6272417136788,-7623.372758286321
2026-01-13,4350.069318558519,11973.44207684484,3000,0,0,0.0,0.0,0.0,0.0,0.0,0.0,3813.44207684484,182640.06931855853,190263.44207684483,-7623.372758286307,536.6272417136788,-7623.372758286321
2026-01-14,4350.069318558519,11973.44207684484,3000,0,0,0.0,0.0,0.0,0.0,0.0,0.0,3813.44207684484,184350.06931855853,191973.44207684483,-7623.372758286307,536.6272417136788,-7623.372758286321
2026-01-15,4350.069318558519,11973.44207684484,3000,0,0,0.0,0.0,0.0,0.0,0.0,0.0,3813.44207684484,186720.06931855853,194343.44207684483,-7623.372758286307,536.6272417136788,-7623.372758286321
2026-01-16,68197.15384477851,12963.44207684484,2000,0,0,99.0,40.61547378,33.0,990.0,990.0,0.0,3813.44207684484,194098.1538447785,201963.44207684483,-7865.288232066319,64383.71176793367,55233.71176793367
2026-01-19,6780.751198058904,12963.44207684484,3000,0,0,99.0,8.928646719600001,0.0,0.0,0.0,0.0,3813.44207684484,189381.7511980589,195663.44207684483,-6281.690878785943,2967.3091212140644,-6182.690878785936
2026-01-20,6780.751198058904,12963.44207684484,3000,0,0,66.0,0.0,0.0,0.0,0.0,0.0,3813.44207684484,185724.7511980589,191973.44207684483,-6248.690878785943,2967.3091212140644,-6182.690878785936
2026-01-21,6780.751198058904,12963.44207684484,3000,0,0,66.0,0.0,0.0,0.0,0.0,0.0,3813.44207684484,191394.7511980589,197643.44207684483,-6248.690878785943,2967.3091212140644,-6182.690878785936
2026-01-22,69388.2718967939,12963.44207684484,2000,0,0,33.0,40.454301265,33.0,0.0,0.0,0.0,3813.44207684484,194855.2718967939,201213.44207684483,-6358.170180050918,65574.82981994905,56424.82981994906
2026-01-23,8612.666408435893,12963.44207684484,3000,0,0,33.0,8.835488358000001,0.0,0.0,0.0,0.0,3813.44207684484,188909.6664084359,193293.44207684483,-4383.775668408925,4799.224331591053,-4350.775668408947
2026-01-26,8612.666408435893,12963.44207684484,3000,0,0,33.0,0.0,0.0,0.0,0.0,0.0,3813.44207684484,186359.6664084359,190743.44207684483,-4383.775668408925,4799.224331591053,-4350.775668408947
2026-01-27,8612.666408435893,12963.44207684484,3000,0,0,33.0,0.0,0.0,0.0,0.0,0.0,3813.44207684484,191489.6664084359,195873.44207684483,-4383.775668408925,4799.224331591053,-4350.775668408947
2026-01-28,8612.666408435893,12963.44207684484,3000,0,0,33.0,0.0,0.0,0.0,0.0,0.0,3813.44207684484,190649.6664084359,195033.44207684483,-4383.775668408925,4799.224331591053,-4350.775668408947
2026-01-29,8612.666408435893,12963.44207684484,3000,0,0,33.0,0.0,0.0,0.0,0.0,0.0,3813.44207684484,181379.6664084359,185763.44207684483,-4383.775668408925,4799.224331591053,-4350.775668408947
2026-01-30,8612.666408435893,12963.44207684484,3000,0,0,33.0,0.0,0.0,0.0,0.0,0.0,3813.44207684484,181679.6664084359,186063.44207684483,-4383.775668408925,4799.224331591053,-4350.775668408947
2026-02-02,8612.666408435893,12963.44207684484,3000,0,0,33.0,0.0,0.0,0.0,0.0,0.0,3813.44207684484,175619.6664084359,180003.44207684483,-4383.775668408925,4799.224331591053,-4350.775668408947
2026-02-03,8612.666408435893,12963.44207684484,3000,0,0,33.0,0.0,0.0,0.0,0.0,0.0,3813.44207684484,175829.6664084359,180213.44207684483,-4383.775668408925,4799.224331591053,-4350.775668408947
2026-02-04,8612.666408435893,12963.44207684484,3000,0,0,33.0,0.0,0.0,0.0,0.0,0.0,3813.44207684484,168809.6664084359,173193.44207684483,-4383.775668408925,4799.224331591053,-4350.775668408947
2026-02-05,8612.666408435893,12963.44207684484,3000,0,0,33.0,0.0,0.0,0.0,0.0,0.0,3813.44207684484,170219.6664084359,174603.44207684483,-4383.775668408925,4799.224331591053,-4350.775668408947
2026-02-06,8612.666408435893,12963.44207684484,3000,0,0,33.0,0.0,0.0,0.0,0.0,0.0,3813.44207684484,171779.6664084359,176163.44207684483,-4383.775668408925,4799.224331591053,-4350.775668408947
2026-02-09,8612.666408435893,12963.44207684484,3000,0,0,33.0,0.0,0.0,0.0,0.0,0.0,3813.44207684484,175139.6664084359,179523.44207684483,-4383.775668408925,4799.224331591053,-4350.775668408947
2026-02-10,8612.666408435893,12963.44207684484,3000,0,0,33.0,0.0,0.0,0.0,0.0,0.0,3813.44207684484,176789.6664084359,181173.44207684483,-4383.775668408925,4799.224331591053,-4350.775668408947
2026-02-11,8612.666408435893,12963.44207684484,3000,0,0,33.0,0.0,0.0,0.0,0.0,0.0,3813.44207684484,174179.6664084359,178563.44207684483,-4383.775668408925,4799.224331591053,-4350.775668408947
2026-02-12,8612.666408435893,12963.44207684484,3000,0,0,33.0,0.0,0.0,0.0,0.0,0.0,3813.44207684484,174569.6664084359,178953.44207684483,-4383.775668408925,4799.224331591053,-4350.775668408947
2026-02-13,8612.666408435893,12963.44207684484,3000,0,0,33.0,0.0,0.0,0.0,0.0,0.0,3813.44207684484,172829.6664084359,177213.44207684483,-4383.775668408925,4799.224331591053,-4350.775668408947
2026-02-24,8612.666408435893,12963.44207684484,3000,0,0,33.0,0.0,0.0,0.0,0.0,0.0,3813.44207684484,174719.6664084359,179103.44207684483,-4383.775668408925,4799.224331591053,-4350.775668408947
2026-02-25,8612.666408435893,12963.44207684484,3000,0,0,33.0,0.0,0.0,0.0,0.0,0.0,3813.44207684484,180749.6664084359,185133.44207684483,-4383.775668408925,4799.224331591053,-4350.775668408947
2026-02-26,8612.666408435893,12963.44207684484,3000,0,0,33.0,0.0,0.0,0.0,0.0,0.0,3813.44207684484,182429.6664084359,186813.44207684483,-4383.775668408925,4799.224331591053,-4350.775668408947
2026-02-27,8612.666408435893,12963.44207684484,3000,0,0,33.0,0.0,0.0,0.0,0.0,0.0,3813.44207684484,175679.6664084359,180063.44207684483,-4383.775668408925,4799.224331591053,-4350.775668408947
2026-03-02,8612.666408435893,12963.44207684484,3000,0,0,33.0,0.0,0.0,0.0,0.0,0.0,3813.44207684484,175169.6664084359,179553.44207684483,-4383.775668408925,4799.224331591053,-4350.775668408947
2026-03-03,8612.666408435893,12963.44207684484,3000,0,0,33.0,0.0,0.0,0.0,0.0,0.0,3813.44207684484,173219.6664084359,177603.44207684483,-4383.775668408925,4799.224331591053,-4350.775668408947
2026-03-04,8612.666408435893,12963.44207684484,3000,0,0,33.0,0.0,0.0,0.0,0.0,0.0,3813.44207684484,169859.6664084359,174243.44207684483,-4383.775668408925,4799.224331591053,-4350.775668408947
2026-03-05,8612.666408435893,12963.44207684484,3000,0,0,33.0,0.0,0.0,0.0,0.0,0.0,3813.44207684484,173879.6664084359,178263.44207684483,-4383.775668408925,4799.224331591053,-4350.775668408947
2026-03-06,8612.666408435893,12963.44207684484,3000,0,0,33.0,0.0,0.0,0.0,0.0,0.0,3813.44207684484,171569.6664084359,175953.44207684483,-4383.775668408925,4799.224331591053,-4350.775668408947
2026-03-09,8612.666408435893,12963.44207684484,3000,0,0,33.0,0.0,0.0,0.0,0.0,0.0,3813.44207684484,166949.6664084359,171333.44207684483,-4383.775668408925,4799.224331591053,-4350.775668408947
2026-03-10,62844.82505677429,12963.44207684484,2000,0,0,0.0,35.0453516616,33.0,0.0,0.0,0.0,3813.44207684484,171564.82505677428,176043.44207684483,-4478.617020070553,59031.38297992945,49881.38297992945
2026-03-11,62643.63066187668,12963.44207684484,2000,0,0,0.0,42.5923948976,0.0,0.0,0.0,0.0,3813.44207684484,170423.6306618767,174633.44207684483,-4209.811414968135,58830.18858503184,49680.18858503184
2026-03-12,9217.16758347828,12963.44207684484,3000,0,0,0.0,7.767078398400002,0.0,0.0,0.0,0.0,3813.44207684484,166837.16758347827,170583.44207684483,-3746.274493366567,5403.72550663344,-3746.27449336656
2026-03-13,9217.16758347828,12963.44207684484,3000,0,0,0.0,0.0,0.0,0.0,0.0,0.0,3813.44207684484,166687.16758347827,170433.44207684483,-3746.274493366567,5403.72550663344,-3746.27449336656
2026-03-16,9217.16758347828,12963.44207684484,3000,0,0,0.0,0.0,0.0,0.0,0.0,0.0,3813.44207684484,167317.16758347827,171063.44207684483,-3746.274493366567,5403.72550663344,-3746.27449336656
2026-03-17,60028.362859424284,12963.44207684484,2000,0,0,0.0,32.814724054,0.0,0.0,0.0,0.0,3813.44207684484,161828.3628594243,165663.44207684483,-3835.0792174205417,56214.920782579444,47064.920782579444
2026-03-18,8734.552823698083,12963.44207684484,3000,0,0,0.0,7.457035726200001,0.0,0.0,0.0,0.0,3813.44207684484,164914.5528236981,169143.44207684483,-4228.889253146743,4921.110746853243,-4228.889253146757
2026-03-19,59106.51576327048,12963.44207684484,2000,0,0,0.0,32.531060427599996,0.0,0.0,0.0,0.0,3813.44207684484,160026.5157632705,164343.44207684483,-4316.926313574339,55293.07368642564,46143.07368642564
2026-03-20,6761.397889607273,12963.44207684484,3000,0,0,0.0,7.609873663200002,0.0,0.0,0.0,0.0,3813.44207684484,157661.39788960727,163863.44207684483,-6202.044187237567,2947.955812762433,-6202.044187237567
2026-03-23,6761.397889607273,12963.44207684484,3000,0,0,0.0,0.0,0.0,0.0,0.0,0.0,3813.44207684484,149561.39788960727,155763.44207684483,-6202.044187237567,2947.955812762433,-6202.044187237567
2026-03-24,6761.397889607273,12963.44207684484,3000,0,0,0.0,0.0,0.0,0.0,0.0,0.0,3813.44207684484,153281.39788960727,159483.44207684483,-6202.044187237567,2947.955812762433,-6202.044187237567
2026-03-25,56983.62253268867,12963.44207684484,2000,0,0,0.0,32.4343569186,0.0,0.0,0.0,0.0,3813.44207684484,157603.62253268866,163893.44207684483,-6289.819544156169,53170.18045584383,44020.18045584383
2026-03-26,5729.862319360065,12963.44207684484,3000,0,0,0.0,7.4512133286000015,0.0,0.0,0.0,0.0,3813.44207684484,154949.86231936008,162183.44207684483,-7233.579757484753,1916.4202425152253,-7233.579757484775
2026-03-27,5729.862319360065,12963.44207684484,3000,0,0,0.0,0.0,0.0,0.0,0.0,0.0,3813.44207684484,154319.86231936008,161553.44207684483,-7233.579757484753,1916.4202425152253,-7233.579757484775
2026-03-30,5729.862319360065,12963.44207684484,3000,0,0,0.0,0.0,0.0,0.0,0.0,0.0,3813.44207684484,153539.86231936008,160773.44207684483,-7233.579757484753,1916.4202425152253,-7233.579757484775
2026-03-31,57100.080568872465,12963.44207684484,2000,0,0,0.0,33.1757504876,0.0,0.0,0.0,0.0,3813.44207684484,160020.08056887245,167343.44207684483,-7323.361507972382,53286.638492027625,44136.638492027625
2026-04-01,5305.6477531762575,12963.44207684484,3000,0,0,0.0,7.529815696200001,0.0,0.0,0.0,0.0,3813.44207684484,165265.64775317625,172923.44207684483,-7657.794323668582,1492.2056763314176,-7657.794323668582
2026-04-02,57214.923870056264,12963.44207684484,2000,0,0,0.0,33.52388312000001,0.0,0.0,0.0,0.0,3813.44207684484,161214.92387005626,168963.44207684483,-7748.518206788576,53401.481793211424,44251.481793211424
2026-04-03,4619.494606408058,12963.44207684484,3000,0,0,0.0,7.646263648200001,0.0,0.0,0.0,0.0,3813.44207684484,161159.49460640806,169503.44207684483,-8343.947470436775,806.0525295632178,-8343.947470436782
2026-04-07,4619.494606408058,12963.44207684484,3000,0,0,0.0,0.0,0.0,0.0,0.0,0.0,3813.44207684484,162359.49460640806,170703.44207684483,-8343.947470436775,806.0525295632178,-8343.947470436782
2026-04-08,4619.494606408058,12963.44207684484,3000,0,0,0.0,0.0,0.0,0.0,0.0,0.0,3813.44207684484,174449.49460640806,182793.44207684483,-8343.947470436775,806.0525295632178,-8343.947470436782
2026-04-09,59543.50175930686,12963.44207684484,2000,0,0,0.0,35.4708471012,0.0,0.0,0.0,0.0,3813.44207684484,169583.50175930688,178023.44207684483,-8439.940317537956,55730.05968246202,46580.05968246202
2026-04-10,3043.214811892656,12963.44207684484,3000,0,0,0.0,8.213947414200002,0.0,0.0,0.0,0.0,3813.44207684484,172603.21481189266,182523.44207684483,-9920.227264952176,-770.2272649521838,-9920.227264952184
2026-04-13,3043.214811892656,12963.44207684484,3000,0,0,0.0,0.0,0.0,0.0,0.0,0.0,3813.44207684484,170143.21481189266,180063.44207684483,-9920.227264952176,-770.2272649521838,-9920.227264952184
2026-04-14,3043.214811892656,12963.44207684484,3000,0,0,0.0,0.0,0.0,0.0,0.0,0.0,3813.44207684484,179803.21481189266,189723.44207684483,-9920.227264952176,-770.2272649521838,-9920.227264952184
2026-04-15,3043.214811892656,12963.44207684484,3000,0,0,0.0,0.0,0.0,0.0,0.0,0.0,3813.44207684484,176503.21481189266,186423.44207684483,-9920.227264952176,-770.2272649521838,-9920.227264952184
2026-04-16,3043.214811892656,12963.44207684484,3000,0,0,0.0,0.0,0.0,0.0,0.0,0.0,3813.44207684484,181003.21481189266,190923.44207684483,-9920.227264952176,-770.2272649521838,-9920.227264952184
2026-04-17,3043.214811892656,12963.44207684484,3000,0,0,0.0,0.0,0.0,0.0,0.0,0.0,3813.44207684484,185953.21481189266,195873.44207684483,-9920.227264952176,-770.2272649521838,-9920.227264952184
2026-04-20,3043.214811892656,12963.44207684484,3000,0,0,0.0,0.0,0.0,0.0,0.0,0.0,3813.44207684484,187573.21481189266,197493.44207684483,-9920.227264952176,-770.2272649521838,-9920.227264952184
2026-04-21,3043.214811892656,12963.44207684484,3000,0,0,0.0,0.0,0.0,0.0,0.0,0.0,3813.44207684484,187273.21481189266,197193.44207684483,-9920.227264952176,-770.2272649521838,-9920.227264952184
2026-04-22,69816.51249377926,12963.44207684484,2000,0,0,0.0,43.1233181134,0.0,0.0,0.0,0.0,3813.44207684484,203596.51249377924,213633.44207684483,-10036.92958306559,66003.07041693441,56853.07041693442
2026-04-23,1501.5279390730575,12963.44207684484,3000,0,0,0.0,9.9315547062,0.0,0.0,0.0,0.0,3813.44207684484,205261.52793907304,216723.44207684483,-11461.91413777179,-2311.9141377717824,-11461.914137771782
2026-04-24,1501.5279390730575,12963.44207684484,3000,0,0,0.0,0.0,0.0,0.0,0.0,0.0,3813.44207684484,196531.5279390731,207993.44207684486,-11461.91413777176,-2311.9141377717824,-11461.914137771782
2026-04-27,1501.5279390730575,12963.44207684484,3000,0,0,0.0,0.0,0.0,0.0,0.0,0.0,3813.44207684484,203251.52793907304,214713.44207684483,-11461.91413777179,-2311.9141377717824,-11461.914137771782
2026-04-28,1501.5279390730575,12963.44207684484,3000,0,0,0.0,0.0,0.0,0.0,0.0,0.0,3813.44207684484,206101.52793907304,217563.44207684483,-11461.91413777179,-2311.9141377717824,-11461.914137771782
2026-04-29,1501.5279390730575,12963.44207684484,3000,0,0,0.0,0.0,0.0,0.0,0.0,0.0,3813.44207684484,200281.5279390731,211743.44207684486,-11461.91413777176,-2311.9141377717824,-11461.914137771782
2026-04-30,1501.5279390730575,12963.44207684484,3000,0,0,0.0,0.0,0.0,0.0,0.0,0.0,3813.44207684484,190141.52793907304,201603.44207684483,-11461.91413777179,-2311.9141377717824,-11461.914137771782
2026-05-06,1501.5279390730575,12963.44207684484,3000,0,0,0.0,0.0,0.0,0.0,0.0,0.0,3813.44207684484,190741.52793907304,202203.44207684483,-11461.91413777179,-2311.9141377717824,-11461.914137771782
2026-05-07,1501.5279390730575,12963.44207684484,3000,0,0,0.0,0.0,0.0,0.0,0.0,0.0,3813.44207684484,194041.5279390731,205503.44207684486,-11461.91413777176,-2311.9141377717824,-11461.914137771782
2026-05-08,1501.5279390730575,12963.44207684484,3000,0,0,0.0,0.0,0.0,0.0,0.0,0.0,3813.44207684484,191341.52793907304,202803.44207684483,-11461.91413777179,-2311.9141377717824,-11461.914137771782
2026-05-11,1501.5279390730575,12963.44207684484,3000,0,0,0.0,0.0,0.0,0.0,0.0,0.0,3813.44207684484,199051.52793907304,210513.4420768448,-11461.91413777176,-2311.9141377717824,-11461.914137771782
2026-05-12,65789.16989920907,12963.44207684484,2000,0,0,0.0,41.51803986400001,0.0,0.0,0.0,0.0,3813.44207684484,194589.16989920908,206163.44207684486,-11574.27217763578,61975.72782236423,52825.72782236423
2026-05-13,0.0,15218.920431158178,3000,0,0,0.0,9.8922535224,0.0,0.0,0.0,2255.478354313338,6068.920431158178,212520.0,227738.92043115819,-15218.920431158185,-6068.920431158178,-15218.920431158178
2026-05-14,68480.31426188399,15218.920431158178,2000,0,0,0.0,44.225738116,0.0,0.0,0.0,0.0,6068.920431158178,205680.314261884,221018.92043115816,-15338.606169274164,62411.393830725814,53261.393830725814
2026-05-15,0.0,17426.54270103819,3000,0,0,0.0,10.276531764000001,0.0,0.0,0.0,2207.622269880012,8276.54270103819,202860.0,220286.54270103818,-17426.542701038183,-8276.54270103819,-17426.54270103819
2026-05-18,0.0,17426.54270103819,3000,0,0,0.0,0.0,0.0,0.0,0.0,0.0,8276.54270103819,206940.0,224366.54270103818,-17426.542701038183,-8276.54270103819,-17426.54270103819
2026-05-19,0.0,17426.54270103819,3000,0,0,0.0,0.0,0.0,0.0,0.0,0.0,8276.54270103819,205680.0,223106.54270103818,-17426.542701038183,-8276.54270103819,-17426.54270103819
2026-05-20,0.0,17426.54270103819,3000,0,0,0.0,0.0,0.0,0.0,0.0,0.0,8276.54270103819,204450.00000000003,221876.5427010382,-17426.542701038183,-8276.54270103819,-17426.54270103819
2026-05-21,0.0,17426.54270103819,3000,0,0,0.0,0.0,0.0,0.0,0.0,0.0,8276.54270103819,196500.0,213926.54270103818,-17426.542701038183,-8276.54270103819,-17426.54270103819
2026-05-22,0.0,17426.54270103819,3000,0,0,0.0,0.0,0.0,0.0,0.0,0.0,8276.54270103819,201480.0,218906.54270103818,-17426.542701038183,-8276.54270103819,-17426.54270103819
2026-05-25,0.0,17426.54270103819,3000,0,0,0.0,0.0,0.0,0.0,0.0,0.0,8276.54270103819,210900.0,228326.54270103818,-17426.542701038183,-8276.54270103819,-17426.54270103819
2026-05-26,69857.9065896012,17426.54270103819,2000,0,0,0.0,45.1154103988,0.0,0.0,0.0,0.0,8276.54270103819,209817.9065896012,227366.54270103818,-17548.636111436994,61581.36388856301,52431.36388856301
2026-05-27,0.0,19788.478349909194,3000,0,0,0.0,10.499238472200002,0.0,0.0,0.0,2361.9356488710037,10638.478349909194,210240.0,230028.4783499092,-19788.478349909186,-10638.478349909194,-19788.478349909194
2026-05-28,0.0,19788.478349909194,3000,0,0,0.0,0.0,0.0,0.0,0.0,0.0,10638.478349909194,225000.0,244788.4783499092,-19788.478349909186,-10638.478349909194,-19788.478349909194
2026-05-29,0.0,19788.478349909194,3000,0,0,0.0,0.0,0.0,0.0,0.0,0.0,10638.478349909194,220200.00000000003,239988.47834990922,-19788.478349909186,-10638.478349909194,-19788.478349909194
2026-06-01,0.0,19788.478349909194,3000,0,0,0.0,0.0,0.0,0.0,0.0,0.0,10638.478349909194,221250.0,241038.4783499092,-19788.478349909186,-10638.478349909194,-19788.478349909194
2026-06-02,0.0,19788.478349909194,3000,0,0,0.0,0.0,0.0,0.0,0.0,0.0,10638.478349909194,240030.00000000003,259818.47834990922,-19788.478349909186,-10638.478349909194,-19788.478349909194
2026-06-03,0.0,19788.478349909194,3000,0,0,0.0,0.0,0.0,0.0,0.0,0.0,10638.478349909194,243150.0,262938.4783499092,-19788.478349909186,-10638.478349909194,-19788.478349909194
2026-06-04,0.0,19788.478349909194,3000,0,0,0.0,0.0,0.0,0.0,0.0,0.0,10638.478349909194,235650.0,255438.4783499092,-19788.478349909186,-10638.478349909194,-19788.478349909194
2026-06-05,0.0,19788.478349909194,3000,0,0,0.0,0.0,0.0,0.0,0.0,0.0,10638.478349909194,222180.0,241968.4783499092,-19788.478349909186,-10638.478349909194,-19788.478349909194
2026-06-08,0.0,19788.478349909194,3000,0,0,0.0,0.0,0.0,0.0,0.0,0.0,10638.478349909194,211440.0,231228.4783499092,-19788.478349909186,-10638.478349909194,-19788.478349909194
2026-06-09,0.0,19788.478349909194,3000,0,0,0.0,0.0,0.0,0.0,0.0,0.0,10638.478349909194,224219.99999999997,244008.47834990916,-19788.478349909186,-10638.478349909194,-19788.478349909194
2026-06-10,71005.90019603219,19788.478349909194,2000,0,0,0.0,45.856803967800005,0.0,0.0,0.0,0.0,10638.478349909194,213265.9001960322,233178.4783499092,-19912.578153876995,60367.421846123,51217.421846123
2026-06-11,988.7981894279801,19788.478349909194,3000,0,0,0.0,10.179006604200003,0.0,0.0,0.0,0.0,10638.478349909194,209548.798189428,228348.4783499092,-18799.68016048119,-9649.680160481214,-18799.680160481214
2026-06-12,988.7981894279801,19788.478349909194,3000,0,0,0.0,0.0,0.0,0.0,0.0,0.0,10638.478349909194,211378.798189428,230178.4783499092,-18799.68016048119,-9649.680160481214,-18799.680160481214
2026-06-15,988.7981894279801,19788.478349909194,3000,0,0,0.0,0.0,0.0,0.0,0.0,0.0,10638.478349909194,221188.798189428,239988.47834990922,-18799.68016048122,-9649.680160481214,-18799.680160481214
2026-06-16,73761.61028405398,19788.478349909194,2000,0,0,0.0,46.997905374,0.0,0.0,0.0,0.0,10638.478349909194,219561.61028405398,238488.47834990922,-18926.868065855233,63123.13193414479,53973.13193414479
2026-06-17,2352.776949133171,19788.478349909194,3000,0,0,0.0,10.381334920800002,0.0,0.0,0.0,0.0,10638.478349909194,220272.77694913317,237708.4783499092,-17435.701400776015,-8285.701400776023,-17435.701400776023
2026-06-18,2352.776949133171,19788.478349909194,3000,0,0,0.0,0.0,0.0,0.0,0.0,0.0,10638.478349909194,236592.77694913317,254028.4783499092,-17435.701400776015,-8285.701400776023,-17435.701400776023
2026-06-22,2352.776949133171,19788.478349909194,3000,0,0,0.0,0.0,0.0,0.0,0.0,0.0,10638.478349909194,238992.77694913317,256428.4783499092,-17435.701400776015,-8285.701400776023,-17435.701400776023
2026-06-23,2352.776949133171,19788.478349909194,3000,0,0,0.0,0.0,0.0,0.0,0.0,0.0,10638.478349909194,224652.77694913314,242088.47834990916,-17435.701400776015,-8285.701400776023,-17435.701400776023
2026-06-24,2352.776949133171,19788.478349909194,3000,0,0,0.0,0.0,0.0,0.0,0.0,0.0,10638.478349909194,232692.77694913317,250128.4783499092,-17435.701400776015,-8285.701400776023,-17435.701400776023
2026-06-25,79208.45326141377,19788.478349909194,2000,0,0,0.0,49.634687719400006,0.0,0.0,0.0,0.0,10638.478349909194,233188.4532614138,250758.47834990916,-17570.02508849537,68569.97491150457,59419.97491150458
2026-06-26,4825.920613471157,19788.478349909194,3000,0,0,0.0,10.813647942600003,0.0,0.0,0.0,0.0,10638.478349909194,215485.92061347116,230448.4783499092,-14962.55773643803,-5812.557736438037,-14962.557736438037
2026-06-29,4825.920613471157,19788.478349909194,3000,0,0,0.0,0.0,0.0,0.0,0.0,0.0,10638.478349909194,213655.92061347116,228618.4783499092,-14962.55773643803,-5812.557736438037,-14962.557736438037
2026-06-30,4825.920613471157,19788.478349909194,3000,0,0,0.0,0.0,0.0,0.0,0.0,0.0,10638.478349909194,221275.9206134712,236238.47834990922,-14962.55773643803,-5812.557736438037,-14962.557736438037
2026-07-01,4825.920613471157,19788.478349909194,3000,0,0,0.0,0.0,0.0,0.0,0.0,0.0,10638.478349909194,214825.92061347116,229788.4783499092,-14962.55773643803,-5812.557736438037,-14962.557736438037
2026-07-02,4825.920613471157,19788.478349909194,3000,0,0,0.0,0.0,0.0,0.0,0.0,0.0,10638.478349909194,196885.92061347116,211848.4783499092,-14962.55773643803,-5812.557736438037,-14962.557736438037
2026-07-03,4825.920613471157,19788.478349909194,3000,0,0,0.0,0.0,0.0,0.0,0.0,0.0,10638.478349909194,198985.92061347116,213948.4783499092,-14962.55773643803,-5812.557736438037,-14962.557736438037
2026-07-06,4825.920613471157,19788.478349909194,3000,0,0,0.0,0.0,0.0,0.0,0.0,0.0,10638.478349909194,195595.92061347116,210558.4783499092,-14962.55773643803,-5812.557736438037,-14962.557736438037
2026-07-07,4825.920613471157,19788.478349909194,3000,0,0,0.0,0.0,0.0,0.0,0.0,0.0,10638.478349909194,196165.92061347116,211128.4783499092,-14962.55773643803,-5812.557736438037,-14962.557736438037
2026-07-08,4825.920613471157,19788.478349909194,3000,0,0,0.0,0.0,0.0,0.0,0.0,0.0,10638.478349909194,202855.9206134712,217818.47834990922,-14962.55773643803,-5812.557736438037,-14962.557736438037
2026-07-09,4825.920613471157,19788.478349909194,3000,0,0,0.0,0.0,0.0,0.0,0.0,0.0,10638.478349909194,213415.92061347116,228378.4783499092,-14962.55773643803,-5812.557736438037,-14962.557736438037
2026-07-10,70980.30000319496,19788.478349909194,2000,0,0,0.0,42.723610276200006,0.0,0.0,0.0,0.0,10638.478349909194,203520.30000319495,218598.4783499092,-15078.178346714238,60341.82165328577,51191.82165328577
2026-07-13,5819.238962299758,19788.478349909194,3000,0,0,0.0,9.4730408952,0.0,0.0,0.0,0.0,10638.478349909194,195059.23896229977,209028.4783499092,-13969.239387609414,-4819.239387609436,-13969.239387609436
2026-07-14,5819.238962299758,19788.478349909194,3000,0,0,0.0,0.0,0.0,0.0,0.0,0.0,10638.478349909194,202619.2389622997,216588.47834990916,-13969.239387609443,-4819.239387609436,-13969.239387609436
2026-07-15,69328.24178068255,19788.478349909194,2000,0,0,0.0,41.01518161720001,0.0,0.0,0.0,0.0,10638.478349909194,196568.24178068255,210648.4783499092,-14080.236569226632,58689.76343077336,49539.76343077336
2026-07-16,6209.721682064948,19788.478349909194,3000,0,0,0.0,9.176098617600003,0.0,0.0,0.0,0.0,10638.478349909194,195269.72168206493,208848.4783499092,-13578.756667844253,-4428.756667844245,-13578.756667844245
2026-07-17,6209.721682064948,19788.478349909194,3000,0,0,0.0,0.0,0.0,0.0,0.0,0.0,10638.478349909194,178979.72168206493,192558.4783499092,-13578.756667844253,-4428.756667844245,-13578.756667844245
2026-07-20,6209.721682064948,19788.478349909194,3000,0,0,0.0,0.0,0.0,0.0,0.0,0.0,10638.478349909194,175709.72168206493,189288.4783499092,-13578.756667844253,-4428.756667844245,-13578.756667844245
2026-07-21,6209.721682064948,19788.478349909194,3000,0,0,0.0,0.0,0.0,0.0,0.0,0.0,10638.478349909194,189149.72168206493,202728.4783499092,-13578.756667844253,-4428.756667844245,-13578.756667844245
2026-07-22,6209.721682064948,19788.478349909194,3000,0,0,0.0,0.0,0.0,0.0,0.0,0.0,10638.478349909194,188339.72168206493,201918.4783499092,-13578.756667844253,-4428.756667844245,-13578.756667844245
2026-07-23,6209.721682064948,19788.478349909194,3000,0,0,0.0,0.0,0.0,0.0,0.0,0.0,10638.478349909194,194849.72168206493,208428.4783499092,-13578.756667844253,-4428.756667844245,-13578.756667844245
2026-07-24,6209.721682064948,19788.478349909194,3000,0,0,0.0,0.0,0.0,0.0,0.0,0.0,10638.478349909194,186959.72168206493,200538.4783499092,-13578.756667844253,-4428.756667844245,-13578.756667844245
2026-07-27,6209.721682064948,19788.478349909194,3000,0,0,0.0,0.0,0.0,0.0,0.0,0.0,10638.478349909194,190859.72168206493,204438.4783499092,-13578.756667844253,-4428.756667844245,-13578.756667844245
2026-07-28,64188.39008338015,19788.478349909194,2000,0,0,0.0,37.4435986848,0.0,0.0,0.0,0.0,10638.478349909194,180348.39008338016,194028.4783499092,-13680.088266529026,53549.91173347096,44399.91173347096
2026-07-29,6917.144054812146,19788.478349909194,3000,0,0,0.0,8.326028568000002,0.0,0.0,0.0,0.0,10638.478349909194,180167.14405481215,193038.4783499092,-12871.33429509704,-3721.3342950970473,-12871.334295097047
2026-07-30,6917.144054812146,19788.478349909194,3000,0,0,0.0,0.0,0.0,0.0,0.0,0.0,10638.478349909194,168317.14405481215,181188.4783499092,-12871.33429509704,-3721.3342950970473,-12871.334295097047
2026-07-31,6917.144054812146,19788.478349909194,3000,0,0,0.0,0.0,0.0,0.0,0.0,0.0,10638.478349909194,177017.14405481215,189888.4783499092,-12871.33429509704,-3721.3342950970473,-12871.334295097047
2026-08-03,8867.144054812146,21738.478349909194,3000,0,0,390.0,0.0,0.0,1950.0,1950.0,0.0,10638.478349909194,176177.14405481215,189438.4783499092,-13261.33429509704,-1771.3342950970473,-12871.334295097047
2026-08-04,8867.144054812146,21738.478349909194,3000,0,0,390.0,0.0,0.0,0.0,0.0,0.0,10638.478349909194,188267.14405481215,201528.4783499092,-13261.33429509704,-1771.3342950970473,-12871.334295097047
2026-08-05,74542.13408605695,21738.478349909194,2000,0,0,260.0,42.4979687552,130.0,0.0,0.0,0.0,10638.478349909194,206122.13408605696,219498.4783499092,-13376.344263852225,63903.65573614775,52803.65573614775
2026-08-06,75519.62140207835,21738.478349909194,2000,0,0,130.0,53.75968397860001,130.0,0.0,0.0,0.0,10638.478349909194,211929.62140207837,226548.4783499092,-14618.85694783082,64881.14305216916,53781.14305216916
2026-08-07,6734.051434200344,21738.478349909194,3000,0,0,130.0,9.999967878000001,0.0,0.0,0.0,0.0,10638.478349909194,211144.05143420037,226278.47834990922,-15134.426915708842,-3904.4269157088493,-15004.42691570885
2026-08-10,6734.051434200344,21738.478349909194,3000,0,0,130.0,0.0,0.0,0.0,0.0,0.0,10638.478349909194,214144.05143420037,229278.47834990922,-15134.426915708842,-3904.4269157088493,-15004.42691570885
2026-08-11,6734.051434200344,21738.478349909194,3000,0,0,130.0,0.0,0.0,0.0,0.0,0.0,10638.478349909194,204634.05143420037,219768.47834990922,-15134.426915708842,-3904.4269157088493,-15004.42691570885
2026-08-12,6734.051434200344,21738.478349909194,3000,0,0,130.0,0.0,0.0,0.0,0.0,0.0,10638.478349909194,203404.05143420032,218538.47834990916,-15134.426915708842,-3904.4269157088493,-15004.42691570885
2026-08-13,6734.051434200344,21738.478349909194,3000,0,0,130.0,0.0,0.0,0.0,0.0,0.0,10638.478349909194,202294.05143420034,217428.4783499092,-15134.426915708842,-3904.4269157088493,-15004.42691570885
2026-08-14,6734.051434200344,21738.478349909194,3000,0,0,130.0,0.0,0.0,0.0,0.0,0.0,10638.478349909194,205174.05143420034,220308.4783499092,-15134.426915708842,-3904.4269157088493,-15004.42691570885
2026-08-17,6734.051434200344,21738.478349909194,3000,0,0,130.0,0.0,0.0,0.0,0.0,0.0,10638.478349909194,211294.05143420034,226428.4783499092,-15134.426915708842,-3904.4269157088493,-15004.42691570885
2026-08-18,6734.051434200344,21738.478349909194,3000,0,0,130.0,0.0,0.0,0.0,0.0,0.0,10638.478349909194,205204.05143420034,220338.4783499092,-15134.426915708842,-3904.4269157088493,-15004.42691570885
2026-08-19,6734.051434200344,21738.478349909194,3000,0,0,130.0,0.0,0.0,0.0,0.0,0.0,10638.478349909194,192094.05143420034,207228.4783499092,-15134.426915708842,-3904.4269157088493,-15004.42691570885
2026-08-20,6734.051434200344,21738.478349909194,3000,0,0,130.0,0.0,0.0,0.0,0.0,0.0,10638.478349909194,192994.05143420034,208128.4783499092,-15134.426915708842,-3904.4269157088493,-15004.42691570885
2026-08-21,6734.051434200344,21738.478349909194,3000,0,0,130.0,0.0,0.0,0.0,0.0,0.0,10638.478349909194,195124.05143420034,210258.4783499092,-15134.426915708842,-3904.4269157088493,-15004.42691570885
2026-08-24,6734.051434200344,21738.478349909194,3000,0,0,130.0,0.0,0.0,0.0,0.0,0.0,10638.478349909194,187804.05143420034,202938.4783499092,-15134.426915708842,-3904.4269157088493,-15004.42691570885
2026-08-25,6734.051434200344,21738.478349909194,3000,0,0,130.0,0.0,0.0,0.0,0.0,0.0,10638.478349909194,187054.05143420034,202188.4783499092,-15134.426915708842,-3904.4269157088493,-15004.42691570885
2026-08-26,6734.051434200344,21738.478349909194,3000,0,0,130.0,0.0,0.0,0.0,0.0,0.0,10638.478349909194,188314.05143420034,203448.4783499092,-15134.426915708842,-3904.4269157088493,-15004.42691570885
2026-08-27,6734.051434200344,21738.478349909194,3000,0,0,130.0,0.0,0.0,0.0,0.0,0.0,10638.478349909194,198184.05143420034,213318.4783499092,-15134.426915708842,-3904.4269157088493,-15004.42691570885
2026-08-28,6734.051434200344,21738.478349909194,3000,0,0,130.0,0.0,0.0,0.0,0.0,0.0,10638.478349909194,198724.05143420037,213858.47834990922,-15134.426915708842,-3904.4269157088493,-15004.42691570885
2026-08-31,6734.051434200344,21738.478349909194,3000,0,0,65.0,0.0,0.0,0.0,0.0,0.0,10638.478349909194,201189.05143420034,216258.4783499092,-15069.426915708842,-3904.4269157088493,-15004.42691570885
2026-09-01,69499.24064182394,21738.478349909194,2000,0,0,0.0,40.57679237640001,65.0,0.0,0.0,0.0,10638.478349909194,195379.24064182394,210558.4783499092,-15179.237708085246,58860.76229191475,47760.76229191475
2026-09-02,7331.903825149333,21738.478349909194,3000,0,0,0.0,9.037816674600002,0.0,0.0,0.0,0.0,10638.478349909194,192731.90382514935,207138.4783499092,-14406.574524759839,-3306.5745247598607,-14406.57452475986
2026-09-03,7331.903825149333,21738.478349909194,3000,0,0,0.0,0.0,0.0,0.0,0.0,0.0,10638.478349909194,196931.90382514935,211338.4783499092,-14406.574524759839,-3306.5745247598607,-14406.57452475986
2026-09-04,7331.903825149333,21738.478349909194,3000,0,0,0.0,0.0,0.0,0.0,0.0,0.0,10638.478349909194,198401.90382514935,212808.4783499092,-14406.574524759839,-3306.5745247598607,-14406.57452475986
2026-09-07,7331.903825149333,21738.478349909194,3000,0,0,0.0,0.0,0.0,0.0,0.0,0.0,10638.478349909194,207041.9038251493,221448.47834990916,-14406.574524759868,-3306.5745247598607,-14406.57452475986
2026-09-08,7331.903825149333,21738.478349909194,3000,0,0,0.0,0.0,0.0,0.0,0.0,0.0,10638.478349909194,201581.90382514935,215988.4783499092,-14406.574524759839,-3306.5745247598607,-14406.57452475986
2026-09-09,7331.903825149333,21738.478349909194,3000,0,0,0.0,0.0,0.0,0.0,0.0,0.0,10638.478349909194,203051.9038251493,217458.47834990916,-14406.574524759868,-3306.5745247598607,-14406.57452475986
2026-09-10,7331.903825149333,21738.478349909194,3000,0,0,0.0,0.0,0.0,0.0,0.0,0.0,10638.478349909194,199061.90382514935,213468.4783499092,-14406.574524759839,-3306.5745247598607,-14406.57452475986
2026-09-11,7331.903825149333,21738.478349909194,3000,0,0,0.0,0.0,0.0,0.0,0.0,0.0,10638.478349909194,199541.9038251493,213948.47834990916,-14406.574524759868,-3306.5745247598607,-14406.57452475986
