date,cash,hold_cash,shares,receivable,hold_receivable,tax_reserve,fee,tax,payment,hold_payment,deposit,external,equity,hold_equity,relative,pool_ex_external,relative_cash_pool
2020-01-02,0.0,0.0,3000,0,0,0.0,0.0,0.0,0.0,0.0,0.0,0.0,55140.0,55140.0,0.0,0.0,0.0
2020-01-03,0.0,0.0,3000,0,0,0.0,0.0,0.0,0.0,0.0,0.0,0.0,54660.0,54660.0,0.0,0.0,0.0
2020-01-06,0.0,0.0,3000,0,0,0.0,0.0,0.0,0.0,0.0,0.0,0.0,53699.99999999999,53699.99999999999,0.0,0.0,0.0
2020-01-07,0.0,0.0,3000,0,0,0.0,0.0,0.0,0.0,0.0,0.0,0.0,53580.0,53580.0,0.0,0.0,0.0
2020-01-08,0.0,0.0,3000,0,0,0.0,0.0,0.0,0.0,0.0,0.0,0.0,52560.0,52560.0,0.0,0.0,0.0
2020-01-09,0.0,0.0,3000,0,0,0.0,0.0,0.0,0.0,0.0,0.0,0.0,54900.0,54900.0,0.0,0.0,0.0
2020-01-10,0.0,0.0,3000,0,0,0.0,0.0,0.0,0.0,0.0,0.0,0.0,54090.0,54090.0,0.0,0.0,0.0
2020-01-13,0.0,0.0,3000,0,0,0.0,0.0,0.0,0.0,0.0,0.0,0.0,55830.0,55830.0,0.0,0.0,0.0
2020-01-14,0.0,0.0,3000,0,0,0.0,0.0,0.0,0.0,0.0,0.0,0.0,55170.0,55170.0,0.0,0.0,0.0
2020-01-15,0.0,0.0,3000,0,0,0.0,0.0,0.0,0.0,0.0,0.0,0.0,56100.0,56100.0,0.0,0.0,0.0
2020-01-16,18349.439356400002,0.0,2000,0,0,0.0,23.740643600000002,0.0,0.0,0.0,0.0,0.0,55169.439356400006,55230.0,-60.560643599994364,18349.439356400002,18349.439356400002
2020-01-17,0.0,784.1232071999984,3000,0,0,0.0,5.3825636,0.0,0.0,0.0,784.1232071999984,784.1232071999984,56969.99999999999,57754.12320719999,-784.1232071999984,-784.1232071999984,-784.1232071999984
2020-01-20,0.0,784.1232071999984,3000,0,0,0.0,0.0,0.0,0.0,0.0,0.0,784.1232071999984,58020.0,58804.1232072,-784.1232071999984,-784.1232071999984,-784.1232071999984
2020-01-21,0.0,784.1232071999984,3000,0,0,0.0,0.0,0.0,0.0,0.0,0.0,784.1232071999984,57270.0,58054.1232072,-784.1232071999984,-784.1232071999984,-784.1232071999984
2020-01-22,0.0,784.1232071999984,3000,0,0,0.0,0.0,0.0,0.0,0.0,0.0,784.1232071999984,62550.00000000001,63334.123207200006,-784.1232071999984,-784.1232071999984,-784.1232071999984
2020-01-23,0.0,784.1232071999984,3000,0,0,0.0,0.0,0.0,0.0,0.0,0.0,784.1232071999984,60000.0,60784.1232072,-784.1232071999984,-784.1232071999984,-784.1232071999984
2020-02-03,0.0,784.1232071999984,3000,0,0,0.0,0.0,0.0,0.0,0.0,0.0,784.1232071999984,54000.0,54784.1232072,-784.1232071999984,-784.1232071999984,-784.1232071999984
2020-02-04,0.0,784.1232071999984,3000,0,0,0.0,0.0,0.0,0.0,0.0,0.0,784.1232071999984,54060.0,54844.1232072,-784.1232071999984,-784.1232071999984,-784.1232071999984
2020-02-05,0.0,784.1232071999984,3000,0,0,0.0,0.0,0.0,0.0,0.0,0.0,784.1232071999984,56070.00000000001,56854.123207200006,-784.1232071999984,-784.1232071999984,-784.1232071999984
2020-02-06,0.0,784.1232071999984,3000,0,0,0.0,0.0,0.0,0.0,0.0,0.0,784.1232071999984,56760.00000000001,57544.123207200006,-784.1232071999984,-784.1232071999984,-784.1232071999984
2020-02-07,0.0,784.1232071999984,3000,0,0,0.0,0.0,0.0,0.0,0.0,0.0,784.1232071999984,57900.0,58684.1232072,-784.1232071999984,-784.1232071999984,-784.1232071999984
2020-02-10,0.0,784.1232071999984,3000,0,0,0.0,0.0,0.0,0.0,0.0,0.0,784.1232071999984,56730.0,57514.1232072,-784.1232071999984,-784.1232071999984,-784.1232071999984
2020-02-11,0.0,784.1232071999984,3000,0,0,0.0,0.0,0.0,0.0,0.0,0.0,784.1232071999984,57690.0,58474.1232072,-784.1232071999984,-784.1232071999984,-784.1232071999984
2020-02-12,0.0,784.1232071999984,3000,0,0,0.0,0.0,0.0,0.0,0.0,0.0,784.1232071999984,57449.99999999999,58234.12320719999,-784.1232071999984,-784.1232071999984,-784.1232071999984
2020-02-13,0.0,784.1232071999984,3000,0,0,0.0,0.0,0.0,0.0,0.0,0.0,784.1232071999984,55260.00000000001,56044.123207200006,-784.1232071999984,-784.1232071999984,-784.1232071999984
2020-02-14,0.0,784.1232071999984,3000,0,0,0.0,0.0,0.0,0.0,0.0,0.0,784.1232071999984,55050.00000000001,55834.123207200006,-784.1232071999984,-784.1232071999984,-784.1232071999984
2020-02-17,0.0,784.1232071999984,3000,0,0,0.0,0.0,0.0,0.0,0.0,0.0,784.1232071999984,57570.00000000001,58354.123207200006,-784.1232071999984,-784.1232071999984,-784.1232071999984
2020-02-18,0.0,784.1232071999984,3000,0,0,0.0,0.0,0.0,0.0,0.0,0.0,784.1232071999984,56550.00000000001,57334.123207200006,-784.1232071999984,-784.1232071999984,-784.1232071999984
2020-02-19,0.0,784.1232071999984,3000,0,0,0.0,0.0,0.0,0.0,0.0,0.0,784.1232071999984,55469.99999999999,56254.12320719999,-784.1232071999984,-784.1232071999984,-784.1232071999984
2020-02-20,0.0,784.1232071999984,3000,0,0,0.0,0.0,0.0,0.0,0.0,0.0,784.1232071999984,56429.99999999999,57214.12320719999,-784.1232071999984,-784.1232071999984,-784.1232071999984
2020-02-21,0.0,784.1232071999984,3000,0,0,0.0,0.0,0.0,0.0,0.0,0.0,784.1232071999984,58800.00000000001,59584.123207200006,-784.1232071999984,-784.1232071999984,-784.1232071999984
2020-02-24,0.0,784.1232071999984,3000,0,0,0.0,0.0,0.0,0.0,0.0,0.0,784.1232071999984,60420.0,61204.1232072,-784.1232071999984,-784.1232071999984,-784.1232071999984
2020-02-25,0.0,784.1232071999984,3000,0,0,0.0,0.0,0.0,0.0,0.0,0.0,784.1232071999984,59880.0,60664.1232072,-784.1232071999984,-784.1232071999984,-784.1232071999984
2020-02-26,0.0,784.1232071999984,3000,0,0,0.0,0.0,0.0,0.0,0.0,0.0,784.1232071999984,56130.0,56914.1232072,-784.1232071999984,-784.1232071999984,-784.1232071999984
2020-02-27,0.0,784.1232071999984,3000,0,0,0.0,0.0,0.0,0.0,0.0,0.0,784.1232071999984,56699.99999999999,57484.12320719999,-784.1232071999984,-784.1232071999984,-784.1232071999984
2020-02-28,17023.4532432,784.1232071999984,2000,0,0,0.0,22.3867568,0.0,0.0,0.0,0.0,784.1232071999984,51183.4532432,52024.12320719999,-840.6699639999933,16239.330036000003,16239.330036000003
2020-03-02,0.0,1250.9196620000002,3000,0,0,0.0,5.349698,0.0,0.0,0.0,466.7964548000018,1250.9196620000002,52320.00000000001,53570.91966200001,-1250.9196620000002,-1250.9196620000002,-1250.9196620000002
2020-03-03,0.0,1250.9196620000002,3000,0,0,0.0,0.0,0.0,0.0,0.0,0.0,1250.9196620000002,52320.00000000001,53570.91966200001,-1250.9196620000002,-1250.9196620000002,-1250.9196620000002
2020-03-04,0.0,1250.9196620000002,3000,0,0,0.0,0.0,0.0,0.0,0.0,0.0,1250.9196620000002,50280.00000000001,51530.91966200001,-1250.9196620000002,-1250.9196620000002,-1250.9196620000002
2020-03-05,0.0,1250.9196620000002,3000,0,0,0.0,0.0,0.0,0.0,0.0,0.0,1250.9196620000002,51480.0,52730.919662,-1250.9196620000002,-1250.9196620000002,-1250.9196620000002
2020-03-06,0.0,1250.9196620000002,3000,0,0,0.0,0.0,0.0,0.0,0.0,0.0,1250.9196620000002,50969.99999999999,52220.91966199999,-1250.9196620000002,-1250.9196620000002,-1250.9196620000002
2020-03-09,0.0,1250.9196620000002,3000,0,0,0.0,0.0,0.0,0.0,0.0,0.0,1250.9196620000002,48540.0,49790.919662,-1250.9196620000002,-1250.9196620000002,-1250.9196620000002
2020-03-10,0.0,1250.9196620000002,3000,0,0,0.0,0.0,0.0,0.0,0.0,0.0,1250.9196620000002,49770.0,51020.919662,-1250.9196620000002,-1250.9196620000002,-1250.9196620000002
2020-03-11,16485.082941599998,1250.9196620000002,2000,0,0,0.0,21.8370584,0.0,0.0,0.0,0.0,1250.9196620000002,49565.0829416,50870.919662,-1305.8367204000024,15234.163279599998,15234.163279599998
2020-03-12,357.58049799999753,1250.9196620000002,3000,0,0,0.0,5.3224436,0.0,0.0,0.0,0.0,1250.9196620000002,48657.580498,49550.91966200001,-893.3391640000045,-893.3391640000027,-893.3391640000027
2020-03-13,357.58049799999753,1250.9196620000002,3000,0,0,0.0,0.0,0.0,0.0,0.0,0.0,1250.9196620000002,47307.580497999996,48200.919662,-893.3391640000045,-893.3391640000027,-893.3391640000027
2020-03-16,357.58049799999753,1250.9196620000002,3000,0,0,0.0,0.0,0.0,0.0,0.0,0.0,1250.9196620000002,43257.580497999996,44150.919662,-893.3391640000045,-893.3391640000027,-893.3391640000027
2020-03-17,357.58049799999753,1250.9196620000002,3000,0,0,0.0,0.0,0.0,0.0,0.0,0.0,1250.9196620000002,42087.580497999996,42980.919662,-893.3391640000045,-893.3391640000027,-893.3391640000027
2020-03-18,357.58049799999753,1250.9196620000002,3000,0,0,0.0,0.0,0.0,0.0,0.0,0.0,1250.9196620000002,41037.580497999996,41930.919662,-893.3391640000045,-893.3391640000027,-893.3391640000027
2020-03-19,357.58049799999753,1250.9196620000002,3000,0,0,0.0,0.0,0.0,0.0,0.0,0.0,1250.9196620000002,40887.580497999996,41780.919662,-893.3391640000045,-893.3391640000027,-893.3391640000027
2020-03-20,357.58049799999753,1250.9196620000002,3000,0,0,0.0,0.0,0.0,0.0,0.0,0.0,1250.9196620000002,41067.580497999996,41960.919662,-893.3391640000045,-893.3391640000027,-893.3391640000027
2020-03-23,357.58049799999753,1250.9196620000002,3000,0,0,0.0,0.0,0.0,0.0,0.0,0.0,1250.9196620000002,37917.580497999996,38810.919662,-893.3391640000045,-893.3391640000027,-893.3391640000027
2020-03-24,357.58049799999753,1250.9196620000002,3000,0,0,0.0,0.0,0.0,0.0,0.0,0.0,1250.9196620000002,39417.580497999996,40310.919662,-893.3391640000045,-893.3391640000027,-893.3391640000027
2020-03-25,357.58049799999753,1250.9196620000002,3000,0,0,0.0,0.0,0.0,0.0,0.0,0.0,1250.9196620000002,41007.580497999996,41900.919662,-893.3391640000045,-893.3391640000027,-893.3391640000027
2020-03-26,357.58049799999753,1250.9196620000002,3000,0,0,0.0,0.0,0.0,0.0,0.0,0.0,1250.9196620000002,40227.580497999996,41120.919662,-893.3391640000045,-893.3391640000027,-893.3391640000027
2020-03-27,357.58049799999753,1250.9196620000002,3000,0,0,0.0,0.0,0.0,0.0,0.0,0.0,1250.9196620000002,39567.580497999996,40460.919662,-893.3391640000045,-893.3391640000027,-893.3391640000027
2020-03-30,357.58049799999753,1250.9196620000002,3000,0,0,0.0,0.0,0.0,0.0,0.0,0.0,1250.9196620000002,38817.580497999996,39710.919662,-893.3391640000045,-893.3391640000027,-893.3391640000027
2020-03-31,357.58049799999753,1250.9196620000002,3000,0,0,0.0,0.0,0.0,0.0,0.0,0.0,1250.9196620000002,39987.580497999996,40880.919662,-893.3391640000045,-893.3391640000027,-893.3391640000027
2020-04-01,357.58049799999753,1250.9196620000002,3000,0,0,0.0,0.0,0.0,0.0,0.0,0.0,1250.9196620000002,40587.580497999996,41480.919662,-893.3391640000045,-893.3391640000027,-893.3391640000027
2020-04-02,357.58049799999753,1250.9196620000002,3000,0,0,0.0,0.0,0.0,0.0,0.0,0.0,1250.9196620000002,42297.580497999996,43190.919662,-893.3391640000045,-893.3391640000027,-893.3391640000027
2020-04-03,357.58049799999753,1250.9196620000002,3000,0,0,0.0,0.0,0.0,0.0,0.0,0.0,1250.9196620000002,42237.580497999996,43130.919662,-893.3391640000045,-893.3391640000027,-893.3391640000027
2020-04-07,357.58049799999753,1250.9196620000002,3000,0,0,0.0,0.0,0.0,0.0,0.0,0.0,1250.9196620000002,42807.580497999996,43700.919662,-893.3391640000045,-893.3391640000027,-893.3391640000027
2020-04-08,357.58049799999753,1250.9196620000002,3000,0,0,0.0,0.0,0.0,0.0,0.0,0.0,1250.9196620000002,42777.580497999996,43670.919662,-893.3391640000045,-893.3391640000027,-893.3391640000027
2020-04-09,357.58049799999753,1250.9196620000002,3000,0,0,0.0,0.0,0.0,0.0,0.0,0.0,1250.9196620000002,42207.580497999996,43100.919662,-893.3391640000045,-893.3391640000027,-893.3391640000027
2020-04-10,357.58049799999753,1250.9196620000002,3000,0,0,0.0,0.0,0.0,0.0,0.0,0.0,1250.9196620000002,41217.580497999996,42110.919662,-893.3391640000045,-893.3391640000027,-893.3391640000027
2020-04-13,357.58049799999753,1250.9196620000002,3000,0,0,0.0,0.0,0.0,0.0,0.0,0.0,1250.9196620000002,39807.580497999996,40700.919662,-893.3391640000045,-893.3391640000027,-893.3391640000027
2020-04-14,357.58049799999753,1250.9196620000002,3000,0,0,0.0,0.0,0.0,0.0,0.0,0.0,1250.9196620000002,41787.580497999996,42680.919662,-893.3391640000045,-893.3391640000027,-893.3391640000027
2020-04-15,14180.721392799998,1250.9196620000002,2000,0,0,0.0,19.1191052,0.0,0.0,0.0,0.0,1250.9196620000002,41920.7213928,42860.919662,-940.198269200002,12929.801730799998,12929.801730799998
2020-04-16,107.36003119999805,1250.9196620000002,3000,0,0,0.0,5.2813616,0.0,0.0,0.0,0.0,1250.9196620000002,42257.3600312,43400.919662,-1143.5596308000022,-1143.5596308000022,-1143.5596308000022
2020-04-17,14050.138770799998,1250.9196620000002,2000,0,0,0.0,19.2412604,0.0,0.0,0.0,0.0,1250.9196620000002,42030.1387708,43220.919662,-1190.7808912000037,12799.219108799998,12799.219108799998
2020-04-20,0.0,1674.9502688000011,3000,0,0,0.0,5.2893776,0.0,0.0,0.0,424.0306068000009,1674.9502688000011,43410.0,45084.9502688,-1674.9502687999993,-1674.9502688000011,-1674.9502688000011
2020-04-21,0.0,1674.9502688000011,3000,0,0,0.0,0.0,0.0,0.0,0.0,0.0,1674.9502688000011,42480.0,44154.9502688,-1674.9502687999993,-1674.9502688000011,-1674.9502688000011
2020-04-22,0.0,1674.9502688000011,3000,0,0,0.0,0.0,0.0,0.0,0.0,0.0,1674.9502688000011,42180.0,43854.9502688,-1674.9502687999993,-1674.9502688000011,-1674.9502688000011
2020-04-23,13912.8692784,1674.9502688000011,2000,0,0,0.0,19.2107216,0.0,0.0,0.0,0.0,1674.9502688000011,41832.8692784,43554.9502688,-1722.080990399998,12237.919009599998,12237.919009599998
2020-04-24,0.0,1735.2403480000012,3000,0,0,0.0,5.2793576,0.0,0.0,0.0,60.29007920000004,1735.2403480000012,41850.0,43585.240348,-1735.2403479999994,-1735.2403480000012,-1735.2403480000012
2020-04-27,0.0,1735.2403480000012,3000,0,0,0.0,0.0,0.0,0.0,0.0,0.0,1735.2403480000012,41850.0,43585.240348,-1735.2403479999994,-1735.2403480000012,-1735.2403480000012
2020-04-28,0.0,1735.2403480000012,3000,0,0,0.0,0.0,0.0,0.0,0.0,0.0,1735.2403480000012,42630.0,44365.240348,-1735.2403479999994,-1735.2403480000012,-1735.2403480000012
2020-04-29,0.0,1735.2403480000012,3000,0,0,0.0,0.0,0.0,0.0,0.0,0.0,1735.2403480000012,42720.0,44455.240348,-1735.2403479999994,-1735.2403480000012,-1735.2403480000012
2020-04-30,0.0,1735.2403480000012,3000,0,0,0.0,0.0,0.0,0.0,0.0,0.0,1735.2403480000012,44070.0,45805.240348,-1735.2403479999994,-1735.2403480000012,-1735.2403480000012
2020-05-06,0.0,1735.2403480000012,3000,0,0,0.0,0.0,0.0,0.0,0.0,0.0,1735.2403480000012,44280.0,46015.240348,-1735.2403479999994,-1735.2403480000012,-1735.2403480000012
2020-05-07,0.0,1735.2403480000012,3000,0,0,0.0,0.0,0.0,0.0,0.0,0.0,1735.2403480000012,43140.0,44875.240348,-1735.2403479999994,-1735.2403480000012,-1735.2403480000012
2020-05-08,0.0,1735.2403480000012,3000,0,0,0.0,0.0,0.0,0.0,0.0,0.0,1735.2403480000012,43320.0,45055.240348,-1735.2403479999994,-1735.2403480000012,-1735.2403480000012
2020-05-11,0.0,1735.2403480000012,3000,0,0,0.0,0.0,0.0,0.0,0.0,0.0,1735.2403480000012,43560.0,45295.240348,-1735.2403479999994,-1735.2403480000012,-1735.2403480000012
2020-05-12,0.0,1735.2403480000012,3000,0,0,0.0,0.0,0.0,0.0,0.0,0.0,1735.2403480000012,42690.0,44425.240348,-1735.2403479999994,-1735.2403480000012,-1735.2403480000012
2020-05-13,0.0,1735.2403480000012,3000,0,0,0.0,0.0,0.0,0.0,0.0,0.0,1735.2403480000012,42540.0,44275.240348,-1735.2403479999994,-1735.2403480000012,-1735.2403480000012
2020-05-14,0.0,1735.2403480000012,3000,0,0,0.0,0.0,0.0,0.0,0.0,0.0,1735.2403480000012,41070.0,42805.240348,-1735.2403479999994,-1735.2403480000012,-1735.2403480000012
2020-05-15,0.0,1735.2403480000012,3000,0,0,0.0,0.0,0.0,0.0,0.0,0.0,1735.2403480000012,41370.0,43105.240348,-1735.2403479999994,-1735.2403480000012,-1735.2403480000012
2020-05-18,0.0,1735.2403480000012,3000,0,0,0.0,0.0,0.0,0.0,0.0,0.0,1735.2403480000012,40470.0,42205.240348,-1735.2403479999994,-1735.2403480000012,-1735.2403480000012
2020-05-19,0.0,1735.2403480000012,3000,0,0,0.0,0.0,0.0,0.0,0.0,0.0,1735.2403480000012,41340.0,43075.240348,-1735.2403479999994,-1735.2403480000012,-1735.2403480000012
2020-05-20,13803.201254,1735.2403480000012,2000,0,0,0.0,19.098746,0.0,0.0,0.0,0.0,1735.2403480000012,41503.201254,43285.240348,-1782.0390939999997,12067.960905999998,12067.960905999998
2020-05-21,170.7287099999994,1735.2403480000012,3000,0,0,0.0,5.272544,0.0,0.0,0.0,0.0,1735.2403480000012,40970.728709999996,42535.240348,-1564.5116380000036,-1564.5116380000018,-1564.5116380000018
2020-05-22,170.7287099999994,1735.2403480000012,3000,0,0,0.0,0.0,0.0,0.0,0.0,0.0,1735.2403480000012,39950.728709999996,41515.240348,-1564.5116380000036,-1564.5116380000018,-1564.5116380000018
2020-05-25,170.7287099999994,1735.2403480000012,3000,0,0,0.0,0.0,0.0,0.0,0.0,0.0,1735.2403480000012,39530.728709999996,41095.240348,-1564.5116380000036,-1564.5116380000018,-1564.5116380000018
2020-05-26,170.7287099999994,1735.2403480000012,3000,0,0,0.0,0.0,0.0,0.0,0.0,0.0,1735.2403480000012,40670.728709999996,42235.240348,-1564.5116380000036,-1564.5116380000018,-1564.5116380000018
2020-05-27,13605.0466092,1735.2403480000012,2000,0,0,0.0,18.7221008,0.0,0.0,0.0,0.0,1735.2403480000012,40565.0466092,42175.240348,-1610.1937388000006,11869.8062612,11869.8062612
2020-05-28,122.8770712000005,1735.2403480000012,3000,0,0,0.0,5.269538,0.0,0.0,0.0,0.0,1735.2403480000012,40502.8770712,42115.240348,-1612.3632768000025,-1612.3632768000007,-1612.3632768000007
2020-05-29,122.8770712000005,1735.2403480000012,3000,0,0,0.0,0.0,0.0,0.0,0.0,0.0,1735.2403480000012,40352.8770712,41965.240348,-1612.3632768000025,-1612.3632768000007,-1612.3632768000007
2020-06-01,13955.987786400001,1735.2403480000012,2000,0,0,0.0,19.1292848,0.0,0.0,0.0,0.0,1735.2403480000012,41715.9877864,43375.240348,-1659.2525615999984,12220.7474384,12220.7474384
2020-06-02,0.0,1952.8159272000012,3000,0,0,0.0,5.2833656,0.0,0.0,0.0,217.5755792,1952.8159272000012,42480.0,44432.815927200005,-1952.8159272000048,-1952.8159272000012,-1952.8159272000012
2020-06-03,0.0,1952.8159272000012,3000,0,0,0.0,0.0,0.0,0.0,0.0,0.0,1952.8159272000012,42660.0,44612.815927200005,-1952.8159272000048,-1952.8159272000012,-1952.8159272000012
2020-06-04,0.0,1952.8159272000012,3000,0,0,0.0,0.0,0.0,0.0,0.0,0.0,1952.8159272000012,42480.0,44432.815927200005,-1952.8159272000048,-1952.8159272000012,-1952.8159272000012
2020-06-05,0.0,1952.8159272000012,3000,0,0,0.0,0.0,0.0,0.0,0.0,0.0,1952.8159272000012,42240.0,44192.815927200005,-1952.8159272000048,-1952.8159272000012,-1952.8159272000012
2020-06-08,0.0,1952.8159272000012,3000,0,0,0.0,0.0,0.0,0.0,0.0,0.0,1952.8159272000012,42780.0,44732.815927200005,-1952.8159272000048,-1952.8159272000012,-1952.8159272000012
2020-06-09,0.0,1952.8159272000012,3000,0,0,0.0,0.0,0.0,0.0,0.0,0.0,1952.8159272000012,43650.0,45602.815927200005,-1952.8159272000048,-1952.8159272000012,-1952.8159272000012
2020-06-10,0.0,1952.8159272000012,3000,0,0,0.0,0.0,0.0,0.0,0.0,0.0,1952.8159272000012,42840.0,44792.815927200005,-1952.8159272000048,-1952.8159272000012,-1952.8159272000012
2020-06-11,0.0,1952.8159272000012,3000,0,0,0.0,0.0,0.0,0.0,0.0,0.0,1952.8159272000012,42060.0,44012.815927200005,-1952.8159272000048,-1952.8159272000012,-1952.8159272000012
2020-06-12,0.0,1952.8159272000012,3000,0,0,0.0,0.0,0.0,0.0,0.0,0.0,1952.8159272000012,41430.0,43382.815927200005,-1952.8159272000048,-1952.8159272000012,-1952.8159272000012
2020-06-15,0.0,1952.8159272000012,3000,0,0,0.0,0.0,0.0,0.0,0.0,0.0,1952.8159272000012,41010.0,42962.815927200005,-1952.8159272000048,-1952.8159272000012,-1952.8159272000012
2020-06-16,0.0,1952.8159272000012,3000,0,0,0.0,0.0,0.0,0.0,0.0,0.0,1952.8159272000012,42090.0,44042.815927200005,-1952.8159272000048,-1952.8159272000012,-1952.8159272000012
2020-06-17,14201.99407,1952.8159272000012,2000,0,0,0.0,19.50593,0.0,0.0,0.0,0.0,1952.8159272000012,42701.99407,44702.815927200005,-2000.8218572000042,12249.1781428,12249.1781428
2020-06-18,0.0,2164.8700324,3000,0,0,0.0,5.2881752,0.0,0.0,0.0,212.05410519999896,2164.8700324,43200.0,45364.8700324,-2164.870032400002,-2164.8700324,-2164.8700324
2020-06-19,0.0,2164.8700324,3000,0,0,0.0,0.0,0.0,0.0,0.0,0.0,2164.8700324,43050.0,45214.8700324,-2164.870032400002,-2164.8700324,-2164.8700324
2020-06-22,0.0,2164.8700324,3000,0,0,0.0,0.0,0.0,0.0,0.0,0.0,2164.8700324,43200.0,45364.8700324,-2164.870032400002,-2164.8700324,-2164.8700324
2020-06-23,0.0,2164.8700324,3000,0,0,0.0,0.0,0.0,0.0,0.0,0.0,2164.8700324,42330.0,44494.8700324,-2164.870032400002,-2164.8700324,-2164.8700324
2020-06-24,0.0,2164.8700324,3000,0,0,0.0,0.0,0.0,0.0,0.0,0.0,2164.8700324,46560.0,48724.8700324,-2164.870032400002,-2164.8700324,-2164.8700324
2020-06-29,0.0,2164.8700324,3000,0,0,0.0,0.0,0.0,0.0,0.0,0.0,2164.8700324,45660.0,47824.8700324,-2164.870032400002,-2164.8700324,-2164.8700324
2020-06-30,600.0,2764.8700324,3000,0,0,100.0,0.0,0.0,600.0,600.0,0.0,2164.8700324,45950.0,48214.8700324,-2264.870032400002,-1564.8700324000001,-2164.8700324
2020-07-01,600.0,2764.8700324,3000,0,0,100.0,0.0,0.0,0.0,0.0,0.0,2164.8700324,46760.0,49024.8700324,-2264.870032400002,-1564.8700324000001,-2164.8700324
2020-07-02,600.0,2764.8700324,3000,0,0,100.0,0.0,0.0,0.0,0.0,0.0,2164.8700324,47330.0,49594.8700324,-2264.870032400002,-1564.8700324000001,-2164.8700324
2020-07-03,600.0,2764.8700324,3000,0,0,80.0,0.0,0.0,0.0,0.0,0.0,2164.8700324,48250.0,50494.8700324,-2244.870032400002,-1564.8700324000001,-2164.8700324
2020-07-06,600.0,2764.8700324,3000,0,0,80.0,0.0,0.0,0.0,0.0,0.0,2164.8700324,49989.99999999999,52234.870032399995,-2244.870032400002,-1564.8700324000001,-2164.8700324
2020-07-07,600.0,2764.8700324,3000,0,0,80.0,0.0,0.0,0.0,0.0,0.0,2164.8700324,49660.0,51904.8700324,-2244.870032400002,-1564.8700324000001,-2164.8700324
2020-07-08,600.0,2764.8700324,3000,0,0,80.0,0.0,0.0,0.0,0.0,0.0,2164.8700324,49719.99999999999,51964.870032399995,-2244.870032400002,-1564.8700324000001,-2164.8700324
2020-07-09,600.0,2764.8700324,3000,0,0,80.0,0.0,0.0,0.0,0.0,0.0,2164.8700324,50680.0,52924.8700324,-2244.870032400002,-1564.8700324000001,-2164.8700324
2020-07-10,600.0,2764.8700324,3000,0,0,80.0,0.0,0.0,0.0,0.0,0.0,2164.8700324,48610.0,50854.8700324,-2244.870032400002,-1564.8700324000001,-2164.8700324
2020-07-13,600.0,2764.8700324,3000,0,0,80.0,0.0,0.0,0.0,0.0,0.0,2164.8700324,50020.0,52264.8700324,-2244.870032400002,-1564.8700324000001,-2164.8700324
2020-07-14,600.0,2764.8700324,3000,0,0,80.0,0.0,0.0,0.0,0.0,0.0,2164.8700324,50290.0,52534.8700324,-2244.870032400002,-1564.8700324000001,-2164.8700324
2020-07-15,600.0,2764.8700324,3000,0,0,80.0,0.0,0.0,0.0,0.0,0.0,2164.8700324,49120.0,51364.8700324,-2244.870032400002,-1564.8700324000001,-2164.8700324
2020-07-16,600.0,2764.8700324,3000,0,0,80.0,0.0,0.0,0.0,0.0,0.0,2164.8700324,45130.0,47374.8700324,-2244.870032400002,-1564.8700324000001,-2164.8700324
2020-07-17,600.0,2764.8700324,3000,0,0,80.0,0.0,0.0,0.0,0.0,0.0,2164.8700324,44890.0,47134.8700324,-2244.870032400002,-1564.8700324000001,-2164.8700324
2020-07-20,600.0,2764.8700324,3000,0,0,60.0,0.0,0.0,0.0,0.0,0.0,2164.8700324,46410.0,48634.8700324,-2224.870032400002,-1564.8700324000001,-2164.8700324
2020-07-21,15958.432877199999,2764.8700324,2000,0,0,40.0,20.7071228,20.0,0.0,0.0,0.0,2164.8700324,46778.4328772,49054.8700324,-2276.437155200001,13793.562844799999,13193.562844799999
2020-07-22,15861.0693976,2764.8700324,2000,0,0,20.0,25.943479600000003,20.0,0.0,0.0,0.0,2164.8700324,46561.069397600004,48844.8700324,-2283.800634799998,13696.1993652,13096.1993652
2020-07-23,885.8900000000012,2764.8700324,3000,0,0,20.0,5.2993976,0.0,0.0,0.0,0.0,2164.8700324,45805.89,47704.8700324,-1898.9800324000025,-1278.980032399999,-1878.980032399999
2020-07-24,885.8900000000012,2764.8700324,3000,0,0,20.0,0.0,0.0,0.0,0.0,0.0,2164.8700324,43345.89,45244.8700324,-1898.9800324000025,-1278.980032399999,-1878.980032399999
2020-07-27,885.8900000000012,2764.8700324,3000,0,0,20.0,0.0,0.0,0.0,0.0,0.0,2164.8700324,42895.89,44794.8700324,-1898.9800324000025,-1278.980032399999,-1878.980032399999
2020-07-28,885.8900000000012,2764.8700324,3000,0,0,20.0,0.0,0.0,0.0,0.0,0.0,2164.8700324,43495.89,45394.8700324,-1898.9800324000025,-1278.980032399999,-1878.980032399999
2020-07-29,885.8900000000012,2764.8700324,3000,0,0,20.0,0.0,0.0,0.0,0.0,0.0,2164.8700324,44395.89,46294.8700324,-1898.9800324000025,-1278.980032399999,-1878.980032399999
2020-07-30,15107.7633516,2764.8700324,2000,0,0,0.0,19.546648400000002,20.0,0.0,0.0,0.0,2164.8700324,43687.7633516,45634.8700324,-1947.1066808000032,12942.8933192,12342.8933192
2020-07-31,473.2707675999991,2764.8700324,3000,0,0,0.0,5.292584,0.0,0.0,0.0,0.0,2164.8700324,44243.2707676,46534.8700324,-2291.599264800003,-1691.599264800001,-2291.599264800001
2020-08-03,473.2707675999991,2764.8700324,3000,0,0,0.0,0.0,0.0,0.0,0.0,0.0,2164.8700324,45143.2707676,47434.8700324,-2291.599264800003,-1691.599264800001,-2291.599264800001
2020-08-04,473.2707675999991,2764.8700324,3000,0,0,0.0,0.0,0.0,0.0,0.0,0.0,2164.8700324,44513.2707676,46804.8700324,-2291.599264800003,-1691.599264800001,-2291.599264800001
2020-08-05,473.2707675999991,2764.8700324,3000,0,0,0.0,0.0,0.0,0.0,0.0,0.0,2164.8700324,44303.2707676,46594.8700324,-2291.599264800003,-1691.599264800001,-2291.599264800001
2020-08-06,473.2707675999991,2764.8700324,3000,0,0,0.0,0.0,0.0,0.0,0.0,0.0,2164.8700324,43973.2707676,46264.8700324,-2291.599264800003,-1691.599264800001,-2291.599264800001
2020-08-07,473.2707675999991,2764.8700324,3000,0,0,0.0,0.0,0.0,0.0,0.0,0.0,2164.8700324,43373.2707676,45664.8700324,-2291.599264800003,-1691.599264800001,-2291.599264800001
2020-08-10,473.2707675999991,2764.8700324,3000,0,0,0.0,0.0,0.0,0.0,0.0,0.0,2164.8700324,43703.2707676,45994.8700324,-2291.599264800003,-1691.599264800001,-2291.599264800001
2020-08-11,473.2707675999991,2764.8700324,3000,0,0,0.0,0.0,0.0,0.0,0.0,0.0,2164.8700324,42953.2707676,45244.8700324,-2291.599264800003,-1691.599264800001,-2291.599264800001
2020-08-12,473.2707675999991,2764.8700324,3000,0,0,0.0,0.0,0.0,0.0,0.0,0.0,2164.8700324,45893.2707676,48184.8700324,-2291.599264800003,-1691.599264800001,-2291.599264800001
2020-08-13,473.2707675999991,2764.8700324,3000,0,0,0.0,0.0,0.0,0.0,0.0,0.0,2164.8700324,45983.2707676,48274.8700324,-2291.599264800003,-1691.599264800001,-2291.599264800001
2020-08-14,473.2707675999991,2764.8700324,3000,0,0,0.0,0.0,0.0,0.0,0.0,0.0,2164.8700324,45563.2707676,47854.8700324,-2291.599264800003,-1691.599264800001,-2291.599264800001
2020-08-17,473.2707675999991,2764.8700324,3000,0,0,0.0,0.0,0.0,0.0,0.0,0.0,2164.8700324,46313.2707676,48604.8700324,-2291.599264800003,-1691.599264800001,-2291.599264800001
2020-08-18,473.2707675999991,2764.8700324,3000,0,0,0.0,0.0,0.0,0.0,0.0,0.0,2164.8700324,46013.2707676,48304.8700324,-2291.599264800003,-1691.599264800001,-2291.599264800001
2020-08-19,473.2707675999991,2764.8700324,3000,0,0,0.0,0.0,0.0,0.0,0.0,0.0,2164.8700324,45023.2707676,47314.8700324,-2291.599264800003,-1691.599264800001,-2291.599264800001
2020-08-20,473.2707675999991,2764.8700324,3000,0,0,0.0,0.0,0.0,0.0,0.0,0.0,2164.8700324,44963.2707676,47254.8700324,-2291.599264800003,-1691.599264800001,-2291.599264800001
2020-08-21,473.2707675999991,2764.8700324,3000,0,0,0.0,0.0,0.0,0.0,0.0,0.0,2164.8700324,44873.2707676,47164.8700324,-2291.599264800003,-1691.599264800001,-2291.599264800001
2020-08-24,473.2707675999991,2764.8700324,3000,0,0,0.0,0.0,0.0,0.0,0.0,0.0,2164.8700324,45443.2707676,47734.8700324,-2291.599264800003,-1691.599264800001,-2291.599264800001
2020-08-25,473.2707675999991,2764.8700324,3000,0,0,0.0,0.0,0.0,0.0,0.0,0.0,2164.8700324,45743.2707676,48034.8700324,-2291.599264800003,-1691.599264800001,-2291.599264800001
2020-08-26,473.2707675999991,2764.8700324,3000,0,0,0.0,0.0,0.0,0.0,0.0,0.0,2164.8700324,44093.2707676,46384.8700324,-2291.599264800003,-1691.599264800001,-2291.599264800001
2020-08-27,473.2707675999991,2764.8700324,3000,0,0,0.0,0.0,0.0,0.0,0.0,0.0,2164.8700324,44423.2707676,46714.8700324,-2291.599264800003,-1691.599264800001,-2291.599264800001
2020-08-28,15173.7558576,2764.8700324,2000,0,0,0.0,20.01491,0.0,0.0,0.0,0.0,2164.8700324,44673.7558576,47014.8700324,-2341.114174800001,13008.885825199999,12408.885825199999
2020-08-31,15109.536138399999,2764.8700324,2000,0,0,0.0,25.2997192,0.0,0.0,0.0,0.0,2164.8700324,44589.5361384,46984.8700324,-2395.333894000003,12944.666105999999,12344.666105999999
2020-09-01,455.00315359999877,2764.8700324,3000,0,0,0.0,5.2929848,0.0,0.0,0.0,0.0,2164.8700324,44645.0031536,46954.8700324,-2309.8668787999995,-1709.8668788000014,-2309.8668788000014
2020-09-02,15175.427884399998,2764.8700324,2000,0,0,0.0,20.035269200000002,0.0,0.0,0.0,0.0,2164.8700324,44715.4278844,47074.8700324,-2359.442148000002,13010.557851999998,12410.557851999998
2020-09-03,631.1171039999972,2764.8700324,3000,0,0,0.0,5.2907804,0.0,0.0,0.0,0.0,2164.8700324,44161.117104,46294.8700324,-2133.7529284000047,-1533.752928400003,-2133.752928400003
2020-09-04,631.1171039999972,2764.8700324,3000,0,0,0.0,0.0,0.0,0.0,0.0,0.0,2164.8700324,43141.117104,45274.8700324,-2133.7529284000047,-1533.752928400003,-2133.752928400003
2020-09-07,631.1171039999972,2764.8700324,3000,0,0,0.0,0.0,0.0,0.0,0.0,0.0,2164.8700324,42451.117104,44584.8700324,-2133.7529284000047,-1533.752928400003,-2133.752928400003
2020-09-08,631.1171039999972,2764.8700324,3000,0,0,0.0,0.0,0.0,0.0,0.0,0.0,2164.8700324,43261.117104,45394.8700324,-2133.7529284000047,-1533.752928400003,-2133.752928400003
2020-09-09,14494.137280399997,2764.8700324,2000,0,0,0.0,19.159823600000003,0.0,0.0,0.0,0.0,2164.8700324,42314.1372804,44494.8700324,-2180.7327520000035,12329.267247999996,11729.267247999996
2020-09-10,871.6849367999966,2764.8700324,3000,0,0,0.0,5.2723436,0.0,0.0,0.0,0.0,2164.8700324,41551.6849368,43444.8700324,-1893.1850956000053,-1293.1850956000035,-1893.1850956000035
2020-09-11,871.6849367999966,2764.8700324,3000,0,0,0.0,0.0,0.0,0.0,0.0,0.0,2164.8700324,41731.6849368,43624.8700324,-1893.1850956000053,-1293.1850956000035,-1893.1850956000035
2020-09-14,14674.886190799996,2764.8700324,2000,0,0,0.0,19.098746,0.0,0.0,0.0,0.0,2164.8700324,42374.886190799996,44314.8700324,-1939.9838416000057,12510.016158399996,11910.016158399996
2020-09-15,14595.714450799996,2764.8700324,2000,0,0,0.0,24.251740000000005,0.0,0.0,0.0,0.0,2164.8700324,42055.7144508,43954.8700324,-1899.1555816000036,12430.844418399996,11830.844418399996
2020-09-16,963.2419067999963,2764.8700324,3000,0,0,0.0,5.272544,0.0,0.0,0.0,0.0,2164.8700324,41763.241906799994,43564.8700324,-1801.6281256000075,-1201.6281256000038,-1801.6281256000038
2020-09-17,963.2419067999963,2764.8700324,3000,0,0,0.0,0.0,0.0,0.0,0.0,0.0,2164.8700324,41643.241906799994,43444.8700324,-1801.6281256000075,-1201.6281256000038,-1801.6281256000038
2020-09-18,963.2419067999963,2764.8700324,3000,0,0,0.0,0.0,0.0,0.0,0.0,0.0,2164.8700324,42423.241906799994,44224.8700324,-1801.6281256000075,-1201.6281256000038,-1801.6281256000038
2020-09-21,14656.775136399996,2764.8700324,2000,0,0,0.0,18.9867704,0.0,0.0,0.0,0.0,2164.8700324,42136.7751364,43984.8700324,-1848.0948960000023,12491.905103999996,11891.905103999996
2020-09-22,1084.4237947999954,2764.8700324,3000,0,0,0.0,5.2713416,0.0,0.0,0.0,0.0,2164.8700324,41764.42379479999,43444.8700324,-1680.4462376000083,-1080.4462376000047,-1680.4462376000047
2020-09-23,1084.4237947999954,2764.8700324,3000,0,0,0.0,0.0,0.0,0.0,0.0,0.0,2164.8700324,41794.42379479999,43474.8700324,-1680.4462376000083,-1080.4462376000047,-1680.4462376000047
2020-09-24,1084.4237947999954,2764.8700324,3000,0,0,0.0,0.0,0.0,0.0,0.0,0.0,2164.8700324,40774.42379479999,42454.8700324,-1680.4462376000083,-1080.4462376000047,-1680.4462376000047
2020-09-25,1084.4237947999954,2764.8700324,3000,0,0,0.0,0.0,0.0,0.0,0.0,0.0,2164.8700324,40594.42379479999,42274.8700324,-1680.4462376000083,-1080.4462376000047,-1680.4462376000047
2020-09-28,1084.4237947999954,2764.8700324,3000,0,0,0.0,0.0,0.0,0.0,0.0,0.0,2164.8700324,40924.42379479999,42604.8700324,-1680.4462376000083,-1080.4462376000047,-1680.4462376000047
2020-09-29,1084.4237947999954,2764.8700324,3000,0,0,0.0,0.0,0.0,0.0,0.0,0.0,2164.8700324,41764.42379479999,43444.8700324,-1680.4462376000083,-1080.4462376000047,-1680.4462376000047
2020-09-30,1084.4237947999954,2764.8700324,3000,0,0,0.0,0.0,0.0,0.0,0.0,0.0,2164.8700324,41854.42379479999,43534.8700324,-1680.4462376000083,-1080.4462376000047,-1680.4462376000047
2020-10-09,1084.4237947999954,2764.8700324,3000,0,0,0.0,0.0,0.0,0.0,0.0,0.0,2164.8700324,42634.42379479999,44314.8700324,-1680.4462376000083,-1080.4462376000047,-1680.4462376000047
2020-10-12,1084.4237947999954,2764.8700324,3000,0,0,0.0,0.0,0.0,0.0,0.0,0.0,2164.8700324,43144.42379479999,44824.8700324,-1680.4462376000083,-1080.4462376000047,-1680.4462376000047
2020-10-13,1084.4237947999954,2764.8700324,3000,0,0,0.0,0.0,0.0,0.0,0.0,0.0,2164.8700324,42874.42379479999,44554.8700324,-1680.4462376000083,-1080.4462376000047,-1680.4462376000047
2020-10-14,1084.4237947999954,2764.8700324,3000,0,0,0.0,0.0,0.0,0.0,0.0,0.0,2164.8700324,42274.42379479999,43954.8700324,-1680.4462376000083,-1080.4462376000047,-1680.4462376000047
2020-10-15,1084.4237947999954,2764.8700324,3000,0,0,0.0,0.0,0.0,0.0,0.0,0.0,2164.8700324,42334.42379479999,44014.8700324,-1680.4462376000083,-1080.4462376000047,-1680.4462376000047
2020-10-16,1084.4237947999954,2764.8700324,3000,0,0,0.0,0.0,0.0,0.0,0.0,0.0,2164.8700324,42424.42379479999,44104.8700324,-1680.4462376000083,-1080.4462376000047,-1680.4462376000047
2020-10-19,1084.4237947999954,2764.8700324,3000,0,0,0.0,0.0,0.0,0.0,0.0,0.0,2164.8700324,42664.42379479999,44344.8700324,-1680.4462376000083,-1080.4462376000047,-1680.4462376000047
2020-10-20,1084.4237947999954,2764.8700324,3000,0,0,0.0,0.0,0.0,0.0,0.0,0.0,2164.8700324,42634.42379479999,44314.8700324,-1680.4462376000083,-1080.4462376000047,-1680.4462376000047
2020-10-21,14678.258820399995,2764.8700324,2000,0,0,0.0,18.8849744,0.0,0.0,0.0,0.0,2164.8700324,41958.25882039999,43684.8700324,-1726.6112120000107,12513.388787999995,11913.388787999995
2020-10-22,965.6246731999945,2764.8700324,3000,0,0,0.0,5.2741472,0.0,0.0,0.0,0.0,2164.8700324,41945.62467319999,43744.8700324,-1799.2453592000093,-1199.2453592000056,-1799.2453592000056
2020-10-23,14509.610596799994,2764.8700324,2000,0,0,0.0,18.8340764,0.0,0.0,0.0,0.0,2164.8700324,41689.61059679999,43534.8700324,-1845.2594356000118,12344.740564399994,11744.740564399994
2020-10-26,806.9966499999937,2764.8700324,3000,0,0,0.0,5.2739468,0.0,0.0,0.0,0.0,2164.8700324,41846.996649999994,43804.8700324,-1957.8733824000083,-1357.8733824000064,-1957.8733824000064
2020-10-27,806.9966499999937,2764.8700324,3000,0,0,0.0,0.0,0.0,0.0,0.0,0.0,2164.8700324,42416.996649999994,44374.8700324,-1957.8733824000083,-1357.8733824000064,-1957.8733824000064
2020-10-28,14699.926287599994,2764.8700324,2000,0,0,0.0,19.1903624,0.0,0.0,0.0,0.0,2164.8700324,42579.92628759999,44584.8700324,-2004.9437448000099,12535.056255199994,11935.056255199994
2020-10-29,676.6659279999949,2764.8700324,3000,0,0,0.0,5.2803596,0.0,0.0,0.0,0.0,2164.8700324,42556.665927999995,44644.8700324,-2088.204104400007,-1488.2041044000052,-2088.2041044000052
2020-10-30,676.6659279999949,2764.8700324,3000,0,0,0.0,0.0,0.0,0.0,0.0,0.0,2164.8700324,41626.665927999995,43714.8700324,-2088.204104400007,-1488.2041044000052,-2088.2041044000052
2020-11-02,676.6659279999949,2764.8700324,3000,0,0,0.0,0.0,0.0,0.0,0.0,0.0,2164.8700324,40156.665927999995,42244.8700324,-2088.204104400007,-1488.2041044000052,-2088.2041044000052
2020-11-03,676.6659279999949,2764.8700324,3000,0,0,0.0,0.0,0.0,0.0,0.0,0.0,2164.8700324,40816.665927999995,42904.8700324,-2088.204104400007,-1488.2041044000052,-2088.2041044000052
2020-11-04,676.6659279999949,2764.8700324,3000,0,0,0.0,0.0,0.0,0.0,0.0,0.0,2164.8700324,41086.665927999995,43174.8700324,-2088.204104400007,-1488.2041044000052,-2088.2041044000052
2020-11-05,676.6659279999949,2764.8700324,3000,0,0,0.0,0.0,0.0,0.0,0.0,0.0,2164.8700324,42106.665927999995,44194.8700324,-2088.204104400007,-1488.2041044000052,-2088.2041044000052
2020-11-06,676.6659279999949,2764.8700324,3000,0,0,0.0,0.0,0.0,0.0,0.0,0.0,2164.8700324,42676.665927999995,44764.8700324,-2088.204104400007,-1488.2041044000052,-2088.2041044000052
2020-11-09,676.6659279999949,2764.8700324,3000,0,0,0.0,0.0,0.0,0.0,0.0,0.0,2164.8700324,43876.665927999995,45964.8700324,-2088.204104400007,-1488.2041044000052,-2088.2041044000052
2020-11-10,676.6659279999949,2764.8700324,3000,0,0,0.0,0.0,0.0,0.0,0.0,0.0,2164.8700324,45856.665927999995,47944.8700324,-2088.204104400007,-1488.2041044000052,-2088.2041044000052
2020-11-11,676.6659279999949,2764.8700324,3000,0,0,0.0,0.0,0.0,0.0,0.0,0.0,2164.8700324,44296.665927999995,46384.8700324,-2088.204104400007,-1488.2041044000052,-2088.2041044000052
2020-11-12,676.6659279999949,2764.8700324,3000,0,0,0.0,0.0,0.0,0.0,0.0,0.0,2164.8700324,44116.665927999995,46204.8700324,-2088.204104400007,-1488.2041044000052,-2088.2041044000052
2020-11-13,676.6659279999949,2764.8700324,3000,0,0,0.0,0.0,0.0,0.0,0.0,0.0,2164.8700324,43726.665927999995,45814.8700324,-2088.204104400007,-1488.2041044000052,-2088.2041044000052
2020-11-16,14908.569459199995,2764.8700324,2000,0,0,0.0,19.5364688,0.0,0.0,0.0,0.0,2164.8700324,43468.56945919999,45604.8700324,-2136.3005732000092,12743.699426799994,12143.699426799994
2020-11-17,704.9454923999947,2764.8700324,3000,0,0,0.0,5.2839668,0.0,0.0,0.0,0.0,2164.8700324,43124.945492399995,45184.8700324,-2059.9245400000073,-1459.9245400000054,-2059.9245400000054
2020-11-18,704.9454923999947,2764.8700324,3000,0,0,0.0,0.0,0.0,0.0,0.0,0.0,2164.8700324,43904.945492399995,45964.8700324,-2059.9245400000073,-1459.9245400000054,-2059.9245400000054
2020-11-19,704.9454923999947,2764.8700324,3000,0,0,0.0,0.0,0.0,0.0,0.0,0.0,2164.8700324,43724.945492399995,45784.8700324,-2059.9245400000073,-1459.9245400000054,-2059.9245400000054
2020-11-20,704.9454923999947,2764.8700324,3000,0,0,0.0,0.0,0.0,0.0,0.0,0.0,2164.8700324,43454.945492399995,45514.8700324,-2059.9245400000073,-1459.9245400000054,-2059.9245400000054
2020-11-23,704.9454923999947,2764.8700324,3000,0,0,0.0,0.0,0.0,0.0,0.0,0.0,2164.8700324,43214.945492399995,45274.8700324,-2059.9245400000073,-1459.9245400000054,-2059.9245400000054
2020-11-24,704.9454923999947,2764.8700324,3000,0,0,0.0,0.0,0.0,0.0,0.0,0.0,2164.8700324,43214.945492399995,45274.8700324,-2059.9245400000073,-1459.9245400000054,-2059.9245400000054
2020-11-25,704.9454923999947,2764.8700324,3000,0,0,0.0,0.0,0.0,0.0,0.0,0.0,2164.8700324,42974.945492399995,45034.8700324,-2059.9245400000073,-1459.9245400000054,-2059.9245400000054
2020-11-26,704.9454923999947,2764.8700324,3000,0,0,0.0,0.0,0.0,0.0,0.0,0.0,2164.8700324,42704.945492399995,44764.8700324,-2059.9245400000073,-1459.9245400000054,-2059.9245400000054
2020-11-27,704.9454923999947,2764.8700324,3000,0,0,0.0,0.0,0.0,0.0,0.0,0.0,2164.8700324,42194.945492399995,44254.8700324,-2059.9245400000073,-1459.9245400000054,-2059.9245400000054
2020-11-30,704.9454923999947,2764.8700324,3000,0,0,0.0,0.0,0.0,0.0,0.0,0.0,2164.8700324,42134.945492399995,44194.8700324,-2059.9245400000073,-1459.9245400000054,-2059.9245400000054
2020-12-01,704.9454923999947,2764.8700324,3000,0,0,0.0,0.0,0.0,0.0,0.0,0.0,2164.8700324,42944.945492399995,45004.8700324,-2059.9245400000073,-1459.9245400000054,-2059.9245400000054
2020-12-02,14707.543154399995,2764.8700324,2000,0,0,0.0,19.302338,0.0,0.0,0.0,0.0,2164.8700324,42807.543154399995,44914.8700324,-2107.326878000007,12542.673121999995,11942.673121999995
2020-12-03,784.4847987999947,2764.8700324,3000,0,0,0.0,5.2783556,0.0,0.0,0.0,0.0,2164.8700324,42394.4847988,44374.8700324,-1980.3852336000054,-1380.3852336000054,-1980.3852336000054
2020-12-04,784.4847987999947,2764.8700324,3000,0,0,0.0,0.0,0.0,0.0,0.0,0.0,2164.8700324,42304.4847988,44284.8700324,-1980.3852336000054,-1380.3852336000054,-1980.3852336000054
2020-12-07,784.4847987999947,2764.8700324,3000,0,0,0.0,0.0,0.0,0.0,0.0,0.0,2164.8700324,41914.4847988,43894.8700324,-1980.3852336000054,-1380.3852336000054,-1980.3852336000054
2020-12-08,784.4847987999947,2764.8700324,3000,0,0,0.0,0.0,0.0,0.0,0.0,0.0,2164.8700324,43204.4847988,45184.8700324,-1980.3852336000054,-1380.3852336000054,-1980.3852336000054
2020-12-09,784.4847987999947,2764.8700324,3000,0,0,0.0,0.0,0.0,0.0,0.0,0.0,2164.8700324,42244.4847988,44224.8700324,-1980.3852336000054,-1380.3852336000054,-1980.3852336000054
2020-12-10,784.4847987999947,2764.8700324,3000,0,0,0.0,0.0,0.0,0.0,0.0,0.0,2164.8700324,41074.4847988,43054.8700324,-1980.3852336000054,-1380.3852336000054,-1980.3852336000054
2020-12-11,784.4847987999947,2764.8700324,3000,0,0,0.0,0.0,0.0,0.0,0.0,0.0,2164.8700324,41194.4847988,43174.8700324,-1980.3852336000054,-1380.3852336000054,-1980.3852336000054
2020-12-14,784.4847987999947,2764.8700324,3000,0,0,0.0,0.0,0.0,0.0,0.0,0.0,2164.8700324,41404.4847988,43384.8700324,-1980.3852336000054,-1380.3852336000054,-1980.3852336000054
2020-12-15,14298.561261199993,2764.8700324,2000,0,0,0.0,18.8035376,0.0,0.0,0.0,0.0,2164.8700324,41418.5612612,43444.8700324,-2026.3087712000051,12133.691228799993,11533.691228799993
2020-12-16,706.1695187999921,2764.8700324,3000,0,0,0.0,5.2717424,0.0,0.0,0.0,0.0,2164.8700324,41296.169518799994,43354.8700324,-2058.700513600008,-1458.700513600008,-2058.700513600008
2020-12-17,706.1695187999921,2764.8700324,3000,0,0,0.0,0.0,0.0,0.0,0.0,0.0,2164.8700324,41446.169518799994,43504.8700324,-2058.700513600008,-1458.700513600008,-2058.700513600008
2020-12-18,14309.974364799993,2764.8700324,2000,0,0,0.0,18.895154,0.0,0.0,0.0,0.0,2164.8700324,41609.97436479999,43714.8700324,-2104.895667600009,12145.104332399993,11545.104332399993
2020-12-21,657.4614199999942,2764.8700324,3000,0,0,0.0,5.2729448,0.0,0.0,0.0,0.0,2164.8700324,41607.46141999999,43714.8700324,-2107.4086124000096,-1507.408612400006,-2107.408612400006
2020-12-22,657.4614199999942,2764.8700324,3000,0,0,0.0,0.0,0.0,0.0,0.0,0.0,2164.8700324,40467.46141999999,42574.8700324,-2107.4086124000096,-1507.408612400006,-2107.408612400006
2020-12-23,657.4614199999942,2764.8700324,3000,0,0,0.0,0.0,0.0,0.0,0.0,0.0,2164.8700324,41397.46141999999,43504.8700324,-2107.4086124000096,-1507.408612400006,-2107.408612400006
2020-12-24,657.4614199999942,2764.8700324,3000,0,0,0.0,0.0,0.0,0.0,0.0,0.0,2164.8700324,40797.46141999999,42904.8700324,-2107.4086124000096,-1507.408612400006,-2107.408612400006
2020-12-25,657.4614199999942,2764.8700324,3000,0,0,0.0,0.0,0.0,0.0,0.0,0.0,2164.8700324,40857.46141999999,42964.8700324,-2107.4086124000096,-1507.408612400006,-2107.408612400006
2020-12-28,13882.413090799993,2764.8700324,2000,0,0,0.0,18.5083292,0.0,0.0,0.0,0.0,2164.8700324,40422.41309079999,42574.8700324,-2152.4569416000086,11717.543058399993,11117.543058399993
2020-12-29,340.1223503999936,2764.8700324,3000,0,0,0.0,5.2707404,0.0,0.0,0.0,0.0,2164.8700324,40870.12235039999,43294.8700324,-2424.7476820000084,-1824.7476820000065,-2424.7476820000065
2020-12-30,340.1223503999936,2764.8700324,3000,0,0,0.0,0.0,0.0,0.0,0.0,0.0,2164.8700324,41350.12235039999,43774.8700324,-2424.7476820000084,-1824.7476820000065,-2424.7476820000065
2020-12-31,340.1223503999936,2764.8700324,3000,0,0,0.0,0.0,0.0,0.0,0.0,0.0,2164.8700324,41410.12235039999,43834.8700324,-2424.7476820000084,-1824.7476820000065,-2424.7476820000065
2021-01-04,340.1223503999936,2764.8700324,3000,0,0,0.0,0.0,0.0,0.0,0.0,0.0,2164.8700324,41740.12235039999,44164.8700324,-2424.7476820000084,-1824.7476820000065,-2424.7476820000065
2021-01-05,340.1223503999936,2764.8700324,3000,0,0,0.0,0.0,0.0,0.0,0.0,0.0,2164.8700324,42190.12235039999,44614.8700324,-2424.7476820000084,-1824.7476820000065,-2424.7476820000065
2021-01-06,340.1223503999936,2764.8700324,3000,0,0,0.0,0.0,0.0,0.0,0.0,0.0,2164.8700324,41950.12235039999,44374.8700324,-2424.7476820000084,-1824.7476820000065,-2424.7476820000065
2021-01-07,340.1223503999936,2764.8700324,3000,0,0,0.0,0.0,0.0,0.0,0.0,0.0,2164.8700324,41530.12235039999,43954.8700324,-2424.7476820000084,-1824.7476820000065,-2424.7476820000065
2021-01-08,340.1223503999936,2764.8700324,3000,0,0,0.0,0.0,0.0,0.0,0.0,0.0,2164.8700324,43060.12235039999,45484.8700324,-2424.7476820000084,-1824.7476820000065,-2424.7476820000065
2021-01-11,340.1223503999936,2764.8700324,3000,0,0,0.0,0.0,0.0,0.0,0.0,0.0,2164.8700324,43420.12235039999,45844.8700324,-2424.7476820000084,-1824.7476820000065,-2424.7476820000065
2021-01-12,340.1223503999936,2764.8700324,3000,0,0,0.0,0.0,0.0,0.0,0.0,0.0,2164.8700324,44050.12235039999,46474.8700324,-2424.7476820000084,-1824.7476820000065,-2424.7476820000065
2021-01-13,340.1223503999936,2764.8700324,3000,0,0,0.0,0.0,0.0,0.0,0.0,0.0,2164.8700324,45880.12235039999,48304.8700324,-2424.7476820000084,-1824.7476820000065,-2424.7476820000065
2021-01-14,340.1223503999936,2764.8700324,3000,0,0,0.0,0.0,0.0,0.0,0.0,0.0,2164.8700324,47350.12235039999,49774.8700324,-2424.7476820000084,-1824.7476820000065,-2424.7476820000065
2021-01-15,340.1223503999936,2764.8700324,3000,0,0,0.0,0.0,0.0,0.0,0.0,0.0,2164.8700324,46090.12235039999,48514.8700324,-2424.7476820000084,-1824.7476820000065,-2424.7476820000065
2021-01-18,340.1223503999936,2764.8700324,3000,0,0,0.0,0.0,0.0,0.0,0.0,0.0,2164.8700324,47980.12235039999,50404.8700324,-2424.7476820000084,-1824.7476820000065,-2424.7476820000065
2021-01-19,340.1223503999936,2764.8700324,3000,0,0,0.0,0.0,0.0,0.0,0.0,0.0,2164.8700324,45640.12235039999,48064.8700324,-2424.7476820000084,-1824.7476820000065,-2424.7476820000065
2021-01-20,340.1223503999936,2764.8700324,3000,0,0,0.0,0.0,0.0,0.0,0.0,0.0,2164.8700324,45760.12235039999,48184.8700324,-2424.7476820000084,-1824.7476820000065,-2424.7476820000065
2021-01-21,340.1223503999936,2764.8700324,3000,0,0,0.0,0.0,0.0,0.0,0.0,0.0,2164.8700324,45910.12235039999,48334.8700324,-2424.7476820000084,-1824.7476820000065,-2424.7476820000065
2021-01-22,340.1223503999936,2764.8700324,3000,0,0,0.0,0.0,0.0,0.0,0.0,0.0,2164.8700324,44590.12235039999,47014.8700324,-2424.7476820000084,-1824.7476820000065,-2424.7476820000065
2021-01-25,340.1223503999936,2764.8700324,3000,0,0,0.0,0.0,0.0,0.0,0.0,0.0,2164.8700324,45940.12235039999,48364.8700324,-2424.7476820000084,-1824.7476820000065,-2424.7476820000065
2021-01-26,340.1223503999936,2764.8700324,3000,0,0,0.0,0.0,0.0,0.0,0.0,0.0,2164.8700324,44800.12235039999,47224.8700324,-2424.7476820000084,-1824.7476820000065,-2424.7476820000065
2021-01-27,340.1223503999936,2764.8700324,3000,0,0,0.0,0.0,0.0,0.0,0.0,0.0,2164.8700324,44920.12235039999,47344.8700324,-2424.7476820000084,-1824.7476820000065,-2424.7476820000065
2021-01-28,340.1223503999936,2764.8700324,3000,0,0,0.0,0.0,0.0,0.0,0.0,0.0,2164.8700324,42970.12235039999,45394.8700324,-2424.7476820000084,-1824.7476820000065,-2424.7476820000065
2021-01-29,340.1223503999936,2764.8700324,3000,0,0,0.0,0.0,0.0,0.0,0.0,0.0,2164.8700324,43210.12235039999,45634.8700324,-2424.7476820000084,-1824.7476820000065,-2424.7476820000065
2021-02-01,340.1223503999936,2764.8700324,3000,0,0,0.0,0.0,0.0,0.0,0.0,0.0,2164.8700324,42040.12235039999,44464.8700324,-2424.7476820000084,-1824.7476820000065,-2424.7476820000065
2021-02-02,340.1223503999936,2764.8700324,3000,0,0,0.0,0.0,0.0,0.0,0.0,0.0,2164.8700324,41440.12235039999,43864.8700324,-2424.7476820000084,-1824.7476820000065,-2424.7476820000065
2021-02-03,340.1223503999936,2764.8700324,3000,0,0,0.0,0.0,0.0,0.0,0.0,0.0,2164.8700324,40150.12235039999,42574.8700324,-2424.7476820000084,-1824.7476820000065,-2424.7476820000065
2021-02-04,340.1223503999936,2764.8700324,3000,0,0,0.0,0.0,0.0,0.0,0.0,0.0,2164.8700324,40900.12235039999,43324.8700324,-2424.7476820000084,-1824.7476820000065,-2424.7476820000065
2021-02-05,13505.255098799993,2764.8700324,2000,0,0,0.0,18.4472516,0.0,0.0,0.0,0.0,2164.8700324,39925.25509879999,42394.8700324,-2469.614933600009,11340.385066399993,10740.385066399993
2021-02-08,233.50976919999266,2764.8700324,3000,0,0,0.0,5.2653296,0.0,0.0,0.0,0.0,2164.8700324,39983.50976919999,42514.8700324,-2531.360263200011,-1931.3602632000075,-2531.3602632000075
2021-02-09,233.50976919999266,2764.8700324,3000,0,0,0.0,0.0,0.0,0.0,0.0,0.0,2164.8700324,41093.50976919999,43624.8700324,-2531.360263200011,-1931.3602632000075,-2531.3602632000075
2021-02-10,14226.137610799993,2764.8700324,2000,0,0,0.0,19.2921584,0.0,0.0,0.0,0.0,2164.8700324,42306.1376108,44884.8700324,-2578.732421600005,12061.267578399993,11461.267578399993
2021-02-18,14145.807130799993,2764.8700324,2000,0,0,0.0,24.490479999999998,0.0,0.0,0.0,0.0,2164.8700324,42065.80713079999,44644.8700324,-2579.0629016000094,11980.937098399992,11380.937098399992
2021-02-19,0.0,2842.727269200006,3000,0,0,0.0,5.2843676,0.0,0.0,0.0,77.85723680000592,2242.727269200006,42570.0,45412.727269200004,-2842.7272692000042,-2242.727269200006,-2842.727269200006
2021-02-22,13922.8390988,2842.727269200006,2000,0,0,0.0,19.2209012,0.0,0.0,0.0,0.0,2242.727269200006,41862.8390988,44752.727269200004,-2889.8881704000014,11680.111829599993,11080.111829599993
2021-02-23,130.04334839999865,2842.727269200006,3000,0,0,0.0,5.2757504,0.0,0.0,0.0,0.0,2242.727269200006,41500.043348399995,44212.727269200004,-2712.683920800009,-2112.6839208000074,-2712.6839208000074
2021-02-24,130.04334839999865,2842.727269200006,3000,0,0,0.0,0.0,0.0,0.0,0.0,0.0,2242.727269200006,42280.043348399995,44992.727269200004,-2712.683920800009,-2112.6839208000074,-2712.6839208000074
2021-02-25,14003.033345199998,2842.727269200006,2000,0,0,0.0,19.1700032,0.0,0.0,0.0,0.0,2242.727269200006,41843.0333452,44602.727269200004,-2759.6939240000065,11760.306075999992,11160.306075999992
2021-02-26,160.13659279999774,2842.727269200006,3000,0,0,0.0,5.2767524,0.0,0.0,0.0,0.0,2242.727269200006,41590.1365928,44272.727269200004,-2682.590676400003,-2082.5906764000083,-2682.5906764000083
2021-03-01,160.13659279999774,2842.727269200006,3000,0,0,0.0,0.0,0.0,0.0,0.0,0.0,2242.727269200006,41710.1365928,44392.727269200004,-2682.590676400003,-2082.5906764000083,-2682.5906764000083
2021-03-02,160.13659279999774,2842.727269200006,3000,0,0,0.0,0.0,0.0,0.0,0.0,0.0,2242.727269200006,40900.1365928,43582.727269200004,-2682.590676400003,-2082.5906764000083,-2682.5906764000083
2021-03-03,160.13659279999774,2842.727269200006,3000,0,0,0.0,0.0,0.0,0.0,0.0,0.0,2242.727269200006,41860.1365928,44542.727269200004,-2682.590676400003,-2082.5906764000083,-2682.5906764000083
2021-03-04,13744.001797999998,2842.727269200006,2000,0,0,0.0,18.8747948,0.0,0.0,0.0,0.0,2242.727269200006,41004.001798,43732.727269200004,-2728.7254712000067,11501.274528799991,10901.274528799991
2021-03-05,0.0,2881.501021200009,3000,0,0,0.0,5.27555,0.0,0.0,0.0,38.77375200000279,2281.501021200009,41250.0,44131.501021200005,-2881.501021200005,-2281.501021200009,-2881.501021200009
2021-03-08,13653.653948000001,2881.501021200009,2000,0,0,0.0,18.946052,0.0,0.0,0.0,0.0,2281.501021200009,41053.653948,43981.501021200005,-2927.847073200006,11372.152926799992,10772.152926799992
2021-03-09,0.0,3160.9256292000064,3000,0,0,0.0,5.278556,0.0,0.0,0.0,279.42460799999753,2560.9256292000064,41700.0,44860.92562920001,-3160.9256292000064,-2560.9256292000064,-3160.9256292000064
2021-03-10,0.0,3160.9256292000064,3000,0,0,0.0,0.0,0.0,0.0,0.0,0.0,2560.9256292000064,41190.0,44350.92562920001,-3160.9256292000064,-2560.9256292000064,-3160.9256292000064
2021-03-11,0.0,3160.9256292000064,3000,0,0,0.0,0.0,0.0,0.0,0.0,0.0,2560.9256292000064,41010.0,44170.92562920001,-3160.9256292000064,-2560.9256292000064,-3160.9256292000064
2021-03-12,0.0,3160.9256292000064,3000,0,0,0.0,0.0,0.0,0.0,0.0,0.0,2560.9256292000064,40590.0,43750.92562920001,-3160.9256292000064,-2560.9256292000064,-3160.9256292000064
2021-03-15,0.0,3160.9256292000064,3000,0,0,0.0,0.0,0.0,0.0,0.0,0.0,2560.9256292000064,39960.0,43120.92562920001,-3160.9256292000064,-2560.9256292000064,-3160.9256292000064
2021-03-16,0.0,3160.9256292000064,3000,0,0,0.0,0.0,0.0,0.0,0.0,0.0,2560.9256292000064,40410.0,43570.92562920001,-3160.9256292000064,-2560.9256292000064,-3160.9256292000064
2021-03-17,13504.106641999999,3160.9256292000064,2000,0,0,0.0,18.793358,0.0,0.0,0.0,0.0,2560.9256292000064,40604.106642,43810.92562920001,-3206.8189872000075,10943.181012799992,10343.181012799992
2021-03-18,13474.1971808,3189.089527200007,2000,0,0,0.0,24.033359200000003,0.0,0.0,0.0,28.1638980000007,2589.089527200007,40514.1971808,43749.089527200005,-3234.8923464000036,10885.107653599993,10285.107653599993
2021-03-19,0.0,3247.1628864000068,3000,0,0,0.0,5.2705400000000004,0.0,0.0,0.0,58.073359199999686,2647.1628864000068,40500.0,43747.16288640001,-3247.1628864000086,-2647.1628864000068,-3247.1628864000068
2021-03-22,0.0,3247.1628864000068,3000,0,0,0.0,0.0,0.0,0.0,0.0,0.0,2647.1628864000068,40650.0,43897.16288640001,-3247.1628864000086,-2647.1628864000068,-3247.1628864000068
2021-03-23,0.0,3247.1628864000068,3000,0,0,0.0,0.0,0.0,0.0,0.0,0.0,2647.1628864000068,40950.0,44197.16288640001,-3247.1628864000086,-2647.1628864000068,-3247.1628864000068
2021-03-24,0.0,3247.1628864000068,3000,0,0,0.0,0.0,0.0,0.0,0.0,0.0,2647.1628864000068,41580.0,44827.16288640001,-3247.1628864000086,-2647.1628864000068,-3247.1628864000068
2021-03-25,0.0,3247.1628864000068,3000,0,0,0.0,0.0,0.0,0.0,0.0,0.0,2647.1628864000068,41460.0,44707.16288640001,-3247.1628864000086,-2647.1628864000068,-3247.1628864000068
2021-03-26,0.0,3247.1628864000068,3000,0,0,0.0,0.0,0.0,0.0,0.0,0.0,2647.1628864000068,42120.0,45367.16288640001,-3247.1628864000086,-2647.1628864000068,-3247.1628864000068
2021-03-29,0.0,3247.1628864000068,3000,0,0,0.0,0.0,0.0,0.0,0.0,0.0,2647.1628864000068,40950.0,44197.16288640001,-3247.1628864000086,-2647.1628864000068,-3247.1628864000068
2021-03-30,0.0,3247.1628864000068,3000,0,0,0.0,0.0,0.0,0.0,0.0,0.0,2647.1628864000068,43080.0,46327.16288640001,-3247.1628864000086,-2647.1628864000068,-3247.1628864000068
2021-03-31,0.0,3247.1628864000068,3000,0,0,0.0,0.0,0.0,0.0,0.0,0.0,2647.1628864000068,43110.0,46357.16288640001,-3247.1628864000086,-2647.1628864000068,-3247.1628864000068
2021-04-01,0.0,3247.1628864000068,3000,0,0,0.0,0.0,0.0,0.0,0.0,0.0,2647.1628864000068,43260.0,46507.16288640001,-3247.1628864000086,-2647.1628864000068,-3247.1628864000068
2021-04-02,0.0,3247.1628864000068,3000,0,0,0.0,0.0,0.0,0.0,0.0,0.0,2647.1628864000068,42450.0,45697.16288640001,-3247.1628864000086,-2647.1628864000068,-3247.1628864000068
2021-04-06,0.0,3247.1628864000068,3000,0,0,0.0,0.0,0.0,0.0,0.0,0.0,2647.1628864000068,42480.0,45727.16288640001,-3247.1628864000086,-2647.1628864000068,-3247.1628864000068
2021-04-07,0.0,3247.1628864000068,3000,0,0,0.0,0.0,0.0,0.0,0.0,0.0,2647.1628864000068,43140.0,46387.16288640001,-3247.1628864000086,-2647.1628864000068,-3247.1628864000068
2021-04-08,0.0,3247.1628864000068,3000,0,0,0.0,0.0,0.0,0.0,0.0,0.0,2647.1628864000068,43080.0,46327.16288640001,-3247.1628864000086,-2647.1628864000068,-3247.1628864000068
2021-04-09,0.0,3247.1628864000068,3000,0,0,0.0,0.0,0.0,0.0,0.0,0.0,2647.1628864000068,42180.0,45427.16288640001,-3247.1628864000086,-2647.1628864000068,-3247.1628864000068
2021-04-12,0.0,3247.1628864000068,3000,0,0,0.0,0.0,0.0,0.0,0.0,0.0,2647.1628864000068,42180.0,45427.16288640001,-3247.1628864000086,-2647.1628864000068,-3247.1628864000068
2021-04-13,0.0,3247.1628864000068,3000,0,0,0.0,0.0,0.0,0.0,0.0,0.0,2647.1628864000068,43470.0,46717.16288640001,-3247.1628864000086,-2647.1628864000068,-3247.1628864000068
2021-04-14,0.0,3247.1628864000068,3000,0,0,0.0,0.0,0.0,0.0,0.0,0.0,2647.1628864000068,43500.0,46747.16288640001,-3247.1628864000086,-2647.1628864000068,-3247.1628864000068
2021-04-15,0.0,3247.1628864000068,3000,0,0,0.0,0.0,0.0,0.0,0.0,0.0,2647.1628864000068,43140.0,46387.16288640001,-3247.1628864000086,-2647.1628864000068,-3247.1628864000068
2021-04-16,0.0,3247.1628864000068,3000,0,0,0.0,0.0,0.0,0.0,0.0,0.0,2647.1628864000068,43200.0,46447.16288640001,-3247.1628864000086,-2647.1628864000068,-3247.1628864000068
2021-04-19,0.0,3247.1628864000068,3000,0,0,0.0,0.0,0.0,0.0,0.0,0.0,2647.1628864000068,44130.0,47377.16288640001,-3247.1628864000086,-2647.1628864000068,-3247.1628864000068
2021-04-20,0.0,3247.1628864000068,3000,0,0,0.0,0.0,0.0,0.0,0.0,0.0,2647.1628864000068,43140.0,46387.16288640001,-3247.1628864000086,-2647.1628864000068,-3247.1628864000068
2021-04-21,0.0,3247.1628864000068,3000,0,0,0.0,0.0,0.0,0.0,0.0,0.0,2647.1628864000068,43260.0,46507.16288640001,-3247.1628864000086,-2647.1628864000068,-3247.1628864000068
2021-04-22,14132.2053272,3247.1628864000068,2000,0,0,0.0,19.4346728,0.0,0.0,0.0,0.0,2647.1628864000068,42492.2053272,45787.16288640001,-3294.957559200011,11485.042440799993,10885.042440799993
2021-04-23,0.0,3308.561325600007,3000,0,0,0.0,5.2837664,0.0,0.0,0.0,61.39843920000021,2708.561325600007,42540.0,45848.56132560001,-3308.561325600007,-2708.561325600007,-3308.561325600007
2021-04-26,0.0,3308.561325600007,3000,0,0,0.0,0.0,0.0,0.0,0.0,0.0,2708.561325600007,43050.0,46358.56132560001,-3308.561325600007,-2708.561325600007,-3308.561325600007
2021-04-27,0.0,3308.561325600007,3000,0,0,0.0,0.0,0.0,0.0,0.0,0.0,2708.561325600007,43260.0,46568.56132560001,-3308.561325600007,-2708.561325600007,-3308.561325600007
2021-04-28,14501.088682,3308.561325600007,2000,0,0,0.0,19.811318,0.0,0.0,0.0,0.0,2708.561325600007,43601.088682,46958.56132560001,-3357.4726436000055,11792.527356399993,11192.527356399993
2021-04-29,0.0,3532.1470312000074,3000,0,0,0.0,5.2943876,0.0,0.0,0.0,223.58570560000044,2932.1470312000074,44100.0,47632.14703120001,-3532.147031200009,-2932.1470312000074,-3532.1470312000074
2021-04-30,0.0,3532.1470312000074,3000,0,0,0.0,0.0,0.0,0.0,0.0,0.0,2932.1470312000074,41280.0,44812.14703120001,-3532.147031200009,-2932.1470312000074,-3532.1470312000074
2021-05-06,0.0,3532.1470312000074,3000,0,0,0.0,0.0,0.0,0.0,0.0,0.0,2932.1470312000074,41010.0,44542.14703120001,-3532.147031200009,-2932.1470312000074,-3532.1470312000074
2021-05-07,0.0,3532.1470312000074,3000,0,0,0.0,0.0,0.0,0.0,0.0,0.0,2932.1470312000074,40350.0,43882.14703120001,-3532.147031200009,-2932.1470312000074,-3532.1470312000074
2021-05-10,0.0,3532.1470312000074,3000,0,0,0.0,0.0,0.0,0.0,0.0,0.0,2932.1470312000074,40560.0,44092.14703120001,-3532.147031200009,-2932.1470312000074,-3532.1470312000074
2021-05-11,0.0,3532.1470312000074,3000,0,0,0.0,0.0,0.0,0.0,0.0,0.0,2932.1470312000074,40470.0,44002.14703120001,-3532.147031200009,-2932.1470312000074,-3532.1470312000074
2021-05-12,0.0,3532.1470312000074,3000,0,0,0.0,0.0,0.0,0.0,0.0,0.0,2932.1470312000074,40560.0,44092.14703120001,-3532.147031200009,-2932.1470312000074,-3532.1470312000074
2021-05-13,13334.6196952,3532.1470312000074,2000,0,0,0.0,18.6203048,0.0,0.0,0.0,0.0,2932.1470312000074,40094.6196952,43672.14703120001,-3577.5273360000065,10402.472663999992,9802.472663999992
2021-05-14,0.0,3689.7170744000086,3000,0,0,0.0,5.2697384,0.0,0.0,0.0,157.57004320000124,3089.7170744000086,40440.0,44129.71707440001,-3689.7170744000105,-3089.7170744000086,-3689.7170744000086
2021-05-17,0.0,3689.7170744000086,3000,0,0,0.0,0.0,0.0,0.0,0.0,0.0,3089.7170744000086,39900.0,43589.71707440001,-3689.7170744000105,-3089.7170744000086,-3689.7170744000086
2021-05-18,0.0,3689.7170744000086,3000,0,0,0.0,0.0,0.0,0.0,0.0,0.0,3089.7170744000086,40050.0,43739.71707440001,-3689.7170744000105,-3089.7170744000086,-3689.7170744000086
2021-05-19,13165.1327484,3689.7170744000086,2000,0,0,0.0,18.4472516,0.0,0.0,0.0,0.0,3089.7170744000086,39585.1327484,43319.71707440001,-3734.584326000011,10075.41567399999,9475.41567399999
2021-05-20,0.0,3756.2488540000086,3000,0,0,0.0,5.264528,0.0,0.0,0.0,66.53177959999994,3156.2488540000086,39660.0,43416.248854000005,-3756.248854000005,-3156.2488540000086,-3756.2488540000086
2021-05-21,0.0,3756.2488540000086,3000,0,0,0.0,0.0,0.0,0.0,0.0,0.0,3156.2488540000086,39330.0,43086.248854000005,-3756.248854000005,-3156.2488540000086,-3756.2488540000086
2021-05-24,0.0,3756.2488540000086,3000,0,0,0.0,0.0,0.0,0.0,0.0,0.0,3156.2488540000086,37650.0,41406.248854000005,-3756.248854000005,-3156.2488540000086,-3756.2488540000086
2021-05-25,0.0,3756.2488540000086,3000,0,0,0.0,0.0,0.0,0.0,0.0,0.0,3156.2488540000086,37920.0,41676.248854000005,-3756.248854000005,-3156.2488540000086,-3756.2488540000086
2021-05-26,0.0,3756.2488540000086,3000,0,0,0.0,0.0,0.0,0.0,0.0,0.0,3156.2488540000086,37680.0,41436.248854000005,-3756.248854000005,-3156.2488540000086,-3756.2488540000086
2021-05-27,0.0,3756.2488540000086,3000,0,0,0.0,0.0,0.0,0.0,0.0,0.0,3156.2488540000086,37860.0,41616.248854000005,-3756.248854000005,-3156.2488540000086,-3756.2488540000086
2021-05-28,0.0,3756.2488540000086,3000,0,0,0.0,0.0,0.0,0.0,0.0,0.0,3156.2488540000086,37050.0,40806.248854000005,-3756.248854000005,-3156.2488540000086,-3756.2488540000086
2021-05-31,0.0,3756.2488540000086,3000,0,0,0.0,0.0,0.0,0.0,0.0,0.0,3156.2488540000086,37260.0,41016.248854000005,-3756.248854000005,-3156.2488540000086,-3756.2488540000086
2021-06-01,12387.4867572,3756.2488540000086,2000,0,0,0.0,17.6532428,0.0,0.0,0.0,0.0,3156.2488540000086,37247.4867572,41046.248854000005,-3798.7620968000047,9231.237903199992,8631.237903199992
2021-06-02,12305.902196800002,3756.2488540000086,2000,0,0,0.0,22.6845604,0.0,0.0,0.0,0.0,3156.2488540000086,36745.9021968,40416.248854000005,-3670.3466572000034,9149.653342799993,8549.653342799993
2021-06-03,16.136506400001963,3756.2488540000086,3000,0,0,0.0,5.2456904,0.0,0.0,0.0,0.0,3156.2488540000086,36796.1365064,40536.248854000005,-3740.1123476000066,-3140.1123476000066,-3740.1123476000066
2021-06-04,16.136506400001963,3756.2488540000086,3000,0,0,0.0,0.0,0.0,0.0,0.0,0.0,3156.2488540000086,36676.1365064,40416.248854000005,-3740.1123476000066,-3140.1123476000066,-3740.1123476000066
2021-06-07,16.136506400001963,3756.2488540000086,3000,0,0,0.0,0.0,0.0,0.0,0.0,0.0,3156.2488540000086,37486.1365064,41226.248854000005,-3740.1123476000066,-3140.1123476000066,-3740.1123476000066
2021-06-08,16.136506400001963,3756.2488540000086,3000,0,0,0.0,0.0,0.0,0.0,0.0,0.0,3156.2488540000086,37546.1365064,41286.248854000005,-3740.1123476000066,-3140.1123476000066,-3740.1123476000066
2021-06-09,16.136506400001963,3756.2488540000086,3000,0,0,0.0,0.0,0.0,0.0,0.0,0.0,3156.2488540000086,37636.1365064,41376.248854000005,-3740.1123476000066,-3140.1123476000066,-3740.1123476000066
2021-06-10,16.136506400001963,3756.2488540000086,3000,0,0,0.0,0.0,0.0,0.0,0.0,0.0,3156.2488540000086,37696.1365064,41436.248854000005,-3740.1123476000066,-3140.1123476000066,-3740.1123476000066
2021-06-11,16.136506400001963,3756.2488540000086,3000,0,0,0.0,0.0,0.0,0.0,0.0,0.0,3156.2488540000086,37516.1365064,41256.248854000005,-3740.1123476000066,-3140.1123476000066,-3740.1123476000066
2021-06-15,16.136506400001963,3756.2488540000086,3000,0,0,0.0,0.0,0.0,0.0,0.0,0.0,3156.2488540000086,37666.1365064,41406.248854000005,-3740.1123476000066,-3140.1123476000066,-3740.1123476000066
2021-06-16,16.136506400001963,3756.2488540000086,3000,0,0,0.0,0.0,0.0,0.0,0.0,0.0,3156.2488540000086,36976.1365064,40716.248854000005,-3740.1123476000066,-3140.1123476000066,-3740.1123476000066
2021-06-17,16.136506400001963,3756.2488540000086,3000,0,0,0.0,0.0,0.0,0.0,0.0,0.0,3156.2488540000086,37366.1365064,41106.248854000005,-3740.1123476000066,-3140.1123476000066,-3740.1123476000066
2021-06-18,12463.442186000002,3756.2488540000086,2000,0,0,0.0,17.714320400000002,0.0,0.0,0.0,0.0,3156.2488540000086,37443.442186,41226.248854000005,-3782.8066680000047,9307.193331999993,8707.193331999993
2021-06-21,83.49469200000203,3756.2488540000086,3000,0,0,0.0,5.247494,0.0,0.0,0.0,0.0,3156.2488540000086,37223.494692,40896.248854000005,-3672.7541620000047,-3072.7541620000065,-3672.7541620000065
2021-06-22,83.49469200000203,3756.2488540000086,3000,0,0,0.0,0.0,0.0,0.0,0.0,0.0,3156.2488540000086,37013.494692,40686.248854000005,-3672.7541620000047,-3072.7541620000065,-3672.7541620000065
2021-06-23,83.49469200000203,3756.2488540000086,3000,0,0,0.0,0.0,0.0,0.0,0.0,0.0,3156.2488540000086,37763.494692,41436.248854000005,-3672.7541620000047,-3072.7541620000065,-3672.7541620000065
2021-06-24,83.49469200000203,3756.2488540000086,3000,0,0,0.0,0.0,0.0,0.0,0.0,0.0,3156.2488540000086,38093.494692,41766.248854000005,-3672.7541620000047,-3072.7541620000065,-3672.7541620000065
2021-06-25,12650.438216400004,3756.2488540000086,2000,0,0,0.0,17.8364756,0.0,0.0,0.0,0.0,3156.2488540000086,37870.438216400005,41586.248854000005,-3715.8106375999996,9494.189362399995,8894.189362399995
2021-06-28,40.02611320000324,3756.2488540000086,3000,0,0,0.0,5.2521032,0.0,0.0,0.0,0.0,3156.2488540000086,37780.0261132,41496.248854000005,-3716.2227408000035,-3116.2227408000053,-3716.2227408000053
2021-06-29,40.02611320000324,3756.2488540000086,3000,0,0,0.0,0.0,0.0,0.0,0.0,0.0,3156.2488540000086,37270.0261132,40986.248854000005,-3716.2227408000035,-3116.2227408000053,-3716.2227408000053
2021-06-30,40.02611320000324,3756.2488540000086,3000,0,0,0.0,0.0,0.0,0.0,0.0,0.0,3156.2488540000086,37270.0261132,40986.248854000005,-3716.2227408000035,-3116.2227408000053,-3716.2227408000053
2021-07-01,40.02611320000324,3756.2488540000086,3000,0,0,0.0,0.0,0.0,0.0,0.0,0.0,3156.2488540000086,36940.0261132,40656.248854000005,-3716.2227408000035,-3116.2227408000053,-3716.2227408000053
2021-07-02,40.02611320000324,3756.2488540000086,3000,0,0,0.0,0.0,0.0,0.0,0.0,0.0,3156.2488540000086,35950.0261132,39666.248854000005,-3716.2227408000035,-3116.2227408000053,-3716.2227408000053
2021-07-05,40.02611320000324,3756.2488540000086,3000,0,0,0.0,0.0,0.0,0.0,0.0,0.0,3156.2488540000086,36610.0261132,40326.248854000005,-3716.2227408000035,-3116.2227408000053,-3716.2227408000053
2021-07-06,12228.116462400005,3756.2488540000086,2000,0,0,0.0,17.4496508,0.0,0.0,0.0,0.0,3156.2488540000086,36688.11646240001,40446.248854000005,-3758.1323915999965,9071.867608399996,8471.867608399996
2021-07-07,12176.945163200005,3756.2488540000086,2000,0,0,0.0,22.6112992,0.0,0.0,0.0,0.0,3156.2488540000086,36476.945163200005,40206.248854000005,-3729.3036907999995,9020.696309199997,8420.696309199997
2021-07-08,127.6642824000046,3756.2488540000086,3000,0,0,0.0,5.2408808,0.0,0.0,0.0,0.0,3156.2488540000086,36217.6642824,39846.248854000005,-3628.584571600004,-3028.584571600004,-3628.584571600004
2021-07-09,127.6642824000046,3756.2488540000086,3000,0,0,0.0,0.0,0.0,0.0,0.0,0.0,3156.2488540000086,35977.6642824,39606.248854000005,-3628.584571600004,-3028.584571600004,-3628.584571600004
2021-07-12,127.6642824000046,3756.2488540000086,3000,0,0,0.0,0.0,0.0,0.0,0.0,0.0,3156.2488540000086,36127.6642824,39756.248854000005,-3628.584571600004,-3028.584571600004,-3628.584571600004
2021-07-13,127.6642824000046,3756.2488540000086,3000,0,0,0.0,0.0,0.0,0.0,0.0,0.0,3156.2488540000086,36247.6642824,39876.248854000005,-3628.584571600004,-3028.584571600004,-3628.584571600004
2021-07-14,127.6642824000046,3756.2488540000086,3000,0,0,0.0,0.0,0.0,0.0,0.0,0.0,3156.2488540000086,35047.6642824,38676.248854000005,-3628.584571600004,-3028.584571600004,-3628.584571600004
2021-07-15,127.6642824000046,3756.2488540000086,3000,0,0,0.0,0.0,0.0,0.0,0.0,0.0,3156.2488540000086,35377.6642824,39006.248854000005,-3628.584571600004,-3028.584571600004,-3628.584571600004
2021-07-16,127.6642824000046,3756.2488540000086,3000,0,0,0.0,0.0,0.0,0.0,0.0,0.0,3156.2488540000086,34597.6642824,38226.248854000005,-3628.584571600004,-3028.584571600004,-3628.584571600004
2021-07-19,127.6642824000046,3756.2488540000086,3000,0,0,0.0,0.0,0.0,0.0,0.0,0.0,3156.2488540000086,34807.6642824,38436.248854000005,-3628.584571600004,-3028.584571600004,-3628.584571600004
2021-07-20,11807.293791200003,3756.2488540000086,2000,0,0,0.0,16.9304912,0.0,0.0,0.0,0.0,3156.2488540000086,35247.293791200005,38916.248854000005,-3668.9550627999997,8651.044937199995,8051.044937199995
2021-07-21,11737.996531200002,3756.2488540000086,2000,0,0,0.0,22.217260000000003,0.0,0.0,0.0,0.0,3156.2488540000086,35277.9965312,39066.248854000005,-3788.2523228000064,8581.747677199994,7981.747677199994
2021-07-22,0.0,3776.9473920000055,3000,0,0,0.0,5.2350692,0.0,0.0,0.0,20.698537999996915,3176.9473920000055,35130.0,38906.947392,-3776.947392000002,-3176.9473920000055,-3776.9473920000055
2021-07-23,0.0,3776.9473920000055,3000,0,0,0.0,0.0,0.0,0.0,0.0,0.0,3176.9473920000055,35280.0,39056.947392,-3776.947392000002,-3176.9473920000055,-3776.9473920000055
2021-07-26,0.0,3776.9473920000055,3000,0,0,0.0,0.0,0.0,0.0,0.0,0.0,3176.9473920000055,34860.0,38636.947392,-3776.947392000002,-3176.9473920000055,-3776.9473920000055
2021-07-27,750.0,4526.9473920000055,3000,0,0,150.0,0.0,0.0,750.0,750.0,0.0,3176.9473920000055,34440.0,38366.947392,-3926.947392000002,-2426.9473920000055,-3776.9473920000055
2021-07-28,750.0,4526.9473920000055,3000,0,0,150.0,0.0,0.0,0.0,0.0,0.0,3176.9473920000055,33600.0,37526.947392,-3926.947392000002,-2426.9473920000055,-3776.9473920000055
2021-07-29,750.0,4526.9473920000055,3000,0,0,150.0,0.0,0.0,0.0,0.0,0.0,3176.9473920000055,33570.0,37496.947392,-3926.947392000002,-2426.9473920000055,-3776.9473920000055
2021-07-30,750.0,4526.9473920000055,3000,0,0,150.0,0.0,0.0,0.0,0.0,0.0,3176.9473920000055,34260.0,38186.947392,-3926.947392000002,-2426.9473920000055,-3776.9473920000055
2021-08-02,750.0,4526.9473920000055,3000,0,0,150.0,0.0,0.0,0.0,0.0,0.0,3176.9473920000055,36030.0,39956.947392,-3926.947392000002,-2426.9473920000055,-3776.9473920000055
2021-08-03,750.0,4526.9473920000055,3000,0,0,150.0,0.0,0.0,0.0,0.0,0.0,3176.9473920000055,36090.0,40016.947392,-3926.947392000002,-2426.9473920000055,-3776.9473920000055
2021-08-04,750.0,4526.9473920000055,3000,0,0,150.0,0.0,0.0,0.0,0.0,0.0,3176.9473920000055,36330.0,40256.947392,-3926.947392000002,-2426.9473920000055,-3776.9473920000055
2021-08-05,750.0,4526.9473920000055,3000,0,0,150.0,0.0,0.0,0.0,0.0,0.0,3176.9473920000055,36150.0,40076.947392,-3926.947392000002,-2426.9473920000055,-3776.9473920000055
2021-08-06,750.0,4526.9473920000055,3000,0,0,150.0,0.0,0.0,0.0,0.0,0.0,3176.9473920000055,36090.0,40016.947392,-3926.947392000002,-2426.9473920000055,-3776.9473920000055
2021-08-09,750.0,4526.9473920000055,3000,0,0,125.0,0.0,0.0,0.0,0.0,0.0,3176.9473920000055,36715.0,40616.947392,-3901.947392000002,-2426.9473920000055,-3776.9473920000055
2021-08-10,750.0,4526.9473920000055,3000,0,0,125.0,0.0,0.0,0.0,0.0,0.0,3176.9473920000055,37045.0,40946.947392,-3901.947392000002,-2426.9473920000055,-3776.9473920000055
2021-08-11,12464.4484312,4526.9473920000055,2000,0,0,100.0,16.991568800000003,25.0,0.0,0.0,0.0,3176.9473920000055,35924.4484312,39866.947392,-3942.4989608000033,9287.501039199995,7937.501039199995
2021-08-12,695.733161600001,4526.9473920000055,3000,0,0,100.0,5.2352696,0.0,0.0,0.0,0.0,3176.9473920000055,35845.7331616,39776.947392,-3931.214230400001,-2481.2142304000045,-3831.2142304000045
2021-08-13,695.733161600001,4526.9473920000055,3000,0,0,100.0,0.0,0.0,0.0,0.0,0.0,3176.9473920000055,36115.7331616,40046.947392,-3931.214230400001,-2481.2142304000045,-3831.2142304000045
2021-08-16,695.733161600001,4526.9473920000055,3000,0,0,100.0,0.0,0.0,0.0,0.0,0.0,3176.9473920000055,37405.7331616,41336.947392,-3931.214230400001,-2481.2142304000045,-3831.2142304000045
2021-08-17,695.733161600001,4526.9473920000055,3000,0,0,100.0,0.0,0.0,0.0,0.0,0.0,3176.9473920000055,36655.7331616,40586.947392,-3931.214230400001,-2481.2142304000045,-3831.2142304000045
2021-08-18,695.733161600001,4526.9473920000055,3000,0,0,100.0,0.0,0.0,0.0,0.0,0.0,3176.9473920000055,37345.7331616,41276.947392,-3931.214230400001,-2481.2142304000045,-3831.2142304000045
2021-08-19,695.733161600001,4526.9473920000055,3000,0,0,100.0,0.0,0.0,0.0,0.0,0.0,3176.9473920000055,36145.7331616,40076.947392,-3931.214230400001,-2481.2142304000045,-3831.2142304000045
2021-08-20,695.733161600001,4526.9473920000055,3000,0,0,100.0,0.0,0.0,0.0,0.0,0.0,3176.9473920000055,36235.7331616,40166.947392,-3931.214230400001,-2481.2142304000045,-3831.2142304000045
2021-08-23,695.733161600001,4526.9473920000055,3000,0,0,50.0,0.0,0.0,0.0,0.0,0.0,3176.9473920000055,36765.7331616,40646.947392,-3881.214230400001,-2481.2142304000045,-3831.2142304000045
2021-08-24,695.733161600001,4526.9473920000055,3000,0,0,50.0,0.0,0.0,0.0,0.0,0.0,3176.9473920000055,36795.7331616,40676.947392,-3881.214230400001,-2481.2142304000045,-3831.2142304000045
2021-08-25,695.733161600001,4526.9473920000055,3000,0,0,50.0,0.0,0.0,0.0,0.0,0.0,3176.9473920000055,36585.7331616,40466.947392,-3881.214230400001,-2481.2142304000045,-3831.2142304000045
2021-08-26,695.733161600001,4526.9473920000055,3000,0,0,50.0,0.0,0.0,0.0,0.0,0.0,3176.9473920000055,35715.7331616,39596.947392,-3881.214230400001,-2481.2142304000045,-3831.2142304000045
2021-08-27,695.733161600001,4526.9473920000055,3000,0,0,50.0,0.0,0.0,0.0,0.0,0.0,3176.9473920000055,35775.7331616,39656.947392,-3881.214230400001,-2481.2142304000045,-3831.2142304000045
2021-08-30,695.733161600001,4526.9473920000055,3000,0,0,50.0,0.0,0.0,0.0,0.0,0.0,3176.9473920000055,35175.7331616,39056.947392,-3881.214230400001,-2481.2142304000045,-3831.2142304000045
2021-08-31,695.733161600001,4526.9473920000055,3000,0,0,50.0,0.0,0.0,0.0,0.0,0.0,3176.9473920000055,35085.7331616,38966.947392,-3881.214230400001,-2481.2142304000045,-3831.2142304000045
2021-09-01,695.733161600001,4526.9473920000055,3000,0,0,50.0,0.0,0.0,0.0,0.0,0.0,3176.9473920000055,35775.7331616,39656.947392,-3881.214230400001,-2481.2142304000045,-3831.2142304000045
2021-09-02,12380.2721316,4526.9473920000055,2000,0,0,25.0,16.96103,25.0,0.0,0.0,0.0,3176.9473920000055,35855.2721316,39776.947392,-3921.6752603999994,9203.324739599995,7853.324739599995
2021-09-03,351.03165160000026,4526.9473920000055,3000,0,0,25.0,5.24048,0.0,0.0,0.0,0.0,3176.9473920000055,36326.0316516,40526.947392,-4200.9157404,-2825.9157404000052,-4175.915740400005
2021-09-06,351.03165160000026,4526.9473920000055,3000,0,0,25.0,0.0,0.0,0.0,0.0,0.0,3176.9473920000055,36476.0316516,40676.947392,-4200.9157404,-2825.9157404000052,-4175.915740400005
2021-09-07,351.03165160000026,4526.9473920000055,3000,0,0,25.0,0.0,0.0,0.0,0.0,0.0,3176.9473920000055,36836.0316516,41036.947392,-4200.9157404,-2825.9157404000052,-4175.915740400005
2021-09-08,351.03165160000026,4526.9473920000055,3000,0,0,25.0,0.0,0.0,0.0,0.0,0.0,3176.9473920000055,36896.0316516,41096.947392,-4200.9157404,-2825.9157404000052,-4175.915740400005
2021-09-09,351.03165160000026,4526.9473920000055,3000,0,0,25.0,0.0,0.0,0.0,0.0,0.0,3176.9473920000055,36866.0316516,41066.947392,-4200.9157404,-2825.9157404000052,-4175.915740400005
2021-09-10,351.03165160000026,4526.9473920000055,3000,0,0,25.0,0.0,0.0,0.0,0.0,0.0,3176.9473920000055,36926.0316516,41126.947392,-4200.9157404,-2825.9157404000052,-4175.915740400005
2021-09-13,351.03165160000026,4526.9473920000055,3000,0,0,25.0,0.0,0.0,0.0,0.0,0.0,3176.9473920000055,36836.0316516,41036.947392,-4200.9157404,-2825.9157404000052,-4175.915740400005
2021-09-14,351.03165160000026,4526.9473920000055,3000,0,0,25.0,0.0,0.0,0.0,0.0,0.0,3176.9473920000055,36146.0316516,40346.947392,-4200.9157404,-2825.9157404000052,-4175.915740400005
2021-09-15,351.03165160000026,4526.9473920000055,3000,0,0,25.0,0.0,0.0,0.0,0.0,0.0,3176.9473920000055,35726.0316516,39926.947392,-4200.9157404,-2825.9157404000052,-4175.915740400005
2021-09-16,351.03165160000026,4526.9473920000055,3000,0,0,25.0,0.0,0.0,0.0,0.0,0.0,3176.9473920000055,35576.0316516,39776.947392,-4200.9157404,-2825.9157404000052,-4175.915740400005
2021-09-17,351.03165160000026,4526.9473920000055,3000,0,0,25.0,0.0,0.0,0.0,0.0,0.0,3176.9473920000055,35576.0316516,39776.947392,-4200.9157404,-2825.9157404000052,-4175.915740400005
2021-09-22,351.03165160000026,4526.9473920000055,3000,0,0,25.0,0.0,0.0,0.0,0.0,0.0,3176.9473920000055,35396.0316516,39596.947392,-4200.9157404,-2825.9157404000052,-4175.915740400005
2021-09-23,351.03165160000026,4526.9473920000055,3000,0,0,25.0,0.0,0.0,0.0,0.0,0.0,3176.9473920000055,36566.0316516,40766.947392,-4200.9157404,-2825.9157404000052,-4175.915740400005
2021-09-24,351.03165160000026,4526.9473920000055,3000,0,0,25.0,0.0,0.0,0.0,0.0,0.0,3176.9473920000055,35906.0316516,40106.947392,-4200.9157404,-2825.9157404000052,-4175.915740400005
2021-09-27,351.03165160000026,4526.9473920000055,3000,0,0,25.0,0.0,0.0,0.0,0.0,0.0,3176.9473920000055,35936.0316516,40136.947392,-4200.9157404,-2825.9157404000052,-4175.915740400005
2021-09-28,351.03165160000026,4526.9473920000055,3000,0,0,25.0,0.0,0.0,0.0,0.0,0.0,3176.9473920000055,35726.0316516,39926.947392,-4200.9157404,-2825.9157404000052,-4175.915740400005
2021-09-29,351.03165160000026,4526.9473920000055,3000,0,0,25.0,0.0,0.0,0.0,0.0,0.0,3176.9473920000055,35846.0316516,40046.947392,-4200.9157404,-2825.9157404000052,-4175.915740400005
2021-09-30,351.03165160000026,4526.9473920000055,3000,0,0,25.0,0.0,0.0,0.0,0.0,0.0,3176.9473920000055,35186.0316516,39386.947392,-4200.9157404,-2825.9157404000052,-4175.915740400005
2021-10-08,351.03165160000026,4526.9473920000055,3000,0,0,25.0,0.0,0.0,0.0,0.0,0.0,3176.9473920000055,36686.0316516,40886.947392,-4200.9157404,-2825.9157404000052,-4175.915740400005
2021-10-11,351.03165160000026,4526.9473920000055,3000,0,0,25.0,0.0,0.0,0.0,0.0,0.0,3176.9473920000055,36716.0316516,40916.947392,-4200.9157404,-2825.9157404000052,-4175.915740400005
2021-10-12,351.03165160000026,4526.9473920000055,3000,0,0,25.0,0.0,0.0,0.0,0.0,0.0,3176.9473920000055,35966.0316516,40166.947392,-4200.9157404,-2825.9157404000052,-4175.915740400005
2021-10-13,351.03165160000026,4526.9473920000055,3000,0,0,25.0,0.0,0.0,0.0,0.0,0.0,3176.9473920000055,35996.0316516,40196.947392,-4200.9157404,-2825.9157404000052,-4175.915740400005
2021-10-14,12145.238646000002,4526.9473920000055,2000,0,0,0.0,17.073005600000002,25.0,0.0,0.0,0.0,3176.9473920000055,35865.238646,40106.947392,-4241.708746000004,8968.291253999996,7618.291253999996
2021-10-15,386.5435768000025,4526.9473920000055,3000,0,0,0.0,5.2350692,0.0,0.0,0.0,0.0,3176.9473920000055,35576.5435768,39716.947392,-4140.403815199999,-2790.403815200003,-4140.403815200003
2021-10-18,386.5435768000025,4526.9473920000055,3000,0,0,0.0,0.0,0.0,0.0,0.0,0.0,3176.9473920000055,35126.5435768,39266.947392,-4140.403815199999,-2790.403815200003,-4140.403815200003
2021-10-19,386.5435768000025,4526.9473920000055,3000,0,0,0.0,0.0,0.0,0.0,0.0,0.0,3176.9473920000055,35306.5435768,39446.947392,-4140.403815199999,-2790.403815200003,-4140.403815200003
2021-10-20,11936.565420400002,4526.9473920000055,2000,0,0,0.0,16.7981564,0.0,0.0,0.0,0.0,3176.9473920000055,35116.5654204,39296.947392,-4180.3819716,8759.618028399997,7409.618028399997
2021-10-21,448.41576200000236,4526.9473920000055,3000,0,0,0.0,5.2296584,0.0,0.0,0.0,0.0,3176.9473920000055,34918.415762000004,38996.947392,-4078.5316299999977,-2728.531630000003,-4078.531630000003
2021-10-22,448.41576200000236,4526.9473920000055,3000,0,0,0.0,0.0,0.0,0.0,0.0,0.0,3176.9473920000055,35068.415762000004,39146.947392,-4078.5316299999977,-2728.531630000003,-4078.531630000003
2021-10-25,11789.071377200002,4526.9473920000055,2000,0,0,0.0,16.584384800000002,0.0,0.0,0.0,0.0,3176.9473920000055,34549.0713772,38666.947392,-4117.8760148,8612.123985199996,7262.123985199996
2021-10-26,320.96211960000255,4526.9473920000055,3000,0,0,0.0,5.2292576,0.0,0.0,0.0,0.0,3176.9473920000055,34610.9621196,38816.947392,-4205.985272400001,-2855.985272400003,-4205.985272400003
2021-10-27,320.96211960000255,4526.9473920000055,3000,0,0,0.0,0.0,0.0,0.0,0.0,0.0,3176.9473920000055,34160.9621196,38366.947392,-4205.985272400001,-2855.985272400003,-4205.985272400003
2021-10-28,320.96211960000255,4526.9473920000055,3000,0,0,0.0,0.0,0.0,0.0,0.0,0.0,3176.9473920000055,33800.9621196,38006.947392,-4205.985272400001,-2855.985272400003,-4205.985272400003
2021-10-29,320.96211960000255,4526.9473920000055,3000,0,0,0.0,0.0,0.0,0.0,0.0,0.0,3176.9473920000055,34370.9621196,38576.947392,-4205.985272400001,-2855.985272400003,-4205.985272400003
2021-11-01,11721.436657200004,4526.9473920000055,2000,0,0,0.0,16.6454624,0.0,0.0,0.0,0.0,3176.9473920000055,34601.4366572,38846.947392,-4245.510734800002,8544.489265199998,7194.489265199998
2021-11-02,323.4688024000043,4526.9473920000055,3000,0,0,0.0,5.2278548,0.0,0.0,0.0,0.0,3176.9473920000055,34613.468802400006,38816.947392,-4203.478589599996,-2853.478589600001,-4203.478589600001
2021-11-03,323.4688024000043,4526.9473920000055,3000,0,0,0.0,0.0,0.0,0.0,0.0,0.0,3176.9473920000055,34733.468802400006,38936.947392,-4203.478589599996,-2853.478589600001,-4203.478589600001
2021-11-04,323.4688024000043,4526.9473920000055,3000,0,0,0.0,0.0,0.0,0.0,0.0,0.0,3176.9473920000055,35183.468802400006,39386.947392,-4203.478589599996,-2853.478589600001,-4203.478589600001
2021-11-05,323.4688024000043,4526.9473920000055,3000,0,0,0.0,0.0,0.0,0.0,0.0,0.0,3176.9473920000055,35393.468802400006,39596.947392,-4203.478589599996,-2853.478589600001,-4203.478589600001
2021-11-08,323.4688024000043,4526.9473920000055,3000,0,0,0.0,0.0,0.0,0.0,0.0,0.0,3176.9473920000055,35273.468802400006,39476.947392,-4203.478589599996,-2853.478589600001,-4203.478589600001
2021-11-09,323.4688024000043,4526.9473920000055,3000,0,0,0.0,0.0,0.0,0.0,0.0,0.0,3176.9473920000055,35093.468802400006,39296.947392,-4203.478589599996,-2853.478589600001,-4203.478589600001
2021-11-10,323.4688024000043,4526.9473920000055,3000,0,0,0.0,0.0,0.0,0.0,0.0,0.0,3176.9473920000055,34943.468802400006,39146.947392,-4203.478589599996,-2853.478589600001,-4203.478589600001
2021-11-11,323.4688024000043,4526.9473920000055,3000,0,0,0.0,0.0,0.0,0.0,0.0,0.0,3176.9473920000055,35513.468802400006,39716.947392,-4203.478589599996,-2853.478589600001,-4203.478589600001
2021-11-12,323.4688024000043,4526.9473920000055,3000,0,0,0.0,0.0,0.0,0.0,0.0,0.0,3176.9473920000055,35483.468802400006,39686.947392,-4203.478589599996,-2853.478589600001,-4203.478589600001
2021-11-15,323.4688024000043,4526.9473920000055,3000,0,0,0.0,0.0,0.0,0.0,0.0,0.0,3176.9473920000055,35933.468802400006,40136.947392,-4203.478589599996,-2853.478589600001,-4203.478589600001
2021-11-16,323.4688024000043,4526.9473920000055,3000,0,0,0.0,0.0,0.0,0.0,0.0,0.0,3176.9473920000055,35753.468802400006,39956.947392,-4203.478589599996,-2853.478589600001,-4203.478589600001
2021-11-17,323.4688024000043,4526.9473920000055,3000,0,0,0.0,0.0,0.0,0.0,0.0,0.0,3176.9473920000055,35543.468802400006,39746.947392,-4203.478589599996,-2853.478589600001,-4203.478589600001
2021-11-18,323.4688024000043,4526.9473920000055,3000,0,0,0.0,0.0,0.0,0.0,0.0,0.0,3176.9473920000055,35183.468802400006,39386.947392,-4203.478589599996,-2853.478589600001,-4203.478589600001
2021-11-19,323.4688024000043,4526.9473920000055,3000,0,0,0.0,0.0,0.0,0.0,0.0,0.0,3176.9473920000055,36053.468802400006,40256.947392,-4203.478589599996,-2853.478589600001,-4203.478589600001
2021-11-22,323.4688024000043,4526.9473920000055,3000,0,0,0.0,0.0,0.0,0.0,0.0,0.0,3176.9473920000055,35903.468802400006,40106.947392,-4203.478589599996,-2853.478589600001,-4203.478589600001
2021-11-23,323.4688024000043,4526.9473920000055,3000,0,0,0.0,0.0,0.0,0.0,0.0,0.0,3176.9473920000055,35513.468802400006,39716.947392,-4203.478589599996,-2853.478589600001,-4203.478589600001
2021-11-24,323.4688024000043,4526.9473920000055,3000,0,0,0.0,0.0,0.0,0.0,0.0,0.0,3176.9473920000055,35453.468802400006,39656.947392,-4203.478589599996,-2853.478589600001,-4203.478589600001
2021-11-25,323.4688024000043,4526.9473920000055,3000,0,0,0.0,0.0,0.0,0.0,0.0,0.0,3176.9473920000055,35213.468802400006,39416.947392,-4203.478589599996,-2853.478589600001,-4203.478589600001
2021-11-26,323.4688024000043,4526.9473920000055,3000,0,0,0.0,0.0,0.0,0.0,0.0,0.0,3176.9473920000055,33833.468802400006,38036.947392,-4203.478589599996,-2853.478589600001,-4203.478589600001
2021-11-29,323.4688024000043,4526.9473920000055,3000,0,0,0.0,0.0,0.0,0.0,0.0,0.0,3176.9473920000055,33263.468802400006,37466.947392,-4203.478589599996,-2853.478589600001,-4203.478589600001
2021-11-30,323.4688024000043,4526.9473920000055,3000,0,0,0.0,0.0,0.0,0.0,0.0,0.0,3176.9473920000055,33833.468802400006,38036.947392,-4203.478589599996,-2853.478589600001,-4203.478589600001
2021-12-01,323.4688024000043,4526.9473920000055,3000,0,0,0.0,0.0,0.0,0.0,0.0,0.0,3176.9473920000055,34103.468802400006,38306.947392,-4203.478589599996,-2853.478589600001,-4203.478589600001
2021-12-02,323.4688024000043,4526.9473920000055,3000,0,0,0.0,0.0,0.0,0.0,0.0,0.0,3176.9473920000055,33923.468802400006,38126.947392,-4203.478589599996,-2853.478589600001,-4203.478589600001
2021-12-03,323.4688024000043,4526.9473920000055,3000,0,0,0.0,0.0,0.0,0.0,0.0,0.0,3176.9473920000055,34073.468802400006,38276.947392,-4203.478589599996,-2853.478589600001,-4203.478589600001
2021-12-06,11564.426213600005,4526.9473920000055,2000,0,0,0.0,16.482588800000002,0.0,0.0,0.0,0.0,3176.9473920000055,34124.4262136,38366.947392,-4242.5211783999985,8387.4788216,7037.4788216
2021-12-07,206.53916040000513,4526.9473920000055,3000,0,0,0.0,5.2270532,0.0,0.0,0.0,0.0,3176.9473920000055,34256.5391604,38576.947392,-4320.4082315999985,-2970.4082316000004,-4320.4082316
2021-12-08,206.53916040000513,4526.9473920000055,3000,0,0,0.0,0.0,0.0,0.0,0.0,0.0,3176.9473920000055,34886.5391604,39206.947392,-4320.4082315999985,-2970.4082316000004,-4320.4082316
2021-12-09,206.53916040000513,4526.9473920000055,3000,0,0,0.0,0.0,0.0,0.0,0.0,0.0,3176.9473920000055,35516.5391604,39836.947392,-4320.4082315999985,-2970.4082316000004,-4320.4082316
2021-12-10,206.53916040000513,4526.9473920000055,3000,0,0,0.0,0.0,0.0,0.0,0.0,0.0,3176.9473920000055,35876.5391604,40196.947392,-4320.4082315999985,-2970.4082316000004,-4320.4082316
2021-12-13,206.53916040000513,4526.9473920000055,3000,0,0,0.0,0.0,0.0,0.0,0.0,0.0,3176.9473920000055,36146.5391604,40466.947392,-4320.4082315999985,-2970.4082316000004,-4320.4082316
2021-12-14,206.53916040000513,4526.9473920000055,3000,0,0,0.0,0.0,0.0,0.0,0.0,0.0,3176.9473920000055,36116.5391604,40436.947392,-4320.4082315999985,-2970.4082316000004,-4320.4082316
2021-12-15,206.53916040000513,4526.9473920000055,3000,0,0,0.0,0.0,0.0,0.0,0.0,0.0,3176.9473920000055,35816.5391604,40136.947392,-4320.4082315999985,-2970.4082316000004,-4320.4082316
2021-12-16,206.53916040000513,4526.9473920000055,3000,0,0,0.0,0.0,0.0,0.0,0.0,0.0,3176.9473920000055,36356.5391604,40676.947392,-4320.4082315999985,-2970.4082316000004,-4320.4082316
2021-12-17,206.53916040000513,4526.9473920000055,3000,0,0,0.0,0.0,0.0,0.0,0.0,0.0,3176.9473920000055,36626.5391604,40946.947392,-4320.4082315999985,-2970.4082316000004,-4320.4082316
2021-12-20,206.53916040000513,4526.9473920000055,3000,0,0,0.0,0.0,0.0,0.0,0.0,0.0,3176.9473920000055,36506.5391604,40826.947392,-4320.4082315999985,-2970.4082316000004,-4320.4082316
2021-12-21,206.53916040000513,4526.9473920000055,3000,0,0,0.0,0.0,0.0,0.0,0.0,0.0,3176.9473920000055,36656.5391604,40976.947392,-4320.4082315999985,-2970.4082316000004,-4320.4082316
2021-12-22,206.53916040000513,4526.9473920000055,3000,0,0,0.0,0.0,0.0,0.0,0.0,0.0,3176.9473920000055,35936.5391604,40256.947392,-4320.4082315999985,-2970.4082316000004,-4320.4082316
2021-12-23,206.53916040000513,4526.9473920000055,3000,0,0,0.0,0.0,0.0,0.0,0.0,0.0,3176.9473920000055,36296.5391604,40616.947392,-4320.4082315999985,-2970.4082316000004,-4320.4082316
2021-12-24,12145.383999600006,4526.9473920000055,2000,0,0,0.0,17.195160800000004,0.0,0.0,0.0,0.0,3176.9473920000055,36105.3839996,40466.947392,-4361.563392399999,8968.4366076,7618.436607600001
2021-12-27,66.04251760000625,4526.9473920000055,3000,0,0,0.0,5.241482,0.0,0.0,0.0,0.0,3176.9473920000055,36306.042517600006,40766.947392,-4460.904874399996,-3110.9048743999992,-4460.904874399999
2021-12-28,66.04251760000625,4526.9473920000055,3000,0,0,0.0,0.0,0.0,0.0,0.0,0.0,3176.9473920000055,36216.042517600006,40676.947392,-4460.904874399996,-3110.9048743999992,-4460.904874399999
2021-12-29,66.04251760000625,4526.9473920000055,3000,0,0,0.0,0.0,0.0,0.0,0.0,0.0,3176.9473920000055,35766.042517600006,40226.947392,-4460.904874399996,-3110.9048743999992,-4460.904874399999
2021-12-30,66.04251760000625,4526.9473920000055,3000,0,0,0.0,0.0,0.0,0.0,0.0,0.0,3176.9473920000055,35766.042517600006,40226.947392,-4460.904874399996,-3110.9048743999992,-4460.904874399999
2021-12-31,66.04251760000625,4526.9473920000055,3000,0,0,0.0,0.0,0.0,0.0,0.0,0.0,3176.9473920000055,35826.042517600006,40286.947392,-4460.904874399996,-3110.9048743999992,-4460.904874399999
2022-01-04,12064.706279200007,4526.9473920000055,2000,0,0,0.0,17.2562384,0.0,0.0,0.0,0.0,3176.9473920000055,36144.70627920001,40646.947392,-4502.241112799995,8887.758887200001,7537.7588872000015
2022-01-05,0.0,4631.764398399999,3000,0,0,0.0,5.2432856,0.0,0.0,0.0,104.81700639999326,3281.7643983999988,36330.0,40961.7643984,-4631.764398400002,-3281.7643983999988,-4631.764398399999
2022-01-06,0.0,4631.764398399999,3000,0,0,0.0,0.0,0.0,0.0,0.0,0.0,3281.7643983999988,35670.0,40301.7643984,-4631.764398400002,-3281.7643983999988,-4631.764398399999
2022-01-07,0.0,4631.764398399999,3000,0,0,0.0,0.0,0.0,0.0,0.0,0.0,3281.7643983999988,35490.0,40121.7643984,-4631.764398400002,-3281.7643983999988,-4631.764398399999
2022-01-10,0.0,4631.764398399999,3000,0,0,0.0,0.0,0.0,0.0,0.0,0.0,3281.7643983999988,35880.0,40511.7643984,-4631.764398400002,-3281.7643983999988,-4631.764398399999
2022-01-11,0.0,4631.764398399999,3000,0,0,0.0,0.0,0.0,0.0,0.0,0.0,3281.7643983999988,35550.0,40181.7643984,-4631.764398400002,-3281.7643983999988,-4631.764398399999
2022-01-12,0.0,4631.764398399999,3000,0,0,0.0,0.0,0.0,0.0,0.0,0.0,3281.7643983999988,35460.0,40091.7643984,-4631.764398400002,-3281.7643983999988,-4631.764398399999
2022-01-13,0.0,4631.764398399999,3000,0,0,0.0,0.0,0.0,0.0,0.0,0.0,3281.7643983999988,34650.0,39281.7643984,-4631.764398400002,-3281.7643983999988,-4631.764398399999
2022-01-14,0.0,4631.764398399999,3000,0,0,0.0,0.0,0.0,0.0,0.0,0.0,3281.7643983999988,34020.0,38651.7643984,-4631.764398400002,-3281.7643983999988,-4631.764398399999
2022-01-17,0.0,4631.764398399999,3000,0,0,0.0,0.0,0.0,0.0,0.0,0.0,3281.7643983999988,34260.0,38891.7643984,-4631.764398400002,-3281.7643983999988,-4631.764398399999
2022-01-18,0.0,4631.764398399999,3000,0,0,0.0,0.0,0.0,0.0,0.0,0.0,3281.7643983999988,35160.0,39791.7643984,-4631.764398400002,-3281.7643983999988,-4631.764398399999
2022-01-19,0.0,4631.764398399999,3000,0,0,0.0,0.0,0.0,0.0,0.0,0.0,3281.7643983999988,34920.0,39551.7643984,-4631.764398400002,-3281.7643983999988,-4631.764398399999
2022-01-20,0.0,4631.764398399999,3000,0,0,0.0,0.0,0.0,0.0,0.0,0.0,3281.7643983999988,35310.0,39941.7643984,-4631.764398400002,-3281.7643983999988,-4631.764398399999
2022-01-21,0.0,4631.764398399999,3000,0,0,0.0,0.0,0.0,0.0,0.0,0.0,3281.7643983999988,34830.0,39461.7643984,-4631.764398400002,-3281.7643983999988,-4631.764398399999
2022-01-24,0.0,4631.764398399999,3000,0,0,0.0,0.0,0.0,0.0,0.0,0.0,3281.7643983999988,34470.0,39101.7643984,-4631.764398400002,-3281.7643983999988,-4631.764398399999
2022-01-25,0.0,4631.764398399999,3000,0,0,0.0,0.0,0.0,0.0,0.0,0.0,3281.7643983999988,33930.0,38561.7643984,-4631.764398400002,-3281.7643983999988,-4631.764398399999
2022-01-26,0.0,4631.764398399999,3000,0,0,0.0,0.0,0.0,0.0,0.0,0.0,3281.7643983999988,33750.0,38381.7643984,-4631.764398400002,-3281.7643983999988,-4631.764398399999
2022-01-27,0.0,4631.764398399999,3000,0,0,0.0,0.0,0.0,0.0,0.0,0.0,3281.7643983999988,33390.0,38021.7643984,-4631.764398400002,-3281.7643983999988,-4631.764398399999
2022-01-28,0.0,4631.764398399999,3000,0,0,0.0,0.0,0.0,0.0,0.0,0.0,3281.7643983999988,33330.0,37961.7643984,-4631.764398400002,-3281.7643983999988,-4631.764398399999
2022-02-07,0.0,4631.764398399999,3000,0,0,0.0,0.0,0.0,0.0,0.0,0.0,3281.7643983999988,33480.0,38111.7643984,-4631.764398400002,-3281.7643983999988,-4631.764398399999
2022-02-08,0.0,4631.764398399999,3000,0,0,0.0,0.0,0.0,0.0,0.0,0.0,3281.7643983999988,33870.0,38501.7643984,-4631.764398400002,-3281.7643983999988,-4631.764398399999
2022-02-09,11310.746153999999,4631.764398399999,2000,0,0,0.0,16.553846,0.0,0.0,0.0,0.0,3281.7643983999988,34010.746154,38681.7643984,-4671.018244400002,8028.9817556,6678.9817556
2022-02-10,0.0,4749.0467004,3000,0,0,0.0,5.2284559999999995,0.0,0.0,0.0,117.28230200000144,3399.0467004,34230.0,38979.0467004,-4749.046700400002,-3399.0467004,-4749.0467004
2022-02-11,11290.8065132,4749.0467004,2000,0,0,0.0,16.5334868,0.0,0.0,0.0,0.0,3399.0467004,33950.8065132,38739.0467004,-4788.240187200005,7891.759812799999,6541.759812799999
2022-02-14,43.14166439999826,4749.0467004,3000,0,0,0.0,5.2248488,0.0,0.0,0.0,0.0,3399.0467004,33823.1416644,38529.0467004,-4705.905036000004,-3355.905036000002,-4705.905036000002
2022-02-15,43.14166439999826,4749.0467004,3000,0,0,0.0,0.0,0.0,0.0,0.0,0.0,3399.0467004,33763.1416644,38469.0467004,-4705.905036000004,-3355.905036000002,-4705.905036000002
2022-02-16,43.14166439999826,4749.0467004,3000,0,0,0.0,0.0,0.0,0.0,0.0,0.0,3399.0467004,33853.1416644,38559.0467004,-4705.905036000004,-3355.905036000002,-4705.905036000002
2022-02-17,43.14166439999826,4749.0467004,3000,0,0,0.0,0.0,0.0,0.0,0.0,0.0,3399.0467004,33793.1416644,38499.0467004,-4705.905036000004,-3355.905036000002,-4705.905036000002
2022-02-18,43.14166439999826,4749.0467004,3000,0,0,0.0,0.0,0.0,0.0,0.0,0.0,3399.0467004,33913.1416644,38619.0467004,-4705.905036000004,-3355.905036000002,-4705.905036000002
2022-02-21,11403.736920399999,4749.0467004,2000,0,0,0.0,16.604744000000004,0.0,0.0,0.0,0.0,3399.0467004,34203.7369204,38949.0467004,-4745.309780000003,8004.690219999999,6654.690219999999
2022-02-22,11346.978860799998,4749.0467004,2000,0,0,0.0,21.6980596,0.0,0.0,0.0,0.0,3399.0467004,33886.978860799994,38559.0467004,-4672.067839600008,7947.932160399998,6597.932160399998
2022-02-23,0.0,4759.954892800002,3000,0,0,0.0,5.2270532,0.0,0.0,0.0,10.908192400002008,3409.954892800002,34020.0,38779.9548928,-4759.9548928,-3409.954892800002,-4759.954892800002
2022-02-24,0.0,4759.954892800002,3000,0,0,0.0,0.0,0.0,0.0,0.0,0.0,3409.954892800002,33600.0,38359.9548928,-4759.9548928,-3409.954892800002,-4759.954892800002
2022-02-25,0.0,4759.954892800002,3000,0,0,0.0,0.0,0.0,0.0,0.0,0.0,3409.954892800002,33600.0,38359.9548928,-4759.9548928,-3409.954892800002,-4759.954892800002
2022-02-28,0.0,4759.954892800002,3000,0,0,0.0,0.0,0.0,0.0,0.0,0.0,3409.954892800002,33510.0,38269.9548928,-4759.9548928,-3409.954892800002,-4759.954892800002
2022-03-01,0.0,4759.954892800002,3000,0,0,0.0,0.0,0.0,0.0,0.0,0.0,3409.954892800002,33510.0,38269.9548928,-4759.9548928,-3409.954892800002,-4759.954892800002
2022-03-02,0.0,4759.954892800002,3000,0,0,0.0,0.0,0.0,0.0,0.0,0.0,3409.954892800002,33630.0,38389.9548928,-4759.9548928,-3409.954892800002,-4759.954892800002
2022-03-03,11161.198848,4759.954892800002,2000,0,0,0.0,16.401152000000003,0.0,0.0,0.0,0.0,3409.954892800002,33561.198848,38359.9548928,-4798.7560448,7751.243955199998,6401.243955199998
2022-03-04,13.736003199999686,4759.954892800002,3000,0,0,0.0,5.2228448,0.0,0.0,0.0,0.0,3409.954892800002,33433.7360032,38179.9548928,-4746.218889600001,-3396.2188896000025,-4746.2188896000025
2022-03-07,13.736003199999686,4759.954892800002,3000,0,0,0.0,0.0,0.0,0.0,0.0,0.0,3409.954892800002,32473.7360032,37219.9548928,-4746.218889600001,-3396.2188896000025,-4746.2188896000025
2022-03-08,13.736003199999686,4759.954892800002,3000,0,0,0.0,0.0,0.0,0.0,0.0,0.0,3409.954892800002,31813.7360032,36559.9548928,-4746.218889600001,-3396.2188896000025,-4746.2188896000025
2022-03-09,13.736003199999686,4759.954892800002,3000,0,0,0.0,0.0,0.0,0.0,0.0,0.0,3409.954892800002,31213.7360032,35959.9548928,-4746.218889600001,-3396.2188896000025,-4746.2188896000025
2022-03-10,13.736003199999686,4759.954892800002,3000,0,0,0.0,0.0,0.0,0.0,0.0,0.0,3409.954892800002,31063.7360032,35809.9548928,-4746.218889600001,-3396.2188896000025,-4746.2188896000025
2022-03-11,13.736003199999686,4759.954892800002,3000,0,0,0.0,0.0,0.0,0.0,0.0,0.0,3409.954892800002,30853.736003199996,35599.9548928,-4746.218889600004,-3396.2188896000025,-4746.2188896000025
2022-03-14,13.736003199999686,4759.954892800002,3000,0,0,0.0,0.0,0.0,0.0,0.0,0.0,3409.954892800002,30553.7360032,35299.9548928,-4746.218889600001,-3396.2188896000025,-4746.2188896000025
2022-03-15,13.736003199999686,4759.954892800002,3000,0,0,0.0,0.0,0.0,0.0,0.0,0.0,3409.954892800002,29263.7360032,34009.9548928,-4746.218889600001,-3396.2188896000025,-4746.2188896000025
2022-03-16,13.736003199999686,4759.954892800002,3000,0,0,0.0,0.0,0.0,0.0,0.0,0.0,3409.954892800002,29683.7360032,34429.9548928,-4746.218889600001,-3396.2188896000025,-4746.2188896000025
2022-03-17,13.736003199999686,4759.954892800002,3000,0,0,0.0,0.0,0.0,0.0,0.0,0.0,3409.954892800002,30343.7360032,35089.9548928,-4746.218889600001,-3396.2188896000025,-4746.2188896000025
2022-03-18,13.736003199999686,4759.954892800002,3000,0,0,0.0,0.0,0.0,0.0,0.0,0.0,3409.954892800002,30613.736003199996,35359.9548928,-4746.218889600004,-3396.2188896000025,-4746.2188896000025
2022-03-21,13.736003199999686,4759.954892800002,3000,0,0,0.0,0.0,0.0,0.0,0.0,0.0,3409.954892800002,30313.7360032,35059.9548928,-4746.218889600001,-3396.2188896000025,-4746.2188896000025
2022-03-22,13.736003199999686,4759.954892800002,3000,0,0,0.0,0.0,0.0,0.0,0.0,0.0,3409.954892800002,30583.7360032,35329.9548928,-4746.218889600001,-3396.2188896000025,-4746.2188896000025
2022-03-23,10367.3793988,4759.954892800002,2000,0,0,0.0,15.5766044,0.0,0.0,0.0,0.0,3409.954892800002,31147.3793988,35929.9548928,-4782.575494000001,6957.424505999998,5607.424505999998
2022-03-24,0.0,4788.523308800002,3000,0,0,0.0,5.2078148,0.0,0.0,0.0,28.56841600000007,3438.5233088000023,31170.0,35958.5233088,-4788.523308800002,-3438.5233088000023,-4788.523308800002
2022-03-25,0.0,4788.523308800002,3000,0,0,0.0,0.0,0.0,0.0,0.0,0.0,3438.5233088000023,30660.000000000004,35448.52330880001,-4788.523308800006,-3438.5233088000023,-4788.523308800002
2022-03-28,0.0,4788.523308800002,3000,0,0,0.0,0.0,0.0,0.0,0.0,0.0,3438.5233088000023,30720.0,35508.5233088,-4788.523308800002,-3438.5233088000023,-4788.523308800002
2022-03-29,10044.5789632,4788.523308800002,2000,0,0,0.0,15.261036800000001,0.0,0.0,0.0,0.0,3438.5233088000023,30204.5789632,35028.5233088,-4823.944345600001,6606.055654399997,5256.055654399997
2022-03-30,0.0,4939.488152400003,3000,0,0,0.0,5.2038068,0.0,0.0,0.0,150.96484360000068,3589.488152400003,30599.999999999996,35539.4881524,-4939.488152400005,-3589.488152400003,-4939.488152400003
2022-03-31,10114.367706,4939.488152400003,2000,0,0,0.0,15.332294000000001,0.0,0.0,0.0,0.0,3589.488152400003,30414.367706,35389.4881524,-4975.1204464,6524.879553599998,5174.879553599998
2022-04-01,0.0,5050.724854400001,3000,0,0,0.0,5.204408,0.0,0.0,0.0,111.23670199999833,3700.7248544000013,30540.0,35590.7248544,-5050.724854400003,-3700.7248544000013,-5050.724854400001
2022-04-06,10164.216808000001,5050.724854400001,2000,0,0,0.0,15.383192000000001,0.0,0.0,0.0,0.0,3700.7248544000013,30564.216808,35650.724854399996,-5086.508046399995,6463.4919536,5113.4919536
2022-04-07,58.85480480000115,5050.724854400001,3000,0,0,0.0,5.2020032,0.0,0.0,0.0,0.0,3700.7248544000013,30238.8548048,35230.7248544,-4991.870049600002,-3641.8700496,-4991.8700496
2022-04-08,58.85480480000115,5050.724854400001,3000,0,0,0.0,0.0,0.0,0.0,0.0,0.0,3700.7248544000013,30508.8548048,35500.7248544,-4991.870049600002,-3641.8700496,-4991.8700496
2022-04-11,9953.886462,5050.724854400001,2000,0,0,0.0,15.1083428,0.0,0.0,0.0,0.0,3700.7248544000013,29813.886462000002,34840.7248544,-5026.838392400001,6253.161607599999,4903.161607599999
2022-04-12,0.0,5162.119594000002,3000,0,0,0.0,5.2012016,0.0,0.0,0.0,111.39473960000032,3812.1195940000016,30119.999999999996,35282.119593999996,-5162.119594,-3812.1195940000016,-5162.119594000002
2022-04-13,0.0,5162.119594000002,3000,0,0,0.0,0.0,0.0,0.0,0.0,0.0,3812.1195940000016,30000.0,35162.119594,-5162.119594000003,-3812.1195940000016,-5162.119594000002
2022-04-14,0.0,5162.119594000002,3000,0,0,0.0,0.0,0.0,0.0,0.0,0.0,3812.1195940000016,30300.0,35462.119594,-5162.119594000003,-3812.1195940000016,-5162.119594000002
2022-04-15,0.0,5162.119594000002,3000,0,0,0.0,0.0,0.0,0.0,0.0,0.0,3812.1195940000016,30119.999999999996,35282.119593999996,-5162.119594,-3812.1195940000016,-5162.119594000002
2022-04-18,0.0,5162.119594000002,3000,0,0,0.0,0.0,0.0,0.0,0.0,0.0,3812.1195940000016,29940.0,35102.119594,-5162.119594000003,-3812.1195940000016,-5162.119594000002
2022-04-19,0.0,5162.119594000002,3000,0,0,0.0,0.0,0.0,0.0,0.0,0.0,3812.1195940000016,29670.0,34832.119594,-5162.119594000003,-3812.1195940000016,-5162.119594000002
2022-04-20,0.0,5162.119594000002,3000,0,0,0.0,0.0,0.0,0.0,0.0,0.0,3812.1195940000016,29550.0,34712.119594,-5162.119594000003,-3812.1195940000016,-5162.119594000002
2022-04-21,0.0,5162.119594000002,3000,0,0,0.0,0.0,0.0,0.0,0.0,0.0,3812.1195940000016,29339.999999999996,34502.119593999996,-5162.119594,-3812.1195940000016,-5162.119594000002
2022-04-22,0.0,5162.119594000002,3000,0,0,0.0,0.0,0.0,0.0,0.0,0.0,3812.1195940000016,29160.000000000004,34322.119594,-5162.119594,-3812.1195940000016,-5162.119594000002
2022-04-25,0.0,5162.119594000002,3000,0,0,0.0,0.0,0.0,0.0,0.0,0.0,3812.1195940000016,27330.0,32492.119594000003,-5162.119594000003,-3812.1195940000016,-5162.119594000002
2022-04-26,0.0,5162.119594000002,3000,0,0,0.0,0.0,0.0,0.0,0.0,0.0,3812.1195940000016,27570.0,32732.119594000003,-5162.119594000003,-3812.1195940000016,-5162.119594000002
2022-04-27,0.0,5162.119594000002,3000,0,0,0.0,0.0,0.0,0.0,0.0,0.0,3812.1195940000016,28109.999999999996,33272.119593999996,-5162.119594,-3812.1195940000016,-5162.119594000002
2022-04-28,9386.5708168,5162.119594000002,2000,0,0,0.0,14.5891832,0.0,0.0,0.0,0.0,3812.1195940000016,28226.5708168,33422.119594,-5195.548777200005,5574.4512227999985,4224.4512227999985
2022-04-29,9486.364030399998,5319.684167600002,2000,0,0,0.0,19.69136,0.0,0.0,0.0,157.56457360000059,3969.684167600002,28526.3640304,33879.684167600004,-5353.320137200004,5516.679862799996,4166.679862799996
2022-05-05,0.0,5407.515828200005,3000,0,0,0.0,5.095691,0.0,0.0,0.0,87.83166060000258,4057.5158282000048,28800.0,34207.515828200005,-5407.515828200005,-4057.5158282000048,-5407.515828200005
2022-05-06,0.0,5407.515828200005,3000,0,0,0.0,0.0,0.0,0.0,0.0,0.0,4057.5158282000048,27570.0,32977.515828200005,-5407.515828200005,-4057.5158282000048,-5407.515828200005
2022-05-09,0.0,5407.515828200005,3000,0,0,0.0,0.0,0.0,0.0,0.0,0.0,4057.5158282000048,27630.000000000004,33037.515828200005,-5407.515828200001,-4057.5158282000048,-5407.515828200005
2022-05-10,0.0,5407.515828200005,3000,0,0,0.0,0.0,0.0,0.0,0.0,0.0,4057.5158282000048,28020.0,33427.515828200005,-5407.515828200005,-4057.5158282000048,-5407.515828200005
2022-05-11,0.0,5407.515828200005,3000,0,0,0.0,0.0,0.0,0.0,0.0,0.0,4057.5158282000048,28170.0,33577.515828200005,-5407.515828200005,-4057.5158282000048,-5407.515828200005
2022-05-12,0.0,5407.515828200005,3000,0,0,0.0,0.0,0.0,0.0,0.0,0.0,4057.5158282000048,28140.000000000004,33547.515828200005,-5407.515828200001,-4057.5158282000048,-5407.515828200005
2022-05-13,0.0,5407.515828200005,3000,0,0,0.0,0.0,0.0,0.0,0.0,0.0,4057.5158282000048,28140.000000000004,33547.515828200005,-5407.515828200001,-4057.5158282000048,-5407.515828200005
2022-05-16,0.0,5407.515828200005,3000,0,0,0.0,0.0,0.0,0.0,0.0,0.0,4057.5158282000048,27900.000000000004,33307.515828200005,-5407.515828200001,-4057.5158282000048,-5407.515828200005
2022-05-17,0.0,5407.515828200005,3000,0,0,0.0,0.0,0.0,0.0,0.0,0.0,4057.5158282000048,28170.0,33577.515828200005,-5407.515828200005,-4057.5158282000048,-5407.515828200005
2022-05-18,9386.6648284,5407.515828200005,2000,0,0,0.0,14.4951716,0.0,0.0,0.0,0.0,4057.5158282000048,28226.6648284,33667.515828200005,-5440.8509998000045,5329.1490001999955,3979.1490001999955
2022-05-19,22.891241600000285,5407.515828200005,3000,0,0,0.0,5.0935868,0.0,0.0,0.0,0.0,4057.5158282000048,28072.891241600002,33457.515828200005,-5384.624586600003,-4034.6245866000045,-5384.6245866000045
2022-05-20,22.891241600000285,5407.515828200005,3000,0,0,0.0,0.0,0.0,0.0,0.0,0.0,4057.5158282000048,28402.891241600002,33787.515828200005,-5384.624586600003,-4034.6245866000045,-5384.6245866000045
2022-05-23,22.891241600000285,5407.515828200005,3000,0,0,0.0,0.0,0.0,0.0,0.0,0.0,4057.5158282000048,28312.891241600002,33697.515828200005,-5384.624586600003,-4034.6245866000045,-5384.6245866000045
2022-05-24,22.891241600000285,5407.515828200005,3000,0,0,0.0,0.0,0.0,0.0,0.0,0.0,4057.5158282000048,27322.891241600002,32707.515828200005,-5384.624586600003,-4034.6245866000045,-5384.6245866000045
2022-05-25,22.891241600000285,5407.515828200005,3000,0,0,0.0,0.0,0.0,0.0,0.0,0.0,4057.5158282000048,27442.891241600002,32827.515828200005,-5384.624586600003,-4034.6245866000045,-5384.6245866000045
2022-05-26,9210.157666,5407.515828200005,2000,0,0,0.0,14.2935756,0.0,0.0,0.0,0.0,4057.5158282000048,27650.157666,33067.515828200005,-5417.358162200006,5152.641837799994,3802.6418377999944
2022-05-27,0.0,5430.870446400006,3000,0,0,0.0,5.0922842,0.0,0.0,0.0,23.354618200000914,4080.8704464000057,27720.0,33150.870446400004,-5430.870446400004,-4080.8704464000057,-5430.870446400006
2022-05-30,0.0,5430.870446400006,3000,0,0,0.0,0.0,0.0,0.0,0.0,0.0,4080.8704464000057,27510.0,32940.870446400004,-5430.870446400004,-4080.8704464000057,-5430.870446400006
2022-05-31,0.0,5430.870446400006,3000,0,0,0.0,0.0,0.0,0.0,0.0,0.0,4080.8704464000057,28230.0,33660.870446400004,-5430.870446400004,-4080.8704464000057,-5430.870446400006
2022-06-01,0.0,5430.870446400006,3000,0,0,0.0,0.0,0.0,0.0,0.0,0.0,4080.8704464000057,28109.999999999996,33540.870446400004,-5430.8704464000075,-4080.8704464000057,-5430.870446400006
2022-06-02,0.0,5430.870446400006,3000,0,0,0.0,0.0,0.0,0.0,0.0,0.0,4080.8704464000057,28200.0,33630.870446400004,-5430.870446400004,-4080.8704464000057,-5430.870446400006
2022-06-06,9396.6347486,5430.870446400006,2000,0,0,0.0,14.5052514,0.0,0.0,0.0,0.0,4080.8704464000057,28256.6347486,33720.870446400004,-5464.2356978000025,5315.764302199994,3965.764302199994
2022-06-07,0.0,5458.129885800005,3000,0,0,0.0,5.094188,0.0,0.0,0.0,27.259439399998882,4108.129885800005,28290.0,33748.12988580001,-5458.129885800008,-4108.129885800005,-5458.129885800005
2022-06-08,0.0,5458.129885800005,3000,0,0,0.0,0.0,0.0,0.0,0.0,0.0,4108.129885800005,28260.0,33718.12988580001,-5458.129885800008,-4108.129885800005,-5458.129885800005
2022-06-09,0.0,5458.129885800005,3000,0,0,0.0,0.0,0.0,0.0,0.0,0.0,4108.129885800005,27990.0,33448.12988580001,-5458.129885800008,-4108.129885800005,-5458.129885800005
2022-06-10,0.0,5458.129885800005,3000,0,0,0.0,0.0,0.0,0.0,0.0,0.0,4108.129885800005,28800.0,34258.12988580001,-5458.129885800008,-4108.129885800005,-5458.129885800005
2022-06-13,0.0,5458.129885800005,3000,0,0,0.0,0.0,0.0,0.0,0.0,0.0,4108.129885800005,28170.0,33628.12988580001,-5458.129885800008,-4108.129885800005,-5458.129885800005
2022-06-14,0.0,5458.129885800005,3000,0,0,0.0,0.0,0.0,0.0,0.0,0.0,4108.129885800005,28140.000000000004,33598.12988580001,-5458.129885800005,-4108.129885800005,-5458.129885800005
2022-06-15,0.0,5458.129885800005,3000,0,0,0.0,0.0,0.0,0.0,0.0,0.0,4108.129885800005,28920.0,34378.12988580001,-5458.129885800008,-4108.129885800005,-5458.129885800005
2022-06-16,0.0,5458.129885800005,3000,0,0,0.0,0.0,0.0,0.0,0.0,0.0,4108.129885800005,28740.0,34198.12988580001,-5458.129885800008,-4108.129885800005,-5458.129885800005
2022-06-17,0.0,5458.129885800005,3000,0,0,0.0,0.0,0.0,0.0,0.0,0.0,4108.129885800005,29070.0,34528.12988580001,-5458.129885800008,-4108.129885800005,-5458.129885800005
2022-06-20,9655.8526738,5458.129885800005,2000,0,0,0.0,14.767326200000001,0.0,0.0,0.0,0.0,4108.129885800005,29035.8526738,34528.12988580001,-5492.277212000008,5547.7227879999955,4197.7227879999955
2022-06-21,0.0,5536.794506200005,3000,0,0,0.0,5.0972942,0.0,0.0,0.0,78.66462040000079,4186.794506200005,29160.000000000004,34696.79450620001,-5536.7945062000035,-4186.794506200005,-5536.794506200005
2022-06-22,0.0,5536.794506200005,3000,0,0,0.0,0.0,0.0,0.0,0.0,0.0,4186.794506200005,28650.000000000004,34186.79450620001,-5536.7945062000035,-4186.794506200005,-5536.794506200005
2022-06-23,0.0,5536.794506200005,3000,0,0,0.0,0.0,0.0,0.0,0.0,0.0,4186.794506200005,29010.0,34546.79450620001,-5536.794506200007,-4186.794506200005,-5536.794506200005
2022-06-24,9715.672195,5536.794506200005,2000,0,0,0.0,14.827805,0.0,0.0,0.0,0.0,4186.794506200005,29215.672195,34786.79450620001,-5571.122311200008,5528.877688799994,4178.877688799994
2022-06-27,9735.6120354,5605.740106400006,2000,0,0,0.0,19.945759799999998,0.0,0.0,0.0,68.94560020000063,4255.740106400006,29275.6120354,34915.74010640001,-5640.1280710000065,5479.8719289999935,4129.8719289999935
2022-06-28,0.0,5785.007168800008,3000,0,0,0.0,5.0990978,0.0,0.0,0.0,179.26706240000203,4435.007168800008,29700.0,35485.00716880001,-5785.00716880001,-4435.007168800008,-5785.007168800008
2022-06-29,9805.4014768,5785.007168800008,2000,0,0,0.0,14.918523200000001,0.0,0.0,0.0,0.0,4435.007168800008,29485.401476799998,35305.00716880001,-5819.605692000012,5370.394307999992,4020.3943079999917
2022-06-30,0.0,5824.344088400008,3000,0,0,0.0,5.0983964,0.0,0.0,0.0,39.33691960000033,4474.344088400008,29520.0,35344.34408840001,-5824.344088400008,-4474.344088400008,-5824.344088400008
2022-07-01,0.0,5824.344088400008,3000,0,0,0.0,0.0,0.0,0.0,0.0,0.0,4474.344088400008,29339.999999999996,35164.3440884,-5824.344088400005,-4474.344088400008,-5824.344088400008
2022-07-04,0.0,5824.344088400008,3000,0,0,0.0,0.0,0.0,0.0,0.0,0.0,4474.344088400008,29280.0,35104.34408840001,-5824.344088400008,-4474.344088400008,-5824.344088400008
2022-07-05,0.0,5824.344088400008,3000,0,0,0.0,0.0,0.0,0.0,0.0,0.0,4474.344088400008,29070.0,34894.34408840001,-5824.344088400008,-4474.344088400008,-5824.344088400008
2022-07-06,0.0,5824.344088400008,3000,0,0,0.0,0.0,0.0,0.0,0.0,0.0,4474.344088400008,28830.0,34654.34408840001,-5824.344088400008,-4474.344088400008,-5824.344088400008
2022-07-07,0.0,5824.344088400008,3000,0,0,0.0,0.0,0.0,0.0,0.0,0.0,4474.344088400008,28770.0,34594.34408840001,-5824.344088400008,-4474.344088400008,-5824.344088400008
2022-07-08,0.0,5824.344088400008,3000,0,0,0.0,0.0,0.0,0.0,0.0,0.0,4474.344088400008,29220.0,35044.34408840001,-5824.344088400008,-4474.344088400008,-5824.344088400008
2022-07-11,0.0,5824.344088400008,3000,0,0,0.0,0.0,0.0,0.0,0.0,0.0,4474.344088400008,28920.0,34744.34408840001,-5824.344088400008,-4474.344088400008,-5824.344088400008
2022-07-12,0.0,5824.344088400008,3000,0,0,0.0,0.0,0.0,0.0,0.0,0.0,4474.344088400008,28890.000000000004,34714.344088400016,-5824.344088400012,-4474.344088400008,-5824.344088400008
2022-07-13,0.0,5824.344088400008,3000,0,0,0.0,0.0,0.0,0.0,0.0,0.0,4474.344088400008,28920.0,34744.34408840001,-5824.344088400008,-4474.344088400008,-5824.344088400008
2022-07-14,0.0,5824.344088400008,3000,0,0,0.0,0.0,0.0,0.0,0.0,0.0,4474.344088400008,28650.000000000004,34474.344088400016,-5824.344088400012,-4474.344088400008,-5824.344088400008
2022-07-15,0.0,5824.344088400008,3000,0,0,0.0,0.0,0.0,0.0,0.0,0.0,4474.344088400008,28050.0,33874.34408840001,-5824.344088400008,-4474.344088400008,-5824.344088400008
2022-07-18,0.0,5824.344088400008,3000,0,0,0.0,0.0,0.0,0.0,0.0,0.0,4474.344088400008,29010.0,34834.34408840001,-5824.344088400008,-4474.344088400008,-5824.344088400008
2022-07-19,0.0,5824.344088400008,3000,0,0,0.0,0.0,0.0,0.0,0.0,0.0,4474.344088400008,29400.000000000004,35224.344088400016,-5824.344088400012,-4474.344088400008,-5824.344088400008
2022-07-20,0.0,5824.344088400008,3000,0,0,0.0,0.0,0.0,0.0,0.0,0.0,4474.344088400008,29820.0,35644.34408840001,-5824.344088400008,-4474.344088400008,-5824.344088400008
2022-07-21,0.0,5824.344088400008,3000,0,0,0.0,0.0,0.0,0.0,0.0,0.0,4474.344088400008,30210.0,36034.34408840001,-5824.344088400008,-4474.344088400008,-5824.344088400008
2022-07-22,0.0,5824.344088400008,3000,0,0,0.0,0.0,0.0,0.0,0.0,0.0,4474.344088400008,30000.0,35824.34408840001,-5824.344088400008,-4474.344088400008,-5824.344088400008
2022-07-25,0.0,5824.344088400008,3000,0,0,0.0,0.0,0.0,0.0,0.0,0.0,4474.344088400008,29849.999999999996,35674.3440884,-5824.344088400005,-4474.344088400008,-5824.344088400008
2022-07-26,0.0,5824.344088400008,3000,0,0,0.0,0.0,0.0,0.0,0.0,0.0,4474.344088400008,30000.0,35824.34408840001,-5824.344088400008,-4474.344088400008,-5824.344088400008
2022-07-27,9905.100678800001,5824.344088400008,2000,0,0,0.0,15.019321200000002,0.0,0.0,0.0,0.0,4474.344088400008,29785.1006788,35644.34408840001,-5859.243409600007,5430.756590399993,4080.756590399993
2022-07-28,0.0,6034.524511400008,3000,0,0,0.0,5.1011018,0.0,0.0,0.0,210.1804229999998,4684.524511400008,30330.0,36364.524511400006,-6034.524511400006,-4684.524511400008,-6034.524511400008
2022-07-29,0.0,6034.524511400008,3000,0,0,0.0,0.0,0.0,0.0,0.0,0.0,4684.524511400008,30150.000000000004,36184.52451140001,-6034.52451140001,-4684.524511400008,-6034.524511400008
2022-08-01,0.0,6034.524511400008,3000,0,0,0.0,0.0,0.0,0.0,0.0,0.0,4684.524511400008,30180.0,36214.524511400006,-6034.524511400006,-4684.524511400008,-6034.524511400008
2022-08-02,9875.1909182,6034.524511400008,2000,0,0,0.0,14.989081800000001,0.0,0.0,0.0,0.0,4684.524511400008,29695.1909182,35764.524511400006,-6069.3335932000045,5190.666406799992,3840.666406799992
2022-08-03,110.61332340000081,6034.524511400008,3000,0,0,0.0,5.0975948,0.0,0.0,0.0,0.0,4684.524511400008,29270.613323400004,35194.52451140001,-5923.911188000009,-4573.911188000007,-5923.911188000007
2022-08-04,110.61332340000081,6034.524511400008,3000,0,0,0.0,0.0,0.0,0.0,0.0,0.0,4684.524511400008,29780.6133234,35704.524511400006,-5923.9111880000055,-4573.911188000007,-5923.911188000007
2022-08-05,1610.6133234000008,7534.524511400008,3000,0,0,250.0,0.0,0.0,1500.0,1500.0,0.0,4684.524511400008,30130.6133234,36304.524511400006,-6173.9111880000055,-3073.9111880000073,-5923.911188000007
2022-08-08,1610.6133234000008,7534.524511400008,3000,0,0,250.0,0.0,0.0,0.0,0.0,0.0,4684.524511400008,30220.613323399997,36394.524511400006,-6173.911188000009,-3073.9111880000073,-5923.911188000007
2022-08-09,1610.6133234000008,7534.524511400008,3000,0,0,250.0,0.0,0.0,0.0,0.0,0.0,4684.524511400008,30430.6133234,36604.524511400006,-6173.9111880000055,-3073.9111880000073,-5923.911188000007
2022-08-10,11096.8269548,7534.524511400008,2000,0,0,200.0,14.6463686,50.0,0.0,0.0,0.0,4684.524511400008,30036.826954800003,36244.524511400006,-6207.697556600004,6412.302443399993,3562.3024433999926
2022-08-11,1282.1488590000008,7534.524511400008,3000,0,0,200.0,5.0980958,0.0,0.0,0.0,0.0,4684.524511400008,30512.148859,36964.524511400006,-6452.3756524000055,-3402.3756524000073,-6252.375652400007
2022-08-12,1282.1488590000008,7534.524511400008,3000,0,0,200.0,0.0,0.0,0.0,0.0,0.0,4684.524511400008,30092.148859,36544.524511400006,-6452.3756524000055,-3402.3756524000073,-6252.375652400007
2022-08-15,1282.1488590000008,7534.524511400008,3000,0,0,200.0,0.0,0.0,0.0,0.0,0.0,4684.524511400008,29762.148859,36214.524511400006,-6452.3756524000055,-3402.3756524000073,-6252.375652400007
2022-08-16,1282.1488590000008,7534.524511400008,3000,0,0,200.0,0.0,0.0,0.0,0.0,0.0,4684.524511400008,29522.148859,35974.524511400006,-6452.3756524000055,-3402.3756524000073,-6252.375652400007
2022-08-17,1282.1488590000008,7534.524511400008,3000,0,0,200.0,0.0,0.0,0.0,0.0,0.0,4684.524511400008,30032.148859,36484.524511400006,-6452.3756524000055,-3402.3756524000073,-6252.375652400007
2022-08-18,1282.1488590000008,7534.524511400008,3000,0,0,200.0,0.0,0.0,0.0,0.0,0.0,4684.524511400008,29912.148859,36364.524511400006,-6452.3756524000055,-3402.3756524000073,-6252.375652400007
2022-08-19,10668.512889399999,7534.524511400008,2000,0,0,100.0,14.5959696,100.0,0.0,0.0,0.0,4684.524511400008,29608.5128894,36094.524511400006,-6486.011622000005,5983.988377999991,3133.988377999991
2022-08-22,1154.4377996000003,7534.524511400008,3000,0,0,100.0,5.0950898,0.0,0.0,0.0,0.0,4684.524511400008,29614.4377996,36094.524511400006,-6480.086711800006,-3530.086711800008,-6380.086711800008
2022-08-23,10461.0424684,7534.524511400008,2000,0,0,0.0,14.515331200000002,100.0,0.0,0.0,0.0,4684.524511400008,29341.042468400003,35854.524511400006,-6513.482043000004,5776.517956999993,2926.5179569999927
2022-08-24,1077.228681200002,7534.524511400008,3000,0,0,0.0,5.0937872,0.0,0.0,0.0,0.0,4684.524511400008,29187.2286812,35644.524511400006,-6457.295830200008,-3607.295830200006,-6457.295830200006
2022-08-25,1077.228681200002,7534.524511400008,3000,0,0,0.0,0.0,0.0,0.0,0.0,0.0,4684.524511400008,29007.228681200002,35464.524511400006,-6457.295830200004,-3607.295830200006,-6457.295830200006
2022-08-26,1077.228681200002,7534.524511400008,3000,0,0,0.0,0.0,0.0,0.0,0.0,0.0,4684.524511400008,29157.228681200002,35614.524511400006,-6457.295830200004,-3607.295830200006,-6457.295830200006
2022-08-29,1077.228681200002,7534.524511400008,3000,0,0,0.0,0.0,0.0,0.0,0.0,0.0,4684.524511400008,28797.228681200002,35254.524511400006,-6457.295830200004,-3607.295830200006,-6457.295830200006
2022-08-30,1077.228681200002,7534.524511400008,3000,0,0,0.0,0.0,0.0,0.0,0.0,0.0,4684.524511400008,28677.2286812,35134.524511400006,-6457.295830200008,-3607.295830200006,-6457.295830200006
2022-08-31,1077.228681200002,7534.524511400008,3000,0,0,0.0,0.0,0.0,0.0,0.0,0.0,4684.524511400008,28947.2286812,35404.524511400006,-6457.295830200008,-3607.295830200006,-6457.295830200006
2022-09-01,1077.228681200002,7534.524511400008,3000,0,0,0.0,0.0,0.0,0.0,0.0,0.0,4684.524511400008,28737.228681200006,35194.52451140001,-6457.295830200008,-3607.295830200006,-6457.295830200006
2022-09-02,1077.228681200002,7534.524511400008,3000,0,0,0.0,0.0,0.0,0.0,0.0,0.0,4684.524511400008,29007.228681200002,35464.524511400006,-6457.295830200004,-3607.295830200006,-6457.295830200006
2022-09-05,1077.228681200002,7534.524511400008,3000,0,0,0.0,0.0,0.0,0.0,0.0,0.0,4684.524511400008,29067.228681200002,35524.524511400006,-6457.295830200004,-3607.295830200006,-6457.295830200006
2022-09-06,10483.833350000003,7534.524511400008,2000,0,0,0.0,14.515331200000002,0.0,0.0,0.0,0.0,4684.524511400008,29363.83335,35854.524511400006,-6490.6911614000055,5799.3088385999945,2949.3088385999945
2022-09-07,1089.9994626000025,7534.524511400008,3000,0,0,0.0,5.0938874,0.0,0.0,0.0,0.0,4684.524511400008,29259.999462600004,35704.524511400006,-6444.525048800002,-3594.5250488000056,-6444.525048800006
2022-09-08,1089.9994626000025,7534.524511400008,3000,0,0,0.0,0.0,0.0,0.0,0.0,0.0,4684.524511400008,29409.999462600004,35854.524511400006,-6444.525048800002,-3594.5250488000056,-6444.525048800006
2022-09-09,1089.9994626000025,7534.524511400008,3000,0,0,0.0,0.0,0.0,0.0,0.0,0.0,4684.524511400008,29499.999462600004,35944.52451140001,-6444.525048800009,-3594.5250488000056,-6444.525048800006
2022-09-13,1089.9994626000025,7534.524511400008,3000,0,0,0.0,0.0,0.0,0.0,0.0,0.0,4684.524511400008,29559.999462600004,36004.524511400006,-6444.525048800002,-3594.5250488000056,-6444.525048800006
2022-09-14,1089.9994626000025,7534.524511400008,3000,0,0,0.0,0.0,0.0,0.0,0.0,0.0,4684.524511400008,29229.999462600004,35674.52451140001,-6444.525048800009,-3594.5250488000056,-6444.525048800006
2022-09-15,1089.9994626000025,7534.524511400008,3000,0,0,0.0,0.0,0.0,0.0,0.0,0.0,4684.524511400008,29229.999462600004,35674.52451140001,-6444.525048800009,-3594.5250488000056,-6444.525048800006
2022-09-16,1089.9994626000025,7534.524511400008,3000,0,0,0.0,0.0,0.0,0.0,0.0,0.0,4684.524511400008,28449.999462599997,34894.524511400006,-6444.525048800009,-3594.5250488000056,-6444.525048800006
2022-09-19,1089.9994626000025,7534.524511400008,3000,0,0,0.0,0.0,0.0,0.0,0.0,0.0,4684.524511400008,27759.999462600004,34204.524511400006,-6444.525048800002,-3594.5250488000056,-6444.525048800006
2022-09-20,1089.9994626000025,7534.524511400008,3000,0,0,0.0,0.0,0.0,0.0,0.0,0.0,4684.524511400008,27309.999462600004,33754.524511400006,-6444.525048800002,-3594.5250488000056,-6444.525048800006
2022-09-21,1089.9994626000025,7534.524511400008,3000,0,0,0.0,0.0,0.0,0.0,0.0,0.0,4684.524511400008,27339.999462600004,33784.524511400006,-6444.525048800002,-3594.5250488000056,-6444.525048800006
2022-09-22,1089.9994626000025,7534.524511400008,3000,0,0,0.0,0.0,0.0,0.0,0.0,0.0,4684.524511400008,27129.999462600004,33574.524511400006,-6444.525048800002,-3594.5250488000056,-6444.525048800006
2022-09-23,1089.9994626000025,7534.524511400008,3000,0,0,0.0,0.0,0.0,0.0,0.0,0.0,4684.524511400008,27159.999462600004,33604.524511400006,-6444.525048800002,-3594.5250488000056,-6444.525048800006
2022-09-26,1089.9994626000025,7534.524511400008,3000,0,0,0.0,0.0,0.0,0.0,0.0,0.0,4684.524511400008,26739.999462600004,33184.52451140001,-6444.525048800009,-3594.5250488000056,-6444.525048800006
2022-09-27,1089.9994626000025,7534.524511400008,3000,0,0,0.0,0.0,0.0,0.0,0.0,0.0,4684.524511400008,27039.999462600004,33484.524511400006,-6444.525048800002,-3594.5250488000056,-6444.525048800006
2022-09-28,9619.251153800002,7534.524511400008,2000,0,0,0.0,13.6283088,0.0,0.0,0.0,0.0,4684.524511400008,26739.251153800004,33214.524511400006,-6475.273357600003,4934.726642399994,2084.7266423999936
2022-09-29,1187.3468856000018,7534.524511400008,3000,0,0,0.0,5.0842682,0.0,0.0,0.0,0.0,4684.524511400008,26327.346885600004,32674.524511400014,-6347.17762580001,-3497.1776258000064,-6347.177625800006
2022-09-30,1187.3468856000018,7534.524511400008,3000,0,0,0.0,0.0,0.0,0.0,0.0,0.0,4684.524511400008,26747.346885600004,33094.524511400006,-6347.177625800003,-3497.1776258000064,-6347.177625800006
2022-10-10,1187.3468856000018,7534.524511400008,3000,0,0,0.0,0.0,0.0,0.0,0.0,0.0,4684.524511400008,25667.346885600004,32014.524511400006,-6347.177625800003,-3497.1776258000064,-6347.177625800006
2022-10-11,1187.3468856000018,7534.524511400008,3000,0,0,0.0,0.0,0.0,0.0,0.0,0.0,4684.524511400008,25727.346885600004,32074.524511400006,-6347.177625800003,-3497.1776258000064,-6347.177625800006
2022-10-12,1187.3468856000018,7534.524511400008,3000,0,0,0.0,0.0,0.0,0.0,0.0,0.0,4684.524511400008,26117.346885600004,32464.524511400006,-6347.177625800003,-3497.1776258000064,-6347.177625800006
2022-10-13,9507.2302526,7534.524511400008,2000,0,0,0.0,13.416633,0.0,0.0,0.0,0.0,4684.524511400008,26207.2302526,32584.524511400006,-6377.294258800008,4822.705741199992,1972.7057411999922
2022-10-14,1035.2455836000008,7534.524511400008,3000,0,0,0.0,5.084669,0.0,0.0,0.0,0.0,4684.524511400008,26355.2455836,32854.524511400006,-6499.2789278000055,-3649.2789278000073,-6499.278927800007
2022-10-17,1035.2455836000008,7534.524511400008,3000,0,0,0.0,0.0,0.0,0.0,0.0,0.0,4684.524511400008,26595.2455836,33094.524511400006,-6499.2789278000055,-3649.2789278000073,-6499.278927800007
2022-10-18,9504.6777536,7534.524511400008,2000,0,0,0.0,13.56783,0.0,0.0,0.0,0.0,4684.524511400008,26504.6777536,33034.524511400006,-6529.846757800005,4820.153242199993,1970.1532421999927
2022-10-19,1062.7533852000015,7534.524511400008,3000,0,0,0.0,5.0843684,0.0,0.0,0.0,0.0,4684.524511400008,26262.7533852,32734.524511400006,-6471.771126200005,-3621.7711262000066,-6471.771126200007
2022-10-20,1062.7533852000015,7534.524511400008,3000,0,0,0.0,0.0,0.0,0.0,0.0,0.0,4684.524511400008,26562.7533852,33034.524511400006,-6471.771126200005,-3621.7711262000066,-6471.771126200007
2022-10-21,1062.7533852000015,7534.524511400008,3000,0,0,0.0,0.0,0.0,0.0,0.0,0.0,4684.524511400008,26472.753385200005,32944.52451140001,-6471.771126200008,-3621.7711262000066,-6471.771126200007
2022-10-24,1062.7533852000015,7534.524511400008,3000,0,0,0.0,0.0,0.0,0.0,0.0,0.0,4684.524511400008,25932.753385199998,32404.524511400006,-6471.771126200008,-3621.7711262000066,-6471.771126200007
2022-10-25,1062.7533852000015,7534.524511400008,3000,0,0,0.0,0.0,0.0,0.0,0.0,0.0,4684.524511400008,26202.753385200005,32674.524511400014,-6471.771126200008,-3621.7711262000066,-6471.771126200007
2022-10-26,1062.7533852000015,7534.524511400008,3000,0,0,0.0,0.0,0.0,0.0,0.0,0.0,4684.524511400008,25962.753385200005,32434.524511400014,-6471.771126200008,-3621.7711262000066,-6471.771126200007
2022-10-27,1062.7533852000015,7534.524511400008,3000,0,0,0.0,0.0,0.0,0.0,0.0,0.0,4684.524511400008,26232.7533852,32704.524511400006,-6471.771126200005,-3621.7711262000066,-6471.771126200007
2022-10-28,1062.7533852000015,7534.524511400008,3000,0,0,0.0,0.0,0.0,0.0,0.0,0.0,4684.524511400008,25902.753385199998,32374.524511400006,-6471.771126200008,-3621.7711262000066,-6471.771126200007
2022-10-31,1062.7533852000015,7534.524511400008,3000,0,0,0.0,0.0,0.0,0.0,0.0,0.0,4684.524511400008,25662.753385199998,32134.524511400006,-6471.771126200008,-3621.7711262000066,-6471.771126200007
2022-11-01,1062.7533852000015,7534.524511400008,3000,0,0,0.0,0.0,0.0,0.0,0.0,0.0,4684.524511400008,26742.7533852,33214.524511400006,-6471.771126200005,-3621.7711262000066,-6471.771126200007
2022-11-02,1062.7533852000015,7534.524511400008,3000,0,0,0.0,0.0,0.0,0.0,0.0,0.0,4684.524511400008,27042.7533852,33514.524511400006,-6471.771126200005,-3621.7711262000066,-6471.771126200007
2022-11-03,1062.7533852000015,7534.524511400008,3000,0,0,0.0,0.0,0.0,0.0,0.0,0.0,4684.524511400008,26952.753385200005,33424.52451140001,-6471.771126200008,-3621.7711262000066,-6471.771126200007
2022-11-04,1062.7533852000015,7534.524511400008,3000,0,0,0.0,0.0,0.0,0.0,0.0,0.0,4684.524511400008,27132.7533852,33604.524511400006,-6471.771126200005,-3621.7711262000066,-6471.771126200007
2022-11-07,1062.7533852000015,7534.524511400008,3000,0,0,0.0,0.0,0.0,0.0,0.0,0.0,4684.524511400008,27132.7533852,33604.524511400006,-6471.771126200005,-3621.7711262000066,-6471.771126200007
2022-11-08,1062.7533852000015,7534.524511400008,3000,0,0,0.0,0.0,0.0,0.0,0.0,0.0,4684.524511400008,27222.753385200005,33694.52451140001,-6471.771126200008,-3621.7711262000066,-6471.771126200007
2022-11-09,9671.764438,7534.524511400008,2000,0,0,0.0,13.708947199999999,0.0,0.0,0.0,0.0,4684.524511400008,26951.764438,33454.524511400006,-6502.760073400008,4987.239926599992,2137.239926599992
2022-11-10,1009.3978651999987,7534.524511400008,3000,0,0,0.0,5.0865728,0.0,0.0,0.0,0.0,4684.524511400008,26869.397865199993,33394.524511400006,-6525.126646200013,-3675.1266462000094,-6525.126646200009
2022-11-11,1009.3978651999987,7534.524511400008,3000,0,0,0.0,0.0,0.0,0.0,0.0,0.0,4684.524511400008,27529.3978652,34054.524511400006,-6525.126646200006,-3675.1266462000094,-6525.126646200009
2022-11-14,1009.3978651999987,7534.524511400008,3000,0,0,0.0,0.0,0.0,0.0,0.0,0.0,4684.524511400008,27859.397865199993,34384.524511400006,-6525.126646200013,-3675.1266462000094,-6525.126646200009
2022-11-15,1009.3978651999987,7534.524511400008,3000,0,0,0.0,0.0,0.0,0.0,0.0,0.0,4684.524511400008,28159.3978652,34684.52451140001,-6525.126646200013,-3675.1266462000094,-6525.126646200009
2022-11-16,1009.3978651999987,7534.524511400008,3000,0,0,0.0,0.0,0.0,0.0,0.0,0.0,4684.524511400008,27979.3978652,34504.524511400006,-6525.126646200006,-3675.1266462000094,-6525.126646200009
2022-11-17,1009.3978651999987,7534.524511400008,3000,0,0,0.0,0.0,0.0,0.0,0.0,0.0,4684.524511400008,28039.3978652,34564.524511400006,-6525.126646200006,-3675.1266462000094,-6525.126646200009
2022-11-18,1009.3978651999987,7534.524511400008,3000,0,0,0.0,0.0,0.0,0.0,0.0,0.0,4684.524511400008,27859.397865199993,34384.524511400006,-6525.126646200013,-3675.1266462000094,-6525.126646200009
2022-11-21,1009.3978651999987,7534.524511400008,3000,0,0,0.0,0.0,0.0,0.0,0.0,0.0,4684.524511400008,28009.3978652,34534.524511400006,-6525.126646200006,-3675.1266462000094,-6525.126646200009
2022-11-22,1009.3978651999987,7534.524511400008,3000,0,0,0.0,0.0,0.0,0.0,0.0,0.0,4684.524511400008,28309.3978652,34834.524511400006,-6525.126646200006,-3675.1266462000094,-6525.126646200009
2022-11-23,1009.3978651999987,7534.524511400008,3000,0,0,0.0,0.0,0.0,0.0,0.0,0.0,4684.524511400008,28159.3978652,34684.52451140001,-6525.126646200013,-3675.1266462000094,-6525.126646200009
2022-11-24,1009.3978651999987,7534.524511400008,3000,0,0,0.0,0.0,0.0,0.0,0.0,0.0,4684.524511400008,27889.3978652,34414.52451140001,-6525.126646200013,-3675.1266462000094,-6525.126646200009
2022-11-25,1009.3978651999987,7534.524511400008,3000,0,0,0.0,0.0,0.0,0.0,0.0,0.0,4684.524511400008,28159.3978652,34684.52451140001,-6525.126646200013,-3675.1266462000094,-6525.126646200009
2022-11-28,1009.3978651999987,7534.524511400008,3000,0,0,0.0,0.0,0.0,0.0,0.0,0.0,4684.524511400008,27289.3978652,33814.524511400006,-6525.126646200006,-3675.1266462000094,-6525.126646200009
2022-11-29,1009.3978651999987,7534.524511400008,3000,0,0,0.0,0.0,0.0,0.0,0.0,0.0,4684.524511400008,28339.3978652,34864.524511400006,-6525.126646200006,-3675.1266462000094,-6525.126646200009
2022-11-30,1009.3978651999987,7534.524511400008,3000,0,0,0.0,0.0,0.0,0.0,0.0,0.0,4684.524511400008,28459.3978652,34984.524511400006,-6525.126646200006,-3675.1266462000094,-6525.126646200009
2022-12-01,1009.3978651999987,7534.524511400008,3000,0,0,0.0,0.0,0.0,0.0,0.0,0.0,4684.524511400008,28579.3978652,35104.524511400006,-6525.126646200006,-3675.1266462000094,-6525.126646200009
2022-12-02,1009.3978651999987,7534.524511400008,3000,0,0,0.0,0.0,0.0,0.0,0.0,0.0,4684.524511400008,28429.3978652,34954.524511400006,-6525.126646200006,-3675.1266462000094,-6525.126646200009
2022-12-05,1009.3978651999987,7534.524511400008,3000,0,0,0.0,0.0,0.0,0.0,0.0,0.0,4684.524511400008,28849.397865199993,35374.524511400006,-6525.126646200013,-3675.1266462000094,-6525.126646200009
2022-12-06,1009.3978651999987,7534.524511400008,3000,0,0,0.0,0.0,0.0,0.0,0.0,0.0,4684.524511400008,29329.3978652,35854.524511400006,-6525.126646200006,-3675.1266462000094,-6525.126646200009
2022-12-07,1009.3978651999987,7534.524511400008,3000,0,0,0.0,0.0,0.0,0.0,0.0,0.0,4684.524511400008,29269.3978652,35794.524511400006,-6525.126646200006,-3675.1266462000094,-6525.126646200009
2022-12-08,1009.3978651999987,7534.524511400008,3000,0,0,0.0,0.0,0.0,0.0,0.0,0.0,4684.524511400008,29269.3978652,35794.524511400006,-6525.126646200006,-3675.1266462000094,-6525.126646200009
2022-12-09,1009.3978651999987,7534.524511400008,3000,0,0,0.0,0.0,0.0,0.0,0.0,0.0,4684.524511400008,29389.3978652,35914.52451140001,-6525.126646200013,-3675.1266462000094,-6525.126646200009
2022-12-12,10435.942374399998,7534.524511400008,2000,0,0,0.0,14.5354908,0.0,0.0,0.0,0.0,4684.524511400008,29355.942374399998,35914.52451140001,-6558.582137000016,5751.41786299999,2901.4178629999897
2022-12-13,971.967785599998,7534.524511400008,3000,0,0,0.0,5.0945888,0.0,0.0,0.0,0.0,4684.524511400008,29321.967785599994,35884.524511400006,-6562.556725800012,-3712.55672580001,-6562.55672580001
2022-12-14,971.967785599998,7534.524511400008,3000,0,0,0.0,0.0,0.0,0.0,0.0,0.0,4684.524511400008,29231.967785599998,35794.524511400006,-6562.556725800008,-3712.55672580001,-6562.55672580001
2022-12-15,971.967785599998,7534.524511400008,3000,0,0,0.0,0.0,0.0,0.0,0.0,0.0,4684.524511400008,29351.9677856,35914.52451140001,-6562.556725800012,-3712.55672580001,-6562.55672580001
2022-12-16,971.967785599998,7534.524511400008,3000,0,0,0.0,0.0,0.0,0.0,0.0,0.0,4684.524511400008,29471.967785599998,36034.524511400006,-6562.556725800008,-3712.55672580001,-6562.55672580001
2022-12-19,10308.783012999998,7534.524511400008,2000,0,0,0.0,14.4447726,0.0,0.0,0.0,0.0,4684.524511400008,29048.783013,35644.524511400006,-6595.741498400006,5624.25850159999,2774.2585015999903
2022-12-20,985.089826999998,7534.524511400008,3000,0,0,0.0,5.093186,0.0,0.0,0.0,0.0,4684.524511400008,28855.089826999996,35404.524511400006,-6549.43468440001,-3699.43468440001,-6549.43468440001
2022-12-21,985.089826999998,7534.524511400008,3000,0,0,0.0,0.0,0.0,0.0,0.0,0.0,4684.524511400008,29035.089826999996,35584.524511400006,-6549.43468440001,-3699.43468440001,-6549.43468440001
2022-12-22,985.089826999998,7534.524511400008,3000,0,0,0.0,0.0,0.0,0.0,0.0,0.0,4684.524511400008,28855.089826999996,35404.524511400006,-6549.43468440001,-3699.43468440001,-6549.43468440001
2022-12-23,985.089826999998,7534.524511400008,3000,0,0,0.0,0.0,0.0,0.0,0.0,0.0,4684.524511400008,28525.089826999996,35074.524511400006,-6549.43468440001,-3699.43468440001,-6549.43468440001
2022-12-26,985.089826999998,7534.524511400008,3000,0,0,0.0,0.0,0.0,0.0,0.0,0.0,4684.524511400008,28465.089826999996,35014.524511400006,-6549.43468440001,-3699.43468440001,-6549.43468440001
2022-12-27,985.089826999998,7534.524511400008,3000,0,0,0.0,0.0,0.0,0.0,0.0,0.0,4684.524511400008,28615.089827000003,35164.52451140001,-6549.43468440001,-3699.43468440001,-6549.43468440001
2022-12-28,985.089826999998,7534.524511400008,3000,0,0,0.0,0.0,0.0,0.0,0.0,0.0,4684.524511400008,28495.089826999996,35044.524511400006,-6549.43468440001,-3699.43468440001,-6549.43468440001
2022-12-29,985.089826999998,7534.524511400008,3000,0,0,0.0,0.0,0.0,0.0,0.0,0.0,4684.524511400008,28195.089826999996,34744.524511400006,-6549.43468440001,-3699.43468440001,-6549.43468440001
2022-12-30,985.089826999998,7534.524511400008,3000,0,0,0.0,0.0,0.0,0.0,0.0,0.0,4684.524511400008,28525.089826999996,35074.524511400006,-6549.43468440001,-3699.43468440001,-6549.43468440001
2023-01-03,985.089826999998,7534.524511400008,3000,0,0,0.0,0.0,0.0,0.0,0.0,0.0,4684.524511400008,28915.089826999996,35464.524511400006,-6549.43468440001,-3699.43468440001,-6549.43468440001
2023-01-04,985.089826999998,7534.524511400008,3000,0,0,0.0,0.0,0.0,0.0,0.0,0.0,4684.524511400008,29035.089826999996,35584.524511400006,-6549.43468440001,-3699.43468440001,-6549.43468440001
2023-01-05,985.089826999998,7534.524511400008,3000,0,0,0.0,0.0,0.0,0.0,0.0,0.0,4684.524511400008,29455.089826999996,36004.524511400006,-6549.43468440001,-3699.43468440001,-6549.43468440001
2023-01-06,985.089826999998,7534.524511400008,3000,0,0,0.0,0.0,0.0,0.0,0.0,0.0,4684.524511400008,29125.089827000003,35674.52451140001,-6549.43468440001,-3699.43468440001,-6549.43468440001
2023-01-09,985.089826999998,7534.524511400008,3000,0,0,0.0,0.0,0.0,0.0,0.0,0.0,4684.524511400008,29515.089826999996,36064.524511400006,-6549.43468440001,-3699.43468440001,-6549.43468440001
2023-01-10,985.089826999998,7534.524511400008,3000,0,0,0.0,0.0,0.0,0.0,0.0,0.0,4684.524511400008,29185.089826999996,35734.524511400006,-6549.43468440001,-3699.43468440001,-6549.43468440001
2023-01-11,985.089826999998,7534.524511400008,3000,0,0,0.0,0.0,0.0,0.0,0.0,0.0,4684.524511400008,29065.089826999996,35614.524511400006,-6549.43468440001,-3699.43468440001,-6549.43468440001
2023-01-12,985.089826999998,7534.524511400008,3000,0,0,0.0,0.0,0.0,0.0,0.0,0.0,4684.524511400008,28945.089826999996,35494.524511400006,-6549.43468440001,-3699.43468440001,-6549.43468440001
2023-01-13,985.089826999998,7534.524511400008,3000,0,0,0.0,0.0,0.0,0.0,0.0,0.0,4684.524511400008,29275.089826999996,35824.524511400006,-6549.43468440001,-3699.43468440001,-6549.43468440001
2023-01-16,10451.514016999998,7534.524511400008,2000,0,0,0.0,14.57581,0.0,0.0,0.0,0.0,4684.524511400008,29451.514016999998,36034.524511400006,-6583.010494400009,5766.98950559999,2916.9895055999896
2023-01-17,917.3987267999964,7534.524511400008,3000,0,0,0.0,5.0952902,0.0,0.0,0.0,0.0,4684.524511400008,29477.3987268,36094.524511400006,-6617.125784600008,-3767.1257846000117,-6617.125784600012
2023-01-18,917.3987267999964,7534.524511400008,3000,0,0,0.0,0.0,0.0,0.0,0.0,0.0,4684.524511400008,29507.39872679999,36124.524511400006,-6617.125784600015,-3767.1257846000117,-6617.125784600012
2023-01-19,917.3987267999964,7534.524511400008,3000,0,0,0.0,0.0,0.0,0.0,0.0,0.0,4684.524511400008,29507.39872679999,36124.524511400006,-6617.125784600015,-3767.1257846000117,-6617.125784600012
2023-01-20,917.3987267999964,7534.524511400008,3000,0,0,0.0,0.0,0.0,0.0,0.0,0.0,4684.524511400008,29507.39872679999,36124.524511400006,-6617.125784600015,-3767.1257846000117,-6617.125784600012
2023-01-30,917.3987267999964,7534.524511400008,3000,0,0,0.0,0.0,0.0,0.0,0.0,0.0,4684.524511400008,29837.3987268,36454.524511400006,-6617.125784600008,-3767.1257846000117,-6617.125784600012
2023-01-31,917.3987267999964,7534.524511400008,3000,0,0,0.0,0.0,0.0,0.0,0.0,0.0,4684.524511400008,29447.3987268,36064.524511400006,-6617.125784600008,-3767.1257846000117,-6617.125784600012
2023-02-01,917.3987267999964,7534.524511400008,3000,0,0,0.0,0.0,0.0,0.0,0.0,0.0,4684.524511400008,29657.3987268,36274.524511400006,-6617.125784600008,-3767.1257846000117,-6617.125784600012
2023-02-02,917.3987267999964,7534.524511400008,3000,0,0,0.0,0.0,0.0,0.0,0.0,0.0,4684.524511400008,29567.3987268,36184.52451140001,-6617.125784600015,-3767.1257846000117,-6617.125784600012
2023-02-03,917.3987267999964,7534.524511400008,3000,0,0,0.0,0.0,0.0,0.0,0.0,0.0,4684.524511400008,28997.3987268,35614.524511400006,-6617.125784600008,-3767.1257846000117,-6617.125784600012
2023-02-06,917.3987267999964,7534.524511400008,3000,0,0,0.0,0.0,0.0,0.0,0.0,0.0,4684.524511400008,28907.3987268,35524.524511400006,-6617.125784600008,-3767.1257846000117,-6617.125784600012
2023-02-07,917.3987267999964,7534.524511400008,3000,0,0,0.0,0.0,0.0,0.0,0.0,0.0,4684.524511400008,28727.3987268,35344.524511400006,-6617.125784600008,-3767.1257846000117,-6617.125784600012
2023-02-08,917.3987267999964,7534.524511400008,3000,0,0,0.0,0.0,0.0,0.0,0.0,0.0,4684.524511400008,28697.3987268,35314.524511400006,-6617.125784600008,-3767.1257846000117,-6617.125784600012
2023-02-09,917.3987267999964,7534.524511400008,3000,0,0,0.0,0.0,0.0,0.0,0.0,0.0,4684.524511400008,29267.39872679999,35884.524511400006,-6617.125784600015,-3767.1257846000117,-6617.125784600012
2023-02-10,917.3987267999964,7534.524511400008,3000,0,0,0.0,0.0,0.0,0.0,0.0,0.0,4684.524511400008,30257.39872679999,36874.524511400006,-6617.125784600015,-3767.1257846000117,-6617.125784600012
2023-02-13,917.3987267999964,7534.524511400008,3000,0,0,0.0,0.0,0.0,0.0,0.0,0.0,4684.524511400008,29897.3987268,36514.524511400006,-6617.125784600008,-3767.1257846000117,-6617.125784600012
2023-02-14,917.3987267999964,7534.524511400008,3000,0,0,0.0,0.0,0.0,0.0,0.0,0.0,4684.524511400008,30017.39872679999,36634.524511400006,-6617.125784600015,-3767.1257846000117,-6617.125784600012
2023-02-15,917.3987267999964,7534.524511400008,3000,0,0,0.0,0.0,0.0,0.0,0.0,0.0,4684.524511400008,31067.3987268,37684.52451140001,-6617.125784600015,-3767.1257846000117,-6617.125784600012
2023-02-16,917.3987267999964,7534.524511400008,3000,0,0,0.0,0.0,0.0,0.0,0.0,0.0,4684.524511400008,30587.3987268,37204.524511400006,-6617.125784600008,-3767.1257846000117,-6617.125784600012
2023-02-17,917.3987267999964,7534.524511400008,3000,0,0,0.0,0.0,0.0,0.0,0.0,0.0,4684.524511400008,30047.3987268,36664.52451140001,-6617.125784600015,-3767.1257846000117,-6617.125784600012
2023-02-20,917.3987267999964,7534.524511400008,3000,0,0,0.0,0.0,0.0,0.0,0.0,0.0,4684.524511400008,30647.3987268,37264.524511400006,-6617.125784600008,-3767.1257846000117,-6617.125784600012
2023-02-21,10762.679884399997,7534.524511400008,2000,0,0,0.0,14.9588424,0.0,0.0,0.0,0.0,4684.524511400008,30522.679884399997,37174.52451140001,-6651.844627000017,6078.155372999989,3228.1553729999887
2023-02-22,978.062089199997,7534.524511400008,3000,0,0,0.0,5.0977952,0.0,0.0,0.0,0.0,4684.524511400008,30228.062089199997,36784.524511400006,-6556.462422200009,-3706.462422200011,-6556.462422200011
2023-02-23,978.062089199997,7534.524511400008,3000,0,0,0.0,0.0,0.0,0.0,0.0,0.0,4684.524511400008,30078.062089199993,36634.524511400006,-6556.462422200013,-3706.462422200011,-6556.462422200011
2023-02-24,978.062089199997,7534.524511400008,3000,0,0,0.0,0.0,0.0,0.0,0.0,0.0,4684.524511400008,29838.062089199993,36394.524511400006,-6556.462422200013,-3706.462422200011,-6556.462422200011
2023-02-27,978.062089199997,7534.524511400008,3000,0,0,0.0,0.0,0.0,0.0,0.0,0.0,4684.524511400008,29538.062089199997,36094.524511400006,-6556.462422200009,-3706.462422200011,-6556.462422200011
2023-02-28,978.062089199997,7534.524511400008,3000,0,0,0.0,0.0,0.0,0.0,0.0,0.0,4684.524511400008,29778.062089199997,36334.524511400006,-6556.462422200009,-3706.462422200011,-6556.462422200011
2023-03-01,978.062089199997,7534.524511400008,3000,0,0,0.0,0.0,0.0,0.0,0.0,0.0,4684.524511400008,30858.0620892,37414.52451140001,-6556.462422200013,-3706.462422200011,-6556.462422200011
2023-03-02,978.062089199997,7534.524511400008,3000,0,0,0.0,0.0,0.0,0.0,0.0,0.0,4684.524511400008,31998.062089199997,38554.524511400006,-6556.462422200009,-3706.462422200011,-6556.462422200011
2023-03-03,978.062089199997,7534.524511400008,3000,0,0,0.0,0.0,0.0,0.0,0.0,0.0,4684.524511400008,35088.0620892,41644.524511400006,-6556.462422200006,-3706.462422200011,-6556.462422200011
2023-03-06,978.062089199997,7534.524511400008,3000,0,0,0.0,0.0,0.0,0.0,0.0,0.0,4684.524511400008,34158.0620892,40714.524511400006,-6556.462422200006,-3706.462422200011,-6556.462422200011
2023-03-07,978.062089199997,7534.524511400008,3000,0,0,0.0,0.0,0.0,0.0,0.0,0.0,4684.524511400008,32508.062089199997,39064.524511400006,-6556.462422200009,-3706.462422200011,-6556.462422200011
2023-03-08,978.062089199997,7534.524511400008,3000,0,0,0.0,0.0,0.0,0.0,0.0,0.0,4684.524511400008,32688.062089199997,39244.524511400006,-6556.462422200009,-3706.462422200011,-6556.462422200011
2023-03-09,978.062089199997,7534.524511400008,3000,0,0,0.0,0.0,0.0,0.0,0.0,0.0,4684.524511400008,34428.0620892,40984.524511400006,-6556.462422200006,-3706.462422200011,-6556.462422200011
2023-03-10,978.062089199997,7534.524511400008,3000,0,0,0.0,0.0,0.0,0.0,0.0,0.0,4684.524511400008,33528.0620892,40084.524511400006,-6556.462422200006,-3706.462422200011,-6556.462422200011
2023-03-13,978.062089199997,7534.524511400008,3000,0,0,0.0,0.0,0.0,0.0,0.0,0.0,4684.524511400008,35808.0620892,42364.524511400006,-6556.462422200006,-3706.462422200011,-6556.462422200011
2023-03-14,978.062089199997,7534.524511400008,3000,0,0,0.0,0.0,0.0,0.0,0.0,0.0,4684.524511400008,36258.0620892,42814.524511400006,-6556.462422200006,-3706.462422200011,-6556.462422200011
2023-03-15,978.062089199997,7534.524511400008,3000,0,0,0.0,0.0,0.0,0.0,0.0,0.0,4684.524511400008,37188.0620892,43744.524511400006,-6556.462422200006,-3706.462422200011,-6556.462422200011
2023-03-16,978.062089199997,7534.524511400008,3000,0,0,0.0,0.0,0.0,0.0,0.0,0.0,4684.524511400008,38028.0620892,44584.524511400006,-6556.462422200006,-3706.462422200011,-6556.462422200011
2023-03-17,978.062089199997,7534.524511400008,3000,0,0,0.0,0.0,0.0,0.0,0.0,0.0,4684.524511400008,41748.0620892,48304.524511400006,-6556.462422200006,-3706.462422200011,-6556.462422200011
2023-03-20,978.062089199997,7534.524511400008,3000,0,0,0.0,0.0,0.0,0.0,0.0,0.0,4684.524511400008,45618.0620892,52174.524511400006,-6556.462422200006,-3706.462422200011,-6556.462422200011
2023-03-21,978.062089199997,7534.524511400008,3000,0,0,0.0,0.0,0.0,0.0,0.0,0.0,4684.524511400008,44778.0620892,51334.524511400006,-6556.462422200006,-3706.462422200011,-6556.462422200011
2023-03-22,978.062089199997,7534.524511400008,3000,0,0,0.0,0.0,0.0,0.0,0.0,0.0,4684.524511400008,49158.062089199986,55714.5245114,-6556.462422200013,-3706.462422200011,-6556.462422200011
2023-03-23,978.062089199997,7534.524511400008,3000,0,0,0.0,0.0,0.0,0.0,0.0,0.0,4684.524511400008,51948.062089199986,58504.5245114,-6556.462422200013,-3706.462422200011,-6556.462422200011
2023-03-24,978.062089199997,7534.524511400008,3000,0,0,0.0,0.0,0.0,0.0,0.0,0.0,4684.524511400008,53958.0620892,60514.524511400006,-6556.462422200006,-3706.462422200011,-6556.462422200011
2023-03-27,978.062089199997,7534.524511400008,3000,0,0,0.0,0.0,0.0,0.0,0.0,0.0,4684.524511400008,53868.0620892,60424.524511400006,-6556.462422200006,-3706.462422200011,-6556.462422200011
2023-03-28,978.062089199997,7534.524511400008,3000,0,0,0.0,0.0,0.0,0.0,0.0,0.0,4684.524511400008,50328.0620892,56884.524511400006,-6556.462422200006,-3706.462422200011,-6556.462422200011
2023-03-29,978.062089199997,7534.524511400008,3000,0,0,0.0,0.0,0.0,0.0,0.0,0.0,4684.524511400008,49458.0620892,56014.524511400006,-6556.462422200006,-3706.462422200011,-6556.462422200011
2023-03-30,978.062089199997,7534.524511400008,3000,0,0,0.0,0.0,0.0,0.0,0.0,0.0,4684.524511400008,51618.0620892,58174.524511400006,-6556.462422200006,-3706.462422200011,-6556.462422200011
2023-03-31,978.062089199997,7534.524511400008,3000,0,0,0.0,0.0,0.0,0.0,0.0,0.0,4684.524511400008,52638.0620892,59194.524511400006,-6556.462422200006,-3706.462422200011,-6556.462422200011
2023-04-03,978.062089199997,7534.524511400008,3000,0,0,0.0,0.0,0.0,0.0,0.0,0.0,4684.524511400008,54258.0620892,60814.52451140001,-6556.462422200013,-3706.462422200011,-6556.462422200011
2023-04-04,978.062089199997,7534.524511400008,3000,0,0,0.0,0.0,0.0,0.0,0.0,0.0,4684.524511400008,53208.0620892,59764.524511400006,-6556.462422200006,-3706.462422200011,-6556.462422200011
2023-04-06,978.062089199997,7534.524511400008,3000,0,0,0.0,0.0,0.0,0.0,0.0,0.0,4684.524511400008,57978.0620892,64534.524511400006,-6556.462422200006,-3706.462422200011,-6556.462422200011
2023-04-07,978.062089199997,7534.524511400008,3000,0,0,0.0,0.0,0.0,0.0,0.0,0.0,4684.524511400008,56088.0620892,62644.524511400006,-6556.462422200006,-3706.462422200011,-6556.462422200011
2023-04-10,978.062089199997,7534.524511400008,3000,0,0,0.0,0.0,0.0,0.0,0.0,0.0,4684.524511400008,53388.0620892,59944.524511400006,-6556.462422200006,-3706.462422200011,-6556.462422200011
2023-04-11,978.062089199997,7534.524511400008,3000,0,0,0.0,0.0,0.0,0.0,0.0,0.0,4684.524511400008,53028.0620892,59584.52451140001,-6556.462422200013,-3706.462422200011,-6556.462422200011
2023-04-12,978.062089199997,7534.524511400008,3000,0,0,0.0,0.0,0.0,0.0,0.0,0.0,4684.524511400008,56238.0620892,62794.52451140001,-6556.462422200013,-3706.462422200011,-6556.462422200011
2023-04-13,978.062089199997,7534.524511400008,3000,0,0,0.0,0.0,0.0,0.0,0.0,0.0,4684.524511400008,53958.0620892,60514.524511400006,-6556.462422200006,-3706.462422200011,-6556.462422200011
2023-04-14,978.062089199997,7534.524511400008,3000,0,0,0.0,0.0,0.0,0.0,0.0,0.0,4684.524511400008,55188.0620892,61744.524511400006,-6556.462422200006,-3706.462422200011,-6556.462422200011
2023-04-17,978.062089199997,7534.524511400008,3000,0,0,0.0,0.0,0.0,0.0,0.0,0.0,4684.524511400008,54768.0620892,61324.524511400006,-6556.462422200006,-3706.462422200011,-6556.462422200011
2023-04-18,978.062089199997,7534.524511400008,3000,0,0,0.0,0.0,0.0,0.0,0.0,0.0,4684.524511400008,58548.0620892,65104.52451140001,-6556.462422200013,-3706.462422200011,-6556.462422200011
2023-04-19,978.062089199997,7534.524511400008,3000,0,0,0.0,0.0,0.0,0.0,0.0,0.0,4684.524511400008,52788.0620892,59344.524511400006,-6556.462422200006,-3706.462422200011,-6556.462422200011
2023-04-20,978.062089199997,7534.524511400008,3000,0,0,0.0,0.0,0.0,0.0,0.0,0.0,4684.524511400008,57978.0620892,64534.524511400006,-6556.462422200006,-3706.462422200011,-6556.462422200011
2023-04-21,978.062089199997,7534.524511400008,3000,0,0,0.0,0.0,0.0,0.0,0.0,0.0,4684.524511400008,57348.0620892,63904.524511400006,-6556.462422200006,-3706.462422200011,-6556.462422200011
2023-04-24,978.062089199997,7534.524511400008,3000,0,0,0.0,0.0,0.0,0.0,0.0,0.0,4684.524511400008,55968.062089199986,62524.5245114,-6556.462422200013,-3706.462422200011,-6556.462422200011
2023-04-25,978.062089199997,7534.524511400008,3000,0,0,0.0,0.0,0.0,0.0,0.0,0.0,4684.524511400008,56478.0620892,63034.524511400006,-6556.462422200006,-3706.462422200011,-6556.462422200011
2023-04-26,978.062089199997,7534.524511400008,3000,0,0,0.0,0.0,0.0,0.0,0.0,0.0,4684.524511400008,50928.062089199986,57484.5245114,-6556.462422200013,-3706.462422200011,-6556.462422200011
2023-04-27,978.062089199997,7534.524511400008,3000,0,0,0.0,0.0,0.0,0.0,0.0,0.0,4684.524511400008,49278.0620892,55834.52451140001,-6556.462422200013,-3706.462422200011,-6556.462422200011
2023-04-28,978.062089199997,7534.524511400008,3000,0,0,0.0,0.0,0.0,0.0,0.0,0.0,4684.524511400008,49338.0620892,55894.524511400006,-6556.462422200006,-3706.462422200011,-6556.462422200011
2023-05-04,978.062089199997,7534.524511400008,3000,0,0,0.0,0.0,0.0,0.0,0.0,0.0,4684.524511400008,47118.0620892,53674.524511400006,-6556.462422200006,-3706.462422200011,-6556.462422200011
2023-05-05,978.062089199997,7534.524511400008,3000,0,0,0.0,0.0,0.0,0.0,0.0,0.0,4684.524511400008,45288.0620892,51844.524511400006,-6556.462422200006,-3706.462422200011,-6556.462422200011
2023-05-08,978.062089199997,7534.524511400008,3000,0,0,0.0,0.0,0.0,0.0,0.0,0.0,4684.524511400008,45018.0620892,51574.524511400006,-6556.462422200006,-3706.462422200011,-6556.462422200011
2023-05-09,978.062089199997,7534.524511400008,3000,0,0,0.0,0.0,0.0,0.0,0.0,0.0,4684.524511400008,45078.0620892,51634.524511400006,-6556.462422200006,-3706.462422200011,-6556.462422200011
2023-05-10,978.062089199997,7534.524511400008,3000,0,0,0.0,0.0,0.0,0.0,0.0,0.0,4684.524511400008,44778.0620892,51334.524511400006,-6556.462422200006,-3706.462422200011,-6556.462422200011
2023-05-11,978.062089199997,7534.524511400008,3000,0,0,0.0,0.0,0.0,0.0,0.0,0.0,4684.524511400008,44358.0620892,50914.524511400006,-6556.462422200006,-3706.462422200011,-6556.462422200011
2023-05-12,978.062089199997,7534.524511400008,3000,0,0,0.0,0.0,0.0,0.0,0.0,0.0,4684.524511400008,44058.0620892,50614.524511400006,-6556.462422200006,-3706.462422200011,-6556.462422200011
2023-05-15,978.062089199997,7534.524511400008,3000,0,0,0.0,0.0,0.0,0.0,0.0,0.0,4684.524511400008,46338.0620892,52894.524511400006,-6556.462422200006,-3706.462422200011,-6556.462422200011
2023-05-16,978.062089199997,7534.524511400008,3000,0,0,0.0,0.0,0.0,0.0,0.0,0.0,4684.524511400008,45318.0620892,51874.524511400006,-6556.462422200006,-3706.462422200011,-6556.462422200011
2023-05-17,978.062089199997,7534.524511400008,3000,0,0,0.0,0.0,0.0,0.0,0.0,0.0,4684.524511400008,47628.0620892,54184.524511400006,-6556.462422200006,-3706.462422200011,-6556.462422200011
2023-05-18,978.062089199997,7534.524511400008,3000,0,0,0.0,0.0,0.0,0.0,0.0,0.0,4684.524511400008,50028.0620892,56584.52451140001,-6556.462422200013,-3706.462422200011,-6556.462422200011
2023-05-19,978.062089199997,7534.524511400008,3000,0,0,0.0,0.0,0.0,0.0,0.0,0.0,4684.524511400008,49458.0620892,56014.524511400006,-6556.462422200006,-3706.462422200011,-6556.462422200011
2023-05-22,978.062089199997,7534.524511400008,3000,0,0,0.0,0.0,0.0,0.0,0.0,0.0,4684.524511400008,47208.0620892,53764.524511400006,-6556.462422200006,-3706.462422200011,-6556.462422200011
2023-05-23,978.062089199997,7534.524511400008,3000,0,0,0.0,0.0,0.0,0.0,0.0,0.0,4684.524511400008,46668.0620892,53224.524511400006,-6556.462422200006,-3706.462422200011,-6556.462422200011
2023-05-24,978.062089199997,7534.524511400008,3000,0,0,0.0,0.0,0.0,0.0,0.0,0.0,4684.524511400008,45438.0620892,51994.524511400006,-6556.462422200006,-3706.462422200011,-6556.462422200011
2023-05-25,978.062089199997,7534.524511400008,3000,0,0,0.0,0.0,0.0,0.0,0.0,0.0,4684.524511400008,49878.0620892,56434.524511400006,-6556.462422200006,-3706.462422200011,-6556.462422200011
2023-05-26,978.062089199997,7534.524511400008,3000,0,0,0.0,0.0,0.0,0.0,0.0,0.0,4684.524511400008,51348.0620892,57904.524511400006,-6556.462422200006,-3706.462422200011,-6556.462422200011
2023-05-29,978.062089199997,7534.524511400008,3000,0,0,0.0,0.0,0.0,0.0,0.0,0.0,4684.524511400008,54678.062089199986,61234.5245114,-6556.462422200013,-3706.462422200011,-6556.462422200011
2023-05-30,978.062089199997,7534.524511400008,3000,0,0,0.0,0.0,0.0,0.0,0.0,0.0,4684.524511400008,55068.0620892,61624.524511400006,-6556.462422200006,-3706.462422200011,-6556.462422200011
2023-05-31,978.062089199997,7534.524511400008,3000,0,0,0.0,0.0,0.0,0.0,0.0,0.0,4684.524511400008,55128.0620892,61684.524511400006,-6556.462422200006,-3706.462422200011,-6556.462422200011
2023-06-01,978.062089199997,7534.524511400008,3000,0,0,0.0,0.0,0.0,0.0,0.0,0.0,4684.524511400008,54738.0620892,61294.52451140001,-6556.462422200013,-3706.462422200011,-6556.462422200011
2023-06-02,978.062089199997,7534.524511400008,3000,0,0,0.0,0.0,0.0,0.0,0.0,0.0,4684.524511400008,54468.062089199986,61024.5245114,-6556.462422200013,-3706.462422200011,-6556.462422200011
2023-06-05,978.062089199997,7534.524511400008,3000,0,0,0.0,0.0,0.0,0.0,0.0,0.0,4684.524511400008,57768.0620892,64324.524511400006,-6556.462422200006,-3706.462422200011,-6556.462422200011
2023-06-06,978.062089199997,7534.524511400008,3000,0,0,0.0,0.0,0.0,0.0,0.0,0.0,4684.524511400008,55638.0620892,62194.524511400006,-6556.462422200006,-3706.462422200011,-6556.462422200011
2023-06-07,978.062089199997,7534.524511400008,3000,0,0,0.0,0.0,0.0,0.0,0.0,0.0,4684.524511400008,55068.0620892,61624.524511400006,-6556.462422200006,-3706.462422200011,-6556.462422200011
2023-06-08,978.062089199997,7534.524511400008,3000,0,0,0.0,0.0,0.0,0.0,0.0,0.0,4684.524511400008,54528.0620892,61084.52451140001,-6556.462422200013,-3706.462422200011,-6556.462422200011
2023-06-09,978.062089199997,7534.524511400008,3000,0,0,0.0,0.0,0.0,0.0,0.0,0.0,4684.524511400008,59898.0620892,66454.52451140001,-6556.462422200013,-3706.462422200011,-6556.462422200011
2023-06-12,978.062089199997,7534.524511400008,3000,0,0,0.0,0.0,0.0,0.0,0.0,0.0,4684.524511400008,65028.0620892,71584.52451140001,-6556.462422200013,-3706.462422200011,-6556.462422200011
2023-06-13,978.062089199997,7534.524511400008,3000,0,0,0.0,0.0,0.0,0.0,0.0,0.0,4684.524511400008,67038.0620892,73594.52451140001,-6556.462422200013,-3706.462422200011,-6556.462422200011
2023-06-14,978.062089199997,7534.524511400008,3000,0,0,0.0,0.0,0.0,0.0,0.0,0.0,4684.524511400008,69348.0620892,75904.52451140001,-6556.462422200013,-3706.462422200011,-6556.462422200011
2023-06-15,978.062089199997,7534.524511400008,3000,0,0,0.0,0.0,0.0,0.0,0.0,0.0,4684.524511400008,68898.0620892,75454.52451140001,-6556.462422200013,-3706.462422200011,-6556.462422200011
2023-06-16,978.062089199997,7534.524511400008,3000,0,0,0.0,0.0,0.0,0.0,0.0,0.0,4684.524511400008,73158.0620892,79714.52451140001,-6556.462422200013,-3706.462422200011,-6556.462422200011
2023-06-19,978.062089199997,7534.524511400008,3000,0,0,0.0,0.0,0.0,0.0,0.0,0.0,4684.524511400008,80358.0620892,86914.52451140001,-6556.462422200013,-3706.462422200011,-6556.462422200011
2023-06-20,978.062089199997,7534.524511400008,3000,0,0,0.0,0.0,0.0,0.0,0.0,0.0,4684.524511400008,79068.0620892,85624.52451140001,-6556.462422200013,-3706.462422200011,-6556.462422200011
2023-06-21,978.062089199997,7534.524511400008,3000,0,0,0.0,0.0,0.0,0.0,0.0,0.0,4684.524511400008,74478.0620892,81034.52451140001,-6556.462422200013,-3706.462422200011,-6556.462422200011
2023-06-26,978.062089199997,7534.524511400008,3000,0,0,0.0,0.0,0.0,0.0,0.0,0.0,4684.524511400008,70248.0620892,76804.52451140001,-6556.462422200013,-3706.462422200011,-6556.462422200011
2023-06-27,978.062089199997,7534.524511400008,3000,0,0,0.0,0.0,0.0,0.0,0.0,0.0,4684.524511400008,70008.0620892,76564.52451140001,-6556.462422200013,-3706.462422200011,-6556.462422200011
2023-06-28,978.062089199997,7534.524511400008,3000,0,0,0.0,0.0,0.0,0.0,0.0,0.0,4684.524511400008,69918.0620892,76474.52451140001,-6556.462422200013,-3706.462422200011,-6556.462422200011
2023-06-29,978.062089199997,7534.524511400008,3000,0,0,0.0,0.0,0.0,0.0,0.0,0.0,4684.524511400008,72378.0620892,78934.52451140001,-6556.462422200013,-3706.462422200011,-6556.462422200011
2023-06-30,978.062089199997,7534.524511400008,3000,0,0,0.0,0.0,0.0,0.0,0.0,0.0,4684.524511400008,76578.0620892,83134.52451140001,-6556.462422200013,-3706.462422200011,-6556.462422200011
2023-07-03,978.062089199997,7534.524511400008,3000,0,0,0.0,0.0,0.0,0.0,0.0,0.0,4684.524511400008,74088.0620892,80644.52451140001,-6556.462422200013,-3706.462422200011,-6556.462422200011
2023-07-04,978.062089199997,7534.524511400008,3000,0,0,0.0,0.0,0.0,0.0,0.0,0.0,4684.524511400008,74718.0620892,81274.52451140001,-6556.462422200013,-3706.462422200011,-6556.462422200011
2023-07-05,978.062089199997,7534.524511400008,3000,0,0,0.0,0.0,0.0,0.0,0.0,0.0,4684.524511400008,72558.0620892,79114.52451140001,-6556.462422200013,-3706.462422200011,-6556.462422200011
2023-07-06,978.062089199997,7534.524511400008,3000,0,0,0.0,0.0,0.0,0.0,0.0,0.0,4684.524511400008,72618.0620892,79174.52451140001,-6556.462422200013,-3706.462422200011,-6556.462422200011
2023-07-07,978.062089199997,7534.524511400008,3000,0,0,0.0,0.0,0.0,0.0,0.0,0.0,4684.524511400008,71958.0620892,78514.52451140001,-6556.462422200013,-3706.462422200011,-6556.462422200011
2023-07-10,978.062089199997,7534.524511400008,3000,0,0,0.0,0.0,0.0,0.0,0.0,0.0,4684.524511400008,72378.0620892,78934.52451140001,-6556.462422200013,-3706.462422200011,-6556.462422200011
2023-07-11,978.062089199997,7534.524511400008,3000,0,0,0.0,0.0,0.0,0.0,0.0,0.0,4684.524511400008,73698.0620892,80254.52451140001,-6556.462422200013,-3706.462422200011,-6556.462422200011
2023-07-12,978.062089199997,7534.524511400008,3000,0,0,0.0,0.0,0.0,0.0,0.0,0.0,4684.524511400008,68568.0620892,75124.52451140001,-6556.462422200013,-3706.462422200011,-6556.462422200011
2023-07-13,978.062089199997,7534.524511400008,3000,0,0,0.0,0.0,0.0,0.0,0.0,0.0,4684.524511400008,75318.0620892,81874.52451140001,-6556.462422200013,-3706.462422200011,-6556.462422200011
2023-07-14,28151.064554399996,7534.524511400008,2000,0,0,0.0,32.4775348,0.0,0.0,0.0,0.0,4684.524511400008,82671.0645544,89314.52451140001,-6643.459957000014,23466.540042999986,20616.540042999986
2023-07-17,2304.2261385999955,7534.524511400008,3000,0,0,0.0,5.2584158,0.0,0.0,0.0,0.0,4684.524511400008,80634.2261386,85864.52451140001,-5230.298372800011,-2380.2983728000127,-5230.298372800013
2023-07-18,2304.2261385999955,7534.524511400008,3000,0,0,0.0,0.0,0.0,0.0,0.0,0.0,4684.524511400008,78894.2261386,84124.52451140001,-5230.298372800011,-2380.2983728000127,-5230.298372800013
2023-07-19,2304.2261385999955,7534.524511400008,3000,0,0,0.0,0.0,0.0,0.0,0.0,0.0,4684.524511400008,77574.2261386,82804.52451140001,-5230.298372800011,-2380.2983728000127,-5230.298372800013
2023-07-20,2304.2261385999955,7534.524511400008,3000,0,0,0.0,0.0,0.0,0.0,0.0,0.0,4684.524511400008,72054.2261386,77284.52451140001,-5230.298372800011,-2380.2983728000127,-5230.298372800013
2023-07-21,2304.2261385999955,7534.524511400008,3000,0,0,0.0,0.0,0.0,0.0,0.0,0.0,4684.524511400008,71424.2261386,76654.52451140001,-5230.298372800011,-2380.2983728000127,-5230.298372800013
2023-07-24,2304.2261385999955,7534.524511400008,3000,0,0,0.0,0.0,0.0,0.0,0.0,0.0,4684.524511400008,73284.2261386,78514.52451140001,-5230.298372800011,-2380.2983728000127,-5230.298372800013
2023-07-25,2304.2261385999955,7534.524511400008,3000,0,0,0.0,0.0,0.0,0.0,0.0,0.0,4684.524511400008,74304.2261386,79534.52451140001,-5230.298372800011,-2380.2983728000127,-5230.298372800013
2023-07-26,2304.2261385999955,7534.524511400008,3000,0,0,0.0,0.0,0.0,0.0,0.0,0.0,4684.524511400008,72054.2261386,77284.52451140001,-5230.298372800011,-2380.2983728000127,-5230.298372800013
2023-07-27,2304.2261385999955,7534.524511400008,3000,0,0,0.0,0.0,0.0,0.0,0.0,0.0,4684.524511400008,70344.2261386,75574.52451140001,-5230.298372800011,-2380.2983728000127,-5230.298372800013
2023-07-28,3954.2261385999955,9184.524511400008,3000,0,0,220.0,0.0,0.0,1650.0000000000002,1650.0000000000002,0.0,4684.524511400008,70514.2261386,75964.52451140001,-5450.298372800011,-730.2983728000127,-5230.298372800013
2023-07-31,3954.2261385999955,9184.524511400008,3000,0,0,220.0,0.0,0.0,0.0,0.0,0.0,4684.524511400008,70724.2261386,76174.52451140001,-5450.298372800011,-730.2983728000127,-5230.298372800013
2023-08-01,3954.2261385999955,9184.524511400008,3000,0,0,220.0,0.0,0.0,0.0,0.0,0.0,4684.524511400008,71744.2261386,77194.52451140001,-5450.298372800011,-730.2983728000127,-5230.298372800013
2023-08-02,3954.2261385999955,9184.524511400008,3000,0,0,220.0,0.0,0.0,0.0,0.0,0.0,4684.524511400008,70694.2261386,76144.52451140001,-5450.298372800011,-730.2983728000127,-5230.298372800013
2023-08-03,3954.2261385999955,9184.524511400008,3000,0,0,220.0,0.0,0.0,0.0,0.0,0.0,4684.524511400008,71234.2261386,76684.52451140001,-5450.298372800011,-730.2983728000127,-5230.298372800013
2023-08-04,3954.2261385999955,9184.524511400008,3000,0,0,220.0,0.0,0.0,0.0,0.0,0.0,4684.524511400008,75044.2261386,80494.52451140001,-5450.298372800011,-730.2983728000127,-5230.298372800013
2023-08-07,3954.2261385999955,9184.524511400008,3000,0,0,220.0,0.0,0.0,0.0,0.0,0.0,4684.524511400008,78674.2261386,84124.52451140001,-5450.298372800011,-730.2983728000127,-5230.298372800013
2023-08-08,3954.2261385999955,9184.524511400008,3000,0,0,220.0,0.0,0.0,0.0,0.0,0.0,4684.524511400008,76274.2261386,81724.52451140001,-5450.298372800011,-730.2983728000127,-5230.298372800013
2023-08-09,3954.2261385999955,9184.524511400008,3000,0,0,220.0,0.0,0.0,0.0,0.0,0.0,4684.524511400008,70484.2261386,75934.52451140001,-5450.298372800011,-730.2983728000127,-5230.298372800013
2023-08-10,3954.2261385999955,9184.524511400008,3000,0,0,220.0,0.0,0.0,0.0,0.0,0.0,4684.524511400008,68234.2261386,73684.52451140001,-5450.298372800011,-730.2983728000127,-5230.298372800013
2023-08-11,3954.2261385999955,9184.524511400008,3000,0,0,220.0,0.0,0.0,0.0,0.0,0.0,4684.524511400008,68234.2261386,73684.52451140001,-5450.298372800011,-730.2983728000127,-5230.298372800013
2023-08-14,3954.2261385999955,9184.524511400008,3000,0,0,220.0,0.0,0.0,0.0,0.0,0.0,4684.524511400008,67934.22613859999,73384.5245114,-5450.298372800011,-730.2983728000127,-5230.298372800013
2023-08-15,3954.2261385999955,9184.524511400008,3000,0,0,220.0,0.0,0.0,0.0,0.0,0.0,4684.524511400008,67904.2261386,73354.52451140001,-5450.298372800011,-730.2983728000127,-5230.298372800013
2023-08-16,3954.2261385999955,9184.524511400008,3000,0,0,220.0,0.0,0.0,0.0,0.0,0.0,4684.524511400008,66404.2261386,71854.52451140001,-5450.298372800011,-730.2983728000127,-5230.298372800013
2023-08-17,3954.2261385999955,9184.524511400008,3000,0,0,220.0,0.0,0.0,0.0,0.0,0.0,4684.524511400008,66464.2261386,71914.52451140001,-5450.298372800011,-730.2983728000127,-5230.298372800013
2023-08-18,3954.2261385999955,9184.524511400008,3000,0,0,165.0,0.0,0.0,0.0,0.0,0.0,4684.524511400008,64089.2261386,69484.52451140001,-5395.298372800011,-730.2983728000127,-5230.298372800013
2023-08-21,3954.2261385999955,9184.524511400008,3000,0,0,165.0,0.0,0.0,0.0,0.0,0.0,4684.524511400008,65019.226138599995,70414.52451140001,-5395.298372800018,-730.2983728000127,-5230.298372800013
2023-08-22,3954.2261385999955,9184.524511400008,3000,0,0,165.0,0.0,0.0,0.0,0.0,0.0,4684.524511400008,71139.2261386,76534.52451140001,-5395.298372800011,-730.2983728000127,-5230.298372800013
2023-08-23,3954.2261385999955,9184.524511400008,3000,0,0,165.0,0.0,0.0,0.0,0.0,0.0,4684.524511400008,67809.2261386,73204.52451140001,-5395.298372800011,-730.2983728000127,-5230.298372800013
2023-08-24,3954.2261385999955,9184.524511400008,3000,0,0,165.0,0.0,0.0,0.0,0.0,0.0,4684.524511400008,71079.2261386,76474.52451140001,-5395.298372800011,-730.2983728000127,-5230.298372800013
2023-08-25,3954.2261385999955,9184.524511400008,3000,0,0,165.0,0.0,0.0,0.0,0.0,0.0,4684.524511400008,64749.226138599995,70144.52451140001,-5395.298372800018,-730.2983728000127,-5230.298372800013
2023-08-28,3954.2261385999955,9184.524511400008,3000,0,0,165.0,0.0,0.0,0.0,0.0,0.0,4684.524511400008,65829.2261386,71224.52451140001,-5395.298372800011,-730.2983728000127,-5230.298372800013
2023-08-29,3954.2261385999955,9184.524511400008,3000,0,0,165.0,0.0,0.0,0.0,0.0,0.0,4684.524511400008,68559.2261386,73954.52451140001,-5395.298372800011,-730.2983728000127,-5230.298372800013
2023-08-30,3954.2261385999955,9184.524511400008,3000,0,0,165.0,0.0,0.0,0.0,0.0,0.0,4684.524511400008,69189.2261386,74584.52451140001,-5395.298372800011,-730.2983728000127,-5230.298372800013
2023-08-31,3954.2261385999955,9184.524511400008,3000,0,0,165.0,0.0,0.0,0.0,0.0,0.0,4684.524511400008,69519.2261386,74914.52451140001,-5395.298372800011,-730.2983728000127,-5230.298372800013
2023-09-01,3954.2261385999955,9184.524511400008,3000,0,0,165.0,0.0,0.0,0.0,0.0,0.0,4684.524511400008,67539.2261386,72934.52451140001,-5395.298372800011,-730.2983728000127,-5230.298372800013
2023-09-04,3954.2261385999955,9184.524511400008,3000,0,0,165.0,0.0,0.0,0.0,0.0,0.0,4684.524511400008,66759.22613859999,72154.5245114,-5395.298372800011,-730.2983728000127,-5230.298372800013
2023-09-05,3954.2261385999955,9184.524511400008,3000,0,0,165.0,0.0,0.0,0.0,0.0,0.0,4684.524511400008,64719.22613859999,70114.5245114,-5395.298372800011,-730.2983728000127,-5230.298372800013
2023-09-06,3954.2261385999955,9184.524511400008,3000,0,0,165.0,0.0,0.0,0.0,0.0,0.0,4684.524511400008,64449.226138599995,69844.52451140001,-5395.298372800018,-730.2983728000127,-5230.298372800013
2023-09-07,23046.053722599994,9184.524511400008,2000,0,0,110.0,14.772416,55.0,0.0,0.0,0.0,4684.524511400008,61336.053722599994,66784.52451140001,-5448.470788800019,18361.529211199988,13861.529211199986
2023-09-08,3942.742741399994,9184.524511400008,3000,0,0,110.0,5.1909812,0.0,0.0,0.0,0.0,4684.524511400008,61072.74274139998,66424.5245114,-5351.781770000016,-741.7817700000141,-5241.781770000014
2023-09-11,23293.917990599995,9184.524511400008,2000,0,0,55.0,14.904750800000002,55.0,0.0,0.0,0.0,4684.524511400008,62158.91799059999,67564.52451140001,-5405.606520800022,18609.393479199985,14109.393479199987
2023-09-12,3970.164804999993,9184.524511400008,3000,0,0,55.0,5.1931856,0.0,0.0,0.0,0.0,4684.524511400008,61755.16480499999,67024.52451140001,-5269.3597064000205,-714.359706400015,-5214.359706400015
2023-09-13,3970.164804999993,9184.524511400008,3000,0,0,55.0,0.0,0.0,0.0,0.0,0.0,4684.524511400008,60495.16480499999,65764.52451140001,-5269.3597064000205,-714.359706400015,-5214.359706400015
2023-09-14,3970.164804999993,9184.524511400008,3000,0,0,55.0,0.0,0.0,0.0,0.0,0.0,4684.524511400008,59685.16480499999,64954.524511400006,-5269.359706400013,-714.359706400015,-5214.359706400015
2023-09-15,3970.164804999993,9184.524511400008,3000,0,0,55.0,0.0,0.0,0.0,0.0,0.0,4684.524511400008,58305.16480499999,63574.524511400006,-5269.359706400013,-714.359706400015,-5214.359706400015
2023-09-18,3970.164804999993,9184.524511400008,3000,0,0,55.0,0.0,0.0,0.0,0.0,0.0,4684.524511400008,58815.16480499999,64084.524511400006,-5269.359706400013,-714.359706400015,-5214.359706400015
2023-09-19,3970.164804999993,9184.524511400008,3000,0,0,55.0,0.0,0.0,0.0,0.0,0.0,4684.524511400008,59355.16480499999,64624.524511400006,-5269.359706400013,-714.359706400015,-5214.359706400015
2023-09-20,3970.164804999993,9184.524511400008,3000,0,0,55.0,0.0,0.0,0.0,0.0,0.0,4684.524511400008,59115.164804999986,64384.5245114,-5269.359706400013,-714.359706400015,-5214.359706400015
2023-09-21,3970.164804999993,9184.524511400008,3000,0,0,55.0,0.0,0.0,0.0,0.0,0.0,4684.524511400008,58845.164804999986,64114.5245114,-5269.359706400013,-714.359706400015,-5214.359706400015
2023-09-22,3970.164804999993,9184.524511400008,3000,0,0,55.0,0.0,0.0,0.0,0.0,0.0,4684.524511400008,63735.164805,69004.52451140001,-5269.359706400013,-714.359706400015,-5214.359706400015
2023-09-25,3970.164804999993,9184.524511400008,3000,0,0,55.0,0.0,0.0,0.0,0.0,0.0,4684.524511400008,61785.16480499999,67054.52451140001,-5269.3597064000205,-714.359706400015,-5214.359706400015
2023-09-26,3970.164804999993,9184.524511400008,3000,0,0,55.0,0.0,0.0,0.0,0.0,0.0,4684.524511400008,63105.16480499999,68374.52451140001,-5269.3597064000205,-714.359706400015,-5214.359706400015
2023-09-27,3970.164804999993,9184.524511400008,3000,0,0,55.0,0.0,0.0,0.0,0.0,0.0,4684.524511400008,63315.16480499999,68584.52451140001,-5269.3597064000205,-714.359706400015,-5214.359706400015
2023-09-28,3970.164804999993,9184.524511400008,3000,0,0,55.0,0.0,0.0,0.0,0.0,0.0,4684.524511400008,63015.16480499999,68284.52451140001,-5269.3597064000205,-714.359706400015,-5214.359706400015
2023-10-09,3970.164804999993,9184.524511400008,3000,0,0,55.0,0.0,0.0,0.0,0.0,0.0,4684.524511400008,61695.164805,66964.52451140001,-5269.359706400013,-714.359706400015,-5214.359706400015
2023-10-10,3970.164804999993,9184.524511400008,3000,0,0,55.0,0.0,0.0,0.0,0.0,0.0,4684.524511400008,60495.16480499999,65764.52451140001,-5269.3597064000205,-714.359706400015,-5214.359706400015
2023-10-11,3970.164804999993,9184.524511400008,3000,0,0,55.0,0.0,0.0,0.0,0.0,0.0,4684.524511400008,61425.164805,66694.52451140001,-5269.359706400013,-714.359706400015,-5214.359706400015
2023-10-12,3970.164804999993,9184.524511400008,3000,0,0,55.0,0.0,0.0,0.0,0.0,0.0,4684.524511400008,60165.16480499999,65434.524511400006,-5269.359706400013,-714.359706400015,-5214.359706400015
2023-10-13,3970.164804999993,9184.524511400008,3000,0,0,55.0,0.0,0.0,0.0,0.0,0.0,4684.524511400008,57555.16480499999,62824.524511400006,-5269.359706400013,-714.359706400015,-5214.359706400015
2023-10-16,3970.164804999993,9184.524511400008,3000,0,0,55.0,0.0,0.0,0.0,0.0,0.0,4684.524511400008,56175.164805,61444.52451140001,-5269.359706400013,-714.359706400015,-5214.359706400015
2023-10-17,3970.164804999993,9184.524511400008,3000,0,0,55.0,0.0,0.0,0.0,0.0,0.0,4684.524511400008,55755.16480499999,61024.524511400006,-5269.359706400013,-714.359706400015,-5214.359706400015
2023-10-18,3970.164804999993,9184.524511400008,3000,0,0,55.0,0.0,0.0,0.0,0.0,0.0,4684.524511400008,54675.164805,59944.52451140001,-5269.359706400013,-714.359706400015,-5214.359706400015
2023-10-19,3970.164804999993,9184.524511400008,3000,0,0,55.0,0.0,0.0,0.0,0.0,0.0,4684.524511400008,53505.16480499999,58774.524511400006,-5269.359706400013,-714.359706400015,-5214.359706400015
2023-10-20,3970.164804999993,9184.524511400008,3000,0,0,55.0,0.0,0.0,0.0,0.0,0.0,4684.524511400008,52425.164805,57694.52451140001,-5269.359706400013,-714.359706400015,-5214.359706400015
2023-10-23,3970.164804999993,9184.524511400008,3000,0,0,55.0,0.0,0.0,0.0,0.0,0.0,4684.524511400008,47565.16480499999,52834.524511400006,-5269.359706400013,-714.359706400015,-5214.359706400015
2023-10-24,3970.164804999993,9184.524511400008,3000,0,0,55.0,0.0,0.0,0.0,0.0,0.0,4684.524511400008,45195.16480499999,50464.524511400006,-5269.359706400013,-714.359706400015,-5214.359706400015
2023-10-25,3970.164804999993,9184.524511400008,3000,0,0,55.0,0.0,0.0,0.0,0.0,0.0,4684.524511400008,44535.16480499999,49804.524511400006,-5269.359706400013,-714.359706400015,-5214.359706400015
2023-10-26,3970.164804999993,9184.524511400008,3000,0,0,55.0,0.0,0.0,0.0,0.0,0.0,4684.524511400008,45405.16480499999,50674.524511400006,-5269.359706400013,-714.359706400015,-5214.359706400015
2023-10-27,3970.164804999993,9184.524511400008,3000,0,0,55.0,0.0,0.0,0.0,0.0,0.0,4684.524511400008,46125.16480499999,51394.524511400006,-5269.359706400013,-714.359706400015,-5214.359706400015
2023-10-30,3970.164804999993,9184.524511400008,3000,0,0,55.0,0.0,0.0,0.0,0.0,0.0,4684.524511400008,47715.16480499999,52984.524511400006,-5269.359706400013,-714.359706400015,-5214.359706400015
2023-10-31,3970.164804999993,9184.524511400008,3000,0,0,55.0,0.0,0.0,0.0,0.0,0.0,4684.524511400008,48075.16480499999,53344.524511400006,-5269.359706400013,-714.359706400015,-5214.359706400015
2023-11-01,3970.164804999993,9184.524511400008,3000,0,0,55.0,0.0,0.0,0.0,0.0,0.0,4684.524511400008,47505.16480499999,52774.524511400006,-5269.359706400013,-714.359706400015,-5214.359706400015
2023-11-02,3970.164804999993,9184.524511400008,3000,0,0,55.0,0.0,0.0,0.0,0.0,0.0,4684.524511400008,47715.16480499999,52984.524511400006,-5269.359706400013,-714.359706400015,-5214.359706400015
2023-11-03,3970.164804999993,9184.524511400008,3000,0,0,55.0,0.0,0.0,0.0,0.0,0.0,4684.524511400008,48165.16480499999,53434.524511400006,-5269.359706400013,-714.359706400015,-5214.359706400015
2023-11-06,3970.164804999993,9184.524511400008,3000,0,0,55.0,0.0,0.0,0.0,0.0,0.0,4684.524511400008,48825.16480499999,54094.524511400006,-5269.359706400013,-714.359706400015,-5214.359706400015
2023-11-07,3970.164804999993,9184.524511400008,3000,0,0,55.0,0.0,0.0,0.0,0.0,0.0,4684.524511400008,50085.16480499999,55354.524511400006,-5269.359706400013,-714.359706400015,-5214.359706400015
2023-11-08,3970.164804999993,9184.524511400008,3000,0,0,55.0,0.0,0.0,0.0,0.0,0.0,4684.524511400008,49815.16480499999,55084.524511400006,-5269.359706400013,-714.359706400015,-5214.359706400015
2023-11-09,3970.164804999993,9184.524511400008,3000,0,0,55.0,0.0,0.0,0.0,0.0,0.0,4684.524511400008,50685.16480499999,55954.524511400006,-5269.359706400013,-714.359706400015,-5214.359706400015
2023-11-10,3970.164804999993,9184.524511400008,3000,0,0,55.0,0.0,0.0,0.0,0.0,0.0,4684.524511400008,50145.16480499999,55414.524511400006,-5269.359706400013,-714.359706400015,-5214.359706400015
2023-11-13,3970.164804999993,9184.524511400008,3000,0,0,55.0,0.0,0.0,0.0,0.0,0.0,4684.524511400008,52245.16480499999,57514.524511400006,-5269.359706400013,-714.359706400015,-5214.359706400015
2023-11-14,3970.164804999993,9184.524511400008,3000,0,0,55.0,0.0,0.0,0.0,0.0,0.0,4684.524511400008,53025.16480499999,58294.524511400006,-5269.359706400013,-714.359706400015,-5214.359706400015
2023-11-15,3970.164804999993,9184.524511400008,3000,0,0,55.0,0.0,0.0,0.0,0.0,0.0,4684.524511400008,53145.16480499999,58414.524511400006,-5269.359706400013,-714.359706400015,-5214.359706400015
2023-11-16,3970.164804999993,9184.524511400008,3000,0,0,55.0,0.0,0.0,0.0,0.0,0.0,4684.524511400008,51735.16480499999,57004.524511400006,-5269.359706400013,-714.359706400015,-5214.359706400015
2023-11-17,3970.164804999993,9184.524511400008,3000,0,0,55.0,0.0,0.0,0.0,0.0,0.0,4684.524511400008,52965.164805,58234.52451140001,-5269.359706400013,-714.359706400015,-5214.359706400015
2023-11-20,19989.720047399995,9184.524511400008,2000,0,0,0.0,13.204757600000002,55.0,0.0,0.0,0.0,4684.524511400008,52229.7200474,57544.524511400006,-5314.804464000008,15305.195535999987,10805.195535999987
2023-11-21,3942.5396271999925,9184.524511400008,3000,0,0,0.0,5.1604202,0.0,0.0,0.0,0.0,4684.524511400008,51822.53962719999,57064.524511400006,-5241.984884200014,-741.9848842000156,-5241.984884200016
2023-11-22,3942.5396271999925,9184.524511400008,3000,0,0,0.0,0.0,0.0,0.0,0.0,0.0,4684.524511400008,50652.53962719999,55894.524511400006,-5241.984884200014,-741.9848842000156,-5241.984884200016
2023-11-23,3942.5396271999925,9184.524511400008,3000,0,0,0.0,0.0,0.0,0.0,0.0,0.0,4684.524511400008,51102.53962719999,56344.524511400006,-5241.984884200014,-741.9848842000156,-5241.984884200016
2023-11-24,3942.5396271999925,9184.524511400008,3000,0,0,0.0,0.0,0.0,0.0,0.0,0.0,4684.524511400008,50142.53962719999,55384.524511400006,-5241.984884200014,-741.9848842000156,-5241.984884200016
2023-11-27,3942.5396271999925,9184.524511400008,3000,0,0,0.0,0.0,0.0,0.0,0.0,0.0,4684.524511400008,48612.53962719999,53854.524511400006,-5241.984884200014,-741.9848842000156,-5241.984884200016
2023-11-28,3942.5396271999925,9184.524511400008,3000,0,0,0.0,0.0,0.0,0.0,0.0,0.0,4684.524511400008,49392.53962719999,54634.524511400006,-5241.984884200014,-741.9848842000156,-5241.984884200016
2023-11-29,18850.030376199993,9184.524511400008,2000,0,0,0.0,12.609251,0.0,0.0,0.0,0.0,4684.524511400008,48750.0303762,54034.524511400006,-5284.49413520001,14165.505864799985,9665.505864799985
2023-11-30,3734.719274599993,9184.524511400008,3000,0,0,0.0,5.1511016,0.0,0.0,0.0,0.0,4684.524511400008,49034.71927459999,54484.524511400006,-5449.8052368000135,-949.8052368000153,-5449.805236800015
2023-12-01,3734.719274599993,9184.524511400008,3000,0,0,0.0,0.0,0.0,0.0,0.0,0.0,4684.524511400008,49184.71927459999,54634.524511400006,-5449.8052368000135,-949.8052368000153,-5449.805236800015
2023-12-04,3734.719274599993,9184.524511400008,3000,0,0,0.0,0.0,0.0,0.0,0.0,0.0,4684.524511400008,48074.71927459999,53524.524511400006,-5449.8052368000135,-949.8052368000153,-5449.805236800015
2023-12-05,3734.719274599993,9184.524511400008,3000,0,0,0.0,0.0,0.0,0.0,0.0,0.0,4684.524511400008,46184.71927459999,51634.524511400006,-5449.8052368000135,-949.8052368000153,-5449.805236800015
2023-12-06,3734.719274599993,9184.524511400008,3000,0,0,0.0,0.0,0.0,0.0,0.0,0.0,4684.524511400008,46484.71927459999,51934.524511400006,-5449.8052368000135,-949.8052368000153,-5449.805236800015
2023-12-07,3734.719274599993,9184.524511400008,3000,0,0,0.0,0.0,0.0,0.0,0.0,0.0,4684.524511400008,46724.71927459999,52174.524511400006,-5449.8052368000135,-949.8052368000153,-5449.805236800015
2023-12-08,3734.719274599993,9184.524511400008,3000,0,0,0.0,0.0,0.0,0.0,0.0,0.0,4684.524511400008,51014.71927459999,56464.524511400006,-5449.8052368000135,-949.8052368000153,-5449.805236800015
2023-12-11,3734.719274599993,9184.524511400008,3000,0,0,0.0,0.0,0.0,0.0,0.0,0.0,4684.524511400008,50504.71927459999,55954.524511400006,-5449.8052368000135,-949.8052368000153,-5449.805236800015
2023-12-12,3734.719274599993,9184.524511400008,3000,0,0,0.0,0.0,0.0,0.0,0.0,0.0,4684.524511400008,49514.71927459999,54964.524511400006,-5449.8052368000135,-949.8052368000153,-5449.805236800015
2023-12-13,3734.719274599993,9184.524511400008,3000,0,0,0.0,0.0,0.0,0.0,0.0,0.0,4684.524511400008,48974.71927459999,54424.524511400006,-5449.8052368000135,-949.8052368000153,-5449.805236800015
2023-12-14,3734.719274599993,9184.524511400008,3000,0,0,0.0,0.0,0.0,0.0,0.0,0.0,4684.524511400008,48734.71927459999,54184.524511400006,-5449.8052368000135,-949.8052368000153,-5449.805236800015
2023-12-15,3734.719274599993,9184.524511400008,3000,0,0,0.0,0.0,0.0,0.0,0.0,0.0,4684.524511400008,48074.71927459999,53524.524511400006,-5449.8052368000135,-949.8052368000153,-5449.805236800015
2023-12-18,3734.719274599993,9184.524511400008,3000,0,0,0.0,0.0,0.0,0.0,0.0,0.0,4684.524511400008,48824.71927459999,54274.524511400006,-5449.8052368000135,-949.8052368000153,-5449.805236800015
2023-12-19,3734.719274599993,9184.524511400008,3000,0,0,0.0,0.0,0.0,0.0,0.0,0.0,4684.524511400008,49244.71927459999,54694.524511400006,-5449.8052368000135,-949.8052368000153,-5449.805236800015
2023-12-20,18243.21361559999,9184.524511400008,2000,0,0,0.0,12.405659,0.0,0.0,0.0,0.0,4684.524511400008,47343.21361559999,52834.524511400006,-5491.310895800016,13558.689104199982,9058.689104199982
2023-12-21,3638.9276241999905,9184.524511400008,3000,0,0,0.0,5.1459914,0.0,0.0,0.0,0.0,4684.524511400008,47348.92762419999,52894.524511400006,-5545.596887200016,-1045.5968872000176,-5545.596887200018
2023-12-22,3638.9276241999905,9184.524511400008,3000,0,0,0.0,0.0,0.0,0.0,0.0,0.0,4684.524511400008,46598.92762419999,52144.524511400006,-5545.596887200016,-1045.5968872000176,-5545.596887200018
2023-12-25,3638.9276241999905,9184.524511400008,3000,0,0,0.0,0.0,0.0,0.0,0.0,0.0,4684.524511400008,46268.92762419999,51814.524511400006,-5545.596887200016,-1045.5968872000176,-5545.596887200018
2023-12-26,3638.9276241999905,9184.524511400008,3000,0,0,0.0,0.0,0.0,0.0,0.0,0.0,4684.524511400008,45248.92762419999,50794.524511400006,-5545.596887200016,-1045.5968872000176,-5545.596887200018
2023-12-27,3638.9276241999905,9184.524511400008,3000,0,0,0.0,0.0,0.0,0.0,0.0,0.0,4684.524511400008,45428.92762419999,50974.524511400006,-5545.596887200016,-1045.5968872000176,-5545.596887200018
2023-12-28,3638.9276241999905,9184.524511400008,3000,0,0,0.0,0.0,0.0,0.0,0.0,0.0,4684.524511400008,48038.92762419999,53584.524511400006,-5545.596887200016,-1045.5968872000176,-5545.596887200018
2023-12-29,3638.9276241999905,9184.524511400008,3000,0,0,0.0,0.0,0.0,0.0,0.0,0.0,4684.524511400008,48998.92762419999,54544.524511400006,-5545.596887200016,-1045.5968872000176,-5545.596887200018
2024-01-02,3638.9276241999905,9184.524511400008,3000,0,0,0.0,0.0,0.0,0.0,0.0,0.0,4684.524511400008,46238.92762419999,51784.524511400006,-5545.596887200016,-1045.5968872000176,-5545.596887200018
2024-01-03,3638.9276241999905,9184.524511400008,3000,0,0,0.0,0.0,0.0,0.0,0.0,0.0,4684.524511400008,45278.92762419999,50824.524511400006,-5545.596887200016,-1045.5968872000176,-5545.596887200018
2024-01-04,3638.9276241999905,9184.524511400008,3000,0,0,0.0,0.0,0.0,0.0,0.0,0.0,4684.524511400008,44048.92762419999,49594.524511400006,-5545.596887200016,-1045.5968872000176,-5545.596887200018
2024-01-05,3638.9276241999905,9184.524511400008,3000,0,0,0.0,0.0,0.0,0.0,0.0,0.0,4684.524511400008,43538.92762419999,49084.524511400006,-5545.596887200016,-1045.5968872000176,-5545.596887200018
2024-01-08,3638.9276241999905,9184.524511400008,3000,0,0,0.0,0.0,0.0,0.0,0.0,0.0,4684.524511400008,42878.92762419999,48424.524511400006,-5545.596887200016,-1045.5968872000176,-5545.596887200018
2024-01-09,3638.9276241999905,9184.524511400008,3000,0,0,0.0,0.0,0.0,0.0,0.0,0.0,4684.524511400008,43208.92762419999,48754.524511400006,-5545.596887200016,-1045.5968872000176,-5545.596887200018
2024-01-10,3638.9276241999905,9184.524511400008,3000,0,0,0.0,0.0,0.0,0.0,0.0,0.0,4684.524511400008,42368.92762419999,47914.524511400006,-5545.596887200016,-1045.5968872000176,-5545.596887200018
2024-01-11,3638.9276241999905,9184.524511400008,3000,0,0,0.0,0.0,0.0,0.0,0.0,0.0,4684.524511400008,43088.92762419999,48634.524511400006,-5545.596887200016,-1045.5968872000176,-5545.596887200018
2024-01-12,16461.66214139999,9184.524511400008,2000,0,0,0.0,11.545482800000002,0.0,0.0,0.0,0.0,4684.524511400008,42181.66214139999,47764.524511400006,-5582.862370000017,11777.137629999981,7277.137629999981
2024-01-15,3721.114787199989,9184.524511400008,3000,0,0,0.0,5.1273542,0.0,0.0,0.0,0.0,4684.524511400008,41881.114787199986,47344.524511400006,-5463.409724200021,-963.4097242000189,-5463.409724200019
2024-01-16,3721.114787199989,9184.524511400008,3000,0,0,0.0,0.0,0.0,0.0,0.0,0.0,4684.524511400008,42451.114787199986,47914.524511400006,-5463.409724200021,-963.4097242000189,-5463.409724200019
2024-01-17,3721.114787199989,9184.524511400008,3000,0,0,0.0,0.0,0.0,0.0,0.0,0.0,4684.524511400008,41761.114787199986,47224.524511400006,-5463.409724200021,-963.4097242000189,-5463.409724200019
2024-01-18,3721.114787199989,9184.524511400008,3000,0,0,0.0,0.0,0.0,0.0,0.0,0.0,4684.524511400008,44851.114787199986,50314.524511400006,-5463.409724200021,-963.4097242000189,-5463.409724200019
2024-01-19,3721.114787199989,9184.524511400008,3000,0,0,0.0,0.0,0.0,0.0,0.0,0.0,4684.524511400008,46321.114787199986,51784.524511400006,-5463.409724200021,-963.4097242000189,-5463.409724200019
2024-01-22,3721.114787199989,9184.524511400008,3000,0,0,0.0,0.0,0.0,0.0,0.0,0.0,4684.524511400008,46921.114787199986,52384.524511400006,-5463.409724200021,-963.4097242000189,-5463.409724200019
2024-01-23,3721.114787199989,9184.524511400008,3000,0,0,0.0,0.0,0.0,0.0,0.0,0.0,4684.524511400008,47221.114787199986,52684.524511400006,-5463.409724200021,-963.4097242000189,-5463.409724200019
2024-01-24,3721.114787199989,9184.524511400008,3000,0,0,0.0,0.0,0.0,0.0,0.0,0.0,4684.524511400008,47221.114787199986,52684.524511400006,-5463.409724200021,-963.4097242000189,-5463.409724200019
2024-01-25,3721.114787199989,9184.524511400008,3000,0,0,0.0,0.0,0.0,0.0,0.0,0.0,4684.524511400008,48961.114787199986,54424.524511400006,-5463.409724200021,-963.4097242000189,-5463.409724200019
2024-01-26,3721.114787199989,9184.524511400008,3000,0,0,0.0,0.0,0.0,0.0,0.0,0.0,4684.524511400008,46951.114787199986,52414.524511400006,-5463.409724200021,-963.4097242000189,-5463.409724200019
2024-01-29,3721.114787199989,9184.524511400008,3000,0,0,0.0,0.0,0.0,0.0,0.0,0.0,4684.524511400008,44491.114787199986,49954.524511400006,-5463.409724200021,-963.4097242000189,-5463.409724200019
2024-01-30,3721.114787199989,9184.524511400008,3000,0,0,0.0,0.0,0.0,0.0,0.0,0.0,4684.524511400008,44221.114787199986,49684.524511400006,-5463.409724200021,-963.4097242000189,-5463.409724200019
2024-01-31,3721.114787199989,9184.524511400008,3000,0,0,0.0,0.0,0.0,0.0,0.0,0.0,4684.524511400008,43651.114787199986,49114.524511400006,-5463.409724200021,-963.4097242000189,-5463.409724200019
2024-02-01,3721.114787199989,9184.524511400008,3000,0,0,0.0,0.0,0.0,0.0,0.0,0.0,4684.524511400008,47401.114787199986,52864.524511400006,-5463.409724200021,-963.4097242000189,-5463.409724200019
2024-02-02,3721.114787199989,9184.524511400008,3000,0,0,0.0,0.0,0.0,0.0,0.0,0.0,4684.524511400008,45481.114787199986,50944.524511400006,-5463.409724200021,-963.4097242000189,-5463.409724200019
2024-02-05,3721.114787199989,9184.524511400008,3000,0,0,0.0,0.0,0.0,0.0,0.0,0.0,4684.524511400008,48031.114787199986,53494.524511400006,-5463.409724200021,-963.4097242000189,-5463.409724200019
2024-02-06,3721.114787199989,9184.524511400008,3000,0,0,0.0,0.0,0.0,0.0,0.0,0.0,4684.524511400008,50311.114787199986,55774.524511400006,-5463.409724200021,-963.4097242000189,-5463.409724200019
2024-02-07,3721.114787199989,9184.524511400008,3000,0,0,0.0,0.0,0.0,0.0,0.0,0.0,4684.524511400008,49621.114787199986,55084.524511400006,-5463.409724200021,-963.4097242000189,-5463.409724200019
2024-02-08,3721.114787199989,9184.524511400008,3000,0,0,0.0,0.0,0.0,0.0,0.0,0.0,4684.524511400008,50821.114787199986,56284.524511400006,-5463.409724200021,-963.4097242000189,-5463.409724200019
2024-02-19,3721.114787199989,9184.524511400008,3000,0,0,0.0,0.0,0.0,0.0,0.0,0.0,4684.524511400008,55531.114787199986,60994.524511400006,-5463.409724200021,-963.4097242000189,-5463.409724200019
2024-02-20,3721.114787199989,9184.524511400008,3000,0,0,0.0,0.0,0.0,0.0,0.0,0.0,4684.524511400008,59191.114787199986,64654.5245114,-5463.409724200013,-963.4097242000189,-5463.409724200019
2024-02-21,3721.114787199989,9184.524511400008,3000,0,0,0.0,0.0,0.0,0.0,0.0,0.0,4684.524511400008,56371.114787199986,61834.524511400006,-5463.409724200021,-963.4097242000189,-5463.409724200019
2024-02-22,3721.114787199989,9184.524511400008,3000,0,0,0.0,0.0,0.0,0.0,0.0,0.0,4684.524511400008,58291.1147872,63754.52451140001,-5463.409724200013,-963.4097242000189,-5463.409724200019
2024-02-23,3721.114787199989,9184.524511400008,3000,0,0,0.0,0.0,0.0,0.0,0.0,0.0,4684.524511400008,58231.1147872,63694.52451140001,-5463.409724200013,-963.4097242000189,-5463.409724200019
2024-02-26,3721.114787199989,9184.524511400008,3000,0,0,0.0,0.0,0.0,0.0,0.0,0.0,4684.524511400008,56731.1147872,62194.52451140001,-5463.409724200013,-963.4097242000189,-5463.409724200019
2024-02-27,3721.114787199989,9184.524511400008,3000,0,0,0.0,0.0,0.0,0.0,0.0,0.0,4684.524511400008,61711.114787199986,67174.5245114,-5463.409724200013,-963.4097242000189,-5463.409724200019
2024-02-28,3721.114787199989,9184.524511400008,3000,0,0,0.0,0.0,0.0,0.0,0.0,0.0,4684.524511400008,58321.114787199986,63784.524511400006,-5463.409724200021,-963.4097242000189,-5463.409724200019
2024-02-29,3721.114787199989,9184.524511400008,3000,0,0,0.0,0.0,0.0,0.0,0.0,0.0,4684.524511400008,59791.1147872,65254.52451140001,-5463.409724200013,-963.4097242000189,-5463.409724200019
2024-03-01,3721.114787199989,9184.524511400008,3000,0,0,0.0,0.0,0.0,0.0,0.0,0.0,4684.524511400008,63781.114787199986,69244.52451140001,-5463.409724200028,-963.4097242000189,-5463.409724200019
2024-03-04,3721.114787199989,9184.524511400008,3000,0,0,0.0,0.0,0.0,0.0,0.0,0.0,4684.524511400008,69781.11478719999,75244.52451140001,-5463.409724200028,-963.4097242000189,-5463.409724200019
2024-03-05,3721.114787199989,9184.524511400008,3000,0,0,0.0,0.0,0.0,0.0,0.0,0.0,4684.524511400008,71971.11478719999,77434.52451140001,-5463.409724200028,-963.4097242000189,-5463.409724200019
2024-03-06,3721.114787199989,9184.524511400008,3000,0,0,0.0,0.0,0.0,0.0,0.0,0.0,4684.524511400008,69751.11478719999,75214.52451140001,-5463.409724200028,-963.4097242000189,-5463.409724200019
2024-03-07,3721.114787199989,9184.524511400008,3000,0,0,0.0,0.0,0.0,0.0,0.0,0.0,4684.524511400008,71551.11478719999,77014.52451140001,-5463.409724200028,-963.4097242000189,-5463.409724200019
2024-03-08,3721.114787199989,9184.524511400008,3000,0,0,0.0,0.0,0.0,0.0,0.0,0.0,4684.524511400008,78331.11478719999,83794.52451140001,-5463.409724200028,-963.4097242000189,-5463.409724200019
2024-03-11,3721.114787199989,9184.524511400008,3000,0,0,0.0,0.0,0.0,0.0,0.0,0.0,4684.524511400008,81181.11478719999,86644.52451140001,-5463.409724200028,-963.4097242000189,-5463.409724200019
2024-03-12,3721.114787199989,9184.524511400008,3000,0,0,0.0,0.0,0.0,0.0,0.0,0.0,4684.524511400008,78121.11478719999,83584.52451140001,-5463.409724200028,-963.4097242000189,-5463.409724200019
2024-03-13,3721.114787199989,9184.524511400008,3000,0,0,0.0,0.0,0.0,0.0,0.0,0.0,4684.524511400008,76771.11478719999,82234.52451140001,-5463.409724200028,-963.4097242000189,-5463.409724200019
2024-03-14,3721.114787199989,9184.524511400008,3000,0,0,0.0,0.0,0.0,0.0,0.0,0.0,4684.524511400008,72271.11478719999,77734.52451140001,-5463.409724200028,-963.4097242000189,-5463.409724200019
2024-03-15,3721.114787199989,9184.524511400008,3000,0,0,0.0,0.0,0.0,0.0,0.0,0.0,4684.524511400008,72961.11478719999,78424.52451140001,-5463.409724200028,-963.4097242000189,-5463.409724200019
2024-03-18,3721.114787199989,9184.524511400008,3000,0,0,0.0,0.0,0.0,0.0,0.0,0.0,4684.524511400008,78751.11478719999,84214.52451140001,-5463.409724200028,-963.4097242000189,-5463.409724200019
2024-03-19,3721.114787199989,9184.524511400008,3000,0,0,0.0,0.0,0.0,0.0,0.0,0.0,4684.524511400008,80251.11478719999,85714.52451140001,-5463.409724200028,-963.4097242000189,-5463.409724200019
2024-03-20,3721.114787199989,9184.524511400008,3000,0,0,0.0,0.0,0.0,0.0,0.0,0.0,4684.524511400008,78961.11478719999,84424.52451140001,-5463.409724200028,-963.4097242000189,-5463.409724200019
2024-03-21,3721.114787199989,9184.524511400008,3000,0,0,0.0,0.0,0.0,0.0,0.0,0.0,4684.524511400008,78691.11478719999,84154.52451140001,-5463.409724200028,-963.4097242000189,-5463.409724200019
2024-03-22,3721.114787199989,9184.524511400008,3000,0,0,0.0,0.0,0.0,0.0,0.0,0.0,4684.524511400008,77011.11478719999,82474.52451140001,-5463.409724200028,-963.4097242000189,-5463.409724200019
2024-03-25,3721.114787199989,9184.524511400008,3000,0,0,0.0,0.0,0.0,0.0,0.0,0.0,4684.524511400008,75451.11478719999,80914.52451140001,-5463.409724200028,-963.4097242000189,-5463.409724200019
2024-03-26,3721.114787199989,9184.524511400008,3000,0,0,0.0,0.0,0.0,0.0,0.0,0.0,4684.524511400008,74911.11478719999,80374.52451140001,-5463.409724200028,-963.4097242000189,-5463.409724200019
2024-03-27,3721.114787199989,9184.524511400008,3000,0,0,0.0,0.0,0.0,0.0,0.0,0.0,4684.524511400008,70951.11478719999,76414.52451140001,-5463.409724200028,-963.4097242000189,-5463.409724200019
2024-03-28,3721.114787199989,9184.524511400008,3000,0,0,0.0,0.0,0.0,0.0,0.0,0.0,4684.524511400008,74071.11478719999,79534.52451140001,-5463.409724200028,-963.4097242000189,-5463.409724200019
2024-03-29,3721.114787199989,9184.524511400008,3000,0,0,0.0,0.0,0.0,0.0,0.0,0.0,4684.524511400008,72031.11478719999,77494.52451140001,-5463.409724200028,-963.4097242000189,-5463.409724200019
2024-04-01,3721.114787199989,9184.524511400008,3000,0,0,0.0,0.0,0.0,0.0,0.0,0.0,4684.524511400008,73651.11478719999,79114.52451140001,-5463.409724200028,-963.4097242000189,-5463.409724200019
2024-04-02,3721.114787199989,9184.524511400008,3000,0,0,0.0,0.0,0.0,0.0,0.0,0.0,4684.524511400008,72421.11478719999,77884.52451140001,-5463.409724200028,-963.4097242000189,-5463.409724200019
2024-04-03,3721.114787199989,9184.524511400008,3000,0,0,0.0,0.0,0.0,0.0,0.0,0.0,4684.524511400008,69481.11478719999,74944.52451140001,-5463.409724200028,-963.4097242000189,-5463.409724200019
2024-04-08,3721.114787199989,9184.524511400008,3000,0,0,0.0,0.0,0.0,0.0,0.0,0.0,4684.524511400008,69721.11478719999,75184.52451140001,-5463.409724200028,-963.4097242000189,-5463.409724200019
2024-04-09,3721.114787199989,9184.524511400008,3000,0,0,0.0,0.0,0.0,0.0,0.0,0.0,4684.524511400008,69391.11478719999,74854.52451140001,-5463.409724200028,-963.4097242000189,-5463.409724200019
2024-04-10,3721.114787199989,9184.524511400008,3000,0,0,0.0,0.0,0.0,0.0,0.0,0.0,4684.524511400008,67021.1147872,72484.52451140001,-5463.409724200013,-963.4097242000189,-5463.409724200019
2024-04-11,3721.114787199989,9184.524511400008,3000,0,0,0.0,0.0,0.0,0.0,0.0,0.0,4684.524511400008,67471.11478719999,72934.52451140001,-5463.409724200028,-963.4097242000189,-5463.409724200019
2024-04-12,3721.114787199989,9184.524511400008,3000,0,0,0.0,0.0,0.0,0.0,0.0,0.0,4684.524511400008,70501.11478719999,75964.52451140001,-5463.409724200028,-963.4097242000189,-5463.409724200019
2024-04-15,3721.114787199989,9184.524511400008,3000,0,0,0.0,0.0,0.0,0.0,0.0,0.0,4684.524511400008,70441.11478719999,75904.52451140001,-5463.409724200028,-963.4097242000189,-5463.409724200019
2024-04-16,3721.114787199989,9184.524511400008,3000,0,0,0.0,0.0,0.0,0.0,0.0,0.0,4684.524511400008,69151.11478719999,74614.5245114,-5463.409724200013,-963.4097242000189,-5463.409724200019
2024-04-17,3721.114787199989,9184.524511400008,3000,0,0,0.0,0.0,0.0,0.0,0.0,0.0,4684.524511400008,71221.11478719999,76684.52451140001,-5463.409724200028,-963.4097242000189,-5463.409724200019
2024-04-18,3721.114787199989,9184.524511400008,3000,0,0,0.0,0.0,0.0,0.0,0.0,0.0,4684.524511400008,72421.11478719999,77884.52451140001,-5463.409724200028,-963.4097242000189,-5463.409724200019
2024-04-19,3721.114787199989,9184.524511400008,3000,0,0,0.0,0.0,0.0,0.0,0.0,0.0,4684.524511400008,69871.11478719999,75334.52451140001,-5463.409724200028,-963.4097242000189,-5463.409724200019
2024-04-22,3721.114787199989,9184.524511400008,3000,0,0,0.0,0.0,0.0,0.0,0.0,0.0,4684.524511400008,66241.11478719999,71704.52451140001,-5463.409724200028,-963.4097242000189,-5463.409724200019
2024-04-23,3721.114787199989,9184.524511400008,3000,0,0,0.0,0.0,0.0,0.0,0.0,0.0,4684.524511400008,65491.114787199986,70954.52451140001,-5463.409724200028,-963.4097242000189,-5463.409724200019
2024-04-24,3721.114787199989,9184.524511400008,3000,0,0,0.0,0.0,0.0,0.0,0.0,0.0,4684.524511400008,70441.11478719999,75904.52451140001,-5463.409724200028,-963.4097242000189,-5463.409724200019
2024-04-25,3721.114787199989,9184.524511400008,3000,0,0,0.0,0.0,0.0,0.0,0.0,0.0,4684.524511400008,70291.11478719999,75754.52451140001,-5463.409724200028,-963.4097242000189,-5463.409724200019
2024-04-26,3721.114787199989,9184.524511400008,3000,0,0,0.0,0.0,0.0,0.0,0.0,0.0,4684.524511400008,76951.11478719999,82414.52451140001,-5463.409724200028,-963.4097242000189,-5463.409724200019
2024-04-29,3721.114787199989,9184.524511400008,3000,0,0,0.0,0.0,0.0,0.0,0.0,0.0,4684.524511400008,77281.11478719999,82744.52451140001,-5463.409724200028,-963.4097242000189,-5463.409724200019
2024-04-30,3721.114787199989,9184.524511400008,3000,0,0,0.0,0.0,0.0,0.0,0.0,0.0,4684.524511400008,77221.11478719999,82684.52451140001,-5463.409724200028,-963.4097242000189,-5463.409724200019
2024-05-06,3721.114787199989,9184.524511400008,3000,0,0,0.0,0.0,0.0,0.0,0.0,0.0,4684.524511400008,78181.11478719999,83644.52451140001,-5463.409724200028,-963.4097242000189,-5463.409724200019
2024-05-07,3721.114787199989,9184.524511400008,3000,0,0,0.0,0.0,0.0,0.0,0.0,0.0,4684.524511400008,79861.11478719999,85324.52451140001,-5463.409724200028,-963.4097242000189,-5463.409724200019
2024-05-08,3721.114787199989,9184.524511400008,3000,0,0,0.0,0.0,0.0,0.0,0.0,0.0,4684.524511400008,77101.11478719999,82564.52451140001,-5463.409724200028,-963.4097242000189,-5463.409724200019
2024-05-09,3721.114787199989,9184.524511400008,3000,0,0,0.0,0.0,0.0,0.0,0.0,0.0,4684.524511400008,76381.11478719999,81844.52451140001,-5463.409724200028,-963.4097242000189,-5463.409724200019
2024-05-10,3721.114787199989,9184.524511400008,3000,0,0,0.0,0.0,0.0,0.0,0.0,0.0,4684.524511400008,75481.11478719999,80944.52451140001,-5463.409724200028,-963.4097242000189,-5463.409724200019
2024-05-13,3721.114787199989,9184.524511400008,3000,0,0,0.0,0.0,0.0,0.0,0.0,0.0,4684.524511400008,75721.11478719999,81184.52451140001,-5463.409724200028,-963.4097242000189,-5463.409724200019
2024-05-14,3721.114787199989,9184.524511400008,3000,0,0,0.0,0.0,0.0,0.0,0.0,0.0,4684.524511400008,75121.11478719999,80584.52451140001,-5463.409724200028,-963.4097242000189,-5463.409724200019
2024-05-15,3721.114787199989,9184.524511400008,3000,0,0,0.0,0.0,0.0,0.0,0.0,0.0,4684.524511400008,76621.11478719999,82084.52451140001,-5463.409724200028,-963.4097242000189,-5463.409724200019
2024-05-16,3721.114787199989,9184.524511400008,3000,0,0,0.0,0.0,0.0,0.0,0.0,0.0,4684.524511400008,80461.11478719999,85924.52451140001,-5463.409724200028,-963.4097242000189,-5463.409724200019
2024-05-17,3721.114787199989,9184.524511400008,3000,0,0,0.0,0.0,0.0,0.0,0.0,0.0,4684.524511400008,80821.11478719999,86284.52451140001,-5463.409724200028,-963.4097242000189,-5463.409724200019
2024-05-20,29870.32933159999,9184.524511400008,2000,0,0,0.0,18.3454556,0.0,0.0,0.0,0.0,4684.524511400008,82310.32933159999,87844.52451140001,-5534.195179800023,25185.804820199985,20685.804820199985
2024-05-21,29904.422254799993,9184.524511400008,2000,0,0,0.0,23.347076800000004,0.0,0.0,0.0,0.0,4684.524511400008,81344.4222548,86344.52451140001,-5000.102256600017,25219.897743399983,20719.897743399983
2024-05-22,4498.468247799992,9184.524511400008,3000,0,0,0.0,5.254007,0.0,0.0,0.0,0.0,4684.524511400008,80788.46824779999,85474.52451140001,-4686.056263600025,-186.05626360001588,-4686.056263600016
2024-05-23,4498.468247799992,9184.524511400008,3000,0,0,0.0,0.0,0.0,0.0,0.0,0.0,4684.524511400008,81358.46824779999,86044.52451140001,-4686.056263600025,-186.05626360001588,-4686.056263600016
2024-05-24,4498.468247799992,9184.524511400008,3000,0,0,0.0,0.0,0.0,0.0,0.0,0.0,4684.524511400008,76948.46824779999,81634.52451140001,-4686.056263600025,-186.05626360001588,-4686.056263600016
2024-05-27,4498.468247799992,9184.524511400008,3000,0,0,0.0,0.0,0.0,0.0,0.0,0.0,4684.524511400008,79078.46824779999,83764.52451140001,-4686.056263600025,-186.05626360001588,-4686.056263600016
2024-05-28,4498.468247799992,9184.524511400008,3000,0,0,0.0,0.0,0.0,0.0,0.0,0.0,4684.524511400008,76858.46824779999,81544.52451140001,-4686.056263600025,-186.05626360001588,-4686.056263600016
2024-05-29,4498.468247799992,9184.524511400008,3000,0,0,0.0,0.0,0.0,0.0,0.0,0.0,4684.524511400008,77128.46824779999,81814.52451140001,-4686.056263600025,-186.05626360001588,-4686.056263600016
2024-05-30,4498.468247799992,9184.524511400008,3000,0,0,0.0,0.0,0.0,0.0,0.0,0.0,4684.524511400008,76318.46824779999,81004.52451140001,-4686.056263600025,-186.05626360001588,-4686.056263600016
2024-05-31,4498.468247799992,9184.524511400008,3000,0,0,0.0,0.0,0.0,0.0,0.0,0.0,4684.524511400008,73228.46824779999,77914.52451140001,-4686.056263600025,-186.05626360001588,-4686.056263600016
2024-06-03,4498.468247799992,9184.524511400008,3000,0,0,0.0,0.0,0.0,0.0,0.0,0.0,4684.524511400008,76108.46824779999,80794.52451140001,-4686.056263600025,-186.05626360001588,-4686.056263600016
2024-06-04,4498.468247799992,9184.524511400008,3000,0,0,0.0,0.0,0.0,0.0,0.0,0.0,4684.524511400008,75868.46824779999,80554.52451140001,-4686.056263600025,-186.05626360001588,-4686.056263600016
2024-06-05,4498.468247799992,9184.524511400008,3000,0,0,0.0,0.0,0.0,0.0,0.0,0.0,4684.524511400008,75598.46824779999,80284.52451140001,-4686.056263600025,-186.05626360001588,-4686.056263600016
2024-06-06,4498.468247799992,9184.524511400008,3000,0,0,0.0,0.0,0.0,0.0,0.0,0.0,4684.524511400008,82708.46824779999,87394.52451140001,-4686.056263600025,-186.05626360001588,-4686.056263600016
2024-06-07,4498.468247799992,9184.524511400008,3000,0,0,0.0,0.0,0.0,0.0,0.0,0.0,4684.524511400008,78088.46824779999,82774.52451140001,-4686.056263600025,-186.05626360001588,-4686.056263600016
2024-06-11,4498.468247799992,9184.524511400008,3000,0,0,0.0,0.0,0.0,0.0,0.0,0.0,4684.524511400008,77128.46824779999,81814.52451140001,-4686.056263600025,-186.05626360001588,-4686.056263600016
2024-06-12,4498.468247799992,9184.524511400008,3000,0,0,0.0,0.0,0.0,0.0,0.0,0.0,4684.524511400008,77608.46824779999,82294.52451140001,-4686.056263600025,-186.05626360001588,-4686.056263600016
2024-06-13,4498.468247799992,9184.524511400008,3000,0,0,0.0,0.0,0.0,0.0,0.0,0.0,4684.524511400008,82198.46824779999,86884.52451140001,-4686.056263600025,-186.05626360001588,-4686.056263600016
2024-06-14,4498.468247799992,9184.524511400008,3000,0,0,0.0,0.0,0.0,0.0,0.0,0.0,4684.524511400008,86188.46824779999,90874.52451140001,-4686.056263600025,-186.05626360001588,-4686.056263600016
2024-06-17,4498.468247799992,9184.524511400008,3000,0,0,0.0,0.0,0.0,0.0,0.0,0.0,4684.524511400008,87028.46824779999,91714.52451140001,-4686.056263600025,-186.05626360001588,-4686.056263600016
2024-06-18,4498.468247799992,9184.524511400008,3000,0,0,0.0,0.0,0.0,0.0,0.0,0.0,4684.524511400008,90358.46824779999,95044.52451140001,-4686.056263600025,-186.05626360001588,-4686.056263600016
2024-06-19,4498.468247799992,9184.524511400008,3000,0,0,0.0,0.0,0.0,0.0,0.0,0.0,4684.524511400008,89908.46824779999,94594.52451140001,-4686.056263600025,-186.05626360001588,-4686.056263600016
2024-06-20,4498.468247799992,9184.524511400008,3000,0,0,0.0,0.0,0.0,0.0,0.0,0.0,4684.524511400008,90328.46824779999,95014.52451140001,-4686.056263600025,-186.05626360001588,-4686.056263600016
2024-06-21,4498.468247799992,9184.524511400008,3000,0,0,0.0,0.0,0.0,0.0,0.0,0.0,4684.524511400008,89908.46824779999,94594.52451140001,-4686.056263600025,-186.05626360001588,-4686.056263600016
2024-06-24,4498.468247799992,9184.524511400008,3000,0,0,0.0,0.0,0.0,0.0,0.0,0.0,4684.524511400008,87148.46824779999,91834.52451140001,-4686.056263600025,-186.05626360001588,-4686.056263600016
2024-06-25,4498.468247799992,9184.524511400008,3000,0,0,0.0,0.0,0.0,0.0,0.0,0.0,4684.524511400008,83818.46824779999,88504.52451140001,-4686.056263600025,-186.05626360001588,-4686.056263600016
2024-06-26,4498.468247799992,9184.524511400008,3000,0,0,0.0,0.0,0.0,0.0,0.0,0.0,4684.524511400008,86008.46824779999,90694.52451140001,-4686.056263600025,-186.05626360001588,-4686.056263600016
2024-06-27,4498.468247799992,9184.524511400008,3000,0,0,0.0,0.0,0.0,0.0,0.0,0.0,4684.524511400008,84928.46824779999,89614.52451140001,-4686.056263600025,-186.05626360001588,-4686.056263600016
2024-06-28,4498.468247799992,9184.524511400008,3000,0,0,0.0,0.0,0.0,0.0,0.0,0.0,4684.524511400008,86698.46824779999,91384.52451140001,-4686.056263600025,-186.05626360001588,-4686.056263600016
2024-07-01,4498.468247799992,9184.524511400008,3000,0,0,0.0,0.0,0.0,0.0,0.0,0.0,4684.524511400008,88498.46824779999,93184.52451140001,-4686.056263600025,-186.05626360001588,-4686.056263600016
2024-07-02,31784.82255499999,9184.524511400008,2000,0,0,0.0,18.9256928,0.0,0.0,0.0,0.0,4684.524511400008,86504.82255499999,91264.52451140001,-4759.701956400022,27100.298043599985,22600.298043599985
2024-07-03,4414.928908799993,9184.524511400008,3000,0,0,0.0,5.2736462,0.0,0.0,0.0,0.0,4684.524511400008,86554.9289088,91324.52451140001,-4769.59560260002,-269.5956026000149,-4769.595602600015
2024-07-04,4414.928908799993,9184.524511400008,3000,0,0,0.0,0.0,0.0,0.0,0.0,0.0,4684.524511400008,86224.9289088,90994.52451140001,-4769.59560260002,-269.5956026000149,-4769.595602600015
2024-07-05,4414.928908799993,9184.524511400008,3000,0,0,0.0,0.0,0.0,0.0,0.0,0.0,4684.524511400008,85654.9289088,90424.52451140001,-4769.59560260002,-269.5956026000149,-4769.595602600015
2024-07-08,31302.286807999993,9184.524511400008,2000,0,0,0.0,18.7221008,0.0,0.0,0.0,0.0,4684.524511400008,85222.28680799999,90064.52451140001,-4842.237703400024,26617.762296599984,22117.762296599984
2024-07-09,2249.016328199992,9184.524511400008,3000,0,0,0.0,5.2904798,0.0,0.0,0.0,0.0,4684.524511400008,89249.0163282,96184.52451140001,-6935.508183200014,-2435.508183200016,-6935.508183200016
2024-07-10,2249.016328199992,9184.524511400008,3000,0,0,0.0,0.0,0.0,0.0,0.0,0.0,4684.524511400008,89099.0163282,96034.52451140001,-6935.508183200014,-2435.508183200016,-6935.508183200016
2024-07-11,2249.016328199992,9184.524511400008,3000,0,0,0.0,0.0,0.0,0.0,0.0,0.0,4684.524511400008,88529.0163282,95464.52451140001,-6935.508183200014,-2435.508183200016,-6935.508183200016
2024-07-12,2249.016328199992,9184.524511400008,3000,0,0,0.0,0.0,0.0,0.0,0.0,0.0,4684.524511400008,84029.0163282,90964.52451140001,-6935.508183200014,-2435.508183200016,-6935.508183200016
2024-07-15,2249.016328199992,9184.524511400008,3000,0,0,0.0,0.0,0.0,0.0,0.0,0.0,4684.524511400008,83129.0163282,90064.52451140001,-6935.508183200014,-2435.508183200016,-6935.508183200016
2024-07-16,2249.016328199992,9184.524511400008,3000,0,0,0.0,0.0,0.0,0.0,0.0,0.0,4684.524511400008,84629.0163282,91564.52451140001,-6935.508183200014,-2435.508183200016,-6935.508183200016
2024-07-17,2249.016328199992,9184.524511400008,3000,0,0,0.0,0.0,0.0,0.0,0.0,0.0,4684.524511400008,80099.0163282,87034.52451140001,-6935.508183200014,-2435.508183200016,-6935.508183200016
2024-07-18,2249.016328199992,9184.524511400008,3000,0,0,0.0,0.0,0.0,0.0,0.0,0.0,4684.524511400008,78479.0163282,85414.52451140001,-6935.508183200014,-2435.508183200016,-6935.508183200016
2024-07-19,2249.016328199992,9184.524511400008,3000,0,0,0.0,0.0,0.0,0.0,0.0,0.0,4684.524511400008,76229.0163282,83164.52451140001,-6935.508183200014,-2435.508183200016,-6935.508183200016
2024-07-22,2249.016328199992,9184.524511400008,3000,0,0,0.0,0.0,0.0,0.0,0.0,0.0,4684.524511400008,76979.0163282,83914.52451140001,-6935.508183200014,-2435.508183200016,-6935.508183200016
2024-07-23,26722.44595899999,9184.524511400008,2000,0,0,0.0,17.4903692,0.0,0.0,0.0,0.0,4684.524511400008,75802.44595899999,82804.52451140001,-7002.078552400024,22037.921447599983,17537.921447599983
2024-07-24,2458.7833747999903,9184.524511400008,3000,0,0,0.0,5.2425842,0.0,0.0,0.0,0.0,4684.524511400008,75358.7833748,82084.52451140001,-6725.741136600016,-2225.741136600018,-6725.741136600018
2024-07-25,2458.7833747999903,9184.524511400008,3000,0,0,0.0,0.0,0.0,0.0,0.0,0.0,4684.524511400008,72058.7833748,78784.52451140001,-6725.741136600016,-2225.741136600018,-6725.741136600018
2024-07-26,2458.7833747999903,9184.524511400008,3000,0,0,0.0,0.0,0.0,0.0,0.0,0.0,4684.524511400008,72958.7833748,79684.52451140001,-6725.741136600016,-2225.741136600018,-6725.741136600018
2024-07-29,2458.7833747999903,9184.524511400008,3000,0,0,0.0,0.0,0.0,0.0,0.0,0.0,4684.524511400008,73858.7833748,80584.52451140001,-6725.741136600016,-2225.741136600018,-6725.741136600018
2024-07-30,2458.7833747999903,9184.524511400008,3000,0,0,0.0,0.0,0.0,0.0,0.0,0.0,4684.524511400008,71008.7833748,77734.52451140001,-6725.741136600016,-2225.741136600018,-6725.741136600018
2024-07-31,2458.7833747999903,9184.524511400008,3000,0,0,0.0,0.0,0.0,0.0,0.0,0.0,4684.524511400008,73978.7833748,80704.52451140001,-6725.741136600016,-2225.741136600018,-6725.741136600018
2024-08-01,2458.7833747999903,9184.524511400008,3000,0,0,0.0,0.0,0.0,0.0,0.0,0.0,4684.524511400008,74368.7833748,81094.52451140001,-6725.741136600016,-2225.741136600018,-6725.741136600018
2024-08-02,2458.7833747999903,9184.524511400008,3000,0,0,0.0,0.0,0.0,0.0,0.0,0.0,4684.524511400008,69448.7833748,76174.52451140001,-6725.741136600016,-2225.741136600018,-6725.741136600018
2024-08-05,2458.7833747999903,9184.524511400008,3000,0,0,0.0,0.0,0.0,0.0,0.0,0.0,4684.524511400008,63718.7833748,70444.52451140001,-6725.741136600016,-2225.741136600018,-6725.741136600018
2024-08-06,2458.7833747999903,9184.524511400008,3000,0,0,0.0,0.0,0.0,0.0,0.0,0.0,4684.524511400008,64888.78337479998,71614.5245114,-6725.741136600016,-2225.741136600018,-6725.741136600018
2024-08-07,2458.7833747999903,9184.524511400008,3000,0,0,0.0,0.0,0.0,0.0,0.0,0.0,4684.524511400008,63658.78337479998,70384.5245114,-6725.741136600016,-2225.741136600018,-6725.741136600018
2024-08-08,2458.7833747999903,9184.524511400008,3000,0,0,0.0,0.0,0.0,0.0,0.0,0.0,4684.524511400008,63898.78337479999,70624.52451140001,-6725.741136600023,-2225.741136600018,-6725.741136600018
2024-08-09,2458.7833747999903,9184.524511400008,3000,0,0,0.0,0.0,0.0,0.0,0.0,0.0,4684.524511400008,64828.78337479999,71554.52451140001,-6725.741136600023,-2225.741136600018,-6725.741136600018
2024-08-12,2458.7833747999903,9184.524511400008,3000,0,0,0.0,0.0,0.0,0.0,0.0,0.0,4684.524511400008,64378.78337479999,71104.52451140001,-6725.741136600023,-2225.741136600018,-6725.741136600018
2024-08-13,2458.7833747999903,9184.524511400008,3000,0,0,0.0,0.0,0.0,0.0,0.0,0.0,4684.524511400008,64798.78337479999,71524.52451140001,-6725.741136600023,-2225.741136600018,-6725.741136600018
2024-08-14,2458.7833747999903,9184.524511400008,3000,0,0,0.0,0.0,0.0,0.0,0.0,0.0,4684.524511400008,66598.7833748,73324.52451140001,-6725.741136600016,-2225.741136600018,-6725.741136600018
2024-08-15,4198.78337479999,10924.524511400008,3000,0,0,232.0,0.0,0.0,1739.9999999999998,1739.9999999999998,0.0,4684.524511400008,65946.7833748,72904.52451140001,-6957.741136600016,-485.74113660001785,-6725.741136600018
2024-08-16,4198.78337479999,10924.524511400008,3000,0,0,232.0,0.0,0.0,0.0,0.0,0.0,4684.524511400008,67146.78337479998,74104.5245114,-6957.741136600016,-485.74113660001785,-6725.741136600018
2024-08-19,4198.78337479999,10924.524511400008,3000,0,0,232.0,0.0,0.0,0.0,0.0,0.0,4684.524511400008,66306.7833748,73264.52451140001,-6957.741136600016,-485.74113660001785,-6725.741136600018
2024-08-20,4198.78337479999,10924.524511400008,3000,0,0,232.0,0.0,0.0,0.0,0.0,0.0,4684.524511400008,65916.78337479998,72874.5245114,-6957.741136600016,-485.74113660001785,-6725.741136600018
2024-08-21,4198.78337479999,10924.524511400008,3000,0,0,232.0,0.0,0.0,0.0,0.0,0.0,4684.524511400008,66276.7833748,73234.52451140001,-6957.741136600016,-485.74113660001785,-6725.741136600018
2024-08-22,4198.78337479999,10924.524511400008,3000,0,0,232.0,0.0,0.0,0.0,0.0,0.0,4684.524511400008,65136.78337479999,72094.52451140001,-6957.741136600023,-485.74113660001785,-6725.741136600018
2024-08-23,4198.78337479999,10924.524511400008,3000,0,0,232.0,0.0,0.0,0.0,0.0,0.0,4684.524511400008,65346.7833748,72304.52451140001,-6957.741136600016,-485.74113660001785,-6725.741136600018
2024-08-26,24205.30269719999,10924.524511400008,2000,0,0,116.0,15.2406776,58.0,0.0,0.0,0.0,4684.524511400008,64329.30269719999,71284.52451140001,-6955.22181420002,19520.77818579998,13280.778185799982
2024-08-27,4420.624902399992,10924.524511400008,3000,0,0,116.0,5.1977948,0.0,0.0,0.0,0.0,4684.524511400008,63554.62490239999,70174.52451140001,-6619.899609000022,-263.8996090000164,-6503.899609000016
2024-08-28,4420.624902399992,10924.524511400008,3000,0,0,116.0,0.0,0.0,0.0,0.0,0.0,4684.524511400008,63614.62490239999,70234.52451140001,-6619.899609000022,-263.8996090000164,-6503.899609000016
2024-08-29,4420.624902399992,10924.524511400008,3000,0,0,116.0,0.0,0.0,0.0,0.0,0.0,4684.524511400008,61964.62490239999,68584.52451140001,-6619.899609000022,-263.8996090000164,-6503.899609000016
2024-08-30,4420.624902399992,10924.524511400008,3000,0,0,116.0,0.0,0.0,0.0,0.0,0.0,4684.524511400008,65714.62490239998,72334.52451140001,-6619.899609000029,-263.8996090000164,-6503.899609000016
2024-09-02,4420.624902399992,10924.524511400008,3000,0,0,116.0,0.0,0.0,0.0,0.0,0.0,4684.524511400008,62654.62490239999,69274.52451140001,-6619.899609000022,-263.8996090000164,-6503.899609000016
2024-09-03,4420.624902399992,10924.524511400008,3000,0,0,116.0,0.0,0.0,0.0,0.0,0.0,4684.524511400008,62624.6249024,69244.52451140001,-6619.899609000015,-263.8996090000164,-6503.899609000016
2024-09-04,4420.624902399992,10924.524511400008,3000,0,0,116.0,0.0,0.0,0.0,0.0,0.0,4684.524511400008,61064.6249024,67684.52451140001,-6619.899609000015,-263.8996090000164,-6503.899609000016
2024-09-05,4420.624902399992,10924.524511400008,3000,0,0,116.0,0.0,0.0,0.0,0.0,0.0,4684.524511400008,60944.62490239999,67564.52451140001,-6619.899609000022,-263.8996090000164,-6503.899609000016
2024-09-06,4420.624902399992,10924.524511400008,3000,0,0,116.0,0.0,0.0,0.0,0.0,0.0,4684.524511400008,59384.62490239999,66004.52451140001,-6619.899609000022,-263.8996090000164,-6503.899609000016
2024-09-09,4420.624902399992,10924.524511400008,3000,0,0,116.0,0.0,0.0,0.0,0.0,0.0,4684.524511400008,60104.6249024,66724.52451140001,-6619.899609000015,-263.8996090000164,-6503.899609000016
2024-09-10,23130.405898799992,10924.524511400008,2000,0,0,58.0,14.579003600000002,58.0,0.0,0.0,0.0,4684.524511400008,60712.40589879999,67384.52451140001,-6672.118612600025,18445.881387399982,12205.881387399984
2024-09-11,4327.697923599993,10924.524511400008,3000,0,0,58.0,5.1879752,0.0,0.0,0.0,0.0,4684.524511400008,60609.69792359999,67264.52451140001,-6654.826587800024,-356.82658780001475,-6596.826587800015
2024-09-12,4327.697923599993,10924.524511400008,3000,0,0,58.0,0.0,0.0,0.0,0.0,0.0,4684.524511400008,60789.69792359999,67444.52451140001,-6654.826587800024,-356.82658780001475,-6596.826587800015
2024-09-13,4327.697923599993,10924.524511400008,3000,0,0,58.0,0.0,0.0,0.0,0.0,0.0,4684.524511400008,62019.69792359999,68674.52451140001,-6654.826587800024,-356.82658780001475,-6596.826587800015
2024-09-18,4327.697923599993,10924.524511400008,3000,0,0,58.0,0.0,0.0,0.0,0.0,0.0,4684.524511400008,60519.69792359999,67174.52451140001,-6654.826587800024,-356.82658780001475,-6596.826587800015
2024-09-19,4327.697923599993,10924.524511400008,3000,0,0,58.0,0.0,0.0,0.0,0.0,0.0,4684.524511400008,60819.697923600004,67474.52451140001,-6654.826587800009,-356.82658780001475,-6596.826587800015
2024-09-20,4327.697923599993,10924.524511400008,3000,0,0,58.0,0.0,0.0,0.0,0.0,0.0,4684.524511400008,60849.69792359999,67504.52451140001,-6654.826587800024,-356.82658780001475,-6596.826587800015
2024-09-23,4327.697923599993,10924.524511400008,3000,0,0,58.0,0.0,0.0,0.0,0.0,0.0,4684.524511400008,60399.69792359999,67054.52451140001,-6654.826587800024,-356.82658780001475,-6596.826587800015
2024-09-24,4327.697923599993,10924.524511400008,3000,0,0,58.0,0.0,0.0,0.0,0.0,0.0,4684.524511400008,66009.69792359999,72664.5245114,-6654.826587800009,-356.82658780001475,-6596.826587800015
2024-09-25,4327.697923599993,10924.524511400008,3000,0,0,58.0,0.0,0.0,0.0,0.0,0.0,4684.524511400008,67479.69792359999,74134.52451140001,-6654.826587800024,-356.82658780001475,-6596.826587800015
2024-09-26,4327.697923599993,10924.524511400008,3000,0,0,58.0,0.0,0.0,0.0,0.0,0.0,4684.524511400008,69249.69792359999,75904.52451140001,-6654.826587800024,-356.82658780001475,-6596.826587800015
2024-09-27,4327.697923599993,10924.524511400008,3000,0,0,58.0,0.0,0.0,0.0,0.0,0.0,4684.524511400008,73269.69792359999,79924.52451140001,-6654.826587800024,-356.82658780001475,-6596.826587800015
2024-09-30,4327.697923599993,10924.524511400008,3000,0,0,58.0,0.0,0.0,0.0,0.0,0.0,4684.524511400008,79839.69792359999,86494.52451140001,-6654.826587800024,-356.82658780001475,-6596.826587800015
2024-10-08,4327.697923599993,10924.524511400008,3000,0,0,58.0,0.0,0.0,0.0,0.0,0.0,4684.524511400008,87399.69792359999,94054.52451140001,-6654.826587800024,-356.82658780001475,-6596.826587800015
2024-10-09,4327.697923599993,10924.524511400008,3000,0,0,58.0,0.0,0.0,0.0,0.0,0.0,4684.524511400008,82269.69792359999,88924.52451140001,-6654.826587800024,-356.82658780001475,-6596.826587800015
2024-10-10,4327.697923599993,10924.524511400008,3000,0,0,58.0,0.0,0.0,0.0,0.0,0.0,4684.524511400008,81669.69792359999,88324.52451140001,-6654.826587800024,-356.82658780001475,-6596.826587800015
2024-10-11,4327.697923599993,10924.524511400008,3000,0,0,58.0,0.0,0.0,0.0,0.0,0.0,4684.524511400008,78039.69792359999,84694.52451140001,-6654.826587800024,-356.82658780001475,-6596.826587800015
2024-10-14,4327.697923599993,10924.524511400008,3000,0,0,58.0,0.0,0.0,0.0,0.0,0.0,4684.524511400008,79749.69792359999,86404.52451140001,-6654.826587800024,-356.82658780001475,-6596.826587800015
2024-10-15,28802.977015599994,10924.524511400008,2000,0,0,0.0,17.520908,58.0,0.0,0.0,0.0,4684.524511400008,78002.97701559999,84724.52451140001,-6721.547495800027,24118.452504199988,17878.452504199988
2024-10-16,5190.620944399994,10924.524511400008,3000,0,0,0.0,5.2360712,0.0,0.0,0.0,0.0,4684.524511400008,75780.6209444,81514.52451140001,-5733.903567000016,506.09643299998606,-5733.903567000014
2024-10-17,5190.620944399994,10924.524511400008,3000,0,0,0.0,0.0,0.0,0.0,0.0,0.0,4684.524511400008,76320.6209444,82054.52451140001,-5733.903567000016,506.09643299998606,-5733.903567000014
2024-10-18,5190.620944399994,10924.524511400008,3000,0,0,0.0,0.0,0.0,0.0,0.0,0.0,4684.524511400008,83430.6209444,89164.52451140001,-5733.903567000016,506.09643299998606,-5733.903567000014
2024-10-21,5190.620944399994,10924.524511400008,3000,0,0,0.0,0.0,0.0,0.0,0.0,0.0,4684.524511400008,83790.6209444,89524.52451140001,-5733.903567000016,506.09643299998606,-5733.903567000014
2024-10-22,5190.620944399994,10924.524511400008,3000,0,0,0.0,0.0,0.0,0.0,0.0,0.0,4684.524511400008,83970.6209444,89704.52451140001,-5733.903567000016,506.09643299998606,-5733.903567000014
2024-10-23,5190.620944399994,10924.524511400008,3000,0,0,0.0,0.0,0.0,0.0,0.0,0.0,4684.524511400008,82020.6209444,87754.52451140001,-5733.903567000016,506.09643299998606,-5733.903567000014
2024-10-24,5190.620944399994,10924.524511400008,3000,0,0,0.0,0.0,0.0,0.0,0.0,0.0,4684.524511400008,81240.6209444,86974.52451140001,-5733.903567000016,506.09643299998606,-5733.903567000014
2024-10-25,5190.620944399994,10924.524511400008,3000,0,0,0.0,0.0,0.0,0.0,0.0,0.0,4684.524511400008,82170.6209444,87904.52451140001,-5733.903567000016,506.09643299998606,-5733.903567000014
2024-10-28,5190.620944399994,10924.524511400008,3000,0,0,0.0,0.0,0.0,0.0,0.0,0.0,4684.524511400008,80970.6209444,86704.52451140001,-5733.903567000016,506.09643299998606,-5733.903567000014
2024-10-29,5190.620944399994,10924.524511400008,3000,0,0,0.0,0.0,0.0,0.0,0.0,0.0,4684.524511400008,80340.6209444,86074.52451140001,-5733.903567000016,506.09643299998606,-5733.903567000014
2024-10-30,5190.620944399994,10924.524511400008,3000,0,0,0.0,0.0,0.0,0.0,0.0,0.0,4684.524511400008,79710.6209444,85444.52451140001,-5733.903567000016,506.09643299998606,-5733.903567000014
2024-10-31,5190.620944399994,10924.524511400008,3000,0,0,0.0,0.0,0.0,0.0,0.0,0.0,4684.524511400008,77940.6209444,83674.52451140001,-5733.903567000016,506.09643299998606,-5733.903567000014
2024-11-01,5190.620944399994,10924.524511400008,3000,0,0,0.0,0.0,0.0,0.0,0.0,0.0,4684.524511400008,76230.6209444,81964.52451140001,-5733.903567000016,506.09643299998606,-5733.903567000014
2024-11-04,5190.620944399994,10924.524511400008,3000,0,0,0.0,0.0,0.0,0.0,0.0,0.0,4684.524511400008,78180.6209444,83914.52451140001,-5733.903567000016,506.09643299998606,-5733.903567000014
2024-11-05,5190.620944399994,10924.524511400008,3000,0,0,0.0,0.0,0.0,0.0,0.0,0.0,4684.524511400008,79440.6209444,85174.52451140001,-5733.903567000016,506.09643299998606,-5733.903567000014
2024-11-06,5190.620944399994,10924.524511400008,3000,0,0,0.0,0.0,0.0,0.0,0.0,0.0,4684.524511400008,77730.6209444,83464.52451140001,-5733.903567000016,506.09643299998606,-5733.903567000014
2024-11-07,5190.620944399994,10924.524511400008,3000,0,0,0.0,0.0,0.0,0.0,0.0,0.0,4684.524511400008,79110.6209444,84844.52451140001,-5733.903567000016,506.09643299998606,-5733.903567000014
2024-11-08,5190.620944399994,10924.524511400008,3000,0,0,0.0,0.0,0.0,0.0,0.0,0.0,4684.524511400008,83130.6209444,88864.52451140001,-5733.903567000016,506.09643299998606,-5733.903567000014
2024-11-11,5190.620944399994,10924.524511400008,3000,0,0,0.0,0.0,0.0,0.0,0.0,0.0,4684.524511400008,86220.6209444,91954.52451140001,-5733.903567000016,506.09643299998606,-5733.903567000014
2024-11-12,5190.620944399994,10924.524511400008,3000,0,0,0.0,0.0,0.0,0.0,0.0,0.0,4684.524511400008,82350.6209444,88084.52451140001,-5733.903567000016,506.09643299998606,-5733.903567000014
2024-11-13,5190.620944399994,10924.524511400008,3000,0,0,0.0,0.0,0.0,0.0,0.0,0.0,4684.524511400008,84600.6209444,90334.52451140001,-5733.903567000016,506.09643299998606,-5733.903567000014
2024-11-14,5190.620944399994,10924.524511400008,3000,0,0,0.0,0.0,0.0,0.0,0.0,0.0,4684.524511400008,79800.6209444,85534.52451140001,-5733.903567000016,506.09643299998606,-5733.903567000014
2024-11-15,5190.620944399994,10924.524511400008,3000,0,0,0.0,0.0,0.0,0.0,0.0,0.0,4684.524511400008,76950.6209444,82684.52451140001,-5733.903567000016,506.09643299998606,-5733.903567000014
2024-11-18,5190.620944399994,10924.524511400008,3000,0,0,0.0,0.0,0.0,0.0,0.0,0.0,4684.524511400008,74910.6209444,80644.52451140001,-5733.903567000016,506.09643299998606,-5733.903567000014
2024-11-19,5190.620944399994,10924.524511400008,3000,0,0,0.0,0.0,0.0,0.0,0.0,0.0,4684.524511400008,76350.6209444,82084.52451140001,-5733.903567000016,506.09643299998606,-5733.903567000014
2024-11-20,29125.405424399993,10924.524511400008,2000,0,0,0.0,17.21552,0.0,0.0,0.0,0.0,4684.524511400008,77125.4054244,82924.52451140001,-5799.119087000014,24440.880912999986,18200.880912999986
2024-11-21,5653.330755999992,10924.524511400008,3000,0,0,0.0,5.2346684,0.0,0.0,0.0,0.0,4684.524511400008,75943.330756,81214.52451140001,-5271.193755400018,968.806244599984,-5271.193755400016
2024-11-22,5653.330755999992,10924.524511400008,3000,0,0,0.0,0.0,0.0,0.0,0.0,0.0,4684.524511400008,74173.330756,79444.52451140001,-5271.193755400018,968.806244599984,-5271.193755400016
2024-11-25,5653.330755999992,10924.524511400008,3000,0,0,0.0,0.0,0.0,0.0,0.0,0.0,4684.524511400008,71983.330756,77254.52451140001,-5271.193755400018,968.806244599984,-5271.193755400016
2024-11-26,5653.330755999992,10924.524511400008,3000,0,0,0.0,0.0,0.0,0.0,0.0,0.0,4684.524511400008,71923.330756,77194.52451140001,-5271.193755400018,968.806244599984,-5271.193755400016
2024-11-27,5653.330755999992,10924.524511400008,3000,0,0,0.0,0.0,0.0,0.0,0.0,0.0,4684.524511400008,72613.330756,77884.52451140001,-5271.193755400018,968.806244599984,-5271.193755400016
2024-11-28,27443.509542999993,10924.524511400008,2000,0,0,0.0,16.121213,0.0,0.0,0.0,0.0,4684.524511400008,71143.509543,76474.52451140001,-5331.014968400021,22758.985031599987,16518.985031599987
2024-11-29,5213.927299399991,10924.524511400008,3000,0,0,0.0,5.2222436,0.0,0.0,0.0,0.0,4684.524511400008,71783.92729939999,77494.52451140001,-5710.597212000022,529.402787999983,-5710.597212000017
2024-12-02,5213.927299399991,10924.524511400008,3000,0,0,0.0,0.0,0.0,0.0,0.0,0.0,4684.524511400008,72893.92729939999,78604.52451140001,-5710.597212000022,529.402787999983,-5710.597212000017
2024-12-03,5213.927299399991,10924.524511400008,3000,0,0,0.0,0.0,0.0,0.0,0.0,0.0,4684.524511400008,71933.92729939999,77644.52451140001,-5710.597212000022,529.402787999983,-5710.597212000017
2024-12-04,5213.927299399991,10924.524511400008,3000,0,0,0.0,0.0,0.0,0.0,0.0,0.0,4684.524511400008,70853.92729939999,76564.52451140001,-5710.597212000022,529.402787999983,-5710.597212000017
2024-12-05,5213.927299399991,10924.524511400008,3000,0,0,0.0,0.0,0.0,0.0,0.0,0.0,4684.524511400008,72833.92729939999,78544.52451140001,-5710.597212000022,529.402787999983,-5710.597212000017
2024-12-06,27752.22435139999,10924.524511400008,2000,0,0,0.0,16.502948,0.0,0.0,0.0,0.0,4684.524511400008,72952.22435139999,78724.52451140001,-5772.300160000028,23067.69983999998,16827.69983999998
2024-12-09,27682.29928219999,10924.524511400008,2000,0,0,0.0,21.4850692,0.0,0.0,0.0,0.0,4684.524511400008,71942.2992822,77314.52451140001,-5372.225229200019,22997.77477079998,16757.77477079998
2024-12-10,5462.737138799992,10924.524511400008,3000,0,0,0.0,5.2221434,0.0,0.0,0.0,0.0,4684.524511400008,71882.73713879999,77344.52451140001,-5461.787372600025,778.2126273999838,-5461.787372600016
2024-12-11,5462.737138799992,10924.524511400008,3000,0,0,0.0,0.0,0.0,0.0,0.0,0.0,4684.524511400008,72452.73713879999,77914.52451140001,-5461.787372600025,778.2126273999838,-5461.787372600016
2024-12-12,5462.737138799992,10924.524511400008,3000,0,0,0.0,0.0,0.0,0.0,0.0,0.0,4684.524511400008,72482.73713879999,77944.52451140001,-5461.787372600025,778.2126273999838,-5461.787372600016
2024-12-13,5462.737138799992,10924.524511400008,3000,0,0,0.0,0.0,0.0,0.0,0.0,0.0,4684.524511400008,69512.7371388,74974.52451140001,-5461.787372600011,778.2126273999838,-5461.787372600016
2024-12-16,5462.737138799992,10924.524511400008,3000,0,0,0.0,0.0,0.0,0.0,0.0,0.0,4684.524511400008,68642.73713879999,74104.5245114,-5461.787372600011,778.2126273999838,-5461.787372600016
2024-12-17,5462.737138799992,10924.524511400008,3000,0,0,0.0,0.0,0.0,0.0,0.0,0.0,4684.524511400008,70262.7371388,75724.52451140001,-5461.787372600011,778.2126273999838,-5461.787372600016
2024-12-18,5462.737138799992,10924.524511400008,3000,0,0,0.0,0.0,0.0,0.0,0.0,0.0,4684.524511400008,69692.73713879999,75154.52451140001,-5461.787372600025,778.2126273999838,-5461.787372600016
2024-12-19,5462.737138799992,10924.524511400008,3000,0,0,0.0,0.0,0.0,0.0,0.0,0.0,4684.524511400008,72032.73713879999,77494.52451140001,-5461.787372600025,778.2126273999838,-5461.787372600016
2024-12-20,5462.737138799992,10924.524511400008,3000,0,0,0.0,0.0,0.0,0.0,0.0,0.0,4684.524511400008,71522.73713879999,76984.52451140001,-5461.787372600025,778.2126273999838,-5461.787372600016
2024-12-23,5462.737138799992,10924.524511400008,3000,0,0,0.0,0.0,0.0,0.0,0.0,0.0,4684.524511400008,71612.73713879999,77074.52451140001,-5461.787372600025,778.2126273999838,-5461.787372600016
2024-12-24,5462.737138799992,10924.524511400008,3000,0,0,0.0,0.0,0.0,0.0,0.0,0.0,4684.524511400008,74462.73713879999,79924.52451140001,-5461.787372600025,778.2126273999838,-5461.787372600016
2024-12-25,5462.737138799992,10924.524511400008,3000,0,0,0.0,0.0,0.0,0.0,0.0,0.0,4684.524511400008,73622.73713879999,79084.52451140001,-5461.787372600025,778.2126273999838,-5461.787372600016
2024-12-26,5462.737138799992,10924.524511400008,3000,0,0,0.0,0.0,0.0,0.0,0.0,0.0,4684.524511400008,75452.73713879999,80914.52451140001,-5461.787372600025,778.2126273999838,-5461.787372600016
2024-12-27,5462.737138799992,10924.524511400008,3000,0,0,0.0,0.0,0.0,0.0,0.0,0.0,4684.524511400008,73292.73713879999,78754.52451140001,-5461.787372600025,778.2126273999838,-5461.787372600016
2024-12-30,5462.737138799992,10924.524511400008,3000,0,0,0.0,0.0,0.0,0.0,0.0,0.0,4684.524511400008,72812.73713879999,78274.52451140001,-5461.787372600025,778.2126273999838,-5461.787372600016
2024-12-31,5462.737138799992,10924.524511400008,3000,0,0,0.0,0.0,0.0,0.0,0.0,0.0,4684.524511400008,69962.73713879999,75424.52451140001,-5461.787372600025,778.2126273999838,-5461.787372600016
2025-01-02,5462.737138799992,10924.524511400008,3000,0,0,0.0,0.0,0.0,0.0,0.0,0.0,4684.524511400008,67592.73713879999,73054.52451140001,-5461.787372600025,778.2126273999838,-5461.787372600016
2025-01-03,5462.737138799992,10924.524511400008,3000,0,0,0.0,0.0,0.0,0.0,0.0,0.0,4684.524511400008,67112.73713879999,72574.52451140001,-5461.787372600025,778.2126273999838,-5461.787372600016
2025-01-06,5462.737138799992,10924.524511400008,3000,0,0,0.0,0.0,0.0,0.0,0.0,0.0,4684.524511400008,67472.7371388,72934.52451140001,-5461.787372600011,778.2126273999838,-5461.787372600016
2025-01-07,5462.737138799992,10924.524511400008,3000,0,0,0.0,0.0,0.0,0.0,0.0,0.0,4684.524511400008,69212.73713879999,74674.52451140001,-5461.787372600025,778.2126273999838,-5461.787372600016
2025-01-08,26035.976881399994,10924.524511400008,2000,0,0,0.0,15.500257400000002,0.0,0.0,0.0,0.0,4684.524511400008,67295.9768814,72814.52451140001,-5518.5476300000155,21351.452369999985,15111.452369999986
2025-01-09,5439.670970399995,10924.524511400008,3000,0,0,0.0,5.205911,0.0,0.0,0.0,0.0,4684.524511400008,67059.6709704,72544.52451140001,-5484.853541000019,755.1464589999869,-5484.853541000013
2025-01-10,5439.670970399995,10924.524511400008,3000,0,0,0.0,0.0,0.0,0.0,0.0,0.0,4684.524511400008,64689.670970399995,70174.52451140001,-5484.853541000019,755.1464589999869,-5484.853541000013
2025-01-13,5439.670970399995,10924.524511400008,3000,0,0,0.0,0.0,0.0,0.0,0.0,0.0,4684.524511400008,64599.670970399995,70084.52451140001,-5484.853541000019,755.1464589999869,-5484.853541000013
2025-01-14,5439.670970399995,10924.524511400008,3000,0,0,0.0,0.0,0.0,0.0,0.0,0.0,4684.524511400008,67149.6709704,72634.52451140001,-5484.853541000019,755.1464589999869,-5484.853541000013
2025-01-15,5439.670970399995,10924.524511400008,3000,0,0,0.0,0.0,0.0,0.0,0.0,0.0,4684.524511400008,65859.6709704,71344.52451140001,-5484.853541000019,755.1464589999869,-5484.853541000013
2025-01-16,5439.670970399995,10924.524511400008,3000,0,0,0.0,0.0,0.0,0.0,0.0,0.0,4684.524511400008,67959.6709704,73444.52451140001,-5484.853541000019,755.1464589999869,-5484.853541000013
2025-01-17,5439.670970399995,10924.524511400008,3000,0,0,0.0,0.0,0.0,0.0,0.0,0.0,4684.524511400008,67419.6709704,72904.52451140001,-5484.853541000019,755.1464589999869,-5484.853541000013
2025-01-20,5439.670970399995,10924.524511400008,3000,0,0,0.0,0.0,0.0,0.0,0.0,0.0,4684.524511400008,67749.6709704,73234.52451140001,-5484.853541000019,755.1464589999869,-5484.853541000013
2025-01-21,5439.670970399995,10924.524511400008,3000,0,0,0.0,0.0,0.0,0.0,0.0,0.0,4684.524511400008,69069.6709704,74554.52451140001,-5484.853541000019,755.1464589999869,-5484.853541000013
2025-01-22,5439.670970399995,10924.524511400008,3000,0,0,0.0,0.0,0.0,0.0,0.0,0.0,4684.524511400008,75429.6709704,80914.52451140001,-5484.853541000019,755.1464589999869,-5484.853541000013
2025-01-23,5439.670970399995,10924.524511400008,3000,0,0,0.0,0.0,0.0,0.0,0.0,0.0,4684.524511400008,74439.6709704,79924.52451140001,-5484.853541000019,755.1464589999869,-5484.853541000013
2025-01-24,5439.670970399995,10924.524511400008,3000,0,0,0.0,0.0,0.0,0.0,0.0,0.0,4684.524511400008,75489.6709704,80974.52451140001,-5484.853541000019,755.1464589999869,-5484.853541000013
2025-01-27,5439.670970399995,10924.524511400008,3000,0,0,0.0,0.0,0.0,0.0,0.0,0.0,4684.524511400008,69789.6709704,75274.52451140001,-5484.853541000019,755.1464589999869,-5484.853541000013
2025-02-05,5439.670970399995,10924.524511400008,3000,0,0,0.0,0.0,0.0,0.0,0.0,0.0,4684.524511400008,65439.670970399995,70924.52451140001,-5484.853541000019,755.1464589999869,-5484.853541000013
2025-02-06,5439.670970399995,10924.524511400008,3000,0,0,0.0,0.0,0.0,0.0,0.0,0.0,4684.524511400008,66879.6709704,72364.52451140001,-5484.853541000019,755.1464589999869,-5484.853541000013
2025-02-07,5439.670970399995,10924.524511400008,3000,0,0,0.0,0.0,0.0,0.0,0.0,0.0,4684.524511400008,70089.6709704,75574.52451140001,-5484.853541000019,755.1464589999869,-5484.853541000013
2025-02-10,5439.670970399995,10924.524511400008,3000,0,0,0.0,0.0,0.0,0.0,0.0,0.0,4684.524511400008,70599.6709704,76084.52451140001,-5484.853541000019,755.1464589999869,-5484.853541000013
2025-02-11,5439.670970399995,10924.524511400008,3000,0,0,0.0,0.0,0.0,0.0,0.0,0.0,4684.524511400008,70749.6709704,76234.52451140001,-5484.853541000019,755.1464589999869,-5484.853541000013
2025-02-12,5439.670970399995,10924.524511400008,3000,0,0,0.0,0.0,0.0,0.0,0.0,0.0,4684.524511400008,71889.6709704,77374.52451140001,-5484.853541000019,755.1464589999869,-5484.853541000013
2025-02-13,27170.000296199993,10924.524511400008,2000,0,0,0.0,16.090674200000002,0.0,0.0,0.0,0.0,4684.524511400008,70750.00029619999,76294.52451140001,-5544.524215200028,22485.475784799986,16245.475784799984
2025-02-14,4980.498453399992,10924.524511400008,3000,0,0,0.0,5.2218428,0.0,0.0,0.0,0.0,4684.524511400008,71280.4984534,77224.52451140001,-5944.026058000018,295.97394199998416,-5944.026058000016
2025-02-17,4980.498453399992,10924.524511400008,3000,0,0,0.0,0.0,0.0,0.0,0.0,0.0,4684.524511400008,73680.4984534,79624.52451140001,-5944.026058000018,295.97394199998416,-5944.026058000016
2025-02-18,4980.498453399992,10924.524511400008,3000,0,0,0.0,0.0,0.0,0.0,0.0,0.0,4684.524511400008,73020.4984534,78964.52451140001,-5944.026058000018,295.97394199998416,-5944.026058000016
2025-02-19,4980.498453399992,10924.524511400008,3000,0,0,0.0,0.0,0.0,0.0,0.0,0.0,4684.524511400008,74700.4984534,80644.52451140001,-5944.026058000018,295.97394199998416,-5944.026058000016
2025-02-20,4980.498453399992,10924.524511400008,3000,0,0,0.0,0.0,0.0,0.0,0.0,0.0,4684.524511400008,72840.4984534,78784.52451140001,-5944.026058000018,295.97394199998416,-5944.026058000016
2025-02-21,4980.498453399992,10924.524511400008,3000,0,0,0.0,0.0,0.0,0.0,0.0,0.0,4684.524511400008,74580.4984534,80524.52451140001,-5944.026058000018,295.97394199998416,-5944.026058000016
2025-02-24,4980.498453399992,10924.524511400008,3000,0,0,0.0,0.0,0.0,0.0,0.0,0.0,4684.524511400008,74610.4984534,80554.52451140001,-5944.026058000018,295.97394199998416,-5944.026058000016
2025-02-25,4980.498453399992,10924.524511400008,3000,0,0,0.0,0.0,0.0,0.0,0.0,0.0,4684.524511400008,74220.4984534,80164.52451140001,-5944.026058000018,295.97394199998416,-5944.026058000016
2025-02-26,4980.498453399992,10924.524511400008,3000,0,0,0.0,0.0,0.0,0.0,0.0,0.0,4684.524511400008,73290.4984534,79234.52451140001,-5944.026058000018,295.97394199998416,-5944.026058000016
2025-02-27,4980.498453399992,10924.524511400008,3000,0,0,0.0,0.0,0.0,0.0,0.0,0.0,4684.524511400008,70860.4984534,76804.52451140001,-5944.026058000018,295.97394199998416,-5944.026058000016
2025-02-28,4980.498453399992,10924.524511400008,3000,0,0,0.0,0.0,0.0,0.0,0.0,0.0,4684.524511400008,68550.4984534,74494.52451140001,-5944.026058000018,295.97394199998416,-5944.026058000016
2025-03-03,4980.498453399992,10924.524511400008,3000,0,0,0.0,0.0,0.0,0.0,0.0,0.0,4684.524511400008,68190.4984534,74134.52451140001,-5944.026058000018,295.97394199998416,-5944.026058000016
2025-03-04,4980.498453399992,10924.524511400008,3000,0,0,0.0,0.0,0.0,0.0,0.0,0.0,4684.524511400008,68100.4984534,74044.52451140001,-5944.026058000018,295.97394199998416,-5944.026058000016
2025-03-05,25962.70951419999,10924.524511400008,2000,0,0,0.0,15.7089392,0.0,0.0,0.0,0.0,4684.524511400008,68042.70951419999,74044.52451140001,-6001.814997200025,21278.185002799983,15038.18500279998
2025-03-06,4594.855887799989,10924.524511400008,3000,0,0,0.0,5.2136264,0.0,0.0,0.0,0.0,4684.524511400008,68554.85588779999,74884.52451140001,-6329.668623600024,-89.66862360001869,-6329.668623600019
2025-03-07,4594.855887799989,10924.524511400008,3000,0,0,0.0,0.0,0.0,0.0,0.0,0.0,4684.524511400008,67204.85588779999,73534.52451140001,-6329.668623600024,-89.66862360001869,-6329.668623600019
2025-03-10,4594.855887799989,10924.524511400008,3000,0,0,0.0,0.0,0.0,0.0,0.0,0.0,4684.524511400008,67684.85588779999,74014.52451140001,-6329.668623600024,-89.66862360001869,-6329.668623600019
2025-03-11,25357.61892419999,10924.524511400008,2000,0,0,0.0,15.5969636,0.0,0.0,0.0,0.0,4684.524511400008,66997.61892419998,73384.52451140001,-6386.905587200032,20673.094412799983,14433.094412799981
2025-03-12,4410.609506199991,10924.524511400008,3000,0,0,0.0,5.209418,0.0,0.0,0.0,0.0,4684.524511400008,67140.6095062,73654.52451140001,-6513.915005200019,-273.9150052000168,-6513.915005200017
2025-03-13,4410.609506199991,10924.524511400008,3000,0,0,0.0,0.0,0.0,0.0,0.0,0.0,4684.524511400008,66420.6095062,72934.52451140001,-6513.915005200019,-273.9150052000168,-6513.915005200017
2025-03-14,4410.609506199991,10924.524511400008,3000,0,0,0.0,0.0,0.0,0.0,0.0,0.0,4684.524511400008,68190.6095062,74704.52451140001,-6513.915005200019,-273.9150052000168,-6513.915005200017
2025-03-17,25871.61625659999,10924.524511400008,2000,0,0,0.0,15.9532496,0.0,0.0,0.0,0.0,4684.524511400008,68911.61625659998,75484.52451140001,-6572.90825480003,21187.091745199985,14947.091745199983
2025-03-18,4303.360626199992,10924.524511400008,3000,0,0,0.0,5.2156304,0.0,0.0,0.0,0.0,4684.524511400008,68923.3606262,75544.52451140001,-6621.163885200018,-381.163885200016,-6621.163885200016
2025-03-19,4303.360626199992,10924.524511400008,3000,0,0,0.0,0.0,0.0,0.0,0.0,0.0,4684.524511400008,67363.3606262,73984.52451140001,-6621.163885200018,-381.163885200016,-6621.163885200016
2025-03-20,4303.360626199992,10924.524511400008,3000,0,0,0.0,0.0,0.0,0.0,0.0,0.0,4684.524511400008,66853.3606262,73474.52451140001,-6621.163885200018,-381.163885200016,-6621.163885200016
2025-03-21,4303.360626199992,10924.524511400008,3000,0,0,0.0,0.0,0.0,0.0,0.0,0.0,4684.524511400008,66193.3606262,72814.52451140001,-6621.163885200018,-381.163885200016,-6621.163885200016
2025-03-24,4303.360626199992,10924.524511400008,3000,0,0,0.0,0.0,0.0,0.0,0.0,0.0,4684.524511400008,66823.3606262,73444.52451140001,-6621.163885200018,-381.163885200016,-6621.163885200016
2025-03-25,24756.901446399992,10924.524511400008,2000,0,0,0.0,15.4391798,0.0,0.0,0.0,0.0,4684.524511400008,65776.90144639999,72454.52451140001,-6677.623065000022,20072.376934999986,13832.376934999984
2025-03-26,4310.897038399991,10924.524511400008,3000,0,0,0.0,5.204408,0.0,0.0,0.0,0.0,4684.524511400008,65450.89703839999,72064.52451140001,-6613.627473000022,-373.62747300001683,-6613.627473000017
2025-03-27,4310.897038399991,10924.524511400008,3000,0,0,0.0,0.0,0.0,0.0,0.0,0.0,4684.524511400008,64970.89703839999,71584.52451140001,-6613.627473000022,-373.62747300001683,-6613.627473000017
2025-03-28,4310.897038399991,10924.524511400008,3000,0,0,0.0,0.0,0.0,0.0,0.0,0.0,4684.524511400008,64250.89703839999,70864.52451140001,-6613.627473000022,-373.62747300001683,-6613.627473000017
2025-03-31,4310.897038399991,10924.524511400008,3000,0,0,0.0,0.0,0.0,0.0,0.0,0.0,4684.524511400008,63890.89703839999,70504.52451140001,-6613.627473000022,-373.62747300001683,-6613.627473000017
2025-04-01,4310.897038399991,10924.524511400008,3000,0,0,0.0,0.0,0.0,0.0,0.0,0.0,4684.524511400008,64370.89703839999,70984.52451140001,-6613.627473000022,-373.62747300001683,-6613.627473000017
2025-04-02,4310.897038399991,10924.524511400008,3000,0,0,0.0,0.0,0.0,0.0,0.0,0.0,4684.524511400008,64310.89703839999,70924.52451140001,-6613.627473000022,-373.62747300001683,-6613.627473000017
2025-04-03,4310.897038399991,10924.524511400008,3000,0,0,0.0,0.0,0.0,0.0,0.0,0.0,4684.524511400008,61460.89703839999,68074.52451140001,-6613.627473000022,-373.62747300001683,-6613.627473000017
2025-04-07,4310.897038399991,10924.524511400008,3000,0,0,0.0,0.0,0.0,0.0,0.0,0.0,4684.524511400008,55760.897038399984,62374.5245114,-6613.627473000015,-373.62747300001683,-6613.627473000017
2025-04-08,4310.897038399991,10924.524511400008,3000,0,0,0.0,0.0,0.0,0.0,0.0,0.0,4684.524511400008,50630.89703839999,57244.524511400006,-6613.627473000015,-373.62747300001683,-6613.627473000017
2025-04-09,4310.897038399991,10924.524511400008,3000,0,0,0.0,0.0,0.0,0.0,0.0,0.0,4684.524511400008,53300.897038399984,59914.5245114,-6613.627473000015,-373.62747300001683,-6613.627473000017
2025-04-10,4310.897038399991,10924.524511400008,3000,0,0,0.0,0.0,0.0,0.0,0.0,0.0,4684.524511400008,58190.89703839999,64804.524511400006,-6613.627473000015,-373.62747300001683,-6613.627473000017
2025-04-11,4310.897038399991,10924.524511400008,3000,0,0,0.0,0.0,0.0,0.0,0.0,0.0,4684.524511400008,57710.89703839999,64324.524511400006,-6613.627473000015,-373.62747300001683,-6613.627473000017
2025-04-14,4310.897038399991,10924.524511400008,3000,0,0,0.0,0.0,0.0,0.0,0.0,0.0,4684.524511400008,58070.8970384,64684.52451140001,-6613.627473000015,-373.62747300001683,-6613.627473000017
2025-04-15,4310.897038399991,10924.524511400008,3000,0,0,0.0,0.0,0.0,0.0,0.0,0.0,4684.524511400008,58610.8970384,65224.52451140001,-6613.627473000015,-373.62747300001683,-6613.627473000017
2025-04-16,4310.897038399991,10924.524511400008,3000,0,0,0.0,0.0,0.0,0.0,0.0,0.0,4684.524511400008,56810.89703839999,63424.524511400006,-6613.627473000015,-373.62747300001683,-6613.627473000017
2025-04-17,4310.897038399991,10924.524511400008,3000,0,0,0.0,0.0,0.0,0.0,0.0,0.0,4684.524511400008,56510.897038399984,63124.5245114,-6613.627473000015,-373.62747300001683,-6613.627473000017
2025-04-18,4310.897038399991,10924.524511400008,3000,0,0,0.0,0.0,0.0,0.0,0.0,0.0,4684.524511400008,56990.897038399984,63604.5245114,-6613.627473000015,-373.62747300001683,-6613.627473000017
2025-04-21,4310.897038399991,10924.524511400008,3000,0,0,0.0,0.0,0.0,0.0,0.0,0.0,4684.524511400008,57740.897038399984,64354.5245114,-6613.627473000015,-373.62747300001683,-6613.627473000017
2025-04-22,22041.28737399999,10924.524511400008,2000,0,0,0.0,14.0496644,0.0,0.0,0.0,0.0,4684.524511400008,57601.28737399999,64264.524511400006,-6663.237137400014,17356.76286259998,11116.76286259998
2025-04-23,21938.84071379999,10924.524511400008,2000,0,0,0.0,19.4666602,0.0,0.0,0.0,0.0,4684.524511400008,58418.84071379999,65644.5245114,-7225.68379760001,17254.316202399983,11014.316202399981
2025-04-24,3987.8412555999894,10924.524511400008,3000,0,0,0.0,5.1794582,0.0,0.0,0.0,0.0,4684.524511400008,57747.8412556,64684.52451140001,-6936.683255800017,-696.6832558000187,-6936.683255800019
2025-04-25,3987.8412555999894,10924.524511400008,3000,0,0,0.0,0.0,0.0,0.0,0.0,0.0,4684.524511400008,58707.84125559998,65644.5245114,-6936.683255800017,-696.6832558000187,-6936.683255800019
2025-04-28,3987.8412555999894,10924.524511400008,3000,0,0,0.0,0.0,0.0,0.0,0.0,0.0,4684.524511400008,57987.84125559999,64924.524511400006,-6936.683255800017,-696.6832558000187,-6936.683255800019
2025-04-29,3987.8412555999894,10924.524511400008,3000,0,0,0.0,0.0,0.0,0.0,0.0,0.0,4684.524511400008,58257.84125559999,65194.524511400006,-6936.683255800017,-696.6832558000187,-6936.683255800019
2025-04-30,21997.52907679999,10924.524511400008,2000,0,0,0.0,14.1921788,0.0,0.0,0.0,0.0,4684.524511400008,58117.52907679999,65104.5245114,-6986.995434600009,17313.004565399984,11073.004565399982
2025-05-06,3224.8814021999897,10924.524511400008,3000,0,0,0.0,5.1876746,0.0,0.0,0.0,0.0,4684.524511400008,59654.881402199986,67354.5245114,-7699.643109200013,-1459.6431092000184,-7699.643109200018
2025-05-07,21803.13910479999,10924.524511400008,2000,0,0,0.0,14.482297400000002,0.0,0.0,0.0,0.0,4684.524511400008,59063.13910479999,66814.52451140001,-7751.38540660002,17118.61459339998,10878.614593399981
2025-05-08,2739.908524399987,10924.524511400008,3000,0,0,0.0,5.1905804,0.0,0.0,0.0,0.0,4684.524511400008,59829.90852439999,68014.52451140001,-8184.6159870000265,-1944.615987000021,-8184.615987000021
2025-05-09,2739.908524399987,10924.524511400008,3000,0,0,0.0,0.0,0.0,0.0,0.0,0.0,4684.524511400008,58809.908524399994,66994.52451140001,-8184.615987000019,-1944.615987000021,-8184.615987000021
2025-05-12,2739.908524399987,10924.524511400008,3000,0,0,0.0,0.0,0.0,0.0,0.0,0.0,4684.524511400008,60549.90852439999,68734.52451140001,-8184.6159870000265,-1944.615987000021,-8184.615987000021
2025-05-13,2739.908524399987,10924.524511400008,3000,0,0,0.0,0.0,0.0,0.0,0.0,0.0,4684.524511400008,60009.90852439999,68194.52451140001,-8184.6159870000265,-1944.615987000021,-8184.615987000021
2025-05-14,2739.908524399987,10924.524511400008,3000,0,0,0.0,0.0,0.0,0.0,0.0,0.0,4684.524511400008,61389.90852439999,69574.52451140001,-8184.6159870000265,-1944.615987000021,-8184.615987000021
2025-05-15,2739.908524399987,10924.524511400008,3000,0,0,0.0,0.0,0.0,0.0,0.0,0.0,4684.524511400008,60039.908524399994,68224.52451140001,-8184.615987000019,-1944.615987000021,-8184.615987000021
2025-05-16,2739.908524399987,10924.524511400008,3000,0,0,0.0,0.0,0.0,0.0,0.0,0.0,4684.524511400008,60399.90852439999,68584.52451140001,-8184.6159870000265,-1944.615987000021,-8184.615987000021
2025-05-19,21737.112455399987,10924.524511400008,2000,0,0,0.0,14.696069000000001,0.0,0.0,0.0,0.0,4684.524511400008,59837.11245539998,68074.52451140001,-8237.41205600003,17052.587943999977,10812.587943999979
2025-05-20,2643.82157439999,10924.524511400008,3000,0,0,0.0,5.190881,0.0,0.0,0.0,0.0,4684.524511400008,59823.82157439998,68104.5245114,-8280.702937000016,-2040.7029370000182,-8280.702937000018
2025-05-21,2643.82157439999,10924.524511400008,3000,0,0,0.0,0.0,0.0,0.0,0.0,0.0,4684.524511400008,59553.82157439999,67834.52451140001,-8280.702937000024,-2040.7029370000182,-8280.702937000018
2025-05-22,2643.82157439999,10924.524511400008,3000,0,0,0.0,0.0,0.0,0.0,0.0,0.0,4684.524511400008,59793.82157439999,68074.52451140001,-8280.702937000024,-2040.7029370000182,-8280.702937000018
2025-05-23,2643.82157439999,10924.524511400008,3000,0,0,0.0,0.0,0.0,0.0,0.0,0.0,4684.524511400008,59013.82157439999,67294.52451140001,-8280.702937000024,-2040.7029370000182,-8280.702937000018
2025-05-26,2643.82157439999,10924.524511400008,3000,0,0,0.0,0.0,0.0,0.0,0.0,0.0,4684.524511400008,58923.8215744,67204.52451140001,-8280.702937000016,-2040.7029370000182,-8280.702937000018
2025-05-27,2643.82157439999,10924.524511400008,3000,0,0,0.0,0.0,0.0,0.0,0.0,0.0,4684.524511400008,58053.82157439999,66334.52451140001,-8280.702937000024,-2040.7029370000182,-8280.702937000018
2025-05-28,2643.82157439999,10924.524511400008,3000,0,0,0.0,0.0,0.0,0.0,0.0,0.0,4684.524511400008,58383.82157439998,66664.5245114,-8280.702937000016,-2040.7029370000182,-8280.702937000018
2025-05-29,2643.82157439999,10924.524511400008,3000,0,0,0.0,0.0,0.0,0.0,0.0,0.0,4684.524511400008,61743.82157439999,70024.52451140001,-8280.702937000024,-2040.7029370000182,-8280.702937000018
2025-05-30,2643.82157439999,10924.524511400008,3000,0,0,0.0,0.0,0.0,0.0,0.0,0.0,4684.524511400008,59433.82157439999,67714.52451140001,-8280.702937000024,-2040.7029370000182,-8280.702937000018
2025-06-03,2643.82157439999,10924.524511400008,3000,0,0,0.0,0.0,0.0,0.0,0.0,0.0,4684.524511400008,59013.82157439999,67294.52451140001,-8280.702937000024,-2040.7029370000182,-8280.702937000018
2025-06-04,2643.82157439999,10924.524511400008,3000,0,0,0.0,0.0,0.0,0.0,0.0,0.0,4684.524511400008,60933.82157439999,69214.52451140001,-8280.702937000024,-2040.7029370000182,-8280.702937000018
2025-06-05,2643.82157439999,10924.524511400008,3000,0,0,0.0,0.0,0.0,0.0,0.0,0.0,4684.524511400008,64323.82157439998,72604.5245114,-8280.702937000016,-2040.7029370000182,-8280.702937000018
2025-06-06,2643.82157439999,10924.524511400008,3000,0,0,0.0,0.0,0.0,0.0,0.0,0.0,4684.524511400008,63573.82157439998,71854.5245114,-8280.702937000016,-2040.7029370000182,-8280.702937000018
2025-06-09,2643.82157439999,10924.524511400008,3000,0,0,0.0,0.0,0.0,0.0,0.0,0.0,4684.524511400008,63933.82157439999,72214.52451140001,-8280.702937000024,-2040.7029370000182,-8280.702937000018
2025-06-10,2643.82157439999,10924.524511400008,3000,0,0,0.0,0.0,0.0,0.0,0.0,0.0,4684.524511400008,63123.82157439999,71404.52451140001,-8280.702937000024,-2040.7029370000182,-8280.702937000018
2025-06-11,2643.82157439999,10924.524511400008,3000,0,0,0.0,0.0,0.0,0.0,0.0,0.0,4684.524511400008,63843.82157439998,72124.5245114,-8280.702937000016,-2040.7029370000182,-8280.702937000018
2025-06-12,2643.82157439999,10924.524511400008,3000,0,0,0.0,0.0,0.0,0.0,0.0,0.0,4684.524511400008,64623.82157439999,72904.52451140001,-8280.702937000024,-2040.7029370000182,-8280.702937000018
2025-06-13,2643.82157439999,10924.524511400008,3000,0,0,0.0,0.0,0.0,0.0,0.0,0.0,4684.524511400008,65343.82157439998,73624.5245114,-8280.702937000016,-2040.7029370000182,-8280.702937000018
2025-06-16,2643.82157439999,10924.524511400008,3000,0,0,0.0,0.0,0.0,0.0,0.0,0.0,4684.524511400008,66303.82157439999,74584.52451140001,-8280.702937000024,-2040.7029370000182,-8280.702937000018
2025-06-17,2643.82157439999,10924.524511400008,3000,0,0,0.0,0.0,0.0,0.0,0.0,0.0,4684.524511400008,64443.8215744,72724.52451140001,-8280.702937000016,-2040.7029370000182,-8280.702937000018
2025-06-18,2643.82157439999,10924.524511400008,3000,0,0,0.0,0.0,0.0,0.0,0.0,0.0,4684.524511400008,66123.82157439999,74404.52451140001,-8280.702937000024,-2040.7029370000182,-8280.702937000018
2025-06-19,2643.82157439999,10924.524511400008,3000,0,0,0.0,0.0,0.0,0.0,0.0,0.0,4684.524511400008,65073.82157439998,73354.5245114,-8280.702937000016,-2040.7029370000182,-8280.702937000018
2025-06-20,2643.82157439999,10924.524511400008,3000,0,0,0.0,0.0,0.0,0.0,0.0,0.0,4684.524511400008,64413.82157439999,72694.52451140001,-8280.702937000024,-2040.7029370000182,-8280.702937000018
2025-06-23,2643.82157439999,10924.524511400008,3000,0,0,0.0,0.0,0.0,0.0,0.0,0.0,4684.524511400008,63243.82157439999,71524.52451140001,-8280.702937000024,-2040.7029370000182,-8280.702937000018
2025-06-24,2643.82157439999,10924.524511400008,3000,0,0,0.0,0.0,0.0,0.0,0.0,0.0,4684.524511400008,63513.82157439999,71794.52451140001,-8280.702937000024,-2040.7029370000182,-8280.702937000018
2025-06-25,2643.82157439999,10924.524511400008,3000,0,0,0.0,0.0,0.0,0.0,0.0,0.0,4684.524511400008,65583.82157439999,73864.52451140001,-8280.702937000024,-2040.7029370000182,-8280.702937000018
2025-06-26,2643.82157439999,10924.524511400008,3000,0,0,0.0,0.0,0.0,0.0,0.0,0.0,4684.524511400008,65763.82157439999,74044.52451140001,-8280.702937000024,-2040.7029370000182,-8280.702937000018
2025-06-27,2643.82157439999,10924.524511400008,3000,0,0,0.0,0.0,0.0,0.0,0.0,0.0,4684.524511400008,66693.8215744,74974.52451140001,-8280.70293700001,-2040.7029370000182,-8280.702937000018
2025-06-30,2643.82157439999,10924.524511400008,3000,0,0,0.0,0.0,0.0,0.0,0.0,0.0,4684.524511400008,66783.82157439999,75064.52451140001,-8280.702937000024,-2040.7029370000182,-8280.702937000018
2025-07-01,2643.82157439999,10924.524511400008,3000,0,0,0.0,0.0,0.0,0.0,0.0,0.0,4684.524511400008,66843.82157439998,75124.5245114,-8280.702937000024,-2040.7029370000182,-8280.702937000018
2025-07-02,2643.82157439999,10924.524511400008,3000,0,0,0.0,0.0,0.0,0.0,0.0,0.0,4684.524511400008,66123.82157439999,74404.52451140001,-8280.702937000024,-2040.7029370000182,-8280.702937000018
2025-07-03,2643.82157439999,10924.524511400008,3000,0,0,0.0,0.0,0.0,0.0,0.0,0.0,4684.524511400008,72483.82157439999,80764.52451140001,-8280.702937000024,-2040.7029370000182,-8280.702937000018
2025-07-04,2643.82157439999,10924.524511400008,3000,0,0,0.0,0.0,0.0,0.0,0.0,0.0,4684.524511400008,74073.82157439999,82354.52451140001,-8280.702937000024,-2040.7029370000182,-8280.702937000018
2025-07-07,2643.82157439999,10924.524511400008,3000,0,0,0.0,0.0,0.0,0.0,0.0,0.0,4684.524511400008,74583.82157439999,82864.52451140001,-8280.702937000024,-2040.7029370000182,-8280.702937000018
2025-07-08,2643.82157439999,10924.524511400008,3000,0,0,0.0,0.0,0.0,0.0,0.0,0.0,4684.524511400008,81783.82157439999,90064.52451140001,-8280.702937000024,-2040.7029370000182,-8280.702937000018
2025-07-09,2643.82157439999,10924.524511400008,3000,0,0,0.0,0.0,0.0,0.0,0.0,0.0,4684.524511400008,82443.82157439999,90724.52451140001,-8280.702937000024,-2040.7029370000182,-8280.702937000018
2025-07-10,2643.82157439999,10924.524511400008,3000,0,0,0.0,0.0,0.0,0.0,0.0,0.0,4684.524511400008,81123.82157439999,89404.52451140001,-8280.702937000024,-2040.7029370000182,-8280.702937000018
2025-07-11,2643.82157439999,10924.524511400008,3000,0,0,0.0,0.0,0.0,0.0,0.0,0.0,4684.524511400008,80643.82157439999,88924.52451140001,-8280.702937000024,-2040.7029370000182,-8280.702937000018
2025-07-14,2643.82157439999,10924.524511400008,3000,0,0,0.0,0.0,0.0,0.0,0.0,0.0,4684.524511400008,80403.82157439999,88684.52451140001,-8280.702937000024,-2040.7029370000182,-8280.702937000018
2025-07-15,2643.82157439999,10924.524511400008,3000,0,0,0.0,0.0,0.0,0.0,0.0,0.0,4684.524511400008,84393.82157439999,92674.52451140001,-8280.702937000024,-2040.7029370000182,-8280.702937000018
2025-07-16,2643.82157439999,10924.524511400008,3000,0,0,0.0,0.0,0.0,0.0,0.0,0.0,4684.524511400008,82833.82157439999,91114.52451140001,-8280.702937000024,-2040.7029370000182,-8280.702937000018
2025-07-17,2643.82157439999,10924.524511400008,3000,0,0,0.0,0.0,0.0,0.0,0.0,0.0,4684.524511400008,85143.82157439999,93424.52451140001,-8280.702937000024,-2040.7029370000182,-8280.702937000018
2025-07-18,2643.82157439999,10924.524511400008,3000,0,0,0.0,0.0,0.0,0.0,0.0,0.0,4684.524511400008,83973.82157439999,92254.52451140001,-8280.702937000024,-2040.7029370000182,-8280.702937000018
2025-07-21,2643.82157439999,10924.524511400008,3000,0,0,0.0,0.0,0.0,0.0,0.0,0.0,4684.524511400008,83703.82157439999,91984.52451140001,-8280.702937000024,-2040.7029370000182,-8280.702937000018
2025-07-22,2643.82157439999,10924.524511400008,3000,0,0,0.0,0.0,0.0,0.0,0.0,0.0,4684.524511400008,83523.82157439999,91804.52451140001,-8280.702937000024,-2040.7029370000182,-8280.702937000018
2025-07-23,2643.82157439999,10924.524511400008,3000,0,0,0.0,0.0,0.0,0.0,0.0,0.0,4684.524511400008,82383.82157439999,90664.52451140001,-8280.702937000024,-2040.7029370000182,-8280.702937000018
2025-07-24,2643.82157439999,10924.524511400008,3000,0,0,0.0,0.0,0.0,0.0,0.0,0.0,4684.524511400008,87993.82157439999,96274.52451140001,-8280.702937000024,-2040.7029370000182,-8280.702937000018
2025-07-25,2643.82157439999,10924.524511400008,3000,0,0,0.0,0.0,0.0,0.0,0.0,0.0,4684.524511400008,88623.82157439999,96904.52451140001,-8280.702937000024,-2040.7029370000182,-8280.702937000018
2025-07-28,2643.82157439999,10924.524511400008,3000,0,0,0.0,0.0,0.0,0.0,0.0,0.0,4684.524511400008,91353.82157439999,99634.52451140001,-8280.702937000024,-2040.7029370000182,-8280.702937000018
2025-07-29,33750.566488199984,10924.524511400008,2000,0,0,0.0,20.8750862,0.0,0.0,0.0,0.0,4684.524511400008,96130.56648819998,104494.52451140001,-8363.95802320003,29066.041976799977,22826.041976799977
2025-07-30,609.0951267999844,10924.524511400008,3000,0,0,0.0,5.3313614000000005,0.0,0.0,0.0,0.0,4684.524511400008,100449.09512679998,110764.52451140001,-10315.429384600036,-4075.4293846000237,-10315.429384600024
2025-07-31,2529.0951267999844,12844.524511400008,3000,0,0,256.0,0.0,0.0,1920.0,1920.0,0.0,4684.524511400008,106103.09512679998,116674.52451140001,-10571.429384600036,-2155.4293846000237,-10315.429384600024
2025-08-01,2529.0951267999844,12844.524511400008,3000,0,0,256.0,0.0,0.0,0.0,0.0,0.0,4684.524511400008,101273.09512679998,111844.52451140001,-10571.429384600036,-2155.4293846000237,-10315.429384600024
2025-08-04,2529.0951267999844,12844.524511400008,3000,0,0,256.0,0.0,0.0,0.0,0.0,0.0,4684.524511400008,101183.09512679998,111754.52451140001,-10571.429384600036,-2155.4293846000237,-10315.429384600024
2025-08-05,37422.15537779999,12844.524511400008,2000,0,0,192.0,22.839749,64.0,0.0,0.0,0.0,4684.524511400008,107330.1553778,117994.5245114,-10664.369133600005,32737.63086639998,24577.63086639998
2025-08-06,3208.5332949999865,12844.524511400008,3000,0,0,192.0,5.3420828,0.0,0.0,0.0,0.0,4684.524511400008,105916.53329499997,115744.5245114,-9827.991216400027,-1475.9912164000216,-9635.991216400022
2025-08-07,3208.5332949999865,12844.524511400008,3000,0,0,192.0,0.0,0.0,0.0,0.0,0.0,4684.524511400008,109966.53329499999,119794.52451140001,-9827.991216400027,-1475.9912164000216,-9635.991216400022
2025-08-08,3208.5332949999865,12844.524511400008,3000,0,0,192.0,0.0,0.0,0.0,0.0,0.0,4684.524511400008,112786.533295,122614.52451140003,-9827.991216400027,-1475.9912164000216,-9635.991216400022
2025-08-11,3208.5332949999865,12844.524511400008,3000,0,0,192.0,0.0,0.0,0.0,0.0,0.0,4684.524511400008,112066.53329499999,121894.52451140001,-9827.991216400027,-1475.9912164000216,-9635.991216400022
2025-08-12,3208.5332949999865,12844.524511400008,3000,0,0,192.0,0.0,0.0,0.0,0.0,0.0,4684.524511400008,122146.53329499999,131974.5245114,-9827.991216400012,-1475.9912164000216,-9635.991216400022
2025-08-13,3208.5332949999865,12844.524511400008,3000,0,0,192.0,0.0,0.0,0.0,0.0,0.0,4684.524511400008,134056.53329499997,143884.5245114,-9827.991216400027,-1475.9912164000216,-9635.991216400022
2025-08-14,3208.5332949999865,12844.524511400008,3000,0,0,192.0,0.0,0.0,0.0,0.0,0.0,4684.524511400008,132676.53329499997,142504.5245114,-9827.991216400027,-1475.9912164000216,-9635.991216400022
2025-08-15,3208.5332949999865,12844.524511400008,3000,0,0,192.0,0.0,0.0,0.0,0.0,0.0,4684.524511400008,137596.53329499997,147424.5245114,-9827.991216400027,-1475.9912164000216,-9635.991216400022
2025-08-18,3208.5332949999865,12844.524511400008,3000,0,0,192.0,0.0,0.0,0.0,0.0,0.0,4684.524511400008,136396.53329499997,146224.5245114,-9827.991216400027,-1475.9912164000216,-9635.991216400022
2025-08-19,3208.5332949999865,12844.524511400008,3000,0,0,192.0,0.0,0.0,0.0,0.0,0.0,4684.524511400008,149746.53329499997,159574.5245114,-9827.991216400027,-1475.9912164000216,-9635.991216400022
2025-08-20,3208.5332949999865,12844.524511400008,3000,0,0,192.0,0.0,0.0,0.0,0.0,0.0,4684.524511400008,146746.53329499997,156574.5245114,-9827.991216400027,-1475.9912164000216,-9635.991216400022
2025-08-21,3208.5332949999865,12844.524511400008,3000,0,0,192.0,0.0,0.0,0.0,0.0,0.0,4684.524511400008,138886.53329499997,148714.5245114,-9827.991216400027,-1475.9912164000216,-9635.991216400022
2025-08-22,3208.5332949999865,12844.524511400008,3000,0,0,192.0,0.0,0.0,0.0,0.0,0.0,4684.524511400008,140506.53329499997,150334.5245114,-9827.991216400027,-1475.9912164000216,-9635.991216400022
2025-08-25,3208.5332949999865,12844.524511400008,3000,0,0,192.0,0.0,0.0,0.0,0.0,0.0,4684.524511400008,147016.53329499997,156844.5245114,-9827.991216400027,-1475.9912164000216,-9635.991216400022
2025-08-26,3208.5332949999865,12844.524511400008,3000,0,0,192.0,0.0,0.0,0.0,0.0,0.0,4684.524511400008,139456.53329499997,149284.5245114,-9827.991216400027,-1475.9912164000216,-9635.991216400022
2025-08-27,3208.5332949999865,12844.524511400008,3000,0,0,192.0,0.0,0.0,0.0,0.0,0.0,4684.524511400008,140176.53329499997,150004.5245114,-9827.991216400027,-1475.9912164000216,-9635.991216400022
2025-08-28,3208.5332949999865,12844.524511400008,3000,0,0,192.0,0.0,0.0,0.0,0.0,0.0,4684.524511400008,149836.53329499997,159664.5245114,-9827.991216400027,-1475.9912164000216,-9635.991216400022
2025-08-29,3208.5332949999865,12844.524511400008,3000,0,0,192.0,0.0,0.0,0.0,0.0,0.0,4684.524511400008,164506.53329499997,174334.5245114,-9827.991216400027,-1475.9912164000216,-9635.991216400022
2025-09-01,3208.5332949999865,12844.524511400008,3000,0,0,128.0,0.0,0.0,0.0,0.0,0.0,4684.524511400008,169940.53329499997,179704.5245114,-9763.991216400027,-1475.9912164000216,-9635.991216400022
2025-09-02,3208.5332949999865,12844.524511400008,3000,0,0,128.0,0.0,0.0,0.0,0.0,0.0,4684.524511400008,164720.53329499997,174484.5245114,-9763.991216400027,-1475.9912164000216,-9635.991216400022
2025-09-03,3208.5332949999865,12844.524511400008,3000,0,0,128.0,0.0,0.0,0.0,0.0,0.0,4684.524511400008,165800.53329499997,175564.5245114,-9763.991216400027,-1475.9912164000216,-9635.991216400022
2025-09-04,3208.5332949999865,12844.524511400008,3000,0,0,128.0,0.0,0.0,0.0,0.0,0.0,4684.524511400008,162470.53329499997,172234.5245114,-9763.991216400027,-1475.9912164000216,-9635.991216400022
2025-09-05,3208.5332949999865,12844.524511400008,3000,0,0,128.0,0.0,0.0,0.0,0.0,0.0,4684.524511400008,170570.53329499997,180334.5245114,-9763.991216400027,-1475.9912164000216,-9635.991216400022
2025-09-08,3208.5332949999865,12844.524511400008,3000,0,0,128.0,0.0,0.0,0.0,0.0,0.0,4684.524511400008,157280.53329499997,167044.5245114,-9763.991216400027,-1475.9912164000216,-9635.991216400022
2025-09-09,3208.5332949999865,12844.524511400008,3000,0,0,128.0,0.0,0.0,0.0,0.0,0.0,4684.524511400008,149450.53329499997,159214.5245114,-9763.991216400027,-1475.9912164000216,-9635.991216400022
2025-09-10,3208.5332949999865,12844.524511400008,3000,0,0,128.0,0.0,0.0,0.0,0.0,0.0,4684.524511400008,164090.53329499997,173854.5245114,-9763.991216400027,-1475.9912164000216,-9635.991216400022
2025-09-11,3208.5332949999865,12844.524511400008,3000,0,0,128.0,0.0,0.0,0.0,0.0,0.0,4684.524511400008,180200.53329499997,189964.5245114,-9763.991216400027,-1475.9912164000216,-9635.991216400022
2025-09-12,64880.86293551998,12844.524511400008,2000,0,0,64.0,39.870359480000005,64.0,0.0,0.0,0.0,4684.524511400008,188616.86293551998,198544.5245114,-9927.661575880018,60196.338424119975,52036.338424119975
2025-09-15,5002.657910219983,12844.524511400008,3000,0,0,64.0,8.7050253,0.0,0.0,0.0,0.0,4684.524511400008,184638.65791021998,192544.5245114,-7905.866601180023,318.1333988199749,-7841.866601180025
2025-09-16,5002.657910219983,12844.524511400008,3000,0,0,64.0,0.0,0.0,0.0,0.0,0.0,4684.524511400008,184128.65791021998,192034.5245114,-7905.866601180023,318.1333988199749,-7841.866601180025
2025-09-17,5002.657910219983,12844.524511400008,3000,0,0,64.0,0.0,0.0,0.0,0.0,0.0,4684.524511400008,188298.65791021998,196204.5245114,-7905.866601180023,318.1333988199749,-7841.866601180025
2025-09-18,5002.657910219983,12844.524511400008,3000,0,0,64.0,0.0,0.0,0.0,0.0,0.0,4684.524511400008,198018.65791021998,205924.5245114,-7905.866601180023,318.1333988199749,-7841.866601180025
2025-09-19,5002.657910219983,12844.524511400008,3000,0,0,64.0,0.0,0.0,0.0,0.0,0.0,4684.524511400008,203238.65791021995,211144.52451139997,-7905.866601180023,318.1333988199749,-7841.866601180025
2025-09-22,5002.657910219983,12844.524511400008,3000,0,0,64.0,0.0,0.0,0.0,0.0,0.0,4684.524511400008,216438.65791021998,224344.5245114,-7905.866601180023,318.1333988199749,-7841.866601180025
2025-09-23,75621.26989121598,12844.524511400008,2000,0,0,0.0,45.648019004000005,64.0,0.0,0.0,0.0,4684.524511400008,217361.26989121598,225454.5245114,-8093.254620184016,70936.74537981597,62776.74537981598
2025-09-24,6663.624907267993,12844.524511400008,3000,0,0,0.0,10.024983948,0.0,0.0,0.0,0.0,4684.524511400008,212553.62490726798,218734.5245114,-6180.899604132021,1979.1003958679848,-6180.899604132015
2025-09-25,6663.624907267993,12844.524511400008,3000,0,0,0.0,0.0,0.0,0.0,0.0,0.0,4684.524511400008,212043.62490726798,218224.52451139997,-6180.8996041319915,1979.1003958679848,-6180.899604132015
2025-09-26,6663.624907267993,12844.524511400008,3000,0,0,0.0,0.0,0.0,0.0,0.0,0.0,4684.524511400008,201273.62490726798,207454.5245114,-6180.899604132021,1979.1003958679848,-6180.899604132015
2025-09-29,6663.624907267993,12844.524511400008,3000,0,0,0.0,0.0,0.0,0.0,0.0,0.0,4684.524511400008,206403.62490726798,212584.5245114,-6180.899604132021,1979.1003958679848,-6180.899604132015
2025-09-30,6663.624907267993,12844.524511400008,3000,0,0,0.0,0.0,0.0,0.0,0.0,0.0,4684.524511400008,204693.62490726804,210874.52451140003,-6180.8996041319915,1979.1003958679848,-6180.899604132015
2025-10-09,6663.624907267993,12844.524511400008,3000,0,0,0.0,0.0,0.0,0.0,0.0,0.0,4684.524511400008,212013.62490726798,218194.5245114,-6180.899604132021,1979.1003958679848,-6180.899604132015
2025-10-10,6663.624907267993,12844.524511400008,3000,0,0,0.0,0.0,0.0,0.0,0.0,0.0,4684.524511400008,205893.62490726798,212074.5245114,-6180.899604132021,1979.1003958679848,-6180.899604132015
2025-10-13,6663.624907267993,12844.524511400008,3000,0,0,0.0,0.0,0.0,0.0,0.0,0.0,4684.524511400008,197103.62490726798,203284.5245114,-6180.899604132021,1979.1003958679848,-6180.899604132015
2025-10-14,6663.624907267993,12844.524511400008,3000,0,0,0.0,0.0,0.0,0.0,0.0,0.0,4684.524511400008,185823.62490726798,192004.5245114,-6180.899604132021,1979.1003958679848,-6180.899604132015
2025-10-15,6663.624907267993,12844.524511400008,3000,0,0,0.0,0.0,0.0,0.0,0.0,0.0,4684.524511400008,196803.62490726798,202984.5245114,-6180.899604132021,1979.1003958679848,-6180.899604132015
2025-10-16,70085.48600323999,12844.524511400008,2000,0,0,0.0,40.958904028000006,0.0,0.0,0.0,0.0,4684.524511400008,197265.48600324,203614.5245114,-6349.038508160011,65400.96149183998,57240.96149183998
2025-10-17,9916.658727607988,12844.524511400008,3000,0,0,0.0,8.747275632000001,0.0,0.0,0.0,0.0,4684.524511400008,189946.65872760798,192874.5245114,-2927.865783792018,5232.13421620798,-2927.86578379202
2025-10-20,9916.658727607988,12844.524511400008,3000,0,0,0.0,0.0,0.0,0.0,0.0,0.0,4684.524511400008,196096.65872760798,199024.5245114,-2927.865783792018,5232.13421620798,-2927.86578379202
2025-10-21,9916.658727607988,12844.524511400008,3000,0,0,0.0,0.0,0.0,0.0,0.0,0.0,4684.524511400008,213916.65872760798,216844.5245114,-2927.865783792018,5232.13421620798,-2927.86578379202
2025-10-22,9916.658727607988,12844.524511400008,3000,0,0,0.0,0.0,0.0,0.0,0.0,0.0,4684.524511400008,206296.65872760795,209224.52451139997,-2927.865783792018,5232.13421620798,-2927.86578379202
2025-10-23,9916.658727607988,12844.524511400008,3000,0,0,0.0,0.0,0.0,0.0,0.0,0.0,4684.524511400008,201886.65872760798,204814.5245114,-2927.865783792018,5232.13421620798,-2927.86578379202
2025-10-24,9916.658727607988,12844.524511400008,3000,0,0,0.0,0.0,0.0,0.0,0.0,0.0,4684.524511400008,211666.65872760798,214594.5245114,-2927.865783792018,5232.13421620798,-2927.86578379202
2025-10-27,82484.27334221598,12844.524511400008,2000,0,0,0.0,46.865385392,0.0,0.0,0.0,0.0,4684.524511400008,228004.27334221598,231124.52451140003,-3120.251169184048,77799.74883081597,69639.74883081597
2025-10-28,8345.535136831968,12844.524511400008,3000,0,0,0.0,10.778205384000001,0.0,0.0,0.0,0.0,4684.524511400008,230315.53513683192,234814.52451139997,-4498.989374568046,3661.01062543196,-4498.98937456804
2025-10-29,8345.535136831968,12844.524511400008,3000,0,0,0.0,0.0,0.0,0.0,0.0,0.0,4684.524511400008,250745.53513683198,255244.5245114,-4498.9893745680165,3661.01062543196,-4498.98937456804
2025-10-30,8345.535136831968,12844.524511400008,3000,0,0,0.0,0.0,0.0,0.0,0.0,0.0,4684.524511400008,242255.53513683198,246754.5245114,-4498.9893745680165,3661.01062543196,-4498.98937456804
2025-10-31,8345.535136831968,12844.524511400008,3000,0,0,0.0,0.0,0.0,0.0,0.0,0.0,4684.524511400008,224345.53513683198,228844.5245114,-4498.9893745680165,3661.01062543196,-4498.98937456804
2025-11-03,8345.535136831968,12844.524511400008,3000,0,0,0.0,0.0,0.0,0.0,0.0,0.0,4684.524511400008,233015.53513683198,237514.5245114,-4498.9893745680165,3661.01062543196,-4498.98937456804
2025-11-04,8345.535136831968,12844.524511400008,3000,0,0,0.0,0.0,0.0,0.0,0.0,0.0,4684.524511400008,228815.53513683192,233314.52451139997,-4498.989374568046,3661.01062543196,-4498.98937456804
2025-11-05,8345.535136831968,12844.524511400008,3000,0,0,0.0,0.0,0.0,0.0,0.0,0.0,4684.524511400008,234065.53513683192,238564.52451139997,-4498.989374568046,3661.01062543196,-4498.98937456804
2025-11-06,84364.00113360796,12844.524511400008,2000,0,0,0.0,49.094003224,0.0,0.0,0.0,0.0,4684.524511400008,236804.00113360796,241504.5245114,-4700.523377792037,79679.47662220795,71519.47662220795
2025-11-07,84126.01869959598,12844.524511400008,2000,0,0,0.0,57.402434012,0.0,0.0,0.0,0.0,4684.524511400008,229526.018699596,230944.5245114,-1418.5058118040033,79441.49418819597,71281.49418819597
2025-11-10,12472.601807395986,12844.524511400008,3000,0,0,0.0,10.416892200000001,0.0,0.0,0.0,0.0,4684.524511400008,226972.601807396,227344.5245114,-371.9227040040132,7788.077295995978,-371.9227040040223
2025-11-11,12472.601807395986,12844.524511400008,3000,0,0,0.0,0.0,0.0,0.0,0.0,0.0,4684.524511400008,216562.601807396,216934.5245114,-371.9227040040132,7788.077295995978,-371.9227040040223
2025-11-12,12472.601807395986,12844.524511400008,3000,0,0,0.0,0.0,0.0,0.0,0.0,0.0,4684.524511400008,218272.60180739596,218644.52451139997,-371.9227040040132,7788.077295995978,-371.9227040040223
2025-11-13,12472.601807395986,12844.524511400008,3000,0,0,0.0,0.0,0.0,0.0,0.0,0.0,4684.524511400008,216442.60180739596,216814.52451139997,-371.9227040040132,7788.077295995978,-371.9227040040223
2025-11-14,12472.601807395986,12844.524511400008,3000,0,0,0.0,0.0,0.0,0.0,0.0,0.0,4684.524511400008,205282.601807396,205654.5245114,-371.9227040040132,7788.077295995978,-371.9227040040223
2025-11-17,12472.601807395986,12844.524511400008,3000,0,0,0.0,0.0,0.0,0.0,0.0,0.0,4684.524511400008,207292.601807396,207664.5245114,-371.9227040040132,7788.077295995978,-371.9227040040223
2025-11-18,12472.601807395986,12844.524511400008,3000,0,0,0.0,0.0,0.0,0.0,0.0,0.0,4684.524511400008,206632.601807396,207004.5245114,-371.9227040040132,7788.077295995978,-371.9227040040223
2025-11-19,12472.601807395986,12844.524511400008,3000,0,0,0.0,0.0,0.0,0.0,0.0,0.0,4684.524511400008,207652.601807396,208024.5245114,-371.9227040040132,7788.077295995978,-371.9227040040223
2025-11-20,12472.601807395986,12844.524511400008,3000,0,0,0.0,0.0,0.0,0.0,0.0,0.0,4684.524511400008,210292.601807396,210664.5245114,-371.9227040040132,7788.077295995978,-371.9227040040223
2025-11-21,12472.601807395986,12844.524511400008,3000,0,0,0.0,0.0,0.0,0.0,0.0,0.0,4684.524511400008,194482.601807396,194854.5245114,-371.9227040040132,7788.077295995978,-371.9227040040223
2025-11-24,12472.601807395986,12844.524511400008,3000,0,0,0.0,0.0,0.0,0.0,0.0,0.0,4684.524511400008,180292.601807396,180664.5245114,-371.9227040040132,7788.077295995978,-371.9227040040223
2025-11-25,12472.601807395986,12844.524511400008,3000,0,0,0.0,0.0,0.0,0.0,0.0,0.0,4684.524511400008,182302.601807396,182674.5245114,-371.9227040040132,7788.077295995978,-371.9227040040223
2025-11-26,12472.601807395986,12844.524511400008,3000,0,0,0.0,0.0,0.0,0.0,0.0,0.0,4684.524511400008,189262.601807396,189634.5245114,-371.9227040040132,7788.077295995978,-371.9227040040223
2025-11-27,12472.601807395986,12844.524511400008,3000,0,0,0.0,0.0,0.0,0.0,0.0,0.0,4684.524511400008,193282.601807396,193654.5245114,-371.9227040040132,7788.077295995978,-371.9227040040223
2025-11-28,12472.601807395986,12844.524511400008,3000,0,0,0.0,0.0,0.0,0.0,0.0,0.0,4684.524511400008,194632.601807396,195004.5245114,-371.9227040040132,7788.077295995978,-371.9227040040223
2025-12-01,72124.45763614398,12844.524511400008,2000,0,0,0.0,38.524171252,0.0,0.0,0.0,0.0,4684.524511400008,191744.45763614398,192274.5245114,-530.0668752560159,67439.93312474397,59279.93312474398
2025-12-02,11043.677781883984,12844.524511400008,3000,0,0,0.0,8.87985426,0.0,0.0,0.0,0.0,4684.524511400008,193923.67778188398,195724.5245114,-1800.8467295160226,6359.153270483976,-1800.8467295160244
2025-12-03,11043.677781883984,12844.524511400008,3000,0,0,0.0,0.0,0.0,0.0,0.0,0.0,4684.524511400008,196083.67778188398,197884.5245114,-1800.8467295160226,6359.153270483976,-1800.8467295160244
2025-12-04,11043.677781883984,12844.524511400008,3000,0,0,0.0,0.0,0.0,0.0,0.0,0.0,4684.524511400008,195243.67778188398,197044.5245114,-1800.8467295160226,6359.153270483976,-1800.8467295160244
2025-12-05,11043.677781883984,12844.524511400008,3000,0,0,0.0,0.0,0.0,0.0,0.0,0.0,4684.524511400008,194403.67778188398,196204.5245114,-1800.8467295160226,6359.153270483976,-1800.8467295160244
2025-12-08,11043.677781883984,12844.524511400008,3000,0,0,0.0,0.0,0.0,0.0,0.0,0.0,4684.524511400008,201273.67778188398,203074.5245114,-1800.8467295160226,6359.153270483976,-1800.8467295160244
2025-12-09,11043.677781883984,12844.524511400008,3000,0,0,0.0,0.0,0.0,0.0,0.0,0.0,4684.524511400008,215013.67778188395,216814.52451139997,-1800.8467295160226,6359.153270483976,-1800.8467295160244
2025-12-10,11043.677781883984,12844.524511400008,3000,0,0,0.0,0.0,0.0,0.0,0.0,0.0,4684.524511400008,206673.67778188395,208474.52451139997,-1800.8467295160226,6359.153270483976,-1800.8467295160244
2025-12-11,11043.677781883984,12844.524511400008,3000,0,0,0.0,0.0,0.0,0.0,0.0,0.0,4684.524511400008,197943.67778188398,199744.5245114,-1800.8467295160226,6359.153270483976,-1800.8467295160244
2025-12-12,11043.677781883984,12844.524511400008,3000,0,0,0.0,0.0,0.0,0.0,0.0,0.0,4684.524511400008,196293.67778188398,198094.5245114,-1800.8467295160226,6359.153270483976,-1800.8467295160244
2025-12-15,11043.677781883984,12844.524511400008,3000,0,0,0.0,0.0,0.0,0.0,0.0,0.0,4684.524511400008,188463.67778188398,190264.5245114,-1800.8467295160226,6359.153270483976,-1800.8467295160244
2025-12-16,11043.677781883984,12844.524511400008,3000,0,0,0.0,0.0,0.0,0.0,0.0,0.0,4684.524511400008,187893.67778188398,189694.5245114,-1800.8467295160226,6359.153270483976,-1800.8467295160244
2025-12-17,11043.677781883984,12844.524511400008,3000,0,0,0.0,0.0,0.0,0.0,0.0,0.0,4684.524511400008,195543.67778188398,197344.5245114,-1800.8467295160226,6359.153270483976,-1800.8467295160244
2025-12-18,69169.57909770799,12844.524511400008,2000,0,0,0.0,37.538684176000004,0.0,0.0,0.0,0.0,4684.524511400008,185729.579097708,187684.5245114,-1954.9454136920103,64485.05458630798,56325.05458630798
2025-12-19,10744.485324067988,12844.524511400008,3000,0,0,0.0,8.49377364,0.0,0.0,0.0,0.0,4684.524511400008,185644.485324068,187744.5245114,-2100.039187332004,6059.96081266798,-2100.0391873320204
2025-12-22,10744.485324067988,12844.524511400008,3000,0,0,0.0,0.0,0.0,0.0,0.0,0.0,4684.524511400008,192604.485324068,194704.5245114,-2100.039187332004,6059.96081266798,-2100.0391873320204
2025-12-23,10744.485324067988,12844.524511400008,3000,0,0,0.0,0.0,0.0,0.0,0.0,0.0,4684.524511400008,199324.485324068,201424.5245114,-2100.039187332004,6059.96081266798,-2100.0391873320204
2025-12-24,10744.485324067988,12844.524511400008,3000,0,0,0.0,0.0,0.0,0.0,0.0,0.0,4684.524511400008,206164.485324068,208264.5245114,-2100.039187332004,6059.96081266798,-2100.0391873320204
2025-12-25,10744.485324067988,12844.524511400008,3000,0,0,0.0,0.0,0.0,0.0,0.0,0.0,4684.524511400008,210904.485324068,213004.5245114,-2100.039187332004,6059.96081266798,-2100.0391873320204
2025-12-26,10744.485324067988,12844.524511400008,3000,0,0,0.0,0.0,0.0,0.0,0.0,0.0,4684.524511400008,202264.485324068,204364.5245114,-2100.039187332004,6059.96081266798,-2100.0391873320204
2025-12-29,10744.485324067988,12844.524511400008,3000,0,0,0.0,0.0,0.0,0.0,0.0,0.0,4684.524511400008,206464.48532406797,208564.52451139997,-2100.039187332004,6059.96081266798,-2100.0391873320204
2025-12-30,10744.485324067988,12844.524511400008,3000,0,0,0.0,0.0,0.0,0.0,0.0,0.0,4684.524511400008,203434.485324068,205534.5245114,-2100.039187332004,6059.96081266798,-2100.0391873320204
2025-12-31,10744.485324067988,12844.524511400008,3000,0,0,0.0,0.0,0.0,0.0,0.0,0.0,4684.524511400008,196894.485324068,198994.5245114,-2100.039187332004,6059.96081266798,-2100.0391873320204
2026-01-05,10744.485324067988,12844.524511400008,3000,0,0,0.0,0.0,0.0,0.0,0.0,0.0,4684.524511400008,201754.485324068,203854.5245114,-2100.039187332004,6059.96081266798,-2100.0391873320204
2026-01-06,10744.485324067988,12844.524511400008,3000,0,0,0.0,0.0,0.0,0.0,0.0,0.0,4684.524511400008,202894.485324068,204994.5245114,-2100.039187332004,6059.96081266798,-2100.0391873320204
2026-01-07,10744.485324067988,12844.524511400008,3000,0,0,0.0,0.0,0.0,0.0,0.0,0.0,4684.524511400008,200194.485324068,202294.5245114,-2100.039187332004,6059.96081266798,-2100.0391873320204
2026-01-08,10744.485324067988,12844.524511400008,3000,0,0,0.0,0.0,0.0,0.0,0.0,0.0,4684.524511400008,194734.485324068,196834.5245114,-2100.039187332004,6059.96081266798,-2100.0391873320204
2026-01-09,10744.485324067988,12844.524511400008,3000,0,0,0.0,0.0,0.0,0.0,0.0,0.0,4684.524511400008,195184.485324068,197284.5245114,-2100.039187332004,6059.96081266798,-2100.0391873320204
2026-01-12,71513.37975051199,12844.524511400008,2000,0,0,0.0,39.245573556000004,0.0,0.0,0.0,0.0,4684.524511400008,193373.379750512,195634.5245114,-2261.1447608880117,66828.85523911197,58668.85523911198
2026-01-13,12216.419225875994,12844.524511400008,3000,0,0,0.0,8.620524636,0.0,0.0,0.0,0.0,4684.524511400008,190506.419225876,191134.5245114,-628.1052855240123,7531.894714475986,-628.1052855240141
2026-01-14,12216.419225875994,12844.524511400008,3000,0,0,0.0,0.0,0.0,0.0,0.0,0.0,4684.524511400008,192216.419225876,192844.5245114,-628.1052855240123,7531.894714475986,-628.1052855240141
2026-01-15,12216.419225875994,12844.524511400008,3000,0,0,0.0,0.0,0.0,0.0,0.0,0.0,4684.524511400008,194586.419225876,195214.5245114,-628.1052855240123,7531.894714475986,-628.1052855240141
2026-01-16,76006.840346276,13834.524511400008,2000,0,0,132.0,40.57887960000001,33.0,990.0,990.0,0.0,4684.524511400008,201874.840346276,202834.5245114,-959.6841651239956,71322.31583487599,62172.315834876
2026-01-19,15096.425259452008,13834.524511400008,3000,0,0,132.0,8.855086823999999,0.0,0.0,0.0,0.0,4684.524511400008,197664.42525945202,196534.5245114,1129.9007480520231,10411.900748052,1261.9007480519995
2026-01-20,15096.425259452008,13834.524511400008,3000,0,0,99.0,0.0,0.0,0.0,0.0,0.0,4684.524511400008,194007.42525945202,192844.5245114,1162.9007480520231,10411.900748052,1261.9007480519995
2026-01-21,15096.425259452008,13834.524511400008,3000,0,0,99.0,0.0,0.0,0.0,0.0,0.0,4684.524511400008,199677.42525945202,198514.5245114,1162.9007480520231,10411.900748052,1261.9007480519995
2026-01-22,77647.507407152,13834.524511400008,2000,0,0,66.0,40.41785230000001,33.0,0.0,0.0,0.0,4684.524511400008,203081.507407152,202084.5245114,996.9828957520076,72962.982895752,63812.982895752
2026-01-23,17378.46556244001,13834.524511400008,3000,0,0,66.0,8.761844712,0.0,0.0,0.0,0.0,4684.524511400008,197642.46556244002,194164.5245114,3477.9410510400194,12693.941051040003,3543.941051040003
2026-01-26,17378.46556244001,13834.524511400008,3000,0,0,66.0,0.0,0.0,0.0,0.0,0.0,4684.524511400008,195092.46556244002,191614.5245114,3477.9410510400194,12693.941051040003,3543.941051040003
2026-01-27,17378.46556244001,13834.524511400008,3000,0,0,66.0,0.0,0.0,0.0,0.0,0.0,4684.524511400008,200222.46556244002,196744.5245114,3477.9410510400194,12693.941051040003,3543.941051040003
2026-01-28,17378.46556244001,13834.524511400008,3000,0,0,66.0,0.0,0.0,0.0,0.0,0.0,4684.524511400008,199382.46556244002,195904.5245114,3477.9410510400194,12693.941051040003,3543.941051040003
2026-01-29,17378.46556244001,13834.524511400008,3000,0,0,66.0,0.0,0.0,0.0,0.0,0.0,4684.524511400008,190112.46556244002,186634.5245114,3477.9410510400194,12693.941051040003,3543.941051040003
2026-01-30,17378.46556244001,13834.524511400008,3000,0,0,66.0,0.0,0.0,0.0,0.0,0.0,4684.524511400008,190412.46556244002,186934.5245114,3477.9410510400194,12693.941051040003,3543.941051040003
2026-02-02,72845.241562184,13834.524511400008,2000,0,0,0.0,35.864000256,66.0,0.0,0.0,0.0,4684.524511400008,184205.241562184,180874.5245114,3330.7170507840056,68160.71705078399,59010.717050784
2026-02-03,17065.812412256004,13834.524511400008,3000,0,0,0.0,8.109149928,0.0,0.0,0.0,0.0,4684.524511400008,184315.812412256,181084.5245114,3231.2879008559976,12381.287900855996,3231.2879008559958
2026-02-04,17065.812412256004,13834.524511400008,3000,0,0,0.0,0.0,0.0,0.0,0.0,0.0,4684.524511400008,177295.812412256,174064.5245114,3231.2879008559976,12381.287900855996,3231.2879008559958
2026-02-05,17065.812412256004,13834.524511400008,3000,0,0,0.0,0.0,0.0,0.0,0.0,0.0,4684.524511400008,178705.812412256,175474.5245114,3231.2879008559976,12381.287900855996,3231.2879008559958
2026-02-06,17065.812412256004,13834.524511400008,3000,0,0,0.0,0.0,0.0,0.0,0.0,0.0,4684.524511400008,180265.812412256,177034.5245114,3231.2879008559976,12381.287900855996,3231.2879008559958
2026-02-09,17065.812412256004,13834.524511400008,3000,0,0,0.0,0.0,0.0,0.0,0.0,0.0,4684.524511400008,183625.812412256,180394.5245114,3231.2879008559976,12381.287900855996,3231.2879008559958
2026-02-10,17065.812412256004,13834.524511400008,3000,0,0,0.0,0.0,0.0,0.0,0.0,0.0,4684.524511400008,185275.812412256,182044.5245114,3231.2879008559976,12381.287900855996,3231.2879008559958
2026-02-11,17065.812412256004,13834.524511400008,3000,0,0,0.0,0.0,0.0,0.0,0.0,0.0,4684.524511400008,182665.812412256,179434.5245114,3231.2879008559976,12381.287900855996,3231.2879008559958
2026-02-12,17065.812412256004,13834.524511400008,3000,0,0,0.0,0.0,0.0,0.0,0.0,0.0,4684.524511400008,183055.812412256,179824.5245114,3231.2879008559976,12381.287900855996,3231.2879008559958
2026-02-13,17065.812412256004,13834.524511400008,3000,0,0,0.0,0.0,0.0,0.0,0.0,0.0,4684.524511400008,181315.812412256,178084.5245114,3231.2879008559976,12381.287900855996,3231.2879008559958
2026-02-24,17065.812412256004,13834.524511400008,3000,0,0,0.0,0.0,0.0,0.0,0.0,0.0,4684.524511400008,183205.812412256,179974.5245114,3231.2879008559976,12381.287900855996,3231.2879008559958
2026-02-25,17065.812412256004,13834.524511400008,3000,0,0,0.0,0.0,0.0,0.0,0.0,0.0,4684.524511400008,189235.812412256,186004.5245114,3231.2879008559976,12381.287900855996,3231.2879008559958
2026-02-26,17065.812412256004,13834.524511400008,3000,0,0,0.0,0.0,0.0,0.0,0.0,0.0,4684.524511400008,190915.812412256,187684.5245114,3231.2879008559976,12381.287900855996,3231.2879008559958
2026-02-27,17065.812412256004,13834.524511400008,3000,0,0,0.0,0.0,0.0,0.0,0.0,0.0,4684.524511400008,184165.812412256,180934.5245114,3231.2879008559976,12381.287900855996,3231.2879008559958
2026-03-02,17065.812412256004,13834.524511400008,3000,0,0,0.0,0.0,0.0,0.0,0.0,0.0,4684.524511400008,183655.812412256,180424.5245114,3231.2879008559976,12381.287900855996,3231.2879008559958
2026-03-03,17065.812412256004,13834.524511400008,3000,0,0,0.0,0.0,0.0,0.0,0.0,0.0,4684.524511400008,181705.812412256,178474.5245114,3231.2879008559976,12381.287900855996,3231.2879008559958
2026-03-04,17065.812412256004,13834.524511400008,3000,0,0,0.0,0.0,0.0,0.0,0.0,0.0,4684.524511400008,178345.812412256,175114.5245114,3231.2879008559976,12381.287900855996,3231.2879008559958
2026-03-05,17065.812412256004,13834.524511400008,3000,0,0,0.0,0.0,0.0,0.0,0.0,0.0,4684.524511400008,182365.812412256,179134.5245114,3231.2879008559976,12381.287900855996,3231.2879008559958
2026-03-06,17065.812412256004,13834.524511400008,3000,0,0,0.0,0.0,0.0,0.0,0.0,0.0,4684.524511400008,180055.812412256,176824.5245114,3231.2879008559976,12381.287900855996,3231.2879008559958
2026-03-09,17065.812412256004,13834.524511400008,3000,0,0,0.0,0.0,0.0,0.0,0.0,0.0,4684.524511400008,175435.812412256,172204.5245114,3231.2879008559976,12381.287900855996,3231.2879008559958
2026-03-10,17065.812412256004,13834.524511400008,3000,0,0,0.0,0.0,0.0,0.0,0.0,0.0,4684.524511400008,180145.812412256,176914.5245114,3231.2879008559976,12381.287900855996,3231.2879008559958
2026-03-11,70813.32136746802,13834.524511400008,2000,0,0,0.0,34.711044788,0.0,0.0,0.0,0.0,4684.524511400008,178593.32136746802,175504.5245114,3088.7968560680165,66128.796856068,56978.79685606801
2026-03-12,18150.56531592802,13834.524511400008,3000,0,0,0.0,7.65605154,0.0,0.0,0.0,0.0,4684.524511400008,175770.56531592802,171454.5245114,4316.04080452802,13466.040804528011,4316.040804528011
2026-03-13,18150.56531592802,13834.524511400008,3000,0,0,0.0,0.0,0.0,0.0,0.0,0.0,4684.524511400008,175620.56531592802,171304.5245114,4316.04080452802,13466.040804528011,4316.040804528011
2026-03-16,18150.56531592802,13834.524511400008,3000,0,0,0.0,0.0,0.0,0.0,0.0,0.0,4684.524511400008,176250.56531592802,171934.5245114,4316.04080452802,13466.040804528011,4316.040804528011
2026-03-17,68915.98015764801,13834.524511400008,2000,0,0,0.0,32.78515828,0.0,0.0,0.0,0.0,4684.524511400008,170715.980157648,166534.5245114,4181.45564624801,64231.455646248,55081.455646248
2026-03-18,16724.232580784002,13834.524511400008,3000,0,0,0.0,7.587576864000002,0.0,0.0,0.0,0.0,4684.524511400008,172904.232580784,170014.5245114,2889.7080693840107,12039.708069383994,2889.7080693839944
2026-03-19,67050.81083055201,13834.524511400008,2000,0,0,0.0,32.501750232000006,0.0,0.0,0.0,0.0,4684.524511400008,167970.810830552,165214.5245114,2756.2863191520155,62366.28631915201,53216.28631915201
2026-03-20,16592.775298772016,13834.524511400008,3000,0,0,0.0,7.33553178,0.0,0.0,0.0,0.0,4684.524511400008,167492.77529877203,164734.5245114,2758.2507873720315,11908.250787372008,2758.250787372008
2026-03-23,16592.775298772016,13834.524511400008,3000,0,0,0.0,0.0,0.0,0.0,0.0,0.0,4684.524511400008,159392.77529877203,156634.5245114,2758.2507873720315,11908.250787372008,2758.250787372008
2026-03-24,16592.775298772016,13834.524511400008,3000,0,0,0.0,0.0,0.0,0.0,0.0,0.0,4684.524511400008,163112.77529877203,160354.5245114,2758.2507873720315,11908.250787372008,2758.250787372008
2026-03-25,66769.75016492001,13834.524511400008,2000,0,0,0.0,32.405133852,0.0,0.0,0.0,0.0,4684.524511400008,167389.75016492,164764.5245114,2625.2256535199995,62085.22565352001,52935.22565352001
2026-03-26,17013.21661670001,13834.524511400008,3000,0,0,0.0,7.233548220000001,0.0,0.0,0.0,0.0,4684.524511400008,166233.2166167,163054.5245114,3178.692105299997,12328.692105300002,3178.6921053000024
2026-03-27,17013.21661670001,13834.524511400008,3000,0,0,0.0,0.0,0.0,0.0,0.0,0.0,4684.524511400008,165603.2166167,162424.5245114,3178.692105299997,12328.692105300002,3178.6921053000024
2026-03-30,17013.21661670001,13834.524511400008,3000,0,0,0.0,0.0,0.0,0.0,0.0,0.0,4684.524511400008,164823.2166167,161644.5245114,3178.692105299997,12328.692105300002,3178.6921053000024
2026-03-31,68337.15075726801,13834.524511400008,2000,0,0,0.0,33.145859432,0.0,0.0,0.0,0.0,4684.524511400008,171257.150757268,168214.5245114,3042.626245868014,63652.62624586801,54502.62624586801
2026-04-01,15063.08583434001,13834.524511400008,3000,0,0,0.0,7.744922928,0.0,0.0,0.0,0.0,4684.524511400008,175023.08583434002,173794.5245114,1228.5613229400187,10378.561322940002,1228.5613229400024
2026-04-02,15063.08583434001,13834.524511400008,3000,0,0,0.0,0.0,0.0,0.0,0.0,0.0,4684.524511400008,171063.08583434002,169834.5245114,1228.5613229400187,10378.561322940002,1228.5613229400024
2026-04-03,15063.08583434001,13834.524511400008,3000,0,0,0.0,0.0,0.0,0.0,0.0,0.0,4684.524511400008,171603.08583434002,170374.5245114,1228.5613229400187,10378.561322940002,1228.5613229400024
2026-04-07,15063.08583434001,13834.524511400008,3000,0,0,0.0,0.0,0.0,0.0,0.0,0.0,4684.524511400008,172803.08583434002,171574.5245114,1228.5613229400187,10378.561322940002,1228.5613229400024
2026-04-08,15063.08583434001,13834.524511400008,3000,0,0,0.0,0.0,0.0,0.0,0.0,0.0,4684.524511400008,184893.08583434002,183664.5245114,1228.5613229400187,10378.561322940002,1228.5613229400024
2026-04-09,15063.08583434001,13834.524511400008,3000,0,0,0.0,0.0,0.0,0.0,0.0,0.0,4684.524511400008,180123.08583434002,178894.5245114,1228.5613229400187,10378.561322940002,1228.5613229400024
2026-04-10,15063.08583434001,13834.524511400008,3000,0,0,0.0,0.0,0.0,0.0,0.0,0.0,4684.524511400008,184623.08583434002,183394.5245114,1228.5613229400187,10378.561322940002,1228.5613229400024
2026-04-13,15063.08583434001,13834.524511400008,3000,0,0,0.0,0.0,0.0,0.0,0.0,0.0,4684.524511400008,182163.08583434002,180934.5245114,1228.5613229400187,10378.561322940002,1228.5613229400024
2026-04-14,15063.08583434001,13834.524511400008,3000,0,0,0.0,0.0,0.0,0.0,0.0,0.0,4684.524511400008,191823.08583434002,190594.5245114,1228.5613229400187,10378.561322940002,1228.5613229400024
2026-04-15,15063.08583434001,13834.524511400008,3000,0,0,0.0,0.0,0.0,0.0,0.0,0.0,4684.524511400008,188523.08583434002,187294.5245114,1228.5613229400187,10378.561322940002,1228.5613229400024
2026-04-16,15063.08583434001,13834.524511400008,3000,0,0,0.0,0.0,0.0,0.0,0.0,0.0,4684.524511400008,193023.08583434002,191794.5245114,1228.5613229400187,10378.561322940002,1228.5613229400024
2026-04-17,15063.08583434001,13834.524511400008,3000,0,0,0.0,0.0,0.0,0.0,0.0,0.0,4684.524511400008,197973.08583434002,196744.5245114,1228.5613229400187,10378.561322940002,1228.5613229400024
2026-04-20,15063.08583434001,13834.524511400008,3000,0,0,0.0,0.0,0.0,0.0,0.0,0.0,4684.524511400008,199593.08583434002,198364.5245114,1228.5613229400187,10378.561322940002,1228.5613229400024
2026-04-21,15063.08583434001,13834.524511400008,3000,0,0,0.0,0.0,0.0,0.0,0.0,0.0,4684.524511400008,199293.08583434002,198064.5245114,1228.5613229400187,10378.561322940002,1228.5613229400024
2026-04-22,81776.22136995202,13834.524511400008,2000,0,0,0.0,43.08446438800001,0.0,0.0,0.0,0.0,4684.524511400008,215556.22136995202,214504.5245114,1051.6968585520226,77091.69685855201,67941.69685855201
2026-04-23,13930.958102792021,13834.524511400008,3000,0,0,0.0,9.863267160000001,0.0,0.0,0.0,0.0,4684.524511400008,217690.95810279204,217594.5245114,96.43359139203676,9246.433591392013,96.43359139201311
2026-04-24,13930.958102792021,13834.524511400008,3000,0,0,0.0,0.0,0.0,0.0,0.0,0.0,4684.524511400008,208960.95810279204,208864.52451140003,96.43359139200766,9246.433591392013,96.43359139201311
2026-04-27,13930.958102792021,13834.524511400008,3000,0,0,0.0,0.0,0.0,0.0,0.0,0.0,4684.524511400008,215680.95810279204,215584.5245114,96.43359139203676,9246.433591392013,96.43359139201311
2026-04-28,13930.958102792021,13834.524511400008,3000,0,0,0.0,0.0,0.0,0.0,0.0,0.0,4684.524511400008,218530.95810279204,218434.5245114,96.43359139203676,9246.433591392013,96.43359139201311
2026-04-29,13930.958102792021,13834.524511400008,3000,0,0,0.0,0.0,0.0,0.0,0.0,0.0,4684.524511400008,212710.95810279204,212614.52451140003,96.43359139200766,9246.433591392013,96.43359139201311
2026-04-30,13930.958102792021,13834.524511400008,3000,0,0,0.0,0.0,0.0,0.0,0.0,0.0,4684.524511400008,202570.95810279204,202474.5245114,96.43359139203676,9246.433591392013,96.43359139201311
2026-05-06,13930.958102792021,13834.524511400008,3000,0,0,0.0,0.0,0.0,0.0,0.0,0.0,4684.524511400008,203170.95810279204,203074.5245114,96.43359139203676,9246.433591392013,96.43359139201311
2026-05-07,13930.958102792021,13834.524511400008,3000,0,0,0.0,0.0,0.0,0.0,0.0,0.0,4684.524511400008,206470.95810279204,206374.52451140003,96.43359139200766,9246.433591392013,96.43359139201311
2026-05-08,13930.958102792021,13834.524511400008,3000,0,0,0.0,0.0,0.0,0.0,0.0,0.0,4684.524511400008,203770.95810279204,203674.5245114,96.43359139203676,9246.433591392013,96.43359139201311
2026-05-11,13930.958102792021,13834.524511400008,3000,0,0,0.0,0.0,0.0,0.0,0.0,0.0,4684.524511400008,211480.95810279198,211384.52451139997,96.43359139200766,9246.433591392013,96.43359139201311
2026-05-12,13930.958102792021,13834.524511400008,3000,0,0,0.0,0.0,0.0,0.0,0.0,0.0,4684.524511400008,207130.95810279204,207034.52451140003,96.43359139200766,9246.433591392013,96.43359139201311
2026-05-13,13930.958102792021,13834.524511400008,3000,0,0,0.0,0.0,0.0,0.0,0.0,0.0,4684.524511400008,226450.95810279204,226354.5245114,96.43359139203676,9246.433591392013,96.43359139201311
2026-05-14,13930.958102792021,13834.524511400008,3000,0,0,0.0,0.0,0.0,0.0,0.0,0.0,4684.524511400008,219730.95810279198,219634.52451139997,96.43359139200766,9246.433591392013,96.43359139201311
2026-05-15,13930.958102792021,13834.524511400008,3000,0,0,0.0,0.0,0.0,0.0,0.0,0.0,4684.524511400008,216790.95810279204,216694.5245114,96.43359139203676,9246.433591392013,96.43359139201311
2026-05-18,13930.958102792021,13834.524511400008,3000,0,0,0.0,0.0,0.0,0.0,0.0,0.0,4684.524511400008,220870.95810279204,220774.5245114,96.43359139203676,9246.433591392013,96.43359139201311
2026-05-19,13930.958102792021,13834.524511400008,3000,0,0,0.0,0.0,0.0,0.0,0.0,0.0,4684.524511400008,219610.95810279204,219514.5245114,96.43359139203676,9246.433591392013,96.43359139201311
2026-05-20,81900.76206081202,13834.524511400008,2000,0,0,0.0,43.89604198000001,0.0,0.0,0.0,0.0,4684.524511400008,218200.76206081203,218284.52451140003,-83.76245058799395,77216.237549412,68066.237549412
2026-05-21,81256.32208284803,13834.524511400008,2000,0,0,0.0,51.77997796400001,0.0,0.0,0.0,0.0,4684.524511400008,212256.32208284803,210334.5245114,1921.7975714480272,76571.79757144801,67421.79757144801
2026-05-22,13902.110204180033,13834.524511400008,3000,0,0,0.0,9.791878668,0.0,0.0,0.0,0.0,4684.524511400008,215382.11020418003,215314.5245114,67.58569278003415,9217.585692780025,67.58569278002506
2026-05-25,84016.22932742002,13834.524511400008,2000,0,0,0.0,45.280876760000005,0.0,0.0,0.0,0.0,4684.524511400008,224616.22932742,224734.5245114,-118.29518397999345,79331.70481602,70181.70481602
2026-05-26,13825.94514378802,13834.524511400008,3000,0,0,0.0,10.204183632000001,0.0,0.0,0.0,0.0,4684.524511400008,223765.945143788,223774.5245114,-8.579367611993803,9141.420632388012,-8.579367611988346
2026-05-27,13825.94514378802,13834.524511400008,3000,0,0,0.0,0.0,0.0,0.0,0.0,0.0,4684.524511400008,224065.945143788,224074.5245114,-8.579367611993803,9141.420632388012,-8.579367611988346
2026-05-28,13825.94514378802,13834.524511400008,3000,0,0,0.0,0.0,0.0,0.0,0.0,0.0,4684.524511400008,238825.945143788,238834.5245114,-8.579367611993803,9141.420632388012,-8.579367611988346
2026-05-29,13825.94514378802,13834.524511400008,3000,0,0,0.0,0.0,0.0,0.0,0.0,0.0,4684.524511400008,234025.94514378806,234034.52451140003,-8.579367611964699,9141.420632388012,-8.579367611988346
2026-06-01,13825.94514378802,13834.524511400008,3000,0,0,0.0,0.0,0.0,0.0,0.0,0.0,4684.524511400008,235075.945143788,235084.5245114,-8.579367611993803,9141.420632388012,-8.579367611988346
2026-06-02,13825.94514378802,13834.524511400008,3000,0,0,0.0,0.0,0.0,0.0,0.0,0.0,4684.524511400008,253855.94514378806,253864.52451140003,-8.579367611964699,9141.420632388012,-8.579367611988346
2026-06-03,13825.94514378802,13834.524511400008,3000,0,0,0.0,0.0,0.0,0.0,0.0,0.0,4684.524511400008,256975.945143788,256984.5245114,-8.579367611993803,9141.420632388012,-8.579367611988346
2026-06-04,13825.94514378802,13834.524511400008,3000,0,0,0.0,0.0,0.0,0.0,0.0,0.0,4684.524511400008,249475.945143788,249484.5245114,-8.579367611993803,9141.420632388012,-8.579367611988346
2026-06-05,13825.94514378802,13834.524511400008,3000,0,0,0.0,0.0,0.0,0.0,0.0,0.0,4684.524511400008,236005.945143788,236014.5245114,-8.579367611993803,9141.420632388012,-8.579367611988346
2026-06-08,13825.94514378802,13834.524511400008,3000,0,0,0.0,0.0,0.0,0.0,0.0,0.0,4684.524511400008,225265.945143788,225274.5245114,-8.579367611993803,9141.420632388012,-8.579367611988346
2026-06-09,13825.94514378802,13834.524511400008,3000,0,0,0.0,0.0,0.0,0.0,0.0,0.0,4684.524511400008,238045.945143788,238054.52451139997,-8.579367611964699,9141.420632388012,-8.579367611988346
2026-06-10,84767.86965639202,13834.524511400008,2000,0,0,0.0,45.81548739600001,0.0,0.0,0.0,0.0,4684.524511400008,227027.86965639202,227224.5245114,-196.65485500797513,80083.34514499201,70933.34514499201
2026-06-11,15429.40930994002,13834.524511400008,3000,0,0,0.0,10.080346452,0.0,0.0,0.0,0.0,4684.524511400008,223989.40930994,222394.5245114,1594.8847985400062,10744.884798540012,1594.8847985400116
2026-06-12,15429.40930994002,13834.524511400008,3000,0,0,0.0,0.0,0.0,0.0,0.0,0.0,4684.524511400008,225819.40930994,224224.5245114,1594.8847985400062,10744.884798540012,1594.8847985400116
2026-06-15,15429.40930994002,13834.524511400008,3000,0,0,0.0,0.0,0.0,0.0,0.0,0.0,4684.524511400008,235629.40930994006,234034.52451140003,1594.8847985400353,10744.884798540012,1594.8847985400116
2026-06-16,88136.65374926002,13834.524511400008,2000,0,0,0.0,46.95556068,0.0,0.0,0.0,0.0,4684.524511400008,233936.65374926,232534.52451140003,1402.1292378599755,83452.12923786,74302.12923786
2026-06-17,15581.305735340022,13834.524511400008,3000,0,0,0.0,10.54801392,0.0,0.0,0.0,0.0,4684.524511400008,233501.30573534002,231754.5245114,1746.7812239400228,10896.781223940014,1746.7812239400137
2026-06-18,93454.85368900401,13834.524511400008,2000,0,0,0.0,50.292046336000006,0.0,0.0,0.0,0.0,4684.524511400008,249614.85368900403,248074.5245114,1540.3291776040278,88770.329177604,79620.329177604
2026-06-22,14515.837624688022,13834.524511400008,3000,0,0,0.0,11.476064315999999,0.0,0.0,0.0,0.0,4684.524511400008,251155.83762468802,250474.5245114,681.3131132880226,9831.313113288013,681.3131132880135
2026-06-23,14515.837624688022,13834.524511400008,3000,0,0,0.0,0.0,0.0,0.0,0.0,0.0,4684.524511400008,236815.837624688,236134.52451139997,681.3131132880226,9831.313113288013,681.3131132880135
2026-06-24,14515.837624688022,13834.524511400008,3000,0,0,0.0,0.0,0.0,0.0,0.0,0.0,4684.524511400008,244855.83762468802,244174.5245114,681.3131132880226,9831.313113288013,681.3131132880135
2026-06-25,91302.26765738003,13834.524511400008,2000,0,0,0.0,49.589967308000006,0.0,0.0,0.0,0.0,4684.524511400008,245282.26765738003,244804.52451139997,477.7431459800573,86617.74314598001,77467.74314598001
2026-06-26,20390.43857637202,13834.524511400008,3000,0,0,0.0,10.309081008000001,0.0,0.0,0.0,0.0,4684.524511400008,231050.43857637202,224494.5245114,6555.914064972021,15705.914064972012,6555.914064972012
2026-06-29,20390.43857637202,13834.524511400008,3000,0,0,0.0,0.0,0.0,0.0,0.0,0.0,4684.524511400008,229220.43857637202,222664.5245114,6555.914064972021,15705.914064972012,6555.914064972012
2026-06-30,20390.43857637202,13834.524511400008,3000,0,0,0.0,0.0,0.0,0.0,0.0,0.0,4684.524511400008,236840.43857637205,230284.52451140003,6555.914064972021,15705.914064972012,6555.914064972012
2026-07-01,20390.43857637202,13834.524511400008,3000,0,0,0.0,0.0,0.0,0.0,0.0,0.0,4684.524511400008,230390.43857637202,223834.5245114,6555.914064972021,15705.914064972012,6555.914064972012
2026-07-02,20390.43857637202,13834.524511400008,3000,0,0,0.0,0.0,0.0,0.0,0.0,0.0,4684.524511400008,212450.43857637202,205894.5245114,6555.914064972021,15705.914064972012,6555.914064972012
2026-07-03,20390.43857637202,13834.524511400008,3000,0,0,0.0,0.0,0.0,0.0,0.0,0.0,4684.524511400008,214550.43857637202,207994.5245114,6555.914064972021,15705.914064972012,6555.914064972012
2026-07-06,20390.43857637202,13834.524511400008,3000,0,0,0.0,0.0,0.0,0.0,0.0,0.0,4684.524511400008,211160.43857637202,204604.5245114,6555.914064972021,15705.914064972012,6555.914064972012
2026-07-07,20390.43857637202,13834.524511400008,3000,0,0,0.0,0.0,0.0,0.0,0.0,0.0,4684.524511400008,211730.43857637202,205174.5245114,6555.914064972021,15705.914064972012,6555.914064972012
2026-07-08,20390.43857637202,13834.524511400008,3000,0,0,0.0,0.0,0.0,0.0,0.0,0.0,4684.524511400008,218420.43857637205,211864.52451140003,6555.914064972021,15705.914064972012,6555.914064972012
2026-07-09,20390.43857637202,13834.524511400008,3000,0,0,0.0,0.0,0.0,0.0,0.0,0.0,4684.524511400008,228980.43857637202,222424.5245114,6555.914064972021,15705.914064972012,6555.914064972012
2026-07-10,86485.21345968802,13834.524511400008,2000,0,0,0.0,42.68511668400001,0.0,0.0,0.0,0.0,4684.524511400008,219025.213459688,212644.5245114,6380.688948288007,81800.688948288,72650.688948288
2026-07-13,23129.562887312015,13834.524511400008,3000,0,0,0.0,9.210572376,0.0,0.0,0.0,0.0,4684.524511400008,212369.56288731203,203074.5245114,9295.03837591203,18445.03837591201,9295.038375912007
2026-07-14,23129.562887312015,13834.524511400008,3000,0,0,0.0,0.0,0.0,0.0,0.0,0.0,4684.524511400008,219929.56288731197,210634.52451139997,9295.038375912001,18445.03837591201,9295.038375912007
2026-07-15,86581.34466000802,13834.524511400008,2000,0,0,0.0,40.97822730400001,0.0,0.0,0.0,0.0,4684.524511400008,213821.34466000804,204694.5245114,9126.820148608036,81896.820148608,72746.820148608
2026-07-16,23877.08878665202,13834.524511400008,3000,0,0,0.0,9.115873356,0.0,0.0,0.0,0.0,4684.524511400008,212937.08878665202,202894.5245114,10042.564275252022,19192.564275252014,10042.564275252013
2026-07-17,23877.08878665202,13834.524511400008,3000,0,0,0.0,0.0,0.0,0.0,0.0,0.0,4684.524511400008,196647.08878665202,186604.5245114,10042.564275252022,19192.564275252014,10042.564275252013
2026-07-20,23877.08878665202,13834.524511400008,3000,0,0,0.0,0.0,0.0,0.0,0.0,0.0,4684.524511400008,193377.08878665202,183334.5245114,10042.564275252022,19192.564275252014,10042.564275252013
2026-07-21,23877.08878665202,13834.524511400008,3000,0,0,0.0,0.0,0.0,0.0,0.0,0.0,4684.524511400008,206817.08878665202,196774.5245114,10042.564275252022,19192.564275252014,10042.564275252013
2026-07-22,23877.08878665202,13834.524511400008,3000,0,0,0.0,0.0,0.0,0.0,0.0,0.0,4684.524511400008,206007.08878665202,195964.5245114,10042.564275252022,19192.564275252014,10042.564275252013
2026-07-23,23877.08878665202,13834.524511400008,3000,0,0,0.0,0.0,0.0,0.0,0.0,0.0,4684.524511400008,212517.08878665202,202474.5245114,10042.564275252022,19192.564275252014,10042.564275252013
2026-07-24,23877.08878665202,13834.524511400008,3000,0,0,0.0,0.0,0.0,0.0,0.0,0.0,4684.524511400008,204627.08878665202,194584.5245114,10042.564275252022,19192.564275252014,10042.564275252013
2026-07-27,23877.08878665202,13834.524511400008,3000,0,0,0.0,0.0,0.0,0.0,0.0,0.0,4684.524511400008,208527.08878665202,198484.5245114,10042.564275252022,19192.564275252014,10042.564275252013
2026-07-28,81803.51892431601,13834.524511400008,2000,0,0,0.0,37.409862335999996,0.0,0.0,0.0,0.0,4684.524511400008,197963.518924316,188074.5245114,9888.994412916014,77118.994412916,67968.994412916
2026-07-29,23879.497996076017,13834.524511400008,3000,0,0,0.0,8.42092824,0.0,0.0,0.0,0.0,4684.524511400008,197129.497996076,187084.5245114,10044.973484676011,19194.97348467601,10044.97348467601
2026-07-30,23879.497996076017,13834.524511400008,3000,0,0,0.0,0.0,0.0,0.0,0.0,0.0,4684.524511400008,185279.497996076,175234.5245114,10044.973484676011,19194.97348467601,10044.97348467601
2026-07-31,23879.497996076017,13834.524511400008,3000,0,0,0.0,0.0,0.0,0.0,0.0,0.0,4684.524511400008,193979.497996076,183934.5245114,10044.973484676011,19194.97348467601,10044.97348467601
2026-08-03,25829.497996076017,15784.524511400008,3000,0,0,390.0,0.0,0.0,1950.0,1950.0,0.0,4684.524511400008,193139.497996076,183484.5245114,9654.973484676011,21144.97348467601,10044.97348467601
2026-08-04,25829.497996076017,15784.524511400008,3000,0,0,390.0,0.0,0.0,0.0,0.0,0.0,4684.524511400008,205229.497996076,195574.5245114,9654.973484676011,21144.97348467601,10044.97348467601
2026-08-05,25829.497996076017,15784.524511400008,3000,0,0,390.0,0.0,0.0,0.0,0.0,0.0,4684.524511400008,223199.497996076,213544.5245114,9654.973484676011,21144.97348467601,10044.97348467601
2026-08-06,25829.497996076017,15784.524511400008,3000,0,0,390.0,0.0,0.0,0.0,0.0,0.0,4684.524511400008,230249.497996076,220594.5245114,9654.973484676011,21144.97348467601,10044.97348467601
2026-08-07,25829.497996076017,15784.524511400008,3000,0,0,390.0,0.0,0.0,0.0,0.0,0.0,4684.524511400008,229979.49799607604,220324.52451140003,9654.973484676011,21144.97348467601,10044.97348467601
2026-08-10,25829.497996076017,15784.524511400008,3000,0,0,390.0,0.0,0.0,0.0,0.0,0.0,4684.524511400008,232979.49799607604,223324.52451140003,9654.973484676011,21144.97348467601,10044.97348467601
2026-08-11,25829.497996076017,15784.524511400008,3000,0,0,390.0,0.0,0.0,0.0,0.0,0.0,4684.524511400008,223469.49799607604,213814.52451140003,9654.973484676011,21144.97348467601,10044.97348467601
2026-08-12,25829.497996076017,15784.524511400008,3000,0,0,390.0,0.0,0.0,0.0,0.0,0.0,4684.524511400008,222239.49799607598,212584.52451139997,9654.973484676011,21144.97348467601,10044.97348467601
2026-08-13,25829.497996076017,15784.524511400008,3000,0,0,390.0,0.0,0.0,0.0,0.0,0.0,4684.524511400008,221129.497996076,211474.5245114,9654.973484676011,21144.97348467601,10044.97348467601
2026-08-14,25829.497996076017,15784.524511400008,3000,0,0,325.0,0.0,0.0,0.0,0.0,0.0,4684.524511400008,224074.497996076,214354.5245114,9719.973484676011,21144.97348467601,10044.97348467601
2026-08-17,93814.09042536002,15784.524511400008,2000,0,0,195.0,43.947570716,65.0,0.0,0.0,0.0,4684.524511400008,230079.09042536002,220474.5245114,9604.565913960017,89129.56591396,78029.56591396
2026-08-18,27502.110065124027,15784.524511400008,3000,0,0,195.0,9.640360236000001,0.0,0.0,0.0,0.0,4684.524511400008,225907.11006512403,214384.5245114,11522.585553724028,22817.58555372402,11717.585553724019
2026-08-19,27502.110065124027,15784.524511400008,3000,0,0,195.0,0.0,0.0,0.0,0.0,0.0,4684.524511400008,212797.11006512403,201274.5245114,11522.585553724028,22817.58555372402,11717.585553724019
2026-08-20,27502.110065124027,15784.524511400008,3000,0,0,195.0,0.0,0.0,0.0,0.0,0.0,4684.524511400008,213697.11006512403,202174.5245114,11522.585553724028,22817.58555372402,11717.585553724019
2026-08-21,27502.110065124027,15784.524511400008,3000,0,0,195.0,0.0,0.0,0.0,0.0,0.0,4684.524511400008,215827.11006512403,204304.5245114,11522.585553724028,22817.58555372402,11717.585553724019
2026-08-24,27502.110065124027,15784.524511400008,3000,0,0,195.0,0.0,0.0,0.0,0.0,0.0,4684.524511400008,208507.11006512403,196984.5245114,11522.585553724028,22817.58555372402,11717.585553724019
2026-08-25,27502.110065124027,15784.524511400008,3000,0,0,195.0,0.0,0.0,0.0,0.0,0.0,4684.524511400008,207757.11006512403,196234.5245114,11522.585553724028,22817.58555372402,11717.585553724019
2026-08-26,27502.110065124027,15784.524511400008,3000,0,0,195.0,0.0,0.0,0.0,0.0,0.0,4684.524511400008,209017.11006512403,197494.5245114,11522.585553724028,22817.58555372402,11717.585553724019
2026-08-27,91128.25725161203,15784.524511400008,2000,0,0,130.0,41.132813512,65.0,0.0,0.0,0.0,4684.524511400008,218718.25725161203,207364.5245114,11353.732740212028,86443.73274021201,75343.73274021201
2026-08-28,26740.396617712024,15784.524511400008,3000,0,0,130.0,9.3606339,0.0,0.0,0.0,0.0,4684.524511400008,218730.39661771205,207904.52451140003,10825.872106312017,22055.872106312017,10955.872106312016
2026-08-31,26740.396617712024,15784.524511400008,3000,0,0,65.0,0.0,0.0,0.0,0.0,0.0,4684.524511400008,221195.39661771202,210304.5245114,10890.872106312017,22055.872106312017,10955.872106312016
2026-09-01,89448.97638466403,15784.524511400008,2000,0,0,0.0,40.540233048000005,65.0,0.0,0.0,0.0,4684.524511400008,215328.976384664,204604.5245114,10724.451873264014,84764.45187326401,73664.45187326401
2026-09-02,27516.37269322403,15784.524511400008,3000,0,0,0.0,9.00369144,0.0,0.0,0.0,0.0,4684.524511400008,212916.37269322402,201184.5245114,11731.848181824025,22831.848181824025,11731.848181824023
2026-09-03,27516.37269322403,15784.524511400008,3000,0,0,0.0,0.0,0.0,0.0,0.0,0.0,4684.524511400008,217116.37269322402,205384.5245114,11731.848181824025,22831.848181824025,11731.848181824023
2026-09-04,27516.37269322403,15784.524511400008,3000,0,0,0.0,0.0,0.0,0.0,0.0,0.0,4684.524511400008,218586.37269322402,206854.5245114,11731.848181824025,22831.848181824025,11731.848181824023
2026-09-07,27516.37269322403,15784.524511400008,3000,0,0,0.0,0.0,0.0,0.0,0.0,0.0,4684.524511400008,227226.372693224,215494.52451139997,11731.848181824025,22831.848181824025,11731.848181824023
2026-09-08,27516.37269322403,15784.524511400008,3000,0,0,0.0,0.0,0.0,0.0,0.0,0.0,4684.524511400008,221766.37269322402,210034.5245114,11731.848181824025,22831.848181824025,11731.848181824023
2026-09-09,27516.37269322403,15784.524511400008,3000,0,0,0.0,0.0,0.0,0.0,0.0,0.0,4684.524511400008,223236.372693224,211504.52451139997,11731.848181824025,22831.848181824025,11731.848181824023
2026-09-10,27516.37269322403,15784.524511400008,3000,0,0,0.0,0.0,0.0,0.0,0.0,0.0,4684.524511400008,219246.37269322402,207514.5245114,11731.848181824025,22831.848181824025,11731.848181824023
2026-09-11,27516.37269322403,15784.524511400008,3000,0,0,0.0,0.0,0.0,0.0,0.0,0.0,4684.524511400008,219726.372693224,207994.52451139997,11731.848181824025,22831.848181824025,11731.848181824023
