date,cash,shares,open_equity,equity
2020-01-02,20218.0,0,20218.0,20218.0
2020-01-03,20218.0,0,20218.0,20218.0
2020-01-06,20218.0,0,20218.0,20218.0
2020-01-07,2343.712621399998,1000,20218.0,20203.712621399998
2020-01-08,2397.8286324000037,1000,19931.9392076,19917.828632400004
2020-01-09,1701.4934509000086,1000,20016.009633900005,20001.49345090001
2020-01-10,2034.1438597000088,1000,20078.51964000001,20064.14385970001
2020-01-13,1397.0852638000106,1000,20021.76264990001,20007.08526380001
2020-01-14,20013.74677530001,0,20013.74677530001,20013.74677530001
2020-01-15,1299.0225883000094,1000,20013.74677530001,19999.02258830001
2020-01-16,19915.684099800008,0,19915.684099800008,19915.684099800008
2020-01-17,910.8091099000085,1000,19915.684099800008,19900.80910990001
2020-01-20,402.0641453000135,1000,19757.12113870001,19742.064145300013
2020-01-21,462.96294640001724,1000,19567.889937300017,19552.962946400017
2020-01-22,19329.244585400018,0,19329.244585400018,19329.244585400018
2020-01-23,19329.244585400018,0,19329.244585400018,19329.244585400018
2020-02-03,19329.244585400018,0,19329.244585400018,19329.244585400018
2020-02-04,1294.8740052000212,1000,19329.244585400018,19314.87400520002
2020-02-05,717.5610799000278,1000,19422.280066800024,19407.561079900028
2020-02-06,19224.38973530003,0,19224.38973530003,19224.38973530003
2020-02-07,19224.38973530003,0,19224.38973530003,19224.38973530003
2020-02-10,299.55634620003184,1000,19224.38973530003,19209.556346200032
2020-02-11,19075.974739300033,0,19075.974739300033,19075.974739300033
2020-02-12,19075.974739300033,0,19075.974739300033,19075.974739300033
2020-02-13,19075.974739300033,0,19075.974739300033,19075.974739300033
2020-02-14,19075.974739300033,0,19075.974739300033,19075.974739300033
2020-02-17,19075.974739300033,0,19075.974739300033,19075.974739300033
2020-02-18,211.17255080003451,1000,19075.974739300033,19061.172550800035
2020-02-19,18827.834062300033,0,18827.834062300033,18827.834062300033
2020-02-20,3.052674200032925,1000,18827.834062300033,18813.052674200033
2020-02-21,18639.683795900033,0,18639.683795900033,18639.683795900033
2020-02-24,18639.683795900033,0,18639.683795900033,18639.683795900033
2020-02-25,18639.683795900033,0,18639.683795900033,18639.683795900033
2020-02-26,18639.683795900033,0,18639.683795900033,18639.683795900033
2020-02-27,18639.683795900033,0,18639.683795900033,18639.683795900033
2020-02-28,18639.683795900033,0,18639.683795900033,18639.683795900033
2020-03-02,18639.683795900033,0,18639.683795900033,18639.683795900033
2020-03-03,18639.683795900033,0,18639.683795900033,18639.683795900033
2020-03-04,1865.9684283000352,1000,18639.683795900033,18625.968428300035
2020-03-05,1761.061777700037,1000,18934.985149300035,18921.061777700037
2020-03-06,18560.488761000037,0,18560.488761000037,18560.488761000037
2020-03-09,18560.488761000037,0,18560.488761000037,18560.488761000037
2020-03-10,1956.8617951000379,1000,18560.488761000037,18546.861795100038
2020-03-11,18596.53189680004,0,18596.53189680004,18596.53189680004
2020-03-12,2483.159735800038,1000,18596.53189680004,18583.15973580004
2020-03-13,17635.09387760004,0,17635.09387760004,17635.09387760004
2020-03-16,17635.09387760004,0,17635.09387760004,17635.09387760004
2020-03-17,3712.860538500041,1000,17635.09387760004,17622.86053850004
2020-03-18,17736.51170400004,0,17736.51170400004,17736.51170400004
2020-03-19,4214.486368900041,1000,17736.51170400004,17724.48636890004
2020-03-20,4286.64321000004,1000,17868.69974570004,17856.64321000004
2020-03-23,17361.73789100004,0,17361.73789100004,17361.73789100004
2020-03-24,4329.967360800043,1000,17361.73789100004,17349.967360800045
2020-03-25,4142.560059300044,1000,17704.606194800042,17692.56005930004
2020-03-26,17527.183698400044,0,17527.183698400044,17527.183698400044
2020-03-27,17527.183698400044,0,17527.183698400044,17527.183698400044
2020-03-30,17527.183698400044,0,17527.183698400044,17527.183698400044
2020-03-31,4305.314366300045,1000,17527.183698400044,17515.314366300045
2020-04-01,17410.363462600046,0,17410.363462600046,17410.363462600046
2020-04-02,3418.0937228000457,1000,17410.363462600046,17398.093722800048
2020-04-03,3319.71347220005,1000,17291.97281180005,17279.71347220005
2020-04-07,17642.90879070005,0,17642.90879070005,17642.90879070005
2020-04-08,17642.90879070005,0,17642.90879070005,17642.90879070005
2020-04-09,17642.90879070005,0,17642.90879070005,17642.90879070005
2020-04-10,4010.8262545000507,1000,17642.90879070005,17630.82625450005
2020-04-13,4263.566177400053,1000,17425.40430890005,17413.566177400055
2020-04-14,3696.206012100054,1000,17518.387350200053,17506.206012100054
2020-04-15,3598.0093165000562,1000,17480.221855200056,17468.009316500058
2020-04-16,3259.810188500056,1000,17322.116329000055,17309.810188500058
2020-04-17,17453.203040700057,0,17453.203040700057,17453.203040700057
2020-04-20,2970.6784960000587,1000,17453.203040700057,17440.67849600006
2020-04-21,3071.5864474000573,1000,17243.949789000057,17231.586447400055
2020-04-22,3032.9110774000565,1000,17105.222418000056,17092.91107740006
2020-04-23,17256.258344900056,0,17256.258344900056,17256.258344900056
2020-04-24,3294.004205400057,1000,17256.258344900056,17244.00420540006
2020-04-27,17267.731345400058,0,17267.731345400058,17267.731345400058
2020-04-28,3045.3420033000584,1000,17267.731345400058,17255.34200330006
2020-04-29,2926.421082500061,1000,17178.82602490006,17166.421082500063
2020-04-30,2507.038233700063,1000,17209.67718060006,17197.038233700063
2020-05-06,2137.4366454000647,1000,16910.111993000064,16897.436645400063
2020-05-07,16860.024167900065,0,16860.024167900065,16860.024167900065
2020-05-08,2407.515223500066,1000,16860.024167900065,16847.515223500064
2020-05-11,2347.932073300066,1000,16880.482618500064,16867.932073300064
2020-05-12,16770.975442800067,0,16770.975442800067,16770.975442800067
2020-05-13,2578.6017010000687,1000,16770.975442800067,16758.60170100007
2020-05-14,16622.222476700066,0,16622.222476700066,16622.222476700066
2020-05-15,16622.222476700066,0,16622.222476700066,16622.222476700066
2020-05-18,16622.222476700066,0,16622.222476700066,16622.222476700066
2020-05-19,16622.222476700066,0,16622.222476700066,16622.222476700066
2020-05-20,16622.222476700066,0,16622.222476700066,16622.222476700066
2020-05-21,16622.222476700066,0,16622.222476700066,16622.222476700066
2020-05-22,16622.222476700066,0,16622.222476700066,16622.222476700066
2020-05-25,3490.3999455000667,1000,16622.222476700066,16610.399945500067
2020-05-26,16645.37306730007,0,16645.37306730007,16645.37306730007
2020-05-27,16645.37306730007,0,16645.37306730007,16645.37306730007
2020-05-28,3173.373732700069,1000,16645.37306730007,16633.37373270007
2020-05-29,3126.039232600069,1000,16548.01256670007,16536.03923260007
2020-06-01,16560.586897200068,0,16560.586897200068,16560.586897200068
2020-06-02,16560.586897200068,0,16560.586897200068,16560.586897200068
2020-06-03,16560.586897200068,0,16560.586897200068,16560.586897200068
2020-06-04,16560.586897200068,0,16560.586897200068,16560.586897200068
2020-06-05,2468.26515640007,1000,16560.586897200068,16548.26515640007
2020-06-08,16691.61242390007,0,16691.61242390007,16691.61242390007
2020-06-09,2129.046278400072,1000,16691.61242390007,16679.04627840007
2020-06-10,2369.4967612000746,1000,16661.922504000075,16649.496761200076
2020-06-11,16592.844028700074,0,16592.844028700074,16592.844028700074
2020-06-12,2770.6626906000747,1000,16592.844028700074,16580.662690600075
2020-06-15,16424.876067400073,0,16424.876067400073,16424.876067400073
2020-06-16,2382.580327100073,1000,16424.876067400073,16412.580327100073
2020-06-17,2063.9429093000745,1000,16326.353051800075,16313.942909300074
2020-06-18,16287.290176800074,0,16287.290176800074,16287.290176800074
2020-06-19,16287.290176800074,0,16287.290176800074,16287.290176800074
2020-06-22,16287.290176800074,0,16287.290176800074,16287.290176800074
2020-06-23,2164.9528357000745,1000,16287.290176800074,16274.952835700075
2020-06-24,16288.452052200075,0,16288.452052200075,16288.452052200075
2020-06-29,1055.5375000000768,1000,16288.452052200075,16275.537500000077
2020-06-30,1214.5782954000788,1000,16377.456446900078,16364.578295400079
2020-07-01,953.4634932000808,1000,16386.48204740008,16373.46349320008
2020-07-02,16265.154516600083,0,16265.154516600083,16265.154516600083
2020-07-03,341.88115750008365,1000,16265.154516600083,16251.881157500084
2020-07-06,18.675259700085007,1000,16522.250224600084,16508.675259700085
2020-07-07,16488.603674700084,0,16488.603674700084,16488.603674700084
2020-07-08,75.07551070008412,1000,16488.603674700084,16475.075510700084
2020-07-09,16425.186264500084,0,16425.186264500084,16425.186264500084
2020-07-10,16425.186264500084,0,16425.186264500084,16425.186264500084
2020-07-13,16425.186264500084,0,16425.186264500084,16425.186264500084
2020-07-14,16425.186264500084,0,16425.186264500084,16425.186264500084
2020-07-15,16425.186264500084,0,16425.186264500084,16425.186264500084
2020-07-16,16425.186264500084,0,16425.186264500084,16425.186264500084
2020-07-17,1622.495316600085,1000,16425.186264500084,16412.495316600085
2020-07-20,1171.9343525000877,1000,16474.885305400087,16461.934352500088
2020-07-21,1100.5104522000893,1000,16543.534206500088,16530.51045220009
2020-07-22,16512.04952660009,0,16512.04952660009,16512.04952660009
2020-07-23,16512.04952660009,0,16512.04952660009,16512.04952660009
2020-07-24,16512.04952660009,0,16512.04952660009,16512.04952660009
2020-07-27,16512.04952660009,0,16512.04952660009,16512.04952660009
2020-07-28,2289.6601845000914,1000,16512.04952660009,16499.66018450009
2020-07-29,1960.5076916000908,1000,16483.05303670009,16470.50769160009
2020-07-30,16443.45989170009,0,16443.45989170009,16443.45989170009
2020-07-31,1840.8729458000907,1000,16443.45989170009,16430.87294580009
2020-08-03,1590.8238837000918,1000,16493.566832600092,16480.82388370009
2020-08-04,16463.183482700093,0,16463.183482700093,16463.183482700093
2020-08-05,16463.183482700093,0,16463.183482700093,16463.183482700093
2020-08-06,1950.6433377000922,1000,16463.183482700093,16450.643337700094
2020-08-07,2091.204979500093,1000,16403.641122500092,16391.204979500093
2020-08-10,16254.643416400093,0,16254.643416400093,16254.643416400093
2020-08-11,16254.643416400093,0,16254.643416400093,16254.643416400093
2020-08-12,1101.7704650000924,1000,16254.643416400093,16241.770465000092
2020-08-13,16343.567852700095,0,16343.567852700095,16343.567852700095
2020-08-14,1300.7521024000944,1000,16343.567852700095,16330.752102400094
2020-08-17,1069.8772455000944,1000,16362.822998300095,16349.877245500094
2020-08-18,1148.735296700097,1000,16341.629048500095,16328.735296700097
2020-08-19,16300.6694385001,0,16300.6694385001,16300.6694385001
2020-08-20,16300.6694385001,0,16300.6694385001,16300.6694385001
2020-08-21,16300.6694385001,0,16300.6694385001,16300.6694385001
2020-08-24,16300.6694385001,0,16300.6694385001,16300.6694385001
2020-08-25,1197.8224876000986,1000,16300.6694385001,16287.822487600099
2020-08-26,16249.9085784001,0,16249.9085784001,16249.9085784001
2020-08-27,1587.2904319001009,1000,16249.9085784001,16237.2904319001
2020-08-28,1357.496510000101,1000,16120.166657500102,16107.4965100001
2020-08-31,16169.947278400101,0,16169.947278400101,16169.947278400101
2020-09-01,16169.947278400101,0,16169.947278400101,16169.947278400101
2020-09-02,16169.947278400101,0,16169.947278400101,16169.947278400101
2020-09-03,16169.947278400101,0,16169.947278400101,16169.947278400101
2020-09-04,1987.5787367001012,1000,16169.947278400101,16157.578736700101
2020-09-07,15971.290681800103,0,15971.290681800103,15971.290681800103
2020-09-08,1748.9013397001036,1000,15971.290681800103,15958.901339700104
2020-09-09,15782.537310300104,0,15782.537310300104,15782.537310300104
2020-09-10,15782.537310300104,0,15782.537310300104,15782.537310300104
2020-09-11,2150.4547741001043,1000,15782.537310300104,15770.454774100104
2020-09-14,1882.5571818001063,1000,15744.759320300105,15732.557181800106
2020-09-15,1944.402897800108,1000,15686.542635100108,15674.402897800108
2020-09-16,1996.5289437001102,1000,15608.601079700109,15596.52894370011
2020-09-17,15530.924659300112,0,15530.924659300112,15530.924659300112
2020-09-18,1698.738121100112,1000,15530.924659300112,15518.738121100112
2020-09-21,15482.753964200114,0,15482.753964200114,15482.753964200114
2020-09-22,15482.753964200114,0,15482.753964200114,15482.753964200114
2020-09-23,15482.753964200114,0,15482.753964200114,15482.753964200114
2020-09-24,15482.753964200114,0,15482.753964200114,15482.753964200114
2020-09-25,2300.9054325001143,1000,15482.753964200114,15470.905432500114
2020-09-28,15475.848164500116,0,15475.848164500116,15475.848164500116
2020-09-29,15475.848164500116,0,15475.848164500116,15475.848164500116
2020-09-30,1873.7812286001154,1000,15475.848164500116,15463.781228600115
2020-10-09,15657.797071700117,0,15657.797071700117,15657.797071700117
2020-10-12,15657.797071700117,0,15657.797071700117,15657.797071700117
2020-10-13,1715.553332400119,1000,15657.797071700117,15645.553332400119
2020-10-14,1747.44463310012,1000,15489.58437040012,15477.44463310012
2020-10-15,15471.55164560012,0,15471.55164560012,15471.55164560012
2020-10-16,1679.3859078001205,1000,15471.55164560012,15459.38590780012
2020-10-19,15553.264996800122,0,15553.264996800122,15553.264996800122
2020-10-20,1691.0628583001235,1000,15553.264996800122,15541.062858300123
2020-10-21,15485.063506500124,0,15485.063506500124,15485.063506500124
2020-10-22,1812.960169900125,1000,15485.063506500124,15472.960169900125
2020-10-23,15457.188741600126,0,15457.188741600126,15457.188741600126
2020-10-26,1765.0750048001264,1000,15457.188741600126,15445.075004800126
2020-10-27,15329.425135700127,0,15329.425135700127,15329.425135700127
2020-10-28,15329.425135700127,0,15329.425135700127,15329.425135700127
2020-10-29,1357.1657961001274,1000,15329.425135700127,15317.165796100127
2020-10-30,15231.04488510013,0,15231.04488510013,15231.04488510013
2020-11-02,15231.04488510013,0,15231.04488510013,15231.04488510013
2020-11-03,1839.0871513001312,1000,15231.04488510013,15219.087151300131
2020-11-04,15213.725985300132,0,15213.725985300132,15213.725985300132
2020-11-05,1391.544647200133,1000,15213.725985300132,15201.544647200133
2020-11-06,1203.2195707001338,1000,15215.499710700135,15203.219570700134
2020-11-09,15446.536448400135,0,15446.536448400135,15446.536448400135
2020-11-10,373.70509780013526,1000,15446.536448400135,15433.705097800135
2020-11-11,15286.003917200136,0,15286.003917200136,15286.003917200136
2020-11-12,793.474172400136,1000,15286.003917200136,15273.474172400136
2020-11-13,714.2681270001376,1000,15076.730270500137,15064.268127000138
2020-11-16,15137.311496500139,0,15137.311496500139,15137.311496500139
2020-11-17,984.9585551001383,1000,15137.311496500139,15124.958555100138
2020-11-18,15098.472966500138,0,15098.472966500138,15098.472966500138
2020-11-19,15098.472966500138,0,15098.472966500138,15098.472966500138
2020-11-20,836.062824000137,1000,15098.472966500138,15086.062824000137
2020-11-23,15069.394896600137,0,15069.394896600137,15069.394896600137
2020-11-24,15069.394896600137,0,15069.394896600137,15069.394896600137
2020-11-25,15069.394896600137,0,15069.394896600137,15069.394896600137
2020-11-26,15069.394896600137,0,15069.394896600137,15069.394896600137
2020-11-27,1227.203158300139,1000,15069.394896600137,15057.203158300139
2020-11-30,14971.279781000141,0,14971.279781000141,14971.279781000141
2020-12-01,878.9580402001429,1000,14971.279781000141,14958.958040200143
2020-12-02,14952.533231200143,0,14952.533231200143,14952.533231200143
2020-12-03,14952.533231200143,0,14952.533231200143,14952.533231200143
2020-12-04,14952.533231200143,0,14952.533231200143,14952.533231200143
2020-12-07,14952.533231200143,0,14952.533231200143,14952.533231200143
2020-12-08,14952.533231200143,0,14952.533231200143,14952.533231200143
2020-12-09,14952.533231200143,0,14952.533231200143,14952.533231200143
2020-12-10,14952.533231200143,0,14952.533231200143,14952.533231200143
2020-12-11,1470.5286965001433,1000,14952.533231200143,14940.528696500143
2020-12-14,1412.9442563001467,1000,14964.985191700145,14952.944256300147
2020-12-15,14747.643869900148,0,14747.643869900148,14747.643869900148
2020-12-16,14747.643869900148,0,14747.643869900148,14747.643869900148
2020-12-17,1155.5821341001483,1000,14747.643869900148,14735.582134100148
2020-12-18,1097.7733489001512,1000,14759.87148540015,14747.773348900151
2020-12-21,14672.108284900152,0,14672.108284900152,14672.108284900152
2020-12-22,14672.108284900152,0,14672.108284900152,14672.108284900152
2020-12-23,1080.0465491001523,1000,14672.108284900152,14660.046549100152
2020-12-24,1292.378166600156,1000,14684.335900400154,14672.378166600156
2020-12-25,1205.124841100158,1000,14617.092975100157,14605.124841100158
2020-12-28,1317.8327526001613,1000,14599.733285300159,14587.832752600161
2020-12-29,14612.593145800161,0,14612.593145800161,14612.593145800161
2020-12-30,930.4846091001618,1000,14612.593145800161,14600.484609100162
2020-12-31,872.5942439001647,1000,14574.713180800163,14562.594243900165
2021-01-04,14546.777230900167,0,14546.777230900167,14546.777230900167
2021-01-05,584.5230914001677,1000,14546.777230900167,14534.523091400168
2021-01-06,14518.311011000169,0,14518.311011000169,14518.311011000169
2021-01-07,776.171273700169,1000,14518.311011000169,14506.171273700169
2021-01-08,14610.111142300171,0,14610.111142300171,14610.111142300171
2021-01-11,237.64379870017183,1000,14610.111142300171,14597.643798700172
2021-01-12,14510.915091700172,0,14510.915091700172,14510.915091700172
2021-01-13,14510.915091700172,0,14510.915091700172,14510.915091700172
2021-01-14,14510.915091700172,0,14510.915091700172,14510.915091700172
2021-01-15,14510.915091700172,0,14510.915091700172,14510.915091700172
2021-01-18,14510.915091700172,0,14510.915091700172,14510.915091700172
2021-01-19,14510.915091700172,0,14510.915091700172,14510.915091700172
2021-01-20,14510.915091700172,0,14510.915091700172,14510.915091700172
2021-01-21,14510.915091700172,0,14510.915091700172,14510.915091700172
2021-01-22,14510.915091700172,0,14510.915091700172,14510.915091700172
2021-01-25,14510.915091700172,0,14510.915091700172,14510.915091700172
2021-01-26,14510.915091700172,0,14510.915091700172,14510.915091700172
2021-01-27,14510.915091700172,0,14510.915091700172,14510.915091700172
2021-01-28,14510.915091700172,0,14510.915091700172,14510.915091700172
2021-01-29,14510.915091700172,0,14510.915091700172,14510.915091700172
2021-02-01,14510.915091700172,0,14510.915091700172,14510.915091700172
2021-02-02,14510.915091700172,0,14510.915091700172,14510.915091700172
2021-02-03,14510.915091700172,0,14510.915091700172,14510.915091700172
2021-02-04,978.8845565001739,1000,14510.915091700172,14498.884556500174
2021-02-05,14463.356246600175,0,14463.356246600175,14463.356246600175
2021-02-08,14463.356246600175,0,14463.356246600175,14463.356246600175
2021-02-09,831.2737104001753,1000,14463.356246600175,14451.273710400175
2021-02-10,14315.745400500176,0,14315.745400500176,14315.745400500176
2021-02-18,14315.745400500176,0,14315.745400500176,14315.745400500176
2021-02-19,113.3664586001778,1000,14315.745400500176,14303.366458600178
2021-02-22,14336.713726100177,0,14336.713726100177,14336.713726100177
2021-02-23,14336.713726100177,0,14336.713726100177,14336.713726100177
2021-02-24,274.4075856001782,1000,14336.713726100177,14324.407585600178
2021-02-25,14298.058751100178,0,14298.058751100178,14298.058751100178
2021-02-26,14298.058751100178,0,14298.058751100178,14298.058751100178
2021-03-01,14298.058751100178,0,14298.058751100178,14298.058751100178
2021-03-02,705.9970153001777,1000,14298.058751100178,14285.997015300178
2021-03-03,328.1645919001803,1000,14240.39273090018,14228.16459190018
2021-03-04,14102.195629900181,0,14102.195629900181,14102.195629900181
2021-03-05,14102.195629900181,0,14102.195629900181,14102.195629900181
2021-03-08,14102.195629900181,0,14102.195629900181,14102.195629900181
2021-03-09,14102.195629900181,0,14102.195629900181,14102.195629900181
2021-03-10,14102.195629900181,0,14102.195629900181,14102.195629900181
2021-03-11,14102.195629900181,0,14102.195629900181,14102.195629900181
2021-03-12,14102.195629900181,0,14102.195629900181,14102.195629900181
2021-03-15,770.2690967001818,1000,14102.195629900181,14090.269096700182
2021-03-16,602.9945654001822,1000,14084.999100100182,14072.994565400182
2021-03-17,14027.557424900184,0,14027.557424900184,14027.557424900184
2021-03-18,14027.557424900184,0,14027.557424900184,14027.557424900184
2021-03-19,14027.557424900184,0,14027.557424900184,14027.557424900184
2021-03-22,465.511289400185,1000,14027.557424900184,14015.511289400185
2021-03-23,337.8088685001876,1000,13999.907005000186,13987.808868500188
2021-03-24,99.84529650018885,1000,13972.052635100188,13959.845296500189
2021-03-25,13973.72438550019,0,13973.72438550019,13973.72438550019
2021-03-26,13973.72438550019,0,13973.72438550019,13973.72438550019
2021-03-29,13973.72438550019,0,13973.72438550019,13973.72438550019
2021-03-30,13973.72438550019,0,13973.72438550019,13973.72438550019
2021-03-31,13973.72438550019,0,13973.72438550019,13973.72438550019
2021-04-01,13973.72438550019,0,13973.72438550019,13973.72438550019
2021-04-02,13973.72438550019,0,13973.72438550019,13973.72438550019
2021-04-06,13973.72438550019,0,13973.72438550019,13973.72438550019
2021-04-07,13973.72438550019,0,13973.72438550019,13973.72438550019
2021-04-08,13973.72438550019,0,13973.72438550019,13973.72438550019
2021-04-09,13973.72438550019,0,13973.72438550019,13973.72438550019
2021-04-12,13973.72438550019,0,13973.72438550019,13973.72438550019
2021-04-13,13973.72438550019,0,13973.72438550019,13973.72438550019
2021-04-14,13973.72438550019,0,13973.72438550019,13973.72438550019
2021-04-15,13973.72438550019,0,13973.72438550019,13973.72438550019
2021-04-16,13973.72438550019,0,13973.72438550019,13973.72438550019
2021-04-19,13973.72438550019,0,13973.72438550019,13973.72438550019
2021-04-20,13973.72438550019,0,13973.72438550019,13973.72438550019
2021-04-21,13973.72438550019,0,13973.72438550019,13973.72438550019
2021-04-22,13973.72438550019,0,13973.72438550019,13973.72438550019
2021-04-23,13973.72438550019,0,13973.72438550019,13973.72438550019
2021-04-26,13973.72438550019,0,13973.72438550019,13973.72438550019
2021-04-27,13973.72438550019,0,13973.72438550019,13973.72438550019
2021-04-28,13973.72438550019,0,13973.72438550019,13973.72438550019
2021-04-29,13973.72438550019,0,13973.72438550019,13973.72438550019
2021-04-30,13973.72438550019,0,13973.72438550019,13973.72438550019
2021-05-06,13973.72438550019,0,13973.72438550019,13973.72438550019
2021-05-07,13973.72438550019,0,13973.72438550019,13973.72438550019
2021-05-10,441.69385030019293,1000,13973.72438550019,13961.693850300193
2021-05-11,13866.256709800195,0,13866.256709800195,13866.256709800195
2021-05-12,334.2261746001968,1000,13866.256709800195,13854.226174600197
2021-05-13,13748.804229000198,0,13748.804229000198,13748.804229000198
2021-05-14,13748.804229000198,0,13748.804229000198,13748.804229000198
2021-05-17,13748.804229000198,0,13748.804229000198,13748.804229000198
2021-05-18,13748.804229000198,0,13748.804229000198,13748.804229000198
2021-05-19,13748.804229000198,0,13748.804229000198,13748.804229000198
2021-05-20,13748.804229000198,0,13748.804229000198,13748.804229000198
2021-05-21,13748.804229000198,0,13748.804229000198,13748.804229000198
2021-05-24,13748.804229000198,0,13748.804229000198,13748.804229000198
2021-05-25,1097.2313026001975,1000,13748.804229000198,13737.231302600198
2021-05-26,13633.146508200198,0,13633.146508200198,13633.146508200198
2021-05-27,1001.5839820001984,1000,13633.146508200198,13621.583982000198
2021-05-28,1176.0770641002,1000,13537.499187600199,13526.0770641002
2021-05-31,1100.8072537002026,1000,13532.265777900202,13520.807253700203
2021-06-01,1055.4714636002045,1000,13496.935187900204,13485.471463600205
2021-06-02,1220.2448756002068,1000,13451.599397800206,13440.244875600207
2021-06-03,13416.676707800209,0,13416.676707800209,13416.676707800209
2021-06-04,13416.676707800209,0,13416.676707800209,13416.676707800209
2021-06-07,13416.676707800209,0,13416.676707800209,13416.676707800209
2021-06-08,13416.676707800209,0,13416.676707800209,13416.676707800209
2021-06-09,865.1557824002102,1000,13416.676707800209,13405.15578240021
2021-06-10,779.6156369002128,1000,13351.146962500212,13339.615636900213
2021-06-11,804.0307175002126,1000,13315.530842500213,13304.030717500213
2021-06-15,13280.037092500213,0,13280.037092500213,13280.037092500213
2021-06-16,13280.037092500213,0,13280.037092500213,13280.037092500213
2021-06-17,818.5629680002148,1000,13280.037092500213,13268.562968000215
2021-06-18,13274.599732800216,0,13274.599732800216,13274.599732800216
2021-06-21,13274.599732800216,0,13274.599732800216,13274.599732800216
2021-06-22,953.1984097002169,1000,13274.599732800216,13263.198409700217
2021-06-23,13249.478292900218,0,13249.478292900218,13249.478292900218
2021-06-24,13249.478292900218,0,13249.478292900218,13249.478292900218
2021-06-25,627.9209668002186,1000,13249.478292900218,13237.920966800219
2021-06-28,672.1424976002181,1000,13263.684223400218,13252.142497600218
2021-06-29,13228.027313400218,0,13228.027313400218,13228.027313400218
2021-06-30,806.5739893002174,1000,13228.027313400218,13216.573989300217
2021-07-01,13202.701923500219,0,13202.701923500219,13202.701923500219
2021-07-02,13202.701923500219,0,13202.701923500219,13202.701923500219
2021-07-05,1001.3630016002189,1000,13202.701923500219,13191.363001600219
2021-07-06,926.4806962002203,1000,13167.84041850022,13156.48069620022
2021-07-07,13092.958113100221,0,13092.958113100221,13092.958113100221
2021-07-08,13092.958113100221,0,13092.958113100221,13092.958113100221
2021-07-09,1131.743993600223,1000,13092.958113100221,13081.743993600223
2021-07-12,13108.510113600223,0,13108.510113600223,13108.510113600223
2021-07-13,1057.249193200225,1000,13108.510113600223,13097.249193200225
2021-07-14,13044.000118300226,0,13044.000118300226,13044.000118300226
2021-07-15,13044.000118300226,0,13044.000118300226,13044.000118300226
2021-07-16,13044.000118300226,0,13044.000118300226,13044.000118300226
2021-07-19,1472.988802700227,1000,13044.000118300226,13032.988802700227
2021-07-20,1229.4049556002283,1000,12960.499472800228,12949.404955600228
2021-07-21,12906.62692260023,0,12906.62692260023,12906.62692260023
2021-07-22,12906.62692260023,0,12906.62692260023,12906.62692260023
2021-07-23,1135.5116050002307,1000,12906.62692260023,12895.51160500023
2021-07-26,1271.5543017002328,1000,12902.596817900232,12891.554301700233
2021-07-27,12879.186531000232,0,12879.186531000232,12879.186531000232
2021-07-28,12879.186531000232,0,12879.186531000232,12879.186531000232
2021-07-29,12879.186531000232,0,12879.186531000232,12879.186531000232
2021-07-30,12879.186531000232,0,12879.186531000232,12879.186531000232
2021-08-02,1058.0452129002333,1000,12879.186531000232,12868.045212900233
2021-08-03,12885.039256400234,0,12885.039256400234,12885.039256400234
2021-08-04,963.8459373002333,1000,12885.039256400234,12873.845937300233
2021-08-05,1059.4803286002352,1000,12920.642447100234,12909.480328600235
2021-08-06,1025.3530436002366,1000,12866.504761900236,12855.353043600237
2021-08-09,12802.423061600237,0,12802.423061600237,12802.423061600237
2021-08-10,651.1101402002369,1000,12802.423061600237,12791.110140200237
2021-08-11,12867.511582600238,0,12867.511582600238,12867.511582600238
2021-08-12,1106.401465100238,1000,12867.511582600238,12856.401465100238
2021-08-13,972.405734100239,1000,12823.562652500239,12812.405734100239
2021-08-16,537.9888651002402,1000,12819.36938780024,12807.98886510024
2021-08-17,12784.34472280024,0,12784.34472280024,12784.34472280024
2021-08-18,522.9746003002401,1000,12784.34472280024,12772.97460030024
2021-08-19,12699.436822300242,0,12699.436822300242,12699.436822300242
2021-08-20,808.2591035002442,1000,12699.436822300242,12688.259103500244
2021-08-23,693.8250827002466,1000,12745.086003100245,12733.825082700247
2021-08-24,12820.363279200248,0,12820.363279200248,12820.363279200248
2021-08-25,829.1335594002485,1000,12820.363279200248,12809.133559400248
2021-08-26,12765.96045900025,0,12765.96045900025,12765.96045900025
2021-08-27,12765.96045900025,0,12765.96045900025,12765.96045900025
2021-08-30,1244.9751439002503,1000,12765.96045900025,12754.97514390025
2021-08-31,1261.485709400251,1000,12752.45542420025,12741.485709400251
2021-09-01,12719.04196420025,0,12719.04196420025,12719.04196420025
2021-09-02,957.9318467002504,1000,12719.04196420025,12707.93184670025
2021-09-03,723.7617447002503,1000,12735.00186470025,12723.76174470025
2021-09-06,649.246549300251,1000,12710.512669800251,12699.246549300251
2021-09-07,494.6081731002523,1000,12675.936694800252,12664.608173100252
2021-09-08,12641.115979800254,0,12641.115979800254,12641.115979800254
2021-09-09,449.78225800025393,1000,12641.115979800254,12629.782258000254
2021-09-10,384.94594270025664,1000,12596.290064700255,12584.945942700257
2021-09-13,12581.377774900258,0,12581.377774900258,12581.377774900258
2021-09-14,12581.377774900258,0,12581.377774900258,12581.377774900258
2021-09-15,770.241656900258,1000,12581.377774900258,12570.241656900258
2021-09-16,786.201557400258,1000,12547.311674900258,12536.201557400258
2021-09-17,752.2374324002576,1000,12513.347549900258,12502.237432400258
2021-09-22,12409.489789200257,0,12409.489789200257,12409.489789200257
2021-09-23,318.2080684002576,1000,12409.489789200257,12398.208068400258
2021-09-24,12294.974188400258,0,12294.974188400258,12294.974188400258
2021-09-27,12294.974188400258,0,12294.974188400258,12294.974188400258
2021-09-28,12294.974188400258,0,12294.974188400258,12294.974188400258
2021-09-29,12294.974188400258,0,12294.974188400258,12294.974188400258
2021-09-30,12294.974188400258,0,12294.974188400258,12294.974188400258
2021-10-08,163.67166720025853,1000,12294.974188400258,12283.671667200259
2021-10-11,12260.25544840026,0,12260.25544840026,12260.25544840026
2021-10-12,12260.25544840026,0,12260.25544840026,12260.25544840026
2021-10-13,359.0725295002594,1000,12260.25544840026,12249.07252950026
2021-10-14,12206.03618320026,0,12206.03618320026,12206.03618320026
2021-10-15,12206.03618320026,0,12206.03618320026,12206.03618320026
2021-10-18,12206.03618320026,0,12206.03618320026,12206.03618320026
2021-10-19,554.98326680026,1000,12206.03618320026,12194.98326680026
2021-10-20,581.254292400261,1000,12182.281208300261,12171.254292400261
2021-10-21,657.6532935002633,1000,12158.628208400261,12147.653293500263
2021-10-22,574.1934380002658,1000,12125.194353400264,12114.193438000266
2021-10-25,640.8319790002661,1000,12031.749692800266,12020.831979000266
2021-10-26,12038.479403200266,0,12038.479403200266,12038.479403200266
2021-10-27,747.6136904002669,1000,12038.479403200266,12027.613690400267
2021-10-28,11855.701766700267,0,11855.701766700267,11855.701766700267
2021-10-29,494.79965320026895,1000,11855.701766700267,11844.799653200269
2021-11-01,11772.629416200269,0,11772.629416200269,11772.629416200269
2021-11-02,331.6857019002691,1000,11772.629416200269,11761.68570190027
2021-11-03,208.4293910002707,1000,11689.39390570027,11678.42939100027
2021-11-04,74.88235000027089,1000,11705.92486620027,11694.88235000027
2021-11-05,11652.256266000271,0,11652.256266000271,11652.256266000271
2021-11-08,11652.256266000271,0,11652.256266000271,11652.256266000271
2021-11-09,11652.256266000271,0,11652.256266000271,11652.256266000271
2021-11-10,101.25535060027323,1000,11652.256266000271,11641.255350600273
2021-11-11,11598.750825800273,0,11598.750825800273,11598.750825800273
2021-11-12,11598.750825800273,0,11598.750825800273,11598.750825800273
2021-11-15,11598.750825800273,0,11598.750825800273,11598.750825800273
2021-11-16,11598.750825800273,0,11598.750825800273,11598.750825800273
2021-11-17,11598.750825800273,0,11598.750825800273,11598.750825800273
2021-11-18,11598.750825800273,0,11598.750825800273,11598.750825800273
2021-11-19,11598.750825800273,0,11598.750825800273,11598.750825800273
2021-11-22,11598.750825800273,0,11598.750825800273,11598.750825800273
2021-11-23,11598.750825800273,0,11598.750825800273,11598.750825800273
2021-11-24,11598.750825800273,0,11598.750825800273,11598.750825800273
2021-11-25,11598.750825800273,0,11598.750825800273,11598.750825800273
2021-11-26,11598.750825800273,0,11598.750825800273,11598.750825800273
2021-11-29,11598.750825800273,0,11598.750825800273,11598.750825800273
2021-11-30,417.9423141002735,1000,11598.750825800273,11587.942314100274
2021-12-01,11575.954415900273,0,11575.954415900273,11575.954415900273
2021-12-02,11575.954415900273,0,11575.954415900273,11575.954415900273
2021-12-03,11575.954415900273,0,11575.954415900273,11575.954415900273
2021-12-06,11575.954415900273,0,11575.954415900273,11575.954415900273
2021-12-07,215.05230240027413,1000,11575.954415900273,11565.052302400274
2021-12-08,11562.775701100274,0,11562.775701100274,11562.775701100274
2021-12-09,11562.775701100274,0,11562.775701100274,11562.775701100274
2021-12-10,11562.775701100274,0,11562.775701100274,11562.775701100274
2021-12-13,11562.775701100274,0,11562.775701100274,11562.775701100274
2021-12-14,11562.775701100274,0,11562.775701100274,11562.775701100274
2021-12-15,11562.775701100274,0,11562.775701100274,11562.775701100274
2021-12-16,11562.775701100274,0,11562.775701100274,11562.775701100274
2021-12-17,11562.775701100274,0,11562.775701100274,11562.775701100274
2021-12-20,11562.775701100274,0,11562.775701100274,11562.775701100274
2021-12-21,11562.775701100274,0,11562.775701100274,11562.775701100274
2021-12-22,11562.775701100274,0,11562.775701100274,11562.775701100274
2021-12-23,11562.775701100274,0,11562.775701100274,11562.775701100274
2021-12-24,11562.775701100274,0,11562.775701100274,11562.775701100274
2021-12-27,11562.775701100274,0,11562.775701100274,11562.775701100274
2021-12-28,11562.775701100274,0,11562.775701100274,11562.775701100274
2021-12-29,11562.775701100274,0,11562.775701100274,11562.775701100274
2021-12-30,11562.775701100274,0,11562.775701100274,11562.775701100274
2021-12-31,11562.775701100274,0,11562.775701100274,11562.775701100274
2022-01-04,11562.775701100274,0,11562.775701100274,11562.775701100274
2022-01-05,11562.775701100274,0,11562.775701100274,11562.775701100274
2022-01-06,11562.775701100274,0,11562.775701100274,11562.775701100274
2022-01-07,11562.775701100274,0,11562.775701100274,11562.775701100274
2022-01-10,11562.775701100274,0,11562.775701100274,11562.775701100274
2022-01-11,11562.775701100274,0,11562.775701100274,11562.775701100274
2022-01-12,11562.775701100274,0,11562.775701100274,11562.775701100274
2022-01-13,11562.775701100274,0,11562.775701100274,11562.775701100274
2022-01-14,211.8787877002742,1000,11562.775701100274,11551.878787700274
2022-01-17,11529.647771100274,0,11529.647771100274,11529.647771100274
2022-01-18,11529.647771100274,0,11529.647771100274,11529.647771100274
2022-01-19,11529.647771100274,0,11529.647771100274,11529.647771100274
2022-01-20,11529.647771100274,0,11529.647771100274,11529.647771100274
2022-01-21,11529.647771100274,0,11529.647771100274,11529.647771100274
2022-01-24,11529.647771100274,0,11529.647771100274,11529.647771100274
2022-01-25,11529.647771100274,0,11529.647771100274,11529.647771100274
2022-01-26,268.7976586002733,1000,11529.647771100274,11518.797658600273
2022-01-27,11496.703396100273,0,11496.703396100273,11496.703396100273
2022-01-28,11496.703396100273,0,11496.703396100273,11496.703396100273
2022-02-07,11496.703396100273,0,11496.703396100273,11496.703396100273
2022-02-08,195.8324832002745,1000,11496.703396100273,11485.832483200275
2022-02-09,122.7449378002766,1000,11483.647051300275,11472.744937800277
2022-02-10,11470.468336500277,0,11470.468336500277,11470.468336500277
2022-02-11,11470.468336500277,0,11470.468336500277,11470.468336500277
2022-02-14,199.61302390027777,1000,11470.468336500277,11459.613023900278
2022-02-15,11407.549151200277,0,11407.549151200277,11407.549151200277
2022-02-16,126.68863850027628,1000,11407.549151200277,11396.688638500276
2022-02-17,93.74426350027534,1000,11354.594376000276,11343.744263500275
2022-02-18,10.794283000277574,1000,11311.665195900276,11300.794283000278
2022-02-21,11258.669630700277,0,11258.669630700277,11258.669630700277
2022-02-22,11258.669630700277,0,11258.669630700277,11258.669630700277
2022-02-23,11258.669630700277,0,11258.669630700277,11258.669630700277
2022-02-24,47.84551870027826,1000,11258.669630700277,11247.845518700278
2022-02-25,11225.827230700279,0,11225.827230700279,11225.827230700279
2022-02-28,45.018719000279816,1000,11225.827230700279,11215.01871900028
2022-03-01,2.2526989002799382,1000,11183.061210600279,11172.25269890028
2022-03-02,11130.31038540028,0,11130.31038540028,11130.31038540028
2022-03-03,11130.31038540028,0,11130.31038540028,11130.31038540028
2022-03-04,11130.31038540028,0,11130.31038540028,11130.31038540028
2022-03-07,299.68387720028113,1000,11130.31038540028,11119.683877200281
2022-03-08,11048.318969900281,0,11048.318969900281,11048.318969900281
2022-03-09,637.9108659002832,1000,11048.318969900281,11037.910865900283
2022-03-10,11166.880246400284,0,11166.880246400284,11166.880246400284
2022-03-11,876.5345436002845,1000,11166.880246400284,11156.534543600284
2022-03-14,11006.111720100285,0,11006.111720100285,11006.111720100285
2022-03-15,11006.111720100285,0,11006.111720100285,11006.111720100285
2022-03-16,1105.9688212002857,1000,11006.111720100285,10995.968821200286
2022-03-17,11085.773921200285,0,11085.773921200285,11085.773921200285
2022-03-18,11085.773921200285,0,11085.773921200285,11085.773921200285
2022-03-21,975.5218202002852,1000,11085.773921200285,11075.521820200285
2022-03-22,884.8304846002866,1000,11085.129386500286,11074.830484600287
2022-03-23,913.5489102002884,1000,11313.951814100288,11303.548910200288
2022-03-24,11312.71582440029,0,11312.71582440029,11312.71582440029
2022-03-25,11312.71582440029,0,11312.71582440029,11312.71582440029
2022-03-28,11312.71582440029,0,11312.71582440029,11312.71582440029
2022-03-29,11312.71582440029,0,11312.71582440029,11312.71582440029
2022-03-30,11312.71582440029,0,11312.71582440029,11312.71582440029
2022-03-31,11312.71582440029,0,11312.71582440029,11312.71582440029
2022-04-01,1122.42212260029,1000,11312.71582440029,11302.42212260029
2022-04-06,11251.999299100291,0,11251.999299100291,11251.999299100291
2022-04-07,11251.999299100291,0,11251.999299100291,11251.999299100291
2022-04-08,11251.999299100291,0,11251.999299100291,11251.999299100291
2022-04-11,11251.999299100291,0,11251.999299100291,11251.999299100291
2022-04-12,11251.999299100291,0,11251.999299100291,11251.999299100291
2022-04-13,11251.999299100291,0,11251.999299100291,11251.999299100291
2022-04-14,11251.999299100291,0,11251.999299100291,11251.999299100291
2022-04-15,11251.999299100291,0,11251.999299100291,11251.999299100291
2022-04-18,1261.8095993002917,1000,11251.999299100291,11241.809599300292
2022-04-19,11221.645089100291,0,11221.645089100291,11221.645089100291
2022-04-20,11221.645089100291,0,11221.645089100291,11221.645089100291
2022-04-21,11221.645089100291,0,11221.645089100291,11221.645089100291
2022-04-22,11221.645089100291,0,11221.645089100291,11221.645089100291
2022-04-25,11221.645089100291,0,11221.645089100291,11221.645089100291
2022-04-26,11221.645089100291,0,11221.645089100291,11221.645089100291
2022-04-27,1841.7725954002926,1000,11221.645089100291,11211.772595400293
2022-04-28,1702.7276493002955,1000,11132.626143500294,11122.727649300296
2022-04-29,11143.447826600295,0,11143.447826600295,11143.447826600295
2022-05-05,1533.5517786002965,1000,11143.447826600295,11133.551778600297
2022-05-06,10944.317240750297,0,10944.317240750297,10944.317240750297
2022-05-09,1724.620094700298,1000,10944.317240750297,10934.620094700298
2022-05-10,10815.868595250298,0,10815.868595250298,10815.868595250298
2022-05-11,10815.868595250298,0,10815.868595250298,10815.868595250298
2022-05-12,1426.0847483503003,1000,10815.868595250298,10806.0847483503
2022-05-13,1447.0663636003028,1000,10836.8502105003,10827.066363600303
2022-05-16,10867.816730800303,0,10867.816730800303,10867.816730800303
2022-05-17,1468.0277838503025,1000,10867.816730800303,10858.027783850303
2022-05-18,10848.838530850304,0,10848.838530850304,10848.838530850304
2022-05-19,1489.0699841003043,1000,10848.838530850304,10839.069984100304
2022-05-20,1400.0560838003057,1000,10869.880731100306,10860.056083800306
2022-05-23,10890.700786350306,0,10890.700786350306,10890.700786350306
2022-05-24,10890.700786350306,0,10890.700786350306,10890.700786350306
2022-05-25,1741.0393406503063,1000,10890.700786350306,10881.039340650306
2022-05-26,10852.257651300308,0,10852.257651300308,10852.257651300308
2022-05-27,10852.257651300308,0,10852.257651300308,10852.257651300308
2022-05-30,1672.580905450308,1000,10852.257651300308,10842.580905450308
2022-05-31,1403.9396892503082,1000,10823.738836300308,10813.939689250308
2022-06-01,10734.82591100031,0,10734.82591100031,10734.82591100031
2022-06-02,1325.0318640003097,1000,10734.82591100031,10725.03186400031
2022-06-06,1256.0483588003099,1000,10695.85770595031,10686.04835880031
2022-06-07,1236.9893788503105,1000,10676.79872600031,10666.98937885031
2022-06-08,1237.9204040003115,1000,10667.72465110031,10657.920404000311
2022-06-09,1278.9728043503146,1000,10618.731151000313,10608.972804350315
2022-06-10,920.0837377003154,1000,10529.979785700314,10520.083737700315
2022-06-13,1050.8791135003157,1000,10450.668060450316,10440.879113500316
2022-06-14,952.0418681503197,1000,10341.825715050318,10332.04186815032
2022-06-15,10272.943184850319,0,10272.943184850319,10272.943184850319
2022-06-16,10272.943184850319,0,10272.943184850319,10272.943184850319
2022-06-17,573.0012364003196,1000,10272.943184850319,10263.00123640032
2022-06-20,593.3568066503212,1000,10293.29875510032,10283.356806650321
2022-06-21,533.772551500324,1000,10263.729800100322,10253.772551500324
2022-06-22,10224.115355050324,0,10224.115355050324,10224.115355050324
2022-06-23,544.1836067003242,1000,10224.115355050324,10214.183606700324
2022-06-24,464.56895645032455,1000,10224.541505200325,10214.568956450325
2022-06-27,414.8686313503258,1000,10194.851380200325,10184.868631350326
2022-06-28,245.0869106503269,1000,10155.135960150326,10145.086910650327
2022-06-29,10125.142910150327,0,10125.142910150327,10125.142910150327
2022-06-30,10125.142910150327,0,10125.142910150327,10125.142910150327
2022-07-01,10125.142910150327,0,10125.142910150327,10125.142910150327
2022-07-04,355.16526135032836,1000,10125.142910150327,10115.165261350328
2022-07-05,395.49064170032943,1000,10095.432590150329,10085.49064170033
2022-07-06,435.97758205032915,1000,10055.878730100329,10045.97758205033
2022-07-07,9976.54680985033,0,9976.54680985033,9976.54680985033
2022-07-08,9976.54680985033,0,9976.54680985033,9976.54680985033
2022-07-11,326.6303616503301,1000,9976.54680985033,9966.63036165033
2022-07-12,9907.139209650331,0,9907.139209650331,9907.139209650331
2022-07-13,257.22276145033175,1000,9907.139209650331,9897.222761450332
2022-07-14,9897.641039750331,0,9897.641039750331,9897.641039750331
2022-07-15,9897.641039750331,0,9897.641039750331,9897.641039750331
2022-07-18,217.7092914003315,1000,9897.641039750331,9887.709291400331
2022-07-19,18.174805550332167,1000,9828.172854550332,9818.174805550332
2022-07-20,9868.276089900333,0,9868.276089900333,9868.276089900333
2022-07-21,9868.276089900333,0,9868.276089900333,9868.276089900333
2022-07-22,9868.276089900333,0,9868.276089900333,9868.276089900333
2022-07-25,9868.276089900333,0,9868.276089900333,9868.276089900333
2022-07-26,9868.276089900333,0,9868.276089900333,9868.276089900333
2022-07-27,9868.276089900333,0,9868.276089900333,9868.276089900333
2022-07-28,9868.276089900333,0,9868.276089900333,9868.276089900333
2022-07-29,9868.276089900333,0,9868.276089900333,9868.276089900333
2022-08-01,9868.276089900333,0,9868.276089900333,9868.276089900333
2022-08-02,9868.276089900333,0,9868.276089900333,9868.276089900333
2022-08-03,9868.276089900333,0,9868.276089900333,9868.276089900333
2022-08-04,9868.276089900333,0,9868.276089900333,9868.276089900333
2022-08-05,268.3851419503335,1000,9868.276089900333,9858.385141950333
2022-08-08,209.00283680033317,1000,9838.909084900333,9829.002836800333
2022-08-09,89.569736350335,1000,9789.511684800334,9779.569736350335
2022-08-10,180.0619819503354,1000,9759.942729800336,9750.061981950335
2022-08-11,9760.570829950337,0,9760.570829950337,9760.570829950337
2022-08-12,80.6390816003368,1000,9760.570829950337,9750.639081600337
2022-08-15,9721.057359900336,0,9721.057359900336,9721.057359900336
2022-08-16,231.22251250033696,1000,9721.057359900336,9711.222512500337
2022-08-17,12.021141550338143,1000,9671.942689800337,9662.021141550338
2022-08-18,9612.499799650339,0,9612.499799650339,9612.499799650339
2022-08-19,9612.499799650339,0,9612.499799650339,9612.499799650339
2022-08-22,82.64455205033846,1000,9612.499799650339,9602.644552050338
2022-08-23,9543.33453945034,0,9543.33453945034,9543.33453945034
2022-08-24,9543.33453945034,0,9543.33453945034,9543.33453945034
2022-08-25,223.5863929003408,1000,9543.33453945034,9533.58639290034
2022-08-26,9564.45751970034,0,9564.45751970034,9564.45751970034
2022-08-29,9564.45751970034,0,9564.45751970034,9564.45751970034
2022-08-30,354.7654737003395,1000,9564.45751970034,9554.76547370034
2022-08-31,9515.90830960034,0,9515.90830960034,9515.90830960034
2022-09-01,9515.90830960034,0,9515.90830960034,9515.90830960034
2022-09-02,196.160163050341,1000,9515.90830960034,9506.160163050341
2022-09-05,137.36351290034327,1000,9477.121859550341,9467.363512900343
2022-09-06,9428.310114450345,0,9428.310114450345,9428.310114450345
2022-09-07,28.521167500344745,1000,9428.310114450345,9418.521167500345
2022-09-08,9439.286629650345,0,9439.286629650345,9439.286629650345
2022-09-09,9439.286629650345,0,9439.286629650345,9439.286629650345
2022-09-13,9439.286629650345,0,9439.286629650345,9439.286629650345
2022-09-14,49.50278275034725,1000,9439.286629650345,9429.502782750347
2022-09-15,30.54477780034904,1000,9420.328624700347,9410.544777800349
2022-09-16,9351.446094500348,0,9351.446094500348,9351.446094500348
2022-09-19,451.9121500503479,1000,9351.446094500348,9341.912150050348
2022-09-20,9353.447454650348,0,9353.447454650348,9353.447454650348
2022-09-21,9353.447454650348,0,9353.447454650348,9353.447454650348
2022-09-22,9353.447454650348,0,9353.447454650348,9353.447454650348
2022-09-23,654.0155112003486,1000,9353.447454650348,9344.015511200349
2022-09-26,9236.03385420035,0,9236.03385420035,9236.03385420035
2022-09-27,576.6223109503517,1000,9236.03385420035,9226.622310950352
2022-09-28,9178.610464050353,0,9178.610464050353,9178.610464050353
2022-09-29,9178.610464050353,0,9178.610464050353,9178.610464050353
2022-09-30,9178.610464050353,0,9178.610464050353,9178.610464050353
2022-10-10,9178.610464050353,0,9178.610464050353,9178.610464050353
2022-10-11,9178.610464050353,0,9178.610464050353,9178.610464050353
2022-10-12,859.3723225003541,1000,9178.610464050353,9169.372322500354
2022-10-13,9091.918988750354,0,9091.918988750354,9091.918988750354
2022-10-14,9091.918988750354,0,9091.918988750354,9091.918988750354
2022-10-17,9091.918988750354,0,9091.918988750354,9091.918988750354
2022-10-18,582.5839462503536,1000,9091.918988750354,9082.583946250354
2022-10-19,645.4842917003552,1000,9054.768333700355,9045.484291700355
2022-10-20,9007.834723600357,0,9007.834723600357,9007.834723600357
2022-10-21,9007.834723600357,0,9007.834723600357,9007.834723600357
2022-10-24,9007.834723600357,0,9007.834723600357,9007.834723600357
2022-10-25,9007.834723600357,0,9007.834723600357,9007.834723600357
2022-10-26,9007.834723600357,0,9007.834723600357,9007.834723600357
2022-10-27,9007.834723600357,0,9007.834723600357,9007.834723600357
2022-10-28,9007.834723600357,0,9007.834723600357,9007.834723600357
2022-10-31,9007.834723600357,0,9007.834723600357,9007.834723600357
2022-11-01,438.4690808003579,1000,9007.834723600357,8998.469080800358
2022-11-02,8910.653468250359,0,8910.653468250359,8910.653468250359
2022-11-03,271.25212510036,1000,8910.653468250359,8901.25212510036
2022-11-04,8833.30065800036,0,8833.30065800036,8833.30065800036
2022-11-07,133.8687145503609,1000,8833.30065800036,8823.86871455036
2022-11-08,46.34924425036115,1000,8775.79648785036,8766.349244250361
2022-11-09,68.82528950036249,1000,8718.231732700362,8708.825289500362
2022-11-10,51.40210455036322,1000,8680.798347650363,8671.402104550363
2022-11-11,8783.194023300362,0,8783.194023300362,8783.194023300362
2022-11-14,8783.194023300362,0,8783.194023300362,8783.194023300362
2022-11-15,8783.194023300362,0,8783.194023300362,8783.194023300362
2022-11-16,8783.194023300362,0,8783.194023300362,8783.194023300362
2022-11-17,8783.194023300362,0,8783.194023300362,8783.194023300362
2022-11-18,8783.194023300362,0,8783.194023300362,8783.194023300362
2022-11-21,8783.194023300362,0,8783.194023300362,8783.194023300362
2022-11-22,8783.194023300362,0,8783.194023300362,8783.194023300362
2022-11-23,8783.194023300362,0,8783.194023300362,8783.194023300362
2022-11-24,8783.194023300362,0,8783.194023300362,8783.194023300362
2022-11-25,8783.194023300362,0,8783.194023300362,8783.194023300362
2022-11-28,13.726379500363691,1000,8783.194023300362,8773.726379500364
2022-11-29,8825.397538650364,0,8825.397538650364,8825.397538650364
2022-11-30,8825.397538650364,0,8825.397538650364,8825.397538650364
2022-12-01,8825.397538650364,0,8825.397538650364,8825.397538650364
2022-12-02,8825.397538650364,0,8825.397538650364,8825.397538650364
2022-12-05,8825.397538650364,0,8825.397538650364,8825.397538650364
2022-12-06,8825.397538650364,0,8825.397538650364,8825.397538650364
2022-12-07,8825.397538650364,0,8825.397538650364,8825.397538650364
2022-12-08,8825.397538650364,0,8825.397538650364,8825.397538650364
2022-12-09,8825.397538650364,0,8825.397538650364,8825.397538650364
2022-12-12,8825.397538650364,0,8825.397538650364,8825.397538650364
2022-12-13,8825.397538650364,0,8825.397538650364,8825.397538650364
2022-12-14,8825.397538650364,0,8825.397538650364,8825.397538650364
2022-12-15,8825.397538650364,0,8825.397538650364,8825.397538650364
2022-12-16,8825.397538650364,0,8825.397538650364,8825.397538650364
2022-12-19,8825.397538650364,0,8825.397538650364,8825.397538650364
2022-12-20,8825.397538650364,0,8825.397538650364,8825.397538650364
2022-12-21,8825.397538650364,0,8825.397538650364,8825.397538650364
2022-12-22,8825.397538650364,0,8825.397538650364,8825.397538650364
2022-12-23,8825.397538650364,0,8825.397538650364,8825.397538650364
2022-12-26,8825.397538650364,0,8825.397538650364,8825.397538650364
2022-12-27,8825.397538650364,0,8825.397538650364,8825.397538650364
2022-12-28,8825.397538650364,0,8825.397538650364,8825.397538650364
2022-12-29,8825.397538650364,0,8825.397538650364,8825.397538650364
2022-12-30,8825.397538650364,0,8825.397538650364,8825.397538650364
2023-01-03,8825.397538650364,0,8825.397538650364,8825.397538650364
2023-01-04,8825.397538650364,0,8825.397538650364,8825.397538650364
2023-01-05,8825.397538650364,0,8825.397538650364,8825.397538650364
2023-01-06,8825.397538650364,0,8825.397538650364,8825.397538650364
2023-01-09,8825.397538650364,0,8825.397538650364,8825.397538650364
2023-01-10,8825.397538650364,0,8825.397538650364,8825.397538650364
2023-01-11,8825.397538650364,0,8825.397538650364,8825.397538650364
2023-01-12,8825.397538650364,0,8825.397538650364,8825.397538650364
2023-01-13,8825.397538650364,0,8825.397538650364,8825.397538650364
2023-01-16,8825.397538650364,0,8825.397538650364,8825.397538650364
2023-01-17,8825.397538650364,0,8825.397538650364,8825.397538650364
2023-01-18,8825.397538650364,0,8825.397538650364,8825.397538650364
2023-01-19,8825.397538650364,0,8825.397538650364,8825.397538650364
2023-01-20,8825.397538650364,0,8825.397538650364,8825.397538650364
2023-01-30,8825.397538650364,0,8825.397538650364,8825.397538650364
2023-01-31,8825.397538650364,0,8825.397538650364,8825.397538650364
2023-02-01,8825.397538650364,0,8825.397538650364,8825.397538650364
2023-02-02,8825.397538650364,0,8825.397538650364,8825.397538650364
2023-02-03,8825.397538650364,0,8825.397538650364,8825.397538650364
2023-02-06,8825.397538650364,0,8825.397538650364,8825.397538650364
2023-02-07,8825.397538650364,0,8825.397538650364,8825.397538650364
2023-02-08,8825.397538650364,0,8825.397538650364,8825.397538650364
2023-02-09,8825.397538650364,0,8825.397538650364,8825.397538650364
2023-02-10,8825.397538650364,0,8825.397538650364,8825.397538650364
2023-02-13,8825.397538650364,0,8825.397538650364,8825.397538650364
2023-02-14,8825.397538650364,0,8825.397538650364,8825.397538650364
2023-02-15,8825.397538650364,0,8825.397538650364,8825.397538650364
2023-02-16,8825.397538650364,0,8825.397538650364,8825.397538650364
2023-02-17,8825.397538650364,0,8825.397538650364,8825.397538650364
2023-02-20,8825.397538650364,0,8825.397538650364,8825.397538650364
2023-02-21,8825.397538650364,0,8825.397538650364,8825.397538650364
2023-02-22,8825.397538650364,0,8825.397538650364,8825.397538650364
2023-02-23,8825.397538650364,0,8825.397538650364,8825.397538650364
2023-02-24,8825.397538650364,0,8825.397538650364,8825.397538650364
2023-02-27,8825.397538650364,0,8825.397538650364,8825.397538650364
2023-02-28,8825.397538650364,0,8825.397538650364,8825.397538650364
2023-03-01,8825.397538650364,0,8825.397538650364,8825.397538650364
2023-03-02,8825.397538650364,0,8825.397538650364,8825.397538650364
2023-03-03,8825.397538650364,0,8825.397538650364,8825.397538650364
2023-03-06,8825.397538650364,0,8825.397538650364,8825.397538650364
2023-03-07,8825.397538650364,0,8825.397538650364,8825.397538650364
2023-03-08,8825.397538650364,0,8825.397538650364,8825.397538650364
2023-03-09,8825.397538650364,0,8825.397538650364,8825.397538650364
2023-03-10,8825.397538650364,0,8825.397538650364,8825.397538650364
2023-03-13,8825.397538650364,0,8825.397538650364,8825.397538650364
2023-03-14,8825.397538650364,0,8825.397538650364,8825.397538650364
2023-03-15,8825.397538650364,0,8825.397538650364,8825.397538650364
2023-03-16,8825.397538650364,0,8825.397538650364,8825.397538650364
2023-03-17,8825.397538650364,0,8825.397538650364,8825.397538650364
2023-03-20,8825.397538650364,0,8825.397538650364,8825.397538650364
2023-03-21,8825.397538650364,0,8825.397538650364,8825.397538650364
2023-03-22,8825.397538650364,0,8825.397538650364,8825.397538650364
2023-03-23,8825.397538650364,0,8825.397538650364,8825.397538650364
2023-03-24,8825.397538650364,0,8825.397538650364,8825.397538650364
2023-03-27,8825.397538650364,0,8825.397538650364,8825.397538650364
2023-03-28,8825.397538650364,0,8825.397538650364,8825.397538650364
2023-03-29,8825.397538650364,0,8825.397538650364,8825.397538650364
2023-03-30,8825.397538650364,0,8825.397538650364,8825.397538650364
2023-03-31,8825.397538650364,0,8825.397538650364,8825.397538650364
2023-04-03,8825.397538650364,0,8825.397538650364,8825.397538650364
2023-04-04,8825.397538650364,0,8825.397538650364,8825.397538650364
2023-04-06,8825.397538650364,0,8825.397538650364,8825.397538650364
2023-04-07,8825.397538650364,0,8825.397538650364,8825.397538650364
2023-04-10,8825.397538650364,0,8825.397538650364,8825.397538650364
2023-04-11,8825.397538650364,0,8825.397538650364,8825.397538650364
2023-04-12,8825.397538650364,0,8825.397538650364,8825.397538650364
2023-04-13,8825.397538650364,0,8825.397538650364,8825.397538650364
2023-04-14,8825.397538650364,0,8825.397538650364,8825.397538650364
2023-04-17,8825.397538650364,0,8825.397538650364,8825.397538650364
2023-04-18,8825.397538650364,0,8825.397538650364,8825.397538650364
2023-04-19,8825.397538650364,0,8825.397538650364,8825.397538650364
2023-04-20,8825.397538650364,0,8825.397538650364,8825.397538650364
2023-04-21,8825.397538650364,0,8825.397538650364,8825.397538650364
2023-04-24,8825.397538650364,0,8825.397538650364,8825.397538650364
2023-04-25,8825.397538650364,0,8825.397538650364,8825.397538650364
2023-04-26,8825.397538650364,0,8825.397538650364,8825.397538650364
2023-04-27,8825.397538650364,0,8825.397538650364,8825.397538650364
2023-04-28,8825.397538650364,0,8825.397538650364,8825.397538650364
2023-05-04,8825.397538650364,0,8825.397538650364,8825.397538650364
2023-05-05,8825.397538650364,0,8825.397538650364,8825.397538650364
2023-05-08,8825.397538650364,0,8825.397538650364,8825.397538650364
2023-05-09,8825.397538650364,0,8825.397538650364,8825.397538650364
2023-05-10,8825.397538650364,0,8825.397538650364,8825.397538650364
2023-05-11,8825.397538650364,0,8825.397538650364,8825.397538650364
2023-05-12,8825.397538650364,0,8825.397538650364,8825.397538650364
2023-05-15,8825.397538650364,0,8825.397538650364,8825.397538650364
2023-05-16,8825.397538650364,0,8825.397538650364,8825.397538650364
2023-05-17,8825.397538650364,0,8825.397538650364,8825.397538650364
2023-05-18,8825.397538650364,0,8825.397538650364,8825.397538650364
2023-05-19,8825.397538650364,0,8825.397538650364,8825.397538650364
2023-05-22,8825.397538650364,0,8825.397538650364,8825.397538650364
2023-05-23,8825.397538650364,0,8825.397538650364,8825.397538650364
2023-05-24,8825.397538650364,0,8825.397538650364,8825.397538650364
2023-05-25,8825.397538650364,0,8825.397538650364,8825.397538650364
2023-05-26,8825.397538650364,0,8825.397538650364,8825.397538650364
2023-05-29,8825.397538650364,0,8825.397538650364,8825.397538650364
2023-05-30,8825.397538650364,0,8825.397538650364,8825.397538650364
2023-05-31,8825.397538650364,0,8825.397538650364,8825.397538650364
2023-06-01,8825.397538650364,0,8825.397538650364,8825.397538650364
2023-06-02,8825.397538650364,0,8825.397538650364,8825.397538650364
2023-06-05,8825.397538650364,0,8825.397538650364,8825.397538650364
2023-06-06,8825.397538650364,0,8825.397538650364,8825.397538650364
2023-06-07,8825.397538650364,0,8825.397538650364,8825.397538650364
2023-06-08,8825.397538650364,0,8825.397538650364,8825.397538650364
2023-06-09,8825.397538650364,0,8825.397538650364,8825.397538650364
2023-06-12,8825.397538650364,0,8825.397538650364,8825.397538650364
2023-06-13,8825.397538650364,0,8825.397538650364,8825.397538650364
2023-06-14,8825.397538650364,0,8825.397538650364,8825.397538650364
2023-06-15,8825.397538650364,0,8825.397538650364,8825.397538650364
2023-06-16,8825.397538650364,0,8825.397538650364,8825.397538650364
2023-06-19,8825.397538650364,0,8825.397538650364,8825.397538650364
2023-06-20,8825.397538650364,0,8825.397538650364,8825.397538650364
2023-06-21,8825.397538650364,0,8825.397538650364,8825.397538650364
2023-06-26,8825.397538650364,0,8825.397538650364,8825.397538650364
2023-06-27,8825.397538650364,0,8825.397538650364,8825.397538650364
2023-06-28,8825.397538650364,0,8825.397538650364,8825.397538650364
2023-06-29,8825.397538650364,0,8825.397538650364,8825.397538650364
2023-06-30,8825.397538650364,0,8825.397538650364,8825.397538650364
2023-07-03,8825.397538650364,0,8825.397538650364,8825.397538650364
2023-07-04,8825.397538650364,0,8825.397538650364,8825.397538650364
2023-07-05,8825.397538650364,0,8825.397538650364,8825.397538650364
2023-07-06,8825.397538650364,0,8825.397538650364,8825.397538650364
2023-07-07,8825.397538650364,0,8825.397538650364,8825.397538650364
2023-07-10,8825.397538650364,0,8825.397538650364,8825.397538650364
2023-07-11,8825.397538650364,0,8825.397538650364,8825.397538650364
2023-07-12,8825.397538650364,0,8825.397538650364,8825.397538650364
2023-07-13,8825.397538650364,0,8825.397538650364,8825.397538650364
2023-07-14,8825.397538650364,0,8825.397538650364,8825.397538650364
2023-07-17,8825.397538650364,0,8825.397538650364,8825.397538650364
2023-07-18,8825.397538650364,0,8825.397538650364,8825.397538650364
2023-07-19,8825.397538650364,0,8825.397538650364,8825.397538650364
2023-07-20,8825.397538650364,0,8825.397538650364,8825.397538650364
2023-07-21,8825.397538650364,0,8825.397538650364,8825.397538650364
2023-07-24,8825.397538650364,0,8825.397538650364,8825.397538650364
2023-07-25,8825.397538650364,0,8825.397538650364,8825.397538650364
2023-07-26,8825.397538650364,0,8825.397538650364,8825.397538650364
2023-07-27,8825.397538650364,0,8825.397538650364,8825.397538650364
2023-07-28,8825.397538650364,0,8825.397538650364,8825.397538650364
2023-07-31,8825.397538650364,0,8825.397538650364,8825.397538650364
2023-08-01,8825.397538650364,0,8825.397538650364,8825.397538650364
2023-08-02,8825.397538650364,0,8825.397538650364,8825.397538650364
2023-08-03,8825.397538650364,0,8825.397538650364,8825.397538650364
2023-08-04,8825.397538650364,0,8825.397538650364,8825.397538650364
2023-08-07,8825.397538650364,0,8825.397538650364,8825.397538650364
2023-08-08,8825.397538650364,0,8825.397538650364,8825.397538650364
2023-08-09,8825.397538650364,0,8825.397538650364,8825.397538650364
2023-08-10,8825.397538650364,0,8825.397538650364,8825.397538650364
2023-08-11,8825.397538650364,0,8825.397538650364,8825.397538650364
2023-08-14,8825.397538650364,0,8825.397538650364,8825.397538650364
2023-08-15,8825.397538650364,0,8825.397538650364,8825.397538650364
2023-08-16,8825.397538650364,0,8825.397538650364,8825.397538650364
2023-08-17,8825.397538650364,0,8825.397538650364,8825.397538650364
2023-08-18,8825.397538650364,0,8825.397538650364,8825.397538650364
2023-08-21,8825.397538650364,0,8825.397538650364,8825.397538650364
2023-08-22,8825.397538650364,0,8825.397538650364,8825.397538650364
2023-08-23,8825.397538650364,0,8825.397538650364,8825.397538650364
2023-08-24,8825.397538650364,0,8825.397538650364,8825.397538650364
2023-08-25,8825.397538650364,0,8825.397538650364,8825.397538650364
2023-08-28,8825.397538650364,0,8825.397538650364,8825.397538650364
2023-08-29,8825.397538650364,0,8825.397538650364,8825.397538650364
2023-08-30,8825.397538650364,0,8825.397538650364,8825.397538650364
2023-08-31,8825.397538650364,0,8825.397538650364,8825.397538650364
2023-09-01,8825.397538650364,0,8825.397538650364,8825.397538650364
2023-09-04,8825.397538650364,0,8825.397538650364,8825.397538650364
2023-09-05,8825.397538650364,0,8825.397538650364,8825.397538650364
2023-09-06,8825.397538650364,0,8825.397538650364,8825.397538650364
2023-09-07,8825.397538650364,0,8825.397538650364,8825.397538650364
2023-09-08,8825.397538650364,0,8825.397538650364,8825.397538650364
2023-09-11,8825.397538650364,0,8825.397538650364,8825.397538650364
2023-09-12,8825.397538650364,0,8825.397538650364,8825.397538650364
2023-09-13,8825.397538650364,0,8825.397538650364,8825.397538650364
2023-09-14,8825.397538650364,0,8825.397538650364,8825.397538650364
2023-09-15,8825.397538650364,0,8825.397538650364,8825.397538650364
2023-09-18,8825.397538650364,0,8825.397538650364,8825.397538650364
2023-09-19,8825.397538650364,0,8825.397538650364,8825.397538650364
2023-09-20,8825.397538650364,0,8825.397538650364,8825.397538650364
2023-09-21,8825.397538650364,0,8825.397538650364,8825.397538650364
2023-09-22,8825.397538650364,0,8825.397538650364,8825.397538650364
2023-09-25,8825.397538650364,0,8825.397538650364,8825.397538650364
2023-09-26,8825.397538650364,0,8825.397538650364,8825.397538650364
2023-09-27,8825.397538650364,0,8825.397538650364,8825.397538650364
2023-09-28,8825.397538650364,0,8825.397538650364,8825.397538650364
2023-10-09,8825.397538650364,0,8825.397538650364,8825.397538650364
2023-10-10,8825.397538650364,0,8825.397538650364,8825.397538650364
2023-10-11,8825.397538650364,0,8825.397538650364,8825.397538650364
2023-10-12,8825.397538650364,0,8825.397538650364,8825.397538650364
2023-10-13,8825.397538650364,0,8825.397538650364,8825.397538650364
2023-10-16,8825.397538650364,0,8825.397538650364,8825.397538650364
2023-10-17,8825.397538650364,0,8825.397538650364,8825.397538650364
2023-10-18,8825.397538650364,0,8825.397538650364,8825.397538650364
2023-10-19,8825.397538650364,0,8825.397538650364,8825.397538650364
2023-10-20,8825.397538650364,0,8825.397538650364,8825.397538650364
2023-10-23,8825.397538650364,0,8825.397538650364,8825.397538650364
2023-10-24,8825.397538650364,0,8825.397538650364,8825.397538650364
2023-10-25,8825.397538650364,0,8825.397538650364,8825.397538650364
2023-10-26,8825.397538650364,0,8825.397538650364,8825.397538650364
2023-10-27,8825.397538650364,0,8825.397538650364,8825.397538650364
2023-10-30,8825.397538650364,0,8825.397538650364,8825.397538650364
2023-10-31,8825.397538650364,0,8825.397538650364,8825.397538650364
2023-11-01,8825.397538650364,0,8825.397538650364,8825.397538650364
2023-11-02,8825.397538650364,0,8825.397538650364,8825.397538650364
2023-11-03,8825.397538650364,0,8825.397538650364,8825.397538650364
2023-11-06,8825.397538650364,0,8825.397538650364,8825.397538650364
2023-11-07,8825.397538650364,0,8825.397538650364,8825.397538650364
2023-11-08,8825.397538650364,0,8825.397538650364,8825.397538650364
2023-11-09,8825.397538650364,0,8825.397538650364,8825.397538650364
2023-11-10,8825.397538650364,0,8825.397538650364,8825.397538650364
2023-11-13,8825.397538650364,0,8825.397538650364,8825.397538650364
2023-11-14,8825.397538650364,0,8825.397538650364,8825.397538650364
2023-11-15,8825.397538650364,0,8825.397538650364,8825.397538650364
2023-11-16,8825.397538650364,0,8825.397538650364,8825.397538650364
2023-11-17,8825.397538650364,0,8825.397538650364,8825.397538650364
2023-11-20,8825.397538650364,0,8825.397538650364,8825.397538650364
2023-11-21,8825.397538650364,0,8825.397538650364,8825.397538650364
2023-11-22,8825.397538650364,0,8825.397538650364,8825.397538650364
2023-11-23,8825.397538650364,0,8825.397538650364,8825.397538650364
2023-11-24,8825.397538650364,0,8825.397538650364,8825.397538650364
2023-11-27,8825.397538650364,0,8825.397538650364,8825.397538650364
2023-11-28,8825.397538650364,0,8825.397538650364,8825.397538650364
2023-11-29,8825.397538650364,0,8825.397538650364,8825.397538650364
2023-11-30,8825.397538650364,0,8825.397538650364,8825.397538650364
2023-12-01,8825.397538650364,0,8825.397538650364,8825.397538650364
2023-12-04,8825.397538650364,0,8825.397538650364,8825.397538650364
2023-12-05,8825.397538650364,0,8825.397538650364,8825.397538650364
2023-12-06,8825.397538650364,0,8825.397538650364,8825.397538650364
2023-12-07,8825.397538650364,0,8825.397538650364,8825.397538650364
2023-12-08,8825.397538650364,0,8825.397538650364,8825.397538650364
2023-12-11,8825.397538650364,0,8825.397538650364,8825.397538650364
2023-12-12,8825.397538650364,0,8825.397538650364,8825.397538650364
2023-12-13,8825.397538650364,0,8825.397538650364,8825.397538650364
2023-12-14,8825.397538650364,0,8825.397538650364,8825.397538650364
2023-12-15,8825.397538650364,0,8825.397538650364,8825.397538650364
2023-12-18,8825.397538650364,0,8825.397538650364,8825.397538650364
2023-12-19,8825.397538650364,0,8825.397538650364,8825.397538650364
2023-12-20,8825.397538650364,0,8825.397538650364,8825.397538650364
2023-12-21,8825.397538650364,0,8825.397538650364,8825.397538650364
2023-12-22,8825.397538650364,0,8825.397538650364,8825.397538650364
2023-12-25,8825.397538650364,0,8825.397538650364,8825.397538650364
2023-12-26,8825.397538650364,0,8825.397538650364,8825.397538650364
2023-12-27,8825.397538650364,0,8825.397538650364,8825.397538650364
2023-12-28,8825.397538650364,0,8825.397538650364,8825.397538650364
2023-12-29,8825.397538650364,0,8825.397538650364,8825.397538650364
2024-01-02,8825.397538650364,0,8825.397538650364,8825.397538650364
2024-01-03,8825.397538650364,0,8825.397538650364,8825.397538650364
2024-01-04,8825.397538650364,0,8825.397538650364,8825.397538650364
2024-01-05,8825.397538650364,0,8825.397538650364,8825.397538650364
2024-01-08,8825.397538650364,0,8825.397538650364,8825.397538650364
2024-01-09,8825.397538650364,0,8825.397538650364,8825.397538650364
2024-01-10,8825.397538650364,0,8825.397538650364,8825.397538650364
2024-01-11,8825.397538650364,0,8825.397538650364,8825.397538650364
2024-01-12,8825.397538650364,0,8825.397538650364,8825.397538650364
2024-01-15,8825.397538650364,0,8825.397538650364,8825.397538650364
2024-01-16,8825.397538650364,0,8825.397538650364,8825.397538650364
2024-01-17,8825.397538650364,0,8825.397538650364,8825.397538650364
2024-01-18,8825.397538650364,0,8825.397538650364,8825.397538650364
2024-01-19,8825.397538650364,0,8825.397538650364,8825.397538650364
2024-01-22,8825.397538650364,0,8825.397538650364,8825.397538650364
2024-01-23,8825.397538650364,0,8825.397538650364,8825.397538650364
2024-01-24,8825.397538650364,0,8825.397538650364,8825.397538650364
2024-01-25,8825.397538650364,0,8825.397538650364,8825.397538650364
2024-01-26,8825.397538650364,0,8825.397538650364,8825.397538650364
2024-01-29,8825.397538650364,0,8825.397538650364,8825.397538650364
2024-01-30,8825.397538650364,0,8825.397538650364,8825.397538650364
2024-01-31,8825.397538650364,0,8825.397538650364,8825.397538650364
2024-02-01,8825.397538650364,0,8825.397538650364,8825.397538650364
2024-02-02,8825.397538650364,0,8825.397538650364,8825.397538650364
2024-02-05,8825.397538650364,0,8825.397538650364,8825.397538650364
2024-02-06,8825.397538650364,0,8825.397538650364,8825.397538650364
2024-02-07,8825.397538650364,0,8825.397538650364,8825.397538650364
2024-02-08,8825.397538650364,0,8825.397538650364,8825.397538650364
2024-02-19,8825.397538650364,0,8825.397538650364,8825.397538650364
2024-02-20,8825.397538650364,0,8825.397538650364,8825.397538650364
2024-02-21,8825.397538650364,0,8825.397538650364,8825.397538650364
2024-02-22,8825.397538650364,0,8825.397538650364,8825.397538650364
2024-02-23,8825.397538650364,0,8825.397538650364,8825.397538650364
2024-02-26,8825.397538650364,0,8825.397538650364,8825.397538650364
2024-02-27,8825.397538650364,0,8825.397538650364,8825.397538650364
2024-02-28,8825.397538650364,0,8825.397538650364,8825.397538650364
2024-02-29,8825.397538650364,0,8825.397538650364,8825.397538650364
2024-03-01,8825.397538650364,0,8825.397538650364,8825.397538650364
2024-03-04,8825.397538650364,0,8825.397538650364,8825.397538650364
2024-03-05,8825.397538650364,0,8825.397538650364,8825.397538650364
2024-03-06,8825.397538650364,0,8825.397538650364,8825.397538650364
2024-03-07,8825.397538650364,0,8825.397538650364,8825.397538650364
2024-03-08,8825.397538650364,0,8825.397538650364,8825.397538650364
2024-03-11,8825.397538650364,0,8825.397538650364,8825.397538650364
2024-03-12,8825.397538650364,0,8825.397538650364,8825.397538650364
2024-03-13,8825.397538650364,0,8825.397538650364,8825.397538650364
2024-03-14,8825.397538650364,0,8825.397538650364,8825.397538650364
2024-03-15,8825.397538650364,0,8825.397538650364,8825.397538650364
2024-03-18,8825.397538650364,0,8825.397538650364,8825.397538650364
2024-03-19,8825.397538650364,0,8825.397538650364,8825.397538650364
2024-03-20,8825.397538650364,0,8825.397538650364,8825.397538650364
2024-03-21,8825.397538650364,0,8825.397538650364,8825.397538650364
2024-03-22,8825.397538650364,0,8825.397538650364,8825.397538650364
2024-03-25,8825.397538650364,0,8825.397538650364,8825.397538650364
2024-03-26,8825.397538650364,0,8825.397538650364,8825.397538650364
2024-03-27,8825.397538650364,0,8825.397538650364,8825.397538650364
2024-03-28,8825.397538650364,0,8825.397538650364,8825.397538650364
2024-03-29,8825.397538650364,0,8825.397538650364,8825.397538650364
2024-04-01,8825.397538650364,0,8825.397538650364,8825.397538650364
2024-04-02,8825.397538650364,0,8825.397538650364,8825.397538650364
2024-04-03,8825.397538650364,0,8825.397538650364,8825.397538650364
2024-04-08,8825.397538650364,0,8825.397538650364,8825.397538650364
2024-04-09,8825.397538650364,0,8825.397538650364,8825.397538650364
2024-04-10,8825.397538650364,0,8825.397538650364,8825.397538650364
2024-04-11,8825.397538650364,0,8825.397538650364,8825.397538650364
2024-04-12,8825.397538650364,0,8825.397538650364,8825.397538650364
2024-04-15,8825.397538650364,0,8825.397538650364,8825.397538650364
2024-04-16,8825.397538650364,0,8825.397538650364,8825.397538650364
2024-04-17,8825.397538650364,0,8825.397538650364,8825.397538650364
2024-04-18,8825.397538650364,0,8825.397538650364,8825.397538650364
2024-04-19,8825.397538650364,0,8825.397538650364,8825.397538650364
2024-04-22,8825.397538650364,0,8825.397538650364,8825.397538650364
2024-04-23,8825.397538650364,0,8825.397538650364,8825.397538650364
2024-04-24,8825.397538650364,0,8825.397538650364,8825.397538650364
2024-04-25,8825.397538650364,0,8825.397538650364,8825.397538650364
2024-04-26,8825.397538650364,0,8825.397538650364,8825.397538650364
2024-04-29,8825.397538650364,0,8825.397538650364,8825.397538650364
2024-04-30,8825.397538650364,0,8825.397538650364,8825.397538650364
2024-05-06,8825.397538650364,0,8825.397538650364,8825.397538650364
2024-05-07,8825.397538650364,0,8825.397538650364,8825.397538650364
2024-05-08,8825.397538650364,0,8825.397538650364,8825.397538650364
2024-05-09,8825.397538650364,0,8825.397538650364,8825.397538650364
2024-05-10,8825.397538650364,0,8825.397538650364,8825.397538650364
2024-05-13,8825.397538650364,0,8825.397538650364,8825.397538650364
2024-05-14,8825.397538650364,0,8825.397538650364,8825.397538650364
2024-05-15,8825.397538650364,0,8825.397538650364,8825.397538650364
2024-05-16,8825.397538650364,0,8825.397538650364,8825.397538650364
2024-05-17,8825.397538650364,0,8825.397538650364,8825.397538650364
2024-05-20,8825.397538650364,0,8825.397538650364,8825.397538650364
2024-05-21,8825.397538650364,0,8825.397538650364,8825.397538650364
2024-05-22,8825.397538650364,0,8825.397538650364,8825.397538650364
2024-05-23,8825.397538650364,0,8825.397538650364,8825.397538650364
2024-05-24,8825.397538650364,0,8825.397538650364,8825.397538650364
2024-05-27,8825.397538650364,0,8825.397538650364,8825.397538650364
2024-05-28,8825.397538650364,0,8825.397538650364,8825.397538650364
2024-05-29,8825.397538650364,0,8825.397538650364,8825.397538650364
2024-05-30,8825.397538650364,0,8825.397538650364,8825.397538650364
2024-05-31,8825.397538650364,0,8825.397538650364,8825.397538650364
2024-06-03,8825.397538650364,0,8825.397538650364,8825.397538650364
2024-06-04,8825.397538650364,0,8825.397538650364,8825.397538650364
2024-06-05,8825.397538650364,0,8825.397538650364,8825.397538650364
2024-06-06,8825.397538650364,0,8825.397538650364,8825.397538650364
2024-06-07,8825.397538650364,0,8825.397538650364,8825.397538650364
2024-06-11,8825.397538650364,0,8825.397538650364,8825.397538650364
2024-06-12,8825.397538650364,0,8825.397538650364,8825.397538650364
2024-06-13,8825.397538650364,0,8825.397538650364,8825.397538650364
2024-06-14,8825.397538650364,0,8825.397538650364,8825.397538650364
2024-06-17,8825.397538650364,0,8825.397538650364,8825.397538650364
2024-06-18,8825.397538650364,0,8825.397538650364,8825.397538650364
2024-06-19,8825.397538650364,0,8825.397538650364,8825.397538650364
2024-06-20,8825.397538650364,0,8825.397538650364,8825.397538650364
2024-06-21,8825.397538650364,0,8825.397538650364,8825.397538650364
2024-06-24,8825.397538650364,0,8825.397538650364,8825.397538650364
2024-06-25,8825.397538650364,0,8825.397538650364,8825.397538650364
2024-06-26,8825.397538650364,0,8825.397538650364,8825.397538650364
2024-06-27,8825.397538650364,0,8825.397538650364,8825.397538650364
2024-06-28,8825.397538650364,0,8825.397538650364,8825.397538650364
2024-07-01,8825.397538650364,0,8825.397538650364,8825.397538650364
2024-07-02,8825.397538650364,0,8825.397538650364,8825.397538650364
2024-07-03,8825.397538650364,0,8825.397538650364,8825.397538650364
2024-07-04,8825.397538650364,0,8825.397538650364,8825.397538650364
2024-07-05,8825.397538650364,0,8825.397538650364,8825.397538650364
2024-07-08,8825.397538650364,0,8825.397538650364,8825.397538650364
2024-07-09,8825.397538650364,0,8825.397538650364,8825.397538650364
2024-07-10,8825.397538650364,0,8825.397538650364,8825.397538650364
2024-07-11,8825.397538650364,0,8825.397538650364,8825.397538650364
2024-07-12,8825.397538650364,0,8825.397538650364,8825.397538650364
2024-07-15,8825.397538650364,0,8825.397538650364,8825.397538650364
2024-07-16,8825.397538650364,0,8825.397538650364,8825.397538650364
2024-07-17,8825.397538650364,0,8825.397538650364,8825.397538650364
2024-07-18,8825.397538650364,0,8825.397538650364,8825.397538650364
2024-07-19,8825.397538650364,0,8825.397538650364,8825.397538650364
2024-07-22,8825.397538650364,0,8825.397538650364,8825.397538650364
2024-07-23,8825.397538650364,0,8825.397538650364,8825.397538650364
2024-07-24,8825.397538650364,0,8825.397538650364,8825.397538650364
2024-07-25,8825.397538650364,0,8825.397538650364,8825.397538650364
2024-07-26,8825.397538650364,0,8825.397538650364,8825.397538650364
2024-07-29,8825.397538650364,0,8825.397538650364,8825.397538650364
2024-07-30,8825.397538650364,0,8825.397538650364,8825.397538650364
2024-07-31,8825.397538650364,0,8825.397538650364,8825.397538650364
2024-08-01,8825.397538650364,0,8825.397538650364,8825.397538650364
2024-08-02,8825.397538650364,0,8825.397538650364,8825.397538650364
2024-08-05,8825.397538650364,0,8825.397538650364,8825.397538650364
2024-08-06,8825.397538650364,0,8825.397538650364,8825.397538650364
2024-08-07,8825.397538650364,0,8825.397538650364,8825.397538650364
2024-08-08,8825.397538650364,0,8825.397538650364,8825.397538650364
2024-08-09,8825.397538650364,0,8825.397538650364,8825.397538650364
2024-08-12,8825.397538650364,0,8825.397538650364,8825.397538650364
2024-08-13,8825.397538650364,0,8825.397538650364,8825.397538650364
2024-08-14,8825.397538650364,0,8825.397538650364,8825.397538650364
2024-08-15,8825.397538650364,0,8825.397538650364,8825.397538650364
2024-08-16,8825.397538650364,0,8825.397538650364,8825.397538650364
2024-08-19,8825.397538650364,0,8825.397538650364,8825.397538650364
2024-08-20,8825.397538650364,0,8825.397538650364,8825.397538650364
2024-08-21,8825.397538650364,0,8825.397538650364,8825.397538650364
2024-08-22,8825.397538650364,0,8825.397538650364,8825.397538650364
2024-08-23,8825.397538650364,0,8825.397538650364,8825.397538650364
2024-08-26,8825.397538650364,0,8825.397538650364,8825.397538650364
2024-08-27,8825.397538650364,0,8825.397538650364,8825.397538650364
2024-08-28,8825.397538650364,0,8825.397538650364,8825.397538650364
2024-08-29,8825.397538650364,0,8825.397538650364,8825.397538650364
2024-08-30,8825.397538650364,0,8825.397538650364,8825.397538650364
2024-09-02,8825.397538650364,0,8825.397538650364,8825.397538650364
2024-09-03,8825.397538650364,0,8825.397538650364,8825.397538650364
2024-09-04,8825.397538650364,0,8825.397538650364,8825.397538650364
2024-09-05,8825.397538650364,0,8825.397538650364,8825.397538650364
2024-09-06,8825.397538650364,0,8825.397538650364,8825.397538650364
2024-09-09,8825.397538650364,0,8825.397538650364,8825.397538650364
2024-09-10,8825.397538650364,0,8825.397538650364,8825.397538650364
2024-09-11,8825.397538650364,0,8825.397538650364,8825.397538650364
2024-09-12,8825.397538650364,0,8825.397538650364,8825.397538650364
2024-09-13,8825.397538650364,0,8825.397538650364,8825.397538650364
2024-09-18,8825.397538650364,0,8825.397538650364,8825.397538650364
2024-09-19,8825.397538650364,0,8825.397538650364,8825.397538650364
2024-09-20,8825.397538650364,0,8825.397538650364,8825.397538650364
2024-09-23,8825.397538650364,0,8825.397538650364,8825.397538650364
2024-09-24,8825.397538650364,0,8825.397538650364,8825.397538650364
2024-09-25,8825.397538650364,0,8825.397538650364,8825.397538650364
2024-09-26,8825.397538650364,0,8825.397538650364,8825.397538650364
2024-09-27,8825.397538650364,0,8825.397538650364,8825.397538650364
2024-09-30,8825.397538650364,0,8825.397538650364,8825.397538650364
2024-10-08,8825.397538650364,0,8825.397538650364,8825.397538650364
2024-10-09,8825.397538650364,0,8825.397538650364,8825.397538650364
2024-10-10,8825.397538650364,0,8825.397538650364,8825.397538650364
2024-10-11,8825.397538650364,0,8825.397538650364,8825.397538650364
2024-10-14,8825.397538650364,0,8825.397538650364,8825.397538650364
2024-10-15,8825.397538650364,0,8825.397538650364,8825.397538650364
2024-10-16,8825.397538650364,0,8825.397538650364,8825.397538650364
2024-10-17,8825.397538650364,0,8825.397538650364,8825.397538650364
2024-10-18,8825.397538650364,0,8825.397538650364,8825.397538650364
2024-10-21,8825.397538650364,0,8825.397538650364,8825.397538650364
2024-10-22,8825.397538650364,0,8825.397538650364,8825.397538650364
2024-10-23,8825.397538650364,0,8825.397538650364,8825.397538650364
2024-10-24,8825.397538650364,0,8825.397538650364,8825.397538650364
2024-10-25,8825.397538650364,0,8825.397538650364,8825.397538650364
2024-10-28,8825.397538650364,0,8825.397538650364,8825.397538650364
2024-10-29,8825.397538650364,0,8825.397538650364,8825.397538650364
2024-10-30,8825.397538650364,0,8825.397538650364,8825.397538650364
2024-10-31,8825.397538650364,0,8825.397538650364,8825.397538650364
2024-11-01,8825.397538650364,0,8825.397538650364,8825.397538650364
2024-11-04,8825.397538650364,0,8825.397538650364,8825.397538650364
2024-11-05,8825.397538650364,0,8825.397538650364,8825.397538650364
2024-11-06,8825.397538650364,0,8825.397538650364,8825.397538650364
2024-11-07,8825.397538650364,0,8825.397538650364,8825.397538650364
2024-11-08,8825.397538650364,0,8825.397538650364,8825.397538650364
2024-11-11,8825.397538650364,0,8825.397538650364,8825.397538650364
2024-11-12,8825.397538650364,0,8825.397538650364,8825.397538650364
2024-11-13,8825.397538650364,0,8825.397538650364,8825.397538650364
2024-11-14,8825.397538650364,0,8825.397538650364,8825.397538650364
2024-11-15,8825.397538650364,0,8825.397538650364,8825.397538650364
2024-11-18,8825.397538650364,0,8825.397538650364,8825.397538650364
2024-11-19,8825.397538650364,0,8825.397538650364,8825.397538650364
2024-11-20,8825.397538650364,0,8825.397538650364,8825.397538650364
2024-11-21,8825.397538650364,0,8825.397538650364,8825.397538650364
2024-11-22,8825.397538650364,0,8825.397538650364,8825.397538650364
2024-11-25,8825.397538650364,0,8825.397538650364,8825.397538650364
2024-11-26,8825.397538650364,0,8825.397538650364,8825.397538650364
2024-11-27,8825.397538650364,0,8825.397538650364,8825.397538650364
2024-11-28,8825.397538650364,0,8825.397538650364,8825.397538650364
2024-11-29,8825.397538650364,0,8825.397538650364,8825.397538650364
2024-12-02,8825.397538650364,0,8825.397538650364,8825.397538650364
2024-12-03,8825.397538650364,0,8825.397538650364,8825.397538650364
2024-12-04,8825.397538650364,0,8825.397538650364,8825.397538650364
2024-12-05,8825.397538650364,0,8825.397538650364,8825.397538650364
2024-12-06,8825.397538650364,0,8825.397538650364,8825.397538650364
2024-12-09,8825.397538650364,0,8825.397538650364,8825.397538650364
2024-12-10,8825.397538650364,0,8825.397538650364,8825.397538650364
2024-12-11,8825.397538650364,0,8825.397538650364,8825.397538650364
2024-12-12,8825.397538650364,0,8825.397538650364,8825.397538650364
2024-12-13,8825.397538650364,0,8825.397538650364,8825.397538650364
2024-12-16,8825.397538650364,0,8825.397538650364,8825.397538650364
2024-12-17,8825.397538650364,0,8825.397538650364,8825.397538650364
2024-12-18,8825.397538650364,0,8825.397538650364,8825.397538650364
2024-12-19,8825.397538650364,0,8825.397538650364,8825.397538650364
2024-12-20,8825.397538650364,0,8825.397538650364,8825.397538650364
2024-12-23,8825.397538650364,0,8825.397538650364,8825.397538650364
2024-12-24,8825.397538650364,0,8825.397538650364,8825.397538650364
2024-12-25,8825.397538650364,0,8825.397538650364,8825.397538650364
2024-12-26,8825.397538650364,0,8825.397538650364,8825.397538650364
2024-12-27,8825.397538650364,0,8825.397538650364,8825.397538650364
2024-12-30,8825.397538650364,0,8825.397538650364,8825.397538650364
2024-12-31,8825.397538650364,0,8825.397538650364,8825.397538650364
2025-01-02,8825.397538650364,0,8825.397538650364,8825.397538650364
2025-01-03,8825.397538650364,0,8825.397538650364,8825.397538650364
2025-01-06,8825.397538650364,0,8825.397538650364,8825.397538650364
2025-01-07,8825.397538650364,0,8825.397538650364,8825.397538650364
2025-01-08,8825.397538650364,0,8825.397538650364,8825.397538650364
2025-01-09,8825.397538650364,0,8825.397538650364,8825.397538650364
2025-01-10,8825.397538650364,0,8825.397538650364,8825.397538650364
2025-01-13,8825.397538650364,0,8825.397538650364,8825.397538650364
2025-01-14,8825.397538650364,0,8825.397538650364,8825.397538650364
2025-01-15,8825.397538650364,0,8825.397538650364,8825.397538650364
2025-01-16,8825.397538650364,0,8825.397538650364,8825.397538650364
2025-01-17,8825.397538650364,0,8825.397538650364,8825.397538650364
2025-01-20,8825.397538650364,0,8825.397538650364,8825.397538650364
2025-01-21,8825.397538650364,0,8825.397538650364,8825.397538650364
2025-01-22,8825.397538650364,0,8825.397538650364,8825.397538650364
2025-01-23,8825.397538650364,0,8825.397538650364,8825.397538650364
2025-01-24,8825.397538650364,0,8825.397538650364,8825.397538650364
2025-01-27,8825.397538650364,0,8825.397538650364,8825.397538650364
2025-02-05,8825.397538650364,0,8825.397538650364,8825.397538650364
2025-02-06,8825.397538650364,0,8825.397538650364,8825.397538650364
2025-02-07,8825.397538650364,0,8825.397538650364,8825.397538650364
2025-02-10,8825.397538650364,0,8825.397538650364,8825.397538650364
2025-02-11,8825.397538650364,0,8825.397538650364,8825.397538650364
2025-02-12,8825.397538650364,0,8825.397538650364,8825.397538650364
2025-02-13,8825.397538650364,0,8825.397538650364,8825.397538650364
2025-02-14,8825.397538650364,0,8825.397538650364,8825.397538650364
2025-02-17,8825.397538650364,0,8825.397538650364,8825.397538650364
2025-02-18,8825.397538650364,0,8825.397538650364,8825.397538650364
2025-02-19,8825.397538650364,0,8825.397538650364,8825.397538650364
2025-02-20,8825.397538650364,0,8825.397538650364,8825.397538650364
2025-02-21,8825.397538650364,0,8825.397538650364,8825.397538650364
2025-02-24,8825.397538650364,0,8825.397538650364,8825.397538650364
2025-02-25,8825.397538650364,0,8825.397538650364,8825.397538650364
2025-02-26,8825.397538650364,0,8825.397538650364,8825.397538650364
2025-02-27,8825.397538650364,0,8825.397538650364,8825.397538650364
2025-02-28,8825.397538650364,0,8825.397538650364,8825.397538650364
2025-03-03,8825.397538650364,0,8825.397538650364,8825.397538650364
2025-03-04,8825.397538650364,0,8825.397538650364,8825.397538650364
2025-03-05,8825.397538650364,0,8825.397538650364,8825.397538650364
2025-03-06,8825.397538650364,0,8825.397538650364,8825.397538650364
2025-03-07,8825.397538650364,0,8825.397538650364,8825.397538650364
2025-03-10,8825.397538650364,0,8825.397538650364,8825.397538650364
2025-03-11,8825.397538650364,0,8825.397538650364,8825.397538650364
2025-03-12,8825.397538650364,0,8825.397538650364,8825.397538650364
2025-03-13,8825.397538650364,0,8825.397538650364,8825.397538650364
2025-03-14,8825.397538650364,0,8825.397538650364,8825.397538650364
2025-03-17,8825.397538650364,0,8825.397538650364,8825.397538650364
2025-03-18,8825.397538650364,0,8825.397538650364,8825.397538650364
2025-03-19,8825.397538650364,0,8825.397538650364,8825.397538650364
2025-03-20,8825.397538650364,0,8825.397538650364,8825.397538650364
2025-03-21,8825.397538650364,0,8825.397538650364,8825.397538650364
2025-03-24,8825.397538650364,0,8825.397538650364,8825.397538650364
2025-03-25,8825.397538650364,0,8825.397538650364,8825.397538650364
2025-03-26,8825.397538650364,0,8825.397538650364,8825.397538650364
2025-03-27,8825.397538650364,0,8825.397538650364,8825.397538650364
2025-03-28,8825.397538650364,0,8825.397538650364,8825.397538650364
2025-03-31,8825.397538650364,0,8825.397538650364,8825.397538650364
2025-04-01,8825.397538650364,0,8825.397538650364,8825.397538650364
2025-04-02,8825.397538650364,0,8825.397538650364,8825.397538650364
2025-04-03,8825.397538650364,0,8825.397538650364,8825.397538650364
2025-04-07,8825.397538650364,0,8825.397538650364,8825.397538650364
2025-04-08,8825.397538650364,0,8825.397538650364,8825.397538650364
2025-04-09,8825.397538650364,0,8825.397538650364,8825.397538650364
2025-04-10,8825.397538650364,0,8825.397538650364,8825.397538650364
2025-04-11,8825.397538650364,0,8825.397538650364,8825.397538650364
2025-04-14,8825.397538650364,0,8825.397538650364,8825.397538650364
2025-04-15,8825.397538650364,0,8825.397538650364,8825.397538650364
2025-04-16,8825.397538650364,0,8825.397538650364,8825.397538650364
2025-04-17,8825.397538650364,0,8825.397538650364,8825.397538650364
2025-04-18,8825.397538650364,0,8825.397538650364,8825.397538650364
2025-04-21,8825.397538650364,0,8825.397538650364,8825.397538650364
2025-04-22,8825.397538650364,0,8825.397538650364,8825.397538650364
2025-04-23,8825.397538650364,0,8825.397538650364,8825.397538650364
2025-04-24,8825.397538650364,0,8825.397538650364,8825.397538650364
2025-04-25,8825.397538650364,0,8825.397538650364,8825.397538650364
2025-04-28,8825.397538650364,0,8825.397538650364,8825.397538650364
2025-04-29,8825.397538650364,0,8825.397538650364,8825.397538650364
2025-04-30,8825.397538650364,0,8825.397538650364,8825.397538650364
2025-05-06,8825.397538650364,0,8825.397538650364,8825.397538650364
2025-05-07,8825.397538650364,0,8825.397538650364,8825.397538650364
2025-05-08,8825.397538650364,0,8825.397538650364,8825.397538650364
2025-05-09,8825.397538650364,0,8825.397538650364,8825.397538650364
2025-05-12,8825.397538650364,0,8825.397538650364,8825.397538650364
2025-05-13,8825.397538650364,0,8825.397538650364,8825.397538650364
2025-05-14,8825.397538650364,0,8825.397538650364,8825.397538650364
2025-05-15,8825.397538650364,0,8825.397538650364,8825.397538650364
2025-05-16,8825.397538650364,0,8825.397538650364,8825.397538650364
2025-05-19,8825.397538650364,0,8825.397538650364,8825.397538650364
2025-05-20,8825.397538650364,0,8825.397538650364,8825.397538650364
2025-05-21,8825.397538650364,0,8825.397538650364,8825.397538650364
2025-05-22,8825.397538650364,0,8825.397538650364,8825.397538650364
2025-05-23,8825.397538650364,0,8825.397538650364,8825.397538650364
2025-05-26,8825.397538650364,0,8825.397538650364,8825.397538650364
2025-05-27,8825.397538650364,0,8825.397538650364,8825.397538650364
2025-05-28,8825.397538650364,0,8825.397538650364,8825.397538650364
2025-05-29,8825.397538650364,0,8825.397538650364,8825.397538650364
2025-05-30,8825.397538650364,0,8825.397538650364,8825.397538650364
2025-06-03,8825.397538650364,0,8825.397538650364,8825.397538650364
2025-06-04,8825.397538650364,0,8825.397538650364,8825.397538650364
2025-06-05,8825.397538650364,0,8825.397538650364,8825.397538650364
2025-06-06,8825.397538650364,0,8825.397538650364,8825.397538650364
2025-06-09,8825.397538650364,0,8825.397538650364,8825.397538650364
2025-06-10,8825.397538650364,0,8825.397538650364,8825.397538650364
2025-06-11,8825.397538650364,0,8825.397538650364,8825.397538650364
2025-06-12,8825.397538650364,0,8825.397538650364,8825.397538650364
2025-06-13,8825.397538650364,0,8825.397538650364,8825.397538650364
2025-06-16,8825.397538650364,0,8825.397538650364,8825.397538650364
2025-06-17,8825.397538650364,0,8825.397538650364,8825.397538650364
2025-06-18,8825.397538650364,0,8825.397538650364,8825.397538650364
2025-06-19,8825.397538650364,0,8825.397538650364,8825.397538650364
2025-06-20,8825.397538650364,0,8825.397538650364,8825.397538650364
2025-06-23,8825.397538650364,0,8825.397538650364,8825.397538650364
2025-06-24,8825.397538650364,0,8825.397538650364,8825.397538650364
2025-06-25,8825.397538650364,0,8825.397538650364,8825.397538650364
2025-06-26,8825.397538650364,0,8825.397538650364,8825.397538650364
2025-06-27,8825.397538650364,0,8825.397538650364,8825.397538650364
2025-06-30,8825.397538650364,0,8825.397538650364,8825.397538650364
2025-07-01,8825.397538650364,0,8825.397538650364,8825.397538650364
2025-07-02,8825.397538650364,0,8825.397538650364,8825.397538650364
2025-07-03,8825.397538650364,0,8825.397538650364,8825.397538650364
2025-07-04,8825.397538650364,0,8825.397538650364,8825.397538650364
2025-07-07,8825.397538650364,0,8825.397538650364,8825.397538650364
2025-07-08,8825.397538650364,0,8825.397538650364,8825.397538650364
2025-07-09,8825.397538650364,0,8825.397538650364,8825.397538650364
2025-07-10,8825.397538650364,0,8825.397538650364,8825.397538650364
2025-07-11,8825.397538650364,0,8825.397538650364,8825.397538650364
2025-07-14,8825.397538650364,0,8825.397538650364,8825.397538650364
2025-07-15,8825.397538650364,0,8825.397538650364,8825.397538650364
2025-07-16,8825.397538650364,0,8825.397538650364,8825.397538650364
2025-07-17,8825.397538650364,0,8825.397538650364,8825.397538650364
2025-07-18,8825.397538650364,0,8825.397538650364,8825.397538650364
2025-07-21,8825.397538650364,0,8825.397538650364,8825.397538650364
2025-07-22,8825.397538650364,0,8825.397538650364,8825.397538650364
2025-07-23,8825.397538650364,0,8825.397538650364,8825.397538650364
2025-07-24,8825.397538650364,0,8825.397538650364,8825.397538650364
2025-07-25,8825.397538650364,0,8825.397538650364,8825.397538650364
2025-07-28,8825.397538650364,0,8825.397538650364,8825.397538650364
2025-07-29,8825.397538650364,0,8825.397538650364,8825.397538650364
2025-07-30,8825.397538650364,0,8825.397538650364,8825.397538650364
2025-07-31,8825.397538650364,0,8825.397538650364,8825.397538650364
2025-08-01,8825.397538650364,0,8825.397538650364,8825.397538650364
2025-08-04,8825.397538650364,0,8825.397538650364,8825.397538650364
2025-08-05,8825.397538650364,0,8825.397538650364,8825.397538650364
2025-08-06,8825.397538650364,0,8825.397538650364,8825.397538650364
2025-08-07,8825.397538650364,0,8825.397538650364,8825.397538650364
2025-08-08,8825.397538650364,0,8825.397538650364,8825.397538650364
2025-08-11,8825.397538650364,0,8825.397538650364,8825.397538650364
2025-08-12,8825.397538650364,0,8825.397538650364,8825.397538650364
2025-08-13,8825.397538650364,0,8825.397538650364,8825.397538650364
2025-08-14,8825.397538650364,0,8825.397538650364,8825.397538650364
2025-08-15,8825.397538650364,0,8825.397538650364,8825.397538650364
2025-08-18,8825.397538650364,0,8825.397538650364,8825.397538650364
2025-08-19,8825.397538650364,0,8825.397538650364,8825.397538650364
2025-08-20,8825.397538650364,0,8825.397538650364,8825.397538650364
2025-08-21,8825.397538650364,0,8825.397538650364,8825.397538650364
2025-08-22,8825.397538650364,0,8825.397538650364,8825.397538650364
2025-08-25,8825.397538650364,0,8825.397538650364,8825.397538650364
2025-08-26,8825.397538650364,0,8825.397538650364,8825.397538650364
2025-08-27,8825.397538650364,0,8825.397538650364,8825.397538650364
2025-08-28,8825.397538650364,0,8825.397538650364,8825.397538650364
2025-08-29,8825.397538650364,0,8825.397538650364,8825.397538650364
2025-09-01,8825.397538650364,0,8825.397538650364,8825.397538650364
2025-09-02,8825.397538650364,0,8825.397538650364,8825.397538650364
2025-09-03,8825.397538650364,0,8825.397538650364,8825.397538650364
2025-09-04,8825.397538650364,0,8825.397538650364,8825.397538650364
2025-09-05,8825.397538650364,0,8825.397538650364,8825.397538650364
2025-09-08,8825.397538650364,0,8825.397538650364,8825.397538650364
2025-09-09,8825.397538650364,0,8825.397538650364,8825.397538650364
2025-09-10,8825.397538650364,0,8825.397538650364,8825.397538650364
2025-09-11,8825.397538650364,0,8825.397538650364,8825.397538650364
2025-09-12,8825.397538650364,0,8825.397538650364,8825.397538650364
2025-09-15,8825.397538650364,0,8825.397538650364,8825.397538650364
2025-09-16,8825.397538650364,0,8825.397538650364,8825.397538650364
2025-09-17,8825.397538650364,0,8825.397538650364,8825.397538650364
2025-09-18,8825.397538650364,0,8825.397538650364,8825.397538650364
2025-09-19,8825.397538650364,0,8825.397538650364,8825.397538650364
2025-09-22,8825.397538650364,0,8825.397538650364,8825.397538650364
2025-09-23,8825.397538650364,0,8825.397538650364,8825.397538650364
2025-09-24,8825.397538650364,0,8825.397538650364,8825.397538650364
2025-09-25,8825.397538650364,0,8825.397538650364,8825.397538650364
2025-09-26,8825.397538650364,0,8825.397538650364,8825.397538650364
2025-09-29,8825.397538650364,0,8825.397538650364,8825.397538650364
2025-09-30,8825.397538650364,0,8825.397538650364,8825.397538650364
2025-10-09,8825.397538650364,0,8825.397538650364,8825.397538650364
2025-10-10,8825.397538650364,0,8825.397538650364,8825.397538650364
2025-10-13,8825.397538650364,0,8825.397538650364,8825.397538650364
2025-10-14,8825.397538650364,0,8825.397538650364,8825.397538650364
2025-10-15,8825.397538650364,0,8825.397538650364,8825.397538650364
2025-10-16,8825.397538650364,0,8825.397538650364,8825.397538650364
2025-10-17,8825.397538650364,0,8825.397538650364,8825.397538650364
2025-10-20,8825.397538650364,0,8825.397538650364,8825.397538650364
2025-10-21,8825.397538650364,0,8825.397538650364,8825.397538650364
2025-10-22,8825.397538650364,0,8825.397538650364,8825.397538650364
2025-10-23,8825.397538650364,0,8825.397538650364,8825.397538650364
2025-10-24,8825.397538650364,0,8825.397538650364,8825.397538650364
2025-10-27,8825.397538650364,0,8825.397538650364,8825.397538650364
2025-10-28,8825.397538650364,0,8825.397538650364,8825.397538650364
2025-10-29,8825.397538650364,0,8825.397538650364,8825.397538650364
2025-10-30,8825.397538650364,0,8825.397538650364,8825.397538650364
2025-10-31,8825.397538650364,0,8825.397538650364,8825.397538650364
2025-11-03,8825.397538650364,0,8825.397538650364,8825.397538650364
2025-11-04,8825.397538650364,0,8825.397538650364,8825.397538650364
2025-11-05,8825.397538650364,0,8825.397538650364,8825.397538650364
2025-11-06,8825.397538650364,0,8825.397538650364,8825.397538650364
2025-11-07,8825.397538650364,0,8825.397538650364,8825.397538650364
2025-11-10,8825.397538650364,0,8825.397538650364,8825.397538650364
2025-11-11,8825.397538650364,0,8825.397538650364,8825.397538650364
2025-11-12,8825.397538650364,0,8825.397538650364,8825.397538650364
2025-11-13,8825.397538650364,0,8825.397538650364,8825.397538650364
2025-11-14,8825.397538650364,0,8825.397538650364,8825.397538650364
2025-11-17,8825.397538650364,0,8825.397538650364,8825.397538650364
2025-11-18,8825.397538650364,0,8825.397538650364,8825.397538650364
2025-11-19,8825.397538650364,0,8825.397538650364,8825.397538650364
2025-11-20,8825.397538650364,0,8825.397538650364,8825.397538650364
2025-11-21,8825.397538650364,0,8825.397538650364,8825.397538650364
2025-11-24,8825.397538650364,0,8825.397538650364,8825.397538650364
2025-11-25,8825.397538650364,0,8825.397538650364,8825.397538650364
2025-11-26,8825.397538650364,0,8825.397538650364,8825.397538650364
2025-11-27,8825.397538650364,0,8825.397538650364,8825.397538650364
2025-11-28,8825.397538650364,0,8825.397538650364,8825.397538650364
2025-12-01,8825.397538650364,0,8825.397538650364,8825.397538650364
2025-12-02,8825.397538650364,0,8825.397538650364,8825.397538650364
2025-12-03,8825.397538650364,0,8825.397538650364,8825.397538650364
2025-12-04,8825.397538650364,0,8825.397538650364,8825.397538650364
2025-12-05,8825.397538650364,0,8825.397538650364,8825.397538650364
2025-12-08,8825.397538650364,0,8825.397538650364,8825.397538650364
2025-12-09,8825.397538650364,0,8825.397538650364,8825.397538650364
2025-12-10,8825.397538650364,0,8825.397538650364,8825.397538650364
2025-12-11,8825.397538650364,0,8825.397538650364,8825.397538650364
2025-12-12,8825.397538650364,0,8825.397538650364,8825.397538650364
2025-12-15,8825.397538650364,0,8825.397538650364,8825.397538650364
2025-12-16,8825.397538650364,0,8825.397538650364,8825.397538650364
2025-12-17,8825.397538650364,0,8825.397538650364,8825.397538650364
2025-12-18,8825.397538650364,0,8825.397538650364,8825.397538650364
2025-12-19,8825.397538650364,0,8825.397538650364,8825.397538650364
2025-12-22,8825.397538650364,0,8825.397538650364,8825.397538650364
2025-12-23,8825.397538650364,0,8825.397538650364,8825.397538650364
2025-12-24,8825.397538650364,0,8825.397538650364,8825.397538650364
2025-12-25,8825.397538650364,0,8825.397538650364,8825.397538650364
2025-12-26,8825.397538650364,0,8825.397538650364,8825.397538650364
2025-12-29,8825.397538650364,0,8825.397538650364,8825.397538650364
2025-12-30,8825.397538650364,0,8825.397538650364,8825.397538650364
2025-12-31,8825.397538650364,0,8825.397538650364,8825.397538650364
2026-01-05,8825.397538650364,0,8825.397538650364,8825.397538650364
2026-01-06,8825.397538650364,0,8825.397538650364,8825.397538650364
2026-01-07,8825.397538650364,0,8825.397538650364,8825.397538650364
2026-01-08,8825.397538650364,0,8825.397538650364,8825.397538650364
2026-01-09,8825.397538650364,0,8825.397538650364,8825.397538650364
2026-01-12,8825.397538650364,0,8825.397538650364,8825.397538650364
2026-01-13,8825.397538650364,0,8825.397538650364,8825.397538650364
2026-01-14,8825.397538650364,0,8825.397538650364,8825.397538650364
2026-01-15,8825.397538650364,0,8825.397538650364,8825.397538650364
2026-01-16,8825.397538650364,0,8825.397538650364,8825.397538650364
2026-01-19,8825.397538650364,0,8825.397538650364,8825.397538650364
2026-01-20,8825.397538650364,0,8825.397538650364,8825.397538650364
2026-01-21,8825.397538650364,0,8825.397538650364,8825.397538650364
2026-01-22,8825.397538650364,0,8825.397538650364,8825.397538650364
2026-01-23,8825.397538650364,0,8825.397538650364,8825.397538650364
2026-01-26,8825.397538650364,0,8825.397538650364,8825.397538650364
2026-01-27,8825.397538650364,0,8825.397538650364,8825.397538650364
2026-01-28,8825.397538650364,0,8825.397538650364,8825.397538650364
2026-01-29,8825.397538650364,0,8825.397538650364,8825.397538650364
2026-01-30,8825.397538650364,0,8825.397538650364,8825.397538650364
2026-02-02,8825.397538650364,0,8825.397538650364,8825.397538650364
2026-02-03,8825.397538650364,0,8825.397538650364,8825.397538650364
2026-02-04,8825.397538650364,0,8825.397538650364,8825.397538650364
2026-02-05,8825.397538650364,0,8825.397538650364,8825.397538650364
2026-02-06,8825.397538650364,0,8825.397538650364,8825.397538650364
2026-02-09,8825.397538650364,0,8825.397538650364,8825.397538650364
2026-02-10,8825.397538650364,0,8825.397538650364,8825.397538650364
2026-02-11,8825.397538650364,0,8825.397538650364,8825.397538650364
2026-02-12,8825.397538650364,0,8825.397538650364,8825.397538650364
2026-02-13,8825.397538650364,0,8825.397538650364,8825.397538650364
2026-02-24,8825.397538650364,0,8825.397538650364,8825.397538650364
2026-02-25,8825.397538650364,0,8825.397538650364,8825.397538650364
2026-02-26,8825.397538650364,0,8825.397538650364,8825.397538650364
2026-02-27,8825.397538650364,0,8825.397538650364,8825.397538650364
2026-03-02,8825.397538650364,0,8825.397538650364,8825.397538650364
2026-03-03,8825.397538650364,0,8825.397538650364,8825.397538650364
2026-03-04,8825.397538650364,0,8825.397538650364,8825.397538650364
2026-03-05,8825.397538650364,0,8825.397538650364,8825.397538650364
2026-03-06,8825.397538650364,0,8825.397538650364,8825.397538650364
2026-03-09,8825.397538650364,0,8825.397538650364,8825.397538650364
2026-03-10,8825.397538650364,0,8825.397538650364,8825.397538650364
2026-03-11,8825.397538650364,0,8825.397538650364,8825.397538650364
2026-03-12,8825.397538650364,0,8825.397538650364,8825.397538650364
2026-03-13,8825.397538650364,0,8825.397538650364,8825.397538650364
2026-03-16,8825.397538650364,0,8825.397538650364,8825.397538650364
2026-03-17,8825.397538650364,0,8825.397538650364,8825.397538650364
2026-03-18,8825.397538650364,0,8825.397538650364,8825.397538650364
2026-03-19,8825.397538650364,0,8825.397538650364,8825.397538650364
2026-03-20,8825.397538650364,0,8825.397538650364,8825.397538650364
2026-03-23,8825.397538650364,0,8825.397538650364,8825.397538650364
2026-03-24,8825.397538650364,0,8825.397538650364,8825.397538650364
2026-03-25,8825.397538650364,0,8825.397538650364,8825.397538650364
2026-03-26,8825.397538650364,0,8825.397538650364,8825.397538650364
2026-03-27,8825.397538650364,0,8825.397538650364,8825.397538650364
2026-03-30,8825.397538650364,0,8825.397538650364,8825.397538650364
2026-03-31,8825.397538650364,0,8825.397538650364,8825.397538650364
2026-04-01,8825.397538650364,0,8825.397538650364,8825.397538650364
2026-04-02,8825.397538650364,0,8825.397538650364,8825.397538650364
2026-04-03,8825.397538650364,0,8825.397538650364,8825.397538650364
2026-04-07,8825.397538650364,0,8825.397538650364,8825.397538650364
2026-04-08,8825.397538650364,0,8825.397538650364,8825.397538650364
2026-04-09,8825.397538650364,0,8825.397538650364,8825.397538650364
2026-04-10,8825.397538650364,0,8825.397538650364,8825.397538650364
2026-04-13,8825.397538650364,0,8825.397538650364,8825.397538650364
2026-04-14,8825.397538650364,0,8825.397538650364,8825.397538650364
2026-04-15,8825.397538650364,0,8825.397538650364,8825.397538650364
2026-04-16,8825.397538650364,0,8825.397538650364,8825.397538650364
2026-04-17,8825.397538650364,0,8825.397538650364,8825.397538650364
2026-04-20,8825.397538650364,0,8825.397538650364,8825.397538650364
2026-04-21,8825.397538650364,0,8825.397538650364,8825.397538650364
2026-04-22,8825.397538650364,0,8825.397538650364,8825.397538650364
2026-04-23,8825.397538650364,0,8825.397538650364,8825.397538650364
2026-04-24,8825.397538650364,0,8825.397538650364,8825.397538650364
2026-04-27,8825.397538650364,0,8825.397538650364,8825.397538650364
2026-04-28,8825.397538650364,0,8825.397538650364,8825.397538650364
2026-04-29,8825.397538650364,0,8825.397538650364,8825.397538650364
2026-04-30,8825.397538650364,0,8825.397538650364,8825.397538650364
2026-05-06,8825.397538650364,0,8825.397538650364,8825.397538650364
2026-05-07,8825.397538650364,0,8825.397538650364,8825.397538650364
2026-05-08,8825.397538650364,0,8825.397538650364,8825.397538650364
2026-05-11,8825.397538650364,0,8825.397538650364,8825.397538650364
2026-05-12,8825.397538650364,0,8825.397538650364,8825.397538650364
2026-05-13,8825.397538650364,0,8825.397538650364,8825.397538650364
2026-05-14,8825.397538650364,0,8825.397538650364,8825.397538650364
2026-05-15,8825.397538650364,0,8825.397538650364,8825.397538650364
2026-05-18,8825.397538650364,0,8825.397538650364,8825.397538650364
2026-05-19,8825.397538650364,0,8825.397538650364,8825.397538650364
2026-05-20,8825.397538650364,0,8825.397538650364,8825.397538650364
2026-05-21,8825.397538650364,0,8825.397538650364,8825.397538650364
2026-05-22,8825.397538650364,0,8825.397538650364,8825.397538650364
2026-05-25,8825.397538650364,0,8825.397538650364,8825.397538650364
2026-05-26,8825.397538650364,0,8825.397538650364,8825.397538650364
2026-05-27,8825.397538650364,0,8825.397538650364,8825.397538650364
2026-05-28,8825.397538650364,0,8825.397538650364,8825.397538650364
2026-05-29,8825.397538650364,0,8825.397538650364,8825.397538650364
2026-06-01,8825.397538650364,0,8825.397538650364,8825.397538650364
2026-06-02,8825.397538650364,0,8825.397538650364,8825.397538650364
2026-06-03,8825.397538650364,0,8825.397538650364,8825.397538650364
2026-06-04,8825.397538650364,0,8825.397538650364,8825.397538650364
2026-06-05,8825.397538650364,0,8825.397538650364,8825.397538650364
2026-06-08,8825.397538650364,0,8825.397538650364,8825.397538650364
2026-06-09,8825.397538650364,0,8825.397538650364,8825.397538650364
2026-06-10,8825.397538650364,0,8825.397538650364,8825.397538650364
2026-06-11,8825.397538650364,0,8825.397538650364,8825.397538650364
2026-06-12,8825.397538650364,0,8825.397538650364,8825.397538650364
2026-06-15,8825.397538650364,0,8825.397538650364,8825.397538650364
2026-06-16,8825.397538650364,0,8825.397538650364,8825.397538650364
2026-06-17,8825.397538650364,0,8825.397538650364,8825.397538650364
2026-06-18,8825.397538650364,0,8825.397538650364,8825.397538650364
2026-06-22,8825.397538650364,0,8825.397538650364,8825.397538650364
2026-06-23,8825.397538650364,0,8825.397538650364,8825.397538650364
2026-06-24,8825.397538650364,0,8825.397538650364,8825.397538650364
2026-06-25,8825.397538650364,0,8825.397538650364,8825.397538650364
2026-06-26,8825.397538650364,0,8825.397538650364,8825.397538650364
2026-06-29,8825.397538650364,0,8825.397538650364,8825.397538650364
2026-06-30,8825.397538650364,0,8825.397538650364,8825.397538650364
2026-07-01,8825.397538650364,0,8825.397538650364,8825.397538650364
2026-07-02,8825.397538650364,0,8825.397538650364,8825.397538650364
2026-07-03,8825.397538650364,0,8825.397538650364,8825.397538650364
2026-07-06,8825.397538650364,0,8825.397538650364,8825.397538650364
2026-07-07,8825.397538650364,0,8825.397538650364,8825.397538650364
2026-07-08,8825.397538650364,0,8825.397538650364,8825.397538650364
2026-07-09,8825.397538650364,0,8825.397538650364,8825.397538650364
2026-07-10,8825.397538650364,0,8825.397538650364,8825.397538650364
2026-07-13,8825.397538650364,0,8825.397538650364,8825.397538650364
2026-07-14,8825.397538650364,0,8825.397538650364,8825.397538650364
2026-07-15,8825.397538650364,0,8825.397538650364,8825.397538650364
2026-07-16,8825.397538650364,0,8825.397538650364,8825.397538650364
2026-07-17,8825.397538650364,0,8825.397538650364,8825.397538650364
2026-07-20,8825.397538650364,0,8825.397538650364,8825.397538650364
2026-07-21,8825.397538650364,0,8825.397538650364,8825.397538650364
2026-07-22,8825.397538650364,0,8825.397538650364,8825.397538650364
2026-07-23,8825.397538650364,0,8825.397538650364,8825.397538650364
2026-07-24,8825.397538650364,0,8825.397538650364,8825.397538650364
2026-07-27,8825.397538650364,0,8825.397538650364,8825.397538650364
2026-07-28,8825.397538650364,0,8825.397538650364,8825.397538650364
2026-07-29,8825.397538650364,0,8825.397538650364,8825.397538650364
2026-07-30,8825.397538650364,0,8825.397538650364,8825.397538650364
2026-07-31,8825.397538650364,0,8825.397538650364,8825.397538650364
2026-08-03,8825.397538650364,0,8825.397538650364,8825.397538650364
2026-08-04,8825.397538650364,0,8825.397538650364,8825.397538650364
2026-08-05,8825.397538650364,0,8825.397538650364,8825.397538650364
2026-08-06,8825.397538650364,0,8825.397538650364,8825.397538650364
2026-08-07,8825.397538650364,0,8825.397538650364,8825.397538650364
2026-08-10,8825.397538650364,0,8825.397538650364,8825.397538650364
2026-08-11,8825.397538650364,0,8825.397538650364,8825.397538650364
2026-08-12,8825.397538650364,0,8825.397538650364,8825.397538650364
2026-08-13,8825.397538650364,0,8825.397538650364,8825.397538650364
2026-08-14,8825.397538650364,0,8825.397538650364,8825.397538650364
2026-08-17,8825.397538650364,0,8825.397538650364,8825.397538650364
2026-08-18,8825.397538650364,0,8825.397538650364,8825.397538650364
2026-08-19,8825.397538650364,0,8825.397538650364,8825.397538650364
2026-08-20,8825.397538650364,0,8825.397538650364,8825.397538650364
2026-08-21,8825.397538650364,0,8825.397538650364,8825.397538650364
2026-08-24,8825.397538650364,0,8825.397538650364,8825.397538650364
2026-08-25,8825.397538650364,0,8825.397538650364,8825.397538650364
2026-08-26,8825.397538650364,0,8825.397538650364,8825.397538650364
2026-08-27,8825.397538650364,0,8825.397538650364,8825.397538650364
2026-08-28,8825.397538650364,0,8825.397538650364,8825.397538650364
2026-08-31,8825.397538650364,0,8825.397538650364,8825.397538650364
2026-09-01,8825.397538650364,0,8825.397538650364,8825.397538650364
2026-09-02,8825.397538650364,0,8825.397538650364,8825.397538650364
2026-09-03,8825.397538650364,0,8825.397538650364,8825.397538650364
2026-09-04,8825.397538650364,0,8825.397538650364,8825.397538650364
2026-09-07,8825.397538650364,0,8825.397538650364,8825.397538650364
2026-09-08,8825.397538650364,0,8825.397538650364,8825.397538650364
2026-09-09,8825.397538650364,0,8825.397538650364,8825.397538650364
2026-09-10,8825.397538650364,0,8825.397538650364,8825.397538650364
2026-09-11,8825.397538650364,0,8825.397538650364,8825.397538650364
