date,cash,receivable,shares,settled_next_day,dividend_tax_reserve,fees,dividend_tax_paid,dividend_received,buy_quantity,sell_quantity,restoration_missing_shares,equity_open_before,equity_open,equity_close,hold_equity_open,hold_equity_after,hold_equity_close,relative_equity,restore_cash_gap
2020-01-02,5514.0,0.0,1000,1000,0.0,0.0,0.0,0.0,0,0,0,23844.0,23844.0,23894.0,23844.0,23844.0,23894.0,0.0,0.0
2020-01-03,5514.0,0.0,1000,1000,0.0,0.0,0.0,0.0,0,0,0,24004.0,24004.0,23734.0,24004.0,24004.0,23734.0,0.0,0.0
2020-01-06,5514.0,0.0,1000,1000,0.0,0.0,0.0,0.0,0,0,0,23524.0,23524.0,23414.0,23524.0,23524.0,23414.0,0.0,0.0
2020-01-07,5514.0,0.0,1000,1000,0.0,0.0,0.0,0.0,0,0,0,23434.0,23434.0,23374.0,23434.0,23434.0,23374.0,0.0,0.0
2020-01-08,5514.0,0.0,1000,1000,0.0,0.0,0.0,0.0,0,0,0,23134.0,23134.0,23034.0,23134.0,23134.0,23034.0,0.0,0.0
2020-01-09,5514.0,0.0,1000,1000,0.0,0.0,0.0,0.0,0,0,0,23164.0,23164.0,23814.0,23164.0,23164.0,23814.0,0.0,0.0
2020-01-10,5514.0,0.0,1000,1000,0.0,0.0,0.0,0.0,0,0,0,23924.0,23924.0,23544.0,23924.0,23924.0,23544.0,0.0,0.0
2020-01-13,5514.0,0.0,1000,1000,0.0,0.0,0.0,0.0,0,0,0,23534.0,23534.0,24124.0,23534.0,23534.0,24124.0,0.0,0.0
2020-01-14,5514.0,0.0,1000,1000,0.0,0.0,0.0,0.0,0,0,0,24164.0,24164.0,23904.0,24164.0,24164.0,23904.0,0.0,0.0
2020-01-15,5514.0,0.0,1000,1000,0.0,0.0,0.0,0.0,0,0,0,23864.0,23864.0,24214.0,23864.0,23864.0,24214.0,0.0,0.0
2020-01-16,5514.0,0.0,1000,1000,0.0,0.0,0.0,0.0,0,0,0,24164.0,24164.0,23924.0,24164.0,24164.0,23924.0,0.0,0.0
2020-01-17,5514.0,0.0,1000,1000,0.0,0.0,0.0,0.0,0,0,0,23924.0,23924.0,24504.0,23924.0,23924.0,24504.0,0.0,0.0
2020-01-20,5514.0,0.0,1000,1000,0.0,0.0,0.0,0.0,0,0,0,24394.0,24394.0,24854.0,24394.0,24394.0,24854.0,0.0,0.0
2020-01-21,5514.0,0.0,1000,1000,0.0,0.0,0.0,0.0,0,0,0,24714.0,24714.0,24604.0,24714.0,24714.0,24604.0,0.0,0.0
2020-01-22,5514.0,0.0,1000,1000,0.0,0.0,0.0,0.0,0,0,0,24414.0,24414.0,26364.0,24414.0,24414.0,26364.0,0.0,0.0
2020-01-23,5514.0,0.0,1000,1000,0.0,0.0,0.0,0.0,0,0,0,26014.0,26014.0,25514.0,26014.0,26014.0,25514.0,0.0,0.0
2020-02-03,5514.0,0.0,1000,1000,0.0,0.0,0.0,0.0,0,0,0,23514.0,23514.0,23514.0,23514.0,23514.0,23514.0,0.0,0.0
2020-02-04,23501.618790200002,0.0,0,0,0.0,23.371209800000003,0.0,0.0,0,1000,0,22614.0,22614.0,23501.618790200002,22614.0,22614.0,23534.0,-32.38120979999803,0.0
2020-02-05,5327.175408600004,0.0,1000,1000,0.0,5.3633816,0.0,0.0,1000,0,0,23501.618790200002,23337.175408600004,24017.175408600004,23674.0,23524.0,24204.0,-186.82459139999628,0.0
2020-02-06,24213.426657800006,0.0,0,0,0.0,24.288750800000003,0.0,0.0,0,1000,0,23867.175408600004,23867.175408600004,24213.426657800006,24054.0,24054.0,24434.0,-220.57334219999393,0.0
2020-02-07,4298.07845880001,0.0,1000,1000,0.0,5.398199,0.0,0.0,1000,0,0,24213.426657800006,23798.07845880001,23598.07845880001,25414.0,25014.0,24814.0,-1215.9215411999903,0.0
2020-02-10,4298.07845880001,0.0,1000,1000,0.0,0.0,0.0,0.0,0,0,0,23198.07845880001,23198.07845880001,23208.07845880001,24414.0,24414.0,24424.0,-1215.9215411999903,0.0
2020-02-11,4298.07845880001,0.0,1000,1000,0.0,0.0,0.0,0.0,0,0,0,23108.07845880001,23108.07845880001,23528.07845880001,24324.0,24324.0,24744.0,-1215.9215411999903,0.0
2020-02-12,4298.07845880001,0.0,1000,1000,0.0,0.0,0.0,0.0,0,0,0,23378.07845880001,23378.07845880001,23448.07845880001,24594.0,24594.0,24664.0,-1215.9215411999903,0.0
2020-02-13,4298.07845880001,0.0,1000,1000,0.0,0.0,0.0,0.0,0,0,0,23408.07845880001,23408.07845880001,22718.07845880001,24624.0,24624.0,23934.0,-1215.9215411999903,0.0
2020-02-14,4298.07845880001,0.0,1000,1000,0.0,0.0,0.0,0.0,0,0,0,22558.07845880001,22558.07845880001,22648.07845880001,23774.0,23774.0,23864.0,-1215.9215411999903,0.0
2020-02-17,23453.919445700012,0.0,0,0,0.0,24.564013100000004,0.0,0.0,0,1000,0,22738.07845880001,22738.07845880001,23453.919445700012,23954.0,23954.0,24704.0,-1250.0805542999879,0.0
2020-02-18,4238.935253700012,0.0,1000,1000,0.0,5.384192,0.0,0.0,1000,0,0,23453.919445700012,23338.935253700012,23088.935253700012,24714.0,24614.0,24364.0,-1275.0647462999877,0.0
2020-02-19,4238.935253700012,0.0,1000,1000,0.0,0.0,0.0,0.0,0,0,0,22888.935253700012,22888.935253700012,22728.935253700012,24164.0,24164.0,24004.0,-1275.0647462999877,0.0
2020-02-20,4238.935253700012,0.0,1000,1000,0.0,0.0,0.0,0.0,0,0,0,22828.935253700012,22828.935253700012,23048.935253700012,24104.0,24104.0,24324.0,-1275.0647462999877,0.0
2020-02-21,4238.935253700012,0.0,1000,1000,0.0,0.0,0.0,0.0,0,0,0,22908.935253700012,22908.935253700012,23838.935253700012,24184.0,24184.0,25114.0,-1275.0647462999877,0.0
2020-02-24,4238.935253700012,0.0,1000,1000,0.0,0.0,0.0,0.0,0,0,0,23988.935253700012,23988.935253700012,24378.935253700012,25264.0,25264.0,25654.0,-1275.0647462999877,0.0
2020-02-25,4238.935253700012,0.0,1000,1000,0.0,0.0,0.0,0.0,0,0,0,23888.935253700012,23888.935253700012,24198.935253700012,25164.0,25164.0,25474.0,-1275.0647462999877,0.0
2020-02-26,4238.935253700012,0.0,1000,1000,0.0,0.0,0.0,0.0,0,0,0,23788.935253700012,23788.935253700012,22948.935253700012,25064.0,25064.0,24224.0,-1275.0647462999877,0.0
2020-02-27,23105.216892700013,0.0,0,0,0.0,24.268361000000002,0.0,0.0,0,1000,0,22878.935253700012,22878.935253700012,23105.216892700013,24154.0,24154.0,24414.0,-1308.783107299987,0.0
2020-02-28,5010.815111900014,0.0,1000,1000,0.0,5.3617808,0.0,0.0,1000,0,0,23105.216892700013,23220.815111900014,22090.815111900014,23594.0,23724.0,22594.0,-503.184888099986,0.0
2020-03-02,22419.315206300016,0.0,0,0,0.0,22.779905600000003,0.0,0.0,0,1000,0,22310.815111900014,22310.815111900014,22419.315206300016,22814.0,22814.0,22954.0,-534.6847936999839,0.0
2020-03-03,4575.043428000019,0.0,1000,1000,0.0,5.3567783,0.0,0.0,1000,0,0,22419.315206300016,22465.04342800002,22015.04342800002,23344.0,23404.0,22954.0,-938.956571999981,0.0
2020-03-04,21304.57677560002,0.0,0,0,0.0,22.086652400000006,0.0,0.0,0,1000,0,21805.04342800002,21805.04342800002,21304.57677560002,22744.0,22744.0,22274.0,-969.4232243999795,0.0
2020-03-05,4190.684604600021,0.0,1000,1000,0.0,5.3421710000000004,0.0,0.0,1000,0,0,21304.57677560002,21300.68460460002,21350.68460460002,22614.0,22624.0,22674.0,-1323.315395399979,0.0
2020-03-06,4190.684604600021,0.0,1000,1000,0.0,0.0,0.0,0.0,0,0,0,21020.68460460002,21020.68460460002,21180.68460460002,22344.0,22344.0,22504.0,-1323.315395399979,0.0
2020-03-09,4190.684604600021,0.0,1000,1000,0.0,0.0,0.0,0.0,0,0,0,20870.68460460002,20870.68460460002,20370.68460460002,22194.0,22194.0,21694.0,-1323.315395399979,0.0
2020-03-10,4190.684604600021,0.0,1000,1000,0.0,0.0,0.0,0.0,0,0,0,20170.68460460002,20170.68460460002,20780.68460460002,21494.0,21494.0,22104.0,-1323.315395399979,0.0
2020-03-11,4190.684604600021,0.0,1000,1000,0.0,0.0,0.0,0.0,0,0,0,20860.68460460002,20860.68460460002,20730.68460460002,22184.0,22184.0,22054.0,-1323.315395399979,0.0
2020-03-12,4190.684604600021,0.0,1000,1000,0.0,0.0,0.0,0.0,0,0,0,20440.68460460002,20440.68460460002,20290.68460460002,21764.0,21764.0,21614.0,-1323.315395399979,0.0
2020-03-13,4190.684604600021,0.0,1000,1000,0.0,0.0,0.0,0.0,0,0,0,19370.68460460002,19370.68460460002,19840.68460460002,20694.0,20694.0,21164.0,-1323.315395399979,0.0
2020-03-16,18463.95589760002,0.0,0,0,0.0,19.578707,0.0,0.0,0,1000,0,19870.68460460002,19870.68460460002,18463.95589760002,21194.0,21194.0,19814.0,-1350.044102399981,0.0
2020-03-17,4061.4729537000185,0.0,1000,1000,0.0,5.2879439,0.0,0.0,1000,0,0,18463.95589760002,18361.472953700017,17971.472953700017,19904.0,19814.0,19424.0,-1452.5270462999833,0.0
2020-03-18,17595.86866930002,0.0,0,0,0.0,18.824284400000003,0.0,0.0,0,1000,0,18111.472953700017,18111.472953700017,17595.86866930002,19564.0,19564.0,19074.0,-1478.13133069998,0.0
2020-03-19,4033.822533800021,0.0,1000,1000,0.0,5.2711355,0.0,0.0,1000,0,0,17595.86866930002,17663.82253380002,17543.82253380002,19064.0,19144.0,19024.0,-1480.1774661999807,0.0
2020-03-20,17578.203054500023,0.0,0,0,0.0,18.8344793,0.0,0.0,0,1000,0,17713.82253380002,17713.82253380002,17578.203054500023,19194.0,19194.0,19084.0,-1505.7969454999766,0.0
2020-03-23,4466.390923500025,0.0,1000,1000,0.0,5.262131,0.0,0.0,1000,0,0,17578.203054500023,17626.390923500025,16986.390923500025,18614.0,18674.0,18034.0,-1047.6090764999753,0.0
2020-03-24,17461.607163700028,0.0,0,0,0.0,18.2737598,0.0,0.0,0,1000,0,17216.390923500025,17216.390923500025,17461.607163700028,18264.0,18264.0,18534.0,-1072.3928362999723,0.0
2020-03-25,4049.639029700029,0.0,1000,1000,0.0,5.268134,0.0,0.0,1000,0,0,17461.607163700028,17369.63902970003,17599.63902970003,18914.0,18834.0,19064.0,-1464.360970299971,0.0
2020-03-26,4049.639029700029,0.0,1000,1000,0.0,0.0,0.0,0.0,0,0,0,17459.63902970003,17459.63902970003,17339.63902970003,18924.0,18924.0,18804.0,-1464.360970299971,0.0
2020-03-27,4049.639029700029,0.0,1000,1000,0.0,0.0,0.0,0.0,0,0,0,17549.63902970003,17549.63902970003,17119.63902970003,19014.0,19014.0,18584.0,-1464.360970299971,0.0
2020-03-30,4049.639029700029,0.0,1000,1000,0.0,0.0,0.0,0.0,0,0,0,16889.63902970003,16889.63902970003,16869.63902970003,18354.0,18354.0,18334.0,-1464.360970299971,0.0
2020-03-31,17234.56656680003,0.0,0,0,0.0,18.4674629,0.0,0.0,0,1000,0,17339.63902970003,17339.63902970003,17234.56656680003,18804.0,18804.0,18724.0,-1489.4334331999708,0.0
2020-04-01,4092.738835500031,0.0,1000,1000,0.0,5.2627313000000004,0.0,0.0,1000,0,0,17234.56656680003,17382.73883550003,17502.73883550003,18644.0,18804.0,18924.0,-1421.2611644999706,0.0
2020-04-02,4092.738835500031,0.0,1000,1000,0.0,0.0,0.0,0.0,0,0,0,17432.73883550003,17432.73883550003,18072.73883550003,18854.0,18854.0,19494.0,-1421.2611644999706,0.0
2020-04-03,4092.738835500031,0.0,1000,1000,0.0,0.0,0.0,0.0,0,0,0,17992.73883550003,17992.73883550003,18052.73883550003,19414.0,19414.0,19474.0,-1421.2611644999706,0.0
2020-04-07,4092.738835500031,0.0,1000,1000,0.0,0.0,0.0,0.0,0,0,0,18442.73883550003,18442.73883550003,18242.73883550003,19864.0,19864.0,19664.0,-1421.2611644999706,0.0
2020-04-08,4092.738835500031,0.0,1000,1000,0.0,0.0,0.0,0.0,0,0,0,18142.73883550003,18142.73883550003,18232.73883550003,19564.0,19564.0,19654.0,-1421.2611644999706,0.0
2020-04-09,4092.738835500031,0.0,1000,1000,0.0,0.0,0.0,0.0,0,0,0,18262.73883550003,18262.73883550003,18042.73883550003,19684.0,19684.0,19464.0,-1421.2611644999706,0.0
2020-04-10,4092.738835500031,0.0,1000,1000,0.0,0.0,0.0,0.0,0,0,0,18032.73883550003,18032.73883550003,17712.73883550003,19454.0,19454.0,19134.0,-1421.2611644999706,0.0
2020-04-13,4092.738835500031,0.0,1000,1000,0.0,0.0,0.0,0.0,0,0,0,17532.73883550003,17532.73883550003,17242.73883550003,18954.0,18954.0,18664.0,-1421.2611644999706,0.0
2020-04-14,17876.75467860003,0.0,0,0,0.0,19.0791569,0.0,0.0,0,1000,0,17372.73883550003,17372.73883550003,17876.75467860003,18794.0,18794.0,19324.0,-1447.2453213999688,0.0
2020-04-15,4054.573340500032,0.0,1000,1000,0.0,5.2763381,0.0,0.0,1000,0,0,17876.75467860003,18004.573340500032,17924.573340500032,19324.0,19464.0,19384.0,-1459.426659499968,0.0
2020-04-16,4054.573340500032,0.0,1000,1000,0.0,0.0,0.0,0.0,0,0,0,17804.573340500032,17804.573340500032,18104.573340500032,19264.0,19264.0,19564.0,-1459.426659499968,0.0
2020-04-17,4054.573340500032,0.0,1000,1000,0.0,0.0,0.0,0.0,0,0,0,18274.573340500032,18274.573340500032,18044.573340500032,19734.0,19734.0,19504.0,-1459.426659499968,0.0
2020-04-20,4054.573340500032,0.0,1000,1000,0.0,0.0,0.0,0.0,0,0,0,18114.573340500032,18114.573340500032,18524.573340500032,19574.0,19574.0,19984.0,-1459.426659499968,0.0
2020-04-21,4054.573340500032,0.0,1000,1000,0.0,0.0,0.0,0.0,0,0,0,18354.573340500032,18354.573340500032,18214.573340500032,19814.0,19814.0,19674.0,-1459.426659499968,0.0
2020-04-22,4054.573340500032,0.0,1000,1000,0.0,0.0,0.0,0.0,0,0,0,18114.573340500032,18114.573340500032,18114.573340500032,19574.0,19574.0,19574.0,-1459.426659499968,0.0
2020-04-23,4054.573340500032,0.0,1000,1000,0.0,0.0,0.0,0.0,0,0,0,18304.573340500032,18304.573340500032,18014.573340500032,19764.0,19764.0,19474.0,-1459.426659499968,0.0
2020-04-24,4054.573340500032,0.0,1000,1000,0.0,0.0,0.0,0.0,0,0,0,18014.573340500032,18014.573340500032,18004.573340500032,19474.0,19474.0,19464.0,-1459.426659499968,0.0
2020-04-27,4054.573340500032,0.0,1000,1000,0.0,0.0,0.0,0.0,0,0,0,18054.573340500032,18054.573340500032,18004.573340500032,19514.0,19514.0,19464.0,-1459.426659499968,0.0
2020-04-28,4054.573340500032,0.0,1000,1000,0.0,0.0,0.0,0.0,0,0,0,18064.573340500032,18064.573340500032,18264.573340500032,19524.0,19524.0,19724.0,-1459.426659499968,0.0
2020-04-29,4054.573340500032,0.0,1000,1000,0.0,0.0,0.0,0.0,0,0,0,18214.573340500032,18214.573340500032,18294.573340500032,19674.0,19674.0,19754.0,-1459.426659499968,0.0
2020-04-30,4054.573340500032,0.0,1000,1000,0.0,0.0,0.0,0.0,0,0,0,18364.573340500032,18364.573340500032,18744.573340500032,19824.0,19824.0,20204.0,-1459.426659499968,0.0
2020-05-06,4054.573340500032,0.0,1000,1000,0.0,0.0,0.0,0.0,0,0,0,18484.573340500032,18484.573340500032,18814.573340500032,19944.0,19944.0,20274.0,-1459.426659499968,0.0
2020-05-07,4054.573340500032,0.0,1000,1000,0.0,0.0,0.0,0.0,0,0,0,18804.573340500032,18804.573340500032,18434.573340500032,20264.0,20264.0,19894.0,-1459.426659499968,0.0
2020-05-08,4054.573340500032,0.0,1000,1000,0.0,0.0,0.0,0.0,0,0,0,18534.573340500032,18534.573340500032,18494.573340500032,19994.0,19994.0,19954.0,-1459.426659499968,0.0
2020-05-11,4054.573340500032,0.0,1000,1000,0.0,0.0,0.0,0.0,0,0,0,18554.573340500032,18554.573340500032,18574.573340500032,20014.0,20014.0,20034.0,-1459.426659499968,0.0
2020-05-12,4054.573340500032,0.0,1000,1000,0.0,0.0,0.0,0.0,0,0,0,18504.573340500032,18504.573340500032,18284.573340500032,19964.0,19964.0,19744.0,-1459.426659499968,0.0
2020-05-13,4054.573340500032,0.0,1000,1000,0.0,0.0,0.0,0.0,0,0,0,18154.573340500032,18154.573340500032,18234.573340500032,19614.0,19614.0,19694.0,-1459.426659499968,0.0
2020-05-14,4054.573340500032,0.0,1000,1000,0.0,0.0,0.0,0.0,0,0,0,18124.573340500032,18124.573340500032,17744.573340500032,19584.0,19584.0,19204.0,-1459.426659499968,0.0
2020-05-15,17818.619573400036,0.0,0,0,0.0,19.058767100000004,0.0,0.0,0,1000,0,17794.573340500032,17794.573340500032,17818.619573400036,19254.0,19254.0,19304.0,-1485.3804265999643,0.0
2020-05-18,4176.531837100038,0.0,1000,1000,0.0,5.2727363,0.0,0.0,1000,0,0,17818.619573400036,17726.53183710004,17666.53183710004,19144.0,19064.0,19004.0,-1337.4681628999606,0.0
2020-05-19,17930.59326490004,0.0,0,0,0.0,19.048572200000002,0.0,0.0,0,1000,0,17716.53183710004,17716.53183710004,17930.59326490004,19054.0,19054.0,19294.0,-1363.4067350999612,0.0
2020-05-20,4128.42232700004,0.0,1000,1000,0.0,5.2759379,0.0,0.0,1000,0,0,17930.59326490004,17818.42232700004,17978.42232700004,19304.0,19204.0,19364.0,-1385.5776729999598,0.0
2020-05-21,4128.42232700004,0.0,1000,1000,0.0,0.0,0.0,0.0,0,0,0,18008.42232700004,18008.42232700004,17728.42232700004,19394.0,19394.0,19114.0,-1385.5776729999598,0.0
2020-05-22,4128.42232700004,0.0,1000,1000,0.0,0.0,0.0,0.0,0,0,0,17708.42232700004,17708.42232700004,17388.42232700004,19094.0,19094.0,18774.0,-1385.5776729999598,0.0
2020-05-25,4128.42232700004,0.0,1000,1000,0.0,0.0,0.0,0.0,0,0,0,17378.42232700004,17378.42232700004,17248.42232700004,18764.0,18764.0,18634.0,-1385.5776729999598,0.0
2020-05-26,17602.909212000042,0.0,0,0,0.0,18.763115,0.0,0.0,0,1000,0,17308.42232700004,17308.42232700004,17602.909212000042,18694.0,18694.0,19014.0,-1411.0907879999577,0.0
2020-05-27,4030.857876400043,0.0,1000,1000,0.0,5.2713356000000005,0.0,0.0,1000,0,0,17602.909212000042,17530.85787640004,17510.85787640004,19074.0,19014.0,18994.0,-1483.1421235999587,0.0
2020-05-28,4030.857876400043,0.0,1000,1000,0.0,0.0,0.0,0.0,0,0,0,17530.85787640004,17530.85787640004,17490.85787640004,19014.0,19014.0,18974.0,-1483.1421235999587,0.0
2020-05-29,4030.857876400043,0.0,1000,1000,0.0,0.0,0.0,0.0,0,0,0,17430.85787640004,17430.85787640004,17440.85787640004,18914.0,18914.0,18924.0,-1483.1421235999587,0.0
2020-06-01,4030.857876400043,0.0,1000,1000,0.0,0.0,0.0,0.0,0,0,0,17490.85787640004,17490.85787640004,17910.85787640004,18974.0,18974.0,19394.0,-1483.1421235999587,0.0
2020-06-02,4030.857876400043,0.0,1000,1000,0.0,0.0,0.0,0.0,0,0,0,17930.85787640004,17930.85787640004,18190.85787640004,19414.0,19414.0,19674.0,-1483.1421235999587,0.0
2020-06-03,4030.857876400043,0.0,1000,1000,0.0,0.0,0.0,0.0,0,0,0,18300.85787640004,18300.85787640004,18250.85787640004,19784.0,19784.0,19734.0,-1483.1421235999587,0.0
2020-06-04,4030.857876400043,0.0,1000,1000,0.0,0.0,0.0,0.0,0,0,0,18280.85787640004,18280.85787640004,18190.85787640004,19764.0,19764.0,19674.0,-1483.1421235999587,0.0
2020-06-05,4030.857876400043,0.0,1000,1000,0.0,0.0,0.0,0.0,0,0,0,18190.85787640004,18190.85787640004,18110.85787640004,19674.0,19674.0,19594.0,-1483.1421235999587,0.0
2020-06-08,4030.857876400043,0.0,1000,1000,0.0,0.0,0.0,0.0,0,0,0,18280.85787640004,18280.85787640004,18290.85787640004,19764.0,19764.0,19774.0,-1483.1421235999587,0.0
2020-06-09,4030.857876400043,0.0,1000,1000,0.0,0.0,0.0,0.0,0,0,0,18430.85787640004,18430.85787640004,18580.85787640004,19914.0,19914.0,20064.0,-1483.1421235999587,0.0
2020-06-10,4030.857876400043,0.0,1000,1000,0.0,0.0,0.0,0.0,0,0,0,18590.85787640004,18590.85787640004,18310.85787640004,20074.0,20074.0,19794.0,-1483.1421235999587,0.0
2020-06-11,4030.857876400043,0.0,1000,1000,0.0,0.0,0.0,0.0,0,0,0,18280.85787640004,18280.85787640004,18050.85787640004,19764.0,19764.0,19534.0,-1483.1421235999587,0.0
2020-06-12,4030.857876400043,0.0,1000,1000,0.0,0.0,0.0,0.0,0,0,0,17730.85787640004,17730.85787640004,17840.85787640004,19214.0,19214.0,19324.0,-1483.1421235999587,0.0
2020-06-15,17675.086448100046,0.0,0,0,0.0,18.936428300000003,0.0,0.0,0,1000,0,17710.85787640004,17710.85787640004,17675.086448100046,19194.0,19194.0,19184.0,-1508.9135518999537,0.0
2020-06-16,3922.9415107000477,0.0,1000,1000,0.0,5.2749374,0.0,0.0,1000,0,0,17675.086448100046,17752.941510700046,17952.941510700046,19254.0,19344.0,19544.0,-1591.058489299954,0.0
2020-06-17,3922.9415107000477,0.0,1000,1000,0.0,0.0,0.0,0.0,0,0,0,17892.941510700046,17892.941510700046,18172.941510700046,19484.0,19484.0,19764.0,-1591.058489299954,0.0
2020-06-18,3922.9415107000477,0.0,1000,1000,0.0,0.0,0.0,0.0,0,0,0,18172.941510700046,18172.941510700046,18322.941510700046,19764.0,19764.0,19914.0,-1591.058489299954,0.0
2020-06-19,3922.9415107000477,0.0,1000,1000,0.0,0.0,0.0,0.0,0,0,0,18352.941510700046,18352.941510700046,18272.941510700046,19944.0,19944.0,19864.0,-1591.058489299954,0.0
2020-06-22,3922.9415107000477,0.0,1000,1000,0.0,0.0,0.0,0.0,0,0,0,18282.941510700046,18282.941510700046,18322.941510700046,19874.0,19874.0,19914.0,-1591.058489299954,0.0
2020-06-23,3922.9415107000477,0.0,1000,1000,0.0,0.0,0.0,0.0,0,0,0,18282.941510700046,18282.941510700046,18032.941510700046,19874.0,19874.0,19624.0,-1591.058489299954,0.0
2020-06-24,3922.9415107000477,0.0,1000,1000,0.0,0.0,0.0,0.0,0,0,0,18072.941510700046,18072.941510700046,19442.941510700046,19664.0,19664.0,21034.0,-1591.058489299954,0.0
2020-06-29,3922.9415107000477,0.0,1000,1000,0.0,0.0,0.0,0.0,0,0,0,19412.941510700046,19412.941510700046,19142.941510700046,21004.0,21004.0,20734.0,-1591.058489299954,0.0
2020-06-30,3922.9415107000477,200.0,1000,1000,40.0,0.0,0.0,0.0,0,0,0,19272.941510700046,19272.941510700046,19232.941510700046,20904.0,20904.0,20864.0,-1631.058489299954,0.0
2020-07-01,3922.9415107000477,200.0,1000,1000,40.0,0.0,0.0,0.0,0,0,0,19282.941510700046,19282.941510700046,19502.941510700046,20914.0,20914.0,21134.0,-1631.058489299954,0.0
2020-07-02,3922.9415107000477,200.0,1000,1000,40.0,0.0,0.0,0.0,0,0,0,19422.941510700046,19422.941510700046,19692.941510700046,21054.0,21054.0,21324.0,-1631.058489299954,0.0
2020-07-03,3922.9415107000477,200.0,1000,1000,40.0,0.0,0.0,0.0,0,0,0,19732.941510700046,19732.941510700046,19992.941510700046,21364.0,21364.0,21624.0,-1631.058489299954,0.0
2020-07-06,3922.9415107000477,200.0,1000,1000,40.0,0.0,0.0,0.0,0,0,0,20292.941510700046,20292.941510700046,20572.941510700046,21924.0,21924.0,22204.0,-1631.058489299954,0.0
2020-07-07,3922.9415107000477,200.0,1000,1000,40.0,0.0,0.0,0.0,0,0,0,20582.941510700046,20582.941510700046,20462.941510700046,22214.0,22214.0,22094.0,-1631.058489299954,0.0
2020-07-08,3922.9415107000477,200.0,1000,1000,40.0,0.0,0.0,0.0,0,0,0,20382.941510700046,20382.941510700046,20482.941510700046,22014.0,22014.0,22114.0,-1631.058489299954,0.0
2020-07-09,3922.9415107000477,200.0,1000,1000,40.0,0.0,0.0,0.0,0,0,0,20462.941510700046,20462.941510700046,20802.941510700046,22094.0,22094.0,22434.0,-1631.058489299954,0.0
2020-07-10,3922.9415107000477,200.0,1000,1000,40.0,0.0,0.0,0.0,0,0,0,20762.941510700046,20762.941510700046,20112.94151070005,22394.0,22394.0,21744.0,-1631.0584892999505,0.0
2020-07-13,3922.9415107000477,200.0,1000,1000,40.0,0.0,0.0,0.0,0,0,0,20042.941510700046,20042.941510700046,20582.941510700046,21674.0,21674.0,22214.0,-1631.058489299954,0.0
2020-07-14,3922.9415107000477,200.0,1000,1000,40.0,0.0,0.0,0.0,0,0,0,20612.941510700046,20612.941510700046,20672.941510700046,22244.0,22244.0,22304.0,-1631.058489299954,0.0
2020-07-15,3922.9415107000477,200.0,1000,1000,40.0,0.0,0.0,0.0,0,0,0,20912.941510700046,20912.941510700046,20282.941510700046,22544.0,22544.0,21914.0,-1631.058489299954,0.0
2020-07-16,3922.9415107000477,200.0,1000,1000,40.0,0.0,0.0,0.0,0,0,0,20212.941510700046,20212.941510700046,18952.941510700046,21844.0,21844.0,20584.0,-1631.058489299954,0.0
2020-07-17,18665.468253600047,200.0,0,0,0.0,20.078257100000002,20.0,0.0,0,1000,0,19182.941510700046,19182.941510700046,18865.468253600047,20794.0,20794.0,20504.0,-1638.5317463999527,0.0
2020-07-20,3772.730504800049,200.0,1000,1000,0.0,5.2977488,0.0,0.0,1000,0,0,18865.468253600047,18922.73050480005,19262.73050480005,20594.0,20664.0,21004.0,-1741.269495199951,0.0
2020-07-21,19174.28477410005,200.0,0,0,0.0,20.730730700000002,0.0,0.0,0,1000,0,19372.73050480005,19372.73050480005,19374.28477410005,21114.0,21114.0,21144.0,-1769.7152258999486,0.0
2020-07-22,3721.2558197000526,200.0,1000,1000,0.0,5.3089544,0.0,0.0,1000,0,0,19374.28477410005,19341.255819700054,19281.255819700054,21154.0,21134.0,21074.0,-1792.7441802999456,0.0
2020-07-23,3721.2558197000526,200.0,1000,1000,0.0,0.0,0.0,0.0,0,0,0,19091.255819700054,19091.255819700054,18901.255819700054,20884.0,20884.0,20694.0,-1792.7441802999456,0.0
2020-07-24,3721.2558197000526,200.0,1000,1000,0.0,0.0,0.0,0.0,0,0,0,18841.255819700054,18841.255819700054,18081.255819700054,20634.0,20634.0,19874.0,-1792.7441802999456,0.0
2020-07-27,17704.967764800054,200.0,0,0,0.0,19.283054900000003,0.0,0.0,0,1000,0,18151.255819700054,18151.255819700054,17904.967764800054,19944.0,19944.0,19724.0,-1819.0322351999457,0.0
2020-07-28,3542.6096233000553,200.0,1000,1000,0.0,5.2831415,0.0,0.0,1000,0,0,17904.967764800054,18002.609623300057,17952.609623300057,19864.0,19974.0,19924.0,-1971.3903766999429,0.0
2020-07-29,18025.561823400058,200.0,0,0,0.0,19.792799900000002,0.0,0.0,0,1000,0,17962.609623300057,17962.609623300057,18225.561823400058,19934.0,19934.0,20224.0,-1998.4381765999424,0.0
2020-07-30,3503.016478300058,200.0,1000,1000,0.0,5.2903451,0.0,0.0,1000,0,0,18225.561823400058,18193.01647830006,17993.01647830006,20224.0,20204.0,20004.0,-2010.9835216999418,0.0
2020-07-31,3503.016478300058,200.0,1000,1000,0.0,0.0,0.0,0.0,0,0,0,17983.01647830006,17983.01647830006,18293.01647830006,19994.0,19994.0,20304.0,-2010.9835216999418,0.0
2020-08-03,3503.016478300058,200.0,1000,1000,0.0,0.0,0.0,0.0,0,0,0,18383.01647830006,18383.01647830006,18593.01647830006,20394.0,20394.0,20604.0,-2010.9835216999418,0.0
2020-08-04,3503.016478300058,200.0,1000,1000,0.0,0.0,0.0,0.0,0,0,0,18603.01647830006,18603.01647830006,18383.01647830006,20614.0,20614.0,20394.0,-2010.9835216999418,0.0
2020-08-05,3503.016478300058,200.0,1000,1000,0.0,0.0,0.0,0.0,0,0,0,18533.01647830006,18533.01647830006,18313.01647830006,20544.0,20544.0,20324.0,-2010.9835216999418,0.0
2020-08-06,3503.016478300058,200.0,1000,1000,0.0,0.0,0.0,0.0,0,0,0,18353.01647830006,18353.01647830006,18203.01647830006,20364.0,20364.0,20214.0,-2010.9835216999418,0.0
2020-08-07,3503.016478300058,200.0,1000,1000,0.0,0.0,0.0,0.0,0,0,0,18183.01647830006,18183.01647830006,18003.01647830006,20194.0,20194.0,20014.0,-2010.9835216999418,0.0
2020-08-10,3503.016478300058,200.0,1000,1000,0.0,0.0,0.0,0.0,0,0,0,17893.01647830006,17893.01647830006,18113.01647830006,19904.0,19904.0,20124.0,-2010.9835216999418,0.0
2020-08-11,3503.016478300058,200.0,1000,1000,0.0,0.0,0.0,0.0,0,0,0,18103.01647830006,18103.01647830006,17863.01647830006,20114.0,20114.0,19874.0,-2010.9835216999418,0.0
2020-08-12,3503.016478300058,200.0,1000,1000,0.0,0.0,0.0,0.0,0,0,0,18083.01647830006,18083.01647830006,18843.01647830006,20094.0,20094.0,20854.0,-2010.9835216999418,0.0
2020-08-13,3503.016478300058,200.0,1000,1000,0.0,0.0,0.0,0.0,0,0,0,18973.01647830006,18973.01647830006,18873.01647830006,20984.0,20984.0,20884.0,-2010.9835216999418,0.0
2020-08-14,3503.016478300058,200.0,1000,1000,0.0,0.0,0.0,0.0,0,0,0,18713.01647830006,18713.01647830006,18733.01647830006,20724.0,20724.0,20744.0,-2010.9835216999418,0.0
2020-08-17,3503.016478300058,200.0,1000,1000,0.0,0.0,0.0,0.0,0,0,0,18793.01647830006,18793.01647830006,18983.01647830006,20804.0,20804.0,20994.0,-2010.9835216999418,0.0
2020-08-18,3503.016478300058,200.0,1000,1000,0.0,0.0,0.0,0.0,0,0,0,19003.01647830006,19003.01647830006,18883.01647830006,21014.0,21014.0,20894.0,-2010.9835216999418,0.0
2020-08-19,3503.016478300058,200.0,1000,1000,0.0,0.0,0.0,0.0,0,0,0,18883.01647830006,18883.01647830006,18553.01647830006,20894.0,20894.0,20564.0,-2010.9835216999418,0.0
2020-08-20,3503.016478300058,200.0,1000,1000,0.0,0.0,0.0,0.0,0,0,0,18453.01647830006,18453.01647830006,18533.01647830006,20464.0,20464.0,20544.0,-2010.9835216999418,0.0
2020-08-21,3503.016478300058,200.0,1000,1000,0.0,0.0,0.0,0.0,0,0,0,18703.01647830006,18703.01647830006,18503.01647830006,20714.0,20714.0,20514.0,-2010.9835216999418,0.0
2020-08-24,3503.016478300058,200.0,1000,1000,0.0,0.0,0.0,0.0,0,0,0,18563.01647830006,18563.01647830006,18693.01647830006,20574.0,20574.0,20704.0,-2010.9835216999418,0.0
2020-08-25,3503.016478300058,200.0,1000,1000,0.0,0.0,0.0,0.0,0,0,0,18743.01647830006,18743.01647830006,18793.01647830006,20754.0,20754.0,20804.0,-2010.9835216999418,0.0
2020-08-26,3503.016478300058,200.0,1000,1000,0.0,0.0,0.0,0.0,0,0,0,18783.01647830006,18783.01647830006,18243.01647830006,20794.0,20794.0,20254.0,-2010.9835216999418,0.0
2020-08-27,3503.016478300058,200.0,1000,1000,0.0,0.0,0.0,0.0,0,0,0,18303.01647830006,18303.01647830006,18353.01647830006,20314.0,20314.0,20364.0,-2010.9835216999418,0.0
2020-08-28,3503.016478300058,200.0,1000,1000,0.0,0.0,0.0,0.0,0,0,0,18263.01647830006,18263.01647830006,18453.01647830006,20274.0,20274.0,20464.0,-2010.9835216999418,0.0
2020-08-31,3503.016478300058,200.0,1000,1000,0.0,0.0,0.0,0.0,0,0,0,18543.01647830006,18543.01647830006,18443.01647830006,20554.0,20554.0,20454.0,-2010.9835216999418,0.0
2020-09-01,3503.016478300058,200.0,1000,1000,0.0,0.0,0.0,0.0,0,0,0,18373.01647830006,18373.01647830006,18433.01647830006,20384.0,20384.0,20444.0,-2010.9835216999418,0.0
2020-09-02,3503.016478300058,200.0,1000,1000,0.0,0.0,0.0,0.0,0,0,0,18423.01647830006,18423.01647830006,18473.01647830006,20434.0,20434.0,20484.0,-2010.9835216999418,0.0
2020-09-03,3503.016478300058,200.0,1000,1000,0.0,0.0,0.0,0.0,0,0,0,18543.01647830006,18543.01647830006,18213.01647830006,20554.0,20554.0,20224.0,-2010.9835216999418,0.0
2020-09-04,3503.016478300058,200.0,1000,1000,0.0,0.0,0.0,0.0,0,0,0,17993.01647830006,17993.01647830006,17873.01647830006,20004.0,20004.0,19884.0,-2010.9835216999418,0.0
2020-09-07,3503.016478300058,200.0,1000,1000,0.0,0.0,0.0,0.0,0,0,0,17713.01647830006,17713.01647830006,17643.01647830006,19724.0,19724.0,19654.0,-2010.9835216999418,0.0
2020-09-08,17686.424525400056,200.0,0,0,0.0,19.486952900000002,0.0,0.0,0,1000,0,17643.01647830006,17643.01647830006,17886.424525400056,19654.0,19654.0,19924.0,-2037.5754745999438,0.0
2020-09-09,3614.113184800057,200.0,1000,1000,0.0,5.2813406,0.0,0.0,1000,0,0,17886.424525400056,17854.11318480006,17724.11318480006,19774.0,19754.0,19624.0,-1899.8868151999413,0.0
2020-09-10,3614.113184800057,200.0,1000,1000,0.0,0.0,0.0,0.0,0,0,0,17814.11318480006,17814.11318480006,17374.11318480006,19714.0,19714.0,19274.0,-1899.8868151999413,0.0
2020-09-11,3614.113184800057,200.0,1000,1000,0.0,0.0,0.0,0.0,0,0,0,17284.11318480006,17284.11318480006,17434.11318480006,19184.0,19184.0,19334.0,-1899.8868151999413,0.0
2020-09-14,17438.068248300056,200.0,0,0,0.0,19.1199365,0.0,0.0,0,1000,0,17434.11318480006,17434.11318480006,17638.068248300056,19334.0,19334.0,19564.0,-1925.9317516999436,0.0
2020-09-15,3595.8765100000583,200.0,1000,1000,0.0,5.2767383,0.0,0.0,1000,0,0,17638.068248300056,17505.87651000006,17525.87651000006,19544.0,19424.0,19444.0,-1918.12348999994,0.0
2020-09-16,3595.8765100000583,200.0,1000,1000,0.0,0.0,0.0,0.0,0,0,0,17485.87651000006,17485.87651000006,17395.87651000006,19404.0,19404.0,19314.0,-1918.12348999994,0.0
2020-09-17,3595.8765100000583,200.0,1000,1000,0.0,0.0,0.0,0.0,0,0,0,17355.87651000006,17355.87651000006,17355.87651000006,19274.0,19274.0,19274.0,-1918.12348999994,0.0
2020-09-18,3595.8765100000583,200.0,1000,1000,0.0,0.0,0.0,0.0,0,0,0,17365.87651000006,17365.87651000006,17615.87651000006,19284.0,19284.0,19534.0,-1918.12348999994,0.0
2020-09-21,3595.8765100000583,200.0,1000,1000,0.0,0.0,0.0,0.0,0,0,0,17605.87651000006,17605.87651000006,17535.87651000006,19524.0,19524.0,19454.0,-1918.12348999994,0.0
2020-09-22,3595.8765100000583,200.0,1000,1000,0.0,0.0,0.0,0.0,0,0,0,17445.87651000006,17445.87651000006,17355.87651000006,19364.0,19364.0,19274.0,-1918.12348999994,0.0
2020-09-23,3595.8765100000583,200.0,1000,1000,0.0,0.0,0.0,0.0,0,0,0,17425.87651000006,17425.87651000006,17365.87651000006,19344.0,19344.0,19284.0,-1918.12348999994,0.0
2020-09-24,3595.8765100000583,200.0,1000,1000,0.0,0.0,0.0,0.0,0,0,0,17245.87651000006,17245.87651000006,17025.87651000006,19164.0,19164.0,18944.0,-1918.12348999994,0.0
2020-09-25,3595.8765100000583,200.0,1000,1000,0.0,0.0,0.0,0.0,0,0,0,17105.87651000006,17105.87651000006,16965.87651000006,19024.0,19024.0,18884.0,-1918.12348999994,0.0
2020-09-28,3595.8765100000583,200.0,1000,1000,0.0,0.0,0.0,0.0,0,0,0,16995.87651000006,16995.87651000006,17075.87651000006,18914.0,18914.0,18994.0,-1918.12348999994,0.0
2020-09-29,3595.8765100000583,200.0,1000,1000,0.0,0.0,0.0,0.0,0,0,0,17115.87651000006,17115.87651000006,17355.87651000006,19034.0,19034.0,19274.0,-1918.12348999994,0.0
2020-09-30,3595.8765100000583,200.0,1000,1000,0.0,0.0,0.0,0.0,0,0,0,17395.87651000006,17395.87651000006,17385.87651000006,19314.0,19314.0,19304.0,-1918.12348999994,0.0
2020-10-09,3595.8765100000583,200.0,1000,1000,0.0,0.0,0.0,0.0,0,0,0,17605.87651000006,17605.87651000006,17645.87651000006,19524.0,19524.0,19564.0,-1918.12348999994,0.0
2020-10-12,3595.8765100000583,200.0,1000,1000,0.0,0.0,0.0,0.0,0,0,0,17695.87651000006,17695.87651000006,17815.87651000006,19614.0,19614.0,19734.0,-1918.12348999994,0.0
2020-10-13,3595.8765100000583,200.0,1000,1000,0.0,0.0,0.0,0.0,0,0,0,17795.87651000006,17795.87651000006,17725.87651000006,19714.0,19714.0,19644.0,-1918.12348999994,0.0
2020-10-14,3595.8765100000583,200.0,1000,1000,0.0,0.0,0.0,0.0,0,0,0,17595.87651000006,17595.87651000006,17525.87651000006,19514.0,19514.0,19444.0,-1918.12348999994,0.0
2020-10-15,3595.8765100000583,200.0,1000,1000,0.0,0.0,0.0,0.0,0,0,0,17545.87651000006,17545.87651000006,17545.87651000006,19464.0,19464.0,19464.0,-1918.12348999994,0.0
2020-10-16,3595.8765100000583,200.0,1000,1000,0.0,0.0,0.0,0.0,0,0,0,17675.87651000006,17675.87651000006,17575.87651000006,19594.0,19594.0,19494.0,-1918.12348999994,0.0
2020-10-19,3595.8765100000583,200.0,1000,1000,0.0,0.0,0.0,0.0,0,0,0,17695.87651000006,17695.87651000006,17655.87651000006,19614.0,19614.0,19574.0,-1918.12348999994,0.0
2020-10-20,3595.8765100000583,200.0,1000,1000,0.0,0.0,0.0,0.0,0,0,0,17615.87651000006,17615.87651000006,17645.87651000006,19534.0,19534.0,19564.0,-1918.12348999994,0.0
2020-10-21,3595.8765100000583,200.0,1000,1000,0.0,0.0,0.0,0.0,0,0,0,17615.87651000006,17615.87651000006,17435.87651000006,19534.0,19534.0,19354.0,-1918.12348999994,0.0
2020-10-22,3595.8765100000583,200.0,1000,1000,0.0,0.0,0.0,0.0,0,0,0,17375.87651000006,17375.87651000006,17455.87651000006,19294.0,19294.0,19374.0,-1918.12348999994,0.0
2020-10-23,3595.8765100000583,200.0,1000,1000,0.0,0.0,0.0,0.0,0,0,0,17465.87651000006,17465.87651000006,17385.87651000006,19384.0,19384.0,19304.0,-1918.12348999994,0.0
2020-10-26,3595.8765100000583,200.0,1000,1000,0.0,0.0,0.0,0.0,0,0,0,17365.87651000006,17365.87651000006,17475.87651000006,19284.0,19284.0,19394.0,-1918.12348999994,0.0
2020-10-27,3595.8765100000583,200.0,1000,1000,0.0,0.0,0.0,0.0,0,0,0,17385.87651000006,17385.87651000006,17665.87651000006,19304.0,19304.0,19584.0,-1918.12348999994,0.0
2020-10-28,3595.8765100000583,200.0,1000,1000,0.0,0.0,0.0,0.0,0,0,0,17725.87651000006,17725.87651000006,17735.87651000006,19644.0,19644.0,19654.0,-1918.12348999994,0.0
2020-10-29,3595.8765100000583,200.0,1000,1000,0.0,0.0,0.0,0.0,0,0,0,17555.87651000006,17555.87651000006,17755.87651000006,19474.0,19474.0,19674.0,-1918.12348999994,0.0
2020-10-30,3595.8765100000583,200.0,1000,1000,0.0,0.0,0.0,0.0,0,0,0,17695.87651000006,17695.87651000006,17445.87651000006,19614.0,19614.0,19364.0,-1918.12348999994,0.0
2020-11-02,3595.8765100000583,200.0,1000,1000,0.0,0.0,0.0,0.0,0,0,0,17195.87651000006,17195.87651000006,16955.87651000006,19114.0,19114.0,18874.0,-1918.12348999994,0.0
2020-11-03,16950.54573380006,200.0,0,0,0.0,18.640776200000005,0.0,0.0,0,1000,0,16975.87651000006,16975.87651000006,17150.54573380006,18894.0,18894.0,19094.0,-1943.4542661999403,0.0
2020-11-04,3538.577599800061,200.0,1000,1000,0.0,5.268134,0.0,0.0,1000,0,0,17150.54573380006,17138.57759980006,17208.57759980006,19114.0,19114.0,19184.0,-1975.4224001999391,0.0
2020-11-05,3538.577599800061,200.0,1000,1000,0.0,0.0,0.0,0.0,0,0,0,17418.57759980006,17418.57759980006,17548.57759980006,19394.0,19394.0,19524.0,-1975.4224001999391,0.0
2020-11-06,3538.577599800061,200.0,1000,1000,0.0,0.0,0.0,0.0,0,0,0,17588.57759980006,17588.57759980006,17738.57759980006,19564.0,19564.0,19714.0,-1975.4224001999391,0.0
2020-11-09,3538.577599800061,200.0,1000,1000,0.0,0.0,0.0,0.0,0,0,0,18008.57759980006,18008.57759980006,18138.57759980006,19984.0,19984.0,20114.0,-1975.4224001999391,0.0
2020-11-10,3538.577599800061,200.0,1000,1000,0.0,0.0,0.0,0.0,0,0,0,18088.57759980006,18088.57759980006,18798.57759980006,20064.0,20064.0,20774.0,-1975.4224001999391,0.0
2020-11-11,3538.577599800061,200.0,1000,1000,0.0,0.0,0.0,0.0,0,0,0,18678.57759980006,18678.57759980006,18278.57759980006,20654.0,20654.0,20254.0,-1975.4224001999391,0.0
2020-11-12,3538.577599800061,200.0,1000,1000,0.0,0.0,0.0,0.0,0,0,0,18248.57759980006,18248.57759980006,18218.57759980006,20224.0,20224.0,20194.0,-1975.4224001999391,0.0
2020-11-13,3538.577599800061,200.0,1000,1000,0.0,0.0,0.0,0.0,0,0,0,18048.57759980006,18048.57759980006,18088.57759980006,20024.0,20024.0,20064.0,-1975.4224001999391,0.0
2020-11-16,17791.87928260006,200.0,0,0,0.0,19.5583172,0.0,0.0,0,1000,0,18188.57759980006,18188.57759980006,17991.87928260006,20164.0,20164.0,19994.0,-2002.1207173999392,0.0
2020-11-17,3519.4639400000615,200.0,1000,1000,0.0,5.2853426,0.0,0.0,1000,0,0,17991.87928260006,17869.46394000006,17859.46394000006,19974.0,19864.0,19854.0,-1994.5360599999403,0.0
2020-11-18,3519.4639400000615,200.0,1000,1000,0.0,0.0,0.0,0.0,0,0,0,17859.46394000006,17859.46394000006,18119.46394000006,19854.0,19854.0,20114.0,-1994.5360599999403,0.0
2020-11-19,3519.4639400000615,200.0,1000,1000,0.0,0.0,0.0,0.0,0,0,0,18009.46394000006,18009.46394000006,18059.46394000006,20004.0,20004.0,20054.0,-1994.5360599999403,0.0
2020-11-20,3519.4639400000615,200.0,1000,1000,0.0,0.0,0.0,0.0,0,0,0,18069.46394000006,18069.46394000006,17969.46394000006,20064.0,20064.0,19964.0,-1994.5360599999403,0.0
2020-11-23,3519.4639400000615,200.0,1000,1000,0.0,0.0,0.0,0.0,0,0,0,17979.46394000006,17979.46394000006,17889.46394000006,19974.0,19974.0,19884.0,-1994.5360599999403,0.0
2020-11-24,3519.4639400000615,200.0,1000,1000,0.0,0.0,0.0,0.0,0,0,0,17869.46394000006,17869.46394000006,17889.46394000006,19864.0,19864.0,19884.0,-1994.5360599999403,0.0
2020-11-25,3519.4639400000615,200.0,1000,1000,0.0,0.0,0.0,0.0,0,0,0,17919.46394000006,17919.46394000006,17809.46394000006,19914.0,19914.0,19804.0,-1994.5360599999403,0.0
2020-11-26,3519.4639400000615,200.0,1000,1000,0.0,0.0,0.0,0.0,0,0,0,17779.46394000006,17779.46394000006,17719.46394000006,19774.0,19774.0,19714.0,-1994.5360599999403,0.0
2020-11-27,3519.4639400000615,200.0,1000,1000,0.0,0.0,0.0,0.0,0,0,0,17679.46394000006,17679.46394000006,17549.46394000006,19674.0,19674.0,19544.0,-1994.5360599999403,0.0
2020-11-30,3519.4639400000615,200.0,1000,1000,0.0,0.0,0.0,0.0,0,0,0,17489.46394000006,17489.46394000006,17529.46394000006,19484.0,19484.0,19524.0,-1994.5360599999403,0.0
2020-12-01,3519.4639400000615,200.0,1000,1000,0.0,0.0,0.0,0.0,0,0,0,17479.46394000006,17479.46394000006,17799.46394000006,19474.0,19474.0,19794.0,-1994.5360599999403,0.0
2020-12-02,3519.4639400000615,200.0,1000,1000,0.0,0.0,0.0,0.0,0,0,0,17819.46394000006,17819.46394000006,17769.46394000006,19814.0,19814.0,19764.0,-1994.5360599999403,0.0
2020-12-03,3519.4639400000615,200.0,1000,1000,0.0,0.0,0.0,0.0,0,0,0,17719.46394000006,17719.46394000006,17589.46394000006,19714.0,19714.0,19584.0,-1994.5360599999403,0.0
2020-12-04,3519.4639400000615,200.0,1000,1000,0.0,0.0,0.0,0.0,0,0,0,17519.46394000006,17519.46394000006,17559.46394000006,19514.0,19514.0,19554.0,-1994.5360599999403,0.0
2020-12-07,3519.4639400000615,200.0,1000,1000,0.0,0.0,0.0,0.0,0,0,0,17539.46394000006,17539.46394000006,17429.46394000006,19534.0,19534.0,19424.0,-1994.5360599999403,0.0
2020-12-08,3519.4639400000615,200.0,1000,1000,0.0,0.0,0.0,0.0,0,0,0,17569.46394000006,17569.46394000006,17859.46394000006,19564.0,19564.0,19854.0,-1994.5360599999403,0.0
2020-12-09,3519.4639400000615,200.0,1000,1000,0.0,0.0,0.0,0.0,0,0,0,17889.46394000006,17889.46394000006,17539.46394000006,19884.0,19884.0,19534.0,-1994.5360599999403,0.0
2020-12-10,3519.4639400000615,200.0,1000,1000,0.0,0.0,0.0,0.0,0,0,0,17479.46394000006,17479.46394000006,17149.46394000006,19474.0,19474.0,19144.0,-1994.5360599999403,0.0
2020-12-11,3519.4639400000615,200.0,1000,1000,0.0,0.0,0.0,0.0,0,0,0,17099.46394000006,17099.46394000006,17189.46394000006,19094.0,19094.0,19184.0,-1994.5360599999403,0.0
2020-12-14,17033.89004540006,200.0,0,0,0.0,18.803894600000003,0.0,0.0,0,1000,0,17239.46394000006,17239.46394000006,17233.89004540006,19234.0,19234.0,19254.0,-2020.1099545999386,0.0
2020-12-15,3661.942711800062,200.0,1000,1000,0.0,5.2673336,0.0,0.0,1000,0,0,17233.89004540006,17241.94271180006,17421.94271180006,19074.0,19094.0,19274.0,-1852.0572881999396,0.0
2020-12-16,3661.942711800062,200.0,1000,1000,0.0,0.0,0.0,0.0,0,0,0,17421.94271180006,17421.94271180006,17391.94271180006,19274.0,19274.0,19244.0,-1852.0572881999396,0.0
2020-12-17,3661.942711800062,200.0,1000,1000,0.0,0.0,0.0,0.0,0,0,0,17391.94271180006,17391.94271180006,17441.94271180006,19244.0,19244.0,19294.0,-1852.0572881999396,0.0
2020-12-18,3661.942711800062,200.0,1000,1000,0.0,0.0,0.0,0.0,0,0,0,17491.94271180006,17491.94271180006,17511.94271180006,19344.0,19344.0,19364.0,-1852.0572881999396,0.0
2020-12-21,3661.942711800062,200.0,1000,1000,0.0,0.0,0.0,0.0,0,0,0,17461.94271180006,17461.94271180006,17511.94271180006,19314.0,19314.0,19364.0,-1852.0572881999396,0.0
2020-12-22,3661.942711800062,200.0,1000,1000,0.0,0.0,0.0,0.0,0,0,0,17441.94271180006,17441.94271180006,17131.94271180006,19294.0,19294.0,18984.0,-1852.0572881999396,0.0
2020-12-23,3661.942711800062,200.0,1000,1000,0.0,0.0,0.0,0.0,0,0,0,17171.94271180006,17171.94271180006,17441.94271180006,19024.0,19024.0,19294.0,-1852.0572881999396,0.0
2020-12-24,3661.942711800062,200.0,1000,1000,0.0,0.0,0.0,0.0,0,0,0,17491.94271180006,17491.94271180006,17241.94271180006,19344.0,19344.0,19094.0,-1852.0572881999396,0.0
2020-12-25,3661.942711800062,200.0,1000,1000,0.0,0.0,0.0,0.0,0,0,0,17211.94271180006,17211.94271180006,17261.94271180006,19064.0,19064.0,19114.0,-1852.0572881999396,0.0
2020-12-28,3661.942711800062,200.0,1000,1000,0.0,0.0,0.0,0.0,0,0,0,17281.94271180006,17281.94271180006,17131.94271180006,19134.0,19134.0,18984.0,-1852.0572881999396,0.0
2020-12-29,3661.942711800062,200.0,1000,1000,0.0,0.0,0.0,0.0,0,0,0,17181.94271180006,17181.94271180006,17371.94271180006,19034.0,19034.0,19224.0,-1852.0572881999396,0.0
2020-12-30,3661.942711800062,200.0,1000,1000,0.0,0.0,0.0,0.0,0,0,0,17351.94271180006,17351.94271180006,17531.94271180006,19204.0,19204.0,19384.0,-1852.0572881999396,0.0
2020-12-31,3661.942711800062,200.0,1000,1000,0.0,0.0,0.0,0.0,0,0,0,17531.94271180006,17531.94271180006,17551.94271180006,19384.0,19384.0,19404.0,-1852.0572881999396,0.0
2021-01-04,3661.942711800062,200.0,1000,1000,0.0,0.0,0.0,0.0,0,0,0,17561.94271180006,17561.94271180006,17661.94271180006,19414.0,19414.0,19514.0,-1852.0572881999396,0.0
2021-01-05,3661.942711800062,200.0,1000,1000,0.0,0.0,0.0,0.0,0,0,0,17661.94271180006,17661.94271180006,17811.94271180006,19514.0,19514.0,19664.0,-1852.0572881999396,0.0
2021-01-06,3661.942711800062,200.0,1000,1000,0.0,0.0,0.0,0.0,0,0,0,17821.94271180006,17821.94271180006,17731.94271180006,19674.0,19674.0,19584.0,-1852.0572881999396,0.0
2021-01-07,3661.942711800062,200.0,1000,1000,0.0,0.0,0.0,0.0,0,0,0,17651.94271180006,17651.94271180006,17591.94271180006,19504.0,19504.0,19444.0,-1852.0572881999396,0.0
2021-01-08,3661.942711800062,200.0,1000,1000,0.0,0.0,0.0,0.0,0,0,0,17721.94271180006,17721.94271180006,18101.94271180006,19574.0,19574.0,19954.0,-1852.0572881999396,0.0
2021-01-11,3661.942711800062,200.0,1000,1000,0.0,0.0,0.0,0.0,0,0,0,17961.94271180006,17961.94271180006,18221.94271180006,19814.0,19814.0,20074.0,-1852.0572881999396,0.0
2021-01-12,3661.942711800062,200.0,1000,1000,0.0,0.0,0.0,0.0,0,0,0,18161.94271180006,18161.94271180006,18431.94271180006,20014.0,20014.0,20284.0,-1852.0572881999396,0.0
2021-01-13,3661.942711800062,200.0,1000,1000,0.0,0.0,0.0,0.0,0,0,0,18341.94271180006,18341.94271180006,19041.94271180006,20194.0,20194.0,20894.0,-1852.0572881999396,0.0
2021-01-14,3661.942711800062,200.0,1000,1000,0.0,0.0,0.0,0.0,0,0,0,19011.94271180006,19011.94271180006,19531.94271180006,20864.0,20864.0,21384.0,-1852.0572881999396,0.0
2021-01-15,3661.942711800062,200.0,1000,1000,0.0,0.0,0.0,0.0,0,0,0,19431.94271180006,19431.94271180006,19111.94271180006,21284.0,21284.0,20964.0,-1852.0572881999396,0.0
2021-01-18,3661.942711800062,200.0,1000,1000,0.0,0.0,0.0,0.0,0,0,0,19121.94271180006,19121.94271180006,19741.94271180006,20974.0,20974.0,21594.0,-1852.0572881999396,0.0
2021-01-19,3661.942711800062,200.0,1000,1000,0.0,0.0,0.0,0.0,0,0,0,19721.94271180006,19721.94271180006,18961.94271180006,21574.0,21574.0,20814.0,-1852.0572881999396,0.0
2021-01-20,3661.942711800062,200.0,1000,1000,0.0,0.0,0.0,0.0,0,0,0,19211.94271180006,19211.94271180006,19001.94271180006,21064.0,21064.0,20854.0,-1852.0572881999396,0.0
2021-01-21,3661.942711800062,200.0,1000,1000,0.0,0.0,0.0,0.0,0,0,0,19011.94271180006,19011.94271180006,19051.94271180006,20864.0,20864.0,20904.0,-1852.0572881999396,0.0
2021-01-22,18384.530234300062,200.0,0,0,0.0,20.0374775,0.0,0.0,0,1000,0,18951.94271180006,18951.94271180006,18584.530234300062,20804.0,20804.0,20464.0,-1879.4697656999379,0.0
2021-01-25,3681.8912874000634,200.0,1000,1000,0.0,5.2939469,0.0,0.0,1000,0,0,18584.530234300062,18431.891287400063,19081.891287400063,20404.0,20264.0,20914.0,-1832.1087125999366,0.0
2021-01-26,3681.8912874000634,200.0,1000,1000,0.0,0.0,0.0,0.0,0,0,0,18901.891287400063,18901.891287400063,18701.891287400063,20734.0,20734.0,20534.0,-1832.1087125999366,0.0
2021-01-27,3681.8912874000634,200.0,1000,1000,0.0,0.0,0.0,0.0,0,0,0,18831.891287400063,18831.891287400063,18741.891287400063,20664.0,20664.0,20574.0,-1832.1087125999366,0.0
2021-01-28,3681.8912874000634,200.0,1000,1000,0.0,0.0,0.0,0.0,0,0,0,18491.891287400063,18491.891287400063,18091.891287400063,20324.0,20324.0,19924.0,-1832.1087125999366,0.0
2021-01-29,17945.177775300064,200.0,0,0,0.0,19.568512100000003,0.0,0.0,0,1000,0,18281.891287400063,18281.891287400063,18145.177775300064,20114.0,20114.0,20004.0,-1858.8222246999358,0.0
2021-02-01,3882.8716348000653,200.0,1000,1000,0.0,5.2811405,0.0,0.0,1000,0,0,18145.177775300064,18052.871634800067,17982.871634800067,19764.0,19684.0,19614.0,-1631.128365199933,0.0
2021-02-02,17557.054621800067,200.0,0,0,0.0,18.967013,0.0,0.0,0,1000,0,18012.871634800067,18012.871634800067,17757.054621800067,19644.0,19644.0,19414.0,-1656.9453781999327,0.0
2021-02-03,3874.9460851000676,200.0,1000,1000,0.0,5.2735367,0.0,0.0,1000,0,0,17757.054621800067,17634.94608510007,17344.94608510007,19384.0,19274.0,18984.0,-1639.0539148999305,0.0
2021-02-04,17369.40258030007,200.0,0,0,0.0,18.783504800000003,0.0,0.0,0,1000,0,17274.94608510007,17274.94608510007,17569.40258030007,18914.0,18914.0,19234.0,-1664.5974196999305,0.0
2021-02-05,3847.3772452000703,200.0,1000,1000,0.0,5.2703351,0.0,0.0,1000,0,0,17569.40258030007,17497.37724520007,17257.37724520007,19224.0,19164.0,18924.0,-1666.6227547999297,0.0
2021-02-08,3847.3772452000703,200.0,1000,1000,0.0,0.0,0.0,0.0,0,0,0,17197.37724520007,17197.37724520007,17297.37724520007,18864.0,18864.0,18964.0,-1666.6227547999297,0.0
2021-02-09,3847.3772452000703,200.0,1000,1000,0.0,0.0,0.0,0.0,0,0,0,17347.37724520007,17347.37724520007,17667.37724520007,19014.0,19014.0,19334.0,-1666.6227547999297,0.0
2021-02-10,3847.3772452000703,200.0,1000,1000,0.0,0.0,0.0,0.0,0,0,0,17557.37724520007,17557.37724520007,18087.37724520007,19224.0,19224.0,19754.0,-1666.6227547999297,0.0
2021-02-18,3847.3772452000703,200.0,1000,1000,0.0,0.0,0.0,0.0,0,0,0,18167.37724520007,18167.37724520007,18007.37724520007,19834.0,19834.0,19674.0,-1666.6227547999297,0.0
2021-02-19,3847.3772452000703,200.0,1000,1000,0.0,0.0,0.0,0.0,0,0,0,17937.37724520007,17937.37724520007,18237.37724520007,19604.0,19604.0,19904.0,-1666.6227547999297,0.0
2021-02-22,3847.3772452000703,200.0,1000,1000,0.0,0.0,0.0,0.0,0,0,0,18297.37724520007,18297.37724520007,18017.37724520007,19964.0,19964.0,19684.0,-1666.6227547999297,0.0
2021-02-23,3847.3772452000703,200.0,1000,1000,0.0,0.0,0.0,0.0,0,0,0,17897.37724520007,17897.37724520007,17837.37724520007,19564.0,19564.0,19504.0,-1666.6227547999297,0.0
2021-02-24,3847.3772452000703,200.0,1000,1000,0.0,0.0,0.0,0.0,0,0,0,17857.37724520007,17857.37724520007,18097.37724520007,19524.0,19524.0,19764.0,-1666.6227547999297,0.0
2021-02-25,3847.3772452000703,200.0,1000,1000,0.0,0.0,0.0,0.0,0,0,0,18097.37724520007,18097.37724520007,17967.37724520007,19764.0,19764.0,19634.0,-1666.6227547999297,0.0
2021-02-26,3847.3772452000703,200.0,1000,1000,0.0,0.0,0.0,0.0,0,0,0,17817.37724520007,17817.37724520007,17857.37724520007,19484.0,19484.0,19524.0,-1666.6227547999297,0.0
2021-03-01,3847.3772452000703,200.0,1000,1000,0.0,0.0,0.0,0.0,0,0,0,17887.37724520007,17887.37724520007,17897.37724520007,19554.0,19554.0,19564.0,-1666.6227547999297,0.0
2021-03-02,3847.3772452000703,200.0,1000,1000,0.0,0.0,0.0,0.0,0,0,0,17947.37724520007,17947.37724520007,17627.37724520007,19614.0,19614.0,19294.0,-1666.6227547999297,0.0
2021-03-03,3847.3772452000703,200.0,1000,1000,0.0,0.0,0.0,0.0,0,0,0,17607.37724520007,17607.37724520007,17947.37724520007,19274.0,19274.0,19614.0,-1666.6227547999297,0.0
2021-03-04,3847.3772452000703,200.0,1000,1000,0.0,0.0,0.0,0.0,0,0,0,17847.37724520007,17847.37724520007,17677.37724520007,19514.0,19514.0,19344.0,-1666.6227547999297,0.0
2021-03-05,3847.3772452000703,200.0,1000,1000,0.0,0.0,0.0,0.0,0,0,0,17547.37724520007,17547.37724520007,17797.37724520007,19214.0,19214.0,19464.0,-1666.6227547999297,0.0
2021-03-08,3847.3772452000703,200.0,1000,1000,0.0,0.0,0.0,0.0,0,0,0,17807.37724520007,17807.37724520007,17747.37724520007,19474.0,19474.0,19414.0,-1666.6227547999297,0.0
2021-03-09,3847.3772452000703,200.0,1000,1000,0.0,0.0,0.0,0.0,0,0,0,17727.37724520007,17727.37724520007,17947.37724520007,19394.0,19394.0,19614.0,-1666.6227547999297,0.0
2021-03-10,3847.3772452000703,200.0,1000,1000,0.0,0.0,0.0,0.0,0,0,0,18027.37724520007,18027.37724520007,17777.37724520007,19694.0,19694.0,19444.0,-1666.6227547999297,0.0
2021-03-11,3847.3772452000703,200.0,1000,1000,0.0,0.0,0.0,0.0,0,0,0,17767.37724520007,17767.37724520007,17717.37724520007,19434.0,19434.0,19384.0,-1666.6227547999297,0.0
2021-03-12,3847.3772452000703,200.0,1000,1000,0.0,0.0,0.0,0.0,0,0,0,17737.37724520007,17737.37724520007,17577.37724520007,19404.0,19404.0,19244.0,-1666.6227547999297,0.0
2021-03-15,3847.3772452000703,200.0,1000,1000,0.0,0.0,0.0,0.0,0,0,0,17527.37724520007,17527.37724520007,17367.37724520007,19194.0,19194.0,19034.0,-1666.6227547999297,0.0
2021-03-16,3847.3772452000703,200.0,1000,1000,0.0,0.0,0.0,0.0,0,0,0,17387.37724520007,17387.37724520007,17517.37724520007,19054.0,19054.0,19184.0,-1666.6227547999297,0.0
2021-03-17,3847.3772452000703,200.0,1000,1000,0.0,0.0,0.0,0.0,0,0,0,17497.37724520007,17497.37724520007,17597.37724520007,19164.0,19164.0,19264.0,-1666.6227547999297,0.0
2021-03-18,3847.3772452000703,200.0,1000,1000,0.0,0.0,0.0,0.0,0,0,0,17617.37724520007,17617.37724520007,17567.37724520007,19284.0,19284.0,19234.0,-1666.6227547999297,0.0
2021-03-19,3847.3772452000703,200.0,1000,1000,0.0,0.0,0.0,0.0,0,0,0,17567.37724520007,17567.37724520007,17547.37724520007,19234.0,19234.0,19214.0,-1666.6227547999297,0.0
2021-03-22,3847.3772452000703,200.0,1000,1000,0.0,0.0,0.0,0.0,0,0,0,17527.37724520007,17527.37724520007,17597.37724520007,19194.0,19194.0,19264.0,-1666.6227547999297,0.0
2021-03-23,3847.3772452000703,200.0,1000,1000,0.0,0.0,0.0,0.0,0,0,0,17607.37724520007,17607.37724520007,17697.37724520007,19274.0,19274.0,19364.0,-1666.6227547999297,0.0
2021-03-24,3847.3772452000703,200.0,1000,1000,0.0,0.0,0.0,0.0,0,0,0,17707.37724520007,17707.37724520007,17907.37724520007,19374.0,19374.0,19574.0,-1666.6227547999297,0.0
2021-03-25,3847.3772452000703,200.0,1000,1000,0.0,0.0,0.0,0.0,0,0,0,17947.37724520007,17947.37724520007,17867.37724520007,19614.0,19614.0,19534.0,-1666.6227547999297,0.0
2021-03-26,3847.3772452000703,200.0,1000,1000,0.0,0.0,0.0,0.0,0,0,0,17847.37724520007,17847.37724520007,18087.37724520007,19514.0,19514.0,19754.0,-1666.6227547999297,0.0
2021-03-29,3847.3772452000703,200.0,1000,1000,0.0,0.0,0.0,0.0,0,0,0,18117.37724520007,18117.37724520007,17697.37724520007,19784.0,19784.0,19364.0,-1666.6227547999297,0.0
2021-03-30,3847.3772452000703,200.0,1000,1000,0.0,0.0,0.0,0.0,0,0,0,17787.37724520007,17787.37724520007,18407.37724520007,19454.0,19454.0,20074.0,-1666.6227547999297,0.0
2021-03-31,3847.3772452000703,200.0,1000,1000,0.0,0.0,0.0,0.0,0,0,0,18347.37724520007,18347.37724520007,18417.37724520007,20014.0,20014.0,20084.0,-1666.6227547999297,0.0
2021-04-01,3847.3772452000703,200.0,1000,1000,0.0,0.0,0.0,0.0,0,0,0,18457.37724520007,18457.37724520007,18467.37724520007,20124.0,20124.0,20134.0,-1666.6227547999297,0.0
2021-04-02,3847.3772452000703,200.0,1000,1000,0.0,0.0,0.0,0.0,0,0,0,18417.37724520007,18417.37724520007,18197.37724520007,20084.0,20084.0,19864.0,-1666.6227547999297,0.0
2021-04-06,3847.3772452000703,200.0,1000,1000,0.0,0.0,0.0,0.0,0,0,0,18377.37724520007,18377.37724520007,18207.37724520007,20044.0,20044.0,19874.0,-1666.6227547999297,0.0
2021-04-07,3847.3772452000703,200.0,1000,1000,0.0,0.0,0.0,0.0,0,0,0,18237.37724520007,18237.37724520007,18427.37724520007,19904.0,19904.0,20094.0,-1666.6227547999297,0.0
2021-04-08,3847.3772452000703,200.0,1000,1000,0.0,0.0,0.0,0.0,0,0,0,18387.37724520007,18387.37724520007,18407.37724520007,20054.0,20054.0,20074.0,-1666.6227547999297,0.0
2021-04-09,3847.3772452000703,200.0,1000,1000,0.0,0.0,0.0,0.0,0,0,0,18337.37724520007,18337.37724520007,18107.37724520007,20004.0,20004.0,19774.0,-1666.6227547999297,0.0
2021-04-12,3847.3772452000703,200.0,1000,1000,0.0,0.0,0.0,0.0,0,0,0,18097.37724520007,18097.37724520007,18107.37724520007,19764.0,19764.0,19774.0,-1666.6227547999297,0.0
2021-04-13,3847.3772452000703,200.0,1000,1000,0.0,0.0,0.0,0.0,0,0,0,18107.37724520007,18107.37724520007,18537.37724520007,19774.0,19774.0,20204.0,-1666.6227547999297,0.0
2021-04-14,3847.3772452000703,200.0,1000,1000,0.0,0.0,0.0,0.0,0,0,0,18637.37724520007,18637.37724520007,18547.37724520007,20304.0,20304.0,20214.0,-1666.6227547999297,0.0
2021-04-15,3847.3772452000703,200.0,1000,1000,0.0,0.0,0.0,0.0,0,0,0,18587.37724520007,18587.37724520007,18427.37724520007,20254.0,20254.0,20094.0,-1666.6227547999297,0.0
2021-04-16,3847.3772452000703,200.0,1000,1000,0.0,0.0,0.0,0.0,0,0,0,18337.37724520007,18337.37724520007,18447.37724520007,20004.0,20004.0,20114.0,-1666.6227547999297,0.0
2021-04-19,3847.3772452000703,200.0,1000,1000,0.0,0.0,0.0,0.0,0,0,0,18397.37724520007,18397.37724520007,18757.37724520007,20064.0,20064.0,20424.0,-1666.6227547999297,0.0
2021-04-20,3847.3772452000703,200.0,1000,1000,0.0,0.0,0.0,0.0,0,0,0,18697.37724520007,18697.37724520007,18427.37724520007,20364.0,20364.0,20094.0,-1666.6227547999297,0.0
2021-04-21,3847.3772452000703,200.0,1000,1000,0.0,0.0,0.0,0.0,0,0,0,18377.37724520007,18377.37724520007,18467.37724520007,20044.0,20044.0,20134.0,-1666.6227547999297,0.0
2021-04-22,3847.3772452000703,200.0,1000,1000,0.0,0.0,0.0,0.0,0,0,0,18477.37724520007,18477.37724520007,18227.37724520007,20144.0,20144.0,19894.0,-1666.6227547999297,0.0
2021-04-23,3847.3772452000703,200.0,1000,1000,0.0,0.0,0.0,0.0,0,0,0,18197.37724520007,18197.37724520007,18227.37724520007,19864.0,19864.0,19894.0,-1666.6227547999297,0.0
2021-04-26,3847.3772452000703,200.0,1000,1000,0.0,0.0,0.0,0.0,0,0,0,18257.37724520007,18257.37724520007,18397.37724520007,19924.0,19924.0,20064.0,-1666.6227547999297,0.0
2021-04-27,3847.3772452000703,200.0,1000,1000,0.0,0.0,0.0,0.0,0,0,0,18387.37724520007,18387.37724520007,18467.37724520007,20054.0,20054.0,20134.0,-1666.6227547999297,0.0
2021-04-28,3847.3772452000703,200.0,1000,1000,0.0,0.0,0.0,0.0,0,0,0,18477.37724520007,18477.37724520007,18597.37724520007,20144.0,20144.0,20264.0,-1666.6227547999297,0.0
2021-04-29,3847.3772452000703,200.0,1000,1000,0.0,0.0,0.0,0.0,0,0,0,18697.37724520007,18697.37724520007,18747.37724520007,20364.0,20364.0,20414.0,-1666.6227547999297,0.0
2021-04-30,3847.3772452000703,200.0,1000,1000,0.0,0.0,0.0,0.0,0,0,0,18697.37724520007,18697.37724520007,17807.37724520007,20364.0,20364.0,19474.0,-1666.6227547999297,0.0
2021-05-06,17491.60581690007,200.0,0,0,0.0,18.936428300000003,0.0,0.0,0,1000,0,17657.37724520007,17657.37724520007,17691.60581690007,19324.0,19324.0,19384.0,-1692.3941830999283,0.0
2021-05-07,3809.497280200072,200.0,1000,1000,0.0,5.2735367,0.0,0.0,1000,0,0,17691.60581690007,17609.49728020007,17459.49728020007,19384.0,19314.0,19164.0,-1704.5027197999298,0.0
2021-05-10,17303.953775400074,200.0,0,0,0.0,18.783504800000003,0.0,0.0,0,1000,0,17509.49728020007,17509.49728020007,17503.953775400074,19214.0,19214.0,19234.0,-1730.046224599926,0.0
2021-05-11,3841.959640900075,200.0,1000,1000,0.0,5.2691345,0.0,0.0,1000,0,0,17503.953775400074,17541.959640900073,17531.959640900073,19164.0,19214.0,19204.0,-1672.0403590999267,0.0
2021-05-12,3841.959640900075,200.0,1000,1000,0.0,0.0,0.0,0.0,0,0,0,17461.959640900073,17461.959640900073,17561.959640900073,19134.0,19134.0,19234.0,-1672.0403590999267,0.0
2021-05-13,3841.959640900075,200.0,1000,1000,0.0,0.0,0.0,0.0,0,0,0,17481.959640900073,17481.959640900073,17421.959640900073,19154.0,19154.0,19094.0,-1672.0403590999267,0.0
2021-05-14,3841.959640900075,200.0,1000,1000,0.0,0.0,0.0,0.0,0,0,0,17441.959640900073,17441.959640900073,17521.959640900073,19114.0,19114.0,19194.0,-1672.0403590999267,0.0
2021-05-17,3841.959640900075,200.0,1000,1000,0.0,0.0,0.0,0.0,0,0,0,17501.959640900073,17501.959640900073,17341.959640900073,19174.0,19174.0,19014.0,-1672.0403590999267,0.0
2021-05-18,3841.959640900075,200.0,1000,1000,0.0,0.0,0.0,0.0,0,0,0,17351.959640900073,17351.959640900073,17391.959640900073,19024.0,19024.0,19064.0,-1672.0403590999267,0.0
2021-05-19,3841.959640900075,200.0,1000,1000,0.0,0.0,0.0,0.0,0,0,0,17341.959640900073,17341.959640900073,17251.959640900073,19014.0,19014.0,18924.0,-1672.0403590999267,0.0
2021-05-20,3841.959640900075,200.0,1000,1000,0.0,0.0,0.0,0.0,0,0,0,17241.959640900073,17241.959640900073,17261.959640900073,18914.0,18914.0,18934.0,-1672.0403590999267,0.0
2021-05-21,3841.959640900075,200.0,1000,1000,0.0,0.0,0.0,0.0,0,0,0,17251.959640900073,17251.959640900073,17151.959640900073,18924.0,18924.0,18824.0,-1672.0403590999267,0.0
2021-05-24,3841.959640900075,200.0,1000,1000,0.0,0.0,0.0,0.0,0,0,0,17151.959640900073,17151.959640900073,16591.959640900073,18824.0,18824.0,18264.0,-1672.0403590999267,0.0
2021-05-25,16457.753287300075,200.0,0,0,0.0,17.8863536,0.0,0.0,0,1000,0,16601.959640900073,16601.959640900073,16657.753287300075,18274.0,18274.0,18354.0,-1696.2467126999254,0.0
2021-05-26,3886.2219617000756,200.0,1000,1000,0.0,5.2513256,0.0,0.0,1000,0,0,16657.753287300075,16716.221961700074,16646.221961700074,18274.0,18344.0,18274.0,-1627.7780382999263,0.0
2021-05-27,16482.045997900073,200.0,0,0,0.0,17.865963800000003,0.0,0.0,0,1000,0,16616.221961700074,16616.221961700074,16682.045997900073,18244.0,18244.0,18334.0,-1651.9540020999266,0.0
2021-05-28,3910.5146723000744,200.0,1000,1000,0.0,5.2513256,0.0,0.0,1000,0,0,16682.045997900073,16660.514672300073,16460.514672300073,18274.0,18264.0,18064.0,-1603.4853276999274,0.0
2021-05-31,3910.5146723000744,200.0,1000,1000,0.0,0.0,0.0,0.0,0,0,0,16490.514672300073,16490.514672300073,16530.514672300073,18094.0,18094.0,18134.0,-1603.4853276999274,0.0
2021-06-01,3910.5146723000744,200.0,1000,1000,0.0,0.0,0.0,0.0,0,0,0,16530.514672300073,16530.514672300073,16540.514672300073,18134.0,18134.0,18144.0,-1603.4853276999274,0.0
2021-06-02,3910.5146723000744,200.0,1000,1000,0.0,0.0,0.0,0.0,0,0,0,16530.514672300073,16530.514672300073,16330.514672300074,18134.0,18134.0,17934.0,-1603.4853276999256,0.0
2021-06-03,3910.5146723000744,200.0,1000,1000,0.0,0.0,0.0,0.0,0,0,0,16330.514672300074,16330.514672300074,16370.514672300074,17934.0,17934.0,17974.0,-1603.4853276999256,0.0
2021-06-04,3910.5146723000744,200.0,1000,1000,0.0,0.0,0.0,0.0,0,0,0,16320.514672300074,16320.514672300074,16330.514672300074,17924.0,17924.0,17934.0,-1603.4853276999256,0.0
2021-06-07,3910.5146723000744,200.0,1000,1000,0.0,0.0,0.0,0.0,0,0,0,16340.514672300074,16340.514672300074,16600.514672300073,17944.0,17944.0,18204.0,-1603.4853276999274,0.0
2021-06-08,3910.5146723000744,200.0,1000,1000,0.0,0.0,0.0,0.0,0,0,0,16670.514672300073,16670.514672300073,16620.514672300073,18274.0,18274.0,18224.0,-1603.4853276999274,0.0
2021-06-09,3910.5146723000744,200.0,1000,1000,0.0,0.0,0.0,0.0,0,0,0,16580.514672300073,16580.514672300073,16650.514672300073,18184.0,18184.0,18254.0,-1603.4853276999274,0.0
2021-06-10,3910.5146723000744,200.0,1000,1000,0.0,0.0,0.0,0.0,0,0,0,16620.514672300073,16620.514672300073,16670.514672300073,18224.0,18224.0,18274.0,-1603.4853276999274,0.0
2021-06-11,3910.5146723000744,200.0,1000,1000,0.0,0.0,0.0,0.0,0,0,0,16670.514672300073,16670.514672300073,16610.514672300073,18274.0,18274.0,18214.0,-1603.4853276999274,0.0
2021-06-15,3910.5146723000744,200.0,1000,1000,0.0,0.0,0.0,0.0,0,0,0,16610.514672300073,16610.514672300073,16660.514672300073,18214.0,18214.0,18264.0,-1603.4853276999274,0.0
2021-06-16,3910.5146723000744,200.0,1000,1000,0.0,0.0,0.0,0.0,0,0,0,16610.514672300073,16610.514672300073,16430.514672300073,18214.0,18214.0,18034.0,-1603.4853276999274,0.0
2021-06-17,3910.5146723000744,200.0,1000,1000,0.0,0.0,0.0,0.0,0,0,0,16420.514672300073,16420.514672300073,16560.514672300073,18024.0,18024.0,18164.0,-1603.4853276999274,0.0
2021-06-18,3910.5146723000744,200.0,1000,1000,0.0,0.0,0.0,0.0,0,0,0,16590.514672300073,16590.514672300073,16600.514672300073,18194.0,18194.0,18204.0,-1603.4853276999274,0.0
2021-06-21,3910.5146723000744,200.0,1000,1000,0.0,0.0,0.0,0.0,0,0,0,16510.514672300073,16510.514672300073,16490.514672300073,18114.0,18114.0,18094.0,-1603.4853276999274,0.0
2021-06-22,3910.5146723000744,200.0,1000,1000,0.0,0.0,0.0,0.0,0,0,0,16480.514672300073,16480.514672300073,16420.514672300073,18084.0,18084.0,18024.0,-1603.4853276999274,0.0
2021-06-23,3910.5146723000744,200.0,1000,1000,0.0,0.0,0.0,0.0,0,0,0,16430.514672300073,16430.514672300073,16670.514672300073,18034.0,18034.0,18274.0,-1603.4853276999274,0.0
2021-06-24,3910.5146723000744,200.0,1000,1000,0.0,0.0,0.0,0.0,0,0,0,16720.514672300073,16720.514672300073,16780.514672300073,18324.0,18324.0,18384.0,-1603.4853276999274,0.0
2021-06-25,3910.5146723000744,200.0,1000,1000,0.0,0.0,0.0,0.0,0,0,0,16800.514672300073,16800.514672300073,16720.514672300073,18404.0,18404.0,18324.0,-1603.4853276999274,0.0
2021-06-28,3910.5146723000744,200.0,1000,1000,0.0,0.0,0.0,0.0,0,0,0,16770.514672300073,16770.514672300073,16690.514672300073,18374.0,18374.0,18294.0,-1603.4853276999274,0.0
2021-06-29,3910.5146723000744,200.0,1000,1000,0.0,0.0,0.0,0.0,0,0,0,16690.514672300073,16690.514672300073,16520.514672300073,18294.0,18294.0,18124.0,-1603.4853276999274,0.0
2021-06-30,3910.5146723000744,200.0,1000,1000,0.0,0.0,0.0,0.0,0,0,0,16560.514672300073,16560.514672300073,16520.514672300073,18164.0,18164.0,18124.0,-1603.4853276999274,0.0
2021-07-01,3910.5146723000744,200.0,1000,1000,0.0,0.0,0.0,0.0,0,0,0,16530.514672300073,16530.514672300073,16410.514672300073,18134.0,18134.0,18014.0,-1603.4853276999274,0.0
2021-07-02,3910.5146723000744,200.0,1000,1000,0.0,0.0,0.0,0.0,0,0,0,16400.514672300073,16400.514672300073,16080.514672300074,18004.0,18004.0,17684.0,-1603.4853276999256,0.0
2021-07-05,3910.5146723000744,200.0,1000,1000,0.0,0.0,0.0,0.0,0,0,0,16060.514672300074,16060.514672300074,16300.514672300074,17664.0,17664.0,17904.0,-1603.4853276999256,0.0
2021-07-06,3910.5146723000744,200.0,1000,1000,0.0,0.0,0.0,0.0,0,0,0,16300.514672300074,16300.514672300074,16340.514672300074,17904.0,17904.0,17944.0,-1603.4853276999256,0.0
2021-07-07,3910.5146723000744,200.0,1000,1000,0.0,0.0,0.0,0.0,0,0,0,16300.514672300074,16300.514672300074,16260.514672300074,17904.0,17904.0,17864.0,-1603.4853276999256,0.0
2021-07-08,3910.5146723000744,200.0,1000,1000,0.0,0.0,0.0,0.0,0,0,0,16270.514672300074,16270.514672300074,16140.514672300074,17874.0,17874.0,17744.0,-1603.4853276999256,0.0
2021-07-09,3910.5146723000744,200.0,1000,1000,0.0,0.0,0.0,0.0,0,0,0,16130.514672300074,16130.514672300074,16060.514672300074,17734.0,17734.0,17664.0,-1603.4853276999256,0.0
2021-07-12,3910.5146723000744,200.0,1000,1000,0.0,0.0,0.0,0.0,0,0,0,16110.514672300074,16110.514672300074,16110.514672300074,17714.0,17714.0,17714.0,-1603.4853276999256,0.0
2021-07-13,3910.5146723000744,200.0,1000,1000,0.0,0.0,0.0,0.0,0,0,0,16130.514672300074,16130.514672300074,16150.514672300074,17734.0,17734.0,17754.0,-1603.4853276999256,0.0
2021-07-14,3910.5146723000744,200.0,1000,1000,0.0,0.0,0.0,0.0,0,0,0,16120.514672300074,16120.514672300074,15750.514672300074,17724.0,17724.0,17354.0,-1603.4853276999256,0.0
2021-07-15,3910.5146723000744,200.0,1000,1000,0.0,0.0,0.0,0.0,0,0,0,15770.514672300074,15770.514672300074,15860.514672300074,17374.0,17374.0,17464.0,-1603.4853276999256,0.0
2021-07-16,3910.5146723000744,200.0,1000,1000,0.0,0.0,0.0,0.0,0,0,0,15830.514672300074,15830.514672300074,15600.514672300074,17434.0,17434.0,17204.0,-1603.4853276999256,0.0
2021-07-19,15447.949367900075,200.0,0,0,0.0,16.7853044,0.0,0.0,0,1000,0,15610.514672300074,15610.514672300074,15647.949367900075,17214.0,17214.0,17274.0,-1626.0506320999248,0.0
2021-07-20,3926.9640528000764,200.0,1000,1000,0.0,5.2303151,0.0,0.0,1000,0,0,15647.949367900075,15706.964052800076,15846.964052800076,17224.0,17294.0,17434.0,-1587.0359471999236,0.0
2021-07-21,3926.9640528000764,200.0,1000,1000,0.0,0.0,0.0,0.0,0,0,0,15826.964052800076,15826.964052800076,15896.964052800076,17414.0,17414.0,17484.0,-1587.0359471999236,0.0
2021-07-22,3926.9640528000764,200.0,1000,1000,0.0,0.0,0.0,0.0,0,0,0,15886.964052800076,15886.964052800076,15836.964052800076,17474.0,17474.0,17424.0,-1587.0359471999236,0.0
2021-07-23,3926.9640528000764,200.0,1000,1000,0.0,0.0,0.0,0.0,0,0,0,15826.964052800076,15826.964052800076,15886.964052800076,17414.0,17414.0,17474.0,-1587.0359471999236,0.0
2021-07-26,3926.9640528000764,200.0,1000,1000,0.0,0.0,0.0,0.0,0,0,0,15916.964052800076,15916.964052800076,15746.964052800076,17504.0,17504.0,17334.0,-1587.0359471999236,0.0
2021-07-27,3926.9640528000764,450.0,1000,1000,50.0,0.0,0.0,0.0,0,0,0,15756.964052800076,15756.964052800076,15606.964052800076,17394.0,17394.0,17244.0,-1637.0359471999236,0.0
2021-07-28,3926.9640528000764,450.0,1000,1000,50.0,0.0,0.0,0.0,0,0,0,15606.964052800076,15606.964052800076,15326.964052800076,17244.0,17244.0,16964.0,-1637.0359471999236,0.0
2021-07-29,14845.264857700078,450.0,0,0,0.0,16.2041951,50.0,0.0,0,1000,0,15376.964052800076,15376.964052800076,15295.264857700078,17014.0,17014.0,16954.0,-1658.7351422999218,0.0
2021-07-30,3874.5655481000795,450.0,1000,1000,0.0,5.2193096,0.0,0.0,1000,0,0,15295.264857700078,15144.56554810008,15544.56554810008,16924.0,16784.0,17184.0,-1639.4344518999205,0.0
2021-08-02,3874.5655481000795,450.0,1000,1000,0.0,0.0,0.0,0.0,0,0,0,15544.56554810008,15544.56554810008,16134.56554810008,17184.0,17184.0,17774.0,-1639.4344518999205,0.0
2021-08-03,3874.5655481000795,450.0,1000,1000,0.0,0.0,0.0,0.0,0,0,0,16174.56554810008,16174.56554810008,16154.56554810008,17814.0,17814.0,17794.0,-1639.4344518999205,0.0
2021-08-04,3874.5655481000795,450.0,1000,1000,0.0,0.0,0.0,0.0,0,0,0,16114.56554810008,16114.56554810008,16234.56554810008,17754.0,17754.0,17874.0,-1639.4344518999205,0.0
2021-08-05,3874.5655481000795,450.0,1000,1000,0.0,0.0,0.0,0.0,0,0,0,16304.56554810008,16304.56554810008,16174.56554810008,17944.0,17944.0,17814.0,-1639.4344518999205,0.0
2021-08-06,3874.5655481000795,450.0,1000,1000,0.0,0.0,0.0,0.0,0,0,0,16154.56554810008,16154.56554810008,16154.56554810008,17794.0,17794.0,17794.0,-1639.4344518999205,0.0
2021-08-09,3874.5655481000795,450.0,1000,1000,0.0,0.0,0.0,0.0,0,0,0,16124.56554810008,16124.56554810008,16354.56554810008,17764.0,17764.0,17994.0,-1639.4344518999205,0.0
2021-08-10,3874.5655481000795,450.0,1000,1000,0.0,0.0,0.0,0.0,0,0,0,16374.56554810008,16374.56554810008,16464.56554810008,18014.0,18014.0,18104.0,-1639.4344518999205,0.0
2021-08-11,3874.5655481000795,450.0,1000,1000,0.0,0.0,0.0,0.0,0,0,0,16564.56554810008,16564.56554810008,16104.56554810008,18204.0,18204.0,17744.0,-1639.4344518999205,0.0
2021-08-12,3874.5655481000795,450.0,1000,1000,0.0,0.0,0.0,0.0,0,0,0,16084.56554810008,16084.56554810008,16074.56554810008,17724.0,17724.0,17714.0,-1639.4344518999205,0.0
2021-08-13,3874.5655481000795,450.0,1000,1000,0.0,0.0,0.0,0.0,0,0,0,16064.56554810008,16064.56554810008,16164.56554810008,17704.0,17704.0,17804.0,-1639.4344518999205,0.0
2021-08-16,3874.5655481000795,450.0,1000,1000,0.0,0.0,0.0,0.0,0,0,0,16194.56554810008,16194.56554810008,16594.56554810008,17834.0,17834.0,18234.0,-1639.4344518999205,0.0
2021-08-17,3874.5655481000795,450.0,1000,1000,0.0,0.0,0.0,0.0,0,0,0,16594.56554810008,16594.56554810008,16344.56554810008,18234.0,18234.0,17984.0,-1639.4344518999205,0.0
2021-08-18,3874.5655481000795,450.0,1000,1000,0.0,0.0,0.0,0.0,0,0,0,16334.56554810008,16334.56554810008,16574.56554810008,17974.0,17974.0,18214.0,-1639.4344518999205,0.0
2021-08-19,3874.5655481000795,450.0,1000,1000,0.0,0.0,0.0,0.0,0,0,0,16524.56554810008,16524.56554810008,16174.56554810008,18164.0,18164.0,17814.0,-1639.4344518999205,0.0
2021-08-20,3874.5655481000795,450.0,1000,1000,0.0,0.0,0.0,0.0,0,0,0,16204.56554810008,16204.56554810008,16204.56554810008,17844.0,17844.0,17844.0,-1639.4344518999205,0.0
2021-08-23,3874.5655481000795,450.0,1000,1000,0.0,0.0,0.0,0.0,0,0,0,16284.56554810008,16284.56554810008,16364.56554810008,17924.0,17924.0,18004.0,-1639.4344518999205,0.0
2021-08-24,3874.5655481000795,450.0,1000,1000,0.0,0.0,0.0,0.0,0,0,0,16474.56554810008,16474.56554810008,16374.56554810008,18114.0,18114.0,18014.0,-1639.4344518999205,0.0
2021-08-25,3874.5655481000795,450.0,1000,1000,0.0,0.0,0.0,0.0,0,0,0,16354.56554810008,16354.56554810008,16304.56554810008,17994.0,17994.0,17944.0,-1639.4344518999205,0.0
2021-08-26,3874.5655481000795,450.0,1000,1000,0.0,0.0,0.0,0.0,0,0,0,16284.56554810008,16284.56554810008,16014.56554810008,17924.0,17924.0,17654.0,-1639.4344518999205,0.0
2021-08-27,3874.5655481000795,450.0,1000,1000,0.0,0.0,0.0,0.0,0,0,0,16014.56554810008,16014.56554810008,16034.56554810008,17654.0,17654.0,17674.0,-1639.4344518999205,0.0
2021-08-30,3874.5655481000795,450.0,1000,1000,0.0,0.0,0.0,0.0,0,0,0,16074.56554810008,16074.56554810008,15834.56554810008,17714.0,17714.0,17474.0,-1639.4344518999205,0.0
2021-08-31,3874.5655481000795,450.0,1000,1000,0.0,0.0,0.0,0.0,0,0,0,15854.56554810008,15854.56554810008,15804.56554810008,17494.0,17494.0,17444.0,-1639.4344518999205,0.0
2021-09-01,3874.5655481000795,450.0,1000,1000,0.0,0.0,0.0,0.0,0,0,0,15804.56554810008,15804.56554810008,16034.56554810008,17444.0,17444.0,17674.0,-1639.4344518999205,0.0
2021-09-02,3874.5655481000795,450.0,1000,1000,0.0,0.0,0.0,0.0,0,0,0,16034.56554810008,16034.56554810008,16074.56554810008,17674.0,17674.0,17714.0,-1639.4344518999205,0.0
2021-09-03,3874.5655481000795,450.0,1000,1000,0.0,0.0,0.0,0.0,0,0,0,16124.56554810008,16124.56554810008,16324.56554810008,17764.0,17764.0,17964.0,-1639.4344518999205,0.0
2021-09-06,3874.5655481000795,450.0,1000,1000,0.0,0.0,0.0,0.0,0,0,0,16334.56554810008,16334.56554810008,16374.56554810008,17974.0,17974.0,18014.0,-1639.4344518999205,0.0
2021-09-07,3874.5655481000795,450.0,1000,1000,0.0,0.0,0.0,0.0,0,0,0,16374.56554810008,16374.56554810008,16494.56554810008,18014.0,18014.0,18134.0,-1639.4344518999205,0.0
2021-09-08,3874.5655481000795,450.0,1000,1000,0.0,0.0,0.0,0.0,0,0,0,16494.56554810008,16494.56554810008,16514.56554810008,18134.0,18134.0,18154.0,-1639.4344518999205,0.0
2021-09-09,3874.5655481000795,450.0,1000,1000,0.0,0.0,0.0,0.0,0,0,0,16564.56554810008,16564.56554810008,16504.56554810008,18204.0,18204.0,18144.0,-1639.4344518999205,0.0
2021-09-10,3874.5655481000795,450.0,1000,1000,0.0,0.0,0.0,0.0,0,0,0,16494.56554810008,16494.56554810008,16524.56554810008,18134.0,18134.0,18164.0,-1639.4344518999205,0.0
2021-09-13,3874.5655481000795,450.0,1000,1000,0.0,0.0,0.0,0.0,0,0,0,16544.56554810008,16544.56554810008,16494.56554810008,18184.0,18184.0,18134.0,-1639.4344518999205,0.0
2021-09-14,3874.5655481000795,450.0,1000,1000,0.0,0.0,0.0,0.0,0,0,0,16444.56554810008,16444.56554810008,16264.56554810008,18084.0,18084.0,17904.0,-1639.4344518999205,0.0
2021-09-15,3874.5655481000795,450.0,1000,1000,0.0,0.0,0.0,0.0,0,0,0,16254.56554810008,16254.56554810008,16124.56554810008,17894.0,17894.0,17764.0,-1639.4344518999205,0.0
2021-09-16,3874.5655481000795,450.0,1000,1000,0.0,0.0,0.0,0.0,0,0,0,16124.56554810008,16124.56554810008,16074.56554810008,17764.0,17764.0,17714.0,-1639.4344518999205,0.0
2021-09-17,3874.5655481000795,450.0,1000,1000,0.0,0.0,0.0,0.0,0,0,0,16074.56554810008,16074.56554810008,16074.56554810008,17714.0,17714.0,17714.0,-1639.4344518999205,0.0
2021-09-22,3874.5655481000795,450.0,1000,1000,0.0,0.0,0.0,0.0,0,0,0,16004.56554810008,16004.56554810008,16014.56554810008,17644.0,17644.0,17654.0,-1639.4344518999205,0.0
2021-09-23,3874.5655481000795,450.0,1000,1000,0.0,0.0,0.0,0.0,0,0,0,16314.56554810008,16314.56554810008,16404.56554810008,17954.0,17954.0,18044.0,-1639.4344518999205,0.0
2021-09-24,3874.5655481000795,450.0,1000,1000,0.0,0.0,0.0,0.0,0,0,0,16324.56554810008,16324.56554810008,16184.56554810008,17964.0,17964.0,17824.0,-1639.4344518999205,0.0
2021-09-27,3874.5655481000795,450.0,1000,1000,0.0,0.0,0.0,0.0,0,0,0,16224.56554810008,16224.56554810008,16194.56554810008,17864.0,17864.0,17834.0,-1639.4344518999205,0.0
2021-09-28,3874.5655481000795,450.0,1000,1000,0.0,0.0,0.0,0.0,0,0,0,16134.56554810008,16134.56554810008,16124.56554810008,17774.0,17774.0,17764.0,-1639.4344518999205,0.0
2021-09-29,3874.5655481000795,450.0,1000,1000,0.0,0.0,0.0,0.0,0,0,0,16124.56554810008,16124.56554810008,16164.56554810008,17764.0,17764.0,17804.0,-1639.4344518999205,0.0
2021-09-30,3874.5655481000795,450.0,1000,1000,0.0,0.0,0.0,0.0,0,0,0,16164.56554810008,16164.56554810008,15944.56554810008,17804.0,17804.0,17584.0,-1639.4344518999205,0.0
2021-10-08,3874.5655481000795,450.0,1000,1000,0.0,0.0,0.0,0.0,0,0,0,16064.56554810008,16064.56554810008,16444.56554810008,17704.0,17704.0,18084.0,-1639.4344518999205,0.0
2021-10-11,3874.5655481000795,450.0,1000,1000,0.0,0.0,0.0,0.0,0,0,0,16444.56554810008,16444.56554810008,16454.56554810008,18084.0,18084.0,18094.0,-1639.4344518999205,0.0
2021-10-12,3874.5655481000795,450.0,1000,1000,0.0,0.0,0.0,0.0,0,0,0,16494.56554810008,16494.56554810008,16204.56554810008,18134.0,18134.0,17844.0,-1639.4344518999205,0.0
2021-10-13,3874.5655481000795,450.0,1000,1000,0.0,0.0,0.0,0.0,0,0,0,16204.56554810008,16204.56554810008,16214.56554810008,17844.0,17844.0,17854.0,-1639.4344518999205,0.0
2021-10-14,3874.5655481000795,450.0,1000,1000,0.0,0.0,0.0,0.0,0,0,0,16194.56554810008,16194.56554810008,16184.56554810008,17834.0,17834.0,17824.0,-1639.4344518999205,0.0
2021-10-15,3874.5655481000795,450.0,1000,1000,0.0,0.0,0.0,0.0,0,0,0,16184.56554810008,16184.56554810008,16054.56554810008,17824.0,17824.0,17694.0,-1639.4344518999205,0.0
2021-10-18,3874.5655481000795,450.0,1000,1000,0.0,0.0,0.0,0.0,0,0,0,16144.56554810008,16144.56554810008,15904.56554810008,17784.0,17784.0,17544.0,-1639.4344518999205,0.0
2021-10-19,3874.5655481000795,450.0,1000,1000,0.0,0.0,0.0,0.0,0,0,0,15944.56554810008,15944.56554810008,15964.56554810008,17584.0,17584.0,17604.0,-1639.4344518999205,0.0
2021-10-20,3874.5655481000795,450.0,1000,1000,0.0,0.0,0.0,0.0,0,0,0,15974.56554810008,15974.56554810008,15914.56554810008,17614.0,17614.0,17554.0,-1639.4344518999205,0.0
2021-10-21,3874.5655481000795,450.0,1000,1000,0.0,0.0,0.0,0.0,0,0,0,15924.56554810008,15924.56554810008,15814.56554810008,17564.0,17564.0,17454.0,-1639.4344518999205,0.0
2021-10-22,3874.5655481000795,450.0,1000,1000,0.0,0.0,0.0,0.0,0,0,0,15814.56554810008,15814.56554810008,15864.56554810008,17454.0,17454.0,17504.0,-1639.4344518999205,0.0
2021-10-25,3874.5655481000795,450.0,1000,1000,0.0,0.0,0.0,0.0,0,0,0,15804.56554810008,15804.56554810008,15704.56554810008,17444.0,17444.0,17344.0,-1639.4344518999205,0.0
2021-10-26,3874.5655481000795,450.0,1000,1000,0.0,0.0,0.0,0.0,0,0,0,15744.56554810008,15744.56554810008,15754.56554810008,17384.0,17384.0,17394.0,-1639.4344518999205,0.0
2021-10-27,3874.5655481000795,450.0,1000,1000,0.0,0.0,0.0,0.0,0,0,0,15784.56554810008,15784.56554810008,15604.56554810008,17424.0,17424.0,17244.0,-1639.4344518999205,0.0
2021-10-28,3874.5655481000795,450.0,1000,1000,0.0,0.0,0.0,0.0,0,0,0,15454.56554810008,15454.56554810008,15484.56554810008,17094.0,17094.0,17124.0,-1639.4344518999205,0.0
2021-10-29,3874.5655481000795,450.0,1000,1000,0.0,0.0,0.0,0.0,0,0,0,15534.56554810008,15534.56554810008,15674.56554810008,17174.0,17174.0,17314.0,-1639.4344518999205,0.0
2021-11-01,3874.5655481000795,450.0,1000,1000,0.0,0.0,0.0,0.0,0,0,0,15624.56554810008,15624.56554810008,15764.56554810008,17264.0,17264.0,17404.0,-1639.4344518999205,0.0
2021-11-02,3874.5655481000795,450.0,1000,1000,0.0,0.0,0.0,0.0,0,0,0,15824.56554810008,15824.56554810008,15754.56554810008,17464.0,17464.0,17394.0,-1639.4344518999205,0.0
2021-11-03,3874.5655481000795,450.0,1000,1000,0.0,0.0,0.0,0.0,0,0,0,15704.56554810008,15704.56554810008,15794.56554810008,17344.0,17344.0,17434.0,-1639.4344518999205,0.0
2021-11-04,3874.5655481000795,450.0,1000,1000,0.0,0.0,0.0,0.0,0,0,0,15844.56554810008,15844.56554810008,15944.56554810008,17484.0,17484.0,17584.0,-1639.4344518999205,0.0
2021-11-05,3874.5655481000795,450.0,1000,1000,0.0,0.0,0.0,0.0,0,0,0,15924.56554810008,15924.56554810008,16014.56554810008,17564.0,17564.0,17654.0,-1639.4344518999205,0.0
2021-11-08,3874.5655481000795,450.0,1000,1000,0.0,0.0,0.0,0.0,0,0,0,16004.56554810008,16004.56554810008,15974.56554810008,17644.0,17644.0,17614.0,-1639.4344518999205,0.0
2021-11-09,3874.5655481000795,450.0,1000,1000,0.0,0.0,0.0,0.0,0,0,0,15974.56554810008,15974.56554810008,15914.56554810008,17614.0,17614.0,17554.0,-1639.4344518999205,0.0
2021-11-10,3874.5655481000795,450.0,1000,1000,0.0,0.0,0.0,0.0,0,0,0,15944.56554810008,15944.56554810008,15864.56554810008,17584.0,17584.0,17504.0,-1639.4344518999205,0.0
2021-11-11,3874.5655481000795,450.0,1000,1000,0.0,0.0,0.0,0.0,0,0,0,15844.56554810008,15844.56554810008,16054.56554810008,17484.0,17484.0,17694.0,-1639.4344518999205,0.0
2021-11-12,3874.5655481000795,450.0,1000,1000,0.0,0.0,0.0,0.0,0,0,0,16064.56554810008,16064.56554810008,16044.56554810008,17704.0,17704.0,17684.0,-1639.4344518999205,0.0
2021-11-15,3874.5655481000795,450.0,1000,1000,0.0,0.0,0.0,0.0,0,0,0,16044.56554810008,16044.56554810008,16194.56554810008,17684.0,17684.0,17834.0,-1639.4344518999205,0.0
2021-11-16,3874.5655481000795,450.0,1000,1000,0.0,0.0,0.0,0.0,0,0,0,16194.56554810008,16194.56554810008,16134.56554810008,17834.0,17834.0,17774.0,-1639.4344518999205,0.0
2021-11-17,3874.5655481000795,450.0,1000,1000,0.0,0.0,0.0,0.0,0,0,0,16114.56554810008,16114.56554810008,16064.56554810008,17754.0,17754.0,17704.0,-1639.4344518999205,0.0
2021-11-18,3874.5655481000795,450.0,1000,1000,0.0,0.0,0.0,0.0,0,0,0,16064.56554810008,16064.56554810008,15944.56554810008,17704.0,17704.0,17584.0,-1639.4344518999205,0.0
2021-11-19,3874.5655481000795,450.0,1000,1000,0.0,0.0,0.0,0.0,0,0,0,15924.56554810008,15924.56554810008,16234.56554810008,17564.0,17564.0,17874.0,-1639.4344518999205,0.0
2021-11-22,3874.5655481000795,450.0,1000,1000,0.0,0.0,0.0,0.0,0,0,0,16244.56554810008,16244.56554810008,16184.56554810008,17884.0,17884.0,17824.0,-1639.4344518999205,0.0
2021-11-23,3874.5655481000795,450.0,1000,1000,0.0,0.0,0.0,0.0,0,0,0,16184.56554810008,16184.56554810008,16054.56554810008,17824.0,17824.0,17694.0,-1639.4344518999205,0.0
2021-11-24,3874.5655481000795,450.0,1000,1000,0.0,0.0,0.0,0.0,0,0,0,16064.56554810008,16064.56554810008,16034.56554810008,17704.0,17704.0,17674.0,-1639.4344518999205,0.0
2021-11-25,3874.5655481000795,450.0,1000,1000,0.0,0.0,0.0,0.0,0,0,0,16064.56554810008,16064.56554810008,15954.56554810008,17704.0,17704.0,17594.0,-1639.4344518999205,0.0
2021-11-26,3874.5655481000795,450.0,1000,1000,0.0,0.0,0.0,0.0,0,0,0,15954.56554810008,15954.56554810008,15494.56554810008,17594.0,17594.0,17134.0,-1639.4344518999205,0.0
2021-11-29,14832.88154790008,450.0,0,0,0.0,16.1940002,0.0,0.0,0,1000,0,15414.56554810008,15414.56554810008,15282.88154790008,17054.0,17054.0,16944.0,-1661.1184520999195,0.0
2021-11-30,3812.1562378000817,450.0,1000,1000,0.0,5.2203101,0.0,0.0,1000,0,0,15282.88154790008,15312.156237800082,15432.156237800082,16974.0,17014.0,17134.0,-1701.8437621999183,0.0
2021-12-01,3812.1562378000817,450.0,1000,1000,0.0,0.0,0.0,0.0,0,0,0,15442.156237800082,15442.156237800082,15522.156237800082,17144.0,17144.0,17224.0,-1701.8437621999183,0.0
2021-12-02,3812.1562378000817,450.0,1000,1000,0.0,0.0,0.0,0.0,0,0,0,15472.156237800082,15472.156237800082,15462.156237800082,17174.0,17174.0,17164.0,-1701.8437621999183,0.0
2021-12-03,3812.1562378000817,450.0,1000,1000,0.0,0.0,0.0,0.0,0,0,0,15452.156237800082,15452.156237800082,15512.156237800082,17154.0,17154.0,17214.0,-1701.8437621999183,0.0
2021-12-06,3812.1562378000817,450.0,1000,1000,0.0,0.0,0.0,0.0,0,0,0,15482.156237800082,15482.156237800082,15542.156237800082,17184.0,17184.0,17244.0,-1701.8437621999183,0.0
2021-12-07,3812.1562378000817,450.0,1000,1000,0.0,0.0,0.0,0.0,0,0,0,15582.156237800082,15582.156237800082,15612.156237800082,17284.0,17284.0,17314.0,-1701.8437621999183,0.0
2021-12-08,3812.1562378000817,450.0,1000,1000,0.0,0.0,0.0,0.0,0,0,0,15632.156237800082,15632.156237800082,15822.156237800082,17334.0,17334.0,17524.0,-1701.8437621999183,0.0
2021-12-09,3812.1562378000817,450.0,1000,1000,0.0,0.0,0.0,0.0,0,0,0,15762.156237800082,15762.156237800082,16032.156237800082,17464.0,17464.0,17734.0,-1701.8437621999183,0.0
2021-12-10,3812.1562378000817,450.0,1000,1000,0.0,0.0,0.0,0.0,0,0,0,16012.156237800082,16012.156237800082,16152.156237800082,17714.0,17714.0,17854.0,-1701.8437621999183,0.0
2021-12-13,3812.1562378000817,450.0,1000,1000,0.0,0.0,0.0,0.0,0,0,0,16142.156237800082,16142.156237800082,16242.156237800082,17844.0,17844.0,17944.0,-1701.8437621999183,0.0
2021-12-14,3812.1562378000817,450.0,1000,1000,0.0,0.0,0.0,0.0,0,0,0,16222.156237800082,16222.156237800082,16232.156237800082,17924.0,17924.0,17934.0,-1701.8437621999183,0.0
2021-12-15,3812.1562378000817,450.0,1000,1000,0.0,0.0,0.0,0.0,0,0,0,16192.156237800082,16192.156237800082,16132.156237800082,17894.0,17894.0,17834.0,-1701.8437621999183,0.0
2021-12-16,3812.1562378000817,450.0,1000,1000,0.0,0.0,0.0,0.0,0,0,0,16182.156237800082,16182.156237800082,16312.156237800082,17884.0,17884.0,18014.0,-1701.8437621999183,0.0
2021-12-17,3812.1562378000817,450.0,1000,1000,0.0,0.0,0.0,0.0,0,0,0,16302.156237800082,16302.156237800082,16402.15623780008,18004.0,18004.0,18104.0,-1701.8437621999183,0.0
2021-12-20,3812.1562378000817,450.0,1000,1000,0.0,0.0,0.0,0.0,0,0,0,16402.15623780008,16402.15623780008,16362.156237800082,18104.0,18104.0,18064.0,-1701.8437621999183,0.0
2021-12-21,3812.1562378000817,450.0,1000,1000,0.0,0.0,0.0,0.0,0,0,0,16362.156237800082,16362.156237800082,16412.15623780008,18064.0,18064.0,18114.0,-1701.8437621999183,0.0
2021-12-22,3812.1562378000817,450.0,1000,1000,0.0,0.0,0.0,0.0,0,0,0,16262.156237800082,16262.156237800082,16172.156237800082,17964.0,17964.0,17874.0,-1701.8437621999183,0.0
2021-12-23,3812.1562378000817,450.0,1000,1000,0.0,0.0,0.0,0.0,0,0,0,16142.156237800082,16142.156237800082,16292.156237800082,17844.0,17844.0,17994.0,-1701.8437621999183,0.0
2021-12-24,3812.1562378000817,450.0,1000,1000,0.0,0.0,0.0,0.0,0,0,0,16262.156237800082,16262.156237800082,16242.156237800082,17964.0,17964.0,17944.0,-1701.8437621999183,0.0
2021-12-27,3812.1562378000817,450.0,1000,1000,0.0,0.0,0.0,0.0,0,0,0,16242.156237800082,16242.156237800082,16342.156237800082,17944.0,17944.0,18044.0,-1701.8437621999183,0.0
2021-12-28,3812.1562378000817,450.0,1000,1000,0.0,0.0,0.0,0.0,0,0,0,16342.156237800082,16342.156237800082,16312.156237800082,18044.0,18044.0,18014.0,-1701.8437621999183,0.0
2021-12-29,3812.1562378000817,450.0,1000,1000,0.0,0.0,0.0,0.0,0,0,0,16262.156237800082,16262.156237800082,16162.156237800082,17964.0,17964.0,17864.0,-1701.8437621999183,0.0
2021-12-30,3812.1562378000817,450.0,1000,1000,0.0,0.0,0.0,0.0,0,0,0,16172.156237800082,16172.156237800082,16162.156237800082,17874.0,17874.0,17864.0,-1701.8437621999183,0.0
2021-12-31,3812.1562378000817,450.0,1000,1000,0.0,0.0,0.0,0.0,0,0,0,16182.156237800082,16182.156237800082,16182.156237800082,17884.0,17884.0,17884.0,-1701.8437621999183,0.0
2022-01-04,3812.1562378000817,450.0,1000,1000,0.0,0.0,0.0,0.0,0,0,0,16192.156237800082,16192.156237800082,16302.156237800082,17894.0,17894.0,18004.0,-1701.8437621999183,0.0
2022-01-05,3812.1562378000817,450.0,1000,1000,0.0,0.0,0.0,0.0,0,0,0,16292.156237800082,16292.156237800082,16372.156237800082,17994.0,17994.0,18074.0,-1701.8437621999183,0.0
2022-01-06,3812.1562378000817,450.0,1000,1000,0.0,0.0,0.0,0.0,0,0,0,16392.15623780008,16392.15623780008,16152.156237800082,18094.0,18094.0,17854.0,-1701.8437621999183,0.0
2022-01-07,3812.1562378000817,450.0,1000,1000,0.0,0.0,0.0,0.0,0,0,0,16182.156237800082,16182.156237800082,16092.156237800082,17884.0,17884.0,17794.0,-1701.8437621999183,0.0
2022-01-10,3812.1562378000817,450.0,1000,1000,0.0,0.0,0.0,0.0,0,0,0,16072.156237800082,16072.156237800082,16222.156237800082,17774.0,17774.0,17924.0,-1701.8437621999183,0.0
2022-01-11,3812.1562378000817,450.0,1000,1000,0.0,0.0,0.0,0.0,0,0,0,16192.156237800082,16192.156237800082,16112.156237800082,17894.0,17894.0,17814.0,-1701.8437621999183,0.0
2022-01-12,3812.1562378000817,450.0,1000,1000,0.0,0.0,0.0,0.0,0,0,0,16112.156237800082,16112.156237800082,16082.156237800082,17814.0,17814.0,17784.0,-1701.8437621999183,0.0
2022-01-13,3812.1562378000817,450.0,1000,1000,0.0,0.0,0.0,0.0,0,0,0,16122.156237800082,16122.156237800082,15812.156237800082,17824.0,17824.0,17514.0,-1701.8437621999183,0.0
2022-01-14,3812.1562378000817,450.0,1000,1000,0.0,0.0,0.0,0.0,0,0,0,15732.156237800082,15732.156237800082,15602.156237800082,17434.0,17434.0,17304.0,-1701.8437621999183,0.0
2022-01-17,15209.803662000082,450.0,0,0,0.0,16.642575800000003,0.0,0.0,0,1000,0,15602.156237800082,15602.156237800082,15659.803662000082,17304.0,17304.0,17384.0,-1724.196337999918,0.0
2022-01-18,3748.8495475000836,450.0,1000,1000,0.0,5.2291145,0.0,0.0,1000,0,0,15659.803662000082,15678.849547500084,15918.849547500084,17414.0,17444.0,17684.0,-1765.1504524999164,0.0
2022-01-19,3748.8495475000836,450.0,1000,1000,0.0,0.0,0.0,0.0,0,0,0,15918.849547500084,15918.849547500084,15838.849547500084,17684.0,17684.0,17604.0,-1765.1504524999164,0.0
2022-01-20,3748.8495475000836,450.0,1000,1000,0.0,0.0,0.0,0.0,0,0,0,15888.849547500084,15888.849547500084,15968.849547500084,17654.0,17654.0,17734.0,-1765.1504524999164,0.0
2022-01-21,3748.8495475000836,450.0,1000,1000,0.0,0.0,0.0,0.0,0,0,0,15908.849547500084,15908.849547500084,15808.849547500084,17674.0,17674.0,17574.0,-1765.1504524999164,0.0
2022-01-24,3748.8495475000836,450.0,1000,1000,0.0,0.0,0.0,0.0,0,0,0,15748.849547500084,15748.849547500084,15688.849547500084,17514.0,17514.0,17454.0,-1765.1504524999164,0.0
2022-01-25,3748.8495475000836,450.0,1000,1000,0.0,0.0,0.0,0.0,0,0,0,15758.849547500084,15758.849547500084,15508.849547500084,17524.0,17524.0,17274.0,-1765.1504524999164,0.0
2022-01-26,3748.8495475000836,450.0,1000,1000,0.0,0.0,0.0,0.0,0,0,0,15508.849547500084,15508.849547500084,15448.849547500084,17274.0,17274.0,17214.0,-1765.1504524999164,0.0
2022-01-27,3748.8495475000836,450.0,1000,1000,0.0,0.0,0.0,0.0,0,0,0,15448.849547500084,15448.849547500084,15328.849547500084,17214.0,17214.0,17094.0,-1765.1504524999164,0.0
2022-01-28,3748.8495475000836,450.0,1000,1000,0.0,0.0,0.0,0.0,0,0,0,15338.849547500084,15338.849547500084,15308.849547500084,17104.0,17104.0,17074.0,-1765.1504524999164,0.0
2022-02-07,3748.8495475000836,450.0,1000,1000,0.0,0.0,0.0,0.0,0,0,0,15398.849547500084,15398.849547500084,15358.849547500084,17164.0,17164.0,17124.0,-1765.1504524999164,0.0
2022-02-08,3748.8495475000836,450.0,1000,1000,0.0,0.0,0.0,0.0,0,0,0,15348.849547500084,15348.849547500084,15488.849547500084,17114.0,17114.0,17254.0,-1765.1504524999164,0.0
2022-02-09,3748.8495475000836,450.0,1000,1000,0.0,0.0,0.0,0.0,0,0,0,15508.849547500084,15508.849547500084,15548.849547500084,17274.0,17274.0,17314.0,-1765.1504524999164,0.0
2022-02-10,3748.8495475000836,450.0,1000,1000,0.0,0.0,0.0,0.0,0,0,0,15568.849547500084,15568.849547500084,15608.849547500084,17334.0,17334.0,17374.0,-1765.1504524999164,0.0
2022-02-11,3748.8495475000836,450.0,1000,1000,0.0,0.0,0.0,0.0,0,0,0,15608.849547500084,15608.849547500084,15528.849547500084,17374.0,17374.0,17294.0,-1765.1504524999164,0.0
2022-02-14,3748.8495475000836,450.0,1000,1000,0.0,0.0,0.0,0.0,0,0,0,15468.849547500084,15468.849547500084,15458.849547500084,17234.0,17234.0,17224.0,-1765.1504524999164,0.0
2022-02-15,3748.8495475000836,450.0,1000,1000,0.0,0.0,0.0,0.0,0,0,0,15428.849547500084,15428.849547500084,15438.849547500084,17194.0,17194.0,17204.0,-1765.1504524999164,0.0
2022-02-16,3748.8495475000836,450.0,1000,1000,0.0,0.0,0.0,0.0,0,0,0,15498.849547500084,15498.849547500084,15468.849547500084,17264.0,17264.0,17234.0,-1765.1504524999164,0.0
2022-02-17,3748.8495475000836,450.0,1000,1000,0.0,0.0,0.0,0.0,0,0,0,15448.849547500084,15448.849547500084,15448.849547500084,17214.0,17214.0,17214.0,-1765.1504524999164,0.0
2022-02-18,3748.8495475000836,450.0,1000,1000,0.0,0.0,0.0,0.0,0,0,0,15438.849547500084,15438.849547500084,15488.849547500084,17204.0,17204.0,17254.0,-1765.1504524999164,0.0
2022-02-21,3748.8495475000836,450.0,1000,1000,0.0,0.0,0.0,0.0,0,0,0,15468.849547500084,15468.849547500084,15598.849547500084,17234.0,17234.0,17364.0,-1765.1504524999164,0.0
2022-02-22,3748.8495475000836,450.0,1000,1000,0.0,0.0,0.0,0.0,0,0,0,15538.849547500084,15538.849547500084,15468.849547500084,17304.0,17304.0,17234.0,-1765.1504524999164,0.0
2022-02-23,3748.8495475000836,450.0,1000,1000,0.0,0.0,0.0,0.0,0,0,0,15468.849547500084,15468.849547500084,15538.849547500084,17234.0,17234.0,17304.0,-1765.1504524999164,0.0
2022-02-24,3748.8495475000836,450.0,1000,1000,0.0,0.0,0.0,0.0,0,0,0,15508.849547500084,15508.849547500084,15398.849547500084,17274.0,17274.0,17164.0,-1765.1504524999164,0.0
2022-02-25,3748.8495475000836,450.0,1000,1000,0.0,0.0,0.0,0.0,0,0,0,15398.849547500084,15398.849547500084,15398.849547500084,17164.0,17164.0,17164.0,-1765.1504524999164,0.0
2022-02-28,3748.8495475000836,450.0,1000,1000,0.0,0.0,0.0,0.0,0,0,0,15378.849547500084,15378.849547500084,15368.849547500084,17144.0,17144.0,17134.0,-1765.1504524999164,0.0
2022-03-01,3748.8495475000836,450.0,1000,1000,0.0,0.0,0.0,0.0,0,0,0,15358.849547500084,15358.849547500084,15368.849547500084,17124.0,17124.0,17134.0,-1765.1504524999164,0.0
2022-03-02,3748.8495475000836,450.0,1000,1000,0.0,0.0,0.0,0.0,0,0,0,15348.849547500084,15348.849547500084,15408.849547500084,17114.0,17114.0,17174.0,-1765.1504524999164,0.0
2022-03-03,3748.8495475000836,450.0,1000,1000,0.0,0.0,0.0,0.0,0,0,0,15428.849547500084,15428.849547500084,15398.849547500084,17194.0,17194.0,17164.0,-1765.1504524999164,0.0
2022-03-04,3748.8495475000836,450.0,1000,1000,0.0,0.0,0.0,0.0,0,0,0,15328.849547500084,15328.849547500084,15338.849547500084,17094.0,17094.0,17104.0,-1765.1504524999164,0.0
2022-03-07,3748.8495475000836,450.0,1000,1000,0.0,0.0,0.0,0.0,0,0,0,15278.849547500084,15278.849547500084,15018.849547500084,17044.0,17044.0,16784.0,-1765.1504524999164,0.0
2022-03-08,3748.8495475000836,450.0,1000,1000,0.0,0.0,0.0,0.0,0,0,0,14968.849547500084,14968.849547500084,14798.849547500084,16734.0,16734.0,16564.0,-1765.1504524999164,0.0
2022-03-09,14128.046851500085,450.0,0,0,0.0,15.602696000000002,0.0,0.0,0,1000,0,14828.849547500084,14828.849547500084,14578.046851500085,16594.0,16594.0,16364.0,-1785.9531484999152,0.0
2022-03-10,3567.5607460000847,450.0,1000,1000,0.0,5.2111055,0.0,0.0,1000,0,0,14578.046851500085,14467.560746000085,14367.560746000085,16514.0,16414.0,16314.0,-1946.4392539999153,0.0
2022-03-11,13826.940388800085,450.0,0,0,0.0,15.480357200000002,0.0,0.0,0,1000,0,14247.560746000085,14247.560746000085,14276.940388800085,16194.0,16194.0,16244.0,-1967.0596111999148,0.0
2022-03-14,3666.662287300087,450.0,1000,1000,0.0,5.2031015,0.0,0.0,1000,0,0,14276.940388800085,14346.662287300087,14296.662287300087,16114.0,16194.0,16144.0,-1847.337712699913,0.0
2022-03-15,3666.662287300087,450.0,1000,1000,0.0,0.0,0.0,0.0,0,0,0,14306.662287300087,14306.662287300087,13866.662287300087,16154.0,16154.0,15714.0,-1847.337712699913,0.0
2022-03-16,13536.634531200087,450.0,0,0,0.0,15.082756100000001,0.0,0.0,0,1000,0,13966.662287300087,13966.662287300087,13986.634531200087,15814.0,15814.0,15854.0,-1867.3654687999133,0.0
2022-03-17,3526.4344312000867,450.0,1000,1000,0.0,5.2001,0.0,0.0,1000,0,0,13986.634531200087,14016.434431200087,14086.434431200087,15964.0,16004.0,16074.0,-1987.5655687999133,0.0
2022-03-18,3526.4344312000867,450.0,1000,1000,0.0,0.0,0.0,0.0,0,0,0,14076.434431200087,14076.434431200087,14176.434431200087,16064.0,16064.0,16164.0,-1987.5655687999133,0.0
2022-03-21,3526.4344312000867,450.0,1000,1000,0.0,0.0,0.0,0.0,0,0,0,14196.434431200087,14196.434431200087,14076.434431200087,16184.0,16184.0,16064.0,-1987.5655687999133,0.0
2022-03-22,3526.4344312000867,450.0,1000,1000,0.0,0.0,0.0,0.0,0,0,0,14106.434431200087,14106.434431200087,14166.434431200087,16094.0,16094.0,16154.0,-1987.5655687999133,0.0
2022-03-23,3526.4344312000867,450.0,1000,1000,0.0,0.0,0.0,0.0,0,0,0,14426.434431200087,14426.434431200087,14366.434431200087,16414.0,16414.0,16354.0,-1987.5655687999133,0.0
2022-03-24,3526.4344312000867,450.0,1000,1000,0.0,0.0,0.0,0.0,0,0,0,14396.434431200087,14396.434431200087,14366.434431200087,16384.0,16384.0,16354.0,-1987.5655687999133,0.0
2022-03-25,3526.4344312000867,450.0,1000,1000,0.0,0.0,0.0,0.0,0,0,0,14366.434431200087,14366.434431200087,14196.434431200087,16354.0,16354.0,16184.0,-1987.5655687999133,0.0
2022-03-28,3526.4344312000867,450.0,1000,1000,0.0,0.0,0.0,0.0,0,0,0,14066.434431200087,14066.434431200087,14216.434431200087,16054.0,16054.0,16204.0,-1987.5655687999133,0.0
2022-03-29,3526.4344312000867,450.0,1000,1000,0.0,0.0,0.0,0.0,0,0,0,14216.434431200087,14216.434431200087,14056.434431200087,16204.0,16204.0,16044.0,-1987.5655687999133,0.0
2022-03-30,3526.4344312000867,450.0,1000,1000,0.0,0.0,0.0,0.0,0,0,0,14096.434431200087,14096.434431200087,14176.434431200087,16084.0,16084.0,16164.0,-1987.5655687999133,0.0
2022-03-31,3526.4344312000867,450.0,1000,1000,0.0,0.0,0.0,0.0,0,0,0,14126.434431200087,14126.434431200087,14126.434431200087,16114.0,16114.0,16114.0,-1987.5655687999133,0.0
2022-04-01,3526.4344312000867,450.0,1000,1000,0.0,0.0,0.0,0.0,0,0,0,14046.434431200087,14046.434431200087,14156.434431200087,16034.0,16034.0,16144.0,-1987.5655687999133,0.0
2022-04-06,3526.4344312000867,450.0,1000,1000,0.0,0.0,0.0,0.0,0,0,0,14126.434431200087,14126.434431200087,14176.434431200087,16114.0,16114.0,16164.0,-1987.5655687999133,0.0
2022-04-07,3526.4344312000867,450.0,1000,1000,0.0,0.0,0.0,0.0,0,0,0,14146.434431200087,14146.434431200087,14036.434431200087,16134.0,16134.0,16024.0,-1987.5655687999133,0.0
2022-04-08,3526.4344312000867,450.0,1000,1000,0.0,0.0,0.0,0.0,0,0,0,14036.434431200087,14036.434431200087,14126.434431200087,16024.0,16024.0,16114.0,-1987.5655687999133,0.0
2022-04-11,3526.4344312000867,450.0,1000,1000,0.0,0.0,0.0,0.0,0,0,0,14086.434431200087,14086.434431200087,13906.434431200087,16074.0,16074.0,15894.0,-1987.5655687999133,0.0
2022-04-12,3526.4344312000867,450.0,1000,1000,0.0,0.0,0.0,0.0,0,0,0,13906.434431200087,13906.434431200087,14016.434431200087,15894.0,15894.0,16004.0,-1987.5655687999133,0.0
2022-04-13,3526.4344312000867,450.0,1000,1000,0.0,0.0,0.0,0.0,0,0,0,13976.434431200087,13976.434431200087,13976.434431200087,15964.0,15964.0,15964.0,-1987.5655687999133,0.0
2022-04-14,3526.4344312000867,450.0,1000,1000,0.0,0.0,0.0,0.0,0,0,0,14106.434431200087,14106.434431200087,14076.434431200087,16094.0,16094.0,16064.0,-1987.5655687999133,0.0
2022-04-15,3526.4344312000867,450.0,1000,1000,0.0,0.0,0.0,0.0,0,0,0,14016.434431200087,14016.434431200087,14016.434431200087,16004.0,16004.0,16004.0,-1987.5655687999133,0.0
2022-04-18,3526.4344312000867,450.0,1000,1000,0.0,0.0,0.0,0.0,0,0,0,13976.434431200087,13976.434431200087,13956.434431200087,15964.0,15964.0,15944.0,-1987.5655687999133,0.0
2022-04-19,3526.4344312000867,450.0,1000,1000,0.0,0.0,0.0,0.0,0,0,0,13956.434431200087,13956.434431200087,13866.434431200087,15944.0,15944.0,15854.0,-1987.5655687999133,0.0
2022-04-20,3526.4344312000867,450.0,1000,1000,0.0,0.0,0.0,0.0,0,0,0,13906.434431200087,13906.434431200087,13826.434431200087,15894.0,15894.0,15814.0,-1987.5655687999133,0.0
2022-04-21,3526.4344312000867,450.0,1000,1000,0.0,0.0,0.0,0.0,0,0,0,13846.434431200087,13846.434431200087,13756.434431200087,15834.0,15834.0,15744.0,-1987.5655687999133,0.0
2022-04-22,3526.4344312000867,450.0,1000,1000,0.0,0.0,0.0,0.0,0,0,0,13746.434431200087,13746.434431200087,13696.434431200087,15734.0,15734.0,15684.0,-1987.5655687999133,0.0
2022-04-25,3526.4344312000867,450.0,1000,1000,0.0,0.0,0.0,0.0,0,0,0,13576.434431200087,13576.434431200087,13086.434431200087,15564.0,15564.0,15074.0,-1987.5655687999133,0.0
2022-04-26,12697.470318100088,450.0,0,0,0.0,14.369113100000002,0.0,0.0,0,1000,0,13146.434431200087,13146.434431200087,13147.470318100088,15134.0,15134.0,15154.0,-2006.5296818999122,0.0
2022-04-27,3597.7434272000883,450.0,1000,1000,0.0,5.1818909,0.0,0.0,1000,0,0,13147.470318100088,13237.743427200088,13417.743427200088,15054.0,15154.0,15334.0,-1916.2565727999117,0.0
2022-04-28,3597.7434272000883,450.0,1000,1000,0.0,0.0,0.0,0.0,0,0,0,13357.743427200088,13357.743427200088,13467.743427200088,15274.0,15274.0,15384.0,-1916.2565727999117,0.0
2022-04-29,3597.7434272000883,450.0,1000,1000,0.0,0.0,0.0,0.0,0,0,0,13507.743427200088,13507.743427200088,13567.743427200088,15424.0,15424.0,15484.0,-1916.2565727999117,0.0
2022-05-05,3597.7434272000883,450.0,1000,1000,0.0,0.0,0.0,0.0,0,0,0,13607.743427200088,13607.743427200088,13647.743427200088,15524.0,15524.0,15564.0,-1916.2565727999117,0.0
2022-05-06,3597.7434272000883,450.0,1000,1000,0.0,0.0,0.0,0.0,0,0,0,13477.743427200088,13477.743427200088,13237.743427200088,15394.0,15394.0,15154.0,-1916.2565727999117,0.0
2022-05-09,3597.7434272000883,450.0,1000,1000,0.0,0.0,0.0,0.0,0,0,0,13237.743427200088,13237.743427200088,13257.743427200088,15154.0,15154.0,15174.0,-1916.2565727999117,0.0
2022-05-10,3597.7434272000883,450.0,1000,1000,0.0,0.0,0.0,0.0,0,0,0,13157.743427200088,13157.743427200088,13387.743427200088,15074.0,15074.0,15304.0,-1916.2565727999117,0.0
2022-05-11,3597.7434272000883,450.0,1000,1000,0.0,0.0,0.0,0.0,0,0,0,13417.743427200088,13417.743427200088,13437.743427200088,15334.0,15334.0,15354.0,-1916.2565727999117,0.0
2022-05-12,3597.7434272000883,450.0,1000,1000,0.0,0.0,0.0,0.0,0,0,0,13397.743427200088,13397.743427200088,13427.743427200088,15314.0,15314.0,15344.0,-1916.2565727999117,0.0
2022-05-13,3597.7434272000883,450.0,1000,1000,0.0,0.0,0.0,0.0,0,0,0,13477.743427200088,13477.743427200088,13427.743427200088,15394.0,15394.0,15344.0,-1916.2565727999117,0.0
2022-05-16,3597.7434272000883,450.0,1000,1000,0.0,0.0,0.0,0.0,0,0,0,13487.743427200088,13487.743427200088,13347.743427200088,15404.0,15404.0,15264.0,-1916.2565727999117,0.0
2022-05-17,3597.7434272000883,450.0,1000,1000,0.0,0.0,0.0,0.0,0,0,0,13377.743427200088,13377.743427200088,13437.743427200088,15294.0,15294.0,15354.0,-1916.2565727999117,0.0
2022-05-18,3597.7434272000883,450.0,1000,1000,0.0,0.0,0.0,0.0,0,0,0,13447.743427200088,13447.743427200088,13467.743427200088,15364.0,15364.0,15384.0,-1916.2565727999117,0.0
2022-05-19,3597.7434272000883,450.0,1000,1000,0.0,0.0,0.0,0.0,0,0,0,13377.743427200088,13377.743427200088,13397.743427200088,15294.0,15294.0,15314.0,-1916.2565727999117,0.0
2022-05-20,3597.7434272000883,450.0,1000,1000,0.0,0.0,0.0,0.0,0,0,0,13447.743427200088,13447.743427200088,13507.743427200088,15364.0,15364.0,15424.0,-1916.2565727999117,0.0
2022-05-23,3597.7434272000883,450.0,1000,1000,0.0,0.0,0.0,0.0,0,0,0,13557.743427200088,13557.743427200088,13477.743427200088,15474.0,15474.0,15394.0,-1916.2565727999117,0.0
2022-05-24,3597.7434272000883,450.0,1000,1000,0.0,0.0,0.0,0.0,0,0,0,13457.743427200088,13457.743427200088,13147.743427200088,15374.0,15374.0,15064.0,-1916.2565727999117,0.0
2022-05-25,3597.7434272000883,450.0,1000,1000,0.0,0.0,0.0,0.0,0,0,0,13157.743427200088,13157.743427200088,13187.743427200088,15074.0,15074.0,15104.0,-1916.2565727999117,0.0
2022-05-26,3597.7434272000883,450.0,1000,1000,0.0,0.0,0.0,0.0,0,0,0,13177.743427200088,13177.743427200088,13267.743427200088,15094.0,15094.0,15184.0,-1916.2565727999117,0.0
2022-05-27,3597.7434272000883,450.0,1000,1000,0.0,0.0,0.0,0.0,0,0,0,13277.743427200088,13277.743427200088,13287.743427200088,15194.0,15194.0,15204.0,-1916.2565727999117,0.0
2022-05-30,3597.7434272000883,450.0,1000,1000,0.0,0.0,0.0,0.0,0,0,0,13287.743427200088,13287.743427200088,13217.743427200088,15204.0,15204.0,15134.0,-1916.2565727999117,0.0
2022-05-31,3597.7434272000883,450.0,1000,1000,0.0,0.0,0.0,0.0,0,0,0,13217.743427200088,13217.743427200088,13457.743427200088,15134.0,15134.0,15374.0,-1916.2565727999117,0.0
2022-06-01,3597.7434272000883,450.0,1000,1000,0.0,0.0,0.0,0.0,0,0,0,13397.743427200088,13397.743427200088,13417.743427200088,15314.0,15314.0,15334.0,-1916.2565727999117,0.0
2022-06-02,3597.7434272000883,450.0,1000,1000,0.0,0.0,0.0,0.0,0,0,0,13357.743427200088,13357.743427200088,13447.743427200088,15274.0,15274.0,15364.0,-1916.2565727999117,0.0
2022-06-06,3597.7434272000883,450.0,1000,1000,0.0,0.0,0.0,0.0,0,0,0,13437.743427200088,13437.743427200088,13477.743427200088,15354.0,15354.0,15394.0,-1916.2565727999117,0.0
2022-06-07,3597.7434272000883,450.0,1000,1000,0.0,0.0,0.0,0.0,0,0,0,13487.743427200088,13487.743427200088,13477.743427200088,15404.0,15404.0,15394.0,-1916.2565727999117,0.0
2022-06-08,3597.7434272000883,450.0,1000,1000,0.0,0.0,0.0,0.0,0,0,0,13497.743427200088,13497.743427200088,13467.743427200088,15414.0,15414.0,15384.0,-1916.2565727999117,0.0
2022-06-09,3597.7434272000883,450.0,1000,1000,0.0,0.0,0.0,0.0,0,0,0,13447.743427200088,13447.743427200088,13377.743427200088,15364.0,15364.0,15294.0,-1916.2565727999117,0.0
2022-06-10,3597.7434272000883,450.0,1000,1000,0.0,0.0,0.0,0.0,0,0,0,13317.743427200088,13317.743427200088,13647.743427200088,15234.0,15234.0,15564.0,-1916.2565727999117,0.0
2022-06-13,3597.7434272000883,450.0,1000,1000,0.0,0.0,0.0,0.0,0,0,0,13597.743427200088,13597.743427200088,13437.743427200088,15514.0,15514.0,15354.0,-1916.2565727999117,0.0
2022-06-14,3597.7434272000883,450.0,1000,1000,0.0,0.0,0.0,0.0,0,0,0,13357.743427200088,13357.743427200088,13427.743427200088,15274.0,15274.0,15344.0,-1916.2565727999117,0.0
2022-06-15,3597.7434272000883,450.0,1000,1000,0.0,0.0,0.0,0.0,0,0,0,13387.743427200088,13387.743427200088,13687.743427200088,15304.0,15304.0,15604.0,-1916.2565727999117,0.0
2022-06-16,3597.7434272000883,450.0,1000,1000,0.0,0.0,0.0,0.0,0,0,0,13727.743427200088,13727.743427200088,13627.743427200088,15644.0,15644.0,15544.0,-1916.2565727999117,0.0
2022-06-17,3597.7434272000883,450.0,1000,1000,0.0,0.0,0.0,0.0,0,0,0,13577.743427200088,13577.743427200088,13737.743427200088,15494.0,15494.0,15654.0,-1916.2565727999117,0.0
2022-06-20,3597.7434272000883,450.0,1000,1000,0.0,0.0,0.0,0.0,0,0,0,13787.743427200088,13787.743427200088,13737.743427200088,15704.0,15704.0,15654.0,-1916.2565727999117,0.0
2022-06-21,3597.7434272000883,450.0,1000,1000,0.0,0.0,0.0,0.0,0,0,0,13737.743427200088,13737.743427200088,13767.743427200088,15654.0,15654.0,15684.0,-1916.2565727999117,0.0
2022-06-22,3597.7434272000883,450.0,1000,1000,0.0,0.0,0.0,0.0,0,0,0,13757.743427200088,13757.743427200088,13597.743427200088,15674.0,15674.0,15514.0,-1916.2565727999117,0.0
2022-06-23,3597.7434272000883,450.0,1000,1000,0.0,0.0,0.0,0.0,0,0,0,13597.743427200088,13597.743427200088,13717.743427200088,15514.0,15514.0,15634.0,-1916.2565727999117,0.0
2022-06-24,3597.7434272000883,450.0,1000,1000,0.0,0.0,0.0,0.0,0,0,0,13747.743427200088,13747.743427200088,13797.743427200088,15664.0,15664.0,15714.0,-1916.2565727999117,0.0
2022-06-27,3597.7434272000883,450.0,1000,1000,0.0,0.0,0.0,0.0,0,0,0,13797.743427200088,13797.743427200088,13817.743427200088,15714.0,15714.0,15734.0,-1916.2565727999117,0.0
2022-06-28,3597.7434272000883,450.0,1000,1000,0.0,0.0,0.0,0.0,0,0,0,13807.743427200088,13807.743427200088,13947.743427200088,15724.0,15724.0,15864.0,-1916.2565727999117,0.0
2022-06-29,3597.7434272000883,450.0,1000,1000,0.0,0.0,0.0,0.0,0,0,0,13947.743427200088,13947.743427200088,13887.743427200088,15864.0,15864.0,15804.0,-1916.2565727999117,0.0
2022-06-30,3597.7434272000883,450.0,1000,1000,0.0,0.0,0.0,0.0,0,0,0,13877.743427200088,13877.743427200088,13887.743427200088,15794.0,15794.0,15804.0,-1916.2565727999117,0.0
2022-07-01,3597.7434272000883,450.0,1000,1000,0.0,0.0,0.0,0.0,0,0,0,13877.743427200088,13877.743427200088,13827.743427200088,15794.0,15794.0,15744.0,-1916.2565727999117,0.0
2022-07-04,3597.7434272000883,450.0,1000,1000,0.0,0.0,0.0,0.0,0,0,0,13817.743427200088,13817.743427200088,13807.743427200088,15734.0,15734.0,15724.0,-1916.2565727999117,0.0
2022-07-05,3597.7434272000883,450.0,1000,1000,0.0,0.0,0.0,0.0,0,0,0,13807.743427200088,13807.743427200088,13737.743427200088,15724.0,15724.0,15654.0,-1916.2565727999117,0.0
2022-07-06,3597.7434272000883,450.0,1000,1000,0.0,0.0,0.0,0.0,0,0,0,13727.743427200088,13727.743427200088,13657.743427200088,15644.0,15644.0,15574.0,-1916.2565727999117,0.0
2022-07-07,3597.7434272000883,450.0,1000,1000,0.0,0.0,0.0,0.0,0,0,0,13607.743427200088,13607.743427200088,13637.743427200088,15524.0,15524.0,15554.0,-1916.2565727999117,0.0
2022-07-08,3597.7434272000883,450.0,1000,1000,0.0,0.0,0.0,0.0,0,0,0,13667.743427200088,13667.743427200088,13787.743427200088,15584.0,15584.0,15704.0,-1916.2565727999117,0.0
2022-07-11,3597.7434272000883,450.0,1000,1000,0.0,0.0,0.0,0.0,0,0,0,13807.743427200088,13807.743427200088,13687.743427200088,15724.0,15724.0,15604.0,-1916.2565727999117,0.0
2022-07-12,3597.7434272000883,450.0,1000,1000,0.0,0.0,0.0,0.0,0,0,0,13647.743427200088,13647.743427200088,13677.743427200088,15564.0,15564.0,15594.0,-1916.2565727999117,0.0
2022-07-13,3597.7434272000883,450.0,1000,1000,0.0,0.0,0.0,0.0,0,0,0,13687.743427200088,13687.743427200088,13687.743427200088,15604.0,15604.0,15604.0,-1916.2565727999117,0.0
2022-07-14,3597.7434272000883,450.0,1000,1000,0.0,0.0,0.0,0.0,0,0,0,13707.743427200088,13707.743427200088,13597.743427200088,15624.0,15624.0,15514.0,-1916.2565727999117,0.0
2022-07-15,3597.7434272000883,450.0,1000,1000,0.0,0.0,0.0,0.0,0,0,0,13567.743427200088,13567.743427200088,13397.743427200088,15484.0,15484.0,15314.0,-1916.2565727999117,0.0
2022-07-18,3597.7434272000883,450.0,1000,1000,0.0,0.0,0.0,0.0,0,0,0,13407.743427200088,13407.743427200088,13717.743427200088,15324.0,15324.0,15634.0,-1916.2565727999117,0.0
2022-07-19,3597.7434272000883,450.0,1000,1000,0.0,0.0,0.0,0.0,0,0,0,13677.743427200088,13677.743427200088,13847.743427200088,15594.0,15594.0,15764.0,-1916.2565727999117,0.0
2022-07-20,3597.7434272000883,450.0,1000,1000,0.0,0.0,0.0,0.0,0,0,0,13917.743427200088,13917.743427200088,13987.743427200088,15834.0,15834.0,15904.0,-1916.2565727999117,0.0
2022-07-21,3597.7434272000883,450.0,1000,1000,0.0,0.0,0.0,0.0,0,0,0,13947.743427200088,13947.743427200088,14117.743427200088,15864.0,15864.0,16034.0,-1916.2565727999117,0.0
2022-07-22,3597.7434272000883,450.0,1000,1000,0.0,0.0,0.0,0.0,0,0,0,14087.743427200088,14087.743427200088,14047.743427200088,16004.0,16004.0,15964.0,-1916.2565727999117,0.0
2022-07-25,3597.7434272000883,450.0,1000,1000,0.0,0.0,0.0,0.0,0,0,0,14047.743427200088,14047.743427200088,13997.743427200088,15964.0,15964.0,15914.0,-1916.2565727999117,0.0
2022-07-26,3597.7434272000883,450.0,1000,1000,0.0,0.0,0.0,0.0,0,0,0,14027.743427200088,14027.743427200088,14047.743427200088,15944.0,15944.0,15964.0,-1916.2565727999117,0.0
2022-07-27,3597.7434272000883,450.0,1000,1000,0.0,0.0,0.0,0.0,0,0,0,14037.743427200088,14037.743427200088,13987.743427200088,15954.0,15954.0,15904.0,-1916.2565727999117,0.0
2022-07-28,3597.7434272000883,450.0,1000,1000,0.0,0.0,0.0,0.0,0,0,0,14037.743427200088,14037.743427200088,14157.743427200088,15954.0,15954.0,16074.0,-1916.2565727999117,0.0
2022-07-29,3597.7434272000883,450.0,1000,1000,0.0,0.0,0.0,0.0,0,0,0,14147.743427200088,14147.743427200088,14097.743427200088,16064.0,16064.0,16014.0,-1916.2565727999117,0.0
2022-08-01,3597.7434272000883,450.0,1000,1000,0.0,0.0,0.0,0.0,0,0,0,14077.743427200088,14077.743427200088,14107.743427200088,15994.0,15994.0,16024.0,-1916.2565727999117,0.0
2022-08-02,3597.7434272000883,450.0,1000,1000,0.0,0.0,0.0,0.0,0,0,0,14047.743427200088,14047.743427200088,13957.743427200088,15964.0,15964.0,15874.0,-1916.2565727999117,0.0
2022-08-03,3597.7434272000883,450.0,1000,1000,0.0,0.0,0.0,0.0,0,0,0,13957.743427200088,13957.743427200088,13767.743427200088,15874.0,15874.0,15684.0,-1916.2565727999117,0.0
2022-08-04,3597.7434272000883,450.0,1000,1000,0.0,0.0,0.0,0.0,0,0,0,13817.743427200088,13817.743427200088,13937.743427200088,15734.0,15734.0,15854.0,-1916.2565727999117,0.0
2022-08-05,3597.7434272000883,950.0,1000,1000,50.0,0.0,0.0,0.0,0,0,0,13907.743427200088,13907.743427200088,14087.743427200088,15874.0,15874.0,16054.0,-1966.2565727999117,0.0
2022-08-08,3597.7434272000883,950.0,1000,1000,50.0,0.0,0.0,0.0,0,0,0,14087.743427200088,14087.743427200088,14117.743427200088,16054.0,16054.0,16084.0,-1966.2565727999117,0.0
2022-08-09,3597.7434272000883,950.0,1000,1000,50.0,0.0,0.0,0.0,0,0,0,14097.743427200088,14097.743427200088,14187.743427200088,16064.0,16064.0,16154.0,-1966.2565727999117,0.0
2022-08-10,3597.7434272000883,950.0,1000,1000,50.0,0.0,0.0,0.0,0,0,0,14187.743427200088,14187.743427200088,14067.743427200088,16154.0,16154.0,16034.0,-1966.2565727999117,0.0
2022-08-11,3597.7434272000883,950.0,1000,1000,50.0,0.0,0.0,0.0,0,0,0,14097.743427200088,14097.743427200088,14307.743427200088,16064.0,16064.0,16274.0,-1966.2565727999117,0.0
2022-08-12,3597.7434272000883,950.0,1000,1000,50.0,0.0,0.0,0.0,0,0,0,14267.743427200088,14267.743427200088,14167.743427200088,16234.0,16234.0,16134.0,-1966.2565727999117,0.0
2022-08-15,3597.7434272000883,950.0,1000,1000,50.0,0.0,0.0,0.0,0,0,0,14157.743427200088,14157.743427200088,14057.743427200088,16124.0,16124.0,16024.0,-1966.2565727999117,0.0
2022-08-16,3597.7434272000883,950.0,1000,1000,50.0,0.0,0.0,0.0,0,0,0,14077.743427200088,14077.743427200088,13977.743427200088,16044.0,16044.0,15944.0,-1966.2565727999117,0.0
2022-08-17,3597.7434272000883,950.0,1000,1000,50.0,0.0,0.0,0.0,0,0,0,13957.743427200088,13957.743427200088,14147.743427200088,15924.0,15924.0,16114.0,-1966.2565727999117,0.0
2022-08-18,3597.7434272000883,950.0,1000,1000,50.0,0.0,0.0,0.0,0,0,0,14117.743427200088,14117.743427200088,14107.743427200088,16084.0,16084.0,16074.0,-1966.2565727999117,0.0
2022-08-19,3597.7434272000883,950.0,1000,1000,50.0,0.0,0.0,0.0,0,0,0,14017.743427200088,14017.743427200088,14017.743427200088,15984.0,15984.0,15984.0,-1966.2565727999117,0.0
2022-08-22,3597.7434272000883,950.0,1000,1000,50.0,0.0,0.0,0.0,0,0,0,13927.743427200088,13927.743427200088,14017.743427200088,15894.0,15894.0,15984.0,-1966.2565727999117,0.0
2022-08-23,3597.7434272000883,950.0,1000,1000,50.0,0.0,0.0,0.0,0,0,0,13977.743427200088,13977.743427200088,13937.743427200088,15944.0,15944.0,15904.0,-1966.2565727999117,0.0
2022-08-24,3597.7434272000883,950.0,1000,1000,50.0,0.0,0.0,0.0,0,0,0,13917.743427200088,13917.743427200088,13867.743427200088,15884.0,15884.0,15834.0,-1966.2565727999117,0.0
2022-08-25,3597.7434272000883,950.0,1000,1000,50.0,0.0,0.0,0.0,0,0,0,13817.743427200088,13817.743427200088,13807.743427200088,15784.0,15784.0,15774.0,-1966.2565727999117,0.0
2022-08-26,3597.7434272000883,950.0,1000,1000,50.0,0.0,0.0,0.0,0,0,0,13857.743427200088,13857.743427200088,13857.743427200088,15824.0,15824.0,15824.0,-1966.2565727999117,0.0
2022-08-29,3597.7434272000883,950.0,1000,1000,50.0,0.0,0.0,0.0,0,0,0,13757.743427200088,13757.743427200088,13737.743427200088,15724.0,15724.0,15704.0,-1966.2565727999117,0.0
2022-08-30,3597.7434272000883,950.0,1000,1000,50.0,0.0,0.0,0.0,0,0,0,13767.743427200088,13767.743427200088,13697.743427200088,15734.0,15734.0,15664.0,-1966.2565727999117,0.0
2022-08-31,3597.7434272000883,950.0,1000,1000,50.0,0.0,0.0,0.0,0,0,0,13677.743427200088,13677.743427200088,13787.743427200088,15644.0,15644.0,15754.0,-1966.2565727999117,0.0
2022-09-01,3597.7434272000883,950.0,1000,1000,50.0,0.0,0.0,0.0,0,0,0,13717.743427200088,13717.743427200088,13717.743427200088,15684.0,15684.0,15684.0,-1966.2565727999117,0.0
2022-09-02,3597.7434272000883,950.0,1000,1000,50.0,0.0,0.0,0.0,0,0,0,13717.743427200088,13717.743427200088,13807.743427200088,15684.0,15684.0,15774.0,-1966.2565727999117,0.0
2022-09-05,3597.7434272000883,950.0,1000,1000,50.0,0.0,0.0,0.0,0,0,0,13797.743427200088,13797.743427200088,13827.743427200088,15764.0,15764.0,15794.0,-1966.2565727999117,0.0
2022-09-06,3597.7434272000883,950.0,1000,1000,50.0,0.0,0.0,0.0,0,0,0,13807.743427200088,13807.743427200088,13937.743427200088,15774.0,15774.0,15904.0,-1966.2565727999117,0.0
2022-09-07,3597.7434272000883,950.0,1000,1000,50.0,0.0,0.0,0.0,0,0,0,13927.743427200088,13927.743427200088,13887.743427200088,15894.0,15894.0,15854.0,-1966.2565727999117,0.0
2022-09-08,3597.7434272000883,950.0,1000,1000,50.0,0.0,0.0,0.0,0,0,0,13927.743427200088,13927.743427200088,13937.743427200088,15894.0,15894.0,15904.0,-1966.2565727999117,0.0
2022-09-09,3597.7434272000883,950.0,1000,1000,50.0,0.0,0.0,0.0,0,0,0,13967.743427200088,13967.743427200088,13967.743427200088,15934.0,15934.0,15934.0,-1966.2565727999117,0.0
2022-09-13,3597.7434272000883,950.0,1000,1000,50.0,0.0,0.0,0.0,0,0,0,14007.743427200088,14007.743427200088,13987.743427200088,15974.0,15974.0,15954.0,-1966.2565727999117,0.0
2022-09-14,3597.7434272000883,950.0,1000,1000,50.0,0.0,0.0,0.0,0,0,0,13957.743427200088,13957.743427200088,13877.743427200088,15924.0,15924.0,15844.0,-1966.2565727999117,0.0
2022-09-15,3597.7434272000883,950.0,1000,1000,50.0,0.0,0.0,0.0,0,0,0,13887.743427200088,13887.743427200088,13877.743427200088,15854.0,15854.0,15844.0,-1966.2565727999117,0.0
2022-09-16,3597.7434272000883,950.0,1000,1000,50.0,0.0,0.0,0.0,0,0,0,13837.743427200088,13837.743427200088,13617.743427200088,15804.0,15804.0,15584.0,-1966.2565727999117,0.0
2022-09-19,3597.7434272000883,950.0,1000,1000,50.0,0.0,0.0,0.0,0,0,0,13617.743427200088,13617.743427200088,13387.743427200088,15584.0,15584.0,15354.0,-1966.2565727999117,0.0
2022-09-20,12269.55044090009,950.0,0,0,0.0,13.822986300000002,50.0,0.0,0,1000,0,13417.743427200088,13417.743427200088,13219.55044090009,15384.0,15384.0,15204.0,-1984.4495590999104,0.0
2022-09-21,3530.0980972500893,950.0,1000,1000,0.0,5.08734365,0.0,0.0,1000,0,0,13219.55044090009,13140.09809725009,13230.09809725009,15194.0,15124.0,15214.0,-1983.9019027499107,0.0
2022-09-22,12191.995680650089,950.0,0,0,0.0,13.7624166,0.0,0.0,0,1000,0,13180.09809725009,13180.09809725009,13141.995680650089,15164.0,15164.0,15144.0,-2002.0043193499114,0.0
2022-09-23,3482.5586371500885,950.0,1000,1000,0.0,5.0870435,0.0,0.0,1000,0,0,13141.995680650089,13122.558637150089,13122.558637150089,15164.0,15154.0,15154.0,-2031.4413628499115,0.0
2022-09-26,3482.5586371500885,950.0,1000,1000,0.0,0.0,0.0,0.0,0,0,0,13032.558637150089,13032.558637150089,12982.558637150089,15064.0,15064.0,15014.0,-2031.4413628499115,0.0
2022-09-27,3482.5586371500885,950.0,1000,1000,0.0,0.0,0.0,0.0,0,0,0,12972.558637150089,12972.558637150089,13082.558637150089,15004.0,15004.0,15114.0,-2031.4413628499115,0.0
2022-09-28,3482.5586371500885,950.0,1000,1000,0.0,0.0,0.0,0.0,0,0,0,13052.558637150089,13052.558637150089,12992.558637150089,15084.0,15084.0,15024.0,-2031.4413628499115,0.0
2022-09-29,3482.5586371500885,950.0,1000,1000,0.0,0.0,0.0,0.0,0,0,0,13102.558637150089,13102.558637150089,12812.558637150089,15134.0,15134.0,14844.0,-2031.4413628499115,0.0
2022-09-30,3482.5586371500885,950.0,1000,1000,0.0,0.0,0.0,0.0,0,0,0,12842.558637150089,12842.558637150089,12952.558637150089,14874.0,14874.0,14984.0,-2031.4413628499115,0.0
2022-10-10,3482.5586371500885,950.0,1000,1000,0.0,0.0,0.0,0.0,0,0,0,13032.558637150089,13032.558637150089,12592.558637150089,15064.0,15064.0,14624.0,-2031.4413628499115,0.0
2022-10-11,11645.210968050089,950.0,0,0,0.0,13.257669100000001,0.0,0.0,0,1000,0,12672.558637150089,12672.558637150089,12595.210968050089,14704.0,14704.0,14644.0,-2048.789031949911,0.0
2022-10-12,3476.049327250089,950.0,1000,1000,0.0,5.0816408,0.0,0.0,1000,0,0,12595.210968050089,12616.049327250088,12736.04932725009,14624.0,14654.0,14774.0,-2037.9506727499102,0.0
2022-10-13,3476.049327250089,950.0,1000,1000,0.0,0.0,0.0,0.0,0,0,0,12676.04932725009,12676.04932725009,12776.04932725009,14714.0,14714.0,14814.0,-2037.9506727499102,0.0
2022-10-14,3476.049327250089,950.0,1000,1000,0.0,0.0,0.0,0.0,0,0,0,12836.04932725009,12836.04932725009,12866.04932725009,14874.0,14874.0,14904.0,-2037.9506727499102,0.0
2022-10-17,3476.049327250089,950.0,1000,1000,0.0,0.0,0.0,0.0,0,0,0,12866.04932725009,12866.04932725009,12946.04932725009,14904.0,14904.0,14984.0,-2037.9506727499102,0.0
2022-10-18,3476.049327250089,950.0,1000,1000,0.0,0.0,0.0,0.0,0,0,0,12966.04932725009,12966.04932725009,12926.04932725009,15004.0,15004.0,14964.0,-2037.9506727499102,0.0
2022-10-19,3476.049327250089,950.0,1000,1000,0.0,0.0,0.0,0.0,0,0,0,12916.04932725009,12916.04932725009,12826.04932725009,14954.0,14954.0,14864.0,-2037.9506727499102,0.0
2022-10-20,3476.049327250089,950.0,1000,1000,0.0,0.0,0.0,0.0,0,0,0,12806.04932725009,12806.04932725009,12926.04932725009,14844.0,14844.0,14964.0,-2037.9506727499102,0.0
2022-10-21,3476.049327250089,950.0,1000,1000,0.0,0.0,0.0,0.0,0,0,0,12926.04932725009,12926.04932725009,12896.04932725009,14964.0,14964.0,14934.0,-2037.9506727499102,0.0
2022-10-24,3476.049327250089,950.0,1000,1000,0.0,0.0,0.0,0.0,0,0,0,12826.04932725009,12826.04932725009,12716.04932725009,14864.0,14864.0,14754.0,-2037.9506727499102,0.0
2022-10-25,3476.049327250089,950.0,1000,1000,0.0,0.0,0.0,0.0,0,0,0,12826.04932725009,12826.04932725009,12806.04932725009,14864.0,14864.0,14844.0,-2037.9506727499102,0.0
2022-10-26,3476.049327250089,950.0,1000,1000,0.0,0.0,0.0,0.0,0,0,0,12766.04932725009,12766.04932725009,12726.04932725009,14804.0,14804.0,14764.0,-2037.9506727499102,0.0
2022-10-27,3476.049327250089,950.0,1000,1000,0.0,0.0,0.0,0.0,0,0,0,12736.04932725009,12736.04932725009,12816.04932725009,14774.0,14774.0,14854.0,-2037.9506727499102,0.0
2022-10-28,3476.049327250089,950.0,1000,1000,0.0,0.0,0.0,0.0,0,0,0,12856.04932725009,12856.04932725009,12706.04932725009,14894.0,14894.0,14744.0,-2037.9506727499102,0.0
2022-10-31,3476.049327250089,950.0,1000,1000,0.0,0.0,0.0,0.0,0,0,0,12296.04932725009,12296.04932725009,12626.04932725009,14334.0,14334.0,14664.0,-2037.9506727499102,0.0
2022-11-01,3476.049327250089,950.0,1000,1000,0.0,0.0,0.0,0.0,0,0,0,12716.04932725009,12716.04932725009,12986.04932725009,14754.0,14754.0,15024.0,-2037.9506727499102,0.0
2022-11-02,3476.049327250089,950.0,1000,1000,0.0,0.0,0.0,0.0,0,0,0,12916.04932725009,12916.04932725009,13086.04932725009,14954.0,14954.0,15124.0,-2037.9506727499102,0.0
2022-11-03,3476.049327250089,950.0,1000,1000,0.0,0.0,0.0,0.0,0,0,0,13106.04932725009,13106.04932725009,13056.04932725009,15144.0,15144.0,15094.0,-2037.9506727499102,0.0
2022-11-04,3476.049327250089,950.0,1000,1000,0.0,0.0,0.0,0.0,0,0,0,13006.04932725009,13006.04932725009,13116.04932725009,15044.0,15044.0,15154.0,-2037.9506727499102,0.0
2022-11-07,3476.049327250089,950.0,1000,1000,0.0,0.0,0.0,0.0,0,0,0,13116.04932725009,13116.04932725009,13116.04932725009,15154.0,15154.0,15154.0,-2037.9506727499102,0.0
2022-11-08,3476.049327250089,950.0,1000,1000,0.0,0.0,0.0,0.0,0,0,0,13086.04932725009,13086.04932725009,13146.04932725009,15124.0,15124.0,15184.0,-2037.9506727499102,0.0
2022-11-09,3476.049327250089,950.0,1000,1000,0.0,0.0,0.0,0.0,0,0,0,13116.04932725009,13116.04932725009,13066.04932725009,15154.0,15154.0,15104.0,-2037.9506727499102,0.0
2022-11-10,3476.049327250089,950.0,1000,1000,0.0,0.0,0.0,0.0,0,0,0,13056.04932725009,13056.04932725009,13046.04932725009,15094.0,15094.0,15084.0,-2037.9506727499102,0.0
2022-11-11,3476.049327250089,950.0,1000,1000,0.0,0.0,0.0,0.0,0,0,0,13176.04932725009,13176.04932725009,13266.04932725009,15214.0,15214.0,15304.0,-2037.9506727499102,0.0
2022-11-14,3476.049327250089,950.0,1000,1000,0.0,0.0,0.0,0.0,0,0,0,13306.04932725009,13306.04932725009,13376.04932725009,15344.0,15344.0,15414.0,-2037.9506727499102,0.0
2022-11-15,3476.049327250089,950.0,1000,1000,0.0,0.0,0.0,0.0,0,0,0,13386.04932725009,13386.04932725009,13476.04932725009,15424.0,15424.0,15514.0,-2037.9506727499102,0.0
2022-11-16,3476.049327250089,950.0,1000,1000,0.0,0.0,0.0,0.0,0,0,0,13436.04932725009,13436.04932725009,13416.04932725009,15474.0,15474.0,15454.0,-2037.9506727499102,0.0
2022-11-17,3476.049327250089,950.0,1000,1000,0.0,0.0,0.0,0.0,0,0,0,13386.04932725009,13386.04932725009,13436.04932725009,15424.0,15424.0,15474.0,-2037.9506727499102,0.0
2022-11-18,3476.049327250089,950.0,1000,1000,0.0,0.0,0.0,0.0,0,0,0,13476.04932725009,13476.04932725009,13376.04932725009,15514.0,15514.0,15414.0,-2037.9506727499102,0.0
2022-11-21,3476.049327250089,950.0,1000,1000,0.0,0.0,0.0,0.0,0,0,0,13326.04932725009,13326.04932725009,13426.04932725009,15364.0,15364.0,15464.0,-2037.9506727499102,0.0
2022-11-22,3476.049327250089,950.0,1000,1000,0.0,0.0,0.0,0.0,0,0,0,13486.04932725009,13486.04932725009,13526.04932725009,15524.0,15524.0,15564.0,-2037.9506727499102,0.0
2022-11-23,3476.049327250089,950.0,1000,1000,0.0,0.0,0.0,0.0,0,0,0,13536.04932725009,13536.04932725009,13476.04932725009,15574.0,15574.0,15514.0,-2037.9506727499102,0.0
2022-11-24,3476.049327250089,950.0,1000,1000,0.0,0.0,0.0,0.0,0,0,0,13476.04932725009,13476.04932725009,13386.04932725009,15514.0,15514.0,15424.0,-2037.9506727499102,0.0
2022-11-25,3476.049327250089,950.0,1000,1000,0.0,0.0,0.0,0.0,0,0,0,13376.04932725009,13376.04932725009,13476.04932725009,15414.0,15414.0,15514.0,-2037.9506727499102,0.0
2022-11-28,3476.049327250089,950.0,1000,1000,0.0,0.0,0.0,0.0,0,0,0,13326.04932725009,13326.04932725009,13186.04932725009,15364.0,15364.0,15224.0,-2037.9506727499102,0.0
2022-11-29,3476.049327250089,950.0,1000,1000,0.0,0.0,0.0,0.0,0,0,0,13256.04932725009,13256.04932725009,13536.04932725009,15294.0,15294.0,15574.0,-2037.9506727499102,0.0
2022-11-30,3476.049327250089,950.0,1000,1000,0.0,0.0,0.0,0.0,0,0,0,13546.04932725009,13546.04932725009,13576.04932725009,15584.0,15584.0,15614.0,-2037.9506727499102,0.0
2022-12-01,3476.049327250089,950.0,1000,1000,0.0,0.0,0.0,0.0,0,0,0,13636.04932725009,13636.04932725009,13616.04932725009,15674.0,15674.0,15654.0,-2037.9506727499102,0.0
2022-12-02,3476.049327250089,950.0,1000,1000,0.0,0.0,0.0,0.0,0,0,0,13596.04932725009,13596.04932725009,13566.04932725009,15634.0,15634.0,15604.0,-2037.9506727499102,0.0
2022-12-05,3476.049327250089,950.0,1000,1000,0.0,0.0,0.0,0.0,0,0,0,13716.04932725009,13716.04932725009,13706.04932725009,15754.0,15754.0,15744.0,-2037.9506727499102,0.0
2022-12-06,3476.049327250089,950.0,1000,1000,0.0,0.0,0.0,0.0,0,0,0,13646.04932725009,13646.04932725009,13866.04932725009,15684.0,15684.0,15904.0,-2037.9506727499102,0.0
2022-12-07,3476.049327250089,950.0,1000,1000,0.0,0.0,0.0,0.0,0,0,0,13886.04932725009,13886.04932725009,13846.04932725009,15924.0,15924.0,15884.0,-2037.9506727499102,0.0
2022-12-08,3476.049327250089,950.0,1000,1000,0.0,0.0,0.0,0.0,0,0,0,13836.04932725009,13836.04932725009,13846.04932725009,15874.0,15874.0,15884.0,-2037.9506727499102,0.0
2022-12-09,3476.049327250089,950.0,1000,1000,0.0,0.0,0.0,0.0,0,0,0,13826.04932725009,13826.04932725009,13886.04932725009,15864.0,15864.0,15924.0,-2037.9506727499102,0.0
2022-12-12,3476.049327250089,950.0,1000,1000,0.0,0.0,0.0,0.0,0,0,0,13856.04932725009,13856.04932725009,13886.04932725009,15894.0,15894.0,15924.0,-2037.9506727499102,0.0
2022-12-13,3476.049327250089,950.0,1000,1000,0.0,0.0,0.0,0.0,0,0,0,13906.04932725009,13906.04932725009,13876.04932725009,15944.0,15944.0,15914.0,-2037.9506727499102,0.0
2022-12-14,3476.049327250089,950.0,1000,1000,0.0,0.0,0.0,0.0,0,0,0,13906.04932725009,13906.04932725009,13846.04932725009,15944.0,15944.0,15884.0,-2037.9506727499102,0.0
2022-12-15,3476.049327250089,950.0,1000,1000,0.0,0.0,0.0,0.0,0,0,0,13846.04932725009,13846.04932725009,13886.04932725009,15884.0,15884.0,15924.0,-2037.9506727499102,0.0
2022-12-16,3476.049327250089,950.0,1000,1000,0.0,0.0,0.0,0.0,0,0,0,13836.04932725009,13836.04932725009,13926.04932725009,15874.0,15874.0,15964.0,-2037.9506727499102,0.0
2022-12-19,3476.049327250089,950.0,1000,1000,0.0,0.0,0.0,0.0,0,0,0,13946.04932725009,13946.04932725009,13796.04932725009,15984.0,15984.0,15834.0,-2037.9506727499102,0.0
2022-12-20,3476.049327250089,950.0,1000,1000,0.0,0.0,0.0,0.0,0,0,0,13746.04932725009,13746.04932725009,13716.04932725009,15784.0,15784.0,15754.0,-2037.9506727499102,0.0
2022-12-21,3476.049327250089,950.0,1000,1000,0.0,0.0,0.0,0.0,0,0,0,13716.04932725009,13716.04932725009,13776.04932725009,15754.0,15754.0,15814.0,-2037.9506727499102,0.0
2022-12-22,3476.049327250089,950.0,1000,1000,0.0,0.0,0.0,0.0,0,0,0,13896.04932725009,13896.04932725009,13716.04932725009,15934.0,15934.0,15754.0,-2037.9506727499102,0.0
2022-12-23,3476.049327250089,950.0,1000,1000,0.0,0.0,0.0,0.0,0,0,0,13686.04932725009,13686.04932725009,13606.04932725009,15724.0,15724.0,15644.0,-2037.9506727499102,0.0
2022-12-26,3476.049327250089,950.0,1000,1000,0.0,0.0,0.0,0.0,0,0,0,13646.04932725009,13646.04932725009,13586.04932725009,15684.0,15684.0,15624.0,-2037.9506727499102,0.0
2022-12-27,3476.049327250089,950.0,1000,1000,0.0,0.0,0.0,0.0,0,0,0,13646.04932725009,13646.04932725009,13636.04932725009,15684.0,15684.0,15674.0,-2037.9506727499102,0.0
2022-12-28,3476.049327250089,950.0,1000,1000,0.0,0.0,0.0,0.0,0,0,0,13656.04932725009,13656.04932725009,13596.04932725009,15694.0,15694.0,15634.0,-2037.9506727499102,0.0
2022-12-29,3476.049327250089,950.0,1000,1000,0.0,0.0,0.0,0.0,0,0,0,13606.04932725009,13606.04932725009,13496.04932725009,15644.0,15644.0,15534.0,-2037.9506727499102,0.0
2022-12-30,3476.049327250089,950.0,1000,1000,0.0,0.0,0.0,0.0,0,0,0,13536.04932725009,13536.04932725009,13606.04932725009,15574.0,15574.0,15644.0,-2037.9506727499102,0.0
2023-01-03,3476.049327250089,950.0,1000,1000,0.0,0.0,0.0,0.0,0,0,0,13566.04932725009,13566.04932725009,13736.04932725009,15604.0,15604.0,15774.0,-2037.9506727499102,0.0
2023-01-04,3476.049327250089,950.0,1000,1000,0.0,0.0,0.0,0.0,0,0,0,13816.04932725009,13816.04932725009,13776.04932725009,15854.0,15854.0,15814.0,-2037.9506727499102,0.0
2023-01-05,3476.049327250089,950.0,1000,1000,0.0,0.0,0.0,0.0,0,0,0,13876.04932725009,13876.04932725009,13916.04932725009,15914.0,15914.0,15954.0,-2037.9506727499102,0.0
2023-01-06,3476.049327250089,950.0,1000,1000,0.0,0.0,0.0,0.0,0,0,0,13906.04932725009,13906.04932725009,13806.04932725009,15944.0,15944.0,15844.0,-2037.9506727499102,0.0
2023-01-09,3476.049327250089,950.0,1000,1000,0.0,0.0,0.0,0.0,0,0,0,13906.04932725009,13906.04932725009,13936.04932725009,15944.0,15944.0,15974.0,-2037.9506727499102,0.0
2023-01-10,3476.049327250089,950.0,1000,1000,0.0,0.0,0.0,0.0,0,0,0,13916.04932725009,13916.04932725009,13826.04932725009,15954.0,15954.0,15864.0,-2037.9506727499102,0.0
2023-01-11,3476.049327250089,950.0,1000,1000,0.0,0.0,0.0,0.0,0,0,0,13876.04932725009,13876.04932725009,13786.04932725009,15914.0,15914.0,15824.0,-2037.9506727499102,0.0
2023-01-12,3476.049327250089,950.0,1000,1000,0.0,0.0,0.0,0.0,0,0,0,13826.04932725009,13826.04932725009,13746.04932725009,15864.0,15864.0,15784.0,-2037.9506727499102,0.0
2023-01-13,3476.049327250089,950.0,1000,1000,0.0,0.0,0.0,0.0,0,0,0,13776.04932725009,13776.04932725009,13856.04932725009,15814.0,15814.0,15894.0,-2037.9506727499102,0.0
2023-01-16,3476.049327250089,950.0,1000,1000,0.0,0.0,0.0,0.0,0,0,0,13866.04932725009,13866.04932725009,13926.04932725009,15904.0,15904.0,15964.0,-2037.9506727499102,0.0
2023-01-17,3476.049327250089,950.0,1000,1000,0.0,0.0,0.0,0.0,0,0,0,13946.04932725009,13946.04932725009,13946.04932725009,15984.0,15984.0,15984.0,-2037.9506727499102,0.0
2023-01-18,3476.049327250089,950.0,1000,1000,0.0,0.0,0.0,0.0,0,0,0,13956.04932725009,13956.04932725009,13956.04932725009,15994.0,15994.0,15994.0,-2037.9506727499102,0.0
2023-01-19,3476.049327250089,950.0,1000,1000,0.0,0.0,0.0,0.0,0,0,0,13916.04932725009,13916.04932725009,13956.04932725009,15954.0,15954.0,15994.0,-2037.9506727499102,0.0
2023-01-20,3476.049327250089,950.0,1000,1000,0.0,0.0,0.0,0.0,0,0,0,13976.04932725009,13976.04932725009,13956.04932725009,16014.0,16014.0,15994.0,-2037.9506727499102,0.0
2023-01-30,3476.049327250089,950.0,1000,1000,0.0,0.0,0.0,0.0,0,0,0,14096.04932725009,14096.04932725009,14066.04932725009,16134.0,16134.0,16104.0,-2037.9506727499102,0.0
2023-01-31,3476.049327250089,950.0,1000,1000,0.0,0.0,0.0,0.0,0,0,0,14126.04932725009,14126.04932725009,13936.04932725009,16164.0,16164.0,15974.0,-2037.9506727499102,0.0
2023-02-01,3476.049327250089,950.0,1000,1000,0.0,0.0,0.0,0.0,0,0,0,13966.04932725009,13966.04932725009,14006.04932725009,16004.0,16004.0,16044.0,-2037.9506727499102,0.0
2023-02-02,3476.049327250089,950.0,1000,1000,0.0,0.0,0.0,0.0,0,0,0,14026.04932725009,14026.04932725009,13976.04932725009,16064.0,16064.0,16014.0,-2037.9506727499102,0.0
2023-02-03,3476.049327250089,950.0,1000,1000,0.0,0.0,0.0,0.0,0,0,0,13926.04932725009,13926.04932725009,13786.04932725009,15964.0,15964.0,15824.0,-2037.9506727499102,0.0
2023-02-06,3476.049327250089,950.0,1000,1000,0.0,0.0,0.0,0.0,0,0,0,13736.04932725009,13736.04932725009,13756.04932725009,15774.0,15774.0,15794.0,-2037.9506727499102,0.0
2023-02-07,3476.049327250089,950.0,1000,1000,0.0,0.0,0.0,0.0,0,0,0,13806.04932725009,13806.04932725009,13696.04932725009,15844.0,15844.0,15734.0,-2037.9506727499102,0.0
2023-02-08,3476.049327250089,950.0,1000,1000,0.0,0.0,0.0,0.0,0,0,0,13726.04932725009,13726.04932725009,13686.04932725009,15764.0,15764.0,15724.0,-2037.9506727499102,0.0
2023-02-09,3476.049327250089,950.0,1000,1000,0.0,0.0,0.0,0.0,0,0,0,13666.04932725009,13666.04932725009,13876.04932725009,15704.0,15704.0,15914.0,-2037.9506727499102,0.0
2023-02-10,3476.049327250089,950.0,1000,1000,0.0,0.0,0.0,0.0,0,0,0,13846.04932725009,13846.04932725009,14206.04932725009,15884.0,15884.0,16244.0,-2037.9506727499102,0.0
2023-02-13,3476.049327250089,950.0,1000,1000,0.0,0.0,0.0,0.0,0,0,0,14146.04932725009,14146.04932725009,14086.04932725009,16184.0,16184.0,16124.0,-2037.9506727499102,0.0
2023-02-14,3476.049327250089,950.0,1000,1000,0.0,0.0,0.0,0.0,0,0,0,14066.04932725009,14066.04932725009,14126.04932725009,16104.0,16104.0,16164.0,-2037.9506727499102,0.0
2023-02-15,3476.049327250089,950.0,1000,1000,0.0,0.0,0.0,0.0,0,0,0,14136.04932725009,14136.04932725009,14476.04932725009,16174.0,16174.0,16514.0,-2037.9506727499102,0.0
2023-02-16,3476.049327250089,950.0,1000,1000,0.0,0.0,0.0,0.0,0,0,0,14506.04932725009,14506.04932725009,14316.04932725009,16544.0,16544.0,16354.0,-2037.9506727499102,0.0
2023-02-17,3476.049327250089,950.0,1000,1000,0.0,0.0,0.0,0.0,0,0,0,14296.04932725009,14296.04932725009,14136.04932725009,16334.0,16334.0,16174.0,-2037.9506727499102,0.0
2023-02-20,3476.049327250089,950.0,1000,1000,0.0,0.0,0.0,0.0,0,0,0,14136.04932725009,14136.04932725009,14336.04932725009,16174.0,16174.0,16374.0,-2037.9506727499102,0.0
2023-02-21,3476.049327250089,950.0,1000,1000,0.0,0.0,0.0,0.0,0,0,0,14306.04932725009,14306.04932725009,14306.04932725009,16344.0,16344.0,16344.0,-2037.9506727499102,0.0
2023-02-22,3476.049327250089,950.0,1000,1000,0.0,0.0,0.0,0.0,0,0,0,14236.04932725009,14236.04932725009,14176.04932725009,16274.0,16274.0,16214.0,-2037.9506727499102,0.0
2023-02-23,3476.049327250089,950.0,1000,1000,0.0,0.0,0.0,0.0,0,0,0,14256.04932725009,14256.04932725009,14126.04932725009,16294.0,16294.0,16164.0,-2037.9506727499102,0.0
2023-02-24,3476.049327250089,950.0,1000,1000,0.0,0.0,0.0,0.0,0,0,0,14086.04932725009,14086.04932725009,14046.04932725009,16124.0,16124.0,16084.0,-2037.9506727499102,0.0
2023-02-27,3476.049327250089,950.0,1000,1000,0.0,0.0,0.0,0.0,0,0,0,14006.04932725009,14006.04932725009,13946.04932725009,16044.0,16044.0,15984.0,-2037.9506727499102,0.0
2023-02-28,3476.049327250089,950.0,1000,1000,0.0,0.0,0.0,0.0,0,0,0,14036.04932725009,14036.04932725009,14026.04932725009,16074.0,16074.0,16064.0,-2037.9506727499102,0.0
2023-03-01,3476.049327250089,950.0,1000,1000,0.0,0.0,0.0,0.0,0,0,0,14036.04932725009,14036.04932725009,14386.04932725009,16074.0,16074.0,16424.0,-2037.9506727499102,0.0
2023-03-02,3476.049327250089,950.0,1000,1000,0.0,0.0,0.0,0.0,0,0,0,14396.04932725009,14396.04932725009,14766.04932725009,16434.0,16434.0,16804.0,-2037.9506727499102,0.0
2023-03-03,3476.049327250089,950.0,1000,1000,0.0,0.0,0.0,0.0,0,0,0,14706.04932725009,14706.04932725009,15796.04932725009,16744.0,16744.0,17834.0,-2037.9506727499102,0.0
2023-03-06,3476.049327250089,950.0,1000,1000,0.0,0.0,0.0,0.0,0,0,0,15926.04932725009,15926.04932725009,15486.04932725009,17964.0,17964.0,17524.0,-2037.9506727499102,0.0
2023-03-07,3476.049327250089,950.0,1000,1000,0.0,0.0,0.0,0.0,0,0,0,15486.04932725009,15486.04932725009,14936.04932725009,17524.0,17524.0,16974.0,-2037.9506727499102,0.0
2023-03-08,3476.049327250089,950.0,1000,1000,0.0,0.0,0.0,0.0,0,0,0,14856.04932725009,14856.04932725009,14996.04932725009,16894.0,16894.0,17034.0,-2037.9506727499102,0.0
2023-03-09,14604.21845800009,950.0,0,0,0.0,16.255869250000003,0.0,0.0,0,1000,0,15126.04932725009,15126.04932725009,15554.21845800009,17164.0,17164.0,17614.0,-2059.7815419999097,0.0
2023-03-10,3593.608403000091,950.0,1000,1000,0.0,5.110055,0.0,0.0,1000,0,0,15554.21845800009,15713.608403000091,15393.608403000091,17464.0,17634.0,17314.0,-1920.3915969999089,0.0
2023-03-13,3593.608403000091,950.0,1000,1000,0.0,0.0,0.0,0.0,0,0,0,15423.608403000091,15423.608403000091,16153.608403000091,17344.0,17344.0,18074.0,-1920.3915969999089,0.0
2023-03-14,3593.608403000091,950.0,1000,1000,0.0,0.0,0.0,0.0,0,0,0,16143.608403000091,16143.608403000091,16303.608403000091,18064.0,18064.0,18224.0,-1920.3915969999089,0.0
2023-03-15,3593.608403000091,950.0,1000,1000,0.0,0.0,0.0,0.0,0,0,0,16503.608403000093,16503.608403000093,16613.608403000093,18424.0,18424.0,18534.0,-1920.391596999907,0.0
2023-03-16,3593.608403000091,950.0,1000,1000,0.0,0.0,0.0,0.0,0,0,0,16543.608403000093,16543.608403000093,16893.608403000093,18464.0,18464.0,18814.0,-1920.391596999907,0.0
2023-03-17,3593.608403000091,950.0,1000,1000,0.0,0.0,0.0,0.0,0,0,0,17093.608403000093,17093.608403000093,18133.608403000093,19014.0,19014.0,20054.0,-1920.391596999907,0.0
2023-03-20,3593.608403000091,950.0,1000,1000,0.0,0.0,0.0,0.0,0,0,0,18933.608403000093,18933.608403000093,19423.608403000093,20854.0,20854.0,21344.0,-1920.391596999907,0.0
2023-03-21,3593.608403000091,950.0,1000,1000,0.0,0.0,0.0,0.0,0,0,0,19433.608403000093,19433.608403000093,19143.608403000093,21354.0,21354.0,21064.0,-1920.391596999907,0.0
2023-03-22,3593.608403000091,950.0,1000,1000,0.0,0.0,0.0,0.0,0,0,0,19543.608403000093,19543.608403000093,20603.60840300009,21464.0,21464.0,22524.0,-1920.3915969999107,0.0
2023-03-23,3593.608403000091,950.0,1000,1000,0.0,0.0,0.0,0.0,0,0,0,21233.608403000093,21233.608403000093,21533.608403000093,23154.0,23154.0,23454.0,-1920.391596999907,0.0
2023-03-24,3593.608403000091,950.0,1000,1000,0.0,0.0,0.0,0.0,0,0,0,21393.608403000093,21393.608403000093,22203.608403000093,23314.0,23314.0,24124.0,-1920.391596999907,0.0
2023-03-27,3593.608403000091,950.0,1000,1000,0.0,0.0,0.0,0.0,0,0,0,21623.608403000093,21623.608403000093,22173.608403000093,23544.0,23544.0,24094.0,-1920.391596999907,0.0
2023-03-28,3593.608403000091,950.0,1000,1000,0.0,0.0,0.0,0.0,0,0,0,21623.608403000093,21623.608403000093,20993.608403000093,23544.0,23544.0,22914.0,-1920.391596999907,0.0
2023-03-29,3593.608403000091,950.0,1000,1000,0.0,0.0,0.0,0.0,0,0,0,21243.608403000093,21243.608403000093,20703.608403000093,23164.0,23164.0,22624.0,-1920.391596999907,0.0
2023-03-30,20443.128127400094,950.0,0,0,0.0,22.0402756,0.0,0.0,0,1000,0,20753.608403000093,20753.608403000093,21393.128127400094,22674.0,22674.0,23344.0,-1950.871872599906,0.0
2023-03-31,3729.611043900095,950.0,1000,1000,0.0,5.1670835,0.0,0.0,1000,0,0,21393.128127400094,21329.611043900095,21899.611043900095,23164.0,23114.0,23684.0,-1784.388956099905,0.0
2023-04-03,3729.611043900095,950.0,1000,1000,0.0,0.0,0.0,0.0,0,0,0,21769.611043900095,21769.611043900095,22439.611043900095,23554.0,23554.0,24224.0,-1784.388956099905,0.0
2023-04-04,3729.611043900095,950.0,1000,1000,0.0,0.0,0.0,0.0,0,0,0,21919.611043900095,21919.611043900095,22089.611043900095,23704.0,23704.0,23874.0,-1784.388956099905,0.0
2023-04-06,3729.611043900095,950.0,1000,1000,0.0,0.0,0.0,0.0,0,0,0,22679.611043900095,22679.611043900095,23679.611043900095,24464.0,24464.0,25464.0,-1784.388956099905,0.0
2023-04-07,3729.611043900095,950.0,1000,1000,0.0,0.0,0.0,0.0,0,0,0,23459.611043900095,23459.611043900095,23049.611043900095,25244.0,25244.0,24834.0,-1784.388956099905,0.0
2023-04-10,3729.611043900095,950.0,1000,1000,0.0,0.0,0.0,0.0,0,0,0,22739.611043900095,22739.611043900095,22149.611043900095,24524.0,24524.0,23934.0,-1784.388956099905,0.0
2023-04-11,3729.611043900095,950.0,1000,1000,0.0,0.0,0.0,0.0,0,0,0,22319.611043900095,22319.611043900095,22029.611043900095,24104.0,24104.0,23814.0,-1784.388956099905,0.0
2023-04-12,22116.806146000097,950.0,0,0,0.0,23.594897900000003,0.0,0.0,0,1000,0,22199.611043900095,22199.611043900095,23066.806146000097,23984.0,23984.0,24884.0,-1817.1938539999028,0.0
2023-04-13,3852.4985547500983,950.0,1000,1000,0.0,5.18259125,0.0,0.0,1000,0,0,23066.806146000097,23362.4985547501,22462.4985547501,24714.0,25024.0,24124.0,-1661.5014452499017,0.0
2023-04-14,3852.4985547500983,950.0,1000,1000,0.0,0.0,0.0,0.0,0,0,0,22382.4985547501,22382.4985547501,22872.4985547501,24044.0,24044.0,24534.0,-1661.5014452499017,0.0
2023-04-17,3852.4985547500983,950.0,1000,1000,0.0,0.0,0.0,0.0,0,0,0,22792.4985547501,22792.4985547501,22732.4985547501,24454.0,24454.0,24394.0,-1661.5014452499017,0.0
2023-04-18,3852.4985547500983,950.0,1000,1000,0.0,0.0,0.0,0.0,0,0,0,22682.4985547501,22682.4985547501,23992.4985547501,24344.0,24344.0,25654.0,-1661.5014452499017,0.0
2023-04-19,3852.4985547500983,950.0,1000,1000,0.0,0.0,0.0,0.0,0,0,0,23882.4985547501,23882.4985547501,22072.4985547501,25544.0,25544.0,23734.0,-1661.5014452499017,0.0
2023-04-20,22818.8181497501,950.0,0,0,0.0,24.180405,0.0,0.0,0,1000,0,22072.4985547501,22072.4985547501,23768.8181497501,23734.0,23734.0,25464.0,-1695.181850249901,0.0
2023-04-21,3303.873052250099,950.0,1000,1000,0.0,5.1950975,0.0,0.0,1000,0,0,23768.8181497501,23483.8730522501,23043.8730522501,25964.0,25694.0,25254.0,-2210.126947749901,0.0
2023-04-24,3303.873052250099,950.0,1000,1000,0.0,0.0,0.0,0.0,0,0,0,23093.8730522501,23093.8730522501,22583.8730522501,25304.0,25304.0,24794.0,-2210.126947749901,0.0
2023-04-25,3303.873052250099,950.0,1000,1000,0.0,0.0,0.0,0.0,0,0,0,22313.8730522501,22313.8730522501,22753.8730522501,24524.0,24524.0,24964.0,-2210.126947749901,0.0
2023-04-26,3303.873052250099,950.0,1000,1000,0.0,0.0,0.0,0.0,0,0,0,23033.8730522501,23033.8730522501,20903.8730522501,25244.0,25244.0,23114.0,-2210.126947749901,0.0
2023-04-27,19374.570182750103,950.0,0,0,0.0,21.252869500000003,0.0,0.0,0,1000,0,20153.8730522501,20153.8730522501,20324.570182750103,22364.0,22364.0,22564.0,-2239.4298172498966,0.0
2023-04-28,3231.3438021001057,950.0,1000,1000,0.0,5.16138065,0.0,0.0,1000,0,0,20324.570182750103,20681.343802100106,20301.343802100106,22594.0,22964.0,22584.0,-2282.6561978998943,0.0
2023-05-04,18583.127769000108,950.0,0,0,0.0,20.526033100000003,0.0,0.0,0,1000,0,20161.343802100106,20161.343802100106,19533.127769000108,22444.0,22444.0,21844.0,-2310.872230999892,0.0
2023-05-05,3240.309392350109,950.0,1000,1000,0.0,5.15337665,0.0,0.0,1000,0,0,19533.127769000108,19370.309392350107,18960.309392350107,21794.0,21644.0,21234.0,-2273.6906076498926,0.0
2023-05-08,17893.15000575011,950.0,0,0,0.0,19.8193866,0.0,0.0,0,1000,0,18920.309392350107,18920.309392350107,18843.15000575011,21194.0,21194.0,21144.0,-2300.8499942498893,0.0
2023-05-09,3200.6631323501133,950.0,1000,1000,0.0,5.1468734,0.0,0.0,1000,0,0,18843.15000575011,18930.663132350113,18850.663132350113,21144.0,21244.0,21164.0,-2313.3368676498867,0.0
2023-05-10,17773.62450535011,950.0,0,0,0.0,19.738627,0.0,0.0,0,1000,0,18850.663132350113,18850.663132350113,18723.62450535011,21164.0,21164.0,21064.0,-2340.3754946498884,0.0
2023-05-11,3251.224332800113,950.0,1000,1000,0.0,5.14517255,0.0,0.0,1000,0,0,18723.62450535011,18781.224332800113,18661.224332800113,20974.0,21044.0,20924.0,-2262.775667199887,0.0
2023-05-12,3251.224332800113,950.0,1000,1000,0.0,0.0,0.0,0.0,0,0,0,18541.224332800113,18541.224332800113,18561.224332800113,20804.0,20804.0,20824.0,-2262.775667199887,0.0
2023-05-15,3251.224332800113,950.0,1000,1000,0.0,0.0,0.0,0.0,0,0,0,18821.224332800113,18821.224332800113,19321.224332800113,21084.0,21084.0,21584.0,-2262.775667199887,0.0
2023-05-16,3251.224332800113,950.0,1000,1000,0.0,0.0,0.0,0.0,0,0,0,19291.224332800113,19291.224332800113,18981.224332800113,21554.0,21554.0,21244.0,-2262.775667199887,0.0
2023-05-17,3251.224332800113,950.0,1000,1000,0.0,0.0,0.0,0.0,0,0,0,19051.224332800113,19051.224332800113,19751.224332800113,21314.0,21314.0,22014.0,-2262.775667199887,0.0
2023-05-18,3251.224332800113,950.0,1000,1000,0.0,0.0,0.0,0.0,0,0,0,20111.224332800113,20111.224332800113,20551.224332800113,22374.0,22374.0,22814.0,-2262.775667199887,0.0
2023-05-19,3251.224332800113,950.0,1000,1000,0.0,0.0,0.0,0.0,0,0,0,20701.224332800113,20701.224332800113,20361.224332800113,22964.0,22964.0,22624.0,-2262.775667199887,0.0
2023-05-22,3251.224332800113,950.0,1000,1000,0.0,0.0,0.0,0.0,0,0,0,20211.224332800113,20211.224332800113,19611.224332800113,22474.0,22474.0,21874.0,-2262.775667199887,0.0
2023-05-23,3251.224332800113,950.0,1000,1000,0.0,0.0,0.0,0.0,0,0,0,19581.224332800113,19581.224332800113,19431.224332800113,21844.0,21844.0,21694.0,-2262.775667199887,0.0
2023-05-24,18043.853616900113,950.0,0,0,0.0,19.9607159,0.0,0.0,0,1000,0,19341.224332800113,19341.224332800113,18993.853616900113,21604.0,21604.0,21284.0,-2290.1463830998873,0.0
2023-05-25,2030.693536900113,950.0,1000,1000,0.0,5.16008,0.0,0.0,1000,0,0,18993.853616900113,19000.693536900115,19280.693536900115,22464.0,22484.0,22764.0,-3483.306463099885,0.0
2023-05-26,2030.693536900113,950.0,1000,1000,0.0,0.0,0.0,0.0,0,0,0,19310.69353690011,19310.69353690011,19770.693536900115,22794.0,22794.0,23254.0,-3483.306463099885,0.0
2023-05-29,2030.693536900113,950.0,1000,1000,0.0,0.0,0.0,0.0,0,0,0,20270.693536900115,20270.693536900115,20880.693536900115,23754.0,23754.0,24364.0,-3483.306463099885,0.0
2023-05-30,2030.693536900113,950.0,1000,1000,0.0,0.0,0.0,0.0,0,0,0,20400.693536900115,20400.693536900115,21010.693536900115,23884.0,23884.0,24494.0,-3483.306463099885,0.0
2023-05-31,2030.693536900113,950.0,1000,1000,0.0,0.0,0.0,0.0,0,0,0,21090.693536900115,21090.693536900115,21030.693536900115,24574.0,24574.0,24514.0,-3483.306463099885,0.0
2023-06-01,2030.693536900113,950.0,1000,1000,0.0,0.0,0.0,0.0,0,0,0,20580.693536900115,20580.693536900115,20900.693536900115,24064.0,24064.0,24384.0,-3483.306463099885,0.0
2023-06-02,2030.693536900113,950.0,1000,1000,0.0,0.0,0.0,0.0,0,0,0,21180.693536900115,21180.693536900115,20810.693536900115,24664.0,24664.0,24294.0,-3483.306463099885,0.0
2023-06-05,2030.693536900113,950.0,1000,1000,0.0,0.0,0.0,0.0,0,0,0,21040.693536900115,21040.693536900115,21910.693536900115,24524.0,24524.0,25394.0,-3483.306463099885,0.0
2023-06-06,2030.693536900113,950.0,1000,1000,0.0,0.0,0.0,0.0,0,0,0,21580.693536900115,21580.693536900115,21200.693536900115,25064.0,25064.0,24684.0,-3483.306463099885,0.0
2023-06-07,2030.693536900113,950.0,1000,1000,0.0,0.0,0.0,0.0,0,0,0,21180.693536900115,21180.693536900115,21010.693536900115,24664.0,24664.0,24494.0,-3483.306463099885,0.0
2023-06-08,2030.693536900113,950.0,1000,1000,0.0,0.0,0.0,0.0,0,0,0,20880.693536900115,20880.693536900115,20830.693536900115,24364.0,24364.0,24314.0,-3483.306463099885,0.0
2023-06-09,21636.047055100113,950.0,0,0,0.0,24.8264818,0.0,0.0,0,1000,0,20830.693536900115,20830.693536900115,22586.047055100113,24314.0,24314.0,26104.0,-3517.9529448998874,0.0
2023-06-12,1310.688853550113,950.0,1000,1000,0.0,5.20320155,0.0,0.0,1000,0,0,22586.047055100113,22720.688853550113,23610.688853550113,26774.0,26924.0,27814.0,-4203.311146449887,0.0
2023-06-13,1310.688853550113,950.0,1000,1000,0.0,0.0,0.0,0.0,0,0,0,23460.688853550113,23460.688853550113,24280.688853550113,27664.0,27664.0,28484.0,-4203.311146449887,0.0
2023-06-14,1310.688853550113,950.0,1000,1000,0.0,0.0,0.0,0.0,0,0,0,24010.688853550113,24010.688853550113,25050.688853550113,28214.0,28214.0,29254.0,-4203.311146449887,0.0
2023-06-15,1310.688853550113,950.0,1000,1000,0.0,0.0,0.0,0.0,0,0,0,24860.688853550113,24860.688853550113,24900.688853550113,29064.0,29064.0,29104.0,-4203.311146449887,0.0
2023-06-16,1310.688853550113,950.0,1000,1000,0.0,0.0,0.0,0.0,0,0,0,24900.688853550113,24900.688853550113,26320.688853550113,29104.0,29104.0,30524.0,-4203.311146449887,0.0
2023-06-19,1310.688853550113,950.0,1000,1000,0.0,0.0,0.0,0.0,0,0,0,26760.688853550113,26760.688853550113,28720.688853550113,30964.0,30964.0,32924.0,-4203.311146449887,0.0
2023-06-20,1310.688853550113,950.0,1000,1000,0.0,0.0,0.0,0.0,0,0,0,28130.688853550113,28130.688853550113,28290.688853550113,32334.0,32334.0,32494.0,-4203.311146449887,0.0
2023-06-21,1310.688853550113,950.0,1000,1000,0.0,0.0,0.0,0.0,0,0,0,27760.688853550113,27760.688853550113,26760.688853550113,31964.0,31964.0,30964.0,-4203.311146449887,0.0
2023-06-26,1310.688853550113,950.0,1000,1000,0.0,0.0,0.0,0.0,0,0,0,26160.688853550113,26160.688853550113,25350.688853550113,30364.0,30364.0,29554.0,-4203.311146449887,0.0
2023-06-27,24280.955373600114,950.0,0,0,0.0,28.228479950000004,0.0,0.0,0,1000,0,25670.688853550113,25670.688853550113,25230.955373600114,29874.0,29874.0,29474.0,-4243.044626399886,0.0
2023-06-28,2274.740363650115,950.0,1000,1000,0.0,5.22000995,0.0,0.0,1000,0,0,25230.955373600114,25104.740363650115,26204.740363650115,28454.0,28344.0,29444.0,-3239.259636349885,0.0
2023-06-29,26033.81438265012,950.0,0,0,0.0,29.025981,0.0,0.0,0,1000,0,26234.740363650115,26234.740363650115,26983.81438265012,29474.0,29474.0,30264.0,-3280.185617349882,0.0
2023-06-30,2466.80376490012,950.0,1000,1000,0.0,5.23561775,0.0,0.0,1000,0,0,26983.81438265012,27216.80376490012,28616.80376490012,30014.0,30264.0,31664.0,-3047.19623509988,0.0
2023-07-03,2466.80376490012,950.0,1000,1000,0.0,0.0,0.0,0.0,0,0,0,28816.80376490012,28816.80376490012,27786.80376490012,31864.0,31864.0,30834.0,-3047.19623509988,0.0
2023-07-04,2466.80376490012,950.0,1000,1000,0.0,0.0,0.0,0.0,0,0,0,27416.80376490012,27416.80376490012,27996.80376490012,30464.0,30464.0,31044.0,-3047.19623509988,0.0
2023-07-05,2466.80376490012,950.0,1000,1000,0.0,0.0,0.0,0.0,0,0,0,27716.80376490012,27716.80376490012,27276.80376490012,30764.0,30764.0,30324.0,-3047.19623509988,0.0
2023-07-06,26305.75702430012,950.0,0,0,0.0,29.106740600000002,0.0,0.0,0,1000,0,27016.80376490012,27016.80376490012,27255.75702430012,30064.0,30064.0,30344.0,-3088.242975699879,0.0
2023-07-07,2488.6189053001217,950.0,1000,1000,0.0,5.238119,0.0,0.0,1000,0,0,27255.75702430012,27098.61890530012,27098.61890530012,30264.0,30124.0,30124.0,-3025.3810946998783,0.0
2023-07-10,2488.6189053001217,950.0,1000,1000,0.0,0.0,0.0,0.0,0,0,0,27438.61890530012,27438.61890530012,27238.61890530012,30464.0,30464.0,30264.0,-3025.3810946998783,0.0
2023-07-11,2488.6189053001217,950.0,1000,1000,0.0,0.0,0.0,0.0,0,0,0,27438.61890530012,27438.61890530012,27678.61890530012,30464.0,30464.0,30704.0,-3025.3810946998783,0.0
2023-07-12,2488.6189053001217,950.0,1000,1000,0.0,0.0,0.0,0.0,0,0,0,27438.61890530012,27438.61890530012,25968.61890530012,30464.0,30464.0,28994.0,-3025.3810946998783,0.0
2023-07-13,27226.213619200124,950.0,0,0,0.0,30.0152861,0.0,0.0,0,1000,0,26418.61890530012,26418.61890530012,28176.213619200124,29444.0,29444.0,31244.0,-3067.7863807998765,0.0
2023-07-14,1498.1013906501248,950.0,1000,1000,0.0,5.25722855,0.0,0.0,1000,0,0,28176.213619200124,28098.101390650125,29708.101390650125,32174.0,32114.0,33724.0,-4015.898609349875,0.0
2023-07-17,1498.1013906501248,950.0,1000,1000,0.0,0.0,0.0,0.0,0,0,0,29338.101390650125,29338.101390650125,28558.101390650125,33354.0,33354.0,32574.0,-4015.898609349875,0.0
2023-07-18,1498.1013906501248,950.0,1000,1000,0.0,0.0,0.0,0.0,0,0,0,28528.101390650125,28528.101390650125,27978.101390650125,32544.0,32544.0,31994.0,-4015.898609349875,0.0
2023-07-19,1498.1013906501248,950.0,1000,1000,0.0,0.0,0.0,0.0,0,0,0,28368.101390650125,28368.101390650125,27538.101390650125,32384.0,32384.0,31554.0,-4015.898609349875,0.0
2023-07-20,24708.005631900123,950.0,0,0,0.0,28.47075875,0.0,0.0,0,1000,0,27348.101390650125,27348.101390650125,25658.005631900123,31364.0,31364.0,29714.0,-4055.9943680998767,0.0
2023-07-21,1651.255116700122,950.0,1000,1000,0.0,5.2305152,0.0,0.0,1000,0,0,25658.005631900123,25631.255116700122,25641.255116700122,29504.0,29494.0,29504.0,-3862.744883299878,0.0
2023-07-24,25270.540465000126,950.0,0,0,0.0,28.884651700000003,0.0,0.0,0,1000,0,25391.255116700122,25391.255116700122,26220.540465000126,29254.0,29254.0,30124.0,-3903.4595349998744,0.0
2023-07-25,1203.274844750129,950.0,1000,1000,0.0,5.24062025,0.0,0.0,1000,0,0,26220.540465000126,25573.27484475013,26153.27484475013,30514.0,29884.0,30464.0,-4310.725155249871,0.0
2023-07-26,1203.274844750129,950.0,1000,1000,0.0,0.0,0.0,0.0,0,0,0,25653.27484475013,25653.27484475013,25403.27484475013,29964.0,29964.0,29714.0,-4310.725155249871,0.0
2023-07-27,1203.274844750129,950.0,1000,1000,0.0,0.0,0.0,0.0,0,0,0,25283.27484475013,25283.27484475013,24833.27484475013,29594.0,29594.0,29144.0,-4310.725155249871,0.0
2023-07-28,23314.67348605013,1500.0,0,0,0.0,27.471358700000003,110.0,0.0,0,1000,0,24893.27484475013,24893.27484475013,24814.67348605013,29314.0,29314.0,29274.0,-4459.326513949869,0.0
2023-07-31,1048.3258748001317,1500.0,1000,1000,0.0,5.22261125,0.0,0.0,1000,0,0,24814.67348605013,24798.32587480013,24878.32587480013,29264.0,29264.0,29344.0,-4465.674125199868,0.0
2023-08-01,1048.3258748001317,1500.0,1000,1000,0.0,0.0,0.0,0.0,0,0,0,24748.32587480013,24748.32587480013,25218.32587480013,29214.0,29214.0,29684.0,-4465.674125199868,0.0
2023-08-02,1048.3258748001317,1500.0,1000,1000,0.0,0.0,0.0,0.0,0,0,0,24798.32587480013,24798.32587480013,24868.32587480013,29264.0,29264.0,29334.0,-4465.674125199868,0.0
2023-08-03,1048.3258748001317,1500.0,1000,1000,0.0,0.0,0.0,0.0,0,0,0,24408.32587480013,24408.32587480013,25048.32587480013,28874.0,28874.0,29514.0,-4465.674125199868,0.0
2023-08-04,1048.3258748001317,1500.0,1000,1000,0.0,0.0,0.0,0.0,0,0,0,24648.32587480013,24648.32587480013,26318.32587480013,29114.0,29114.0,30784.0,-4465.674125199868,0.0
2023-08-07,1048.3258748001317,1500.0,1000,1000,0.0,0.0,0.0,0.0,0,0,0,26248.32587480013,26248.32587480013,27528.32587480013,30714.0,30714.0,31994.0,-4465.674125199868,0.0
2023-08-08,1048.3258748001317,1500.0,1000,1000,0.0,0.0,0.0,0.0,0,0,0,27148.32587480013,27148.32587480013,26728.32587480013,31614.0,31614.0,31194.0,-4465.674125199868,0.0
2023-08-09,1048.3258748001317,1500.0,1000,1000,0.0,0.0,0.0,0.0,0,0,0,25848.32587480013,25848.32587480013,24798.32587480013,30314.0,30314.0,29264.0,-4465.674125199868,0.0
2023-08-10,22510.871732300133,1500.0,0,0,0.0,26.7041425,0.0,0.0,0,1000,0,24538.32587480013,24538.32587480013,24010.871732300133,29004.0,29004.0,28514.0,-4503.128267699867,0.0
2023-08-11,774.794423700132,1500.0,1000,1000,0.0,5.2173086,0.0,0.0,1000,0,0,24010.871732300133,23994.794423700132,23774.794423700132,28734.0,28734.0,28514.0,-4739.205576299868,0.0
2023-08-14,22137.491230700136,1500.0,0,0,0.0,26.603193000000005,0.0,0.0,0,1000,0,23364.794423700132,23364.794423700132,23637.491230700136,28104.0,28104.0,28414.0,-4776.508769299864,0.0
2023-08-15,81.25072050013478,1500.0,1000,1000,0.0,5.2205102,0.0,0.0,1000,0,0,23637.491230700136,23621.250720500135,22971.250720500135,29054.0,29054.0,28404.0,-5432.749279499865,0.0
2023-08-16,81.25072050013478,1500.0,1000,1000,0.0,0.0,0.0,0.0,0,0,0,22581.250720500135,22581.250720500135,22471.250720500135,28014.0,28014.0,27904.0,-5432.749279499865,0.0
2023-08-17,81.25072050013478,1500.0,1000,1000,0.0,0.0,0.0,0.0,0,0,0,21911.250720500135,21911.250720500135,22491.250720500135,27344.0,27344.0,27924.0,-5432.749279499865,0.0
2023-08-18,81.25072050013478,1500.0,1000,1000,0.0,0.0,0.0,0.0,0,0,0,22471.250720500135,22471.250720500135,21681.250720500135,27904.0,27904.0,27114.0,-5432.749279499865,0.0
2023-08-21,20455.441927550135,1500.0,0,0,0.0,25.603792950000003,0.0,0.0,0,1000,0,21731.250720500135,21731.250720500135,21955.441927550135,27164.0,27164.0,27424.0,-5468.558072449865,0.0
2023-08-22,1360.7110321501386,1500.0,900,900,0.0,5.1908954,0.0,0.0,900,0,100,21955.441927550135,21940.71103215014,23065.71103215014,28214.0,28214.0,29464.0,-6398.288967849861,890.4339290748612
2023-08-23,1360.7110321501386,1500.0,900,900,0.0,0.0,0.0,0.0,0,0,100,22813.71103215014,22813.71103215014,22066.71103215014,29184.0,29184.0,28354.0,-6287.288967849861,779.3773185198615
2023-08-24,1360.7110321501386,1500.0,900,900,0.0,0.0,0.0,0.0,0,0,100,23110.71103215014,23110.71103215014,23047.71103215014,29514.0,29514.0,29444.0,-6396.288967849861,888.4329090648612
2023-08-25,1360.7110321501386,1500.0,900,900,0.0,0.0,0.0,0.0,0,0,100,21940.71103215014,21940.71103215014,21148.71103215014,28214.0,28214.0,27334.0,-6185.288967849861,677.3252980098612
2023-08-28,1360.7110321501386,1500.0,900,900,0.0,0.0,0.0,0.0,0,0,100,22147.71103215014,22147.71103215014,21472.71103215014,28444.0,28444.0,27694.0,-6221.288967849861,713.3436581898613
2023-08-29,1360.7110321501386,1500.0,900,900,0.0,0.0,0.0,0.0,0,0,100,21355.71103215014,21355.71103215014,22291.71103215014,27564.0,27564.0,28604.0,-6312.288967849861,804.390068644861
2023-08-30,1360.7110321501386,1500.0,900,900,0.0,0.0,0.0,0.0,0,0,100,22561.71103215014,22561.71103215014,22480.71103215014,28904.0,28904.0,28814.0,-6333.288967849861,825.4007787498613
2023-08-31,1360.7110321501386,1500.0,900,900,0.0,0.0,0.0,0.0,0,0,100,22264.71103215014,22264.71103215014,22579.71103215014,28574.0,28574.0,28924.0,-6344.288967849861,836.4063888048613
2023-09-01,1360.7110321501386,1500.0,900,900,0.0,0.0,0.0,0.0,0,0,100,22471.71103215014,22471.71103215014,21985.71103215014,28804.0,28804.0,28264.0,-6278.288967849861,770.3727284748616
2023-09-04,1360.7110321501386,1500.0,900,900,0.0,0.0,0.0,0.0,0,0,100,22120.71103215014,22120.71103215014,21751.71103215014,28414.0,28414.0,28004.0,-6252.288967849861,744.3594683448614
2023-09-05,1360.7110321501386,1500.0,900,900,0.0,0.0,0.0,0.0,0,0,100,21553.71103215014,21553.71103215014,21139.71103215014,27784.0,27784.0,27324.0,-6184.288967849861,676.3247880048611
2023-09-06,1360.7110321501386,1500.0,900,900,0.0,0.0,0.0,0.0,0,0,100,20932.71103215014,20932.71103215014,21058.71103215014,27094.0,27094.0,27234.0,-6175.288967849861,667.3201979598614
2023-09-07,1360.7110321501386,1500.0,900,900,0.0,0.0,0.0,0.0,0,0,100,20842.71103215014,20842.71103215014,20140.71103215014,26994.0,26994.0,26214.0,-6073.288967849861,565.2681774498612
2023-09-08,1360.7110321501386,1500.0,900,900,0.0,0.0,0.0,0.0,0,0,100,19969.71103215014,19969.71103215014,20032.71103215014,26024.0,26024.0,26094.0,-6061.288967849861,553.2620573898612
2023-09-11,1360.7110321501386,1500.0,900,900,0.0,0.0,0.0,0.0,0,0,100,19960.71103215014,19960.71103215014,20374.71103215014,26014.0,26014.0,26474.0,-6099.288967849861,591.2814375798614
2023-09-12,1360.7110321501386,1500.0,900,900,0.0,0.0,0.0,0.0,0,0,100,20131.71103215014,20131.71103215014,20212.71103215014,26204.0,26204.0,26294.0,-6081.288967849861,573.2722574898612
2023-09-13,1360.7110321501386,1500.0,900,900,0.0,0.0,0.0,0.0,0,0,100,20104.71103215014,20104.71103215014,19834.71103215014,26174.0,26174.0,25874.0,-6039.288967849861,531.2508372798613
2023-09-14,1360.7110321501386,1500.0,900,900,0.0,0.0,0.0,0.0,0,0,100,19942.71103215014,19942.71103215014,19591.71103215014,25994.0,25994.0,25604.0,-6012.288967849861,504.2370671448614
2023-09-15,1360.7110321501386,1500.0,900,900,0.0,0.0,0.0,0.0,0,0,100,19627.71103215014,19627.71103215014,19177.71103215014,25644.0,25644.0,25144.0,-5966.288967849861,458.2136069148612
2023-09-18,1360.7110321501386,1500.0,900,900,0.0,0.0,0.0,0.0,0,0,100,19132.71103215014,19132.71103215014,19330.71103215014,25094.0,25094.0,25314.0,-5983.288967849861,475.2222769998614
2023-09-19,1360.7110321501386,1500.0,900,900,0.0,0.0,0.0,0.0,0,0,100,19348.71103215014,19348.71103215014,19492.71103215014,25334.0,25334.0,25494.0,-6001.288967849861,493.23145708986135
2023-09-20,1360.7110321501386,1500.0,900,900,0.0,0.0,0.0,0.0,0,0,100,19501.71103215014,19501.71103215014,19420.71103215014,25504.0,25504.0,25414.0,-5993.288967849861,485.22737704986093
2023-09-21,1360.7110321501386,1500.0,900,900,0.0,0.0,0.0,0.0,0,0,100,19294.71103215014,19294.71103215014,19339.71103215014,25274.0,25274.0,25324.0,-5984.288967849861,476.22278700486095
2023-09-22,1360.7110321501386,1500.0,900,900,0.0,0.0,0.0,0.0,0,0,100,19330.71103215014,19330.71103215014,20806.71103215014,25314.0,25314.0,26954.0,-6147.288967849861,639.3059178198614
2023-09-25,1360.7110321501386,1500.0,900,900,0.0,0.0,0.0,0.0,0,0,100,20644.71103215014,20644.71103215014,20221.71103215014,26774.0,26774.0,26304.0,-6082.288967849861,574.2727674948612
2023-09-26,1360.7110321501386,1500.0,900,900,0.0,0.0,0.0,0.0,0,0,100,20401.71103215014,20401.71103215014,20617.71103215014,26504.0,26504.0,26744.0,-6126.288967849861,618.2952077148614
2023-09-27,1360.7110321501386,1500.0,900,900,0.0,0.0,0.0,0.0,0,0,100,20500.71103215014,20500.71103215014,20680.71103215014,26614.0,26614.0,26814.0,-6133.288967849861,625.2987777498611
2023-09-28,1360.7110321501386,1500.0,900,900,0.0,0.0,0.0,0.0,0,0,100,20887.71103215014,20887.71103215014,20590.71103215014,27044.0,27044.0,26714.0,-6123.288967849861,615.2936776998613
2023-10-09,1360.7110321501386,1500.0,900,900,0.0,0.0,0.0,0.0,0,0,100,20383.71103215014,20383.71103215014,20194.71103215014,26484.0,26484.0,26274.0,-6079.288967849861,571.2712374798616
2023-10-10,1360.7110321501386,1500.0,900,900,0.0,0.0,0.0,0.0,0,0,100,20167.71103215014,20167.71103215014,19834.71103215014,26244.0,26244.0,25874.0,-6039.288967849861,531.2508372798613
2023-10-11,1360.7110321501386,1500.0,900,900,0.0,0.0,0.0,0.0,0,0,100,20104.71103215014,20104.71103215014,20113.71103215014,26174.0,26174.0,26184.0,-6070.288967849861,562.2666474348616
2023-10-12,1360.7110321501386,1500.0,900,900,0.0,0.0,0.0,0.0,0,0,100,20320.71103215014,20320.71103215014,19735.71103215014,26414.0,26414.0,25764.0,-6028.288967849861,520.2452272248613
2023-10-13,1360.7110321501386,1500.0,900,900,0.0,0.0,0.0,0.0,0,0,100,19609.71103215014,19609.71103215014,18952.71103215014,25624.0,25624.0,24894.0,-5941.288967849861,433.2008567898613
2023-10-16,1360.7110321501386,1500.0,900,900,0.0,0.0,0.0,0.0,0,0,100,18961.71103215014,18961.71103215014,18538.71103215014,24904.0,24904.0,24434.0,-5895.288967849861,387.17739655986156
2023-10-17,1360.7110321501386,1500.0,900,900,0.0,0.0,0.0,0.0,0,0,100,18628.71103215014,18628.71103215014,18412.71103215014,24534.0,24534.0,24294.0,-5881.288967849861,373.17025648986123
2023-10-18,1360.7110321501386,1500.0,900,900,0.0,0.0,0.0,0.0,0,0,100,17800.71103215014,17800.71103215014,18088.71103215014,23614.0,23614.0,23934.0,-5845.288967849861,337.1518963098615
2023-10-19,1360.7110321501386,1500.0,900,900,0.0,0.0,0.0,0.0,0,0,100,17782.71103215014,17782.71103215014,17737.71103215014,23594.0,23594.0,23544.0,-5806.288967849861,298.13200611486127
2023-10-20,1360.7110321501386,1500.0,900,900,0.0,0.0,0.0,0.0,0,0,100,17764.71103215014,17764.71103215014,17413.71103215014,23574.0,23574.0,23184.0,-5770.288967849861,262.11364593486155
2023-10-23,1360.7110321501386,1500.0,900,900,0.0,0.0,0.0,0.0,0,0,100,15955.711032150139,15955.711032150139,15955.711032150139,21564.0,21564.0,21564.0,-5608.288967849861,100.03102512486134
2023-10-24,24.03221549513887,1500.0,1000,1000,0.0,5.013316655,0.0,0.0,100,0,0,14839.711032150139,14834.03221549514,15284.03221549514,20324.0,20324.0,20774.0,-5489.967784504861,0.0
2023-10-25,13545.36026819514,1500.0,0,0,0.0,11.901947300000002,0.0,0.0,0,1000,0,15344.03221549514,15344.03221549514,15045.36026819514,20834.0,20834.0,20554.0,-5508.63973180486,6.545199504858829
2023-10-26,133.52620119513995,1500.0,1000,1000,0.0,5.134067,0.0,0.0,1000,0,0,15045.36026819514,15033.52620119514,15463.52620119514,20414.0,20414.0,20844.0,-5380.47379880486,0.0
2023-10-27,14184.31908904514,1500.0,0,0,0.0,12.17211215,0.0,0.0,0,1000,0,15463.52620119514,15463.52620119514,15684.31908904514,20844.0,20844.0,21084.0,-5399.680910954859,0.0
2023-10-30,102.1433186951399,1500.0,1000,1000,0.0,5.14077035,0.0,0.0,1000,0,0,15684.31908904514,15622.14331869514,16202.14331869514,21084.0,21034.0,21614.0,-5411.85668130486,0.0
2023-10-31,102.1433186951399,1500.0,1000,1000,0.0,0.0,0.0,0.0,0,0,0,16422.14331869514,16422.14331869514,16322.14331869514,21834.0,21834.0,21734.0,-5411.85668130486,0.0
2023-11-01,102.1433186951399,1500.0,1000,1000,0.0,0.0,0.0,0.0,0,0,0,16362.14331869514,16362.14331869514,16132.14331869514,21774.0,21774.0,21544.0,-5411.85668130486,0.0
2023-11-02,102.1433186951399,1500.0,1000,1000,0.0,0.0,0.0,0.0,0,0,0,16482.14331869514,16482.14331869514,16202.14331869514,21894.0,21894.0,21614.0,-5411.85668130486,0.0
2023-11-03,102.1433186951399,1500.0,1000,1000,0.0,0.0,0.0,0.0,0,0,0,16282.14331869514,16282.14331869514,16352.14331869514,21694.0,21694.0,21764.0,-5411.85668130486,0.0
2023-11-06,102.1433186951399,1500.0,1000,1000,0.0,0.0,0.0,0.0,0,0,0,16522.14331869514,16522.14331869514,16572.14331869514,21934.0,21934.0,21984.0,-5411.85668130486,0.0
2023-11-07,102.1433186951399,1500.0,1000,1000,0.0,0.0,0.0,0.0,0,0,0,16572.14331869514,16572.14331869514,16992.14331869514,21984.0,21984.0,22404.0,-5411.85668130486,0.0
2023-11-08,102.1433186951399,1500.0,1000,1000,0.0,0.0,0.0,0.0,0,0,0,16952.14331869514,16952.14331869514,16902.14331869514,22364.0,22364.0,22314.0,-5411.85668130486,0.0
2023-11-09,102.1433186951399,1500.0,1000,1000,0.0,0.0,0.0,0.0,0,0,0,17102.14331869514,17102.14331869514,17192.14331869514,22514.0,22514.0,22604.0,-5411.85668130486,0.0
2023-11-10,102.1433186951399,1500.0,1000,1000,0.0,0.0,0.0,0.0,0,0,0,17002.14331869514,17002.14331869514,17012.14331869514,22414.0,22414.0,22424.0,-5411.85668130486,0.0
2023-11-13,102.1433186951399,1500.0,1000,1000,0.0,0.0,0.0,0.0,0,0,0,17252.14331869514,17252.14331869514,17712.14331869514,22664.0,22664.0,23124.0,-5411.85668130486,0.0
2023-11-14,102.1433186951399,1500.0,1000,1000,0.0,0.0,0.0,0.0,0,0,0,17752.14331869514,17752.14331869514,17972.14331869514,23164.0,23164.0,23384.0,-5411.85668130486,0.0
2023-11-15,102.1433186951399,1500.0,1000,1000,0.0,0.0,0.0,0.0,0,0,0,18082.14331869514,18082.14331869514,18012.14331869514,23494.0,23494.0,23424.0,-5411.85668130486,0.0
2023-11-16,102.1433186951399,1500.0,1000,1000,0.0,0.0,0.0,0.0,0,0,0,17802.14331869514,17802.14331869514,17542.14331869514,23214.0,23214.0,22954.0,-5411.85668130486,0.0
2023-11-17,102.1433186951399,1500.0,1000,1000,0.0,0.0,0.0,0.0,0,0,0,17472.14331869514,17472.14331869514,17952.14331869514,22884.0,22884.0,23364.0,-5411.85668130486,0.0
2023-11-20,102.1433186951399,1500.0,1000,1000,0.0,0.0,0.0,0.0,0,0,0,17892.14331869514,17892.14331869514,17722.14331869514,23304.0,23304.0,23134.0,-5411.85668130486,0.0
2023-11-21,102.1433186951399,1500.0,1000,1000,0.0,0.0,0.0,0.0,0,0,0,17792.14331869514,17792.14331869514,17562.14331869514,23204.0,23204.0,22974.0,-5411.85668130486,0.0
2023-11-22,102.1433186951399,1500.0,1000,1000,0.0,0.0,0.0,0.0,0,0,0,17502.14331869514,17502.14331869514,17172.14331869514,22914.0,22914.0,22584.0,-5411.85668130486,0.0
2023-11-23,15801.270127295142,1500.0,0,0,0.0,13.013191400000002,0.0,0.0,0,1000,0,17332.14331869514,17332.14331869514,17301.27012729514,22744.0,22744.0,22734.0,-5432.729872704858,0.0
2023-11-24,13.227348445143434,1500.0,1000,1000,0.0,10.15777885,0.0,0.0,1000,0,0,17301.27012729514,17013.227348445143,16913.227348445143,22814.0,22514.0,22414.0,-5500.772651554857,0.0
2023-11-27,13.227348445143434,1500.0,1000,1000,0.0,0.0,0.0,0.0,0,0,0,16613.227348445143,16613.227348445143,16403.227348445143,22114.0,22114.0,21904.0,-5500.772651554857,0.0
2023-11-28,15142.929711695144,1500.0,0,0,0.0,12.722636750000001,0.0,0.0,0,1000,0,16283.227348445143,16283.227348445143,16642.929711695142,21784.0,21784.0,22164.0,-5521.070288304858,19.796864054855178
2023-11-29,1495.975793520145,1500.0,900,900,0.0,5.136418175,0.0,0.0,900,0,100,16642.929711695142,16630.975793520145,16450.975793520145,22164.0,22164.0,21964.0,-5513.024206479855,4.78666395485493
2023-11-30,1495.975793520145,1500.0,900,900,0.0,0.0,0.0,0.0,0,0,100,16567.975793520145,16567.975793520145,16585.975793520145,22094.0,22094.0,22114.0,-5528.024206479855,19.79431402985483
2023-12-01,1495.975793520145,1500.0,900,900,0.0,0.0,0.0,0.0,0,0,100,16540.975793520145,16540.975793520145,16630.975793520145,22064.0,22064.0,22164.0,-5533.024206479855,24.79686405485495
2023-12-04,1495.975793520145,1500.0,900,900,0.0,0.0,0.0,0.0,0,0,100,16684.975793520145,16684.975793520145,16297.975793520145,22224.0,22224.0,21794.0,-5496.024206479855,0.0
2023-12-05,15.22353614514509,1500.0,1000,1000,0.0,5.014757375,0.0,0.0,100,0,0,16270.975793520145,16155.223536145146,15665.223536145146,21764.0,21654.0,21164.0,-5498.776463854854,0.0
2023-12-06,14245.834669895146,1500.0,0,0,0.0,12.26386625,0.0,0.0,0,1000,0,15655.223536145146,15655.223536145146,15745.834669895146,21154.0,21154.0,21264.0,-5518.165330104854,16.43290135485404
2023-12-07,1292.234185185147,1500.0,900,900,0.0,5.12948471,0.0,0.0,900,0,100,15745.834669895146,15734.234185185147,15689.234185185147,21394.0,21394.0,21344.0,-5654.765814814853,146.4966519798529
2023-12-08,1292.234185185147,1500.0,900,900,0.0,0.0,0.0,0.0,0,0,100,15716.234185185147,15716.234185185147,16976.234185185145,21374.0,21374.0,22774.0,-5797.765814814855,289.5695826948531
2023-12-11,1292.234185185147,1500.0,900,900,0.0,0.0,0.0,0.0,0,0,100,16985.234185185145,16985.234185185145,16823.234185185145,22784.0,22784.0,22604.0,-5780.765814814855,272.56091260985295
2023-12-12,1292.234185185147,1500.0,900,900,0.0,0.0,0.0,0.0,0,0,100,16841.234185185145,16841.234185185145,16526.234185185145,22624.0,22624.0,22274.0,-5747.765814814855,239.54408244485285
2023-12-13,1292.234185185147,1500.0,900,900,0.0,0.0,0.0,0.0,0,0,100,16526.234185185145,16526.234185185145,16364.234185185147,22274.0,22274.0,22094.0,-5729.765814814853,221.53490235485287
2023-12-14,1292.234185185147,1500.0,900,900,0.0,0.0,0.0,0.0,0,0,100,16454.234185185145,16454.234185185145,16292.234185185147,22194.0,22194.0,22014.0,-5721.765814814853,213.5308223148529
2023-12-15,1292.234185185147,1500.0,900,900,0.0,0.0,0.0,0.0,0,0,100,16382.234185185147,16382.234185185147,16094.234185185147,22114.0,22114.0,21794.0,-5699.765814814853,191.51960220485284
2023-12-18,1292.234185185147,1500.0,900,900,0.0,0.0,0.0,0.0,0,0,100,16094.234185185147,16094.234185185147,16319.234185185147,21794.0,21794.0,22044.0,-5724.765814814853,216.53235232985276
2023-12-19,1292.234185185147,1500.0,900,900,0.0,0.0,0.0,0.0,0,0,100,16256.234185185147,16256.234185185147,16445.234185185145,21974.0,21974.0,22184.0,-5738.765814814855,230.53949239985286
2023-12-20,1292.234185185147,1500.0,900,900,0.0,0.0,0.0,0.0,0,0,100,16445.234185185145,16445.234185185145,15887.234185185147,22184.0,22184.0,21564.0,-5676.765814814853,168.50787208985298
2023-12-21,1292.234185185147,1500.0,900,900,0.0,0.0,0.0,0.0,0,0,100,15887.234185185147,15887.234185185147,15905.234185185147,21564.0,21564.0,21584.0,-5678.765814814853,170.50889209985303
2023-12-22,1292.234185185147,1500.0,900,900,0.0,0.0,0.0,0.0,0,0,100,15851.234185185147,15851.234185185147,15680.234185185147,21524.0,21524.0,21334.0,-5653.765814814853,145.4961419748529
2023-12-25,1292.234185185147,1500.0,900,900,0.0,0.0,0.0,0.0,0,0,100,15572.234185185147,15572.234185185147,15581.234185185147,21214.0,21214.0,21224.0,-5642.765814814853,134.49053191985286
2023-12-26,1292.234185185147,1500.0,900,900,0.0,0.0,0.0,0.0,0,0,100,15500.234185185147,15500.234185185147,15275.234185185147,21134.0,21134.0,20884.0,-5608.765814814853,100.47319174985296
2023-12-27,1292.234185185147,1500.0,900,900,0.0,0.0,0.0,0.0,0,0,100,15347.234185185147,15347.234185185147,15329.234185185147,20964.0,20964.0,20944.0,-5614.765814814853,106.4762517798531
2023-12-28,1292.234185185147,1500.0,900,900,0.0,0.0,0.0,0.0,0,0,100,15563.234185185147,15563.234185185147,16112.234185185147,21204.0,21204.0,21814.0,-5701.765814814853,193.52062221485312
2023-12-29,1292.234185185147,1500.0,900,900,0.0,0.0,0.0,0.0,0,0,100,16112.234185185147,16112.234185185147,16400.234185185145,21814.0,21814.0,22134.0,-5733.765814814855,225.53694237485297
2024-01-02,1292.234185185147,1500.0,900,900,0.0,0.0,0.0,0.0,0,0,100,16292.234185185147,16292.234185185147,15572.234185185147,22014.0,22014.0,21214.0,-5641.765814814853,133.49002191485283
2024-01-03,1292.234185185147,1500.0,900,900,0.0,0.0,0.0,0.0,0,0,100,15491.234185185147,15491.234185185147,15284.234185185147,21124.0,21124.0,20894.0,-5609.765814814853,101.47370175485298
2024-01-04,1292.234185185147,1500.0,900,900,0.0,0.0,0.0,0.0,0,0,100,15194.234185185147,15194.234185185147,14915.234185185147,20794.0,20794.0,20484.0,-5568.765814814853,60.45279154985292
2024-01-05,1292.234185185147,1500.0,900,900,0.0,0.0,0.0,0.0,0,0,100,14897.234185185147,14897.234185185147,14762.234185185147,20464.0,20464.0,20314.0,-5551.765814814853,43.44412146485297
2024-01-08,1292.234185185147,1500.0,900,900,0.0,0.0,0.0,0.0,0,0,100,14708.234185185147,14708.234185185147,14564.234185185147,20254.0,20254.0,20094.0,-5529.765814814853,21.432901354852902
2024-01-09,1292.234185185147,1500.0,900,900,0.0,0.0,0.0,0.0,0,0,100,14789.234185185147,14789.234185185147,14663.234185185147,20344.0,20344.0,20204.0,-5540.765814814853,32.438511409852936
2024-01-10,1292.234185185147,1500.0,900,900,0.0,0.0,0.0,0.0,0,0,100,14564.234185185147,14564.234185185147,14411.234185185147,20094.0,20094.0,19924.0,-5512.765814814853,4.424231269852953
2024-01-11,1292.234185185147,1500.0,900,900,0.0,0.0,0.0,0.0,0,0,100,14456.234185185147,14456.234185185147,14627.234185185147,19974.0,19974.0,20164.0,-5536.765814814853,28.436471389853068
2024-01-12,0.5783187551469382,1500.0,1000,1000,0.0,5.01286643,0.0,0.0,100,0,0,14492.234185185147,14370.578318755146,14360.578318755146,20014.0,19884.0,19874.0,-5513.421681244854,0.0
2024-01-15,0.5783187551469382,1500.0,1000,1000,0.0,0.0,0.0,0.0,0,0,0,14300.578318755146,14300.578318755146,14220.578318755146,19814.0,19814.0,19734.0,-5513.421681244854,0.0
2024-01-16,0.5783187551469382,1500.0,1000,1000,0.0,0.0,0.0,0.0,0,0,0,14140.578318755146,14140.578318755146,14410.578318755146,19654.0,19654.0,19924.0,-5513.421681244854,0.0
2024-01-17,0.5783187551469382,1500.0,1000,1000,0.0,0.0,0.0,0.0,0,0,0,14370.578318755146,14370.578318755146,14180.578318755146,19884.0,19884.0,19694.0,-5513.421681244854,0.0
2024-01-18,0.5783187551469382,1500.0,1000,1000,0.0,0.0,0.0,0.0,0,0,0,14180.578318755146,14180.578318755146,15210.578318755146,19694.0,19694.0,20724.0,-5513.421681244854,0.0
2024-01-19,0.5783187551469382,1500.0,1000,1000,0.0,0.0,0.0,0.0,0,0,0,15340.578318755146,15340.578318755146,15700.578318755146,20854.0,20854.0,21214.0,-5513.421681244854,0.0
2024-01-22,0.5783187551469382,1500.0,1000,1000,0.0,0.0,0.0,0.0,0,0,0,16210.578318755146,16210.578318755146,15900.578318755146,21724.0,21724.0,21414.0,-5513.421681244854,0.0
2024-01-23,0.5783187551469382,1500.0,1000,1000,0.0,0.0,0.0,0.0,0,0,0,15550.578318755146,15550.578318755146,16000.578318755146,21064.0,21064.0,21514.0,-5513.421681244854,0.0
2024-01-24,0.5783187551469382,1500.0,1000,1000,0.0,0.0,0.0,0.0,0,0,0,16120.578318755146,16120.578318755146,16000.578318755146,21634.0,21634.0,21514.0,-5513.421681244854,0.0
2024-01-25,0.5783187551469382,1500.0,1000,1000,0.0,0.0,0.0,0.0,0,0,0,15950.578318755146,15950.578318755146,16580.578318755146,21464.0,21464.0,22094.0,-5513.421681244854,0.0
2024-01-26,0.5783187551469382,1500.0,1000,1000,0.0,0.0,0.0,0.0,0,0,0,16330.578318755146,16330.578318755146,15910.578318755146,21844.0,21844.0,21424.0,-5513.421681244854,0.0
2024-01-29,0.5783187551469382,1500.0,1000,1000,0.0,0.0,0.0,0.0,0,0,0,15720.578318755146,15720.578318755146,15090.578318755146,21234.0,21234.0,20604.0,-5513.421681244854,0.0
2024-01-30,13481.946761255145,1500.0,0,0,0.0,11.8815575,0.0,0.0,0,1000,0,15050.578318755146,15050.578318755146,14981.946761255145,20564.0,20564.0,20514.0,-5532.053238744855,29.938306244854175
2024-01-31,170.16369475514512,1500.0,1000,1000,0.0,5.1330665,0.0,0.0,1000,0,0,14981.946761255145,14970.163694755145,14980.163694755145,20314.0,20314.0,20324.0,-5343.836305244855,0.0
2024-02-01,14710.461807555146,1500.0,0,0,0.0,12.4218872,0.0,0.0,0,1000,0,14800.163694755145,14800.163694755145,16210.461807555146,20144.0,20144.0,21574.0,-5363.538192444854,0.0
2024-02-02,158.0463348551475,1500.0,1000,1000,0.0,5.1454727,0.0,0.0,1000,0,0,16210.461807555146,16198.046334855148,15578.046334855148,21554.0,21554.0,20934.0,-5355.9536651448525,0.0
2024-02-05,158.0463348551475,1500.0,1000,1000,0.0,0.0,0.0,0.0,0,0,0,15538.046334855148,15538.046334855148,16428.04633485515,20894.0,20894.0,21784.0,-5355.953665144851,0.0
2024-02-06,158.0463348551475,1500.0,1000,1000,0.0,0.0,0.0,0.0,0,0,0,15958.046334855148,15958.046334855148,17188.04633485515,21314.0,21314.0,22544.0,-5355.953665144851,0.0
2024-02-07,158.0463348551475,1500.0,1000,1000,0.0,0.0,0.0,0.0,0,0,0,16928.04633485515,16928.04633485515,16958.04633485515,22284.0,22284.0,22314.0,-5355.953665144851,0.0
2024-02-08,158.0463348551475,1500.0,1000,1000,0.0,0.0,0.0,0.0,0,0,0,17158.04633485515,17158.04633485515,17358.04633485515,22514.0,22514.0,22714.0,-5355.953665144851,0.0
2024-02-19,158.0463348551475,1500.0,1000,1000,0.0,0.0,0.0,0.0,0,0,0,18358.04633485515,18358.04633485515,18928.04633485515,23714.0,23714.0,24284.0,-5355.953665144851,0.0
2024-02-20,158.0463348551475,1500.0,1000,1000,0.0,0.0,0.0,0.0,0,0,0,19558.04633485515,19558.04633485515,20148.04633485515,24914.0,24914.0,25504.0,-5355.953665144851,0.0
2024-02-21,158.0463348551475,1500.0,1000,1000,0.0,0.0,0.0,0.0,0,0,0,19388.04633485515,19388.04633485515,19208.04633485515,24744.0,24744.0,24564.0,-5355.953665144851,0.0
2024-02-22,158.0463348551475,1500.0,1000,1000,0.0,0.0,0.0,0.0,0,0,0,19908.04633485515,19908.04633485515,19848.04633485515,25264.0,25264.0,25204.0,-5355.953665144851,0.0
2024-02-23,158.0463348551475,1500.0,1000,1000,0.0,0.0,0.0,0.0,0,0,0,20478.04633485515,20478.04633485515,19828.04633485515,25834.0,25834.0,25184.0,-5355.953665144851,0.0
2024-02-26,158.0463348551475,1500.0,1000,1000,0.0,0.0,0.0,0.0,0,0,0,19258.04633485515,19258.04633485515,19328.04633485515,24614.0,24614.0,24684.0,-5355.953665144851,0.0
2024-02-27,158.0463348551475,1500.0,1000,1000,0.0,0.0,0.0,0.0,0,0,0,19248.04633485515,19248.04633485515,20988.04633485515,24604.0,24604.0,26344.0,-5355.953665144851,0.0
2024-02-28,158.0463348551475,1500.0,1000,1000,0.0,0.0,0.0,0.0,0,0,0,20708.04633485515,20708.04633485515,19858.04633485515,26064.0,26064.0,25214.0,-5355.953665144851,0.0
2024-02-29,158.0463348551475,1500.0,1000,1000,0.0,0.0,0.0,0.0,0,0,0,19818.04633485515,19818.04633485515,20348.04633485515,25174.0,25174.0,25704.0,-5355.953665144851,0.0
2024-03-01,158.0463348551475,1500.0,1000,1000,0.0,0.0,0.0,0.0,0,0,0,20708.04633485515,20708.04633485515,21678.04633485515,26064.0,26064.0,27034.0,-5355.953665144851,0.0
2024-03-04,158.0463348551475,1500.0,1000,1000,0.0,0.0,0.0,0.0,0,0,0,22458.04633485515,22458.04633485515,23678.04633485515,27814.0,27814.0,29034.0,-5355.953665144851,0.0
2024-03-05,158.0463348551475,1500.0,1000,1000,0.0,0.0,0.0,0.0,0,0,0,23358.04633485515,23358.04633485515,24408.04633485515,28714.0,28714.0,29764.0,-5355.953665144851,0.0
2024-03-06,158.0463348551475,1500.0,1000,1000,0.0,0.0,0.0,0.0,0,0,0,23728.04633485515,23728.04633485515,23668.04633485515,29084.0,29084.0,29024.0,-5355.953665144851,0.0
2024-03-07,158.0463348551475,1500.0,1000,1000,0.0,0.0,0.0,0.0,0,0,0,24128.04633485515,24128.04633485515,24268.04633485515,29484.0,29484.0,29624.0,-5355.953665144851,0.0
2024-03-08,158.0463348551475,1500.0,1000,1000,0.0,0.0,0.0,0.0,0,0,0,24758.04633485515,24758.04633485515,26528.04633485515,30114.0,30114.0,31884.0,-5355.953665144851,0.0
2024-03-11,158.0463348551475,1500.0,1000,1000,0.0,0.0,0.0,0.0,0,0,0,25338.04633485515,25338.04633485515,27478.04633485515,30694.0,30694.0,32834.0,-5355.953665144851,0.0
2024-03-12,158.0463348551475,1500.0,1000,1000,0.0,0.0,0.0,0.0,0,0,0,26918.04633485515,26918.04633485515,26458.04633485515,32274.0,32274.0,31814.0,-5355.953665144851,0.0
2024-03-13,158.0463348551475,1500.0,1000,1000,0.0,0.0,0.0,0.0,0,0,0,27198.04633485515,27198.04633485515,26008.04633485515,32554.0,32554.0,31364.0,-5355.953665144851,0.0
2024-03-14,158.0463348551475,1500.0,1000,1000,0.0,0.0,0.0,0.0,0,0,0,24428.04633485515,24428.04633485515,24508.04633485515,29784.0,29784.0,29864.0,-5355.953665144851,0.0
2024-03-15,23209.74142025515,1500.0,0,0,0.0,16.764914600000004,0.0,0.0,0,1000,0,24148.04633485515,24148.04633485515,24709.74142025515,29504.0,29504.0,30094.0,-5384.258579744848,0.0
2024-03-18,2088.9777647301526,1500.0,900,900,0.0,5.211155525,0.0,0.0,900,0,100,24709.74142025515,26097.977764730153,26097.977764730153,30464.0,32024.0,32024.0,-5926.022235269847,418.297757774847
2024-03-19,2088.9777647301526,1500.0,900,900,0.0,0.0,0.0,0.0,0,0,100,25548.977764730153,25548.977764730153,26547.977764730153,31414.0,31414.0,32524.0,-5976.022235269847,468.3232580248473
2024-03-20,2088.9777647301526,1500.0,900,900,0.0,0.0,0.0,0.0,0,0,100,26358.977764730153,26358.977764730153,26160.977764730153,32314.0,32314.0,32094.0,-5933.022235269847,425.3013278098474
2024-03-21,2088.9777647301526,1500.0,900,900,0.0,0.0,0.0,0.0,0,0,100,26160.977764730153,26160.977764730153,26079.977764730153,32094.0,32094.0,32004.0,-5924.022235269847,416.2967377648474
2024-03-22,2088.9777647301526,1500.0,900,900,0.0,0.0,0.0,0.0,0,0,100,25926.977764730153,25926.977764730153,25575.977764730153,31834.0,31834.0,31444.0,-5868.022235269847,360.268177484847
2024-03-25,2088.9777647301526,1500.0,900,900,0.0,0.0,0.0,0.0,0,0,100,25953.977764730153,25953.977764730153,25107.977764730153,31864.0,31864.0,30924.0,-5816.022235269847,308.24165722484713
2024-03-26,2088.9777647301526,1500.0,900,900,0.0,0.0,0.0,0.0,0,0,100,25188.977764730153,25188.977764730153,24945.977764730153,31014.0,31014.0,30744.0,-5798.022235269847,290.23247713484716
2024-03-27,2088.9777647301526,1500.0,900,900,0.0,0.0,0.0,0.0,0,0,100,24621.977764730153,24621.977764730153,23757.977764730153,30384.0,30384.0,29424.0,-5666.022235269847,158.1651564748472
2024-03-28,2088.9777647301526,1500.0,900,900,0.0,0.0,0.0,0.0,0,0,100,23766.977764730153,23766.977764730153,24693.977764730153,29434.0,29434.0,30464.0,-5770.022235269847,262.21819699484695
2024-03-29,2088.9777647301526,1500.0,900,900,0.0,0.0,0.0,0.0,0,0,100,24414.977764730153,24414.977764730153,24081.977764730153,30154.0,30154.0,29784.0,-5702.022235269847,194.1835166548476
2024-04-01,2088.9777647301526,1500.0,900,900,0.0,0.0,0.0,0.0,0,0,100,24198.977764730153,24198.977764730153,24567.977764730153,29914.0,29914.0,30324.0,-5756.022235269847,248.21105692484753
2024-04-02,2088.9777647301526,1500.0,900,900,0.0,0.0,0.0,0.0,0,0,100,24504.977764730153,24504.977764730153,24198.977764730153,30254.0,30254.0,29914.0,-5715.022235269847,207.19014671984723
2024-04-03,2088.9777647301526,1500.0,900,900,0.0,0.0,0.0,0.0,0,0,100,24018.977764730153,24018.977764730153,23316.977764730153,29714.0,29714.0,28934.0,-5617.022235269847,109.14016622984764
2024-04-08,2088.9777647301526,1500.0,900,900,0.0,0.0,0.0,0.0,0,0,100,23118.977764730153,23118.977764730153,23388.977764730153,28714.0,28714.0,29014.0,-5625.022235269847,117.14424626984737
2024-04-09,2088.9777647301526,1500.0,900,900,0.0,0.0,0.0,0.0,0,0,100,23523.977764730153,23523.977764730153,23289.977764730153,29164.0,29164.0,28904.0,-5614.022235269847,106.13863621484734
2024-04-10,2088.9777647301526,1500.0,900,900,0.0,0.0,0.0,0.0,0,0,100,23109.977764730153,23109.977764730153,22578.977764730153,28704.0,28704.0,28114.0,-5535.022235269847,27.098345819847054
2024-04-11,2088.9777647301526,1500.0,900,900,0.0,0.0,0.0,0.0,0,0,100,22695.977764730153,22695.977764730153,22713.977764730153,28244.0,28244.0,28264.0,-5550.022235269847,42.10599589484764
2024-04-12,2088.9777647301526,1500.0,900,900,0.0,0.0,0.0,0.0,0,0,100,23208.977764730153,23208.977764730153,23622.977764730153,28814.0,28814.0,29274.0,-5651.022235269847,143.15750639984708
2024-04-15,2088.9777647301526,1500.0,900,900,0.0,0.0,0.0,0.0,0,0,100,23280.977764730153,23280.977764730153,23604.977764730153,28894.0,28894.0,29254.0,-5649.022235269847,141.1564863898475
2024-04-16,2088.9777647301526,1500.0,900,900,0.0,0.0,0.0,0.0,0,0,100,22965.977764730153,22965.977764730153,23217.977764730153,28544.0,28544.0,28824.0,-5606.022235269847,98.13455617484715
2024-04-17,2088.9777647301526,1500.0,900,900,0.0,0.0,0.0,0.0,0,0,100,23838.977764730153,23838.977764730153,23838.977764730153,29514.0,29514.0,29514.0,-5675.022235269847,167.16974651984765
2024-04-18,2088.9777647301526,1500.0,900,900,0.0,0.0,0.0,0.0,0,0,100,23262.977764730153,23262.977764730153,24198.977764730153,28874.0,28874.0,29914.0,-5715.022235269847,207.19014671984723
2024-04-19,2088.9777647301526,1500.0,900,900,0.0,0.0,0.0,0.0,0,0,100,23757.977764730153,23757.977764730153,23433.977764730153,29424.0,29424.0,29064.0,-5630.022235269847,122.14679629484726
2024-04-22,44.938374540152836,1500.0,1000,1000,0.0,5.02039019,0.0,0.0,100,0,0,21930.977764730153,21924.938374540154,22384.938374540154,27394.0,27394.0,27854.0,-5469.061625459846,0.0
2024-04-23,20609.147724990155,1500.0,0,0,0.0,15.495649550000001,0.0,0.0,0,1000,0,22594.938374540154,22594.938374540154,22109.147724990155,28064.0,28064.0,27604.0,-5494.8522750098455,0.0
2024-04-24,1676.4994504001552,1500.0,900,900,0.0,5.18927459,0.0,0.0,900,0,100,22109.147724990155,22094.499450400155,23192.499450400155,28034.0,28034.0,29254.0,-6061.500549599845,553.6348007198449
2024-04-25,1676.4994504001552,1500.0,900,900,0.0,0.0,0.0,0.0,0,0,100,22670.499450400155,22670.499450400155,23147.499450400155,28674.0,28674.0,29204.0,-6056.500549599845,548.632250694845
2024-04-26,1676.4994504001552,1500.0,900,900,0.0,0.0,0.0,0.0,0,0,100,24074.499450400155,24074.499450400155,25145.499450400155,30234.0,30234.0,31424.0,-6278.500549599845,770.7454718048448
2024-04-29,1676.4994504001552,1500.0,900,900,0.0,0.0,0.0,0.0,0,0,100,25460.499450400155,25460.499450400155,25244.499450400155,31774.0,31774.0,31534.0,-6289.500549599845,781.7510818598444
2024-04-30,1676.4994504001552,1500.0,900,900,0.0,0.0,0.0,0.0,0,0,100,25946.499450400155,25946.499450400155,25226.499450400155,32314.0,32314.0,31514.0,-6287.500549599845,779.7500618498448
2024-05-06,1676.4994504001552,1500.0,900,900,0.0,0.0,0.0,0.0,0,0,100,25676.499450400155,25676.499450400155,25514.499450400155,32014.0,32014.0,31834.0,-6319.500549599845,811.7663820098446
2024-05-07,1676.4994504001552,1500.0,900,900,0.0,0.0,0.0,0.0,0,0,100,25856.499450400155,25856.499450400155,26018.499450400155,32214.0,32214.0,32394.0,-6375.500549599845,867.7949422898446
2024-05-08,1676.4994504001552,1500.0,900,900,0.0,0.0,0.0,0.0,0,0,100,25442.499450400155,25442.499450400155,25190.499450400155,31754.0,31754.0,31474.0,-6283.500549599845,775.7480218298447
2024-05-09,1676.4994504001552,1500.0,900,900,0.0,0.0,0.0,0.0,0,0,100,25046.499450400155,25046.499450400155,24974.499450400155,31314.0,31314.0,31234.0,-6259.500549599845,751.7357817098446
2024-05-10,1676.4994504001552,1500.0,900,900,0.0,0.0,0.0,0.0,0,0,100,24776.499450400155,24776.499450400155,24704.499450400155,31014.0,31014.0,30934.0,-6229.500549599845,721.7204815598448
2024-05-13,1676.4994504001552,1500.0,900,900,0.0,0.0,0.0,0.0,0,0,100,24713.499450400155,24713.499450400155,24776.499450400155,30944.0,30944.0,31014.0,-6237.500549599845,729.7245615998445
2024-05-14,1676.4994504001552,1500.0,900,900,0.0,0.0,0.0,0.0,0,0,100,25136.499450400155,25136.499450400155,24596.499450400155,31414.0,31414.0,30814.0,-6217.500549599845,709.7143614998449
2024-05-15,1676.4994504001552,1500.0,900,900,0.0,0.0,0.0,0.0,0,0,100,24668.499450400155,24668.499450400155,25046.499450400155,30894.0,30894.0,31314.0,-6267.500549599845,759.7398617498443
2024-05-16,1676.4994504001552,1500.0,900,900,0.0,0.0,0.0,0.0,0,0,100,26333.499450400155,26333.499450400155,26198.499450400155,32744.0,32744.0,32594.0,-6395.500549599845,887.8051423898446
2024-05-17,1676.4994504001552,1500.0,900,900,0.0,0.0,0.0,0.0,0,0,100,25856.499450400155,25856.499450400155,26306.499450400155,32214.0,32214.0,32714.0,-6407.500549599845,899.8112624498449
2024-05-20,1676.4994504001552,1500.0,900,900,0.0,0.0,0.0,0.0,0,0,100,25946.499450400155,25946.499450400155,26774.499450400155,32314.0,32314.0,33234.0,-6459.500549599845,951.8377827098443
2024-05-21,1676.4994504001552,1500.0,900,900,0.0,0.0,0.0,0.0,0,0,100,26522.499450400155,26522.499450400155,26324.499450400155,32954.0,32954.0,32734.0,-6409.500549599845,901.8122824598449
2024-05-22,1676.4994504001552,1500.0,900,900,0.0,0.0,0.0,0.0,0,0,100,26297.499450400155,26297.499450400155,26063.499450400155,32704.0,32704.0,32444.0,-6380.500549599845,872.7974923148445
2024-05-23,1676.4994504001552,1500.0,900,900,0.0,0.0,0.0,0.0,0,0,100,26576.499450400155,26576.499450400155,26234.499450400155,33014.0,33014.0,32634.0,-6399.500549599845,891.8071824098447
2024-05-24,1676.4994504001552,1500.0,900,900,0.0,0.0,0.0,0.0,0,0,100,25856.499450400155,25856.499450400155,24911.499450400155,32214.0,32214.0,31164.0,-6252.500549599845,744.7322116748446
2024-05-27,1676.4994504001552,1500.0,900,900,0.0,0.0,0.0,0.0,0,0,100,25316.499450400155,25316.499450400155,25550.499450400155,31614.0,31614.0,31874.0,-6323.500549599845,815.7684220298447
2024-05-28,1676.4994504001552,1500.0,900,900,0.0,0.0,0.0,0.0,0,0,100,25361.499450400155,25361.499450400155,24884.499450400155,31664.0,31664.0,31134.0,-6249.500549599845,741.7306816598443
2024-05-29,1676.4994504001552,1500.0,900,900,0.0,0.0,0.0,0.0,0,0,100,25451.499450400155,25451.499450400155,24965.499450400155,31764.0,31764.0,31224.0,-6258.500549599845,750.7352717048443
2024-05-30,1676.4994504001552,1500.0,900,900,0.0,0.0,0.0,0.0,0,0,100,24776.499450400155,24776.499450400155,24722.499450400155,31014.0,31014.0,30954.0,-6231.500549599845,723.7215015698443
2024-05-31,1676.4994504001552,1500.0,900,900,0.0,0.0,0.0,0.0,0,0,100,24479.499450400155,24479.499450400155,23795.499450400155,30684.0,30684.0,29924.0,-6128.500549599845,620.6689710548449
2024-06-03,1676.4994504001552,1500.0,900,900,0.0,0.0,0.0,0.0,0,0,100,23795.499450400155,23795.499450400155,24659.499450400155,29924.0,29924.0,30884.0,-6224.500549599845,716.7179315348449
2024-06-04,1676.4994504001552,1500.0,900,900,0.0,0.0,0.0,0.0,0,0,100,24659.499450400155,24659.499450400155,24587.499450400155,30884.0,30884.0,30804.0,-6216.500549599845,708.7138514948447
2024-06-05,1676.4994504001552,1500.0,900,900,0.0,0.0,0.0,0.0,0,0,100,24479.499450400155,24479.499450400155,24506.499450400155,30684.0,30684.0,30714.0,-6207.500549599845,699.7092614498447
2024-06-06,1676.4994504001552,1500.0,900,900,0.0,0.0,0.0,0.0,0,0,100,25568.499450400155,25568.499450400155,26639.499450400155,31894.0,31894.0,33084.0,-6444.500549599845,936.8301326348446
2024-06-07,1676.4994504001552,1500.0,900,900,0.0,0.0,0.0,0.0,0,0,100,26441.499450400155,26441.499450400155,25253.499450400155,32864.0,32864.0,31544.0,-6290.500549599845,782.7515918648446
2024-06-11,1676.4994504001552,1500.0,900,900,0.0,0.0,0.0,0.0,0,0,100,25226.499450400155,25226.499450400155,24965.499450400155,31514.0,31514.0,31224.0,-6258.500549599845,750.7352717048443
2024-06-12,1676.4994504001552,1500.0,900,900,0.0,0.0,0.0,0.0,0,0,100,25271.499450400155,25271.499450400155,25109.499450400155,31564.0,31564.0,31384.0,-6274.500549599845,766.7434317848447
2024-06-13,1676.4994504001552,1500.0,900,900,0.0,0.0,0.0,0.0,0,0,100,25496.499450400155,25496.499450400155,26486.499450400155,31814.0,31814.0,32914.0,-6427.500549599845,919.8214625498449
2024-06-14,1676.4994504001552,1500.0,900,900,0.0,0.0,0.0,0.0,0,0,100,26621.499450400155,26621.499450400155,27683.499450400155,33064.0,33064.0,34244.0,-6560.500549599845,1052.8892932148447
2024-06-17,1676.4994504001552,1500.0,900,900,0.0,0.0,0.0,0.0,0,0,100,27539.499450400155,27539.499450400155,27935.499450400155,34084.0,34084.0,34524.0,-6588.500549599845,1080.9035733548444
2024-06-18,1676.4994504001552,1500.0,900,900,0.0,0.0,0.0,0.0,0,0,100,27953.499450400155,27953.499450400155,28934.499450400155,34544.0,34544.0,35634.0,-6699.500549599845,1191.960183909845
2024-06-19,1676.4994504001552,1500.0,900,900,0.0,0.0,0.0,0.0,0,0,100,29447.499450400155,29447.499450400155,28799.499450400155,36204.0,36204.0,35484.0,-6684.500549599845,1176.9525338348449
2024-06-20,1676.4994504001552,1500.0,900,900,0.0,0.0,0.0,0.0,0,0,100,28799.499450400155,28799.499450400155,28925.499450400155,35484.0,35484.0,35624.0,-6698.500549599845,1190.9596739048447
2024-06-21,1676.4994504001552,1500.0,900,900,0.0,0.0,0.0,0.0,0,0,100,27926.499450400155,27926.499450400155,28799.499450400155,34514.0,34514.0,35484.0,-6684.500549599845,1176.9525338348449
2024-06-24,1676.4994504001552,1500.0,900,900,0.0,0.0,0.0,0.0,0,0,100,28196.499450400155,28196.499450400155,27971.499450400155,34814.0,34814.0,34564.0,-6592.500549599845,1084.905613374845
2024-06-25,1676.4994504001552,1500.0,900,900,0.0,0.0,0.0,0.0,0,0,100,27260.499450400155,27260.499450400155,26972.499450400155,33774.0,33774.0,33454.0,-6481.500549599845,973.8490028198444
2024-06-26,1676.4994504001552,1500.0,900,900,0.0,0.0,0.0,0.0,0,0,100,27584.499450400155,27584.499450400155,27629.499450400155,34134.0,34134.0,34184.0,-6554.500549599845,1046.8862331848445
2024-06-27,1676.4994504001552,1500.0,900,900,0.0,0.0,0.0,0.0,0,0,100,27179.499450400155,27179.499450400155,27305.499450400155,33684.0,33684.0,33824.0,-6518.500549599845,1010.8678730048446
2024-06-28,1676.4994504001552,1500.0,900,900,0.0,0.0,0.0,0.0,0,0,100,27206.499450400155,27206.499450400155,27836.499450400155,33714.0,33714.0,34414.0,-6577.500549599845,1069.8979632998448
2024-07-01,1676.4994504001552,1500.0,900,900,0.0,0.0,0.0,0.0,0,0,100,27845.499450400155,27845.499450400155,28376.499450400155,34424.0,34424.0,35014.0,-6637.500549599845,1129.9285635998444
2024-07-02,1676.4994504001552,1500.0,900,900,0.0,0.0,0.0,0.0,0,0,100,28151.499450400155,28151.499450400155,27800.499450400155,34764.0,34764.0,34374.0,-6573.500549599845,1065.8959232798447
2024-07-03,1676.4994504001552,1500.0,900,900,0.0,0.0,0.0,0.0,0,0,100,27611.499450400155,27611.499450400155,27818.499450400155,34164.0,34164.0,34394.0,-6575.500549599845,1067.8969432898443
2024-07-04,1676.4994504001552,1500.0,900,900,0.0,0.0,0.0,0.0,0,0,100,28151.499450400155,28151.499450400155,27719.499450400155,34764.0,34764.0,34284.0,-6564.500549599845,1056.8913332348448
2024-07-05,1676.4994504001552,1500.0,900,900,0.0,0.0,0.0,0.0,0,0,100,27476.499450400155,27476.499450400155,27548.499450400155,34014.0,34014.0,34094.0,-6545.500549599845,1037.8816431398445
2024-07-08,1676.4994504001552,1500.0,900,900,0.0,0.0,0.0,0.0,0,0,100,27359.499450400155,27359.499450400155,27440.499450400155,33884.0,33884.0,33974.0,-6533.500549599845,1025.8755230798447
2024-07-09,1676.4994504001552,1500.0,900,900,0.0,0.0,0.0,0.0,0,0,100,27566.499450400155,27566.499450400155,29276.499450400155,34114.0,34114.0,36014.0,-6737.500549599845,1229.9795640998445
2024-07-10,1676.4994504001552,1500.0,900,900,0.0,0.0,0.0,0.0,0,0,100,29276.499450400155,29276.499450400155,29231.499450400155,36014.0,36014.0,35964.0,-6732.500549599845,1224.9770140748446
2024-07-11,1676.4994504001552,1500.0,900,900,0.0,0.0,0.0,0.0,0,0,100,29681.499450400155,29681.499450400155,29060.499450400155,36464.0,36464.0,35774.0,-6713.500549599845,1205.9673239798444
2024-07-12,1676.4994504001552,1500.0,900,900,0.0,0.0,0.0,0.0,0,0,100,28061.499450400155,28061.499450400155,27710.499450400155,34664.0,34664.0,34274.0,-6563.500549599845,1055.8908232298445
2024-07-15,1676.4994504001552,1500.0,900,900,0.0,0.0,0.0,0.0,0,0,100,27611.499450400155,27611.499450400155,27440.499450400155,34164.0,34164.0,33974.0,-6533.500549599845,1025.8755230798447
2024-07-16,1676.4994504001552,1500.0,900,900,0.0,0.0,0.0,0.0,0,0,100,27440.499450400155,27440.499450400155,27890.499450400155,33974.0,33974.0,34474.0,-6583.500549599845,1075.901023329845
2024-07-17,1676.4994504001552,1500.0,900,900,0.0,0.0,0.0,0.0,0,0,100,27530.499450400155,27530.499450400155,26531.499450400155,34074.0,34074.0,32964.0,-6432.500549599845,924.8240125748443
2024-07-18,1676.4994504001552,1500.0,900,900,0.0,0.0,0.0,0.0,0,0,100,25514.499450400155,25514.499450400155,26045.499450400155,31834.0,31834.0,32424.0,-6378.500549599845,870.7964723048449
2024-07-19,1676.4994504001552,1500.0,900,900,0.0,0.0,0.0,0.0,0,0,100,25649.499450400155,25649.499450400155,25370.499450400155,31984.0,31984.0,31674.0,-6303.500549599845,795.7582219298447
2024-07-22,1676.4994504001552,1500.0,900,900,0.0,0.0,0.0,0.0,0,0,100,25217.499450400155,25217.499450400155,25595.499450400155,31504.0,31504.0,31924.0,-6328.500549599845,820.7709720548446
2024-07-23,1676.4994504001552,1500.0,900,900,0.0,0.0,0.0,0.0,0,0,100,25991.499450400155,25991.499450400155,25262.499450400155,32364.0,32364.0,31554.0,-6291.500549599845,783.7521018698449
2024-07-24,1676.4994504001552,1500.0,900,900,0.0,0.0,0.0,0.0,0,0,100,25136.499450400155,25136.499450400155,25046.499450400155,31414.0,31414.0,31314.0,-6267.500549599845,759.7398617498443
2024-07-25,1676.4994504001552,1500.0,900,900,0.0,0.0,0.0,0.0,0,0,100,24326.499450400155,24326.499450400155,24056.499450400155,30514.0,30514.0,30214.0,-6157.500549599845,649.6837611998449
2024-07-26,1676.4994504001552,1500.0,900,900,0.0,0.0,0.0,0.0,0,0,100,24056.499450400155,24056.499450400155,24326.499450400155,30214.0,30214.0,30514.0,-6187.500549599845,679.6990613498447
2024-07-29,1676.4994504001552,1500.0,900,900,0.0,0.0,0.0,0.0,0,0,100,24236.499450400155,24236.499450400155,24596.499450400155,30414.0,30414.0,30814.0,-6217.500549599845,709.7143614998449
2024-07-30,1676.4994504001552,1500.0,900,900,0.0,0.0,0.0,0.0,0,0,100,24317.499450400155,24317.499450400155,23741.499450400155,30504.0,30504.0,29864.0,-6122.500549599845,614.6659110248447
2024-07-31,1676.4994504001552,1500.0,900,900,0.0,0.0,0.0,0.0,0,0,100,23660.499450400155,23660.499450400155,24632.499450400155,29774.0,29774.0,30854.0,-6221.500549599845,713.716401519845
2024-08-01,1676.4994504001552,1500.0,900,900,0.0,0.0,0.0,0.0,0,0,100,25316.499450400155,25316.499450400155,24749.499450400155,31614.0,31614.0,30984.0,-6234.500549599845,726.7230315848446
2024-08-02,1676.4994504001552,1500.0,900,900,0.0,0.0,0.0,0.0,0,0,100,23813.499450400155,23813.499450400155,23273.499450400155,29944.0,29944.0,29344.0,-6070.500549599845,562.6393907648448
2024-08-05,1676.4994504001552,1500.0,900,900,0.0,0.0,0.0,0.0,0,0,100,22166.499450400155,22166.499450400155,21554.499450400155,28114.0,28114.0,27434.0,-5879.500549599845,371.5419798098451
2024-08-06,1676.4994504001552,1500.0,900,900,0.0,0.0,0.0,0.0,0,0,100,22103.499450400155,22103.499450400155,21905.499450400155,28044.0,28044.0,27824.0,-5918.500549599845,410.5618700048449
2024-08-07,1676.4994504001552,1500.0,900,900,0.0,0.0,0.0,0.0,0,0,100,21716.499450400155,21716.499450400155,21536.499450400155,27614.0,27614.0,27414.0,-5877.500549599845,369.5409597998446
2024-08-08,1676.4994504001552,1500.0,900,900,0.0,0.0,0.0,0.0,0,0,100,21176.499450400155,21176.499450400155,21608.499450400155,27014.0,27014.0,27494.0,-5885.500549599845,377.5450398398448
2024-08-09,1676.4994504001552,1500.0,900,900,0.0,0.0,0.0,0.0,0,0,100,21896.499450400155,21896.499450400155,21887.499450400155,27814.0,27814.0,27804.0,-5916.500549599845,408.56084999484483
2024-08-12,1676.4994504001552,1500.0,900,900,0.0,0.0,0.0,0.0,0,0,100,21635.499450400155,21635.499450400155,21752.499450400155,27524.0,27524.0,27654.0,-5901.500549599845,393.5531999198447
2024-08-13,1676.4994504001552,1500.0,900,900,0.0,0.0,0.0,0.0,0,0,100,21941.499450400155,21941.499450400155,21878.499450400155,27864.0,27864.0,27794.0,-5915.500549599845,407.5603399898446
2024-08-14,1676.4994504001552,1500.0,900,900,0.0,0.0,0.0,0.0,0,0,100,22256.499450400155,22256.499450400155,22418.499450400155,28214.0,28214.0,28394.0,-5975.500549599845,467.59094028984464
2024-08-15,1676.4994504001552,2022.0,900,900,52.2,0.0,0.0,0.0,0,0,100,22312.299450400154,22312.299450400154,22240.299450400154,28334.0,28334.0,28254.0,-6013.7005495998455,447.75421992984474
2024-08-16,1676.4994504001552,2022.0,900,900,52.2,0.0,0.0,0.0,0,0,100,22555.299450400154,22555.299450400154,22600.299450400154,28604.0,28604.0,28654.0,-6053.7005495998455,487.7746201298448
2024-08-19,1676.4994504001552,2022.0,900,900,52.2,0.0,0.0,0.0,0,0,100,22546.299450400154,22546.299450400154,22348.299450400154,28594.0,28594.0,28374.0,-6025.7005495998455,459.76033998984457
2024-08-20,1676.4994504001552,2022.0,900,900,52.2,0.0,0.0,0.0,0,0,100,22645.299450400154,22645.299450400154,22231.299450400154,28704.0,28704.0,28244.0,-6012.7005495998455,446.7537099248445
2024-08-21,1676.4994504001552,2022.0,900,900,52.2,0.0,0.0,0.0,0,0,100,21916.299450400154,21916.299450400154,22339.299450400154,27894.0,27894.0,28364.0,-6024.7005495998455,458.75982998484477
2024-08-22,1676.4994504001552,2022.0,900,900,52.2,0.0,0.0,0.0,0,0,100,22348.299450400154,22348.299450400154,21997.299450400154,28374.0,28374.0,27984.0,-5986.7005495998455,420.7404497948448
2024-08-23,1676.4994504001552,2022.0,900,900,52.2,0.0,0.0,0.0,0,0,100,21826.299450400154,21826.299450400154,22060.299450400154,27794.0,27794.0,28054.0,-5993.7005495998455,427.7440198298447
2024-08-26,1676.4994504001552,2022.0,900,900,52.2,0.0,0.0,0.0,0,0,100,22186.299450400154,22186.299450400154,21754.299450400154,28194.0,28194.0,27714.0,-5959.7005495998455,393.7266796598446
2024-08-27,1676.4994504001552,2022.0,900,900,52.2,0.0,0.0,0.0,0,0,100,21646.299450400154,21646.299450400154,21421.299450400154,27594.0,27594.0,27344.0,-5922.7005495998455,356.70780947484485
2024-08-28,1676.4994504001552,2022.0,900,900,52.2,0.0,0.0,0.0,0,0,100,21286.299450400154,21286.299450400154,21439.299450400154,27194.0,27194.0,27364.0,-5924.7005495998455,358.70882948484467
2024-08-29,1676.4994504001552,2022.0,900,900,52.2,0.0,0.0,0.0,0,0,100,20746.299450400154,20746.299450400154,20944.299450400154,26594.0,26594.0,26814.0,-5869.7005495998455,303.6807792098445
2024-08-30,1676.4994504001552,2022.0,900,900,52.2,0.0,0.0,0.0,0,0,100,20818.299450400154,20818.299450400154,22069.299450400154,26674.0,26674.0,28064.0,-5994.7005495998455,428.7445298348445
2024-09-02,1676.4994504001552,2022.0,900,900,52.2,0.0,0.0,0.0,0,0,100,21979.299450400154,21979.299450400154,21151.299450400154,27964.0,27964.0,27044.0,-5892.7005495998455,326.6925093248446
2024-09-03,1676.4994504001552,2022.0,900,900,52.2,0.0,0.0,0.0,0,0,100,21052.299450400154,21052.299450400154,21142.299450400154,26934.0,26934.0,27034.0,-5891.7005495998455,325.691999319845
2024-09-04,1676.4994504001552,2022.0,900,900,52.2,0.0,0.0,0.0,0,0,100,20296.299450400154,20296.299450400154,20674.299450400154,26094.0,26094.0,26514.0,-5839.7005495998455,273.6654790598449
2024-09-05,1676.4994504001552,2022.0,900,900,52.2,0.0,0.0,0.0,0,0,100,20620.299450400154,20620.299450400154,20638.299450400154,26454.0,26454.0,26474.0,-5835.7005495998455,269.66343903984483
2024-09-06,1676.4994504001552,2022.0,900,900,52.2,0.0,0.0,0.0,0,0,100,20629.299450400154,20629.299450400154,20170.299450400154,26464.0,26464.0,25954.0,-5783.7005495998455,217.63691877984473
2024-09-09,1676.4994504001552,2022.0,900,900,52.2,0.0,0.0,0.0,0,0,100,19963.299450400154,19963.299450400154,20386.299450400154,25724.0,25724.0,26194.0,-5807.7005495998455,241.64915889984485
2024-09-10,1676.4994504001552,2022.0,900,900,52.2,0.0,0.0,0.0,0,0,100,20386.299450400154,20386.299450400154,20584.299450400154,26194.0,26194.0,26414.0,-5829.7005495998455,263.6603790098447
2024-09-11,1676.4994504001552,2022.0,900,900,52.2,0.0,0.0,0.0,0,0,100,20494.299450400154,20494.299450400154,20548.299450400154,26314.0,26314.0,26374.0,-5825.7005495998455,259.6583389898446
2024-09-12,1676.4994504001552,2022.0,900,900,52.2,0.0,0.0,0.0,0,0,100,21097.299450400154,21097.299450400154,20602.299450400154,26984.0,26984.0,26434.0,-5831.7005495998455,265.66139901984474
2024-09-13,1676.4994504001552,2022.0,900,900,52.2,0.0,0.0,0.0,0,0,100,20620.299450400154,20620.299450400154,20971.299450400154,26454.0,26454.0,26844.0,-5872.7005495998455,306.6823092248446
2024-09-18,1676.4994504001552,2022.0,900,900,52.2,0.0,0.0,0.0,0,0,100,20746.299450400154,20746.299450400154,20521.299450400154,26594.0,26594.0,26344.0,-5822.7005495998455,256.65680897484475
2024-09-19,1676.4994504001552,2022.0,900,900,52.2,0.0,0.0,0.0,0,0,100,20629.299450400154,20629.299450400154,20611.299450400154,26464.0,26464.0,26444.0,-5832.7005495998455,266.661909024845
2024-09-20,1676.4994504001552,2022.0,900,900,52.2,0.0,0.0,0.0,0,0,100,20746.299450400154,20746.299450400154,20620.299450400154,26594.0,26594.0,26454.0,-5833.7005495998455,267.6624190298448
2024-09-23,1676.4994504001552,2022.0,900,900,52.2,0.0,0.0,0.0,0,0,100,20431.299450400154,20431.299450400154,20485.299450400154,26244.0,26244.0,26304.0,-5818.7005495998455,252.65476895484466
2024-09-24,1676.4994504001552,2022.0,900,900,52.2,0.0,0.0,0.0,0,0,100,20656.299450400154,20656.299450400154,22168.299450400154,26494.0,26494.0,28174.0,-6005.7005495998455,439.750139889845
2024-09-25,1676.4994504001552,2022.0,900,900,52.2,0.0,0.0,0.0,0,0,100,22834.299450400154,22834.299450400154,22609.299450400154,28914.0,28914.0,28664.0,-6054.7005495998455,488.7751301348446
2024-09-26,1676.4994504001552,2022.0,900,900,52.2,0.0,0.0,0.0,0,0,100,22645.299450400154,22645.299450400154,23140.299450400154,28704.0,28704.0,29254.0,-6113.7005495998455,547.8052204298449
2024-09-27,1676.4994504001552,2022.0,900,900,52.2,0.0,0.0,0.0,0,0,100,23464.299450400154,23464.299450400154,24346.299450400154,29614.0,29614.0,30594.0,-6247.7005495998455,681.8735610998449
2024-09-30,1676.4994504001552,2022.0,900,900,52.2,0.0,0.0,0.0,0,0,100,25516.299450400154,25516.299450400154,26317.299450400154,31894.0,31894.0,32784.0,-6466.7005495998455,900.9852521948444
2024-10-08,1676.4994504001552,2022.0,900,900,52.2,0.0,0.0,0.0,0,0,100,28585.299450400154,28585.299450400154,28585.299450400154,35304.0,35304.0,35304.0,-6718.7005495998455,1153.113773454845
2024-10-09,1676.4994504001552,2022.0,900,900,52.2,0.0,0.0,0.0,0,0,100,28576.299450400154,28576.299450400154,27046.299450400154,35294.0,35294.0,33594.0,-6547.7005495998455,982.0265625998447
2024-10-10,1676.4994504001552,2022.0,900,900,52.2,0.0,0.0,0.0,0,0,100,27514.299450400154,27514.299450400154,26866.299450400154,34114.0,34114.0,33394.0,-6527.7005495998455,962.0163624998447
2024-10-11,1676.4994504001552,2022.0,900,900,52.2,0.0,0.0,0.0,0,0,100,26506.299450400154,26506.299450400154,25777.299450400154,32994.0,32994.0,32184.0,-6406.7005495998455,840.9546518948448
2024-10-14,1676.4994504001552,2022.0,900,900,52.2,0.0,0.0,0.0,0,0,100,25732.299450400154,25732.299450400154,26290.299450400154,32134.0,32134.0,32754.0,-6463.7005495998455,897.9837221798446
2024-10-15,1676.4994504001552,2022.0,900,900,52.2,0.0,0.0,0.0,0,0,100,26317.299450400154,26317.299450400154,25786.299450400154,32784.0,32784.0,32194.0,-6407.7005495998455,841.955161899845
2024-10-16,1676.4994504001552,2022.0,900,900,52.2,0.0,0.0,0.0,0,0,100,24895.299450400154,24895.299450400154,24823.299450400154,31204.0,31204.0,31124.0,-6300.7005495998455,734.900591364845
2024-10-17,1676.4994504001552,2022.0,900,900,52.2,0.0,0.0,0.0,0,0,100,25039.299450400154,25039.299450400154,24985.299450400154,31364.0,31364.0,31304.0,-6318.7005495998455,752.909771454845
2024-10-18,1676.4994504001552,2022.0,900,900,52.2,0.0,0.0,0.0,0,0,100,25228.299450400154,25228.299450400154,27118.299450400154,31574.0,31574.0,33674.0,-6555.7005495998455,990.0306426398445
2024-10-21,1676.4994504001552,2022.0,900,900,52.2,0.0,0.0,0.0,0,0,100,27775.299450400154,27775.299450400154,27226.299450400154,34404.0,34404.0,33794.0,-6567.7005495998455,1002.0367626998448
2024-10-22,1676.4994504001552,2022.0,900,900,52.2,0.0,0.0,0.0,0,0,100,27487.299450400154,27487.299450400154,27280.299450400154,34084.0,34084.0,33854.0,-6573.7005495998455,1008.0398227298444
2024-10-23,1676.4994504001552,2022.0,900,900,52.2,0.0,0.0,0.0,0,0,100,26857.299450400154,26857.299450400154,26695.299450400154,33384.0,33384.0,33204.0,-6508.7005495998455,943.0066724048445
2024-10-24,1676.4994504001552,2022.0,900,900,52.2,0.0,0.0,0.0,0,0,100,26290.299450400154,26290.299450400154,26461.299450400154,32754.0,32754.0,32944.0,-6482.7005495998455,916.9934122748448
2024-10-25,1676.4994504001552,2022.0,900,900,52.2,0.0,0.0,0.0,0,0,100,26497.299450400154,26497.299450400154,26740.299450400154,32984.0,32984.0,33254.0,-6513.7005495998455,948.0092224298448
2024-10-28,1676.4994504001552,2022.0,900,900,52.2,0.0,0.0,0.0,0,0,100,26425.299450400154,26425.299450400154,26380.299450400154,32904.0,32904.0,32854.0,-6473.7005495998455,907.9888222298448
2024-10-29,1676.4994504001552,2022.0,900,900,52.2,0.0,0.0,0.0,0,0,100,26326.299450400154,26326.299450400154,26191.299450400154,32794.0,32794.0,32644.0,-6452.7005495998455,886.978112124845
2024-10-30,1676.4994504001552,2022.0,900,900,52.2,0.0,0.0,0.0,0,0,100,26056.299450400154,26056.299450400154,26002.299450400154,32494.0,32494.0,32434.0,-6431.7005495998455,865.9674020198447
2024-10-31,1676.4994504001552,2022.0,900,900,52.2,0.0,0.0,0.0,0,0,100,25696.299450400154,25696.299450400154,25471.299450400154,32094.0,32094.0,31844.0,-6372.7005495998455,806.9373117248449
2024-11-01,1676.4994504001552,2022.0,900,900,52.2,0.0,0.0,0.0,0,0,100,25111.299450400154,25111.299450400154,24958.299450400154,31444.0,31444.0,31274.0,-6315.7005495998455,749.9082414398447
2024-11-04,1676.4994504001552,2022.0,900,900,52.2,0.0,0.0,0.0,0,0,100,25048.299450400154,25048.299450400154,25543.299450400154,31374.0,31374.0,31924.0,-6380.7005495998455,814.9413917648446
2024-11-05,1676.4994504001552,2022.0,900,900,52.2,0.0,0.0,0.0,0,0,100,25552.299450400154,25552.299450400154,25921.299450400154,31934.0,31934.0,32344.0,-6422.7005495998455,856.9628119748447
2024-11-06,1676.4994504001552,2022.0,900,900,52.2,0.0,0.0,0.0,0,0,100,26146.299450400154,26146.299450400154,25408.299450400154,32594.0,32594.0,31774.0,-6365.7005495998455,799.9337416898445
2024-11-07,1676.4994504001552,2022.0,900,900,52.2,0.0,0.0,0.0,0,0,100,25210.299450400154,25210.299450400154,25822.299450400154,31554.0,31554.0,32234.0,-6411.7005495998455,845.9572019198447
2024-11-08,1676.4994504001552,2022.0,900,900,52.2,0.0,0.0,0.0,0,0,100,26056.299450400154,26056.299450400154,27028.299450400154,32494.0,32494.0,33574.0,-6545.7005495998455,980.0255425898447
2024-11-11,1676.4994504001552,2022.0,900,900,52.2,0.0,0.0,0.0,0,0,100,26416.299450400154,26416.299450400154,27955.299450400154,32894.0,32894.0,34604.0,-6648.7005495998455,1083.078073104845
2024-11-12,1676.4994504001552,2022.0,900,900,52.2,0.0,0.0,0.0,0,0,100,27955.299450400154,27955.299450400154,26794.299450400154,34604.0,34604.0,33314.0,-6519.7005495998455,954.012282459845
2024-11-13,1676.4994504001552,2022.0,900,900,52.2,0.0,0.0,0.0,0,0,100,26569.299450400154,26569.299450400154,27469.299450400154,33064.0,33064.0,34064.0,-6594.7005495998455,1029.0505328348447
2024-11-14,1676.4994504001552,2022.0,900,900,52.2,0.0,0.0,0.0,0,0,100,27568.299450400154,27568.299450400154,26029.299450400154,34174.0,34174.0,32464.0,-6434.7005495998455,868.968932034845
2024-11-15,1676.4994504001552,2022.0,900,900,52.2,0.0,0.0,0.0,0,0,100,25966.299450400154,25966.299450400154,25174.299450400154,32394.0,32394.0,31514.0,-6339.7005495998455,773.9204815598448
2024-11-18,1676.4994504001552,2022.0,900,900,52.2,0.0,0.0,0.0,0,0,100,25174.299450400154,25174.299450400154,24562.299450400154,31514.0,31514.0,30834.0,-6271.7005495998455,705.8858012198446
2024-11-19,1676.4994504001552,2022.0,900,900,52.2,0.0,0.0,0.0,0,0,100,24751.299450400154,24751.299450400154,24994.299450400154,31044.0,31044.0,31314.0,-6319.7005495998455,753.9102814598448
2024-11-20,1676.4994504001552,2022.0,900,900,52.2,0.0,0.0,0.0,0,0,100,24976.299450400154,24976.299450400154,25246.299450400154,31294.0,31294.0,31594.0,-6347.7005495998455,781.9245615998445
2024-11-21,1676.4994504001552,2022.0,900,900,52.2,0.0,0.0,0.0,0,0,100,24886.299450400154,24886.299450400154,24733.299450400154,31194.0,31194.0,31024.0,-6290.7005495998455,724.8954913148448
2024-11-22,1676.4994504001552,2022.0,900,900,52.2,0.0,0.0,0.0,0,0,100,24787.299450400154,24787.299450400154,24202.299450400154,31084.0,31084.0,30434.0,-6231.7005495998455,665.8654010198445
2024-11-25,1676.4994504001552,2022.0,900,900,52.2,0.0,0.0,0.0,0,0,100,24202.299450400154,24202.299450400154,23545.299450400154,30434.0,30434.0,29704.0,-6158.7005495998455,592.8281706548444
2024-11-26,1676.4994504001552,2022.0,900,900,52.2,0.0,0.0,0.0,0,0,100,23347.299450400154,23347.299450400154,23527.299450400154,29484.0,29484.0,29684.0,-6156.7005495998455,590.8271506448448
2024-11-27,1676.4994504001552,2022.0,900,900,52.2,0.0,0.0,0.0,0,0,100,23374.299450400154,23374.299450400154,23734.299450400154,29514.0,29514.0,29914.0,-6179.7005495998455,613.8388807598446
2024-11-28,1676.4994504001552,2022.0,900,900,52.2,0.0,0.0,0.0,0,0,100,23734.299450400154,23734.299450400154,23311.299450400154,29914.0,29914.0,29444.0,-6132.7005495998455,566.8149105248447
2024-11-29,1676.4994504001552,2022.0,900,900,52.2,0.0,0.0,0.0,0,0,100,23311.299450400154,23311.299450400154,23617.299450400154,29444.0,29444.0,29784.0,-6166.7005495998455,600.832250694845
2024-12-02,1676.4994504001552,2022.0,900,900,52.2,0.0,0.0,0.0,0,0,100,23509.299450400154,23509.299450400154,23950.299450400154,29664.0,29664.0,30154.0,-6203.7005495998455,637.8511208798448
2024-12-03,1676.4994504001552,2022.0,900,900,52.2,0.0,0.0,0.0,0,0,100,24058.299450400154,24058.299450400154,23662.299450400154,30274.0,30274.0,29834.0,-6171.7005495998455,605.8348007198449
2024-12-04,1676.4994504001552,2022.0,900,900,52.2,0.0,0.0,0.0,0,0,100,23671.299450400154,23671.299450400154,23338.299450400154,29844.0,29844.0,29474.0,-6135.7005495998455,569.816440539845
2024-12-05,1676.4994504001552,2022.0,900,900,52.2,0.0,0.0,0.0,0,0,100,23374.299450400154,23374.299450400154,23932.299450400154,29514.0,29514.0,30134.0,-6201.7005495998455,635.8501008698447
2024-12-06,1676.4994504001552,2022.0,900,900,52.2,0.0,0.0,0.0,0,0,100,23932.299450400154,23932.299450400154,23986.299450400154,30134.0,30134.0,30194.0,-6207.7005495998455,641.8531608998444
2024-12-09,1676.4994504001552,2022.0,900,900,52.2,0.0,0.0,0.0,0,0,100,24004.299450400154,24004.299450400154,23563.299450400154,30214.0,30214.0,29724.0,-6160.7005495998455,594.8291906648449
2024-12-10,1676.4994504001552,2022.0,900,900,52.2,0.0,0.0,0.0,0,0,100,23995.299450400154,23995.299450400154,23572.299450400154,30204.0,30204.0,29734.0,-6161.7005495998455,595.8297006698447
2024-12-11,1676.4994504001552,2022.0,900,900,52.2,0.0,0.0,0.0,0,0,100,23536.299450400154,23536.299450400154,23743.299450400154,29694.0,29694.0,29924.0,-6180.7005495998455,614.8393907648449
2024-12-12,1676.4994504001552,2022.0,900,900,52.2,0.0,0.0,0.0,0,0,100,23779.299450400154,23779.299450400154,23752.299450400154,29964.0,29964.0,29934.0,-6181.7005495998455,615.8399007698447
2024-12-13,1676.4994504001552,2022.0,900,900,52.2,0.0,0.0,0.0,0,0,100,23599.299450400154,23599.299450400154,22861.299450400154,29764.0,29764.0,28944.0,-6082.7005495998455,516.7894102748448
2024-12-16,1676.4994504001552,2022.0,900,900,52.2,0.0,0.0,0.0,0,0,100,22726.299450400154,22726.299450400154,22600.299450400154,28794.0,28794.0,28654.0,-6053.7005495998455,487.7746201298448
2024-12-17,1676.4994504001552,2022.0,900,900,52.2,0.0,0.0,0.0,0,0,100,22537.299450400154,22537.299450400154,23086.299450400154,28584.0,28584.0,29194.0,-6107.7005495998455,541.8021603998448
2024-12-18,1676.4994504001552,2022.0,900,900,52.2,0.0,0.0,0.0,0,0,100,23104.299450400154,23104.299450400154,22915.299450400154,29214.0,29214.0,29004.0,-6088.7005495998455,522.7924703048445
2024-12-19,1676.4994504001552,2022.0,900,900,52.2,0.0,0.0,0.0,0,0,100,22726.299450400154,22726.299450400154,23617.299450400154,28794.0,28794.0,29784.0,-6166.7005495998455,600.832250694845
2024-12-20,1676.4994504001552,2022.0,900,900,52.2,0.0,0.0,0.0,0,0,100,23473.299450400154,23473.299450400154,23464.299450400154,29624.0,29624.0,29614.0,-6149.7005495998455,583.8235806098444
2024-12-23,1676.4994504001552,2022.0,900,900,52.2,0.0,0.0,0.0,0,0,100,23653.299450400154,23653.299450400154,23491.299450400154,29824.0,29824.0,29644.0,-6152.7005495998455,586.8251106248447
2024-12-24,1676.4994504001552,2022.0,900,900,52.2,0.0,0.0,0.0,0,0,100,23545.299450400154,23545.299450400154,24346.299450400154,29704.0,29704.0,30594.0,-6247.7005495998455,681.8735610998449
2024-12-25,1676.4994504001552,2022.0,900,900,52.2,0.0,0.0,0.0,0,0,100,24373.299450400154,24373.299450400154,24094.299450400154,30624.0,30624.0,30314.0,-6219.7005495998455,653.8592809598447
2024-12-26,1676.4994504001552,2022.0,900,900,52.2,0.0,0.0,0.0,0,0,100,24022.299450400154,24022.299450400154,24643.299450400154,30234.0,30234.0,30924.0,-6280.7005495998455,714.8903912648445
2024-12-27,1676.4994504001552,2022.0,900,900,52.2,0.0,0.0,0.0,0,0,100,24490.299450400154,24490.299450400154,23995.299450400154,30754.0,30754.0,30204.0,-6208.7005495998455,642.8536709048446
2024-12-30,1676.4994504001552,2022.0,900,900,52.2,0.0,0.0,0.0,0,0,100,23941.299450400154,23941.299450400154,23851.299450400154,30144.0,30144.0,30044.0,-6192.7005495998455,626.8455108248447
2024-12-31,1676.4994504001552,2022.0,900,900,52.2,0.0,0.0,0.0,0,0,100,23860.299450400154,23860.299450400154,22996.299450400154,30054.0,30054.0,29094.0,-6097.7005495998455,531.7970603498445
2025-01-02,1676.4994504001552,2022.0,900,900,52.2,0.0,0.0,0.0,0,0,100,22906.299450400154,22906.299450400154,22285.299450400154,28994.0,28994.0,28304.0,-6018.7005495998455,452.75676995484463
2025-01-03,1676.4994504001552,2022.0,900,900,52.2,0.0,0.0,0.0,0,0,100,22222.299450400154,22222.299450400154,22141.299450400154,28234.0,28234.0,28144.0,-6002.7005495998455,436.7486098748447
2025-01-06,1676.4994504001552,2022.0,900,900,52.2,0.0,0.0,0.0,0,0,100,22357.299450400154,22357.299450400154,22249.299450400154,28384.0,28384.0,28264.0,-6014.7005495998455,448.754729934845
2025-01-07,1676.4994504001552,2022.0,900,900,52.2,0.0,0.0,0.0,0,0,100,22375.299450400154,22375.299450400154,22771.299450400154,28404.0,28404.0,28844.0,-6072.7005495998455,506.784310224845
2025-01-08,1676.4994504001552,2022.0,900,900,52.2,0.0,0.0,0.0,0,0,100,22456.299450400154,22456.299450400154,22213.299450400154,28494.0,28494.0,28224.0,-6010.7005495998455,444.7526899148449
2025-01-09,1676.4994504001552,2022.0,900,900,52.2,0.0,0.0,0.0,0,0,100,22204.299450400154,22204.299450400154,22132.299450400154,28214.0,28214.0,28134.0,-6001.7005495998455,435.7480998698449
2025-01-10,1676.4994504001552,2022.0,900,900,52.2,0.0,0.0,0.0,0,0,100,22087.299450400154,22087.299450400154,21421.299450400154,28084.0,28084.0,27344.0,-5922.7005495998455,356.70780947484485
2025-01-13,1676.4994504001552,2022.0,900,900,52.2,0.0,0.0,0.0,0,0,100,21178.299450400154,21178.299450400154,21394.299450400154,27074.0,27074.0,27314.0,-5919.7005495998455,353.7062794598448
2025-01-14,1676.4994504001552,2022.0,900,900,52.2,0.0,0.0,0.0,0,0,100,21421.299450400154,21421.299450400154,22159.299450400154,27344.0,27344.0,28164.0,-6004.7005495998455,438.74962988484475
2025-01-15,1676.4994504001552,2022.0,900,900,52.2,0.0,0.0,0.0,0,0,100,22096.299450400154,22096.299450400154,21772.299450400154,28094.0,28094.0,27734.0,-5961.7005495998455,395.72769966984464
2025-01-16,1676.4994504001552,2022.0,900,900,52.2,0.0,0.0,0.0,0,0,100,21961.299450400154,21961.299450400154,22402.299450400154,27944.0,27944.0,28434.0,-6031.7005495998455,465.7634000198447
2025-01-17,1676.4994504001552,2022.0,900,900,52.2,0.0,0.0,0.0,0,0,100,22258.299450400154,22258.299450400154,22240.299450400154,28274.0,28274.0,28254.0,-6013.7005495998455,447.75421992984474
2025-01-20,1676.4994504001552,2022.0,900,900,52.2,0.0,0.0,0.0,0,0,100,22465.299450400154,22465.299450400154,22339.299450400154,28504.0,28504.0,28364.0,-6024.7005495998455,458.75982998484477
2025-01-21,1676.4994504001552,2022.0,900,900,52.2,0.0,0.0,0.0,0,0,100,22510.299450400154,22510.299450400154,22735.299450400154,28554.0,28554.0,28804.0,-6068.7005495998455,502.7822702048449
2025-01-22,1676.4994504001552,2022.0,900,900,52.2,0.0,0.0,0.0,0,0,100,22924.299450400154,22924.299450400154,24643.299450400154,29014.0,29014.0,30924.0,-6280.7005495998455,714.8903912648445
2025-01-23,1676.4994504001552,2022.0,900,900,52.2,0.0,0.0,0.0,0,0,100,25075.299450400154,25075.299450400154,24346.299450400154,31404.0,31404.0,30594.0,-6247.7005495998455,681.8735610998449
2025-01-24,1676.4994504001552,2022.0,900,900,52.2,0.0,0.0,0.0,0,0,100,24085.299450400154,24085.299450400154,24661.299450400154,30304.0,30304.0,30944.0,-6282.7005495998455,716.891411274845
2025-01-27,1676.4994504001552,2022.0,900,900,52.2,0.0,0.0,0.0,0,0,100,23941.299450400154,23941.299450400154,22951.299450400154,30144.0,30144.0,29044.0,-6092.7005495998455,526.7945103248446
2025-02-05,1676.4994504001552,2022.0,900,900,52.2,0.0,0.0,0.0,0,0,100,22150.299450400154,22150.299450400154,21646.299450400154,28154.0,28154.0,27594.0,-5947.7005495998455,381.72055959984476
2025-02-06,1676.4994504001552,2022.0,900,900,52.2,0.0,0.0,0.0,0,0,100,21925.299450400154,21925.299450400154,22078.299450400154,27904.0,27904.0,28074.0,-5995.7005495998455,429.74503983984476
2025-02-07,1676.4994504001552,2022.0,900,900,52.2,0.0,0.0,0.0,0,0,100,22249.299450400154,22249.299450400154,23041.299450400154,28264.0,28264.0,29144.0,-6102.7005495998455,536.7996103748449
2025-02-10,1676.4994504001552,2022.0,900,900,52.2,0.0,0.0,0.0,0,0,100,23140.299450400154,23140.299450400154,23194.299450400154,29254.0,29254.0,29314.0,-6119.7005495998455,553.8082804598446
2025-02-11,1676.4994504001552,2022.0,900,900,52.2,0.0,0.0,0.0,0,0,100,23266.299450400154,23266.299450400154,23239.299450400154,29394.0,29394.0,29364.0,-6124.7005495998455,558.8108304848449
2025-02-12,1676.4994504001552,2022.0,900,900,52.2,0.0,0.0,0.0,0,0,100,23194.299450400154,23194.299450400154,23581.299450400154,29314.0,29314.0,29744.0,-6162.7005495998455,596.8302106748449
2025-02-13,1676.4994504001552,2022.0,900,900,52.2,0.0,0.0,0.0,0,0,100,23491.299450400154,23491.299450400154,23257.299450400154,29644.0,29644.0,29384.0,-6126.7005495998455,560.811850494845
2025-02-14,1676.4994504001552,2022.0,900,900,52.2,0.0,0.0,0.0,0,0,100,23275.299450400154,23275.299450400154,23536.299450400154,29404.0,29404.0,29694.0,-6157.7005495998455,591.827660649845
2025-02-17,1676.4994504001552,2022.0,900,900,52.2,0.0,0.0,0.0,0,0,100,23860.299450400154,23860.299450400154,24256.299450400154,30054.0,30054.0,30494.0,-6237.7005495998455,671.8684610498447
2025-02-18,1676.4994504001552,2022.0,900,900,52.2,0.0,0.0,0.0,0,0,100,24256.299450400154,24256.299450400154,24058.299450400154,30494.0,30494.0,30274.0,-6215.7005495998455,649.857240939845
2025-02-19,1676.4994504001552,2022.0,900,900,52.2,0.0,0.0,0.0,0,0,100,23986.299450400154,23986.299450400154,24562.299450400154,30194.0,30194.0,30834.0,-6271.7005495998455,705.8858012198446
2025-02-20,1676.4994504001552,2022.0,900,900,52.2,0.0,0.0,0.0,0,0,100,24391.299450400154,24391.299450400154,24004.299450400154,30644.0,30644.0,30214.0,-6209.7005495998455,643.8541809098449
2025-02-21,1676.4994504001552,2022.0,900,900,52.2,0.0,0.0,0.0,0,0,100,24229.299450400154,24229.299450400154,24526.299450400154,30464.0,30464.0,30794.0,-6267.7005495998455,701.8837611998449
2025-02-24,1676.4994504001552,2022.0,900,900,52.2,0.0,0.0,0.0,0,0,100,24688.299450400154,24688.299450400154,24535.299450400154,30974.0,30974.0,30804.0,-6268.7005495998455,702.8842712048447
2025-02-25,1676.4994504001552,2022.0,900,900,52.2,0.0,0.0,0.0,0,0,100,24166.299450400154,24166.299450400154,24418.299450400154,30394.0,30394.0,30674.0,-6255.7005495998455,689.8776411398451
2025-02-26,1676.4994504001552,2022.0,900,900,52.2,0.0,0.0,0.0,0,0,100,24337.299450400154,24337.299450400154,24139.299450400154,30584.0,30584.0,30364.0,-6224.7005495998455,658.861830984845
2025-02-27,1676.4994504001552,2022.0,900,900,52.2,0.0,0.0,0.0,0,0,100,24256.299450400154,24256.299450400154,23410.299450400154,30494.0,30494.0,29554.0,-6143.7005495998455,577.8205205798447
2025-02-28,1676.4994504001552,2022.0,900,900,52.2,0.0,0.0,0.0,0,0,100,22636.299450400154,22636.299450400154,22717.299450400154,28694.0,28694.0,28784.0,-6066.7005495998455,500.78125019484486
2025-03-03,1676.4994504001552,2022.0,900,900,52.2,0.0,0.0,0.0,0,0,100,22879.299450400154,22879.299450400154,22609.299450400154,28964.0,28964.0,28664.0,-6054.7005495998455,488.7751301348446
2025-03-04,1676.4994504001552,2022.0,900,900,52.2,0.0,0.0,0.0,0,0,100,21997.299450400154,21997.299450400154,22582.299450400154,27984.0,27984.0,28634.0,-6051.7005495998455,485.7736001198443
2025-03-05,1676.4994504001552,2022.0,900,900,52.2,0.0,0.0,0.0,0,0,100,22582.299450400154,22582.299450400154,22582.299450400154,28634.0,28634.0,28634.0,-6051.7005495998455,485.7736001198443
2025-03-06,1676.4994504001552,2022.0,900,900,52.2,0.0,0.0,0.0,0,0,100,22726.299450400154,22726.299450400154,22834.299450400154,28794.0,28794.0,28914.0,-6079.7005495998455,513.7878802598445
2025-03-07,1676.4994504001552,2022.0,900,900,52.2,0.0,0.0,0.0,0,0,100,22663.299450400154,22663.299450400154,22429.299450400154,28724.0,28724.0,28464.0,-6034.7005495998455,468.76493003484455
2025-03-10,1676.4994504001552,2022.0,900,900,52.2,0.0,0.0,0.0,0,0,100,22483.299450400154,22483.299450400154,22573.299450400154,28524.0,28524.0,28624.0,-6050.7005495998455,484.77309011484493
2025-03-11,1676.4994504001552,2022.0,900,900,52.2,0.0,0.0,0.0,0,0,100,22195.299450400154,22195.299450400154,22384.299450400154,28204.0,28204.0,28414.0,-6029.7005495998455,463.76238000984466
2025-03-12,1676.4994504001552,2022.0,900,900,52.2,0.0,0.0,0.0,0,0,100,22474.299450400154,22474.299450400154,22465.299450400154,28514.0,28514.0,28504.0,-6038.7005495998455,472.76697005484465
2025-03-13,1676.4994504001552,2022.0,900,900,52.2,0.0,0.0,0.0,0,0,100,22573.299450400154,22573.299450400154,22249.299450400154,28624.0,28624.0,28264.0,-6014.7005495998455,448.754729934845
2025-03-14,1676.4994504001552,2022.0,900,900,52.2,0.0,0.0,0.0,0,0,100,22375.299450400154,22375.299450400154,22780.299450400154,28404.0,28404.0,28854.0,-6073.7005495998455,507.7848202298448
2025-03-17,1676.4994504001552,2022.0,900,900,52.2,0.0,0.0,0.0,0,0,100,23086.299450400154,23086.299450400154,23014.299450400154,29194.0,29194.0,29114.0,-6099.7005495998455,533.798080359845
2025-03-18,1676.4994504001552,2022.0,900,900,52.2,0.0,0.0,0.0,0,0,100,22978.299450400154,22978.299450400154,23032.299450400154,29074.0,29074.0,29134.0,-6101.7005495998455,535.7991003698446
2025-03-19,1676.4994504001552,2022.0,900,900,52.2,0.0,0.0,0.0,0,0,100,22906.299450400154,22906.299450400154,22564.299450400154,28994.0,28994.0,28614.0,-6049.7005495998455,483.7725801098447
2025-03-20,1676.4994504001552,2022.0,900,900,52.2,0.0,0.0,0.0,0,0,100,22645.299450400154,22645.299450400154,22411.299450400154,28704.0,28704.0,28444.0,-6032.7005495998455,466.76391002484496
2025-03-21,1676.4994504001552,2022.0,900,900,52.2,0.0,0.0,0.0,0,0,100,22348.299450400154,22348.299450400154,22213.299450400154,28374.0,28374.0,28224.0,-6010.7005495998455,444.7526899148449
2025-03-24,1676.4994504001552,2022.0,900,900,52.2,0.0,0.0,0.0,0,0,100,22267.299450400154,22267.299450400154,22402.299450400154,28284.0,28284.0,28434.0,-6031.7005495998455,465.7634000198447
2025-03-25,1676.4994504001552,2022.0,900,900,52.2,0.0,0.0,0.0,0,0,100,22357.299450400154,22357.299450400154,22105.299450400154,28384.0,28384.0,28104.0,-5998.7005495998455,432.7465698548446
2025-03-26,1676.4994504001552,2022.0,900,900,52.2,0.0,0.0,0.0,0,0,100,22033.299450400154,22033.299450400154,21988.299450400154,28024.0,28024.0,27974.0,-5985.7005495998455,419.7399397898445
2025-03-27,1676.4994504001552,2022.0,900,900,52.2,0.0,0.0,0.0,0,0,100,21835.299450400154,21835.299450400154,21844.299450400154,27804.0,27804.0,27814.0,-5969.7005495998455,403.73177970984483
2025-03-28,1676.4994504001552,2022.0,900,900,52.2,0.0,0.0,0.0,0,0,100,21826.299450400154,21826.299450400154,21628.299450400154,27794.0,27794.0,27574.0,-5945.7005495998455,379.7195395898447
2025-03-31,1676.4994504001552,2022.0,900,900,52.2,0.0,0.0,0.0,0,0,100,21466.299450400154,21466.299450400154,21520.299450400154,27394.0,27394.0,27454.0,-5933.7005495998455,367.71341952984466
2025-04-01,1676.4994504001552,2022.0,900,900,52.2,0.0,0.0,0.0,0,0,100,21601.299450400154,21601.299450400154,21664.299450400154,27544.0,27544.0,27614.0,-5949.7005495998455,383.7215796098448
2025-04-02,1676.4994504001552,2022.0,900,900,52.2,0.0,0.0,0.0,0,0,100,21601.299450400154,21601.299450400154,21646.299450400154,27544.0,27544.0,27594.0,-5947.7005495998455,381.72055959984476
2025-04-03,1676.4994504001552,2022.0,900,900,52.2,0.0,0.0,0.0,0,0,100,21331.299450400154,21331.299450400154,20791.299450400154,27244.0,27244.0,26644.0,-5852.7005495998455,286.6721091248448
2025-04-07,1676.4994504001552,2022.0,900,900,52.2,0.0,0.0,0.0,0,0,100,19081.29945040015,19081.29945040015,19081.29945040015,24744.0,24744.0,24744.0,-5662.700549599849,96.57520817484438
2025-04-08,69.68293239515515,2022.0,1000,1000,52.2,5.016018005,0.0,0.0,100,0,0,18307.299450400154,18039.482932395153,17479.482932395153,23884.0,23594.0,23034.0,-5554.517067604847,0.0
2025-04-09,16325.993796545154,2022.0,0,0,0.0,13.32413585,52.2,0.0,0,1000,0,16619.482932395153,16619.482932395153,18347.993796545154,22174.0,22174.0,23924.0,-5576.006203454846,17.334585104843427
2025-04-10,202.77761599515725,2022.0,900,900,0.0,5.16118055,0.0,0.0,900,0,100,18347.993796545154,18334.777615995154,18388.777615995157,25494.0,25494.0,25554.0,-7165.222384004843,1599.1383529848426
2025-04-11,202.77761599515725,2022.0,900,900,0.0,0.0,0.0,0.0,0,0,100,18109.777615995154,18109.777615995154,18244.777615995157,25244.0,25244.0,25394.0,-7149.222384004843,1583.1301929048427
2025-04-14,202.77761599515725,2022.0,900,900,0.0,0.0,0.0,0.0,0,0,100,18784.777615995157,18784.777615995157,18352.77761599516,25994.0,25994.0,25514.0,-7161.222384004839,1595.136312964843
2025-04-15,202.77761599515725,2022.0,900,900,0.0,0.0,0.0,0.0,0,0,100,18352.77761599516,18352.77761599516,18514.77761599516,25514.0,25514.0,25694.0,-7179.222384004839,1613.145493054843
2025-04-16,202.77761599515725,2022.0,900,900,0.0,0.0,0.0,0.0,0,0,100,18424.777615995157,18424.777615995157,17974.777615995157,25594.0,25594.0,25094.0,-7119.222384004843,1553.1148927548427
2025-04-17,202.77761599515725,2022.0,900,900,0.0,0.0,0.0,0.0,0,0,100,17722.777615995154,17722.777615995154,17884.777615995154,24814.0,24814.0,24994.0,-7109.222384004846,1543.1097927048424
2025-04-18,202.77761599515725,2022.0,900,900,0.0,0.0,0.0,0.0,0,0,100,17884.777615995154,17884.777615995154,18028.777615995154,24994.0,24994.0,25154.0,-7125.222384004846,1559.1179527848424
2025-04-21,202.77761599515725,2022.0,900,900,0.0,0.0,0.0,0.0,0,0,100,18019.777615995157,18019.777615995157,18253.777615995154,25144.0,25144.0,25404.0,-7150.222384004846,1584.1307029098425
2025-04-22,202.77761599515725,2022.0,900,900,0.0,0.0,0.0,0.0,0,0,100,18154.777615995157,18154.777615995157,18226.77761599516,25294.0,25294.0,25374.0,-7147.222384004839,1581.1291728948427
2025-04-23,202.77761599515725,2022.0,900,900,0.0,0.0,0.0,0.0,0,0,100,18595.77761599516,18595.77761599516,18640.777615995157,25784.0,25784.0,25834.0,-7193.222384004843,1627.1526331248424
2025-04-24,202.77761599515725,2022.0,900,900,0.0,0.0,0.0,0.0,0,0,100,18658.777615995157,18658.777615995157,18352.77761599516,25854.0,25854.0,25514.0,-7161.222384004839,1595.136312964843
2025-04-25,202.77761599515725,2022.0,900,900,0.0,0.0,0.0,0.0,0,0,100,18505.777615995157,18505.777615995157,18640.777615995157,25684.0,25684.0,25834.0,-7193.222384004843,1627.1526331248424
2025-04-28,202.77761599515725,2022.0,900,900,0.0,0.0,0.0,0.0,0,0,100,18658.777615995157,18658.777615995157,18424.777615995157,25854.0,25854.0,25594.0,-7169.222384004843,1603.1403930048425
2025-04-29,202.77761599515725,2022.0,900,900,0.0,0.0,0.0,0.0,0,0,100,18415.777615995154,18415.777615995154,18505.777615995157,25584.0,25584.0,25684.0,-7178.222384004843,1612.1449830498427
2025-04-30,202.77761599515725,2022.0,900,900,0.0,0.0,0.0,0.0,0,0,100,18649.777615995157,18649.777615995157,18478.777615995154,25844.0,25844.0,25654.0,-7175.222384004846,1609.1434530348424
2025-05-06,202.77761599515725,2022.0,900,900,0.0,0.0,0.0,0.0,0,0,100,18694.777615995157,18694.777615995157,19153.777615995157,25894.0,25894.0,26404.0,-7250.222384004843,1684.1817034098424
2025-05-07,202.77761599515725,2022.0,900,900,0.0,0.0,0.0,0.0,0,0,100,19405.777615995157,19405.777615995157,18991.777615995157,26684.0,26684.0,26224.0,-7232.222384004843,1666.1725233198426
2025-05-08,202.77761599515725,2022.0,900,900,0.0,0.0,0.0,0.0,0,0,100,19054.777615995157,19054.777615995157,19351.777615995157,26294.0,26294.0,26624.0,-7272.222384004843,1706.1929235198427
2025-05-09,202.77761599515725,2022.0,900,900,0.0,0.0,0.0,0.0,0,0,100,19243.777615995157,19243.777615995157,19045.777615995157,26504.0,26504.0,26284.0,-7238.222384004843,1672.1755833498428
2025-05-12,202.77761599515725,2022.0,900,900,0.0,0.0,0.0,0.0,0,0,100,19423.777615995157,19423.777615995157,19567.777615995157,26704.0,26704.0,26864.0,-7296.222384004843,1730.2051636398426
2025-05-13,202.77761599515725,2022.0,900,900,0.0,0.0,0.0,0.0,0,0,100,20044.777615995157,20044.777615995157,19405.777615995157,27394.0,27394.0,26684.0,-7278.222384004843,1712.1959835498426
2025-05-14,202.77761599515725,2022.0,900,900,0.0,0.0,0.0,0.0,0,0,100,19756.777615995157,19756.777615995157,19819.777615995157,27074.0,27074.0,27144.0,-7324.222384004843,1758.2194437798428
2025-05-15,202.77761599515725,2022.0,900,900,0.0,0.0,0.0,0.0,0,0,100,19828.777615995157,19828.777615995157,19414.777615995157,27154.0,27154.0,26694.0,-7279.222384004843,1713.1964935548428
2025-05-16,202.77761599515725,2022.0,900,900,0.0,0.0,0.0,0.0,0,0,100,19324.777615995157,19324.777615995157,19522.777615995157,26594.0,26594.0,26814.0,-7291.222384004843,1725.2026136148424
2025-05-19,202.77761599515725,2022.0,900,900,0.0,0.0,0.0,0.0,0,0,100,19378.777615995157,19378.777615995157,19369.777615995157,26654.0,26654.0,26644.0,-7274.222384004843,1708.1939435298427
2025-05-20,202.77761599515725,2022.0,900,900,0.0,0.0,0.0,0.0,0,0,100,19369.777615995157,19369.777615995157,19378.777615995157,26644.0,26644.0,26654.0,-7275.222384004843,1709.1944535348425
2025-05-21,202.77761599515725,2022.0,900,900,0.0,0.0,0.0,0.0,0,0,100,19378.777615995157,19378.777615995157,19297.777615995157,26654.0,26654.0,26564.0,-7266.222384004843,1700.1898634898428
2025-05-22,202.77761599515725,2022.0,900,900,0.0,0.0,0.0,0.0,0,0,100,19216.777615995157,19216.777615995157,19369.777615995157,26474.0,26474.0,26644.0,-7274.222384004843,1708.1939435298427
2025-05-23,202.77761599515725,2022.0,900,900,0.0,0.0,0.0,0.0,0,0,100,19396.777615995157,19396.777615995157,19135.777615995157,26674.0,26674.0,26384.0,-7248.222384004843,1682.1806833998428
2025-05-26,202.77761599515725,2022.0,900,900,0.0,0.0,0.0,0.0,0,0,100,19180.777615995157,19180.777615995157,19108.777615995157,26434.0,26434.0,26354.0,-7245.222384004843,1679.179153384843
2025-05-27,202.77761599515725,2022.0,900,900,0.0,0.0,0.0,0.0,0,0,100,19108.777615995157,19108.777615995157,18847.777615995157,26354.0,26354.0,26064.0,-7216.222384004843,1650.1643632398427
2025-05-28,202.77761599515725,2022.0,900,900,0.0,0.0,0.0,0.0,0,0,100,18874.777615995157,18874.777615995157,18946.777615995157,26094.0,26094.0,26174.0,-7227.222384004843,1661.1699732948423
2025-05-29,202.77761599515725,2022.0,900,900,0.0,0.0,0.0,0.0,0,0,100,19153.777615995157,19153.777615995157,19954.777615995157,26404.0,26404.0,27294.0,-7339.222384004843,1773.2270938548427
2025-05-30,202.77761599515725,2022.0,900,900,0.0,0.0,0.0,0.0,0,0,100,19612.777615995157,19612.777615995157,19261.777615995157,26914.0,26914.0,26524.0,-7262.222384004843,1696.1878234698424
2025-06-03,202.77761599515725,2022.0,900,900,0.0,0.0,0.0,0.0,0,0,100,19162.777615995157,19162.777615995157,19135.777615995157,26414.0,26414.0,26384.0,-7248.222384004843,1682.1806833998428
2025-06-04,202.77761599515725,2022.0,900,900,0.0,0.0,0.0,0.0,0,0,100,19279.777615995157,19279.777615995157,19711.777615995157,26544.0,26544.0,27024.0,-7312.222384004843,1746.2133237198427
2025-06-05,202.77761599515725,2022.0,900,900,0.0,0.0,0.0,0.0,0,0,100,19666.777615995157,19666.777615995157,20728.777615995157,26974.0,26974.0,28154.0,-7425.222384004843,1859.2709542848424
2025-06-06,202.77761599515725,2022.0,900,900,0.0,0.0,0.0,0.0,0,0,100,20674.777615995157,20674.777615995157,20503.777615995157,28094.0,28094.0,27904.0,-7400.222384004843,1834.2582041598425
2025-06-09,202.77761599515725,2022.0,900,900,0.0,0.0,0.0,0.0,0,0,100,20692.777615995157,20692.777615995157,20611.777615995157,28114.0,28114.0,28024.0,-7412.222384004843,1846.2643242198424
2025-06-10,202.77761599515725,2022.0,900,900,0.0,0.0,0.0,0.0,0,0,100,20629.777615995157,20629.777615995157,20368.777615995157,28044.0,28044.0,27754.0,-7385.222384004843,1819.2505540848426
2025-06-11,202.77761599515725,2022.0,900,900,0.0,0.0,0.0,0.0,0,0,100,20449.777615995157,20449.777615995157,20584.777615995157,27844.0,27844.0,27994.0,-7409.222384004843,1843.2627942048425
2025-06-12,202.77761599515725,2022.0,900,900,0.0,0.0,0.0,0.0,0,0,100,20449.777615995157,20449.777615995157,20818.777615995157,27844.0,27844.0,28254.0,-7435.222384004843,1869.2760543348427
2025-06-13,202.77761599515725,2022.0,900,900,0.0,0.0,0.0,0.0,0,0,100,20764.777615995157,20764.777615995157,21034.777615995157,28194.0,28194.0,28494.0,-7459.222384004843,1893.2882944548428
2025-06-16,202.77761599515725,2022.0,900,900,0.0,0.0,0.0,0.0,0,0,100,20989.777615995157,20989.777615995157,21322.777615995157,28444.0,28444.0,28814.0,-7491.222384004843,1925.3046146148426
2025-06-17,202.77761599515725,2022.0,900,900,0.0,0.0,0.0,0.0,0,0,100,21403.777615995157,21403.777615995157,20764.777615995157,28904.0,28904.0,28194.0,-7429.222384004843,1863.2729943048425
2025-06-18,202.77761599515725,2022.0,900,900,0.0,0.0,0.0,0.0,0,0,100,20809.777615995157,20809.777615995157,21268.777615995157,28244.0,28244.0,28754.0,-7485.222384004843,1919.301554584843
2025-06-19,202.77761599515725,2022.0,900,900,0.0,0.0,0.0,0.0,0,0,100,21214.777615995157,21214.777615995157,20953.777615995157,28694.0,28694.0,28404.0,-7450.222384004843,1884.2837044098428
2025-06-20,202.77761599515725,2022.0,900,900,0.0,0.0,0.0,0.0,0,0,100,21043.777615995157,21043.777615995157,20755.777615995157,28504.0,28504.0,28184.0,-7428.222384004843,1862.2724842998427
2025-06-23,202.77761599515725,2022.0,900,900,0.0,0.0,0.0,0.0,0,0,100,20611.777615995157,20611.777615995157,20404.777615995157,28024.0,28024.0,27794.0,-7389.222384004843,1823.2525941048427
2025-06-24,202.77761599515725,2022.0,900,900,0.0,0.0,0.0,0.0,0,0,100,20593.777615995157,20593.777615995157,20485.777615995157,28004.0,28004.0,27884.0,-7398.222384004843,1832.2571841498427
2025-06-25,202.77761599515725,2022.0,900,900,0.0,0.0,0.0,0.0,0,0,100,20665.777615995157,20665.777615995157,21106.777615995157,28084.0,28084.0,28574.0,-7467.222384004843,1901.2923744948425
2025-06-26,202.77761599515725,2022.0,900,900,0.0,0.0,0.0,0.0,0,0,100,21484.777615995157,21484.777615995157,21160.777615995157,28994.0,28994.0,28634.0,-7473.222384004843,1907.2954345248422
2025-06-27,202.77761599515725,2022.0,900,900,0.0,0.0,0.0,0.0,0,0,100,21160.777615995157,21160.777615995157,21439.777615995157,28634.0,28634.0,28944.0,-7504.222384004843,1938.3112446798427
2025-06-30,202.77761599515725,2022.0,900,900,0.0,0.0,0.0,0.0,0,0,100,21556.777615995157,21556.777615995157,21466.777615995157,29074.0,29074.0,28974.0,-7507.222384004843,1941.3127746948426
2025-07-01,202.77761599515725,2022.0,900,900,0.0,0.0,0.0,0.0,0,0,100,21358.777615995157,21358.777615995157,21484.777615995157,28854.0,28854.0,28994.0,-7509.222384004843,1943.3137947048426
2025-07-02,202.77761599515725,2022.0,900,900,0.0,0.0,0.0,0.0,0,0,100,21304.777615995157,21304.777615995157,21268.777615995157,28794.0,28794.0,28754.0,-7485.222384004843,1919.301554584843
2025-07-03,202.77761599515725,2022.0,900,900,0.0,0.0,0.0,0.0,0,0,100,21358.777615995157,21358.777615995157,23176.777615995157,28854.0,28854.0,30874.0,-7697.222384004843,2131.4096756448425
2025-07-04,202.77761599515725,2022.0,900,900,0.0,0.0,0.0,0.0,0,0,100,23203.777615995157,23203.777615995157,23653.777615995157,30904.0,30904.0,31404.0,-7750.222384004843,2184.4367059098427
2025-07-07,202.77761599515725,2022.0,900,900,0.0,0.0,0.0,0.0,0,0,100,23644.777615995157,23644.777615995157,23806.777615995157,31394.0,31394.0,31574.0,-7767.222384004843,2201.445375994843
2025-07-08,202.77761599515725,2022.0,900,900,0.0,0.0,0.0,0.0,0,0,100,24616.777615995157,24616.777615995157,25966.777615995157,32474.0,32474.0,33974.0,-8007.222384004843,2441.5677771948426
2025-07-09,202.77761599515725,2022.0,900,900,0.0,0.0,0.0,0.0,0,0,100,26524.777615995157,26524.777615995157,26164.777615995157,34594.0,34594.0,34194.0,-8029.222384004843,2463.5789973048427
2025-07-10,202.77761599515725,2022.0,900,900,0.0,0.0,0.0,0.0,0,0,100,26434.777615995157,26434.777615995157,25768.777615995157,34494.0,34494.0,33754.0,-7985.222384004843,2419.5565570848426
2025-07-11,202.77761599515725,2022.0,900,900,0.0,0.0,0.0,0.0,0,0,100,25714.777615995157,25714.777615995157,25624.777615995157,33694.0,33694.0,33594.0,-7969.222384004843,2403.5483970048426
2025-07-14,202.77761599515725,2022.0,900,900,0.0,0.0,0.0,0.0,0,0,100,25624.777615995157,25624.777615995157,25552.777615995157,33594.0,33594.0,33514.0,-7961.222384004843,2395.5443169648424
2025-07-15,202.77761599515725,2022.0,900,900,0.0,0.0,0.0,0.0,0,0,100,25894.777615995157,25894.777615995157,26749.777615995157,33894.0,33894.0,34844.0,-8094.222384004843,2528.6121476298426
2025-07-16,202.77761599515725,2022.0,900,900,0.0,0.0,0.0,0.0,0,0,100,26515.777615995157,26515.777615995157,26281.777615995157,34584.0,34584.0,34324.0,-8042.222384004843,2476.5856273698428
2025-07-17,202.77761599515725,2022.0,900,900,0.0,0.0,0.0,0.0,0,0,100,26191.777615995157,26191.777615995157,26974.777615995157,34224.0,34224.0,35094.0,-8119.222384004843,2553.6248977548426
2025-07-18,202.77761599515725,2022.0,900,900,0.0,0.0,0.0,0.0,0,0,100,26965.777615995157,26965.777615995157,26623.777615995157,35084.0,35084.0,34704.0,-8080.222384004843,2514.6050075598423
2025-07-21,202.77761599515725,2022.0,900,900,0.0,0.0,0.0,0.0,0,0,100,26524.777615995157,26524.777615995157,26542.777615995157,34594.0,34594.0,34614.0,-8071.222384004843,2505.6004175148423
2025-07-22,202.77761599515725,2022.0,900,900,0.0,0.0,0.0,0.0,0,0,100,26524.777615995157,26524.777615995157,26488.777615995157,34594.0,34594.0,34554.0,-8065.222384004843,2499.5973574848426
2025-07-23,202.77761599515725,2022.0,900,900,0.0,0.0,0.0,0.0,0,0,100,26074.777615995157,26074.777615995157,26146.777615995157,34094.0,34094.0,34174.0,-8027.222384004843,2461.5779772948426
2025-07-24,202.77761599515725,2022.0,900,900,0.0,0.0,0.0,0.0,0,0,100,26695.777615995157,26695.777615995157,27829.777615995157,34784.0,34784.0,36044.0,-8214.222384004843,2648.6733482298423
2025-07-25,202.77761599515725,2022.0,900,900,0.0,0.0,0.0,0.0,0,0,100,27829.777615995157,27829.777615995157,28018.777615995157,36044.0,36044.0,36254.0,-8235.222384004843,2669.6840583348426
2025-07-28,202.77761599515725,2022.0,900,900,0.0,0.0,0.0,0.0,0,0,100,28270.777615995157,28270.777615995157,28837.777615995157,36534.0,36534.0,37164.0,-8326.222384004843,2760.7304687898427
2025-07-29,202.77761599515725,2022.0,900,900,0.0,0.0,0.0,0.0,0,0,100,28828.777615995157,28828.777615995157,30295.777615995157,37154.0,37154.0,38784.0,-8488.222384004843,2922.8130895998424
2025-07-30,202.77761599515725,2022.0,900,900,0.0,0.0,0.0,0.0,0,0,100,30124.777615995157,30124.777615995157,32176.777615995157,38594.0,38594.0,40874.0,-8697.222384004843,3131.9196806448426
2025-07-31,202.77761599515725,2598.0,900,900,57.6,0.0,0.0,0.0,0,0,100,32677.17761599516,32677.17761599516,33892.17761599516,41494.0,41494.0,42844.0,-8951.822384004838,3322.5875113098423
2025-08-01,202.77761599515725,2598.0,900,900,57.6,0.0,0.0,0.0,0,0,100,33343.17761599516,33343.17761599516,32443.17761599516,42234.0,42234.0,41234.0,-8790.822384004841,3161.5054005048423
2025-08-04,202.77761599515725,2598.0,900,900,57.6,0.0,0.0,0.0,0,0,100,31903.17761599516,31903.17761599516,32416.17761599516,40634.0,40634.0,41204.0,-8787.822384004841,3158.5038704898425
2025-08-05,202.77761599515725,2598.0,900,900,57.6,0.0,0.0,0.0,0,0,100,32893.17761599516,32893.17761599516,34288.177615995155,41734.0,41734.0,43284.0,-8995.822384004845,3366.609951529842
2025-08-06,202.77761599515725,2598.0,900,900,57.6,0.0,0.0,0.0,0,0,100,33433.17761599516,33433.17761599516,33613.177615995155,42334.0,42334.0,42534.0,-8920.822384004845,3291.571701154842
2025-08-07,202.77761599515725,2598.0,900,900,57.6,0.0,0.0,0.0,0,0,100,35323.17761599516,35323.17761599516,34828.17761599516,44434.0,44434.0,43884.0,-9055.822384004838,3426.6405518298425
2025-08-08,202.77761599515725,2598.0,900,900,57.6,0.0,0.0,0.0,0,0,100,34900.177615995155,34900.177615995155,35674.17761599516,43964.0,43964.0,44824.0,-9149.822384004838,3520.688492299843
2025-08-11,202.77761599515725,2598.0,900,900,57.6,0.0,0.0,0.0,0,0,100,35593.17761599516,35593.17761599516,35458.17761599516,44734.0,44734.0,44584.0,-9125.822384004838,3496.6762521798423
2025-08-12,202.77761599515725,2598.0,900,900,57.6,0.0,0.0,0.0,0,0,100,35566.17761599516,35566.17761599516,38482.17761599516,44704.0,44704.0,47944.0,-9461.822384004838,3832.8476138598426
2025-08-13,202.77761599515725,2598.0,900,900,57.6,0.0,0.0,0.0,0,0,100,38491.17761599516,38491.17761599516,42055.17761599516,47954.0,47954.0,51914.0,-9858.822384004838,4230.050085844843
2025-08-14,202.77761599515725,2598.0,900,900,57.6,0.0,0.0,0.0,0,0,100,42307.17761599516,42307.17761599516,41641.17761599516,52194.0,52194.0,51454.0,-9812.822384004838,4184.026625614843
2025-08-15,202.77761599515725,2598.0,900,900,57.6,0.0,0.0,0.0,0,0,100,41074.17761599516,41074.17761599516,43117.17761599516,50824.0,50824.0,53094.0,-9976.822384004838,4348.110266434843
2025-08-18,202.77761599515725,2598.0,900,900,57.6,0.0,0.0,0.0,0,0,100,43063.17761599516,43063.17761599516,42757.17761599516,53034.0,53034.0,52694.0,-9936.822384004838,4308.089866234843
2025-08-19,202.77761599515725,2598.0,900,900,57.6,0.0,0.0,0.0,0,0,100,42361.17761599516,42361.17761599516,46762.17761599516,52254.0,52254.0,57144.0,-10381.822384004838,4753.316818459843
2025-08-20,202.77761599515725,2598.0,900,900,57.6,0.0,0.0,0.0,0,0,100,44593.17761599516,44593.17761599516,45862.17761599516,54734.0,54734.0,56144.0,-10281.822384004838,4653.265817959843
2025-08-21,202.77761599515725,2598.0,900,900,57.6,0.0,0.0,0.0,0,0,100,45421.17761599516,45421.17761599516,43504.17761599516,55654.0,55654.0,53524.0,-10019.822384004838,4391.132196649843
2025-08-22,202.77761599515725,2598.0,900,900,57.6,0.0,0.0,0.0,0,0,100,42793.17761599516,42793.17761599516,43990.17761599516,52734.0,52734.0,54064.0,-10073.822384004838,4445.1597369198425
2025-08-25,202.77761599515725,2598.0,900,900,57.6,0.0,0.0,0.0,0,0,100,44593.17761599516,44593.17761599516,45943.17761599516,54734.0,54734.0,56234.0,-10290.822384004838,4662.2704080048425
2025-08-26,202.77761599515725,2598.0,900,900,57.6,0.0,0.0,0.0,0,0,100,44935.17761599516,44935.17761599516,43675.17761599516,55114.0,55114.0,53714.0,-10038.822384004838,4410.141886744843
2025-08-27,202.77761599515725,2598.0,900,900,57.6,0.0,0.0,0.0,0,0,100,43243.17761599516,43243.17761599516,43891.17761599516,53234.0,53234.0,53954.0,-10062.822384004838,4434.154126864843
2025-08-28,202.77761599515725,2598.0,900,900,57.6,0.0,0.0,0.0,0,0,100,42883.17761599516,42883.17761599516,46789.17761599516,52834.0,52834.0,57174.0,-10384.822384004838,4756.318348474843
2025-08-29,202.77761599515725,2598.0,900,900,57.6,0.0,0.0,0.0,0,0,100,45943.17761599516,45943.17761599516,51190.17761599516,56234.0,56234.0,62064.0,-10873.822384004838,5245.567740919843
2025-09-01,202.77761599515725,2598.0,900,900,57.6,0.0,0.0,0.0,0,0,100,51334.17761599516,51334.17761599516,52801.17761599516,62224.0,62224.0,63854.0,-11052.822384004838,5424.659031814843
2025-09-02,202.77761599515725,2598.0,900,900,57.6,0.0,0.0,0.0,0,0,100,53773.17761599516,53773.17761599516,51235.17761599516,64934.0,64934.0,62114.0,-10878.822384004838,5250.570290944843
2025-09-03,202.77761599515725,2598.0,900,900,57.6,0.0,0.0,0.0,0,0,100,51235.17761599516,51235.17761599516,51559.17761599516,62114.0,62114.0,62474.0,-10914.822384004838,5286.588651124843
2025-09-04,202.77761599515725,2598.0,900,900,57.6,0.0,0.0,0.0,0,0,100,53593.17761599516,53593.17761599516,50560.17761599516,64734.0,64734.0,61364.0,-10803.822384004838,5175.532040569843
2025-09-05,202.77761599515725,2598.0,900,900,57.6,0.0,0.0,0.0,0,0,100,50713.17761599516,50713.17761599516,52990.17761599516,61534.0,61534.0,64064.0,-11073.822384004838,5445.669741919843
2025-09-08,202.77761599515725,2598.0,900,900,57.6,0.0,0.0,0.0,0,0,100,52243.17761599516,52243.17761599516,49003.17761599516,63234.0,63234.0,59634.0,-10630.822384004838,5002.443809704843
2025-09-09,202.77761599515725,2598.0,900,900,57.6,0.0,0.0,0.0,0,0,100,48103.17761599516,48103.17761599516,46654.17761599516,58634.0,58634.0,57024.0,-10369.822384004838,4741.310698399842
2025-09-10,202.77761599515725,2598.0,900,900,57.6,0.0,0.0,0.0,0,0,100,49183.17761599516,49183.17761599516,51046.17761599516,59834.0,59834.0,61904.0,-10857.822384004838,5229.559580839843
2025-09-11,202.77761599515725,2598.0,900,900,57.6,0.0,0.0,0.0,0,0,100,52963.17761599516,52963.17761599516,55879.17761599516,64034.0,64034.0,67274.0,-11394.822384004838,5766.833453524842
2025-09-12,202.77761599515725,2598.0,900,900,57.6,0.0,0.0,0.0,0,0,100,55735.17761599516,55735.17761599516,58453.17761599516,67114.0,67114.0,70134.0,-11680.822384004838,6052.979314954842
2025-09-15,202.77761599515725,2598.0,900,900,57.6,0.0,0.0,0.0,0,0,100,56743.17761599516,56743.17761599516,56653.17761599516,68234.0,68234.0,68134.0,-11480.822384004838,5852.877313954843
2025-09-16,202.77761599515725,2598.0,900,900,57.6,0.0,0.0,0.0,0,0,100,56626.17761599516,56626.17761599516,56500.17761599516,68104.0,68104.0,67964.0,-11463.822384004838,5835.868643869843
2025-09-17,202.77761599515725,2598.0,900,900,57.6,0.0,0.0,0.0,0,0,100,55753.17761599516,55753.17761599516,57751.17761599516,67134.0,67134.0,69354.0,-11602.822384004838,5974.939534564843
2025-09-18,202.77761599515725,2598.0,900,900,57.6,0.0,0.0,0.0,0,0,100,56194.17761599516,56194.17761599516,60667.17761599516,67624.0,67624.0,72594.0,-11926.822384004838,6299.104776184843
2025-09-19,202.77761599515725,2598.0,900,900,57.6,0.0,0.0,0.0,0,0,100,61819.17761599516,61819.17761599516,62233.17761599515,73874.0,73874.0,74334.0,-12100.822384004852,6473.193517054841
2025-09-22,202.77761599515725,2598.0,900,900,57.6,0.0,0.0,0.0,0,0,100,62638.17761599516,62638.17761599516,66193.17761599516,74784.0,74784.0,78734.0,-12540.822384004845,6913.417919254843
2025-09-23,202.77761599515725,2598.0,900,900,57.6,0.0,0.0,0.0,0,0,100,69991.17761599516,69991.17761599516,66526.17761599516,82954.0,82954.0,79104.0,-12577.822384004845,6950.436789439843
2025-09-24,202.77761599515725,2598.0,900,900,57.6,0.0,0.0,0.0,0,0,100,64663.17761599516,64663.17761599516,64510.17761599515,77034.0,77034.0,76864.0,-12353.822384004852,6726.322548319843
2025-09-25,202.77761599515725,2598.0,900,900,57.6,0.0,0.0,0.0,0,0,100,63835.17761599515,63835.17761599515,64357.17761599515,76114.0,76114.0,76694.0,-12336.822384004852,6709.313878234842
2025-09-26,202.77761599515725,2598.0,900,900,57.6,0.0,0.0,0.0,0,0,100,63538.17761599516,63538.17761599516,61126.17761599516,75784.0,75784.0,73104.0,-11977.822384004838,6350.130786439842
2025-09-29,202.77761599515725,2598.0,900,900,57.6,0.0,0.0,0.0,0,0,100,61108.17761599515,61108.17761599515,62665.17761599516,73084.0,73084.0,74814.0,-12148.822384004838,6521.2179972948425
2025-09-30,202.77761599515725,2598.0,900,900,57.6,0.0,0.0,0.0,0,0,100,62863.17761599516,62863.17761599516,62152.17761599516,75034.0,75034.0,74244.0,-12091.822384004838,6464.188927009844
2025-10-09,202.77761599515725,2598.0,900,900,57.6,0.0,0.0,0.0,0,0,100,63142.17761599516,63142.17761599516,64348.17761599516,75344.0,75344.0,76684.0,-12335.822384004838,6708.313368229843
2025-10-10,202.77761599515725,2598.0,900,900,57.6,0.0,0.0,0.0,0,0,100,64222.17761599516,64222.17761599516,62512.17761599516,76544.0,76544.0,74644.0,-12131.822384004838,6504.209327209843
2025-10-13,202.77761599515725,2598.0,900,900,57.6,0.0,0.0,0.0,0,0,100,57643.17761599516,57643.17761599516,59875.17761599516,69234.0,69234.0,71714.0,-11838.822384004838,6211.059895744843
2025-10-14,202.77761599515725,2598.0,900,900,57.6,0.0,0.0,0.0,0,0,100,61234.17761599515,61234.17761599515,56491.17761599516,73224.0,73224.0,67954.0,-11462.822384004838,5834.868133864843
2025-10-15,202.77761599515725,2598.0,900,900,57.6,0.0,0.0,0.0,0,0,100,56491.17761599516,56491.17761599516,59785.17761599516,67954.0,67954.0,71614.0,-11828.822384004838,6201.054795694843
2025-10-16,202.77761599515725,2598.0,900,900,57.6,0.0,0.0,0.0,0,0,100,58543.17761599516,58543.17761599516,59974.17761599516,70234.0,70234.0,71824.0,-11849.822384004838,6222.065505799842
2025-10-17,202.77761599515725,2598.0,900,900,57.6,0.0,0.0,0.0,0,0,100,59443.17761599516,59443.17761599516,56752.17761599516,71234.0,71234.0,68244.0,-11491.822384004838,5863.882924009843
2025-10-20,202.77761599515725,2598.0,900,900,57.6,0.0,0.0,0.0,0,0,100,58543.17761599516,58543.17761599516,58597.17761599516,70234.0,70234.0,70294.0,-11696.822384004838,6068.987475034844
2025-10-21,202.77761599515725,2598.0,900,900,57.6,0.0,0.0,0.0,0,0,100,59389.17761599516,59389.17761599516,63943.17761599516,71174.0,71174.0,76234.0,-12290.822384004838,6663.290418004843
2025-10-22,202.77761599515725,2598.0,900,900,57.6,0.0,0.0,0.0,0,0,100,63034.17761599515,63034.17761599515,61657.17761599515,75224.0,75224.0,73694.0,-12036.822384004852,6409.160876734842
2025-10-23,202.77761599515725,2598.0,900,900,57.6,0.0,0.0,0.0,0,0,100,61063.17761599516,61063.17761599516,60334.17761599516,73034.0,73034.0,72224.0,-11889.822384004838,6262.085905999843
2025-10-24,202.77761599515725,2598.0,900,900,57.6,0.0,0.0,0.0,0,0,100,61405.17761599516,61405.17761599516,63268.17761599516,73414.0,73414.0,75484.0,-12215.822384004838,6588.252167629842
2025-10-27,202.77761599515725,2598.0,900,900,57.6,0.0,0.0,0.0,0,0,100,65077.17761599516,65077.17761599516,68227.17761599516,77494.0,77494.0,80994.0,-12766.822384004845,7139.533180384844
2025-10-28,202.77761599515725,2598.0,900,900,57.6,0.0,0.0,0.0,0,0,100,66805.17761599516,66805.17761599516,69334.17761599516,79414.0,79414.0,82224.0,-12889.822384004845,7262.595910999842
2025-10-29,202.77761599515725,2598.0,900,900,57.6,0.0,0.0,0.0,0,0,100,73051.17761599516,73051.17761599516,75463.17761599516,86354.0,86354.0,89034.0,-13570.822384004845,7943.943224404843
2025-10-30,202.77761599515725,2598.0,900,900,57.6,0.0,0.0,0.0,0,0,100,74743.17761599516,74743.17761599516,72916.17761599516,88234.0,88234.0,86204.0,-13287.822384004845,7660.798892989843
2025-10-31,202.77761599515725,2598.0,900,900,57.6,0.0,0.0,0.0,0,0,100,72898.17761599516,72898.17761599516,67543.17761599516,86184.0,86184.0,80234.0,-12690.822384004845,7063.494420004842
2025-11-03,202.77761599515725,2598.0,900,900,57.6,0.0,0.0,0.0,0,0,100,66067.17761599516,66067.17761599516,70144.17761599516,78594.0,78594.0,83124.0,-12979.822384004845,7352.641811449843
2025-11-04,202.77761599515725,2598.0,900,900,57.6,0.0,0.0,0.0,0,0,100,70036.17761599516,70036.17761599516,68884.17761599516,83004.0,83004.0,81724.0,-12839.822384004845,7212.570410749841
2025-11-05,202.77761599515725,2598.0,900,900,57.6,0.0,0.0,0.0,0,0,100,66022.17761599516,66022.17761599516,70459.17761599516,78544.0,78544.0,83474.0,-13014.822384004845,7387.659661624842
2025-11-06,202.77761599515725,2598.0,900,900,57.6,0.0,0.0,0.0,0,0,100,70459.17761599516,70459.17761599516,71341.17761599516,83474.0,83474.0,84454.0,-13112.822384004845,7485.709642114843
2025-11-07,202.77761599515725,2598.0,900,900,57.6,0.0,0.0,0.0,0,0,100,69406.17761599516,69406.17761599516,68173.17761599516,82304.0,82304.0,80934.0,-12760.822384004845,7133.530120354842
2025-11-10,202.77761599515725,2598.0,900,900,57.6,0.0,0.0,0.0,0,0,100,67543.17761599516,67543.17761599516,67093.17761599516,80234.0,80234.0,79734.0,-12640.822384004845,7013.468919754843
2025-11-11,202.77761599515725,2598.0,900,900,57.6,0.0,0.0,0.0,0,0,100,67543.17761599516,67543.17761599516,63970.17761599516,80234.0,80234.0,76264.0,-12293.822384004838,6666.291948019843
2025-11-12,202.77761599515725,2598.0,900,900,57.6,0.0,0.0,0.0,0,0,100,62548.17761599516,62548.17761599516,64483.17761599515,74684.0,74684.0,76834.0,-12350.822384004852,6723.321018304841
2025-11-13,202.77761599515725,2598.0,900,900,57.6,0.0,0.0,0.0,0,0,100,63565.17761599516,63565.17761599516,63934.17761599515,75814.0,75814.0,76224.0,-12289.822384004852,6662.2899079998415
2025-11-14,202.77761599515725,2598.0,900,900,57.6,0.0,0.0,0.0,0,0,100,61963.17761599516,61963.17761599516,60586.17761599516,74034.0,74034.0,72504.0,-11917.822384004838,6290.100186139843
2025-11-17,202.77761599515725,2598.0,900,900,57.6,0.0,0.0,0.0,0,0,100,60694.17761599516,60694.17761599516,61189.17761599516,72624.0,72624.0,73174.0,-11984.822384004838,6357.134356474842
2025-11-18,202.77761599515725,2598.0,900,900,57.6,0.0,0.0,0.0,0,0,100,60028.17761599516,60028.17761599516,60991.17761599516,71884.0,71884.0,72954.0,-11962.822384004838,6335.123136364843
2025-11-19,202.77761599515725,2598.0,900,900,57.6,0.0,0.0,0.0,0,0,100,60793.17761599516,60793.17761599516,61297.17761599516,72734.0,72734.0,73294.0,-11996.822384004838,6369.1404765348425
2025-11-20,202.77761599515725,2598.0,900,900,57.6,0.0,0.0,0.0,0,0,100,63997.17761599516,63997.17761599516,62089.17761599516,76294.0,76294.0,74174.0,-12084.822384004838,6457.185356974843
2025-11-21,202.77761599515725,2598.0,900,900,57.6,0.0,0.0,0.0,0,0,100,59488.17761599516,59488.17761599516,57346.17761599516,71284.0,71284.0,68904.0,-11557.822384004838,5929.916584339842
2025-11-24,202.77761599515725,2598.0,900,900,57.6,0.0,0.0,0.0,0,0,100,57643.17761599516,57643.17761599516,53089.17761599516,69234.0,69234.0,64174.0,-11084.822384004838,5456.675351974843
2025-11-25,202.77761599515725,2598.0,900,900,57.6,0.0,0.0,0.0,0,0,100,53467.17761599516,53467.17761599516,53692.17761599516,64594.0,64594.0,64844.0,-11151.822384004838,5523.709522309843
2025-11-26,202.77761599515725,2598.0,900,900,57.6,0.0,0.0,0.0,0,0,100,52522.17761599516,52522.17761599516,55780.17761599516,63544.0,63544.0,67164.0,-11383.822384004838,5755.827843469843
2025-11-27,202.77761599515725,2598.0,900,900,57.6,0.0,0.0,0.0,0,0,100,56761.17761599516,56761.17761599516,56986.17761599516,68254.0,68254.0,68504.0,-11517.822384004838,5889.896184139843
2025-11-28,202.77761599515725,2598.0,900,900,57.6,0.0,0.0,0.0,0,0,100,56959.17761599516,56959.17761599516,57391.17761599516,68474.0,68474.0,68954.0,-11562.822384004838,5934.919134364844
2025-12-01,202.77761599515725,2598.0,900,900,57.6,0.0,0.0,0.0,0,0,100,56770.17761599516,56770.17761599516,56572.17761599516,68264.0,68264.0,68044.0,-11471.822384004838,5843.872723909843
2025-12-02,202.77761599515725,2598.0,900,900,57.6,0.0,0.0,0.0,0,0,100,56590.17761599516,56590.17761599516,57607.17761599516,68064.0,68064.0,69194.0,-11586.822384004838,5958.931374484843
2025-12-03,202.77761599515725,2598.0,900,900,57.6,0.0,0.0,0.0,0,0,100,57643.17761599516,57643.17761599516,58255.17761599516,69234.0,69234.0,69914.0,-11658.822384004838,6030.968094844843
2025-12-04,202.77761599515725,2598.0,900,900,57.6,0.0,0.0,0.0,0,0,100,57535.17761599516,57535.17761599516,58003.17761599516,69114.0,69114.0,69634.0,-11630.822384004838,6002.953814704842
2025-12-05,202.77761599515725,2598.0,900,900,57.6,0.0,0.0,0.0,0,0,100,58534.17761599516,58534.17761599516,57751.17761599516,70224.0,70224.0,69354.0,-11602.822384004838,5974.939534564843
2025-12-08,202.77761599515725,2598.0,900,900,57.6,0.0,0.0,0.0,0,0,100,57418.17761599516,57418.17761599516,59812.17761599516,68984.0,68984.0,71644.0,-11831.822384004838,6204.056325709842
2025-12-09,202.77761599515725,2598.0,900,900,57.6,0.0,0.0,0.0,0,0,100,60343.17761599516,60343.17761599516,63934.17761599515,72234.0,72234.0,76224.0,-12289.822384004852,6662.2899079998415
2025-12-10,202.77761599515725,2598.0,900,900,57.6,0.0,0.0,0.0,0,0,100,62899.17761599516,62899.17761599516,61432.17761599515,75074.0,75074.0,73444.0,-12011.822384004852,6384.148126609842
2025-12-11,202.77761599515725,2598.0,900,900,57.6,0.0,0.0,0.0,0,0,100,60352.17761599516,60352.17761599516,58813.17761599516,72244.0,72244.0,70534.0,-11720.822384004838,6092.999715154843
2025-12-12,202.77761599515725,2598.0,900,900,57.6,0.0,0.0,0.0,0,0,100,57643.17761599516,57643.17761599516,58318.17761599516,69234.0,69234.0,69984.0,-11665.822384004838,6037.971664879843
2025-12-15,202.77761599515725,2598.0,900,900,57.6,0.0,0.0,0.0,0,0,100,56293.17761599516,56293.17761599516,55969.17761599516,67734.0,67734.0,67374.0,-11404.822384004838,5776.838553574843
2025-12-16,202.77761599515725,2598.0,900,900,57.6,0.0,0.0,0.0,0,0,100,55798.17761599516,55798.17761599516,55798.17761599516,67184.0,67184.0,67184.0,-11385.822384004838,5757.828863479843
2025-12-17,202.77761599515725,2598.0,900,900,57.6,0.0,0.0,0.0,0,0,100,55933.17761599516,55933.17761599516,58093.17761599516,67334.0,67334.0,69734.0,-11640.822384004838,6012.958914754843
2025-12-18,202.77761599515725,2598.0,900,900,57.6,0.0,0.0,0.0,0,0,100,56347.17761599516,56347.17761599516,55195.17761599516,67794.0,67794.0,66514.0,-11318.822384004838,5690.794693144843
2025-12-19,202.77761599515725,2598.0,900,900,57.6,0.0,0.0,0.0,0,0,100,56014.17761599516,56014.17761599516,55213.17761599516,67424.0,67424.0,66534.0,-11320.822384004838,5692.795713154843
2025-12-22,202.77761599515725,2598.0,900,900,57.6,0.0,0.0,0.0,0,0,100,56266.17761599516,56266.17761599516,57301.17761599516,67704.0,67704.0,68854.0,-11552.822384004838,5924.914034314843
2025-12-23,202.77761599515725,2598.0,900,900,57.6,0.0,0.0,0.0,0,0,100,57247.17761599516,57247.17761599516,59317.17761599516,68794.0,68794.0,71094.0,-11776.822384004838,6149.028275434843
2025-12-24,202.77761599515725,2598.0,900,900,57.6,0.0,0.0,0.0,0,0,100,60505.17761599516,60505.17761599516,61369.17761599516,72414.0,72414.0,73374.0,-12004.822384004838,6377.144556574843
2025-12-25,202.77761599515725,2598.0,900,900,57.6,0.0,0.0,0.0,0,0,100,61603.17761599516,61603.17761599516,62791.17761599516,73634.0,73634.0,74954.0,-12162.822384004838,6535.225137364842
2025-12-26,202.77761599515725,2598.0,900,900,57.6,0.0,0.0,0.0,0,0,100,62593.17761599516,62593.17761599516,60199.17761599516,74734.0,74734.0,72074.0,-11874.822384004838,6247.078255924843
2025-12-29,202.77761599515725,2598.0,900,900,57.6,0.0,0.0,0.0,0,0,100,60109.17761599516,60109.17761599516,61459.17761599515,71974.0,71974.0,73474.0,-12014.822384004852,6387.149656624842
2025-12-30,202.77761599515725,2598.0,900,900,57.6,0.0,0.0,0.0,0,0,100,60163.17761599516,60163.17761599516,60550.17761599516,72034.0,72034.0,72464.0,-11913.822384004838,6286.098146119843
2025-12-31,202.77761599515725,2598.0,900,900,57.6,0.0,0.0,0.0,0,0,100,60559.17761599515,60559.17761599515,58588.17761599516,72474.0,72474.0,70284.0,-11695.822384004838,6067.986965029843
2026-01-05,202.77761599515725,2598.0,900,900,57.6,0.0,0.0,0.0,0,0,100,59704.17761599516,59704.17761599516,60046.17761599516,71524.0,71524.0,71904.0,-11857.822384004838,6230.069585839843
2026-01-06,202.77761599515725,2598.0,900,900,57.6,0.0,0.0,0.0,0,0,100,60046.17761599516,60046.17761599516,60388.17761599516,71904.0,71904.0,72284.0,-11895.822384004838,6268.088966029843
2026-01-07,202.77761599515725,2598.0,900,900,57.6,0.0,0.0,0.0,0,0,100,59812.17761599516,59812.17761599516,59578.17761599516,71644.0,71644.0,71384.0,-11805.822384004838,6178.043065579843
2026-01-08,202.77761599515725,2598.0,900,900,57.6,0.0,0.0,0.0,0,0,100,59722.17761599516,59722.17761599516,57940.17761599516,71544.0,71544.0,69564.0,-11623.822384004838,5995.950244669843
2026-01-09,202.77761599515725,2598.0,900,900,57.6,0.0,0.0,0.0,0,0,100,57193.17761599516,57193.17761599516,58075.17761599516,68734.0,68734.0,69714.0,-11638.822384004838,6010.957894744843
2026-01-12,202.77761599515725,2598.0,900,900,57.6,0.0,0.0,0.0,0,0,100,58084.17761599516,58084.17761599516,57580.17761599516,69724.0,69724.0,69164.0,-11583.822384004838,5955.9298444698425
2026-01-13,202.77761599515725,2598.0,900,900,57.6,0.0,0.0,0.0,0,0,100,57445.17761599516,57445.17761599516,56230.17761599516,69014.0,69014.0,67664.0,-11433.822384004838,5805.853343719843
2026-01-14,202.77761599515725,2598.0,900,900,57.6,0.0,0.0,0.0,0,0,100,56833.17761599516,56833.17761599516,56743.17761599516,68334.0,68334.0,68234.0,-11490.822384004838,5862.882414004843
2026-01-15,202.77761599515725,2598.0,900,900,57.6,0.0,0.0,0.0,0,0,100,56113.17761599516,56113.17761599516,57454.17761599516,67534.0,67534.0,69024.0,-11569.822384004838,5941.922704399843
2026-01-16,202.77761599515725,2895.0,900,900,87.30000000000001,0.0,0.0,0.0,0,0,100,58090.47761599516,58090.47761599516,59710.47761599516,69764.0,69764.0,71564.0,-11853.522384004842,6192.735415504842
2026-01-19,202.77761599515725,2895.0,900,900,87.30000000000001,0.0,0.0,0.0,0,0,100,58909.47761599516,58909.47761599516,57820.47761599516,70674.0,70674.0,69464.0,-11643.522384004842,5982.628314454843
2026-01-20,202.77761599515725,2895.0,900,900,87.30000000000001,0.0,0.0,0.0,0,0,100,57280.47761599516,57280.47761599516,56713.47761599516,68864.0,68864.0,68234.0,-11520.522384004842,5859.5655838398425
2026-01-21,202.77761599515725,2895.0,900,900,87.30000000000001,0.0,0.0,0.0,0,0,100,55849.47761599516,55849.47761599516,58414.47761599516,67274.0,67274.0,70124.0,-11709.522384004842,6048.661974784843
2026-01-22,202.77761599515725,2895.0,900,900,87.30000000000001,0.0,0.0,0.0,0,0,100,58531.47761599516,58531.47761599516,59485.47761599516,70254.0,70254.0,71314.0,-11828.522384004842,6167.7226653798425
2026-01-23,202.77761599515725,2895.0,900,900,87.30000000000001,0.0,0.0,0.0,0,0,100,58810.47761599516,58810.47761599516,57109.47761599516,70564.0,70564.0,68674.0,-11564.522384004842,5903.588024059843
2026-01-26,202.77761599515725,2895.0,900,900,87.30000000000001,0.0,0.0,0.0,0,0,100,57091.47761599516,57091.47761599516,56344.47761599516,68654.0,68654.0,67824.0,-11479.522384004842,5818.544673634843
2026-01-27,202.77761599515725,2895.0,900,900,87.30000000000001,0.0,0.0,0.0,0,0,100,56569.47761599516,56569.47761599516,57883.47761599516,68074.0,68074.0,69534.0,-11650.522384004842,5989.631884489842
2026-01-28,202.77761599515725,2895.0,900,900,87.30000000000001,0.0,0.0,0.0,0,0,100,59080.47761599516,59080.47761599516,57631.47761599516,70864.0,70864.0,69254.0,-11622.522384004842,5961.617604349843
2026-01-29,202.77761599515725,2895.0,900,900,87.30000000000001,0.0,0.0,0.0,0,0,100,57622.47761599516,57622.47761599516,54850.47761599516,69244.0,69244.0,66164.0,-11313.522384004842,5652.460012804843
2026-01-30,202.77761599515725,2895.0,900,900,87.30000000000001,0.0,0.0,0.0,0,0,100,54310.47761599516,54310.47761599516,54940.47761599516,65564.0,65564.0,66264.0,-11323.522384004842,5662.465112854842
2026-02-02,202.77761599515725,2895.0,900,900,87.30000000000001,0.0,0.0,0.0,0,0,100,54130.47761599516,54130.47761599516,53122.47761599516,65364.0,65364.0,64244.0,-11121.522384004842,5460.362091844842
2026-02-03,202.77761599515725,2895.0,900,900,87.30000000000001,0.0,0.0,0.0,0,0,100,53680.47761599516,53680.47761599516,53185.47761599516,64864.0,64864.0,64314.0,-11128.522384004842,5467.365661879842
2026-02-04,202.77761599515725,2895.0,900,900,87.30000000000001,0.0,0.0,0.0,0,0,100,52231.47761599516,52231.47761599516,51079.47761599516,63254.0,63254.0,61974.0,-10894.522384004842,5233.246320709843
2026-02-05,202.77761599515725,2895.0,900,900,87.30000000000001,0.0,0.0,0.0,0,0,100,50053.47761599516,50053.47761599516,51502.47761599516,60834.0,60834.0,62444.0,-10941.522384004842,5280.270290944843
2026-02-06,202.77761599515725,2895.0,900,900,87.30000000000001,0.0,0.0,0.0,0,0,100,50710.47761599516,50710.47761599516,51970.47761599516,61564.0,61564.0,62964.0,-10993.522384004842,5332.296811204842
2026-02-09,202.77761599515725,2895.0,900,900,87.30000000000001,0.0,0.0,0.0,0,0,100,53590.47761599516,53590.47761599516,52978.47761599516,64764.0,64764.0,64084.0,-11105.522384004842,5444.353931764843
2026-02-10,202.77761599515725,2895.0,900,900,87.30000000000001,0.0,0.0,0.0,0,0,100,53167.47761599516,53167.47761599516,53473.47761599516,64294.0,64294.0,64634.0,-11160.522384004842,5499.381982039843
2026-02-11,202.77761599515725,2895.0,900,900,87.30000000000001,0.0,0.0,0.0,0,0,100,53050.47761599516,53050.47761599516,52690.47761599516,64164.0,64164.0,63764.0,-11073.522384004842,5412.337611604842
2026-02-12,202.77761599515725,2895.0,900,900,87.30000000000001,0.0,0.0,0.0,0,0,100,52825.47761599516,52825.47761599516,52807.47761599516,63914.0,63914.0,63894.0,-11086.522384004842,5425.344241669843
2026-02-13,202.77761599515725,2895.0,900,900,87.30000000000001,0.0,0.0,0.0,0,0,100,52015.47761599516,52015.47761599516,52285.47761599516,63014.0,63014.0,63314.0,-11028.522384004842,5367.314661379843
2026-02-24,202.77761599515725,2895.0,900,900,87.30000000000001,0.0,0.0,0.0,0,0,100,52879.47761599516,52879.47761599516,52852.47761599516,63974.0,63974.0,63944.0,-11091.522384004842,5430.346791694842
2026-02-25,202.77761599515725,2895.0,900,900,87.30000000000001,0.0,0.0,0.0,0,0,100,53239.47761599516,53239.47761599516,54661.47761599516,64374.0,64374.0,65954.0,-11292.522384004842,5631.4493026998425
2026-02-26,202.77761599515725,2895.0,900,900,87.30000000000001,0.0,0.0,0.0,0,0,100,54670.47761599516,54670.47761599516,55165.47761599516,65964.0,65964.0,66514.0,-11348.522384004842,5687.477862979843
2026-02-27,202.77761599515725,2895.0,900,900,87.30000000000001,0.0,0.0,0.0,0,0,100,53680.47761599516,53680.47761599516,53140.47761599516,64864.0,64864.0,64264.0,-11123.522384004842,5462.363111854843
2026-03-02,202.77761599515725,2895.0,900,900,87.30000000000001,0.0,0.0,0.0,0,0,100,51610.47761599516,51610.47761599516,52987.47761599516,62564.0,62564.0,64094.0,-11106.522384004842,5445.354441769843
2026-03-03,202.77761599515725,2895.0,900,900,87.30000000000001,0.0,0.0,0.0,0,0,100,53266.47761599516,53266.47761599516,52402.47761599516,64404.0,64404.0,63444.0,-11041.522384004842,5380.321291444842
2026-03-04,202.77761599515725,2895.0,900,900,87.30000000000001,0.0,0.0,0.0,0,0,100,51592.47761599516,51592.47761599516,51394.47761599516,62544.0,62544.0,62324.0,-10929.522384004842,5268.264170884843
2026-03-05,202.77761599515725,2895.0,900,900,87.30000000000001,0.0,0.0,0.0,0,0,100,52321.47761599516,52321.47761599516,52600.47761599516,63354.0,63354.0,63664.0,-11063.522384004842,5402.332511554843
2026-03-06,202.77761599515725,2895.0,900,900,87.30000000000001,0.0,0.0,0.0,0,0,100,52330.47761599516,52330.47761599516,51907.47761599516,63364.0,63364.0,62894.0,-10986.522384004842,5325.293241169842
2026-03-09,202.77761599515725,2895.0,900,900,87.30000000000001,0.0,0.0,0.0,0,0,100,50494.47761599516,50494.47761599516,50521.47761599516,61324.0,61324.0,61354.0,-10832.522384004842,5171.2147003998425
2026-03-10,202.77761599515725,2895.0,900,900,87.30000000000001,0.0,0.0,0.0,0,0,100,51277.47761599516,51277.47761599516,51934.47761599516,62194.0,62194.0,62924.0,-10989.522384004842,5328.294771184843
2026-03-11,202.77761599515725,2895.0,900,900,87.30000000000001,0.0,0.0,0.0,0,0,100,52240.47761599516,52240.47761599516,51511.47761599516,63264.0,63264.0,62454.0,-10942.522384004842,5281.270800949843
2026-03-12,202.77761599515725,2895.0,900,900,87.30000000000001,0.0,0.0,0.0,0,0,100,51520.47761599516,51520.47761599516,50296.47761599516,62464.0,62464.0,61104.0,-10807.522384004842,5146.201950274843
2026-03-13,202.77761599515725,2895.0,900,900,87.30000000000001,0.0,0.0,0.0,0,0,100,49828.47761599516,49828.47761599516,50251.47761599516,60584.0,60584.0,61054.0,-10802.522384004842,5141.199400249843
2026-03-16,202.77761599515725,2895.0,900,900,87.30000000000001,0.0,0.0,0.0,0,0,100,49972.47761599516,49972.47761599516,50440.47761599516,60744.0,60744.0,61264.0,-10823.522384004842,5162.210110354842
2026-03-17,202.77761599515725,2895.0,900,900,87.30000000000001,0.0,0.0,0.0,0,0,100,50701.47761599516,50701.47761599516,48820.47761599516,61554.0,61554.0,59464.0,-10643.522384004842,4982.118309454843
2026-03-18,202.77761599515725,2895.0,900,900,87.30000000000001,0.0,0.0,0.0,0,0,100,49180.47761599516,49180.47761599516,49864.47761599516,59864.0,59864.0,60624.0,-10759.522384004842,5098.177470034843
2026-03-19,202.77761599515725,2895.0,900,900,87.30000000000001,0.0,0.0,0.0,0,0,100,48910.47761599516,48910.47761599516,48424.47761599516,59564.0,59564.0,59024.0,-10599.522384004842,4938.095869234843
2026-03-20,202.77761599515725,2895.0,900,900,87.30000000000001,0.0,0.0,0.0,0,0,100,48892.47761599516,48892.47761599516,48280.47761599516,59544.0,59544.0,58864.0,-10583.522384004842,4922.087709154843
2026-03-23,202.77761599515725,2895.0,900,900,87.30000000000001,0.0,0.0,0.0,0,0,100,47065.47761599516,47065.47761599516,45850.47761599516,57514.0,57514.0,56164.0,-10313.522384004842,4651.950007804843
2026-03-24,202.77761599515725,2895.0,900,900,87.30000000000001,0.0,0.0,0.0,0,0,100,46723.47761599516,46723.47761599516,46966.47761599516,57134.0,57134.0,57404.0,-10437.522384004842,4776.013248424843
2026-03-25,202.77761599515725,2895.0,900,900,87.30000000000001,0.0,0.0,0.0,0,0,100,47461.47761599516,47461.47761599516,48289.47761599516,57954.0,57954.0,58874.0,-10584.522384004842,4923.088219159842
2026-03-26,202.77761599515725,2895.0,900,900,87.30000000000001,0.0,0.0,0.0,0,0,100,48010.47761599516,48010.47761599516,47776.47761599516,58564.0,58564.0,58304.0,-10527.522384004842,4866.059148874843
2026-03-27,202.77761599515725,2895.0,900,900,87.30000000000001,0.0,0.0,0.0,0,0,100,46777.47761599516,46777.47761599516,47587.47761599516,57194.0,57194.0,58094.0,-10506.522384004842,4845.0484387698425
2026-03-30,202.77761599515725,2895.0,900,900,87.30000000000001,0.0,0.0,0.0,0,0,100,46624.47761599516,46624.47761599516,47353.47761599516,57024.0,57024.0,57834.0,-10480.522384004842,4819.035178639842
2026-03-31,202.77761599515725,2895.0,900,900,87.30000000000001,0.0,0.0,0.0,0,0,100,47110.47761599516,47110.47761599516,49324.47761599516,57564.0,57564.0,60024.0,-10699.522384004842,5038.146869734843
2026-04-01,202.77761599515725,2895.0,900,900,87.30000000000001,0.0,0.0,0.0,0,0,100,50710.47761599516,50710.47761599516,50998.47761599516,61564.0,61564.0,61884.0,-10885.522384004842,5224.241730664842
2026-04-02,202.77761599515725,2895.0,900,900,87.30000000000001,0.0,0.0,0.0,0,0,100,50404.47761599516,50404.47761599516,49810.47761599516,61224.0,61224.0,60564.0,-10753.522384004842,5092.174410004843
2026-04-03,202.77761599515725,2895.0,900,900,87.30000000000001,0.0,0.0,0.0,0,0,100,50350.47761599516,50350.47761599516,49972.47761599516,61164.0,61164.0,60744.0,-10771.522384004842,5110.183590094843
2026-04-07,202.77761599515725,2895.0,900,900,87.30000000000001,0.0,0.0,0.0,0,0,100,50692.47761599516,50692.47761599516,50332.47761599516,61544.0,61544.0,61144.0,-10811.522384004842,5150.203990294843
2026-04-08,202.77761599515725,2895.0,900,900,87.30000000000001,0.0,0.0,0.0,0,0,100,51754.47761599516,51754.47761599516,53959.47761599516,62724.0,62724.0,65174.0,-11214.522384004842,5553.409522309843
2026-04-09,202.77761599515725,2895.0,900,900,87.30000000000001,0.0,0.0,0.0,0,0,100,52510.47761599516,52510.47761599516,52528.47761599516,63564.0,63564.0,63584.0,-11055.522384004842,5394.328431514842
2026-04-10,202.77761599515725,2895.0,900,900,87.30000000000001,0.0,0.0,0.0,0,0,100,53050.47761599516,53050.47761599516,53878.47761599516,64164.0,64164.0,65084.0,-11205.522384004842,5544.404932264843
2026-04-13,202.77761599515725,2895.0,900,900,0.0,0.0,0.0,0.0,0,0,100,53497.77761599516,53497.77761599516,53227.77761599516,64564.0,64564.0,64264.0,-11036.22238400484,5375.063111854843
2026-04-14,202.77761599515725,2895.0,900,900,0.0,0.0,0.0,0.0,0,0,100,53920.77761599516,53920.77761599516,56125.77761599516,65034.0,65034.0,67484.0,-11358.22238400484,5697.227333464843
2026-04-15,202.77761599515725,2895.0,900,900,0.0,0.0,0.0,0.0,0,0,100,56521.77761599516,56521.77761599516,55135.77761599516,67924.0,67924.0,66384.0,-11248.22238400484,5587.171232914842
2026-04-16,202.77761599515725,2895.0,900,900,0.0,0.0,0.0,0.0,0,0,100,55288.77761599516,55288.77761599516,56485.77761599516,66554.0,66554.0,67884.0,-11398.22238400484,5737.247733664843
2026-04-17,202.77761599515725,2895.0,900,900,0.0,0.0,0.0,0.0,0,0,100,56737.77761599516,56737.77761599516,57970.77761599516,68164.0,68164.0,69534.0,-11563.22238400484,5902.331884489842
2026-04-20,202.77761599515725,2895.0,900,900,0.0,0.0,0.0,0.0,0,0,100,58798.77761599516,58798.77761599516,58456.77761599516,70454.0,70454.0,70074.0,-11617.22238400484,5956.359424759843
2026-04-21,202.77761599515725,2895.0,900,900,0.0,0.0,0.0,0.0,0,0,100,57970.77761599516,57970.77761599516,58366.77761599516,69534.0,69534.0,69974.0,-11607.22238400484,5946.354324709842
2026-04-22,202.77761599515725,2895.0,900,900,0.0,0.0,0.0,0.0,0,0,100,58168.77761599516,58168.77761599516,63298.77761599516,69754.0,69754.0,75454.0,-12155.22238400484,6494.633807449842
2026-04-23,202.77761599515725,2895.0,900,900,0.0,0.0,0.0,0.0,0,0,100,63379.77761599516,63379.77761599516,64225.77761599516,75544.0,75544.0,76484.0,-12258.22238400484,6597.686337964842
2026-04-24,202.77761599515725,2895.0,900,900,0.0,0.0,0.0,0.0,0,0,100,63010.777615995146,63010.777615995146,61606.77761599516,75134.0,75134.0,73574.0,-11967.22238400484,6306.537926509843
2026-04-27,202.77761599515725,2895.0,900,900,0.0,0.0,0.0,0.0,0,0,100,62506.77761599516,62506.77761599516,63622.77761599516,74574.0,74574.0,75814.0,-12191.22238400484,6530.652167629842
2026-04-28,202.77761599515725,2895.0,900,900,0.0,0.0,0.0,0.0,0,0,100,63622.77761599516,63622.77761599516,64477.77761599516,75814.0,75814.0,76764.0,-12286.22238400484,6625.700618104843
2026-04-29,202.77761599515725,2895.0,900,900,0.0,0.0,0.0,0.0,0,0,100,64090.77761599516,64090.77761599516,62731.77761599516,76334.0,76334.0,74824.0,-12092.22238400484,6431.601677134843
2026-04-30,202.77761599515725,2895.0,900,900,0.0,0.0,0.0,0.0,0,0,100,62407.77761599516,62407.77761599516,59689.77761599516,74464.0,74464.0,71444.0,-11754.22238400484,6093.429295444842
2026-05-06,202.77761599515725,2895.0,900,900,0.0,0.0,0.0,0.0,0,0,100,60049.77761599516,60049.77761599516,59869.77761599516,71844.0,71844.0,71644.0,-11774.22238400484,6113.439495544842
2026-05-07,202.77761599515725,2895.0,900,900,0.0,0.0,0.0,0.0,0,0,100,60778.77761599516,60778.77761599516,60859.77761599516,72654.0,72654.0,72744.0,-11884.22238400484,6223.495596094844
2026-05-08,202.77761599515725,2895.0,900,900,0.0,0.0,0.0,0.0,0,0,100,59797.77761599516,59797.77761599516,60049.77761599516,71564.0,71564.0,71844.0,-11794.22238400484,6133.449695644843
2026-05-11,202.77761599515725,2895.0,900,900,0.0,0.0,0.0,0.0,0,0,100,60877.77761599516,60877.77761599516,62362.777615995146,72764.0,72764.0,74414.0,-12051.222384004854,6390.580766929841
2026-05-12,202.77761599515725,2895.0,900,900,0.0,0.0,0.0,0.0,0,0,100,62380.77761599516,62380.77761599516,61057.77761599516,74434.0,74434.0,72964.0,-11906.22238400484,6245.506816204843
2026-05-13,202.77761599515725,2895.0,900,900,0.0,0.0,0.0,0.0,0,0,100,60787.777615995146,60787.777615995146,66853.77761599516,72664.0,72664.0,79404.0,-12550.22238400484,6889.835259424843
2026-05-14,202.77761599515725,2895.0,900,900,0.0,0.0,0.0,0.0,0,0,100,69697.77761599516,69697.77761599516,64837.777615995146,82564.0,82564.0,77164.0,-12326.222384004854,6665.721018304841
2026-05-15,202.77761599515725,2895.0,900,900,0.0,0.0,0.0,0.0,0,0,100,65647.77761599516,65647.77761599516,63955.77761599516,78064.0,78064.0,76184.0,-12228.22238400484,6567.671037814842
2026-05-18,202.77761599515725,2895.0,900,900,0.0,0.0,0.0,0.0,0,0,100,62389.777615995146,62389.777615995146,65179.77761599516,74444.0,74444.0,77544.0,-12364.22238400484,6703.740398494842
2026-05-19,202.77761599515725,2895.0,900,900,0.0,0.0,0.0,0.0,0,0,100,64567.77761599516,64567.77761599516,64801.77761599516,76864.0,76864.0,77124.0,-12322.22238400484,6661.718978284843
2026-05-20,202.77761599515725,2895.0,900,900,0.0,0.0,0.0,0.0,0,0,100,64477.77761599516,64477.77761599516,64432.77761599516,76764.0,76764.0,76714.0,-12281.22238400484,6620.698068079843
2026-05-21,202.77761599515725,2895.0,900,900,0.0,0.0,0.0,0.0,0,0,100,65377.77761599516,65377.77761599516,62047.77761599516,77764.0,77764.0,74064.0,-12016.22238400484,6355.562916754842
2026-05-22,202.77761599515725,2895.0,900,900,0.0,0.0,0.0,0.0,0,0,100,62596.77761599516,62596.77761599516,63541.77761599516,74674.0,74674.0,75724.0,-12182.22238400484,6521.647577584842
2026-05-25,202.77761599515725,2895.0,900,900,0.0,0.0,0.0,0.0,0,0,100,64297.77761599516,64297.77761599516,66367.77761599516,76564.0,76564.0,78864.0,-12496.22238400484,6835.807719154842
2026-05-26,202.77761599515725,2895.0,900,900,0.0,0.0,0.0,0.0,0,0,100,65971.77761599516,65971.77761599516,66079.77761599516,78424.0,78424.0,78544.0,-12464.22238400484,6803.791398994843
2026-05-27,202.77761599515725,2895.0,900,900,0.0,0.0,0.0,0.0,0,0,100,66007.77761599516,66007.77761599516,66169.77761599516,78464.0,78464.0,78644.0,-12474.22238400484,6813.796499044843
2026-05-28,202.77761599515725,2895.0,900,900,0.0,0.0,0.0,0.0,0,0,100,66097.77761599516,66097.77761599516,70597.77761599516,78564.0,78564.0,83564.0,-12966.22238400484,7306.0474215048425
2026-05-29,202.77761599515725,2895.0,900,900,0.0,0.0,0.0,0.0,0,0,100,73972.77761599516,73972.77761599516,69157.77761599516,87314.0,87314.0,81964.0,-12806.22238400484,7145.965820704842
2026-06-01,202.77761599515725,2895.0,900,900,0.0,0.0,0.0,0.0,0,0,100,70777.77761599516,70777.77761599516,69472.77761599516,83764.0,83764.0,82314.0,-12841.22238400484,7180.983670879843
2026-06-02,202.77761599515725,2895.0,900,900,0.0,0.0,0.0,0.0,0,0,100,70597.77761599516,70597.77761599516,75106.77761599516,83564.0,83564.0,88574.0,-13467.22238400484,7807.302934009843
2026-06-03,202.77761599515725,2895.0,900,900,0.0,0.0,0.0,0.0,0,0,100,75052.77761599516,75052.77761599516,76042.77761599516,88514.0,88514.0,89614.0,-13571.22238400484,7911.355974529843
2026-06-04,202.77761599515725,2895.0,900,900,0.0,0.0,0.0,0.0,0,0,100,75097.77761599516,75097.77761599516,73792.77761599516,88564.0,88564.0,87114.0,-13321.22238400484,7661.228473279843
2026-06-05,202.77761599515725,2895.0,900,900,0.0,0.0,0.0,0.0,0,0,100,72847.77761599516,72847.77761599516,69751.77761599516,86064.0,86064.0,82624.0,-12872.22238400484,7211.999481034843
2026-06-08,202.77761599515725,2895.0,900,900,0.0,0.0,0.0,0.0,0,0,100,66088.77761599515,66088.77761599515,66529.77761599516,78554.0,78554.0,79044.0,-12514.22238400484,6853.816899244842
2026-06-09,202.77761599515725,2895.0,900,900,0.0,0.0,0.0,0.0,0,0,100,67888.77761599515,67888.77761599515,70363.77761599516,80554.0,80554.0,83304.0,-12940.22238400484,7280.0341613748415
2026-06-10,202.77761599515725,2895.0,900,900,0.0,0.0,0.0,0.0,0,0,100,68707.77761599516,68707.77761599516,67114.77761599515,81464.0,81464.0,79694.0,-12579.222384004854,6918.850049569843
2026-06-11,202.77761599515725,2895.0,900,900,0.0,0.0,0.0,0.0,0,0,100,65935.77761599515,65935.77761599515,65665.77761599516,78384.0,78384.0,78084.0,-12418.22238400484,6757.767938764842
2026-06-12,202.77761599515725,2895.0,900,900,0.0,0.0,0.0,0.0,0,0,100,67843.77761599516,67843.77761599516,66214.77761599515,80504.0,80504.0,78694.0,-12479.222384004854,6818.799049069842
2026-06-15,202.77761599515725,2895.0,900,900,0.0,0.0,0.0,0.0,0,0,100,67420.77761599516,67420.77761599516,69157.77761599516,80034.0,80034.0,81964.0,-12806.22238400484,7145.965820704842
2026-06-16,202.77761599515725,2895.0,900,900,0.0,0.0,0.0,0.0,0,0,100,69157.77761599516,69157.77761599516,68707.77761599516,81964.0,81964.0,81464.0,-12756.22238400484,7095.9403204548435
2026-06-17,202.77761599515725,2895.0,900,900,0.0,0.0,0.0,0.0,0,0,100,67627.77761599516,67627.77761599516,68473.77761599516,80264.0,80264.0,81204.0,-12730.22238400484,7069.927060324842
2026-06-18,202.77761599515725,2895.0,900,900,0.0,0.0,0.0,0.0,0,0,100,67897.77761599516,67897.77761599516,73369.77761599516,80564.0,80564.0,86644.0,-13274.22238400484,7614.204503044843
2026-06-22,202.77761599515725,2895.0,900,900,0.0,0.0,0.0,0.0,0,0,100,73369.77761599516,73369.77761599516,74089.77761599516,86644.0,86644.0,87444.0,-13354.22238400484,7694.245303444843
2026-06-23,202.77761599515725,2895.0,900,900,0.0,0.0,0.0,0.0,0,0,100,74089.77761599516,74089.77761599516,69787.77761599516,87444.0,87444.0,82664.0,-12876.22238400484,7216.001521054842
2026-06-24,202.77761599515725,2895.0,900,900,0.0,0.0,0.0,0.0,0,0,100,68797.77761599516,68797.77761599516,72199.77761599516,81564.0,81564.0,85344.0,-13144.22238400484,7484.138202394843
2026-06-25,202.77761599515725,2895.0,900,900,0.0,0.0,0.0,0.0,0,0,100,72928.77761599516,72928.77761599516,72388.77761599516,86154.0,86154.0,85554.0,-13165.22238400484,7505.148912499842
2026-06-26,202.77761599515725,2895.0,900,900,0.0,0.0,0.0,0.0,0,0,100,70597.77761599516,70597.77761599516,66295.77761599516,83564.0,83564.0,78784.0,-12488.22238400484,6827.803639114843
2026-06-29,202.77761599515725,2895.0,900,900,0.0,0.0,0.0,0.0,0,0,100,65467.77761599516,65467.77761599516,65746.77761599516,77864.0,77864.0,78174.0,-12427.22238400484,6766.772528809843
2026-06-30,202.77761599515725,2895.0,900,900,0.0,0.0,0.0,0.0,0,0,100,65701.77761599516,65701.77761599516,68032.77761599516,78124.0,78124.0,80714.0,-12681.22238400484,7020.902070079843
2026-07-01,202.77761599515725,2895.0,900,900,0.0,0.0,0.0,0.0,0,0,100,68797.77761599516,68797.77761599516,66097.77761599516,81564.0,81564.0,78564.0,-12466.22238400484,6805.7924190048425
2026-07-02,202.77761599515725,2895.0,900,900,0.0,0.0,0.0,0.0,0,0,100,63811.777615995146,63811.777615995146,60715.77761599516,76024.0,76024.0,72584.0,-11868.22238400484,6207.487436014842
2026-07-03,202.77761599515725,2895.0,900,900,0.0,0.0,0.0,0.0,0,0,100,60247.77761599516,60247.77761599516,61345.77761599516,72064.0,72064.0,73284.0,-11938.22238400484,6277.523136364843
2026-07-06,202.77761599515725,2895.0,900,900,0.0,0.0,0.0,0.0,0,0,100,62290.77761599516,62290.77761599516,60328.77761599516,74334.0,74334.0,72154.0,-11825.22238400484,6164.465505799842
2026-07-07,202.77761599515725,2895.0,900,900,0.0,0.0,0.0,0.0,0,0,100,59950.77761599516,59950.77761599516,60499.77761599516,71734.0,71734.0,72344.0,-11844.22238400484,6183.475195894842
2026-07-08,202.77761599515725,2895.0,900,900,0.0,0.0,0.0,0.0,0,0,100,61597.77761599516,61597.77761599516,62506.77761599516,73564.0,73564.0,74574.0,-12067.22238400484,6406.588927009843
2026-07-09,202.77761599515725,2895.0,900,900,0.0,0.0,0.0,0.0,0,0,100,63046.77761599516,63046.77761599516,65674.77761599516,75174.0,75174.0,78094.0,-12419.22238400484,6758.7684487698425
2026-07-10,202.77761599515725,2895.0,900,900,0.0,0.0,0.0,0.0,0,0,100,66997.77761599516,66997.77761599516,62740.77761599516,79564.0,79564.0,74834.0,-12093.22238400484,6432.6021871398425
2026-07-13,202.77761599515725,2895.0,900,900,0.0,0.0,0.0,0.0,0,0,100,61867.77761599516,61867.77761599516,59869.77761599516,73864.0,73864.0,71644.0,-11774.22238400484,6113.439495544842
2026-07-14,202.77761599515725,2895.0,900,900,0.0,0.0,0.0,0.0,0,0,100,59707.77761599516,59707.77761599516,62137.777615995146,71464.0,71464.0,74164.0,-12026.222384004854,6365.568016804841
2026-07-15,202.77761599515725,2895.0,900,900,0.0,0.0,0.0,0.0,0,0,100,62389.777615995146,62389.777615995146,60355.77761599516,74444.0,74444.0,72184.0,-11828.22238400484,6167.467035814842
2026-07-16,202.77761599515725,2895.0,900,900,0.0,0.0,0.0,0.0,0,0,100,59212.77761599516,59212.77761599516,59815.77761599516,70914.0,70914.0,71584.0,-11768.22238400484,6107.436435514843
2026-07-17,202.77761599515725,2895.0,900,900,0.0,0.0,0.0,0.0,0,0,100,58915.77761599516,58915.77761599516,54928.77761599516,70584.0,70584.0,66154.0,-11225.22238400484,5564.159502799843
2026-07-20,202.77761599515725,2895.0,900,900,0.0,0.0,0.0,0.0,0,0,100,56089.77761599516,56089.77761599516,53947.77761599516,67444.0,67444.0,65064.0,-11116.22238400484,5455.103912254843
2026-07-21,202.77761599515725,2895.0,900,900,0.0,0.0,0.0,0.0,0,0,100,54847.77761599516,54847.77761599516,57979.77761599516,66064.0,66064.0,69544.0,-11564.22238400484,5903.332394494842
2026-07-22,202.77761599515725,2895.0,900,900,0.0,0.0,0.0,0.0,0,0,100,57331.77761599516,57331.77761599516,57736.77761599516,68824.0,68824.0,69274.0,-11537.22238400484,5876.318624359843
2026-07-23,202.77761599515725,2895.0,900,900,0.0,0.0,0.0,0.0,0,0,100,58888.77761599516,58888.77761599516,59689.77761599516,70554.0,70554.0,71444.0,-11754.22238400484,6093.429295444842
2026-07-24,202.77761599515725,2895.0,900,900,0.0,0.0,0.0,0.0,0,0,100,58042.77761599516,58042.77761599516,57322.77761599516,69614.0,69614.0,68814.0,-11491.22238400484,5830.295164129842
2026-07-27,202.77761599515725,2895.0,900,900,0.0,0.0,0.0,0.0,0,0,100,56989.77761599516,56989.77761599516,58492.77761599516,68444.0,68444.0,70114.0,-11621.22238400484,5960.361464779842
2026-07-28,202.77761599515725,2895.0,900,900,0.0,0.0,0.0,0.0,0,0,100,56089.77761599516,56089.77761599516,55369.77761599516,67444.0,67444.0,66644.0,-11274.22238400484,5613.184493044842
2026-07-29,202.77761599515725,2895.0,900,900,0.0,0.0,0.0,0.0,0,0,100,55369.77761599516,55369.77761599516,55072.77761599516,66644.0,66644.0,66314.0,-11241.22238400484,5580.167662879842
2026-07-30,202.77761599515725,2895.0,900,900,0.0,0.0,0.0,0.0,0,0,100,54397.77761599516,54397.77761599516,51517.77761599516,65564.0,65564.0,62364.0,-10846.22238400484,5184.966210904842
2026-07-31,202.77761599515725,2895.0,900,900,0.0,0.0,0.0,0.0,0,0,100,54523.77761599516,54523.77761599516,54127.77761599516,65704.0,65704.0,65264.0,-11136.22238400484,5475.114112354843
2026-08-03,202.77761599515725,3480.0,900,900,0.0,0.0,0.0,0.0,0,0,100,53659.77761599516,53659.77761599516,53992.77761599516,64744.0,64744.0,65114.0,-11121.22238400484,5395.073311954843
2026-08-04,202.77761599515725,3480.0,900,900,0.0,0.0,0.0,0.0,0,0,100,54811.77761599516,54811.77761599516,57619.77761599516,66024.0,66024.0,69144.0,-11524.22238400484,5798.2788439698425
2026-08-05,202.77761599515725,3480.0,900,900,0.0,0.0,0.0,0.0,0,0,100,56782.77761599516,56782.77761599516,63010.77761599516,68214.0,68214.0,75134.0,-12123.22238400484,6397.584336964842
2026-08-06,202.77761599515725,3480.0,900,900,0.0,0.0,0.0,0.0,0,0,100,62677.77761599516,62677.77761599516,65125.77761599516,74764.0,74764.0,77484.0,-12358.22238400484,6632.704188139843
2026-08-07,202.77761599515725,3480.0,900,900,0.0,0.0,0.0,0.0,0,0,100,65125.77761599516,65125.77761599516,65044.77761599516,77484.0,77484.0,77394.0,-12349.22238400484,6623.699598094843
2026-08-10,202.77761599515725,3480.0,900,900,0.0,0.0,0.0,0.0,0,0,100,65782.77761599516,65782.77761599516,65944.77761599516,78214.0,78214.0,78394.0,-12449.22238400484,6723.750598594844
2026-08-11,202.77761599515725,3480.0,900,900,0.0,0.0,0.0,0.0,0,0,100,64819.77761599516,64819.77761599516,63091.77761599516,77144.0,77144.0,75224.0,-12132.22238400484,6406.588927009843
2026-08-12,202.77761599515725,3480.0,900,900,0.0,0.0,0.0,0.0,0,0,100,63496.777615995146,63496.777615995146,62722.777615995146,75674.0,75674.0,74814.0,-12091.222384004854,6365.568016804841
2026-08-13,202.77761599515725,3480.0,900,900,0.0,0.0,0.0,0.0,0,0,100,64873.777615995146,64873.777615995146,62389.77761599516,77204.0,77204.0,74444.0,-12054.22238400484,6328.549146619843
2026-08-14,202.77761599515725,3480.0,900,900,0.0,0.0,0.0,0.0,0,0,100,62722.777615995146,62722.777615995146,63253.77761599516,74814.0,74814.0,75404.0,-12150.22238400484,6424.598107099842
2026-08-17,202.77761599515725,3480.0,900,900,0.0,0.0,0.0,0.0,0,0,100,63982.77761599516,63982.77761599516,65089.77761599516,76214.0,76214.0,77444.0,-12354.22238400484,6628.702148119842
2026-08-18,202.77761599515725,3480.0,900,900,0.0,0.0,0.0,0.0,0,0,100,64612.77761599516,64612.77761599516,63262.77761599516,76914.0,76914.0,75414.0,-12151.22238400484,6425.598617104843
2026-08-19,202.77761599515725,3480.0,900,900,0.0,0.0,0.0,0.0,0,0,100,61372.777615995146,61372.777615995146,59329.77761599516,73314.0,73314.0,71044.0,-11714.22238400484,5988.375744919842
2026-08-20,202.77761599515725,3480.0,900,900,0.0,0.0,0.0,0.0,0,0,100,59932.77761599516,59932.77761599516,59599.77761599516,71714.0,71714.0,71344.0,-11744.22238400484,6018.391045069842
2026-08-21,202.77761599515725,3480.0,900,900,0.0,0.0,0.0,0.0,0,0,100,59167.77761599516,59167.77761599516,60238.77761599516,70864.0,70864.0,72054.0,-11815.22238400484,6089.427255424843
2026-08-24,202.77761599515725,3480.0,900,900,0.0,0.0,0.0,0.0,0,0,100,60112.77761599516,60112.77761599516,58042.77761599516,71914.0,71914.0,69614.0,-11571.22238400484,5845.302814204842
2026-08-25,202.77761599515725,3480.0,900,900,0.0,0.0,0.0,0.0,0,0,100,56557.77761599516,56557.77761599516,57817.77761599516,67964.0,67964.0,69364.0,-11546.22238400484,5820.2900640798425
2026-08-26,202.77761599515725,3480.0,900,900,0.0,0.0,0.0,0.0,0,0,100,57862.77761599516,57862.77761599516,58195.77761599516,69414.0,69414.0,69784.0,-11588.22238400484,5862.311484289842
2026-08-27,202.77761599515725,3480.0,900,900,0.0,0.0,0.0,0.0,0,0,100,59482.77761599516,59482.77761599516,61156.77761599516,71214.0,71214.0,73074.0,-11917.22238400484,6191.479275934842
2026-08-28,202.77761599515725,3480.0,900,900,0.0,0.0,0.0,0.0,0,0,100,61318.77761599516,61318.77761599516,61318.77761599516,73254.0,73254.0,73254.0,-11935.22238400484,6209.488456024843
2026-08-31,202.77761599515725,3480.0,900,900,0.0,0.0,0.0,0.0,0,0,100,60517.77761599516,60517.77761599516,62038.77761599516,72364.0,72364.0,74054.0,-12015.22238400484,6289.529256424842
2026-09-01,202.77761599515725,3480.0,900,900,0.0,0.0,0.0,0.0,0,0,100,61597.777615995146,61597.777615995146,60328.77761599516,73564.0,73564.0,72154.0,-11825.22238400484,6099.432355474843
2026-09-02,202.77761599515725,3480.0,900,900,0.0,0.0,0.0,0.0,0,0,100,59230.77761599516,59230.77761599516,59302.77761599516,70934.0,70934.0,71014.0,-11711.22238400484,5985.374214904842
2026-09-03,202.77761599515725,3480.0,900,900,0.0,0.0,0.0,0.0,0,0,100,60382.77761599516,60382.77761599516,60562.77761599516,72214.0,72214.0,72414.0,-11851.22238400484,6125.445615604843
2026-09-04,202.77761599515725,3480.0,900,900,0.0,0.0,0.0,0.0,0,0,100,61138.77761599516,61138.77761599516,61003.77761599516,73054.0,73054.0,72904.0,-11900.22238400484,6174.470605849842
2026-09-07,202.77761599515725,3480.0,900,900,0.0,0.0,0.0,0.0,0,0,100,61822.777615995146,61822.777615995146,63595.777615995146,73814.0,73814.0,75784.0,-12188.222384004854,6462.617487289842
2026-09-08,202.77761599515725,3480.0,900,900,0.0,0.0,0.0,0.0,0,0,100,63352.77761599516,63352.77761599516,61957.77761599516,75514.0,75514.0,73964.0,-12006.22238400484,6280.524666379842
2026-09-09,202.77761599515725,3480.0,900,900,0.0,0.0,0.0,0.0,0,0,100,62092.77761599516,62092.77761599516,62398.777615995146,74114.0,74114.0,74454.0,-12055.222384004854,6329.549656624841
2026-09-10,202.77761599515725,3480.0,900,900,0.0,0.0,0.0,0.0,0,0,100,61732.77761599516,61732.77761599516,61201.77761599516,73714.0,73714.0,73124.0,-11922.22238400484,6196.481825959842
2026-09-11,202.77761599515725,3480.0,900,900,0.0,0.0,0.0,0.0,0,0,100,60076.77761599516,60076.77761599516,61345.777615995146,71874.0,71874.0,73284.0,-11938.222384004854,6212.489986039842
