date,cash,receivable,shares,settled_next_day,dividend_tax_reserve,fees,dividend_tax_paid,dividend_received,buy_quantity,sell_quantity,restoration_missing_shares,equity_open_before,equity_open,equity_close,hold_equity_open,hold_equity_after,hold_equity_close,relative_equity,restore_cash_gap
2020-01-02,18347.071773800002,0,0,0,0.0,23.738226200000003,0.0,0.0,0,1000,0,18330.0,18330.0,18347.071773800002,18330.0,18330.0,18380.0,-32.92822619999788,47.486009999996895
2020-01-03,1692.4182873900027,0,900,900,0.0,5.33298641,0.0,0.0,900,0,100,18347.071773800002,18333.418287390003,18090.418287390003,18490.0,18490.0,18220.0,-129.58171260999734,135.52917082999716
2020-01-06,1692.4182873900027,0,900,900,0.0,0.0,0.0,0.0,0,0,100,17901.418287390006,17901.418287390006,17802.41828739,18010.0,18010.0,17900.0,-97.58171261000098,103.51253050999708
2020-01-07,1692.4182873900027,0,900,900,0.0,0.0,0.0,0.0,0,0,100,17820.418287390006,17820.418287390006,17766.418287390003,17920.0,17920.0,17860.0,-93.58171260999734,99.51045046999707
2020-01-08,1692.4182873900027,0,900,900,0.0,0.0,0.0,0.0,0,0,100,17550.418287390003,17550.418287390003,17460.418287390003,17620.0,17620.0,17520.0,-59.58171260999734,65.49277012999733
2020-01-09,1692.4182873900027,0,900,900,0.0,0.0,0.0,0.0,0,0,100,17577.41828739,17577.41828739,18162.418287390003,17650.0,17650.0,18300.0,-137.58171260999734,143.5333309099974
2020-01-10,1692.4182873900027,0,900,900,0.0,0.0,0.0,0.0,0,0,100,18261.418287390003,18261.418287390003,17919.418287390006,18410.0,18410.0,18030.0,-110.5817126099937,116.51929063999728
2020-01-13,1692.4182873900027,0,900,900,0.0,0.0,0.0,0.0,0,0,100,17910.418287390003,17910.418287390003,18441.418287390003,18020.0,18020.0,18610.0,-168.58171260999734,174.5494512199973
2020-01-14,1692.4182873900027,0,900,900,0.0,0.0,0.0,0.0,0,0,100,18477.418287390003,18477.418287390003,18243.418287390003,18650.0,18650.0,18390.0,-146.58171260999734,152.53801099999737
2020-01-15,1692.4182873900027,0,900,900,0.0,0.0,0.0,0.0,0,0,100,18207.418287390003,18207.418287390003,18522.418287390003,18350.0,18350.0,18700.0,-177.58171260999734,183.55413130999727
2020-01-16,1692.4182873900027,0,900,900,0.0,0.0,0.0,0.0,0,0,100,18477.418287390003,18477.418287390003,18261.418287390003,18650.0,18650.0,18410.0,-148.58171260999734,154.53905101999726
2020-01-17,1692.4182873900027,0,900,900,0.0,0.0,0.0,0.0,0,0,100,18261.418287390003,18261.418287390003,18783.418287390003,18410.0,18410.0,18990.0,-206.58171260999734,212.56921159999706
2020-01-20,1692.4182873900027,0,900,900,0.0,0.0,0.0,0.0,0,0,100,18684.418287390003,18684.418287390003,19098.418287390003,18880.0,18880.0,19340.0,-241.58171260999734,247.5874119499972
2020-01-21,1692.4182873900027,0,900,900,0.0,0.0,0.0,0.0,0,0,100,18972.418287390003,18972.418287390003,18873.418287390003,19200.0,19200.0,19090.0,-216.58171260999734,222.5744116999972
2020-01-22,1692.4182873900027,0,900,900,0.0,0.0,0.0,0.0,0,0,100,18702.418287390003,18702.418287390003,20457.418287390003,18900.0,18900.0,20850.0,-392.58171260999734,398.6659334599972
2020-01-23,1692.4182873900027,0,900,900,0.0,0.0,0.0,0.0,0,0,100,20142.418287390003,20142.418287390003,19692.418287390003,20500.0,20500.0,20000.0,-307.58171260999734,313.62173260999725
2020-02-03,1692.4182873900027,0,900,900,0.0,0.0,0.0,0.0,0,0,100,17892.418287390003,17892.418287390003,17892.418287390003,18000.0,18000.0,18000.0,-107.58171260999734,113.51773060999722
2020-02-04,1692.4182873900027,0,900,900,0.0,0.0,0.0,0.0,0,0,100,17082.418287390006,17082.418287390006,17910.418287390003,17100.0,17100.0,18020.0,-109.58171260999734,115.5187706299971
2020-02-05,1692.4182873900027,0,900,900,0.0,0.0,0.0,0.0,0,0,100,18036.418287390003,18036.418287390003,18513.418287390003,18160.0,18160.0,18690.0,-176.58171260999734,182.55361129999733
2020-02-06,1692.4182873900027,0,900,900,0.0,0.0,0.0,0.0,0,0,100,18378.418287390003,18378.418287390003,18720.418287390003,18540.0,18540.0,18920.0,-199.58171260999734,205.56557152999744
2020-02-07,1692.4182873900027,0,900,900,0.0,0.0,0.0,0.0,0,0,100,19602.418287390003,19602.418287390003,19062.418287390003,19900.0,19900.0,19300.0,-237.58171260999734,243.5853319099972
2020-02-10,1692.4182873900027,0,900,900,0.0,0.0,0.0,0.0,0,0,100,18702.418287390003,18702.418287390003,18711.418287390003,18900.0,18900.0,18910.0,-198.58171260999734,204.56505151999704
2020-02-11,1692.4182873900027,0,900,900,0.0,0.0,0.0,0.0,0,0,100,18621.418287390003,18621.418287390003,18999.418287390003,18810.0,18810.0,19230.0,-230.58171260999734,236.58169183999712
2020-02-12,1692.4182873900027,0,900,900,0.0,0.0,0.0,0.0,0,0,100,18864.418287390003,18864.418287390003,18927.418287390003,19080.0,19080.0,19150.0,-222.58171260999734,228.5775317599971
2020-02-13,1692.4182873900027,0,900,900,0.0,0.0,0.0,0.0,0,0,100,18891.418287390003,18891.418287390003,18270.418287390003,19110.0,19110.0,18420.0,-149.58171260999734,155.53957102999743
2020-02-14,1692.4182873900027,0,900,900,0.0,0.0,0.0,0.0,0,0,100,18126.418287390003,18126.418287390003,18207.418287390003,18260.0,18260.0,18350.0,-142.58171260999734,148.53593095999736
2020-02-17,1692.4182873900027,0,900,900,0.0,0.0,0.0,0.0,0,0,100,18288.418287390003,18288.418287390003,18963.418287390003,18440.0,18440.0,19190.0,-226.58171260999734,232.57961179999756
2020-02-18,1692.4182873900027,0,900,900,0.0,0.0,0.0,0.0,0,0,100,18972.418287390003,18972.418287390003,18657.418287390003,19200.0,19200.0,18850.0,-192.58171260999734,198.56193145999737
2020-02-19,1692.4182873900027,0,900,900,0.0,0.0,0.0,0.0,0,0,100,18477.418287390003,18477.418287390003,18333.418287390003,18650.0,18650.0,18490.0,-156.58171260999734,162.54321109999705
2020-02-20,1692.4182873900027,0,900,900,0.0,0.0,0.0,0.0,0,0,100,18423.418287390003,18423.418287390003,18621.418287390003,18590.0,18590.0,18810.0,-188.58171260999734,194.55985141999713
2020-02-21,1692.4182873900027,0,900,900,0.0,0.0,0.0,0.0,0,0,100,18495.418287390003,18495.418287390003,19332.418287390003,18670.0,18670.0,19600.0,-267.58171260999734,273.6009322099974
2020-02-24,1692.4182873900027,0,900,900,0.0,0.0,0.0,0.0,0,0,100,19467.418287390003,19467.418287390003,19818.418287390003,19750.0,19750.0,20140.0,-321.58171260999734,327.6290127499972
2020-02-25,1692.4182873900027,0,900,900,0.0,0.0,0.0,0.0,0,0,100,19377.418287390003,19377.418287390003,19656.418287390003,19650.0,19650.0,19960.0,-303.58171260999734,309.61965256999724
2020-02-26,1692.4182873900027,0,900,900,0.0,0.0,0.0,0.0,0,0,100,19287.418287390003,19287.418287390003,18531.418287390003,19550.0,19550.0,18710.0,-178.58171260999734,184.55465131999722
2020-02-27,1692.4182873900027,0,900,900,0.0,0.0,0.0,0.0,0,0,100,18468.418287390003,18468.418287390003,18702.418287390003,18640.0,18640.0,18900.0,-197.58171260999734,203.5645315099971
2020-02-28,1692.4182873900027,0,900,900,0.0,0.0,0.0,0.0,0,0,100,17964.41828739,17964.41828739,17064.41828739,18080.0,18080.0,17080.0,-15.581712610000977,21.46988968999699
2020-03-02,1692.4182873900027,0,900,900,0.0,0.0,0.0,0.0,0,0,100,17262.418287390003,17262.418287390003,17388.418287390006,17300.0,17300.0,17440.0,-51.5817126099937,57.488610049997305
2020-03-03,1692.4182873900027,0,900,900,0.0,0.0,0.0,0.0,0,0,100,17739.41828739,17739.41828739,17388.418287390006,17830.0,17830.0,17440.0,-51.5817126099937,57.488610049997305
2020-03-04,1692.4182873900027,0,900,900,0.0,0.0,0.0,0.0,0,0,100,17199.418287390003,17199.418287390003,16776.418287390006,17230.0,17230.0,16760.0,16.4182873900063,0.0
2020-03-05,1692.4182873900027,0,900,900,0.0,0.0,0.0,0.0,0,0,100,17082.418287390006,17082.418287390006,17136.418287390003,17100.0,17100.0,17160.0,-23.58171260999734,29.474049769997237
2020-03-06,3.5431105600027877,0,1000,1000,0.0,5.03367683,0.0,0.0,100,0,0,16839.41828739,16833.543110560004,16993.543110560004,16830.0,16830.0,16990.0,3.543110560003697,0.0
2020-03-09,3.5431105600027877,0,1000,1000,0.0,0.0,0.0,0.0,0,0,0,16683.543110560004,16683.543110560004,16183.543110560004,16680.0,16680.0,16180.0,3.543110560003697,0.0
2020-03-10,3.5431105600027877,0,1000,1000,0.0,0.0,0.0,0.0,0,0,0,15983.543110560004,15983.543110560004,16593.543110560004,15980.0,15980.0,16590.0,3.543110560003697,0.0
2020-03-11,3.5431105600027877,0,1000,1000,0.0,0.0,0.0,0.0,0,0,0,16673.543110560004,16673.543110560004,16543.543110560004,16670.0,16670.0,16540.0,3.543110560003697,0.0
2020-03-12,3.5431105600027877,0,1000,1000,0.0,0.0,0.0,0.0,0,0,0,16253.543110560004,16253.543110560004,16103.543110560004,16250.0,16250.0,16100.000000000002,3.543110560001878,0.0
2020-03-13,3.5431105600027877,0,1000,1000,0.0,0.0,0.0,0.0,0,0,0,15183.543110560004,15183.543110560004,15653.543110560004,15180.0,15180.0,15650.0,3.543110560003697,0.0
2020-03-16,3.5431105600027877,0,1000,1000,0.0,0.0,0.0,0.0,0,0,0,15683.543110560004,15683.543110560004,14303.543110560004,15680.0,15680.0,14300.0,3.543110560003697,0.0
2020-03-17,3.5431105600027877,0,1000,1000,0.0,0.0,0.0,0.0,0,0,0,14393.543110560004,14393.543110560004,13913.543110560004,14390.0,14390.0,13910.0,3.543110560003697,0.0
2020-03-18,3.5431105600027877,0,1000,1000,0.0,0.0,0.0,0.0,0,0,0,14053.543110560004,14053.543110560004,13563.543110560004,14050.0,14050.0,13560.0,3.543110560003697,0.0
2020-03-19,3.5431105600027877,0,1000,1000,0.0,0.0,0.0,0.0,0,0,0,13553.543110560004,13553.543110560004,13513.543110560004,13550.0,13550.0,13510.0,3.543110560003697,0.0
2020-03-20,3.5431105600027877,0,1000,1000,0.0,0.0,0.0,0.0,0,0,0,13683.543110560004,13683.543110560004,13573.543110560004,13680.0,13680.0,13570.0,3.543110560003697,0.0
2020-03-23,3.5431105600027877,0,1000,1000,0.0,0.0,0.0,0.0,0,0,0,13103.543110560004,13103.543110560004,12523.543110560004,13100.0,13100.0,12520.0,3.543110560003697,0.0
2020-03-24,3.5431105600027877,0,1000,1000,0.0,0.0,0.0,0.0,0,0,0,12753.543110560004,12753.543110560004,13023.543110560004,12750.0,12750.0,13020.0,3.543110560003697,0.0
2020-03-25,3.5431105600027877,0,1000,1000,0.0,0.0,0.0,0.0,0,0,0,13403.543110560004,13403.543110560004,13553.543110560004,13400.0,13400.0,13550.0,3.543110560003697,0.0
2020-03-26,13268.349088460003,0,0,0,0.0,18.549022100000002,0.0,0.0,0,1000,0,13413.543110560004,13413.543110560004,13268.349088460003,13410.0,13410.0,13290.0,-21.65091153999674,33.561844439995184
2020-03-27,1107.0309669600047,0,900,900,0.0,5.2431215,0.0,0.0,900,0,100,13268.349088460003,13257.030966960005,12870.030966960005,13500.0,13500.0,13070.0,-199.96903303999534,205.6486861099952
2020-03-30,1107.0309669600047,0,900,900,0.0,0.0,0.0,0.0,0,0,100,12663.030966960005,12663.030966960005,12645.030966960005,12840.0,12840.0,12820.0,-174.96903303999534,180.6356858599952
2020-03-31,1107.0309669600047,0,900,900,0.0,0.0,0.0,0.0,0,0,100,13068.030966960005,13068.030966960005,12996.030966960005,13290.0,13290.0,13210.0,-213.96903303999534,219.65596624999534
2020-04-01,1107.0309669600047,0,900,900,0.0,0.0,0.0,0.0,0,0,100,12924.030966960005,12924.030966960005,13176.030966960005,13130.0,13130.0,13410.0,-233.96903303999534,239.6663664499954
2020-04-02,1107.0309669600047,0,900,900,0.0,0.0,0.0,0.0,0,0,100,13113.030966960005,13113.030966960005,13689.030966960005,13340.0,13340.0,13980.0,-290.96903303999534,296.69600701999525
2020-04-03,1107.0309669600047,0,900,900,0.0,0.0,0.0,0.0,0,0,100,13617.030966960005,13617.030966960005,13671.030966960005,13900.0,13900.0,13960.0,-288.96903303999534,294.69496699999513
2020-04-07,1107.0309669600047,0,900,900,0.0,0.0,0.0,0.0,0,0,100,14022.030966960005,14022.030966960005,13842.030966960005,14350.0,14350.0,14150.0,-307.96903303999534,313.70484718999523
2020-04-08,1107.0309669600047,0,900,900,0.0,0.0,0.0,0.0,0,0,100,13752.030966960005,13752.030966960005,13833.030966960005,14050.0,14050.0,14140.0,-306.96903303999534,312.7043271799953
2020-04-09,1107.0309669600047,0,900,900,0.0,0.0,0.0,0.0,0,0,100,13860.030966960005,13860.030966960005,13662.030966960005,14170.0,14170.0,13950.0,-287.96903303999534,293.6944469899954
2020-04-10,1107.0309669600047,0,900,900,0.0,0.0,0.0,0.0,0,0,100,13653.030966960005,13653.030966960005,13365.030966960005,13940.0,13940.0,13620.0,-254.96903303999534,260.67728665999516
2020-04-13,1107.0309669600047,0,900,900,0.0,0.0,0.0,0.0,0,0,100,13203.030966960005,13203.030966960005,12942.030966960005,13440.0,13440.0,13150.0,-207.96903303999534,213.65284618999544
2020-04-14,1107.0309669600047,0,900,900,0.0,0.0,0.0,0.0,0,0,100,13059.030966960005,13059.030966960005,13536.030966960005,13280.0,13280.0,13810.0,-273.96903303999534,279.68716684999526
2020-04-15,1107.0309669600047,0,900,900,0.0,0.0,0.0,0.0,0,0,100,13536.030966960005,13536.030966960005,13590.030966960005,13810.0,13810.0,13870.0,-279.96903303999534,285.69028690999517
2020-04-16,1107.0309669600047,0,900,900,0.0,0.0,0.0,0.0,0,0,100,13482.030966960005,13482.030966960005,13752.030966960005,13750.0,13750.0,14050.0,-297.96903303999534,303.6996470899953
2020-04-17,1107.0309669600047,0,900,900,0.0,0.0,0.0,0.0,0,0,100,13905.030966960005,13905.030966960005,13698.030966960005,14220.0,14220.0,13990.0,-291.96903303999534,297.6965270299952
2020-04-20,1107.0309669600047,0,900,900,0.0,0.0,0.0,0.0,0,0,100,13761.030966960005,13761.030966960005,14130.030966960005,14060.0,14060.0,14470.0,-339.96903303999534,345.7214875099951
2020-04-21,1107.0309669600047,0,900,900,0.0,0.0,0.0,0.0,0,0,100,13977.030966960005,13977.030966960005,13851.030966960005,14300.0,14300.0,14160.0,-308.96903303999534,314.7053671999952
2020-04-22,1107.0309669600047,0,900,900,0.0,0.0,0.0,0.0,0,0,100,13761.030966960005,13761.030966960005,13761.030966960005,14060.0,14060.0,14060.0,-298.96903303999534,304.70016709999527
2020-04-23,1107.0309669600047,0,900,900,0.0,0.0,0.0,0.0,0,0,100,13932.030966960005,13932.030966960005,13671.030966960005,14250.0,14250.0,13960.0,-288.96903303999534,294.69496699999513
2020-04-24,1107.0309669600047,0,900,900,0.0,0.0,0.0,0.0,0,0,100,13671.030966960005,13671.030966960005,13662.030966960005,13960.0,13960.0,13950.0,-287.96903303999534,293.6944469899954
2020-04-27,1107.0309669600047,0,900,900,0.0,0.0,0.0,0.0,0,0,100,13707.030966960005,13707.030966960005,13662.030966960005,14000.0,14000.0,13950.0,-287.96903303999534,293.6944469899954
2020-04-28,1107.0309669600047,0,900,900,0.0,0.0,0.0,0.0,0,0,100,13716.030966960005,13716.030966960005,13896.030966960005,14010.0,14010.0,14210.0,-313.96903303999534,319.70796724999536
2020-04-29,1107.0309669600047,0,900,900,0.0,0.0,0.0,0.0,0,0,100,13851.030966960005,13851.030966960005,13923.030966960005,14160.0,14160.0,14240.0,-316.96903303999534,322.7095272799954
2020-04-30,1107.0309669600047,0,900,900,0.0,0.0,0.0,0.0,0,0,100,13986.030966960005,13986.030966960005,14328.030966960005,14310.0,14310.0,14690.0,-361.96903303999534,367.73292772999525
2020-05-06,1107.0309669600047,0,900,900,0.0,0.0,0.0,0.0,0,0,100,14094.030966960005,14094.030966960005,14391.030966960005,14430.0,14430.0,14760.0,-368.96903303999534,374.7365677999951
2020-05-07,1107.0309669600047,0,900,900,0.0,0.0,0.0,0.0,0,0,100,14382.030966960005,14382.030966960005,14049.030966960005,14750.0,14750.0,14380.0,-330.96903303999534,336.7168074199951
2020-05-08,1107.0309669600047,0,900,900,0.0,0.0,0.0,0.0,0,0,100,14139.030966960005,14139.030966960005,14103.030966960005,14480.0,14480.0,14440.0,-336.96903303999534,342.71992747999525
2020-05-11,1107.0309669600047,0,900,900,0.0,0.0,0.0,0.0,0,0,100,14157.030966960005,14157.030966960005,14175.030966960005,14500.0,14500.0,14520.0,-344.96903303999534,350.72408755999527
2020-05-12,1107.0309669600047,0,900,900,0.0,0.0,0.0,0.0,0,0,100,14112.030966960005,14112.030966960005,13914.030966960005,14450.0,14450.0,14230.0,-315.96903303999534,321.70900726999525
2020-05-13,1107.0309669600047,0,900,900,0.0,0.0,0.0,0.0,0,0,100,13797.030966960005,13797.030966960005,13869.030966960005,14100.0,14100.0,14180.0,-310.96903303999534,316.70640721999507
2020-05-14,1107.0309669600047,0,900,900,0.0,0.0,0.0,0.0,0,0,100,13770.030966960005,13770.030966960005,13428.030966960005,14070.0,14070.0,13690.0,-261.96903303999534,267.68092672999524
2020-05-15,1107.0309669600047,0,900,900,0.0,0.0,0.0,0.0,0,0,100,13473.030966960005,13473.030966960005,13518.030966960005,13740.0,13740.0,13790.0,-271.96903303999534,277.6861268299954
2020-05-18,1107.0309669600047,0,900,900,0.0,0.0,0.0,0.0,0,0,100,13374.030966960005,13374.030966960005,13248.030966960005,13630.0,13630.0,13490.0,-241.96903303999534,247.6705265299952
2020-05-19,1107.0309669600047,0,900,900,0.0,0.0,0.0,0.0,0,0,100,13293.030966960005,13293.030966960005,13509.030966960005,13540.0,13540.0,13780.0,-270.96903303999534,276.6856068199952
2020-05-20,1107.0309669600047,0,900,900,0.0,0.0,0.0,0.0,0,0,100,13518.030966960005,13518.030966960005,13572.030966960005,13790.0,13790.0,13850.0,-277.96903303999534,283.6892468899953
2020-05-21,1107.0309669600047,0,900,900,0.0,0.0,0.0,0.0,0,0,100,13599.030966960005,13599.030966960005,13347.030966960005,13880.0,13880.0,13600.0,-252.96903303999534,258.67624663999527
2020-05-22,1107.0309669600047,0,900,900,0.0,0.0,0.0,0.0,0,0,100,13329.030966960005,13329.030966960005,13041.030966960005,13580.0,13580.0,13260.0,-218.96903303999534,224.6585662999953
2020-05-25,1107.0309669600047,0,900,900,0.0,0.0,0.0,0.0,0,0,100,13032.030966960005,13032.030966960005,12915.030966960005,13250.0,13250.0,13120.0,-204.96903303999534,210.65128615999538
2020-05-26,1107.0309669600047,0,900,900,0.0,0.0,0.0,0.0,0,0,100,12969.030966960005,12969.030966960005,13257.030966960005,13180.0,13180.0,13500.0,-242.96903303999534,248.67104653999536
2020-05-27,1107.0309669600047,0,900,900,0.0,0.0,0.0,0.0,0,0,100,13311.030966960005,13311.030966960005,13239.030966960005,13560.0,13560.0,13480.0,-240.96903303999534,246.67000651999524
2020-05-28,1107.0309669600047,0,900,900,0.0,0.0,0.0,0.0,0,0,100,13257.030966960005,13257.030966960005,13221.030966960005,13500.0,13500.0,13460.0,-238.96903303999534,244.66896649999535
2020-05-29,1107.0309669600047,0,900,900,0.0,0.0,0.0,0.0,0,0,100,13167.030966960005,13167.030966960005,13176.030966960005,13400.0,13400.0,13410.0,-233.96903303999534,239.6663664499954
2020-06-01,1107.0309669600047,0,900,900,0.0,0.0,0.0,0.0,0,0,100,13221.030966960005,13221.030966960005,13599.030966960005,13460.0,13460.0,13880.0,-280.96903303999534,286.69080691999534
2020-06-02,1107.0309669600047,0,900,900,0.0,0.0,0.0,0.0,0,0,100,13617.030966960005,13617.030966960005,13851.030966960005,13900.0,13900.0,14160.0,-308.96903303999534,314.7053671999952
2020-06-03,1107.0309669600047,0,900,900,0.0,0.0,0.0,0.0,0,0,100,13950.030966960005,13950.030966960005,13905.030966960005,14270.0,14270.0,14220.0,-314.96903303999534,320.7084872599953
2020-06-04,1107.0309669600047,0,900,900,0.0,0.0,0.0,0.0,0,0,100,13932.030966960005,13932.030966960005,13851.030966960005,14250.0,14250.0,14160.0,-308.96903303999534,314.7053671999952
2020-06-05,1107.0309669600047,0,900,900,0.0,0.0,0.0,0.0,0,0,100,13851.030966960005,13851.030966960005,13779.030966960005,14160.0,14160.0,14080.0,-300.96903303999534,306.7012071199954
2020-06-08,1107.0309669600047,0,900,900,0.0,0.0,0.0,0.0,0,0,100,13932.030966960005,13932.030966960005,13941.030966960005,14250.0,14250.0,14260.0,-318.96903303999534,324.7105672999953
2020-06-09,1107.0309669600047,0,900,900,0.0,0.0,0.0,0.0,0,0,100,14067.030966960005,14067.030966960005,14202.030966960005,14400.0,14400.0,14550.0,-347.96903303999534,353.72564758999533
2020-06-10,1107.0309669600047,0,900,900,0.0,0.0,0.0,0.0,0,0,100,14211.030966960005,14211.030966960005,13959.030966960005,14560.0,14560.0,14280.0,-320.96903303999534,326.7116073199952
2020-06-11,1107.0309669600047,0,900,900,0.0,0.0,0.0,0.0,0,0,100,13932.030966960005,13932.030966960005,13725.030966960005,14250.0,14250.0,14020.0,-294.96903303999534,300.69808705999526
2020-06-12,1107.0309669600047,0,900,900,0.0,0.0,0.0,0.0,0,0,100,13437.030966960005,13437.030966960005,13536.030966960005,13700.0,13700.0,13810.0,-273.96903303999534,279.68716684999526
2020-06-15,1107.0309669600047,0,900,900,0.0,0.0,0.0,0.0,0,0,100,13419.030966960005,13419.030966960005,13410.030966960005,13680.0,13680.0,13670.0,-259.96903303999534,265.6798867099951
2020-06-16,1107.0309669600047,0,900,900,0.0,0.0,0.0,0.0,0,0,100,13473.030966960005,13473.030966960005,13734.030966960005,13740.0,13740.0,14030.0,-295.96903303999534,301.6986070699952
2020-06-17,1107.0309669600047,0,900,900,0.0,0.0,0.0,0.0,0,0,100,13680.030966960005,13680.030966960005,13932.030966960005,13970.0,13970.0,14250.0,-317.96903303999534,323.71004728999515
2020-06-18,1107.0309669600047,0,900,900,0.0,0.0,0.0,0.0,0,0,100,13932.030966960005,13932.030966960005,14067.030966960005,14250.0,14250.0,14400.0,-332.96903303999534,338.71784743999547
2020-06-19,1107.0309669600047,0,900,900,0.0,0.0,0.0,0.0,0,0,100,14094.030966960005,14094.030966960005,14022.030966960005,14430.0,14430.0,14350.0,-327.96903303999534,333.7152473899953
2020-06-22,1107.0309669600047,0,900,900,0.0,0.0,0.0,0.0,0,0,100,14031.030966960005,14031.030966960005,14067.030966960005,14360.0,14360.0,14400.0,-332.96903303999534,338.71784743999547
2020-06-23,1107.0309669600047,0,900,900,0.0,0.0,0.0,0.0,0,0,100,14031.030966960005,14031.030966960005,13806.030966960005,14360.0,14360.0,14110.0,-303.96903303999534,309.70276714999545
2020-06-24,1107.0309669600047,0,900,900,0.0,0.0,0.0,0.0,0,0,100,13842.030966960005,13842.030966960005,15075.030966960005,14150.0,14150.0,15520.0,-444.96903303999534,450.7760885599953
2020-06-29,1107.0309669600047,0,900,900,0.0,0.0,0.0,0.0,0,0,100,15048.030966960005,15048.030966960005,14805.030966960005,15490.0,15490.0,15220.0,-414.96903303999534,420.7604882599953
2020-06-30,1287.0309669600047,0,900,900,18.0,0.0,0.0,180.0,0,0,100,14940.030966960005,14940.030966960005,14904.030966960005,15390.0,15390.0,15350.0,-445.96903303999534,251.75684818999525
2020-07-01,1287.0309669600047,0,900,900,18.0,0.0,0.0,0.0,0,0,100,14949.030966960005,14949.030966960005,15147.030966960005,15400.0,15400.0,15620.0,-472.96903303999534,278.7708884599954
2020-07-02,1287.0309669600047,0,900,900,18.0,0.0,0.0,0.0,0,0,100,15075.030966960005,15075.030966960005,15318.030966960005,15540.0,15540.0,15810.0,-491.96903303999534,297.78076864999525
2020-07-03,1287.0309669600047,0,900,900,18.0,0.0,0.0,0.0,0,0,100,15354.030966960005,15354.030966960005,15588.030966960005,15850.0,15850.0,16110.0,-521.9690330399953,327.7963689499952
2020-07-06,1287.0309669600047,0,900,900,18.0,0.0,0.0,0.0,0,0,100,15858.030966960005,15858.030966960005,16110.030966960003,16410.0,16410.0,16690.0,-579.9690330399972,385.826529529995
2020-07-07,1287.0309669600047,0,900,900,18.0,0.0,0.0,0.0,0,0,100,16119.030966960005,16119.030966960005,16011.030966960005,16700.0,16700.0,16580.0,-568.9690330399953,374.8208094199954
2020-07-08,1287.0309669600047,0,900,900,18.0,0.0,0.0,0.0,0,0,100,15939.030966960005,15939.030966960005,16029.030966960003,16500.0,16500.0,16600.0,-570.9690330399972,376.82184943999505
2020-07-09,1287.0309669600047,0,900,900,18.0,0.0,0.0,0.0,0,0,100,16011.030966960005,16011.030966960005,16317.030966960003,16580.0,16580.0,16920.0,-602.9690330399972,408.83848975999535
2020-07-10,1287.0309669600047,0,900,900,18.0,0.0,0.0,0.0,0,0,100,16281.030966960005,16281.030966960005,15696.030966960006,16880.0,16880.0,16230.000000000002,-533.9690330399953,339.80260906999524
2020-07-13,1287.0309669600047,0,900,900,18.0,0.0,0.0,0.0,0,0,100,15633.030966960005,15633.030966960005,16119.030966960005,16160.0,16160.0,16700.0,-580.9690330399953,386.8270495399952
2020-07-14,1287.0309669600047,0,900,900,18.0,0.0,0.0,0.0,0,0,100,16146.030966960006,16146.030966960006,16200.030966960005,16730.0,16730.0,16790.0,-589.9690330399953,395.83172962999515
2020-07-15,1287.0309669600047,0,900,900,18.0,0.0,0.0,0.0,0,0,100,16416.030966960003,16416.030966960003,15849.030966960005,17030.0,17030.0,16400.0,-550.9690330399953,356.8114492399952
2020-07-16,1287.0309669600047,0,900,900,18.0,0.0,0.0,0.0,0,0,100,15786.030966960005,15786.030966960005,14652.030966960005,16329.999999999998,16329.999999999998,15070.0,-417.96903303999534,223.74228790999518
2020-07-17,1287.0309669600047,0,900,900,18.0,0.0,0.0,0.0,0,0,100,14841.030966960005,14841.030966960005,14580.030966960005,15280.0,15280.0,14990.0,-409.96903303999534,215.73812782999516
2020-07-20,1287.0309669600047,0,900,900,18.0,0.0,0.0,0.0,0,0,100,14661.030966960005,14661.030966960005,15030.030966960005,15080.0,15080.0,15490.0,-459.96903303999534,265.7641283299954
2020-07-21,1287.0309669600047,0,900,900,18.0,0.0,0.0,0.0,0,0,100,15129.030966960005,15129.030966960005,15156.030966960005,15600.0,15600.0,15630.0,-473.96903303999534,279.7714084699951
2020-07-22,1287.0309669600047,0,900,900,18.0,0.0,0.0,0.0,0,0,100,15165.030966960005,15165.030966960005,15093.030966960005,15640.0,15640.0,15560.0,-466.96903303999534,272.7677683999955
2020-07-23,1287.0309669600047,0,900,900,18.0,0.0,0.0,0.0,0,0,100,14922.030966960005,14922.030966960005,14751.030966960005,15370.0,15370.0,15180.0,-428.96903303999534,234.74800801999527
2020-07-24,1287.0309669600047,0,900,900,18.0,0.0,0.0,0.0,0,0,100,14697.030966960005,14697.030966960005,14013.030966960005,15120.0,15120.0,14360.0,-346.96903303999534,152.70536719999518
2020-07-27,1287.0309669600047,0,900,900,18.0,0.0,0.0,0.0,0,0,100,14076.030966960005,14076.030966960005,13878.030966960005,14430.0,14430.0,14210.0,-331.96903303999534,137.6975670499953
2020-07-28,1287.0309669600047,0,900,900,18.0,0.0,0.0,0.0,0,0,100,14004.030966960005,14004.030966960005,14058.030966960005,14350.0,14350.0,14410.0,-351.96903303999534,157.70796724999536
2020-07-29,1287.0309669600047,0,900,900,18.0,0.0,0.0,0.0,0,0,100,14067.030966960005,14067.030966960005,14328.030966960005,14420.0,14420.0,14710.0,-381.96903303999534,187.72356754999532
2020-07-30,1287.0309669600047,0,900,900,18.0,0.0,0.0,0.0,0,0,100,14328.030966960005,14328.030966960005,14130.030966960005,14710.0,14710.0,14490.0,-359.96903303999534,165.71212732999516
2020-07-31,1287.0309669600047,0,900,900,18.0,0.0,0.0,0.0,0,0,100,14121.030966960005,14121.030966960005,14400.030966960005,14480.0,14480.0,14790.0,-389.96903303999534,195.72772762999534
2020-08-03,1287.0309669600047,0,900,900,18.0,0.0,0.0,0.0,0,0,100,14481.030966960005,14481.030966960005,14670.030966960005,14880.0,14880.0,15090.0,-419.96903303999534,225.7433279299953
2020-08-04,1287.0309669600047,0,900,900,18.0,0.0,0.0,0.0,0,0,100,14679.030966960005,14679.030966960005,14481.030966960005,15100.0,15100.0,14880.0,-398.96903303999534,204.7324077199953
2020-08-05,1287.0309669600047,0,900,900,18.0,0.0,0.0,0.0,0,0,100,14616.030966960005,14616.030966960005,14418.030966960005,15030.0,15030.0,14810.0,-391.96903303999534,197.72876764999523
2020-08-06,1287.0309669600047,0,900,900,18.0,0.0,0.0,0.0,0,0,100,14454.030966960005,14454.030966960005,14319.030966960005,14850.0,14850.0,14700.0,-380.96903303999534,186.72304753999515
2020-08-07,1287.0309669600047,0,900,900,18.0,0.0,0.0,0.0,0,0,100,14301.030966960005,14301.030966960005,14139.030966960005,14680.0,14680.0,14500.0,-360.96903303999534,166.71264733999533
2020-08-10,1287.0309669600047,0,900,900,18.0,0.0,0.0,0.0,0,0,100,14040.030966960005,14040.030966960005,14238.030966960005,14390.0,14390.0,14610.0,-371.96903303999534,177.71836744999518
2020-08-11,1287.0309669600047,0,900,900,18.0,0.0,0.0,0.0,0,0,100,14229.030966960005,14229.030966960005,14013.030966960005,14600.0,14600.0,14360.0,-346.96903303999534,152.70536719999518
2020-08-12,1287.0309669600047,0,900,900,18.0,0.0,0.0,0.0,0,0,100,14211.030966960005,14211.030966960005,14895.030966960005,14580.0,14580.0,15340.0,-444.96903303999534,250.75632817999508
2020-08-13,1287.0309669600047,0,900,900,18.0,0.0,0.0,0.0,0,0,100,15012.030966960005,15012.030966960005,14922.030966960005,15470.0,15470.0,15370.0,-447.96903303999534,253.75788820999514
2020-08-14,1287.0309669600047,0,900,900,18.0,0.0,0.0,0.0,0,0,100,14778.030966960005,14778.030966960005,14796.030966960005,15210.0,15210.0,15230.0,-433.96903303999534,239.75060806999522
2020-08-17,1287.0309669600047,0,900,900,18.0,0.0,0.0,0.0,0,0,100,14850.030966960005,14850.030966960005,15021.030966960005,15290.0,15290.0,15480.0,-458.96903303999534,264.7636083199952
2020-08-18,1287.0309669600047,0,900,900,18.0,0.0,0.0,0.0,0,0,100,15039.030966960005,15039.030966960005,14931.030966960005,15500.0,15500.0,15380.0,-448.96903303999534,254.75840821999532
2020-08-19,1287.0309669600047,0,900,900,18.0,0.0,0.0,0.0,0,0,100,14931.030966960005,14931.030966960005,14634.030966960005,15380.0,15380.0,15050.0,-415.96903303999534,221.74124788999507
2020-08-20,1287.0309669600047,0,900,900,18.0,0.0,0.0,0.0,0,0,100,14544.030966960005,14544.030966960005,14616.030966960005,14950.0,14950.0,15030.0,-413.96903303999534,219.74020786999517
2020-08-21,1287.0309669600047,0,900,900,18.0,0.0,0.0,0.0,0,0,100,14769.030966960005,14769.030966960005,14589.030966960005,15200.0,15200.0,15000.0,-410.96903303999534,216.73864783999534
2020-08-24,1287.0309669600047,0,900,900,18.0,0.0,0.0,0.0,0,0,100,14643.030966960005,14643.030966960005,14760.030966960005,15060.0,15060.0,15190.0,-429.96903303999534,235.7485280299952
2020-08-25,1287.0309669600047,0,900,900,18.0,0.0,0.0,0.0,0,0,100,14805.030966960005,14805.030966960005,14850.030966960005,15240.0,15240.0,15290.0,-439.96903303999534,245.75372812999535
2020-08-26,1287.0309669600047,0,900,900,18.0,0.0,0.0,0.0,0,0,100,14841.030966960005,14841.030966960005,14355.030966960005,15280.0,15280.0,14740.0,-384.96903303999534,190.72512757999516
2020-08-27,1287.0309669600047,0,900,900,18.0,0.0,0.0,0.0,0,0,100,14409.030966960005,14409.030966960005,14454.030966960005,14800.0,14800.0,14850.0,-395.96903303999534,201.73084768999524
2020-08-28,1287.0309669600047,0,900,900,18.0,0.0,0.0,0.0,0,0,100,14373.030966960005,14373.030966960005,14544.030966960005,14760.0,14760.0,14950.0,-405.96903303999534,211.73604778999538
2020-08-31,1287.0309669600047,0,900,900,18.0,0.0,0.0,0.0,0,0,100,14625.030966960005,14625.030966960005,14535.030966960005,15040.0,15040.0,14940.0,-404.96903303999534,210.7355277799952
2020-09-01,1287.0309669600047,0,900,900,18.0,0.0,0.0,0.0,0,0,100,14472.030966960005,14472.030966960005,14526.030966960005,14870.0,14870.0,14930.0,-403.96903303999534,209.73500776999526
2020-09-02,1287.0309669600047,0,900,900,18.0,0.0,0.0,0.0,0,0,100,14517.030966960005,14517.030966960005,14562.030966960005,14920.0,14920.0,14970.0,-407.96903303999534,213.73708780999527
2020-09-03,1287.0309669600047,0,900,900,18.0,0.0,0.0,0.0,0,0,100,14625.030966960005,14625.030966960005,14328.030966960005,15040.0,15040.0,14710.0,-381.96903303999534,187.72356754999532
2020-09-04,1287.0309669600047,0,900,900,18.0,0.0,0.0,0.0,0,0,100,14130.030966960005,14130.030966960005,14022.030966960005,14490.0,14490.0,14370.0,-347.96903303999534,153.70588720999535
2020-09-07,1287.0309669600047,0,900,900,18.0,0.0,0.0,0.0,0,0,100,13878.030966960005,13878.030966960005,13815.030966960005,14210.0,14210.0,14140.0,-324.96903303999534,130.69392697999524
2020-09-08,1287.0309669600047,0,900,900,18.0,0.0,0.0,0.0,0,0,100,13815.030966960005,13815.030966960005,14058.030966960005,14140.0,14140.0,14410.0,-351.96903303999534,157.70796724999536
2020-09-09,1287.0309669600047,0,900,900,18.0,0.0,0.0,0.0,0,0,100,13923.030966960005,13923.030966960005,13788.030966960005,14260.0,14260.0,14110.0,-321.96903303999534,127.69236694999518
2020-09-10,1287.0309669600047,0,900,900,18.0,0.0,0.0,0.0,0,0,100,13869.030966960005,13869.030966960005,13473.030966960005,14200.0,14200.0,13760.0,-286.96903303999534,92.67416659999526
2020-09-11,1287.0309669600047,0,900,900,18.0,0.0,0.0,0.0,0,0,100,13392.030966960005,13392.030966960005,13527.030966960005,13670.0,13670.0,13820.0,-292.96903303999534,98.67728665999516
2020-09-14,1287.0309669600047,0,900,900,18.0,0.0,0.0,0.0,0,0,100,13527.030966960005,13527.030966960005,13734.030966960005,13820.0,13820.0,14050.0,-315.96903303999534,121.68924688999527
2020-09-15,1287.0309669600047,0,900,900,18.0,0.0,0.0,0.0,0,0,100,13716.030966960005,13716.030966960005,13626.030966960005,14030.0,14030.0,13930.0,-303.96903303999534,109.68300676999547
2020-09-16,1287.0309669600047,0,900,900,18.0,0.0,0.0,0.0,0,0,100,13590.030966960005,13590.030966960005,13509.030966960005,13890.0,13890.0,13800.0,-290.96903303999534,96.67624663999527
2020-09-17,1287.0309669600047,0,900,900,18.0,0.0,0.0,0.0,0,0,100,13473.030966960005,13473.030966960005,13473.030966960005,13760.0,13760.0,13760.0,-286.96903303999534,92.67416659999526
2020-09-18,1287.0309669600047,0,900,900,18.0,0.0,0.0,0.0,0,0,100,13482.030966960005,13482.030966960005,13707.030966960005,13770.0,13770.0,14020.0,-312.96903303999534,118.68768685999544
2020-09-21,1287.0309669600047,0,900,900,18.0,0.0,0.0,0.0,0,0,100,13698.030966960005,13698.030966960005,13635.030966960005,14010.0,14010.0,13940.0,-304.96903303999534,110.68352677999519
2020-09-22,1287.0309669600047,0,900,900,18.0,0.0,0.0,0.0,0,0,100,13554.030966960005,13554.030966960005,13473.030966960005,13850.0,13850.0,13760.0,-286.96903303999534,92.67416659999526
2020-09-23,1287.0309669600047,0,900,900,18.0,0.0,0.0,0.0,0,0,100,13536.030966960005,13536.030966960005,13482.030966960005,13830.0,13830.0,13770.0,-287.96903303999534,93.67468660999543
2020-09-24,1287.0309669600047,0,900,900,18.0,0.0,0.0,0.0,0,0,100,13374.030966960005,13374.030966960005,13176.030966960005,13650.0,13650.0,13430.0,-253.96903303999534,59.657006269995236
2020-09-25,1287.0309669600047,0,900,900,18.0,0.0,0.0,0.0,0,0,100,13248.030966960005,13248.030966960005,13122.030966960005,13510.0,13510.0,13370.0,-247.96903303999534,53.653886209995335
2020-09-28,1287.0309669600047,0,900,900,18.0,0.0,0.0,0.0,0,0,100,13149.030966960005,13149.030966960005,13221.030966960005,13400.0,13400.0,13480.0,-258.96903303999534,64.65960631999542
2020-09-29,1287.0309669600047,0,900,900,18.0,0.0,0.0,0.0,0,0,100,13257.030966960005,13257.030966960005,13473.030966960005,13520.0,13520.0,13760.0,-286.96903303999534,92.67416659999526
2020-09-30,1287.0309669600047,0,900,900,18.0,0.0,0.0,0.0,0,0,100,13509.030966960005,13509.030966960005,13500.030966960005,13800.0,13800.0,13790.0,-289.96903303999534,95.67572662999532
2020-10-09,1287.0309669600047,0,900,900,18.0,0.0,0.0,0.0,0,0,100,13698.030966960005,13698.030966960005,13734.030966960005,14010.0,14010.0,14050.0,-315.96903303999534,121.68924688999527
2020-10-12,1287.0309669600047,0,900,900,18.0,0.0,0.0,0.0,0,0,100,13779.030966960005,13779.030966960005,13887.030966960005,14100.0,14100.0,14220.0,-332.96903303999534,138.69808705999526
2020-10-13,1287.0309669600047,0,900,900,18.0,0.0,0.0,0.0,0,0,100,13869.030966960005,13869.030966960005,13806.030966960005,14200.0,14200.0,14130.0,-323.96903303999534,129.6934069699953
2020-10-14,1287.0309669600047,0,900,900,18.0,0.0,0.0,0.0,0,0,100,13689.030966960005,13689.030966960005,13626.030966960005,14000.0,14000.0,13930.0,-303.96903303999534,109.68300676999547
2020-10-15,1287.0309669600047,0,900,900,18.0,0.0,0.0,0.0,0,0,100,13644.030966960005,13644.030966960005,13644.030966960005,13950.0,13950.0,13950.0,-305.96903303999534,111.68404678999536
2020-10-16,1287.0309669600047,0,900,900,18.0,0.0,0.0,0.0,0,0,100,13761.030966960005,13761.030966960005,13671.030966960005,14080.0,14080.0,13980.0,-308.96903303999534,114.6856068199952
2020-10-19,1287.0309669600047,0,900,900,18.0,0.0,0.0,0.0,0,0,100,13779.030966960005,13779.030966960005,13743.030966960005,14100.0,14100.0,14060.0,-316.96903303999534,122.68976689999522
2020-10-20,1287.0309669600047,0,900,900,18.0,0.0,0.0,0.0,0,0,100,13707.030966960005,13707.030966960005,13734.030966960005,14020.0,14020.0,14050.0,-315.96903303999534,121.68924688999527
2020-10-21,1287.0309669600047,0,900,900,18.0,0.0,0.0,0.0,0,0,100,13707.030966960005,13707.030966960005,13545.030966960005,14020.0,14020.0,13840.0,-294.96903303999534,100.67832667999528
2020-10-22,1287.0309669600047,0,900,900,18.0,0.0,0.0,0.0,0,0,100,13491.030966960005,13491.030966960005,13563.030966960005,13780.0,13780.0,13860.0,-296.96903303999534,102.6793666999954
2020-10-23,1287.0309669600047,0,900,900,18.0,0.0,0.0,0.0,0,0,100,13572.030966960005,13572.030966960005,13500.030966960005,13870.0,13870.0,13790.0,-289.96903303999534,95.67572662999532
2020-10-26,1287.0309669600047,0,900,900,18.0,0.0,0.0,0.0,0,0,100,13482.030966960005,13482.030966960005,13581.030966960005,13770.0,13770.0,13880.0,-298.96903303999534,104.68040671999529
2020-10-27,1287.0309669600047,0,900,900,18.0,0.0,0.0,0.0,0,0,100,13500.030966960005,13500.030966960005,13752.030966960005,13790.0,13790.0,14070.0,-317.96903303999534,123.69028690999517
2020-10-28,1287.0309669600047,0,900,900,18.0,0.0,0.0,0.0,0,0,100,13806.030966960005,13806.030966960005,13815.030966960005,14130.0,14130.0,14140.0,-324.96903303999534,130.69392697999524
2020-10-29,1287.0309669600047,0,900,900,18.0,0.0,0.0,0.0,0,0,100,13653.030966960005,13653.030966960005,13833.030966960005,13960.0,13960.0,14160.0,-326.96903303999534,132.69496699999513
2020-10-30,1287.0309669600047,0,900,900,18.0,0.0,0.0,0.0,0,0,100,13779.030966960005,13779.030966960005,13554.030966960005,14100.0,14100.0,13850.0,-295.96903303999534,101.67884668999523
2020-11-02,1287.0309669600047,0,900,900,18.0,0.0,0.0,0.0,0,0,100,13329.030966960005,13329.030966960005,13113.030966960005,13600.0,13600.0,13360.0,-246.96903303999534,52.65336619999516
2020-11-03,1287.0309669600047,0,900,900,18.0,0.0,0.0,0.0,0,0,100,13131.030966960005,13131.030966960005,13311.030966960005,13380.0,13380.0,13580.0,-268.96903303999534,74.6648064199951
2020-11-04,1287.0309669600047,0,900,900,18.0,0.0,0.0,0.0,0,0,100,13329.030966960005,13329.030966960005,13392.030966960005,13600.0,13600.0,13670.0,-277.96903303999534,83.6694865099953
2020-11-05,1287.0309669600047,0,900,900,18.0,0.0,0.0,0.0,0,0,100,13581.030966960005,13581.030966960005,13698.030966960005,13880.0,13880.0,14010.0,-311.96903303999534,117.68716684999526
2020-11-06,1287.0309669600047,0,900,900,18.0,0.0,0.0,0.0,0,0,100,13734.030966960005,13734.030966960005,13869.030966960005,14050.0,14050.0,14200.0,-330.96903303999534,136.69704703999514
2020-11-09,1287.0309669600047,0,900,900,18.0,0.0,0.0,0.0,0,0,100,14112.030966960005,14112.030966960005,14229.030966960005,14470.0,14470.0,14600.0,-370.96903303999534,176.71784743999547
2020-11-10,1287.0309669600047,0,900,900,18.0,0.0,0.0,0.0,0,0,100,14184.030966960005,14184.030966960005,14823.030966960005,14550.0,14550.0,15260.0,-436.96903303999534,242.7521680999953
2020-11-11,1287.0309669600047,0,900,900,18.0,0.0,0.0,0.0,0,0,100,14715.030966960005,14715.030966960005,14355.030966960005,15140.0,15140.0,14740.0,-384.96903303999534,190.72512757999516
2020-11-12,1287.0309669600047,0,900,900,18.0,0.0,0.0,0.0,0,0,100,14328.030966960005,14328.030966960005,14301.030966960005,14710.0,14710.0,14680.0,-378.96903303999534,184.72200751999526
2020-11-13,1287.0309669600047,0,900,900,18.0,0.0,0.0,0.0,0,0,100,14148.030966960005,14148.030966960005,14184.030966960005,14510.0,14510.0,14550.0,-365.96903303999534,171.71524738999528
2020-11-16,1287.0309669600047,0,900,900,18.0,0.0,0.0,0.0,0,0,100,14274.030966960005,14274.030966960005,14121.030966960005,14650.0,14650.0,14480.0,-358.96903303999534,164.7116073199952
2020-11-17,1287.0309669600047,0,900,900,18.0,0.0,0.0,0.0,0,0,100,14103.030966960005,14103.030966960005,13995.030966960005,14460.0,14460.0,14340.0,-344.96903303999534,150.7043271799953
2020-11-18,1287.0309669600047,0,900,900,18.0,0.0,0.0,0.0,0,0,100,13995.030966960005,13995.030966960005,14229.030966960005,14340.0,14340.0,14600.0,-370.96903303999534,176.71784743999547
2020-11-19,1287.0309669600047,0,900,900,18.0,0.0,0.0,0.0,0,0,100,14130.030966960005,14130.030966960005,14175.030966960005,14490.0,14490.0,14540.0,-364.96903303999534,170.7147273799951
2020-11-20,1287.0309669600047,0,900,900,18.0,0.0,0.0,0.0,0,0,100,14184.030966960005,14184.030966960005,14094.030966960005,14550.0,14550.0,14450.0,-355.96903303999534,161.71004728999515
2020-11-23,1287.0309669600047,0,900,900,18.0,0.0,0.0,0.0,0,0,100,14103.030966960005,14103.030966960005,14022.030966960005,14460.0,14460.0,14370.0,-347.96903303999534,153.70588720999535
2020-11-24,1287.0309669600047,0,900,900,18.0,0.0,0.0,0.0,0,0,100,14004.030966960005,14004.030966960005,14022.030966960005,14350.0,14350.0,14370.0,-347.96903303999534,153.70588720999535
2020-11-25,1287.0309669600047,0,900,900,18.0,0.0,0.0,0.0,0,0,100,14049.030966960005,14049.030966960005,13950.030966960005,14400.0,14400.0,14290.0,-339.96903303999534,145.7017271299951
2020-11-26,1287.0309669600047,0,900,900,18.0,0.0,0.0,0.0,0,0,100,13923.030966960005,13923.030966960005,13869.030966960005,14260.0,14260.0,14200.0,-330.96903303999534,136.69704703999514
2020-11-27,1287.0309669600047,0,900,900,18.0,0.0,0.0,0.0,0,0,100,13833.030966960005,13833.030966960005,13716.030966960005,14160.0,14160.0,14030.0,-313.96903303999534,119.68820686999516
2020-11-30,1287.0309669600047,0,900,900,18.0,0.0,0.0,0.0,0,0,100,13662.030966960005,13662.030966960005,13698.030966960005,13970.0,13970.0,14010.0,-311.96903303999534,117.68716684999526
2020-12-01,1287.0309669600047,0,900,900,18.0,0.0,0.0,0.0,0,0,100,13653.030966960005,13653.030966960005,13941.030966960005,13960.0,13960.0,14280.0,-338.96903303999534,144.7012071199954
2020-12-02,1287.0309669600047,0,900,900,18.0,0.0,0.0,0.0,0,0,100,13959.030966960005,13959.030966960005,13914.030966960005,14300.0,14300.0,14250.0,-335.96903303999534,141.69964708999532
2020-12-03,1287.0309669600047,0,900,900,18.0,0.0,0.0,0.0,0,0,100,13869.030966960005,13869.030966960005,13752.030966960005,14200.0,14200.0,14070.0,-317.96903303999534,123.69028690999517
2020-12-04,1287.0309669600047,0,900,900,18.0,0.0,0.0,0.0,0,0,100,13689.030966960005,13689.030966960005,13725.030966960005,14000.0,14000.0,14040.0,-314.96903303999534,120.68872687999533
2020-12-07,1287.0309669600047,0,900,900,18.0,0.0,0.0,0.0,0,0,100,13707.030966960005,13707.030966960005,13608.030966960005,14020.0,14020.0,13910.0,-301.96903303999534,107.68196674999513
2020-12-08,1287.0309669600047,0,900,900,18.0,0.0,0.0,0.0,0,0,100,13734.030966960005,13734.030966960005,13995.030966960005,14050.0,14050.0,14340.0,-344.96903303999534,150.7043271799953
2020-12-09,1287.0309669600047,0,900,900,18.0,0.0,0.0,0.0,0,0,100,14022.030966960005,14022.030966960005,13707.030966960005,14370.0,14370.0,14020.0,-312.96903303999534,118.68768685999544
2020-12-10,1287.0309669600047,0,900,900,18.0,0.0,0.0,0.0,0,0,100,13653.030966960005,13653.030966960005,13356.030966960005,13960.0,13960.0,13630.0,-273.96903303999534,79.66740646999529
2020-12-11,1287.0309669600047,0,900,900,18.0,0.0,0.0,0.0,0,0,100,13311.030966960005,13311.030966960005,13392.030966960005,13580.0,13580.0,13670.0,-277.96903303999534,83.6694865099953
2020-12-14,1287.0309669600047,0,900,900,18.0,0.0,0.0,0.0,0,0,100,13437.030966960005,13437.030966960005,13455.030966960005,13720.0,13720.0,13740.0,-284.96903303999534,90.67312657999514
2020-12-15,1287.0309669600047,0,900,900,18.0,0.0,0.0,0.0,0,0,100,13293.030966960005,13293.030966960005,13473.030966960005,13560.0,13560.0,13760.0,-286.96903303999534,92.67416659999526
2020-12-16,1287.0309669600047,0,900,900,18.0,0.0,0.0,0.0,0,0,100,13473.030966960005,13473.030966960005,13446.030966960005,13760.0,13760.0,13730.0,-283.96903303999534,89.67260656999542
2020-12-17,1287.0309669600047,0,900,900,18.0,0.0,0.0,0.0,0,0,100,13446.030966960005,13446.030966960005,13491.030966960005,13730.0,13730.0,13780.0,-288.96903303999534,94.67520661999515
2020-12-18,1287.0309669600047,0,900,900,18.0,0.0,0.0,0.0,0,0,100,13536.030966960005,13536.030966960005,13554.030966960005,13830.0,13830.0,13850.0,-295.96903303999534,101.67884668999523
2020-12-21,1287.0309669600047,0,900,900,18.0,0.0,0.0,0.0,0,0,100,13509.030966960005,13509.030966960005,13554.030966960005,13800.0,13800.0,13850.0,-295.96903303999534,101.67884668999523
2020-12-22,1287.0309669600047,0,900,900,18.0,0.0,0.0,0.0,0,0,100,13491.030966960005,13491.030966960005,13212.030966960005,13780.0,13780.0,13470.0,-257.96903303999534,63.659086309995246
2020-12-23,1287.0309669600047,0,900,900,18.0,0.0,0.0,0.0,0,0,100,13248.030966960005,13248.030966960005,13491.030966960005,13510.0,13510.0,13780.0,-288.96903303999534,94.67520661999515
2020-12-24,1287.0309669600047,0,900,900,18.0,0.0,0.0,0.0,0,0,100,13536.030966960005,13536.030966960005,13311.030966960005,13830.0,13830.0,13580.0,-268.96903303999534,74.6648064199951
2020-12-25,1287.0309669600047,0,900,900,18.0,0.0,0.0,0.0,0,0,100,13284.030966960005,13284.030966960005,13329.030966960005,13550.0,13550.0,13600.0,-270.96903303999534,76.66584643999522
2020-12-28,1287.0309669600047,0,900,900,18.0,0.0,0.0,0.0,0,0,100,13347.030966960005,13347.030966960005,13212.030966960005,13620.0,13620.0,13470.0,-257.96903303999534,63.659086309995246
2020-12-29,1287.0309669600047,0,900,900,18.0,0.0,0.0,0.0,0,0,100,13257.030966960005,13257.030966960005,13428.030966960005,13520.0,13520.0,13710.0,-281.96903303999534,87.67156654999508
2020-12-30,1287.0309669600047,0,900,900,18.0,0.0,0.0,0.0,0,0,100,13410.030966960005,13410.030966960005,13572.030966960005,13690.0,13690.0,13870.0,-297.96903303999534,103.67988670999512
2020-12-31,1287.0309669600047,0,900,900,18.0,0.0,0.0,0.0,0,0,100,13572.030966960005,13572.030966960005,13590.030966960005,13870.0,13870.0,13890.0,-299.96903303999534,105.68092672999524
2021-01-04,1287.0309669600047,0,900,900,18.0,0.0,0.0,0.0,0,0,100,13599.030966960005,13599.030966960005,13689.030966960005,13900.0,13900.0,14000.0,-310.96903303999534,116.68664683999509
2021-01-05,1287.0309669600047,0,900,900,18.0,0.0,0.0,0.0,0,0,100,13689.030966960005,13689.030966960005,13824.030966960005,14000.0,14000.0,14150.0,-325.96903303999534,131.6944469899954
2021-01-06,1287.0309669600047,0,900,900,18.0,0.0,0.0,0.0,0,0,100,13833.030966960005,13833.030966960005,13752.030966960005,14160.0,14160.0,14070.0,-317.96903303999534,123.69028690999517
2021-01-07,1287.0309669600047,0,900,900,18.0,0.0,0.0,0.0,0,0,100,13680.030966960005,13680.030966960005,13626.030966960005,13990.0,13990.0,13930.0,-303.96903303999534,109.68300676999547
2021-01-08,1287.0309669600047,0,900,900,18.0,0.0,0.0,0.0,0,0,100,13743.030966960005,13743.030966960005,14085.030966960005,14060.0,14060.0,14440.0,-354.96903303999534,160.70952727999543
2021-01-11,1287.0309669600047,0,900,900,18.0,0.0,0.0,0.0,0,0,100,13959.030966960005,13959.030966960005,14193.030966960005,14300.0,14300.0,14560.0,-366.96903303999534,172.71576739999523
2021-01-12,1287.0309669600047,0,900,900,18.0,0.0,0.0,0.0,0,0,100,14139.030966960005,14139.030966960005,14382.030966960005,14500.0,14500.0,14770.0,-387.96903303999534,193.72668760999522
2021-01-13,1287.0309669600047,0,900,900,18.0,0.0,0.0,0.0,0,0,100,14301.030966960005,14301.030966960005,14931.030966960005,14680.0,14680.0,15380.0,-448.96903303999534,254.75840821999532
2021-01-14,1287.0309669600047,0,900,900,18.0,0.0,0.0,0.0,0,0,100,14904.030966960005,14904.030966960005,15372.030966960005,15350.0,15350.0,15870.0,-497.96903303999534,303.7838887099954
2021-01-15,1287.0309669600047,0,900,900,18.0,0.0,0.0,0.0,0,0,100,15282.030966960005,15282.030966960005,14994.030966960005,15770.0,15770.0,15450.0,-455.96903303999534,261.76204828999516
2021-01-18,1287.0309669600047,0,900,900,18.0,0.0,0.0,0.0,0,0,100,15003.030966960005,15003.030966960005,15561.030966960005,15460.0,15460.0,16080.0,-518.9690330399953,324.79480891999515
2021-01-19,1287.0309669600047,0,900,900,18.0,0.0,0.0,0.0,0,0,100,15543.030966960005,15543.030966960005,14859.030966960005,16060.0,16060.0,15300.0,-440.96903303999534,246.7542481399953
2021-01-20,1287.0309669600047,0,900,900,18.0,0.0,0.0,0.0,0,0,100,15084.030966960005,15084.030966960005,14895.030966960005,15550.0,15550.0,15340.0,-444.96903303999534,250.75632817999508
2021-01-21,1287.0309669600047,0,900,900,18.0,0.0,0.0,0.0,0,0,100,14904.030966960005,14904.030966960005,14940.030966960005,15350.0,15350.0,15390.0,-449.96903303999534,255.75892822999526
2021-01-22,1287.0309669600047,0,900,900,18.0,0.0,0.0,0.0,0,0,100,14850.030966960005,14850.030966960005,14544.030966960005,15290.0,15290.0,14950.0,-405.96903303999534,211.73604778999538
2021-01-25,1287.0309669600047,0,900,900,18.0,0.0,0.0,0.0,0,0,100,14490.030966960005,14490.030966960005,14949.030966960005,14890.0,14890.0,15400.0,-450.96903303999534,256.75944823999544
2021-01-26,1287.0309669600047,0,900,900,18.0,0.0,0.0,0.0,0,0,100,14787.030966960005,14787.030966960005,14607.030966960005,15220.0,15220.0,15020.0,-412.96903303999534,218.73968785999523
2021-01-27,1287.0309669600047,0,900,900,18.0,0.0,0.0,0.0,0,0,100,14724.030966960005,14724.030966960005,14643.030966960005,15150.0,15150.0,15060.0,-416.96903303999534,222.74176789999524
2021-01-28,1287.0309669600047,0,900,900,18.0,0.0,0.0,0.0,0,0,100,14418.030966960005,14418.030966960005,14058.030966960005,14810.0,14810.0,14410.0,-351.96903303999534,157.70796724999536
2021-01-29,1287.0309669600047,0,900,900,18.0,0.0,0.0,0.0,0,0,100,14229.030966960005,14229.030966960005,14130.030966960005,14600.0,14600.0,14490.0,-359.96903303999534,165.71212732999516
2021-02-01,1287.0309669600047,0,900,900,18.0,0.0,0.0,0.0,0,0,100,13914.030966960005,13914.030966960005,13779.030966960005,14250.0,14250.0,14100.0,-320.96903303999534,126.69184693999523
2021-02-02,1287.0309669600047,0,900,900,18.0,0.0,0.0,0.0,0,0,100,13806.030966960005,13806.030966960005,13599.030966960005,14130.0,14130.0,13900.0,-300.96903303999534,106.68144673999518
2021-02-03,1287.0309669600047,0,900,900,18.0,0.0,0.0,0.0,0,0,100,13572.030966960005,13572.030966960005,13212.030966960005,13870.0,13870.0,13470.0,-257.96903303999534,63.659086309995246
2021-02-04,1287.0309669600047,0,900,900,18.0,0.0,0.0,0.0,0,0,100,13149.030966960005,13149.030966960005,13437.030966960005,13400.0,13400.0,13720.0,-282.96903303999534,88.67208655999525
2021-02-05,1287.0309669600047,0,900,900,18.0,0.0,0.0,0.0,0,0,100,13428.030966960005,13428.030966960005,13158.030966960005,13710.0,13710.0,13410.0,-251.96903303999534,57.655966249995345
2021-02-08,1287.0309669600047,0,900,900,18.0,0.0,0.0,0.0,0,0,100,13104.030966960005,13104.030966960005,13194.030966960005,13350.0,13350.0,13450.0,-255.96903303999534,61.658046289995355
2021-02-09,1287.0309669600047,0,900,900,18.0,0.0,0.0,0.0,0,0,100,13239.030966960005,13239.030966960005,13527.030966960005,13500.0,13500.0,13820.0,-292.96903303999534,98.67728665999516
2021-02-10,1287.0309669600047,0,900,900,18.0,0.0,0.0,0.0,0,0,100,13428.030966960005,13428.030966960005,13905.030966960005,13710.0,13710.0,14240.0,-334.96903303999534,140.69912707999538
2021-02-18,1287.0309669600047,0,900,900,18.0,0.0,0.0,0.0,0,0,100,13977.030966960005,13977.030966960005,13833.030966960005,14320.0,14320.0,14160.0,-326.96903303999534,132.69496699999513
2021-02-19,1287.0309669600047,0,900,900,18.0,0.0,0.0,0.0,0,0,100,13770.030966960005,13770.030966960005,14040.030966960005,14090.0,14090.0,14390.0,-349.96903303999534,155.70692722999524
2021-02-22,1287.0309669600047,0,900,900,18.0,0.0,0.0,0.0,0,0,100,14094.030966960005,14094.030966960005,13842.030966960005,14450.0,14450.0,14170.0,-327.96903303999534,133.6954870099953
2021-02-23,1287.0309669600047,0,900,900,18.0,0.0,0.0,0.0,0,0,100,13734.030966960005,13734.030966960005,13680.030966960005,14050.0,14050.0,13990.0,-309.96903303999534,115.68612682999537
2021-02-24,1287.0309669600047,0,900,900,18.0,0.0,0.0,0.0,0,0,100,13698.030966960005,13698.030966960005,13914.030966960005,14010.0,14010.0,14250.0,-335.96903303999534,141.69964708999532
2021-02-25,1287.0309669600047,0,900,900,18.0,0.0,0.0,0.0,0,0,100,13914.030966960005,13914.030966960005,13797.030966960005,14250.0,14250.0,14120.0,-322.96903303999534,128.69288695999535
2021-02-26,1287.0309669600047,0,900,900,18.0,0.0,0.0,0.0,0,0,100,13662.030966960005,13662.030966960005,13698.030966960005,13970.0,13970.0,14010.0,-311.96903303999534,117.68716684999526
2021-03-01,1287.0309669600047,0,900,900,18.0,0.0,0.0,0.0,0,0,100,13725.030966960005,13725.030966960005,13734.030966960005,14040.0,14040.0,14050.0,-315.96903303999534,121.68924688999527
2021-03-02,1287.0309669600047,0,900,900,18.0,0.0,0.0,0.0,0,0,100,13779.030966960005,13779.030966960005,13491.030966960005,14100.0,14100.0,13780.0,-288.96903303999534,94.67520661999515
2021-03-03,1287.0309669600047,0,900,900,18.0,0.0,0.0,0.0,0,0,100,13473.030966960005,13473.030966960005,13779.030966960005,13760.0,13760.0,14100.0,-320.96903303999534,126.69184693999523
2021-03-04,1287.0309669600047,0,900,900,18.0,0.0,0.0,0.0,0,0,100,13689.030966960005,13689.030966960005,13536.030966960005,14000.0,14000.0,13830.0,-293.96903303999534,99.67780666999533
2021-03-05,1287.0309669600047,0,900,900,18.0,0.0,0.0,0.0,0,0,100,13419.030966960005,13419.030966960005,13644.030966960005,13700.0,13700.0,13950.0,-305.96903303999534,111.68404678999536
2021-03-08,1287.0309669600047,0,900,900,18.0,0.0,0.0,0.0,0,0,100,13653.030966960005,13653.030966960005,13599.030966960005,13960.0,13960.0,13900.0,-300.96903303999534,106.68144673999518
2021-03-09,1287.0309669600047,0,900,900,18.0,0.0,0.0,0.0,0,0,100,13581.030966960005,13581.030966960005,13779.030966960005,13880.0,13880.0,14100.0,-320.96903303999534,126.69184693999523
2021-03-10,1287.0309669600047,0,900,900,18.0,0.0,0.0,0.0,0,0,100,13851.030966960005,13851.030966960005,13626.030966960005,14180.0,14180.0,13930.0,-303.96903303999534,109.68300676999547
2021-03-11,1287.0309669600047,0,900,900,18.0,0.0,0.0,0.0,0,0,100,13617.030966960005,13617.030966960005,13572.030966960005,13920.0,13920.0,13870.0,-297.96903303999534,103.67988670999512
2021-03-12,1287.0309669600047,0,900,900,18.0,0.0,0.0,0.0,0,0,100,13590.030966960005,13590.030966960005,13446.030966960005,13890.0,13890.0,13730.0,-283.96903303999534,89.67260656999542
2021-03-15,1287.0309669600047,0,900,900,18.0,0.0,0.0,0.0,0,0,100,13401.030966960005,13401.030966960005,13257.030966960005,13680.0,13680.0,13520.0,-262.96903303999534,68.6616863599952
2021-03-16,1287.0309669600047,0,900,900,18.0,0.0,0.0,0.0,0,0,100,13275.030966960005,13275.030966960005,13392.030966960005,13540.0,13540.0,13670.0,-277.96903303999534,83.6694865099953
2021-03-17,1287.0309669600047,0,900,900,18.0,0.0,0.0,0.0,0,0,100,13374.030966960005,13374.030966960005,13464.030966960005,13650.0,13650.0,13750.0,-285.96903303999534,91.67364658999531
2021-03-18,1287.0309669600047,0,900,900,18.0,0.0,0.0,0.0,0,0,100,13482.030966960005,13482.030966960005,13437.030966960005,13770.0,13770.0,13720.0,-282.96903303999534,88.67208655999525
2021-03-19,1287.0309669600047,0,900,900,18.0,0.0,0.0,0.0,0,0,100,13437.030966960005,13437.030966960005,13419.030966960005,13720.0,13720.0,13700.0,-280.96903303999534,86.67104653999536
2021-03-22,1287.0309669600047,0,900,900,18.0,0.0,0.0,0.0,0,0,100,13401.030966960005,13401.030966960005,13464.030966960005,13680.0,13680.0,13750.0,-285.96903303999534,91.67364658999531
2021-03-23,1287.0309669600047,0,900,900,18.0,0.0,0.0,0.0,0,0,100,13473.030966960005,13473.030966960005,13554.030966960005,13760.0,13760.0,13850.0,-295.96903303999534,101.67884668999523
2021-03-24,1287.0309669600047,0,900,900,18.0,0.0,0.0,0.0,0,0,100,13563.030966960005,13563.030966960005,13743.030966960005,13860.0,13860.0,14060.0,-316.96903303999534,122.68976689999522
2021-03-25,1287.0309669600047,0,900,900,18.0,0.0,0.0,0.0,0,0,100,13779.030966960005,13779.030966960005,13707.030966960005,14100.0,14100.0,14020.0,-312.96903303999534,118.68768685999544
2021-03-26,1287.0309669600047,0,900,900,18.0,0.0,0.0,0.0,0,0,100,13689.030966960005,13689.030966960005,13905.030966960005,14000.0,14000.0,14240.0,-334.96903303999534,140.69912707999538
2021-03-29,1287.0309669600047,0,900,900,0.0,0.0,0.0,0.0,0,0,100,13950.030966960005,13950.030966960005,13572.030966960005,14270.0,14270.0,13850.0,-277.96903303999534,83.67884668999523
2021-03-30,1287.0309669600047,0,900,900,0.0,0.0,0.0,0.0,0,0,100,13653.030966960005,13653.030966960005,14211.030966960005,13940.0,13940.0,14560.0,-348.96903303999534,154.71576739999523
2021-03-31,1287.0309669600047,0,900,900,0.0,0.0,0.0,0.0,0,0,100,14157.030966960005,14157.030966960005,14220.030966960005,14500.0,14500.0,14570.0,-349.96903303999534,155.71628740999518
2021-04-01,1287.0309669600047,0,900,900,0.0,0.0,0.0,0.0,0,0,100,14256.030966960005,14256.030966960005,14265.030966960005,14610.0,14610.0,14620.0,-354.96903303999534,160.71888745999536
2021-04-02,1287.0309669600047,0,900,900,0.0,0.0,0.0,0.0,0,0,100,14220.030966960005,14220.030966960005,14022.030966960005,14570.0,14570.0,14350.0,-327.96903303999534,133.70484718999523
2021-04-06,1287.0309669600047,0,900,900,0.0,0.0,0.0,0.0,0,0,100,14184.030966960005,14184.030966960005,14031.030966960005,14530.0,14530.0,14360.0,-328.96903303999534,134.70536719999518
2021-04-07,1287.0309669600047,0,900,900,0.0,0.0,0.0,0.0,0,0,100,14058.030966960005,14058.030966960005,14229.030966960005,14390.0,14390.0,14580.0,-350.96903303999534,156.71680741999512
2021-04-08,1287.0309669600047,0,900,900,0.0,0.0,0.0,0.0,0,0,100,14193.030966960005,14193.030966960005,14211.030966960005,14540.0,14540.0,14560.0,-348.96903303999534,154.71576739999523
2021-04-09,1287.0309669600047,0,900,900,0.0,0.0,0.0,0.0,0,0,100,14148.030966960005,14148.030966960005,13941.030966960005,14490.0,14490.0,14260.0,-318.96903303999534,124.70016709999527
2021-04-12,1287.0309669600047,0,900,900,0.0,0.0,0.0,0.0,0,0,100,13932.030966960005,13932.030966960005,13941.030966960005,14250.0,14250.0,14260.0,-318.96903303999534,124.70016709999527
2021-04-13,1287.0309669600047,0,900,900,0.0,0.0,0.0,0.0,0,0,100,13941.030966960005,13941.030966960005,14328.030966960005,14260.0,14260.0,14690.0,-361.96903303999534,167.7225275299952
2021-04-14,1287.0309669600047,0,900,900,0.0,0.0,0.0,0.0,0,0,100,14418.030966960005,14418.030966960005,14337.030966960005,14790.0,14790.0,14700.0,-362.96903303999534,168.72304753999515
2021-04-15,1287.0309669600047,0,900,900,0.0,0.0,0.0,0.0,0,0,100,14373.030966960005,14373.030966960005,14229.030966960005,14740.0,14740.0,14580.0,-350.96903303999534,156.71680741999512
2021-04-16,1287.0309669600047,0,900,900,0.0,0.0,0.0,0.0,0,0,100,14148.030966960005,14148.030966960005,14247.030966960005,14490.0,14490.0,14600.0,-352.96903303999534,158.71784743999547
2021-04-19,1287.0309669600047,0,900,900,0.0,0.0,0.0,0.0,0,0,100,14202.030966960005,14202.030966960005,14526.030966960005,14550.0,14550.0,14910.0,-383.96903303999534,189.73396774999537
2021-04-20,1287.0309669600047,0,900,900,0.0,0.0,0.0,0.0,0,0,100,14472.030966960005,14472.030966960005,14229.030966960005,14850.0,14850.0,14580.0,-350.96903303999534,156.71680741999512
2021-04-21,1287.0309669600047,0,900,900,0.0,0.0,0.0,0.0,0,0,100,14184.030966960005,14184.030966960005,14265.030966960005,14530.0,14530.0,14620.0,-354.96903303999534,160.71888745999536
2021-04-22,1287.0309669600047,0,900,900,0.0,0.0,0.0,0.0,0,0,100,14274.030966960005,14274.030966960005,14049.030966960005,14630.0,14630.0,14380.0,-330.96903303999534,136.70640721999507
2021-04-23,1287.0309669600047,0,900,900,0.0,0.0,0.0,0.0,0,0,100,14022.030966960005,14022.030966960005,14049.030966960005,14350.0,14350.0,14380.0,-330.96903303999534,136.70640721999507
2021-04-26,1287.0309669600047,0,900,900,0.0,0.0,0.0,0.0,0,0,100,14076.030966960005,14076.030966960005,14202.030966960005,14410.0,14410.0,14550.0,-347.96903303999534,153.71524738999528
2021-04-27,1287.0309669600047,0,900,900,0.0,0.0,0.0,0.0,0,0,100,14193.030966960005,14193.030966960005,14265.030966960005,14540.0,14540.0,14620.0,-354.96903303999534,160.71888745999536
2021-04-28,1287.0309669600047,0,900,900,0.0,0.0,0.0,0.0,0,0,100,14274.030966960005,14274.030966960005,14382.030966960005,14630.0,14630.0,14750.0,-367.96903303999534,173.72564758999533
2021-04-29,1287.0309669600047,0,900,900,0.0,0.0,0.0,0.0,0,0,100,14472.030966960005,14472.030966960005,14517.030966960005,14850.0,14850.0,14900.0,-382.96903303999534,188.7334477399952
2021-04-30,1287.0309669600047,0,900,900,0.0,0.0,0.0,0.0,0,0,100,14472.030966960005,14472.030966960005,13671.030966960005,14850.0,14850.0,13960.0,-288.96903303999534,94.68456679999531
2021-05-06,1287.0309669600047,0,900,900,0.0,0.0,0.0,0.0,0,0,100,13536.030966960005,13536.030966960005,13590.030966960005,13810.0,13810.0,13870.0,-279.96903303999534,85.67988670999512
2021-05-07,1287.0309669600047,0,900,900,0.0,0.0,0.0,0.0,0,0,100,13590.030966960005,13590.030966960005,13392.030966960005,13870.0,13870.0,13650.0,-257.96903303999534,63.668446489995176
2021-05-10,1287.0309669600047,0,900,900,0.0,0.0,0.0,0.0,0,0,100,13437.030966960005,13437.030966960005,13455.030966960005,13700.0,13700.0,13720.0,-264.96903303999534,70.67208655999525
2021-05-11,1287.0309669600047,0,900,900,0.0,0.0,0.0,0.0,0,0,100,13392.030966960005,13392.030966960005,13428.030966960005,13650.0,13650.0,13690.0,-261.96903303999534,67.67052652999519
2021-05-12,1287.0309669600047,0,900,900,0.0,0.0,0.0,0.0,0,0,100,13365.030966960005,13365.030966960005,13455.030966960005,13620.0,13620.0,13720.0,-264.96903303999534,70.67208655999525
2021-05-13,1287.0309669600047,0,900,900,0.0,0.0,0.0,0.0,0,0,100,13383.030966960005,13383.030966960005,13329.030966960005,13640.0,13640.0,13580.0,-250.96903303999534,56.6648064199951
2021-05-14,1287.0309669600047,0,900,900,0.0,0.0,0.0,0.0,0,0,100,13347.030966960005,13347.030966960005,13419.030966960005,13600.0,13600.0,13680.0,-260.96903303999534,66.67000651999524
2021-05-17,1287.0309669600047,0,900,900,0.0,0.0,0.0,0.0,0,0,100,13401.030966960005,13401.030966960005,13257.030966960005,13660.0,13660.0,13500.0,-242.96903303999534,48.66064633999531
2021-05-18,1287.0309669600047,0,900,900,0.0,0.0,0.0,0.0,0,0,100,13266.030966960005,13266.030966960005,13302.030966960005,13510.0,13510.0,13550.0,-247.96903303999534,53.663246389995265
2021-05-19,1287.0309669600047,0,900,900,0.0,0.0,0.0,0.0,0,0,100,13257.030966960005,13257.030966960005,13176.030966960005,13500.0,13500.0,13410.0,-233.96903303999534,39.655966249995345
2021-05-20,1287.0309669600047,0,900,900,0.0,0.0,0.0,0.0,0,0,100,13167.030966960005,13167.030966960005,13185.030966960005,13400.0,13400.0,13420.0,-234.96903303999534,40.65648625999506
2021-05-21,1287.0309669600047,0,900,900,0.0,0.0,0.0,0.0,0,0,100,13176.030966960005,13176.030966960005,13086.030966960005,13410.0,13410.0,13310.0,-223.96903303999534,29.650766149995206
2021-05-24,1287.0309669600047,0,900,900,0.0,0.0,0.0,0.0,0,0,100,13086.030966960005,13086.030966960005,12582.030966960005,13310.0,13310.0,12750.0,-167.96903303999534,0.0
2021-05-25,25.377834400004758,0,1000,1000,0.0,5.02513256,0.0,0.0,100,0,0,12591.030966960005,12585.377834400006,12665.377834400006,12760.0,12760.0,12840.0,-174.62216559999433,0.0
2021-05-26,25.377834400004758,0,1000,1000,0.0,0.0,0.0,0.0,0,0,0,12585.377834400006,12585.377834400006,12585.377834400006,12760.0,12760.0,12760.0,-174.62216559999433,0.0
2021-05-27,25.377834400004758,0,1000,1000,0.0,0.0,0.0,0.0,0,0,0,12555.377834400006,12555.377834400006,12645.377834400006,12730.0,12730.0,12820.0,-174.62216559999433,0.0
2021-05-28,25.377834400004758,0,1000,1000,0.0,0.0,0.0,0.0,0,0,0,12585.377834400006,12585.377834400006,12375.377834400006,12760.0,12760.0,12550.0,-174.62216559999433,0.0
2021-05-31,25.377834400004758,0,1000,1000,0.0,0.0,0.0,0.0,0,0,0,12405.377834400006,12405.377834400006,12445.377834400006,12580.0,12580.0,12620.0,-174.62216559999433,0.0
2021-06-01,25.377834400004758,0,1000,1000,0.0,0.0,0.0,0.0,0,0,0,12445.377834400006,12445.377834400006,12455.377834400006,12620.0,12620.0,12630.0,-174.62216559999433,0.0
2021-06-02,25.377834400004758,0,1000,1000,0.0,0.0,0.0,0.0,0,0,0,12445.377834400006,12445.377834400006,12245.377834400006,12620.0,12620.0,12420.0,-174.62216559999433,0.0
2021-06-03,25.377834400004758,0,1000,1000,0.0,0.0,0.0,0.0,0,0,0,12245.377834400006,12245.377834400006,12285.377834400006,12420.0,12420.0,12460.0,-174.62216559999433,0.0
2021-06-04,25.377834400004758,0,1000,1000,0.0,0.0,0.0,0.0,0,0,0,12235.377834400006,12235.377834400006,12245.377834400006,12410.0,12410.0,12420.0,-174.62216559999433,0.0
2021-06-07,25.377834400004758,0,1000,1000,0.0,0.0,0.0,0.0,0,0,0,12255.377834400006,12255.377834400006,12515.377834400006,12430.0,12430.0,12690.0,-174.62216559999433,0.0
2021-06-08,25.377834400004758,0,1000,1000,0.0,0.0,0.0,0.0,0,0,0,12585.377834400006,12585.377834400006,12535.377834400006,12760.0,12760.0,12710.0,-174.62216559999433,0.0
2021-06-09,25.377834400004758,0,1000,1000,0.0,0.0,0.0,0.0,0,0,0,12495.377834400006,12495.377834400006,12565.377834400006,12670.0,12670.0,12740.0,-174.62216559999433,0.0
2021-06-10,25.377834400004758,0,1000,1000,0.0,0.0,0.0,0.0,0,0,0,12535.377834400006,12535.377834400006,12585.377834400006,12710.0,12710.0,12760.0,-174.62216559999433,0.0
2021-06-11,25.377834400004758,0,1000,1000,0.0,0.0,0.0,0.0,0,0,0,12585.377834400006,12585.377834400006,12525.377834400006,12760.0,12760.0,12700.0,-174.62216559999433,0.0
2021-06-15,25.377834400004758,0,1000,1000,0.0,0.0,0.0,0.0,0,0,0,12525.377834400006,12525.377834400006,12575.377834400006,12700.0,12700.0,12750.0,-174.62216559999433,0.0
2021-06-16,25.377834400004758,0,1000,1000,0.0,0.0,0.0,0.0,0,0,0,12525.377834400006,12525.377834400006,12345.377834400006,12700.0,12700.0,12520.0,-174.62216559999433,0.0
2021-06-17,25.377834400004758,0,1000,1000,0.0,0.0,0.0,0.0,0,0,0,12335.377834400006,12335.377834400006,12475.377834400006,12510.0,12510.0,12650.0,-174.62216559999433,0.0
2021-06-18,25.377834400004758,0,1000,1000,0.0,0.0,0.0,0.0,0,0,0,12505.377834400006,12505.377834400006,12515.377834400006,12680.0,12680.0,12690.0,-174.62216559999433,0.0
2021-06-21,25.377834400004758,0,1000,1000,0.0,0.0,0.0,0.0,0,0,0,12425.377834400006,12425.377834400006,12405.377834400006,12600.0,12600.0,12580.0,-174.62216559999433,0.0
2021-06-22,25.377834400004758,0,1000,1000,0.0,0.0,0.0,0.0,0,0,0,12395.377834400006,12395.377834400006,12335.377834400006,12570.0,12570.0,12510.0,-174.62216559999433,0.0
2021-06-23,25.377834400004758,0,1000,1000,0.0,0.0,0.0,0.0,0,0,0,12345.377834400006,12345.377834400006,12585.377834400006,12520.0,12520.0,12760.0,-174.62216559999433,0.0
2021-06-24,25.377834400004758,0,1000,1000,0.0,0.0,0.0,0.0,0,0,0,12635.377834400006,12635.377834400006,12695.377834400006,12810.0,12810.0,12870.0,-174.62216559999433,0.0
2021-06-25,25.377834400004758,0,1000,1000,0.0,0.0,0.0,0.0,0,0,0,12715.377834400006,12715.377834400006,12635.377834400006,12890.0,12890.0,12810.0,-174.62216559999433,0.0
2021-06-28,25.377834400004758,0,1000,1000,0.0,0.0,0.0,0.0,0,0,0,12685.377834400006,12685.377834400006,12605.377834400006,12860.0,12860.0,12780.0,-174.62216559999433,0.0
2021-06-29,25.377834400004758,0,1000,1000,0.0,0.0,0.0,0.0,0,0,0,12605.377834400006,12605.377834400006,12435.377834400006,12780.0,12780.0,12610.0,-174.62216559999433,0.0
2021-06-30,25.377834400004758,0,1000,1000,0.0,0.0,0.0,0.0,0,0,0,12475.377834400006,12475.377834400006,12435.377834400006,12650.0,12650.0,12610.0,-174.62216559999433,0.0
2021-07-01,25.377834400004758,0,1000,1000,0.0,0.0,0.0,0.0,0,0,0,12445.377834400006,12445.377834400006,12325.377834400006,12620.0,12620.0,12500.0,-174.62216559999433,0.0
2021-07-02,25.377834400004758,0,1000,1000,0.0,0.0,0.0,0.0,0,0,0,12315.377834400006,12315.377834400006,11995.377834400006,12490.0,12490.0,12170.0,-174.62216559999433,0.0
2021-07-05,25.377834400004758,0,1000,1000,0.0,0.0,0.0,0.0,0,0,0,11975.377834400006,11975.377834400006,12215.377834400006,12150.0,12150.0,12390.0,-174.62216559999433,0.0
2021-07-06,25.377834400004758,0,1000,1000,0.0,0.0,0.0,0.0,0,0,0,12215.377834400006,12215.377834400006,12255.377834400006,12390.0,12390.0,12430.0,-174.62216559999433,0.0
2021-07-07,25.377834400004758,0,1000,1000,0.0,0.0,0.0,0.0,0,0,0,12215.377834400006,12215.377834400006,12175.377834400006,12390.0,12390.0,12350.0,-174.62216559999433,0.0
2021-07-08,25.377834400004758,0,1000,1000,0.0,0.0,0.0,0.0,0,0,0,12185.377834400006,12185.377834400006,12055.377834400006,12360.0,12360.0,12230.0,-174.62216559999433,0.0
2021-07-09,25.377834400004758,0,1000,1000,0.0,0.0,0.0,0.0,0,0,0,12045.377834400006,12045.377834400006,11975.377834400006,12220.0,12220.0,12150.0,-174.62216559999433,0.0
2021-07-12,25.377834400004758,0,1000,1000,0.0,0.0,0.0,0.0,0,0,0,12025.377834400006,12025.377834400006,12025.377834400006,12200.0,12200.0,12200.0,-174.62216559999433,0.0
2021-07-13,25.377834400004758,0,1000,1000,0.0,0.0,0.0,0.0,0,0,0,12045.377834400006,12045.377834400006,12065.377834400006,12220.0,12220.0,12240.0,-174.62216559999433,0.0
2021-07-14,25.377834400004758,0,1000,1000,0.0,0.0,0.0,0.0,0,0,0,12035.377834400006,12035.377834400006,11665.377834400006,12210.0,12210.0,11840.0,-174.62216559999433,0.0
2021-07-15,25.377834400004758,0,1000,1000,0.0,0.0,0.0,0.0,0,0,0,11685.377834400006,11685.377834400006,11775.377834400006,11860.0,11860.0,11950.0,-174.62216559999433,0.0
2021-07-16,25.377834400004758,0,1000,1000,0.0,0.0,0.0,0.0,0,0,0,11745.377834400006,11745.377834400006,11515.377834400006,11920.0,11920.0,11690.0,-174.62216559999433,0.0
2021-07-19,25.377834400004758,0,1000,1000,0.0,0.0,0.0,0.0,0,0,0,11525.377834400006,11525.377834400006,11585.377834400006,11700.0,11700.0,11760.0,-174.62216559999433,0.0
2021-07-20,25.377834400004758,0,1000,1000,0.0,0.0,0.0,0.0,0,0,0,11535.377834400006,11535.377834400006,11745.377834400006,11710.0,11710.0,11920.0,-174.62216559999433,0.0
2021-07-21,25.377834400004758,0,1000,1000,0.0,0.0,0.0,0.0,0,0,0,11725.377834400006,11725.377834400006,11795.377834400006,11900.0,11900.0,11970.0,-174.62216559999433,0.0
2021-07-22,25.377834400004758,0,1000,1000,0.0,0.0,0.0,0.0,0,0,0,11785.377834400006,11785.377834400006,11735.377834400006,11960.0,11960.0,11910.0,-174.62216559999433,0.0
2021-07-23,25.377834400004758,0,1000,1000,0.0,0.0,0.0,0.0,0,0,0,11725.377834400006,11725.377834400006,11785.377834400006,11900.0,11900.0,11960.0,-174.62216559999433,0.0
2021-07-26,25.377834400004758,0,1000,1000,0.0,0.0,0.0,0.0,0,0,0,11815.377834400006,11815.377834400006,11645.377834400006,11990.0,11990.0,11820.0,-174.62216559999433,0.0
2021-07-27,275.37783440000476,0,1000,1000,2.5,0.0,0.0,250.0,0,0,0,11702.877834400006,11702.877834400006,11552.877834400006,11880.0,11880.0,11730.0,-177.12216559999433,0.0
2021-07-28,275.37783440000476,0,1000,1000,2.5,0.0,0.0,0.0,0,0,0,11552.877834400006,11552.877834400006,11272.877834400006,11730.0,11730.0,11450.0,-177.12216559999433,0.0
2021-07-29,275.37783440000476,0,1000,1000,2.5,0.0,0.0,0.0,0,0,0,11322.877834400006,11322.877834400006,11262.877834400006,11500.0,11500.0,11440.0,-177.12216559999433,0.0
2021-07-30,275.37783440000476,0,1000,1000,2.5,0.0,0.0,0.0,0,0,0,11232.877834400006,11232.877834400006,11492.877834400006,11410.0,11410.0,11670.0,-177.12216559999433,0.0
2021-08-02,12059.932657500005,0,0,0,0.0,17.040176900000002,2.5,0.0,0,1000,0,11492.877834400006,11492.877834400006,12059.932657500005,11670.0,11670.0,12260.0,-200.067342499995,0.0
2021-08-03,198.77053900000647,0,1000,1000,0.0,5.2371185,0.0,0.0,1000,0,0,12059.932657500005,12048.770539000006,12028.770539000006,12300.0,12300.0,12280.0,-251.22946099999353,0.0
2021-08-04,12085.673413100007,0,0,0,0.0,17.142125900000003,0.0,0.0,0,1000,0,11988.770539000006,11988.770539000006,12085.673413100007,12240.0,12240.0,12360.0,-274.32658689999334,0.0
2021-08-05,94.443693300007,0,1000,1000,0.0,5.2397198,0.0,0.0,1000,0,0,12085.673413100007,12074.443693300007,11944.443693300007,12430.0,12430.0,12300.0,-355.556306699993,0.0
2021-08-06,94.443693300007,0,1000,1000,0.0,0.0,0.0,0.0,0,0,0,11924.443693300007,11924.443693300007,11924.443693300007,12280.0,12280.0,12280.0,-355.556306699993,0.0
2021-08-09,94.443693300007,0,1000,1000,0.0,0.0,0.0,0.0,0,0,0,11894.443693300007,11894.443693300007,12124.443693300007,12250.0,12250.0,12480.0,-355.556306699993,0.0
2021-08-10,94.443693300007,0,1000,1000,0.0,0.0,0.0,0.0,0,0,0,12144.443693300007,12144.443693300007,12234.443693300007,12500.0,12500.0,12590.0,-355.556306699993,0.0
2021-08-11,94.443693300007,0,1000,1000,0.0,0.0,0.0,0.0,0,0,0,12334.443693300007,12334.443693300007,11874.443693300007,12690.0,12690.0,12230.0,-355.556306699993,0.0
2021-08-12,94.443693300007,0,1000,1000,0.0,0.0,0.0,0.0,0,0,0,11854.443693300007,11854.443693300007,11844.443693300007,12210.0,12210.0,12200.0,-355.556306699993,0.0
2021-08-13,94.443693300007,0,1000,1000,0.0,0.0,0.0,0.0,0,0,0,11834.443693300007,11834.443693300007,11934.443693300007,12190.0,12190.0,12290.0,-355.556306699993,0.0
2021-08-16,12340.799551000007,0,0,0,0.0,17.5091423,0.0,0.0,0,1000,0,11964.443693300007,11964.443693300007,12340.799551000007,12320.0,12320.0,12720.0,-379.20044899999266,0.0
2021-08-17,59.419028300007994,0,1000,1000,0.0,5.2455227,0.0,0.0,1000,0,0,12340.799551000007,12329.419028300008,12079.419028300008,12720.0,12720.0,12470.0,-390.580971699992,0.0
2021-08-18,59.419028300007994,0,1000,1000,0.0,0.0,0.0,0.0,0,0,0,12069.419028300008,12069.419028300008,12309.419028300008,12460.0,12460.0,12700.0,-390.580971699992,0.0
2021-08-19,59.419028300007994,0,1000,1000,0.0,0.0,0.0,0.0,0,0,0,12259.419028300008,12259.419028300008,11909.419028300008,12650.0,12650.0,12300.0,-390.580971699992,0.0
2021-08-20,59.419028300007994,0,1000,1000,0.0,0.0,0.0,0.0,0,0,0,11939.419028300008,11939.419028300008,11939.419028300008,12330.0,12330.0,12330.0,-390.580971699992,0.0
2021-08-23,59.419028300007994,0,1000,1000,0.0,0.0,0.0,0.0,0,0,0,12019.419028300008,12019.419028300008,12099.419028300008,12410.0,12410.0,12490.0,-390.580971699992,0.0
2021-08-24,59.419028300007994,0,1000,1000,0.0,0.0,0.0,0.0,0,0,0,12209.419028300008,12209.419028300008,12109.419028300008,12600.0,12600.0,12500.0,-390.580971699992,0.0
2021-08-25,59.419028300007994,0,1000,1000,0.0,0.0,0.0,0.0,0,0,0,12089.419028300008,12089.419028300008,12039.419028300008,12480.0,12480.0,12430.0,-390.580971699992,0.0
2021-08-26,59.419028300007994,0,1000,1000,0.0,0.0,0.0,0.0,0,0,0,12019.419028300008,12019.419028300008,11749.419028300008,12410.0,12410.0,12140.0,-390.580971699992,0.0
2021-08-27,59.419028300007994,0,1000,1000,0.0,0.0,0.0,0.0,0,0,0,11749.419028300008,11749.419028300008,11769.419028300008,12140.0,12140.0,12160.0,-390.580971699992,0.0
2021-08-30,59.419028300007994,0,1000,1000,0.0,0.0,0.0,0.0,0,0,0,11809.419028300008,11809.419028300008,11569.419028300008,12200.0,12200.0,11960.0,-390.580971699992,0.0
2021-08-31,59.419028300007994,0,1000,1000,0.0,0.0,0.0,0.0,0,0,0,11589.419028300008,11589.419028300008,11539.419028300008,11980.0,11980.0,11930.0,-390.580971699992,0.0
2021-09-01,59.419028300007994,0,1000,1000,0.0,0.0,0.0,0.0,0,0,0,11539.419028300008,11539.419028300008,11769.419028300008,11930.0,11930.0,12160.0,-390.580971699992,0.0
2021-09-02,59.419028300007994,0,1000,1000,0.0,0.0,0.0,0.0,0,0,0,11769.419028300008,11769.419028300008,11809.419028300008,12160.0,12160.0,12200.0,-390.580971699992,0.0
2021-09-03,12036.185148300008,0,0,0,0.0,17.23388,0.0,0.0,0,1000,0,11859.419028300008,11859.419028300008,12036.185148300008,12250.0,12250.0,12450.0,-413.8148516999918,0.0
2021-09-06,14.939828200009288,0,1000,1000,0.0,5.2403201,0.0,0.0,1000,0,0,12036.185148300008,12024.93982820001,12064.93982820001,12460.0,12460.0,12500.0,-435.0601717999907,0.0
2021-09-07,14.939828200009288,0,1000,1000,0.0,0.0,0.0,0.0,0,0,0,12064.93982820001,12064.93982820001,12184.93982820001,12500.0,12500.0,12620.0,-435.0601717999907,0.0
2021-09-08,14.939828200009288,0,1000,1000,0.0,0.0,0.0,0.0,0,0,0,12184.93982820001,12184.93982820001,12204.93982820001,12620.0,12620.0,12640.0,-435.0601717999907,0.0
2021-09-09,14.939828200009288,0,1000,1000,0.0,0.0,0.0,0.0,0,0,0,12254.93982820001,12254.93982820001,12194.93982820001,12690.0,12690.0,12630.0,-435.0601717999907,0.0
2021-09-10,14.939828200009288,0,1000,1000,0.0,0.0,0.0,0.0,0,0,0,12184.93982820001,12184.93982820001,12214.93982820001,12620.0,12620.0,12650.0,-435.0601717999907,0.0
2021-09-13,14.939828200009288,0,1000,1000,0.0,0.0,0.0,0.0,0,0,0,12234.93982820001,12234.93982820001,12184.93982820001,12670.0,12670.0,12620.0,-435.0601717999907,0.0
2021-09-14,14.939828200009288,0,1000,1000,0.0,0.0,0.0,0.0,0,0,0,12134.93982820001,12134.93982820001,11954.93982820001,12570.0,12570.0,12390.0,-435.0601717999907,0.0
2021-09-15,14.939828200009288,0,1000,1000,0.0,0.0,0.0,0.0,0,0,0,11944.93982820001,11944.93982820001,11814.93982820001,12380.0,12380.0,12250.0,-435.0601717999907,0.0
2021-09-16,14.939828200009288,0,1000,1000,0.0,0.0,0.0,0.0,0,0,0,11814.93982820001,11814.93982820001,11764.93982820001,12250.0,12250.0,12200.0,-435.0601717999907,0.0
2021-09-17,14.939828200009288,0,1000,1000,0.0,0.0,0.0,0.0,0,0,0,11764.93982820001,11764.93982820001,11764.93982820001,12200.0,12200.0,12200.0,-435.0601717999907,0.0
2021-09-22,14.939828200009288,0,1000,1000,0.0,0.0,0.0,0.0,0,0,0,11694.93982820001,11694.93982820001,11704.93982820001,12130.0,12130.0,12140.0,-435.0601717999907,0.0
2021-09-23,14.939828200009288,0,1000,1000,0.0,0.0,0.0,0.0,0,0,0,12004.93982820001,12004.93982820001,12094.93982820001,12440.0,12440.0,12530.0,-435.0601717999907,0.0
2021-09-24,14.939828200009288,0,1000,1000,0.0,0.0,0.0,0.0,0,0,0,12014.93982820001,12014.93982820001,11874.93982820001,12450.0,12450.0,12310.0,-435.0601717999907,0.0
2021-09-27,14.939828200009288,0,1000,1000,0.0,0.0,0.0,0.0,0,0,0,11914.93982820001,11914.93982820001,11884.93982820001,12350.0,12350.0,12320.0,-435.0601717999907,0.0
2021-09-28,14.939828200009288,0,1000,1000,0.0,0.0,0.0,0.0,0,0,0,11824.93982820001,11824.93982820001,11814.93982820001,12260.0,12260.0,12250.0,-435.0601717999907,0.0
2021-09-29,14.939828200009288,0,1000,1000,0.0,0.0,0.0,0.0,0,0,0,11814.93982820001,11814.93982820001,11854.93982820001,12250.0,12250.0,12290.0,-435.0601717999907,0.0
2021-09-30,14.939828200009288,0,1000,1000,0.0,0.0,0.0,0.0,0,0,0,11854.93982820001,11854.93982820001,11634.93982820001,12290.0,12290.0,12070.0,-435.0601717999907,0.0
2021-10-08,14.939828200009288,0,1000,1000,0.0,0.0,0.0,0.0,0,0,0,11754.93982820001,11754.93982820001,12134.93982820001,12190.0,12190.0,12570.0,-435.0601717999907,0.0
2021-10-11,14.939828200009288,0,1000,1000,0.0,0.0,0.0,0.0,0,0,0,12134.93982820001,12134.93982820001,12144.93982820001,12570.0,12570.0,12580.0,-435.0601717999907,0.0
2021-10-12,14.939828200009288,0,1000,1000,0.0,0.0,0.0,0.0,0,0,0,12184.93982820001,12184.93982820001,11894.93982820001,12620.0,12620.0,12330.0,-435.0601717999907,0.0
2021-10-13,14.939828200009288,0,1000,1000,0.0,0.0,0.0,0.0,0,0,0,11894.93982820001,11894.93982820001,11904.93982820001,12330.0,12330.0,12340.0,-435.0601717999907,0.0
2021-10-14,14.939828200009288,0,1000,1000,0.0,0.0,0.0,0.0,0,0,0,11884.93982820001,11884.93982820001,11874.93982820001,12320.0,12320.0,12310.0,-435.0601717999907,0.0
2021-10-15,14.939828200009288,0,1000,1000,0.0,0.0,0.0,0.0,0,0,0,11874.93982820001,11874.93982820001,11744.93982820001,12310.0,12310.0,12180.0,-435.0601717999907,0.0
2021-10-18,14.939828200009288,0,1000,1000,0.0,0.0,0.0,0.0,0,0,0,11834.93982820001,11834.93982820001,11594.93982820001,12270.0,12270.0,12030.0,-435.0601717999907,0.0
2021-10-19,14.939828200009288,0,1000,1000,0.0,0.0,0.0,0.0,0,0,0,11634.93982820001,11634.93982820001,11654.93982820001,12070.0,12070.0,12090.0,-435.0601717999907,0.0
2021-10-20,14.939828200009288,0,1000,1000,0.0,0.0,0.0,0.0,0,0,0,11664.93982820001,11664.93982820001,11604.93982820001,12100.0,12100.0,12040.0,-435.0601717999907,0.0
2021-10-21,14.939828200009288,0,1000,1000,0.0,0.0,0.0,0.0,0,0,0,11614.93982820001,11614.93982820001,11504.93982820001,12050.0,12050.0,11940.0,-435.0601717999907,0.0
2021-10-22,14.939828200009288,0,1000,1000,0.0,0.0,0.0,0.0,0,0,0,11504.93982820001,11504.93982820001,11554.93982820001,11940.0,11940.0,11990.0,-435.0601717999907,0.0
2021-10-25,14.939828200009288,0,1000,1000,0.0,0.0,0.0,0.0,0,0,0,11494.93982820001,11494.93982820001,11394.93982820001,11930.0,11930.0,11830.0,-435.0601717999907,0.0
2021-10-26,14.939828200009288,0,1000,1000,0.0,0.0,0.0,0.0,0,0,0,11434.93982820001,11434.93982820001,11444.93982820001,11870.0,11870.0,11880.0,-435.0601717999907,0.0
2021-10-27,14.939828200009288,0,1000,1000,0.0,0.0,0.0,0.0,0,0,0,11474.93982820001,11474.93982820001,11294.93982820001,11910.0,11910.0,11730.0,-435.0601717999907,0.0
2021-10-28,14.939828200009288,0,1000,1000,0.0,0.0,0.0,0.0,0,0,0,11144.93982820001,11144.93982820001,11174.93982820001,11580.0,11580.0,11610.0,-435.0601717999907,0.0
2021-10-29,14.939828200009288,0,1000,1000,0.0,0.0,0.0,0.0,0,0,0,11224.93982820001,11224.93982820001,11364.93982820001,11660.0,11660.0,11800.0,-435.0601717999907,0.0
2021-11-01,14.939828200009288,0,1000,1000,0.0,0.0,0.0,0.0,0,0,0,11314.93982820001,11314.93982820001,11454.93982820001,11750.0,11750.0,11890.0,-435.0601717999907,0.0
2021-11-02,14.939828200009288,0,1000,1000,0.0,0.0,0.0,0.0,0,0,0,11514.93982820001,11514.93982820001,11444.93982820001,11950.0,11950.0,11880.0,-435.0601717999907,0.0
2021-11-03,14.939828200009288,0,1000,1000,0.0,0.0,0.0,0.0,0,0,0,11394.93982820001,11394.93982820001,11484.93982820001,11830.0,11830.0,11920.0,-435.0601717999907,0.0
2021-11-04,14.939828200009288,0,1000,1000,0.0,0.0,0.0,0.0,0,0,0,11534.93982820001,11534.93982820001,11634.93982820001,11970.0,11970.0,12070.0,-435.0601717999907,0.0
2021-11-05,14.939828200009288,0,1000,1000,0.0,0.0,0.0,0.0,0,0,0,11614.93982820001,11614.93982820001,11704.93982820001,12050.0,12050.0,12140.0,-435.0601717999907,0.0
2021-11-08,14.939828200009288,0,1000,1000,0.0,0.0,0.0,0.0,0,0,0,11694.93982820001,11694.93982820001,11664.93982820001,12130.0,12130.0,12100.0,-435.0601717999907,0.0
2021-11-09,14.939828200009288,0,1000,1000,0.0,0.0,0.0,0.0,0,0,0,11664.93982820001,11664.93982820001,11604.93982820001,12100.0,12100.0,12040.0,-435.0601717999907,0.0
2021-11-10,14.939828200009288,0,1000,1000,0.0,0.0,0.0,0.0,0,0,0,11634.93982820001,11634.93982820001,11554.93982820001,12070.0,12070.0,11990.0,-435.0601717999907,0.0
2021-11-11,14.939828200009288,0,1000,1000,0.0,0.0,0.0,0.0,0,0,0,11534.93982820001,11534.93982820001,11744.93982820001,11970.0,11970.0,12180.0,-435.0601717999907,0.0
2021-11-12,14.939828200009288,0,1000,1000,0.0,0.0,0.0,0.0,0,0,0,11754.93982820001,11754.93982820001,11734.93982820001,12190.0,12190.0,12170.0,-435.0601717999907,0.0
2021-11-15,14.939828200009288,0,1000,1000,0.0,0.0,0.0,0.0,0,0,0,11734.93982820001,11734.93982820001,11884.93982820001,12170.0,12170.0,12320.0,-435.0601717999907,0.0
2021-11-16,14.939828200009288,0,1000,1000,0.0,0.0,0.0,0.0,0,0,0,11884.93982820001,11884.93982820001,11824.93982820001,12320.0,12320.0,12260.0,-435.0601717999907,0.0
2021-11-17,14.939828200009288,0,1000,1000,0.0,0.0,0.0,0.0,0,0,0,11804.93982820001,11804.93982820001,11754.93982820001,12240.0,12240.0,12190.0,-435.0601717999907,0.0
2021-11-18,14.939828200009288,0,1000,1000,0.0,0.0,0.0,0.0,0,0,0,11754.93982820001,11754.93982820001,11634.93982820001,12190.0,12190.0,12070.0,-435.0601717999907,0.0
2021-11-19,14.939828200009288,0,1000,1000,0.0,0.0,0.0,0.0,0,0,0,11614.93982820001,11614.93982820001,11924.93982820001,12050.0,12050.0,12360.0,-435.0601717999907,0.0
2021-11-22,14.939828200009288,0,1000,1000,0.0,0.0,0.0,0.0,0,0,0,11934.93982820001,11934.93982820001,11874.93982820001,12370.0,12370.0,12310.0,-435.0601717999907,0.0
2021-11-23,14.939828200009288,0,1000,1000,0.0,0.0,0.0,0.0,0,0,0,11874.93982820001,11874.93982820001,11744.93982820001,12310.0,12310.0,12180.0,-435.0601717999907,0.0
2021-11-24,14.939828200009288,0,1000,1000,0.0,0.0,0.0,0.0,0,0,0,11754.93982820001,11754.93982820001,11724.93982820001,12190.0,12190.0,12160.0,-435.0601717999907,0.0
2021-11-25,14.939828200009288,0,1000,1000,0.0,0.0,0.0,0.0,0,0,0,11754.93982820001,11754.93982820001,11644.93982820001,12190.0,12190.0,12080.0,-435.0601717999907,0.0
2021-11-26,14.939828200009288,0,1000,1000,0.0,0.0,0.0,0.0,0,0,0,11644.93982820001,11644.93982820001,11184.93982820001,12080.0,12080.0,11620.0,-435.0601717999907,0.0
2021-11-29,14.939828200009288,0,1000,1000,0.0,0.0,0.0,0.0,0,0,0,11104.93982820001,11104.93982820001,10994.93982820001,11540.0,11540.0,11430.0,-435.0601717999907,0.0
2021-11-30,14.939828200009288,0,1000,1000,0.0,0.0,0.0,0.0,0,0,0,11024.93982820001,11024.93982820001,11184.93982820001,11460.0,11460.0,11620.0,-435.0601717999907,0.0
2021-12-01,14.939828200009288,0,1000,1000,0.0,0.0,0.0,0.0,0,0,0,11194.93982820001,11194.93982820001,11274.93982820001,11630.0,11630.0,11710.0,-435.0601717999907,0.0
2021-12-02,14.939828200009288,0,1000,1000,0.0,0.0,0.0,0.0,0,0,0,11224.93982820001,11224.93982820001,11214.93982820001,11660.0,11660.0,11650.0,-435.0601717999907,0.0
2021-12-03,14.939828200009288,0,1000,1000,0.0,0.0,0.0,0.0,0,0,0,11204.93982820001,11204.93982820001,11264.93982820001,11640.0,11640.0,11700.0,-435.0601717999907,0.0
2021-12-06,14.939828200009288,0,1000,1000,0.0,0.0,0.0,0.0,0,0,0,11234.93982820001,11234.93982820001,11294.93982820001,11670.0,11670.0,11730.0,-435.0601717999907,0.0
2021-12-07,14.939828200009288,0,1000,1000,0.0,0.0,0.0,0.0,0,0,0,11334.93982820001,11334.93982820001,11364.93982820001,11770.0,11770.0,11800.0,-435.0601717999907,0.0
2021-12-08,14.939828200009288,0,1000,1000,0.0,0.0,0.0,0.0,0,0,0,11384.93982820001,11384.93982820001,11574.93982820001,11820.0,11820.0,12010.0,-435.0601717999907,0.0
2021-12-09,11762.055430900009,0,0,0,0.0,16.9993973,0.0,0.0,0,1000,0,11514.93982820001,11514.93982820001,11762.055430900009,11950.0,11950.0,12220.0,-457.944569099991,19.06508679999206
2021-12-10,0.945313400008672,0,1000,1000,0.0,5.2351175,0.0,0.0,1000,0,0,11762.055430900009,11750.945313400009,11890.945313400009,12200.0,12200.0,12340.0,-449.0546865999913,0.0
2021-12-13,0.945313400008672,0,1000,1000,0.0,0.0,0.0,0.0,0,0,0,11880.945313400009,11880.945313400009,11980.945313400009,12330.0,12330.0,12430.0,-449.0546865999913,0.0
2021-12-14,0.945313400008672,0,1000,1000,0.0,0.0,0.0,0.0,0,0,0,11960.945313400009,11960.945313400009,11970.945313400009,12410.0,12410.0,12420.0,-449.0546865999913,0.0
2021-12-15,0.945313400008672,0,1000,1000,0.0,0.0,0.0,0.0,0,0,0,11930.945313400009,11930.945313400009,11870.945313400009,12380.0,12380.0,12320.0,-449.0546865999913,0.0
2021-12-16,0.945313400008672,0,1000,1000,0.0,0.0,0.0,0.0,0,0,0,11920.945313400009,11920.945313400009,12050.945313400009,12370.0,12370.0,12500.0,-449.0546865999913,0.0
2021-12-17,0.945313400008672,0,1000,1000,0.0,0.0,0.0,0.0,0,0,0,12040.945313400009,12040.945313400009,12140.945313400009,12490.0,12490.0,12590.0,-449.0546865999913,0.0
2021-12-20,0.945313400008672,0,1000,1000,0.0,0.0,0.0,0.0,0,0,0,12140.945313400009,12140.945313400009,12100.945313400009,12590.0,12590.0,12550.0,-449.0546865999913,0.0
2021-12-21,0.945313400008672,0,1000,1000,0.0,0.0,0.0,0.0,0,0,0,12100.945313400009,12100.945313400009,12150.945313400009,12550.0,12550.0,12600.0,-449.0546865999913,0.0
2021-12-22,0.945313400008672,0,1000,1000,0.0,0.0,0.0,0.0,0,0,0,12000.945313400009,12000.945313400009,11910.945313400009,12450.0,12450.0,12360.0,-449.0546865999913,0.0
2021-12-23,0.945313400008672,0,1000,1000,0.0,0.0,0.0,0.0,0,0,0,11880.945313400009,11880.945313400009,12030.945313400009,12330.0,12330.0,12480.0,-449.0546865999913,0.0
2021-12-24,0.945313400008672,0,1000,1000,0.0,0.0,0.0,0.0,0,0,0,12000.945313400009,12000.945313400009,11980.945313400009,12450.0,12450.0,12430.0,-449.0546865999913,0.0
2021-12-27,0.945313400008672,0,1000,1000,0.0,0.0,0.0,0.0,0,0,0,11980.945313400009,11980.945313400009,12080.945313400009,12430.0,12430.0,12530.0,-449.0546865999913,0.0
2021-12-28,0.945313400008672,0,1000,1000,0.0,0.0,0.0,0.0,0,0,0,12080.945313400009,12080.945313400009,12050.945313400009,12530.0,12530.0,12500.0,-449.0546865999913,0.0
2021-12-29,0.945313400008672,0,1000,1000,0.0,0.0,0.0,0.0,0,0,0,12000.945313400009,12000.945313400009,11900.945313400009,12450.0,12450.0,12350.0,-449.0546865999913,0.0
2021-12-30,0.945313400008672,0,1000,1000,0.0,0.0,0.0,0.0,0,0,0,11910.945313400009,11910.945313400009,11900.945313400009,12360.0,12360.0,12350.0,-449.0546865999913,0.0
2021-12-31,0.945313400008672,0,1000,1000,0.0,0.0,0.0,0.0,0,0,0,11920.945313400009,11920.945313400009,11920.945313400009,12370.0,12370.0,12370.0,-449.0546865999913,0.0
2022-01-04,0.945313400008672,0,1000,1000,0.0,0.0,0.0,0.0,0,0,0,11930.945313400009,11930.945313400009,12040.945313400009,12380.0,12380.0,12490.0,-449.0546865999913,0.0
2022-01-05,0.945313400008672,0,1000,1000,0.0,0.0,0.0,0.0,0,0,0,12030.945313400009,12030.945313400009,12110.945313400009,12480.0,12480.0,12560.0,-449.0546865999913,0.0
2022-01-06,0.945313400008672,0,1000,1000,0.0,0.0,0.0,0.0,0,0,0,12130.945313400009,12130.945313400009,11890.945313400009,12580.0,12580.0,12340.0,-449.0546865999913,0.0
2022-01-07,0.945313400008672,0,1000,1000,0.0,0.0,0.0,0.0,0,0,0,11920.945313400009,11920.945313400009,11830.945313400009,12370.0,12370.0,12280.0,-449.0546865999913,0.0
2022-01-10,0.945313400008672,0,1000,1000,0.0,0.0,0.0,0.0,0,0,0,11810.945313400009,11810.945313400009,11960.945313400009,12260.0,12260.0,12410.0,-449.0546865999913,0.0
2022-01-11,0.945313400008672,0,1000,1000,0.0,0.0,0.0,0.0,0,0,0,11930.945313400009,11930.945313400009,11850.945313400009,12380.0,12380.0,12300.0,-449.0546865999913,0.0
2022-01-12,0.945313400008672,0,1000,1000,0.0,0.0,0.0,0.0,0,0,0,11850.945313400009,11850.945313400009,11820.945313400009,12300.0,12300.0,12270.0,-449.0546865999913,0.0
2022-01-13,0.945313400008672,0,1000,1000,0.0,0.0,0.0,0.0,0,0,0,11860.945313400009,11860.945313400009,11550.945313400009,12310.0,12310.0,12000.0,-449.0546865999913,0.0
2022-01-14,0.945313400008672,0,1000,1000,0.0,0.0,0.0,0.0,0,0,0,11470.945313400009,11470.945313400009,11340.945313400009,11920.0,11920.0,11790.0,-449.0546865999913,0.0
2022-01-17,0.945313400008672,0,1000,1000,0.0,0.0,0.0,0.0,0,0,0,11340.945313400009,11340.945313400009,11420.945313400009,11790.0,11790.0,11870.0,-449.0546865999913,0.0
2022-01-18,0.945313400008672,0,1000,1000,0.0,0.0,0.0,0.0,0,0,0,11450.945313400009,11450.945313400009,11720.945313400009,11900.0,11900.0,12170.0,-449.0546865999913,0.0
2022-01-19,0.945313400008672,0,1000,1000,0.0,0.0,0.0,0.0,0,0,0,11720.945313400009,11720.945313400009,11640.945313400009,12170.0,12170.0,12090.0,-449.0546865999913,0.0
2022-01-20,0.945313400008672,0,1000,1000,0.0,0.0,0.0,0.0,0,0,0,11690.945313400009,11690.945313400009,11770.945313400009,12140.0,12140.0,12220.0,-449.0546865999913,0.0
2022-01-21,0.945313400008672,0,1000,1000,0.0,0.0,0.0,0.0,0,0,0,11710.945313400009,11710.945313400009,11610.945313400009,12160.0,12160.0,12060.0,-449.0546865999913,0.0
2022-01-24,0.945313400008672,0,1000,1000,0.0,0.0,0.0,0.0,0,0,0,11550.945313400009,11550.945313400009,11490.945313400009,12000.0,12000.0,11940.0,-449.0546865999913,0.0
2022-01-25,0.945313400008672,0,1000,1000,0.0,0.0,0.0,0.0,0,0,0,11560.945313400009,11560.945313400009,11310.945313400009,12010.0,12010.0,11760.0,-449.0546865999913,0.0
2022-01-26,0.945313400008672,0,1000,1000,0.0,0.0,0.0,0.0,0,0,0,11310.945313400009,11310.945313400009,11250.945313400009,11760.0,11760.0,11700.0,-449.0546865999913,0.0
2022-01-27,0.945313400008672,0,1000,1000,0.0,0.0,0.0,0.0,0,0,0,11250.945313400009,11250.945313400009,11130.945313400009,11700.0,11700.0,11580.0,-449.0546865999913,0.0
2022-01-28,0.945313400008672,0,1000,1000,0.0,0.0,0.0,0.0,0,0,0,11140.945313400009,11140.945313400009,11110.945313400009,11590.0,11590.0,11560.0,-449.0546865999913,0.0
2022-02-07,0.945313400008672,0,1000,1000,0.0,0.0,0.0,0.0,0,0,0,11200.945313400009,11200.945313400009,11160.945313400009,11650.0,11650.0,11610.0,-449.0546865999913,0.0
2022-02-08,0.945313400008672,0,1000,1000,0.0,0.0,0.0,0.0,0,0,0,11150.945313400009,11150.945313400009,11290.945313400009,11600.0,11600.0,11740.0,-449.0546865999913,0.0
2022-02-09,0.945313400008672,0,1000,1000,0.0,0.0,0.0,0.0,0,0,0,11310.945313400009,11310.945313400009,11350.945313400009,11760.0,11760.0,11800.0,-449.0546865999913,0.0
2022-02-10,0.945313400008672,0,1000,1000,0.0,0.0,0.0,0.0,0,0,0,11370.945313400009,11370.945313400009,11410.945313400009,11820.0,11820.0,11860.0,-449.0546865999913,0.0
2022-02-11,0.945313400008672,0,1000,1000,0.0,0.0,0.0,0.0,0,0,0,11410.945313400009,11410.945313400009,11330.945313400009,11860.0,11860.0,11780.0,-449.0546865999913,0.0
2022-02-14,0.945313400008672,0,1000,1000,0.0,0.0,0.0,0.0,0,0,0,11270.945313400009,11270.945313400009,11260.945313400009,11720.0,11720.0,11710.0,-449.0546865999913,0.0
2022-02-15,0.945313400008672,0,1000,1000,0.0,0.0,0.0,0.0,0,0,0,11230.945313400009,11230.945313400009,11240.945313400009,11680.0,11680.0,11690.0,-449.0546865999913,0.0
2022-02-16,0.945313400008672,0,1000,1000,0.0,0.0,0.0,0.0,0,0,0,11300.945313400009,11300.945313400009,11270.945313400009,11750.0,11750.0,11720.0,-449.0546865999913,0.0
2022-02-17,0.945313400008672,0,1000,1000,0.0,0.0,0.0,0.0,0,0,0,11250.945313400009,11250.945313400009,11250.945313400009,11700.0,11700.0,11700.0,-449.0546865999913,0.0
2022-02-18,0.945313400008672,0,1000,1000,0.0,0.0,0.0,0.0,0,0,0,11240.945313400009,11240.945313400009,11290.945313400009,11690.0,11690.0,11740.0,-449.0546865999913,0.0
2022-02-21,0.945313400008672,0,1000,1000,0.0,0.0,0.0,0.0,0,0,0,11270.945313400009,11270.945313400009,11400.945313400009,11720.0,11720.0,11850.0,-449.0546865999913,0.0
2022-02-22,0.945313400008672,0,1000,1000,0.0,0.0,0.0,0.0,0,0,0,11340.945313400009,11340.945313400009,11270.945313400009,11790.0,11790.0,11720.0,-449.0546865999913,0.0
2022-02-23,0.945313400008672,0,1000,1000,0.0,0.0,0.0,0.0,0,0,0,11270.945313400009,11270.945313400009,11340.945313400009,11720.0,11720.0,11790.0,-449.0546865999913,0.0
2022-02-24,0.945313400008672,0,1000,1000,0.0,0.0,0.0,0.0,0,0,0,11310.945313400009,11310.945313400009,11200.945313400009,11760.0,11760.0,11650.0,-449.0546865999913,0.0
2022-02-25,0.945313400008672,0,1000,1000,0.0,0.0,0.0,0.0,0,0,0,11200.945313400009,11200.945313400009,11200.945313400009,11650.0,11650.0,11650.0,-449.0546865999913,0.0
2022-02-28,0.945313400008672,0,1000,1000,0.0,0.0,0.0,0.0,0,0,0,11180.945313400009,11180.945313400009,11170.945313400009,11630.0,11630.0,11620.0,-449.0546865999913,0.0
2022-03-01,0.945313400008672,0,1000,1000,0.0,0.0,0.0,0.0,0,0,0,11160.945313400009,11160.945313400009,11170.945313400009,11610.0,11610.0,11620.0,-449.0546865999913,0.0
2022-03-02,0.945313400008672,0,1000,1000,0.0,0.0,0.0,0.0,0,0,0,11150.945313400009,11150.945313400009,11210.945313400009,11600.0,11600.0,11660.0,-449.0546865999913,0.0
2022-03-03,0.945313400008672,0,1000,1000,0.0,0.0,0.0,0.0,0,0,0,11230.945313400009,11230.945313400009,11200.945313400009,11680.0,11680.0,11650.0,-449.0546865999913,0.0
2022-03-04,0.945313400008672,0,1000,1000,0.0,0.0,0.0,0.0,0,0,0,11130.945313400009,11130.945313400009,11140.945313400009,11580.0,11580.0,11590.0,-449.0546865999913,0.0
2022-03-07,0.945313400008672,0,1000,1000,0.0,0.0,0.0,0.0,0,0,0,11080.945313400009,11080.945313400009,10820.945313400009,11530.0,11530.0,11270.0,-449.0546865999913,0.0
2022-03-08,0.945313400008672,0,1000,1000,0.0,0.0,0.0,0.0,0,0,0,10770.945313400009,10770.945313400009,10600.945313400009,11220.0,11220.0,11050.0,-449.0546865999913,0.0
2022-03-09,0.945313400008672,0,1000,1000,0.0,0.0,0.0,0.0,0,0,0,10630.945313400009,10630.945313400009,10400.945313400009,11080.0,11080.0,10850.0,-449.0546865999913,0.0
2022-03-10,0.945313400008672,0,1000,1000,0.0,0.0,0.0,0.0,0,0,0,10550.945313400009,10550.945313400009,10350.945313400009,11000.0,11000.0,10800.0,-449.0546865999913,0.0
2022-03-11,0.945313400008672,0,1000,1000,0.0,0.0,0.0,0.0,0,0,0,10230.945313400009,10230.945313400009,10280.945313400009,10680.0,10680.0,10730.0,-449.0546865999913,0.0
2022-03-14,0.945313400008672,0,1000,1000,0.0,0.0,0.0,0.0,0,0,0,10150.945313400009,10150.945313400009,10180.945313400009,10600.0,10600.0,10630.0,-449.0546865999913,0.0
2022-03-15,0.945313400008672,0,1000,1000,0.0,0.0,0.0,0.0,0,0,0,10190.945313400009,10190.945313400009,9750.945313400009,10640.0,10640.0,10200.0,-449.0546865999913,0.0
2022-03-16,0.945313400008672,0,1000,1000,0.0,0.0,0.0,0.0,0,0,0,9850.945313400009,9850.945313400009,9890.945313400009,10300.0,10300.0,10340.0,-449.0546865999913,0.0
2022-03-17,0.945313400008672,0,1000,1000,0.0,0.0,0.0,0.0,0,0,0,10000.945313400009,10000.945313400009,10110.945313400009,10450.0,10450.0,10560.0,-449.0546865999913,0.0
2022-03-18,10180.44651540001,0,0,0,0.0,15.398798000000003,0.0,0.0,0,1000,0,10100.945313400009,10100.945313400009,10180.44651540001,10550.0,10550.0,10650.0,-469.55348459999004,29.85758659998828
2022-03-21,972.6634634200091,0,900,900,0.0,5.1840519800000004,0.0,0.0,900,0,100,10180.44651540001,10170.663463420009,10062.663463420009,10670.0,10670.0,10550.0,-487.33653657999093,42.861746679990915
2022-03-22,972.6634634200091,0,900,900,0.0,0.0,0.0,0.0,0,0,100,10089.663463420009,10089.663463420009,10143.663463420009,10580.0,10580.0,10640.0,-496.33653657999093,51.86642676999077
2022-03-23,972.6634634200091,0,900,900,0.0,0.0,0.0,0.0,0,0,100,10377.663463420009,10377.663463420009,10323.663463420009,10900.0,10900.0,10840.0,-516.3365365799909,71.87682696999082
2022-03-24,972.6634634200091,0,900,900,0.0,0.0,0.0,0.0,0,0,100,10350.663463420009,10350.663463420009,10323.663463420009,10870.0,10870.0,10840.0,-516.3365365799909,71.87682696999082
2022-03-25,972.6634634200091,0,900,900,0.0,0.0,0.0,0.0,0,0,100,10323.663463420009,10323.663463420009,10170.663463420009,10840.0,10840.0,10670.0,-499.33653657999093,54.86798679999106
2022-03-28,972.6634634200091,0,900,900,0.0,0.0,0.0,0.0,0,0,100,10053.663463420009,10053.663463420009,10188.663463420009,10540.0,10540.0,10690.0,-501.33653657999093,56.86902681999095
2022-03-29,972.6634634200091,0,900,900,0.0,0.0,0.0,0.0,0,0,100,10188.663463420009,10188.663463420009,10044.663463420009,10690.0,10690.0,10530.0,-485.33653657999093,40.8607066599908
2022-03-30,972.6634634200091,0,900,900,0.0,0.0,0.0,0.0,0,0,100,10080.663463420009,10080.663463420009,10152.663463420009,10570.0,10570.0,10650.0,-497.33653657999093,52.86694677999071
2022-03-31,972.6634634200091,0,900,900,0.0,0.0,0.0,0.0,0,0,100,10107.663463420009,10107.663463420009,10107.663463420009,10600.0,10600.0,10600.0,-492.33653657999093,47.86434672999087
2022-04-01,972.6634634200091,0,900,900,0.0,0.0,0.0,0.0,0,0,100,10035.663463420009,10035.663463420009,10134.663463420009,10520.0,10520.0,10630.0,-495.33653657999093,50.86590675999082
2022-04-06,972.6634634200091,0,900,900,0.0,0.0,0.0,0.0,0,0,100,10107.663463420009,10107.663463420009,10152.663463420009,10600.0,10600.0,10650.0,-497.33653657999093,52.86694677999071
2022-04-07,972.6634634200091,0,900,900,0.0,0.0,0.0,0.0,0,0,100,10125.663463420009,10125.663463420009,10026.663463420009,10620.0,10620.0,10510.0,-483.33653657999093,38.859666639990905
2022-04-08,972.6634634200091,0,900,900,0.0,0.0,0.0,0.0,0,0,100,10026.663463420009,10026.663463420009,10107.663463420009,10510.0,10510.0,10600.0,-492.33653657999093,47.86434672999087
2022-04-11,972.6634634200091,0,900,900,0.0,0.0,0.0,0.0,0,0,100,10071.663463420009,10071.663463420009,9909.663463420009,10560.0,10560.0,10380.0,-470.33653657999093,25.85290650999093
2022-04-12,972.6634634200091,0,900,900,0.0,0.0,0.0,0.0,0,0,100,9909.663463420009,9909.663463420009,10008.663463420009,10380.0,10380.0,10490.0,-481.33653657999093,36.85862661999079
2022-04-13,972.6634634200091,0,900,900,0.0,0.0,0.0,0.0,0,0,100,9972.663463420009,9972.663463420009,9972.663463420009,10450.0,10450.0,10450.0,-477.33653657999093,32.85654657999089
2022-04-14,972.6634634200091,0,900,900,0.0,0.0,0.0,0.0,0,0,100,10089.663463420009,10089.663463420009,10062.663463420009,10580.0,10580.0,10550.0,-487.33653657999093,42.861746679990915
2022-04-15,972.6634634200091,0,900,900,0.0,0.0,0.0,0.0,0,0,100,10008.663463420009,10008.663463420009,10008.663463420009,10490.0,10490.0,10490.0,-481.33653657999093,36.85862661999079
2022-04-18,972.6634634200091,0,900,900,0.0,0.0,0.0,0.0,0,0,100,9972.663463420009,9972.663463420009,9954.663463420009,10450.0,10450.0,10430.0,-475.33653657999093,30.855506559990886
2022-04-19,972.6634634200091,0,900,900,0.0,0.0,0.0,0.0,0,0,100,9954.663463420009,9954.663463420009,9873.663463420009,10430.0,10430.0,10340.0,-466.33653657999093,21.850826469990807
2022-04-20,972.6634634200091,0,900,900,0.0,0.0,0.0,0.0,0,0,100,9909.663463420009,9909.663463420009,9837.663463420009,10380.0,10380.0,10300.0,-462.33653657999093,17.84874642999091
2022-04-21,972.6634634200091,0,900,900,0.0,0.0,0.0,0.0,0,0,100,9855.663463420009,9855.663463420009,9774.663463420009,10320.0,10320.0,10230.0,-455.33653657999093,10.845106359990723
2022-04-22,972.6634634200091,0,900,900,0.0,0.0,0.0,0.0,0,0,100,9765.663463420009,9765.663463420009,9720.663463420009,10220.0,10220.0,10170.0,-449.33653657999093,4.841986299991049
2022-04-25,7.164253820009208,0,1000,1000,0.0,5.0192096,0.0,0.0,100,0,0,9612.663463420009,9607.164253820009,9117.164253820009,10050.0,10050.0,9560.0,-442.8357461799915,0.0
2022-04-26,7.164253820009208,0,1000,1000,0.0,0.0,0.0,0.0,0,0,0,9177.164253820009,9177.164253820009,9197.164253820009,9620.0,9620.0,9640.0,-442.8357461799915,0.0
2022-04-27,7.164253820009208,0,1000,1000,0.0,0.0,0.0,0.0,0,0,0,9097.164253820009,9097.164253820009,9377.164253820009,9540.0,9540.0,9820.0,-442.8357461799915,0.0
2022-04-28,7.164253820009208,0,1000,1000,0.0,0.0,0.0,0.0,0,0,0,9317.164253820009,9317.164253820009,9427.164253820009,9760.0,9760.0,9870.0,-442.8357461799915,0.0
2022-04-29,7.164253820009208,0,1000,1000,0.0,0.0,0.0,0.0,0,0,0,9467.164253820009,9467.164253820009,9527.164253820009,9910.0,9910.0,9970.0,-442.8357461799915,0.0
2022-05-05,7.164253820009208,0,1000,1000,0.0,0.0,0.0,0.0,0,0,0,9567.164253820009,9567.164253820009,9607.164253820009,10010.0,10010.0,10050.0,-442.8357461799915,0.0
2022-05-06,7.164253820009208,0,1000,1000,0.0,0.0,0.0,0.0,0,0,0,9437.164253820009,9437.164253820009,9197.164253820009,9880.0,9880.0,9640.0,-442.8357461799915,0.0
2022-05-09,7.164253820009208,0,1000,1000,0.0,0.0,0.0,0.0,0,0,0,9197.164253820009,9197.164253820009,9217.164253820009,9640.0,9640.0,9660.0,-442.8357461799915,0.0
2022-05-10,7.164253820009208,0,1000,1000,0.0,0.0,0.0,0.0,0,0,0,9117.164253820009,9117.164253820009,9347.164253820009,9560.0,9560.0,9790.0,-442.8357461799915,0.0
2022-05-11,7.164253820009208,0,1000,1000,0.0,0.0,0.0,0.0,0,0,0,9377.164253820009,9377.164253820009,9397.164253820009,9820.0,9820.0,9840.0,-442.8357461799915,0.0
2022-05-12,7.164253820009208,0,1000,1000,0.0,0.0,0.0,0.0,0,0,0,9357.164253820009,9357.164253820009,9387.164253820009,9800.0,9800.0,9830.0,-442.8357461799915,0.0
2022-05-13,7.164253820009208,0,1000,1000,0.0,0.0,0.0,0.0,0,0,0,9437.164253820009,9437.164253820009,9387.164253820009,9880.0,9880.0,9830.0,-442.8357461799915,0.0
2022-05-16,7.164253820009208,0,1000,1000,0.0,0.0,0.0,0.0,0,0,0,9447.164253820009,9447.164253820009,9307.164253820009,9890.0,9890.0,9750.0,-442.8357461799915,0.0
2022-05-17,7.164253820009208,0,1000,1000,0.0,0.0,0.0,0.0,0,0,0,9337.164253820009,9337.164253820009,9397.164253820009,9780.0,9780.0,9840.0,-442.8357461799915,0.0
2022-05-18,7.164253820009208,0,1000,1000,0.0,0.0,0.0,0.0,0,0,0,9407.164253820009,9407.164253820009,9427.164253820009,9850.0,9850.0,9870.0,-442.8357461799915,0.0
2022-05-19,7.164253820009208,0,1000,1000,0.0,0.0,0.0,0.0,0,0,0,9337.164253820009,9337.164253820009,9357.164253820009,9780.0,9780.0,9800.0,-442.8357461799915,0.0
2022-05-20,7.164253820009208,0,1000,1000,0.0,0.0,0.0,0.0,0,0,0,9407.164253820009,9407.164253820009,9467.164253820009,9850.0,9850.0,9910.0,-442.8357461799915,0.0
2022-05-23,7.164253820009208,0,1000,1000,0.0,0.0,0.0,0.0,0,0,0,9517.164253820009,9517.164253820009,9437.164253820009,9960.0,9960.0,9880.0,-442.8357461799915,0.0
2022-05-24,7.164253820009208,0,1000,1000,0.0,0.0,0.0,0.0,0,0,0,9417.164253820009,9417.164253820009,9107.164253820009,9860.0,9860.0,9550.0,-442.8357461799915,0.0
2022-05-25,7.164253820009208,0,1000,1000,0.0,0.0,0.0,0.0,0,0,0,9117.164253820009,9117.164253820009,9147.164253820009,9560.0,9560.0,9590.0,-442.8357461799915,0.0
2022-05-26,7.164253820009208,0,1000,1000,0.0,0.0,0.0,0.0,0,0,0,9137.164253820009,9137.164253820009,9227.164253820009,9580.0,9580.0,9670.0,-442.8357461799915,0.0
2022-05-27,7.164253820009208,0,1000,1000,0.0,0.0,0.0,0.0,0,0,0,9237.164253820009,9237.164253820009,9247.164253820009,9680.0,9680.0,9690.0,-442.8357461799915,0.0
2022-05-30,7.164253820009208,0,1000,1000,0.0,0.0,0.0,0.0,0,0,0,9247.164253820009,9247.164253820009,9177.164253820009,9690.0,9690.0,9620.0,-442.8357461799915,0.0
2022-05-31,7.164253820009208,0,1000,1000,0.0,0.0,0.0,0.0,0,0,0,9177.164253820009,9177.164253820009,9417.164253820009,9620.0,9620.0,9860.0,-442.8357461799915,0.0
2022-06-01,7.164253820009208,0,1000,1000,0.0,0.0,0.0,0.0,0,0,0,9357.164253820009,9357.164253820009,9377.164253820009,9800.0,9800.0,9820.0,-442.8357461799915,0.0
2022-06-02,7.164253820009208,0,1000,1000,0.0,0.0,0.0,0.0,0,0,0,9317.164253820009,9317.164253820009,9407.164253820009,9760.0,9760.0,9850.0,-442.8357461799915,0.0
2022-06-06,7.164253820009208,0,1000,1000,0.0,0.0,0.0,0.0,0,0,0,9397.164253820009,9397.164253820009,9437.164253820009,9840.0,9840.0,9880.0,-442.8357461799915,0.0
2022-06-07,7.164253820009208,0,1000,1000,0.0,0.0,0.0,0.0,0,0,0,9447.164253820009,9447.164253820009,9437.164253820009,9890.0,9890.0,9880.0,-442.8357461799915,0.0
2022-06-08,7.164253820009208,0,1000,1000,0.0,0.0,0.0,0.0,0,0,0,9457.164253820009,9457.164253820009,9427.164253820009,9900.0,9900.0,9870.0,-442.8357461799915,0.0
2022-06-09,7.164253820009208,0,1000,1000,0.0,0.0,0.0,0.0,0,0,0,9407.164253820009,9407.164253820009,9337.164253820009,9850.0,9850.0,9780.0,-442.8357461799915,0.0
2022-06-10,7.164253820009208,0,1000,1000,0.0,0.0,0.0,0.0,0,0,0,9277.164253820009,9277.164253820009,9607.164253820009,9720.0,9720.0,10050.0,-442.8357461799915,0.0
2022-06-13,7.164253820009208,0,1000,1000,0.0,0.0,0.0,0.0,0,0,0,9557.164253820009,9557.164253820009,9397.164253820009,10000.0,10000.0,9840.0,-442.8357461799915,0.0
2022-06-14,7.164253820009208,0,1000,1000,0.0,0.0,0.0,0.0,0,0,0,9317.164253820009,9317.164253820009,9387.164253820009,9760.0,9760.0,9830.0,-442.8357461799915,0.0
2022-06-15,7.164253820009208,0,1000,1000,0.0,0.0,0.0,0.0,0,0,0,9347.164253820009,9347.164253820009,9647.164253820009,9790.0,9790.0,10090.0,-442.8357461799915,0.0
2022-06-16,7.164253820009208,0,1000,1000,0.0,0.0,0.0,0.0,0,0,0,9687.164253820009,9687.164253820009,9587.164253820009,10130.0,10130.0,10030.0,-442.8357461799915,0.0
2022-06-17,7.164253820009208,0,1000,1000,0.0,0.0,0.0,0.0,0,0,0,9537.164253820009,9537.164253820009,9697.164253820009,9980.0,9980.0,10140.0,-442.8357461799915,0.0
2022-06-20,7.164253820009208,0,1000,1000,0.0,0.0,0.0,0.0,0,0,0,9747.164253820009,9747.164253820009,9697.164253820009,10190.0,10190.0,10140.0,-442.8357461799915,0.0
2022-06-21,7.164253820009208,0,1000,1000,0.0,0.0,0.0,0.0,0,0,0,9697.164253820009,9697.164253820009,9727.164253820009,10140.0,10140.0,10170.0,-442.8357461799915,0.0
2022-06-22,7.164253820009208,0,1000,1000,0.0,0.0,0.0,0.0,0,0,0,9717.164253820009,9717.164253820009,9557.164253820009,10160.0,10160.0,10000.0,-442.8357461799915,0.0
2022-06-23,7.164253820009208,0,1000,1000,0.0,0.0,0.0,0.0,0,0,0,9557.164253820009,9557.164253820009,9677.164253820009,10000.0,10000.0,10120.0,-442.8357461799915,0.0
2022-06-24,7.164253820009208,0,1000,1000,0.0,0.0,0.0,0.0,0,0,0,9707.164253820009,9707.164253820009,9757.164253820009,10150.0,10150.0,10200.0,-442.8357461799915,0.0
2022-06-27,7.164253820009208,0,1000,1000,0.0,0.0,0.0,0.0,0,0,0,9757.164253820009,9757.164253820009,9777.164253820009,10200.0,10200.0,10220.0,-442.8357461799915,0.0
2022-06-28,7.164253820009208,0,1000,1000,0.0,0.0,0.0,0.0,0,0,0,9767.164253820009,9767.164253820009,9907.164253820009,10210.0,10210.0,10350.0,-442.8357461799915,0.0
2022-06-29,7.164253820009208,0,1000,1000,0.0,0.0,0.0,0.0,0,0,0,9907.164253820009,9907.164253820009,9847.164253820009,10350.0,10350.0,10290.0,-442.8357461799915,0.0
2022-06-30,7.164253820009208,0,1000,1000,0.0,0.0,0.0,0.0,0,0,0,9837.164253820009,9837.164253820009,9847.164253820009,10280.0,10280.0,10290.0,-442.8357461799915,0.0
2022-07-01,7.164253820009208,0,1000,1000,0.0,0.0,0.0,0.0,0,0,0,9837.164253820009,9837.164253820009,9787.164253820009,10280.0,10280.0,10230.0,-442.8357461799915,0.0
2022-07-04,7.164253820009208,0,1000,1000,0.0,0.0,0.0,0.0,0,0,0,9777.164253820009,9777.164253820009,9767.164253820009,10220.0,10220.0,10210.0,-442.8357461799915,0.0
2022-07-05,7.164253820009208,0,1000,1000,0.0,0.0,0.0,0.0,0,0,0,9767.164253820009,9767.164253820009,9697.164253820009,10210.0,10210.0,10140.0,-442.8357461799915,0.0
2022-07-06,7.164253820009208,0,1000,1000,0.0,0.0,0.0,0.0,0,0,0,9687.164253820009,9687.164253820009,9617.164253820009,10130.0,10130.0,10060.0,-442.8357461799915,0.0
2022-07-07,7.164253820009208,0,1000,1000,0.0,0.0,0.0,0.0,0,0,0,9567.164253820009,9567.164253820009,9597.164253820009,10010.0,10010.0,10040.0,-442.8357461799915,0.0
2022-07-08,7.164253820009208,0,1000,1000,0.0,0.0,0.0,0.0,0,0,0,9627.164253820009,9627.164253820009,9747.164253820009,10070.0,10070.0,10190.0,-442.8357461799915,0.0
2022-07-11,7.164253820009208,0,1000,1000,0.0,0.0,0.0,0.0,0,0,0,9767.164253820009,9767.164253820009,9647.164253820009,10210.0,10210.0,10090.0,-442.8357461799915,0.0
2022-07-12,7.164253820009208,0,1000,1000,0.0,0.0,0.0,0.0,0,0,0,9607.164253820009,9607.164253820009,9637.164253820009,10050.0,10050.0,10080.0,-442.8357461799915,0.0
2022-07-13,7.164253820009208,0,1000,1000,0.0,0.0,0.0,0.0,0,0,0,9647.164253820009,9647.164253820009,9647.164253820009,10090.0,10090.0,10090.0,-442.8357461799915,0.0
2022-07-14,7.164253820009208,0,1000,1000,0.0,0.0,0.0,0.0,0,0,0,9667.164253820009,9667.164253820009,9557.164253820009,10110.0,10110.0,10000.0,-442.8357461799915,0.0
2022-07-15,7.164253820009208,0,1000,1000,0.0,0.0,0.0,0.0,0,0,0,9527.164253820009,9527.164253820009,9357.164253820009,9970.0,9970.0,9800.0,-442.8357461799915,0.0
2022-07-18,7.164253820009208,0,1000,1000,0.0,0.0,0.0,0.0,0,0,0,9367.164253820009,9367.164253820009,9677.164253820009,9810.0,9810.0,10120.0,-442.8357461799915,0.0
2022-07-19,7.164253820009208,0,1000,1000,0.0,0.0,0.0,0.0,0,0,0,9637.164253820009,9637.164253820009,9807.164253820009,10080.0,10080.0,10250.0,-442.8357461799915,0.0
2022-07-20,9927.15987352001,0,0,0,0.0,15.0343803,0.0,0.0,0,1000,0,9877.164253820009,9877.164253820009,9927.15987352001,10320.0,10320.0,10390.0,-462.84012647999043,22.909576179989017
2022-07-21,17.110824020010114,0,1000,1000,0.0,5.0990495,0.0,0.0,1000,0,0,9927.15987352001,9917.11082402001,10087.11082402001,10350.0,10350.0,10520.0,-432.8891759799899,0.0
2022-07-22,17.110824020010114,0,1000,1000,0.0,0.0,0.0,0.0,0,0,0,10057.11082402001,10057.11082402001,10017.11082402001,10490.0,10490.0,10450.0,-432.8891759799899,0.0
2022-07-25,17.110824020010114,0,1000,1000,0.0,0.0,0.0,0.0,0,0,0,10017.11082402001,10017.11082402001,9967.11082402001,10450.0,10450.0,10400.0,-432.8891759799899,0.0
2022-07-26,17.110824020010114,0,1000,1000,0.0,0.0,0.0,0.0,0,0,0,9997.11082402001,9997.11082402001,10017.11082402001,10430.0,10430.0,10450.0,-432.8891759799899,0.0
2022-07-27,17.110824020010114,0,1000,1000,0.0,0.0,0.0,0.0,0,0,0,10007.11082402001,10007.11082402001,9957.11082402001,10440.0,10440.0,10390.0,-432.8891759799899,0.0
2022-07-28,17.110824020010114,0,1000,1000,0.0,0.0,0.0,0.0,0,0,0,10007.11082402001,10007.11082402001,10127.11082402001,10440.0,10440.0,10560.0,-432.8891759799899,0.0
2022-07-29,17.110824020010114,0,1000,1000,0.0,0.0,0.0,0.0,0,0,0,10117.11082402001,10117.11082402001,10067.11082402001,10550.0,10550.0,10500.0,-432.8891759799899,0.0
2022-08-01,17.110824020010114,0,1000,1000,0.0,0.0,0.0,0.0,0,0,0,10047.11082402001,10047.11082402001,10077.11082402001,10480.0,10480.0,10510.0,-432.8891759799899,0.0
2022-08-02,17.110824020010114,0,1000,1000,0.0,0.0,0.0,0.0,0,0,0,10017.11082402001,10017.11082402001,9927.11082402001,10450.0,10450.0,10360.0,-432.8891759799899,0.0
2022-08-03,17.110824020010114,0,1000,1000,0.0,0.0,0.0,0.0,0,0,0,9927.11082402001,9927.11082402001,9737.11082402001,10360.0,10360.0,10170.0,-432.8891759799899,0.0
2022-08-04,17.110824020010114,0,1000,1000,0.0,0.0,0.0,0.0,0,0,0,9787.11082402001,9787.11082402001,9907.11082402001,10220.0,10220.0,10340.0,-432.8891759799899,0.0
2022-08-05,517.1108240200101,0,1000,1000,100.0,0.0,0.0,500.0,0,0,0,9827.11082402001,9827.11082402001,10007.11082402001,10360.0,10360.0,10540.0,-532.8891759799899,0.0
2022-08-08,10017.58948212001,0,0,0,0.0,14.7113419,100.0,0.0,0,1000,0,10007.11082402001,10007.11082402001,10017.58948212001,10540.0,10540.0,10570.0,-552.4105178799891,0.0
2022-08-09,407.69343412001217,0,1000,1000,0.0,5.096048,0.0,0.0,1000,0,0,10017.58948212001,10007.693434120012,10097.693434120012,10550.0,10550.0,10640.0,-542.3065658799878,0.0
2022-08-10,407.69343412001217,0,1000,1000,0.0,0.0,0.0,0.0,0,0,0,10097.693434120012,10097.693434120012,9977.693434120012,10640.0,10640.0,10520.0,-542.3065658799878,0.0
2022-08-11,407.69343412001217,0,1000,1000,0.0,0.0,0.0,0.0,0,0,0,10007.693434120012,10007.693434120012,10217.693434120012,10550.0,10550.0,10760.0,-542.3065658799878,0.0
2022-08-12,407.69343412001217,0,1000,1000,0.0,0.0,0.0,0.0,0,0,0,10177.693434120012,10177.693434120012,10077.693434120012,10720.0,10720.0,10620.0,-542.3065658799878,0.0
2022-08-15,407.69343412001217,0,1000,1000,0.0,0.0,0.0,0.0,0,0,0,10067.693434120012,10067.693434120012,9967.693434120012,10610.0,10610.0,10510.0,-542.3065658799878,0.0
2022-08-16,407.69343412001217,0,1000,1000,0.0,0.0,0.0,0.0,0,0,0,9987.693434120012,9987.693434120012,9887.693434120012,10530.0,10530.0,10430.0,-542.3065658799878,0.0
2022-08-17,407.69343412001217,0,1000,1000,0.0,0.0,0.0,0.0,0,0,0,9867.693434120012,9867.693434120012,10057.693434120012,10410.0,10410.0,10600.0,-542.3065658799878,0.0
2022-08-18,407.69343412001217,0,1000,1000,0.0,0.0,0.0,0.0,0,0,0,10027.693434120012,10027.693434120012,10017.693434120012,10570.0,10570.0,10560.0,-542.3065658799878,0.0
2022-08-19,407.69343412001217,0,1000,1000,0.0,0.0,0.0,0.0,0,0,0,9927.693434120012,9927.693434120012,9927.693434120012,10470.0,10470.0,10470.0,-542.3065658799878,0.0
2022-08-22,407.69343412001217,0,1000,1000,0.0,0.0,0.0,0.0,0,0,0,9837.693434120012,9837.693434120012,9927.693434120012,10380.0,10380.0,10470.0,-542.3065658799878,0.0
2022-08-23,407.69343412001217,0,1000,1000,0.0,0.0,0.0,0.0,0,0,0,9887.693434120012,9887.693434120012,9847.693434120012,10430.0,10430.0,10390.0,-542.3065658799878,0.0
2022-08-24,407.69343412001217,0,1000,1000,0.0,0.0,0.0,0.0,0,0,0,9827.693434120012,9827.693434120012,9777.693434120012,10370.0,10370.0,10320.0,-542.3065658799878,0.0
2022-08-25,407.69343412001217,0,1000,1000,0.0,0.0,0.0,0.0,0,0,0,9727.693434120012,9727.693434120012,9717.693434120012,10270.0,10270.0,10260.0,-542.3065658799878,0.0
2022-08-26,407.69343412001217,0,1000,1000,0.0,0.0,0.0,0.0,0,0,0,9767.693434120012,9767.693434120012,9767.693434120012,10310.0,10310.0,10310.0,-542.3065658799878,0.0
2022-08-29,407.69343412001217,0,1000,1000,0.0,0.0,0.0,0.0,0,0,0,9667.693434120012,9667.693434120012,9647.693434120012,10210.0,10210.0,10190.0,-542.3065658799878,0.0
2022-08-30,407.69343412001217,0,1000,1000,0.0,0.0,0.0,0.0,0,0,0,9677.693434120012,9677.693434120012,9607.693434120012,10220.0,10220.0,10150.0,-542.3065658799878,0.0
2022-08-31,407.69343412001217,0,1000,1000,0.0,0.0,0.0,0.0,0,0,0,9587.693434120012,9587.693434120012,9697.693434120012,10130.0,10130.0,10240.0,-542.3065658799878,0.0
2022-09-01,407.69343412001217,0,1000,1000,0.0,0.0,0.0,0.0,0,0,0,9627.693434120012,9627.693434120012,9627.693434120012,10170.0,10170.0,10170.0,-542.3065658799878,0.0
2022-09-02,407.69343412001217,0,1000,1000,0.0,0.0,0.0,0.0,0,0,0,9627.693434120012,9627.693434120012,9717.693434120012,10170.0,10170.0,10260.0,-542.3065658799878,0.0
2022-09-05,407.69343412001217,0,1000,1000,0.0,0.0,0.0,0.0,0,0,0,9707.693434120012,9707.693434120012,9737.693434120012,10250.0,10250.0,10280.0,-542.3065658799878,0.0
2022-09-06,407.69343412001217,0,1000,1000,0.0,0.0,0.0,0.0,0,0,0,9717.693434120012,9717.693434120012,9847.693434120012,10260.0,10260.0,10390.0,-542.3065658799878,0.0
2022-09-07,407.69343412001217,0,1000,1000,0.0,0.0,0.0,0.0,0,0,0,9837.693434120012,9837.693434120012,9797.693434120012,10380.0,10380.0,10340.0,-542.3065658799878,0.0
2022-09-08,407.69343412001217,0,1000,1000,0.0,0.0,0.0,0.0,0,0,0,9837.693434120012,9837.693434120012,9847.693434120012,10380.0,10380.0,10390.0,-542.3065658799878,0.0
2022-09-09,407.69343412001217,0,1000,1000,0.0,0.0,0.0,0.0,0,0,0,9877.693434120012,9877.693434120012,9877.693434120012,10420.0,10420.0,10420.0,-542.3065658799878,0.0
2022-09-13,407.69343412001217,0,1000,1000,0.0,0.0,0.0,0.0,0,0,0,9917.693434120012,9917.693434120012,9897.693434120012,10460.0,10460.0,10440.0,-542.3065658799878,0.0
2022-09-14,407.69343412001217,0,1000,1000,0.0,0.0,0.0,0.0,0,0,0,9867.693434120012,9867.693434120012,9787.693434120012,10410.0,10410.0,10330.0,-542.3065658799878,0.0
2022-09-15,407.69343412001217,0,1000,1000,0.0,0.0,0.0,0.0,0,0,0,9797.693434120012,9797.693434120012,9787.693434120012,10340.0,10340.0,10330.0,-542.3065658799878,0.0
2022-09-16,407.69343412001217,0,1000,1000,0.0,0.0,0.0,0.0,0,0,0,9747.693434120012,9747.693434120012,9527.693434120012,10290.0,10290.0,10070.0,-542.3065658799878,0.0
2022-09-19,407.69343412001217,0,1000,1000,0.0,0.0,0.0,0.0,0,0,0,9527.693434120012,9527.693434120012,9297.693434120012,10070.0,10070.0,9840.0,-542.3065658799878,0.0
2022-09-20,407.69343412001217,0,1000,1000,0.0,0.0,0.0,0.0,0,0,0,9327.693434120012,9327.693434120012,9147.693434120012,9870.0,9870.0,9690.0,-542.3065658799878,0.0
2022-09-21,407.69343412001217,0,1000,1000,0.0,0.0,0.0,0.0,0,0,0,9137.693434120012,9137.693434120012,9157.693434120012,9680.0,9680.0,9700.0,-542.3065658799878,0.0
2022-09-22,407.69343412001217,0,1000,1000,0.0,0.0,0.0,0.0,0,0,0,9107.693434120012,9107.693434120012,9087.693434120012,9650.0,9650.0,9630.0,-542.3065658799878,0.0
2022-09-23,407.69343412001217,0,1000,1000,0.0,0.0,0.0,0.0,0,0,0,9107.693434120012,9107.693434120012,9097.693434120012,9650.0,9650.0,9640.0,-542.3065658799878,0.0
2022-09-26,407.69343412001217,0,1000,1000,0.0,0.0,0.0,0.0,0,0,0,9007.693434120012,9007.693434120012,8957.693434120012,9550.0,9550.0,9500.0,-542.3065658799878,0.0
2022-09-27,407.69343412001217,0,1000,1000,0.0,0.0,0.0,0.0,0,0,0,8947.693434120012,8947.693434120012,9057.693434120012,9490.0,9490.0,9600.0,-542.3065658799878,0.0
2022-09-28,407.69343412001217,0,1000,1000,0.0,0.0,0.0,0.0,0,0,0,9027.693434120012,9027.693434120012,8967.693434120012,9570.0,9570.0,9510.0,-542.3065658799878,0.0
2022-09-29,407.69343412001217,0,1000,1000,0.0,0.0,0.0,0.0,0,0,0,9077.693434120012,9077.693434120012,8787.693434120012,9620.0,9620.0,9330.0,-542.3065658799878,0.0
2022-09-30,407.69343412001217,0,1000,1000,0.0,0.0,0.0,0.0,0,0,0,8817.693434120012,8817.693434120012,8927.693434120012,9360.0,9360.0,9470.0,-542.3065658799878,0.0
2022-10-10,407.69343412001217,0,1000,1000,0.0,0.0,0.0,0.0,0,0,0,9007.693434120012,9007.693434120012,8567.693434120012,9550.0,9550.0,9110.0,-542.3065658799878,0.0
2022-10-11,407.69343412001217,0,1000,1000,0.0,0.0,0.0,0.0,0,0,0,8647.693434120012,8647.693434120012,8587.693434120012,9190.0,9190.0,9130.0,-542.3065658799878,0.0
2022-10-12,407.69343412001217,0,1000,1000,0.0,0.0,0.0,0.0,0,0,0,8567.693434120012,8567.693434120012,8717.693434120012,9110.0,9110.0,9260.0,-542.3065658799878,0.0
2022-10-13,407.69343412001217,0,1000,1000,0.0,0.0,0.0,0.0,0,0,0,8657.693434120012,8657.693434120012,8757.693434120012,9200.0,9200.0,9300.0,-542.3065658799878,0.0
2022-10-14,407.69343412001217,0,1000,1000,0.0,0.0,0.0,0.0,0,0,0,8817.693434120012,8817.693434120012,8847.693434120012,9360.0,9360.0,9390.0,-542.3065658799878,0.0
2022-10-17,407.69343412001217,0,1000,1000,0.0,0.0,0.0,0.0,0,0,0,8847.693434120012,8847.693434120012,8927.693434120012,9390.0,9390.0,9470.0,-542.3065658799878,0.0
2022-10-18,407.69343412001217,0,1000,1000,0.0,0.0,0.0,0.0,0,0,0,8947.693434120012,8947.693434120012,8907.693434120012,9490.0,9490.0,9450.0,-542.3065658799878,0.0
2022-10-19,407.69343412001217,0,1000,1000,0.0,0.0,0.0,0.0,0,0,0,8897.693434120012,8897.693434120012,8807.693434120012,9440.0,9440.0,9350.0,-542.3065658799878,0.0
2022-10-20,407.69343412001217,0,1000,1000,0.0,0.0,0.0,0.0,0,0,0,8787.693434120012,8787.693434120012,8907.693434120012,9330.0,9330.0,9450.0,-542.3065658799878,0.0
2022-10-21,407.69343412001217,0,1000,1000,0.0,0.0,0.0,0.0,0,0,0,8907.693434120012,8907.693434120012,8877.693434120012,9450.0,9450.0,9420.0,-542.3065658799878,0.0
2022-10-24,407.69343412001217,0,1000,1000,0.0,0.0,0.0,0.0,0,0,0,8807.693434120012,8807.693434120012,8697.693434120012,9350.0,9350.0,9240.0,-542.3065658799878,0.0
2022-10-25,407.69343412001217,0,1000,1000,0.0,0.0,0.0,0.0,0,0,0,8807.693434120012,8807.693434120012,8787.693434120012,9350.0,9350.0,9330.0,-542.3065658799878,0.0
2022-10-26,407.69343412001217,0,1000,1000,0.0,0.0,0.0,0.0,0,0,0,8747.693434120012,8747.693434120012,8707.693434120012,9290.0,9290.0,9250.0,-542.3065658799878,0.0
2022-10-27,407.69343412001217,0,1000,1000,0.0,0.0,0.0,0.0,0,0,0,8717.693434120012,8717.693434120012,8797.693434120012,9260.0,9260.0,9340.0,-542.3065658799878,0.0
2022-10-28,407.69343412001217,0,1000,1000,0.0,0.0,0.0,0.0,0,0,0,8837.693434120012,8837.693434120012,8687.693434120012,9380.0,9380.0,9230.0,-542.3065658799878,0.0
2022-10-31,407.69343412001217,0,1000,1000,0.0,0.0,0.0,0.0,0,0,0,8277.693434120012,8277.693434120012,8607.693434120012,8820.0,8820.0,9150.0,-542.3065658799878,0.0
2022-11-01,407.69343412001217,0,1000,1000,0.0,0.0,0.0,0.0,0,0,0,8697.693434120012,8697.693434120012,8967.693434120012,9240.0,9240.0,9510.0,-542.3065658799878,0.0
2022-11-02,9049.621207420012,0,0,0,0.0,13.7422267,0.0,0.0,0,1000,0,8897.693434120012,8897.693434120012,9049.621207420012,9440.0,9440.0,9610.0,-560.3787925799879,0.0
2022-11-03,360.19436402001156,0,1000,1000,0.0,5.0868434,0.0,0.0,1000,0,0,9049.621207420012,9040.194364020012,8990.194364020012,9630.0,9630.0,9580.0,-589.8056359799884,0.0
2022-11-04,360.19436402001156,0,1000,1000,0.0,0.0,0.0,0.0,0,0,0,8940.194364020012,8940.194364020012,9050.194364020012,9530.0,9530.0,9640.0,-589.8056359799884,0.0
2022-11-07,360.19436402001156,0,1000,1000,0.0,0.0,0.0,0.0,0,0,0,9050.194364020012,9050.194364020012,9050.194364020012,9640.0,9640.0,9640.0,-589.8056359799884,0.0
2022-11-08,360.19436402001156,0,1000,1000,0.0,0.0,0.0,0.0,0,0,0,9020.194364020012,9020.194364020012,9080.194364020012,9610.0,9610.0,9670.0,-589.8056359799884,0.0
2022-11-09,360.19436402001156,0,1000,1000,0.0,0.0,0.0,0.0,0,0,0,9050.194364020012,9050.194364020012,9000.194364020012,9640.0,9640.0,9590.0,-589.8056359799884,0.0
2022-11-10,360.19436402001156,0,1000,1000,0.0,0.0,0.0,0.0,0,0,0,8990.194364020012,8990.194364020012,8980.194364020012,9580.0,9580.0,9570.0,-589.8056359799884,0.0
2022-11-11,360.19436402001156,0,1000,1000,0.0,0.0,0.0,0.0,0,0,0,9110.194364020012,9110.194364020012,9200.194364020012,9700.0,9700.0,9790.0,-589.8056359799884,0.0
2022-11-14,360.19436402001156,0,1000,1000,0.0,0.0,0.0,0.0,0,0,0,9240.194364020012,9240.194364020012,9310.194364020012,9830.0,9830.0,9900.0,-589.8056359799884,0.0
2022-11-15,9391.533434270012,0,0,0,0.0,14.13592975,0.0,0.0,0,1000,0,9320.194364020012,9320.194364020012,9391.533434270012,9910.0,9910.0,10000.0,-608.4665657299884,0.0
2022-11-16,371.93828922001194,0,1000,1000,0.0,5.09014505,0.0,0.0,1000,0,0,9391.533434270012,9381.938289220012,9361.938289220012,9960.0,9960.0,9940.0,-578.0617107799881,0.0
2022-11-17,371.93828922001194,0,1000,1000,0.0,0.0,0.0,0.0,0,0,0,9331.938289220012,9331.938289220012,9381.938289220012,9910.0,9910.0,9960.0,-578.0617107799881,0.0
2022-11-18,371.93828922001194,0,1000,1000,0.0,0.0,0.0,0.0,0,0,0,9421.938289220012,9421.938289220012,9321.938289220012,10000.0,10000.0,9900.0,-578.0617107799881,0.0
2022-11-21,371.93828922001194,0,1000,1000,0.0,0.0,0.0,0.0,0,0,0,9271.938289220012,9271.938289220012,9371.938289220012,9850.0,9850.0,9950.0,-578.0617107799881,0.0
2022-11-22,371.93828922001194,0,1000,1000,0.0,0.0,0.0,0.0,0,0,0,9431.938289220012,9431.938289220012,9471.938289220012,10010.0,10010.0,10050.0,-578.0617107799881,0.0
2022-11-23,371.93828922001194,0,1000,1000,0.0,0.0,0.0,0.0,0,0,0,9481.938289220012,9481.938289220012,9421.938289220012,10060.0,10060.0,10000.0,-578.0617107799881,0.0
2022-11-24,371.93828922001194,0,1000,1000,0.0,0.0,0.0,0.0,0,0,0,9421.938289220012,9421.938289220012,9331.938289220012,10000.0,10000.0,9910.0,-578.0617107799881,0.0
2022-11-25,371.93828922001194,0,1000,1000,0.0,0.0,0.0,0.0,0,0,0,9321.938289220012,9321.938289220012,9421.938289220012,9900.0,9900.0,10000.0,-578.0617107799881,0.0
2022-11-28,371.93828922001194,0,1000,1000,0.0,0.0,0.0,0.0,0,0,0,9271.938289220012,9271.938289220012,9131.938289220012,9850.0,9850.0,9710.0,-578.0617107799881,0.0
2022-11-29,371.93828922001194,0,1000,1000,0.0,0.0,0.0,0.0,0,0,0,9201.938289220012,9201.938289220012,9481.938289220012,9780.0,9780.0,10060.0,-578.0617107799881,0.0
2022-11-30,371.93828922001194,0,1000,1000,0.0,0.0,0.0,0.0,0,0,0,9491.938289220012,9491.938289220012,9521.938289220012,10070.0,10070.0,10100.0,-578.0617107799881,0.0
2022-12-01,9543.066030170012,0,0,0,0.0,14.277259050000001,0.0,0.0,0,1000,0,9581.938289220012,9581.938289220012,9543.066030170012,10160.0,10160.0,10140.0,-596.9339698299882,0.0
2022-12-02,363.38928432001194,0,1000,1000,0.0,5.09174585,0.0,0.0,1000,0,0,9543.066030170012,9533.389284320012,9503.389284320012,10120.0,10120.0,10090.0,-586.6107156799881,0.0
2022-12-05,363.38928432001194,0,1000,1000,0.0,0.0,0.0,0.0,0,0,0,9653.389284320012,9653.389284320012,9643.389284320012,10240.0,10240.0,10230.0,-586.6107156799881,0.0
2022-12-06,363.38928432001194,0,1000,1000,0.0,0.0,0.0,0.0,0,0,0,9583.389284320012,9583.389284320012,9803.389284320012,10170.0,10170.0,10390.0,-586.6107156799881,0.0
2022-12-07,363.38928432001194,0,1000,1000,0.0,0.0,0.0,0.0,0,0,0,9823.389284320012,9823.389284320012,9783.389284320012,10410.0,10410.0,10370.0,-586.6107156799881,0.0
2022-12-08,363.38928432001194,0,1000,1000,0.0,0.0,0.0,0.0,0,0,0,9773.389284320012,9773.389284320012,9783.389284320012,10360.0,10360.0,10370.0,-586.6107156799881,0.0
2022-12-09,363.38928432001194,0,1000,1000,0.0,0.0,0.0,0.0,0,0,0,9763.389284320012,9763.389284320012,9823.389284320012,10350.0,10350.0,10410.0,-586.6107156799881,0.0
2022-12-12,363.38928432001194,0,1000,1000,0.0,0.0,0.0,0.0,0,0,0,9793.389284320012,9793.389284320012,9823.389284320012,10380.0,10380.0,10410.0,-586.6107156799881,0.0
2022-12-13,363.38928432001194,0,1000,1000,0.0,0.0,0.0,0.0,0,0,0,9843.389284320012,9843.389284320012,9813.389284320012,10430.0,10430.0,10400.0,-586.6107156799881,0.0
2022-12-14,363.38928432001194,0,1000,1000,0.0,0.0,0.0,0.0,0,0,0,9843.389284320012,9843.389284320012,9783.389284320012,10430.0,10430.0,10370.0,-586.6107156799881,0.0
2022-12-15,363.38928432001194,0,1000,1000,0.0,0.0,0.0,0.0,0,0,0,9783.389284320012,9783.389284320012,9823.389284320012,10370.0,10370.0,10410.0,-586.6107156799881,0.0
2022-12-16,363.38928432001194,0,1000,1000,0.0,0.0,0.0,0.0,0,0,0,9773.389284320012,9773.389284320012,9863.389284320012,10360.0,10360.0,10450.0,-586.6107156799881,0.0
2022-12-19,363.38928432001194,0,1000,1000,0.0,0.0,0.0,0.0,0,0,0,9883.389284320012,9883.389284320012,9733.389284320012,10470.0,10470.0,10320.0,-586.6107156799881,0.0
2022-12-20,363.38928432001194,0,1000,1000,0.0,0.0,0.0,0.0,0,0,0,9683.389284320012,9683.389284320012,9653.389284320012,10270.0,10270.0,10240.0,-586.6107156799881,0.0
2022-12-21,363.38928432001194,0,1000,1000,0.0,0.0,0.0,0.0,0,0,0,9653.389284320012,9653.389284320012,9713.389284320012,10240.0,10240.0,10300.0,-586.6107156799881,0.0
2022-12-22,363.38928432001194,0,1000,1000,0.0,0.0,0.0,0.0,0,0,0,9833.389284320012,9833.389284320012,9653.389284320012,10420.0,10420.0,10240.0,-586.6107156799881,0.0
2022-12-23,363.38928432001194,0,1000,1000,0.0,0.0,0.0,0.0,0,0,0,9623.389284320012,9623.389284320012,9543.389284320012,10210.0,10210.0,10130.0,-586.6107156799881,0.0
2022-12-26,363.38928432001194,0,1000,1000,0.0,0.0,0.0,0.0,0,0,0,9583.389284320012,9583.389284320012,9523.389284320012,10170.0,10170.0,10110.0,-586.6107156799881,0.0
2022-12-27,363.38928432001194,0,1000,1000,0.0,0.0,0.0,0.0,0,0,0,9583.389284320012,9583.389284320012,9573.389284320012,10170.0,10170.0,10160.0,-586.6107156799881,0.0
2022-12-28,363.38928432001194,0,1000,1000,0.0,0.0,0.0,0.0,0,0,0,9593.389284320012,9593.389284320012,9533.389284320012,10180.0,10180.0,10120.0,-586.6107156799881,0.0
2022-12-29,363.38928432001194,0,1000,1000,0.0,0.0,0.0,0.0,0,0,0,9543.389284320012,9543.389284320012,9433.389284320012,10130.0,10130.0,10020.0,-586.6107156799881,0.0
2022-12-30,363.38928432001194,0,1000,1000,0.0,0.0,0.0,0.0,0,0,0,9473.389284320012,9473.389284320012,9543.389284320012,10060.0,10060.0,10130.0,-586.6107156799881,0.0
2023-01-03,363.38928432001194,0,1000,1000,0.0,0.0,0.0,0.0,0,0,0,9503.389284320012,9503.389284320012,9673.389284320012,10090.0,10090.0,10260.0,-586.6107156799881,0.0
2023-01-04,363.38928432001194,0,1000,1000,0.0,0.0,0.0,0.0,0,0,0,9753.389284320012,9753.389284320012,9713.389284320012,10340.0,10340.0,10300.0,-586.6107156799881,0.0
2023-01-05,363.38928432001194,0,1000,1000,0.0,0.0,0.0,0.0,0,0,0,9813.389284320012,9813.389284320012,9853.389284320012,10400.0,10400.0,10440.0,-586.6107156799881,0.0
2023-01-06,363.38928432001194,0,1000,1000,0.0,0.0,0.0,0.0,0,0,0,9843.389284320012,9843.389284320012,9743.389284320012,10430.0,10430.0,10330.0,-586.6107156799881,0.0
2023-01-09,363.38928432001194,0,1000,1000,0.0,0.0,0.0,0.0,0,0,0,9843.389284320012,9843.389284320012,9873.389284320012,10430.0,10430.0,10460.0,-586.6107156799881,0.0
2023-01-10,363.38928432001194,0,1000,1000,0.0,0.0,0.0,0.0,0,0,0,9853.389284320012,9853.389284320012,9763.389284320012,10440.0,10440.0,10350.0,-586.6107156799881,0.0
2023-01-11,363.38928432001194,0,1000,1000,0.0,0.0,0.0,0.0,0,0,0,9813.389284320012,9813.389284320012,9723.389284320012,10400.0,10400.0,10310.0,-586.6107156799881,0.0
2023-01-12,363.38928432001194,0,1000,1000,0.0,0.0,0.0,0.0,0,0,0,9763.389284320012,9763.389284320012,9683.389284320012,10350.0,10350.0,10270.0,-586.6107156799881,0.0
2023-01-13,363.38928432001194,0,1000,1000,0.0,0.0,0.0,0.0,0,0,0,9713.389284320012,9713.389284320012,9793.389284320012,10300.0,10300.0,10380.0,-586.6107156799881,0.0
2023-01-16,363.38928432001194,0,1000,1000,0.0,0.0,0.0,0.0,0,0,0,9803.389284320012,9803.389284320012,9863.389284320012,10390.0,10390.0,10450.0,-586.6107156799881,0.0
2023-01-17,363.38928432001194,0,1000,1000,0.0,0.0,0.0,0.0,0,0,0,9883.389284320012,9883.389284320012,9883.389284320012,10470.0,10470.0,10470.0,-586.6107156799881,0.0
2023-01-18,363.38928432001194,0,1000,1000,0.0,0.0,0.0,0.0,0,0,0,9893.389284320012,9893.389284320012,9893.389284320012,10480.0,10480.0,10480.0,-586.6107156799881,0.0
2023-01-19,363.38928432001194,0,1000,1000,0.0,0.0,0.0,0.0,0,0,0,9853.389284320012,9853.389284320012,9893.389284320012,10440.0,10440.0,10480.0,-586.6107156799881,0.0
2023-01-20,363.38928432001194,0,1000,1000,0.0,0.0,0.0,0.0,0,0,0,9913.389284320012,9913.389284320012,9893.389284320012,10500.0,10500.0,10480.0,-586.6107156799881,0.0
2023-01-30,363.38928432001194,0,1000,1000,0.0,0.0,0.0,0.0,0,0,0,10033.389284320012,10033.389284320012,10003.389284320012,10620.0,10620.0,10590.0,-586.6107156799881,0.0
2023-01-31,363.38928432001194,0,1000,1000,0.0,0.0,0.0,0.0,0,0,0,10063.389284320012,10063.389284320012,9873.389284320012,10650.0,10650.0,10460.0,-586.6107156799881,0.0
2023-02-01,363.38928432001194,0,1000,1000,0.0,0.0,0.0,0.0,0,0,0,9903.389284320012,9903.389284320012,9943.389284320012,10490.0,10490.0,10530.0,-586.6107156799881,0.0
2023-02-02,363.38928432001194,0,1000,1000,0.0,0.0,0.0,0.0,0,0,0,9963.389284320012,9963.389284320012,9913.389284320012,10550.0,10550.0,10500.0,-586.6107156799881,0.0
2023-02-03,363.38928432001194,0,1000,1000,0.0,0.0,0.0,0.0,0,0,0,9863.389284320012,9863.389284320012,9723.389284320012,10450.0,10450.0,10310.0,-586.6107156799881,0.0
2023-02-06,363.38928432001194,0,1000,1000,0.0,0.0,0.0,0.0,0,0,0,9673.389284320012,9673.389284320012,9693.389284320012,10260.0,10260.0,10280.0,-586.6107156799881,0.0
2023-02-07,363.38928432001194,0,1000,1000,0.0,0.0,0.0,0.0,0,0,0,9743.389284320012,9743.389284320012,9633.389284320012,10330.0,10330.0,10220.0,-586.6107156799881,0.0
2023-02-08,363.38928432001194,0,1000,1000,0.0,0.0,0.0,0.0,0,0,0,9663.389284320012,9663.389284320012,9623.389284320012,10250.0,10250.0,10210.0,-586.6107156799881,0.0
2023-02-09,363.38928432001194,0,1000,1000,0.0,0.0,0.0,0.0,0,0,0,9603.389284320012,9603.389284320012,9813.389284320012,10190.0,10190.0,10400.0,-586.6107156799881,0.0
2023-02-10,10123.626423220012,0,0,0,0.0,14.872861100000001,0.0,0.0,0,1000,0,9783.389284320012,9783.389284320012,10123.626423220012,10370.0,10370.0,10730.0,-606.3735767799881,0.0
2023-02-13,393.669174620014,0,1000,1000,0.0,5.0972486,0.0,0.0,1000,0,0,10123.626423220012,10113.669174620014,10053.669174620014,10670.0,10670.0,10610.0,-556.330825379986,0.0
2023-02-14,393.669174620014,0,1000,1000,0.0,0.0,0.0,0.0,0,0,0,10033.669174620014,10033.669174620014,10093.669174620014,10590.0,10590.0,10650.0,-556.330825379986,0.0
2023-02-15,393.669174620014,0,1000,1000,0.0,0.0,0.0,0.0,0,0,0,10103.669174620014,10103.669174620014,10443.669174620014,10660.0,10660.0,11000.0,-556.330825379986,0.0
2023-02-16,393.669174620014,0,1000,1000,0.0,0.0,0.0,0.0,0,0,0,10473.669174620014,10473.669174620014,10283.669174620014,11030.0,11030.0,10840.0,-556.330825379986,0.0
2023-02-17,393.669174620014,0,1000,1000,0.0,0.0,0.0,0.0,0,0,0,10263.669174620014,10263.669174620014,10103.669174620014,10820.0,10820.0,10660.0,-556.330825379986,0.0
2023-02-20,393.669174620014,0,1000,1000,0.0,0.0,0.0,0.0,0,0,0,10103.669174620014,10103.669174620014,10303.669174620014,10660.0,10660.0,10860.0,-556.330825379986,0.0
2023-02-21,393.669174620014,0,1000,1000,0.0,0.0,0.0,0.0,0,0,0,10273.669174620014,10273.669174620014,10273.669174620014,10830.0,10830.0,10830.0,-556.330825379986,0.0
2023-02-22,393.669174620014,0,1000,1000,0.0,0.0,0.0,0.0,0,0,0,10203.669174620014,10203.669174620014,10143.669174620014,10760.0,10760.0,10700.0,-556.330825379986,0.0
2023-02-23,393.669174620014,0,1000,1000,0.0,0.0,0.0,0.0,0,0,0,10223.669174620014,10223.669174620014,10093.669174620014,10780.0,10780.0,10650.0,-556.330825379986,0.0
2023-02-24,393.669174620014,0,1000,1000,0.0,0.0,0.0,0.0,0,0,0,10053.669174620014,10053.669174620014,10013.669174620014,10610.0,10610.0,10570.0,-556.330825379986,0.0
2023-02-27,393.669174620014,0,1000,1000,0.0,0.0,0.0,0.0,0,0,0,9973.669174620014,9973.669174620014,9913.669174620014,10530.0,10530.0,10470.0,-556.330825379986,0.0
2023-02-28,393.669174620014,0,1000,1000,0.0,0.0,0.0,0.0,0,0,0,10003.669174620014,10003.669174620014,9993.669174620014,10560.0,10560.0,10550.0,-556.330825379986,0.0
2023-03-01,393.669174620014,0,1000,1000,0.0,0.0,0.0,0.0,0,0,0,10003.669174620014,10003.669174620014,10353.669174620014,10560.0,10560.0,10910.0,-556.330825379986,0.0
2023-03-02,10713.060996320013,0,0,0,0.0,15.4381783,0.0,0.0,0,1000,0,10363.669174620014,10363.669174620014,10713.060996320013,10920.0,10920.0,11290.0,-576.9390036799869,0.0
2023-03-03,422.81814492001286,0,1000,1000,0.0,5.1028514,0.0,0.0,1000,0,0,10713.060996320013,10702.818144920013,11792.818144920013,11230.0,11230.0,12320.0,-527.1818550799871,0.0
2023-03-06,11461.123130220014,0,0,0,0.0,16.1650147,0.0,0.0,0,1000,0,11922.818144920013,11922.818144920013,11461.123130220014,12450.0,12450.0,12010.0,-548.876869779986,0.0
2023-03-07,390.4824749200143,0,1000,1000,0.0,5.1106553,0.0,0.0,1000,0,0,11461.123130220014,11450.482474920014,10900.482474920014,12010.0,12010.0,11460.0,-559.5175250799857,0.0
2023-03-08,390.4824749200143,0,1000,1000,0.0,0.0,0.0,0.0,0,0,0,10820.482474920014,10820.482474920014,10960.482474920014,11380.0,11380.0,11520.0,-559.5175250799857,0.0
2023-03-09,390.4824749200143,0,1000,1000,0.0,0.0,0.0,0.0,0,0,0,11090.482474920014,11090.482474920014,11540.482474920014,11650.0,11650.0,12100.0,-559.5175250799857,0.0
2023-03-10,390.4824749200143,0,1000,1000,0.0,0.0,0.0,0.0,0,0,0,11390.482474920014,11390.482474920014,11240.482474920014,11950.0,11950.0,11800.0,-559.5175250799857,0.0
2023-03-13,11977.957237970017,0,0,0,0.0,16.72023695,0.0,0.0,0,1000,0,11270.482474920014,11270.482474920014,11977.957237970017,11830.0,11830.0,12560.0,-582.0427620299834,0.0
2023-03-14,367.04117997001777,0,1000,1000,0.0,5.116058,0.0,0.0,1000,0,0,11977.957237970017,11967.041179970018,12127.041179970018,12550.0,12550.0,12710.0,-582.9588200299822,0.0
2023-03-15,12413.821575320018,0,0,0,0.0,17.18460465,0.0,0.0,0,1000,0,12327.041179970018,12327.041179970018,12413.821575320018,12910.0,12910.0,13020.0,-606.1784246799816,0.0
2023-03-16,402.7015153200191,0,1000,1000,0.0,5.12006,0.0,0.0,1000,0,0,12413.821575320018,12402.70151532002,12752.70151532002,12950.0,12950.0,13300.0,-547.2984846799809,0.0
2023-03-17,13967.18747827002,0,0,0,0.0,18.71903705,0.0,0.0,0,1000,0,12952.70151532002,12952.70151532002,13967.18747827002,13500.0,13500.0,14540.0,-572.8125217299803,0.0
2023-03-20,1004.5824035150217,0,900,900,0.0,5.129574755,0.0,0.0,900,0,100,13967.18747827002,13955.582403515022,14396.582403515022,15340.0,15340.0,15830.0,-1433.4175964849783,489.17648392497813
2023-03-21,1004.5824035150217,0,900,900,0.0,0.0,0.0,0.0,0,0,100,14405.582403515022,14405.582403515022,14144.582403515022,15840.0,15840.0,15550.0,-1405.4175964849783,461.1622037849784
2023-03-22,1004.5824035150217,0,900,900,0.0,0.0,0.0,0.0,0,0,100,14504.582403515022,14504.582403515022,15458.58240351502,15950.0,15950.0,17010.0,-1551.41759648498,607.236664514978
2023-03-23,1004.5824035150217,0,900,900,0.0,0.0,0.0,0.0,0,0,100,16025.582403515024,16025.582403515024,16295.58240351502,17640.0,17640.0,17940.0,-1644.41759648498,700.2840949799779
2023-03-24,1004.5824035150217,0,900,900,0.0,0.0,0.0,0.0,0,0,100,16169.582403515024,16169.582403515024,16898.58240351502,17800.0,17800.0,18610.0,-1711.4175964849783,767.3182653149781
2023-03-27,1004.5824035150217,0,900,900,0.0,0.0,0.0,0.0,0,0,100,16376.58240351502,16376.58240351502,16871.58240351502,18030.0,18030.0,18580.0,-1708.4175964849783,764.3167352999783
2023-03-28,1004.5824035150217,0,900,900,0.0,0.0,0.0,0.0,0,0,100,16376.58240351502,16376.58240351502,15809.582403515022,18030.0,18030.0,17400.0,-1590.4175964849783,646.2565547099782
2023-03-29,1004.5824035150217,0,900,900,0.0,0.0,0.0,0.0,0,0,100,16034.582403515022,16034.582403515022,15548.582403515022,17650.0,17650.0,17110.0,-1561.4175964849783,617.2417645649782
2023-03-30,1004.5824035150217,0,900,900,0.0,0.0,0.0,0.0,0,0,100,15593.582403515022,15593.582403515022,16196.582403515022,17160.0,17160.0,17830.0,-1633.4175964849783,689.2784849249781
2023-03-31,1004.5824035150217,0,900,900,0.0,0.0,0.0,0.0,0,0,100,16034.582403515022,16034.582403515022,16502.58240351502,17650.0,17650.0,18170.0,-1667.4175964849783,723.2958250949782
2023-04-03,1004.5824035150217,0,900,900,0.0,0.0,0.0,0.0,0,0,100,16385.58240351502,16385.58240351502,16988.58240351502,18040.0,18040.0,18710.0,-1721.4175964849783,777.3233653649784
2023-04-04,1004.5824035150217,0,900,900,0.0,0.0,0.0,0.0,0,0,100,16520.58240351502,16520.58240351502,16673.58240351502,18190.0,18190.0,18360.0,-1686.4175964849783,742.3055151899782
2023-04-06,1004.5824035150217,0,900,900,0.0,0.0,0.0,0.0,0,0,100,17204.58240351502,17204.58240351502,18104.58240351502,18950.0,18950.0,19950.0,-1845.4175964849783,901.3866059849781
2023-04-07,1004.5824035150217,0,900,900,0.0,0.0,0.0,0.0,0,0,100,17906.58240351502,17906.58240351502,17537.58240351502,19730.0,19730.0,19320.0,-1782.4175964849783,838.3544756699782
2023-04-10,1004.5824035150217,0,900,900,0.0,0.0,0.0,0.0,0,0,100,17258.58240351502,17258.58240351502,16727.58240351502,19010.0,19010.0,18420.0,-1692.4175964849783,748.3085752199781
2023-04-11,1004.5824035150217,0,900,900,0.0,0.0,0.0,0.0,0,0,100,16880.58240351502,16880.58240351502,16619.58240351502,18590.0,18590.0,18300.0,-1680.4175964849783,736.3024551599783
2023-04-12,1004.5824035150217,0,900,900,0.0,0.0,0.0,0.0,0,0,100,16772.58240351502,16772.58240351502,17582.58240351502,18470.0,18470.0,19370.0,-1787.4175964849783,843.3570256949783
2023-04-13,1004.5824035150217,0,900,900,0.0,0.0,0.0,0.0,0,0,100,17429.58240351502,17429.58240351502,16898.58240351502,19200.0,19200.0,18610.0,-1711.4175964849783,767.3182653149781
2023-04-14,1004.5824035150217,0,900,900,0.0,0.0,0.0,0.0,0,0,100,16826.58240351502,16826.58240351502,17267.58240351502,18530.0,18530.0,19020.0,-1752.4175964849783,808.3391755199782
2023-04-17,1004.5824035150217,0,900,900,0.0,0.0,0.0,0.0,0,0,100,17195.58240351502,17195.58240351502,17141.58240351502,18940.0,18940.0,18880.0,-1738.4175964849783,794.3320354499781
2023-04-18,1004.5824035150217,0,900,900,0.0,0.0,0.0,0.0,0,0,100,17096.58240351502,17096.58240351502,18275.58240351502,18830.0,18830.0,20140.0,-1864.4175964849783,920.3962960799784
2023-04-19,1004.5824035150217,0,900,900,0.0,0.0,0.0,0.0,0,0,100,18176.58240351502,18176.58240351502,16547.58240351502,20030.0,20030.0,18220.0,-1672.4175964849783,728.2983751199781
2023-04-20,1004.5824035150217,0,900,900,0.0,0.0,0.0,0.0,0,0,100,16547.58240351502,16547.58240351502,18104.58240351502,18220.0,18220.0,19950.0,-1845.4175964849783,901.3866059849781
2023-04-21,1004.5824035150217,0,900,900,0.0,0.0,0.0,0.0,0,0,100,18554.58240351502,18554.58240351502,17915.58240351502,20450.0,20450.0,19740.0,-1824.4175964849783,880.3758958799783
2023-04-24,1004.5824035150217,0,900,900,0.0,0.0,0.0,0.0,0,0,100,17960.58240351502,17960.58240351502,17501.58240351502,19790.0,19790.0,19280.0,-1778.4175964849783,834.3524356499779
2023-04-25,1004.5824035150217,0,900,900,0.0,0.0,0.0,0.0,0,0,100,17258.58240351502,17258.58240351502,17654.58240351502,19010.0,19010.0,19450.0,-1795.4175964849783,851.3611057349783
2023-04-26,1004.5824035150217,0,900,900,0.0,0.0,0.0,0.0,0,0,100,17906.58240351502,17906.58240351502,15989.58240351502,19730.0,19730.0,17600.0,-1610.41759648498,666.266754809978
2023-04-27,1004.5824035150217,0,900,900,0.0,0.0,0.0,0.0,0,0,100,15314.582403515022,15314.582403515022,15494.582403515024,16850.0,16850.0,17050.0,-1555.4175964849765,611.2387045349783
2023-04-28,1004.5824035150217,0,900,900,0.0,0.0,0.0,0.0,0,0,100,15521.582403515022,15521.582403515022,15512.582403515022,17080.0,17080.0,17070.0,-1557.4175964849783,613.2397245449781
2023-05-04,1004.5824035150217,0,900,900,0.0,0.0,0.0,0.0,0,0,100,15386.582403515022,15386.582403515022,14846.582403515022,16930.0,16930.0,16330.0,-1483.4175964849783,539.2019841749782
2023-05-05,1004.5824035150217,0,900,900,0.0,0.0,0.0,0.0,0,0,100,14801.582403515022,14801.582403515022,14297.582403515022,16280.0,16280.0,15720.0,-1422.4175964849783,478.1708738699781
2023-05-08,1004.5824035150217,0,900,900,0.0,0.0,0.0,0.0,0,0,100,14261.582403515022,14261.582403515022,14216.582403515022,15680.0,15680.0,15630.0,-1413.4175964849783,469.1662838249781
2023-05-09,1004.5824035150217,0,900,900,0.0,0.0,0.0,0.0,0,0,100,14216.582403515022,14216.582403515022,14234.582403515022,15630.0,15630.0,15650.0,-1415.4175964849783,471.16730383497816
2023-05-10,1004.5824035150217,0,900,900,0.0,0.0,0.0,0.0,0,0,100,14234.582403515022,14234.582403515022,14144.582403515022,15650.0,15650.0,15550.0,-1405.4175964849783,461.1622037849784
2023-05-11,1004.5824035150217,0,900,900,0.0,0.0,0.0,0.0,0,0,100,14063.582403515022,14063.582403515022,14018.582403515022,15460.0,15460.0,15410.0,-1391.4175964849783,447.15506371497827
2023-05-12,1004.5824035150217,0,900,900,0.0,0.0,0.0,0.0,0,0,100,13910.582403515022,13910.582403515022,13928.582403515022,15290.0,15290.0,15310.0,-1381.4175964849783,437.14996366497803
2023-05-15,1004.5824035150217,0,900,900,0.0,0.0,0.0,0.0,0,0,100,14162.582403515022,14162.582403515022,14612.582403515022,15570.0,15570.0,16070.0,-1457.4175964849783,513.1887240449782
2023-05-16,1004.5824035150217,0,900,900,0.0,0.0,0.0,0.0,0,0,100,14585.582403515022,14585.582403515022,14306.582403515022,16040.0,16040.0,15730.0,-1423.4175964849783,479.1713838749781
2023-05-17,1004.5824035150217,0,900,900,0.0,0.0,0.0,0.0,0,0,100,14369.582403515022,14369.582403515022,14999.582403515022,15800.0,15800.0,16500.0,-1500.4175964849783,556.2106542599781
2023-05-18,1004.5824035150217,0,900,900,0.0,0.0,0.0,0.0,0,0,100,15323.582403515022,15323.582403515022,15719.582403515024,16860.0,16860.0,17300.0,-1580.4175964849765,636.2514546599784
2023-05-19,1004.5824035150217,0,900,900,0.0,0.0,0.0,0.0,0,0,100,15854.582403515022,15854.582403515022,15548.582403515022,17450.0,17450.0,17110.0,-1561.4175964849783,617.2417645649782
2023-05-22,1004.5824035150217,0,900,900,0.0,0.0,0.0,0.0,0,0,100,15413.582403515024,15413.582403515024,14873.582403515022,16960.0,16960.0,16360.0,-1486.4175964849783,542.203514189978
2023-05-23,1004.5824035150217,0,900,900,0.0,0.0,0.0,0.0,0,0,100,14846.582403515022,14846.582403515022,14711.582403515022,16330.0,16330.0,16180.0,-1468.4175964849783,524.194334099978
2023-05-24,1004.5824035150217,0,900,900,0.0,0.0,0.0,0.0,0,0,100,14630.582403515022,14630.582403515022,14342.582403515022,16090.0,16090.0,15770.0,-1427.4175964849783,483.1734238949782
2023-05-25,1004.5824035150217,0,900,900,0.0,0.0,0.0,0.0,0,0,100,15404.582403515022,15404.582403515022,15674.582403515022,16950.0,16950.0,17250.0,-1575.4175964849783,631.2489046349781
2023-05-26,1004.5824035150217,0,900,900,0.0,0.0,0.0,0.0,0,0,100,15701.58240351502,15701.58240351502,16115.582403515022,17280.0,17280.0,17740.0,-1624.4175964849783,680.2738948799781
2023-05-29,1004.5824035150217,0,900,900,0.0,0.0,0.0,0.0,0,0,100,16565.58240351502,16565.58240351502,17114.58240351502,18240.0,18240.0,18850.0,-1735.4175964849783,791.330505434978
2023-05-30,1004.5824035150217,0,900,900,0.0,0.0,0.0,0.0,0,0,100,16682.58240351502,16682.58240351502,17231.58240351502,18370.0,18370.0,18980.0,-1748.4175964849783,804.3371354999783
2023-05-31,1004.5824035150217,0,900,900,0.0,0.0,0.0,0.0,0,0,100,17303.58240351502,17303.58240351502,17249.58240351502,19060.0,19060.0,19000.0,-1750.4175964849783,806.3381555099782
2023-06-01,1004.5824035150217,0,900,900,0.0,0.0,0.0,0.0,0,0,100,16844.58240351502,16844.58240351502,17132.58240351502,18550.0,18550.0,18870.0,-1737.4175964849783,793.3315254449785
2023-06-02,1004.5824035150217,0,900,900,0.0,0.0,0.0,0.0,0,0,100,17384.58240351502,17384.58240351502,17051.58240351502,19150.0,19150.0,18780.0,-1728.4175964849783,784.3269353999781
2023-06-05,1004.5824035150217,0,900,900,0.0,0.0,0.0,0.0,0,0,100,17258.58240351502,17258.58240351502,18041.58240351502,19010.0,19010.0,19880.0,-1838.4175964849783,894.383035949978
2023-06-06,1004.5824035150217,0,900,900,0.0,0.0,0.0,0.0,0,0,100,17744.58240351502,17744.58240351502,17402.58240351502,19550.0,19550.0,19170.0,-1767.4175964849783,823.3468255949781
2023-06-07,1004.5824035150217,0,900,900,0.0,0.0,0.0,0.0,0,0,100,17384.58240351502,17384.58240351502,17231.58240351502,19150.0,19150.0,18980.0,-1748.4175964849783,804.3371354999783
2023-06-08,1004.5824035150217,0,900,900,0.0,0.0,0.0,0.0,0,0,100,17114.58240351502,17114.58240351502,17069.58240351502,18850.0,18850.0,18800.0,-1730.4175964849783,786.3279554099784
2023-06-09,1004.5824035150217,0,900,900,0.0,0.0,0.0,0.0,0,0,100,17069.58240351502,17069.58240351502,18680.58240351502,18800.0,18800.0,20590.0,-1909.4175964849783,965.4192463049783
2023-06-12,1004.5824035150217,0,900,900,0.0,0.0,0.0,0.0,0,0,100,19283.58240351502,19283.58240351502,20219.58240351502,21260.0,21260.0,22300.0,-2080.4175964849783,1136.5064571599783
2023-06-13,1004.5824035150217,0,900,900,0.0,0.0,0.0,0.0,0,0,100,20084.58240351502,20084.58240351502,20822.58240351502,22150.0,22150.0,22970.0,-2147.4175964849783,1203.5406274949778
2023-06-14,1004.5824035150217,0,900,900,0.0,0.0,0.0,0.0,0,0,100,20579.58240351502,20579.58240351502,21515.58240351502,22700.0,22700.0,23740.0,-2224.4175964849783,1280.579897879978
2023-06-15,1004.5824035150217,0,900,900,0.0,0.0,0.0,0.0,0,0,100,21344.58240351502,21344.58240351502,21380.58240351502,23550.0,23550.0,23590.0,-2209.4175964849783,1265.5722478049784
2023-06-16,1004.5824035150217,0,900,900,0.0,0.0,0.0,0.0,0,0,100,21380.58240351502,21380.58240351502,22658.58240351502,23590.0,23590.0,25010.0,-2351.4175964849783,1407.644668514978
2023-06-19,1004.5824035150217,0,900,900,0.0,0.0,0.0,0.0,0,0,100,23054.58240351502,23054.58240351502,24818.58240351502,25450.0,25450.0,27410.0,-2591.4175964849783,1647.7670697149783
2023-06-20,1004.5824035150217,0,900,900,0.0,0.0,0.0,0.0,0,0,100,24287.58240351502,24287.58240351502,24431.58240351502,26820.0,26820.0,26980.0,-2548.4175964849783,1604.7451394999784
2023-06-21,1004.5824035150217,0,900,900,0.0,0.0,0.0,0.0,0,0,100,23954.58240351502,23954.58240351502,23054.58240351502,26450.0,26450.0,25450.0,-2395.4175964849783,1451.6671087349782
2023-06-26,1004.5824035150217,0,900,900,0.0,0.0,0.0,0.0,0,0,100,22514.58240351502,22514.58240351502,21785.58240351502,24850.0,24850.0,24040.0,-2254.4175964849783,1310.5951980299783
2023-06-27,1004.5824035150217,0,900,900,0.0,0.0,0.0,0.0,0,0,100,22073.58240351502,22073.58240351502,21713.58240351502,24360.0,24360.0,23960.0,-2246.4175964849783,1302.591117989978
2023-06-28,1004.5824035150217,0,900,900,0.0,0.0,0.0,0.0,0,0,100,20795.58240351502,20795.58240351502,21686.58240351502,22940.0,22940.0,23930.0,-2243.4175964849783,1299.5895879749783
2023-06-29,1004.5824035150217,0,900,900,0.0,0.0,0.0,0.0,0,0,100,21713.58240351502,21713.58240351502,22424.58240351502,23960.0,23960.0,24750.0,-2325.4175964849783,1381.6314083849784
2023-06-30,1004.5824035150217,0,900,900,0.0,0.0,0.0,0.0,0,0,100,22199.58240351502,22199.58240351502,23684.58240351502,24500.0,24500.0,26150.0,-2465.4175964849783,1521.702809084978
2023-07-03,1004.5824035150217,0,900,900,0.0,0.0,0.0,0.0,0,0,100,23864.58240351502,23864.58240351502,22937.58240351502,26350.0,26350.0,25320.0,-2382.4175964849783,1438.6604786699781
2023-07-04,1004.5824035150217,0,900,900,0.0,0.0,0.0,0.0,0,0,100,22604.58240351502,22604.58240351502,23126.58240351502,24950.0,24950.0,25530.0,-2403.4175964849783,1459.671188774978
2023-07-05,1004.5824035150217,0,900,900,0.0,0.0,0.0,0.0,0,0,100,22874.58240351502,22874.58240351502,22478.58240351502,25250.0,25250.0,24810.0,-2331.4175964849783,1387.634468414978
2023-07-06,1004.5824035150217,0,900,900,0.0,0.0,0.0,0.0,0,0,100,22244.58240351502,22244.58240351502,22496.58240351502,24550.0,24550.0,24830.0,-2333.4175964849783,1389.6354884249781
2023-07-07,1004.5824035150217,0,900,900,0.0,0.0,0.0,0.0,0,0,100,22424.58240351502,22424.58240351502,22298.58240351502,24750.0,24750.0,24610.0,-2311.4175964849783,1367.624268314978
2023-07-10,1004.5824035150217,0,900,900,0.0,0.0,0.0,0.0,0,0,100,22604.58240351502,22604.58240351502,22424.58240351502,24950.0,24950.0,24750.0,-2325.4175964849783,1381.6314083849784
2023-07-11,1004.5824035150217,0,900,900,0.0,0.0,0.0,0.0,0,0,100,22604.58240351502,22604.58240351502,22820.58240351502,24950.0,24950.0,25190.0,-2369.4175964849783,1425.653848604978
2023-07-12,1004.5824035150217,0,900,900,0.0,0.0,0.0,0.0,0,0,100,22604.58240351502,22604.58240351502,21281.58240351502,24950.0,24950.0,23480.0,-2198.4175964849783,1254.5666377499783
2023-07-13,1004.5824035150217,0,900,900,0.0,0.0,0.0,0.0,0,0,100,21686.58240351502,21686.58240351502,23306.58240351502,23930.0,23930.0,25730.0,-2423.4175964849783,1479.6813888749784
2023-07-14,1004.5824035150217,0,900,900,0.0,0.0,0.0,0.0,0,0,100,24143.58240351502,24143.58240351502,25538.58240351502,26660.0,26660.0,28210.0,-2671.4175964849783,1727.807870114978
2023-07-17,1004.5824035150217,0,900,900,0.0,0.0,0.0,0.0,0,0,100,25205.58240351502,25205.58240351502,24503.58240351502,27840.0,27840.0,27060.0,-2556.4175964849783,1612.7492195399782
2023-07-18,1004.5824035150217,0,900,900,0.0,0.0,0.0,0.0,0,0,100,24476.58240351502,24476.58240351502,23981.58240351502,27030.0,27030.0,26480.0,-2498.4175964849783,1554.7196392499782
2023-07-19,1004.5824035150217,0,900,900,0.0,0.0,0.0,0.0,0,0,100,24332.58240351502,24332.58240351502,23585.58240351502,26870.0,26870.0,26040.0,-2454.4175964849783,1510.6971990299785
2023-07-20,1004.5824035150217,0,900,900,0.0,0.0,0.0,0.0,0,0,100,23414.58240351502,23414.58240351502,21929.58240351502,25850.0,25850.0,24200.0,-2270.4175964849783,1326.6033581099782
2023-07-21,1004.5824035150217,0,900,900,0.0,0.0,0.0,0.0,0,0,100,21740.58240351502,21740.58240351502,21740.58240351502,23990.0,23990.0,23990.0,-2249.4175964849783,1305.5926480049784
2023-07-24,1004.5824035150217,0,900,900,0.0,0.0,0.0,0.0,0,0,100,21515.58240351502,21515.58240351502,22298.58240351502,23740.0,23740.0,24610.0,-2311.4175964849783,1367.624268314978
2023-07-25,1004.5824035150217,0,900,900,0.0,0.0,0.0,0.0,0,0,100,22649.58240351502,22649.58240351502,22604.58240351502,25000.0,25000.0,24950.0,-2345.4175964849783,1401.641608484978
2023-07-26,1004.5824035150217,0,900,900,0.0,0.0,0.0,0.0,0,0,100,22154.58240351502,22154.58240351502,21929.58240351502,24450.0,24450.0,24200.0,-2270.4175964849783,1326.6033581099782
2023-07-27,1004.5824035150217,0,900,900,0.0,0.0,0.0,0.0,0,0,100,21821.58240351502,21821.58240351502,21416.58240351502,24080.0,24080.0,23630.0,-2213.4175964849783,1269.5742878249785
2023-07-28,1499.5824035150217,0,900,900,49.50000000000001,0.0,0.0,495.00000000000006,0,0,100,21520.08240351502,21520.08240351502,21484.08240351502,23800.0,23800.0,23760.0,-2275.9175964849783,782.0528676149779
2023-07-31,1499.5824035150217,0,900,900,49.50000000000001,0.0,0.0,0.0,0,0,100,21475.08240351502,21475.08240351502,21547.08240351502,23750.0,23750.0,23830.0,-2282.9175964849783,789.0564376499783
2023-08-01,1499.5824035150217,0,900,900,49.50000000000001,0.0,0.0,0.0,0,0,100,21430.08240351502,21430.08240351502,21853.08240351502,23700.0,23700.0,24170.0,-2316.9175964849783,823.0737778199782
2023-08-02,1499.5824035150217,0,900,900,49.50000000000001,0.0,0.0,0.0,0,0,100,21475.08240351502,21475.08240351502,21538.08240351502,23750.0,23750.0,23820.0,-2281.9175964849783,788.055927644978
2023-08-03,1499.5824035150217,0,900,900,49.50000000000001,0.0,0.0,0.0,0,0,100,21124.08240351502,21124.08240351502,21700.08240351502,23360.0,23360.0,24000.0,-2299.9175964849783,806.0651077349785
2023-08-04,1499.5824035150217,0,900,900,49.50000000000001,0.0,0.0,0.0,0,0,100,21340.08240351502,21340.08240351502,22843.08240351502,23600.0,23600.0,25270.0,-2426.9175964849783,933.1298783699781
2023-08-07,1499.5824035150217,0,900,900,49.50000000000001,0.0,0.0,0.0,0,0,100,22780.08240351502,22780.08240351502,23932.08240351502,25200.0,25200.0,26480.0,-2547.9175964849783,1054.191588974978
2023-08-08,1499.5824035150217,0,900,900,49.50000000000001,0.0,0.0,0.0,0,0,100,23590.08240351502,23590.08240351502,23212.08240351502,26100.0,26100.0,25680.0,-2467.9175964849783,974.1507885749779
2023-08-09,1499.5824035150217,0,900,900,49.50000000000001,0.0,0.0,0.0,0,0,100,22420.08240351502,22420.08240351502,21475.08240351502,24800.0,24800.0,23750.0,-2274.9175964849783,781.0523576099781
2023-08-10,1499.5824035150217,0,900,900,49.50000000000001,0.0,0.0,0.0,0,0,100,21241.08240351502,21241.08240351502,20800.08240351502,23490.0,23490.0,23000.0,-2199.9175964849783,706.0141072349779
2023-08-11,1499.5824035150217,0,900,900,49.50000000000001,0.0,0.0,0.0,0,0,100,20998.08240351502,20998.08240351502,20800.08240351502,23220.0,23220.0,23000.0,-2199.9175964849783,706.0141072349779
2023-08-14,1499.5824035150217,0,900,900,49.50000000000001,0.0,0.0,0.0,0,0,100,20431.08240351502,20431.08240351502,20710.08240351502,22590.0,22590.0,22900.0,-2189.9175964849783,696.0090071849781
2023-08-15,1499.5824035150217,0,900,900,49.50000000000001,0.0,0.0,0.0,0,0,100,21286.08240351502,21286.08240351502,20701.08240351502,23540.0,23540.0,22890.0,-2188.9175964849783,695.0084971799783
2023-08-16,1499.5824035150217,0,900,900,49.50000000000001,0.0,0.0,0.0,0,0,100,20350.08240351502,20350.08240351502,20251.08240351502,22500.0,22500.0,22390.0,-2138.9175964849783,644.9829969299781
2023-08-17,1499.5824035150217,0,900,900,49.50000000000001,0.0,0.0,0.0,0,0,100,19747.08240351502,19747.08240351502,20269.08240351502,21830.0,21830.0,22410.0,-2140.9175964849783,646.9840169399781
2023-08-18,1499.5824035150217,0,900,900,49.50000000000001,0.0,0.0,0.0,0,0,100,20251.08240351502,20251.08240351502,19540.08240351502,22390.0,22390.0,21600.0,-2059.9175964849783,565.9427065349785
2023-08-21,1499.5824035150217,0,900,900,49.50000000000001,0.0,0.0,0.0,0,0,100,19585.08240351502,19585.08240351502,19819.08240351502,21650.0,21650.0,21910.0,-2090.9175964849783,596.9585166899781
2023-08-22,1499.5824035150217,0,900,900,49.50000000000001,0.0,0.0,0.0,0,0,100,20530.08240351502,20530.08240351502,21655.08240351502,22700.0,22700.0,23950.0,-2294.9175964849783,801.0625577099781
2023-08-23,1499.5824035150217,0,900,900,49.50000000000001,0.0,0.0,0.0,0,0,100,21403.08240351502,21403.08240351502,20656.08240351502,23670.0,23670.0,22840.0,-2183.9175964849783,690.0059471549785
2023-08-24,1499.5824035150217,0,900,900,49.50000000000001,0.0,0.0,0.0,0,0,100,21700.08240351502,21700.08240351502,21637.08240351502,24000.0,24000.0,23930.0,-2292.9175964849783,799.0615376999781
2023-08-25,1499.5824035150217,0,900,900,49.50000000000001,0.0,0.0,0.0,0,0,100,20530.08240351502,20530.08240351502,19738.08240351502,22700.0,22700.0,21820.0,-2081.9175964849783,587.9539266449781
2023-08-28,1499.5824035150217,0,900,900,49.50000000000001,0.0,0.0,0.0,0,0,100,20737.08240351502,20737.08240351502,20062.08240351502,22930.0,22930.0,22180.0,-2117.9175964849783,623.9722868249783
2023-08-29,1499.5824035150217,0,900,900,49.50000000000001,0.0,0.0,0.0,0,0,100,19945.08240351502,19945.08240351502,20881.08240351502,22050.0,22050.0,23090.0,-2208.9175964849783,715.0186972799779
2023-08-30,1499.5824035150217,0,900,900,49.50000000000001,0.0,0.0,0.0,0,0,100,21151.08240351502,21151.08240351502,21070.08240351502,23390.0,23390.0,23300.0,-2229.9175964849783,736.0294073849782
2023-08-31,1499.5824035150217,0,900,900,49.50000000000001,0.0,0.0,0.0,0,0,100,20854.08240351502,20854.08240351502,21169.08240351502,23060.0,23060.0,23410.0,-2240.9175964849783,747.0350174399782
2023-09-01,1499.5824035150217,0,900,900,49.50000000000001,0.0,0.0,0.0,0,0,100,21061.08240351502,21061.08240351502,20575.08240351502,23290.0,23290.0,22750.0,-2174.9175964849783,681.0013571099785
2023-09-04,1499.5824035150217,0,900,900,49.50000000000001,0.0,0.0,0.0,0,0,100,20710.08240351502,20710.08240351502,20341.08240351502,22900.0,22900.0,22490.0,-2148.9175964849783,654.9880969799783
2023-09-05,1499.5824035150217,0,900,900,49.50000000000001,0.0,0.0,0.0,0,0,100,20143.08240351502,20143.08240351502,19729.08240351502,22270.0,22270.0,21810.0,-2080.9175964849783,586.9534166399781
2023-09-06,1499.5824035150217,0,900,900,49.50000000000001,0.0,0.0,0.0,0,0,100,19522.08240351502,19522.08240351502,19648.08240351502,21580.0,21580.0,21720.0,-2071.9175964849783,577.9488265949783
2023-09-07,1499.5824035150217,0,900,900,49.50000000000001,0.0,0.0,0.0,0,0,100,19432.08240351502,19432.08240351502,18730.08240351502,21480.0,21480.0,20700.0,-1969.9175964849783,475.89680608497815
2023-09-08,1499.5824035150217,0,900,900,49.50000000000001,0.0,0.0,0.0,0,0,100,18559.08240351502,18559.08240351502,18622.08240351502,20510.0,20510.0,20580.0,-1957.9175964849783,463.8906860249781
2023-09-11,1499.5824035150217,0,900,900,49.50000000000001,0.0,0.0,0.0,0,0,100,18550.08240351502,18550.08240351502,18964.08240351502,20500.0,20500.0,20960.0,-1995.9175964849783,501.9100662149783
2023-09-12,1499.5824035150217,0,900,900,49.50000000000001,0.0,0.0,0.0,0,0,100,18721.08240351502,18721.08240351502,18802.08240351502,20690.0,20690.0,20780.0,-1977.9175964849783,483.9008861249781
2023-09-13,1499.5824035150217,0,900,900,49.50000000000001,0.0,0.0,0.0,0,0,100,18694.08240351502,18694.08240351502,18424.08240351502,20660.0,20660.0,20360.0,-1935.9175964849783,441.87946591497825
2023-09-14,1499.5824035150217,0,900,900,49.50000000000001,0.0,0.0,0.0,0,0,100,18532.08240351502,18532.08240351502,18181.08240351502,20480.0,20480.0,20090.0,-1908.9175964849783,414.8656957799783
2023-09-15,1499.5824035150217,0,900,900,49.50000000000001,0.0,0.0,0.0,0,0,100,18217.08240351502,18217.08240351502,17767.08240351502,20130.0,20130.0,19630.0,-1862.9175964849783,368.8422355499781
2023-09-18,1499.5824035150217,0,900,900,49.50000000000001,0.0,0.0,0.0,0,0,100,17722.08240351502,17722.08240351502,17920.08240351502,19580.0,19580.0,19800.0,-1879.9175964849783,385.8509056349783
2023-09-19,1499.5824035150217,0,900,900,49.50000000000001,0.0,0.0,0.0,0,0,100,17938.08240351502,17938.08240351502,18082.08240351502,19820.0,19820.0,19980.0,-1897.9175964849783,403.86008572497826
2023-09-20,1499.5824035150217,0,900,900,49.50000000000001,0.0,0.0,0.0,0,0,100,18091.08240351502,18091.08240351502,18010.08240351502,19990.0,19990.0,19900.0,-1889.9175964849783,395.85600568497784
2023-09-21,1499.5824035150217,0,900,900,49.50000000000001,0.0,0.0,0.0,0,0,100,17884.08240351502,17884.08240351502,17929.08240351502,19760.0,19760.0,19810.0,-1880.9175964849783,386.85141563997786
2023-09-22,1499.5824035150217,0,900,900,49.50000000000001,0.0,0.0,0.0,0,0,100,17920.08240351502,17920.08240351502,19396.08240351502,19800.0,19800.0,21440.0,-2043.9175964849783,549.9345464549783
2023-09-25,1499.5824035150217,0,900,900,49.50000000000001,0.0,0.0,0.0,0,0,100,19234.08240351502,19234.08240351502,18811.08240351502,21260.0,21260.0,20790.0,-1978.9175964849783,484.90139612997814
2023-09-26,1499.5824035150217,0,900,900,49.50000000000001,0.0,0.0,0.0,0,0,100,18991.08240351502,18991.08240351502,19207.08240351502,20990.0,20990.0,21230.0,-2022.9175964849783,528.9238363499783
2023-09-27,1499.5824035150217,0,900,900,49.50000000000001,0.0,0.0,0.0,0,0,100,19090.08240351502,19090.08240351502,19270.08240351502,21100.0,21100.0,21300.0,-2029.9175964849783,535.927406384978
2023-09-28,1499.5824035150217,0,900,900,49.50000000000001,0.0,0.0,0.0,0,0,100,19477.08240351502,19477.08240351502,19180.08240351502,21530.0,21530.0,21200.0,-2019.9175964849783,525.9223063349782
2023-10-09,1499.5824035150217,0,900,900,49.50000000000001,0.0,0.0,0.0,0,0,100,18973.08240351502,18973.08240351502,18784.08240351502,20970.0,20970.0,20760.0,-1975.9175964849783,481.8998661149785
2023-10-10,1499.5824035150217,0,900,900,49.50000000000001,0.0,0.0,0.0,0,0,100,18757.08240351502,18757.08240351502,18424.08240351502,20730.0,20730.0,20360.0,-1935.9175964849783,441.87946591497825
2023-10-11,1499.5824035150217,0,900,900,49.50000000000001,0.0,0.0,0.0,0,0,100,18694.08240351502,18694.08240351502,18703.08240351502,20660.0,20660.0,20670.0,-1966.9175964849783,472.89527606997854
2023-10-12,1499.5824035150217,0,900,900,49.50000000000001,0.0,0.0,0.0,0,0,100,18910.08240351502,18910.08240351502,18325.08240351502,20900.0,20900.0,20250.0,-1924.9175964849783,430.8738558599782
2023-10-13,1499.5824035150217,0,900,900,49.50000000000001,0.0,0.0,0.0,0,0,100,18199.08240351502,18199.08240351502,17542.08240351502,20110.0,20110.0,19380.0,-1837.9175964849783,343.8294854249782
2023-10-16,1499.5824035150217,0,900,900,49.50000000000001,0.0,0.0,0.0,0,0,100,17551.08240351502,17551.08240351502,17128.08240351502,19390.0,19390.0,18920.0,-1791.9175964849783,297.8060251949785
2023-10-17,1499.5824035150217,0,900,900,49.50000000000001,0.0,0.0,0.0,0,0,100,17218.08240351502,17218.08240351502,17002.08240351502,19020.0,19020.0,18780.0,-1777.9175964849783,283.79888512497814
2023-10-18,1499.5824035150217,0,900,900,49.50000000000001,0.0,0.0,0.0,0,0,100,16390.08240351502,16390.08240351502,16678.08240351502,18100.0,18100.0,18420.0,-1741.9175964849783,247.78052494497842
2023-10-19,1499.5824035150217,0,900,900,49.50000000000001,0.0,0.0,0.0,0,0,100,16372.082403515022,16372.082403515022,16327.082403515024,18080.0,18080.0,18030.0,-1702.9175964849765,208.76063474997818
2023-10-20,1499.5824035150217,0,900,900,49.50000000000001,0.0,0.0,0.0,0,0,100,16354.082403515022,16354.082403515022,16003.082403515024,18060.0,18060.0,17670.0,-1666.9175964849765,172.74227456997846
2023-10-23,1499.5824035150217,0,900,900,49.50000000000001,0.0,0.0,0.0,0,0,100,14545.082403515022,14545.082403515022,14545.082403515022,16050.0,16050.0,16050.0,-1504.9175964849783,10.659653759978262
2023-10-24,162.90358686002196,0,1000,1000,49.50000000000001,5.013316655,0.0,0.0,100,0,0,13429.082403515022,13423.403586860022,13873.403586860022,14810.0,14810.0,15260.0,-1386.5964131399778,0.0
2023-10-25,162.90358686002196,0,1000,1000,49.50000000000001,0.0,0.0,0.0,0,0,0,13933.403586860022,13933.403586860022,13653.403586860022,15320.0,15320.0,15040.0,-1386.5964131399778,0.0
2023-10-26,162.90358686002196,0,1000,1000,49.50000000000001,0.0,0.0,0.0,0,0,0,13513.403586860022,13513.403586860022,13943.403586860022,14900.0,14900.0,15330.0,-1386.5964131399778,0.0
2023-10-27,162.90358686002196,0,1000,1000,49.50000000000001,0.0,0.0,0.0,0,0,0,13943.403586860022,13943.403586860022,14183.403586860022,15330.0,15330.0,15570.0,-1386.5964131399778,0.0
2023-10-30,14693.661309860023,0,0,0,0.0,12.442277,49.50000000000001,0.0,0,1000,0,14183.403586860022,14183.403586860022,14693.661309860023,15570.0,15570.0,16100.0,-1406.3386901399772,0.0
2023-10-31,1343.8588631700222,0,900,900,0.0,5.13344669,0.0,0.0,900,0,100,14693.661309860023,14681.858863170022,14591.858863170022,16320.0,16320.0,16220.0,-1628.1411368299778,133.8918641899777
2023-11-01,1343.8588631700222,0,900,900,0.0,0.0,0.0,0.0,0,0,100,14627.858863170022,14627.858863170022,14420.858863170022,16260.0,16260.0,16030.0,-1609.1411368299778,114.8821740949777
2023-11-02,1343.8588631700222,0,900,900,0.0,0.0,0.0,0.0,0,0,100,14735.858863170022,14735.858863170022,14483.858863170022,16380.0,16380.0,16100.0,-1616.1411368299778,121.88574412997787
2023-11-03,1343.8588631700222,0,900,900,0.0,0.0,0.0,0.0,0,0,100,14555.858863170022,14555.858863170022,14618.858863170022,16180.0,16180.0,16250.0,-1631.1411368299778,136.89339420497777
2023-11-06,1343.8588631700222,0,900,900,0.0,0.0,0.0,0.0,0,0,100,14771.858863170022,14771.858863170022,14816.858863170022,16420.0,16420.0,16470.0,-1653.1411368299778,158.9046143149776
2023-11-07,1343.8588631700222,0,900,900,0.0,0.0,0.0,0.0,0,0,100,14816.858863170022,14816.858863170022,15194.858863170022,16470.0,16470.0,16890.0,-1695.1411368299778,200.9260345249777
2023-11-08,1343.8588631700222,0,900,900,0.0,0.0,0.0,0.0,0,0,100,15158.858863170022,15158.858863170022,15113.858863170022,16850.0,16850.0,16800.0,-1686.1411368299778,191.9214444799777
2023-11-09,1343.8588631700222,0,900,900,0.0,0.0,0.0,0.0,0,0,100,15293.858863170022,15293.858863170022,15374.858863170022,17000.0,17000.0,17090.0,-1715.1411368299778,220.93623462497771
2023-11-10,1343.8588631700222,0,900,900,0.0,0.0,0.0,0.0,0,0,100,15203.858863170022,15203.858863170022,15212.858863170022,16900.0,16900.0,16910.0,-1697.1411368299778,202.92705453497751
2023-11-13,1343.8588631700222,0,900,900,0.0,0.0,0.0,0.0,0,0,100,15428.858863170022,15428.858863170022,15842.858863170022,17150.0,17150.0,17610.0,-1767.1411368299778,272.9627548849778
2023-11-14,1343.8588631700222,0,900,900,0.0,0.0,0.0,0.0,0,0,100,15878.85886317002,15878.85886317002,16076.858863170022,17650.0,17650.0,17870.0,-1793.1411368299778,298.9760150149775
2023-11-15,1343.8588631700222,0,900,900,0.0,0.0,0.0,0.0,0,0,100,16175.858863170022,16175.858863170022,16112.858863170022,17980.0,17980.0,17910.0,-1797.1411368299778,302.9780550349776
2023-11-16,1343.8588631700222,0,900,900,0.0,0.0,0.0,0.0,0,0,100,15923.858863170022,15923.858863170022,15689.858863170022,17700.0,17700.0,17440.0,-1750.1411368299778,255.95408479997786
2023-11-17,1343.8588631700222,0,900,900,0.0,0.0,0.0,0.0,0,0,100,15626.858863170022,15626.858863170022,16058.858863170024,17370.0,17370.0,17850.0,-1791.141136829976,296.9749950049779
2023-11-20,1343.8588631700222,0,900,900,0.0,0.0,0.0,0.0,0,0,100,16004.858863170022,16004.858863170022,15851.858863170022,17790.0,17790.0,17620.0,-1768.1411368299778,273.9632648899776
2023-11-21,1343.8588631700222,0,900,900,0.0,0.0,0.0,0.0,0,0,100,15914.858863170024,15914.858863170024,15707.858863170022,17690.0,17690.0,17460.0,-1752.1411368299778,257.9551048099777
2023-11-22,1343.8588631700222,0,900,900,0.0,0.0,0.0,0.0,0,0,100,15653.858863170022,15653.858863170022,15356.858863170022,17400.0,17400.0,17070.0,-1713.1411368299778,218.93521461497767
2023-11-23,1343.8588631700222,0,900,900,0.0,0.0,0.0,0.0,0,0,100,15500.858863170022,15500.858863170022,15491.858863170022,17230.0,17230.0,17220.0,-1728.1411368299778,233.94286468997757
2023-11-24,1343.8588631700222,0,900,900,0.0,0.0,0.0,0.0,0,0,100,15563.858863170022,15563.858863170022,15203.858863170022,17300.0,17300.0,16900.0,-1696.1411368299778,201.92654452997772
2023-11-27,1343.8588631700222,0,900,900,0.0,0.0,0.0,0.0,0,0,100,14933.858863170022,14933.858863170022,14744.858863170022,16600.0,16600.0,16390.0,-1645.1411368299778,150.90053427497787
2023-11-28,1343.8588631700222,0,900,900,0.0,0.0,0.0,0.0,0,0,100,14636.858863170022,14636.858863170022,14978.858863170022,16270.0,16270.0,16650.0,-1671.1411368299778,176.9137944049778
2023-11-29,1343.8588631700222,0,900,900,0.0,0.0,0.0,0.0,0,0,100,14978.858863170022,14978.858863170022,14798.858863170022,16650.0,16650.0,16450.0,-1651.1411368299778,156.9035943049778
2023-11-30,1343.8588631700222,0,900,900,0.0,0.0,0.0,0.0,0,0,100,14915.858863170022,14915.858863170022,14933.858863170022,16580.0,16580.0,16600.0,-1666.1411368299778,171.9112443799777
2023-12-01,1343.8588631700222,0,900,900,0.0,0.0,0.0,0.0,0,0,100,14888.858863170022,14888.858863170022,14978.858863170022,16550.0,16550.0,16650.0,-1671.1411368299778,176.9137944049778
2023-12-04,1343.8588631700222,0,900,900,0.0,0.0,0.0,0.0,0,0,100,15032.858863170022,15032.858863170022,14645.858863170022,16710.0,16710.0,16280.0,-1634.1411368299778,139.8949242199776
2023-12-05,1343.8588631700222,0,900,900,0.0,0.0,0.0,0.0,0,0,100,14618.858863170022,14618.858863170022,14078.858863170022,16250.0,16250.0,15650.0,-1571.1411368299778,76.8627939049777
2023-12-06,1343.8588631700222,0,900,900,0.0,0.0,0.0,0.0,0,0,100,14069.858863170022,14069.858863170022,14168.858863170022,15640.0,15640.0,15750.0,-1581.1411368299778,86.86789395497772
2023-12-07,1343.8588631700222,0,900,900,0.0,0.0,0.0,0.0,0,0,100,14285.858863170022,14285.858863170022,14240.858863170022,15880.0,15880.0,15830.0,-1589.1411368299778,94.87197399497768
2023-12-08,1343.8588631700222,0,900,900,0.0,0.0,0.0,0.0,0,0,100,14267.858863170022,14267.858863170022,15527.858863170022,15860.0,15860.0,17260.0,-1732.1411368299778,237.9449047099779
2023-12-11,1343.8588631700222,0,900,900,0.0,0.0,0.0,0.0,0,0,100,15536.858863170022,15536.858863170022,15374.858863170022,17270.0,17270.0,17090.0,-1715.1411368299778,220.93623462497771
2023-12-12,1343.8588631700222,0,900,900,0.0,0.0,0.0,0.0,0,0,100,15392.858863170022,15392.858863170022,15077.858863170022,17110.0,17110.0,16760.0,-1682.1411368299778,187.9194044599776
2023-12-13,1343.8588631700222,0,900,900,0.0,0.0,0.0,0.0,0,0,100,15077.858863170022,15077.858863170022,14915.858863170022,16760.0,16760.0,16580.0,-1664.1411368299778,169.91022436997764
2023-12-14,1343.8588631700222,0,900,900,0.0,0.0,0.0,0.0,0,0,100,15005.858863170022,15005.858863170022,14843.858863170022,16680.0,16680.0,16500.0,-1656.1411368299778,161.90614432997768
2023-12-15,1343.8588631700222,0,900,900,0.0,0.0,0.0,0.0,0,0,100,14933.858863170022,14933.858863170022,14645.858863170022,16600.0,16600.0,16280.0,-1634.1411368299778,139.8949242199776
2023-12-18,1343.8588631700222,0,900,900,0.0,0.0,0.0,0.0,0,0,100,14645.858863170022,14645.858863170022,14870.858863170022,16280.0,16280.0,16530.0,-1659.1411368299778,164.90767434497752
2023-12-19,1343.8588631700222,0,900,900,0.0,0.0,0.0,0.0,0,0,100,14807.858863170022,14807.858863170022,14996.858863170022,16460.0,16460.0,16670.0,-1673.1411368299778,178.91481441497763
2023-12-20,1343.8588631700222,0,900,900,0.0,0.0,0.0,0.0,0,0,100,14996.858863170022,14996.858863170022,14438.858863170022,16670.0,16670.0,16050.0,-1611.1411368299778,116.88319410497775
2023-12-21,1343.8588631700222,0,900,900,0.0,0.0,0.0,0.0,0,0,100,14438.858863170022,14438.858863170022,14456.858863170022,16050.0,16050.0,16070.0,-1613.1411368299778,118.8842141149778
2023-12-22,1343.8588631700222,0,900,900,0.0,0.0,0.0,0.0,0,0,100,14402.858863170022,14402.858863170022,14231.858863170022,16010.0,16010.0,15820.0,-1588.1411368299778,93.87146398997766
2023-12-25,1343.8588631700222,0,900,900,0.0,0.0,0.0,0.0,0,0,100,14123.858863170022,14123.858863170022,14132.858863170022,15700.0,15700.0,15710.0,-1577.1411368299778,82.86585393497762
2023-12-26,1343.8588631700222,0,900,900,0.0,0.0,0.0,0.0,0,0,100,14051.858863170022,14051.858863170022,13826.858863170022,15620.0,15620.0,15370.0,-1543.1411368299778,48.848513764977724
2023-12-27,1343.8588631700222,0,900,900,0.0,0.0,0.0,0.0,0,0,100,13898.858863170022,13898.858863170022,13880.858863170022,15450.0,15450.0,15430.0,-1549.1411368299778,54.85157379497787
2023-12-28,1343.8588631700222,0,900,900,0.0,0.0,0.0,0.0,0,0,100,14114.858863170022,14114.858863170022,14663.858863170022,15690.0,15690.0,16300.0,-1636.1411368299778,141.89594422997789
2023-12-29,1343.8588631700222,0,900,900,0.0,0.0,0.0,0.0,0,0,100,14663.858863170022,14663.858863170022,14951.858863170022,16300.0,16300.0,16620.0,-1668.1411368299778,173.91226438997774
2024-01-02,1343.8588631700222,0,900,900,0.0,0.0,0.0,0.0,0,0,100,14843.858863170022,14843.858863170022,14123.858863170022,16500.0,16500.0,15700.0,-1576.1411368299778,81.8653439299776
2024-01-03,1343.8588631700222,0,900,900,0.0,0.0,0.0,0.0,0,0,100,14042.858863170022,14042.858863170022,13835.858863170022,15610.0,15610.0,15380.0,-1544.1411368299778,49.84902376997775
2024-01-04,1343.8588631700222,0,900,900,0.0,0.0,0.0,0.0,0,0,100,13745.858863170022,13745.858863170022,13466.858863170022,15280.0,15280.0,14970.0,-1503.1411368299778,8.828113564977684
2024-01-05,1343.8588631700222,0,900,900,0.0,0.0,0.0,0.0,0,0,100,13448.858863170022,13448.858863170022,13313.858863170022,14950.0,14950.0,14800.0,-1486.1411368299778,0.0
2024-01-08,14.18361655002218,0,1000,1000,0.0,5.01324662,0.0,0.0,100,0,0,13259.858863170022,13254.183616550023,13094.183616550023,14740.0,14740.0,14580.0,-1485.8163834499774,0.0
2024-01-09,14.18361655002218,0,1000,1000,0.0,0.0,0.0,0.0,0,0,0,13344.183616550023,13344.183616550023,13204.183616550023,14830.0,14830.0,14690.0,-1485.8163834499774,0.0
2024-01-10,14.18361655002218,0,1000,1000,0.0,0.0,0.0,0.0,0,0,0,13094.183616550023,13094.183616550023,12924.183616550023,14580.0,14580.0,14410.0,-1485.8163834499774,0.0
2024-01-11,14.18361655002218,0,1000,1000,0.0,0.0,0.0,0.0,0,0,0,12974.183616550023,12974.183616550023,13164.183616550023,14460.0,14460.0,14650.0,-1485.8163834499774,0.0
2024-01-12,14.18361655002218,0,1000,1000,0.0,0.0,0.0,0.0,0,0,0,13014.183616550023,13014.183616550023,12874.183616550023,14500.0,14500.0,14360.0,-1485.8163834499774,0.0
2024-01-15,14.18361655002218,0,1000,1000,0.0,0.0,0.0,0.0,0,0,0,12814.183616550023,12814.183616550023,12734.183616550023,14300.0,14300.0,14220.0,-1485.8163834499774,0.0
2024-01-16,14.18361655002218,0,1000,1000,0.0,0.0,0.0,0.0,0,0,0,12654.183616550023,12654.183616550023,12924.183616550023,14140.0,14140.0,14410.0,-1485.8163834499774,0.0
2024-01-17,14.18361655002218,0,1000,1000,0.0,0.0,0.0,0.0,0,0,0,12884.183616550023,12884.183616550023,12694.183616550023,14370.0,14370.0,14180.0,-1485.8163834499774,0.0
2024-01-18,13705.340012600023,0,0,0,0.0,11.988603950000002,0.0,0.0,0,1000,0,12694.183616550023,12694.183616550023,13705.340012600023,14180.0,14180.0,15210.0,-1504.6599873999767,16.652155949976077
2024-01-19,1237.9873903200241,0,900,900,0.0,5.12462228,0.0,0.0,900,0,100,13705.340012600023,13693.987390320024,14017.987390320024,15340.0,15340.0,15700.0,-1682.0126096799759,187.7368167799757
2024-01-22,1237.9873903200241,0,900,900,0.0,0.0,0.0,0.0,0,0,100,14476.987390320024,14476.987390320024,14197.987390320024,16210.0,16210.0,15900.0,-1702.0126096799759,207.74701687997594
2024-01-23,1237.9873903200241,0,900,900,0.0,0.0,0.0,0.0,0,0,100,13882.987390320024,13882.987390320024,14287.987390320024,15550.0,15550.0,16000.0,-1712.0126096799759,217.75211692997573
2024-01-24,1237.9873903200241,0,900,900,0.0,0.0,0.0,0.0,0,0,100,14395.987390320024,14395.987390320024,14287.987390320024,16120.0,16120.0,16000.0,-1712.0126096799759,217.75211692997573
2024-01-25,1237.9873903200241,0,900,900,0.0,0.0,0.0,0.0,0,0,100,14242.987390320024,14242.987390320024,14809.987390320024,15950.0,15950.0,16580.0,-1770.0126096799759,275.78169721997574
2024-01-26,1237.9873903200241,0,900,900,0.0,0.0,0.0,0.0,0,0,100,14584.987390320024,14584.987390320024,14206.987390320024,16330.0,16330.0,15910.0,-1703.0126096799759,208.74752688497574
2024-01-29,1237.9873903200241,0,900,900,0.0,0.0,0.0,0.0,0,0,100,14035.987390320024,14035.987390320024,13468.987390320024,15720.0,15720.0,15090.0,-1621.0126096799759,126.70570647497584
2024-01-30,1237.9873903200241,0,900,900,0.0,0.0,0.0,0.0,0,0,100,13432.987390320024,13432.987390320024,13387.987390320024,15050.0,15050.0,15000.0,-1612.0126096799759,117.70111642997585
2024-01-31,1237.9873903200241,0,900,900,0.0,0.0,0.0,0.0,0,0,100,13207.987390320024,13207.987390320024,13216.987390320024,14800.0,14800.0,14810.0,-1593.0126096799759,98.69142633497563
2024-02-01,1237.9873903200241,0,900,900,0.0,0.0,0.0,0.0,0,0,100,13054.987390320024,13054.987390320024,14341.987390320024,14630.0,14630.0,16060.0,-1718.0126096799759,223.75517695997564
2024-02-02,1237.9873903200241,0,900,900,0.0,0.0,0.0,0.0,0,0,100,14323.987390320024,14323.987390320024,13765.987390320024,16040.0,16040.0,15420.0,-1654.0126096799759,159.72253663997571
2024-02-05,1237.9873903200241,0,900,900,0.0,0.0,0.0,0.0,0,0,100,13729.987390320024,13729.987390320024,14530.987390320024,15380.0,15380.0,16270.0,-1739.0126096799759,244.7658870649757
2024-02-06,1237.9873903200241,0,900,900,0.0,0.0,0.0,0.0,0,0,100,14107.987390320024,14107.987390320024,15214.987390320024,15800.0,15800.0,17030.0,-1815.0126096799759,320.8046474449759
2024-02-07,1237.9873903200241,0,900,900,0.0,0.0,0.0,0.0,0,0,100,14980.987390320024,14980.987390320024,15007.987390320024,16770.0,16770.0,16800.0,-1792.0126096799759,297.7929173299758
2024-02-08,1237.9873903200241,0,900,900,0.0,0.0,0.0,0.0,0,0,100,15187.987390320024,15187.987390320024,15367.987390320024,17000.0,17000.0,17200.0,-1832.0126096799759,337.8133175299756
2024-02-19,1237.9873903200241,0,900,900,0.0,0.0,0.0,0.0,0,0,100,16267.987390320024,16267.987390320024,16780.987390320024,18200.0,18200.0,18770.0,-1989.0126096799759,494.8933883149757
2024-02-20,1237.9873903200241,0,900,900,0.0,0.0,0.0,0.0,0,0,100,17347.98739032002,17347.98739032002,17878.987390320024,19400.0,19400.0,19990.0,-2111.012609679976,616.9556089249754
2024-02-21,1237.9873903200241,0,900,900,0.0,0.0,0.0,0.0,0,0,100,17194.987390320024,17194.987390320024,17032.987390320024,19230.0,19230.0,19050.0,-2017.0126096799759,522.9076684549757
2024-02-22,1237.9873903200241,0,900,900,0.0,0.0,0.0,0.0,0,0,100,17662.987390320024,17662.987390320024,17608.987390320028,19750.0,19750.0,19690.0,-2081.0126096799722,586.9403087749761
2024-02-23,1237.9873903200241,0,900,900,0.0,0.0,0.0,0.0,0,0,100,18175.987390320024,18175.987390320024,17590.987390320028,20320.0,20320.0,19670.0,-2079.0126096799722,584.939288764976
2024-02-26,1237.9873903200241,0,900,900,0.0,0.0,0.0,0.0,0,0,100,17077.987390320028,17077.987390320028,17140.987390320028,19100.0,19100.0,19170.0,-2029.0126096799722,534.913788514976
2024-02-27,1237.9873903200241,0,900,900,0.0,0.0,0.0,0.0,0,0,100,17068.987390320024,17068.987390320024,18634.987390320024,19090.0,19090.0,20830.0,-2195.012609679976,700.9984493449756
2024-02-28,1237.9873903200241,0,900,900,0.0,0.0,0.0,0.0,0,0,100,18382.987390320024,18382.987390320024,17617.987390320024,20550.0,20550.0,19700.0,-2082.012609679976,587.9408187799756
2024-02-29,1237.9873903200241,0,900,900,0.0,0.0,0.0,0.0,0,0,100,17581.987390320024,17581.987390320024,18058.987390320024,19660.0,19660.0,20190.0,-2131.012609679976,636.9658090249759
2024-03-01,1237.9873903200241,0,900,900,0.0,0.0,0.0,0.0,0,0,100,18382.987390320024,18382.987390320024,19255.987390320024,20550.0,20550.0,21520.0,-2264.012609679976,770.0336396899759
2024-03-04,1237.9873903200241,0,900,900,0.0,0.0,0.0,0.0,0,0,100,19957.987390320024,19957.987390320024,21055.987390320024,22300.0,22300.0,23520.0,-2464.012609679976,970.1356406899754
2024-03-05,1237.9873903200241,0,900,900,0.0,0.0,0.0,0.0,0,0,100,20767.987390320024,20767.987390320024,21712.987390320024,23200.0,23200.0,24250.0,-2537.012609679976,1043.1728710549755
2024-03-06,1237.9873903200241,0,900,900,0.0,0.0,0.0,0.0,0,0,100,21100.987390320024,21100.987390320024,21046.987390320024,23570.0,23570.0,23510.0,-2463.012609679976,969.135130684976
2024-03-07,1237.9873903200241,0,900,900,0.0,0.0,0.0,0.0,0,0,100,21460.987390320024,21460.987390320024,21586.987390320024,23970.0,23970.0,24110.0,-2523.012609679976,1029.1657309849757
2024-03-08,1237.9873903200241,0,900,900,0.0,0.0,0.0,0.0,0,0,100,22027.987390320024,22027.987390320024,23620.987390320024,24600.0,24600.0,26370.0,-2749.012609679976,1255.280992114976
2024-03-11,1237.9873903200241,0,900,900,0.0,0.0,0.0,0.0,0,0,100,22549.987390320024,22549.987390320024,24475.987390320024,25180.0,25180.0,27320.0,-2844.012609679976,1350.3294425899758
2024-03-12,1237.9873903200241,0,900,900,0.0,0.0,0.0,0.0,0,0,100,23971.987390320024,23971.987390320024,23557.987390320024,26760.0,26760.0,26300.0,-2742.012609679976,1248.2774220799756
2024-03-13,1237.9873903200241,0,900,900,0.0,0.0,0.0,0.0,0,0,100,24223.987390320024,24223.987390320024,23152.987390320024,27040.0,27040.0,25850.0,-2697.012609679976,1203.2544718549757
2024-03-14,1237.9873903200241,0,900,900,0.0,0.0,0.0,0.0,0,0,100,21730.987390320024,21730.987390320024,21802.987390320024,24270.0,24270.0,24350.0,-2547.012609679976,1053.1779711049758
2024-03-15,1237.9873903200241,0,900,900,0.0,0.0,0.0,0.0,0,0,100,21478.987390320024,21478.987390320024,22009.987390320024,23990.0,23990.0,24580.0,-2570.012609679976,1076.189701219976
2024-03-18,1237.9873903200241,0,900,900,0.0,0.0,0.0,0.0,0,0,100,22342.987390320024,22342.987390320024,23746.987390320024,24950.0,24950.0,26510.0,-2763.012609679976,1269.2881321849754
2024-03-19,1237.9873903200241,0,900,900,0.0,0.0,0.0,0.0,0,0,100,23197.987390320024,23197.987390320024,24196.987390320024,25900.0,25900.0,27010.0,-2813.012609679976,1319.3136324349757
2024-03-20,1237.9873903200241,0,900,900,0.0,0.0,0.0,0.0,0,0,100,24007.987390320024,24007.987390320024,23809.987390320024,26800.0,26800.0,26580.0,-2770.012609679976,1276.2917022199758
2024-03-21,1237.9873903200241,0,900,900,0.0,0.0,0.0,0.0,0,0,100,23809.987390320024,23809.987390320024,23728.987390320024,26580.0,26580.0,26490.0,-2761.012609679976,1267.2871121749758
2024-03-22,1237.9873903200241,0,900,900,0.0,0.0,0.0,0.0,0,0,100,23575.987390320024,23575.987390320024,23224.987390320024,26320.0,26320.0,25930.0,-2705.012609679976,1211.2585518949754
2024-03-25,1237.9873903200241,0,900,900,0.0,0.0,0.0,0.0,0,0,100,23602.987390320024,23602.987390320024,22756.987390320024,26350.0,26350.0,25410.0,-2653.012609679976,1159.2320316349756
2024-03-26,1237.9873903200241,0,900,900,0.0,0.0,0.0,0.0,0,0,100,22837.987390320024,22837.987390320024,22594.987390320024,25500.0,25500.0,25230.0,-2635.012609679976,1141.2228515449756
2024-03-27,1237.9873903200241,0,900,900,0.0,0.0,0.0,0.0,0,0,100,22270.987390320024,22270.987390320024,21406.987390320024,24870.0,24870.0,23910.0,-2503.012609679976,1009.1555308849756
2024-03-28,1237.9873903200241,0,900,900,0.0,0.0,0.0,0.0,0,0,100,21415.987390320024,21415.987390320024,22342.987390320024,23920.0,23920.0,24950.0,-2607.012609679976,1113.2085714049754
2024-03-29,1237.9873903200241,0,900,900,0.0,0.0,0.0,0.0,0,0,100,22063.987390320024,22063.987390320024,21730.987390320024,24640.0,24640.0,24270.0,-2539.012609679976,1045.173891064976
2024-04-01,1237.9873903200241,0,900,900,0.0,0.0,0.0,0.0,0,0,100,21847.987390320024,21847.987390320024,22216.987390320024,24400.0,24400.0,24810.0,-2593.012609679976,1099.201431334976
2024-04-02,1237.9873903200241,0,900,900,0.0,0.0,0.0,0.0,0,0,100,22153.987390320024,22153.987390320024,21847.987390320024,24740.0,24740.0,24400.0,-2552.012609679976,1058.1805211299757
2024-04-03,1237.9873903200241,0,900,900,0.0,0.0,0.0,0.0,0,0,100,21667.987390320024,21667.987390320024,20965.987390320024,24200.0,24200.0,23420.0,-2454.012609679976,960.1305406399761
2024-04-08,1237.9873903200241,0,900,900,0.0,0.0,0.0,0.0,0,0,100,20767.987390320024,20767.987390320024,21037.987390320024,23200.0,23200.0,23500.0,-2462.012609679976,968.1346206799758
2024-04-09,1237.9873903200241,0,900,900,0.0,0.0,0.0,0.0,0,0,100,21172.987390320024,21172.987390320024,20938.987390320024,23650.0,23650.0,23390.0,-2451.012609679976,957.1290106249758
2024-04-10,1237.9873903200241,0,900,900,0.0,0.0,0.0,0.0,0,0,100,20758.987390320024,20758.987390320024,20227.987390320024,23190.0,23190.0,22600.0,-2372.012609679976,878.0887202299755
2024-04-11,1237.9873903200241,0,900,900,0.0,0.0,0.0,0.0,0,0,100,20344.987390320024,20344.987390320024,20362.987390320024,22730.0,22730.0,22750.0,-2387.012609679976,893.0963703049761
2024-04-12,1237.9873903200241,0,900,900,0.0,0.0,0.0,0.0,0,0,100,20857.987390320024,20857.987390320024,21271.987390320024,23300.0,23300.0,23760.0,-2488.012609679976,994.1478808099755
2024-04-15,1237.9873903200241,0,900,900,0.0,0.0,0.0,0.0,0,0,100,20929.987390320024,20929.987390320024,21253.987390320024,23380.0,23380.0,23740.0,-2486.012609679976,992.1468607999759
2024-04-16,1237.9873903200241,0,900,900,0.0,0.0,0.0,0.0,0,0,100,20614.987390320024,20614.987390320024,20866.987390320024,23030.0,23030.0,23310.0,-2443.012609679976,949.1249305849756
2024-04-17,1237.9873903200241,0,900,900,0.0,0.0,0.0,0.0,0,0,100,21487.987390320024,21487.987390320024,21487.987390320024,24000.0,24000.0,24000.0,-2512.012609679976,1018.1601209299761
2024-04-18,1237.9873903200241,0,900,900,0.0,0.0,0.0,0.0,0,0,100,20911.987390320024,20911.987390320024,21847.987390320024,23360.0,23360.0,24400.0,-2552.012609679976,1058.1805211299757
2024-04-19,1237.9873903200241,0,900,900,0.0,0.0,0.0,0.0,0,0,100,21406.987390320024,21406.987390320024,21082.987390320024,23910.0,23910.0,23550.0,-2467.012609679976,973.1371707049757
2024-04-22,1237.9873903200241,0,900,900,0.0,0.0,0.0,0.0,0,0,100,19579.987390320024,19579.987390320024,19993.987390320024,21880.0,21880.0,22340.0,-2346.012609679976,852.0754600999758
2024-04-23,1237.9873903200241,0,900,900,0.0,0.0,0.0,0.0,0,0,100,20182.987390320024,20182.987390320024,19768.987390320024,22550.0,22550.0,22090.0,-2321.012609679976,827.0627099749759
2024-04-24,1237.9873903200241,0,900,900,0.0,0.0,0.0,0.0,0,0,100,20155.987390320024,20155.987390320024,21253.987390320024,22520.0,22520.0,23740.0,-2486.012609679976,992.1468607999759
2024-04-25,1237.9873903200241,0,900,900,0.0,0.0,0.0,0.0,0,0,100,20731.987390320024,20731.987390320024,21208.987390320024,23160.0,23160.0,23690.0,-2481.012609679976,987.144310774976
2024-04-26,1237.9873903200241,0,900,900,0.0,0.0,0.0,0.0,0,0,100,22135.987390320024,22135.987390320024,23206.987390320024,24720.0,24720.0,25910.0,-2703.012609679976,1209.2575318849758
2024-04-29,1237.9873903200241,0,900,900,0.0,0.0,0.0,0.0,0,0,100,23521.987390320024,23521.987390320024,23305.987390320024,26260.0,26260.0,26020.0,-2714.012609679976,1220.2631419399754
2024-04-30,1237.9873903200241,0,900,900,0.0,0.0,0.0,0.0,0,0,100,24007.987390320024,24007.987390320024,23287.987390320024,26800.0,26800.0,26000.0,-2712.012609679976,1218.2621219299758
2024-05-06,1237.9873903200241,0,900,900,0.0,0.0,0.0,0.0,0,0,100,23737.987390320024,23737.987390320024,23575.987390320024,26500.0,26500.0,26320.0,-2744.012609679976,1250.2784420899757
2024-05-07,1237.9873903200241,0,900,900,0.0,0.0,0.0,0.0,0,0,100,23917.987390320024,23917.987390320024,24079.987390320024,26700.0,26700.0,26880.0,-2800.012609679976,1306.3070023699756
2024-05-08,1237.9873903200241,0,900,900,0.0,0.0,0.0,0.0,0,0,100,23503.987390320024,23503.987390320024,23251.987390320024,26240.0,26240.0,25960.0,-2708.012609679976,1214.2600819099757
2024-05-09,1237.9873903200241,0,900,900,0.0,0.0,0.0,0.0,0,0,100,23107.987390320024,23107.987390320024,23035.987390320024,25800.0,25800.0,25720.0,-2684.012609679976,1190.2478417899756
2024-05-10,1237.9873903200241,0,900,900,0.0,0.0,0.0,0.0,0,0,100,22837.987390320024,22837.987390320024,22765.987390320024,25500.0,25500.0,25420.0,-2654.012609679976,1160.2325416399758
2024-05-13,1237.9873903200241,0,900,900,0.0,0.0,0.0,0.0,0,0,100,22774.987390320024,22774.987390320024,22837.987390320024,25430.0,25430.0,25500.0,-2662.012609679976,1168.2366216799755
2024-05-14,1237.9873903200241,0,900,900,0.0,0.0,0.0,0.0,0,0,100,23197.987390320024,23197.987390320024,22657.987390320024,25900.0,25900.0,25300.0,-2642.012609679976,1148.226421579976
2024-05-15,1237.9873903200241,0,900,900,0.0,0.0,0.0,0.0,0,0,100,22729.987390320024,22729.987390320024,23107.987390320024,25380.0,25380.0,25800.0,-2692.012609679976,1198.2519218299753
2024-05-16,1237.9873903200241,0,900,900,0.0,0.0,0.0,0.0,0,0,100,24394.987390320024,24394.987390320024,24259.987390320024,27230.0,27230.0,27080.0,-2820.012609679976,1326.3172024699757
2024-05-17,1237.9873903200241,0,900,900,0.0,0.0,0.0,0.0,0,0,100,23917.987390320024,23917.987390320024,24367.987390320024,26700.0,26700.0,27200.0,-2832.012609679976,1338.323322529976
2024-05-20,1237.9873903200241,0,900,900,0.0,0.0,0.0,0.0,0,0,100,24007.987390320024,24007.987390320024,24835.987390320024,26800.0,26800.0,27720.0,-2884.012609679976,1390.3498427899754
2024-05-21,1237.9873903200241,0,900,900,0.0,0.0,0.0,0.0,0,0,100,24583.987390320024,24583.987390320024,24385.987390320024,27440.0,27440.0,27220.0,-2834.012609679976,1340.324342539976
2024-05-22,1237.9873903200241,0,900,900,0.0,0.0,0.0,0.0,0,0,100,24358.987390320024,24358.987390320024,24124.987390320024,27190.0,27190.0,26930.0,-2805.012609679976,1311.3095523949755
2024-05-23,1237.9873903200241,0,900,900,0.0,0.0,0.0,0.0,0,0,100,24637.987390320024,24637.987390320024,24295.987390320024,27500.0,27500.0,27120.0,-2824.012609679976,1330.3192424899757
2024-05-24,1237.9873903200241,0,900,900,0.0,0.0,0.0,0.0,0,0,100,23917.987390320024,23917.987390320024,22972.987390320024,26700.0,26700.0,25650.0,-2677.012609679976,1183.2442717549757
2024-05-27,1237.9873903200241,0,900,900,0.0,0.0,0.0,0.0,0,0,100,23377.987390320024,23377.987390320024,23611.987390320024,26100.0,26100.0,26360.0,-2748.012609679976,1254.2804821099758
2024-05-28,1237.9873903200241,0,900,900,0.0,0.0,0.0,0.0,0,0,100,23422.987390320024,23422.987390320024,22945.987390320024,26150.0,26150.0,25620.0,-2674.012609679976,1180.2427417399754
2024-05-29,1237.9873903200241,0,900,900,0.0,0.0,0.0,0.0,0,0,100,23512.987390320024,23512.987390320024,23026.987390320024,26250.0,26250.0,25710.0,-2683.012609679976,1189.2473317849754
2024-05-30,1237.9873903200241,0,900,900,0.0,0.0,0.0,0.0,0,0,100,22837.987390320024,22837.987390320024,22783.987390320024,25500.0,25500.0,25440.0,-2656.012609679976,1162.2335616499754
2024-05-31,1237.9873903200241,0,900,900,0.0,0.0,0.0,0.0,0,0,100,22540.987390320024,22540.987390320024,21856.987390320024,25170.0,25170.0,24410.0,-2553.012609679976,1059.181031134976
2024-06-03,1237.9873903200241,0,900,900,0.0,0.0,0.0,0.0,0,0,100,21856.987390320024,21856.987390320024,22720.987390320024,24410.0,24410.0,25370.0,-2649.012609679976,1155.229991614976
2024-06-04,1237.9873903200241,0,900,900,0.0,0.0,0.0,0.0,0,0,100,22720.987390320024,22720.987390320024,22648.987390320024,25370.0,25370.0,25290.0,-2641.012609679976,1147.2259115749757
2024-06-05,1237.9873903200241,0,900,900,0.0,0.0,0.0,0.0,0,0,100,22540.987390320024,22540.987390320024,22567.987390320024,25170.0,25170.0,25200.0,-2632.012609679976,1138.2213215299757
2024-06-06,1237.9873903200241,0,900,900,0.0,0.0,0.0,0.0,0,0,100,23629.987390320024,23629.987390320024,24700.987390320024,26380.0,26380.0,27570.0,-2869.012609679976,1375.3421927149757
2024-06-07,1237.9873903200241,0,900,900,0.0,0.0,0.0,0.0,0,0,100,24502.987390320024,24502.987390320024,23314.987390320024,27350.0,27350.0,26030.0,-2715.012609679976,1221.2636519449757
2024-06-11,1237.9873903200241,0,900,900,0.0,0.0,0.0,0.0,0,0,100,23287.987390320024,23287.987390320024,23026.987390320024,26000.0,26000.0,25710.0,-2683.012609679976,1189.2473317849754
2024-06-12,1237.9873903200241,0,900,900,0.0,0.0,0.0,0.0,0,0,100,23332.987390320024,23332.987390320024,23170.987390320024,26050.0,26050.0,25870.0,-2699.012609679976,1205.2554918649757
2024-06-13,1237.9873903200241,0,900,900,0.0,0.0,0.0,0.0,0,0,100,23557.987390320024,23557.987390320024,24547.987390320024,26300.0,26300.0,27400.0,-2852.012609679976,1358.333522629976
2024-06-14,1237.9873903200241,0,900,900,0.0,0.0,0.0,0.0,0,0,100,24682.987390320024,24682.987390320024,25744.987390320024,27550.0,27550.0,28730.0,-2985.012609679976,1491.4013532949757
2024-06-17,1237.9873903200241,0,900,900,0.0,0.0,0.0,0.0,0,0,100,25600.987390320024,25600.987390320024,25996.987390320024,28570.0,28570.0,29010.0,-3013.012609679976,1519.4156334349755
2024-06-18,1237.9873903200241,0,900,900,0.0,0.0,0.0,0.0,0,0,100,26014.987390320024,26014.987390320024,26995.987390320024,29030.0,29030.0,30120.0,-3124.012609679976,1630.472243989976
2024-06-19,1237.9873903200241,0,900,900,0.0,0.0,0.0,0.0,0,0,100,27508.987390320024,27508.987390320024,26860.987390320024,30690.0,30690.0,29970.0,-3109.012609679976,1615.464593914976
2024-06-20,1237.9873903200241,0,900,900,0.0,0.0,0.0,0.0,0,0,100,26860.987390320024,26860.987390320024,26986.987390320024,29970.0,29970.0,30110.0,-3123.012609679976,1629.4717339849758
2024-06-21,1237.9873903200241,0,900,900,0.0,0.0,0.0,0.0,0,0,100,25987.987390320024,25987.987390320024,26860.987390320024,29000.0,29000.0,29970.0,-3109.012609679976,1615.464593914976
2024-06-24,1237.9873903200241,0,900,900,0.0,0.0,0.0,0.0,0,0,100,26257.987390320024,26257.987390320024,26032.987390320024,29300.0,29300.0,29050.0,-3017.012609679976,1523.417673454976
2024-06-25,1237.9873903200241,0,900,900,0.0,0.0,0.0,0.0,0,0,100,25321.987390320024,25321.987390320024,25033.987390320024,28260.0,28260.0,27940.0,-2906.012609679976,1412.3610628999754
2024-06-26,1237.9873903200241,0,900,900,0.0,0.0,0.0,0.0,0,0,100,25645.987390320024,25645.987390320024,25690.987390320024,28620.0,28620.0,28670.0,-2979.012609679976,1485.3982932649756
2024-06-27,1237.9873903200241,0,900,900,0.0,0.0,0.0,0.0,0,0,100,25240.987390320024,25240.987390320024,25366.987390320024,28170.0,28170.0,28310.0,-2943.012609679976,1449.3799330849756
2024-06-28,1237.9873903200241,0,900,900,0.0,0.0,0.0,0.0,0,0,100,25267.987390320024,25267.987390320024,25897.987390320024,28200.0,28200.0,28900.0,-3002.012609679976,1508.4100233799759
2024-07-01,1237.9873903200241,0,900,900,0.0,0.0,0.0,0.0,0,0,100,25906.987390320024,25906.987390320024,26437.987390320024,28910.0,28910.0,29500.0,-3062.012609679976,1568.4406236799755
2024-07-02,1237.9873903200241,0,900,900,0.0,0.0,0.0,0.0,0,0,100,26212.987390320024,26212.987390320024,25861.987390320024,29250.0,29250.0,28860.0,-2998.012609679976,1504.4079833599758
2024-07-03,1237.9873903200241,0,900,900,0.0,0.0,0.0,0.0,0,0,100,25672.987390320024,25672.987390320024,25879.987390320024,28650.0,28650.0,28880.0,-3000.012609679976,1506.4090033699754
2024-07-04,1237.9873903200241,0,900,900,0.0,0.0,0.0,0.0,0,0,100,26212.987390320024,26212.987390320024,25780.987390320024,29250.0,29250.0,28770.0,-2989.012609679976,1495.4033933149758
2024-07-05,1237.9873903200241,0,900,900,0.0,0.0,0.0,0.0,0,0,100,25537.987390320024,25537.987390320024,25609.987390320024,28500.0,28500.0,28580.0,-2970.012609679976,1476.3937032199756
2024-07-08,1237.9873903200241,0,900,900,0.0,0.0,0.0,0.0,0,0,100,25420.987390320024,25420.987390320024,25501.987390320024,28370.0,28370.0,28460.0,-2958.012609679976,1464.3875831599757
2024-07-09,1237.9873903200241,0,900,900,0.0,0.0,0.0,0.0,0,0,100,25627.987390320024,25627.987390320024,27337.987390320024,28600.0,28600.0,30500.0,-3162.012609679976,1668.4916241799756
2024-07-10,1237.9873903200241,0,900,900,0.0,0.0,0.0,0.0,0,0,100,27337.987390320024,27337.987390320024,27292.987390320024,30500.0,30500.0,30450.0,-3157.012609679976,1663.4890741549757
2024-07-11,1237.9873903200241,0,900,900,0.0,0.0,0.0,0.0,0,0,100,27742.987390320024,27742.987390320024,27121.987390320024,30950.0,30950.0,30260.0,-3138.012609679976,1644.4793840599755
2024-07-12,1237.9873903200241,0,900,900,0.0,0.0,0.0,0.0,0,0,100,26122.987390320024,26122.987390320024,25771.987390320024,29150.0,29150.0,28760.0,-2988.012609679976,1494.4028833099756
2024-07-15,1237.9873903200241,0,900,900,0.0,0.0,0.0,0.0,0,0,100,25672.987390320024,25672.987390320024,25501.987390320024,28650.0,28650.0,28460.0,-2958.012609679976,1464.3875831599757
2024-07-16,1237.9873903200241,0,900,900,0.0,0.0,0.0,0.0,0,0,100,25501.987390320024,25501.987390320024,25951.987390320024,28460.0,28460.0,28960.0,-3008.012609679976,1514.413083409976
2024-07-17,1237.9873903200241,0,900,900,0.0,0.0,0.0,0.0,0,0,100,25591.987390320024,25591.987390320024,24592.987390320024,28560.0,28560.0,27450.0,-2857.012609679976,1363.3360726549754
2024-07-18,1237.9873903200241,0,900,900,0.0,0.0,0.0,0.0,0,0,100,23575.987390320024,23575.987390320024,24106.987390320024,26320.0,26320.0,26910.0,-2803.012609679976,1309.308532384976
2024-07-19,1237.9873903200241,0,900,900,0.0,0.0,0.0,0.0,0,0,100,23710.987390320024,23710.987390320024,23431.987390320024,26470.0,26470.0,26160.0,-2728.012609679976,1234.2702820099757
2024-07-22,1237.9873903200241,0,900,900,0.0,0.0,0.0,0.0,0,0,100,23278.987390320024,23278.987390320024,23656.987390320024,25990.0,25990.0,26410.0,-2753.012609679976,1259.2830321349757
2024-07-23,1237.9873903200241,0,900,900,0.0,0.0,0.0,0.0,0,0,100,24052.987390320024,24052.987390320024,23323.987390320024,26850.0,26850.0,26040.0,-2716.012609679976,1222.264161949976
2024-07-24,1237.9873903200241,0,900,900,0.0,0.0,0.0,0.0,0,0,100,23197.987390320024,23197.987390320024,23107.987390320024,25900.0,25900.0,25800.0,-2692.012609679976,1198.2519218299753
2024-07-25,1237.9873903200241,0,900,900,0.0,0.0,0.0,0.0,0,0,100,22387.987390320024,22387.987390320024,22117.987390320024,25000.0,25000.0,24700.0,-2582.012609679976,1088.195821279976
2024-07-26,1237.9873903200241,0,900,900,0.0,0.0,0.0,0.0,0,0,100,22117.987390320024,22117.987390320024,22387.987390320024,24700.0,24700.0,25000.0,-2612.012609679976,1118.2111214299757
2024-07-29,1237.9873903200241,0,900,900,0.0,0.0,0.0,0.0,0,0,100,22297.987390320024,22297.987390320024,22657.987390320024,24900.0,24900.0,25300.0,-2642.012609679976,1148.226421579976
2024-07-30,1237.9873903200241,0,900,900,0.0,0.0,0.0,0.0,0,0,100,22378.987390320024,22378.987390320024,21802.987390320024,24990.0,24990.0,24350.0,-2547.012609679976,1053.1779711049758
2024-07-31,1237.9873903200241,0,900,900,0.0,0.0,0.0,0.0,0,0,100,21721.987390320024,21721.987390320024,22693.987390320024,24260.0,24260.0,25340.0,-2646.012609679976,1152.228461599976
2024-08-01,1237.9873903200241,0,900,900,0.0,0.0,0.0,0.0,0,0,100,23377.987390320024,23377.987390320024,22810.987390320024,26100.0,26100.0,25470.0,-2659.012609679976,1165.2350916649757
2024-08-02,1237.9873903200241,0,900,900,0.0,0.0,0.0,0.0,0,0,100,21874.987390320024,21874.987390320024,21334.987390320024,24430.0,24430.0,23830.0,-2495.012609679976,1001.1514508449759
2024-08-05,1237.9873903200241,0,900,900,0.0,0.0,0.0,0.0,0,0,100,20227.987390320024,20227.987390320024,19615.987390320024,22600.0,22600.0,21920.0,-2304.012609679976,810.0540398899761
2024-08-06,1237.9873903200241,0,900,900,0.0,0.0,0.0,0.0,0,0,100,20164.987390320024,20164.987390320024,19966.987390320024,22530.0,22530.0,22310.0,-2343.012609679976,849.0739300849759
2024-08-07,1237.9873903200241,0,900,900,0.0,0.0,0.0,0.0,0,0,100,19777.987390320024,19777.987390320024,19597.987390320024,22100.0,22100.0,21900.0,-2302.012609679976,808.0530198799756
2024-08-08,1237.9873903200241,0,900,900,0.0,0.0,0.0,0.0,0,0,100,19237.987390320024,19237.987390320024,19669.987390320024,21500.0,21500.0,21980.0,-2310.012609679976,816.0570999199758
2024-08-09,1237.9873903200241,0,900,900,0.0,0.0,0.0,0.0,0,0,100,19957.987390320024,19957.987390320024,19948.987390320024,22300.0,22300.0,22290.0,-2341.012609679976,847.0729100749759
2024-08-12,1237.9873903200241,0,900,900,0.0,0.0,0.0,0.0,0,0,100,19696.987390320024,19696.987390320024,19813.987390320024,22010.0,22010.0,22140.0,-2326.012609679976,832.0652599999758
2024-08-13,1237.9873903200241,0,900,900,0.0,0.0,0.0,0.0,0,0,100,20002.987390320024,20002.987390320024,19939.987390320024,22350.0,22350.0,22280.0,-2340.012609679976,846.0724000699756
2024-08-14,1237.9873903200241,0,900,900,0.0,0.0,0.0,0.0,0,0,100,20317.987390320024,20317.987390320024,20479.987390320024,22700.0,22700.0,22880.0,-2400.012609679976,906.1030003699757
2024-08-15,1759.9873903200241,0,900,900,52.2,0.0,0.0,522.0,0,0,100,20373.787390320023,20373.787390320023,20301.787390320023,22820.0,22820.0,22740.0,-2438.2126096799766,364.2662800099758
2024-08-16,1759.9873903200241,0,900,900,52.2,0.0,0.0,0.0,0,0,100,20616.787390320023,20616.787390320023,20661.787390320023,23090.0,23090.0,23140.0,-2478.2126096799766,404.2866802099758
2024-08-19,1759.9873903200241,0,900,900,52.2,0.0,0.0,0.0,0,0,100,20607.787390320023,20607.787390320023,20409.787390320023,23080.0,23080.0,22860.0,-2450.2126096799766,376.2724000699756
2024-08-20,1759.9873903200241,0,900,900,52.2,0.0,0.0,0.0,0,0,100,20706.787390320023,20706.787390320023,20292.787390320023,23190.0,23190.0,22730.0,-2437.2126096799766,363.26577000497554
2024-08-21,1759.9873903200241,0,900,900,52.2,0.0,0.0,0.0,0,0,100,19977.787390320023,19977.787390320023,20400.787390320023,22380.0,22380.0,22850.0,-2449.2126096799766,375.2718900649758
2024-08-22,1759.9873903200241,0,900,900,52.2,0.0,0.0,0.0,0,0,100,20409.787390320023,20409.787390320023,20058.787390320023,22860.0,22860.0,22470.0,-2411.2126096799766,337.25250987497583
2024-08-23,1759.9873903200241,0,900,900,52.2,0.0,0.0,0.0,0,0,100,19887.787390320023,19887.787390320023,20121.787390320023,22280.0,22280.0,22540.0,-2418.2126096799766,344.25607990997577
2024-08-26,1759.9873903200241,0,900,900,52.2,0.0,0.0,0.0,0,0,100,20247.787390320023,20247.787390320023,19815.787390320023,22680.0,22680.0,22200.0,-2384.2126096799766,310.23873973997564
2024-08-27,1759.9873903200241,0,900,900,52.2,0.0,0.0,0.0,0,0,100,19707.787390320023,19707.787390320023,19482.787390320023,22080.0,22080.0,21830.0,-2347.2126096799766,273.2198695549759
2024-08-28,1759.9873903200241,0,900,900,52.2,0.0,0.0,0.0,0,0,100,19347.787390320023,19347.787390320023,19500.787390320023,21680.0,21680.0,21850.0,-2349.2126096799766,275.2208895649757
2024-08-29,1759.9873903200241,0,900,900,52.2,0.0,0.0,0.0,0,0,100,18807.787390320023,18807.787390320023,19005.787390320023,21080.0,21080.0,21300.0,-2294.2126096799766,220.19283928997555
2024-08-30,1759.9873903200241,0,900,900,52.2,0.0,0.0,0.0,0,0,100,18879.787390320023,18879.787390320023,20130.787390320023,21160.0,21160.0,22550.0,-2419.2126096799766,345.25658991497556
2024-09-02,1759.9873903200241,0,900,900,52.2,0.0,0.0,0.0,0,0,100,20040.787390320023,20040.787390320023,19212.787390320023,22450.0,22450.0,21530.0,-2317.2126096799766,243.20456940497564
2024-09-03,1759.9873903200241,0,900,900,52.2,0.0,0.0,0.0,0,0,100,19113.787390320023,19113.787390320023,19203.787390320023,21420.0,21420.0,21520.0,-2316.2126096799766,242.20405939997607
2024-09-04,1759.9873903200241,0,900,900,52.2,0.0,0.0,0.0,0,0,100,18357.787390320023,18357.787390320023,18735.787390320023,20580.0,20580.0,21000.0,-2264.2126096799766,190.17753913997598
2024-09-05,1759.9873903200241,0,900,900,52.2,0.0,0.0,0.0,0,0,100,18681.787390320023,18681.787390320023,18699.787390320023,20940.0,20940.0,20960.0,-2260.2126096799766,186.17549911997588
2024-09-06,1759.9873903200241,0,900,900,52.2,0.0,0.0,0.0,0,0,100,18690.787390320023,18690.787390320023,18231.787390320023,20950.0,20950.0,20440.0,-2208.2126096799766,134.14897885997578
2024-09-09,1759.9873903200241,0,900,900,52.2,0.0,0.0,0.0,0,0,100,18024.787390320023,18024.787390320023,18447.787390320023,20210.0,20210.0,20680.0,-2232.2126096799766,158.1612189799759
2024-09-10,1759.9873903200241,0,900,900,52.2,0.0,0.0,0.0,0,0,100,18447.787390320023,18447.787390320023,18645.787390320023,20680.0,20680.0,20900.0,-2254.2126096799766,180.17243908997574
2024-09-11,1759.9873903200241,0,900,900,52.2,0.0,0.0,0.0,0,0,100,18555.787390320023,18555.787390320023,18609.787390320023,20800.0,20800.0,20860.0,-2250.2126096799766,176.17039906997564
2024-09-12,1759.9873903200241,0,900,900,52.2,0.0,0.0,0.0,0,0,100,19158.787390320023,19158.787390320023,18663.787390320023,21470.0,21470.0,20920.0,-2256.2126096799766,182.1734590999758
2024-09-13,1759.9873903200241,0,900,900,52.2,0.0,0.0,0.0,0,0,100,18681.787390320023,18681.787390320023,19032.787390320023,20940.0,20940.0,21330.0,-2297.2126096799766,223.19436930497562
2024-09-18,1759.9873903200241,0,900,900,52.2,0.0,0.0,0.0,0,0,100,18807.787390320023,18807.787390320023,18582.787390320023,21080.0,21080.0,20830.0,-2247.2126096799766,173.1688690549758
2024-09-19,1759.9873903200241,0,900,900,52.2,0.0,0.0,0.0,0,0,100,18690.787390320023,18690.787390320023,18672.787390320023,20950.0,20950.0,20930.0,-2257.2126096799766,183.17396910497604
2024-09-20,1759.9873903200241,0,900,900,52.2,0.0,0.0,0.0,0,0,100,18807.787390320023,18807.787390320023,18681.787390320023,21080.0,21080.0,20940.0,-2258.2126096799766,184.17447910997583
2024-09-23,1759.9873903200241,0,900,900,52.2,0.0,0.0,0.0,0,0,100,18492.787390320023,18492.787390320023,18546.787390320023,20730.0,20730.0,20790.0,-2243.2126096799766,169.1668290349757
2024-09-24,1759.9873903200241,0,900,900,52.2,0.0,0.0,0.0,0,0,100,18717.787390320023,18717.787390320023,20229.787390320023,20980.0,20980.0,22660.0,-2430.2126096799766,356.26219996997605
2024-09-25,1759.9873903200241,0,900,900,52.2,0.0,0.0,0.0,0,0,100,20895.787390320023,20895.787390320023,20670.787390320023,23400.0,23400.0,23150.0,-2479.2126096799766,405.2871902149756
2024-09-26,1759.9873903200241,0,900,900,52.2,0.0,0.0,0.0,0,0,100,20706.787390320023,20706.787390320023,21201.787390320023,23190.0,23190.0,23740.0,-2538.2126096799766,464.3172805099759
2024-09-27,1759.9873903200241,0,900,900,52.2,0.0,0.0,0.0,0,0,100,21525.787390320023,21525.787390320023,22407.787390320023,24100.0,24100.0,25080.0,-2672.2126096799766,598.3856211799759
2024-09-30,1759.9873903200241,0,900,900,52.2,0.0,0.0,0.0,0,0,100,23577.787390320023,23577.787390320023,24378.787390320023,26380.0,26380.0,27270.0,-2891.2126096799766,817.4973122749755
2024-10-08,1759.9873903200241,0,900,900,52.2,0.0,0.0,0.0,0,0,100,26646.787390320023,26646.787390320023,26646.787390320023,29790.0,29790.0,29790.0,-3143.2126096799766,1069.625833534976
2024-10-09,1759.9873903200241,0,900,900,52.2,0.0,0.0,0.0,0,0,100,26637.787390320023,26637.787390320023,25107.787390320023,29780.0,29780.0,28080.0,-2972.2126096799766,898.5386226799758
2024-10-10,1759.9873903200241,0,900,900,52.2,0.0,0.0,0.0,0,0,100,25575.787390320023,25575.787390320023,24927.787390320023,28600.0,28600.0,27880.0,-2952.2126096799766,878.5284225799758
2024-10-11,1759.9873903200241,0,900,900,52.2,0.0,0.0,0.0,0,0,100,24567.787390320023,24567.787390320023,23838.787390320023,27480.0,27480.0,26670.0,-2831.2126096799766,757.4667119749759
2024-10-14,1759.9873903200241,0,900,900,52.2,0.0,0.0,0.0,0,0,100,23793.787390320023,23793.787390320023,24351.787390320023,26620.0,26620.0,27240.0,-2888.2126096799766,814.4957822599756
2024-10-15,1759.9873903200241,0,900,900,52.2,0.0,0.0,0.0,0,0,100,24378.787390320023,24378.787390320023,23847.787390320023,27270.0,27270.0,26680.0,-2832.2126096799766,758.4672219799761
2024-10-16,1759.9873903200241,0,900,900,52.2,0.0,0.0,0.0,0,0,100,22956.787390320023,22956.787390320023,22884.787390320023,25690.0,25690.0,25610.0,-2725.2126096799766,651.4126514449761
2024-10-17,1759.9873903200241,0,900,900,52.2,0.0,0.0,0.0,0,0,100,23100.787390320023,23100.787390320023,23046.787390320023,25850.0,25850.0,25790.0,-2743.2126096799766,669.421831534976
2024-10-18,1759.9873903200241,0,900,900,52.2,0.0,0.0,0.0,0,0,100,23289.787390320023,23289.787390320023,25179.787390320023,26060.0,26060.0,28160.0,-2980.2126096799766,906.5427027199755
2024-10-21,1759.9873903200241,0,900,900,52.2,0.0,0.0,0.0,0,0,100,25836.787390320023,25836.787390320023,25287.787390320023,28890.0,28890.0,28280.0,-2992.2126096799766,918.5488227799758
2024-10-22,1759.9873903200241,0,900,900,52.2,0.0,0.0,0.0,0,0,100,25548.787390320023,25548.787390320023,25341.787390320023,28570.0,28570.0,28340.0,-2998.2126096799766,924.5518828099755
2024-10-23,1759.9873903200241,0,900,900,52.2,0.0,0.0,0.0,0,0,100,24918.787390320023,24918.787390320023,24756.787390320023,27870.0,27870.0,27690.0,-2933.2126096799766,859.5187324849755
2024-10-24,1759.9873903200241,0,900,900,52.2,0.0,0.0,0.0,0,0,100,24351.787390320023,24351.787390320023,24522.787390320023,27240.0,27240.0,27430.0,-2907.2126096799766,833.5054723549758
2024-10-25,1759.9873903200241,0,900,900,52.2,0.0,0.0,0.0,0,0,100,24558.787390320023,24558.787390320023,24801.787390320023,27470.0,27470.0,27740.0,-2938.2126096799766,864.5212825099759
2024-10-28,1759.9873903200241,0,900,900,52.2,0.0,0.0,0.0,0,0,100,24486.787390320023,24486.787390320023,24441.787390320023,27390.0,27390.0,27340.0,-2898.2126096799766,824.5008823099759
2024-10-29,1759.9873903200241,0,900,900,52.2,0.0,0.0,0.0,0,0,100,24387.787390320023,24387.787390320023,24252.787390320023,27280.0,27280.0,27130.0,-2877.2126096799766,803.490172204976
2024-10-30,1759.9873903200241,0,900,900,52.2,0.0,0.0,0.0,0,0,100,24117.787390320023,24117.787390320023,24063.787390320023,26980.0,26980.0,26920.0,-2856.2126096799766,782.4794620999758
2024-10-31,1759.9873903200241,0,900,900,52.2,0.0,0.0,0.0,0,0,100,23757.787390320023,23757.787390320023,23532.787390320023,26580.0,26580.0,26330.0,-2797.2126096799766,723.449371804976
2024-11-01,1759.9873903200241,0,900,900,52.2,0.0,0.0,0.0,0,0,100,23172.787390320023,23172.787390320023,23019.787390320023,25930.0,25930.0,25760.0,-2740.2126096799766,666.4203015199757
2024-11-04,1759.9873903200241,0,900,900,52.2,0.0,0.0,0.0,0,0,100,23109.787390320023,23109.787390320023,23604.787390320023,25860.0,25860.0,26410.0,-2805.2126096799766,731.4534518449757
2024-11-05,1759.9873903200241,0,900,900,52.2,0.0,0.0,0.0,0,0,100,23613.787390320023,23613.787390320023,23982.787390320023,26420.0,26420.0,26830.0,-2847.2126096799766,773.4748720549758
2024-11-06,1759.9873903200241,0,900,900,52.2,0.0,0.0,0.0,0,0,100,24207.787390320023,24207.787390320023,23469.787390320023,27080.0,27080.0,26260.0,-2790.2126096799766,716.4458017699756
2024-11-07,1759.9873903200241,0,900,900,52.2,0.0,0.0,0.0,0,0,100,23271.787390320023,23271.787390320023,23883.787390320023,26040.0,26040.0,26720.0,-2836.2126096799766,762.4692619999757
2024-11-08,1759.9873903200241,0,900,900,52.2,0.0,0.0,0.0,0,0,100,24117.787390320023,24117.787390320023,25089.787390320023,26980.0,26980.0,28060.0,-2970.2126096799766,896.5376026699757
2024-11-11,1759.9873903200241,0,900,900,52.2,0.0,0.0,0.0,0,0,100,24477.787390320023,24477.787390320023,26016.787390320023,27380.0,27380.0,29090.0,-3073.2126096799766,999.5901331849761
2024-11-12,1759.9873903200241,0,900,900,52.2,0.0,0.0,0.0,0,0,100,26016.787390320023,26016.787390320023,24855.787390320023,29090.0,29090.0,27800.0,-2944.2126096799766,870.524342539976
2024-11-13,1759.9873903200241,0,900,900,52.2,0.0,0.0,0.0,0,0,100,24630.787390320023,24630.787390320023,25530.787390320023,27550.0,27550.0,28550.0,-3019.2126096799766,945.5625929149758
2024-11-14,1759.9873903200241,0,900,900,52.2,0.0,0.0,0.0,0,0,100,25629.787390320023,25629.787390320023,24090.787390320023,28660.0,28660.0,26950.0,-2859.2126096799766,785.4809921149761
2024-11-15,1759.9873903200241,0,900,900,52.2,0.0,0.0,0.0,0,0,100,24027.787390320023,24027.787390320023,23235.787390320023,26880.0,26880.0,26000.0,-2764.2126096799766,690.4325416399759
2024-11-18,1759.9873903200241,0,900,900,52.2,0.0,0.0,0.0,0,0,100,23235.787390320023,23235.787390320023,22623.787390320023,26000.0,26000.0,25320.0,-2696.2126096799766,622.3978612999756
2024-11-19,1759.9873903200241,0,900,900,52.2,0.0,0.0,0.0,0,0,100,22812.787390320023,22812.787390320023,23055.787390320023,25530.0,25530.0,25800.0,-2744.2126096799766,670.4223415399758
2024-11-20,1759.9873903200241,0,900,900,52.2,0.0,0.0,0.0,0,0,100,23037.787390320023,23037.787390320023,23307.787390320023,25780.0,25780.0,26080.0,-2772.2126096799766,698.4366216799756
2024-11-21,1759.9873903200241,0,900,900,52.2,0.0,0.0,0.0,0,0,100,22947.787390320023,22947.787390320023,22794.787390320023,25680.0,25680.0,25510.0,-2715.2126096799766,641.4075513949758
2024-11-22,1759.9873903200241,0,900,900,52.2,0.0,0.0,0.0,0,0,100,22848.787390320023,22848.787390320023,22263.787390320023,25570.0,25570.0,24920.0,-2656.2126096799766,582.3774610999756
2024-11-25,1759.9873903200241,0,900,900,52.2,0.0,0.0,0.0,0,0,100,22263.787390320023,22263.787390320023,21606.787390320023,24920.0,24920.0,24190.0,-2583.2126096799766,509.34023073497536
2024-11-26,1759.9873903200241,0,900,900,52.2,0.0,0.0,0.0,0,0,100,21408.787390320023,21408.787390320023,21588.787390320023,23970.0,23970.0,24170.0,-2581.2126096799766,507.33921072497577
2024-11-27,1759.9873903200241,0,900,900,52.2,0.0,0.0,0.0,0,0,100,21435.787390320023,21435.787390320023,21795.787390320023,24000.0,24000.0,24400.0,-2604.2126096799766,530.3509408399757
2024-11-28,1759.9873903200241,0,900,900,52.2,0.0,0.0,0.0,0,0,100,21795.787390320023,21795.787390320023,21372.787390320023,24400.0,24400.0,23930.0,-2557.2126096799766,483.32697060497566
2024-11-29,1759.9873903200241,0,900,900,52.2,0.0,0.0,0.0,0,0,100,21372.787390320023,21372.787390320023,21678.787390320023,23930.0,23930.0,24270.0,-2591.2126096799766,517.3443107749761
2024-12-02,1759.9873903200241,0,900,900,52.2,0.0,0.0,0.0,0,0,100,21570.787390320023,21570.787390320023,22011.787390320023,24150.0,24150.0,24640.0,-2628.2126096799766,554.3631809599758
2024-12-03,1759.9873903200241,0,900,900,52.2,0.0,0.0,0.0,0,0,100,22119.787390320023,22119.787390320023,21723.787390320023,24760.0,24760.0,24320.0,-2596.2126096799766,522.346860799976
2024-12-04,1759.9873903200241,0,900,900,52.2,0.0,0.0,0.0,0,0,100,21732.787390320023,21732.787390320023,21399.787390320023,24330.0,24330.0,23960.0,-2560.2126096799766,486.32850061997596
2024-12-05,1759.9873903200241,0,900,900,52.2,0.0,0.0,0.0,0,0,100,21435.787390320023,21435.787390320023,21993.787390320023,24000.0,24000.0,24620.0,-2626.2126096799766,552.3621609499758
2024-12-06,1759.9873903200241,0,900,900,52.2,0.0,0.0,0.0,0,0,100,21993.787390320023,21993.787390320023,22047.787390320023,24620.0,24620.0,24680.0,-2632.2126096799766,558.3652209799754
2024-12-09,1759.9873903200241,0,900,900,52.2,0.0,0.0,0.0,0,0,100,22065.787390320023,22065.787390320023,21624.787390320023,24700.0,24700.0,24210.0,-2585.2126096799766,511.34125074497587
2024-12-10,1759.9873903200241,0,900,900,52.2,0.0,0.0,0.0,0,0,100,22056.787390320023,22056.787390320023,21633.787390320023,24690.0,24690.0,24220.0,-2586.2126096799766,512.3417607499757
2024-12-11,1759.9873903200241,0,900,900,52.2,0.0,0.0,0.0,0,0,100,21597.787390320023,21597.787390320023,21804.787390320023,24180.0,24180.0,24410.0,-2605.2126096799766,531.351450844976
2024-12-12,1759.9873903200241,0,900,900,52.2,0.0,0.0,0.0,0,0,100,21840.787390320023,21840.787390320023,21813.787390320023,24450.0,24450.0,24420.0,-2606.2126096799766,532.3519608499757
2024-12-13,1759.9873903200241,0,900,900,52.2,0.0,0.0,0.0,0,0,100,21660.787390320023,21660.787390320023,20922.787390320023,24250.0,24250.0,23430.0,-2507.2126096799766,433.30147035497583
2024-12-16,1759.9873903200241,0,900,900,52.2,0.0,0.0,0.0,0,0,100,20787.787390320023,20787.787390320023,20661.787390320023,23280.0,23280.0,23140.0,-2478.2126096799766,404.2866802099758
2024-12-17,1759.9873903200241,0,900,900,52.2,0.0,0.0,0.0,0,0,100,20598.787390320023,20598.787390320023,21147.787390320023,23070.0,23070.0,23680.0,-2532.2126096799766,458.31422047997575
2024-12-18,1759.9873903200241,0,900,900,52.2,0.0,0.0,0.0,0,0,100,21165.787390320023,21165.787390320023,20976.787390320023,23700.0,23700.0,23490.0,-2513.2126096799766,439.3045303849755
2024-12-19,1759.9873903200241,0,900,900,52.2,0.0,0.0,0.0,0,0,100,20787.787390320023,20787.787390320023,21678.787390320023,23280.0,23280.0,24270.0,-2591.2126096799766,517.3443107749761
2024-12-20,1759.9873903200241,0,900,900,52.2,0.0,0.0,0.0,0,0,100,21534.787390320023,21534.787390320023,21525.787390320023,24110.0,24110.0,24100.0,-2574.2126096799766,500.3356406899754
2024-12-23,1759.9873903200241,0,900,900,52.2,0.0,0.0,0.0,0,0,100,21714.787390320023,21714.787390320023,21552.787390320023,24310.0,24310.0,24130.0,-2577.2126096799766,503.3371707049757
2024-12-24,1759.9873903200241,0,900,900,52.2,0.0,0.0,0.0,0,0,100,21606.787390320023,21606.787390320023,22407.787390320023,24190.0,24190.0,25080.0,-2672.2126096799766,598.3856211799759
2024-12-25,1759.9873903200241,0,900,900,52.2,0.0,0.0,0.0,0,0,100,22434.787390320023,22434.787390320023,22155.787390320023,25110.0,25110.0,24800.0,-2644.2126096799766,570.3713410399757
2024-12-26,1759.9873903200241,0,900,900,52.2,0.0,0.0,0.0,0,0,100,22083.787390320023,22083.787390320023,22704.787390320023,24720.0,24720.0,25410.0,-2705.2126096799766,631.4024513449756
2024-12-27,1759.9873903200241,0,900,900,52.2,0.0,0.0,0.0,0,0,100,22551.787390320023,22551.787390320023,22056.787390320023,25240.0,25240.0,24690.0,-2633.2126096799766,559.3657309849757
2024-12-30,1759.9873903200241,0,900,900,52.2,0.0,0.0,0.0,0,0,100,22002.787390320023,22002.787390320023,21912.787390320023,24630.0,24630.0,24530.0,-2617.2126096799766,543.3575709049758
2024-12-31,1759.9873903200241,0,900,900,52.2,0.0,0.0,0.0,0,0,100,21921.787390320023,21921.787390320023,21057.787390320023,24540.0,24540.0,23580.0,-2522.2126096799766,448.3091204299755
2025-01-02,1759.9873903200241,0,900,900,52.2,0.0,0.0,0.0,0,0,100,20967.787390320023,20967.787390320023,20346.787390320023,23480.0,23480.0,22790.0,-2443.2126096799766,369.2688300349757
2025-01-03,1759.9873903200241,0,900,900,52.2,0.0,0.0,0.0,0,0,100,20283.787390320023,20283.787390320023,20202.787390320023,22720.0,22720.0,22630.0,-2427.2126096799766,353.26066995497575
2025-01-06,1759.9873903200241,0,900,900,52.2,0.0,0.0,0.0,0,0,100,20418.787390320023,20418.787390320023,20310.787390320023,22870.0,22870.0,22750.0,-2439.2126096799766,365.26679001497604
2025-01-07,1759.9873903200241,0,900,900,52.2,0.0,0.0,0.0,0,0,100,20436.787390320023,20436.787390320023,20832.787390320023,22890.0,22890.0,23330.0,-2497.2126096799766,423.29637030497605
2025-01-08,1759.9873903200241,0,900,900,52.2,0.0,0.0,0.0,0,0,100,20517.787390320023,20517.787390320023,20274.787390320023,22980.0,22980.0,22710.0,-2435.2126096799766,361.26474999497594
2025-01-09,1759.9873903200241,0,900,900,52.2,0.0,0.0,0.0,0,0,100,20265.787390320023,20265.787390320023,20193.787390320023,22700.0,22700.0,22620.0,-2426.2126096799766,352.26015994997596
2025-01-10,1759.9873903200241,0,900,900,52.2,0.0,0.0,0.0,0,0,100,20148.787390320023,20148.787390320023,19482.787390320023,22570.0,22570.0,21830.0,-2347.2126096799766,273.2198695549759
2025-01-13,1759.9873903200241,0,900,900,52.2,0.0,0.0,0.0,0,0,100,19239.787390320023,19239.787390320023,19455.787390320023,21560.0,21560.0,21800.0,-2344.2126096799766,270.21833953997583
2025-01-14,1759.9873903200241,0,900,900,52.2,0.0,0.0,0.0,0,0,100,19482.787390320023,19482.787390320023,20220.787390320023,21830.0,21830.0,22650.0,-2429.2126096799766,355.2616899649758
2025-01-15,1759.9873903200241,0,900,900,52.2,0.0,0.0,0.0,0,0,100,20157.787390320023,20157.787390320023,19833.787390320023,22580.0,22580.0,22220.0,-2386.2126096799766,312.2397597499757
2025-01-16,1759.9873903200241,0,900,900,52.2,0.0,0.0,0.0,0,0,100,20022.787390320023,20022.787390320023,20463.787390320023,22430.0,22430.0,22920.0,-2456.2126096799766,382.27546009997576
2025-01-17,1759.9873903200241,0,900,900,52.2,0.0,0.0,0.0,0,0,100,20319.787390320023,20319.787390320023,20301.787390320023,22760.0,22760.0,22740.0,-2438.2126096799766,364.2662800099758
2025-01-20,1759.9873903200241,0,900,900,0.0,0.0,0.0,0.0,0,0,100,20578.987390320024,20578.987390320024,20452.987390320024,22990.0,22990.0,22850.0,-2397.012609679976,323.07189006497583
2025-01-21,1759.9873903200241,0,900,900,0.0,0.0,0.0,0.0,0,0,100,20623.987390320024,20623.987390320024,20848.987390320024,23040.0,23040.0,23290.0,-2441.012609679976,367.09433028497597
2025-01-22,1759.9873903200241,0,900,900,0.0,0.0,0.0,0.0,0,0,100,21037.987390320024,21037.987390320024,22756.987390320024,23500.0,23500.0,25410.0,-2653.012609679976,579.2024513449755
2025-01-23,1759.9873903200241,0,900,900,0.0,0.0,0.0,0.0,0,0,100,23188.987390320024,23188.987390320024,22459.987390320024,25890.0,25890.0,25080.0,-2620.012609679976,546.1856211799759
2025-01-24,1759.9873903200241,0,900,900,0.0,0.0,0.0,0.0,0,0,100,22198.987390320024,22198.987390320024,22774.987390320024,24790.0,24790.0,25430.0,-2655.012609679976,581.203471354976
2025-01-27,1759.9873903200241,0,900,900,0.0,0.0,0.0,0.0,0,0,100,22054.987390320024,22054.987390320024,21064.987390320024,24630.0,24630.0,23530.0,-2465.012609679976,391.1065704049756
2025-02-05,1759.9873903200241,0,900,900,0.0,0.0,0.0,0.0,0,0,100,20263.987390320024,20263.987390320024,19759.987390320024,22640.0,22640.0,22080.0,-2320.012609679976,246.03261967997582
2025-02-06,1759.9873903200241,0,900,900,0.0,0.0,0.0,0.0,0,0,100,20038.987390320024,20038.987390320024,20191.987390320024,22390.0,22390.0,22560.0,-2368.012609679976,294.0570999199758
2025-02-07,1759.9873903200241,0,900,900,0.0,0.0,0.0,0.0,0,0,100,20362.987390320024,20362.987390320024,21154.987390320024,22750.0,22750.0,23630.0,-2475.012609679976,401.11167045497587
2025-02-10,1759.9873903200241,0,900,900,0.0,0.0,0.0,0.0,0,0,100,21253.987390320024,21253.987390320024,21307.987390320024,23740.0,23740.0,23800.0,-2492.012609679976,418.1203405399756
2025-02-11,1759.9873903200241,0,900,900,0.0,0.0,0.0,0.0,0,0,100,21379.987390320024,21379.987390320024,21352.987390320024,23880.0,23880.0,23850.0,-2497.012609679976,423.12289056497593
2025-02-12,1759.9873903200241,0,900,900,0.0,0.0,0.0,0.0,0,0,100,21307.987390320024,21307.987390320024,21694.987390320024,23800.0,23800.0,24230.0,-2535.012609679976,461.1422707549759
2025-02-13,1759.9873903200241,0,900,900,0.0,0.0,0.0,0.0,0,0,100,21604.987390320024,21604.987390320024,21370.987390320024,24130.0,24130.0,23870.0,-2499.012609679976,425.123910574976
2025-02-14,1759.9873903200241,0,900,900,0.0,0.0,0.0,0.0,0,0,100,21388.987390320024,21388.987390320024,21649.987390320024,23890.0,23890.0,24180.0,-2530.012609679976,456.13972072997603
2025-02-17,1759.9873903200241,0,900,900,0.0,0.0,0.0,0.0,0,0,100,21973.987390320024,21973.987390320024,22369.987390320024,24540.0,24540.0,24980.0,-2610.012609679976,536.1805211299757
2025-02-18,1759.9873903200241,0,900,900,0.0,0.0,0.0,0.0,0,0,100,22369.987390320024,22369.987390320024,22171.987390320024,24980.0,24980.0,24760.0,-2588.012609679976,514.169301019976
2025-02-19,1759.9873903200241,0,900,900,0.0,0.0,0.0,0.0,0,0,100,22099.987390320024,22099.987390320024,22675.987390320024,24680.0,24680.0,25320.0,-2644.012609679976,570.1978612999756
2025-02-20,1759.9873903200241,0,900,900,0.0,0.0,0.0,0.0,0,0,100,22504.987390320024,22504.987390320024,22117.987390320024,25130.0,25130.0,24700.0,-2582.012609679976,508.1662409899759
2025-02-21,1759.9873903200241,0,900,900,0.0,0.0,0.0,0.0,0,0,100,22342.987390320024,22342.987390320024,22639.987390320024,24950.0,24950.0,25280.0,-2640.012609679976,566.1958212799759
2025-02-24,1759.9873903200241,0,900,900,0.0,0.0,0.0,0.0,0,0,100,22801.987390320024,22801.987390320024,22648.987390320024,25460.0,25460.0,25290.0,-2641.012609679976,567.1963312849757
2025-02-25,1759.9873903200241,0,900,900,0.0,0.0,0.0,0.0,0,0,100,22279.987390320024,22279.987390320024,22531.987390320024,24880.0,24880.0,25160.0,-2628.012609679976,554.1897012199761
2025-02-26,1759.9873903200241,0,900,900,0.0,0.0,0.0,0.0,0,0,100,22450.987390320024,22450.987390320024,22252.987390320024,25070.0,25070.0,24850.0,-2597.012609679976,523.173891064976
2025-02-27,1759.9873903200241,0,900,900,0.0,0.0,0.0,0.0,0,0,100,22369.987390320024,22369.987390320024,21523.987390320024,24980.0,24980.0,24040.0,-2516.012609679976,442.1325806599757
2025-02-28,1759.9873903200241,0,900,900,0.0,0.0,0.0,0.0,0,0,100,20749.987390320024,20749.987390320024,20830.987390320024,23180.0,23180.0,23270.0,-2439.012609679976,365.0933102749759
2025-03-03,1759.9873903200241,0,900,900,0.0,0.0,0.0,0.0,0,0,100,20992.987390320024,20992.987390320024,20722.987390320024,23450.0,23450.0,23150.0,-2427.012609679976,353.08719021497564
2025-03-04,1759.9873903200241,0,900,900,0.0,0.0,0.0,0.0,0,0,100,20110.987390320024,20110.987390320024,20695.987390320024,22470.0,22470.0,23120.0,-2424.012609679976,350.08566019997534
2025-03-05,1759.9873903200241,0,900,900,0.0,0.0,0.0,0.0,0,0,100,20695.987390320024,20695.987390320024,20695.987390320024,23120.0,23120.0,23120.0,-2424.012609679976,350.08566019997534
2025-03-06,1759.9873903200241,0,900,900,0.0,0.0,0.0,0.0,0,0,100,20839.987390320024,20839.987390320024,20947.987390320024,23280.0,23280.0,23400.0,-2452.012609679976,378.09994033997555
2025-03-07,1759.9873903200241,0,900,900,0.0,0.0,0.0,0.0,0,0,100,20776.987390320024,20776.987390320024,20542.987390320024,23210.0,23210.0,22950.0,-2407.012609679976,333.0769901149756
2025-03-10,1759.9873903200241,0,900,900,0.0,0.0,0.0,0.0,0,0,100,20596.987390320024,20596.987390320024,20686.987390320024,23010.0,23010.0,23110.0,-2423.012609679976,349.085150194976
2025-03-11,1759.9873903200241,0,900,900,0.0,0.0,0.0,0.0,0,0,100,20308.987390320024,20308.987390320024,20497.987390320024,22690.0,22690.0,22900.0,-2402.012609679976,328.0744400899757
2025-03-12,1759.9873903200241,0,900,900,0.0,0.0,0.0,0.0,0,0,100,20587.987390320024,20587.987390320024,20578.987390320024,23000.0,23000.0,22990.0,-2411.012609679976,337.0790301349757
2025-03-13,1759.9873903200241,0,900,900,0.0,0.0,0.0,0.0,0,0,100,20686.987390320024,20686.987390320024,20362.987390320024,23110.0,23110.0,22750.0,-2387.012609679976,313.06679001497605
2025-03-14,1759.9873903200241,0,900,900,0.0,0.0,0.0,0.0,0,0,100,20488.987390320024,20488.987390320024,20893.987390320024,22890.0,22890.0,23340.0,-2446.012609679976,372.09688030997586
2025-03-17,1759.9873903200241,0,900,900,0.0,0.0,0.0,0.0,0,0,100,21199.987390320024,21199.987390320024,21127.987390320024,23680.0,23680.0,23600.0,-2472.012609679976,398.110140439976
2025-03-18,1759.9873903200241,0,900,900,0.0,0.0,0.0,0.0,0,0,100,21091.987390320024,21091.987390320024,21145.987390320024,23560.0,23560.0,23620.0,-2474.012609679976,400.1111604499756
2025-03-19,1759.9873903200241,0,900,900,0.0,0.0,0.0,0.0,0,0,100,21019.987390320024,21019.987390320024,20677.987390320024,23480.0,23480.0,23100.0,-2422.012609679976,348.08464018997574
2025-03-20,1759.9873903200241,0,900,900,0.0,0.0,0.0,0.0,0,0,100,20758.987390320024,20758.987390320024,20524.987390320024,23190.0,23190.0,22930.0,-2405.012609679976,331.075970104976
2025-03-21,1759.9873903200241,0,900,900,0.0,0.0,0.0,0.0,0,0,100,20461.987390320024,20461.987390320024,20326.987390320024,22860.0,22860.0,22710.0,-2383.012609679976,309.06474999497595
2025-03-24,1759.9873903200241,0,900,900,0.0,0.0,0.0,0.0,0,0,100,20380.987390320024,20380.987390320024,20515.987390320024,22770.0,22770.0,22920.0,-2404.012609679976,330.07546009997577
2025-03-25,1759.9873903200241,0,900,900,0.0,0.0,0.0,0.0,0,0,100,20470.987390320024,20470.987390320024,20218.987390320024,22870.0,22870.0,22590.0,-2371.012609679976,297.05862993497567
2025-03-26,1759.9873903200241,0,900,900,0.0,0.0,0.0,0.0,0,0,100,20146.987390320024,20146.987390320024,20101.987390320024,22510.0,22510.0,22460.0,-2358.012609679976,284.0519998699756
2025-03-27,1759.9873903200241,0,900,900,0.0,0.0,0.0,0.0,0,0,100,19948.987390320024,19948.987390320024,19957.987390320024,22290.0,22290.0,22300.0,-2342.012609679976,268.0438397899759
2025-03-28,1759.9873903200241,0,900,900,0.0,0.0,0.0,0.0,0,0,100,19939.987390320024,19939.987390320024,19741.987390320024,22280.0,22280.0,22060.0,-2318.012609679976,244.03159966997578
2025-03-31,1759.9873903200241,0,900,900,0.0,0.0,0.0,0.0,0,0,100,19579.987390320024,19579.987390320024,19633.987390320024,21880.0,21880.0,21940.0,-2306.012609679976,232.02547960997572
2025-04-01,1759.9873903200241,0,900,900,0.0,0.0,0.0,0.0,0,0,100,19714.987390320024,19714.987390320024,19777.987390320024,22030.0,22030.0,22100.0,-2322.012609679976,248.03363968997587
2025-04-02,1759.9873903200241,0,900,900,0.0,0.0,0.0,0.0,0,0,100,19714.987390320024,19714.987390320024,19759.987390320024,22030.0,22030.0,22080.0,-2320.012609679976,246.03261967997582
2025-04-03,1759.9873903200241,0,900,900,0.0,0.0,0.0,0.0,0,0,100,19444.987390320024,19444.987390320024,18904.987390320024,21730.0,21730.0,21130.0,-2225.012609679976,150.98416920497584
2025-04-07,39.112731745024576,0,1000,1000,0.0,5.017158575,0.0,0.0,100,0,0,17194.98739032002,17189.112731745023,17189.112731745023,19230.0,19230.0,19230.0,-2040.8872682549772,0.0
2025-04-08,39.112731745024576,0,1000,1000,0.0,0.0,0.0,0.0,0,0,0,16329.112731745025,16329.112731745025,15479.112731745025,18370.0,18370.0,17520.0,-2040.8872682549754,0.0
2025-04-09,39.112731745024576,0,1000,1000,0.0,0.0,0.0,0.0,0,0,0,14619.112731745025,14619.112731745025,16369.112731745023,16660.0,16660.0,18410.0,-2040.8872682549772,0.0
2025-04-10,17975.977711545027,0,0,0,0.0,14.155020200000001,0.0,0.0,0,1000,0,17939.112731745023,17939.112731745023,17975.977711545027,19980.0,19980.0,20040.0,-2064.022288454973,0.0
2025-04-11,311.9761232950259,0,1000,1000,0.0,5.17658825,0.0,0.0,1000,0,0,17975.977711545027,17961.976123295026,18111.976123295026,19730.0,19730.0,19880.0,-1768.023876704974,0.0
2025-04-14,18208.881492895027,0,0,0,0.0,14.1346304,0.0,0.0,0,1000,0,18711.976123295026,18711.976123295026,18208.881492895027,20480.0,20480.0,20000.0,-1791.118507104973,0.0
2025-04-15,274.74220329502714,0,1000,1000,0.0,5.1792896,0.0,0.0,1000,0,0,18208.881492895027,18194.742203295027,18374.742203295027,20000.0,20000.0,20180.0,-1805.2577967049729,0.0
2025-04-16,274.74220329502714,0,1000,1000,0.0,0.0,0.0,0.0,0,0,0,18274.742203295027,18274.742203295027,17774.742203295027,20080.0,20080.0,19580.0,-1805.2577967049729,0.0
2025-04-17,274.74220329502714,0,1000,1000,0.0,0.0,0.0,0.0,0,0,0,17494.742203295027,17494.742203295027,17674.742203295027,19300.0,19300.0,19480.0,-1805.2577967049729,0.0
2025-04-18,274.74220329502714,0,1000,1000,0.0,0.0,0.0,0.0,0,0,0,17674.742203295027,17674.742203295027,17834.742203295027,19480.0,19480.0,19640.0,-1805.2577967049729,0.0
2025-04-21,274.74220329502714,0,1000,1000,0.0,0.0,0.0,0.0,0,0,0,17824.742203295027,17824.742203295027,18084.742203295027,19630.0,19630.0,19890.0,-1805.2577967049729,0.0
2025-04-22,274.74220329502714,0,1000,1000,0.0,0.0,0.0,0.0,0,0,0,17974.742203295027,17974.742203295027,18054.742203295027,19780.0,19780.0,19860.0,-1805.2577967049729,0.0
2025-04-23,274.74220329502714,0,1000,1000,0.0,0.0,0.0,0.0,0,0,0,18464.742203295027,18464.742203295027,18514.742203295027,20270.0,20270.0,20320.0,-1805.2577967049729,0.0
2025-04-24,274.74220329502714,0,1000,1000,0.0,0.0,0.0,0.0,0,0,0,18534.742203295027,18534.742203295027,18194.742203295027,20340.0,20340.0,20000.0,-1805.2577967049729,0.0
2025-04-25,274.74220329502714,0,1000,1000,0.0,0.0,0.0,0.0,0,0,0,18364.742203295027,18364.742203295027,18514.742203295027,20170.0,20170.0,20320.0,-1805.2577967049729,0.0
2025-04-28,274.74220329502714,0,1000,1000,0.0,0.0,0.0,0.0,0,0,0,18534.742203295027,18534.742203295027,18274.742203295027,20340.0,20340.0,20080.0,-1805.2577967049729,0.0
2025-04-29,274.74220329502714,0,1000,1000,0.0,0.0,0.0,0.0,0,0,0,18264.742203295027,18264.742203295027,18364.742203295027,20070.0,20070.0,20170.0,-1805.2577967049729,0.0
2025-04-30,274.74220329502714,0,1000,1000,0.0,0.0,0.0,0.0,0,0,0,18524.742203295027,18524.742203295027,18334.742203295027,20330.0,20330.0,20140.0,-1805.2577967049729,0.0
2025-05-06,274.74220329502714,0,1000,1000,0.0,0.0,0.0,0.0,0,0,0,18574.742203295027,18574.742203295027,19084.742203295027,20380.0,20380.0,20890.0,-1805.2577967049729,0.0
2025-05-07,274.74220329502714,0,1000,1000,0.0,0.0,0.0,0.0,0,0,0,19364.742203295027,19364.742203295027,18904.742203295027,21170.0,21170.0,20710.0,-1805.2577967049729,0.0
2025-05-08,19280.52675594503,0,0,0,0.0,14.700447350000001,0.0,0.0,0,1000,0,18974.742203295027,18974.742203295027,19280.52675594503,20780.0,20780.0,21110.0,-1829.4732440549706,0.0
2025-05-09,355.8825613950321,0,1000,1000,0.0,5.18919455,0.0,0.0,1000,0,0,19280.52675594503,19265.882561395032,19045.882561395032,20990.0,20990.0,20770.0,-1724.117438604968,0.0
2025-05-12,355.8825613950321,0,1000,1000,0.0,0.0,0.0,0.0,0,0,0,19465.882561395032,19465.882561395032,19625.882561395032,21190.0,21190.0,21350.0,-1724.117438604968,0.0
2025-05-13,355.8825613950321,0,1000,1000,0.0,0.0,0.0,0.0,0,0,0,20155.882561395032,20155.882561395032,19445.882561395032,21880.0,21880.0,21170.0,-1724.117438604968,0.0
2025-05-14,19881.142046645033,0,0,0,0.0,14.965514750000002,0.0,0.0,0,1000,0,19835.882561395032,19835.882561395032,19881.142046645033,21560.0,21560.0,21630.0,-1748.8579533549673,0.0
2025-05-15,306.1663488450322,0,1000,1000,0.0,5.1956978,0.0,0.0,1000,0,0,19881.142046645033,19866.166348845032,19406.166348845032,21640.0,21640.0,21180.0,-1773.8336511549678,0.0
2025-05-16,306.1663488450322,0,1000,1000,0.0,0.0,0.0,0.0,0,0,0,19306.166348845032,19306.166348845032,19526.166348845032,21080.0,21080.0,21300.0,-1773.8336511549678,0.0
2025-05-19,306.1663488450322,0,1000,1000,0.0,0.0,0.0,0.0,0,0,0,19366.166348845032,19366.166348845032,19356.166348845032,21140.0,21140.0,21130.0,-1773.8336511549678,0.0
2025-05-20,306.1663488450322,0,1000,1000,0.0,0.0,0.0,0.0,0,0,0,19356.166348845032,19356.166348845032,19366.166348845032,21130.0,21130.0,21140.0,-1773.8336511549678,0.0
2025-05-21,306.1663488450322,0,1000,1000,0.0,0.0,0.0,0.0,0,0,0,19366.166348845032,19366.166348845032,19276.166348845032,21140.0,21140.0,21050.0,-1773.8336511549678,0.0
2025-05-22,306.1663488450322,0,1000,1000,0.0,0.0,0.0,0.0,0,0,0,19186.166348845032,19186.166348845032,19356.166348845032,20960.0,20960.0,21130.0,-1773.8336511549678,0.0
2025-05-23,306.1663488450322,0,1000,1000,0.0,0.0,0.0,0.0,0,0,0,19386.166348845032,19386.166348845032,19096.166348845032,21160.0,21160.0,20870.0,-1773.8336511549678,0.0
2025-05-26,306.1663488450322,0,1000,1000,0.0,0.0,0.0,0.0,0,0,0,19146.166348845032,19146.166348845032,19066.166348845032,20920.0,20920.0,20840.0,-1773.8336511549678,0.0
2025-05-27,306.1663488450322,0,1000,1000,0.0,0.0,0.0,0.0,0,0,0,19066.166348845032,19066.166348845032,18776.166348845032,20840.0,20840.0,20550.0,-1773.8336511549678,0.0
2025-05-28,306.1663488450322,0,1000,1000,0.0,0.0,0.0,0.0,0,0,0,18806.166348845032,18806.166348845032,18886.166348845032,20580.0,20580.0,20660.0,-1773.8336511549678,0.0
2025-05-29,19981.274372345033,0,0,0,0.0,15.041976500000002,0.0,0.0,0,1000,0,19116.166348845032,19116.166348845032,19981.274372345033,20890.0,20890.0,21780.0,-1798.725627654967,0.0
2025-05-30,646.4210757450346,0,1000,1000,0.0,5.1932966,0.0,0.0,1000,0,0,19981.274372345033,19966.421075745035,19576.421075745035,21400.0,21400.0,21010.0,-1433.5789242549654,0.0
2025-06-03,646.4210757450346,0,1000,1000,0.0,0.0,0.0,0.0,0,0,0,19466.421075745035,19466.421075745035,19436.421075745035,20900.0,20900.0,20870.0,-1433.5789242549654,0.0
2025-06-04,646.4210757450346,0,1000,1000,0.0,0.0,0.0,0.0,0,0,0,19596.421075745035,19596.421075745035,20076.421075745035,21030.0,21030.0,21510.0,-1433.5789242549654,0.0
2025-06-05,21180.660718545038,0,0,0,0.0,15.480357200000002,0.0,0.0,0,1000,0,20026.421075745035,20026.421075745035,21180.660718545038,21460.0,21460.0,22640.0,-1459.3392814549625,0.0
2025-06-06,665.2056160450375,0,1000,1000,0.0,5.2051025,0.0,0.0,1000,0,0,21180.660718545038,21165.205616045037,20975.205616045037,22580.0,22580.0,22390.0,-1414.7943839549625,0.0
2025-06-09,21069.576525695036,0,0,0,0.0,15.41409035,0.0,0.0,0,1000,0,21185.205616045037,21185.205616045037,21069.576525695036,22600.0,22600.0,22510.0,-1440.4234743049637,0.0
2025-06-10,604.1469234450378,0,1000,1000,0.0,5.20460225,0.0,0.0,1000,0,0,21069.576525695036,21054.146923445038,20764.146923445038,22530.0,22530.0,22240.0,-1475.8530765549622,0.0
2025-06-11,604.1469234450378,0,1000,1000,0.0,0.0,0.0,0.0,0,0,0,20854.146923445038,20854.146923445038,21004.146923445038,22330.0,22330.0,22480.0,-1475.8530765549622,0.0
2025-06-12,604.1469234450378,0,1000,1000,0.0,0.0,0.0,0.0,0,0,0,20854.146923445038,20854.146923445038,21264.146923445038,22330.0,22330.0,22740.0,-1475.8530765549622,0.0
2025-06-13,604.1469234450378,0,1000,1000,0.0,0.0,0.0,0.0,0,0,0,21204.146923445038,21204.146923445038,21504.146923445038,22680.0,22680.0,22980.0,-1475.8530765549622,0.0
2025-06-16,604.1469234450378,0,1000,1000,0.0,0.0,0.0,0.0,0,0,0,21454.146923445038,21454.146923445038,21824.146923445038,22930.0,22930.0,23300.0,-1475.8530765549622,0.0
2025-06-17,604.1469234450378,0,1000,1000,0.0,0.0,0.0,0.0,0,0,0,21914.146923445038,21914.146923445038,21204.146923445038,23390.0,23390.0,22680.0,-1475.8530765549622,0.0
2025-06-18,604.1469234450378,0,1000,1000,0.0,0.0,0.0,0.0,0,0,0,21254.146923445038,21254.146923445038,21764.146923445038,22730.0,22730.0,23240.0,-1475.8530765549622,0.0
2025-06-19,604.1469234450378,0,1000,1000,0.0,0.0,0.0,0.0,0,0,0,21704.146923445038,21704.146923445038,21414.146923445038,23180.0,23180.0,22890.0,-1475.8530765549622,0.0
2025-06-20,604.1469234450378,0,1000,1000,0.0,0.0,0.0,0.0,0,0,0,21514.146923445038,21514.146923445038,21194.146923445038,22990.0,22990.0,22670.0,-1475.8530765549622,0.0
2025-06-23,604.1469234450378,0,1000,1000,0.0,0.0,0.0,0.0,0,0,0,21034.146923445038,21034.146923445038,20804.146923445038,22510.0,22510.0,22280.0,-1475.8530765549622,0.0
2025-06-24,604.1469234450378,0,1000,1000,0.0,0.0,0.0,0.0,0,0,0,21014.146923445038,21014.146923445038,20894.146923445038,22490.0,22490.0,22370.0,-1475.8530765549622,0.0
2025-06-25,604.1469234450378,0,1000,1000,0.0,0.0,0.0,0.0,0,0,0,21094.146923445038,21094.146923445038,21584.146923445038,22570.0,22570.0,23060.0,-1475.8530765549622,0.0
2025-06-26,21617.901888645036,0,0,0,0.0,15.725034800000001,0.0,0.0,0,1000,0,22004.146923445038,22004.146923445038,21617.901888645036,23480.0,23480.0,23120.0,-1502.0981113549642,0.0
2025-06-27,562.1713834450347,0,1000,1000,0.0,5.2105052,0.0,0.0,1000,0,0,21617.901888645036,21602.171383445035,21912.171383445035,23120.0,23120.0,23430.0,-1517.8286165549653,0.0
2025-06-30,562.1713834450347,0,1000,1000,0.0,0.0,0.0,0.0,0,0,0,22042.171383445035,22042.171383445035,21942.171383445035,23560.0,23560.0,23460.0,-1517.8286165549653,0.0
2025-07-01,562.1713834450347,0,1000,1000,0.0,0.0,0.0,0.0,0,0,0,21822.171383445035,21822.171383445035,21962.171383445035,23340.0,23340.0,23480.0,-1517.8286165549653,0.0
2025-07-02,562.1713834450347,0,1000,1000,0.0,0.0,0.0,0.0,0,0,0,21762.171383445035,21762.171383445035,21722.171383445035,23280.0,23280.0,23240.0,-1517.8286165549653,0.0
2025-07-03,23813.664519845035,0,0,0,0.0,16.866863600000002,0.0,0.0,0,1000,0,21822.171383445035,21822.171383445035,23813.664519845035,23340.0,23340.0,25360.0,-1546.335480154965,0.0
2025-07-04,486.7763032950352,0,1000,1000,0.0,5.23321655,0.0,0.0,1000,0,0,23813.664519845035,23796.776303295035,24296.776303295035,25390.0,25390.0,25890.0,-1593.2236967049648,0.0
2025-07-07,24437.562618195036,0,0,0,0.0,17.223685100000004,0.0,0.0,0,1000,0,24286.776303295035,24286.776303295035,24437.562618195036,25880.0,25880.0,26060.0,-1622.4373818049644,0.0
2025-07-08,2029.142586235037,0,900,900,0.0,5.22403196,0.0,0.0,900,0,100,24437.562618195036,24421.142586235037,25771.142586235037,26960.0,26960.0,28460.0,-2688.857413764963,615.2028069549629
2025-07-09,2029.142586235037,0,900,900,0.0,0.0,0.0,0.0,0,0,100,26329.142586235037,26329.142586235037,25969.142586235037,29080.0,29080.0,28680.0,-2710.857413764963,637.2140270649629
2025-07-10,2029.142586235037,0,900,900,0.0,0.0,0.0,0.0,0,0,100,26239.142586235037,26239.142586235037,25573.142586235037,28980.0,28980.0,28240.0,-2666.857413764963,593.1915868449628
2025-07-11,2029.142586235037,0,900,900,0.0,0.0,0.0,0.0,0,0,100,25519.142586235037,25519.142586235037,25429.142586235037,28180.0,28180.0,28080.0,-2650.857413764963,577.1834267649629
2025-07-14,2029.142586235037,0,900,900,0.0,0.0,0.0,0.0,0,0,100,25429.142586235037,25429.142586235037,25357.142586235037,28080.0,28080.0,28000.0,-2642.857413764963,569.1793467249627
2025-07-15,2029.142586235037,0,900,900,0.0,0.0,0.0,0.0,0,0,100,25699.142586235037,25699.142586235037,26554.142586235037,28380.0,28380.0,29330.0,-2775.857413764963,702.2471773899629
2025-07-16,2029.142586235037,0,900,900,0.0,0.0,0.0,0.0,0,0,100,26320.142586235037,26320.142586235037,26086.142586235037,29070.0,29070.0,28810.0,-2723.857413764963,650.220657129963
2025-07-17,2029.142586235037,0,900,900,0.0,0.0,0.0,0.0,0,0,100,25996.142586235037,25996.142586235037,26779.142586235037,28710.0,28710.0,29580.0,-2800.857413764963,727.2599275149628
2025-07-18,2029.142586235037,0,900,900,0.0,0.0,0.0,0.0,0,0,100,26770.142586235037,26770.142586235037,26428.142586235037,29570.0,29570.0,29190.0,-2761.857413764963,688.2400373199625
2025-07-21,2029.142586235037,0,900,900,0.0,0.0,0.0,0.0,0,0,100,26329.142586235037,26329.142586235037,26347.142586235037,29080.0,29080.0,29100.0,-2752.857413764963,679.2354472749626
2025-07-22,2029.142586235037,0,900,900,0.0,0.0,0.0,0.0,0,0,100,26329.142586235037,26329.142586235037,26293.142586235037,29080.0,29080.0,29040.0,-2746.857413764963,673.2323872449629
2025-07-23,2029.142586235037,0,900,900,0.0,0.0,0.0,0.0,0,0,100,25879.142586235037,25879.142586235037,25951.142586235037,28580.0,28580.0,28660.0,-2708.857413764963,635.2130070549629
2025-07-24,2029.142586235037,0,900,900,0.0,0.0,0.0,0.0,0,0,100,26500.142586235037,26500.142586235037,27634.142586235037,29270.0,29270.0,30530.0,-2895.857413764963,822.3083779899625
2025-07-25,2029.142586235037,0,900,900,0.0,0.0,0.0,0.0,0,0,100,27634.142586235037,27634.142586235037,27823.142586235037,30530.0,30530.0,30740.0,-2916.857413764963,843.3190880949628
2025-07-28,2029.142586235037,0,900,900,0.0,0.0,0.0,0.0,0,0,100,28075.142586235037,28075.142586235037,28642.142586235037,31020.0,31020.0,31650.0,-3007.857413764963,934.3654985499629
2025-07-29,2029.142586235037,0,900,900,0.0,0.0,0.0,0.0,0,0,100,28633.142586235037,28633.142586235037,30100.142586235037,31640.0,31640.0,33270.0,-3169.857413764963,1096.4481193599627
2025-07-30,2029.142586235037,0,900,900,0.0,0.0,0.0,0.0,0,0,100,29929.142586235037,29929.142586235037,31981.142586235037,33080.0,33080.0,35360.0,-3378.857413764963,1305.5547104049629
2025-07-31,2605.142586235037,0,900,900,115.2,0.0,0.0,576.0,0,0,100,32423.942586235036,32423.942586235036,33638.94258623504,35980.0,35980.0,37330.0,-3691.05741376496,977.8225410699627
2025-08-01,2605.142586235037,0,900,900,115.2,0.0,0.0,0.0,0,0,100,33089.94258623504,33089.94258623504,32189.942586235036,36720.0,36720.0,35720.0,-3530.0574137649637,816.7404302649627
2025-08-04,2605.142586235037,0,900,900,115.2,0.0,0.0,0.0,0,0,100,31649.942586235036,31649.942586235036,32162.942586235036,35120.0,35120.0,35690.0,-3527.0574137649637,813.7389002499629
2025-08-05,2605.142586235037,0,900,900,115.2,0.0,0.0,0.0,0,0,100,32639.942586235036,32639.942586235036,34034.94258623503,36220.0,36220.0,37770.0,-3735.0574137649674,1021.8449812899623
2025-08-06,2605.142586235037,0,900,900,115.2,0.0,0.0,0.0,0,0,100,33179.94258623504,33179.94258623504,33359.94258623503,36820.0,36820.0,37020.0,-3660.0574137649674,946.8067309149621
2025-08-07,2605.142586235037,0,900,900,115.2,0.0,0.0,0.0,0,0,100,35069.94258623505,35069.94258623505,34574.94258623504,38920.0,38920.0,38370.0,-3795.05741376496,1081.8755815899628
2025-08-08,2605.142586235037,0,900,900,115.2,0.0,0.0,0.0,0,0,100,34646.94258623503,34646.94258623503,35420.94258623504,38450.0,38450.0,39310.0,-3889.05741376496,1175.9235220599633
2025-08-11,2605.142586235037,0,900,900,57.6,0.0,0.0,0.0,0,0,100,35397.54258623504,35397.54258623504,35262.54258623504,39220.0,39220.0,39070.0,-3807.4574137649615,1094.3112819399626
2025-08-12,2605.142586235037,0,900,900,57.6,0.0,0.0,0.0,0,0,100,35370.54258623504,35370.54258623504,38286.54258623504,39190.0,39190.0,42430.0,-4143.4574137649615,1430.4826436199628
2025-08-13,2605.142586235037,0,900,900,57.6,0.0,0.0,0.0,0,0,100,38295.54258623504,38295.54258623504,41859.54258623504,42440.0,42440.0,46400.0,-4540.4574137649615,1827.685115604963
2025-08-14,2605.142586235037,0,900,900,57.6,0.0,0.0,0.0,0,0,100,42111.54258623504,42111.54258623504,41445.54258623504,46680.0,46680.0,45940.0,-4494.4574137649615,1781.6616553749632
2025-08-15,2605.142586235037,0,900,900,57.6,0.0,0.0,0.0,0,0,100,40878.54258623504,40878.54258623504,42921.54258623504,45310.0,45310.0,47580.0,-4658.4574137649615,1945.7452961949625
2025-08-18,2605.142586235037,0,900,900,57.6,0.0,0.0,0.0,0,0,100,42867.54258623504,42867.54258623504,42561.54258623504,47520.0,47520.0,47180.0,-4618.4574137649615,1905.7248959949625
2025-08-19,2605.142586235037,0,900,900,57.6,0.0,0.0,0.0,0,0,100,42165.54258623504,42165.54258623504,46566.54258623504,46740.0,46740.0,51630.0,-5063.4574137649615,2350.9518482199624
2025-08-20,2605.142586235037,0,900,900,57.6,0.0,0.0,0.0,0,0,100,44397.54258623504,44397.54258623504,45666.54258623504,49220.0,49220.0,50630.0,-4963.4574137649615,2250.9008477199627
2025-08-21,2605.142586235037,0,900,900,57.6,0.0,0.0,0.0,0,0,100,45225.54258623504,45225.54258623504,43308.54258623504,50140.0,50140.0,48010.0,-4701.4574137649615,1988.7672264099624
2025-08-22,2605.142586235037,0,900,900,57.6,0.0,0.0,0.0,0,0,100,42597.54258623504,42597.54258623504,43794.54258623504,47220.0,47220.0,48550.0,-4755.4574137649615,2042.7947666799623
2025-08-25,2605.142586235037,0,900,900,57.6,0.0,0.0,0.0,0,0,100,44397.54258623504,44397.54258623504,45747.54258623504,49220.0,49220.0,50720.0,-4972.4574137649615,2259.9054377649622
2025-08-26,2605.142586235037,0,900,900,57.6,0.0,0.0,0.0,0,0,100,44739.54258623504,44739.54258623504,43479.54258623504,49600.0,49600.0,48200.0,-4720.4574137649615,2007.7769165049626
2025-08-27,2605.142586235037,0,900,900,57.6,0.0,0.0,0.0,0,0,100,43047.54258623504,43047.54258623504,43695.54258623504,47720.0,47720.0,48440.0,-4744.4574137649615,2031.7891566249632
2025-08-28,2605.142586235037,0,900,900,57.6,0.0,0.0,0.0,0,0,100,42687.54258623504,42687.54258623504,46593.54258623504,47320.0,47320.0,51660.0,-5066.4574137649615,2353.953378234963
2025-08-29,2605.142586235037,0,900,900,57.6,0.0,0.0,0.0,0,0,100,45747.54258623504,45747.54258623504,50994.54258623504,50720.0,50720.0,56550.0,-5555.4574137649615,2843.202770679963
2025-09-01,2605.142586235037,0,900,900,57.6,0.0,0.0,0.0,0,0,100,51138.54258623504,51138.54258623504,52605.54258623504,56710.0,56710.0,58340.0,-5734.4574137649615,3022.2940615749626
2025-09-02,2605.142586235037,0,900,900,57.6,0.0,0.0,0.0,0,0,100,53577.54258623504,53577.54258623504,51039.54258623504,59420.0,59420.0,56600.0,-5560.4574137649615,2848.2053207049626
2025-09-03,2605.142586235037,0,900,900,57.6,0.0,0.0,0.0,0,0,100,51039.54258623504,51039.54258623504,51363.54258623504,56600.0,56600.0,56960.0,-5596.4574137649615,2884.2236808849625
2025-09-04,2605.142586235037,0,900,900,57.6,0.0,0.0,0.0,0,0,100,53397.54258623504,53397.54258623504,50364.54258623504,59220.0,59220.0,55850.0,-5485.4574137649615,2773.167070329963
2025-09-05,2605.142586235037,0,900,900,57.6,0.0,0.0,0.0,0,0,100,50517.54258623504,50517.54258623504,52794.54258623504,56020.0,56020.0,58550.0,-5755.4574137649615,3043.3047716799624
2025-09-08,2605.142586235037,0,900,900,57.6,0.0,0.0,0.0,0,0,100,52047.54258623504,52047.54258623504,48807.54258623504,57720.0,57720.0,54120.0,-5312.4574137649615,2600.078839464963
2025-09-09,2605.142586235037,0,900,900,57.6,0.0,0.0,0.0,0,0,100,47907.54258623504,47907.54258623504,46458.54258623504,53120.0,53120.0,51510.0,-5051.4574137649615,2338.945728159962
2025-09-10,2605.142586235037,0,900,900,57.6,0.0,0.0,0.0,0,0,100,48987.54258623504,48987.54258623504,50850.54258623504,54320.0,54320.0,56390.0,-5539.4574137649615,2827.1946105999627
2025-09-11,2605.142586235037,0,900,900,57.6,0.0,0.0,0.0,0,0,100,52767.54258623504,52767.54258623504,55683.54258623504,58520.0,58520.0,61760.0,-6076.4574137649615,3364.468483284962
2025-09-12,2605.142586235037,0,900,900,57.6,0.0,0.0,0.0,0,0,100,55539.54258623504,55539.54258623504,58257.54258623504,61600.0,61600.0,64620.0,-6362.4574137649615,3650.614344714962
2025-09-15,2605.142586235037,0,900,900,57.6,0.0,0.0,0.0,0,0,100,56547.54258623504,56547.54258623504,56457.54258623504,62720.0,62720.0,62620.0,-6162.4574137649615,3450.5123437149628
2025-09-16,2605.142586235037,0,900,900,57.6,0.0,0.0,0.0,0,0,100,56430.54258623504,56430.54258623504,56304.54258623504,62590.0,62590.0,62450.0,-6145.4574137649615,3433.503673629963
2025-09-17,2605.142586235037,0,900,900,57.6,0.0,0.0,0.0,0,0,100,55557.54258623504,55557.54258623504,57555.54258623504,61620.0,61620.0,63840.0,-6284.4574137649615,3572.5745643249625
2025-09-18,2605.142586235037,0,900,900,57.6,0.0,0.0,0.0,0,0,100,55998.54258623504,55998.54258623504,60471.54258623504,62110.0,62110.0,67080.0,-6608.4574137649615,3896.739805944963
2025-09-19,2605.142586235037,0,900,900,57.6,0.0,0.0,0.0,0,0,100,61623.54258623504,61623.54258623504,62037.54258623503,68360.0,68360.0,68820.0,-6782.457413764969,4070.828546814961
2025-09-22,2605.142586235037,0,900,900,57.6,0.0,0.0,0.0,0,0,100,62442.54258623504,62442.54258623504,65997.54258623504,69270.0,69270.0,73220.0,-7222.4574137649615,4511.052949014963
2025-09-23,2605.142586235037,0,900,900,57.6,0.0,0.0,0.0,0,0,100,69795.54258623504,69795.54258623504,66330.54258623504,77440.0,77440.0,73590.0,-7259.4574137649615,4548.071819199963
2025-09-24,2605.142586235037,0,900,900,57.6,0.0,0.0,0.0,0,0,100,64467.54258623504,64467.54258623504,64314.54258623503,71520.0,71520.0,71350.0,-7035.457413764969,4323.957578079963
2025-09-25,2605.142586235037,0,900,900,57.6,0.0,0.0,0.0,0,0,100,63639.54258623503,63639.54258623503,64161.54258623503,70600.0,70600.0,71180.0,-7018.457413764969,4306.948907994963
2025-09-26,2605.142586235037,0,900,900,57.6,0.0,0.0,0.0,0,0,100,63342.54258623504,63342.54258623504,60930.542586235046,70270.0,70270.0,67590.0,-6659.457413764954,3947.765816199962
2025-09-29,2605.142586235037,0,900,900,57.6,0.0,0.0,0.0,0,0,100,60912.54258623503,60912.54258623503,62469.54258623504,67570.0,67570.0,69300.0,-6830.4574137649615,4118.853027054963
2025-09-30,2605.142586235037,0,900,900,57.6,0.0,0.0,0.0,0,0,100,62667.54258623504,62667.54258623504,61956.542586235046,69520.0,69520.0,68730.0,-6773.457413764954,4061.8239567699634
2025-10-09,2605.142586235037,0,900,900,57.6,0.0,0.0,0.0,0,0,100,62946.54258623504,62946.54258623504,64152.54258623504,69830.0,69830.0,71170.0,-7017.4574137649615,4305.948397989963
2025-10-10,2605.142586235037,0,900,900,57.6,0.0,0.0,0.0,0,0,100,64026.54258623504,64026.54258623504,62316.54258623504,71030.0,71030.0,69130.0,-6813.4574137649615,4101.844356969963
2025-10-13,2605.142586235037,0,900,900,57.6,0.0,0.0,0.0,0,0,100,57447.54258623504,57447.54258623504,59679.54258623504,63720.0,63720.0,66200.0,-6520.4574137649615,3808.6949255049626
2025-10-14,2605.142586235037,0,900,900,57.6,0.0,0.0,0.0,0,0,100,61038.54258623503,61038.54258623503,56295.54258623504,67710.0,67710.0,62440.0,-6144.4574137649615,3432.503163624963
2025-10-15,2605.142586235037,0,900,900,57.6,0.0,0.0,0.0,0,0,100,56295.54258623504,56295.54258623504,59589.54258623504,62440.0,62440.0,66100.0,-6510.4574137649615,3798.689825454963
2025-10-16,2605.142586235037,0,900,900,57.6,0.0,0.0,0.0,0,0,100,58347.54258623504,58347.54258623504,59778.54258623504,64720.0,64720.0,66310.0,-6531.4574137649615,3819.7005355599617
2025-10-17,2605.142586235037,0,900,900,57.6,0.0,0.0,0.0,0,0,100,59247.54258623504,59247.54258623504,56556.54258623504,65720.0,65720.0,62730.0,-6173.4574137649615,3461.517953769963
2025-10-20,2605.142586235037,0,900,900,57.6,0.0,0.0,0.0,0,0,100,58347.54258623504,58347.54258623504,58401.54258623504,64720.0,64720.0,64780.0,-6378.4574137649615,3666.6225047949633
2025-10-21,2605.142586235037,0,900,900,57.6,0.0,0.0,0.0,0,0,100,59193.54258623504,59193.54258623504,63747.54258623504,65660.0,65660.0,70720.0,-6972.4574137649615,4260.925447764963
2025-10-22,2605.142586235037,0,900,900,57.6,0.0,0.0,0.0,0,0,100,62838.54258623503,62838.54258623503,61461.54258623503,69710.0,69710.0,68180.0,-6718.457413764969,4006.7959064949614
2025-10-23,2605.142586235037,0,900,900,57.6,0.0,0.0,0.0,0,0,100,60867.54258623504,60867.54258623504,60138.54258623504,67520.0,67520.0,66710.0,-6571.4574137649615,3859.7209357599627
2025-10-24,2605.142586235037,0,900,900,57.6,0.0,0.0,0.0,0,0,100,61209.542586235046,61209.542586235046,63072.54258623504,67900.0,67900.0,69970.0,-6897.4574137649615,4185.887197389962
2025-10-27,2605.142586235037,0,900,900,57.6,0.0,0.0,0.0,0,0,100,64881.542586235046,64881.542586235046,68031.54258623504,71980.0,71980.0,75480.0,-7448.4574137649615,4737.168210144964
2025-10-28,2605.142586235037,0,900,900,57.6,0.0,0.0,0.0,0,0,100,66609.54258623504,66609.54258623504,69138.54258623504,73900.0,73900.0,76710.0,-7571.4574137649615,4860.230940759962
2025-10-29,2605.142586235037,0,900,900,57.6,0.0,0.0,0.0,0,0,100,72855.54258623504,72855.54258623504,75267.54258623504,80840.0,80840.0,83520.0,-8252.457413764962,5541.578254164963
2025-10-30,2605.142586235037,0,900,900,57.6,0.0,0.0,0.0,0,0,100,74547.54258623504,74547.54258623504,72720.54258623504,82720.0,82720.0,80690.0,-7969.4574137649615,5258.433922749963
2025-10-31,2605.142586235037,0,900,900,57.6,0.0,0.0,0.0,0,0,100,72702.54258623504,72702.54258623504,67347.54258623504,80670.0,80670.0,74720.0,-7372.4574137649615,4661.129449764962
2025-11-03,2605.142586235037,0,900,900,57.6,0.0,0.0,0.0,0,0,100,65871.54258623504,65871.54258623504,69948.54258623504,73080.0,73080.0,77610.0,-7661.4574137649615,4950.276841209963
2025-11-04,2605.142586235037,0,900,900,57.6,0.0,0.0,0.0,0,0,100,69840.54258623504,69840.54258623504,68688.54258623504,77490.0,77490.0,76210.0,-7521.4574137649615,4810.205440509962
2025-11-05,2605.142586235037,0,900,900,57.6,0.0,0.0,0.0,0,0,100,65826.54258623504,65826.54258623504,70263.54258623504,73030.0,73030.0,77960.0,-7696.4574137649615,4985.294691384962
2025-11-06,2605.142586235037,0,900,900,57.6,0.0,0.0,0.0,0,0,100,70263.54258623504,70263.54258623504,71145.54258623504,77960.0,77960.0,78940.0,-7794.4574137649615,5083.344671874963
2025-11-07,2605.142586235037,0,900,900,57.6,0.0,0.0,0.0,0,0,100,69210.54258623504,69210.54258623504,67977.54258623504,76790.0,76790.0,75420.0,-7442.4574137649615,4731.165150114963
2025-11-10,2605.142586235037,0,900,900,57.6,0.0,0.0,0.0,0,0,100,67347.54258623504,67347.54258623504,66897.54258623504,74720.0,74720.0,74220.0,-7322.4574137649615,4611.1039495149635
2025-11-11,2605.142586235037,0,900,900,57.6,0.0,0.0,0.0,0,0,100,67347.54258623504,67347.54258623504,63774.54258623504,74720.0,74720.0,70750.0,-6975.4574137649615,4263.926977779964
2025-11-12,2605.142586235037,0,900,900,57.6,0.0,0.0,0.0,0,0,100,62352.54258623504,62352.54258623504,64287.54258623503,69170.0,69170.0,71320.0,-7032.457413764969,4320.956048064962
2025-11-13,2605.142586235037,0,900,900,57.6,0.0,0.0,0.0,0,0,100,63369.54258623504,63369.54258623504,63738.54258623503,70300.0,70300.0,70710.0,-6971.457413764969,4259.924937759962
2025-11-14,2605.142586235037,0,900,900,57.6,0.0,0.0,0.0,0,0,100,61767.54258623504,61767.54258623504,60390.54258623504,68520.0,68520.0,66990.0,-6599.4574137649615,3887.7352158999624
2025-11-17,2605.142586235037,0,900,900,57.6,0.0,0.0,0.0,0,0,100,60498.54258623504,60498.54258623504,60993.54258623504,67110.0,67110.0,67660.0,-6666.4574137649615,3954.769386234962
2025-11-18,2605.142586235037,0,900,900,57.6,0.0,0.0,0.0,0,0,100,59832.54258623504,59832.54258623504,60795.54258623504,66370.0,66370.0,67440.0,-6644.4574137649615,3932.758166124963
2025-11-19,2605.142586235037,0,900,900,57.6,0.0,0.0,0.0,0,0,100,60597.54258623504,60597.54258623504,61101.54258623504,67220.0,67220.0,67780.0,-6678.4574137649615,3966.7755062949623
2025-11-20,2605.142586235037,0,900,900,57.6,0.0,0.0,0.0,0,0,100,63801.54258623504,63801.54258623504,61893.54258623504,70780.0,70780.0,68660.0,-6766.4574137649615,4054.8203867349625
2025-11-21,2605.142586235037,0,900,900,57.6,0.0,0.0,0.0,0,0,100,59292.54258623504,59292.54258623504,57150.54258623504,65770.0,65770.0,63390.0,-6239.4574137649615,3527.551614099962
2025-11-24,2605.142586235037,0,900,900,57.6,0.0,0.0,0.0,0,0,100,57447.54258623504,57447.54258623504,52893.54258623504,63720.0,63720.0,58660.0,-5766.4574137649615,3054.3103817349624
2025-11-25,2605.142586235037,0,900,900,57.6,0.0,0.0,0.0,0,0,100,53271.54258623504,53271.54258623504,53496.54258623504,59080.0,59080.0,59330.0,-5833.4574137649615,3121.344552069963
2025-11-26,2605.142586235037,0,900,900,57.6,0.0,0.0,0.0,0,0,100,52326.54258623504,52326.54258623504,55584.54258623504,58030.0,58030.0,61650.0,-6065.4574137649615,3353.462873229963
2025-11-27,2605.142586235037,0,900,900,57.6,0.0,0.0,0.0,0,0,100,56565.54258623504,56565.54258623504,56790.54258623504,62740.0,62740.0,62990.0,-6199.4574137649615,3487.531213899963
2025-11-28,2605.142586235037,0,900,900,57.6,0.0,0.0,0.0,0,0,100,56763.54258623504,56763.54258623504,57195.54258623504,62960.0,62960.0,63440.0,-6244.4574137649615,3532.5541641249633
2025-12-01,2605.142586235037,0,900,900,57.6,0.0,0.0,0.0,0,0,100,56574.54258623504,56574.54258623504,56376.54258623504,62750.0,62750.0,62530.0,-6153.4574137649615,3441.507753669963
2025-12-02,2605.142586235037,0,900,900,57.6,0.0,0.0,0.0,0,0,100,56394.54258623504,56394.54258623504,57411.54258623504,62550.0,62550.0,63680.0,-6268.4574137649615,3556.566404244963
2025-12-03,2605.142586235037,0,900,900,57.6,0.0,0.0,0.0,0,0,100,57447.54258623504,57447.54258623504,58059.54258623504,63720.0,63720.0,64400.0,-6340.4574137649615,3628.603124604963
2025-12-04,2605.142586235037,0,900,900,57.6,0.0,0.0,0.0,0,0,100,57339.54258623504,57339.54258623504,57807.54258623504,63600.0,63600.0,64120.0,-6312.4574137649615,3600.588844464962
2025-12-05,2605.142586235037,0,900,900,57.6,0.0,0.0,0.0,0,0,100,58338.54258623504,58338.54258623504,57555.54258623504,64710.0,64710.0,63840.0,-6284.4574137649615,3572.5745643249625
2025-12-08,2605.142586235037,0,900,900,57.6,0.0,0.0,0.0,0,0,100,57222.54258623504,57222.54258623504,59616.54258623504,63470.0,63470.0,66130.0,-6513.4574137649615,3801.6913554699618
2025-12-09,2605.142586235037,0,900,900,57.6,0.0,0.0,0.0,0,0,100,60147.54258623504,60147.54258623504,63738.54258623503,66720.0,66720.0,70710.0,-6971.457413764969,4259.924937759962
2025-12-10,2605.142586235037,0,900,900,57.6,0.0,0.0,0.0,0,0,100,62703.54258623504,62703.54258623504,61236.54258623503,69560.0,69560.0,67930.0,-6693.457413764969,3981.7831563699615
2025-12-11,2605.142586235037,0,900,900,57.6,0.0,0.0,0.0,0,0,100,60156.542586235046,60156.542586235046,58617.54258623504,66730.0,66730.0,65020.0,-6402.4574137649615,3690.634744914963
2025-12-12,2605.142586235037,0,900,900,57.6,0.0,0.0,0.0,0,0,100,57447.54258623504,57447.54258623504,58122.54258623504,63720.0,63720.0,64470.0,-6347.4574137649615,3635.606694639963
2025-12-15,2605.142586235037,0,900,900,57.6,0.0,0.0,0.0,0,0,100,56097.54258623504,56097.54258623504,55773.54258623504,62220.0,62220.0,61860.0,-6086.4574137649615,3374.4735833349628
2025-12-16,2605.142586235037,0,900,900,57.6,0.0,0.0,0.0,0,0,100,55602.54258623504,55602.54258623504,55602.54258623504,61670.0,61670.0,61670.0,-6067.4574137649615,3355.4638932399625
2025-12-17,2605.142586235037,0,900,900,57.6,0.0,0.0,0.0,0,0,100,55737.54258623504,55737.54258623504,57897.54258623504,61820.0,61820.0,64220.0,-6322.4574137649615,3610.593944514963
2025-12-18,2605.142586235037,0,900,900,57.6,0.0,0.0,0.0,0,0,100,56151.54258623504,56151.54258623504,54999.54258623504,62280.0,62280.0,61000.0,-6000.4574137649615,3288.429722904963
2025-12-19,2605.142586235037,0,900,900,57.6,0.0,0.0,0.0,0,0,100,55818.54258623504,55818.54258623504,55017.54258623504,61910.0,61910.0,61020.0,-6002.4574137649615,3290.4307429149626
2025-12-22,2605.142586235037,0,900,900,57.6,0.0,0.0,0.0,0,0,100,56070.54258623504,56070.54258623504,57105.54258623504,62190.0,62190.0,63340.0,-6234.4574137649615,3522.5490640749626
2025-12-23,2605.142586235037,0,900,900,57.6,0.0,0.0,0.0,0,0,100,57051.54258623504,57051.54258623504,59121.54258623504,63280.0,63280.0,65580.0,-6458.4574137649615,3746.6633051949625
2025-12-24,2605.142586235037,0,900,900,57.6,0.0,0.0,0.0,0,0,100,60309.542586235046,60309.542586235046,61173.54258623504,66900.0,66900.0,67860.0,-6686.4574137649615,3974.7795863349625
2025-12-25,2605.142586235037,0,900,900,57.6,0.0,0.0,0.0,0,0,100,61407.542586235046,61407.542586235046,62595.54258623504,68120.0,68120.0,69440.0,-6844.4574137649615,4132.860167124963
2025-12-26,2605.142586235037,0,900,900,57.6,0.0,0.0,0.0,0,0,100,62397.54258623504,62397.54258623504,60003.54258623504,69220.0,69220.0,66560.0,-6556.4574137649615,3844.7132856849626
2025-12-29,2605.142586235037,0,900,900,57.6,0.0,0.0,0.0,0,0,100,59913.54258623504,59913.54258623504,61263.54258623503,66460.0,66460.0,67960.0,-6696.457413764969,3984.7846863849613
2025-12-30,2605.142586235037,0,900,900,57.6,0.0,0.0,0.0,0,0,100,59967.54258623504,59967.54258623504,60354.54258623504,66520.0,66520.0,66950.0,-6595.4574137649615,3883.7331758799623
2025-12-31,2605.142586235037,0,900,900,57.6,0.0,0.0,0.0,0,0,100,60363.54258623503,60363.54258623503,58392.54258623504,66960.0,66960.0,64770.0,-6377.4574137649615,3665.621994789963
2026-01-05,2605.142586235037,0,900,900,57.6,0.0,0.0,0.0,0,0,100,59508.54258623504,59508.54258623504,59850.54258623504,66010.0,66010.0,66390.0,-6539.4574137649615,3827.704615599963
2026-01-06,2605.142586235037,0,900,900,57.6,0.0,0.0,0.0,0,0,100,59850.54258623504,59850.54258623504,60192.54258623504,66390.0,66390.0,66770.0,-6577.4574137649615,3865.7239957899624
2026-01-07,2605.142586235037,0,900,900,57.6,0.0,0.0,0.0,0,0,100,59616.54258623504,59616.54258623504,59382.54258623504,66130.0,66130.0,65870.0,-6487.4574137649615,3775.6780953399625
2026-01-08,2605.142586235037,0,900,900,57.6,0.0,0.0,0.0,0,0,100,59526.54258623504,59526.54258623504,57744.54258623504,66030.0,66030.0,64050.0,-6305.4574137649615,3593.585274429963
2026-01-09,2605.142586235037,0,900,900,57.6,0.0,0.0,0.0,0,0,100,56997.54258623504,56997.54258623504,57879.54258623504,63220.0,63220.0,64200.0,-6320.4574137649615,3608.5929245049624
2026-01-12,2605.142586235037,0,900,900,57.6,0.0,0.0,0.0,0,0,100,57888.54258623504,57888.54258623504,57384.54258623504,64210.0,64210.0,63650.0,-6265.4574137649615,3553.5648742299622
2026-01-13,2605.142586235037,0,900,900,57.6,0.0,0.0,0.0,0,0,100,57249.54258623504,57249.54258623504,56034.54258623504,63500.0,63500.0,62150.0,-6115.4574137649615,3403.488373479963
2026-01-14,2605.142586235037,0,900,900,57.6,0.0,0.0,0.0,0,0,100,56637.54258623504,56637.54258623504,56547.54258623504,62820.0,62820.0,62720.0,-6172.4574137649615,3460.5174437649625
2026-01-15,2605.142586235037,0,900,900,57.6,0.0,0.0,0.0,0,0,100,55917.54258623504,55917.54258623504,57258.54258623504,62020.0,62020.0,63510.0,-6251.4574137649615,3539.5577341599624
2026-01-16,2902.142586235037,0,900,900,87.30000000000001,0.0,0.0,297.0,0,0,100,57894.842586235034,57894.842586235034,59514.842586235034,64250.0,64250.0,66050.0,-6535.157413764966,3493.3704452649627
2026-01-19,2902.142586235037,0,900,900,87.30000000000001,0.0,0.0,0.0,0,0,100,58713.842586235034,58713.842586235034,57624.842586235034,65160.0,65160.0,63950.0,-6325.157413764966,3283.2633442149636
2026-01-20,2902.142586235037,0,900,900,87.30000000000001,0.0,0.0,0.0,0,0,100,57084.842586235034,57084.842586235034,56517.842586235034,63350.0,63350.0,62720.0,-6202.157413764966,3160.2006135999627
2026-01-21,2902.142586235037,0,900,900,87.30000000000001,0.0,0.0,0.0,0,0,100,55653.842586235034,55653.842586235034,58218.842586235034,61760.0,61760.0,64610.0,-6391.157413764966,3349.297004544963
2026-01-22,2902.142586235037,0,900,900,87.30000000000001,0.0,0.0,0.0,0,0,100,58335.842586235034,58335.842586235034,59289.842586235034,64740.0,64740.0,65800.0,-6510.157413764966,3468.3576951399627
2026-01-23,2902.142586235037,0,900,900,87.30000000000001,0.0,0.0,0.0,0,0,100,58614.842586235034,58614.842586235034,56913.842586235034,65050.0,65050.0,63160.0,-6246.157413764966,3204.223053819963
2026-01-26,2902.142586235037,0,900,900,87.30000000000001,0.0,0.0,0.0,0,0,100,56895.842586235034,56895.842586235034,56148.842586235034,63140.0,63140.0,62310.0,-6161.157413764966,3119.1797033949633
2026-01-27,2902.142586235037,0,900,900,87.30000000000001,0.0,0.0,0.0,0,0,100,56373.842586235034,56373.842586235034,57687.842586235034,62560.0,62560.0,64020.0,-6332.157413764966,3290.2669142499626
2026-01-28,2902.142586235037,0,900,900,87.30000000000001,0.0,0.0,0.0,0,0,100,58884.842586235034,58884.842586235034,57435.842586235034,65350.0,65350.0,63740.0,-6304.157413764966,3262.252634109963
2026-01-29,2902.142586235037,0,900,900,87.30000000000001,0.0,0.0,0.0,0,0,100,57426.842586235034,57426.842586235034,54654.842586235034,63730.0,63730.0,60650.0,-5995.157413764966,2953.0950425649635
2026-01-30,2902.142586235037,0,900,900,87.30000000000001,0.0,0.0,0.0,0,0,100,54114.842586235034,54114.842586235034,54744.842586235034,60050.0,60050.0,60750.0,-6005.157413764966,2963.1001426149624
2026-02-02,2902.142586235037,0,900,900,87.30000000000001,0.0,0.0,0.0,0,0,100,53934.842586235034,53934.842586235034,52926.842586235034,59850.0,59850.0,58730.0,-5803.157413764966,2760.9971216049626
2026-02-03,2902.142586235037,0,900,900,87.30000000000001,0.0,0.0,0.0,0,0,100,53484.842586235034,53484.842586235034,52989.842586235034,59350.0,59350.0,58800.0,-5810.157413764966,2768.0006916399625
2026-02-04,2902.142586235037,0,900,900,87.30000000000001,0.0,0.0,0.0,0,0,100,52035.842586235034,52035.842586235034,50883.842586235034,57740.0,57740.0,56460.0,-5576.157413764966,2533.881350469963
2026-02-05,2902.142586235037,0,900,900,87.30000000000001,0.0,0.0,0.0,0,0,100,49857.842586235034,49857.842586235034,51306.842586235034,55320.0,55320.0,56930.0,-5623.157413764966,2580.905320704963
2026-02-06,2902.142586235037,0,900,900,87.30000000000001,0.0,0.0,0.0,0,0,100,50514.842586235034,50514.842586235034,51774.842586235034,56050.0,56050.0,57450.0,-5675.157413764966,2632.9318409649622
2026-02-09,2902.142586235037,0,900,900,87.30000000000001,0.0,0.0,0.0,0,0,100,53394.842586235034,53394.842586235034,52782.842586235034,59250.0,59250.0,58570.0,-5787.157413764966,2744.988961524963
2026-02-10,2902.142586235037,0,900,900,87.30000000000001,0.0,0.0,0.0,0,0,100,52971.842586235034,52971.842586235034,53277.842586235034,58780.0,58780.0,59120.0,-5842.157413764966,2800.0170117999633
2026-02-11,2902.142586235037,0,900,900,87.30000000000001,0.0,0.0,0.0,0,0,100,52854.842586235034,52854.842586235034,52494.842586235034,58650.0,58650.0,58250.0,-5755.157413764966,2712.9726413649623
2026-02-12,2902.142586235037,0,900,900,87.30000000000001,0.0,0.0,0.0,0,0,100,52629.842586235034,52629.842586235034,52611.842586235034,58400.0,58400.0,58380.0,-5768.157413764966,2725.979271429963
2026-02-13,2902.142586235037,0,900,900,87.30000000000001,0.0,0.0,0.0,0,0,100,51819.842586235034,51819.842586235034,52089.842586235034,57500.0,57500.0,57800.0,-5710.157413764966,2667.949691139963
2026-02-24,2902.142586235037,0,900,900,87.30000000000001,0.0,0.0,0.0,0,0,100,52683.842586235034,52683.842586235034,52656.842586235034,58460.0,58460.0,58430.0,-5773.157413764966,2730.9818214549623
2026-02-25,2902.142586235037,0,900,900,87.30000000000001,0.0,0.0,0.0,0,0,100,53043.842586235034,53043.842586235034,54465.842586235034,58860.0,58860.0,60440.0,-5974.157413764966,2932.0843324599628
2026-02-26,2902.142586235037,0,900,900,87.30000000000001,0.0,0.0,0.0,0,0,100,54474.842586235034,54474.842586235034,54969.842586235034,60450.0,60450.0,61000.0,-6030.157413764966,2988.112892739963
2026-02-27,2902.142586235037,0,900,900,87.30000000000001,0.0,0.0,0.0,0,0,100,53484.842586235034,53484.842586235034,52944.842586235034,59350.0,59350.0,58750.0,-5805.157413764966,2762.998141614963
2026-03-02,2902.142586235037,0,900,900,87.30000000000001,0.0,0.0,0.0,0,0,100,51414.842586235034,51414.842586235034,52791.842586235034,57050.0,57050.0,58580.0,-5788.157413764966,2745.9894715299633
2026-03-03,2902.142586235037,0,900,900,87.30000000000001,0.0,0.0,0.0,0,0,100,53070.842586235034,53070.842586235034,52206.842586235034,58890.0,58890.0,57930.0,-5723.157413764966,2680.9563212049625
2026-03-04,2902.142586235037,0,900,900,87.30000000000001,0.0,0.0,0.0,0,0,100,51396.842586235034,51396.842586235034,51198.842586235034,57030.0,57030.0,56810.0,-5611.157413764966,2568.8992006449635
2026-03-05,2902.142586235037,0,900,900,87.30000000000001,0.0,0.0,0.0,0,0,100,52125.842586235034,52125.842586235034,52404.842586235034,57840.0,57840.0,58150.0,-5745.157413764966,2702.9675413149635
2026-03-06,2902.142586235037,0,900,900,87.30000000000001,0.0,0.0,0.0,0,0,100,52134.842586235034,52134.842586235034,51711.842586235034,57850.0,57850.0,57380.0,-5668.157413764966,2625.9282709299623
2026-03-09,2902.142586235037,0,900,900,87.30000000000001,0.0,0.0,0.0,0,0,100,50298.842586235034,50298.842586235034,50325.842586235034,55810.0,55810.0,55840.0,-5514.157413764966,2471.8497301599627
2026-03-10,2902.142586235037,0,900,900,87.30000000000001,0.0,0.0,0.0,0,0,100,51081.842586235034,51081.842586235034,51738.842586235034,56680.0,56680.0,57410.0,-5671.157413764966,2628.929800944963
2026-03-11,2902.142586235037,0,900,900,87.30000000000001,0.0,0.0,0.0,0,0,100,52044.842586235034,52044.842586235034,51315.842586235034,57750.0,57750.0,56940.0,-5624.157413764966,2581.905830709963
2026-03-12,2902.142586235037,0,900,900,87.30000000000001,0.0,0.0,0.0,0,0,100,51324.842586235034,51324.842586235034,50100.842586235034,56950.0,56950.0,55590.0,-5489.157413764966,2446.836980034963
2026-03-13,2902.142586235037,0,900,900,87.30000000000001,0.0,0.0,0.0,0,0,100,49632.842586235034,49632.842586235034,50055.842586235034,55070.0,55070.0,55540.0,-5484.157413764966,2441.8344300099634
2026-03-16,2902.142586235037,0,900,900,87.30000000000001,0.0,0.0,0.0,0,0,100,49776.842586235034,49776.842586235034,50244.842586235034,55230.0,55230.0,55750.0,-5505.157413764966,2462.8451401149623
2026-03-17,2902.142586235037,0,900,900,87.30000000000001,0.0,0.0,0.0,0,0,100,50505.842586235034,50505.842586235034,48624.842586235034,56040.0,56040.0,53950.0,-5325.157413764966,2282.7533392149635
2026-03-18,2902.142586235037,0,900,900,87.30000000000001,0.0,0.0,0.0,0,0,100,48984.842586235034,48984.842586235034,49668.842586235034,54350.0,54350.0,55110.0,-5441.157413764966,2398.8124997949635
2026-03-19,2902.142586235037,0,900,900,87.30000000000001,0.0,0.0,0.0,0,0,100,48714.842586235034,48714.842586235034,48228.842586235034,54050.0,54050.0,53510.0,-5281.157413764966,2238.7308989949634
2026-03-20,2902.142586235037,0,900,900,87.30000000000001,0.0,0.0,0.0,0,0,100,48696.842586235034,48696.842586235034,48084.842586235034,54030.0,54030.0,53350.0,-5265.157413764966,2222.722738914963
2026-03-23,2902.142586235037,0,900,900,87.30000000000001,0.0,0.0,0.0,0,0,100,46869.842586235034,46869.842586235034,45654.842586235034,52000.0,52000.0,50650.0,-4995.157413764966,1952.5850375649632
2026-03-24,2902.142586235037,0,900,900,87.30000000000001,0.0,0.0,0.0,0,0,100,46527.842586235034,46527.842586235034,46770.842586235034,51620.0,51620.0,51890.0,-5119.157413764966,2076.6482781849636
2026-03-25,2902.142586235037,0,900,900,87.30000000000001,0.0,0.0,0.0,0,0,100,47265.842586235034,47265.842586235034,48093.842586235034,52440.0,52440.0,53360.0,-5266.157413764966,2223.7232489199623
2026-03-26,2902.142586235037,0,900,900,87.30000000000001,0.0,0.0,0.0,0,0,100,47814.842586235034,47814.842586235034,47580.842586235034,53050.0,53050.0,52790.0,-5209.157413764966,2166.6941786349635
2026-03-27,2902.142586235037,0,900,900,87.30000000000001,0.0,0.0,0.0,0,0,100,46581.842586235034,46581.842586235034,47391.842586235034,51680.0,51680.0,52580.0,-5188.157413764966,2145.6834685299627
2026-03-30,2902.142586235037,0,900,900,87.30000000000001,0.0,0.0,0.0,0,0,100,46428.842586235034,46428.842586235034,47157.842586235034,51510.0,51510.0,52320.0,-5162.157413764966,2119.6702083999626
2026-03-31,2902.142586235037,0,900,900,87.30000000000001,0.0,0.0,0.0,0,0,100,46914.842586235034,46914.842586235034,49128.842586235034,52050.0,52050.0,54510.0,-5381.157413764966,2338.781899494963
2026-04-01,2902.142586235037,0,900,900,87.30000000000001,0.0,0.0,0.0,0,0,100,50514.842586235034,50514.842586235034,50802.842586235034,56050.0,56050.0,56370.0,-5567.157413764966,2524.8767604249624
2026-04-02,2902.142586235037,0,900,900,87.30000000000001,0.0,0.0,0.0,0,0,100,50208.842586235034,50208.842586235034,49614.842586235034,55710.0,55710.0,55050.0,-5435.157413764966,2392.809439764963
2026-04-03,2902.142586235037,0,900,900,87.30000000000001,0.0,0.0,0.0,0,0,100,50154.842586235034,50154.842586235034,49776.842586235034,55650.0,55650.0,55230.0,-5453.157413764966,2410.818619854963
2026-04-07,2902.142586235037,0,900,900,87.30000000000001,0.0,0.0,0.0,0,0,100,50496.842586235034,50496.842586235034,50136.842586235034,56030.0,56030.0,55630.0,-5493.157413764966,2450.839020054963
2026-04-08,2902.142586235037,0,900,900,87.30000000000001,0.0,0.0,0.0,0,0,100,51558.842586235034,51558.842586235034,53763.842586235034,57210.0,57210.0,59660.0,-5896.157413764966,2854.044552069963
2026-04-09,2902.142586235037,0,900,900,87.30000000000001,0.0,0.0,0.0,0,0,100,52314.842586235034,52314.842586235034,52332.842586235034,58050.0,58050.0,58070.0,-5737.157413764966,2694.9634612749624
2026-04-10,2902.142586235037,0,900,900,87.30000000000001,0.0,0.0,0.0,0,0,100,52854.842586235034,52854.842586235034,53682.842586235034,58650.0,58650.0,59570.0,-5887.157413764966,2845.0399620249636
2026-04-13,2902.142586235037,0,900,900,87.30000000000001,0.0,0.0,0.0,0,0,100,53214.842586235034,53214.842586235034,52944.842586235034,59050.0,59050.0,58750.0,-5805.157413764966,2762.998141614963
2026-04-14,2902.142586235037,0,900,900,87.30000000000001,0.0,0.0,0.0,0,0,100,53637.842586235034,53637.842586235034,55842.842586235034,59520.0,59520.0,61970.0,-6127.157413764966,3085.162363224963
2026-04-15,2902.142586235037,0,900,900,87.30000000000001,0.0,0.0,0.0,0,0,100,56238.842586235034,56238.842586235034,54852.842586235034,62410.0,62410.0,60870.0,-6017.157413764966,2975.1062626749626
2026-04-16,2902.142586235037,0,900,900,87.30000000000001,0.0,0.0,0.0,0,0,100,55005.842586235034,55005.842586235034,56202.842586235034,61040.0,61040.0,62370.0,-6167.157413764966,3125.182763424963
2026-04-17,2902.142586235037,0,900,900,87.30000000000001,0.0,0.0,0.0,0,0,100,56454.842586235034,56454.842586235034,57687.842586235034,62650.0,62650.0,64020.0,-6332.157413764966,3290.2669142499626
2026-04-20,2902.142586235037,0,900,900,87.30000000000001,0.0,0.0,0.0,0,0,100,58515.842586235034,58515.842586235034,58173.842586235034,64940.0,64940.0,64560.0,-6386.157413764966,3344.2944545199634
2026-04-21,2902.142586235037,0,900,900,87.30000000000001,0.0,0.0,0.0,0,0,100,57687.842586235034,57687.842586235034,58083.842586235034,64020.0,64020.0,64460.0,-6376.157413764966,3334.2893544699627
2026-04-22,2902.142586235037,0,900,900,87.30000000000001,0.0,0.0,0.0,0,0,100,57885.842586235034,57885.842586235034,63015.842586235034,64240.0,64240.0,69940.0,-6924.157413764966,3882.568837209962
2026-04-23,2902.142586235037,0,900,900,87.30000000000001,0.0,0.0,0.0,0,0,100,63096.842586235034,63096.842586235034,63942.842586235034,70030.0,70030.0,70970.0,-7027.157413764966,3985.6213677249625
2026-04-24,2902.142586235037,0,900,900,87.30000000000001,0.0,0.0,0.0,0,0,100,62727.84258623503,62727.84258623503,61323.84258623504,69620.0,69620.0,68060.0,-6736.157413764959,3694.472956269963
2026-04-27,2902.142586235037,0,900,900,87.30000000000001,0.0,0.0,0.0,0,0,100,62223.84258623504,62223.84258623504,63339.842586235034,69060.0,69060.0,70300.0,-6960.157413764966,3918.587197389962
2026-04-28,2902.142586235037,0,900,900,87.30000000000001,0.0,0.0,0.0,0,0,100,63339.842586235034,63339.842586235034,64194.842586235034,70300.0,70300.0,71250.0,-7055.157413764966,4013.635647864963
2026-04-29,2902.142586235037,0,900,900,87.30000000000001,0.0,0.0,0.0,0,0,100,63807.842586235034,63807.842586235034,62448.84258623504,70820.0,70820.0,69310.0,-6861.157413764959,3819.5367068949636
2026-04-30,2902.142586235037,0,900,900,87.30000000000001,0.0,0.0,0.0,0,0,100,62124.84258623504,62124.84258623504,59406.842586235034,68950.0,68950.0,65930.0,-6523.157413764966,3481.3643252049624
2026-05-06,2902.142586235037,0,900,900,87.30000000000001,0.0,0.0,0.0,0,0,100,59766.842586235034,59766.842586235034,59586.842586235034,66330.0,66330.0,66130.0,-6543.157413764966,3501.374525304963
2026-05-07,2902.142586235037,0,900,900,87.30000000000001,0.0,0.0,0.0,0,0,100,60495.842586235034,60495.842586235034,60576.84258623504,67140.0,67140.0,67230.0,-6653.157413764959,3611.430625854964
2026-05-08,2902.142586235037,0,900,900,87.30000000000001,0.0,0.0,0.0,0,0,100,59514.842586235034,59514.842586235034,59766.842586235034,66050.0,66050.0,66330.0,-6563.157413764966,3521.3847254049633
2026-05-11,2902.142586235037,0,900,900,87.30000000000001,0.0,0.0,0.0,0,0,100,60594.842586235034,60594.842586235034,62079.84258623503,67250.0,67250.0,68900.0,-6820.157413764973,3778.5157966899615
2026-05-12,2902.142586235037,0,900,900,87.30000000000001,0.0,0.0,0.0,0,0,100,62097.84258623504,62097.84258623504,60774.84258623504,68920.0,68920.0,67450.0,-6675.157413764959,3633.4418459649632
2026-05-13,2902.142586235037,0,900,900,87.30000000000001,0.0,0.0,0.0,0,0,100,60504.84258623503,60504.84258623503,66570.84258623504,67150.0,67150.0,73890.0,-7319.157413764959,4277.770289184963
2026-05-14,2902.142586235037,0,900,900,87.30000000000001,0.0,0.0,0.0,0,0,100,69414.84258623504,69414.84258623504,64554.84258623503,77050.0,77050.0,71650.0,-7095.157413764973,4053.6560480649614
2026-05-15,2902.142586235037,0,900,900,87.30000000000001,0.0,0.0,0.0,0,0,100,65364.842586235034,65364.842586235034,63672.84258623504,72550.0,72550.0,70670.0,-6997.157413764959,3955.6060675749623
2026-05-18,2902.142586235037,0,900,900,87.30000000000001,0.0,0.0,0.0,0,0,100,62106.84258623503,62106.84258623503,64896.842586235034,68930.0,68930.0,72030.0,-7133.157413764966,4091.6754282549628
2026-05-19,2902.142586235037,0,900,900,87.30000000000001,0.0,0.0,0.0,0,0,100,64284.842586235034,64284.842586235034,64518.842586235034,71350.0,71350.0,71610.0,-7091.157413764966,4049.654008044963
2026-05-20,2902.142586235037,0,900,900,87.30000000000001,0.0,0.0,0.0,0,0,100,64194.842586235034,64194.842586235034,64149.84258623504,71250.0,71250.0,71200.0,-7050.157413764959,4008.6330978399637
2026-05-21,2902.142586235037,0,900,900,87.30000000000001,0.0,0.0,0.0,0,0,100,65094.842586235034,65094.842586235034,61764.842586235034,72250.0,72250.0,68550.0,-6785.157413764966,3743.4979465149627
2026-05-22,2902.142586235037,0,900,900,87.30000000000001,0.0,0.0,0.0,0,0,100,62313.842586235034,62313.842586235034,63258.842586235034,69160.0,69160.0,70210.0,-6951.157413764966,3909.5826073449625
2026-05-25,2902.142586235037,0,900,900,87.30000000000001,0.0,0.0,0.0,0,0,100,64014.842586235034,64014.842586235034,66084.84258623504,71050.0,71050.0,73350.0,-7265.157413764959,4223.742748914962
2026-05-26,2902.142586235037,0,900,900,87.30000000000001,0.0,0.0,0.0,0,0,100,65688.84258623504,65688.84258623504,65796.84258623504,72910.0,72910.0,73030.0,-7233.157413764959,4191.726428754963
2026-05-27,2902.142586235037,0,900,900,87.30000000000001,0.0,0.0,0.0,0,0,100,65724.84258623504,65724.84258623504,65886.84258623504,72950.0,72950.0,73130.0,-7243.157413764959,4201.731528804963
2026-05-28,2902.142586235037,0,900,900,87.30000000000001,0.0,0.0,0.0,0,0,100,65814.84258623504,65814.84258623504,70314.84258623504,73050.0,73050.0,78050.0,-7735.157413764959,4693.982451264963
2026-05-29,2902.142586235037,0,900,900,87.30000000000001,0.0,0.0,0.0,0,0,100,73689.84258623504,73689.84258623504,68874.84258623504,81800.0,81800.0,76450.0,-7575.157413764959,4533.900850464963
2026-06-01,2902.142586235037,0,900,900,87.30000000000001,0.0,0.0,0.0,0,0,100,70494.84258623504,70494.84258623504,69189.84258623504,78250.0,78250.0,76800.0,-7610.157413764959,4568.918700639963
2026-06-02,2902.142586235037,0,900,900,87.30000000000001,0.0,0.0,0.0,0,0,100,70314.84258623504,70314.84258623504,74823.84258623504,78050.0,78050.0,83060.0,-8236.157413764959,5195.237963769963
2026-06-03,2902.142586235037,0,900,900,87.30000000000001,0.0,0.0,0.0,0,0,100,74769.84258623504,74769.84258623504,75759.84258623504,83000.0,83000.0,84100.0,-8340.157413764959,5299.291004289963
2026-06-04,2902.142586235037,0,900,900,87.30000000000001,0.0,0.0,0.0,0,0,100,74814.84258623504,74814.84258623504,73509.84258623504,83050.0,83050.0,81600.0,-8090.157413764959,5049.163503039963
2026-06-05,2902.142586235037,0,900,900,87.30000000000001,0.0,0.0,0.0,0,0,100,72564.84258623504,72564.84258623504,69468.84258623504,80550.0,80550.0,77110.0,-7641.157413764959,4599.934510794963
2026-06-08,2902.142586235037,0,900,900,87.30000000000001,0.0,0.0,0.0,0,0,100,65805.84258623503,65805.84258623503,66246.84258623504,73040.0,73040.0,73530.0,-7283.157413764959,4241.751929004962
2026-06-09,2902.142586235037,0,900,900,87.30000000000001,0.0,0.0,0.0,0,0,100,67605.84258623503,67605.84258623503,70080.84258623504,75040.0,75040.0,77790.0,-7709.157413764959,4667.969191134962
2026-06-10,2902.142586235037,0,900,900,87.30000000000001,0.0,0.0,0.0,0,0,100,68424.84258623504,68424.84258623504,66831.84258623503,75950.0,75950.0,74180.0,-7348.157413764973,4306.785079329963
2026-06-11,2902.142586235037,0,900,900,87.30000000000001,0.0,0.0,0.0,0,0,100,65652.84258623503,65652.84258623503,65382.842586235034,72870.0,72870.0,72570.0,-7187.157413764966,4145.702968524963
2026-06-12,2902.142586235037,0,900,900,87.30000000000001,0.0,0.0,0.0,0,0,100,67560.84258623504,67560.84258623504,65931.84258623503,74990.0,74990.0,73180.0,-7248.157413764973,4206.7340788299625
2026-06-15,2902.142586235037,0,900,900,87.30000000000001,0.0,0.0,0.0,0,0,100,67137.84258623504,67137.84258623504,68874.84258623504,74520.0,74520.0,76450.0,-7575.157413764959,4533.900850464963
2026-06-16,2902.142586235037,0,900,900,87.30000000000001,0.0,0.0,0.0,0,0,100,68874.84258623504,68874.84258623504,68424.84258623504,76450.0,76450.0,75950.0,-7525.157413764959,4483.875350214964
2026-06-17,2902.142586235037,0,900,900,87.30000000000001,0.0,0.0,0.0,0,0,100,67344.84258623504,67344.84258623504,68190.84258623504,74750.0,74750.0,75690.0,-7499.157413764959,4457.862090084963
2026-06-18,2902.142586235037,0,900,900,87.30000000000001,0.0,0.0,0.0,0,0,100,67614.84258623504,67614.84258623504,73086.84258623504,75050.0,75050.0,81130.0,-8043.157413764959,5002.139532804963
2026-06-22,2902.142586235037,0,900,900,87.30000000000001,0.0,0.0,0.0,0,0,100,73086.84258623504,73086.84258623504,73806.84258623504,81130.0,81130.0,81930.0,-8123.157413764959,5082.180333204963
2026-06-23,2902.142586235037,0,900,900,87.30000000000001,0.0,0.0,0.0,0,0,100,73806.84258623504,73806.84258623504,69504.84258623504,81930.0,81930.0,77150.0,-7645.157413764959,4603.936550814962
2026-06-24,2902.142586235037,0,900,900,87.30000000000001,0.0,0.0,0.0,0,0,100,68514.84258623504,68514.84258623504,71916.84258623504,76050.0,76050.0,79830.0,-7913.157413764959,4872.073232154963
2026-06-25,2902.142586235037,0,900,900,87.30000000000001,0.0,0.0,0.0,0,0,100,72645.84258623504,72645.84258623504,72105.84258623504,80640.0,80640.0,80040.0,-7934.157413764959,4893.083942259962
2026-06-26,2902.142586235037,0,900,900,87.30000000000001,0.0,0.0,0.0,0,0,100,70314.84258623504,70314.84258623504,66012.84258623504,78050.0,78050.0,73270.0,-7257.157413764959,4215.738668874963
2026-06-29,2902.142586235037,0,900,900,87.30000000000001,0.0,0.0,0.0,0,0,100,65184.842586235034,65184.842586235034,65463.84258623504,72350.0,72350.0,72660.0,-7196.157413764959,4154.707558569963
2026-06-30,2902.142586235037,0,900,900,87.30000000000001,0.0,0.0,0.0,0,0,100,65418.842586235034,65418.842586235034,67749.84258623504,72610.0,72610.0,75200.0,-7450.157413764959,4408.837099839963
2026-07-01,2902.142586235037,0,900,900,87.30000000000001,0.0,0.0,0.0,0,0,100,68514.84258623504,68514.84258623504,65814.84258623504,76050.0,76050.0,73050.0,-7235.157413764959,4193.727448764963
2026-07-02,2902.142586235037,0,900,900,87.30000000000001,0.0,0.0,0.0,0,0,100,63528.84258623503,63528.84258623503,60432.842586235034,70510.0,70510.0,67070.0,-6637.157413764966,3595.422465774963
2026-07-03,2902.142586235037,0,900,900,87.30000000000001,0.0,0.0,0.0,0,0,100,59964.842586235034,59964.842586235034,61062.842586235034,66550.0,66550.0,67770.0,-6707.157413764966,3665.458166124963
2026-07-06,2902.142586235037,0,900,900,87.30000000000001,0.0,0.0,0.0,0,0,100,62007.842586235034,62007.842586235034,60045.842586235034,68820.0,68820.0,66640.0,-6594.157413764966,3552.400535559962
2026-07-07,2902.142586235037,0,900,900,87.30000000000001,0.0,0.0,0.0,0,0,100,59667.842586235034,59667.842586235034,60216.842586235034,66220.0,66220.0,66830.0,-6613.157413764966,3571.4102256549622
2026-07-08,2902.142586235037,0,900,900,87.30000000000001,0.0,0.0,0.0,0,0,100,61314.842586235034,61314.842586235034,62223.84258623504,68050.0,68050.0,69060.0,-6836.157413764959,3794.5239567699637
2026-07-09,2902.142586235037,0,900,900,0.0,0.0,0.0,0.0,0,0,100,62851.14258623504,62851.14258623504,65479.14258623504,69660.0,69660.0,72580.0,-7100.857413764963,4059.4034785299627
2026-07-10,2902.142586235037,0,900,900,0.0,0.0,0.0,0.0,0,0,100,66802.14258623504,66802.14258623504,62545.14258623504,74050.0,74050.0,69320.0,-6774.857413764963,3733.2372168999627
2026-07-13,2902.142586235037,0,900,900,0.0,0.0,0.0,0.0,0,0,100,61672.14258623504,61672.14258623504,59674.14258623504,68350.0,68350.0,66130.0,-6455.857413764963,3414.0745253049627
2026-07-14,2902.142586235037,0,900,900,0.0,0.0,0.0,0.0,0,0,100,59512.14258623504,59512.14258623504,61942.14258623503,65950.0,65950.0,68650.0,-6707.85741376497,3666.2030465649614
2026-07-15,2902.142586235037,0,900,900,0.0,0.0,0.0,0.0,0,0,100,62194.14258623503,62194.14258623503,60160.14258623504,68930.0,68930.0,66670.0,-6509.857413764963,3468.1020655749626
2026-07-16,2902.142586235037,0,900,900,0.0,0.0,0.0,0.0,0,0,100,59017.14258623504,59017.14258623504,59620.14258623504,65400.0,65400.0,66070.0,-6449.857413764963,3408.071465274963
2026-07-17,2902.142586235037,0,900,900,0.0,0.0,0.0,0.0,0,0,100,58720.14258623504,58720.14258623504,54733.14258623504,65070.0,65070.0,60640.0,-5906.857413764963,2864.794532559963
2026-07-20,2902.142586235037,0,900,900,0.0,0.0,0.0,0.0,0,0,100,55894.14258623504,55894.14258623504,53752.14258623504,61930.0,61930.0,59550.0,-5797.857413764963,2755.738942014963
2026-07-21,2902.142586235037,0,900,900,0.0,0.0,0.0,0.0,0,0,100,54652.14258623504,54652.14258623504,57784.14258623504,60550.0,60550.0,64030.0,-6245.857413764963,3203.9674242549627
2026-07-22,2902.142586235037,0,900,900,0.0,0.0,0.0,0.0,0,0,100,57136.14258623504,57136.14258623504,57541.14258623504,63310.0,63310.0,63760.0,-6218.857413764963,3176.953654119963
2026-07-23,2902.142586235037,0,900,900,0.0,0.0,0.0,0.0,0,0,100,58693.14258623504,58693.14258623504,59494.14258623504,65040.0,65040.0,65930.0,-6435.857413764963,3394.064325204962
2026-07-24,2902.142586235037,0,900,900,0.0,0.0,0.0,0.0,0,0,100,57847.14258623504,57847.14258623504,57127.14258623504,64100.0,64100.0,63300.0,-6172.857413764963,3130.9301938899625
2026-07-27,2902.142586235037,0,900,900,0.0,0.0,0.0,0.0,0,0,100,56794.14258623504,56794.14258623504,58297.14258623504,62930.0,62930.0,64600.0,-6302.857413764963,3260.9964945399624
2026-07-28,2902.142586235037,0,900,900,0.0,0.0,0.0,0.0,0,0,100,55894.14258623504,55894.14258623504,55174.14258623504,61930.0,61930.0,61130.0,-5955.857413764963,2913.8195228049626
2026-07-29,2902.142586235037,0,900,900,0.0,0.0,0.0,0.0,0,0,100,55174.14258623504,55174.14258623504,54877.14258623504,61130.0,61130.0,60800.0,-5922.857413764963,2880.8026926399625
2026-07-30,2902.142586235037,0,900,900,0.0,0.0,0.0,0.0,0,0,100,54202.14258623504,54202.14258623504,51322.14258623504,60050.0,60050.0,56850.0,-5527.857413764963,2485.6012406649625
2026-07-31,2902.142586235037,0,900,900,0.0,0.0,0.0,0.0,0,0,100,54328.14258623504,54328.14258623504,53932.14258623504,60190.0,60190.0,59750.0,-5817.857413764963,2775.7491421149634
2026-08-03,3487.142586235037,0,900,900,0.0,0.0,0.0,585.0,0,0,100,53464.14258623504,53464.14258623504,53797.14258623504,59230.0,59230.0,59600.0,-5802.857413764963,2110.7083417149634
2026-08-04,3487.142586235037,0,900,900,0.0,0.0,0.0,0.0,0,0,100,54616.14258623504,54616.14258623504,57424.14258623504,60510.0,60510.0,63630.0,-6205.857413764963,2513.9138737299627
2026-08-05,3487.142586235037,0,900,900,0.0,0.0,0.0,0.0,0,0,100,56587.14258623504,56587.14258623504,62815.14258623504,62700.0,62700.0,69620.0,-6804.857413764963,3113.219366724962
2026-08-06,3487.142586235037,0,900,900,0.0,0.0,0.0,0.0,0,0,100,62482.14258623504,62482.14258623504,64930.14258623504,69250.0,69250.0,71970.0,-7039.857413764963,3348.339217899963
2026-08-07,3487.142586235037,0,900,900,0.0,0.0,0.0,0.0,0,0,100,64930.14258623504,64930.14258623504,64849.142586235044,71970.0,71970.0,71880.0,-7030.857413764956,3339.3346278549634
2026-08-10,3487.142586235037,0,900,900,0.0,0.0,0.0,0.0,0,0,100,65587.14258623504,65587.14258623504,65749.14258623504,72700.0,72700.0,72880.0,-7130.857413764956,3439.385628354964
2026-08-11,3487.142586235037,0,900,900,0.0,0.0,0.0,0.0,0,0,100,64624.142586235044,64624.142586235044,62896.142586235044,71630.0,71630.0,69710.0,-6813.857413764956,3122.2239567699635
2026-08-12,3487.142586235037,0,900,900,0.0,0.0,0.0,0.0,0,0,100,63301.14258623503,63301.14258623503,62527.14258623503,70160.0,70160.0,69300.0,-6772.85741376497,3081.2030465649614
2026-08-13,3487.142586235037,0,900,900,0.0,0.0,0.0,0.0,0,0,100,64678.14258623503,64678.14258623503,62194.14258623504,71690.0,71690.0,68930.0,-6735.857413764963,3044.184176379963
2026-08-14,3487.142586235037,0,900,900,0.0,0.0,0.0,0.0,0,0,100,62527.14258623503,62527.14258623503,63058.14258623504,69300.0,69300.0,69890.0,-6831.857413764963,3140.2331368599625
2026-08-17,3487.142586235037,0,900,900,0.0,0.0,0.0,0.0,0,0,100,63787.14258623504,63787.14258623504,64894.14258623504,70700.0,70700.0,71930.0,-7035.857413764963,3344.337177879962
2026-08-18,3487.142586235037,0,900,900,0.0,0.0,0.0,0.0,0,0,100,64417.14258623504,64417.14258623504,63067.14258623504,71400.0,71400.0,69900.0,-6832.857413764963,3141.233646864963
2026-08-19,3487.142586235037,0,900,900,0.0,0.0,0.0,0.0,0,0,100,61177.14258623503,61177.14258623503,59134.14258623504,67800.0,67800.0,65530.0,-6395.857413764963,2704.010774679962
2026-08-20,3487.142586235037,0,900,900,0.0,0.0,0.0,0.0,0,0,100,59737.14258623504,59737.14258623504,59404.14258623504,66200.0,66200.0,65830.0,-6425.857413764963,2734.0260748299625
2026-08-21,3487.142586235037,0,900,900,0.0,0.0,0.0,0.0,0,0,100,58972.14258623504,58972.14258623504,60043.14258623504,65350.0,65350.0,66540.0,-6496.857413764963,2805.062285184963
2026-08-24,3487.142586235037,0,900,900,0.0,0.0,0.0,0.0,0,0,100,59917.14258623504,59917.14258623504,57847.14258623504,66400.0,66400.0,64100.0,-6252.857413764963,2560.9378439649627
2026-08-25,3487.142586235037,0,900,900,0.0,0.0,0.0,0.0,0,0,100,56362.14258623504,56362.14258623504,57622.14258623504,62450.0,62450.0,63850.0,-6227.857413764963,2535.9250938399628
2026-08-26,3487.142586235037,0,900,900,0.0,0.0,0.0,0.0,0,0,100,57667.14258623504,57667.14258623504,58000.14258623504,63900.0,63900.0,64270.0,-6269.857413764963,2577.9465140499624
2026-08-27,3487.142586235037,0,900,900,0.0,0.0,0.0,0.0,0,0,100,59287.14258623504,59287.14258623504,60961.14258623504,65700.0,65700.0,67560.0,-6598.857413764963,2907.1143056949622
2026-08-28,3487.142586235037,0,900,900,0.0,0.0,0.0,0.0,0,0,100,61123.142586235044,61123.142586235044,61123.142586235044,67740.0,67740.0,67740.0,-6616.857413764956,2925.123485784963
2026-08-31,3487.142586235037,0,900,900,0.0,0.0,0.0,0.0,0,0,100,60322.14258623504,60322.14258623504,61843.14258623504,66850.0,66850.0,68540.0,-6696.857413764963,3005.1642861849623
2026-09-01,3487.142586235037,0,900,900,0.0,0.0,0.0,0.0,0,0,100,61402.14258623503,61402.14258623503,60133.14258623504,68050.0,68050.0,66640.0,-6506.857413764963,2815.067385234963
2026-09-02,3487.142586235037,0,900,900,0.0,0.0,0.0,0.0,0,0,100,59035.14258623504,59035.14258623504,59107.14258623504,65420.0,65420.0,65500.0,-6392.857413764963,2701.0092446649624
2026-09-03,3487.142586235037,0,900,900,0.0,0.0,0.0,0.0,0,0,100,60187.14258623504,60187.14258623504,60367.14258623504,66700.0,66700.0,66900.0,-6532.857413764963,2841.080645364963
2026-09-04,3487.142586235037,0,900,900,0.0,0.0,0.0,0.0,0,0,100,60943.14258623504,60943.14258623504,60808.14258623504,67540.0,67540.0,67390.0,-6581.857413764963,2890.1056356099625
2026-09-07,3487.142586235037,0,900,900,0.0,0.0,0.0,0.0,0,0,100,61627.14258623503,61627.14258623503,63400.14258623503,68300.0,68300.0,70270.0,-6869.85741376497,3178.252517049962
2026-09-08,3487.142586235037,0,900,900,0.0,0.0,0.0,0.0,0,0,100,63157.14258623504,63157.14258623504,61762.14258623504,70000.0,70000.0,68450.0,-6687.857413764963,2996.159696139962
2026-09-09,3487.142586235037,0,900,900,0.0,0.0,0.0,0.0,0,0,100,61897.142586235044,61897.142586235044,62203.14258623503,68600.0,68600.0,68940.0,-6736.85741376497,3045.1846863849614
2026-09-10,3487.142586235037,0,900,900,0.0,0.0,0.0,0.0,0,0,100,61537.14258623504,61537.14258623504,61006.14258623504,68200.0,68200.0,67610.0,-6603.857413764963,2912.1168557199626
2026-09-11,3487.142586235037,0,900,900,0.0,0.0,0.0,0.0,0,0,100,59881.14258623504,59881.14258623504,61150.14258623503,66360.0,66360.0,67770.0,-6619.85741376497,2928.125015799962
