date,cash,receivable,shares,settled_next_day,dividend_tax_reserve,fees,dividend_tax_paid,dividend_received,buy_quantity,sell_quantity,restoration_missing_shares,equity_open_before,equity_open,equity_close,hold_equity_open,hold_equity_after,hold_equity_close,relative_equity,restore_cash_gap
2020-01-02,1838.0,0,1000,1000,0.0,0.0,0.0,0.0,0,0,0,20168.0,20168.0,20218.0,20168.0,20168.0,20218.0,0.0,0.0
2020-01-03,1838.0,0,1000,1000,0.0,0.0,0.0,0.0,0,0,0,20328.0,20328.0,20058.0,20328.0,20328.0,20058.0,0.0,0.0
2020-01-06,19705.801129,0,0,0,0.0,23.248871,0.0,0.0,0,1000,0,19848.0,19848.0,19705.801129,19848.0,19848.0,19738.0,-32.19887100000051,0.0
2020-01-07,1771.482549799999,0,1000,1000,0.0,5.3585792,0.0,0.0,1000,0,0,19705.801129,19691.4825498,19631.4825498,19758.0,19758.0,19698.0,-66.5174502000009,0.0
2020-01-08,1771.482549799999,0,1000,1000,0.0,0.0,0.0,0.0,0,0,0,19391.4825498,19391.4825498,19291.4825498,19458.0,19458.0,19358.0,-66.5174502000009,0.0
2020-01-09,1771.482549799999,0,1000,1000,0.0,0.0,0.0,0.0,0,0,0,19421.4825498,19421.4825498,20071.4825498,19488.0,19488.0,20138.0,-66.5174502000009,0.0
2020-01-10,1771.482549799999,0,1000,1000,0.0,0.0,0.0,0.0,0,0,0,20181.4825498,20181.4825498,19801.4825498,20248.0,20248.0,19868.0,-66.5174502000009,0.0
2020-01-13,20348.204840899998,0,0,0,0.0,23.9727089,0.0,0.0,0,1000,0,19791.4825498,19791.4825498,20348.204840899998,19858.0,19858.0,20448.0,-99.79515910000191,0.0
2020-01-14,1683.5066543999965,0,1000,1000,0.0,5.3731865,0.0,0.0,1000,0,0,20348.204840899998,20333.506654399996,20073.506654399996,20488.0,20488.0,20228.0,-154.49334560000352,0.0
2020-01-15,1683.5066543999965,0,1000,1000,0.0,0.0,0.0,0.0,0,0,0,20033.506654399996,20033.506654399996,20383.506654399996,20188.0,20188.0,20538.0,-154.49334560000352,0.0
2020-01-16,20060.532843499997,0,0,0,0.0,23.768810900000002,0.0,0.0,0,1000,0,20333.506654399996,20333.506654399996,20060.532843499997,20488.0,20488.0,20248.0,-187.4671565000026,0.0
2020-01-17,1635.959459400001,0,1000,1000,0.0,5.3683841,0.0,0.0,1000,0,0,20060.532843499997,20045.9594594,20625.9594594,20248.0,20248.0,20828.0,-202.04054059999908,0.0
2020-01-20,1635.959459400001,0,1000,1000,0.0,0.0,0.0,0.0,0,0,0,20515.9594594,20515.9594594,20975.9594594,20718.0,20718.0,21178.0,-202.04054059999908,0.0
2020-01-21,1635.959459400001,0,1000,1000,0.0,0.0,0.0,0.0,0,0,0,20835.9594594,20835.9594594,20725.9594594,21038.0,21038.0,20928.0,-202.04054059999908,0.0
2020-01-22,1635.959459400001,0,1000,1000,0.0,0.0,0.0,0.0,0,0,0,20535.9594594,20535.9594594,22485.9594594,20738.0,20738.0,22688.0,-202.04054059999908,0.0
2020-01-23,1635.959459400001,0,1000,1000,0.0,0.0,0.0,0.0,0,0,0,22135.9594594,22135.9594594,21635.9594594,22338.0,22338.0,21838.0,-202.04054059999908,0.0
2020-02-03,1635.959459400001,0,1000,1000,0.0,0.0,0.0,0.0,0,0,0,19635.9594594,19635.9594594,19635.9594594,19838.0,19838.0,19838.0,-202.04054059999908,0.0
2020-02-04,19623.578249600003,0,0,0,0.0,23.371209800000003,0.0,0.0,0,1000,0,18735.9594594,18735.9594594,19623.578249600003,18938.0,18938.0,19858.0,-234.4217503999971,0.0
2020-02-05,1449.1348680000046,0,1000,1000,0.0,5.3633816,0.0,0.0,1000,0,0,19623.578249600003,19609.134868000005,20139.134868000005,19998.0,19998.0,20528.0,-388.86513199999536,0.0
2020-02-06,1449.1348680000046,0,1000,1000,0.0,0.0,0.0,0.0,0,0,0,19989.134868000005,19989.134868000005,20369.134868000005,20378.0,20378.0,20758.0,-388.86513199999536,0.0
2020-02-07,1449.1348680000046,0,1000,1000,0.0,0.0,0.0,0.0,0,0,0,21349.134868000005,21349.134868000005,20749.134868000005,21738.0,21738.0,21138.0,-388.86513199999536,0.0
2020-02-10,1449.1348680000046,0,1000,1000,0.0,0.0,0.0,0.0,0,0,0,20349.134868000005,20349.134868000005,20359.134868000005,20738.0,20738.0,20748.0,-388.86513199999536,0.0
2020-02-11,1449.1348680000046,0,1000,1000,0.0,0.0,0.0,0.0,0,0,0,20259.134868000005,20259.134868000005,20679.134868000005,20648.0,20648.0,21068.0,-388.86513199999536,0.0
2020-02-12,1449.1348680000046,0,1000,1000,0.0,0.0,0.0,0.0,0,0,0,20529.134868000005,20529.134868000005,20599.134868000005,20918.0,20918.0,20988.0,-388.86513199999536,0.0
2020-02-13,1449.1348680000046,0,1000,1000,0.0,0.0,0.0,0.0,0,0,0,20559.134868000005,20559.134868000005,19869.134868000005,20948.0,20948.0,20258.0,-388.86513199999536,0.0
2020-02-14,1449.1348680000046,0,1000,1000,0.0,0.0,0.0,0.0,0,0,0,19709.134868000005,19709.134868000005,19799.134868000005,20098.0,20098.0,20188.0,-388.86513199999536,0.0
2020-02-17,1449.1348680000046,0,1000,1000,0.0,0.0,0.0,0.0,0,0,0,19889.134868000005,19889.134868000005,20639.134868000005,20278.0,20278.0,21028.0,-388.86513199999536,0.0
2020-02-18,1449.1348680000046,0,1000,1000,0.0,0.0,0.0,0.0,0,0,0,20649.134868000005,20649.134868000005,20299.134868000005,21038.0,21038.0,20688.0,-388.86513199999536,0.0
2020-02-19,1449.1348680000046,0,1000,1000,0.0,0.0,0.0,0.0,0,0,0,20099.134868000005,20099.134868000005,19939.134868000005,20488.0,20488.0,20328.0,-388.86513199999536,0.0
2020-02-20,1449.1348680000046,0,1000,1000,0.0,0.0,0.0,0.0,0,0,0,20039.134868000005,20039.134868000005,20259.134868000005,20428.0,20428.0,20648.0,-388.86513199999536,0.0
2020-02-21,1449.1348680000046,0,1000,1000,0.0,0.0,0.0,0.0,0,0,0,20119.134868000005,20119.134868000005,21049.134868000005,20508.0,20508.0,21438.0,-388.86513199999536,0.0
2020-02-24,1449.1348680000046,0,1000,1000,0.0,0.0,0.0,0.0,0,0,0,21199.134868000005,21199.134868000005,21589.134868000005,21588.0,21588.0,21978.0,-388.86513199999536,0.0
2020-02-25,1449.1348680000046,0,1000,1000,0.0,0.0,0.0,0.0,0,0,0,21099.134868000005,21099.134868000005,21409.134868000005,21488.0,21488.0,21798.0,-388.86513199999536,0.0
2020-02-26,1449.1348680000046,0,1000,1000,0.0,0.0,0.0,0.0,0,0,0,20999.134868000005,20999.134868000005,20159.134868000005,21388.0,21388.0,20548.0,-388.86513199999536,0.0
2020-02-27,1449.1348680000046,0,1000,1000,0.0,0.0,0.0,0.0,0,0,0,20089.134868000005,20089.134868000005,20349.134868000005,20478.0,20478.0,20738.0,-388.86513199999536,0.0
2020-02-28,18498.181978800003,0,0,0,0.0,22.4128892,0.0,0.0,0,1000,0,19529.134868000005,19529.134868000005,18498.181978800003,19918.0,19918.0,18918.0,-419.818021199997,0.0
2020-03-02,1184.1858058000034,0,1000,1000,0.0,5.346173,0.0,0.0,1000,0,0,18498.181978800003,18484.185805800003,18624.185805800003,19138.0,19138.0,19278.0,-653.8141941999966,0.0
2020-03-03,1184.1858058000034,0,1000,1000,0.0,0.0,0.0,0.0,0,0,0,19014.185805800003,19014.185805800003,18624.185805800003,19668.0,19668.0,19278.0,-653.8141941999966,0.0
2020-03-04,1184.1858058000034,0,1000,1000,0.0,0.0,0.0,0.0,0,0,0,18414.185805800003,18414.185805800003,17944.185805800003,19068.0,19068.0,18598.0,-653.8141941999966,0.0
2020-03-05,1184.1858058000034,0,1000,1000,0.0,0.0,0.0,0.0,0,0,0,18284.185805800003,18284.185805800003,18344.185805800003,18938.0,18938.0,18998.0,-653.8141941999966,0.0
2020-03-06,1184.1858058000034,0,1000,1000,0.0,0.0,0.0,0.0,0,0,0,18014.185805800003,18014.185805800003,18174.185805800003,18668.0,18668.0,18828.0,-653.8141941999966,0.0
2020-03-09,17334.600457600005,0,0,0,0.0,21.495348200000002,0.0,0.0,0,1000,0,17864.185805800003,17864.185805800003,17334.600457600005,18518.0,18518.0,18018.0,-683.399542399995,0.0
2020-03-10,1341.2906978000046,0,1000,1000,0.0,5.3197598,0.0,0.0,1000,0,0,17334.600457600005,17321.290697800003,17931.290697800003,17818.0,17818.0,18428.0,-496.7093021999972,0.0
2020-03-11,17851.1583332,0,0,0,0.0,21.8623646,0.0,0.0,0,1000,0,18011.290697800003,18011.290697800003,17851.1583332,18508.0,18508.0,18378.0,-526.8416667999991,0.0
2020-03-12,1587.7081707000016,0,1000,1000,0.0,5.3251625,0.0,0.0,1000,0,0,17851.1583332,17837.708170700003,17687.708170700003,18088.0,18088.0,17938.0,-250.2918292999966,0.0
2020-03-13,17208.928152200002,0,0,0,0.0,20.9550185,0.0,0.0,0,1000,0,16767.708170700003,16767.708170700003,17208.928152200002,17018.0,17018.0,17488.0,-279.07184779999807,0.0
2020-03-16,1515.7743954000034,0,1000,1000,0.0,5.3137568,0.0,0.0,1000,0,0,17208.928152200002,17195.774395400003,15815.774395400003,17518.0,17518.0,16138.0,-322.2256045999966,0.0
2020-03-17,1515.7743954000034,0,1000,1000,0.0,0.0,0.0,0.0,0,0,0,15905.774395400003,15905.774395400003,15425.774395400003,16228.0,16228.0,15748.0,-322.2256045999966,0.0
2020-03-18,1515.7743954000034,0,1000,1000,0.0,0.0,0.0,0.0,0,0,0,15565.774395400003,15565.774395400003,15075.774395400003,15888.0,15888.0,15398.0,-322.2256045999966,0.0
2020-03-19,15000.246085500004,0,0,0,0.0,18.7733099,0.0,0.0,0,1000,0,15065.774395400003,15065.774395400003,15000.246085500004,15388.0,15388.0,15348.0,-347.7539144999955,0.0
2020-03-20,1308.1323487000045,0,1000,1000,0.0,5.2737368,0.0,0.0,1000,0,0,15000.246085500004,14988.132348700005,14878.132348700005,15518.0,15518.0,15408.0,-529.8676512999955,0.0
2020-03-23,13804.108333900005,0,0,0,0.0,17.764014799999998,0.0,0.0,0,1000,0,14408.132348700005,14408.132348700005,13804.108333900005,14938.0,14938.0,14358.0,-553.8916660999948,0.0
2020-03-24,1042.4782064000046,0,1000,1000,0.0,5.2551275,0.0,0.0,1000,0,0,13804.108333900005,13792.478206400005,14062.478206400005,14588.0,14588.0,14858.0,-795.5217935999954,0.0
2020-03-25,1042.4782064000046,0,1000,1000,0.0,0.0,0.0,0.0,0,0,0,14442.478206400005,14442.478206400005,14592.478206400005,15238.0,15238.0,15388.0,-795.5217935999954,0.0
2020-03-26,1042.4782064000046,0,1000,1000,0.0,0.0,0.0,0.0,0,0,0,14452.478206400005,14452.478206400005,14332.478206400005,15248.0,15248.0,15128.0,-795.5217935999954,0.0
2020-03-27,14087.618472100005,0,0,0,0.0,18.324734300000003,0.0,0.0,0,1000,0,14542.478206400005,14542.478206400005,14087.618472100005,15338.0,15338.0,14908.0,-820.3815278999955,0.0
2020-03-30,1235.9415437000043,0,1000,1000,0.0,5.2569284,0.0,0.0,1000,0,0,14087.618472100005,14075.941543700004,14055.941543700004,14678.0,14678.0,14658.0,-602.0584562999957,0.0
2020-03-31,14420.869080800005,0,0,0,0.0,18.4674629,0.0,0.0,0,1000,0,14525.941543700004,14525.941543700004,14420.869080800005,15128.0,15128.0,15048.0,-627.1309191999953,0.0
2020-04-01,1279.0413495000066,0,1000,1000,0.0,5.2627313000000004,0.0,0.0,1000,0,0,14420.869080800005,14409.041349500007,14689.041349500007,14968.0,14968.0,15248.0,-558.9586504999934,0.0
2020-04-02,1279.0413495000066,0,1000,1000,0.0,0.0,0.0,0.0,0,0,0,14619.041349500007,14619.041349500007,15259.041349500007,15178.0,15178.0,15818.0,-558.9586504999934,0.0
2020-04-03,1279.0413495000066,0,1000,1000,0.0,0.0,0.0,0.0,0,0,0,15179.041349500007,15179.041349500007,15239.041349500007,15738.0,15738.0,15798.0,-558.9586504999934,0.0
2020-04-07,1279.0413495000066,0,1000,1000,0.0,0.0,0.0,0.0,0,0,0,15629.041349500007,15629.041349500007,15429.041349500007,16188.0,16188.0,15988.0,-558.9586504999934,0.0
2020-04-08,1279.0413495000066,0,1000,1000,0.0,0.0,0.0,0.0,0,0,0,15329.041349500007,15329.041349500007,15419.041349500007,15888.0,15888.0,15978.0,-558.9586504999934,0.0
2020-04-09,15202.844464000009,0,0,0,0.0,19.221885500000003,0.0,0.0,0,1000,0,15449.041349500007,15449.041349500007,15202.844464000009,16008.0,16008.0,15788.0,-585.1555359999911,0.0
2020-04-10,1250.5955246000103,0,1000,1000,0.0,5.2789394,0.0,0.0,1000,0,0,15202.844464000009,15190.59552460001,14870.59552460001,15778.0,15778.0,15458.0,-587.4044753999897,0.0
2020-04-13,14375.614231100011,0,0,0,0.0,18.406293500000004,0.0,0.0,0,1000,0,14690.59552460001,14690.59552460001,14375.614231100011,15278.0,15278.0,14988.0,-612.3857688999888,0.0
2020-04-14,1083.7084983000113,0,1000,1000,0.0,5.2657328,0.0,0.0,1000,0,0,14375.614231100011,14363.708498300011,14893.708498300011,15118.0,15118.0,15648.0,-754.2915016999887,0.0
2020-04-15,1083.7084983000113,0,1000,1000,0.0,0.0,0.0,0.0,0,0,0,14893.708498300011,14893.708498300011,14953.708498300011,15648.0,15648.0,15708.0,-754.2915016999887,0.0
2020-04-16,15107.35966380001,0,0,0,0.0,19.323834500000004,0.0,0.0,0,1000,0,14833.708498300011,14833.708498300011,15107.35966380001,15588.0,15588.0,15888.0,-780.6403361999892,0.0
2020-04-17,874.9651216000129,0,1000,1000,0.0,5.2845422,0.0,0.0,1000,0,0,15107.35966380001,15094.965121600013,14864.965121600013,16058.0,16058.0,15828.0,-963.0348783999871,0.0
2020-04-20,874.9651216000129,0,1000,1000,0.0,0.0,0.0,0.0,0,0,0,14934.965121600013,14934.965121600013,15344.965121600013,15898.0,15898.0,16308.0,-963.0348783999871,0.0
2020-04-21,874.9651216000129,0,1000,1000,0.0,0.0,0.0,0.0,0,0,0,15174.965121600013,15174.965121600013,15034.965121600013,16138.0,16138.0,15998.0,-963.0348783999871,0.0
2020-04-22,874.9651216000129,0,1000,1000,0.0,0.0,0.0,0.0,0,0,0,14934.965121600013,14934.965121600013,14934.965121600013,15898.0,15898.0,15898.0,-963.0348783999871,0.0
2020-04-23,14808.753041200014,0,0,0,0.0,19.2320804,0.0,0.0,0,1000,0,15124.965121600013,15124.965121600013,14808.753041200014,16088.0,16088.0,15798.0,-989.2469587999858,0.0
2020-04-24,836.4937016000149,0,1000,1000,0.0,5.2793396,0.0,0.0,1000,0,0,14808.753041200014,14796.493701600015,14786.493701600015,15798.0,15798.0,15788.0,-1001.5062983999851,0.0
2020-04-27,14760.296816100017,0,0,0,0.0,19.221885500000003,0.0,0.0,0,1000,0,14836.493701600015,14836.493701600015,14760.296816100017,15838.0,15838.0,15788.0,-1027.7031838999828,0.0
2020-04-28,738.0114760000179,0,1000,1000,0.0,5.2803401,0.0,0.0,1000,0,0,14760.296816100017,14748.011476000018,14948.011476000018,15848.0,15848.0,16048.0,-1099.9885239999821,0.0
2020-04-29,738.0114760000179,0,1000,1000,0.0,0.0,0.0,0.0,0,0,0,14898.011476000018,14898.011476000018,14978.011476000018,15998.0,15998.0,16078.0,-1099.9885239999821,0.0
2020-04-30,15400.690167900018,0,0,0,0.0,19.976308100000004,0.0,0.0,0,1000,0,15048.011476000018,15048.011476000018,15400.690167900018,16148.0,16148.0,16528.0,-1127.3098320999816,0.0
2020-05-06,958.1864236000201,0,1000,1000,0.0,5.2887443,0.0,0.0,1000,0,0,15400.690167900018,15388.18642360002,15718.18642360002,16268.0,16268.0,16598.0,-879.8135763999799,0.0
2020-05-07,958.1864236000201,0,1000,1000,0.0,0.0,0.0,0.0,0,0,0,15708.18642360002,15708.18642360002,15338.18642360002,16588.0,16588.0,16218.0,-879.8135763999799,0.0
2020-05-08,958.1864236000201,0,1000,1000,0.0,0.0,0.0,0.0,0,0,0,15438.18642360002,15438.18642360002,15398.18642360002,16318.0,16318.0,16278.0,-879.8135763999799,0.0
2020-05-11,958.1864236000201,0,1000,1000,0.0,0.0,0.0,0.0,0,0,0,15458.18642360002,15458.18642360002,15478.18642360002,16338.0,16338.0,16358.0,-879.8135763999799,0.0
2020-05-12,958.1864236000201,0,1000,1000,0.0,0.0,0.0,0.0,0,0,0,15408.18642360002,15408.18642360002,15188.18642360002,16288.0,16288.0,16068.0,-879.8135763999799,0.0
2020-05-13,15111.640055400021,0,0,0,0.0,19.456368200000004,0.0,0.0,0,1000,0,15058.18642360002,15058.18642360002,15111.640055400021,15938.0,15938.0,16018.0,-906.3599445999789,0.0
2020-05-14,1029.3235147000214,0,1000,1000,0.0,5.2815407,0.0,0.0,1000,0,0,15111.640055400021,15099.323514700021,14719.323514700021,15908.0,15908.0,15528.0,-808.6764852999786,0.0
2020-05-15,1029.3235147000214,0,1000,1000,0.0,0.0,0.0,0.0,0,0,0,14769.323514700021,14769.323514700021,14819.323514700021,15578.0,15578.0,15628.0,-808.6764852999786,0.0
2020-05-18,14493.825594600023,0,0,0,0.0,18.752920100000004,0.0,0.0,0,1000,0,14659.323514700021,14659.323514700021,14493.825594600023,15468.0,15468.0,15328.0,-834.1744053999773,0.0
2020-05-19,941.7846592000242,0,1000,1000,0.0,5.2709354,0.0,0.0,1000,0,0,14493.825594600023,14481.784659200024,14721.784659200024,15378.0,15378.0,15618.0,-896.2153407999758,0.0
2020-05-20,14765.739722700026,0,0,0,0.0,19.1199365,0.0,0.0,0,1000,0,14731.784659200024,14731.784659200024,14765.739722700026,15628.0,15628.0,15688.0,-922.2602772999744,0.0
2020-05-21,873.5219839000274,0,1000,1000,0.0,5.2777388,0.0,0.0,1000,0,0,14765.739722700026,14753.521983900027,14473.521983900027,15718.0,15718.0,15438.0,-964.4780160999726,0.0
2020-05-22,14108.373546500028,0,0,0,0.0,18.518437400000003,0.0,0.0,0,1000,0,14453.521983900027,14453.521983900027,14108.373546500028,15418.0,15418.0,15098.0,-989.6264534999718,0.0
2020-05-25,846.4834140000276,0,1000,1000,0.0,5.2651325,0.0,0.0,1000,0,0,14108.373546500028,14096.483414000028,13966.483414000028,15088.0,15088.0,14958.0,-991.5165859999724,0.0
2020-05-26,14320.970299000028,0,0,0,0.0,18.763115,0.0,0.0,0,1000,0,14026.483414000028,14026.483414000028,14320.970299000028,15018.0,15018.0,15338.0,-1017.0297009999722,0.0
2020-05-27,748.9189634000286,0,1000,1000,0.0,5.2713356000000005,0.0,0.0,1000,0,0,14320.970299000028,14308.918963400029,14228.918963400029,15398.0,15398.0,15318.0,-1089.0810365999714,0.0
2020-05-28,14183.46662800003,0,0,0,0.0,18.722335400000002,0.0,0.0,0,1000,0,14248.918963400029,14248.918963400029,14183.46662800003,15338.0,15338.0,15298.0,-1114.5333719999708,0.0
2020-05-29,771.4984940000304,0,1000,1000,0.0,5.268134,0.0,0.0,1000,0,0,14183.46662800003,14171.49849400003,14181.49849400003,15238.0,15238.0,15248.0,-1066.5015059999696,0.0
2020-06-01,771.4984940000304,0,1000,1000,0.0,0.0,0.0,0.0,0,0,0,14231.49849400003,14231.49849400003,14651.49849400003,15298.0,15298.0,15718.0,-1066.5015059999696,0.0
2020-06-02,771.4984940000304,0,1000,1000,0.0,0.0,0.0,0.0,0,0,0,14671.49849400003,14671.49849400003,14931.49849400003,15738.0,15738.0,15998.0,-1066.5015059999696,0.0
2020-06-03,771.4984940000304,0,1000,1000,0.0,0.0,0.0,0.0,0,0,0,15041.49849400003,15041.49849400003,14991.49849400003,16108.0,16108.0,16058.0,-1066.5015059999696,0.0
2020-06-04,771.4984940000304,0,1000,1000,0.0,0.0,0.0,0.0,0,0,0,15021.49849400003,15021.49849400003,14931.49849400003,16088.0,16088.0,15998.0,-1066.5015059999696,0.0
2020-06-05,771.4984940000304,0,1000,1000,0.0,0.0,0.0,0.0,0,0,0,14931.49849400003,14931.49849400003,14851.49849400003,15998.0,15998.0,15918.0,-1066.5015059999696,0.0
2020-06-08,771.4984940000304,0,1000,1000,0.0,0.0,0.0,0.0,0,0,0,15021.49849400003,15021.49849400003,15031.49849400003,16088.0,16088.0,16098.0,-1066.5015059999696,0.0
2020-06-09,771.4984940000304,0,1000,1000,0.0,0.0,0.0,0.0,0,0,0,15171.49849400003,15171.49849400003,15321.49849400003,16238.0,16238.0,16388.0,-1066.5015059999696,0.0
2020-06-10,771.4984940000304,0,1000,1000,0.0,0.0,0.0,0.0,0,0,0,15331.49849400003,15331.49849400003,15051.49849400003,16398.0,16398.0,16118.0,-1066.5015059999696,0.0
2020-06-11,771.4984940000304,0,1000,1000,0.0,0.0,0.0,0.0,0,0,0,15021.49849400003,15021.49849400003,14791.49849400003,16088.0,16088.0,15858.0,-1066.5015059999696,0.0
2020-06-12,771.4984940000304,0,1000,1000,0.0,0.0,0.0,0.0,0,0,0,14471.49849400003,14471.49849400003,14581.49849400003,15538.0,15538.0,15648.0,-1066.5015059999696,0.0
2020-06-15,771.4984940000304,0,1000,1000,0.0,0.0,0.0,0.0,0,0,0,14451.49849400003,14451.49849400003,14441.49849400003,15518.0,15518.0,15508.0,-1066.5015059999696,0.0
2020-06-16,771.4984940000304,0,1000,1000,0.0,0.0,0.0,0.0,0,0,0,14511.49849400003,14511.49849400003,14801.49849400003,15578.0,15578.0,15868.0,-1066.5015059999696,0.0
2020-06-17,771.4984940000304,0,1000,1000,0.0,0.0,0.0,0.0,0,0,0,14741.49849400003,14741.49849400003,15021.49849400003,15808.0,15808.0,16088.0,-1066.5015059999696,0.0
2020-06-18,771.4984940000304,0,1000,1000,0.0,0.0,0.0,0.0,0,0,0,15021.49849400003,15021.49849400003,15171.49849400003,16088.0,16088.0,16238.0,-1066.5015059999696,0.0
2020-06-19,771.4984940000304,0,1000,1000,0.0,0.0,0.0,0.0,0,0,0,15201.49849400003,15201.49849400003,15121.49849400003,16268.0,16268.0,16188.0,-1066.5015059999696,0.0
2020-06-22,771.4984940000304,0,1000,1000,0.0,0.0,0.0,0.0,0,0,0,15131.49849400003,15131.49849400003,15171.49849400003,16198.0,16198.0,16238.0,-1066.5015059999696,0.0
2020-06-23,771.4984940000304,0,1000,1000,0.0,0.0,0.0,0.0,0,0,0,15131.49849400003,15131.49849400003,14881.49849400003,16198.0,16198.0,15948.0,-1066.5015059999696,0.0
2020-06-24,771.4984940000304,0,1000,1000,0.0,0.0,0.0,0.0,0,0,0,14921.49849400003,14921.49849400003,16291.49849400003,15988.0,15988.0,17358.0,-1066.5015059999696,0.0
2020-06-29,771.4984940000304,0,1000,1000,0.0,0.0,0.0,0.0,0,0,0,16261.49849400003,16261.49849400003,15991.49849400003,17328.0,17328.0,17058.0,-1066.5015059999696,0.0
2020-06-30,971.4984940000304,0,1000,1000,20.0,0.0,0.0,200.0,0,0,0,16141.49849400003,16141.49849400003,16101.49849400003,17228.0,17228.0,17188.0,-1086.5015059999696,0.0
2020-07-01,971.4984940000304,0,1000,1000,20.0,0.0,0.0,0.0,0,0,0,16151.49849400003,16151.49849400003,16371.498494000029,17238.0,17238.0,17458.0,-1086.5015059999714,0.0
2020-07-02,971.4984940000304,0,1000,1000,20.0,0.0,0.0,0.0,0,0,0,16291.49849400003,16291.49849400003,16561.49849400003,17378.0,17378.0,17648.0,-1086.5015059999714,0.0
2020-07-03,971.4984940000304,0,1000,1000,20.0,0.0,0.0,0.0,0,0,0,16601.49849400003,16601.49849400003,16861.49849400003,17688.0,17688.0,17948.0,-1086.5015059999714,0.0
2020-07-06,971.4984940000304,0,1000,1000,20.0,0.0,0.0,0.0,0,0,0,17161.49849400003,17161.49849400003,17441.49849400003,18248.0,18248.0,18528.0,-1086.5015059999714,0.0
2020-07-07,971.4984940000304,0,1000,1000,20.0,0.0,0.0,0.0,0,0,0,17451.49849400003,17451.49849400003,17331.49849400003,18538.0,18538.0,18418.0,-1086.5015059999714,0.0
2020-07-08,971.4984940000304,0,1000,1000,20.0,0.0,0.0,0.0,0,0,0,17251.49849400003,17251.49849400003,17351.49849400003,18338.0,18338.0,18438.0,-1086.5015059999714,0.0
2020-07-09,971.4984940000304,0,1000,1000,20.0,0.0,0.0,0.0,0,0,0,17331.49849400003,17331.49849400003,17671.49849400003,18418.0,18418.0,18758.0,-1086.5015059999714,0.0
2020-07-10,971.4984940000304,0,1000,1000,20.0,0.0,0.0,0.0,0,0,0,17631.49849400003,17631.49849400003,16981.498494000032,18718.0,18718.0,18068.0,-1086.5015059999678,0.0
2020-07-13,971.4984940000304,0,1000,1000,20.0,0.0,0.0,0.0,0,0,0,16911.49849400003,16911.49849400003,17451.49849400003,17998.0,17998.0,18538.0,-1086.5015059999714,0.0
2020-07-14,971.4984940000304,0,1000,1000,20.0,0.0,0.0,0.0,0,0,0,17481.49849400003,17481.49849400003,17541.49849400003,18568.0,18568.0,18628.0,-1086.5015059999714,0.0
2020-07-15,971.4984940000304,0,1000,1000,20.0,0.0,0.0,0.0,0,0,0,17781.49849400003,17781.49849400003,17151.49849400003,18868.0,18868.0,18238.0,-1086.5015059999714,0.0
2020-07-16,971.4984940000304,0,1000,1000,20.0,0.0,0.0,0.0,0,0,0,17081.49849400003,17081.49849400003,15821.49849400003,18168.0,18168.0,16908.0,-1086.5015059999696,0.0
2020-07-17,971.4984940000304,0,1000,1000,20.0,0.0,0.0,0.0,0,0,0,16031.49849400003,16031.49849400003,15741.49849400003,17118.0,17118.0,16828.0,-1086.5015059999696,0.0
2020-07-20,16213.265491900032,0,0,0,0.0,20.588002100000004,20.0,0.0,0,1000,0,15831.49849400003,15831.49849400003,16213.265491900032,16918.0,16918.0,17328.0,-1114.7345080999676,0.0
2020-07-21,800.2573379000332,0,1000,1000,0.0,5.308154,0.0,0.0,1000,0,0,16213.265491900032,16200.257337900033,16230.257337900033,17438.0,17438.0,17468.0,-1237.7426620999668,0.0
2020-07-22,16131.917971500035,0,0,0,0.0,20.659366400000003,0.0,0.0,0,1000,0,16240.257337900033,16240.257337900033,16131.917971500035,17478.0,17478.0,17398.0,-1266.0820284999645,0.0
2020-07-23,949.0294198000356,0,1000,1000,0.0,5.3035517,0.0,0.0,1000,0,0,16131.917971500035,16119.029419800036,15929.029419800036,17208.0,17208.0,17018.0,-1088.9705801999644,0.0
2020-07-24,15082.513441400035,0,0,0,0.0,19.435978400000003,0.0,0.0,0,1000,0,15869.029419800036,15869.029419800036,15082.513441400035,16958.0,16958.0,16198.0,-1115.486558599965,0.0
2020-07-27,840.1136991000349,0,1000,1000,0.0,5.2847423,0.0,0.0,1000,0,0,15082.513441400035,15070.113699100035,14850.113699100035,16268.0,16268.0,16048.0,-1197.8863008999651,0.0
2020-07-28,15023.521746200035,0,0,0,0.0,19.486952900000002,0.0,0.0,0,1000,0,14990.113699100035,14990.113699100035,15023.521746200035,16188.0,16188.0,16248.0,-1224.4782537999654,0.0
2020-07-29,791.1272040000367,0,1000,1000,0.0,5.2845422,0.0,0.0,1000,0,0,15023.521746200035,15011.127204000037,15301.127204000037,16258.0,16258.0,16548.0,-1246.8727959999633,0.0
2020-07-30,15054.413691900038,0,0,0,0.0,19.568512100000003,0.0,0.0,0,1000,0,15301.127204000037,15301.127204000037,15054.413691900038,16548.0,16548.0,16328.0,-1273.5863080999625,0.0
2020-07-31,761.9879491000374,0,1000,1000,0.0,5.2857428,0.0,0.0,1000,0,0,15054.413691900038,15041.987949100037,15351.987949100037,16318.0,16318.0,16628.0,-1276.0120508999626,0.0
2020-08-03,15624.362743000038,0,0,0,0.0,20.1802061,0.0,0.0,0,1000,0,15441.987949100037,15441.987949100037,15624.362743000038,16718.0,16718.0,16928.0,-1303.6372569999621,0.0
2020-08-04,711.6145940000388,0,1000,1000,0.0,5.298149,0.0,0.0,1000,0,0,15624.362743000038,15611.614594000039,15391.614594000039,16938.0,16938.0,16718.0,-1326.3854059999612,0.0
2020-08-05,15294.41484510004,0,0,0,0.0,19.894748900000003,0.0,0.0,0,1000,0,15541.614594000039,15541.614594000039,15294.41484510004,16868.0,16868.0,16648.0,-1353.58515489996,0.0
2020-08-06,631.796698600041,0,1000,1000,0.0,5.2931465,0.0,0.0,1000,0,0,15294.41484510004,15281.796698600041,15131.796698600041,16688.0,16688.0,16538.0,-1406.203301399959,0.0
2020-08-07,14905.06799160004,0,0,0,0.0,19.578707,0.0,0.0,0,1000,0,15111.796698600041,15111.796698600041,14905.06799160004,16518.0,16518.0,16338.0,-1432.9320083999592,0.0
2020-08-10,702.6890497000422,0,1000,1000,0.0,5.2839419,0.0,0.0,1000,0,0,14905.06799160004,14892.689049700042,15112.689049700042,16228.0,16228.0,16448.0,-1335.3109502999578,0.0
2020-08-11,14836.173071300042,0,0,0,0.0,19.435978400000003,0.0,0.0,0,1000,0,15102.689049700042,15102.689049700042,14836.173071300042,16438.0,16438.0,16198.0,-1361.8269286999584,0.0
2020-08-12,443.6953275000433,0,1000,1000,0.0,5.2877438,0.0,0.0,1000,0,0,14836.173071300042,14823.695327500043,15583.695327500043,16418.0,16418.0,17178.0,-1594.3046724999567,0.0
2020-08-13,443.6953275000433,0,1000,1000,0.0,0.0,0.0,0.0,0,0,0,15713.695327500043,15713.695327500043,15613.695327500043,17308.0,17308.0,17208.0,-1594.3046724999567,0.0
2020-08-14,443.6953275000433,0,1000,1000,0.0,0.0,0.0,0.0,0,0,0,15453.695327500043,15453.695327500043,15473.695327500043,17048.0,17048.0,17068.0,-1594.3046724999567,0.0
2020-08-17,443.6953275000433,0,1000,1000,0.0,0.0,0.0,0.0,0,0,0,15533.695327500043,15533.695327500043,15723.695327500043,17128.0,17128.0,17318.0,-1594.3046724999567,0.0
2020-08-18,443.6953275000433,0,1000,1000,0.0,0.0,0.0,0.0,0,0,0,15743.695327500043,15743.695327500043,15623.695327500043,17338.0,17338.0,17218.0,-1594.3046724999567,0.0
2020-08-19,443.6953275000433,0,1000,1000,0.0,0.0,0.0,0.0,0,0,0,15623.695327500043,15623.695327500043,15293.695327500043,17218.0,17218.0,16888.0,-1594.3046724999567,0.0
2020-08-20,443.6953275000433,0,1000,1000,0.0,0.0,0.0,0.0,0,0,0,15193.695327500043,15193.695327500043,15273.695327500043,16788.0,16788.0,16868.0,-1594.3046724999567,0.0
2020-08-21,15216.206875500044,0,0,0,0.0,20.088452000000004,0.0,0.0,0,1000,0,15443.695327500043,15443.695327500043,15216.206875500044,17038.0,17038.0,16838.0,-1621.7931244999563,0.0
2020-08-24,343.47952690004604,0,1000,1000,0.0,5.2973486,0.0,0.0,1000,0,0,15216.206875500044,15203.479526900046,15333.479526900046,16898.0,16898.0,17028.0,-1694.520473099954,0.0
2020-08-25,343.47952690004604,0,1000,1000,0.0,0.0,0.0,0.0,0,0,0,15383.479526900046,15383.479526900046,15433.479526900046,17078.0,17078.0,17128.0,-1694.520473099954,0.0
2020-08-26,343.47952690004604,0,1000,1000,0.0,0.0,0.0,0.0,0,0,0,15423.479526900046,15423.479526900046,14883.479526900046,17118.0,17118.0,16578.0,-1694.520473099954,0.0
2020-08-27,343.47952690004604,0,1000,1000,0.0,0.0,0.0,0.0,0,0,0,14943.479526900046,14943.479526900046,14993.479526900046,16638.0,16638.0,16688.0,-1694.520473099954,0.0
2020-08-28,15066.067049400046,0,0,0,0.0,20.0374775,0.0,0.0,0,1000,0,14903.479526900046,14903.479526900046,15066.067049400046,16598.0,16598.0,16788.0,-1721.932950599954,0.0
2020-08-31,213.35010100004547,0,1000,1000,0.0,5.2969484,0.0,0.0,1000,0,0,15066.067049400046,15053.350101000045,14953.350101000045,16878.0,16878.0,16778.0,-1824.6498989999545,0.0
2020-09-01,213.35010100004547,0,1000,1000,0.0,0.0,0.0,0.0,0,0,0,14883.350101000045,14883.350101000045,14943.350101000045,16708.0,16708.0,16768.0,-1824.6498989999545,0.0
2020-09-02,14955.907233700047,0,0,0,0.0,20.057867300000005,0.0,0.0,0,1000,0,14933.350101000045,14933.350101000045,14955.907233700047,16758.0,16758.0,16808.0,-1852.092766299953,0.0
2020-09-03,103.19028530004653,0,1000,1000,0.0,5.2969484,0.0,0.0,1000,0,0,14955.907233700047,14943.190285300047,14613.190285300047,16878.0,16878.0,16548.0,-1934.8097146999535,0.0
2020-09-04,14246.659112000047,0,0,0,0.0,19.4461733,0.0,0.0,0,1000,0,14393.190285300047,14393.190285300047,14246.659112000047,16328.0,16328.0,16208.0,-1961.3408879999533,0.0
2020-09-07,224.37377190004736,0,1000,1000,0.0,5.2803401,0.0,0.0,1000,0,0,14246.659112000047,14234.373771900047,14164.373771900047,16048.0,16048.0,15978.0,-1813.6262280999526,0.0
2020-09-08,224.37377190004736,0,1000,1000,0.0,0.0,0.0,0.0,0,0,0,14164.373771900047,14164.373771900047,14434.373771900047,15978.0,15978.0,16248.0,-1813.6262280999526,0.0
2020-09-09,14108.237666000048,0,0,0,0.0,19.1811059,0.0,0.0,0,1000,0,14284.373771900047,14284.373771900047,14108.237666000048,16098.0,16098.0,15948.0,-1839.7623339999518,0.0
2020-09-10,95.95752600004744,0,1000,1000,0.0,5.28014,0.0,0.0,1000,0,0,14108.237666000048,14095.957526000047,13655.957526000047,16038.0,16038.0,15598.0,-1942.0424739999526,0.0
2020-09-11,95.95752600004744,0,1000,1000,0.0,0.0,0.0,0.0,0,0,0,13565.957526000047,13565.957526000047,13715.957526000047,15508.0,15508.0,15658.0,-1942.0424739999526,0.0
2020-09-14,13919.912589500049,0,0,0,0.0,19.1199365,0.0,0.0,0,1000,0,13715.957526000047,13715.957526000047,13919.912589500049,15658.0,15658.0,15888.0,-1968.0874104999511,0.0
2020-09-15,77.72085120005067,0,1000,1000,0.0,5.2767383,0.0,0.0,1000,0,0,13919.912589500049,13907.72085120005,13807.72085120005,15868.0,15868.0,15768.0,-1960.2791487999493,0.0
2020-09-16,13652.055787200052,0,0,0,0.0,18.865064000000004,0.0,0.0,0,1000,0,13767.72085120005,13767.72085120005,13652.055787200052,15728.0,15728.0,15638.0,-1985.9442127999482,0.0
2020-09-17,80.00445160005256,0,1000,1000,0.0,5.2713356000000005,0.0,0.0,1000,0,0,13652.055787200052,13640.004451600053,13640.004451600053,15598.0,15598.0,15598.0,-1957.9955483999474,0.0
2020-09-18,13874.005099800053,0,0,0,0.0,19.089351800000003,0.0,0.0,0,1000,0,13650.004451600053,13650.004451600053,13874.005099800053,15608.0,15608.0,15858.0,-1983.9949001999466,0.0
2020-09-21,51.82376170005409,0,1000,1000,0.0,5.2763381,0.0,0.0,1000,0,0,13874.005099800053,13861.823761700054,13791.823761700054,15848.0,15848.0,15778.0,-1986.176238299946,0.0
2020-09-22,13586.219477300056,0,0,0,0.0,18.824284400000003,0.0,0.0,0,1000,0,13701.823761700054,13701.823761700054,13586.219477300056,15688.0,15688.0,15598.0,-2011.7805226999444,0.0
2020-09-23,1307.8405146300556,0,900,900,0.0,5.24546267,0.0,0.0,900,0,100,13586.219477300056,13574.840514630056,13520.840514630056,15668.0,15668.0,15608.0,-2087.1594853699444,54.86513893994447
2020-09-24,1307.8405146300556,0,900,900,0.0,0.0,0.0,0.0,0,0,100,13412.840514630056,13412.840514630056,13214.840514630056,15488.0,15488.0,15268.0,-2053.1594853699444,20.847458599944275
2020-09-25,1307.8405146300556,0,900,900,0.0,0.0,0.0,0.0,0,0,100,13286.840514630056,13286.840514630056,13160.840514630056,15348.0,15348.0,15208.0,-2047.1594853699444,14.844338539944374
2020-09-28,1307.8405146300556,0,900,900,0.0,0.0,0.0,0.0,0,0,100,13187.840514630056,13187.840514630056,13259.840514630056,15238.0,15238.0,15318.0,-2058.1594853699444,25.850058649944458
2020-09-29,1307.8405146300556,0,900,900,0.0,0.0,0.0,0.0,0,0,100,13295.840514630056,13295.840514630056,13511.840514630056,15358.0,15358.0,15598.0,-2086.1594853699444,53.8646189299443
2020-09-30,1307.8405146300556,0,900,900,0.0,0.0,0.0,0.0,0,0,100,13547.840514630056,13547.840514630056,13538.840514630056,15638.0,15638.0,15628.0,-2089.1594853699444,56.866178959944364
2020-10-09,1307.8405146300556,0,900,900,0.0,0.0,0.0,0.0,0,0,100,13736.840514630056,13736.840514630056,13772.840514630056,15848.0,15848.0,15888.0,-2115.1594853699444,82.87969921994431
2020-10-12,1307.8405146300556,0,900,900,0.0,0.0,0.0,0.0,0,0,100,13817.840514630056,13817.840514630056,13925.840514630056,15938.0,15938.0,16058.0,-2132.1594853699444,99.8885393899443
2020-10-13,1307.8405146300556,0,900,900,0.0,0.0,0.0,0.0,0,0,100,13907.840514630056,13907.840514630056,13844.840514630056,16038.0,16038.0,15968.0,-2123.1594853699444,90.88385929994433
2020-10-14,1307.8405146300556,0,900,900,0.0,0.0,0.0,0.0,0,0,100,13727.840514630056,13727.840514630056,13664.840514630056,15838.0,15838.0,15768.0,-2103.1594853699444,70.87345909994451
2020-10-15,1307.8405146300556,0,900,900,0.0,0.0,0.0,0.0,0,0,100,13682.840514630056,13682.840514630056,13682.840514630056,15788.0,15788.0,15788.0,-2105.1594853699444,72.8744991199444
2020-10-16,1307.8405146300556,0,900,900,0.0,0.0,0.0,0.0,0,0,100,13799.840514630056,13799.840514630056,13709.840514630056,15918.0,15918.0,15818.0,-2108.1594853699444,75.87605914994424
2020-10-19,1307.8405146300556,0,900,900,0.0,0.0,0.0,0.0,0,0,100,13817.840514630056,13817.840514630056,13781.840514630056,15938.0,15938.0,15898.0,-2116.1594853699444,83.88021922994426
2020-10-20,1307.8405146300556,0,900,900,0.0,0.0,0.0,0.0,0,0,100,13745.840514630056,13745.840514630056,13772.840514630056,15858.0,15858.0,15888.0,-2115.1594853699444,82.87969921994431
2020-10-21,1307.8405146300556,0,900,900,0.0,0.0,0.0,0.0,0,0,100,13745.840514630056,13745.840514630056,13583.840514630056,15858.0,15858.0,15678.0,-2094.1594853699444,61.86877900994432
2020-10-22,1307.8405146300556,0,900,900,0.0,0.0,0.0,0.0,0,0,100,13529.840514630056,13529.840514630056,13601.840514630056,15618.0,15618.0,15698.0,-2096.1594853699444,63.86981902994444
2020-10-23,1307.8405146300556,0,900,900,0.0,0.0,0.0,0.0,0,0,100,13610.840514630056,13610.840514630056,13538.840514630056,15708.0,15708.0,15628.0,-2089.1594853699444,56.866178959944364
2020-10-26,1307.8405146300556,0,900,900,0.0,0.0,0.0,0.0,0,0,100,13520.840514630056,13520.840514630056,13619.840514630056,15608.0,15608.0,15718.0,-2098.1594853699444,65.87085904994433
2020-10-27,1307.8405146300556,0,900,900,0.0,0.0,0.0,0.0,0,0,100,13538.840514630056,13538.840514630056,13790.840514630056,15628.0,15628.0,15908.0,-2117.1594853699444,84.8807392399442
2020-10-28,1307.8405146300556,0,900,900,0.0,0.0,0.0,0.0,0,0,100,13844.840514630056,13844.840514630056,13853.840514630056,15968.0,15968.0,15978.0,-2124.1594853699444,91.88437930994428
2020-10-29,1307.8405146300556,0,900,900,0.0,0.0,0.0,0.0,0,0,100,13691.840514630056,13691.840514630056,13871.840514630056,15798.0,15798.0,15998.0,-2126.1594853699444,93.88541932994417
2020-10-30,1307.8405146300556,0,900,900,0.0,0.0,0.0,0.0,0,0,100,13817.840514630056,13817.840514630056,13592.840514630056,15938.0,15938.0,15688.0,-2095.1594853699444,62.869299019944265
2020-11-02,1307.8405146300556,0,900,900,0.0,0.0,0.0,0.0,0,0,100,13367.840514630056,13367.840514630056,13151.840514630056,15438.0,15438.0,15198.0,-2046.1594853699444,13.843818529944201
2020-11-03,1307.8405146300556,0,900,900,0.0,0.0,0.0,0.0,0,0,100,13169.840514630056,13169.840514630056,13349.840514630056,15218.0,15218.0,15418.0,-2068.1594853699444,35.85525874994414
2020-11-04,1307.8405146300556,0,900,900,0.0,0.0,0.0,0.0,0,0,100,13367.840514630056,13367.840514630056,13430.840514630056,15438.0,15438.0,15508.0,-2077.1594853699444,44.859938839944334
2020-11-05,1307.8405146300556,0,900,900,0.0,0.0,0.0,0.0,0,0,100,13619.840514630056,13619.840514630056,13736.840514630056,15718.0,15718.0,15848.0,-2111.1594853699444,78.8776191799443
2020-11-06,1307.8405146300556,0,900,900,0.0,0.0,0.0,0.0,0,0,100,13772.840514630056,13772.840514630056,13907.840514630056,15888.0,15888.0,16038.0,-2130.1594853699444,97.88749936994418
2020-11-09,1307.8405146300556,0,900,900,0.0,0.0,0.0,0.0,0,0,100,14150.840514630056,14150.840514630056,14267.840514630056,16308.0,16308.0,16438.0,-2170.1594853699444,137.9082997699445
2020-11-10,1307.8405146300556,0,900,900,0.0,0.0,0.0,0.0,0,0,100,14222.840514630056,14222.840514630056,14861.840514630056,16388.0,16388.0,17098.0,-2236.1594853699444,203.94262042994433
2020-11-11,1307.8405146300556,0,900,900,0.0,0.0,0.0,0.0,0,0,100,14753.840514630056,14753.840514630056,14393.840514630056,16978.0,16978.0,16578.0,-2184.1594853699444,151.9155799099442
2020-11-12,1307.8405146300556,0,900,900,0.0,0.0,0.0,0.0,0,0,100,14366.840514630056,14366.840514630056,14339.840514630056,16548.0,16548.0,16518.0,-2178.1594853699444,145.9124598499443
2020-11-13,1307.8405146300556,0,900,900,0.0,0.0,0.0,0.0,0,0,100,14186.840514630056,14186.840514630056,14222.840514630056,16348.0,16348.0,16388.0,-2165.1594853699444,132.90569971994432
2020-11-16,1307.8405146300556,0,900,900,0.0,0.0,0.0,0.0,0,0,100,14312.840514630056,14312.840514630056,14159.840514630056,16488.0,16488.0,16318.0,-2158.1594853699444,125.90205964994425
2020-11-17,1307.8405146300556,0,900,900,0.0,0.0,0.0,0.0,0,0,100,14141.840514630056,14141.840514630056,14033.840514630056,16298.0,16298.0,16178.0,-2144.1594853699444,111.89477950994433
2020-11-18,1307.8405146300556,0,900,900,0.0,0.0,0.0,0.0,0,0,100,14033.840514630056,14033.840514630056,14267.840514630056,16178.0,16178.0,16438.0,-2170.1594853699444,137.9082997699445
2020-11-19,1307.8405146300556,0,900,900,0.0,0.0,0.0,0.0,0,0,100,14168.840514630056,14168.840514630056,14213.840514630056,16328.0,16328.0,16378.0,-2164.1594853699444,131.90517970994415
2020-11-20,1307.8405146300556,0,900,900,0.0,0.0,0.0,0.0,0,0,100,14222.840514630056,14222.840514630056,14132.840514630056,16388.0,16388.0,16288.0,-2155.1594853699444,122.90049961994418
2020-11-23,1307.8405146300556,0,900,900,0.0,0.0,0.0,0.0,0,0,100,14141.840514630056,14141.840514630056,14060.840514630056,16298.0,16298.0,16208.0,-2147.1594853699444,114.89633953994439
2020-11-24,1307.8405146300556,0,900,900,0.0,0.0,0.0,0.0,0,0,100,14042.840514630056,14042.840514630056,14060.840514630056,16188.0,16188.0,16208.0,-2147.1594853699444,114.89633953994439
2020-11-25,1307.8405146300556,0,900,900,0.0,0.0,0.0,0.0,0,0,100,14087.840514630056,14087.840514630056,13988.840514630056,16238.0,16238.0,16128.0,-2139.1594853699444,106.89217945994415
2020-11-26,1307.8405146300556,0,900,900,0.0,0.0,0.0,0.0,0,0,100,13961.840514630056,13961.840514630056,13907.840514630056,16098.0,16098.0,16038.0,-2130.1594853699444,97.88749936994418
2020-11-27,1307.8405146300556,0,900,900,0.0,0.0,0.0,0.0,0,0,100,13871.840514630056,13871.840514630056,13754.840514630056,15998.0,15998.0,15868.0,-2113.1594853699444,80.8786591999442
2020-11-30,1307.8405146300556,0,900,900,0.0,0.0,0.0,0.0,0,0,100,13700.840514630056,13700.840514630056,13736.840514630056,15808.0,15808.0,15848.0,-2111.1594853699444,78.8776191799443
2020-12-01,1307.8405146300556,0,900,900,0.0,0.0,0.0,0.0,0,0,100,13691.840514630056,13691.840514630056,13979.840514630056,15798.0,15798.0,16118.0,-2138.1594853699444,105.89165944994443
2020-12-02,1307.8405146300556,0,900,900,0.0,0.0,0.0,0.0,0,0,100,13997.840514630056,13997.840514630056,13952.840514630056,16138.0,16138.0,16088.0,-2135.1594853699444,102.89009941994436
2020-12-03,1307.8405146300556,0,900,900,0.0,0.0,0.0,0.0,0,0,100,13907.840514630056,13907.840514630056,13790.840514630056,16038.0,16038.0,15908.0,-2117.1594853699444,84.8807392399442
2020-12-04,1307.8405146300556,0,900,900,0.0,0.0,0.0,0.0,0,0,100,13727.840514630056,13727.840514630056,13763.840514630056,15838.0,15838.0,15878.0,-2114.1594853699444,81.87917920994437
2020-12-07,1307.8405146300556,0,900,900,0.0,0.0,0.0,0.0,0,0,100,13745.840514630056,13745.840514630056,13646.840514630056,15858.0,15858.0,15748.0,-2101.1594853699444,68.87241907994417
2020-12-08,1307.8405146300556,0,900,900,0.0,0.0,0.0,0.0,0,0,100,13772.840514630056,13772.840514630056,14033.840514630056,15888.0,15888.0,16178.0,-2144.1594853699444,111.89477950994433
2020-12-09,1307.8405146300556,0,900,900,0.0,0.0,0.0,0.0,0,0,100,14060.840514630056,14060.840514630056,13745.840514630056,16208.0,16208.0,15858.0,-2112.1594853699444,79.87813918994448
2020-12-10,1307.8405146300556,0,900,900,0.0,0.0,0.0,0.0,0,0,100,13691.840514630056,13691.840514630056,13394.840514630056,15798.0,15798.0,15468.0,-2073.1594853699444,40.857858799944324
2020-12-11,1307.8405146300556,0,900,900,0.0,0.0,0.0,0.0,0,0,100,13349.840514630056,13349.840514630056,13430.840514630056,15418.0,15418.0,15508.0,-2077.1594853699444,44.859938839944334
2020-12-14,1307.8405146300556,0,900,900,0.0,0.0,0.0,0.0,0,0,100,13475.840514630056,13475.840514630056,13493.840514630056,15558.0,15558.0,15578.0,-2084.1594853699444,51.86357890994418
2020-12-15,1307.8405146300556,0,900,900,0.0,0.0,0.0,0.0,0,0,100,13331.840514630056,13331.840514630056,13511.840514630056,15398.0,15398.0,15598.0,-2086.1594853699444,53.8646189299443
2020-12-16,1307.8405146300556,0,900,900,0.0,0.0,0.0,0.0,0,0,100,13511.840514630056,13511.840514630056,13484.840514630056,15598.0,15598.0,15568.0,-2083.1594853699444,50.86305889994446
2020-12-17,1307.8405146300556,0,900,900,0.0,0.0,0.0,0.0,0,0,100,13484.840514630056,13484.840514630056,13529.840514630056,15568.0,15568.0,15618.0,-2088.1594853699444,55.86565894994419
2020-12-18,1307.8405146300556,0,900,900,0.0,0.0,0.0,0.0,0,0,100,13574.840514630056,13574.840514630056,13592.840514630056,15668.0,15668.0,15688.0,-2095.1594853699444,62.869299019944265
2020-12-21,1307.8405146300556,0,900,900,0.0,0.0,0.0,0.0,0,0,100,13547.840514630056,13547.840514630056,13592.840514630056,15638.0,15638.0,15688.0,-2095.1594853699444,62.869299019944265
2020-12-22,1307.8405146300556,0,900,900,0.0,0.0,0.0,0.0,0,0,100,13529.840514630056,13529.840514630056,13250.840514630056,15618.0,15618.0,15308.0,-2057.1594853699444,24.849538639944285
2020-12-23,1307.8405146300556,0,900,900,0.0,0.0,0.0,0.0,0,0,100,13286.840514630056,13286.840514630056,13529.840514630056,15348.0,15348.0,15618.0,-2088.1594853699444,55.86565894994419
2020-12-24,1307.8405146300556,0,900,900,0.0,0.0,0.0,0.0,0,0,100,13574.840514630056,13574.840514630056,13349.840514630056,15668.0,15668.0,15418.0,-2068.1594853699444,35.85525874994414
2020-12-25,1307.8405146300556,0,900,900,0.0,0.0,0.0,0.0,0,0,100,13322.840514630056,13322.840514630056,13367.840514630056,15388.0,15388.0,15438.0,-2070.1594853699444,37.85629876994426
2020-12-28,1307.8405146300556,0,900,900,0.0,0.0,0.0,0.0,0,0,100,13385.840514630056,13385.840514630056,13250.840514630056,15458.0,15458.0,15308.0,-2057.1594853699444,24.849538639944285
2020-12-29,1307.8405146300556,0,900,900,0.0,0.0,0.0,0.0,0,0,100,13295.840514630056,13295.840514630056,13466.840514630056,15358.0,15358.0,15548.0,-2081.1594853699444,48.86201887994412
2020-12-30,1307.8405146300556,0,900,900,0.0,0.0,0.0,0.0,0,0,100,13448.840514630056,13448.840514630056,13610.840514630056,15528.0,15528.0,15708.0,-2097.1594853699444,64.87033903994416
2020-12-31,1307.8405146300556,0,900,900,0.0,0.0,0.0,0.0,0,0,100,13610.840514630056,13610.840514630056,13628.840514630056,15708.0,15708.0,15728.0,-2099.1594853699444,66.87137905994427
2021-01-04,1307.8405146300556,0,900,900,0.0,0.0,0.0,0.0,0,0,100,13637.840514630056,13637.840514630056,13727.840514630056,15738.0,15738.0,15838.0,-2110.1594853699444,77.87709916994413
2021-01-05,1307.8405146300556,0,900,900,0.0,0.0,0.0,0.0,0,0,100,13727.840514630056,13727.840514630056,13862.840514630056,15838.0,15838.0,15988.0,-2125.1594853699444,92.88489931994445
2021-01-06,1307.8405146300556,0,900,900,0.0,0.0,0.0,0.0,0,0,100,13871.840514630056,13871.840514630056,13790.840514630056,15998.0,15998.0,15908.0,-2117.1594853699444,84.8807392399442
2021-01-07,1307.8405146300556,0,900,900,0.0,0.0,0.0,0.0,0,0,100,13718.840514630056,13718.840514630056,13664.840514630056,15828.0,15828.0,15768.0,-2103.1594853699444,70.87345909994451
2021-01-08,1307.8405146300556,0,900,900,0.0,0.0,0.0,0.0,0,0,100,13781.840514630056,13781.840514630056,14123.840514630056,15898.0,15898.0,16278.0,-2154.1594853699444,121.89997960994447
2021-01-11,1307.8405146300556,0,900,900,0.0,0.0,0.0,0.0,0,0,100,13997.840514630056,13997.840514630056,14231.840514630056,16138.0,16138.0,16398.0,-2166.1594853699444,133.90621972994427
2021-01-12,1307.8405146300556,0,900,900,0.0,0.0,0.0,0.0,0,0,100,14177.840514630056,14177.840514630056,14420.840514630056,16338.0,16338.0,16608.0,-2187.1594853699444,154.91713993994426
2021-01-13,1307.8405146300556,0,900,900,0.0,0.0,0.0,0.0,0,0,100,14339.840514630056,14339.840514630056,14969.840514630056,16518.0,16518.0,17218.0,-2248.1594853699444,215.94886054994436
2021-01-14,1307.8405146300556,0,900,900,0.0,0.0,0.0,0.0,0,0,100,14942.840514630056,14942.840514630056,15410.840514630056,17188.0,17188.0,17708.0,-2297.1594853699444,264.9743410399444
2021-01-15,1307.8405146300556,0,900,900,0.0,0.0,0.0,0.0,0,0,100,15320.840514630056,15320.840514630056,15032.840514630056,17608.0,17608.0,17288.0,-2255.1594853699444,222.9525006199442
2021-01-18,1307.8405146300556,0,900,900,0.0,0.0,0.0,0.0,0,0,100,15041.840514630056,15041.840514630056,15599.840514630056,17298.0,17298.0,17918.0,-2318.1594853699444,285.9852612499442
2021-01-19,1307.8405146300556,0,900,900,0.0,0.0,0.0,0.0,0,0,100,15581.840514630056,15581.840514630056,14897.840514630056,17898.0,17898.0,17138.0,-2240.1594853699444,207.94470046994434
2021-01-20,1307.8405146300556,0,900,900,0.0,0.0,0.0,0.0,0,0,100,15122.840514630056,15122.840514630056,14933.840514630056,17388.0,17388.0,17178.0,-2244.1594853699444,211.94678050994412
2021-01-21,1307.8405146300556,0,900,900,0.0,0.0,0.0,0.0,0,0,100,14942.840514630056,14942.840514630056,14978.840514630056,17188.0,17188.0,17228.0,-2249.1594853699444,216.9493805599443
2021-01-22,1307.8405146300556,0,900,900,0.0,0.0,0.0,0.0,0,0,100,14888.840514630056,14888.840514630056,14582.840514630056,17128.0,17128.0,16788.0,-2205.1594853699444,172.92650011994442
2021-01-25,1307.8405146300556,0,900,900,0.0,0.0,0.0,0.0,0,0,100,14528.840514630056,14528.840514630056,14987.840514630056,16728.0,16728.0,17238.0,-2250.1594853699444,217.94990056994448
2021-01-26,1307.8405146300556,0,900,900,0.0,0.0,0.0,0.0,0,0,100,14825.840514630056,14825.840514630056,14645.840514630056,17058.0,17058.0,16858.0,-2212.1594853699444,179.93014018994427
2021-01-27,1307.8405146300556,0,900,900,0.0,0.0,0.0,0.0,0,0,100,14762.840514630056,14762.840514630056,14681.840514630056,16988.0,16988.0,16898.0,-2216.1594853699444,183.93222022994428
2021-01-28,1307.8405146300556,0,900,900,0.0,0.0,0.0,0.0,0,0,100,14456.840514630056,14456.840514630056,14096.840514630056,16648.0,16648.0,16248.0,-2151.1594853699444,118.8984195799444
2021-01-29,1307.8405146300556,0,900,900,0.0,0.0,0.0,0.0,0,0,100,14267.840514630056,14267.840514630056,14168.840514630056,16438.0,16438.0,16328.0,-2159.1594853699444,126.9025796599442
2021-02-01,1307.8405146300556,0,900,900,0.0,0.0,0.0,0.0,0,0,100,13952.840514630056,13952.840514630056,13817.840514630056,16088.0,16088.0,15938.0,-2120.1594853699444,87.88229926994427
2021-02-02,1307.8405146300556,0,900,900,0.0,0.0,0.0,0.0,0,0,100,13844.840514630056,13844.840514630056,13637.840514630056,15968.0,15968.0,15738.0,-2100.1594853699444,67.87189906994422
2021-02-03,1307.8405146300556,0,900,900,0.0,0.0,0.0,0.0,0,0,100,13610.840514630056,13610.840514630056,13250.840514630056,15708.0,15708.0,15308.0,-2057.1594853699444,24.849538639944285
2021-02-04,1307.8405146300556,0,900,900,0.0,0.0,0.0,0.0,0,0,100,13187.840514630056,13187.840514630056,13475.840514630056,15238.0,15238.0,15558.0,-2082.1594853699444,49.86253888994429
2021-02-05,1307.8405146300556,0,900,900,0.0,0.0,0.0,0.0,0,0,100,13466.840514630056,13466.840514630056,13196.840514630056,15548.0,15548.0,15248.0,-2051.1594853699444,18.846418579944384
2021-02-08,1307.8405146300556,0,900,900,0.0,0.0,0.0,0.0,0,0,100,13142.840514630056,13142.840514630056,13232.840514630056,15188.0,15188.0,15288.0,-2055.1594853699444,22.848498619944394
2021-02-09,1307.8405146300556,0,900,900,0.0,0.0,0.0,0.0,0,0,100,13277.840514630056,13277.840514630056,13565.840514630056,15338.0,15338.0,15658.0,-2092.1594853699444,59.8677389899442
2021-02-10,1307.8405146300556,0,900,900,0.0,0.0,0.0,0.0,0,0,100,13466.840514630056,13466.840514630056,13943.840514630056,15548.0,15548.0,16078.0,-2134.1594853699444,101.88957940994442
2021-02-18,1307.8405146300556,0,900,900,0.0,0.0,0.0,0.0,0,0,100,14015.840514630056,14015.840514630056,13871.840514630056,16158.0,16158.0,15998.0,-2126.1594853699444,93.88541932994417
2021-02-19,1307.8405146300556,0,900,900,0.0,0.0,0.0,0.0,0,0,100,13808.840514630056,13808.840514630056,14078.840514630056,15928.0,15928.0,16228.0,-2149.1594853699444,116.89737955994428
2021-02-22,1307.8405146300556,0,900,900,0.0,0.0,0.0,0.0,0,0,100,14132.840514630056,14132.840514630056,13880.840514630056,16288.0,16288.0,16008.0,-2127.1594853699444,94.88593933994434
2021-02-23,1307.8405146300556,0,900,900,0.0,0.0,0.0,0.0,0,0,100,13772.840514630056,13772.840514630056,13718.840514630056,15888.0,15888.0,15828.0,-2109.1594853699444,76.87657915994441
2021-02-24,1307.8405146300556,0,900,900,0.0,0.0,0.0,0.0,0,0,100,13736.840514630056,13736.840514630056,13952.840514630056,15848.0,15848.0,16088.0,-2135.1594853699444,102.89009941994436
2021-02-25,1307.8405146300556,0,900,900,0.0,0.0,0.0,0.0,0,0,100,13952.840514630056,13952.840514630056,13835.840514630056,16088.0,16088.0,15958.0,-2122.1594853699444,89.88333928994439
2021-02-26,1307.8405146300556,0,900,900,0.0,0.0,0.0,0.0,0,0,100,13700.840514630056,13700.840514630056,13736.840514630056,15808.0,15808.0,15848.0,-2111.1594853699444,78.8776191799443
2021-03-01,1307.8405146300556,0,900,900,0.0,0.0,0.0,0.0,0,0,100,13763.840514630056,13763.840514630056,13772.840514630056,15878.0,15878.0,15888.0,-2115.1594853699444,82.87969921994431
2021-03-02,1307.8405146300556,0,900,900,0.0,0.0,0.0,0.0,0,0,100,13817.840514630056,13817.840514630056,13529.840514630056,15938.0,15938.0,15618.0,-2088.1594853699444,55.86565894994419
2021-03-03,1307.8405146300556,0,900,900,0.0,0.0,0.0,0.0,0,0,100,13511.840514630056,13511.840514630056,13817.840514630056,15598.0,15598.0,15938.0,-2120.1594853699444,87.88229926994427
2021-03-04,1307.8405146300556,0,900,900,0.0,0.0,0.0,0.0,0,0,100,13727.840514630056,13727.840514630056,13574.840514630056,15838.0,15838.0,15668.0,-2093.1594853699444,60.86825899994437
2021-03-05,1307.8405146300556,0,900,900,0.0,0.0,0.0,0.0,0,0,100,13457.840514630056,13457.840514630056,13682.840514630056,15538.0,15538.0,15788.0,-2105.1594853699444,72.8744991199444
2021-03-08,1307.8405146300556,0,900,900,0.0,0.0,0.0,0.0,0,0,100,13691.840514630056,13691.840514630056,13637.840514630056,15798.0,15798.0,15738.0,-2100.1594853699444,67.87189906994422
2021-03-09,1307.8405146300556,0,900,900,0.0,0.0,0.0,0.0,0,0,100,13619.840514630056,13619.840514630056,13817.840514630056,15718.0,15718.0,15938.0,-2120.1594853699444,87.88229926994427
2021-03-10,1307.8405146300556,0,900,900,0.0,0.0,0.0,0.0,0,0,100,13889.840514630056,13889.840514630056,13664.840514630056,16018.0,16018.0,15768.0,-2103.1594853699444,70.87345909994451
2021-03-11,1307.8405146300556,0,900,900,0.0,0.0,0.0,0.0,0,0,100,13655.840514630056,13655.840514630056,13610.840514630056,15758.0,15758.0,15708.0,-2097.1594853699444,64.87033903994416
2021-03-12,1307.8405146300556,0,900,900,0.0,0.0,0.0,0.0,0,0,100,13628.840514630056,13628.840514630056,13484.840514630056,15728.0,15728.0,15568.0,-2083.1594853699444,50.86305889994446
2021-03-15,1307.8405146300556,0,900,900,0.0,0.0,0.0,0.0,0,0,100,13439.840514630056,13439.840514630056,13295.840514630056,15518.0,15518.0,15358.0,-2062.1594853699444,29.85213868994424
2021-03-16,1307.8405146300556,0,900,900,0.0,0.0,0.0,0.0,0,0,100,13313.840514630056,13313.840514630056,13430.840514630056,15378.0,15378.0,15508.0,-2077.1594853699444,44.859938839944334
2021-03-17,1307.8405146300556,0,900,900,0.0,0.0,0.0,0.0,0,0,100,13412.840514630056,13412.840514630056,13502.840514630056,15488.0,15488.0,15588.0,-2085.1594853699444,52.864098919944354
2021-03-18,1307.8405146300556,0,900,900,0.0,0.0,0.0,0.0,0,0,100,13520.840514630056,13520.840514630056,13475.840514630056,15608.0,15608.0,15558.0,-2082.1594853699444,49.86253888994429
2021-03-19,1307.8405146300556,0,900,900,0.0,0.0,0.0,0.0,0,0,100,13475.840514630056,13475.840514630056,13457.840514630056,15558.0,15558.0,15538.0,-2080.1594853699444,47.8614988699444
2021-03-22,1307.8405146300556,0,900,900,0.0,0.0,0.0,0.0,0,0,100,13439.840514630056,13439.840514630056,13502.840514630056,15518.0,15518.0,15588.0,-2085.1594853699444,52.864098919944354
2021-03-23,1307.8405146300556,0,900,900,0.0,0.0,0.0,0.0,0,0,100,13511.840514630056,13511.840514630056,13592.840514630056,15598.0,15598.0,15688.0,-2095.1594853699444,62.869299019944265
2021-03-24,1307.8405146300556,0,900,900,0.0,0.0,0.0,0.0,0,0,100,13601.840514630056,13601.840514630056,13781.840514630056,15698.0,15698.0,15898.0,-2116.1594853699444,83.88021922994426
2021-03-25,1307.8405146300556,0,900,900,0.0,0.0,0.0,0.0,0,0,100,13817.840514630056,13817.840514630056,13745.840514630056,15938.0,15938.0,15858.0,-2112.1594853699444,79.87813918994448
2021-03-26,1307.8405146300556,0,900,900,0.0,0.0,0.0,0.0,0,0,100,13727.840514630056,13727.840514630056,13943.840514630056,15838.0,15838.0,16078.0,-2134.1594853699444,101.88957940994442
2021-03-29,1307.8405146300556,0,900,900,0.0,0.0,0.0,0.0,0,0,100,13970.840514630056,13970.840514630056,13592.840514630056,16108.0,16108.0,15688.0,-2095.1594853699444,62.869299019944265
2021-03-30,1307.8405146300556,0,900,900,0.0,0.0,0.0,0.0,0,0,100,13673.840514630056,13673.840514630056,14231.840514630056,15778.0,15778.0,16398.0,-2166.1594853699444,133.90621972994427
2021-03-31,1307.8405146300556,0,900,900,0.0,0.0,0.0,0.0,0,0,100,14177.840514630056,14177.840514630056,14240.840514630056,16338.0,16338.0,16408.0,-2167.1594853699444,134.90673973994421
2021-04-01,1307.8405146300556,0,900,900,0.0,0.0,0.0,0.0,0,0,100,14276.840514630056,14276.840514630056,14285.840514630056,16448.0,16448.0,16458.0,-2172.1594853699444,139.9093397899444
2021-04-02,1307.8405146300556,0,900,900,0.0,0.0,0.0,0.0,0,0,100,14240.840514630056,14240.840514630056,14042.840514630056,16408.0,16408.0,16188.0,-2145.1594853699444,112.89529951994427
2021-04-06,1307.8405146300556,0,900,900,0.0,0.0,0.0,0.0,0,0,100,14204.840514630056,14204.840514630056,14051.840514630056,16368.0,16368.0,16198.0,-2146.1594853699444,113.89581952994422
2021-04-07,1307.8405146300556,0,900,900,0.0,0.0,0.0,0.0,0,0,100,14078.840514630056,14078.840514630056,14249.840514630056,16228.0,16228.0,16418.0,-2168.1594853699444,135.90725974994416
2021-04-08,1307.8405146300556,0,900,900,0.0,0.0,0.0,0.0,0,0,100,14213.840514630056,14213.840514630056,14231.840514630056,16378.0,16378.0,16398.0,-2166.1594853699444,133.90621972994427
2021-04-09,1307.8405146300556,0,900,900,0.0,0.0,0.0,0.0,0,0,100,14168.840514630056,14168.840514630056,13961.840514630056,16328.0,16328.0,16098.0,-2136.1594853699444,103.89061942994431
2021-04-12,1307.8405146300556,0,900,900,0.0,0.0,0.0,0.0,0,0,100,13952.840514630056,13952.840514630056,13961.840514630056,16088.0,16088.0,16098.0,-2136.1594853699444,103.89061942994431
2021-04-13,1307.8405146300556,0,900,900,0.0,0.0,0.0,0.0,0,0,100,13961.840514630056,13961.840514630056,14348.840514630056,16098.0,16098.0,16528.0,-2179.1594853699444,146.91297985994424
2021-04-14,1307.8405146300556,0,900,900,0.0,0.0,0.0,0.0,0,0,100,14438.840514630056,14438.840514630056,14357.840514630056,16628.0,16628.0,16538.0,-2180.1594853699444,147.9134998699442
2021-04-15,1307.8405146300556,0,900,900,0.0,0.0,0.0,0.0,0,0,100,14393.840514630056,14393.840514630056,14249.840514630056,16578.0,16578.0,16418.0,-2168.1594853699444,135.90725974994416
2021-04-16,1307.8405146300556,0,900,900,0.0,0.0,0.0,0.0,0,0,100,14168.840514630056,14168.840514630056,14267.840514630056,16328.0,16328.0,16438.0,-2170.1594853699444,137.9082997699445
2021-04-19,1307.8405146300556,0,900,900,0.0,0.0,0.0,0.0,0,0,100,14222.840514630056,14222.840514630056,14546.840514630056,16388.0,16388.0,16748.0,-2201.1594853699444,168.9244200799444
2021-04-20,1307.8405146300556,0,900,900,0.0,0.0,0.0,0.0,0,0,100,14492.840514630056,14492.840514630056,14249.840514630056,16688.0,16688.0,16418.0,-2168.1594853699444,135.90725974994416
2021-04-21,1307.8405146300556,0,900,900,0.0,0.0,0.0,0.0,0,0,100,14204.840514630056,14204.840514630056,14285.840514630056,16368.0,16368.0,16458.0,-2172.1594853699444,139.9093397899444
2021-04-22,1307.8405146300556,0,900,900,0.0,0.0,0.0,0.0,0,0,100,14294.840514630056,14294.840514630056,14069.840514630056,16468.0,16468.0,16218.0,-2148.1594853699444,115.89685954994411
2021-04-23,1307.8405146300556,0,900,900,0.0,0.0,0.0,0.0,0,0,100,14042.840514630056,14042.840514630056,14069.840514630056,16188.0,16188.0,16218.0,-2148.1594853699444,115.89685954994411
2021-04-26,1307.8405146300556,0,900,900,0.0,0.0,0.0,0.0,0,0,100,14096.840514630056,14096.840514630056,14222.840514630056,16248.0,16248.0,16388.0,-2165.1594853699444,132.90569971994432
2021-04-27,1307.8405146300556,0,900,900,0.0,0.0,0.0,0.0,0,0,100,14213.840514630056,14213.840514630056,14285.840514630056,16378.0,16378.0,16458.0,-2172.1594853699444,139.9093397899444
2021-04-28,1307.8405146300556,0,900,900,0.0,0.0,0.0,0.0,0,0,100,14294.840514630056,14294.840514630056,14402.840514630056,16468.0,16468.0,16588.0,-2185.1594853699444,152.91609991994437
2021-04-29,1307.8405146300556,0,900,900,0.0,0.0,0.0,0.0,0,0,100,14492.840514630056,14492.840514630056,14537.840514630056,16688.0,16688.0,16738.0,-2200.1594853699444,167.92390006994424
2021-04-30,1307.8405146300556,0,900,900,0.0,0.0,0.0,0.0,0,0,100,14492.840514630056,14492.840514630056,13691.840514630056,16688.0,16688.0,15798.0,-2106.1594853699444,73.87501912994435
2021-05-06,1307.8405146300556,0,900,900,0.0,0.0,0.0,0.0,0,0,100,13556.840514630056,13556.840514630056,13610.840514630056,15648.0,15648.0,15708.0,-2097.1594853699444,64.87033903994416
2021-05-07,1307.8405146300556,0,900,900,0.0,0.0,0.0,0.0,0,0,100,13610.840514630056,13610.840514630056,13412.840514630056,15708.0,15708.0,15488.0,-2075.1594853699444,42.858898819944216
2021-05-10,1307.8405146300556,0,900,900,0.0,0.0,0.0,0.0,0,0,100,13457.840514630056,13457.840514630056,13475.840514630056,15538.0,15538.0,15558.0,-2082.1594853699444,49.86253888994429
2021-05-11,1307.8405146300556,0,900,900,0.0,0.0,0.0,0.0,0,0,100,13412.840514630056,13412.840514630056,13448.840514630056,15488.0,15488.0,15528.0,-2079.1594853699444,46.860978859944225
2021-05-12,1307.8405146300556,0,900,900,0.0,0.0,0.0,0.0,0,0,100,13385.840514630056,13385.840514630056,13475.840514630056,15458.0,15458.0,15558.0,-2082.1594853699444,49.86253888994429
2021-05-13,1307.8405146300556,0,900,900,0.0,0.0,0.0,0.0,0,0,100,13403.840514630056,13403.840514630056,13349.840514630056,15478.0,15478.0,15418.0,-2068.1594853699444,35.85525874994414
2021-05-14,1307.8405146300556,0,900,900,0.0,0.0,0.0,0.0,0,0,100,13367.840514630056,13367.840514630056,13439.840514630056,15438.0,15438.0,15518.0,-2078.1594853699444,45.86045884994428
2021-05-17,1307.8405146300556,0,900,900,0.0,0.0,0.0,0.0,0,0,100,13421.840514630056,13421.840514630056,13277.840514630056,15498.0,15498.0,15338.0,-2060.1594853699444,27.85109866994435
2021-05-18,1307.8405146300556,0,900,900,0.0,0.0,0.0,0.0,0,0,100,13286.840514630056,13286.840514630056,13322.840514630056,15348.0,15348.0,15388.0,-2065.1594853699444,32.853698719944305
2021-05-19,1307.8405146300556,0,900,900,0.0,0.0,0.0,0.0,0,0,100,13277.840514630056,13277.840514630056,13196.840514630056,15338.0,15338.0,15248.0,-2051.1594853699444,18.846418579944384
2021-05-20,1307.8405146300556,0,900,900,0.0,0.0,0.0,0.0,0,0,100,13187.840514630056,13187.840514630056,13205.840514630056,15238.0,15238.0,15258.0,-2052.1594853699444,19.846938589944102
2021-05-21,1307.8405146300556,0,900,900,0.0,0.0,0.0,0.0,0,0,100,13196.840514630056,13196.840514630056,13106.840514630056,15248.0,15248.0,15148.0,-2041.1594853699444,8.841218479944246
2021-05-24,2.164501630055838,0,1000,1000,0.0,5.026013,0.0,0.0,100,0,0,13106.840514630056,13002.164501630055,12552.164501630055,15148.0,15038.0,14588.0,-2035.8354983699446,0.0
2021-05-25,2.164501630055838,0,1000,1000,0.0,0.0,0.0,0.0,0,0,0,12562.164501630055,12562.164501630055,12642.164501630055,14598.0,14598.0,14678.0,-2035.8354983699446,0.0
2021-05-26,2.164501630055838,0,1000,1000,0.0,0.0,0.0,0.0,0,0,0,12562.164501630055,12562.164501630055,12562.164501630055,14598.0,14598.0,14598.0,-2035.8354983699446,0.0
2021-05-27,2.164501630055838,0,1000,1000,0.0,0.0,0.0,0.0,0,0,0,12532.164501630055,12532.164501630055,12622.164501630055,14568.0,14568.0,14658.0,-2035.8354983699446,0.0
2021-05-28,2.164501630055838,0,1000,1000,0.0,0.0,0.0,0.0,0,0,0,12562.164501630055,12562.164501630055,12352.164501630055,14598.0,14598.0,14388.0,-2035.8354983699446,0.0
2021-05-31,2.164501630055838,0,1000,1000,0.0,0.0,0.0,0.0,0,0,0,12382.164501630055,12382.164501630055,12422.164501630055,14418.0,14418.0,14458.0,-2035.8354983699446,0.0
2021-06-01,2.164501630055838,0,1000,1000,0.0,0.0,0.0,0.0,0,0,0,12422.164501630055,12422.164501630055,12432.164501630055,14458.0,14458.0,14468.0,-2035.8354983699446,0.0
2021-06-02,12198.596333830057,0,0,0,0.0,17.458167800000002,0.0,0.0,0,1000,0,12422.164501630055,12422.164501630055,12198.596333830057,14458.0,14458.0,14258.0,-2059.403666169943,32.75818836994222
2021-06-03,1189.8772638500577,0,900,900,0.0,5.22006998,0.0,0.0,900,0,100,12198.596333830057,12187.877263850058,12223.877263850058,14258.0,14258.0,14298.0,-2074.1227361499423,41.760268409942
2021-06-04,1189.8772638500577,0,900,900,0.0,0.0,0.0,0.0,0,0,100,12178.877263850058,12178.877263850058,12187.877263850058,14248.0,14248.0,14258.0,-2070.1227361499423,37.75818836994222
2021-06-07,1189.8772638500577,0,900,900,0.0,0.0,0.0,0.0,0,0,100,12196.877263850058,12196.877263850058,12430.877263850058,14268.0,14268.0,14528.0,-2097.1227361499423,64.77222863994211
2021-06-08,1189.8772638500577,0,900,900,0.0,0.0,0.0,0.0,0,0,100,12493.877263850058,12493.877263850058,12448.877263850058,14598.0,14598.0,14548.0,-2099.1227361499423,66.77326865994223
2021-06-09,1189.8772638500577,0,900,900,0.0,0.0,0.0,0.0,0,0,100,12412.877263850058,12412.877263850058,12475.877263850058,14508.0,14508.0,14578.0,-2102.1227361499423,69.7748286899423
2021-06-10,1189.8772638500577,0,900,900,0.0,0.0,0.0,0.0,0,0,100,12448.877263850058,12448.877263850058,12493.877263850058,14548.0,14548.0,14598.0,-2104.1227361499423,71.77586870994219
2021-06-11,1189.8772638500577,0,900,900,0.0,0.0,0.0,0.0,0,0,100,12493.877263850058,12493.877263850058,12439.877263850058,14598.0,14598.0,14538.0,-2098.1227361499423,65.77274864994229
2021-06-15,1189.8772638500577,0,900,900,0.0,0.0,0.0,0.0,0,0,100,12439.877263850058,12439.877263850058,12484.877263850058,14538.0,14538.0,14588.0,-2103.1227361499423,70.77534869994201
2021-06-16,1189.8772638500577,0,900,900,0.0,0.0,0.0,0.0,0,0,100,12439.877263850058,12439.877263850058,12277.877263850058,14538.0,14538.0,14358.0,-2080.1227361499423,47.763388469942356
2021-06-17,1189.8772638500577,0,900,900,0.0,0.0,0.0,0.0,0,0,100,12268.877263850058,12268.877263850058,12394.877263850058,14348.0,14348.0,14488.0,-2093.1227361499423,60.77014859994233
2021-06-18,1189.8772638500577,0,900,900,0.0,0.0,0.0,0.0,0,0,100,12421.877263850058,12421.877263850058,12430.877263850058,14518.0,14518.0,14528.0,-2097.1227361499423,64.77222863994211
2021-06-21,1189.8772638500577,0,900,900,0.0,0.0,0.0,0.0,0,0,100,12349.877263850058,12349.877263850058,12331.877263850058,14438.0,14438.0,14418.0,-2086.1227361499423,53.76650852994226
2021-06-22,1189.8772638500577,0,900,900,0.0,0.0,0.0,0.0,0,0,100,12322.877263850058,12322.877263850058,12268.877263850058,14408.0,14408.0,14348.0,-2079.1227361499423,46.76286845994218
2021-06-23,1189.8772638500577,0,900,900,0.0,0.0,0.0,0.0,0,0,100,12277.877263850058,12277.877263850058,12493.877263850058,14358.0,14358.0,14598.0,-2104.1227361499423,71.77586870994219
2021-06-24,1189.8772638500577,0,900,900,0.0,0.0,0.0,0.0,0,0,100,12538.877263850058,12538.877263850058,12592.877263850058,14648.0,14648.0,14708.0,-2115.1227361499423,82.78158881994227
2021-06-25,1189.8772638500577,0,900,900,0.0,0.0,0.0,0.0,0,0,100,12610.877263850058,12610.877263850058,12538.877263850058,14728.0,14728.0,14648.0,-2109.1227361499423,76.77846875994237
2021-06-28,1189.8772638500577,0,900,900,0.0,0.0,0.0,0.0,0,0,100,12583.877263850058,12583.877263850058,12511.877263850058,14698.0,14698.0,14618.0,-2106.1227361499423,73.77690872994208
2021-06-29,1189.8772638500577,0,900,900,0.0,0.0,0.0,0.0,0,0,100,12511.877263850058,12511.877263850058,12358.877263850058,14618.0,14618.0,14448.0,-2089.1227361499423,56.76806855994232
2021-06-30,1189.8772638500577,0,900,900,0.0,0.0,0.0,0.0,0,0,100,12394.877263850058,12394.877263850058,12358.877263850058,14488.0,14488.0,14448.0,-2089.1227361499423,56.76806855994232
2021-07-01,1189.8772638500577,0,900,900,0.0,0.0,0.0,0.0,0,0,100,12367.877263850058,12367.877263850058,12259.877263850058,14458.0,14458.0,14338.0,-2078.1227361499423,45.76234844994224
2021-07-02,1189.8772638500577,0,900,900,0.0,0.0,0.0,0.0,0,0,100,12250.877263850058,12250.877263850058,11962.877263850058,14328.0,14328.0,14008.0,-2045.1227361499423,12.745188119942213
2021-07-05,1189.8772638500577,0,900,900,0.0,0.0,0.0,0.0,0,0,100,11944.877263850058,11944.877263850058,12160.877263850058,13988.0,13988.0,14228.0,-2067.1227361499423,34.75662833994238
2021-07-06,1189.8772638500577,0,900,900,0.0,0.0,0.0,0.0,0,0,100,12160.877263850058,12160.877263850058,12196.877263850058,14228.0,14228.0,14268.0,-2071.1227361499423,38.75870837994216
2021-07-07,1189.8772638500577,0,900,900,0.0,0.0,0.0,0.0,0,0,100,12160.877263850058,12160.877263850058,12124.877263850058,14228.0,14228.0,14188.0,-2063.1227361499423,30.754548299942144
2021-07-08,1189.8772638500577,0,900,900,0.0,0.0,0.0,0.0,0,0,100,12133.877263850058,12133.877263850058,12016.877263850058,14198.0,14198.0,14068.0,-2051.1227361499423,18.74830817994234
2021-07-09,1189.8772638500577,0,900,900,0.0,0.0,0.0,0.0,0,0,100,12007.877263850058,12007.877263850058,11944.877263850058,14058.0,14058.0,13988.0,-2043.1227361499423,10.744148099942095
2021-07-12,1189.8772638500577,0,900,900,0.0,0.0,0.0,0.0,0,0,100,11989.877263850058,11989.877263850058,11989.877263850058,14038.0,14038.0,14038.0,-2048.1227361499423,15.746748149942277
2021-07-13,1189.8772638500577,0,900,900,0.0,0.0,0.0,0.0,0,0,100,12007.877263850058,12007.877263850058,12025.877263850058,14058.0,14058.0,14078.0,-2052.1227361499423,19.74882818994206
2021-07-14,2.2626120300578805,0,1000,1000,0.0,5.02365182,0.0,0.0,100,0,0,11998.877263850058,11822.262612030057,11642.262612030057,14048.0,13858.0,13678.0,-2035.7373879699426,0.0
2021-07-15,2.2626120300578805,0,1000,1000,0.0,0.0,0.0,0.0,0,0,0,11662.262612030057,11662.262612030057,11752.262612030057,13698.0,13698.0,13788.0,-2035.7373879699426,0.0
2021-07-16,2.2626120300578805,0,1000,1000,0.0,0.0,0.0,0.0,0,0,0,11722.262612030057,11722.262612030057,11492.262612030057,13758.0,13758.0,13528.0,-2035.7373879699426,0.0
2021-07-19,2.2626120300578805,0,1000,1000,0.0,0.0,0.0,0.0,0,0,0,11502.262612030057,11502.262612030057,11562.262612030057,13538.0,13538.0,13598.0,-2035.7373879699426,0.0
2021-07-20,2.2626120300578805,0,1000,1000,0.0,0.0,0.0,0.0,0,0,0,11512.262612030057,11512.262612030057,11722.262612030057,13548.0,13548.0,13758.0,-2035.7373879699426,0.0
2021-07-21,2.2626120300578805,0,1000,1000,0.0,0.0,0.0,0.0,0,0,0,11702.262612030057,11702.262612030057,11772.262612030057,13738.0,13738.0,13808.0,-2035.7373879699426,0.0
2021-07-22,11689.469384130058,0,0,0,0.0,16.9382279,0.0,0.0,0,1000,0,11762.262612030057,11762.262612030057,11689.469384130058,13798.0,13798.0,13748.0,-2058.5306158699423,31.619932969941146
2021-07-23,1148.9936788300583,0,900,900,0.0,5.2107053,0.0,0.0,900,0,100,11689.469384130058,11678.993678830058,11732.993678830058,13738.0,13738.0,13798.0,-2065.0063211699417,32.61785292994159
2021-07-26,1148.9936788300583,0,900,900,0.0,0.0,0.0,0.0,0,0,100,11759.993678830058,11759.993678830058,11606.993678830058,13828.0,13828.0,13658.0,-2051.0063211699417,18.61057278994167
2021-07-27,1373.9936788300583,0,900,900,45.0,0.0,0.0,225.0,0,0,100,11615.993678830058,11615.993678830058,11480.993678830058,13718.0,13718.0,13568.0,-2087.0063211699417,0.0
2021-07-28,240.40710755005853,0,1000,1000,45.0,5.02257128,0.0,0.0,100,0,0,11480.993678830058,11475.407107550058,11195.407107550058,13568.0,13568.0,13288.0,-2092.592892449942,0.0
2021-07-29,240.40710755005853,0,1000,1000,45.0,0.0,0.0,0.0,0,0,0,11245.407107550058,11245.407107550058,11185.407107550058,13338.0,13338.0,13278.0,-2092.592892449942,0.0
2021-07-30,240.40710755005853,0,1000,1000,45.0,0.0,0.0,0.0,0,0,0,11155.407107550058,11155.407107550058,11415.407107550058,13248.0,13248.0,13508.0,-2092.592892449942,0.0
2021-08-02,240.40710755005853,0,1000,1000,45.0,0.0,0.0,0.0,0,0,0,11415.407107550058,11415.407107550058,12005.407107550058,13508.0,13508.0,14098.0,-2092.592892449942,0.0
2021-08-03,240.40710755005853,0,1000,1000,45.0,0.0,0.0,0.0,0,0,0,12045.407107550058,12045.407107550058,12025.407107550058,14138.0,14138.0,14118.0,-2092.592892449942,0.0
2021-08-04,240.40710755005853,0,1000,1000,45.0,0.0,0.0,0.0,0,0,0,11985.407107550058,11985.407107550058,12105.407107550058,14078.0,14078.0,14198.0,-2092.592892449942,0.0
2021-08-05,240.40710755005853,0,1000,1000,45.0,0.0,0.0,0.0,0,0,0,12175.407107550058,12175.407107550058,12045.407107550058,14268.0,14268.0,14138.0,-2092.592892449942,0.0
2021-08-06,240.40710755005853,0,1000,1000,45.0,0.0,0.0,0.0,0,0,0,12025.407107550058,12025.407107550058,12025.407107550058,14118.0,14118.0,14118.0,-2092.592892449942,0.0
2021-08-09,240.40710755005853,0,1000,1000,45.0,0.0,0.0,0.0,0,0,0,11995.407107550058,11995.407107550058,12225.407107550058,14088.0,14088.0,14318.0,-2092.592892449942,0.0
2021-08-10,240.40710755005853,0,1000,1000,45.0,0.0,0.0,0.0,0,0,0,12245.407107550058,12245.407107550058,12335.407107550058,14338.0,14338.0,14428.0,-2092.592892449942,0.0
2021-08-11,240.40710755005853,0,1000,1000,45.0,0.0,0.0,0.0,0,0,0,12435.407107550058,12435.407107550058,11975.407107550058,14528.0,14528.0,14068.0,-2092.592892449942,0.0
2021-08-12,240.40710755005853,0,1000,1000,45.0,0.0,0.0,0.0,0,0,0,11955.407107550058,11955.407107550058,11945.407107550058,14048.0,14048.0,14038.0,-2092.592892449942,0.0
2021-08-13,240.40710755005853,0,1000,1000,45.0,0.0,0.0,0.0,0,0,0,11935.407107550058,11935.407107550058,12035.407107550058,14028.0,14028.0,14128.0,-2092.592892449942,0.0
2021-08-16,240.40710755005853,0,1000,1000,45.0,0.0,0.0,0.0,0,0,0,12065.407107550058,12065.407107550058,12465.407107550058,14158.0,14158.0,14558.0,-2092.592892449942,0.0
2021-08-17,240.40710755005853,0,1000,1000,45.0,0.0,0.0,0.0,0,0,0,12465.407107550058,12465.407107550058,12215.407107550058,14558.0,14558.0,14308.0,-2092.592892449942,0.0
2021-08-18,240.40710755005853,0,1000,1000,45.0,0.0,0.0,0.0,0,0,0,12205.407107550058,12205.407107550058,12445.407107550058,14298.0,14298.0,14538.0,-2092.592892449942,0.0
2021-08-19,240.40710755005853,0,1000,1000,45.0,0.0,0.0,0.0,0,0,0,12395.407107550058,12395.407107550058,12045.407107550058,14488.0,14488.0,14138.0,-2092.592892449942,0.0
2021-08-20,240.40710755005853,0,1000,1000,45.0,0.0,0.0,0.0,0,0,0,12075.407107550058,12075.407107550058,12075.407107550058,14168.0,14168.0,14168.0,-2092.592892449942,0.0
2021-08-23,12212.11244795006,0,0,0,0.0,17.2746596,45.0,0.0,0,1000,0,12155.407107550058,12155.407107550058,12212.11244795006,14248.0,14248.0,14328.0,-2115.8875520499405,0.0
2021-08-24,50.79432645006091,0,1000,1000,0.0,5.2431215,0.0,0.0,1000,0,0,12212.11244795006,12200.79432645006,12100.79432645006,14438.0,14438.0,14338.0,-2237.205673549939,0.0
2021-08-25,12007.590836250061,0,0,0,0.0,17.213490200000003,0.0,0.0,0,1000,0,12080.79432645006,12080.79432645006,12007.590836250061,14318.0,14318.0,14268.0,-2260.4091637499387,0.0
2021-08-26,36.371516650062404,0,1000,1000,0.0,5.2393196,0.0,0.0,1000,0,0,12007.590836250061,11996.371516650062,11726.371516650062,14248.0,14248.0,13978.0,-2251.6284833499376,0.0
2021-08-27,36.371516650062404,0,1000,1000,0.0,0.0,0.0,0.0,0,0,0,11726.371516650062,11726.371516650062,11746.371516650062,13978.0,13978.0,13998.0,-2251.6284833499376,0.0
2021-08-30,11523.882186750063,0,0,0,0.0,16.734329900000002,0.0,0.0,0,1000,0,11786.371516650062,11786.371516650062,11523.882186750063,14038.0,14038.0,13798.0,-2274.117813249937,0.0
2021-08-31,1136.4860429800628,0,900,900,0.0,5.20764377,0.0,0.0,900,0,100,11523.882186750063,11513.486042980063,11468.486042980063,13818.0,13818.0,13768.0,-2299.513957019937,17.110928499937017
2021-09-01,1136.4860429800628,0,900,900,0.0,0.0,0.0,0.0,0,0,100,11468.486042980063,11468.486042980063,11675.486042980063,13768.0,13768.0,13998.0,-2322.513957019937,40.12288872993713
2021-09-02,1136.4860429800628,0,900,900,0.0,0.0,0.0,0.0,0,0,100,11675.486042980063,11675.486042980063,11711.486042980063,13998.0,13998.0,14038.0,-2326.513957019937,44.12496876993691
2021-09-03,1136.4860429800628,0,900,900,0.0,0.0,0.0,0.0,0,0,100,11756.486042980063,11756.486042980063,11936.486042980063,14088.0,14088.0,14288.0,-2351.513957019937,69.13796901993715
2021-09-06,1136.4860429800628,0,900,900,0.0,0.0,0.0,0.0,0,0,100,11945.486042980063,11945.486042980063,11981.486042980063,14298.0,14298.0,14338.0,-2356.513957019937,74.1405690699371
2021-09-07,1136.4860429800628,0,900,900,0.0,0.0,0.0,0.0,0,0,100,11981.486042980063,11981.486042980063,12089.486042980063,14338.0,14338.0,14458.0,-2368.513957019937,86.1468091899369
2021-09-08,1136.4860429800628,0,900,900,0.0,0.0,0.0,0.0,0,0,100,12089.486042980063,12089.486042980063,12107.486042980063,14458.0,14458.0,14478.0,-2370.513957019937,88.14784920993725
2021-09-09,1136.4860429800628,0,900,900,0.0,0.0,0.0,0.0,0,0,100,12152.486042980063,12152.486042980063,12098.486042980063,14528.0,14528.0,14468.0,-2369.513957019937,87.14732919993708
2021-09-10,1136.4860429800628,0,900,900,0.0,0.0,0.0,0.0,0,0,100,12089.486042980063,12089.486042980063,12116.486042980063,14458.0,14458.0,14488.0,-2371.513957019937,89.14836921993697
2021-09-13,1136.4860429800628,0,900,900,0.0,0.0,0.0,0.0,0,0,100,12134.486042980063,12134.486042980063,12089.486042980063,14508.0,14508.0,14458.0,-2368.513957019937,86.1468091899369
2021-09-14,1136.4860429800628,0,900,900,0.0,0.0,0.0,0.0,0,0,100,12044.486042980063,12044.486042980063,11882.486042980063,14408.0,14408.0,14228.0,-2345.513957019937,63.134848959937244
2021-09-15,1136.4860429800628,0,900,900,0.0,0.0,0.0,0.0,0,0,100,11873.486042980063,11873.486042980063,11756.486042980063,14218.0,14218.0,14088.0,-2331.513957019937,49.127568819937096
2021-09-16,1136.4860429800628,0,900,900,0.0,0.0,0.0,0.0,0,0,100,11756.486042980063,11756.486042980063,11711.486042980063,14088.0,14088.0,14038.0,-2326.513957019937,44.12496876993691
2021-09-17,1136.4860429800628,0,900,900,0.0,0.0,0.0,0.0,0,0,100,11711.486042980063,11711.486042980063,11711.486042980063,14038.0,14038.0,14038.0,-2326.513957019937,44.12496876993691
2021-09-22,1136.4860429800628,0,900,900,0.0,0.0,0.0,0.0,0,0,100,11648.486042980063,11648.486042980063,11657.486042980063,13968.0,13968.0,13978.0,-2320.513957019937,38.12184870993701
2021-09-23,1136.4860429800628,0,900,900,0.0,0.0,0.0,0.0,0,0,100,11927.486042980063,11927.486042980063,12008.486042980063,14278.0,14278.0,14368.0,-2359.513957019937,77.14212909993716
2021-09-24,1136.4860429800628,0,900,900,0.0,0.0,0.0,0.0,0,0,100,11936.486042980063,11936.486042980063,11810.486042980063,14288.0,14288.0,14148.0,-2337.513957019937,55.130688879937
2021-09-27,1136.4860429800628,0,900,900,0.0,0.0,0.0,0.0,0,0,100,11846.486042980063,11846.486042980063,11819.486042980063,14188.0,14188.0,14158.0,-2338.513957019937,56.13120888993717
2021-09-28,1136.4860429800628,0,900,900,0.0,0.0,0.0,0.0,0,0,100,11765.486042980063,11765.486042980063,11756.486042980063,14098.0,14098.0,14088.0,-2331.513957019937,49.127568819937096
2021-09-29,1136.4860429800628,0,900,900,0.0,0.0,0.0,0.0,0,0,100,11756.486042980063,11756.486042980063,11792.486042980063,14088.0,14088.0,14128.0,-2335.513957019937,53.129648859937106
2021-09-30,1136.4860429800628,0,900,900,0.0,0.0,0.0,0.0,0,0,100,11792.486042980063,11792.486042980063,11594.486042980063,14128.0,14128.0,13908.0,-2313.513957019937,31.118208639937166
2021-10-08,1136.4860429800628,0,900,900,0.0,0.0,0.0,0.0,0,0,100,11702.486042980063,11702.486042980063,12044.486042980063,14028.0,14028.0,14408.0,-2363.513957019937,81.14420913993717
2021-10-11,1136.4860429800628,0,900,900,0.0,0.0,0.0,0.0,0,0,100,12044.486042980063,12044.486042980063,12053.486042980063,14408.0,14408.0,14418.0,-2364.513957019937,82.14472914993712
2021-10-12,1136.4860429800628,0,900,900,0.0,0.0,0.0,0.0,0,0,100,12089.486042980063,12089.486042980063,11828.486042980063,14458.0,14458.0,14168.0,-2339.513957019937,57.13172889993689
2021-10-13,1136.4860429800628,0,900,900,0.0,0.0,0.0,0.0,0,0,100,11828.486042980063,11828.486042980063,11837.486042980063,14168.0,14168.0,14178.0,-2340.513957019937,58.13224890993706
2021-10-14,1136.4860429800628,0,900,900,0.0,0.0,0.0,0.0,0,0,100,11819.486042980063,11819.486042980063,11810.486042980063,14158.0,14158.0,14148.0,-2337.513957019937,55.130688879937
2021-10-15,1136.4860429800628,0,900,900,0.0,0.0,0.0,0.0,0,0,100,11810.486042980063,11810.486042980063,11693.486042980063,14148.0,14148.0,14018.0,-2324.513957019937,42.12392874993702
2021-10-18,1136.4860429800628,0,900,900,0.0,0.0,0.0,0.0,0,0,100,11774.486042980063,11774.486042980063,11558.486042980063,14108.0,14108.0,13868.0,-2309.513957019937,27.116128599937156
2021-10-19,1136.4860429800628,0,900,900,0.0,0.0,0.0,0.0,0,0,100,11594.486042980063,11594.486042980063,11612.486042980063,13908.0,13908.0,13928.0,-2315.513957019937,33.11924865993706
2021-10-20,1136.4860429800628,0,900,900,0.0,0.0,0.0,0.0,0,0,100,11621.486042980063,11621.486042980063,11567.486042980063,13938.0,13938.0,13878.0,-2310.513957019937,28.116648609936874
2021-10-21,1136.4860429800628,0,900,900,0.0,0.0,0.0,0.0,0,0,100,11576.486042980063,11576.486042980063,11477.486042980063,13888.0,13888.0,13778.0,-2300.513957019937,18.11144850993719
2021-10-22,1136.4860429800628,0,900,900,0.0,0.0,0.0,0.0,0,0,100,11477.486042980063,11477.486042980063,11522.486042980063,13778.0,13778.0,13828.0,-2305.513957019937,23.114048559937146
2021-10-25,1136.4860429800628,0,900,900,0.0,0.0,0.0,0.0,0,0,100,11468.486042980063,11468.486042980063,11378.486042980063,13768.0,13768.0,13668.0,-2289.513957019937,7.105728399937107
2021-10-26,1136.4860429800628,0,900,900,0.0,0.0,0.0,0.0,0,0,100,11414.486042980063,11414.486042980063,11423.486042980063,13708.0,13708.0,13718.0,-2294.513957019937,12.108328449937062
2021-10-27,0.8984316800629131,0,1000,1000,0.0,5.0226113,0.0,0.0,100,0,0,11450.486042980063,11300.898431680063,11280.898431680063,13748.0,13588.0,13568.0,-2287.1015683199366,0.0
2021-10-28,0.8984316800629131,0,1000,1000,0.0,0.0,0.0,0.0,0,0,0,11130.898431680063,11130.898431680063,11160.898431680063,13418.0,13418.0,13448.0,-2287.1015683199366,0.0
2021-10-29,11328.652220180064,0,0,0,0.0,16.571211500000004,0.0,0.0,0,1000,0,11210.898431680063,11210.898431680063,11328.652220180064,13498.0,13498.0,13638.0,-2309.3477798199365,32.24989331993493
2021-11-01,17.776107180063264,0,1000,1000,0.0,5.226113,0.0,0.0,1000,0,0,11328.652220180064,11317.776107180063,11457.776107180063,13588.0,13588.0,13728.0,-2270.2238928199367,0.0
2021-11-02,17.776107180063264,0,1000,1000,0.0,0.0,0.0,0.0,0,0,0,11517.776107180063,11517.776107180063,11447.776107180063,13788.0,13788.0,13718.0,-2270.2238928199367,0.0
2021-11-03,17.776107180063264,0,1000,1000,0.0,0.0,0.0,0.0,0,0,0,11397.776107180063,11397.776107180063,11487.776107180063,13668.0,13668.0,13758.0,-2270.2238928199367,0.0
2021-11-04,17.776107180063264,0,1000,1000,0.0,0.0,0.0,0.0,0,0,0,11537.776107180063,11537.776107180063,11637.776107180063,13808.0,13808.0,13908.0,-2270.2238928199367,0.0
2021-11-05,17.776107180063264,0,1000,1000,0.0,0.0,0.0,0.0,0,0,0,11617.776107180063,11617.776107180063,11707.776107180063,13888.0,13888.0,13978.0,-2270.2238928199367,0.0
2021-11-08,17.776107180063264,0,1000,1000,0.0,0.0,0.0,0.0,0,0,0,11697.776107180063,11697.776107180063,11667.776107180063,13968.0,13968.0,13938.0,-2270.2238928199367,0.0
2021-11-09,11585.165218080063,0,0,0,0.0,16.8158891,0.0,0.0,0,1000,0,11667.776107180063,11667.776107180063,11585.165218080063,13938.0,13938.0,13878.0,-2292.834781919937,15.861697819937035
2021-11-10,1116.7269535000632,0,900,900,0.0,5.20926458,0.0,0.0,900,0,100,11585.165218080063,11574.726953500063,11502.726953500063,13908.0,13908.0,13828.0,-2325.2730464999368,42.87313803993675
2021-11-11,1116.7269535000632,0,900,900,0.0,0.0,0.0,0.0,0,0,100,11484.726953500063,11484.726953500063,11673.726953500063,13808.0,13808.0,14018.0,-2344.2730464999368,61.883018229936624
2021-11-12,1116.7269535000632,0,900,900,0.0,0.0,0.0,0.0,0,0,100,11682.726953500063,11682.726953500063,11664.726953500063,14028.0,14028.0,14008.0,-2343.2730464999368,60.88249821993668
2021-11-15,1116.7269535000632,0,900,900,0.0,0.0,0.0,0.0,0,0,100,11664.726953500063,11664.726953500063,11799.726953500063,14008.0,14008.0,14158.0,-2358.2730464999368,75.89029836993677
2021-11-16,1116.7269535000632,0,900,900,0.0,0.0,0.0,0.0,0,0,100,11799.726953500063,11799.726953500063,11745.726953500063,14158.0,14158.0,14098.0,-2352.2730464999368,69.88717830993687
2021-11-17,1116.7269535000632,0,900,900,0.0,0.0,0.0,0.0,0,0,100,11727.726953500063,11727.726953500063,11682.726953500063,14078.0,14078.0,14028.0,-2345.2730464999368,62.8835382399368
2021-11-18,1116.7269535000632,0,900,900,0.0,0.0,0.0,0.0,0,0,100,11682.726953500063,11682.726953500063,11574.726953500063,14028.0,14028.0,13908.0,-2333.2730464999368,50.87729811993677
2021-11-19,1116.7269535000632,0,900,900,0.0,0.0,0.0,0.0,0,0,100,11556.726953500063,11556.726953500063,11835.726953500063,13888.0,13888.0,14198.0,-2362.2730464999368,79.89237840993655
2021-11-22,1116.7269535000632,0,900,900,0.0,0.0,0.0,0.0,0,0,100,11844.726953500063,11844.726953500063,11790.726953500063,14208.0,14208.0,14148.0,-2357.2730464999368,74.8897783599366
2021-11-23,1116.7269535000632,0,900,900,0.0,0.0,0.0,0.0,0,0,100,11790.726953500063,11790.726953500063,11673.726953500063,14148.0,14148.0,14018.0,-2344.2730464999368,61.883018229936624
2021-11-24,1116.7269535000632,0,900,900,0.0,0.0,0.0,0.0,0,0,100,11682.726953500063,11682.726953500063,11655.726953500063,14028.0,14028.0,13998.0,-2342.2730464999368,59.88197820993673
2021-11-25,1116.7269535000632,0,900,900,0.0,0.0,0.0,0.0,0,0,100,11682.726953500063,11682.726953500063,11583.726953500063,14028.0,14028.0,13918.0,-2334.2730464999368,51.87781812993671
2021-11-26,1116.7269535000632,0,900,900,0.0,0.0,0.0,0.0,0,0,100,11583.726953500063,11583.726953500063,11169.726953500063,13918.0,13918.0,13458.0,-2288.2730464999368,5.853897669936714
2021-11-29,2.1502624100633057,0,1000,1000,0.0,5.02219109,0.0,0.0,100,0,0,11097.726953500063,11092.150262410063,10982.150262410063,13378.0,13378.0,13268.0,-2285.849737589937,0.0
2021-11-30,2.1502624100633057,0,1000,1000,0.0,0.0,0.0,0.0,0,0,0,11012.150262410063,11012.150262410063,11172.150262410063,13298.0,13298.0,13458.0,-2285.849737589937,0.0
2021-12-01,2.1502624100633057,0,1000,1000,0.0,0.0,0.0,0.0,0,0,0,11182.150262410063,11182.150262410063,11262.150262410063,13468.0,13468.0,13548.0,-2285.849737589937,0.0
2021-12-02,2.1502624100633057,0,1000,1000,0.0,0.0,0.0,0.0,0,0,0,11212.150262410063,11212.150262410063,11202.150262410063,13498.0,13498.0,13488.0,-2285.849737589937,0.0
2021-12-03,11230.055999910062,0,0,0,0.0,16.4692625,0.0,0.0,0,1000,0,11192.150262410063,11192.150262410063,11230.055999910062,13478.0,13478.0,13538.0,-2307.9440000899376,30.794112589937868
2021-12-06,1121.8049389300631,0,900,900,0.0,5.20206098,0.0,0.0,900,0,100,11230.055999910062,11219.804938930063,11273.804938930063,13508.0,13508.0,13568.0,-2294.195061069937,11.781632349936672
2021-12-07,1121.8049389300631,0,900,900,0.0,0.0,0.0,0.0,0,0,100,11309.804938930063,11309.804938930063,11336.804938930063,13608.0,13608.0,13638.0,-2301.195061069937,18.785272419936746
2021-12-08,1121.8049389300631,0,900,900,0.0,0.0,0.0,0.0,0,0,100,11354.804938930063,11354.804938930063,11525.804938930063,13658.0,13658.0,13848.0,-2322.195061069937,39.79619262993674
2021-12-09,1121.8049389300631,0,900,900,0.0,0.0,0.0,0.0,0,0,100,11471.804938930063,11471.804938930063,11714.804938930063,13788.0,13788.0,14058.0,-2343.195061069937,60.807112839936735
2021-12-10,1121.8049389300631,0,900,900,0.0,0.0,0.0,0.0,0,0,100,11696.804938930063,11696.804938930063,11822.804938930063,14038.0,14038.0,14178.0,-2355.195061069937,72.81335295993676
2021-12-13,1121.8049389300631,0,900,900,0.0,0.0,0.0,0.0,0,0,100,11813.804938930063,11813.804938930063,11903.804938930063,14168.0,14168.0,14268.0,-2364.195061069937,81.81803304993673
2021-12-14,1121.8049389300631,0,900,900,0.0,0.0,0.0,0.0,0,0,100,11885.804938930063,11885.804938930063,11894.804938930063,14248.0,14248.0,14258.0,-2363.195061069937,80.81751303993678
2021-12-15,1121.8049389300631,0,900,900,0.0,0.0,0.0,0.0,0,0,100,11858.804938930063,11858.804938930063,11804.804938930063,14218.0,14218.0,14158.0,-2353.195061069937,70.81231293993687
2021-12-16,1121.8049389300631,0,900,900,0.0,0.0,0.0,0.0,0,0,100,11849.804938930063,11849.804938930063,11966.804938930063,14208.0,14208.0,14338.0,-2371.195061069937,88.8216731199368
2021-12-17,1121.8049389300631,0,900,900,0.0,0.0,0.0,0.0,0,0,100,11957.804938930063,11957.804938930063,12047.804938930063,14328.0,14328.0,14428.0,-2380.195061069937,97.82635320993677
2021-12-20,1121.8049389300631,0,900,900,0.0,0.0,0.0,0.0,0,0,100,12047.804938930063,12047.804938930063,12011.804938930063,14428.0,14428.0,14388.0,-2376.195061069937,93.82427316993699
2021-12-21,1121.8049389300631,0,900,900,0.0,0.0,0.0,0.0,0,0,100,12011.804938930063,12011.804938930063,12056.804938930063,14388.0,14388.0,14438.0,-2381.195061069937,98.82687321993672
2021-12-22,1121.8049389300631,0,900,900,0.0,0.0,0.0,0.0,0,0,100,11921.804938930063,11921.804938930063,11840.804938930063,14288.0,14288.0,14198.0,-2357.195061069937,74.81439297993666
2021-12-23,1121.8049389300631,0,900,900,0.0,0.0,0.0,0.0,0,0,100,11813.804938930063,11813.804938930063,11948.804938930063,14168.0,14168.0,14318.0,-2369.195061069937,86.82063309993691
2021-12-24,1121.8049389300631,0,900,900,0.0,0.0,0.0,0.0,0,0,100,11921.804938930063,11921.804938930063,11903.804938930063,14288.0,14288.0,14268.0,-2364.195061069937,81.81803304993673
2021-12-27,1121.8049389300631,0,900,900,0.0,0.0,0.0,0.0,0,0,100,11903.804938930063,11903.804938930063,11993.804938930063,14268.0,14268.0,14368.0,-2374.195061069937,91.82323314993687
2021-12-28,1121.8049389300631,0,900,900,0.0,0.0,0.0,0.0,0,0,100,11993.804938930063,11993.804938930063,11966.804938930063,14368.0,14368.0,14338.0,-2371.195061069937,88.8216731199368
2021-12-29,1121.8049389300631,0,900,900,0.0,0.0,0.0,0.0,0,0,100,11921.804938930063,11921.804938930063,11831.804938930063,14288.0,14288.0,14188.0,-2356.195061069937,73.81387296993694
2021-12-30,1121.8049389300631,0,900,900,0.0,0.0,0.0,0.0,0,0,100,11840.804938930063,11840.804938930063,11831.804938930063,14198.0,14198.0,14188.0,-2356.195061069937,73.81387296993694
2021-12-31,1121.8049389300631,0,900,900,0.0,0.0,0.0,0.0,0,0,100,11849.804938930063,11849.804938930063,11849.804938930063,14208.0,14208.0,14208.0,-2358.195061069937,75.81491298993683
2022-01-04,1121.8049389300631,0,900,900,0.0,0.0,0.0,0.0,0,0,100,11858.804938930063,11858.804938930063,11957.804938930063,14218.0,14218.0,14328.0,-2370.195061069937,87.82115310993663
2022-01-05,1121.8049389300631,0,900,900,0.0,0.0,0.0,0.0,0,0,100,11948.804938930063,11948.804938930063,12020.804938930063,14318.0,14318.0,14398.0,-2377.195061069937,94.8247931799367
2022-01-06,1121.8049389300631,0,900,900,0.0,0.0,0.0,0.0,0,0,100,12038.804938930063,12038.804938930063,11822.804938930063,14418.0,14418.0,14178.0,-2355.195061069937,72.81335295993676
2022-01-07,1121.8049389300631,0,900,900,0.0,0.0,0.0,0.0,0,0,100,11849.804938930063,11849.804938930063,11768.804938930063,14208.0,14208.0,14118.0,-2349.195061069937,66.81023289993686
2022-01-10,1121.8049389300631,0,900,900,0.0,0.0,0.0,0.0,0,0,100,11750.804938930063,11750.804938930063,11885.804938930063,14098.0,14098.0,14248.0,-2362.195061069937,79.81699302993684
2022-01-11,1121.8049389300631,0,900,900,0.0,0.0,0.0,0.0,0,0,100,11858.804938930063,11858.804938930063,11786.804938930063,14218.0,14218.0,14138.0,-2351.195061069937,68.81127291993675
2022-01-12,1121.8049389300631,0,900,900,0.0,0.0,0.0,0.0,0,0,100,11786.804938930063,11786.804938930063,11759.804938930063,14138.0,14138.0,14108.0,-2348.195061069937,65.80971288993669
2022-01-13,1121.8049389300631,0,900,900,0.0,0.0,0.0,0.0,0,0,100,11795.804938930063,11795.804938930063,11516.804938930063,14148.0,14148.0,13838.0,-2321.195061069937,38.795672619936795
2022-01-14,1121.8049389300631,0,900,900,0.0,0.0,0.0,0.0,0,0,100,11444.804938930063,11444.804938930063,11327.804938930063,13758.0,13758.0,13628.0,-2300.195061069937,17.7847524099368
2022-01-17,1121.8049389300631,0,900,900,0.0,0.0,0.0,0.0,0,0,100,11327.804938930063,11327.804938930063,11399.804938930063,13628.0,13628.0,13708.0,-2308.195061069937,25.78891248993682
2022-01-18,1121.8049389300631,0,900,900,0.0,0.0,0.0,0.0,0,0,100,11426.804938930063,11426.804938930063,11669.804938930063,13738.0,13738.0,14008.0,-2338.195061069937,55.80451278993678
2022-01-19,1121.8049389300631,0,900,900,0.0,0.0,0.0,0.0,0,0,100,11669.804938930063,11669.804938930063,11597.804938930063,14008.0,14008.0,13928.0,-2330.195061069937,47.80035270993676
2022-01-20,1121.8049389300631,0,900,900,0.0,0.0,0.0,0.0,0,0,100,11642.804938930063,11642.804938930063,11714.804938930063,13978.0,13978.0,14058.0,-2343.195061069937,60.807112839936735
2022-01-21,1121.8049389300631,0,900,900,0.0,0.0,0.0,0.0,0,0,100,11660.804938930063,11660.804938930063,11570.804938930063,13998.0,13998.0,13898.0,-2327.195061069937,44.79879267993692
2022-01-24,1121.8049389300631,0,900,900,0.0,0.0,0.0,0.0,0,0,100,11516.804938930063,11516.804938930063,11462.804938930063,13838.0,13838.0,13778.0,-2315.195061069937,32.792552559936894
2022-01-25,1121.8049389300631,0,900,900,0.0,0.0,0.0,0.0,0,0,100,11525.804938930063,11525.804938930063,11300.804938930063,13848.0,13848.0,13598.0,-2297.195061069937,14.783192379936736
2022-01-26,1121.8049389300631,0,900,900,0.0,0.0,0.0,0.0,0,0,100,11300.804938930063,11300.804938930063,11246.804938930063,13598.0,13598.0,13538.0,-2291.195061069937,8.780072319936835
2022-01-27,1.2251277800633034,0,1000,1000,0.0,5.02231115,0.0,0.0,100,0,0,11246.804938930063,11151.225127780064,11131.225127780064,13538.0,13438.0,13418.0,-2286.774872219936,0.0
2022-01-28,11089.343593880061,0,0,0,0.0,16.3265339,0.0,0.0,0,1000,0,11141.225127780064,11141.225127780064,11089.343593880061,13428.0,13428.0,13398.0,-2308.6564061199388,31.433717219939354
2022-02-07,999.1018930800619,0,900,900,0.0,5.2017008,0.0,0.0,900,0,100,11089.343593880061,11079.101893080062,11043.101893080062,13488.0,13488.0,13448.0,-2404.898106919938,122.47843807993809
2022-02-08,999.1018930800619,0,900,900,0.0,0.0,0.0,0.0,0,0,100,11034.101893080062,11034.101893080062,11160.101893080062,13438.0,13438.0,13578.0,-2417.898106919938,135.48519820993806
2022-02-09,999.1018930800619,0,900,900,0.0,0.0,0.0,0.0,0,0,100,11178.101893080062,11178.101893080062,11214.101893080062,13598.0,13598.0,13638.0,-2423.898106919938,141.48831826993796
2022-02-10,999.1018930800619,0,900,900,0.0,0.0,0.0,0.0,0,0,100,11232.101893080062,11232.101893080062,11268.101893080062,13658.0,13658.0,13698.0,-2429.898106919938,147.4914383299381
2022-02-11,999.1018930800619,0,900,900,0.0,0.0,0.0,0.0,0,0,100,11268.101893080062,11268.101893080062,11196.101893080062,13698.0,13698.0,13618.0,-2421.898106919938,139.48727824993807
2022-02-14,999.1018930800619,0,900,900,0.0,0.0,0.0,0.0,0,0,100,11142.101893080062,11142.101893080062,11133.101893080062,13558.0,13558.0,13548.0,-2414.898106919938,132.483638179938
2022-02-15,999.1018930800619,0,900,900,0.0,0.0,0.0,0.0,0,0,100,11106.101893080062,11106.101893080062,11115.101893080062,13518.0,13518.0,13528.0,-2412.898106919938,130.48259815993788
2022-02-16,999.1018930800619,0,900,900,0.0,0.0,0.0,0.0,0,0,100,11169.101893080062,11169.101893080062,11142.101893080062,13588.0,13588.0,13558.0,-2415.898106919938,133.48415818993794
2022-02-17,999.1018930800619,0,900,900,0.0,0.0,0.0,0.0,0,0,100,11124.101893080062,11124.101893080062,11124.101893080062,13538.0,13538.0,13538.0,-2413.898106919938,131.48311816993805
2022-02-18,999.1018930800619,0,900,900,0.0,0.0,0.0,0.0,0,0,100,11115.101893080062,11115.101893080062,11160.101893080062,13528.0,13528.0,13578.0,-2417.898106919938,135.48519820993806
2022-02-21,999.1018930800619,0,900,900,0.0,0.0,0.0,0.0,0,0,100,11142.101893080062,11142.101893080062,11259.101893080062,13558.0,13558.0,13688.0,-2428.898106919938,146.49091831993792
2022-02-22,999.1018930800619,0,900,900,0.0,0.0,0.0,0.0,0,0,100,11205.101893080062,11205.101893080062,11142.101893080062,13628.0,13628.0,13558.0,-2415.898106919938,133.48415818993794
2022-02-23,999.1018930800619,0,900,900,0.0,0.0,0.0,0.0,0,0,100,11142.101893080062,11142.101893080062,11205.101893080062,13558.0,13558.0,13628.0,-2422.898106919938,140.48779825993802
2022-02-24,999.1018930800619,0,900,900,0.0,0.0,0.0,0.0,0,0,100,11178.101893080062,11178.101893080062,11079.101893080062,13598.0,13598.0,13488.0,-2408.898106919938,126.4805181199381
2022-02-25,999.1018930800619,0,900,900,0.0,0.0,0.0,0.0,0,0,100,11079.101893080062,11079.101893080062,11079.101893080062,13488.0,13488.0,13488.0,-2408.898106919938,126.4805181199381
2022-02-28,999.1018930800619,0,900,900,0.0,0.0,0.0,0.0,0,0,100,11061.101893080062,11061.101893080062,11052.101893080062,13468.0,13468.0,13458.0,-2405.898106919938,123.47895808993803
2022-03-01,999.1018930800619,0,900,900,0.0,0.0,0.0,0.0,0,0,100,11043.101893080062,11043.101893080062,11052.101893080062,13448.0,13448.0,13458.0,-2405.898106919938,123.47895808993803
2022-03-02,999.1018930800619,0,900,900,0.0,0.0,0.0,0.0,0,0,100,11034.101893080062,11034.101893080062,11088.101893080062,13438.0,13438.0,13498.0,-2409.898106919938,127.48103812993804
2022-03-03,999.1018930800619,0,900,900,0.0,0.0,0.0,0.0,0,0,100,11106.101893080062,11106.101893080062,11079.101893080062,13518.0,13518.0,13488.0,-2408.898106919938,126.4805181199381
2022-03-04,999.1018930800619,0,900,900,0.0,0.0,0.0,0.0,0,0,100,11016.101893080062,11016.101893080062,11025.101893080062,13418.0,13418.0,13428.0,-2402.898106919938,120.4773980599382
2022-03-07,999.1018930800619,0,900,900,0.0,0.0,0.0,0.0,0,0,100,10971.101893080062,10971.101893080062,10737.101893080062,13368.0,13368.0,13108.0,-2370.898106919938,88.46075773993812
2022-03-08,999.1018930800619,0,900,900,0.0,0.0,0.0,0.0,0,0,100,10692.101893080062,10692.101893080062,10539.101893080062,13058.0,13058.0,12888.0,-2348.898106919938,66.44931751993795
2022-03-09,999.1018930800619,0,900,900,0.0,0.0,0.0,0.0,0,0,100,10566.101893080062,10566.101893080062,10359.101893080062,12918.0,12918.0,12688.0,-2328.898106919938,46.43891731993813
2022-03-10,999.1018930800619,0,900,900,0.0,0.0,0.0,0.0,0,0,100,10494.101893080062,10494.101893080062,10314.101893080062,12838.0,12838.0,12638.0,-2323.898106919938,41.436317269937945
2022-03-11,999.1018930800619,0,900,900,0.0,0.0,0.0,0.0,0,0,100,10206.101893080062,10206.101893080062,10251.101893080062,12518.0,12518.0,12568.0,-2316.898106919938,34.43267719993787
2022-03-14,999.1018930800619,0,900,900,0.0,0.0,0.0,0.0,0,0,100,10134.101893080062,10134.101893080062,10161.101893080062,12438.0,12438.0,12468.0,-2306.898106919938,24.42747709993796
2022-03-15,2.586563170061936,0,1000,1000,0.0,5.01982991,0.0,0.0,100,0,0,10170.101893080062,9912.586563170062,9752.586563170062,12478.0,12198.0,12038.0,-2285.4134368299383,0.0
2022-03-16,2.586563170061936,0,1000,1000,0.0,0.0,0.0,0.0,0,0,0,9852.586563170062,9852.586563170062,9892.586563170062,12138.0,12138.0,12178.0,-2285.4134368299383,0.0
2022-03-17,2.586563170061936,0,1000,1000,0.0,0.0,0.0,0.0,0,0,0,10002.586563170062,10002.586563170062,10112.586563170062,12288.0,12288.0,12398.0,-2285.4134368299383,0.0
2022-03-18,2.586563170061936,0,1000,1000,0.0,0.0,0.0,0.0,0,0,0,10102.586563170062,10102.586563170062,10202.586563170062,12388.0,12388.0,12488.0,-2285.4134368299383,0.0
2022-03-21,2.586563170061936,0,1000,1000,0.0,0.0,0.0,0.0,0,0,0,10222.586563170062,10222.586563170062,10102.586563170062,12508.0,12508.0,12388.0,-2285.4134368299383,0.0
2022-03-22,10172.102960070062,0,0,0,0.0,15.388603100000001,0.0,0.0,0,1000,0,10132.586563170062,10132.586563170062,10172.102960070062,12418.0,12418.0,12478.0,-2305.897039929938,28.19594182993751
2022-03-23,757.2122660200621,0,900,900,0.0,5.18819405,0.0,0.0,900,0,100,10172.102960070062,10162.212266020062,10108.212266020062,12738.0,12738.0,12678.0,-2569.787733979938,287.3280243699378
2022-03-24,757.2122660200621,0,900,900,0.0,0.0,0.0,0.0,0,0,100,10135.212266020062,10135.212266020062,10108.212266020062,12708.0,12708.0,12678.0,-2569.787733979938,287.3280243699378
2022-03-25,757.2122660200621,0,900,900,0.0,0.0,0.0,0.0,0,0,100,10108.212266020062,10108.212266020062,9955.212266020062,12678.0,12678.0,12508.0,-2552.787733979938,270.31918419993804
2022-03-28,757.2122660200621,0,900,900,0.0,0.0,0.0,0.0,0,0,100,9838.212266020062,9838.212266020062,9973.212266020062,12378.0,12378.0,12528.0,-2554.787733979938,272.3202242199379
2022-03-29,757.2122660200621,0,900,900,0.0,0.0,0.0,0.0,0,0,100,9973.212266020062,9973.212266020062,9829.212266020062,12528.0,12528.0,12368.0,-2538.787733979938,256.3119040599378
2022-03-30,757.2122660200621,0,900,900,0.0,0.0,0.0,0.0,0,0,100,9865.212266020062,9865.212266020062,9937.212266020062,12408.0,12408.0,12488.0,-2550.787733979938,268.3181441799377
2022-03-31,757.2122660200621,0,900,900,0.0,0.0,0.0,0.0,0,0,100,9892.212266020062,9892.212266020062,9892.212266020062,12438.0,12438.0,12438.0,-2545.787733979938,263.31554412993785
2022-04-01,757.2122660200621,0,900,900,0.0,0.0,0.0,0.0,0,0,100,9820.212266020062,9820.212266020062,9919.212266020062,12358.0,12358.0,12468.0,-2548.787733979938,266.3171041599378
2022-04-06,757.2122660200621,0,900,900,0.0,0.0,0.0,0.0,0,0,100,9892.212266020062,9892.212266020062,9937.212266020062,12438.0,12438.0,12488.0,-2550.787733979938,268.3181441799377
2022-04-07,757.2122660200621,0,900,900,0.0,0.0,0.0,0.0,0,0,100,9910.212266020062,9910.212266020062,9811.212266020062,12458.0,12458.0,12348.0,-2536.787733979938,254.31086403993788
2022-04-08,757.2122660200621,0,900,900,0.0,0.0,0.0,0.0,0,0,100,9811.212266020062,9811.212266020062,9892.212266020062,12348.0,12348.0,12438.0,-2545.787733979938,263.31554412993785
2022-04-11,757.2122660200621,0,900,900,0.0,0.0,0.0,0.0,0,0,100,9856.212266020062,9856.212266020062,9694.212266020062,12398.0,12398.0,12218.0,-2523.787733979938,241.3041039099379
2022-04-12,757.2122660200621,0,900,900,0.0,0.0,0.0,0.0,0,0,100,9694.212266020062,9694.212266020062,9793.212266020062,12218.0,12218.0,12328.0,-2534.787733979938,252.30982401993776
2022-04-13,757.2122660200621,0,900,900,0.0,0.0,0.0,0.0,0,0,100,9757.212266020062,9757.212266020062,9757.212266020062,12288.0,12288.0,12288.0,-2530.787733979938,248.30774397993787
2022-04-14,757.2122660200621,0,900,900,0.0,0.0,0.0,0.0,0,0,100,9874.212266020062,9874.212266020062,9847.212266020062,12418.0,12418.0,12388.0,-2540.787733979938,258.3129440799379
2022-04-15,757.2122660200621,0,900,900,0.0,0.0,0.0,0.0,0,0,100,9793.212266020062,9793.212266020062,9793.212266020062,12328.0,12328.0,12328.0,-2534.787733979938,252.30982401993776
2022-04-18,757.2122660200621,0,900,900,0.0,0.0,0.0,0.0,0,0,100,9757.212266020062,9757.212266020062,9739.212266020062,12288.0,12288.0,12268.0,-2528.787733979938,246.30670395993786
2022-04-19,757.2122660200621,0,900,900,0.0,0.0,0.0,0.0,0,0,100,9739.212266020062,9739.212266020062,9658.212266020062,12268.0,12268.0,12178.0,-2519.787733979938,237.30202386993778
2022-04-20,757.2122660200621,0,900,900,0.0,0.0,0.0,0.0,0,0,100,9694.212266020062,9694.212266020062,9622.212266020062,12218.0,12218.0,12138.0,-2515.787733979938,233.2999438299379
2022-04-21,757.2122660200621,0,900,900,0.0,0.0,0.0,0.0,0,0,100,9640.212266020062,9640.212266020062,9559.212266020062,12158.0,12158.0,12068.0,-2508.787733979938,226.2963037599377
2022-04-22,757.2122660200621,0,900,900,0.0,0.0,0.0,0.0,0,0,100,9550.212266020062,9550.212266020062,9505.212266020062,12058.0,12058.0,12008.0,-2502.787733979938,220.29318369993803
2022-04-25,757.2122660200621,0,900,900,0.0,0.0,0.0,0.0,0,0,100,9397.212266020062,9397.212266020062,8956.212266020062,11888.0,11888.0,11398.0,-2441.787733979938,159.26146308993782
2022-04-26,757.2122660200621,0,900,900,0.0,0.0,0.0,0.0,0,0,100,9010.212266020062,9010.212266020062,9028.212266020062,11458.0,11458.0,11478.0,-2449.787733979938,167.26562316993784
2022-04-27,757.2122660200621,0,900,900,0.0,0.0,0.0,0.0,0,0,100,8938.212266020062,8938.212266020062,9190.212266020062,11378.0,11378.0,11658.0,-2467.787733979938,185.27498334993777
2022-04-28,757.2122660200621,0,900,900,0.0,0.0,0.0,0.0,0,0,100,9136.212266020062,9136.212266020062,9235.212266020062,11598.0,11598.0,11708.0,-2472.787733979938,190.27758339993795
2022-04-29,757.2122660200621,0,900,900,0.0,0.0,0.0,0.0,0,0,100,9271.212266020062,9271.212266020062,9325.212266020062,11748.0,11748.0,11808.0,-2482.787733979938,200.2732587399379
2022-05-05,757.2122660200621,0,900,900,0.0,0.0,0.0,0.0,0,0,100,9361.212266020062,9361.212266020062,9397.212266020062,11848.0,11848.0,11888.0,-2490.787733979938,208.27733877993785
2022-05-06,757.2122660200621,0,900,900,0.0,0.0,0.0,0.0,0,0,100,9244.212266020062,9244.212266020062,9028.212266020062,11718.0,11718.0,11478.0,-2449.787733979938,167.2564285749379
2022-05-09,757.2122660200621,0,900,900,0.0,0.0,0.0,0.0,0,0,100,9028.212266020062,9028.212266020062,9046.212266020062,11478.0,11478.0,11498.0,-2451.787733979938,169.25744858493795
2022-05-10,757.2122660200621,0,900,900,0.0,0.0,0.0,0.0,0,0,100,8956.212266020062,8956.212266020062,9163.212266020062,11398.0,11398.0,11628.0,-2464.787733979938,182.26407864993791
2022-05-11,757.2122660200621,0,900,900,0.0,0.0,0.0,0.0,0,0,100,9190.212266020062,9190.212266020062,9208.212266020062,11658.0,11658.0,11678.0,-2469.787733979938,187.2666286749378
2022-05-12,757.2122660200621,0,900,900,0.0,0.0,0.0,0.0,0,0,100,9172.212266020062,9172.212266020062,9199.212266020062,11638.0,11638.0,11668.0,-2468.787733979938,186.266118669938
2022-05-13,757.2122660200621,0,900,900,0.0,0.0,0.0,0.0,0,0,100,9244.212266020062,9244.212266020062,9199.212266020062,11718.0,11718.0,11668.0,-2468.787733979938,186.266118669938
2022-05-16,757.2122660200621,0,900,900,0.0,0.0,0.0,0.0,0,0,100,9253.212266020062,9253.212266020062,9127.212266020062,11728.0,11728.0,11588.0,-2460.787733979938,178.26203862993793
2022-05-17,757.2122660200621,0,900,900,0.0,0.0,0.0,0.0,0,0,100,9154.212266020062,9154.212266020062,9208.212266020062,11618.0,11618.0,11678.0,-2469.787733979938,187.2666286749378
2022-05-18,757.2122660200621,0,900,900,0.0,0.0,0.0,0.0,0,0,100,9217.212266020062,9217.212266020062,9235.212266020062,11688.0,11688.0,11708.0,-2472.787733979938,190.26815868993788
2022-05-19,757.2122660200621,0,900,900,0.0,0.0,0.0,0.0,0,0,100,9154.212266020062,9154.212266020062,9172.212266020062,11618.0,11618.0,11638.0,-2465.787733979938,183.26458865493794
2022-05-20,757.2122660200621,0,900,900,0.0,0.0,0.0,0.0,0,0,100,9217.212266020062,9217.212266020062,9271.212266020062,11688.0,11688.0,11748.0,-2476.787733979938,194.27019870993797
2022-05-23,757.2122660200621,0,900,900,0.0,0.0,0.0,0.0,0,0,100,9316.212266020062,9316.212266020062,9244.212266020062,11798.0,11798.0,11718.0,-2473.787733979938,191.2686686949379
2022-05-24,757.2122660200621,0,900,900,0.0,0.0,0.0,0.0,0,0,100,9226.212266020062,9226.212266020062,8947.212266020062,11698.0,11698.0,11388.0,-2440.787733979938,158.2518385299378
2022-05-25,757.2122660200621,0,900,900,0.0,0.0,0.0,0.0,0,0,100,8956.212266020062,8956.212266020062,8983.212266020062,11398.0,11398.0,11428.0,-2444.787733979938,162.2538785499379
2022-05-26,757.2122660200621,0,900,900,0.0,0.0,0.0,0.0,0,0,100,8974.212266020062,8974.212266020062,9055.212266020062,11418.0,11418.0,11508.0,-2452.787733979938,170.25795858993797
2022-05-27,757.2122660200621,0,900,900,0.0,0.0,0.0,0.0,0,0,100,9064.212266020062,9064.212266020062,9073.212266020062,11518.0,11518.0,11528.0,-2454.787733979938,172.2589785999379
2022-05-30,757.2122660200621,0,900,900,0.0,0.0,0.0,0.0,0,0,100,9073.212266020062,9073.212266020062,9010.212266020062,11528.0,11528.0,11458.0,-2447.787733979938,165.25540856493785
2022-05-31,757.2122660200621,0,900,900,0.0,0.0,0.0,0.0,0,0,100,9010.212266020062,9010.212266020062,9226.212266020062,11458.0,11458.0,11698.0,-2471.787733979938,189.26764868493785
2022-06-01,757.2122660200621,0,900,900,0.0,0.0,0.0,0.0,0,0,100,9172.212266020062,9172.212266020062,9190.212266020062,11638.0,11638.0,11658.0,-2467.787733979938,185.26560866493776
2022-06-02,757.2122660200621,0,900,900,0.0,0.0,0.0,0.0,0,0,100,9136.212266020062,9136.212266020062,9217.212266020062,11598.0,11598.0,11688.0,-2470.787733979938,188.26713867993783
2022-06-06,757.2122660200621,0,900,900,0.0,0.0,0.0,0.0,0,0,100,9208.212266020062,9208.212266020062,9244.212266020062,11678.0,11678.0,11718.0,-2473.787733979938,191.2686686949379
2022-06-07,757.2122660200621,0,900,900,0.0,0.0,0.0,0.0,0,0,100,9253.212266020062,9253.212266020062,9244.212266020062,11728.0,11728.0,11718.0,-2473.787733979938,191.2686686949379
2022-06-08,757.2122660200621,0,900,900,0.0,0.0,0.0,0.0,0,0,100,9262.212266020062,9262.212266020062,9235.212266020062,11738.0,11738.0,11708.0,-2472.787733979938,190.26815868993788
2022-06-09,757.2122660200621,0,900,900,0.0,0.0,0.0,0.0,0,0,100,9217.212266020062,9217.212266020062,9154.212266020062,11688.0,11688.0,11618.0,-2463.787733979938,181.2635686449379
2022-06-10,757.2122660200621,0,900,900,0.0,0.0,0.0,0.0,0,0,100,9100.212266020062,9100.212266020062,9397.212266020062,11558.0,11558.0,11888.0,-2490.787733979938,208.27733877993785
2022-06-13,757.2122660200621,0,900,900,0.0,0.0,0.0,0.0,0,0,100,9352.212266020062,9352.212266020062,9208.212266020062,11838.0,11838.0,11678.0,-2469.787733979938,187.2666286749378
2022-06-14,757.2122660200621,0,900,900,0.0,0.0,0.0,0.0,0,0,100,9136.212266020062,9136.212266020062,9199.212266020062,11598.0,11598.0,11668.0,-2468.787733979938,186.266118669938
2022-06-15,757.2122660200621,0,900,900,0.0,0.0,0.0,0.0,0,0,100,9163.212266020062,9163.212266020062,9433.212266020062,11628.0,11628.0,11928.0,-2494.787733979938,212.27937879993783
2022-06-16,757.2122660200621,0,900,900,0.0,0.0,0.0,0.0,0,0,100,9469.212266020062,9469.212266020062,9379.212266020062,11968.0,11968.0,11868.0,-2488.787733979938,206.2763187699378
2022-06-17,757.2122660200621,0,900,900,0.0,0.0,0.0,0.0,0,0,100,9334.212266020062,9334.212266020062,9478.212266020062,11818.0,11818.0,11978.0,-2499.787733979938,217.28192882493784
2022-06-20,757.2122660200621,0,900,900,0.0,0.0,0.0,0.0,0,0,100,9523.212266020062,9523.212266020062,9478.212266020062,12028.0,12028.0,11978.0,-2499.787733979938,217.28192882493784
2022-06-21,757.2122660200621,0,900,900,0.0,0.0,0.0,0.0,0,0,100,9478.212266020062,9478.212266020062,9505.212266020062,11978.0,11978.0,12008.0,-2502.787733979938,220.28345883993802
2022-06-22,757.2122660200621,0,900,900,0.0,0.0,0.0,0.0,0,0,100,9496.212266020062,9496.212266020062,9352.212266020062,11998.0,11998.0,11838.0,-2485.787733979938,203.27478875493796
2022-06-23,757.2122660200621,0,900,900,0.0,0.0,0.0,0.0,0,0,100,9352.212266020062,9352.212266020062,9460.212266020062,11838.0,11838.0,11958.0,-2497.787733979938,215.2809088149379
2022-06-24,757.2122660200621,0,900,900,0.0,0.0,0.0,0.0,0,0,100,9487.212266020062,9487.212266020062,9532.212266020062,11988.0,11988.0,12038.0,-2505.787733979938,223.28498885493786
2022-06-27,757.2122660200621,0,900,900,0.0,0.0,0.0,0.0,0,0,100,9532.212266020062,9532.212266020062,9550.212266020062,12038.0,12038.0,12058.0,-2507.787733979938,225.2860088649378
2022-06-28,757.2122660200621,0,900,900,0.0,0.0,0.0,0.0,0,0,100,9541.212266020062,9541.212266020062,9667.212266020062,12048.0,12048.0,12188.0,-2520.787733979938,238.29263892993777
2022-06-29,757.2122660200621,0,900,900,0.0,0.0,0.0,0.0,0,0,100,9667.212266020062,9667.212266020062,9613.212266020062,12188.0,12188.0,12128.0,-2514.787733979938,232.28957889993785
2022-06-30,757.2122660200621,0,900,900,0.0,0.0,0.0,0.0,0,0,100,9604.212266020062,9604.212266020062,9613.212266020062,12118.0,12118.0,12128.0,-2514.787733979938,232.28957889993785
2022-07-01,757.2122660200621,0,900,900,0.0,0.0,0.0,0.0,0,0,100,9604.212266020062,9604.212266020062,9559.212266020062,12118.0,12118.0,12068.0,-2508.787733979938,226.2865188699377
2022-07-04,757.2122660200621,0,900,900,0.0,0.0,0.0,0.0,0,0,100,9550.212266020062,9550.212266020062,9541.212266020062,12058.0,12058.0,12048.0,-2506.787733979938,224.2854988599379
2022-07-05,757.2122660200621,0,900,900,0.0,0.0,0.0,0.0,0,0,100,9541.212266020062,9541.212266020062,9478.212266020062,12048.0,12048.0,11978.0,-2499.787733979938,217.28192882493784
2022-07-06,757.2122660200621,0,900,900,0.0,0.0,0.0,0.0,0,0,100,9469.212266020062,9469.212266020062,9406.212266020062,11968.0,11968.0,11898.0,-2491.787733979938,209.27784878493776
2022-07-07,757.2122660200621,0,900,900,0.0,0.0,0.0,0.0,0,0,100,9361.212266020062,9361.212266020062,9388.212266020062,11848.0,11848.0,11878.0,-2489.787733979938,207.27682877493783
2022-07-08,757.2122660200621,0,900,900,0.0,0.0,0.0,0.0,0,0,100,9415.212266020062,9415.212266020062,9523.212266020062,11908.0,11908.0,12028.0,-2504.787733979938,222.28447884993784
2022-07-11,757.2122660200621,0,900,900,0.0,0.0,0.0,0.0,0,0,100,9541.212266020062,9541.212266020062,9433.212266020062,12048.0,12048.0,11928.0,-2494.787733979938,212.27937879993783
2022-07-12,757.2122660200621,0,900,900,0.0,0.0,0.0,0.0,0,0,100,9397.212266020062,9397.212266020062,9424.212266020062,11888.0,11888.0,11918.0,-2493.787733979938,211.27886879493803
2022-07-13,757.2122660200621,0,900,900,0.0,0.0,0.0,0.0,0,0,100,9433.212266020062,9433.212266020062,9433.212266020062,11928.0,11928.0,11928.0,-2494.787733979938,212.27937879993783
2022-07-14,757.2122660200621,0,900,900,0.0,0.0,0.0,0.0,0,0,100,9451.212266020062,9451.212266020062,9352.212266020062,11948.0,11948.0,11838.0,-2485.787733979938,203.27478875493796
2022-07-15,757.2122660200621,0,900,900,0.0,0.0,0.0,0.0,0,0,100,9325.212266020062,9325.212266020062,9172.212266020062,11808.0,11808.0,11638.0,-2465.787733979938,183.26458865493794
2022-07-18,757.2122660200621,0,900,900,0.0,0.0,0.0,0.0,0,0,100,9181.212266020062,9181.212266020062,9460.212266020062,11648.0,11648.0,11958.0,-2497.787733979938,215.2809088149379
2022-07-19,757.2122660200621,0,900,900,0.0,0.0,0.0,0.0,0,0,100,9424.212266020062,9424.212266020062,9577.212266020062,11918.0,11918.0,12088.0,-2510.787733979938,228.28753887993787
2022-07-20,757.2122660200621,0,900,900,0.0,0.0,0.0,0.0,0,0,100,9640.212266020062,9640.212266020062,9703.212266020062,12158.0,12158.0,12228.0,-2524.787733979938,242.29467894993786
2022-07-21,757.2122660200621,0,900,900,0.0,0.0,0.0,0.0,0,0,100,9667.212266020062,9667.212266020062,9820.212266020062,12188.0,12188.0,12358.0,-2537.787733979938,255.30130901493783
2022-07-22,757.2122660200621,0,900,900,0.0,0.0,0.0,0.0,0,0,100,9793.212266020062,9793.212266020062,9757.212266020062,12328.0,12328.0,12288.0,-2530.787733979938,248.2977389799379
2022-07-25,757.2122660200621,0,900,900,0.0,0.0,0.0,0.0,0,0,100,9757.212266020062,9757.212266020062,9712.212266020062,12288.0,12288.0,12238.0,-2525.787733979938,243.29518895493777
2022-07-26,757.2122660200621,0,900,900,0.0,0.0,0.0,0.0,0,0,100,9739.212266020062,9739.212266020062,9757.212266020062,12268.0,12268.0,12288.0,-2530.787733979938,248.2977389799379
2022-07-27,757.2122660200621,0,900,900,0.0,0.0,0.0,0.0,0,0,100,9748.212266020062,9748.212266020062,9703.212266020062,12278.0,12278.0,12228.0,-2524.787733979938,242.29467894993786
2022-07-28,757.2122660200621,0,900,900,0.0,0.0,0.0,0.0,0,0,100,9748.212266020062,9748.212266020062,9856.212266020062,12278.0,12278.0,12398.0,-2541.787733979938,259.3033490349379
2022-07-29,757.2122660200621,0,900,900,0.0,0.0,0.0,0.0,0,0,100,9847.212266020062,9847.212266020062,9802.212266020062,12388.0,12388.0,12338.0,-2535.787733979938,253.300289004938
2022-08-01,757.2122660200621,0,900,900,0.0,0.0,0.0,0.0,0,0,100,9784.212266020062,9784.212266020062,9811.212266020062,12318.0,12318.0,12348.0,-2536.787733979938,254.3007990099378
2022-08-02,757.2122660200621,0,900,900,0.0,0.0,0.0,0.0,0,0,100,9757.212266020062,9757.212266020062,9676.212266020062,12288.0,12288.0,12198.0,-2521.787733979938,239.2931489349379
2022-08-03,757.2122660200621,0,900,900,0.0,0.0,0.0,0.0,0,0,100,9676.212266020062,9676.212266020062,9505.212266020062,12198.0,12198.0,12008.0,-2502.787733979938,220.28345883993802
2022-08-04,757.2122660200621,0,900,900,0.0,0.0,0.0,0.0,0,0,100,9550.212266020062,9550.212266020062,9658.212266020062,12058.0,12058.0,12178.0,-2519.787733979938,237.29212892493786
2022-08-05,1207.212266020062,0,900,900,45.0,0.0,0.0,450.0,0,0,100,9631.212266020062,9631.212266020062,9793.212266020062,12198.0,12198.0,12378.0,-2584.787733979938,0.0
2022-08-08,242.72317122506217,0,1000,1000,45.0,5.009594795,0.0,0.0,100,0,0,9793.212266020062,9787.723171225061,9817.723171225061,12378.0,12378.0,12408.0,-2590.2768287749386,0.0
2022-08-09,242.72317122506217,0,1000,1000,45.0,0.0,0.0,0.0,0,0,0,9797.723171225061,9797.723171225061,9887.723171225061,12388.0,12388.0,12478.0,-2590.2768287749386,0.0
2022-08-10,242.72317122506217,0,1000,1000,45.0,0.0,0.0,0.0,0,0,0,9887.723171225061,9887.723171225061,9767.723171225061,12478.0,12478.0,12358.0,-2590.2768287749386,0.0
2022-08-11,242.72317122506217,0,1000,1000,45.0,0.0,0.0,0.0,0,0,0,9797.723171225061,9797.723171225061,10007.723171225061,12388.0,12388.0,12598.0,-2590.2768287749386,0.0
2022-08-12,242.72317122506217,0,1000,1000,45.0,0.0,0.0,0.0,0,0,0,9967.723171225061,9967.723171225061,9867.723171225061,12558.0,12558.0,12458.0,-2590.2768287749386,0.0
2022-08-15,242.72317122506217,0,1000,1000,45.0,0.0,0.0,0.0,0,0,0,9857.723171225061,9857.723171225061,9757.723171225061,12448.0,12448.0,12348.0,-2590.2768287749386,0.0
2022-08-16,242.72317122506217,0,1000,1000,45.0,0.0,0.0,0.0,0,0,0,9777.723171225061,9777.723171225061,9677.723171225061,12368.0,12368.0,12268.0,-2590.2768287749386,0.0
2022-08-17,242.72317122506217,0,1000,1000,45.0,0.0,0.0,0.0,0,0,0,9657.723171225061,9657.723171225061,9847.723171225061,12248.0,12248.0,12438.0,-2590.2768287749386,0.0
2022-08-18,242.72317122506217,0,1000,1000,45.0,0.0,0.0,0.0,0,0,0,9817.723171225061,9817.723171225061,9807.723171225061,12408.0,12408.0,12398.0,-2590.2768287749386,0.0
2022-08-19,9698.352778825061,0,0,0,0.0,14.6103924,45.0,0.0,0,1000,0,9717.723171225061,9717.723171225061,9698.352778825061,12308.0,12308.0,12308.0,-2609.6472211749387,0.0
2022-08-22,258.5434316750616,0,1000,1000,0.0,5.09434715,0.0,0.0,1000,0,0,9698.352778825061,9688.543431675062,9778.543431675062,12218.0,12218.0,12308.0,-2529.4565683249384,0.0
2022-08-23,258.5434316750616,0,1000,1000,0.0,0.0,0.0,0.0,0,0,0,9738.543431675062,9738.543431675062,9698.543431675062,12268.0,12268.0,12228.0,-2529.4565683249384,0.0
2022-08-24,9609.399463525062,0,0,0,0.0,14.45896815,0.0,0.0,0,1000,0,9678.543431675062,9678.543431675062,9609.399463525062,12208.0,12208.0,12158.0,-2548.600536474938,0.0
2022-08-25,279.6462169250626,0,1000,1000,0.0,5.0932466,0.0,0.0,1000,0,0,9609.399463525062,9599.646216925063,9589.646216925063,12108.0,12108.0,12098.0,-2508.3537830749374,0.0
2022-08-26,9620.517343725061,0,0,0,0.0,14.4488732,0.0,0.0,0,1000,0,9639.646216925063,9639.646216925063,9620.517343725061,12148.0,12148.0,12148.0,-2527.4826562749386,0.0
2022-08-29,350.7946974250626,0,1000,1000,0.0,5.0926463,0.0,0.0,1000,0,0,9620.517343725061,9610.794697425063,9590.794697425063,12048.0,12048.0,12028.0,-2437.2053025749374,0.0
2022-08-30,9531.907343425062,0,0,0,0.0,14.287354,0.0,0.0,0,1000,0,9620.794697425063,9620.794697425063,9531.907343425062,12058.0,12058.0,11988.0,-2456.092656574938,0.0
2022-08-31,342.22549752506166,0,1000,1000,0.0,5.0918459,0.0,0.0,1000,0,0,9531.907343425062,9522.225497525062,9632.225497525062,11968.0,11968.0,12078.0,-2445.7745024749383,0.0
2022-09-01,342.22549752506166,0,1000,1000,0.0,0.0,0.0,0.0,0,0,0,9562.225497525062,9562.225497525062,9562.225497525062,12008.0,12008.0,12008.0,-2445.7745024749383,0.0
2022-09-02,9633.172099075064,0,0,0,0.0,14.398398450000002,0.0,0.0,0,1000,0,9562.225497525062,9562.225497525062,9633.172099075064,12008.0,12008.0,12098.0,-2464.8279009249363,0.0
2022-09-05,323.4290525750639,0,1000,1000,0.0,5.0930465,0.0,0.0,1000,0,0,9633.172099075064,9623.429052575064,9653.429052575064,12088.0,12088.0,12118.0,-2464.570947424936,0.0
2022-09-06,9744.179419775064,0,0,0,0.0,14.529632800000002,0.0,0.0,0,1000,0,9633.429052575064,9633.429052575064,9744.179419775064,12098.0,12098.0,12228.0,-2483.820580224936,0.0
2022-09-07,304.3700726250645,0,1000,1000,0.0,5.09434715,0.0,0.0,1000,0,0,9744.179419775064,9734.370072625064,9694.370072625064,12218.0,12218.0,12178.0,-2483.6299273749355,0.0
2022-09-08,304.3700726250645,0,1000,1000,0.0,0.0,0.0,0.0,0,0,0,9734.370072625064,9734.370072625064,9744.370072625064,12218.0,12218.0,12228.0,-2483.6299273749355,0.0
2022-09-09,304.3700726250645,0,1000,1000,0.0,0.0,0.0,0.0,0,0,0,9774.370072625064,9774.370072625064,9774.370072625064,12258.0,12258.0,12258.0,-2483.6299273749355,0.0
2022-09-13,304.3700726250645,0,1000,1000,0.0,0.0,0.0,0.0,0,0,0,9814.370072625064,9814.370072625064,9794.370072625064,12298.0,12298.0,12278.0,-2483.6299273749355,0.0
2022-09-14,304.3700726250645,0,1000,1000,0.0,0.0,0.0,0.0,0,0,0,9764.370072625064,9764.370072625064,9684.370072625064,12248.0,12248.0,12168.0,-2483.6299273749355,0.0
2022-09-15,304.3700726250645,0,1000,1000,0.0,0.0,0.0,0.0,0,0,0,9694.370072625064,9694.370072625064,9684.370072625064,12178.0,12178.0,12168.0,-2483.6299273749355,0.0
2022-09-16,304.3700726250645,0,1000,1000,0.0,0.0,0.0,0.0,0,0,0,9644.370072625064,9644.370072625064,9424.370072625064,12128.0,12128.0,11908.0,-2483.6299273749355,0.0
2022-09-19,304.3700726250645,0,1000,1000,0.0,0.0,0.0,0.0,0,0,0,9424.370072625064,9424.370072625064,9194.370072625064,11908.0,11908.0,11678.0,-2483.6299273749355,0.0
2022-09-20,304.3700726250645,0,1000,1000,0.0,0.0,0.0,0.0,0,0,0,9224.370072625064,9224.370072625064,9044.370072625064,11708.0,11708.0,11528.0,-2483.6299273749355,0.0
2022-09-21,304.3700726250645,0,1000,1000,0.0,0.0,0.0,0.0,0,0,0,9034.370072625064,9034.370072625064,9054.370072625064,11518.0,11518.0,11538.0,-2483.6299273749355,0.0
2022-09-22,304.3700726250645,0,1000,1000,0.0,0.0,0.0,0.0,0,0,0,9004.370072625064,9004.370072625064,8984.370072625064,11488.0,11488.0,11468.0,-2483.6299273749355,0.0
2022-09-23,8976.252561075065,0,0,0,0.0,13.77251155,0.0,0.0,0,1000,0,9004.370072625064,9004.370072625064,8976.252561075065,11488.0,11488.0,11478.0,-2501.7474389249346,0.0
2022-09-26,366.8665180750668,0,1000,1000,0.0,5.086043,0.0,0.0,1000,0,0,8976.252561075065,8966.866518075067,8916.866518075067,11388.0,11388.0,11338.0,-2421.133481924933,0.0
2022-09-27,366.8665180750668,0,1000,1000,0.0,0.0,0.0,0.0,0,0,0,8906.866518075067,8906.866518075067,9016.866518075067,11328.0,11328.0,11438.0,-2421.133481924933,0.0
2022-09-28,366.8665180750668,0,1000,1000,0.0,0.0,0.0,0.0,0,0,0,8986.866518075067,8986.866518075067,8926.866518075067,11408.0,11408.0,11348.0,-2421.133481924933,0.0
2022-09-29,8729.216949975069,0,0,0,0.0,13.459568100000002,0.0,0.0,0,1000,0,9036.866518075067,9036.866518075067,8729.216949975069,11458.0,11458.0,11168.0,-2438.783050024931,0.0
2022-09-30,309.9278079250689,0,1000,1000,0.0,5.08414205,0.0,0.0,1000,0,0,8729.216949975069,8719.927807925069,8829.927807925069,11198.0,11198.0,11308.0,-2478.072192074931,0.0
2022-10-10,309.9278079250689,0,1000,1000,0.0,0.0,0.0,0.0,0,0,0,8909.927807925069,8909.927807925069,8469.927807925069,11388.0,11388.0,10948.0,-2478.072192074931,0.0
2022-10-11,309.9278079250689,0,1000,1000,0.0,0.0,0.0,0.0,0,0,0,8549.927807925069,8549.927807925069,8489.927807925069,11028.0,11028.0,10968.0,-2478.072192074931,0.0
2022-10-12,8602.38390447507,0,0,0,0.0,13.38890345,0.0,0.0,0,1000,0,8469.927807925069,8469.927807925069,8602.38390447507,10948.0,10948.0,11098.0,-2495.6160955249306,0.0
2022-10-13,343.1763632250695,0,1000,1000,0.0,5.08254125,0.0,0.0,1000,0,0,8602.38390447507,8593.17636322507,8693.17636322507,11038.0,11038.0,11138.0,-2444.8236367749305,0.0
2022-10-14,8765.43622542507,0,0,0,0.0,13.5201378,0.0,0.0,0,1000,0,8753.17636322507,8753.17636322507,8765.43622542507,11198.0,11198.0,11228.0,-2462.56377457493,0.0
2022-10-17,316.13178322507156,0,1000,1000,0.0,5.0844422,0.0,0.0,1000,0,0,8765.43622542507,8756.131783225072,8836.131783225072,11228.0,11228.0,11308.0,-2471.8682167749284,0.0
2022-10-18,8798.301075725072,0,0,0,0.0,13.5807075,0.0,0.0,0,1000,0,8856.131783225072,8856.131783225072,8798.301075725072,11328.0,11328.0,11288.0,-2489.698924274928,0.0
2022-10-19,298.97113327507395,0,1000,1000,0.0,5.08494245,0.0,0.0,1000,0,0,8798.301075725072,8788.971133275074,8698.971133275074,11278.0,11278.0,11188.0,-2489.028866724926,0.0
2022-10-20,8781.140425775075,0,0,0,0.0,13.5807075,0.0,0.0,0,1000,0,8678.971133275074,8678.971133275074,8781.140425775075,11168.0,11168.0,11288.0,-2506.8595742249254,0.0
2022-10-21,271.80538327507384,0,1000,1000,0.0,5.0850425,0.0,0.0,1000,0,0,8781.140425775075,8771.805383275074,8741.805383275074,11288.0,11288.0,11258.0,-2516.194616724926,0.0
2022-10-24,8544.291669725073,0,0,0,0.0,13.36871355,0.0,0.0,0,1000,0,8671.805383275074,8671.805383275074,8544.291669725073,11188.0,11188.0,11078.0,-2533.708330274927,0.0
2022-10-25,135.0076277250737,0,1000,1000,0.0,5.084042,0.0,0.0,1000,0,0,8544.291669725073,8535.007627725074,8515.007627725074,11188.0,11188.0,11168.0,-2652.9923722749263,0.0
2022-10-26,135.0076277250737,0,1000,1000,0.0,0.0,0.0,0.0,0,0,0,8475.007627725074,8475.007627725074,8435.007627725074,11128.0,11128.0,11088.0,-2652.9923722749263,0.0
2022-10-27,135.0076277250737,0,1000,1000,0.0,0.0,0.0,0.0,0,0,0,8445.007627725074,8445.007627725074,8525.007627725074,11098.0,11098.0,11178.0,-2652.9923722749263,0.0
2022-10-28,135.0076277250737,0,1000,1000,0.0,0.0,0.0,0.0,0,0,0,8565.007627725074,8565.007627725074,8415.007627725074,11218.0,11218.0,11068.0,-2652.9923722749263,0.0
2022-10-31,135.0076277250737,0,1000,1000,0.0,0.0,0.0,0.0,0,0,0,8005.007627725074,8005.007627725074,8335.007627725074,10658.0,10658.0,10988.0,-2652.9923722749263,0.0
2022-11-01,135.0076277250737,0,1000,1000,0.0,0.0,0.0,0.0,0,0,0,8425.007627725074,8425.007627725074,8695.007627725074,11078.0,11078.0,11348.0,-2652.9923722749263,0.0
2022-11-02,135.0076277250737,0,1000,1000,0.0,0.0,0.0,0.0,0,0,0,8625.007627725074,8625.007627725074,8795.007627725074,11278.0,11278.0,11448.0,-2652.9923722749263,0.0
2022-11-03,135.0076277250737,0,1000,1000,0.0,0.0,0.0,0.0,0,0,0,8815.007627725074,8815.007627725074,8765.007627725074,11468.0,11468.0,11418.0,-2652.9923722749263,0.0
2022-11-04,8806.890116175075,0,0,0,0.0,13.77251155,0.0,0.0,0,1000,0,8715.007627725074,8715.007627725074,8806.890116175075,11368.0,11368.0,11478.0,-2671.1098838249254,0.0
2022-11-07,107.4581727250752,0,1000,1000,0.0,5.08694345,0.0,0.0,1000,0,0,8806.890116175075,8797.458172725075,8797.458172725075,11478.0,11478.0,11478.0,-2680.541827274925,0.0
2022-11-08,8809.295376325077,0,0,0,0.0,13.802796400000002,0.0,0.0,0,1000,0,8767.458172725075,8767.458172725075,8809.295376325077,11448.0,11448.0,11508.0,-2698.704623674923,0.0
2022-11-09,109.8634328750777,0,1000,1000,0.0,5.08694345,0.0,0.0,1000,0,0,8809.295376325077,8799.863432875078,8749.863432875078,11478.0,11478.0,11428.0,-2678.1365671249223,0.0
2022-11-10,8711.851585975079,0,0,0,0.0,13.701846900000001,0.0,0.0,0,1000,0,8739.863432875078,8739.863432875078,8711.851585975079,11418.0,11418.0,11408.0,-2696.1484140249213,0.0
2022-11-11,827.8352966000784,0,900,900,0.0,5.078789375,0.0,0.0,900,0,100,8711.851585975079,8702.835296600078,8783.835296600078,11538.0,11538.0,11628.0,-2844.1647033999216,61.61554781992152
2022-11-14,827.8352966000784,0,900,900,0.0,0.0,0.0,0.0,0,0,100,8819.835296600078,8819.835296600078,8882.835296600078,11668.0,11668.0,11738.0,-2855.1647033999216,72.62115787492144
2022-11-15,827.8352966000784,0,900,900,0.0,0.0,0.0,0.0,0,0,100,8891.835296600078,8891.835296600078,8972.835296600078,11748.0,11748.0,11838.0,-2865.1647033999216,82.62625792492167
2022-11-16,827.8352966000784,0,900,900,0.0,0.0,0.0,0.0,0,0,100,8936.835296600078,8936.835296600078,8918.835296600078,11798.0,11798.0,11778.0,-2859.1647033999216,76.62319789492153
2022-11-17,827.8352966000784,0,900,900,0.0,0.0,0.0,0.0,0,0,100,8891.835296600078,8891.835296600078,8936.835296600078,11748.0,11748.0,11798.0,-2861.1647033999216,78.62421790492147
2022-11-18,827.8352966000784,0,900,900,0.0,0.0,0.0,0.0,0,0,100,8972.835296600078,8972.835296600078,8882.835296600078,11838.0,11838.0,11738.0,-2855.1647033999216,72.62115787492144
2022-11-21,827.8352966000784,0,900,900,0.0,0.0,0.0,0.0,0,0,100,8837.835296600078,8837.835296600078,8927.835296600078,11688.0,11688.0,11788.0,-2860.1647033999216,77.62370789992144
2022-11-22,827.8352966000784,0,900,900,0.0,0.0,0.0,0.0,0,0,100,8981.835296600078,8981.835296600078,9017.835296600078,11848.0,11848.0,11888.0,-2870.1647033999216,87.62880794992145
2022-11-23,827.8352966000784,0,900,900,0.0,0.0,0.0,0.0,0,0,100,9026.835296600078,9026.835296600078,8972.835296600078,11898.0,11898.0,11838.0,-2865.1647033999216,82.62625792492167
2022-11-24,827.8352966000784,0,900,900,0.0,0.0,0.0,0.0,0,0,100,8972.835296600078,8972.835296600078,8891.835296600078,11838.0,11838.0,11748.0,-2856.1647033999216,73.62166787992169
2022-11-25,827.8352966000784,0,900,900,0.0,0.0,0.0,0.0,0,0,100,8882.835296600078,8882.835296600078,8972.835296600078,11738.0,11738.0,11838.0,-2865.1647033999216,82.62625792492167
2022-11-28,827.8352966000784,0,900,900,0.0,0.0,0.0,0.0,0,0,100,8837.835296600078,8837.835296600078,8711.835296600078,11688.0,11688.0,11548.0,-2836.1647033999216,53.611467779921554
2022-11-29,827.8352966000784,0,900,900,0.0,0.0,0.0,0.0,0,0,100,8774.835296600078,8774.835296600078,9026.835296600078,11618.0,11618.0,11898.0,-2871.1647033999216,88.62931795492148
2022-11-30,827.8352966000784,0,900,900,0.0,0.0,0.0,0.0,0,0,100,9035.835296600078,9035.835296600078,9062.835296600078,11908.0,11908.0,11938.0,-2875.1647033999216,92.63135797492157
2022-12-01,827.8352966000784,0,900,900,0.0,0.0,0.0,0.0,0,0,100,9116.835296600078,9116.835296600078,9098.835296600078,11998.0,11998.0,11978.0,-2879.1647033999216,96.63339799492155
2022-12-02,827.8352966000784,0,900,900,0.0,0.0,0.0,0.0,0,0,100,9080.835296600078,9080.835296600078,9053.835296600078,11958.0,11958.0,11928.0,-2874.1647033999216,91.63084796992155
2022-12-05,827.8352966000784,0,900,900,0.0,0.0,0.0,0.0,0,0,100,9188.835296600078,9188.835296600078,9179.835296600078,12078.0,12078.0,12068.0,-2888.1647033999216,105.63798803992142
2022-12-06,827.8352966000784,0,900,900,0.0,0.0,0.0,0.0,0,0,100,9125.835296600078,9125.835296600078,9323.835296600078,12008.0,12008.0,12228.0,-2904.1647033999216,121.64614811992158
2022-12-07,827.8352966000784,0,900,900,0.0,0.0,0.0,0.0,0,0,100,9341.835296600078,9341.835296600078,9305.835296600078,12248.0,12248.0,12208.0,-2902.1647033999216,119.64512810992153
2022-12-08,827.8352966000784,0,900,900,0.0,0.0,0.0,0.0,0,0,100,9296.835296600078,9296.835296600078,9305.835296600078,12198.0,12198.0,12208.0,-2902.1647033999216,119.64512810992153
2022-12-09,827.8352966000784,0,900,900,0.0,0.0,0.0,0.0,0,0,100,9287.835296600078,9287.835296600078,9341.835296600078,12188.0,12188.0,12248.0,-2906.1647033999216,123.64716812992162
2022-12-12,827.8352966000784,0,900,900,0.0,0.0,0.0,0.0,0,0,100,9314.835296600078,9314.835296600078,9341.835296600078,12218.0,12218.0,12248.0,-2906.1647033999216,123.64716812992162
2022-12-13,827.8352966000784,0,900,900,0.0,0.0,0.0,0.0,0,0,100,9359.835296600078,9359.835296600078,9332.835296600078,12268.0,12268.0,12238.0,-2905.1647033999216,122.64665812492137
2022-12-14,827.8352966000784,0,900,900,0.0,0.0,0.0,0.0,0,0,100,9359.835296600078,9359.835296600078,9305.835296600078,12268.0,12268.0,12208.0,-2902.1647033999216,119.64512810992153
2022-12-15,827.8352966000784,0,900,900,0.0,0.0,0.0,0.0,0,0,100,9305.835296600078,9305.835296600078,9341.835296600078,12208.0,12208.0,12248.0,-2906.1647033999216,123.64716812992162
2022-12-16,827.8352966000784,0,900,900,0.0,0.0,0.0,0.0,0,0,100,9296.835296600078,9296.835296600078,9377.835296600078,12198.0,12198.0,12288.0,-2910.1647033999216,127.64920814992149
2022-12-19,827.8352966000784,0,900,900,0.0,0.0,0.0,0.0,0,0,100,9395.835296600078,9395.835296600078,9260.835296600078,12308.0,12308.0,12158.0,-2897.1647033999216,114.64257808492141
2022-12-20,827.8352966000784,0,900,900,0.0,0.0,0.0,0.0,0,0,100,9215.835296600078,9215.835296600078,9188.835296600078,12108.0,12108.0,12078.0,-2889.1647033999216,106.63849804492133
2022-12-21,827.8352966000784,0,900,900,0.0,0.0,0.0,0.0,0,0,100,9188.835296600078,9188.835296600078,9242.835296600078,12078.0,12078.0,12138.0,-2895.1647033999216,112.64155807492159
2022-12-22,827.8352966000784,0,900,900,0.0,0.0,0.0,0.0,0,0,100,9350.835296600078,9350.835296600078,9188.835296600078,12258.0,12258.0,12078.0,-2889.1647033999216,106.63849804492133
2022-12-23,827.8352966000784,0,900,900,0.0,0.0,0.0,0.0,0,0,100,9161.835296600078,9161.835296600078,9089.835296600078,12048.0,12048.0,11968.0,-2878.1647033999216,95.63288798992153
2022-12-26,827.8352966000784,0,900,900,0.0,0.0,0.0,0.0,0,0,100,9125.835296600078,9125.835296600078,9071.835296600078,12008.0,12008.0,11948.0,-2876.1647033999216,93.63186797992148
2022-12-27,827.8352966000784,0,900,900,0.0,0.0,0.0,0.0,0,0,100,9125.835296600078,9125.835296600078,9116.835296600078,12008.0,12008.0,11998.0,-2881.1647033999216,98.6344180049216
2022-12-28,827.8352966000784,0,900,900,0.0,0.0,0.0,0.0,0,0,100,9134.835296600078,9134.835296600078,9080.835296600078,12018.0,12018.0,11958.0,-2877.1647033999216,94.6323779849215
2022-12-29,827.8352966000784,0,900,900,0.0,0.0,0.0,0.0,0,0,100,9089.835296600078,9089.835296600078,8990.835296600078,11968.0,11968.0,11858.0,-2867.1647033999216,84.6272779349215
2022-12-30,827.8352966000784,0,900,900,0.0,0.0,0.0,0.0,0,0,100,9026.835296600078,9026.835296600078,9089.835296600078,11898.0,11898.0,11968.0,-2878.1647033999216,95.63288798992153
2023-01-03,827.8352966000784,0,900,900,0.0,0.0,0.0,0.0,0,0,100,9053.835296600078,9053.835296600078,9206.835296600078,11928.0,11928.0,12098.0,-2891.1647033999216,108.6395180549215
2023-01-04,827.8352966000784,0,900,900,0.0,0.0,0.0,0.0,0,0,100,9278.835296600078,9278.835296600078,9242.835296600078,12178.0,12178.0,12138.0,-2895.1647033999216,112.64155807492159
2023-01-05,827.8352966000784,0,900,900,0.0,0.0,0.0,0.0,0,0,100,9332.835296600078,9332.835296600078,9368.835296600078,12238.0,12238.0,12278.0,-2909.1647033999216,126.64869814492147
2023-01-06,827.8352966000784,0,900,900,0.0,0.0,0.0,0.0,0,0,100,9359.835296600078,9359.835296600078,9269.835296600078,12268.0,12268.0,12168.0,-2898.1647033999216,115.64308808992166
2023-01-09,827.8352966000784,0,900,900,0.0,0.0,0.0,0.0,0,0,100,9359.835296600078,9359.835296600078,9386.835296600078,12268.0,12268.0,12298.0,-2911.1647033999216,128.64971815492152
2023-01-10,827.8352966000784,0,900,900,0.0,0.0,0.0,0.0,0,0,100,9368.835296600078,9368.835296600078,9287.835296600078,12278.0,12278.0,12188.0,-2900.1647033999216,117.64410809992148
2023-01-11,827.8352966000784,0,900,900,0.0,0.0,0.0,0.0,0,0,100,9332.835296600078,9332.835296600078,9251.835296600078,12238.0,12238.0,12148.0,-2896.1647033999216,113.6420680799215
2023-01-12,827.8352966000784,0,900,900,0.0,0.0,0.0,0.0,0,0,100,9287.835296600078,9287.835296600078,9215.835296600078,12188.0,12188.0,12108.0,-2892.1647033999216,109.6400280599214
2023-01-13,827.8352966000784,0,900,900,0.0,0.0,0.0,0.0,0,0,100,9242.835296600078,9242.835296600078,9314.835296600078,12138.0,12138.0,12218.0,-2903.1647033999216,120.64563811492155
2023-01-16,827.8352966000784,0,900,900,0.0,0.0,0.0,0.0,0,0,100,9323.835296600078,9323.835296600078,9377.835296600078,12228.0,12228.0,12288.0,-2910.1647033999216,127.64920814992149
2023-01-17,827.8352966000784,0,900,900,0.0,0.0,0.0,0.0,0,0,100,9395.835296600078,9395.835296600078,9395.835296600078,12308.0,12308.0,12308.0,-2912.1647033999216,129.65022815992154
2023-01-18,827.8352966000784,0,900,900,0.0,0.0,0.0,0.0,0,0,100,9404.835296600078,9404.835296600078,9404.835296600078,12318.0,12318.0,12318.0,-2913.1647033999216,130.65073816492145
2023-01-19,827.8352966000784,0,900,900,0.0,0.0,0.0,0.0,0,0,100,9368.835296600078,9368.835296600078,9404.835296600078,12278.0,12278.0,12318.0,-2913.1647033999216,130.65073816492145
2023-01-20,827.8352966000784,0,900,900,0.0,0.0,0.0,0.0,0,0,100,9422.835296600078,9422.835296600078,9404.835296600078,12338.0,12338.0,12318.0,-2913.1647033999216,130.65073816492145
2023-01-30,827.8352966000784,0,900,900,0.0,0.0,0.0,0.0,0,0,100,9530.835296600078,9530.835296600078,9503.835296600078,12458.0,12458.0,12428.0,-2924.1647033999216,141.65634821992148
2023-01-31,827.8352966000784,0,900,900,0.0,0.0,0.0,0.0,0,0,100,9557.835296600078,9557.835296600078,9386.835296600078,12488.0,12488.0,12298.0,-2911.1647033999216,128.64971815492152
2023-02-01,827.8352966000784,0,900,900,0.0,0.0,0.0,0.0,0,0,100,9413.835296600078,9413.835296600078,9449.835296600078,12328.0,12328.0,12368.0,-2918.1647033999216,135.65328818992145
2023-02-02,827.8352966000784,0,900,900,0.0,0.0,0.0,0.0,0,0,100,9467.835296600078,9467.835296600078,9422.835296600078,12388.0,12388.0,12338.0,-2915.1647033999216,132.6517581749216
2023-02-03,827.8352966000784,0,900,900,0.0,0.0,0.0,0.0,0,0,100,9377.835296600078,9377.835296600078,9251.835296600078,12288.0,12288.0,12148.0,-2896.1647033999216,113.6420680799215
2023-02-06,827.8352966000784,0,900,900,0.0,0.0,0.0,0.0,0,0,100,9206.835296600078,9206.835296600078,9224.835296600078,12098.0,12098.0,12118.0,-2893.1647033999216,110.64053806492154
2023-02-07,827.8352966000784,0,900,900,0.0,0.0,0.0,0.0,0,0,100,9269.835296600078,9269.835296600078,9170.835296600078,12168.0,12168.0,12058.0,-2887.1647033999216,104.63747803492151
2023-02-08,827.8352966000784,0,900,900,0.0,0.0,0.0,0.0,0,0,100,9197.835296600078,9197.835296600078,9161.835296600078,12088.0,12088.0,12048.0,-2886.1647033999216,103.63696802992149
2023-02-09,827.8352966000784,0,900,900,0.0,0.0,0.0,0.0,0,0,100,9143.835296600078,9143.835296600078,9332.835296600078,12028.0,12028.0,12238.0,-2905.1647033999216,122.64665812492137
2023-02-10,827.8352966000784,0,900,900,0.0,0.0,0.0,0.0,0,0,100,9305.835296600078,9305.835296600078,9629.835296600078,12208.0,12208.0,12568.0,-2938.1647033999216,155.66348828992136
2023-02-13,827.8352966000784,0,900,900,0.0,0.0,0.0,0.0,0,0,100,9575.835296600078,9575.835296600078,9521.835296600078,12508.0,12508.0,12448.0,-2926.1647033999216,143.65736822992153
2023-02-14,827.8352966000784,0,900,900,0.0,0.0,0.0,0.0,0,0,100,9503.835296600078,9503.835296600078,9557.835296600078,12428.0,12428.0,12488.0,-2930.1647033999216,147.6594082499214
2023-02-15,827.8352966000784,0,900,900,0.0,0.0,0.0,0.0,0,0,100,9566.835296600078,9566.835296600078,9872.835296600078,12498.0,12498.0,12838.0,-2965.1647033999216,182.67725842492166
2023-02-16,827.8352966000784,0,900,900,0.0,0.0,0.0,0.0,0,0,100,9899.835296600078,9899.835296600078,9728.835296600078,12868.0,12868.0,12678.0,-2949.1647033999216,166.6690983449215
2023-02-17,827.8352966000784,0,900,900,0.0,0.0,0.0,0.0,0,0,100,9710.835296600078,9710.835296600078,9566.835296600078,12658.0,12658.0,12498.0,-2931.1647033999216,148.65991825492165
2023-02-20,827.8352966000784,0,900,900,0.0,0.0,0.0,0.0,0,0,100,9566.835296600078,9566.835296600078,9746.835296600078,12498.0,12498.0,12698.0,-2951.1647033999216,168.67011835492156
2023-02-21,827.8352966000784,0,900,900,0.0,0.0,0.0,0.0,0,0,100,9719.835296600078,9719.835296600078,9719.835296600078,12668.0,12668.0,12668.0,-2948.1647033999216,165.6685883399216
2023-02-22,827.8352966000784,0,900,900,0.0,0.0,0.0,0.0,0,0,100,9656.835296600078,9656.835296600078,9602.835296600078,12598.0,12598.0,12538.0,-2935.1647033999216,152.66195827492152
2023-02-23,827.8352966000784,0,900,900,0.0,0.0,0.0,0.0,0,0,100,9674.835296600078,9674.835296600078,9557.835296600078,12618.0,12618.0,12488.0,-2930.1647033999216,147.6594082499214
2023-02-24,827.8352966000784,0,900,900,0.0,0.0,0.0,0.0,0,0,100,9521.835296600078,9521.835296600078,9485.835296600078,12448.0,12448.0,12408.0,-2922.1647033999216,139.65532820992144
2023-02-27,827.8352966000784,0,900,900,0.0,0.0,0.0,0.0,0,0,100,9449.835296600078,9449.835296600078,9395.835296600078,12368.0,12368.0,12308.0,-2912.1647033999216,129.65022815992154
2023-02-28,827.8352966000784,0,900,900,0.0,0.0,0.0,0.0,0,0,100,9476.835296600078,9476.835296600078,9467.835296600078,12398.0,12398.0,12388.0,-2920.1647033999216,137.6543081999215
2023-03-01,827.8352966000784,0,900,900,0.0,0.0,0.0,0.0,0,0,100,9476.835296600078,9476.835296600078,9791.835296600078,12398.0,12398.0,12748.0,-2956.1647033999216,173.67266837992156
2023-03-02,827.8352966000784,0,900,900,0.0,0.0,0.0,0.0,0,0,100,9800.835296600078,9800.835296600078,10133.835296600078,12758.0,12758.0,13128.0,-2994.1647033999216,211.69204856992155
2023-03-03,827.8352966000784,0,900,900,0.0,0.0,0.0,0.0,0,0,100,10079.835296600078,10079.835296600078,11060.835296600078,13068.0,13068.0,14158.0,-3097.1647033999216,314.7445790849215
2023-03-06,827.8352966000784,0,900,900,0.0,0.0,0.0,0.0,0,0,100,11177.835296600078,11177.835296600078,10781.835296600078,14288.0,14288.0,13848.0,-3066.1647033999216,283.72876892992144
2023-03-07,827.8352966000784,0,900,900,0.0,0.0,0.0,0.0,0,0,100,10781.835296600078,10781.835296600078,10286.835296600078,13848.0,13848.0,13298.0,-3011.1647033999216,228.7007186549215
2023-03-08,827.8352966000784,0,900,900,0.0,0.0,0.0,0.0,0,0,100,10214.835296600078,10214.835296600078,10340.835296600078,13218.0,13218.0,13358.0,-3017.1647033999216,234.70377868492142
2023-03-09,827.8352966000784,0,900,900,0.0,0.0,0.0,0.0,0,0,100,10457.835296600078,10457.835296600078,10862.835296600078,13488.0,13488.0,13938.0,-3075.1647033999216,292.73335897492143
2023-03-10,827.8352966000784,0,900,900,0.0,0.0,0.0,0.0,0,0,100,10727.835296600078,10727.835296600078,10592.835296600078,13788.0,13788.0,13638.0,-3045.1647033999216,262.7180588249216
2023-03-13,827.8352966000784,0,900,900,0.0,0.0,0.0,0.0,0,0,100,10619.835296600078,10619.835296600078,11276.835296600078,13668.0,13668.0,14398.0,-3121.1647033999216,338.7568192049216
2023-03-14,827.8352966000784,0,900,900,0.0,0.0,0.0,0.0,0,0,100,11267.835296600078,11267.835296600078,11411.835296600078,14388.0,14388.0,14548.0,-3136.1647033999216,353.7644692799215
2023-03-15,827.8352966000784,0,900,900,0.0,0.0,0.0,0.0,0,0,100,11591.835296600078,11591.835296600078,11690.835296600078,14748.0,14748.0,14858.0,-3167.1647033999216,384.78027943492157
2023-03-16,827.8352966000784,0,900,900,0.0,0.0,0.0,0.0,0,0,100,11627.835296600078,11627.835296600078,11942.835296600078,14788.0,14788.0,15138.0,-3195.1647033999216,412.7945595749213
2023-03-17,827.8352966000784,0,900,900,0.0,0.0,0.0,0.0,0,0,100,12122.835296600078,12122.835296600078,13058.835296600078,15338.0,15338.0,16378.0,-3319.1647033999216,536.8578001949215
2023-03-20,827.8352966000784,0,900,900,0.0,0.0,0.0,0.0,0,0,100,13778.835296600078,13778.835296600078,14219.835296600078,17178.0,17178.0,17668.0,-3448.1647033999216,665.9235908399214
2023-03-21,827.8352966000784,0,900,900,0.0,0.0,0.0,0.0,0,0,100,14228.835296600078,14228.835296600078,13967.835296600078,17678.0,17678.0,17388.0,-3420.1647033999216,637.9093106999217
2023-03-22,827.8352966000784,0,900,900,0.0,0.0,0.0,0.0,0,0,100,14327.835296600078,14327.835296600078,15281.835296600077,17788.0,17788.0,18848.0,-3566.1647033999234,783.9837714299213
2023-03-23,827.8352966000784,0,900,900,0.0,0.0,0.0,0.0,0,0,100,15848.83529660008,15848.83529660008,16118.835296600077,19478.0,19478.0,19778.0,-3659.1647033999234,877.0312018949212
2023-03-24,827.8352966000784,0,900,900,0.0,0.0,0.0,0.0,0,0,100,15992.83529660008,15992.83529660008,16721.83529660008,19638.0,19638.0,20448.0,-3726.1647033999216,944.0653722299214
2023-03-27,827.8352966000784,0,900,900,0.0,0.0,0.0,0.0,0,0,100,16199.835296600077,16199.835296600077,16694.83529660008,19868.0,19868.0,20418.0,-3723.1647033999216,941.0638422149216
2023-03-28,827.8352966000784,0,900,900,0.0,0.0,0.0,0.0,0,0,100,16199.835296600077,16199.835296600077,15632.835296600078,19868.0,19868.0,19238.0,-3605.1647033999216,823.0036616249215
2023-03-29,827.8352966000784,0,900,900,0.0,0.0,0.0,0.0,0,0,100,15857.835296600078,15857.835296600078,15371.835296600078,19488.0,19488.0,18948.0,-3576.1647033999216,793.9888714799215
2023-03-30,827.8352966000784,0,900,900,0.0,0.0,0.0,0.0,0,0,100,15416.835296600078,15416.835296600078,16019.835296600078,18998.0,18998.0,19668.0,-3648.1647033999216,866.0255918399214
2023-03-31,827.8352966000784,0,900,900,0.0,0.0,0.0,0.0,0,0,100,15857.835296600078,15857.835296600078,16325.835296600077,19488.0,19488.0,20008.0,-3682.1647033999234,900.0429320099215
2023-04-03,827.8352966000784,0,900,900,0.0,0.0,0.0,0.0,0,0,100,16208.835296600078,16208.835296600078,16811.835296600082,19878.0,19878.0,20548.0,-3736.164703399918,954.0704722799217
2023-04-04,827.8352966000784,0,900,900,0.0,0.0,0.0,0.0,0,0,100,16343.835296600077,16343.835296600077,16496.83529660008,20028.0,20028.0,20198.0,-3701.1647033999216,919.0526221049215
2023-04-06,827.8352966000784,0,900,900,0.0,0.0,0.0,0.0,0,0,100,17027.83529660008,17027.83529660008,17927.83529660008,20788.0,20788.0,21788.0,-3860.1647033999216,1078.1337128999214
2023-04-07,827.8352966000784,0,900,900,0.0,0.0,0.0,0.0,0,0,100,17729.83529660008,17729.83529660008,17360.83529660008,21568.0,21568.0,21158.0,-3797.1647033999216,1015.1015825849215
2023-04-10,827.8352966000784,0,900,900,0.0,0.0,0.0,0.0,0,0,100,17081.835296600075,17081.835296600075,16550.835296600075,20848.0,20848.0,20258.0,-3707.164703399925,925.0556821349214
2023-04-11,827.8352966000784,0,900,900,0.0,0.0,0.0,0.0,0,0,100,16703.83529660008,16703.83529660008,16442.835296600082,20428.0,20428.0,20138.0,-3695.164703399918,913.0495620749216
2023-04-12,827.8352966000784,0,900,900,0.0,0.0,0.0,0.0,0,0,100,16595.83529660008,16595.83529660008,17405.83529660008,20308.0,20308.0,21208.0,-3802.1647033999216,1020.1041326099216
2023-04-13,827.8352966000784,0,900,900,0.0,0.0,0.0,0.0,0,0,100,17252.83529660008,17252.83529660008,16721.83529660008,21038.0,21038.0,20448.0,-3726.1647033999216,944.0653722299214
2023-04-14,827.8352966000784,0,900,900,0.0,0.0,0.0,0.0,0,0,100,16649.835296600075,16649.835296600075,17090.83529660008,20368.0,20368.0,20858.0,-3767.1647033999216,985.0862824349215
2023-04-17,827.8352966000784,0,900,900,0.0,0.0,0.0,0.0,0,0,100,17018.835296600075,17018.835296600075,16964.83529660008,20778.0,20778.0,20718.0,-3753.1647033999216,971.0791423649214
2023-04-18,827.8352966000784,0,900,900,0.0,0.0,0.0,0.0,0,0,100,16919.83529660008,16919.83529660008,18098.83529660008,20668.0,20668.0,21978.0,-3879.1647033999216,1097.1434029949216
2023-04-19,827.8352966000784,0,900,900,0.0,0.0,0.0,0.0,0,0,100,17999.83529660008,17999.83529660008,16370.835296600078,21868.0,21868.0,20058.0,-3687.1647033999216,905.0454820349214
2023-04-20,827.8352966000784,0,900,900,0.0,0.0,0.0,0.0,0,0,100,16370.835296600078,16370.835296600078,17927.83529660008,20058.0,20058.0,21788.0,-3860.1647033999216,1078.1337128999214
2023-04-21,827.8352966000784,0,900,900,0.0,0.0,0.0,0.0,0,0,100,18377.83529660008,18377.83529660008,17738.83529660008,22288.0,22288.0,21578.0,-3839.1647033999216,1057.1230027949216
2023-04-24,827.8352966000784,0,900,900,0.0,0.0,0.0,0.0,0,0,100,17783.83529660008,17783.83529660008,17324.83529660008,21628.0,21628.0,21118.0,-3793.1647033999216,1011.0995425649212
2023-04-25,827.8352966000784,0,900,900,0.0,0.0,0.0,0.0,0,0,100,17081.835296600075,17081.835296600075,17477.83529660008,20848.0,20848.0,21288.0,-3810.1647033999216,1028.1082126499216
2023-04-26,827.8352966000784,0,900,900,0.0,0.0,0.0,0.0,0,0,100,17729.83529660008,17729.83529660008,15812.835296600077,21568.0,21568.0,19438.0,-3625.1647033999234,843.0138617249213
2023-04-27,827.8352966000784,0,900,900,0.0,0.0,0.0,0.0,0,0,100,15137.835296600078,15137.835296600078,15317.83529660008,18688.0,18688.0,18888.0,-3570.1647033999197,787.9858114499216
2023-04-28,827.8352966000784,0,900,900,0.0,0.0,0.0,0.0,0,0,100,15344.835296600078,15344.835296600078,15335.835296600078,18918.0,18918.0,18908.0,-3572.1647033999216,789.9868314599214
2023-05-04,827.8352966000784,0,900,900,0.0,0.0,0.0,0.0,0,0,100,15209.835296600078,15209.835296600078,14669.835296600078,18768.0,18768.0,18168.0,-3498.1647033999216,715.9490910899215
2023-05-05,827.8352966000784,0,900,900,0.0,0.0,0.0,0.0,0,0,100,14624.835296600078,14624.835296600078,14120.835296600078,18118.0,18118.0,17558.0,-3437.1647033999216,654.9179807849214
2023-05-08,827.8352966000784,0,900,900,0.0,0.0,0.0,0.0,0,0,100,14084.835296600078,14084.835296600078,14039.835296600078,17518.0,17518.0,17468.0,-3428.1647033999216,645.9133907399214
2023-05-09,827.8352966000784,0,900,900,0.0,0.0,0.0,0.0,0,0,100,14039.835296600078,14039.835296600078,14057.835296600078,17468.0,17468.0,17488.0,-3430.1647033999216,647.9144107499214
2023-05-10,827.8352966000784,0,900,900,0.0,0.0,0.0,0.0,0,0,100,14057.835296600078,14057.835296600078,13967.835296600078,17488.0,17488.0,17388.0,-3420.1647033999216,637.9093106999217
2023-05-11,827.8352966000784,0,900,900,0.0,0.0,0.0,0.0,0,0,100,13886.835296600078,13886.835296600078,13841.835296600078,17298.0,17298.0,17248.0,-3406.1647033999216,623.9021706299216
2023-05-12,827.8352966000784,0,900,900,0.0,0.0,0.0,0.0,0,0,100,13733.835296600078,13733.835296600078,13751.835296600078,17128.0,17128.0,17148.0,-3396.1647033999216,613.8970705799213
2023-05-15,827.8352966000784,0,900,900,0.0,0.0,0.0,0.0,0,0,100,13985.835296600078,13985.835296600078,14435.835296600078,17408.0,17408.0,17908.0,-3472.1647033999216,689.9358309599215
2023-05-16,827.8352966000784,0,900,900,0.0,0.0,0.0,0.0,0,0,100,14408.835296600078,14408.835296600078,14129.835296600078,17878.0,17878.0,17568.0,-3438.1647033999216,655.9184907899214
2023-05-17,827.8352966000784,0,900,900,0.0,0.0,0.0,0.0,0,0,100,14192.835296600078,14192.835296600078,14822.835296600078,17638.0,17638.0,18338.0,-3515.1647033999216,732.9577611749214
2023-05-18,827.8352966000784,0,900,900,0.0,0.0,0.0,0.0,0,0,100,15146.835296600078,15146.835296600078,15542.83529660008,18698.0,18698.0,19138.0,-3595.1647033999197,812.9985615749217
2023-05-19,827.8352966000784,0,900,900,0.0,0.0,0.0,0.0,0,0,100,15677.835296600078,15677.835296600078,15371.835296600078,19288.0,19288.0,18948.0,-3576.1647033999216,793.9888714799215
2023-05-22,827.8352966000784,0,900,900,0.0,0.0,0.0,0.0,0,0,100,15236.83529660008,15236.83529660008,14696.835296600078,18798.0,18798.0,18198.0,-3501.1647033999216,718.9506211049213
2023-05-23,827.8352966000784,0,900,900,0.0,0.0,0.0,0.0,0,0,100,14669.835296600078,14669.835296600078,14534.835296600078,18168.0,18168.0,18018.0,-3483.1647033999216,700.9414410149213
2023-05-24,827.8352966000784,0,900,900,0.0,0.0,0.0,0.0,0,0,100,14453.835296600078,14453.835296600078,14165.835296600078,17928.0,17928.0,17608.0,-3442.1647033999216,659.9205308099215
2023-05-25,827.8352966000784,0,900,900,0.0,0.0,0.0,0.0,0,0,100,15227.835296600078,15227.835296600078,15497.835296600078,18788.0,18788.0,19088.0,-3590.1647033999216,807.9960115499214
2023-05-26,827.8352966000784,0,900,900,0.0,0.0,0.0,0.0,0,0,100,15524.835296600077,15524.835296600077,15938.835296600078,19118.0,19118.0,19578.0,-3639.1647033999216,857.0210017949214
2023-05-29,827.8352966000784,0,900,900,0.0,0.0,0.0,0.0,0,0,100,16388.83529660008,16388.83529660008,16937.835296600075,20078.0,20078.0,20688.0,-3750.164703399925,968.0776123499213
2023-05-30,827.8352966000784,0,900,900,0.0,0.0,0.0,0.0,0,0,100,16505.835296600082,16505.835296600082,17054.835296600082,20208.0,20208.0,20818.0,-3763.164703399918,981.0842424149216
2023-05-31,827.8352966000784,0,900,900,0.0,0.0,0.0,0.0,0,0,100,17126.83529660008,17126.83529660008,17072.83529660008,20898.0,20898.0,20838.0,-3765.1647033999216,983.0852624249214
2023-06-01,827.8352966000784,0,900,900,0.0,0.0,0.0,0.0,0,0,100,16667.835296600082,16667.835296600082,16955.835296600082,20388.0,20388.0,20708.0,-3752.164703399918,970.0786323599218
2023-06-02,827.8352966000784,0,900,900,0.0,0.0,0.0,0.0,0,0,100,17207.83529660008,17207.83529660008,16874.835296600075,20988.0,20988.0,20618.0,-3743.164703399925,961.0740423149214
2023-06-05,827.8352966000784,0,900,900,0.0,0.0,0.0,0.0,0,0,100,17081.835296600075,17081.835296600075,17864.83529660008,20848.0,20848.0,21718.0,-3853.1647033999216,1071.1301428649213
2023-06-06,827.8352966000784,0,900,900,0.0,0.0,0.0,0.0,0,0,100,17567.83529660008,17567.83529660008,17225.83529660008,21388.0,21388.0,21008.0,-3782.1647033999216,1000.0939325099214
2023-06-07,827.8352966000784,0,900,900,0.0,0.0,0.0,0.0,0,0,100,17207.83529660008,17207.83529660008,17054.835296600082,20988.0,20988.0,20818.0,-3763.164703399918,981.0842424149216
2023-06-08,827.8352966000784,0,900,900,0.0,0.0,0.0,0.0,0,0,100,16937.835296600075,16937.835296600075,16892.835296600082,20688.0,20688.0,20638.0,-3745.164703399918,963.0750623249216
2023-06-09,827.8352966000784,0,900,900,0.0,0.0,0.0,0.0,0,0,100,16892.835296600082,16892.835296600082,18503.83529660008,20638.0,20638.0,22428.0,-3924.1647033999216,1142.1663532199216
2023-06-12,827.8352966000784,0,900,900,0.0,0.0,0.0,0.0,0,0,100,19106.83529660008,19106.83529660008,20042.83529660008,23098.0,23098.0,24138.0,-4095.1647033999216,1313.2535640749215
2023-06-13,827.8352966000784,0,900,900,0.0,0.0,0.0,0.0,0,0,100,19907.83529660008,19907.83529660008,20645.83529660008,23988.0,23988.0,24808.0,-4162.164703399922,1380.287734409921
2023-06-14,827.8352966000784,0,900,900,0.0,0.0,0.0,0.0,0,0,100,20402.83529660008,20402.83529660008,21338.83529660008,24538.0,24538.0,25578.0,-4239.164703399922,1457.3270047949213
2023-06-15,827.8352966000784,0,900,900,0.0,0.0,0.0,0.0,0,0,100,21167.83529660008,21167.83529660008,21203.83529660008,25388.0,25388.0,25428.0,-4224.164703399922,1442.3193547199216
2023-06-16,827.8352966000784,0,900,900,0.0,0.0,0.0,0.0,0,0,100,21203.83529660008,21203.83529660008,22481.83529660008,25428.0,25428.0,26848.0,-4366.164703399922,1584.3917754299214
2023-06-19,827.8352966000784,0,900,900,0.0,0.0,0.0,0.0,0,0,100,22877.83529660008,22877.83529660008,24641.83529660008,27288.0,27288.0,29248.0,-4606.164703399922,1824.5141766299216
2023-06-20,827.8352966000784,0,900,900,0.0,0.0,0.0,0.0,0,0,100,24110.83529660008,24110.83529660008,24254.83529660008,28658.0,28658.0,28818.0,-4563.164703399922,1781.4922464149217
2023-06-21,827.8352966000784,0,900,900,0.0,0.0,0.0,0.0,0,0,100,23777.83529660008,23777.83529660008,22877.83529660008,28288.0,28288.0,27288.0,-4410.164703399922,1628.4142156499215
2023-06-26,827.8352966000784,0,900,900,0.0,0.0,0.0,0.0,0,0,100,22337.83529660008,22337.83529660008,21608.83529660008,26688.0,26688.0,25878.0,-4269.164703399922,1487.3423049449216
2023-06-27,827.8352966000784,0,900,900,0.0,0.0,0.0,0.0,0,0,100,21896.83529660008,21896.83529660008,21536.83529660008,26198.0,26198.0,25798.0,-4261.164703399922,1479.3382249049214
2023-06-28,827.8352966000784,0,900,900,0.0,0.0,0.0,0.0,0,0,100,20618.83529660008,20618.83529660008,21509.83529660008,24778.0,24778.0,25768.0,-4258.164703399922,1476.3366948899215
2023-06-29,827.8352966000784,0,900,900,0.0,0.0,0.0,0.0,0,0,100,21536.83529660008,21536.83529660008,22247.83529660008,25798.0,25798.0,26588.0,-4340.164703399922,1558.3785152999217
2023-06-30,827.8352966000784,0,900,900,0.0,0.0,0.0,0.0,0,0,100,22022.83529660008,22022.83529660008,23507.83529660008,26338.0,26338.0,27988.0,-4480.164703399922,1698.4499159999214
2023-07-03,827.8352966000784,0,900,900,0.0,0.0,0.0,0.0,0,0,100,23687.83529660008,23687.83529660008,22760.83529660008,28188.0,28188.0,27158.0,-4397.164703399922,1615.4075855849214
2023-07-04,827.8352966000784,0,900,900,0.0,0.0,0.0,0.0,0,0,100,22427.83529660008,22427.83529660008,22949.83529660008,26788.0,26788.0,27368.0,-4418.164703399922,1636.4182956899213
2023-07-05,827.8352966000784,0,900,900,0.0,0.0,0.0,0.0,0,0,100,22697.83529660008,22697.83529660008,22301.83529660008,27088.0,27088.0,26648.0,-4346.164703399922,1564.3815753299214
2023-07-06,827.8352966000784,0,900,900,0.0,0.0,0.0,0.0,0,0,100,22067.83529660008,22067.83529660008,22319.83529660008,26388.0,26388.0,26668.0,-4348.164703399922,1566.3825953399214
2023-07-07,827.8352966000784,0,900,900,0.0,0.0,0.0,0.0,0,0,100,22247.83529660008,22247.83529660008,22121.83529660008,26588.0,26588.0,26448.0,-4326.164703399922,1544.3713752299213
2023-07-10,827.8352966000784,0,900,900,0.0,0.0,0.0,0.0,0,0,100,22427.83529660008,22427.83529660008,22247.83529660008,26788.0,26788.0,26588.0,-4340.164703399922,1558.3785152999217
2023-07-11,827.8352966000784,0,900,900,0.0,0.0,0.0,0.0,0,0,100,22427.83529660008,22427.83529660008,22643.83529660008,26788.0,26788.0,27028.0,-4384.164703399922,1602.4009555199214
2023-07-12,827.8352966000784,0,900,900,0.0,0.0,0.0,0.0,0,0,100,22427.83529660008,22427.83529660008,21104.83529660008,26788.0,26788.0,25318.0,-4213.164703399922,1431.3137446649216
2023-07-13,827.8352966000784,0,900,900,0.0,0.0,0.0,0.0,0,0,100,21509.83529660008,21509.83529660008,23129.83529660008,25768.0,25768.0,27568.0,-4438.164703399922,1656.4284957899217
2023-07-14,827.8352966000784,0,900,900,0.0,0.0,0.0,0.0,0,0,100,23966.83529660008,23966.83529660008,25361.83529660008,28498.0,28498.0,30048.0,-4686.164703399922,1904.5549770299212
2023-07-17,827.8352966000784,0,900,900,0.0,0.0,0.0,0.0,0,0,100,25028.83529660008,25028.83529660008,24326.83529660008,29678.0,29678.0,28898.0,-4571.164703399922,1789.4963264549215
2023-07-18,827.8352966000784,0,900,900,0.0,0.0,0.0,0.0,0,0,100,24299.83529660008,24299.83529660008,23804.83529660008,28868.0,28868.0,28318.0,-4513.164703399922,1731.4667461649215
2023-07-19,827.8352966000784,0,900,900,0.0,0.0,0.0,0.0,0,0,100,24155.83529660008,24155.83529660008,23408.83529660008,28708.0,28708.0,27878.0,-4469.164703399922,1687.4443059449218
2023-07-20,827.8352966000784,0,900,900,0.0,0.0,0.0,0.0,0,0,100,23237.83529660008,23237.83529660008,21752.83529660008,27688.0,27688.0,26038.0,-4285.164703399922,1503.3504650249215
2023-07-21,827.8352966000784,0,900,900,0.0,0.0,0.0,0.0,0,0,100,21563.83529660008,21563.83529660008,21563.83529660008,25828.0,25828.0,25828.0,-4264.164703399922,1482.3397549199217
2023-07-24,827.8352966000784,0,900,900,0.0,0.0,0.0,0.0,0,0,100,21338.83529660008,21338.83529660008,22121.83529660008,25578.0,25578.0,26448.0,-4326.164703399922,1544.3713752299213
2023-07-25,827.8352966000784,0,900,900,0.0,0.0,0.0,0.0,0,0,100,22472.83529660008,22472.83529660008,22427.83529660008,26838.0,26838.0,26788.0,-4360.164703399922,1578.3887153999212
2023-07-26,827.8352966000784,0,900,900,0.0,0.0,0.0,0.0,0,0,100,21977.83529660008,21977.83529660008,21752.83529660008,26288.0,26288.0,26038.0,-4285.164703399922,1503.3504650249215
2023-07-27,827.8352966000784,0,900,900,0.0,0.0,0.0,0.0,0,0,100,21644.83529660008,21644.83529660008,21239.83529660008,25918.0,25918.0,25468.0,-4228.164703399922,1446.3213947399217
2023-07-28,1322.8352966000784,0,900,900,49.50000000000001,0.0,0.0,495.00000000000006,0,0,100,21343.33529660008,21343.33529660008,21307.33529660008,25638.0,25638.0,25598.0,-4290.664703399922,958.7999745299212
2023-07-31,1322.8352966000784,0,900,900,49.50000000000001,0.0,0.0,0.0,0,0,100,21298.33529660008,21298.33529660008,21370.33529660008,25588.0,25588.0,25668.0,-4297.664703399922,965.8035445649216
2023-08-01,1322.8352966000784,0,900,900,49.50000000000001,0.0,0.0,0.0,0,0,100,21253.33529660008,21253.33529660008,21676.33529660008,25538.0,25538.0,26008.0,-4331.664703399922,999.8208847349215
2023-08-02,1322.8352966000784,0,900,900,49.50000000000001,0.0,0.0,0.0,0,0,100,21298.33529660008,21298.33529660008,21361.33529660008,25588.0,25588.0,25658.0,-4296.664703399922,964.8030345599213
2023-08-03,1322.8352966000784,0,900,900,49.50000000000001,0.0,0.0,0.0,0,0,100,20947.33529660008,20947.33529660008,21523.33529660008,25198.0,25198.0,25838.0,-4314.664703399922,982.8122146499218
2023-08-04,1322.8352966000784,0,900,900,49.50000000000001,0.0,0.0,0.0,0,0,100,21163.33529660008,21163.33529660008,22666.33529660008,25438.0,25438.0,27108.0,-4441.664703399922,1109.8769852849214
2023-08-07,1322.8352966000784,0,900,900,49.50000000000001,0.0,0.0,0.0,0,0,100,22603.33529660008,22603.33529660008,23755.33529660008,27038.0,27038.0,28318.0,-4562.664703399922,1230.9386958899213
2023-08-08,1322.8352966000784,0,900,900,49.50000000000001,0.0,0.0,0.0,0,0,100,23413.33529660008,23413.33529660008,23035.33529660008,27938.0,27938.0,27518.0,-4482.664703399922,1150.8978954899212
2023-08-09,1322.8352966000784,0,900,900,49.50000000000001,0.0,0.0,0.0,0,0,100,22243.33529660008,22243.33529660008,21298.33529660008,26638.0,26638.0,25588.0,-4289.664703399922,957.7994645249214
2023-08-10,1322.8352966000784,0,900,900,49.50000000000001,0.0,0.0,0.0,0,0,100,21064.33529660008,21064.33529660008,20623.33529660008,25328.0,25328.0,24838.0,-4214.664703399922,882.7612141499212
2023-08-11,1322.8352966000784,0,900,900,49.50000000000001,0.0,0.0,0.0,0,0,100,20821.33529660008,20821.33529660008,20623.33529660008,25058.0,25058.0,24838.0,-4214.664703399922,882.7612141499212
2023-08-14,1322.8352966000784,0,900,900,49.50000000000001,0.0,0.0,0.0,0,0,100,20254.33529660008,20254.33529660008,20533.33529660008,24428.0,24428.0,24738.0,-4204.664703399922,872.7561140999214
2023-08-15,1322.8352966000784,0,900,900,49.50000000000001,0.0,0.0,0.0,0,0,100,21109.33529660008,21109.33529660008,20524.33529660008,25378.0,25378.0,24728.0,-4203.664703399922,871.7556040949216
2023-08-16,1322.8352966000784,0,900,900,49.50000000000001,0.0,0.0,0.0,0,0,100,20173.33529660008,20173.33529660008,20074.33529660008,24338.0,24338.0,24228.0,-4153.664703399922,821.7301038449214
2023-08-17,1322.8352966000784,0,900,900,49.50000000000001,0.0,0.0,0.0,0,0,100,19570.33529660008,19570.33529660008,20092.33529660008,23668.0,23668.0,24248.0,-4155.664703399922,823.7311238549214
2023-08-18,1322.8352966000784,0,900,900,49.50000000000001,0.0,0.0,0.0,0,0,100,20074.33529660008,20074.33529660008,19363.33529660008,24228.0,24228.0,23438.0,-4074.6647033999216,742.6898134499218
2023-08-21,1322.8352966000784,0,900,900,49.50000000000001,0.0,0.0,0.0,0,0,100,19408.33529660008,19408.33529660008,19642.33529660008,23488.0,23488.0,23748.0,-4105.664703399922,773.7056236049214
2023-08-22,1322.8352966000784,0,900,900,49.50000000000001,0.0,0.0,0.0,0,0,100,20353.33529660008,20353.33529660008,21478.33529660008,24538.0,24538.0,25788.0,-4309.664703399922,977.8096646249214
2023-08-23,1322.8352966000784,0,900,900,49.50000000000001,0.0,0.0,0.0,0,0,100,21226.33529660008,21226.33529660008,20479.33529660008,25508.0,25508.0,24678.0,-4198.664703399922,866.7530540699217
2023-08-24,1322.8352966000784,0,900,900,49.50000000000001,0.0,0.0,0.0,0,0,100,21523.33529660008,21523.33529660008,21460.33529660008,25838.0,25838.0,25768.0,-4307.664703399922,975.8086446149214
2023-08-25,1322.8352966000784,0,900,900,49.50000000000001,0.0,0.0,0.0,0,0,100,20353.33529660008,20353.33529660008,19561.33529660008,24538.0,24538.0,23658.0,-4096.664703399922,764.7010335599214
2023-08-28,1322.8352966000784,0,900,900,49.50000000000001,0.0,0.0,0.0,0,0,100,20560.33529660008,20560.33529660008,19885.33529660008,24768.0,24768.0,24018.0,-4132.664703399922,800.7193937399215
2023-08-29,1322.8352966000784,0,900,900,49.50000000000001,0.0,0.0,0.0,0,0,100,19768.33529660008,19768.33529660008,20704.33529660008,23888.0,23888.0,24928.0,-4223.664703399922,891.7658041949212
2023-08-30,1322.8352966000784,0,900,900,49.50000000000001,0.0,0.0,0.0,0,0,100,20974.33529660008,20974.33529660008,20893.33529660008,25228.0,25228.0,25138.0,-4244.664703399922,912.7765142999215
2023-08-31,1322.8352966000784,0,900,900,49.50000000000001,0.0,0.0,0.0,0,0,100,20677.33529660008,20677.33529660008,20992.33529660008,24898.0,24898.0,25248.0,-4255.664703399922,923.7821243549215
2023-09-01,1322.8352966000784,0,900,900,49.50000000000001,0.0,0.0,0.0,0,0,100,20884.33529660008,20884.33529660008,20398.33529660008,25128.0,25128.0,24588.0,-4189.664703399922,857.7484640249218
2023-09-04,1322.8352966000784,0,900,900,49.50000000000001,0.0,0.0,0.0,0,0,100,20533.33529660008,20533.33529660008,20164.33529660008,24738.0,24738.0,24328.0,-4163.664703399922,831.7352038949216
2023-09-05,1322.8352966000784,0,900,900,49.50000000000001,0.0,0.0,0.0,0,0,100,19966.33529660008,19966.33529660008,19552.33529660008,24108.0,24108.0,23648.0,-4095.6647033999216,763.7005235549213
2023-09-06,1322.8352966000784,0,900,900,49.50000000000001,0.0,0.0,0.0,0,0,100,19345.33529660008,19345.33529660008,19471.33529660008,23418.0,23418.0,23558.0,-4086.6647033999216,754.6959335099216
2023-09-07,1322.8352966000784,0,900,900,49.50000000000001,0.0,0.0,0.0,0,0,100,19255.33529660008,19255.33529660008,18553.33529660008,23318.0,23318.0,22538.0,-3984.6647033999216,652.6439129999214
2023-09-08,1322.8352966000784,0,900,900,49.50000000000001,0.0,0.0,0.0,0,0,100,18382.33529660008,18382.33529660008,18445.33529660008,22348.0,22348.0,22418.0,-3972.6647033999216,640.6377929399214
2023-09-11,1322.8352966000784,0,900,900,49.50000000000001,0.0,0.0,0.0,0,0,100,18373.33529660008,18373.33529660008,18787.33529660008,22338.0,22338.0,22798.0,-4010.6647033999216,678.6571731299216
2023-09-12,1322.8352966000784,0,900,900,49.50000000000001,0.0,0.0,0.0,0,0,100,18544.33529660008,18544.33529660008,18625.33529660008,22528.0,22528.0,22618.0,-3992.6647033999216,660.6479930399214
2023-09-13,1322.8352966000784,0,900,900,49.50000000000001,0.0,0.0,0.0,0,0,100,18517.33529660008,18517.33529660008,18247.33529660008,22498.0,22498.0,22198.0,-3950.6647033999216,618.6265728299215
2023-09-14,1322.8352966000784,0,900,900,49.50000000000001,0.0,0.0,0.0,0,0,100,18355.33529660008,18355.33529660008,18004.33529660008,22318.0,22318.0,21928.0,-3923.6647033999216,591.6128026949216
2023-09-15,1322.8352966000784,0,900,900,49.50000000000001,0.0,0.0,0.0,0,0,100,18040.33529660008,18040.33529660008,17590.33529660008,21968.0,21968.0,21468.0,-3877.6647033999216,545.5893424649214
2023-09-18,1322.8352966000784,0,900,900,49.50000000000001,0.0,0.0,0.0,0,0,100,17545.335296600075,17545.335296600075,17743.33529660008,21418.0,21418.0,21638.0,-3894.6647033999216,562.5980125499216
2023-09-19,1322.8352966000784,0,900,900,49.50000000000001,0.0,0.0,0.0,0,0,100,17761.33529660008,17761.33529660008,17905.33529660008,21658.0,21658.0,21818.0,-3912.6647033999216,580.6071926399215
2023-09-20,1322.8352966000784,0,900,900,49.50000000000001,0.0,0.0,0.0,0,0,100,17914.33529660008,17914.33529660008,17833.33529660008,21828.0,21828.0,21738.0,-3904.6647033999216,572.6031125999211
2023-09-21,1322.8352966000784,0,900,900,49.50000000000001,0.0,0.0,0.0,0,0,100,17707.33529660008,17707.33529660008,17752.33529660008,21598.0,21598.0,21648.0,-3895.6647033999216,563.5985225549211
2023-09-22,1322.8352966000784,0,900,900,49.50000000000001,0.0,0.0,0.0,0,0,100,17743.33529660008,17743.33529660008,19219.33529660008,21638.0,21638.0,23278.0,-4058.6647033999216,726.6816533699216
2023-09-25,1322.8352966000784,0,900,900,49.50000000000001,0.0,0.0,0.0,0,0,100,19057.33529660008,19057.33529660008,18634.33529660008,23098.0,23098.0,22628.0,-3993.6647033999216,661.6485030449214
2023-09-26,1322.8352966000784,0,900,900,49.50000000000001,0.0,0.0,0.0,0,0,100,18814.33529660008,18814.33529660008,19030.33529660008,22828.0,22828.0,23068.0,-4037.6647033999216,705.6709432649216
2023-09-27,1322.8352966000784,0,900,900,49.50000000000001,0.0,0.0,0.0,0,0,100,18913.33529660008,18913.33529660008,19093.33529660008,22938.0,22938.0,23138.0,-4044.6647033999216,712.6745132999213
2023-09-28,1322.8352966000784,0,900,900,49.50000000000001,0.0,0.0,0.0,0,0,100,19300.33529660008,19300.33529660008,19003.33529660008,23368.0,23368.0,23038.0,-4034.6647033999216,702.6694132499215
2023-10-09,1322.8352966000784,0,900,900,49.50000000000001,0.0,0.0,0.0,0,0,100,18796.33529660008,18796.33529660008,18607.33529660008,22808.0,22808.0,22598.0,-3990.6647033999216,658.6469730299218
2023-10-10,1322.8352966000784,0,900,900,49.50000000000001,0.0,0.0,0.0,0,0,100,18580.33529660008,18580.33529660008,18247.33529660008,22568.0,22568.0,22198.0,-3950.6647033999216,618.6265728299215
2023-10-11,1322.8352966000784,0,900,900,49.50000000000001,0.0,0.0,0.0,0,0,100,18517.33529660008,18517.33529660008,18526.33529660008,22498.0,22498.0,22508.0,-3981.6647033999216,649.6423829849218
2023-10-12,1322.8352966000784,0,900,900,49.50000000000001,0.0,0.0,0.0,0,0,100,18733.33529660008,18733.33529660008,18148.33529660008,22738.0,22738.0,22088.0,-3939.6647033999216,607.6209627749215
2023-10-13,1322.8352966000784,0,900,900,49.50000000000001,0.0,0.0,0.0,0,0,100,18022.33529660008,18022.33529660008,17365.33529660008,21948.0,21948.0,21218.0,-3852.6647033999216,520.5765923399215
2023-10-16,1322.8352966000784,0,900,900,49.50000000000001,0.0,0.0,0.0,0,0,100,17374.33529660008,17374.33529660008,16951.335296600082,21228.0,21228.0,20758.0,-3806.664703399918,474.55313210992176
2023-10-17,1322.8352966000784,0,900,900,49.50000000000001,0.0,0.0,0.0,0,0,100,17041.33529660008,17041.33529660008,16825.335296600082,20858.0,20858.0,20618.0,-3792.664703399918,460.54599203992143
2023-10-18,1322.8352966000784,0,900,900,49.50000000000001,0.0,0.0,0.0,0,0,100,16213.33529660008,16213.33529660008,16501.335296600082,19938.0,19938.0,20258.0,-3756.664703399918,424.5276318599217
2023-10-19,1322.8352966000784,0,900,900,49.50000000000001,0.0,0.0,0.0,0,0,100,16195.335296600077,16195.335296600077,16150.33529660008,19918.0,19918.0,19868.0,-3717.6647033999197,385.50774166492147
2023-10-20,1322.8352966000784,0,900,900,49.50000000000001,0.0,0.0,0.0,0,0,100,16177.335296600077,16177.335296600077,15826.33529660008,19898.0,19898.0,19508.0,-3681.6647033999197,349.48938148492175
2023-10-23,1322.8352966000784,0,900,900,49.50000000000001,0.0,0.0,0.0,0,0,100,14368.335296600078,14368.335296600078,14368.335296600078,17888.0,17888.0,17888.0,-3519.6647033999216,187.40676067492154
2023-10-24,1322.8352966000784,0,900,900,49.50000000000001,0.0,0.0,0.0,0,0,100,13252.335296600078,13252.335296600078,13657.335296600078,16648.0,16648.0,17098.0,-3440.6647033999216,108.36647027992149
2023-10-25,1322.8352966000784,0,900,900,49.50000000000001,0.0,0.0,0.0,0,0,100,13711.335296600078,13711.335296600078,13459.335296600078,17158.0,17158.0,16878.0,-3418.6647033999216,86.35525016992142
2023-10-26,1322.8352966000784,0,900,900,49.50000000000001,0.0,0.0,0.0,0,0,100,13333.335296600078,13333.335296600078,13720.335296600078,16738.0,16738.0,17168.0,-3447.6647033999216,115.37004031492143
2023-10-27,1322.8352966000784,0,900,900,49.50000000000001,0.0,0.0,0.0,0,0,100,13720.335296600078,13720.335296600078,13936.335296600078,17168.0,17168.0,17408.0,-3471.6647033999216,139.3822804349213
2023-10-30,1322.8352966000784,0,900,900,49.50000000000001,0.0,0.0,0.0,0,0,100,13936.335296600078,13936.335296600078,14413.335296600078,17408.0,17408.0,17938.0,-3524.6647033999216,192.40931069992166
2023-10-31,1322.8352966000784,0,900,900,49.50000000000001,0.0,0.0,0.0,0,0,100,14611.335296600078,14611.335296600078,14521.335296600078,18158.0,18158.0,18058.0,-3536.6647033999216,204.4154307599215
2023-11-01,1322.8352966000784,0,900,900,49.50000000000001,0.0,0.0,0.0,0,0,100,14557.335296600078,14557.335296600078,14350.335296600078,18098.0,18098.0,17868.0,-3517.6647033999216,185.4057406649215
2023-11-02,1322.8352966000784,0,900,900,49.50000000000001,0.0,0.0,0.0,0,0,100,14665.335296600078,14665.335296600078,14413.335296600078,18218.0,18218.0,17938.0,-3524.6647033999216,192.40931069992166
2023-11-03,1322.8352966000784,0,900,900,49.50000000000001,0.0,0.0,0.0,0,0,100,14485.335296600078,14485.335296600078,14548.335296600078,18018.0,18018.0,18088.0,-3539.6647033999216,207.41696077492156
2023-11-06,1322.8352966000784,0,900,900,49.50000000000001,0.0,0.0,0.0,0,0,100,14701.335296600078,14701.335296600078,14746.335296600078,18258.0,18258.0,18308.0,-3561.6647033999216,229.4281808849214
2023-11-07,1322.8352966000784,0,900,900,49.50000000000001,0.0,0.0,0.0,0,0,100,14746.335296600078,14746.335296600078,15124.335296600078,18308.0,18308.0,18728.0,-3603.6647033999216,271.4496010949215
2023-11-08,1322.8352966000784,0,900,900,49.50000000000001,0.0,0.0,0.0,0,0,100,15088.335296600078,15088.335296600078,15043.335296600078,18688.0,18688.0,18638.0,-3594.6647033999216,262.4450110499215
2023-11-09,1322.8352966000784,0,900,900,49.50000000000001,0.0,0.0,0.0,0,0,100,15223.335296600078,15223.335296600078,15304.335296600078,18838.0,18838.0,18928.0,-3623.6647033999216,291.4598011949215
2023-11-10,1322.8352966000784,0,900,900,49.50000000000001,0.0,0.0,0.0,0,0,100,15133.335296600078,15133.335296600078,15142.335296600078,18738.0,18738.0,18748.0,-3605.6647033999216,273.4506211049213
2023-11-13,1322.8352966000784,0,900,900,0.0,0.0,0.0,0.0,0,0,100,15407.835296600078,15407.835296600078,15821.835296600078,18988.0,18988.0,19448.0,-3626.1647033999216,293.9863214549216
2023-11-14,1322.8352966000784,0,900,900,0.0,0.0,0.0,0.0,0,0,100,15857.835296600077,15857.835296600077,16055.835296600078,19488.0,19488.0,19708.0,-3652.1647033999216,319.9995815849213
2023-11-15,1322.8352966000784,0,900,900,0.0,0.0,0.0,0.0,0,0,100,16154.835296600078,16154.835296600078,16091.835296600078,19818.0,19818.0,19748.0,-3656.1647033999216,324.0016216049214
2023-11-16,1322.8352966000784,0,900,900,0.0,0.0,0.0,0.0,0,0,100,15902.835296600078,15902.835296600078,15668.835296600078,19538.0,19538.0,19278.0,-3609.1647033999216,276.97765136992166
2023-11-17,1322.8352966000784,0,900,900,0.0,0.0,0.0,0.0,0,0,100,15605.835296600078,15605.835296600078,16037.83529660008,19208.0,19208.0,19688.0,-3650.1647033999197,317.9985615749217
2023-11-20,1322.8352966000784,0,900,900,0.0,0.0,0.0,0.0,0,0,100,15983.835296600078,15983.835296600078,15830.835296600078,19628.0,19628.0,19458.0,-3627.1647033999216,294.9868314599214
2023-11-21,1322.8352966000784,0,900,900,0.0,0.0,0.0,0.0,0,0,100,15893.83529660008,15893.83529660008,15686.835296600078,19528.0,19528.0,19298.0,-3611.1647033999216,278.9786713799215
2023-11-22,1322.8352966000784,0,900,900,0.0,0.0,0.0,0.0,0,0,100,15632.835296600078,15632.835296600078,15335.835296600078,19238.0,19238.0,18908.0,-3572.1647033999216,239.95878118492146
2023-11-23,1322.8352966000784,0,900,900,0.0,0.0,0.0,0.0,0,0,100,15479.835296600078,15479.835296600078,15470.835296600078,19068.0,19068.0,19058.0,-3587.1647033999216,254.96643125992136
2023-11-24,1322.8352966000784,0,900,900,0.0,0.0,0.0,0.0,0,0,100,15542.835296600078,15542.835296600078,15182.835296600078,19138.0,19138.0,18738.0,-3555.1647033999216,222.95011109992151
2023-11-27,1322.8352966000784,0,900,900,0.0,0.0,0.0,0.0,0,0,100,14912.835296600078,14912.835296600078,14723.835296600078,18438.0,18438.0,18228.0,-3504.1647033999216,171.92410084492167
2023-11-28,1322.8352966000784,0,900,900,0.0,0.0,0.0,0.0,0,0,100,14615.835296600078,14615.835296600078,14957.835296600078,18108.0,18108.0,18488.0,-3530.1647033999216,197.9373609749216
2023-11-29,1322.8352966000784,0,900,900,0.0,0.0,0.0,0.0,0,0,100,14957.835296600078,14957.835296600078,14777.835296600078,18488.0,18488.0,18288.0,-3510.1647033999216,177.92716087492158
2023-11-30,1322.8352966000784,0,900,900,0.0,0.0,0.0,0.0,0,0,100,14894.835296600078,14894.835296600078,14912.835296600078,18418.0,18418.0,18438.0,-3525.1647033999216,192.93481094992148
2023-12-01,1322.8352966000784,0,900,900,0.0,0.0,0.0,0.0,0,0,100,14867.835296600078,14867.835296600078,14957.835296600078,18388.0,18388.0,18488.0,-3530.1647033999216,197.9373609749216
2023-12-04,1322.8352966000784,0,900,900,0.0,0.0,0.0,0.0,0,0,100,15011.835296600078,15011.835296600078,14624.835296600078,18548.0,18548.0,18118.0,-3493.1647033999216,160.9184907899214
2023-12-05,1322.8352966000784,0,900,900,0.0,0.0,0.0,0.0,0,0,100,14597.835296600078,14597.835296600078,14057.835296600078,18088.0,18088.0,17488.0,-3430.1647033999216,97.8863604749215
2023-12-06,1322.8352966000784,0,900,900,0.0,0.0,0.0,0.0,0,0,100,14048.835296600078,14048.835296600078,14147.835296600078,17478.0,17478.0,17588.0,-3440.1647033999216,107.89146052492151
2023-12-07,1322.8352966000784,0,900,900,0.0,0.0,0.0,0.0,0,0,100,14264.835296600078,14264.835296600078,14219.835296600078,17718.0,17718.0,17668.0,-3448.1647033999216,115.89554056492148
2023-12-08,1322.8352966000784,0,900,900,0.0,0.0,0.0,0.0,0,0,100,14246.835296600078,14246.835296600078,15506.835296600078,17698.0,17698.0,19098.0,-3591.1647033999216,258.9684712799217
2023-12-11,1322.8352966000784,0,900,900,0.0,0.0,0.0,0.0,0,0,100,15515.835296600078,15515.835296600078,15353.835296600078,19108.0,19108.0,18928.0,-3574.1647033999216,241.9598011949215
2023-12-12,1322.8352966000784,0,900,900,0.0,0.0,0.0,0.0,0,0,100,15371.835296600078,15371.835296600078,15056.835296600078,18948.0,18948.0,18598.0,-3541.1647033999216,208.9429710299214
2023-12-13,1322.8352966000784,0,900,900,0.0,0.0,0.0,0.0,0,0,100,15056.835296600078,15056.835296600078,14894.835296600078,18598.0,18598.0,18418.0,-3523.1647033999216,190.93379093992144
2023-12-14,1322.8352966000784,0,900,900,0.0,0.0,0.0,0.0,0,0,100,14984.835296600078,14984.835296600078,14822.835296600078,18518.0,18518.0,18338.0,-3515.1647033999216,182.92971089992147
2023-12-15,1322.8352966000784,0,900,900,0.0,0.0,0.0,0.0,0,0,100,14912.835296600078,14912.835296600078,14624.835296600078,18438.0,18438.0,18118.0,-3493.1647033999216,160.9184907899214
2023-12-18,1322.8352966000784,0,900,900,0.0,0.0,0.0,0.0,0,0,100,14624.835296600078,14624.835296600078,14849.835296600078,18118.0,18118.0,18368.0,-3518.1647033999216,185.93124091492132
2023-12-19,1322.8352966000784,0,900,900,0.0,0.0,0.0,0.0,0,0,100,14786.835296600078,14786.835296600078,14975.835296600078,18298.0,18298.0,18508.0,-3532.1647033999216,199.93838098492142
2023-12-20,1322.8352966000784,0,900,900,0.0,0.0,0.0,0.0,0,0,100,14975.835296600078,14975.835296600078,14417.835296600078,18508.0,18508.0,17888.0,-3470.1647033999216,137.90676067492154
2023-12-21,1322.8352966000784,0,900,900,0.0,0.0,0.0,0.0,0,0,100,14417.835296600078,14417.835296600078,14435.835296600078,17888.0,17888.0,17908.0,-3472.1647033999216,139.9077806849216
2023-12-22,1322.8352966000784,0,900,900,0.0,0.0,0.0,0.0,0,0,100,14381.835296600078,14381.835296600078,14210.835296600078,17848.0,17848.0,17658.0,-3447.1647033999216,114.89503055992145
2023-12-25,1322.8352966000784,0,900,900,0.0,0.0,0.0,0.0,0,0,100,14102.835296600078,14102.835296600078,14111.835296600078,17538.0,17538.0,17548.0,-3436.1647033999216,103.88942050492142
2023-12-26,1322.8352966000784,0,900,900,0.0,0.0,0.0,0.0,0,0,100,14030.835296600078,14030.835296600078,13805.835296600078,17458.0,17458.0,17208.0,-3402.1647033999216,69.87208033492152
2023-12-27,1322.8352966000784,0,900,900,0.0,0.0,0.0,0.0,0,0,100,13877.835296600078,13877.835296600078,13859.835296600078,17288.0,17288.0,17268.0,-3408.1647033999216,75.87514036492166
2023-12-28,1322.8352966000784,0,900,900,0.0,0.0,0.0,0.0,0,0,100,14093.835296600078,14093.835296600078,14642.835296600078,17528.0,17528.0,18138.0,-3495.1647033999216,162.91951079992168
2023-12-29,1322.8352966000784,0,900,900,0.0,0.0,0.0,0.0,0,0,100,14642.835296600078,14642.835296600078,14930.835296600078,18138.0,18138.0,18458.0,-3527.1647033999216,194.93583095992153
2024-01-02,1322.8352966000784,0,900,900,0.0,0.0,0.0,0.0,0,0,100,14822.835296600078,14822.835296600078,14102.835296600078,18338.0,18338.0,17538.0,-3435.1647033999216,102.8889104999214
2024-01-03,1322.8352966000784,0,900,900,0.0,0.0,0.0,0.0,0,0,100,14021.835296600078,14021.835296600078,13814.835296600078,17448.0,17448.0,17218.0,-3403.1647033999216,70.87259033992154
2024-01-04,1322.8352966000784,0,900,900,0.0,0.0,0.0,0.0,0,0,100,13724.835296600078,13724.835296600078,13445.835296600078,17118.0,17118.0,16808.0,-3362.1647033999216,29.85168013492148
2024-01-05,1322.8352966000784,0,900,900,0.0,0.0,0.0,0.0,0,0,100,13427.835296600078,13427.835296600078,13292.835296600078,16788.0,16788.0,16638.0,-3345.1647033999216,12.843010049921531
2024-01-08,1.1641300200785736,0,1000,1000,0.0,5.01316658,0.0,0.0,100,0,0,13238.835296600078,13161.164130020079,13081.164130020079,16578.0,16498.0,16418.0,-3336.835869979921,0.0
2024-01-09,13172.84559347008,0,0,0,0.0,11.72353655,0.0,0.0,0,1000,0,13331.164130020079,13331.164130020079,13172.84559347008,16668.0,16668.0,16528.0,-3355.1544065299204,28.881372479920174
2024-01-10,81.17472807008016,0,1000,1000,0.0,5.1308654,0.0,0.0,1000,0,0,13172.84559347008,13161.17472807008,12991.17472807008,16418.0,16418.0,16248.0,-3256.82527192992,0.0
2024-01-11,81.17472807008016,0,1000,1000,0.0,0.0,0.0,0.0,0,0,0,13041.17472807008,13041.17472807008,13231.17472807008,16298.0,16298.0,16488.0,-3256.82527192992,0.0
2024-01-12,81.17472807008016,0,1000,1000,0.0,0.0,0.0,0.0,0,0,0,13081.17472807008,13081.17472807008,12941.17472807008,16338.0,16338.0,16198.0,-3256.82527192992,0.0
2024-01-15,12783.330771670082,0,0,0,0.0,11.4839564,0.0,0.0,0,1000,0,12881.17472807008,12881.17472807008,12783.330771670082,16138.0,16138.0,16058.0,-3274.669228329918,0.0
2024-01-16,131.88430847008203,0,1000,1000,0.0,5.1264632,0.0,0.0,1000,0,0,12783.330771670082,12771.884308470082,13041.884308470082,15978.0,15978.0,16248.0,-3206.115691529918,0.0
2024-01-17,131.88430847008203,0,1000,1000,0.0,0.0,0.0,0.0,0,0,0,13001.884308470082,13001.884308470082,12811.884308470082,16208.0,16208.0,16018.0,-3206.115691529918,0.0
2024-01-18,131.88430847008203,0,1000,1000,0.0,0.0,0.0,0.0,0,0,0,12811.884308470082,12811.884308470082,13841.884308470082,16018.0,16018.0,17048.0,-3206.115691529918,0.0
2024-01-19,131.88430847008203,0,1000,1000,0.0,0.0,0.0,0.0,0,0,0,13971.884308470082,13971.884308470082,14331.884308470082,17178.0,17178.0,17538.0,-3206.115691529918,0.0
2024-01-22,131.88430847008203,0,1000,1000,0.0,0.0,0.0,0.0,0,0,0,14841.884308470082,14841.884308470082,14531.884308470082,18048.0,18048.0,17738.0,-3206.115691529918,0.0
2024-01-23,131.88430847008203,0,1000,1000,0.0,0.0,0.0,0.0,0,0,0,14181.884308470082,14181.884308470082,14631.884308470082,17388.0,17388.0,17838.0,-3206.115691529918,0.0
2024-01-24,131.88430847008203,0,1000,1000,0.0,0.0,0.0,0.0,0,0,0,14751.884308470082,14751.884308470082,14631.884308470082,17958.0,17958.0,17838.0,-3206.115691529918,0.0
2024-01-25,131.88430847008203,0,1000,1000,0.0,0.0,0.0,0.0,0,0,0,14581.884308470082,14581.884308470082,15211.884308470082,17788.0,17788.0,18418.0,-3206.115691529918,0.0
2024-01-26,131.88430847008203,0,1000,1000,0.0,0.0,0.0,0.0,0,0,0,14961.884308470082,14961.884308470082,14541.884308470082,18168.0,18168.0,17748.0,-3206.115691529918,0.0
2024-01-29,131.88430847008203,0,1000,1000,0.0,0.0,0.0,0.0,0,0,0,14351.884308470082,14351.884308470082,13721.884308470082,17558.0,17558.0,16928.0,-3206.115691529918,0.0
2024-01-30,131.88430847008203,0,1000,1000,0.0,0.0,0.0,0.0,0,0,0,13681.884308470082,13681.884308470082,13631.884308470082,16888.0,16888.0,16838.0,-3206.115691529918,0.0
2024-01-31,13423.444602520083,0,0,0,0.0,11.784705950000001,0.0,0.0,0,1000,0,13431.884308470082,13431.884308470082,13423.444602520083,16638.0,16638.0,16648.0,-3224.555397479917,0.0
2024-02-01,281.74823687008393,0,1000,1000,0.0,5.13136565,0.0,0.0,1000,0,0,13423.444602520083,13411.748236870084,14841.748236870084,16468.0,16468.0,17898.0,-3056.251763129916,0.0
2024-02-02,281.74823687008393,0,1000,1000,0.0,0.0,0.0,0.0,0,0,0,14821.748236870084,14821.748236870084,14201.748236870084,17878.0,17878.0,17258.0,-3056.251763129916,0.0
2024-02-05,281.74823687008393,0,1000,1000,0.0,0.0,0.0,0.0,0,0,0,14161.748236870084,14161.748236870084,15051.748236870084,17218.0,17218.0,18108.0,-3056.251763129916,0.0
2024-02-06,281.74823687008393,0,1000,1000,0.0,0.0,0.0,0.0,0,0,0,14581.748236870084,14581.748236870084,15811.748236870084,17638.0,17638.0,18868.0,-3056.251763129916,0.0
2024-02-07,281.74823687008393,0,1000,1000,0.0,0.0,0.0,0.0,0,0,0,15551.748236870084,15551.748236870084,15581.748236870084,18608.0,18608.0,18638.0,-3056.251763129916,0.0
2024-02-08,281.74823687008393,0,1000,1000,0.0,0.0,0.0,0.0,0,0,0,15781.748236870084,15781.748236870084,15981.748236870084,18838.0,18838.0,19038.0,-3056.251763129916,0.0
2024-02-19,281.74823687008393,0,1000,1000,0.0,0.0,0.0,0.0,0,0,0,16981.748236870084,16981.748236870084,17551.748236870084,20038.0,20038.0,20608.0,-3056.251763129916,0.0
2024-02-20,281.74823687008393,0,1000,1000,0.0,0.0,0.0,0.0,0,0,0,18181.748236870084,18181.748236870084,18771.748236870084,21238.0,21238.0,21828.0,-3056.251763129916,0.0
2024-02-21,281.74823687008393,0,1000,1000,0.0,0.0,0.0,0.0,0,0,0,18011.748236870084,18011.748236870084,17831.748236870084,21068.0,21068.0,20888.0,-3056.251763129916,0.0
2024-02-22,281.74823687008393,0,1000,1000,0.0,0.0,0.0,0.0,0,0,0,18531.748236870084,18531.748236870084,18471.748236870084,21588.0,21588.0,21528.0,-3056.251763129916,0.0
2024-02-23,281.74823687008393,0,1000,1000,0.0,0.0,0.0,0.0,0,0,0,19101.748236870084,19101.748236870084,18451.748236870084,22158.0,22158.0,21508.0,-3056.251763129916,0.0
2024-02-26,281.74823687008393,0,1000,1000,0.0,0.0,0.0,0.0,0,0,0,17881.748236870084,17881.748236870084,17951.748236870084,20938.0,20938.0,21008.0,-3056.251763129916,0.0
2024-02-27,281.74823687008393,0,1000,1000,0.0,0.0,0.0,0.0,0,0,0,17871.748236870084,17871.748236870084,19611.748236870084,20928.0,20928.0,22668.0,-3056.251763129916,0.0
2024-02-28,281.74823687008393,0,1000,1000,0.0,0.0,0.0,0.0,0,0,0,19331.748236870084,19331.748236870084,18481.748236870084,22388.0,22388.0,21538.0,-3056.251763129916,0.0
2024-02-29,281.74823687008393,0,1000,1000,0.0,0.0,0.0,0.0,0,0,0,18441.748236870084,18441.748236870084,18971.748236870084,21498.0,21498.0,22028.0,-3056.251763129916,0.0
2024-03-01,281.74823687008393,0,1000,1000,0.0,0.0,0.0,0.0,0,0,0,19331.748236870084,19331.748236870084,20301.748236870084,22388.0,22388.0,23358.0,-3056.251763129916,0.0
2024-03-04,281.74823687008393,0,1000,1000,0.0,0.0,0.0,0.0,0,0,0,21081.748236870084,21081.748236870084,22301.748236870084,24138.0,24138.0,25358.0,-3056.251763129916,0.0
2024-03-05,281.74823687008393,0,1000,1000,0.0,0.0,0.0,0.0,0,0,0,21981.748236870084,21981.748236870084,23031.748236870084,25038.0,25038.0,26088.0,-3056.251763129916,0.0
2024-03-06,281.74823687008393,0,1000,1000,0.0,0.0,0.0,0.0,0,0,0,22351.748236870084,22351.748236870084,22291.748236870084,25408.0,25408.0,25348.0,-3056.251763129916,0.0
2024-03-07,281.74823687008393,0,1000,1000,0.0,0.0,0.0,0.0,0,0,0,22751.748236870084,22751.748236870084,22891.748236870084,25808.0,25808.0,25948.0,-3056.251763129916,0.0
2024-03-08,281.74823687008393,0,1000,1000,0.0,0.0,0.0,0.0,0,0,0,23381.748236870084,23381.748236870084,25151.748236870084,26438.0,26438.0,28208.0,-3056.251763129916,0.0
2024-03-11,281.74823687008393,0,1000,1000,0.0,0.0,0.0,0.0,0,0,0,23961.748236870084,23961.748236870084,26101.748236870084,27018.0,27018.0,29158.0,-3056.251763129916,0.0
2024-03-12,281.74823687008393,0,1000,1000,0.0,0.0,0.0,0.0,0,0,0,25541.748236870084,25541.748236870084,25081.748236870084,28598.0,28598.0,28138.0,-3056.251763129916,0.0
2024-03-13,281.74823687008393,0,1000,1000,0.0,0.0,0.0,0.0,0,0,0,25821.748236870084,25821.748236870084,24631.748236870084,28878.0,28878.0,27688.0,-3056.251763129916,0.0
2024-03-14,281.74823687008393,0,1000,1000,0.0,0.0,0.0,0.0,0,0,0,23051.748236870084,23051.748236870084,23131.748236870084,26108.0,26108.0,26188.0,-3056.251763129916,0.0
2024-03-15,281.74823687008393,0,1000,1000,0.0,0.0,0.0,0.0,0,0,0,22771.748236870084,22771.748236870084,23361.748236870084,25828.0,25828.0,26418.0,-3056.251763129916,0.0
2024-03-18,281.74823687008393,0,1000,1000,0.0,0.0,0.0,0.0,0,0,0,23731.748236870084,23731.748236870084,25291.748236870084,26788.0,26788.0,28348.0,-3056.251763129916,0.0
2024-03-19,281.74823687008393,0,1000,1000,0.0,0.0,0.0,0.0,0,0,0,24681.748236870084,24681.748236870084,25791.748236870084,27738.0,27738.0,28848.0,-3056.251763129916,0.0
2024-03-20,281.74823687008393,0,1000,1000,0.0,0.0,0.0,0.0,0,0,0,25581.748236870084,25581.748236870084,25361.748236870084,28638.0,28638.0,28418.0,-3056.251763129916,0.0
2024-03-21,281.74823687008393,0,1000,1000,0.0,0.0,0.0,0.0,0,0,0,25361.748236870084,25361.748236870084,25271.748236870084,28418.0,28418.0,28328.0,-3056.251763129916,0.0
2024-03-22,281.74823687008393,0,1000,1000,0.0,0.0,0.0,0.0,0,0,0,25101.748236870084,25101.748236870084,24711.748236870084,28158.0,28158.0,27768.0,-3056.251763129916,0.0
2024-03-25,281.74823687008393,0,1000,1000,0.0,0.0,0.0,0.0,0,0,0,25131.748236870084,25131.748236870084,24191.748236870084,28188.0,28188.0,27248.0,-3056.251763129916,0.0
2024-03-26,23982.786988020085,0,0,0,0.0,17.096248850000002,0.0,0.0,0,1000,0,24281.748236870084,24281.748236870084,23982.786988020085,27338.0,27338.0,27068.0,-3085.213011979915,0.0
2024-03-27,595.8681711700883,0,1000,1000,0.0,5.23381685,0.0,0.0,1000,0,0,23982.786988020085,23965.86817117009,23005.86817117009,26708.0,26708.0,25748.0,-2742.1318288299117,0.0
2024-03-28,24017.18965092009,0,0,0,0.0,16.953520250000004,0.0,0.0,0,1000,0,23015.86817117009,23015.86817117009,24017.18965092009,25758.0,25758.0,26788.0,-2770.8103490799112,0.0
2024-03-29,860.3881352200879,0,1000,1000,0.0,5.2315157,0.0,0.0,1000,0,0,24017.18965092009,24000.388135220088,23630.388135220088,26478.0,26478.0,26108.0,-2477.611864779912,0.0
2024-04-01,24141.85097927009,0,0,0,0.0,16.88215595,0.0,0.0,0,1000,0,23760.388135220088,23760.388135220088,24141.85097927009,26238.0,26238.0,26648.0,-2506.1490207299103,0.0
2024-04-02,884.9984630700892,0,1000,1000,0.0,5.2325162,0.0,0.0,1000,0,0,24141.85097927009,24124.99846307009,23784.99846307009,26578.0,26578.0,26238.0,-2453.001536929911,0.0
2024-04-03,22777.86485267009,0,0,0,0.0,16.1736104,0.0,0.0,0,1000,0,23584.99846307009,23584.99846307009,22777.86485267009,26038.0,26038.0,25258.0,-2480.135147329911,0.0
2024-04-08,1061.7977441700896,0,1000,1000,0.0,5.2171085,0.0,0.0,1000,0,0,22777.86485267009,22761.79774417009,23061.79774417009,25038.0,25038.0,25338.0,-2276.2022558299104,0.0
2024-04-09,22924.69442612009,0,0,0,0.0,16.15831805,0.0,0.0,0,1000,0,23211.79774417009,23211.79774417009,22924.69442612009,25488.0,25488.0,25228.0,-2303.3055738799085,0.0
2024-04-10,1218.6324176700946,0,1000,1000,0.0,5.21700845,0.0,0.0,1000,0,0,22924.69442612009,22908.632417670095,22318.632417670095,25028.0,25028.0,24438.0,-2119.3675823299054,0.0
2024-04-11,22442.175336420096,0,0,0,0.0,15.832081250000002,0.0,0.0,0,1000,0,22448.632417670095,22448.632417670095,22442.175336420096,24568.0,24568.0,24588.0,-2145.824663579904,0.0
2024-04-12,626.0572274200968,0,1000,1000,0.0,5.218109,0.0,0.0,1000,0,0,22442.175336420096,22426.057227420097,22886.057227420097,25138.0,25138.0,25598.0,-2711.9427725799032,0.0
2024-04-15,626.0572274200968,0,1000,1000,0.0,0.0,0.0,0.0,0,0,0,22506.057227420097,22506.057227420097,22866.057227420097,25218.0,25218.0,25578.0,-2711.9427725799032,0.0
2024-04-16,22409.0346889701,0,0,0,0.0,16.11753845,0.0,0.0,0,1000,0,22156.057227420097,22156.057227420097,22409.0346889701,24868.0,24868.0,25148.0,-2738.9653110299005,0.0
2024-04-17,2143.7070877201004,0,900,900,0.0,5.20260125,0.0,0.0,900,0,100,22409.0346889701,22393.7070877201,22393.7070877201,25838.0,25838.0,25838.0,-3444.2929122798996,112.44042352989982
2024-04-18,2143.7070877201004,0,900,900,0.0,0.0,0.0,0.0,0,0,100,21817.7070877201,21817.7070877201,22753.7070877201,25198.0,25198.0,26238.0,-3484.2929122798996,152.4608237298994
2024-04-19,2143.7070877201004,0,900,900,0.0,0.0,0.0,0.0,0,0,100,22312.7070877201,22312.7070877201,21988.7070877201,25748.0,25748.0,25388.0,-3399.2929122798996,67.41747330489943
2024-04-22,99.66769753010067,0,1000,1000,0.0,5.02039019,0.0,0.0,100,0,0,20485.7070877201,20479.6676975301,20939.6676975301,23718.0,23718.0,24178.0,-3238.3323024698984,0.0
2024-04-23,99.66769753010067,0,1000,1000,0.0,0.0,0.0,0.0,0,0,0,21149.6676975301,21149.6676975301,20689.6676975301,24388.0,24388.0,23928.0,-3238.3323024698984,0.0
2024-04-24,22312.2109687301,0,0,0,0.0,16.336728800000003,0.0,0.0,0,1000,0,21119.6676975301,21119.6676975301,22312.2109687301,24358.0,24358.0,25578.0,-3265.7890312698983,0.0
2024-04-25,636.1642604301051,0,1000,1000,0.0,5.2167083,0.0,0.0,1000,0,0,22312.2109687301,22296.164260430105,22826.164260430105,24998.0,24998.0,25528.0,-2701.835739569895,0.0
2024-04-26,25016.516384980107,0,0,0,0.0,17.442875450000003,0.0,0.0,0,1000,0,23856.164260430105,23856.164260430105,25016.516384980107,26558.0,26558.0,27748.0,-2731.4836150198935,0.0
2024-04-29,238.88866118010992,0,1000,1000,0.0,5.2477238,0.0,0.0,1000,0,0,25016.516384980107,24998.88866118011,24758.88866118011,28098.0,28098.0,27858.0,-3099.11133881989,0.0
2024-04-30,238.88866118010992,0,1000,1000,0.0,0.0,0.0,0.0,0,0,0,25538.88866118011,25538.88866118011,24738.88866118011,28638.0,28638.0,27838.0,-3099.11133881989,0.0
2024-05-06,238.88866118010992,0,1000,1000,0.0,0.0,0.0,0.0,0,0,0,25238.88866118011,25238.88866118011,25058.88866118011,28338.0,28338.0,28158.0,-3099.11133881989,0.0
2024-05-07,238.88866118010992,0,1000,1000,0.0,0.0,0.0,0.0,0,0,0,25438.88866118011,25438.88866118011,25618.88866118011,28538.0,28538.0,28718.0,-3099.11133881989,0.0
2024-05-08,238.88866118010992,0,1000,1000,0.0,0.0,0.0,0.0,0,0,0,24978.88866118011,24978.88866118011,24698.88866118011,28078.0,28078.0,27798.0,-3099.11133881989,0.0
2024-05-09,24429.43263728011,0,0,0,0.0,17.346023900000002,0.0,0.0,0,1000,0,24538.88866118011,24538.88866118011,24429.43263728011,27638.0,27638.0,27558.0,-3128.5673627198885,0.0
2024-05-10,412.19251728011295,0,1000,1000,0.0,5.24012,0.0,0.0,1000,0,0,24429.43263728011,24412.192517280113,24332.192517280113,27338.0,27338.0,27258.0,-2925.807482719887,0.0
2024-05-13,24382.958637280113,0,0,0,0.0,17.23388,0.0,0.0,0,1000,0,24342.192517280113,24342.192517280113,24382.958637280113,27268.0,27268.0,27338.0,-2955.041362719887,0.0
2024-05-14,2406.758927480114,0,900,900,0.0,5.2197098,0.0,0.0,900,0,100,24382.958637280113,24366.758927480114,23826.758927480114,27738.0,27738.0,27138.0,-3311.241072519886,0.0
2024-05-15,12.54103554011408,0,1000,1000,0.0,5.02389194,0.0,0.0,100,0,0,23898.758927480114,23892.541035540115,24312.541035540115,27218.0,27218.0,27638.0,-3325.4589644598855,0.0
2024-05-16,25561.711758440117,0,0,0,0.0,18.039277100000003,0.0,0.0,0,1000,0,25742.541035540115,25742.541035540115,25561.711758440117,29068.0,29068.0,28918.0,-3356.2882415598833,36.334169459882105
2024-05-17,343.85963244011873,0,1000,1000,0.0,5.252126,0.0,0.0,1000,0,0,25561.711758440117,25543.85963244012,26043.85963244012,28538.0,28538.0,29038.0,-2994.1403675598813,0.0
2024-05-20,26532.38411854012,0,0,0,0.0,18.365513900000003,0.0,0.0,0,1000,0,25643.85963244012,25643.85963244012,26532.38411854012,28638.0,28638.0,29558.0,-3025.6158814598784,0.0
2024-05-21,574.1545888401233,0,1000,1000,0.0,5.2595297,0.0,0.0,1000,0,0,26532.38411854012,26514.154588840123,26294.154588840123,29278.0,29278.0,29058.0,-2763.8454111598767,0.0
2024-05-22,25973.47677349012,0,0,0,0.0,17.96281535,0.0,0.0,0,1000,0,26264.154588840123,26264.154588840123,25973.47677349012,29028.0,29028.0,28768.0,-2794.5232265098784,0.0
2024-05-23,2556.5426564901245,0,900,900,0.0,5.234117,0.0,0.0,900,0,100,25973.47677349012,25956.542656490125,25614.542656490125,29338.0,29338.0,28958.0,-3343.4573435098755,11.763976319875383
2024-05-24,30.257443890124705,0,1000,1000,0.0,5.0252126,0.0,0.0,100,0,0,25236.542656490125,25230.257443890125,24180.257443890125,28538.0,28538.0,27488.0,-3307.7425561098753,0.0
2024-05-27,30.257443890124705,0,1000,1000,0.0,0.0,0.0,0.0,0,0,0,24630.257443890125,24630.257443890125,24890.257443890125,27938.0,27938.0,28198.0,-3307.7425561098753,0.0
2024-05-28,30.257443890124705,0,1000,1000,0.0,0.0,0.0,0.0,0,0,0,24680.257443890125,24680.257443890125,24150.257443890125,27988.0,27988.0,27458.0,-3307.7425561098753,0.0
2024-05-29,24210.811517440125,0,0,0,0.0,17.34092645,0.0,0.0,0,1000,0,24780.257443890125,24780.257443890125,24210.811517440125,28088.0,28088.0,27548.0,-3337.1884825598754,16.53570360987578
2024-05-30,193.57139744012602,0,1000,1000,0.0,5.24012,0.0,0.0,1000,0,0,24210.811517440125,24193.571397440126,24133.571397440126,27338.0,27338.0,27278.0,-3144.428602559874,0.0
2024-05-31,23075.43813949013,0,0,0,0.0,16.678257950000003,0.0,0.0,0,1000,0,23863.571397440126,23863.571397440126,23075.43813949013,27008.0,27008.0,26248.0,-3172.5618605098716,0.0
2024-06-03,148.75392494013067,0,1000,1000,0.0,5.22921455,0.0,0.0,1000,0,0,23075.43813949013,23058.75392494013,24018.75392494013,26248.0,26248.0,27208.0,-3189.2460750598693,0.0
2024-06-04,148.75392494013067,0,1000,1000,0.0,0.0,0.0,0.0,0,0,0,24018.75392494013,24018.75392494013,23938.75392494013,27208.0,27208.0,27128.0,-3189.2460750598693,0.0
2024-06-05,23819.82296844013,0,0,0,0.0,17.0809565,0.0,0.0,0,1000,0,23818.75392494013,23818.75392494013,23819.82296844013,27008.0,27008.0,27038.0,-3218.1770315598696,0.0
2024-06-06,1411.4029364801318,0,900,900,0.0,5.22403196,0.0,0.0,900,0,100,23819.82296844013,23803.40293648013,24874.40293648013,28218.0,28218.0,29408.0,-4533.597063519868,1201.926646554868
2024-06-07,1411.4029364801318,0,900,900,0.0,0.0,0.0,0.0,0,0,100,24676.40293648013,24676.40293648013,23488.40293648013,29188.0,29188.0,27868.0,-4379.597063519868,1047.848105784868
2024-06-11,1411.4029364801318,0,900,900,0.0,0.0,0.0,0.0,0,0,100,23461.40293648013,23461.40293648013,23200.40293648013,27838.0,27838.0,27548.0,-4347.597063519868,1015.8317856248677
2024-06-12,1411.4029364801318,0,900,900,0.0,0.0,0.0,0.0,0,0,100,23506.40293648013,23506.40293648013,23344.40293648013,27888.0,27888.0,27708.0,-4363.597063519868,1031.8399457048681
2024-06-13,1411.4029364801318,0,900,900,0.0,0.0,0.0,0.0,0,0,100,23731.40293648013,23731.40293648013,24721.40293648013,28138.0,28138.0,29238.0,-4516.597063519868,1184.9179764698683
2024-06-14,1411.4029364801318,0,900,900,0.0,0.0,0.0,0.0,0,0,100,24856.40293648013,24856.40293648013,25918.40293648013,29388.0,29388.0,30568.0,-4649.597063519868,1317.985807134868
2024-06-17,1411.4029364801318,0,900,900,0.0,0.0,0.0,0.0,0,0,100,25774.40293648013,25774.40293648013,26170.40293648013,30408.0,30408.0,30848.0,-4677.597063519868,1346.0000872748678
2024-06-18,1411.4029364801318,0,900,900,0.0,0.0,0.0,0.0,0,0,100,26188.40293648013,26188.40293648013,27169.40293648013,30868.0,30868.0,31958.0,-4788.597063519868,1457.0566978298684
2024-06-19,1411.4029364801318,0,900,900,0.0,0.0,0.0,0.0,0,0,100,27682.40293648013,27682.40293648013,27034.40293648013,32528.0,32528.0,31808.0,-4773.597063519868,1442.0490477548683
2024-06-20,1411.4029364801318,0,900,900,0.0,0.0,0.0,0.0,0,0,100,27034.40293648013,27034.40293648013,27160.40293648013,31808.0,31808.0,31948.0,-4787.597063519868,1456.0561878248682
2024-06-21,1411.4029364801318,0,900,900,0.0,0.0,0.0,0.0,0,0,100,26161.40293648013,26161.40293648013,27034.40293648013,30838.0,30838.0,31808.0,-4773.597063519868,1442.0490477548683
2024-06-24,1411.4029364801318,0,900,900,0.0,0.0,0.0,0.0,0,0,100,26431.40293648013,26431.40293648013,26206.40293648013,31138.0,31138.0,30888.0,-4681.597063519868,1350.0021272948684
2024-06-25,1411.4029364801318,0,900,900,0.0,0.0,0.0,0.0,0,0,100,25495.40293648013,25495.40293648013,25207.40293648013,30098.0,30098.0,29778.0,-4570.597063519868,1238.9455167398678
2024-06-26,1411.4029364801318,0,900,900,0.0,0.0,0.0,0.0,0,0,100,25819.40293648013,25819.40293648013,25864.40293648013,30458.0,30458.0,30508.0,-4643.597063519868,1311.982747104868
2024-06-27,1411.4029364801318,0,900,900,0.0,0.0,0.0,0.0,0,0,100,25414.40293648013,25414.40293648013,25540.40293648013,30008.0,30008.0,30148.0,-4607.597063519868,1275.964386924868
2024-06-28,1411.4029364801318,0,900,900,0.0,0.0,0.0,0.0,0,0,100,25441.40293648013,25441.40293648013,26071.40293648013,30038.0,30038.0,30738.0,-4666.597063519868,1334.9944772198683
2024-07-01,1411.4029364801318,0,900,900,0.0,0.0,0.0,0.0,0,0,100,26080.40293648013,26080.40293648013,26611.40293648013,30748.0,30748.0,31338.0,-4726.597063519868,1395.0250775198679
2024-07-02,1411.4029364801318,0,900,900,0.0,0.0,0.0,0.0,0,0,100,26386.40293648013,26386.40293648013,26035.40293648013,31088.0,31088.0,30698.0,-4662.597063519868,1330.9924371998682
2024-07-03,1411.4029364801318,0,900,900,0.0,0.0,0.0,0.0,0,0,100,25846.40293648013,25846.40293648013,26053.40293648013,30488.0,30488.0,30718.0,-4664.597063519868,1332.9934572098678
2024-07-04,1411.4029364801318,0,900,900,0.0,0.0,0.0,0.0,0,0,100,26386.40293648013,26386.40293648013,25954.40293648013,31088.0,31088.0,30608.0,-4653.597063519868,1321.9878471548682
2024-07-05,1411.4029364801318,0,900,900,0.0,0.0,0.0,0.0,0,0,100,25711.40293648013,25711.40293648013,25783.40293648013,30338.0,30338.0,30418.0,-4634.597063519868,1302.978157059868
2024-07-08,1411.4029364801318,0,900,900,0.0,0.0,0.0,0.0,0,0,100,25594.40293648013,25594.40293648013,25675.40293648013,30208.0,30208.0,30298.0,-4622.597063519868,1290.9720369998681
2024-07-09,1411.4029364801318,0,900,900,0.0,0.0,0.0,0.0,0,0,100,25801.40293648013,25801.40293648013,27511.40293648013,30438.0,30438.0,32338.0,-4826.597063519868,1495.076078019868
2024-07-10,1411.4029364801318,0,900,900,0.0,0.0,0.0,0.0,0,0,100,27511.40293648013,27511.40293648013,27466.40293648013,32338.0,32338.0,32288.0,-4821.597063519868,1490.073527994868
2024-07-11,1411.4029364801318,0,900,900,0.0,0.0,0.0,0.0,0,0,100,27916.40293648013,27916.40293648013,27295.40293648013,32788.0,32788.0,32098.0,-4802.597063519868,1471.0638378998678
2024-07-12,1411.4029364801318,0,900,900,0.0,0.0,0.0,0.0,0,0,100,26296.40293648013,26296.40293648013,25945.40293648013,30988.0,30988.0,30598.0,-4652.597063519868,1320.987337149868
2024-07-15,1411.4029364801318,0,900,900,0.0,0.0,0.0,0.0,0,0,100,25846.40293648013,25846.40293648013,25675.40293648013,30488.0,30488.0,30298.0,-4622.597063519868,1290.9720369998681
2024-07-16,1411.4029364801318,0,900,900,0.0,0.0,0.0,0.0,0,0,100,25675.40293648013,25675.40293648013,26125.40293648013,30298.0,30298.0,30798.0,-4672.597063519868,1340.9975372498684
2024-07-17,1411.4029364801318,0,900,900,0.0,0.0,0.0,0.0,0,0,100,25765.40293648013,25765.40293648013,24766.40293648013,30398.0,30398.0,29288.0,-4521.597063519868,1189.9205264948678
2024-07-18,1411.4029364801318,0,900,900,0.0,0.0,0.0,0.0,0,0,100,23749.40293648013,23749.40293648013,24280.40293648013,28158.0,28158.0,28748.0,-4467.597063519868,1135.8929862248683
2024-07-19,1411.4029364801318,0,900,900,0.0,0.0,0.0,0.0,0,0,100,23884.40293648013,23884.40293648013,23605.40293648013,28308.0,28308.0,27998.0,-4392.597063519868,1060.8547358498681
2024-07-22,1411.4029364801318,0,900,900,0.0,0.0,0.0,0.0,0,0,100,23452.40293648013,23452.40293648013,23830.40293648013,27828.0,27828.0,28248.0,-4417.597063519868,1085.867485974868
2024-07-23,1411.4029364801318,0,900,900,0.0,0.0,0.0,0.0,0,0,100,24226.40293648013,24226.40293648013,23497.40293648013,28688.0,28688.0,27878.0,-4380.597063519868,1048.8486157898683
2024-07-24,1411.4029364801318,0,900,900,0.0,0.0,0.0,0.0,0,0,100,23371.40293648013,23371.40293648013,23281.40293648013,27738.0,27738.0,27638.0,-4356.597063519868,1024.8363756698677
2024-07-25,1411.4029364801318,0,900,900,0.0,0.0,0.0,0.0,0,0,100,22561.40293648013,22561.40293648013,22291.40293648013,26838.0,26838.0,26538.0,-4246.597063519868,914.7802751198683
2024-07-26,1411.4029364801318,0,900,900,0.0,0.0,0.0,0.0,0,0,100,22291.40293648013,22291.40293648013,22561.40293648013,26538.0,26538.0,26838.0,-4276.597063519868,944.7955752698681
2024-07-29,1411.4029364801318,0,900,900,0.0,0.0,0.0,0.0,0,0,100,22471.40293648013,22471.40293648013,22831.40293648013,26738.0,26738.0,27138.0,-4306.597063519868,974.8108754198684
2024-07-30,1411.4029364801318,0,900,900,0.0,0.0,0.0,0.0,0,0,100,22552.40293648013,22552.40293648013,21976.40293648013,26828.0,26828.0,26188.0,-4211.597063519868,879.7624249448681
2024-07-31,1411.4029364801318,0,900,900,0.0,0.0,0.0,0.0,0,0,100,21895.40293648013,21895.40293648013,22867.40293648013,26098.0,26098.0,27178.0,-4310.597063519868,978.8129154398684
2024-08-01,1411.4029364801318,0,900,900,0.0,0.0,0.0,0.0,0,0,100,23551.40293648013,23551.40293648013,22984.40293648013,27938.0,27938.0,27308.0,-4323.597063519868,991.8195455048681
2024-08-02,1411.4029364801318,0,900,900,0.0,0.0,0.0,0.0,0,0,100,22048.40293648013,22048.40293648013,21508.40293648013,26268.0,26268.0,25668.0,-4159.597063519868,827.7359046848683
2024-08-05,1411.4029364801318,0,900,900,0.0,0.0,0.0,0.0,0,0,100,20401.40293648013,20401.40293648013,19789.40293648013,24438.0,24438.0,23758.0,-3968.5970635198682,636.6384937298685
2024-08-06,1411.4029364801318,0,900,900,0.0,0.0,0.0,0.0,0,0,100,20338.40293648013,20338.40293648013,20140.40293648013,24368.0,24368.0,24148.0,-4007.5970635198682,675.6583839248683
2024-08-07,1411.4029364801318,0,900,900,0.0,0.0,0.0,0.0,0,0,100,19951.40293648013,19951.40293648013,19771.40293648013,23938.0,23938.0,23738.0,-3966.5970635198682,634.637473719868
2024-08-08,1411.4029364801318,0,900,900,0.0,0.0,0.0,0.0,0,0,100,19411.40293648013,19411.40293648013,19843.40293648013,23338.0,23338.0,23818.0,-3974.5970635198682,642.6415537598682
2024-08-09,1411.4029364801318,0,900,900,0.0,0.0,0.0,0.0,0,0,100,20131.40293648013,20131.40293648013,20122.40293648013,24138.0,24138.0,24128.0,-4005.5970635198682,673.6573639148683
2024-08-12,1411.4029364801318,0,900,900,0.0,0.0,0.0,0.0,0,0,100,19870.40293648013,19870.40293648013,19987.40293648013,23848.0,23848.0,23978.0,-3990.5970635198682,658.6497138398681
2024-08-13,1411.4029364801318,0,900,900,0.0,0.0,0.0,0.0,0,0,100,20176.40293648013,20176.40293648013,20113.40293648013,24188.0,24188.0,24118.0,-4004.5970635198682,672.656853909868
2024-08-14,1411.4029364801318,0,900,900,0.0,0.0,0.0,0.0,0,0,100,20491.40293648013,20491.40293648013,20653.40293648013,24538.0,24538.0,24718.0,-4064.5970635198682,732.6874542098681
2024-08-15,1933.4029364801318,0,900,900,52.2,0.0,0.0,522.0,0,0,100,20547.20293648013,20547.20293648013,20475.20293648013,24658.0,24658.0,24578.0,-4102.797063519869,190.85073384986816
2024-08-16,1933.4029364801318,0,900,900,52.2,0.0,0.0,0.0,0,0,100,20790.20293648013,20790.20293648013,20835.20293648013,24928.0,24928.0,24978.0,-4142.797063519869,230.8711340498682
2024-08-19,1933.4029364801318,0,900,900,52.2,0.0,0.0,0.0,0,0,100,20781.20293648013,20781.20293648013,20583.20293648013,24918.0,24918.0,24698.0,-4114.797063519869,202.856853909868
2024-08-20,1933.4029364801318,0,900,900,52.2,0.0,0.0,0.0,0,0,100,20880.20293648013,20880.20293648013,20466.20293648013,25028.0,25028.0,24568.0,-4101.797063519869,189.8502238448679
2024-08-21,1933.4029364801318,0,900,900,52.2,0.0,0.0,0.0,0,0,100,20151.20293648013,20151.20293648013,20574.20293648013,24218.0,24218.0,24688.0,-4113.797063519869,201.8563439048682
2024-08-22,1933.4029364801318,0,900,900,52.2,0.0,0.0,0.0,0,0,100,20583.20293648013,20583.20293648013,20232.20293648013,24698.0,24698.0,24308.0,-4075.797063519869,163.8369637148682
2024-08-23,1933.4029364801318,0,900,900,52.2,0.0,0.0,0.0,0,0,100,20061.20293648013,20061.20293648013,20295.20293648013,24118.0,24118.0,24378.0,-4082.797063519869,170.84053374986814
2024-08-26,1933.4029364801318,0,900,900,52.2,0.0,0.0,0.0,0,0,100,20421.20293648013,20421.20293648013,19989.20293648013,24518.0,24518.0,24038.0,-4048.797063519869,136.82319357986802
2024-08-27,1933.4029364801318,0,900,900,52.2,0.0,0.0,0.0,0,0,100,19881.20293648013,19881.20293648013,19656.20293648013,23918.0,23918.0,23668.0,-4011.797063519869,99.80432339486829
2024-08-28,1933.4029364801318,0,900,900,52.2,0.0,0.0,0.0,0,0,100,19521.20293648013,19521.20293648013,19674.20293648013,23518.0,23518.0,23688.0,-4013.797063519869,101.80534340486811
2024-08-29,1933.4029364801318,0,900,900,52.2,0.0,0.0,0.0,0,0,100,18981.20293648013,18981.20293648013,19179.20293648013,22918.0,22918.0,23138.0,-3958.797063519869,46.77729312986794
2024-08-30,1933.4029364801318,0,900,900,52.2,0.0,0.0,0.0,0,0,100,19053.20293648013,19053.20293648013,20304.20293648013,22998.0,22998.0,24388.0,-4083.797063519869,171.84104375486794
2024-09-02,1933.4029364801318,0,900,900,52.2,0.0,0.0,0.0,0,0,100,20214.20293648013,20214.20293648013,19386.20293648013,24288.0,24288.0,23368.0,-3981.797063519869,69.78902324486803
2024-09-03,1933.4029364801318,0,900,900,52.2,0.0,0.0,0.0,0,0,100,19287.20293648013,19287.20293648013,19377.20293648013,23258.0,23258.0,23358.0,-3980.797063519869,68.78851323986846
2024-09-04,77.45942723013172,0,1000,1000,52.2,5.01850925,0.0,0.0,100,0,0,18531.20293648013,18525.259427230132,18945.259427230132,22418.0,22418.0,22838.0,-3892.740572769868,0.0
2024-09-05,77.45942723013172,0,1000,1000,52.2,0.0,0.0,0.0,0,0,0,18885.259427230132,18885.259427230132,18905.259427230132,22778.0,22778.0,22798.0,-3892.740572769868,0.0
2024-09-06,18361.720509030132,0,0,0,0.0,14.3589182,52.2,0.0,0,1000,0,18895.259427230132,18895.259427230132,18361.720509030132,22788.0,22788.0,22278.0,-3916.2794909698678,12.643182769868872
2024-09-09,217.4741183801343,0,1000,1000,0.0,5.18139065,0.0,0.0,1000,0,0,18361.720509030132,18347.474118380134,18817.474118380134,22048.0,22048.0,22518.0,-3700.5258816198657,0.0
2024-09-10,19013.470717480133,0,0,0,0.0,14.5934009,0.0,0.0,0,1000,0,18817.474118380134,18817.474118380134,19013.470717480133,22518.0,22518.0,22738.0,-3724.5292825198667,0.0
2024-09-11,278.92342388013276,0,1000,1000,0.0,5.1872936,0.0,0.0,1000,0,0,19013.470717480133,18998.923423880133,19058.923423880133,22638.0,22638.0,22698.0,-3639.0765761198672,0.0
2024-09-12,19094.899828080135,0,0,0,0.0,14.6035958,0.0,0.0,0,1000,0,19668.923423880133,19668.923423880133,19094.899828080135,23308.0,23308.0,22758.0,-3663.100171919865,0.0
2024-09-13,220.28113378013586,0,1000,1000,0.0,5.1886943,0.0,0.0,1000,0,0,19094.899828080135,19080.281133780136,19470.281133780136,22778.0,22778.0,23168.0,-3697.718866219864,0.0
2024-09-18,220.28113378013586,0,1000,1000,0.0,0.0,0.0,0.0,0,0,0,19220.281133780136,19220.281133780136,18970.281133780136,22918.0,22918.0,22668.0,-3697.718866219864,0.0
2024-09-19,19046.247440530136,0,0,0,0.0,14.608693250000002,0.0,0.0,0,1000,0,19090.281133780136,19090.281133780136,19046.247440530136,22788.0,22788.0,22768.0,-3721.7525594698636,0.0
2024-09-20,31.557345530134626,0,1000,1000,0.0,5.190095,0.0,0.0,1000,0,0,19046.247440530136,19031.557345530135,18891.557345530135,22918.0,22918.0,22778.0,-3886.4426544698654,0.0
2024-09-23,31.557345530134626,0,1000,1000,0.0,0.0,0.0,0.0,0,0,0,18681.557345530135,18681.557345530135,18741.557345530135,22568.0,22568.0,22628.0,-3886.4426544698654,0.0
2024-09-24,20585.776793430137,0,0,0,0.0,15.490552100000002,0.0,0.0,0,1000,0,18931.557345530135,18931.557345530135,20585.776793430137,22818.0,22818.0,24498.0,-3912.2232065698627,9.719109469860996
2024-09-25,1382.9908174901393,0,900,900,0.0,5.19197594,0.0,0.0,900,0,100,20585.776793430137,20570.99081749014,20345.99081749014,25238.0,25238.0,24988.0,-4642.009182509861,730.0837630448605
2024-09-26,1382.9908174901393,0,900,900,0.0,0.0,0.0,0.0,0,0,100,20381.99081749014,20381.99081749014,20876.99081749014,25028.0,25028.0,25578.0,-4701.009182509861,789.1138533398607
2024-09-27,1382.9908174901393,0,900,900,0.0,0.0,0.0,0.0,0,0,100,21200.99081749014,21200.99081749014,22082.99081749014,25938.0,25938.0,26918.0,-4835.009182509861,923.1821940098607
2024-09-30,1382.9908174901393,0,900,900,0.0,0.0,0.0,0.0,0,0,100,23252.99081749014,23252.99081749014,24053.99081749014,28218.0,28218.0,29108.0,-5054.009182509861,1142.2938851048602
2024-10-08,1382.9908174901393,0,900,900,0.0,0.0,0.0,0.0,0,0,100,26321.99081749014,26321.99081749014,26321.99081749014,31628.0,31628.0,31628.0,-5306.009182509861,1394.4224063648608
2024-10-09,1382.9908174901393,0,900,900,0.0,0.0,0.0,0.0,0,0,100,26312.99081749014,26312.99081749014,24782.99081749014,31618.0,31618.0,29918.0,-5135.009182509861,1223.3351955098606
2024-10-10,1382.9908174901393,0,900,900,0.0,0.0,0.0,0.0,0,0,100,25250.99081749014,25250.99081749014,24602.99081749014,30438.0,30438.0,29718.0,-5115.009182509861,1203.3249954098605
2024-10-11,1382.9908174901393,0,900,900,0.0,0.0,0.0,0.0,0,0,100,24242.99081749014,24242.99081749014,23513.99081749014,29318.0,29318.0,28508.0,-4994.009182509861,1082.2632848048606
2024-10-14,1382.9908174901393,0,900,900,0.0,0.0,0.0,0.0,0,0,100,23468.99081749014,23468.99081749014,24026.99081749014,28458.0,28458.0,29078.0,-5051.009182509861,1139.2923550898604
2024-10-15,1382.9908174901393,0,900,900,0.0,0.0,0.0,0.0,0,0,100,24053.99081749014,24053.99081749014,23522.99081749014,29108.0,29108.0,28518.0,-4995.009182509861,1083.2637948098609
2024-10-16,1382.9908174901393,0,900,900,0.0,0.0,0.0,0.0,0,0,100,22631.99081749014,22631.99081749014,22559.99081749014,27528.0,27528.0,27448.0,-4888.009182509861,976.2092242748608
2024-10-17,1382.9908174901393,0,900,900,0.0,0.0,0.0,0.0,0,0,100,22775.99081749014,22775.99081749014,22721.99081749014,27688.0,27688.0,27628.0,-4906.009182509861,994.2184043648608
2024-10-18,1382.9908174901393,0,900,900,0.0,0.0,0.0,0.0,0,0,100,22964.99081749014,22964.99081749014,24854.99081749014,27898.0,27898.0,29998.0,-5143.009182509861,1231.3392755498603
2024-10-21,1382.9908174901393,0,900,900,0.0,0.0,0.0,0.0,0,0,100,25511.99081749014,25511.99081749014,24962.99081749014,30728.0,30728.0,30118.0,-5155.009182509861,1243.3453956098606
2024-10-22,1382.9908174901393,0,900,900,0.0,0.0,0.0,0.0,0,0,100,25223.99081749014,25223.99081749014,25016.99081749014,30408.0,30408.0,30178.0,-5161.009182509861,1249.3484556398603
2024-10-23,1382.9908174901393,0,900,900,0.0,0.0,0.0,0.0,0,0,100,24593.99081749014,24593.99081749014,24431.99081749014,29708.0,29708.0,29528.0,-5096.009182509861,1184.3153053148603
2024-10-24,1382.9908174901393,0,900,900,0.0,0.0,0.0,0.0,0,0,100,24026.99081749014,24026.99081749014,24197.99081749014,29078.0,29078.0,29268.0,-5070.009182509861,1158.3020451848606
2024-10-25,1382.9908174901393,0,900,900,0.0,0.0,0.0,0.0,0,0,100,24233.99081749014,24233.99081749014,24476.99081749014,29308.0,29308.0,29578.0,-5101.009182509861,1189.3178553398607
2024-10-28,1382.9908174901393,0,900,900,0.0,0.0,0.0,0.0,0,0,100,24161.99081749014,24161.99081749014,24116.99081749014,29228.0,29228.0,29178.0,-5061.009182509861,1149.2974551398606
2024-10-29,1382.9908174901393,0,900,900,0.0,0.0,0.0,0.0,0,0,100,24062.99081749014,24062.99081749014,23927.99081749014,29118.0,29118.0,28968.0,-5040.009182509861,1128.2867450348608
2024-10-30,1382.9908174901393,0,900,900,0.0,0.0,0.0,0.0,0,0,100,23792.99081749014,23792.99081749014,23738.99081749014,28818.0,28818.0,28758.0,-5019.009182509861,1107.2760349298605
2024-10-31,1382.9908174901393,0,900,900,0.0,0.0,0.0,0.0,0,0,100,23432.99081749014,23432.99081749014,23207.99081749014,28418.0,28418.0,28168.0,-4960.009182509861,1048.2459446348607
2024-11-01,1382.9908174901393,0,900,900,0.0,0.0,0.0,0.0,0,0,100,22847.99081749014,22847.99081749014,22694.99081749014,27768.0,27768.0,27598.0,-4903.009182509861,991.2168743498605
2024-11-04,1382.9908174901393,0,900,900,0.0,0.0,0.0,0.0,0,0,100,22784.99081749014,22784.99081749014,23279.99081749014,27698.0,27698.0,28248.0,-4968.009182509861,1056.2500246748605
2024-11-05,1382.9908174901393,0,900,900,0.0,0.0,0.0,0.0,0,0,100,23288.99081749014,23288.99081749014,23657.99081749014,28258.0,28258.0,28668.0,-5010.009182509861,1098.2714448848606
2024-11-06,1382.9908174901393,0,900,900,0.0,0.0,0.0,0.0,0,0,100,23882.99081749014,23882.99081749014,23144.99081749014,28918.0,28918.0,28098.0,-4953.009182509861,1041.2423745998603
2024-11-07,1382.9908174901393,0,900,900,0.0,0.0,0.0,0.0,0,0,100,22946.99081749014,22946.99081749014,23558.99081749014,27878.0,27878.0,28558.0,-4999.009182509861,1087.2658348298605
2024-11-08,1382.9908174901393,0,900,900,0.0,0.0,0.0,0.0,0,0,100,23792.99081749014,23792.99081749014,24764.99081749014,28818.0,28818.0,29898.0,-5133.009182509861,1221.3341754998605
2024-11-11,1382.9908174901393,0,900,900,0.0,0.0,0.0,0.0,0,0,100,24152.99081749014,24152.99081749014,25691.99081749014,29218.0,29218.0,30928.0,-5236.009182509861,1324.386706014861
2024-11-12,1382.9908174901393,0,900,900,0.0,0.0,0.0,0.0,0,0,100,25691.99081749014,25691.99081749014,24530.99081749014,30928.0,30928.0,29638.0,-5107.009182509861,1195.3209153698608
2024-11-13,1382.9908174901393,0,900,900,0.0,0.0,0.0,0.0,0,0,100,24305.99081749014,24305.99081749014,25205.99081749014,29388.0,29388.0,30388.0,-5182.009182509861,1270.3591657448605
2024-11-14,1382.9908174901393,0,900,900,0.0,0.0,0.0,0.0,0,0,100,25304.99081749014,25304.99081749014,23765.99081749014,30498.0,30498.0,28788.0,-5022.009182509861,1110.2775649448608
2024-11-15,1382.9908174901393,0,900,900,0.0,0.0,0.0,0.0,0,0,100,23702.99081749014,23702.99081749014,22910.99081749014,28718.0,28718.0,27838.0,-4927.009182509861,1015.2291144698606
2024-11-18,1382.9908174901393,0,900,900,0.0,0.0,0.0,0.0,0,0,100,22910.99081749014,22910.99081749014,22298.99081749014,27838.0,27838.0,27158.0,-4859.009182509861,947.1944341298604
2024-11-19,1382.9908174901393,0,900,900,0.0,0.0,0.0,0.0,0,0,100,22487.99081749014,22487.99081749014,22730.99081749014,27368.0,27368.0,27638.0,-4907.009182509861,995.2189143698606
2024-11-20,1382.9908174901393,0,900,900,0.0,0.0,0.0,0.0,0,0,100,22712.99081749014,22712.99081749014,22982.99081749014,27618.0,27618.0,27918.0,-4935.009182509861,1023.2331945098604
2024-11-21,1382.9908174901393,0,900,900,0.0,0.0,0.0,0.0,0,0,100,22622.99081749014,22622.99081749014,22469.99081749014,27518.0,27518.0,27348.0,-4878.009182509861,966.2041242248606
2024-11-22,1382.9908174901393,0,900,900,0.0,0.0,0.0,0.0,0,0,100,22523.99081749014,22523.99081749014,21938.99081749014,27408.0,27408.0,26758.0,-4819.009182509861,907.1740339298603
2024-11-25,1382.9908174901393,0,900,900,0.0,0.0,0.0,0.0,0,0,100,21938.99081749014,21938.99081749014,21281.99081749014,26758.0,26758.0,26028.0,-4746.009182509861,834.1368035648602
2024-11-26,1382.9908174901393,0,900,900,0.0,0.0,0.0,0.0,0,0,100,21083.99081749014,21083.99081749014,21263.99081749014,25808.0,25808.0,26008.0,-4744.009182509861,832.1357835548606
2024-11-27,1382.9908174901393,0,900,900,0.0,0.0,0.0,0.0,0,0,100,21110.99081749014,21110.99081749014,21470.99081749014,25838.0,25838.0,26238.0,-4767.009182509861,855.1475136698605
2024-11-28,1382.9908174901393,0,900,900,0.0,0.0,0.0,0.0,0,0,100,21470.99081749014,21470.99081749014,21047.99081749014,26238.0,26238.0,25768.0,-4720.009182509861,808.1235434348605
2024-11-29,1382.9908174901393,0,900,900,0.0,0.0,0.0,0.0,0,0,100,21047.99081749014,21047.99081749014,21353.99081749014,25768.0,25768.0,26108.0,-4754.009182509861,842.1408836048608
2024-12-02,1382.9908174901393,0,900,900,0.0,0.0,0.0,0.0,0,0,100,21245.99081749014,21245.99081749014,21686.99081749014,25988.0,25988.0,26478.0,-4791.009182509861,879.1597537898606
2024-12-03,1382.9908174901393,0,900,900,0.0,0.0,0.0,0.0,0,0,100,21794.99081749014,21794.99081749014,21398.99081749014,26598.0,26598.0,26158.0,-4759.009182509861,847.1434336298607
2024-12-04,1382.9908174901393,0,900,900,0.0,0.0,0.0,0.0,0,0,100,21407.99081749014,21407.99081749014,21074.99081749014,26168.0,26168.0,25798.0,-4723.009182509861,811.1250734498608
2024-12-05,1382.9908174901393,0,900,900,0.0,0.0,0.0,0.0,0,0,100,21110.99081749014,21110.99081749014,21668.99081749014,25838.0,25838.0,26458.0,-4789.009182509861,877.1587337798605
2024-12-06,1382.9908174901393,0,900,900,0.0,0.0,0.0,0.0,0,0,100,21668.99081749014,21668.99081749014,21722.99081749014,26458.0,26458.0,26518.0,-4795.009182509861,883.1617938098602
2024-12-09,1382.9908174901393,0,900,900,0.0,0.0,0.0,0.0,0,0,100,21740.99081749014,21740.99081749014,21299.99081749014,26538.0,26538.0,26048.0,-4748.009182509861,836.1378235748607
2024-12-10,1382.9908174901393,0,900,900,0.0,0.0,0.0,0.0,0,0,100,21731.99081749014,21731.99081749014,21308.99081749014,26528.0,26528.0,26058.0,-4749.009182509861,837.1383335798605
2024-12-11,1382.9908174901393,0,900,900,0.0,0.0,0.0,0.0,0,0,100,21272.99081749014,21272.99081749014,21479.99081749014,26018.0,26018.0,26248.0,-4768.009182509861,856.1480236748607
2024-12-12,1382.9908174901393,0,900,900,0.0,0.0,0.0,0.0,0,0,100,21515.99081749014,21515.99081749014,21488.99081749014,26288.0,26288.0,26258.0,-4769.009182509861,857.1485336798605
2024-12-13,1382.9908174901393,0,900,900,0.0,0.0,0.0,0.0,0,0,100,21335.99081749014,21335.99081749014,20597.99081749014,26088.0,26088.0,25268.0,-4670.009182509861,758.0980431848607
2024-12-16,1382.9908174901393,0,900,900,0.0,0.0,0.0,0.0,0,0,100,20462.99081749014,20462.99081749014,20336.99081749014,25118.0,25118.0,24978.0,-4641.009182509861,729.0832530398607
2024-12-17,1382.9908174901393,0,900,900,0.0,0.0,0.0,0.0,0,0,100,20273.99081749014,20273.99081749014,20822.99081749014,24908.0,24908.0,25518.0,-4695.009182509861,783.1107933098606
2024-12-18,1382.9908174901393,0,900,900,0.0,0.0,0.0,0.0,0,0,100,20840.99081749014,20840.99081749014,20651.99081749014,25538.0,25538.0,25328.0,-4676.009182509861,764.1011032148604
2024-12-19,1382.9908174901393,0,900,900,0.0,0.0,0.0,0.0,0,0,100,20462.99081749014,20462.99081749014,21353.99081749014,25118.0,25118.0,26108.0,-4754.009182509861,842.1408836048608
2024-12-20,1382.9908174901393,0,900,900,0.0,0.0,0.0,0.0,0,0,100,21209.99081749014,21209.99081749014,21200.99081749014,25948.0,25948.0,25938.0,-4737.009182509861,825.1322135198602
2024-12-23,1382.9908174901393,0,900,900,0.0,0.0,0.0,0.0,0,0,100,21389.99081749014,21389.99081749014,21227.99081749014,26148.0,26148.0,25968.0,-4740.009182509861,828.1337435348605
2024-12-24,1382.9908174901393,0,900,900,0.0,0.0,0.0,0.0,0,0,100,21281.99081749014,21281.99081749014,22082.99081749014,26028.0,26028.0,26918.0,-4835.009182509861,923.1821940098607
2024-12-25,1382.9908174901393,0,900,900,0.0,0.0,0.0,0.0,0,0,100,22109.99081749014,22109.99081749014,21830.99081749014,26948.0,26948.0,26638.0,-4807.009182509861,895.1679138698605
2024-12-26,1382.9908174901393,0,900,900,0.0,0.0,0.0,0.0,0,0,100,21758.99081749014,21758.99081749014,22379.99081749014,26558.0,26558.0,27248.0,-4868.009182509861,956.1990241748604
2024-12-27,1382.9908174901393,0,900,900,0.0,0.0,0.0,0.0,0,0,100,22226.99081749014,22226.99081749014,21731.99081749014,27078.0,27078.0,26528.0,-4796.009182509861,884.1623038148605
2024-12-30,1382.9908174901393,0,900,900,0.0,0.0,0.0,0.0,0,0,100,21677.99081749014,21677.99081749014,21587.99081749014,26468.0,26468.0,26368.0,-4780.009182509861,868.1541437348606
2024-12-31,1382.9908174901393,0,900,900,0.0,0.0,0.0,0.0,0,0,100,21596.99081749014,21596.99081749014,20732.99081749014,26378.0,26378.0,25418.0,-4685.009182509861,773.1056932598603
2025-01-02,1382.9908174901393,0,900,900,0.0,0.0,0.0,0.0,0,0,100,20642.99081749014,20642.99081749014,20021.99081749014,25318.0,25318.0,24628.0,-4606.009182509861,694.0654028648605
2025-01-03,1382.9908174901393,0,900,900,0.0,0.0,0.0,0.0,0,0,100,19958.99081749014,19958.99081749014,19877.99081749014,24558.0,24558.0,24468.0,-4590.009182509861,678.0572427848606
2025-01-06,1382.9908174901393,0,900,900,0.0,0.0,0.0,0.0,0,0,100,20093.99081749014,20093.99081749014,19985.99081749014,24708.0,24708.0,24588.0,-4602.009182509861,690.0633628448609
2025-01-07,1382.9908174901393,0,900,900,0.0,0.0,0.0,0.0,0,0,100,20111.99081749014,20111.99081749014,20507.99081749014,24728.0,24728.0,25168.0,-4660.009182509861,748.0929431348609
2025-01-08,1382.9908174901393,0,900,900,0.0,0.0,0.0,0.0,0,0,100,20192.99081749014,20192.99081749014,19949.99081749014,24818.0,24818.0,24548.0,-4598.009182509861,686.0613228248608
2025-01-09,1382.9908174901393,0,900,900,0.0,0.0,0.0,0.0,0,0,100,19940.99081749014,19940.99081749014,19868.99081749014,24538.0,24538.0,24458.0,-4589.009182509861,677.0567327798608
2025-01-10,1382.9908174901393,0,900,900,0.0,0.0,0.0,0.0,0,0,100,19823.99081749014,19823.99081749014,19157.99081749014,24408.0,24408.0,23668.0,-4510.009182509861,598.0164423848607
2025-01-13,1382.9908174901393,0,900,900,0.0,0.0,0.0,0.0,0,0,100,18914.99081749014,18914.99081749014,19130.99081749014,23398.0,23398.0,23638.0,-4507.009182509861,595.0149123698607
2025-01-14,1382.9908174901393,0,900,900,0.0,0.0,0.0,0.0,0,0,100,19157.99081749014,19157.99081749014,19895.99081749014,23668.0,23668.0,24488.0,-4592.009182509861,680.0582627948606
2025-01-15,1382.9908174901393,0,900,900,0.0,0.0,0.0,0.0,0,0,100,19832.99081749014,19832.99081749014,19508.99081749014,24418.0,24418.0,24058.0,-4549.009182509861,637.0363325798605
2025-01-16,1382.9908174901393,0,900,900,0.0,0.0,0.0,0.0,0,0,100,19697.99081749014,19697.99081749014,20138.99081749014,24268.0,24268.0,24758.0,-4619.009182509861,707.0720329298606
2025-01-17,1382.9908174901393,0,900,900,0.0,0.0,0.0,0.0,0,0,100,19994.99081749014,19994.99081749014,19976.99081749014,24598.0,24598.0,24578.0,-4601.009182509861,689.0628528398606
2025-01-20,1382.9908174901393,0,900,900,0.0,0.0,0.0,0.0,0,0,100,20201.99081749014,20201.99081749014,20075.99081749014,24828.0,24828.0,24688.0,-4612.009182509861,700.0684628948607
2025-01-21,1382.9908174901393,0,900,900,0.0,0.0,0.0,0.0,0,0,100,20246.99081749014,20246.99081749014,20471.99081749014,24878.0,24878.0,25128.0,-4656.009182509861,744.0909031148608
2025-01-22,1382.9908174901393,0,900,900,0.0,0.0,0.0,0.0,0,0,100,20660.99081749014,20660.99081749014,22379.99081749014,25338.0,25338.0,27248.0,-4868.009182509861,956.1990241748604
2025-01-23,1382.9908174901393,0,900,900,0.0,0.0,0.0,0.0,0,0,100,22811.99081749014,22811.99081749014,22082.99081749014,27728.0,27728.0,26918.0,-4835.009182509861,923.1821940098607
2025-01-24,1382.9908174901393,0,900,900,0.0,0.0,0.0,0.0,0,0,100,21821.99081749014,21821.99081749014,22397.99081749014,26628.0,26628.0,27268.0,-4870.009182509861,958.2000441848609
2025-01-27,1382.9908174901393,0,900,900,0.0,0.0,0.0,0.0,0,0,100,21677.99081749014,21677.99081749014,20687.99081749014,26468.0,26468.0,25368.0,-4680.009182509861,768.1031432348605
2025-02-05,1382.9908174901393,0,900,900,0.0,0.0,0.0,0.0,0,0,100,19886.99081749014,19886.99081749014,19382.99081749014,24478.0,24478.0,23918.0,-4535.009182509861,623.0291925098606
2025-02-06,1382.9908174901393,0,900,900,0.0,0.0,0.0,0.0,0,0,100,19661.99081749014,19661.99081749014,19814.99081749014,24228.0,24228.0,24398.0,-4583.009182509861,671.0536727498607
2025-02-07,1382.9908174901393,0,900,900,0.0,0.0,0.0,0.0,0,0,100,19985.99081749014,19985.99081749014,20777.99081749014,24588.0,24588.0,25468.0,-4690.009182509861,778.1082432848607
2025-02-10,1382.9908174901393,0,900,900,0.0,0.0,0.0,0.0,0,0,100,20876.99081749014,20876.99081749014,20930.99081749014,25578.0,25578.0,25638.0,-4707.009182509861,795.1169133698604
2025-02-11,1382.9908174901393,0,900,900,0.0,0.0,0.0,0.0,0,0,100,21002.99081749014,21002.99081749014,20975.99081749014,25718.0,25718.0,25688.0,-4712.009182509861,800.1194633948608
2025-02-12,1382.9908174901393,0,900,900,0.0,0.0,0.0,0.0,0,0,100,20930.99081749014,20930.99081749014,21317.99081749014,25638.0,25638.0,26068.0,-4750.009182509861,838.1388435848608
2025-02-13,1382.9908174901393,0,900,900,0.0,0.0,0.0,0.0,0,0,100,21227.99081749014,21227.99081749014,20993.99081749014,25968.0,25968.0,25708.0,-4714.009182509861,802.1204834048608
2025-02-14,1382.9908174901393,0,900,900,0.0,0.0,0.0,0.0,0,0,100,21011.99081749014,21011.99081749014,21272.99081749014,25728.0,25728.0,26018.0,-4745.009182509861,833.1362935598609
2025-02-17,1382.9908174901393,0,900,900,0.0,0.0,0.0,0.0,0,0,100,21596.99081749014,21596.99081749014,21992.99081749014,26378.0,26378.0,26818.0,-4825.009182509861,913.1770939598605
2025-02-18,1382.9908174901393,0,900,900,0.0,0.0,0.0,0.0,0,0,100,21992.99081749014,21992.99081749014,21794.99081749014,26818.0,26818.0,26598.0,-4803.009182509861,891.1658738498609
2025-02-19,1382.9908174901393,0,900,900,0.0,0.0,0.0,0.0,0,0,100,21722.99081749014,21722.99081749014,22298.99081749014,26518.0,26518.0,27158.0,-4859.009182509861,947.1944341298604
2025-02-20,1382.9908174901393,0,900,900,0.0,0.0,0.0,0.0,0,0,100,22127.99081749014,22127.99081749014,21740.99081749014,26968.0,26968.0,26538.0,-4797.009182509861,885.1628138198607
2025-02-21,1382.9908174901393,0,900,900,0.0,0.0,0.0,0.0,0,0,100,21965.99081749014,21965.99081749014,22262.99081749014,26788.0,26788.0,27118.0,-4855.009182509861,943.1923941098607
2025-02-24,1382.9908174901393,0,900,900,0.0,0.0,0.0,0.0,0,0,100,22424.99081749014,22424.99081749014,22271.99081749014,27298.0,27298.0,27128.0,-4856.009182509861,944.1929041148605
2025-02-25,1382.9908174901393,0,900,900,0.0,0.0,0.0,0.0,0,0,100,21902.99081749014,21902.99081749014,22154.99081749014,26718.0,26718.0,26998.0,-4843.009182509861,931.1862740498609
2025-02-26,1382.9908174901393,0,900,900,0.0,0.0,0.0,0.0,0,0,100,22073.99081749014,22073.99081749014,21875.99081749014,26908.0,26908.0,26688.0,-4812.009182509861,900.1704638948609
2025-02-27,1382.9908174901393,0,900,900,0.0,0.0,0.0,0.0,0,0,100,21992.99081749014,21992.99081749014,21146.99081749014,26818.0,26818.0,25878.0,-4731.009182509861,819.1291534898605
2025-02-28,1382.9908174901393,0,900,900,0.0,0.0,0.0,0.0,0,0,100,20372.99081749014,20372.99081749014,20453.99081749014,25018.0,25018.0,25108.0,-4654.009182509861,742.0898831048607
2025-03-03,1382.9908174901393,0,900,900,0.0,0.0,0.0,0.0,0,0,100,20615.99081749014,20615.99081749014,20345.99081749014,25288.0,25288.0,24988.0,-4642.009182509861,730.0837630448605
2025-03-04,1382.9908174901393,0,900,900,0.0,0.0,0.0,0.0,0,0,100,19733.99081749014,19733.99081749014,20318.99081749014,24308.0,24308.0,24958.0,-4639.009182509861,727.0822330298602
2025-03-05,1382.9908174901393,0,900,900,0.0,0.0,0.0,0.0,0,0,100,20318.99081749014,20318.99081749014,20318.99081749014,24958.0,24958.0,24958.0,-4639.009182509861,727.0822330298602
2025-03-06,1382.9908174901393,0,900,900,0.0,0.0,0.0,0.0,0,0,100,20462.99081749014,20462.99081749014,20570.99081749014,25118.0,25118.0,25238.0,-4667.009182509861,755.0965131698604
2025-03-07,1382.9908174901393,0,900,900,0.0,0.0,0.0,0.0,0,0,100,20399.99081749014,20399.99081749014,20165.99081749014,25048.0,25048.0,24788.0,-4622.009182509861,710.0735629448604
2025-03-10,1382.9908174901393,0,900,900,0.0,0.0,0.0,0.0,0,0,100,20219.99081749014,20219.99081749014,20309.99081749014,24848.0,24848.0,24948.0,-4638.009182509861,726.0817230248608
2025-03-11,1382.9908174901393,0,900,900,0.0,0.0,0.0,0.0,0,0,100,19931.99081749014,19931.99081749014,20120.99081749014,24528.0,24528.0,24738.0,-4617.009182509861,705.0710129198606
2025-03-12,1382.9908174901393,0,900,900,0.0,0.0,0.0,0.0,0,0,100,20210.99081749014,20210.99081749014,20201.99081749014,24838.0,24838.0,24828.0,-4626.009182509861,714.0756029648605
2025-03-13,1382.9908174901393,0,900,900,0.0,0.0,0.0,0.0,0,0,100,20309.99081749014,20309.99081749014,19985.99081749014,24948.0,24948.0,24588.0,-4602.009182509861,690.0633628448609
2025-03-14,1382.9908174901393,0,900,900,0.0,0.0,0.0,0.0,0,0,100,20111.99081749014,20111.99081749014,20516.99081749014,24728.0,24728.0,25178.0,-4661.009182509861,749.0934531398607
2025-03-17,1382.9908174901393,0,900,900,0.0,0.0,0.0,0.0,0,0,100,20822.99081749014,20822.99081749014,20750.99081749014,25518.0,25518.0,25438.0,-4687.009182509861,775.1067132698608
2025-03-18,1382.9908174901393,0,900,900,0.0,0.0,0.0,0.0,0,0,100,20714.99081749014,20714.99081749014,20768.99081749014,25398.0,25398.0,25458.0,-4689.009182509861,777.1077332798604
2025-03-19,1382.9908174901393,0,900,900,0.0,0.0,0.0,0.0,0,0,100,20642.99081749014,20642.99081749014,20300.99081749014,25318.0,25318.0,24938.0,-4637.009182509861,725.0812130198606
2025-03-20,1382.9908174901393,0,900,900,0.0,0.0,0.0,0.0,0,0,100,20381.99081749014,20381.99081749014,20147.99081749014,25028.0,25028.0,24768.0,-4620.009182509861,708.0725429348608
2025-03-21,1382.9908174901393,0,900,900,0.0,0.0,0.0,0.0,0,0,100,20084.99081749014,20084.99081749014,19949.99081749014,24698.0,24698.0,24548.0,-4598.009182509861,686.0613228248608
2025-03-24,1382.9908174901393,0,900,900,0.0,0.0,0.0,0.0,0,0,100,20003.99081749014,20003.99081749014,20138.99081749014,24608.0,24608.0,24758.0,-4619.009182509861,707.0720329298606
2025-03-25,1382.9908174901393,0,900,900,0.0,0.0,0.0,0.0,0,0,100,20093.99081749014,20093.99081749014,19841.99081749014,24708.0,24708.0,24428.0,-4586.009182509861,674.0552027648605
2025-03-26,1382.9908174901393,0,900,900,0.0,0.0,0.0,0.0,0,0,100,19769.99081749014,19769.99081749014,19724.99081749014,24348.0,24348.0,24298.0,-4573.009182509861,661.0485726998604
2025-03-27,1382.9908174901393,0,900,900,0.0,0.0,0.0,0.0,0,0,100,19571.99081749014,19571.99081749014,19580.99081749014,24128.0,24128.0,24138.0,-4557.009182509861,645.0404126198607
2025-03-28,1382.9908174901393,0,900,900,0.0,0.0,0.0,0.0,0,0,100,19562.99081749014,19562.99081749014,19364.99081749014,24118.0,24118.0,23898.0,-4533.009182509861,621.0281724998606
2025-03-31,1382.9908174901393,0,900,900,0.0,0.0,0.0,0.0,0,0,100,19202.99081749014,19202.99081749014,19256.99081749014,23718.0,23718.0,23778.0,-4521.009182509861,609.0220524398605
2025-04-01,1382.9908174901393,0,900,900,0.0,0.0,0.0,0.0,0,0,100,19337.99081749014,19337.99081749014,19400.99081749014,23868.0,23868.0,23938.0,-4537.009182509861,625.0302125198607
2025-04-02,1382.9908174901393,0,900,900,0.0,0.0,0.0,0.0,0,0,100,19337.99081749014,19337.99081749014,19382.99081749014,23868.0,23868.0,23918.0,-4535.009182509861,623.0291925098606
2025-04-03,1382.9908174901393,0,900,900,0.0,0.0,0.0,0.0,0,0,100,19067.99081749014,19067.99081749014,18527.99081749014,23568.0,23568.0,22968.0,-4440.009182509861,527.9807420348607
2025-04-07,1382.9908174901393,0,900,900,0.0,0.0,0.0,0.0,0,0,100,16817.990817490136,16817.990817490136,16817.990817490136,21068.0,21068.0,21068.0,-4250.009182509864,337.88384108486025
2025-04-08,1382.9908174901393,0,900,900,0.0,0.0,0.0,0.0,0,0,100,16043.99081749014,16043.99081749014,15278.99081749014,20208.0,20208.0,19358.0,-4079.0091825098607,166.79663022986074
2025-04-09,1382.9908174901393,0,900,900,0.0,0.0,0.0,0.0,0,0,100,14504.99081749014,14504.99081749014,16079.990817490137,18498.0,18498.0,20248.0,-4168.0091825098625,255.84202067486035
2025-04-10,1382.9908174901393,0,900,900,0.0,0.0,0.0,0.0,0,0,100,17492.990817490136,17492.990817490136,17546.99081749014,21818.0,21818.0,21878.0,-4331.009182509861,418.9251514898606
2025-04-11,1382.9908174901393,0,900,900,0.0,0.0,0.0,0.0,0,0,100,17267.990817490136,17267.990817490136,17402.99081749014,21568.0,21568.0,21718.0,-4315.009182509861,402.91699140986066
2025-04-14,1382.9908174901393,0,900,900,0.0,0.0,0.0,0.0,0,0,100,17942.99081749014,17942.99081749014,17510.990817490143,22318.0,22318.0,21838.0,-4327.009182509857,414.92311146986094
2025-04-15,1382.9908174901393,0,900,900,0.0,0.0,0.0,0.0,0,0,100,17510.990817490143,17510.990817490143,17672.990817490143,21838.0,21838.0,22018.0,-4345.009182509857,432.9322915598609
2025-04-16,1382.9908174901393,0,900,900,0.0,0.0,0.0,0.0,0,0,100,17582.99081749014,17582.99081749014,17132.99081749014,21918.0,21918.0,21418.0,-4285.009182509861,372.9016912598606
2025-04-17,1382.9908174901393,0,900,900,0.0,0.0,0.0,0.0,0,0,100,16880.990817490136,16880.990817490136,17042.990817490136,21138.0,21138.0,21318.0,-4275.009182509864,362.8965912098604
2025-04-18,1382.9908174901393,0,900,900,0.0,0.0,0.0,0.0,0,0,100,17042.990817490136,17042.990817490136,17186.990817490136,21318.0,21318.0,21478.0,-4291.009182509864,378.9047512898603
2025-04-21,1382.9908174901393,0,900,900,0.0,0.0,0.0,0.0,0,0,100,17177.99081749014,17177.99081749014,17411.990817490136,21468.0,21468.0,21728.0,-4316.009182509864,403.91750141486045
2025-04-22,1382.9908174901393,0,900,900,0.0,0.0,0.0,0.0,0,0,100,17312.99081749014,17312.99081749014,17384.990817490143,21618.0,21618.0,21698.0,-4313.009182509857,400.9159713998606
2025-04-23,1382.9908174901393,0,900,900,0.0,0.0,0.0,0.0,0,0,100,17753.990817490143,17753.990817490143,17798.99081749014,22108.0,22108.0,22158.0,-4359.009182509861,446.93943162986034
2025-04-24,1382.9908174901393,0,900,900,0.0,0.0,0.0,0.0,0,0,100,17816.99081749014,17816.99081749014,17510.990817490143,22178.0,22178.0,21838.0,-4327.009182509857,414.92311146986094
2025-04-25,1382.9908174901393,0,900,900,0.0,0.0,0.0,0.0,0,0,100,17663.99081749014,17663.99081749014,17798.99081749014,22008.0,22008.0,22158.0,-4359.009182509861,446.93943162986034
2025-04-28,1382.9908174901393,0,900,900,0.0,0.0,0.0,0.0,0,0,100,17816.99081749014,17816.99081749014,17582.99081749014,22178.0,22178.0,21918.0,-4335.009182509861,422.92719150986045
2025-04-29,1382.9908174901393,0,900,900,0.0,0.0,0.0,0.0,0,0,100,17573.990817490136,17573.990817490136,17663.99081749014,21908.0,21908.0,22008.0,-4344.009182509861,431.93178155486066
2025-04-30,1382.9908174901393,0,900,900,0.0,0.0,0.0,0.0,0,0,100,17807.99081749014,17807.99081749014,17636.990817490136,22168.0,22168.0,21978.0,-4341.009182509864,428.93025153986036
2025-05-06,1382.9908174901393,0,900,900,0.0,0.0,0.0,0.0,0,0,100,17852.99081749014,17852.99081749014,18311.99081749014,22218.0,22218.0,22728.0,-4416.009182509861,503.9685019148603
2025-05-07,1382.9908174901393,0,900,900,0.0,0.0,0.0,0.0,0,0,100,18563.99081749014,18563.99081749014,18149.99081749014,23008.0,23008.0,22548.0,-4398.009182509861,485.9593218248606
2025-05-08,1382.9908174901393,0,900,900,0.0,0.0,0.0,0.0,0,0,100,18212.99081749014,18212.99081749014,18509.99081749014,22618.0,22618.0,22948.0,-4438.009182509861,525.9797220248606
2025-05-09,1382.9908174901393,0,900,900,0.0,0.0,0.0,0.0,0,0,100,18401.99081749014,18401.99081749014,18203.99081749014,22828.0,22828.0,22608.0,-4404.009182509861,491.9623818548607
2025-05-12,1382.9908174901393,0,900,900,0.0,0.0,0.0,0.0,0,0,100,18581.99081749014,18581.99081749014,18725.99081749014,23028.0,23028.0,23188.0,-4462.009182509861,549.9919621448605
2025-05-13,1382.9908174901393,0,900,900,0.0,0.0,0.0,0.0,0,0,100,19202.99081749014,19202.99081749014,18563.99081749014,23718.0,23718.0,23008.0,-4444.009182509861,531.9827820548605
2025-05-14,1382.9908174901393,0,900,900,0.0,0.0,0.0,0.0,0,0,100,18914.99081749014,18914.99081749014,18977.99081749014,23398.0,23398.0,23468.0,-4490.009182509861,578.0062422848607
2025-05-15,1382.9908174901393,0,900,900,0.0,0.0,0.0,0.0,0,0,100,18986.99081749014,18986.99081749014,18572.99081749014,23478.0,23478.0,23018.0,-4445.009182509861,532.9832920598608
2025-05-16,1382.9908174901393,0,900,900,0.0,0.0,0.0,0.0,0,0,100,18482.99081749014,18482.99081749014,18680.99081749014,22918.0,22918.0,23138.0,-4457.009182509861,544.9894121198604
2025-05-19,1382.9908174901393,0,900,900,0.0,0.0,0.0,0.0,0,0,100,18536.99081749014,18536.99081749014,18527.99081749014,22978.0,22978.0,22968.0,-4440.009182509861,527.9807420348607
2025-05-20,1382.9908174901393,0,900,900,0.0,0.0,0.0,0.0,0,0,100,18527.99081749014,18527.99081749014,18536.99081749014,22968.0,22968.0,22978.0,-4441.009182509861,528.9812520398605
2025-05-21,1382.9908174901393,0,900,900,0.0,0.0,0.0,0.0,0,0,100,18536.99081749014,18536.99081749014,18455.99081749014,22978.0,22978.0,22888.0,-4432.009182509861,519.9766619948607
2025-05-22,1382.9908174901393,0,900,900,0.0,0.0,0.0,0.0,0,0,100,18374.99081749014,18374.99081749014,18527.99081749014,22798.0,22798.0,22968.0,-4440.009182509861,527.9807420348607
2025-05-23,1382.9908174901393,0,900,900,0.0,0.0,0.0,0.0,0,0,100,18554.99081749014,18554.99081749014,18293.99081749014,22998.0,22998.0,22708.0,-4414.009182509861,501.96748190486073
2025-05-26,1382.9908174901393,0,900,900,0.0,0.0,0.0,0.0,0,0,100,18338.99081749014,18338.99081749014,18266.99081749014,22758.0,22758.0,22678.0,-4411.009182509861,498.9659518898609
2025-05-27,1382.9908174901393,0,900,900,0.0,0.0,0.0,0.0,0,0,100,18266.99081749014,18266.99081749014,18005.99081749014,22678.0,22678.0,22388.0,-4382.009182509861,469.95116174486066
2025-05-28,1382.9908174901393,0,900,900,0.0,0.0,0.0,0.0,0,0,100,18032.99081749014,18032.99081749014,18104.99081749014,22418.0,22418.0,22498.0,-4393.009182509861,480.95677179986023
2025-05-29,1382.9908174901393,0,900,900,0.0,0.0,0.0,0.0,0,0,100,18311.99081749014,18311.99081749014,19112.99081749014,22728.0,22728.0,23618.0,-4505.009182509861,593.0138923598606
2025-05-30,1382.9908174901393,0,900,900,0.0,0.0,0.0,0.0,0,0,100,18770.99081749014,18770.99081749014,18419.99081749014,23238.0,23238.0,22848.0,-4428.009182509861,515.9746219748604
2025-06-03,1382.9908174901393,0,900,900,0.0,0.0,0.0,0.0,0,0,100,18320.99081749014,18320.99081749014,18293.99081749014,22738.0,22738.0,22708.0,-4414.009182509861,501.96748190486073
2025-06-04,1382.9908174901393,0,900,900,0.0,0.0,0.0,0.0,0,0,100,18437.99081749014,18437.99081749014,18869.99081749014,22868.0,22868.0,23348.0,-4478.009182509861,566.0001222248607
2025-06-05,1382.9908174901393,0,900,900,0.0,0.0,0.0,0.0,0,0,100,18824.99081749014,18824.99081749014,19886.99081749014,23298.0,23298.0,24478.0,-4591.009182509861,679.0577527898604
2025-06-06,1382.9908174901393,0,900,900,0.0,0.0,0.0,0.0,0,0,100,19832.99081749014,19832.99081749014,19661.99081749014,24418.0,24418.0,24228.0,-4566.009182509861,654.0450026648605
2025-06-09,1382.9908174901393,0,900,900,0.0,0.0,0.0,0.0,0,0,100,19850.99081749014,19850.99081749014,19769.99081749014,24438.0,24438.0,24348.0,-4578.009182509861,666.0511227248603
2025-06-10,1382.9908174901393,0,900,900,0.0,0.0,0.0,0.0,0,0,100,19787.99081749014,19787.99081749014,19526.99081749014,24368.0,24368.0,24078.0,-4551.009182509861,639.0373525898606
2025-06-11,1382.9908174901393,0,900,900,0.0,0.0,0.0,0.0,0,0,100,19607.99081749014,19607.99081749014,19742.99081749014,24168.0,24168.0,24318.0,-4575.009182509861,663.0495927098605
2025-06-12,1382.9908174901393,0,900,900,0.0,0.0,0.0,0.0,0,0,100,19607.99081749014,19607.99081749014,19976.99081749014,24168.0,24168.0,24578.0,-4601.009182509861,689.0628528398606
2025-06-13,1382.9908174901393,0,900,900,0.0,0.0,0.0,0.0,0,0,100,19922.99081749014,19922.99081749014,20192.99081749014,24518.0,24518.0,24818.0,-4625.009182509861,713.0750929598607
2025-06-16,1382.9908174901393,0,900,900,0.0,0.0,0.0,0.0,0,0,100,20147.99081749014,20147.99081749014,20480.99081749014,24768.0,24768.0,25138.0,-4657.009182509861,745.0914131198606
2025-06-17,1382.9908174901393,0,900,900,0.0,0.0,0.0,0.0,0,0,100,20561.99081749014,20561.99081749014,19922.99081749014,25228.0,25228.0,24518.0,-4595.009182509861,683.0597928098605
2025-06-18,1382.9908174901393,0,900,900,0.0,0.0,0.0,0.0,0,0,100,19967.99081749014,19967.99081749014,20426.99081749014,24568.0,24568.0,25078.0,-4651.009182509861,739.0883530898609
2025-06-19,1382.9908174901393,0,900,900,0.0,0.0,0.0,0.0,0,0,100,20372.99081749014,20372.99081749014,20111.99081749014,25018.0,25018.0,24728.0,-4616.009182509861,704.0705029148608
2025-06-20,1382.9908174901393,0,900,900,0.0,0.0,0.0,0.0,0,0,100,20201.99081749014,20201.99081749014,19913.99081749014,24828.0,24828.0,24508.0,-4594.009182509861,682.0592828048607
2025-06-23,1382.9908174901393,0,900,900,0.0,0.0,0.0,0.0,0,0,100,19769.99081749014,19769.99081749014,19562.99081749014,24348.0,24348.0,24118.0,-4555.009182509861,643.0393926098607
2025-06-24,1382.9908174901393,0,900,900,0.0,0.0,0.0,0.0,0,0,100,19751.99081749014,19751.99081749014,19643.99081749014,24328.0,24328.0,24208.0,-4564.009182509861,652.0439826548607
2025-06-25,1382.9908174901393,0,900,900,0.0,0.0,0.0,0.0,0,0,100,19823.99081749014,19823.99081749014,20264.99081749014,24408.0,24408.0,24898.0,-4633.009182509861,721.0791729998605
2025-06-26,1382.9908174901393,0,900,900,0.0,0.0,0.0,0.0,0,0,100,20642.99081749014,20642.99081749014,20318.99081749014,25318.0,25318.0,24958.0,-4639.009182509861,727.0822330298602
2025-06-27,1382.9908174901393,0,900,900,0.0,0.0,0.0,0.0,0,0,100,20318.99081749014,20318.99081749014,20597.99081749014,24958.0,24958.0,25268.0,-4670.009182509861,758.0980431848607
2025-06-30,1382.9908174901393,0,900,900,0.0,0.0,0.0,0.0,0,0,100,20714.99081749014,20714.99081749014,20624.99081749014,25398.0,25398.0,25298.0,-4673.009182509861,761.0995731998605
2025-07-01,1382.9908174901393,0,900,900,0.0,0.0,0.0,0.0,0,0,100,20516.99081749014,20516.99081749014,20642.99081749014,25178.0,25178.0,25318.0,-4675.009182509861,763.1005932098606
2025-07-02,1382.9908174901393,0,900,900,0.0,0.0,0.0,0.0,0,0,100,20462.99081749014,20462.99081749014,20426.99081749014,25118.0,25118.0,25078.0,-4651.009182509861,739.0883530898609
2025-07-03,1382.9908174901393,0,900,900,0.0,0.0,0.0,0.0,0,0,100,20516.99081749014,20516.99081749014,22334.99081749014,25178.0,25178.0,27198.0,-4863.009182509861,951.1964741498605
2025-07-04,1382.9908174901393,0,900,900,0.0,0.0,0.0,0.0,0,0,100,22361.99081749014,22361.99081749014,22811.99081749014,27228.0,27228.0,27728.0,-4916.009182509861,1004.2235044148606
2025-07-07,1382.9908174901393,0,900,900,0.0,0.0,0.0,0.0,0,0,100,22802.99081749014,22802.99081749014,22964.99081749014,27718.0,27718.0,27898.0,-4933.009182509861,1021.2321744998608
2025-07-08,1382.9908174901393,0,900,900,0.0,0.0,0.0,0.0,0,0,100,23774.99081749014,23774.99081749014,25124.99081749014,28798.0,28798.0,30298.0,-5173.009182509861,1261.3545756998606
2025-07-09,1382.9908174901393,0,900,900,0.0,0.0,0.0,0.0,0,0,100,25682.99081749014,25682.99081749014,25322.99081749014,30918.0,30918.0,30518.0,-5195.009182509861,1283.3657958098606
2025-07-10,1382.9908174901393,0,900,900,0.0,0.0,0.0,0.0,0,0,100,25592.99081749014,25592.99081749014,24926.99081749014,30818.0,30818.0,30078.0,-5151.009182509861,1239.3433555898605
2025-07-11,1382.9908174901393,0,900,900,0.0,0.0,0.0,0.0,0,0,100,24872.99081749014,24872.99081749014,24782.99081749014,30018.0,30018.0,29918.0,-5135.009182509861,1223.3351955098606
2025-07-14,1382.9908174901393,0,900,900,0.0,0.0,0.0,0.0,0,0,100,24782.99081749014,24782.99081749014,24710.99081749014,29918.0,29918.0,29838.0,-5127.009182509861,1215.3311154698604
2025-07-15,1382.9908174901393,0,900,900,0.0,0.0,0.0,0.0,0,0,100,25052.99081749014,25052.99081749014,25907.99081749014,30218.0,30218.0,31168.0,-5260.009182509861,1348.3989461348606
2025-07-16,1382.9908174901393,0,900,900,0.0,0.0,0.0,0.0,0,0,100,25673.99081749014,25673.99081749014,25439.99081749014,30908.0,30908.0,30648.0,-5208.009182509861,1296.3724258748607
2025-07-17,1382.9908174901393,0,900,900,0.0,0.0,0.0,0.0,0,0,100,25349.99081749014,25349.99081749014,26132.99081749014,30548.0,30548.0,31418.0,-5285.009182509861,1373.4116962598605
2025-07-18,1382.9908174901393,0,900,900,0.0,0.0,0.0,0.0,0,0,100,26123.99081749014,26123.99081749014,25781.99081749014,31408.0,31408.0,31028.0,-5246.009182509861,1334.3918060648602
2025-07-21,1382.9908174901393,0,900,900,0.0,0.0,0.0,0.0,0,0,100,25682.99081749014,25682.99081749014,25700.99081749014,30918.0,30918.0,30938.0,-5237.009182509861,1325.3872160198603
2025-07-22,1382.9908174901393,0,900,900,0.0,0.0,0.0,0.0,0,0,100,25682.99081749014,25682.99081749014,25646.99081749014,30918.0,30918.0,30878.0,-5231.009182509861,1319.3841559898606
2025-07-23,1382.9908174901393,0,900,900,0.0,0.0,0.0,0.0,0,0,100,25232.99081749014,25232.99081749014,25304.99081749014,30418.0,30418.0,30498.0,-5193.009182509861,1281.3647757998606
2025-07-24,1382.9908174901393,0,900,900,0.0,0.0,0.0,0.0,0,0,100,25853.99081749014,25853.99081749014,26987.99081749014,31108.0,31108.0,32368.0,-5380.009182509861,1468.4601467348602
2025-07-25,1382.9908174901393,0,900,900,0.0,0.0,0.0,0.0,0,0,100,26987.99081749014,26987.99081749014,27176.99081749014,32368.0,32368.0,32578.0,-5401.009182509861,1489.4708568398605
2025-07-28,1382.9908174901393,0,900,900,0.0,0.0,0.0,0.0,0,0,100,27428.99081749014,27428.99081749014,27995.99081749014,32858.0,32858.0,33488.0,-5492.009182509861,1580.5172672948606
2025-07-29,1382.9908174901393,0,900,900,0.0,0.0,0.0,0.0,0,0,100,27986.99081749014,27986.99081749014,29453.99081749014,33478.0,33478.0,35108.0,-5654.009182509861,1742.5998881048604
2025-07-30,1382.9908174901393,0,900,900,0.0,0.0,0.0,0.0,0,0,100,29282.99081749014,29282.99081749014,31334.99081749014,34918.0,34918.0,37198.0,-5863.009182509861,1951.7064791498606
2025-07-31,1958.9908174901393,0,900,900,57.6,0.0,0.0,576.0,0,0,100,31835.39081749014,31835.39081749014,33050.39081749014,37818.0,37818.0,39168.0,-6117.609182509863,1566.3743098148602
2025-08-01,1958.9908174901393,0,900,900,57.6,0.0,0.0,0.0,0,0,100,32501.39081749014,32501.39081749014,31601.39081749014,38558.0,38558.0,37558.0,-5956.609182509859,1405.2921990098603
2025-08-04,1958.9908174901393,0,900,900,57.6,0.0,0.0,0.0,0,0,100,31061.39081749014,31061.39081749014,31574.39081749014,36958.0,36958.0,37528.0,-5953.609182509859,1402.2906689948604
2025-08-05,1958.9908174901393,0,900,900,57.6,0.0,0.0,0.0,0,0,100,32051.39081749014,32051.39081749014,33446.39081749014,38058.0,38058.0,39608.0,-6161.609182509863,1610.39675003486
2025-08-06,1958.9908174901393,0,900,900,57.6,0.0,0.0,0.0,0,0,100,32591.39081749014,32591.39081749014,32771.39081749014,38658.0,38658.0,38858.0,-6086.609182509863,1535.3584996598597
2025-08-07,1958.9908174901393,0,900,900,57.6,0.0,0.0,0.0,0,0,100,34481.390817490144,34481.390817490144,33986.39081749014,40758.0,40758.0,40208.0,-6221.609182509863,1670.4273503348604
2025-08-08,1958.9908174901393,0,900,900,57.6,0.0,0.0,0.0,0,0,100,34058.39081749014,34058.39081749014,34832.39081749014,40288.0,40288.0,41148.0,-6315.609182509863,1764.4752908048608
2025-08-11,1958.9908174901393,0,900,900,57.6,0.0,0.0,0.0,0,0,100,34751.39081749014,34751.39081749014,34616.39081749014,41058.0,41058.0,40908.0,-6291.609182509863,1740.4630506848603
2025-08-12,1958.9908174901393,0,900,900,57.6,0.0,0.0,0.0,0,0,100,34724.39081749014,34724.39081749014,37640.39081749014,41028.0,41028.0,44268.0,-6627.609182509863,2076.6344123648605
2025-08-13,1958.9908174901393,0,900,900,57.6,0.0,0.0,0.0,0,0,100,37649.39081749014,37649.39081749014,41213.39081749014,44278.0,44278.0,48238.0,-7024.609182509863,2473.8368843498606
2025-08-14,1958.9908174901393,0,900,900,57.6,0.0,0.0,0.0,0,0,100,41465.39081749014,41465.39081749014,40799.39081749014,48518.0,48518.0,47778.0,-6978.609182509863,2427.813424119861
2025-08-15,1958.9908174901393,0,900,900,57.6,0.0,0.0,0.0,0,0,100,40232.39081749014,40232.39081749014,42275.39081749014,47148.0,47148.0,49418.0,-7142.609182509863,2591.8970649398602
2025-08-18,1958.9908174901393,0,900,900,57.6,0.0,0.0,0.0,0,0,100,42221.39081749014,42221.39081749014,41915.39081749014,49358.0,49358.0,49018.0,-7102.609182509863,2551.87666473986
2025-08-19,1958.9908174901393,0,900,900,57.6,0.0,0.0,0.0,0,0,100,41519.39081749014,41519.39081749014,45920.39081749014,48578.0,48578.0,53468.0,-7547.609182509863,2997.10361696486
2025-08-20,1958.9908174901393,0,900,900,57.6,0.0,0.0,0.0,0,0,100,43751.39081749014,43751.39081749014,45020.39081749014,51058.0,51058.0,52468.0,-7447.609182509863,2897.0526164648604
2025-08-21,1958.9908174901393,0,900,900,57.6,0.0,0.0,0.0,0,0,100,44579.39081749014,44579.39081749014,42662.39081749014,51978.0,51978.0,49848.0,-7185.609182509863,2634.91899515486
2025-08-22,1958.9908174901393,0,900,900,57.6,0.0,0.0,0.0,0,0,100,41951.39081749014,41951.39081749014,43148.39081749014,49058.0,49058.0,50388.0,-7239.609182509863,2688.94653542486
2025-08-25,1958.9908174901393,0,900,900,57.6,0.0,0.0,0.0,0,0,100,43751.39081749014,43751.39081749014,45101.39081749014,51058.0,51058.0,52558.0,-7456.609182509863,2906.05720650986
2025-08-26,1958.9908174901393,0,900,900,57.6,0.0,0.0,0.0,0,0,100,44093.39081749014,44093.39081749014,42833.39081749014,51438.0,51438.0,50038.0,-7204.609182509863,2653.9286852498603
2025-08-27,1958.9908174901393,0,900,900,57.6,0.0,0.0,0.0,0,0,100,42401.39081749014,42401.39081749014,43049.39081749014,49558.0,49558.0,50278.0,-7228.609182509863,2677.940925369861
2025-08-28,1958.9908174901393,0,900,900,57.6,0.0,0.0,0.0,0,0,100,42041.39081749014,42041.39081749014,45947.39081749014,49158.0,49158.0,53498.0,-7550.609182509863,3000.105146979861
2025-08-29,1958.9908174901393,0,900,900,57.6,0.0,0.0,0.0,0,0,100,45101.39081749014,45101.39081749014,50348.39081749014,52558.0,52558.0,58388.0,-8039.609182509863,3489.354539424861
2025-09-01,1958.9908174901393,0,900,900,57.6,0.0,0.0,0.0,0,0,100,50492.39081749014,50492.39081749014,51959.39081749014,58548.0,58548.0,60178.0,-8218.609182509863,3668.4458303198603
2025-09-02,1958.9908174901393,0,900,900,57.6,0.0,0.0,0.0,0,0,100,52931.39081749014,52931.39081749014,50393.39081749014,61258.0,61258.0,58438.0,-8044.609182509863,3494.3570894498603
2025-09-03,1958.9908174901393,0,900,900,57.6,0.0,0.0,0.0,0,0,100,50393.39081749014,50393.39081749014,50717.39081749014,58438.0,58438.0,58798.0,-8080.609182509863,3530.37544962986
2025-09-04,1958.9908174901393,0,900,900,57.6,0.0,0.0,0.0,0,0,100,52751.39081749014,52751.39081749014,49718.39081749014,61058.0,61058.0,57688.0,-7969.609182509863,3419.3188390748605
2025-09-05,1958.9908174901393,0,900,900,57.6,0.0,0.0,0.0,0,0,100,49871.39081749014,49871.39081749014,52148.39081749014,57858.0,57858.0,60388.0,-8239.609182509863,3689.45654042486
2025-09-08,1958.9908174901393,0,900,900,57.6,0.0,0.0,0.0,0,0,100,51401.39081749014,51401.39081749014,48161.39081749014,59558.0,59558.0,55958.0,-7796.609182509863,3246.2306082098607
2025-09-09,1958.9908174901393,0,900,900,57.6,0.0,0.0,0.0,0,0,100,47261.39081749014,47261.39081749014,45812.39081749014,54958.0,54958.0,53348.0,-7535.609182509863,2985.09749690486
2025-09-10,1958.9908174901393,0,900,900,57.6,0.0,0.0,0.0,0,0,100,48341.39081749014,48341.39081749014,50204.39081749014,56158.0,56158.0,58228.0,-8023.609182509863,3473.3463793448605
2025-09-11,1958.9908174901393,0,900,900,57.6,0.0,0.0,0.0,0,0,100,52121.39081749014,52121.39081749014,55037.39081749014,60358.0,60358.0,63598.0,-8560.609182509863,4010.62025202986
2025-09-12,1958.9908174901393,0,900,900,57.6,0.0,0.0,0.0,0,0,100,54893.39081749014,54893.39081749014,57611.39081749014,63438.0,63438.0,66458.0,-8846.609182509863,4296.76611345986
2025-09-15,1958.9908174901393,0,900,900,57.6,0.0,0.0,0.0,0,0,100,55901.39081749014,55901.39081749014,55811.39081749014,64558.0,64558.0,64458.0,-8646.609182509863,4096.664112459861
2025-09-16,1958.9908174901393,0,900,900,57.6,0.0,0.0,0.0,0,0,100,55784.39081749014,55784.39081749014,55658.39081749014,64428.0,64428.0,64288.0,-8629.609182509863,4079.6554423748607
2025-09-17,1958.9908174901393,0,900,900,57.6,0.0,0.0,0.0,0,0,100,54911.39081749014,54911.39081749014,56909.39081749014,63458.0,63458.0,65678.0,-8768.609182509863,4218.726333069861
2025-09-18,1958.9908174901393,0,900,900,57.6,0.0,0.0,0.0,0,0,100,55352.39081749014,55352.39081749014,59825.39081749014,63948.0,63948.0,68918.0,-9092.609182509863,4542.891574689861
2025-09-19,1958.9908174901393,0,900,900,57.6,0.0,0.0,0.0,0,0,100,60977.39081749014,60977.39081749014,61391.39081749014,70198.0,70198.0,70658.0,-9266.609182509863,4716.980315559859
2025-09-22,1958.9908174901393,0,900,900,57.6,0.0,0.0,0.0,0,0,100,61796.39081749014,61796.39081749014,65351.39081749014,71108.0,71108.0,75058.0,-9706.609182509863,5157.204717759861
2025-09-23,1958.9908174901393,0,900,900,57.6,0.0,0.0,0.0,0,0,100,69149.39081749013,69149.39081749013,65684.39081749014,79278.0,79278.0,75428.0,-9743.609182509856,5194.223587944861
2025-09-24,1958.9908174901393,0,900,900,57.6,0.0,0.0,0.0,0,0,100,63821.39081749014,63821.39081749014,63668.39081749014,73358.0,73358.0,73188.0,-9519.609182509863,4970.109346824861
2025-09-25,1958.9908174901393,0,900,900,57.6,0.0,0.0,0.0,0,0,100,62993.39081749014,62993.39081749014,63515.39081749014,72438.0,72438.0,73018.0,-9502.609182509863,4953.10067673986
2025-09-26,1958.9908174901393,0,900,900,0.0,0.0,0.0,0.0,0,0,100,62753.990817490136,62753.990817490136,60341.99081749015,72108.0,72108.0,69428.0,-9086.00918250985,4536.31758494486
2025-09-29,1958.9908174901393,0,900,900,0.0,0.0,0.0,0.0,0,0,100,60323.990817490136,60323.990817490136,61880.990817490136,69408.0,69408.0,71138.0,-9257.009182509864,4707.40479579986
2025-09-30,1958.9908174901393,0,900,900,0.0,0.0,0.0,0.0,0,0,100,62078.990817490136,62078.990817490136,61367.99081749015,71358.0,71358.0,70568.0,-9200.00918250985,4650.375725514861
2025-10-09,1958.9908174901393,0,900,900,0.0,0.0,0.0,0.0,0,0,100,62357.990817490136,62357.990817490136,63563.990817490136,71668.0,71668.0,73008.0,-9444.009182509864,4894.500166734861
2025-10-10,1958.9908174901393,0,900,900,0.0,0.0,0.0,0.0,0,0,100,63437.990817490136,63437.990817490136,61727.990817490136,72868.0,72868.0,70968.0,-9240.009182509864,4690.39612571486
2025-10-13,1958.9908174901393,0,900,900,0.0,0.0,0.0,0.0,0,0,100,56858.990817490136,56858.990817490136,59090.990817490136,65558.0,65558.0,68038.0,-8947.009182509864,4397.24669424986
2025-10-14,1958.9908174901393,0,900,900,0.0,0.0,0.0,0.0,0,0,100,60449.990817490136,60449.990817490136,55706.990817490136,69548.0,69548.0,64278.0,-8571.009182509864,4021.0549323698606
2025-10-15,1958.9908174901393,0,900,900,0.0,0.0,0.0,0.0,0,0,100,55706.990817490136,55706.990817490136,59000.990817490136,64278.0,64278.0,67938.0,-8937.009182509864,4387.241594199861
2025-10-16,1958.9908174901393,0,900,900,0.0,0.0,0.0,0.0,0,0,100,57758.990817490136,57758.990817490136,59189.990817490136,66558.0,66558.0,68148.0,-8958.009182509864,4408.2523043048595
2025-10-17,1958.9908174901393,0,900,900,0.0,0.0,0.0,0.0,0,0,100,58658.990817490136,58658.990817490136,55967.990817490136,67558.0,67558.0,64568.0,-8600.009182509864,4050.0697225148606
2025-10-20,1958.9908174901393,0,900,900,0.0,0.0,0.0,0.0,0,0,100,57758.990817490136,57758.990817490136,57812.990817490136,66558.0,66558.0,66618.0,-8805.009182509864,4255.174273539861
2025-10-21,1958.9908174901393,0,900,900,0.0,0.0,0.0,0.0,0,0,100,58604.990817490136,58604.990817490136,63158.990817490136,67498.0,67498.0,72558.0,-9399.009182509864,4849.47721650986
2025-10-22,1958.9908174901393,0,900,900,0.0,0.0,0.0,0.0,0,0,100,62249.990817490136,62249.990817490136,60872.990817490136,71548.0,71548.0,70018.0,-9145.009182509864,4595.347675239859
2025-10-23,1958.9908174901393,0,900,900,0.0,0.0,0.0,0.0,0,0,100,60278.990817490136,60278.990817490136,59549.990817490136,69358.0,69358.0,68548.0,-8998.009182509864,4448.2727045048605
2025-10-24,1958.9908174901393,0,900,900,0.0,0.0,0.0,0.0,0,0,100,60620.99081749015,60620.99081749015,62483.990817490136,69738.0,69738.0,71808.0,-9324.009182509864,4774.43896613486
2025-10-27,1958.9908174901393,0,900,900,0.0,0.0,0.0,0.0,0,0,100,64292.99081749015,64292.99081749015,67442.99081749015,73818.0,73818.0,77318.0,-9875.00918250985,5325.7199788898615
2025-10-28,1958.9908174901393,0,900,900,0.0,0.0,0.0,0.0,0,0,100,66020.99081749015,66020.99081749015,68549.99081749014,75738.0,75738.0,78548.0,-9998.009182509864,5448.78270950486
2025-10-29,1958.9908174901393,0,900,900,0.0,0.0,0.0,0.0,0,0,100,72266.99081749014,72266.99081749014,74678.99081749014,82678.0,82678.0,85358.0,-10679.009182509864,6130.130022909861
2025-10-30,1958.9908174901393,0,900,900,0.0,0.0,0.0,0.0,0,0,100,73958.99081749014,73958.99081749014,72131.99081749014,84558.0,84558.0,82528.0,-10396.009182509864,5846.9856914948605
2025-10-31,1958.9908174901393,0,900,900,0.0,0.0,0.0,0.0,0,0,100,72113.99081749014,72113.99081749014,66758.99081749014,82508.0,82508.0,76558.0,-9799.009182509864,5249.68121850986
2025-11-03,1958.9908174901393,0,900,900,0.0,0.0,0.0,0.0,0,0,100,65282.990817490136,65282.990817490136,69359.99081749014,74918.0,74918.0,79448.0,-10088.009182509864,5538.82860995486
2025-11-04,1958.9908174901393,0,900,900,0.0,0.0,0.0,0.0,0,0,100,69251.99081749014,69251.99081749014,68099.99081749014,79328.0,79328.0,78048.0,-9948.009182509864,5398.757209254859
2025-11-05,1958.9908174901393,0,900,900,0.0,0.0,0.0,0.0,0,0,100,65237.990817490136,65237.990817490136,69674.99081749014,74868.0,74868.0,79798.0,-10123.009182509864,5573.846460129859
2025-11-06,1958.9908174901393,0,900,900,0.0,0.0,0.0,0.0,0,0,100,69674.99081749014,69674.99081749014,70556.99081749014,79798.0,79798.0,80778.0,-10221.009182509864,5671.89644061986
2025-11-07,1958.9908174901393,0,900,900,0.0,0.0,0.0,0.0,0,0,100,68621.99081749014,68621.99081749014,67388.99081749014,78628.0,78628.0,77258.0,-9869.009182509864,5319.71691885986
2025-11-10,1958.9908174901393,0,900,900,0.0,0.0,0.0,0.0,0,0,100,66758.99081749014,66758.99081749014,66308.99081749014,76558.0,76558.0,76058.0,-9749.009182509864,5199.655718259861
2025-11-11,1958.9908174901393,0,900,900,0.0,0.0,0.0,0.0,0,0,100,66758.99081749014,66758.99081749014,63185.990817490136,76558.0,76558.0,72588.0,-9402.009182509864,4852.478746524861
2025-11-12,1958.9908174901393,0,900,900,0.0,0.0,0.0,0.0,0,0,100,61763.990817490136,61763.990817490136,63698.990817490136,71008.0,71008.0,73158.0,-9459.009182509864,4909.507816809859
2025-11-13,1958.9908174901393,0,900,900,0.0,0.0,0.0,0.0,0,0,100,62780.990817490136,62780.990817490136,63149.990817490136,72138.0,72138.0,72548.0,-9398.009182509864,4848.476706504859
2025-11-14,1958.9908174901393,0,900,900,0.0,0.0,0.0,0.0,0,0,100,61178.990817490136,61178.990817490136,59801.990817490136,70358.0,70358.0,68828.0,-9026.009182509864,4476.28698464486
2025-11-17,1958.9908174901393,0,900,900,0.0,0.0,0.0,0.0,0,0,100,59909.990817490136,59909.990817490136,60404.990817490136,68948.0,68948.0,69498.0,-9093.009182509864,4543.32115497986
2025-11-18,1958.9908174901393,0,900,900,0.0,0.0,0.0,0.0,0,0,100,59243.990817490136,59243.990817490136,60206.990817490136,68208.0,68208.0,69278.0,-9071.009182509864,4521.309934869861
2025-11-19,1958.9908174901393,0,900,900,0.0,0.0,0.0,0.0,0,0,100,60008.990817490136,60008.990817490136,60512.990817490136,69058.0,69058.0,69618.0,-9105.009182509864,4555.32727503986
2025-11-20,1958.9908174901393,0,900,900,0.0,0.0,0.0,0.0,0,0,100,63212.990817490136,63212.990817490136,61304.990817490136,72618.0,72618.0,70498.0,-9193.009182509864,4643.37215547986
2025-11-21,1958.9908174901393,0,900,900,0.0,0.0,0.0,0.0,0,0,100,58703.990817490136,58703.990817490136,56561.990817490136,67608.0,67608.0,65228.0,-8666.009182509864,4116.10338284486
2025-11-24,1958.9908174901393,0,900,900,0.0,0.0,0.0,0.0,0,0,100,56858.990817490136,56858.990817490136,52304.990817490136,65558.0,65558.0,60498.0,-8193.009182509864,3642.8621504798602
2025-11-25,1958.9908174901393,0,900,900,0.0,0.0,0.0,0.0,0,0,100,52682.990817490136,52682.990817490136,52907.990817490136,60918.0,60918.0,61168.0,-8260.009182509864,3709.8963208148607
2025-11-26,1958.9908174901393,0,900,900,0.0,0.0,0.0,0.0,0,0,100,51737.990817490136,51737.990817490136,54995.990817490136,59868.0,59868.0,63488.0,-8492.009182509864,3942.0146419748608
2025-11-27,1958.9908174901393,0,900,900,0.0,0.0,0.0,0.0,0,0,100,55976.990817490136,55976.990817490136,56201.990817490136,64578.0,64578.0,64828.0,-8626.009182509864,4076.0829826448607
2025-11-28,1958.9908174901393,0,900,900,0.0,0.0,0.0,0.0,0,0,100,56174.990817490136,56174.990817490136,56606.990817490136,64798.0,64798.0,65278.0,-8671.009182509864,4121.105932869861
2025-12-01,1958.9908174901393,0,900,900,0.0,0.0,0.0,0.0,0,0,100,55985.990817490136,55985.990817490136,55787.990817490136,64588.0,64588.0,64368.0,-8580.009182509864,4030.059522414861
2025-12-02,1958.9908174901393,0,900,900,0.0,0.0,0.0,0.0,0,0,100,55805.990817490136,55805.990817490136,56822.990817490136,64388.0,64388.0,65518.0,-8695.009182509864,4145.118172989861
2025-12-03,1958.9908174901393,0,900,900,0.0,0.0,0.0,0.0,0,0,100,56858.990817490136,56858.990817490136,57470.990817490136,65558.0,65558.0,66238.0,-8767.009182509864,4217.154893349861
2025-12-04,1958.9908174901393,0,900,900,0.0,0.0,0.0,0.0,0,0,100,56750.990817490136,56750.990817490136,57218.990817490136,65438.0,65438.0,65958.0,-8739.009182509864,4189.14061320986
2025-12-05,1958.9908174901393,0,900,900,0.0,0.0,0.0,0.0,0,0,100,57749.990817490136,57749.990817490136,56966.990817490136,66548.0,66548.0,65678.0,-8711.009182509864,4161.12633306986
2025-12-08,1958.9908174901393,0,900,900,0.0,0.0,0.0,0.0,0,0,100,56633.990817490136,56633.990817490136,59027.990817490136,65308.0,65308.0,67968.0,-8940.009182509864,4390.24312421486
2025-12-09,1958.9908174901393,0,900,900,0.0,0.0,0.0,0.0,0,0,100,59558.990817490136,59558.990817490136,63149.990817490136,68558.0,68558.0,72548.0,-9398.009182509864,4848.476706504859
2025-12-10,1958.9908174901393,0,900,900,0.0,0.0,0.0,0.0,0,0,100,62114.990817490136,62114.990817490136,60647.990817490136,71398.0,71398.0,69768.0,-9120.009182509864,4570.334925114859
2025-12-11,1958.9908174901393,0,900,900,0.0,0.0,0.0,0.0,0,0,100,59567.99081749015,59567.99081749015,58028.990817490136,68568.0,68568.0,66858.0,-8829.009182509864,4279.186513659861
2025-12-12,1958.9908174901393,0,900,900,0.0,0.0,0.0,0.0,0,0,100,56858.990817490136,56858.990817490136,57533.990817490136,65558.0,65558.0,66308.0,-8774.009182509864,4224.158463384861
2025-12-15,1958.9908174901393,0,900,900,0.0,0.0,0.0,0.0,0,0,100,55508.990817490136,55508.990817490136,55184.990817490136,64058.0,64058.0,63698.0,-8513.009182509864,3963.0253520798606
2025-12-16,1958.9908174901393,0,900,900,0.0,0.0,0.0,0.0,0,0,100,55013.990817490136,55013.990817490136,55013.990817490136,63508.0,63508.0,63508.0,-8494.009182509864,3944.0156619848603
2025-12-17,1958.9908174901393,0,900,900,0.0,0.0,0.0,0.0,0,0,100,55148.990817490136,55148.990817490136,57308.990817490136,63658.0,63658.0,66058.0,-8749.009182509864,4199.145713259861
2025-12-18,1958.9908174901393,0,900,900,0.0,0.0,0.0,0.0,0,0,100,55562.990817490136,55562.990817490136,54410.990817490136,64118.0,64118.0,62838.0,-8427.009182509864,3876.981491649861
2025-12-19,1958.9908174901393,0,900,900,0.0,0.0,0.0,0.0,0,0,100,55229.990817490136,55229.990817490136,54428.990817490136,63748.0,63748.0,62858.0,-8429.009182509864,3878.9825116598604
2025-12-22,1958.9908174901393,0,900,900,0.0,0.0,0.0,0.0,0,0,100,55481.990817490136,55481.990817490136,56516.990817490136,64028.0,64028.0,65178.0,-8661.009182509864,4111.10083281986
2025-12-23,1958.9908174901393,0,900,900,0.0,0.0,0.0,0.0,0,0,100,56462.990817490136,56462.990817490136,58532.990817490136,65118.0,65118.0,67418.0,-8885.009182509864,4335.21507393986
2025-12-24,1958.9908174901393,0,900,900,0.0,0.0,0.0,0.0,0,0,100,59720.99081749015,59720.99081749015,60584.990817490136,68738.0,68738.0,69698.0,-9113.009182509864,4563.33135507986
2025-12-25,1958.9908174901393,0,900,900,0.0,0.0,0.0,0.0,0,0,100,60818.99081749015,60818.99081749015,62006.990817490136,69958.0,69958.0,71278.0,-9271.009182509864,4721.41193586986
2025-12-26,1958.9908174901393,0,900,900,0.0,0.0,0.0,0.0,0,0,100,61808.990817490136,61808.990817490136,59414.990817490136,71058.0,71058.0,68398.0,-8983.009182509864,4433.26505442986
2025-12-29,1958.9908174901393,0,900,900,0.0,0.0,0.0,0.0,0,0,100,59324.990817490136,59324.990817490136,60674.990817490136,68298.0,68298.0,69798.0,-9123.009182509864,4573.336455129859
2025-12-30,1958.9908174901393,0,900,900,0.0,0.0,0.0,0.0,0,0,100,59378.990817490136,59378.990817490136,59765.990817490136,68358.0,68358.0,68788.0,-9022.009182509864,4472.28494462486
2025-12-31,1958.9908174901393,0,900,900,0.0,0.0,0.0,0.0,0,0,100,59774.990817490136,59774.990817490136,57803.990817490136,68798.0,68798.0,66608.0,-8804.009182509864,4254.173763534861
2026-01-05,1958.9908174901393,0,900,900,0.0,0.0,0.0,0.0,0,0,100,58919.990817490136,58919.990817490136,59261.990817490136,67848.0,67848.0,68228.0,-8966.009182509864,4416.256384344861
2026-01-06,1958.9908174901393,0,900,900,0.0,0.0,0.0,0.0,0,0,100,59261.990817490136,59261.990817490136,59603.990817490136,68228.0,68228.0,68608.0,-9004.009182509864,4454.27576453486
2026-01-07,1958.9908174901393,0,900,900,0.0,0.0,0.0,0.0,0,0,100,59027.990817490136,59027.990817490136,58793.990817490136,67968.0,67968.0,67708.0,-8914.009182509864,4364.22986408486
2026-01-08,1958.9908174901393,0,900,900,0.0,0.0,0.0,0.0,0,0,100,58937.990817490136,58937.990817490136,57155.990817490136,67868.0,67868.0,65888.0,-8732.009182509864,4182.137043174861
2026-01-09,1958.9908174901393,0,900,900,0.0,0.0,0.0,0.0,0,0,100,56408.990817490136,56408.990817490136,57290.990817490136,65058.0,65058.0,66038.0,-8747.009182509864,4197.14469324986
2026-01-12,1958.9908174901393,0,900,900,0.0,0.0,0.0,0.0,0,0,100,57299.990817490136,57299.990817490136,56795.990817490136,66048.0,66048.0,65488.0,-8692.009182509864,4142.11664297486
2026-01-13,1958.9908174901393,0,900,900,0.0,0.0,0.0,0.0,0,0,100,56660.990817490136,56660.990817490136,55445.990817490136,65338.0,65338.0,63988.0,-8542.009182509864,3992.0401422248606
2026-01-14,1958.9908174901393,0,900,900,0.0,0.0,0.0,0.0,0,0,100,56048.990817490136,56048.990817490136,55958.990817490136,64658.0,64658.0,64558.0,-8599.009182509864,4049.0692125098603
2026-01-15,1958.9908174901393,0,900,900,0.0,0.0,0.0,0.0,0,0,100,55328.990817490136,55328.990817490136,56669.990817490136,63858.0,63858.0,65348.0,-8678.009182509864,4128.10950290486
2026-01-16,2255.9908174901393,0,900,900,0.0,0.0,0.0,297.0,0,0,100,57335.990817490136,57335.990817490136,58955.990817490136,66088.0,66088.0,67888.0,-8932.009182509864,4052.22221400986
2026-01-19,2255.9908174901393,0,900,900,0.0,0.0,0.0,0.0,0,0,100,58154.990817490136,58154.990817490136,57065.990817490136,66998.0,66998.0,65788.0,-8722.009182509864,3842.115112959861
2026-01-20,2255.9908174901393,0,900,900,0.0,0.0,0.0,0.0,0,0,100,56525.990817490136,56525.990817490136,55958.990817490136,65188.0,65188.0,64558.0,-8599.009182509864,3719.0523823448602
2026-01-21,2255.9908174901393,0,900,900,0.0,0.0,0.0,0.0,0,0,100,55094.990817490136,55094.990817490136,57659.990817490136,63598.0,63598.0,66448.0,-8788.009182509864,3908.1487732898604
2026-01-22,2255.9908174901393,0,900,900,0.0,0.0,0.0,0.0,0,0,100,57776.990817490136,57776.990817490136,58730.990817490136,66578.0,66578.0,67638.0,-8907.009182509864,4027.2094638848603
2026-01-23,2255.9908174901393,0,900,900,0.0,0.0,0.0,0.0,0,0,100,58055.990817490136,58055.990817490136,56354.990817490136,66888.0,66888.0,64998.0,-8643.009182509864,3763.0748225648604
2026-01-26,2255.9908174901393,0,900,900,0.0,0.0,0.0,0.0,0,0,100,56336.990817490136,56336.990817490136,55589.990817490136,64978.0,64978.0,64148.0,-8558.009182509864,3678.031472139861
2026-01-27,2255.9908174901393,0,900,900,0.0,0.0,0.0,0.0,0,0,100,55814.990817490136,55814.990817490136,57128.990817490136,64398.0,64398.0,65858.0,-8729.009182509864,3849.11868299486
2026-01-28,2255.9908174901393,0,900,900,0.0,0.0,0.0,0.0,0,0,100,58325.990817490136,58325.990817490136,56876.990817490136,67188.0,67188.0,65578.0,-8701.009182509864,3821.1044028548604
2026-01-29,2255.9908174901393,0,900,900,0.0,0.0,0.0,0.0,0,0,100,56867.990817490136,56867.990817490136,54095.990817490136,65568.0,65568.0,62488.0,-8392.009182509864,3511.946811309861
2026-01-30,2255.9908174901393,0,900,900,0.0,0.0,0.0,0.0,0,0,100,53555.990817490136,53555.990817490136,54185.990817490136,61888.0,61888.0,62588.0,-8402.009182509864,3521.95191135986
2026-02-02,2255.9908174901393,0,900,900,0.0,0.0,0.0,0.0,0,0,100,53375.990817490136,53375.990817490136,52367.990817490136,61688.0,61688.0,60568.0,-8200.009182509864,3319.84889034986
2026-02-03,2255.9908174901393,0,900,900,0.0,0.0,0.0,0.0,0,0,100,52925.990817490136,52925.990817490136,52430.990817490136,61188.0,61188.0,60638.0,-8207.009182509864,3326.85246038486
2026-02-04,2255.9908174901393,0,900,900,0.0,0.0,0.0,0.0,0,0,100,51476.990817490136,51476.990817490136,50324.990817490136,59578.0,59578.0,58298.0,-7973.009182509864,3092.7331192148604
2026-02-05,2255.9908174901393,0,900,900,0.0,0.0,0.0,0.0,0,0,100,49298.990817490136,49298.990817490136,50747.990817490136,57158.0,57158.0,58768.0,-8020.009182509864,3139.7570894498604
2026-02-06,2255.9908174901393,0,900,900,0.0,0.0,0.0,0.0,0,0,100,49955.990817490136,49955.990817490136,51215.990817490136,57888.0,57888.0,59288.0,-8072.009182509864,3191.78360970986
2026-02-09,2255.9908174901393,0,900,900,0.0,0.0,0.0,0.0,0,0,100,52835.990817490136,52835.990817490136,52223.990817490136,61088.0,61088.0,60408.0,-8184.009182509864,3303.8407302698606
2026-02-10,2255.9908174901393,0,900,900,0.0,0.0,0.0,0.0,0,0,100,52412.990817490136,52412.990817490136,52718.990817490136,60618.0,60618.0,60958.0,-8239.009182509864,3358.868780544861
2026-02-11,2255.9908174901393,0,900,900,0.0,0.0,0.0,0.0,0,0,100,52295.990817490136,52295.990817490136,51935.990817490136,60488.0,60488.0,60088.0,-8152.009182509864,3271.82441010986
2026-02-12,2255.9908174901393,0,900,900,0.0,0.0,0.0,0.0,0,0,100,52070.990817490136,52070.990817490136,52052.990817490136,60238.0,60238.0,60218.0,-8165.009182509864,3284.8310401748604
2026-02-13,2255.9908174901393,0,900,900,0.0,0.0,0.0,0.0,0,0,100,51260.990817490136,51260.990817490136,51530.990817490136,59338.0,59338.0,59638.0,-8107.009182509864,3226.8014598848604
2026-02-24,2255.9908174901393,0,900,900,0.0,0.0,0.0,0.0,0,0,100,52124.990817490136,52124.990817490136,52097.990817490136,60298.0,60298.0,60268.0,-8170.009182509864,3289.83359019986
2026-02-25,2255.9908174901393,0,900,900,0.0,0.0,0.0,0.0,0,0,100,52484.990817490136,52484.990817490136,53906.990817490136,60698.0,60698.0,62278.0,-8371.009182509864,3490.9361012048603
2026-02-26,2255.9908174901393,0,900,900,0.0,0.0,0.0,0.0,0,0,100,53915.990817490136,53915.990817490136,54410.990817490136,62288.0,62288.0,62838.0,-8427.009182509864,3546.9646614848607
2026-02-27,2255.9908174901393,0,900,900,0.0,0.0,0.0,0.0,0,0,100,52925.990817490136,52925.990817490136,52385.990817490136,61188.0,61188.0,60588.0,-8202.009182509864,3321.8499103598606
2026-03-02,2255.9908174901393,0,900,900,0.0,0.0,0.0,0.0,0,0,100,50855.990817490136,50855.990817490136,52232.990817490136,58888.0,58888.0,60418.0,-8185.009182509864,3304.841240274861
2026-03-03,2255.9908174901393,0,900,900,0.0,0.0,0.0,0.0,0,0,100,52511.990817490136,52511.990817490136,51647.990817490136,60728.0,60728.0,59768.0,-8120.009182509864,3239.80808994986
2026-03-04,2255.9908174901393,0,900,900,0.0,0.0,0.0,0.0,0,0,100,50837.990817490136,50837.990817490136,50639.990817490136,58868.0,58868.0,58648.0,-8008.009182509864,3127.750969389861
2026-03-05,2255.9908174901393,0,900,900,0.0,0.0,0.0,0.0,0,0,100,51566.990817490136,51566.990817490136,51845.990817490136,59678.0,59678.0,59988.0,-8142.009182509864,3261.819310059861
2026-03-06,2255.9908174901393,0,900,900,0.0,0.0,0.0,0.0,0,0,100,51575.990817490136,51575.990817490136,51152.990817490136,59688.0,59688.0,59218.0,-8065.009182509864,3184.78003967486
2026-03-09,2255.9908174901393,0,900,900,0.0,0.0,0.0,0.0,0,0,100,49739.990817490136,49739.990817490136,49766.990817490136,57648.0,57648.0,57678.0,-7911.009182509864,3030.7014989048603
2026-03-10,2255.9908174901393,0,900,900,0.0,0.0,0.0,0.0,0,0,100,50522.990817490136,50522.990817490136,51179.990817490136,58518.0,58518.0,59248.0,-8068.009182509864,3187.7815696898606
2026-03-11,2255.9908174901393,0,900,900,0.0,0.0,0.0,0.0,0,0,100,51485.990817490136,51485.990817490136,50756.990817490136,59588.0,59588.0,58778.0,-8021.009182509864,3140.7575994548606
2026-03-12,2255.9908174901393,0,900,900,0.0,0.0,0.0,0.0,0,0,100,50765.990817490136,50765.990817490136,49541.990817490136,58788.0,58788.0,57428.0,-7886.009182509864,3005.6887487798604
2026-03-13,2255.9908174901393,0,900,900,0.0,0.0,0.0,0.0,0,0,100,49073.990817490136,49073.990817490136,49496.990817490136,56908.0,56908.0,57378.0,-7881.009182509864,3000.686198754861
2026-03-16,2255.9908174901393,0,900,900,0.0,0.0,0.0,0.0,0,0,100,49217.990817490136,49217.990817490136,49685.990817490136,57068.0,57068.0,57588.0,-7902.009182509864,3021.69690885986
2026-03-17,2255.9908174901393,0,900,900,0.0,0.0,0.0,0.0,0,0,100,49946.990817490136,49946.990817490136,48065.990817490136,57878.0,57878.0,55788.0,-7722.009182509864,2841.605107959861
2026-03-18,2255.9908174901393,0,900,900,0.0,0.0,0.0,0.0,0,0,100,48425.990817490136,48425.990817490136,49109.990817490136,56188.0,56188.0,56948.0,-7838.009182509864,2957.664268539861
2026-03-19,2255.9908174901393,0,900,900,0.0,0.0,0.0,0.0,0,0,100,48155.990817490136,48155.990817490136,47669.990817490136,55888.0,55888.0,55348.0,-7678.009182509864,2797.582667739861
2026-03-20,2255.9908174901393,0,900,900,0.0,0.0,0.0,0.0,0,0,100,48137.990817490136,48137.990817490136,47525.990817490136,55868.0,55868.0,55188.0,-7662.009182509864,2781.5745076598605
2026-03-23,2255.9908174901393,0,900,900,0.0,0.0,0.0,0.0,0,0,100,46310.990817490136,46310.990817490136,45095.990817490136,53838.0,53838.0,52488.0,-7392.009182509864,2511.436806309861
2026-03-24,2255.9908174901393,0,900,900,0.0,0.0,0.0,0.0,0,0,100,45968.990817490136,45968.990817490136,46211.990817490136,53458.0,53458.0,53728.0,-7516.009182509864,2635.500046929861
2026-03-25,2255.9908174901393,0,900,900,0.0,0.0,0.0,0.0,0,0,100,46706.990817490136,46706.990817490136,47534.990817490136,54278.0,54278.0,55198.0,-7663.009182509864,2782.57501766486
2026-03-26,2255.9908174901393,0,900,900,0.0,0.0,0.0,0.0,0,0,100,47255.990817490136,47255.990817490136,47021.990817490136,54888.0,54888.0,54628.0,-7606.009182509864,2725.545947379861
2026-03-27,2255.9908174901393,0,900,900,0.0,0.0,0.0,0.0,0,0,100,46022.990817490136,46022.990817490136,46832.990817490136,53518.0,53518.0,54418.0,-7585.009182509864,2704.5352372748603
2026-03-30,2255.9908174901393,0,900,900,0.0,0.0,0.0,0.0,0,0,100,45869.990817490136,45869.990817490136,46598.990817490136,53348.0,53348.0,54158.0,-7559.009182509864,2678.52197714486
2026-03-31,2255.9908174901393,0,900,900,0.0,0.0,0.0,0.0,0,0,100,46355.990817490136,46355.990817490136,48569.990817490136,53888.0,53888.0,56348.0,-7778.009182509864,2897.6336682398605
2026-04-01,2255.9908174901393,0,900,900,0.0,0.0,0.0,0.0,0,0,100,49955.990817490136,49955.990817490136,50243.990817490136,57888.0,57888.0,58208.0,-7964.009182509864,3083.72852916986
2026-04-02,2255.9908174901393,0,900,900,0.0,0.0,0.0,0.0,0,0,100,49649.990817490136,49649.990817490136,49055.990817490136,57548.0,57548.0,56888.0,-7832.009182509864,2951.6612085098604
2026-04-03,2255.9908174901393,0,900,900,0.0,0.0,0.0,0.0,0,0,100,49595.990817490136,49595.990817490136,49217.990817490136,57488.0,57488.0,57068.0,-7850.009182509864,2969.6703885998604
2026-04-07,2255.9908174901393,0,900,900,0.0,0.0,0.0,0.0,0,0,100,49937.990817490136,49937.990817490136,49577.990817490136,57868.0,57868.0,57468.0,-7890.009182509864,3009.6907887998605
2026-04-08,2255.9908174901393,0,900,900,0.0,0.0,0.0,0.0,0,0,100,50999.990817490136,50999.990817490136,53204.990817490136,59048.0,59048.0,61498.0,-8293.009182509864,3412.8963208148607
2026-04-09,2255.9908174901393,0,900,900,0.0,0.0,0.0,0.0,0,0,100,51755.990817490136,51755.990817490136,51773.990817490136,59888.0,59888.0,59908.0,-8134.009182509864,3253.81523001986
2026-04-10,2255.9908174901393,0,900,900,0.0,0.0,0.0,0.0,0,0,100,52295.990817490136,52295.990817490136,53123.990817490136,60488.0,60488.0,61408.0,-8284.009182509864,3403.891730769861
2026-04-13,2255.9908174901393,0,900,900,0.0,0.0,0.0,0.0,0,0,100,52655.990817490136,52655.990817490136,52385.990817490136,60888.0,60888.0,60588.0,-8202.009182509864,3321.8499103598606
2026-04-14,2255.9908174901393,0,900,900,0.0,0.0,0.0,0.0,0,0,100,53078.990817490136,53078.990817490136,55283.990817490136,61358.0,61358.0,63808.0,-8524.009182509864,3644.0141319698605
2026-04-15,2255.9908174901393,0,900,900,0.0,0.0,0.0,0.0,0,0,100,55679.990817490136,55679.990817490136,54293.990817490136,64248.0,64248.0,62708.0,-8414.009182509864,3533.95803141986
2026-04-16,2255.9908174901393,0,900,900,0.0,0.0,0.0,0.0,0,0,100,54446.990817490136,54446.990817490136,55643.990817490136,62878.0,62878.0,64208.0,-8564.009182509864,3684.0345321698605
2026-04-17,2255.9908174901393,0,900,900,0.0,0.0,0.0,0.0,0,0,100,55895.990817490136,55895.990817490136,57128.990817490136,64488.0,64488.0,65858.0,-8729.009182509864,3849.11868299486
2026-04-20,2255.9908174901393,0,900,900,0.0,0.0,0.0,0.0,0,0,100,57956.990817490136,57956.990817490136,57614.990817490136,66778.0,66778.0,66398.0,-8783.009182509864,3903.146223264861
2026-04-21,2255.9908174901393,0,900,900,0.0,0.0,0.0,0.0,0,0,100,57128.990817490136,57128.990817490136,57524.990817490136,65858.0,65858.0,66298.0,-8773.009182509864,3893.1411232148603
2026-04-22,2255.9908174901393,0,900,900,0.0,0.0,0.0,0.0,0,0,100,57326.990817490136,57326.990817490136,62456.990817490136,66078.0,66078.0,71778.0,-9321.009182509864,4441.42060595486
2026-04-23,2255.9908174901393,0,900,900,0.0,0.0,0.0,0.0,0,0,100,62537.990817490136,62537.990817490136,63383.990817490136,71868.0,71868.0,72808.0,-9424.009182509864,4544.47313646986
2026-04-24,2255.9908174901393,0,900,900,0.0,0.0,0.0,0.0,0,0,100,62168.990817490136,62168.990817490136,60764.99081749015,71458.0,71458.0,69898.0,-9133.00918250985,4253.324725014861
2026-04-27,2255.9908174901393,0,900,900,0.0,0.0,0.0,0.0,0,0,100,61664.99081749015,61664.99081749015,62780.990817490136,70898.0,70898.0,72138.0,-9357.009182509864,4477.43896613486
2026-04-28,2255.9908174901393,0,900,900,0.0,0.0,0.0,0.0,0,0,100,62780.990817490136,62780.990817490136,63635.990817490136,72138.0,72138.0,73088.0,-9452.009182509864,4572.487416609861
2026-04-29,2255.9908174901393,0,900,900,0.0,0.0,0.0,0.0,0,0,100,63248.990817490136,63248.990817490136,61889.99081749015,72658.0,72658.0,71148.0,-9258.00918250985,4378.388475639861
2026-04-30,2255.9908174901393,0,900,900,0.0,0.0,0.0,0.0,0,0,100,61565.99081749015,61565.99081749015,58847.990817490136,70788.0,70788.0,67768.0,-8920.009182509864,4040.21609394986
2026-05-06,2255.9908174901393,0,900,900,0.0,0.0,0.0,0.0,0,0,100,59207.990817490136,59207.990817490136,59027.990817490136,68168.0,68168.0,67968.0,-8940.009182509864,4060.2262940498604
2026-05-07,2255.9908174901393,0,900,900,0.0,0.0,0.0,0.0,0,0,100,59936.990817490136,59936.990817490136,60017.99081749015,68978.0,68978.0,69068.0,-9050.00918250985,4170.282394599862
2026-05-08,2255.9908174901393,0,900,900,0.0,0.0,0.0,0.0,0,0,100,58955.990817490136,58955.990817490136,59207.990817490136,67888.0,67888.0,68168.0,-8960.009182509864,4080.236494149861
2026-05-11,2255.9908174901393,0,900,900,0.0,0.0,0.0,0.0,0,0,100,60035.990817490136,60035.990817490136,61520.990817490136,69088.0,69088.0,70738.0,-9217.009182509864,4337.367565434859
2026-05-12,2255.9908174901393,0,900,900,0.0,0.0,0.0,0.0,0,0,100,61538.99081749015,61538.99081749015,60215.99081749015,70758.0,70758.0,69288.0,-9072.00918250985,4192.293614709861
2026-05-13,2255.9908174901393,0,900,900,0.0,0.0,0.0,0.0,0,0,100,59945.990817490136,59945.990817490136,66011.99081749014,68988.0,68988.0,75728.0,-9716.009182509864,4836.622057929861
2026-05-14,2255.9908174901393,0,900,900,0.0,0.0,0.0,0.0,0,0,100,68855.99081749014,68855.99081749014,63995.990817490136,78888.0,78888.0,73488.0,-9492.009182509864,4612.507816809859
2026-05-15,2255.9908174901393,0,900,900,0.0,0.0,0.0,0.0,0,0,100,64805.990817490136,64805.990817490136,63113.99081749015,74388.0,74388.0,72508.0,-9394.00918250985,4514.45783631986
2026-05-18,2255.9908174901393,0,900,900,0.0,0.0,0.0,0.0,0,0,100,61547.990817490136,61547.990817490136,64337.990817490136,70768.0,70768.0,73868.0,-9530.009182509864,4650.52719699986
2026-05-19,2255.9908174901393,0,900,900,0.0,0.0,0.0,0.0,0,0,100,63725.990817490136,63725.990817490136,63959.990817490136,73188.0,73188.0,73448.0,-9488.009182509864,4608.505776789861
2026-05-20,2255.9908174901393,0,900,900,0.0,0.0,0.0,0.0,0,0,100,63635.990817490136,63635.990817490136,63590.99081749015,73088.0,73088.0,73038.0,-9447.00918250985,4567.484866584861
2026-05-21,2255.9908174901393,0,900,900,0.0,0.0,0.0,0.0,0,0,100,64535.990817490136,64535.990817490136,61205.990817490136,74088.0,74088.0,70388.0,-9182.009182509864,4302.34971525986
2026-05-22,2255.9908174901393,0,900,900,0.0,0.0,0.0,0.0,0,0,100,61754.990817490136,61754.990817490136,62699.990817490136,70998.0,70998.0,72048.0,-9348.009182509864,4468.43437608986
2026-05-25,2255.9908174901393,0,900,900,0.0,0.0,0.0,0.0,0,0,100,63455.990817490136,63455.990817490136,65525.990817490136,72888.0,72888.0,75188.0,-9662.009182509864,4782.59451765986
2026-05-26,2255.9908174901393,0,900,900,0.0,0.0,0.0,0.0,0,0,100,65129.990817490136,65129.990817490136,65237.990817490136,74748.0,74748.0,74868.0,-9630.009182509864,4750.578197499861
2026-05-27,2255.9908174901393,0,900,900,0.0,0.0,0.0,0.0,0,0,100,65165.99081749015,65165.99081749015,65327.990817490136,74788.0,74788.0,74968.0,-9640.009182509864,4760.583297549861
2026-05-28,2255.9908174901393,0,900,900,0.0,0.0,0.0,0.0,0,0,100,65255.990817490136,65255.990817490136,69755.99081749014,74888.0,74888.0,79888.0,-10132.009182509864,5252.8342200098605
2026-05-29,2255.9908174901393,0,900,900,0.0,0.0,0.0,0.0,0,0,100,73130.99081749014,73130.99081749014,68315.99081749014,83638.0,83638.0,78288.0,-9972.009182509864,5092.75261920986
2026-06-01,2255.9908174901393,0,900,900,0.0,0.0,0.0,0.0,0,0,100,69935.99081749014,69935.99081749014,68630.99081749014,80088.0,80088.0,78638.0,-10007.009182509864,5127.770469384861
2026-06-02,2255.9908174901393,0,900,900,0.0,0.0,0.0,0.0,0,0,100,69755.99081749014,69755.99081749014,74264.99081749014,79888.0,79888.0,84898.0,-10633.009182509864,5754.089732514861
2026-06-03,2255.9908174901393,0,900,900,0.0,0.0,0.0,0.0,0,0,100,74210.99081749014,74210.99081749014,75200.99081749014,84838.0,84838.0,85938.0,-10737.009182509864,5858.1427730348605
2026-06-04,2255.9908174901393,0,900,900,0.0,0.0,0.0,0.0,0,0,100,74255.99081749014,74255.99081749014,72950.99081749014,84888.0,84888.0,83438.0,-10487.009182509864,5608.0152717848605
2026-06-05,2255.9908174901393,0,900,900,0.0,0.0,0.0,0.0,0,0,100,72005.99081749014,72005.99081749014,68909.99081749014,82388.0,82388.0,78948.0,-10038.009182509864,5158.7862795398605
2026-06-08,2255.9908174901393,0,900,900,0.0,0.0,0.0,0.0,0,0,100,65246.990817490136,65246.990817490136,65687.99081749014,74878.0,74878.0,75368.0,-9680.009182509864,4800.60369774986
2026-06-09,2255.9908174901393,0,900,900,0.0,0.0,0.0,0.0,0,0,100,67046.99081749014,67046.99081749014,69521.99081749014,76878.0,76878.0,79628.0,-10106.009182509864,5226.820959879859
2026-06-10,2255.9908174901393,0,900,900,0.0,0.0,0.0,0.0,0,0,100,67865.99081749014,67865.99081749014,66272.99081749014,77788.0,77788.0,76018.0,-9745.009182509864,4865.636848074861
2026-06-11,2255.9908174901393,0,900,900,0.0,0.0,0.0,0.0,0,0,100,65093.990817490136,65093.990817490136,64823.990817490136,74708.0,74708.0,74408.0,-9584.009182509864,4704.55473726986
2026-06-12,2255.9908174901393,0,900,900,0.0,0.0,0.0,0.0,0,0,100,67001.99081749014,67001.99081749014,65372.990817490136,76828.0,76828.0,75018.0,-9645.009182509864,4765.58584757486
2026-06-15,2255.9908174901393,0,900,900,0.0,0.0,0.0,0.0,0,0,100,66578.99081749014,66578.99081749014,68315.99081749014,76358.0,76358.0,78288.0,-9972.009182509864,5092.75261920986
2026-06-16,2255.9908174901393,0,900,900,0.0,0.0,0.0,0.0,0,0,100,68315.99081749014,68315.99081749014,67865.99081749014,78288.0,78288.0,77788.0,-9922.009182509864,5042.727118959861
2026-06-17,2255.9908174901393,0,900,900,0.0,0.0,0.0,0.0,0,0,100,66785.99081749014,66785.99081749014,67631.99081749014,76588.0,76588.0,77528.0,-9896.009182509864,5016.71385882986
2026-06-18,2255.9908174901393,0,900,900,0.0,0.0,0.0,0.0,0,0,100,67055.99081749014,67055.99081749014,72527.99081749014,76888.0,76888.0,82968.0,-10440.009182509864,5560.9913015498605
2026-06-22,2255.9908174901393,0,900,900,0.0,0.0,0.0,0.0,0,0,100,72527.99081749014,72527.99081749014,73247.99081749014,82968.0,82968.0,83768.0,-10520.009182509864,5641.032101949861
2026-06-23,2255.9908174901393,0,900,900,0.0,0.0,0.0,0.0,0,0,100,73247.99081749014,73247.99081749014,68945.99081749014,83768.0,83768.0,78988.0,-10042.009182509864,5162.78831955986
2026-06-24,2255.9908174901393,0,900,900,0.0,0.0,0.0,0.0,0,0,100,67955.99081749014,67955.99081749014,71357.99081749014,77888.0,77888.0,81668.0,-10310.009182509864,5430.925000899861
2026-06-25,2255.9908174901393,0,900,900,0.0,0.0,0.0,0.0,0,0,100,72086.99081749014,72086.99081749014,71546.99081749014,82478.0,82478.0,81878.0,-10331.009182509864,5451.9357110048595
2026-06-26,2255.9908174901393,0,900,900,0.0,0.0,0.0,0.0,0,0,100,69755.99081749014,69755.99081749014,65453.990817490136,79888.0,79888.0,75108.0,-9654.009182509864,4774.5904376198605
2026-06-29,2255.9908174901393,0,900,900,0.0,0.0,0.0,0.0,0,0,100,64625.990817490136,64625.990817490136,64904.990817490136,74188.0,74188.0,74498.0,-9593.009182509864,4713.559327314861
2026-06-30,2255.9908174901393,0,900,900,0.0,0.0,0.0,0.0,0,0,100,64859.990817490136,64859.990817490136,67190.99081749015,74448.0,74448.0,77038.0,-9847.00918250985,4967.688868584861
2026-07-01,2255.9908174901393,0,900,900,0.0,0.0,0.0,0.0,0,0,100,67955.99081749014,67955.99081749014,65255.990817490136,77888.0,77888.0,74888.0,-9632.009182509864,4752.57921750986
2026-07-02,2255.9908174901393,0,900,900,0.0,0.0,0.0,0.0,0,0,100,62969.990817490136,62969.990817490136,59873.990817490136,72348.0,72348.0,68908.0,-9034.009182509864,4154.27423451986
2026-07-03,2255.9908174901393,0,900,900,0.0,0.0,0.0,0.0,0,0,100,59405.990817490136,59405.990817490136,60503.990817490136,68388.0,68388.0,69608.0,-9104.009182509864,4224.309934869861
2026-07-06,2255.9908174901393,0,900,900,0.0,0.0,0.0,0.0,0,0,100,61448.990817490136,61448.990817490136,59486.990817490136,70658.0,70658.0,68478.0,-8991.009182509864,4111.2523043048595
2026-07-07,2255.9908174901393,0,900,900,0.0,0.0,0.0,0.0,0,0,100,59108.990817490136,59108.990817490136,59657.990817490136,68058.0,68058.0,68668.0,-9010.009182509864,4130.26199439986
2026-07-08,2255.9908174901393,0,900,900,0.0,0.0,0.0,0.0,0,0,100,60755.990817490136,60755.990817490136,61664.99081749015,69888.0,69888.0,70898.0,-9233.00918250985,4353.375725514861
2026-07-09,2255.9908174901393,0,900,900,0.0,0.0,0.0,0.0,0,0,100,62204.990817490136,62204.990817490136,64832.990817490136,71498.0,71498.0,74418.0,-9585.009182509864,4705.55524727486
2026-07-10,2255.9908174901393,0,900,900,0.0,0.0,0.0,0.0,0,0,100,66155.99081749014,66155.99081749014,61898.990817490136,75888.0,75888.0,71158.0,-9259.009182509864,4379.38898564486
2026-07-13,2255.9908174901393,0,900,900,0.0,0.0,0.0,0.0,0,0,100,61025.990817490136,61025.990817490136,59027.990817490136,70188.0,70188.0,67968.0,-8940.009182509864,4060.2262940498604
2026-07-14,2255.9908174901393,0,900,900,0.0,0.0,0.0,0.0,0,0,100,58865.990817490136,58865.990817490136,61295.990817490136,67788.0,67788.0,70488.0,-9192.009182509864,4312.354815309859
2026-07-15,2255.9908174901393,0,900,900,0.0,0.0,0.0,0.0,0,0,100,61547.990817490136,61547.990817490136,59513.990817490136,70768.0,70768.0,68508.0,-8994.009182509864,4114.25383431986
2026-07-16,2255.9908174901393,0,900,900,0.0,0.0,0.0,0.0,0,0,100,58370.990817490136,58370.990817490136,58973.990817490136,67238.0,67238.0,67908.0,-8934.009182509864,4054.2232340198607
2026-07-17,2255.9908174901393,0,900,900,0.0,0.0,0.0,0.0,0,0,100,58073.990817490136,58073.990817490136,54086.990817490136,66908.0,66908.0,62478.0,-8391.009182509864,3510.9463013048608
2026-07-20,2255.9908174901393,0,900,900,0.0,0.0,0.0,0.0,0,0,100,55247.990817490136,55247.990817490136,53105.990817490136,63768.0,63768.0,61388.0,-8282.009182509864,3401.8907107598607
2026-07-21,2255.9908174901393,0,900,900,0.0,0.0,0.0,0.0,0,0,100,54005.990817490136,54005.990817490136,57137.990817490136,62388.0,62388.0,65868.0,-8730.009182509864,3850.1191929998604
2026-07-22,2255.9908174901393,0,900,900,0.0,0.0,0.0,0.0,0,0,100,56489.990817490136,56489.990817490136,56894.990817490136,65148.0,65148.0,65598.0,-8703.009182509864,3823.105422864861
2026-07-23,2255.9908174901393,0,900,900,0.0,0.0,0.0,0.0,0,0,100,58046.990817490136,58046.990817490136,58847.990817490136,66878.0,66878.0,67768.0,-8920.009182509864,4040.21609394986
2026-07-24,2255.9908174901393,0,900,900,0.0,0.0,0.0,0.0,0,0,100,57200.990817490136,57200.990817490136,56480.990817490136,65938.0,65938.0,65138.0,-8657.009182509864,3777.0819626348602
2026-07-27,2255.9908174901393,0,900,900,0.0,0.0,0.0,0.0,0,0,100,56147.990817490136,56147.990817490136,57650.990817490136,64768.0,64768.0,66438.0,-8787.009182509864,3907.14826328486
2026-07-28,2255.9908174901393,0,900,900,0.0,0.0,0.0,0.0,0,0,100,55247.990817490136,55247.990817490136,54527.990817490136,63768.0,63768.0,62968.0,-8440.009182509864,3559.9712915498603
2026-07-29,2255.9908174901393,0,900,900,0.0,0.0,0.0,0.0,0,0,100,54527.990817490136,54527.990817490136,54230.990817490136,62968.0,62968.0,62638.0,-8407.009182509864,3526.95446138486
2026-07-30,2255.9908174901393,0,900,900,0.0,0.0,0.0,0.0,0,0,100,53555.990817490136,53555.990817490136,50675.990817490136,61888.0,61888.0,58688.0,-8012.009182509864,3131.75300940986
2026-07-31,2255.9908174901393,0,900,900,0.0,0.0,0.0,0.0,0,0,100,53681.990817490136,53681.990817490136,53285.990817490136,62028.0,62028.0,61588.0,-8302.009182509864,3421.900910859861
2026-08-03,2840.9908174901393,0,900,900,0.0,0.0,0.0,585.0,0,0,100,52817.990817490136,52817.990817490136,53150.990817490136,61068.0,61068.0,61438.0,-8287.009182509864,2756.860110459861
2026-08-04,2840.9908174901393,0,900,900,0.0,0.0,0.0,0.0,0,0,100,53969.990817490136,53969.990817490136,56777.990817490136,62348.0,62348.0,65468.0,-8690.009182509864,3160.0656424748604
2026-08-05,2840.9908174901393,0,900,900,0.0,0.0,0.0,0.0,0,0,100,55940.990817490136,55940.990817490136,62168.990817490136,64538.0,64538.0,71458.0,-9289.009182509864,3759.37113546986
2026-08-06,2840.9908174901393,0,900,900,0.0,0.0,0.0,0.0,0,0,100,61835.990817490136,61835.990817490136,64283.990817490136,71088.0,71088.0,73808.0,-9524.009182509864,3994.4909866448606
2026-08-07,2840.9908174901393,0,900,900,0.0,0.0,0.0,0.0,0,0,100,64283.990817490136,64283.990817490136,64202.99081749015,73808.0,73808.0,73718.0,-9515.00918250985,3985.486396599861
2026-08-10,2840.9908174901393,0,900,900,0.0,0.0,0.0,0.0,0,0,100,64940.990817490136,64940.990817490136,65102.99081749015,74538.0,74538.0,74718.0,-9615.00918250985,4085.5373970998617
2026-08-11,2840.9908174901393,0,900,900,0.0,0.0,0.0,0.0,0,0,100,63977.99081749015,63977.99081749015,62249.99081749015,73468.0,73468.0,71548.0,-9298.00918250985,3768.375725514861
2026-08-12,2840.9908174901393,0,900,900,0.0,0.0,0.0,0.0,0,0,100,62654.990817490136,62654.990817490136,61880.990817490136,71998.0,71998.0,71138.0,-9257.009182509864,3727.354815309859
2026-08-13,2840.9908174901393,0,900,900,0.0,0.0,0.0,0.0,0,0,100,64031.990817490136,64031.990817490136,61547.990817490136,73528.0,73528.0,70768.0,-9220.009182509864,3690.3359451248607
2026-08-14,2840.9908174901393,0,900,900,0.0,0.0,0.0,0.0,0,0,100,61880.990817490136,61880.990817490136,62411.990817490136,71138.0,71138.0,71728.0,-9316.009182509864,3786.3849056048603
2026-08-17,2840.9908174901393,0,900,900,0.0,0.0,0.0,0.0,0,0,100,63140.990817490136,63140.990817490136,64247.990817490136,72538.0,72538.0,73768.0,-9520.009182509864,3990.4889466248596
2026-08-18,2840.9908174901393,0,900,900,0.0,0.0,0.0,0.0,0,0,100,63770.990817490136,63770.990817490136,62420.990817490136,73238.0,73238.0,71738.0,-9317.009182509864,3787.3854156098605
2026-08-19,2840.9908174901393,0,900,900,0.0,0.0,0.0,0.0,0,0,100,60530.990817490136,60530.990817490136,58487.990817490136,69638.0,69638.0,67368.0,-8880.009182509864,3350.16254342486
2026-08-20,2840.9908174901393,0,900,900,0.0,0.0,0.0,0.0,0,0,100,59090.990817490136,59090.990817490136,58757.990817490136,68038.0,68038.0,67668.0,-8910.009182509864,3380.17784357486
2026-08-21,2840.9908174901393,0,900,900,0.0,0.0,0.0,0.0,0,0,100,58325.990817490136,58325.990817490136,59396.990817490136,67188.0,67188.0,68378.0,-8981.009182509864,3451.2140539298607
2026-08-24,2840.9908174901393,0,900,900,0.0,0.0,0.0,0.0,0,0,100,59270.990817490136,59270.990817490136,57200.990817490136,68238.0,68238.0,65938.0,-8737.009182509864,3207.0896127098604
2026-08-25,2840.9908174901393,0,900,900,0.0,0.0,0.0,0.0,0,0,100,55715.990817490136,55715.990817490136,56975.990817490136,64288.0,64288.0,65688.0,-8712.009182509864,3182.0768625848605
2026-08-26,2840.9908174901393,0,900,900,0.0,0.0,0.0,0.0,0,0,100,57020.990817490136,57020.990817490136,57353.990817490136,65738.0,65738.0,66108.0,-8754.009182509864,3224.09828279486
2026-08-27,2840.9908174901393,0,900,900,0.0,0.0,0.0,0.0,0,0,100,58640.990817490136,58640.990817490136,60314.990817490136,67538.0,67538.0,69398.0,-9083.009182509864,3553.26607443986
2026-08-28,2840.9908174901393,0,900,900,0.0,0.0,0.0,0.0,0,0,100,60476.99081749015,60476.99081749015,60476.99081749015,69578.0,69578.0,69578.0,-9101.00918250985,3571.275254529861
2026-08-31,2840.9908174901393,0,900,900,0.0,0.0,0.0,0.0,0,0,100,59675.990817490136,59675.990817490136,61196.990817490136,68688.0,68688.0,70378.0,-9181.009182509864,3651.31605492986
2026-09-01,2840.9908174901393,0,900,900,0.0,0.0,0.0,0.0,0,0,100,60755.990817490136,60755.990817490136,59486.990817490136,69888.0,69888.0,68478.0,-8991.009182509864,3461.2191539798605
2026-09-02,2840.9908174901393,0,900,900,0.0,0.0,0.0,0.0,0,0,100,58388.990817490136,58388.990817490136,58460.990817490136,67258.0,67258.0,67338.0,-8877.009182509864,3347.16101340986
2026-09-03,2840.9908174901393,0,900,900,0.0,0.0,0.0,0.0,0,0,100,59540.990817490136,59540.990817490136,59720.990817490136,68538.0,68538.0,68738.0,-9017.009182509864,3487.2324141098607
2026-09-04,2840.9908174901393,0,900,900,0.0,0.0,0.0,0.0,0,0,100,60296.990817490136,60296.990817490136,60161.990817490136,69378.0,69378.0,69228.0,-9066.009182509864,3536.2574043548602
2026-09-07,2840.9908174901393,0,900,900,0.0,0.0,0.0,0.0,0,0,100,60980.990817490136,60980.990817490136,62753.990817490136,70138.0,70138.0,72108.0,-9354.009182509864,3824.40428579486
2026-09-08,2840.9908174901393,0,900,900,0.0,0.0,0.0,0.0,0,0,100,62510.990817490136,62510.990817490136,61115.990817490136,71838.0,71838.0,70288.0,-9172.009182509864,3642.3114648848596
2026-09-09,2840.9908174901393,0,900,900,0.0,0.0,0.0,0.0,0,0,100,61250.99081749015,61250.99081749015,61556.990817490136,70438.0,70438.0,70778.0,-9221.009182509864,3691.336455129859
2026-09-10,2840.9908174901393,0,900,900,0.0,0.0,0.0,0.0,0,0,100,60890.990817490136,60890.990817490136,60359.990817490136,70038.0,70038.0,69448.0,-9088.009182509864,3558.2686244648603
2026-09-11,2840.9908174901393,0,900,900,0.0,0.0,0.0,0.0,0,0,100,59234.990817490136,59234.990817490136,60503.990817490136,68198.0,68198.0,69608.0,-9104.009182509864,3574.2767845448598
